ISO-10303-21;
HEADER;
FILE_DESCRIPTION((''),'2;1');
FILE_NAME('AV031LVEA2','2014-12-22T',('brevel'),(''),
'PRO/ENGINEER BY PARAMETRIC TECHNOLOGY CORPORATION, 2013410',
'PRO/ENGINEER BY PARAMETRIC TECHNOLOGY CORPORATION, 2013410','');
FILE_SCHEMA(('CONFIG_CONTROL_DESIGN'));
ENDSEC;
DATA;
#1=CARTESIAN_POINT('',(0.E0,0.E0,0.E0));
#2=DIRECTION('',(0.E0,1.E0,0.E0));
#3=DIRECTION('',(1.E0,0.E0,0.E0));
#4=AXIS2_PLACEMENT_3D('',#1,#2,#3);
#6=CARTESIAN_POINT('',(0.E0,0.E0,0.E0));
#7=DIRECTION('',(0.E0,1.E0,0.E0));
#8=DIRECTION('',(-1.E0,0.E0,0.E0));
#9=AXIS2_PLACEMENT_3D('',#6,#7,#8);
#11=DIRECTION('',(3.375077994861E-14,1.E0,0.E0));
#12=VECTOR('',#11,2.E0);
#13=CARTESIAN_POINT('',(9.15E0,0.E0,0.E0));
#14=LINE('',#13,#12);
#15=DIRECTION('',(-3.375077994861E-14,1.E0,0.E0));
#16=VECTOR('',#15,2.E0);
#17=CARTESIAN_POINT('',(-9.15E0,0.E0,0.E0));
#18=LINE('',#17,#16);
#19=CARTESIAN_POINT('',(0.E0,2.E0,0.E0));
#20=DIRECTION('',(0.E0,-1.E0,0.E0));
#21=DIRECTION('',(1.E0,0.E0,0.E0));
#22=AXIS2_PLACEMENT_3D('',#19,#20,#21);
#24=DIRECTION('',(-8.660254037847E-1,4.999999999995E-1,0.E0));
#25=VECTOR('',#24,1.270170592218E0);
#26=CARTESIAN_POINT('',(-9.15E0,2.E0,0.E0));
#27=LINE('',#26,#25);
#28=DIRECTION('',(0.E0,0.E0,-1.E0));
#29=VECTOR('',#28,9.165151389912E0);
#30=CARTESIAN_POINT('',(1.E1,1.546E1,4.582575694956E0));
#31=LINE('',#30,#29);
#32=CARTESIAN_POINT('',(9.999999612015E0,5.164364982511E0,-4.406249585628E0));
#33=CARTESIAN_POINT('',(9.999999612015E0,5.138115759355E0,-4.388806259777E0));
#34=CARTESIAN_POINT('',(1.000000007125E1,5.085697523421E0,-4.353802369085E0));
#35=CARTESIAN_POINT('',(1.000000033261E1,5.007322506471E0,-4.300915131303E0));
#36=CARTESIAN_POINT('',(9.999999176422E0,4.955239172140E0,-4.265415432401E0));
#37=CARTESIAN_POINT('',(9.999999176422E0,4.929243234246E0,-4.247598502838E0));
#39=CARTESIAN_POINT('',(9.999999845753E0,4.291055394085E0,-3.788873170573E0));
#40=CARTESIAN_POINT('',(9.999999845753E0,4.223861064270E0,-3.738056799445E0));
#41=CARTESIAN_POINT('',(1.000000056795E1,4.092837233227E0,-3.637179137519E0));
#42=CARTESIAN_POINT('',(9.999998243547E0,3.906416806821E0,-3.488325645403E0));
#43=CARTESIAN_POINT('',(1.000000371976E1,3.788612797211E0,-3.390629587087E0));
#44=CARTESIAN_POINT('',(1.000000371976E1,3.731357305573E0,-3.342231366117E0));
#46=CARTESIAN_POINT('',(9.999996982080E0,3.416105173209E0,-3.065358765826E0));
#47=CARTESIAN_POINT('',(9.999996982080E0,3.313009423569E0,-2.971101782378E0));
#48=CARTESIAN_POINT('',(1.000000275169E1,3.117937960941E0,-2.784784833427E0));
#49=CARTESIAN_POINT('',(9.999994895959E0,2.858492864172E0,-2.513136049758E0));
#50=CARTESIAN_POINT('',(1.000001007497E1,2.706159284435E0,-2.336710752777E0));
#51=CARTESIAN_POINT('',(1.000001007497E1,2.635108008842E0,-2.249981485158E0));
#53=CARTESIAN_POINT('',(1.000001007497E1,2.635108008842E0,-2.249981485158E0));
#54=CARTESIAN_POINT('',(1.000001007497E1,2.603567975168E0,-2.001101450943E0));
#55=CARTESIAN_POINT('',(9.999992111989E0,2.550058078669E0,-1.502823280861E0));
#56=CARTESIAN_POINT('',(1.000001249558E1,2.502056871723E0,-7.519271638680E-1));
#57=CARTESIAN_POINT('',(9.999976102310E0,2.490706339468E0,-2.508272073586E-1));
#58=CARTESIAN_POINT('',(9.999976102310E0,2.490706339468E0,-3.058438665063E-8));
#60=CARTESIAN_POINT('',(9.999976102310E0,2.490706339468E0,-3.058438665063E-8));
#61=CARTESIAN_POINT('',(9.999976102310E0,2.490706339468E0,2.434013658051E-1));
#62=CARTESIAN_POINT('',(1.000001115226E1,2.501045198186E0,7.346008645281E-1));
#63=CARTESIAN_POINT('',(9.999996813641E0,2.548659044595E0,1.484325040177E0));
#64=CARTESIAN_POINT('',(1.E1,2.602550968417E0,1.993289394371E0));
#65=CARTESIAN_POINT('',(1.E1,2.635085296109E0,2.25E0));
#67=CARTESIAN_POINT('',(1.E1,2.635085296109E0,2.25E0));
#68=CARTESIAN_POINT('',(1.E1,2.700267292328E0,2.329564888130E0));
#69=CARTESIAN_POINT('',(1.000000005412E1,2.838833728648E0,2.490648083498E0));
#70=CARTESIAN_POINT('',(9.999999810589E0,3.071480216656E0,2.737261233036E0));
#71=CARTESIAN_POINT('',(1.000000040588E1,3.244250633357E0,2.905494710540E0));
#72=CARTESIAN_POINT('',(1.000000040588E1,3.335051763180E0,2.990414804629E0));
#74=CARTESIAN_POINT('',(9.999997490939E0,3.611614444047E0,3.239596583859E0));
#75=CARTESIAN_POINT('',(9.999997490939E0,3.670707732588E0,3.290973807583E0));
#76=CARTESIAN_POINT('',(1.000000101742E1,3.792450405347E0,3.394608183743E0));
#77=CARTESIAN_POINT('',(1.000000020261E1,3.985767114639E0,3.552495497139E0));
#78=CARTESIAN_POINT('',(9.999998848956E0,4.122100116569E0,3.659498692207E0));
#79=CARTESIAN_POINT('',(9.999998848956E0,4.192126930557E0,3.713399574210E0));
#81=CARTESIAN_POINT('',(1.000000008188E1,4.779646981423E0,4.143994143840E0));
#82=CARTESIAN_POINT('',(1.000000008188E1,4.809596046880E0,4.164956003592E0));
#83=CARTESIAN_POINT('',(9.999999725584E0,4.869621827112E0,4.206692398048E0));
#84=CARTESIAN_POINT('',(1.000000083763E1,4.960019815475E0,4.268785729641E0));
#85=CARTESIAN_POINT('',(9.999998228471E0,5.020523838407E0,4.309815680911E0));
#86=CARTESIAN_POINT('',(9.999998228471E0,5.050832272701E0,4.330252886692E0));
#88=DIRECTION('',(2.107543166733E-6,-9.999999999968E-1,1.370871427592E-6));
#89=VECTOR('',#88,1.131581148456E-1);
#90=CARTESIAN_POINT('',(9.999999128146E0,5.988189697349E0,4.582575268625E0));
#91=LINE('',#90,#89);
#92=CARTESIAN_POINT('',(9.999999366631E0,5.875031582504E0,4.582575423750E0));
#93=CARTESIAN_POINT('',(9.969951915157E0,5.873987841338E0,4.648156361382E0));
#94=CARTESIAN_POINT('',(9.570972657412E0,5.860414517546E0,5.496638016853E0));
#95=CARTESIAN_POINT('',(8.595257598524E0,5.834336854291E0,7.027797272119E0));
#96=CARTESIAN_POINT('',(6.713515644078E0,5.796767841819E0,8.842881461815E0));
#97=CARTESIAN_POINT('',(4.459523586071E0,5.759203531306E0,1.016762649816E1));
#98=CARTESIAN_POINT('',(1.958234713606E0,5.721637965351E0,1.092855276401E1));
#99=CARTESIAN_POINT('',(-6.516402510458E-1,5.684072719203E0,1.108347059758E1));
#100=CARTESIAN_POINT('',(-3.225381479566E0,5.646507449267E0,1.062378793940E1));
#101=CARTESIAN_POINT('',(-5.620268043138E0,5.608941954675E0,9.574995330709E0));
#102=CARTESIAN_POINT('',(-7.703503466530E0,5.571377382494E0,7.995250163887E0));
#103=CARTESIAN_POINT('',(-9.359550957597E0,5.533809345327E0,5.972152296358E0));
#104=CARTESIAN_POINT('',(-1.049664317269E1,5.496254245696E0,3.617886600149E0));
#105=CARTESIAN_POINT('',(-1.094167721368E1,5.466093015945E0,1.568643182618E0));
#106=CARTESIAN_POINT('',(-1.100000869319E1,5.448525642132E0,3.516005677050E-1));
#107=CARTESIAN_POINT('',(-1.099999095171E1,5.443438492615E0,
-2.619443883722E-7));
#109=CARTESIAN_POINT('',(-1.099999095171E1,5.443438492615E0,
-2.619443883722E-7));
#110=CARTESIAN_POINT('',(-1.099999095171E1,5.442407684067E0,
-7.138927094458E-2));
#111=CARTESIAN_POINT('',(-1.099858156118E1,5.440274676524E0,
-2.141641817833E-1));
#112=CARTESIAN_POINT('',(-1.099246919445E1,5.437349622748E0,
-4.282617488112E-1));
#113=CARTESIAN_POINT('',(-1.098516356875E1,5.434886403928E0,
-5.708486652821E-1));
#114=CARTESIAN_POINT('',(-1.098099617326E1,5.433850239675E0,
-6.421158383329E-1));
#116=CARTESIAN_POINT('',(-7.901481787200E0,5.434120940512E0,-7.652880424377E0));
#117=CARTESIAN_POINT('',(-7.996778175991E0,5.436102698922E0,-7.554498110617E0));
#118=CARTESIAN_POINT('',(-8.548087736421E0,5.447801597641E0,-6.963577639515E0));
#119=CARTESIAN_POINT('',(-9.435786843706E0,5.469200739705E0,-5.772756861536E0));
#120=CARTESIAN_POINT('',(-1.032880723700E1,5.498301431409E0,-3.959066206476E0));
#121=CARTESIAN_POINT('',(-1.087684125329E1,5.527539470416E0,-2.013156088352E0));
#122=CARTESIAN_POINT('',(-1.100000652256E1,5.546682173818E0,
-6.710481360395E-1));
#123=CARTESIAN_POINT('',(-1.100000652428E1,5.556391423974E0,2.522116431790E-6));
#125=CARTESIAN_POINT('',(-1.100000652428E1,5.556391423974E0,2.522116431790E-6));
#126=CARTESIAN_POINT('',(-1.100000652601E1,5.566100737966E0,6.710575922241E-1));
#127=CARTESIAN_POINT('',(-1.087683932738E1,5.585795317882E0,2.013161789560E0));
#128=CARTESIAN_POINT('',(-1.032880501408E1,5.614812271838E0,3.959081477310E0));
#129=CARTESIAN_POINT('',(-9.435770916923E0,5.643969840071E0,5.772758612775E0));
#130=CARTESIAN_POINT('',(-8.227571077475E0,5.673089722305E0,7.393618547702E0));
#131=CARTESIAN_POINT('',(-6.744559323158E0,5.702219702461E0,8.767521822369E0));
#132=CARTESIAN_POINT('',(-5.036270630200E0,5.731346976927E0,9.848578466804E0));
#133=CARTESIAN_POINT('',(-3.159763953303E0,5.760474976230E0,1.060067975499E1));
#134=CARTESIAN_POINT('',(-1.177717095588E0,5.789602781878E0,1.099870455470E1));
#135=CARTESIAN_POINT('',(8.436670278775E-1,5.818730637308E0,1.102935834063E1));
#136=CARTESIAN_POINT('',(2.836871500022E0,5.847858487268E0,1.069161722922E1));
#137=CARTESIAN_POINT('',(4.735320948617E0,5.876986309324E0,9.996762312813E0));
#138=CARTESIAN_POINT('',(6.475603822156E0,5.906114248466E0,8.968002328370E0));
#139=CARTESIAN_POINT('',(7.999595729596E0,5.935241747167E0,7.639700427787E0));
#140=CARTESIAN_POINT('',(9.180062747617E0,5.962602023099E0,6.152375958257E0));
#141=CARTESIAN_POINT('',(9.771343757156E0,5.980249203948E0,5.081477696807E0));
#142=CARTESIAN_POINT('',(9.999999128146E0,5.988189697349E0,4.582575268625E0));
#144=CARTESIAN_POINT('',(9.999999366631E0,5.875031582504E0,4.582575423750E0));
#145=CARTESIAN_POINT('',(9.999999366631E0,5.828096852307E0,4.376117380744E0));
#146=CARTESIAN_POINT('',(1.000000029406E1,5.740640448054E0,3.966030817528E0));
#147=CARTESIAN_POINT('',(9.999999920829E0,5.630340351841E0,3.369706443463E0));
#148=CARTESIAN_POINT('',(1.000000002262E1,5.536061974536E0,2.761220184338E0));
#149=CARTESIAN_POINT('',(1.E1,5.487213907008E0,2.364171765479E0));
#150=CARTESIAN_POINT('',(1.E1,5.466044854621E0,2.166403439691E0));
#152=CARTESIAN_POINT('',(1.E1,5.466044854621E0,2.166403439691E0));
#153=CARTESIAN_POINT('',(9.829554740318E0,5.453523086817E0,2.953169455051E0));
#154=CARTESIAN_POINT('',(9.302110522891E0,5.428479551208E0,4.486236957396E0));
#155=CARTESIAN_POINT('',(7.995116062966E0,5.390914247794E0,6.537105574778E0));
#156=CARTESIAN_POINT('',(6.244779076378E0,5.353348944380E0,8.225469115678E0));
#157=CARTESIAN_POINT('',(4.148156271973E0,5.315783640967E0,9.457717276482E0));
#158=CARTESIAN_POINT('',(1.821510128520E0,5.278218337548E0,1.016551597231E1));
#159=CARTESIAN_POINT('',(-6.061425332153E-1,5.240653034153E0,1.030961718534E1));
#160=CARTESIAN_POINT('',(-3.000183582076E0,5.203087730670E0,9.882029844673E0));
#161=CARTESIAN_POINT('',(-5.227858734198E0,5.165522427515E0,8.906464441396E0));
#162=CARTESIAN_POINT('',(-7.165638944405E0,5.127957123137E0,7.437017855517E0));
#163=CARTESIAN_POINT('',(-8.706070397739E0,5.090391823321E0,5.555173705632E0));
#164=CARTESIAN_POINT('',(-9.763732910989E0,5.052826506478E0,3.365283889991E0));
#165=CARTESIAN_POINT('',(-1.027997714584E1,5.015261253181E0,9.887821563134E-1));
#166=CARTESIAN_POINT('',(-1.022617505923E1,4.977695762731E0,-1.442549891052E0));
#167=CARTESIAN_POINT('',(-9.605314080139E0,4.940131157348E0,-3.793889379118E0));
#168=CARTESIAN_POINT('',(-8.451806558450E0,4.902563248847E0,-5.934851946929E0));
#169=CARTESIAN_POINT('',(-7.370385203236E0,4.877526194781E0,-7.142756287959E0));
#170=CARTESIAN_POINT('',(-6.766532257146E0,4.865004426976E0,-7.675124272286E0));
#172=CARTESIAN_POINT('',(1.E1,5.466044854621E0,2.166403439691E0));
#173=CARTESIAN_POINT('',(1.E1,5.433370337495E0,2.404133666648E0));
#174=CARTESIAN_POINT('',(9.999999763796E0,5.358694804789E0,2.881312622285E0));
#175=CARTESIAN_POINT('',(1.000000082671E1,5.220263047136E0,3.600038711103E0));
#176=CARTESIAN_POINT('',(9.999998228471E0,5.110140228419E0,4.085956161569E0));
#177=CARTESIAN_POINT('',(9.999998228471E0,5.050832272701E0,4.330252886692E0));
#179=CARTESIAN_POINT('',(9.999998228471E0,5.050832272701E0,4.330252886692E0));
#180=CARTESIAN_POINT('',(9.883119325044E0,5.047155707424E0,4.597686186233E0));
#181=CARTESIAN_POINT('',(9.627860497941E0,5.039753070678E0,5.123102174099E0));
#182=CARTESIAN_POINT('',(9.183248266323E0,5.028627614106E0,5.877530435678E0));
#183=CARTESIAN_POINT('',(8.679100861347E0,5.017607807077E0,6.594315185659E0));
#184=CARTESIAN_POINT('',(8.121133111874E0,5.006553132907E0,7.266012918360E0));
#185=CARTESIAN_POINT('',(7.508394153234E0,4.995401955564E0,7.893507241762E0));
#186=CARTESIAN_POINT('',(6.848890759618E0,4.984399255188E0,8.468255742171E0));
#187=CARTESIAN_POINT('',(6.144547727946E0,4.973286634362E0,8.988771028482E0));
#188=CARTESIAN_POINT('',(5.403164071358E0,4.962189658601E0,9.449525589215E0));
#189=CARTESIAN_POINT('',(4.626442814383E0,4.951187943329E0,9.849922384298E0));
#190=CARTESIAN_POINT('',(3.818909846605E0,4.940073777600E0,1.018703621984E1));
#191=CARTESIAN_POINT('',(2.988434908933E0,4.928962248937E0,1.045772758438E1));
#192=CARTESIAN_POINT('',(2.138590492902E0,4.917957284303E0,1.066097834415E1));
#193=CARTESIAN_POINT('',(1.277232519343E0,4.906862964933E0,1.079510207893E1));
#194=CARTESIAN_POINT('',(4.058618394900E-1,4.895746905818E0,1.085985409639E1));
#195=CARTESIAN_POINT('',(-4.660957634854E-1,4.884761084063E0,1.085445554303E1));
#196=CARTESIAN_POINT('',(-1.335270869858E0,4.873636638697E0,1.077911892797E1));
#197=CARTESIAN_POINT('',(-2.195792274772E0,4.862538611102E0,1.063418627E1));
#198=CARTESIAN_POINT('',(-3.041264278065E0,4.851535404940E0,1.042086504278E1));
#199=CARTESIAN_POINT('',(-3.867788185345E0,4.840393979152E0,1.013997809328E1));
#200=CARTESIAN_POINT('',(-4.668252684456E0,4.829299981947E0,9.793975592627E0));
#201=CARTESIAN_POINT('',(-5.439077923160E0,4.818278165517E0,9.384387438233E0));
#202=CARTESIAN_POINT('',(-6.173060743495E0,4.807141480619E0,8.915066111235E0));
#203=CARTESIAN_POINT('',(-6.867256417460E0,4.796051056474E0,8.388179768175E0));
#204=CARTESIAN_POINT('',(-7.516320432766E0,4.785047816241E0,7.807774407684E0));
#205=CARTESIAN_POINT('',(-8.116580701277E0,4.773901111335E0,7.177268978531E0));
#206=CARTESIAN_POINT('',(-8.664318525458E0,4.762828946972E0,6.500504043574E0));
#207=CARTESIAN_POINT('',(-9.155140383343E0,4.751826388795E0,5.783355537548E0));
#208=CARTESIAN_POINT('',(-9.587951204105E0,4.740658982330E0,5.026941104530E0));
#209=CARTESIAN_POINT('',(-9.957536578678E0,4.729604569132E0,4.240526860884E0));
#210=CARTESIAN_POINT('',(-1.026335072104E1,4.718567620609E0,3.425479634943E0));
#211=CARTESIAN_POINT('',(-1.050201637031E1,4.707445609860E0,2.591051726074E0));
#212=CARTESIAN_POINT('',(-1.067364613555E1,4.696326684569E0,1.736794838277E0));
#213=CARTESIAN_POINT('',(-1.077592357054E1,4.685376769623E0,8.712284312247E-1));
#214=CARTESIAN_POINT('',(-1.079729590769E1,4.677634137505E0,2.904103355647E-1));
#215=CARTESIAN_POINT('',(-1.079630066677E1,4.673919306067E0,2.978988555278E-6));
#217=CARTESIAN_POINT('',(-1.079630066677E1,4.673919306067E0,2.978988555278E-6));
#218=CARTESIAN_POINT('',(-1.079534950301E1,4.670368996838E0,
-2.775428358612E-1));
#219=CARTESIAN_POINT('',(-1.077210711078E1,4.663579287394E0,
-8.325109676740E-1));
#220=CARTESIAN_POINT('',(-1.067319297191E1,4.652887028050E0,-1.659117039011E0));
#221=CARTESIAN_POINT('',(-1.051071397344E1,4.642212550078E0,-2.476419835034E0));
#222=CARTESIAN_POINT('',(-1.028607512923E1,4.631595546141E0,-3.277687113941E0));
#223=CARTESIAN_POINT('',(-9.999853529420E0,4.621003391760E0,-4.060572548313E0));
#224=CARTESIAN_POINT('',(-9.654783939405E0,4.610309292244E0,-4.817486303916E0));
#225=CARTESIAN_POINT('',(-9.252238434394E0,4.599683664102E0,-5.545963739055E0));
#226=CARTESIAN_POINT('',(-8.795281445538E0,4.589115706383E0,-6.240464066997E0));
#227=CARTESIAN_POINT('',(-8.286020169074E0,4.578416400917E0,-6.897842287882E0));
#228=CARTESIAN_POINT('',(-7.728567291408E0,4.567802944973E0,-7.513031560340E0));
#229=CARTESIAN_POINT('',(-7.326819871391E0,4.560778477296E0,-7.893064458855E0));
#230=CARTESIAN_POINT('',(-7.119048964129E0,4.557242726437E0,-8.074976129025E0));
#232=CARTESIAN_POINT('',(9.999999845753E0,4.291055394085E0,-3.788873170573E0));
#233=CARTESIAN_POINT('',(9.899216449540E0,4.294753087884E0,-4.057667920906E0));
#234=CARTESIAN_POINT('',(9.675954960091E0,4.302154806168E0,-4.587206678662E0));
#235=CARTESIAN_POINT('',(9.278344959540E0,4.313252557373E0,-5.351923274350E0));
#236=CARTESIAN_POINT('',(8.819951680153E0,4.324356410134E0,-6.082947406080E0));
#237=CARTESIAN_POINT('',(8.305614891532E0,4.335427837303E0,-6.773032347151E0));
#238=CARTESIAN_POINT('',(7.736119429093E0,4.346528088604E0,-7.421208941872E0));
#239=CARTESIAN_POINT('',(7.116329748913E0,4.357619539938E0,-8.021419611380E0));
#240=CARTESIAN_POINT('',(6.450168431696E0,4.368717813663E0,-8.569976798416E0));
#241=CARTESIAN_POINT('',(5.741942679038E0,4.379806831402E0,-9.063287011484E0));
#242=CARTESIAN_POINT('',(4.995462842052E0,4.390909815402E0,-9.498590368491E0));
#243=CARTESIAN_POINT('',(4.215068847834E0,4.402027385895E0,-9.872936652454E0));
#244=CARTESIAN_POINT('',(3.408008398731E0,4.413127412882E0,-1.018287252409E1));
#245=CARTESIAN_POINT('',(2.577859851409E0,4.424240289581E0,-1.042707558735E1));
#246=CARTESIAN_POINT('',(1.732062131564E0,4.435324313108E0,-1.060340695821E1));
#247=CARTESIAN_POINT('',(8.748383089449E-1,4.446411479580E0,-1.071127236135E1));
#248=CARTESIAN_POINT('',(1.054341700397E-2,4.457507469676E0,-1.074991236521E1));
#249=CARTESIAN_POINT('',(-8.531628404190E-1,4.468590497711E0,
-1.071894236589E1));
#250=CARTESIAN_POINT('',(-1.710644781959E0,4.479660815038E0,-1.061891017949E1));
#251=CARTESIAN_POINT('',(-2.558394428034E0,4.490734433948E0,-1.045017664574E1));
#252=CARTESIAN_POINT('',(-3.389858678634E0,4.501812179939E0,-1.021395581601E1));
#253=CARTESIAN_POINT('',(-4.201021186814E0,4.512900521858E0,-9.911155942519E0));
#254=CARTESIAN_POINT('',(-4.983668491707E0,4.523967340704E0,-9.544977512273E0));
#255=CARTESIAN_POINT('',(-5.736579847511E0,4.535063633612E0,-9.115925327664E0));
#256=CARTESIAN_POINT('',(-6.452174786061E0,4.546140929633E0,-8.627946278427E0));
#257=CARTESIAN_POINT('',(-6.901845332640E0,4.553546453425E0,-8.265146523266E0));
#258=CARTESIAN_POINT('',(-7.119048964129E0,4.557242726437E0,-8.074976129025E0));
#260=CARTESIAN_POINT('',(9.999999154105E0,3.533961875843E0,-2.166410573691E0));
#261=CARTESIAN_POINT('',(9.999999154105E0,3.552003927986E0,-2.297679343864E0));
#262=CARTESIAN_POINT('',(1.000000089072E1,3.590802084231E0,-2.559806007665E0));
#263=CARTESIAN_POINT('',(9.999998151327E0,3.656725643095E0,-2.951825089925E0));
#264=CARTESIAN_POINT('',(1.000000371976E1,3.705701974891E0,-3.212209325983E0));
#265=CARTESIAN_POINT('',(1.000000371976E1,3.731357305573E0,-3.342231366117E0));
#267=CARTESIAN_POINT('',(1.000000371976E1,3.731357305573E0,-3.342231366117E0));
#268=CARTESIAN_POINT('',(9.911397251570E0,3.736416544710E0,-3.611620690732E0));
#269=CARTESIAN_POINT('',(9.712371579225E0,3.746506362074E0,-4.143373297384E0));
#270=CARTESIAN_POINT('',(9.350503738964E0,3.761741933854E0,-4.914547939170E0));
#271=CARTESIAN_POINT('',(8.926981434172E0,3.776912082618E0,-5.654947798397E0));
#272=CARTESIAN_POINT('',(8.446939605424E0,3.792083901491E0,-6.356479983597E0));
#273=CARTESIAN_POINT('',(7.909750997183E0,3.807270962661E0,-7.019838936525E0));
#274=CARTESIAN_POINT('',(7.321824887614E0,3.822445890823E0,-7.636721813240E0));
#275=CARTESIAN_POINT('',(6.684100697908E0,3.837671603317E0,-8.205936501742E0));
#276=CARTESIAN_POINT('',(6.005444999891E0,3.852795009044E0,-8.719750733619E0));
#277=CARTESIAN_POINT('',(5.285843601612E0,3.868004363213E0,-9.178615324792E0));
#278=CARTESIAN_POINT('',(4.530850929317E0,3.883152450843E0,-9.578339160255E0));
#279=CARTESIAN_POINT('',(3.745644429046E0,3.898378810122E0,-9.916141773214E0));
#280=CARTESIAN_POINT('',(2.936119971596E0,3.913522938307E0,-1.018942305556E1));
#281=CARTESIAN_POINT('',(2.107551947865E0,3.928716424039E0,-1.039665363859E1));
#282=CARTESIAN_POINT('',(1.263087521034E0,3.943898529702E0,-1.053675349454E1));
#283=CARTESIAN_POINT('',(4.110126322134E-1,3.959069560651E0,-1.060830509778E1));
#284=CARTESIAN_POINT('',(-4.456633544862E-1,3.974275407741E0,
-1.061096956438E1));
#285=CARTESIAN_POINT('',(-1.297599195358E0,3.989399197847E0,-1.054481320369E1));
#286=CARTESIAN_POINT('',(-2.142911913020E0,4.004603662504E0,-1.041018842338E1));
#287=CARTESIAN_POINT('',(-2.974420836974E0,4.019729146597E0,-1.020796446501E1));
#288=CARTESIAN_POINT('',(-3.786600695801E0,4.034913100212E0,-9.939707673069E0));
#289=CARTESIAN_POINT('',(-4.575115513197E0,4.050033928864E0,-9.606839772068E0));
#290=CARTESIAN_POINT('',(-5.335423031647E0,4.065220982885E0,-9.211014355579E0));
#291=CARTESIAN_POINT('',(-6.060450682257E0,4.080354054364E0,-8.755930822293E0));
#292=CARTESIAN_POINT('',(-6.747075836510E0,4.095499221079E0,-8.243746169272E0));
#293=CARTESIAN_POINT('',(-7.390731866494E0,4.110667198289E0,-7.677617623656E0));
#294=CARTESIAN_POINT('',(-7.986634489349E0,4.125783533481E0,-7.061813320161E0));
#295=CARTESIAN_POINT('',(-8.532046872073E0,4.140973451470E0,-6.398940825134E0));
#296=CARTESIAN_POINT('',(-9.022010581791E0,4.156083098414E0,-5.694959270263E0));
#297=CARTESIAN_POINT('',(-9.455100418820E0,4.171297843386E0,-4.951545316669E0));
#298=CARTESIAN_POINT('',(-9.826536437013E0,4.186439640463E0,-4.176429031978E0));
#299=CARTESIAN_POINT('',(-1.013470010673E1,4.201630275583E0,-3.373013115492E0));
#300=CARTESIAN_POINT('',(-1.037635763036E1,4.216735494188E0,-2.550702211575E0));
#301=CARTESIAN_POINT('',(-1.055167888972E1,4.231856026805E0,-1.710153353139E0));
#302=CARTESIAN_POINT('',(-1.065895523820E1,4.247006341545E0,
-8.577233853669E-1));
#303=CARTESIAN_POINT('',(-1.068460963094E1,4.257070964329E0,
-2.859193360123E-1));
#304=CARTESIAN_POINT('',(-1.068595950998E1,4.262108781478E0,1.199432649099E-9));
#306=CARTESIAN_POINT('',(-1.068595950998E1,4.262108781478E0,1.199432649099E-9));
#307=CARTESIAN_POINT('',(-1.068731867447E1,4.267181252416E0,2.878861006322E-1));
#308=CARTESIAN_POINT('',(-1.066675211577E1,4.277351846297E0,8.641418720226E-1));
#309=CARTESIAN_POINT('',(-1.056610169674E1,4.292557589382E0,1.724001289608E0));
#310=CARTESIAN_POINT('',(-1.039580709152E1,4.307837462076E0,2.574646570744E0));
#311=CARTESIAN_POINT('',(-1.015805267696E1,4.323027338623E0,3.406283294880E0));
#312=CARTESIAN_POINT('',(-9.852882114018E0,4.338287487072E0,4.218771352096E0));
#313=CARTESIAN_POINT('',(-9.483175523190E0,4.353528950857E0,5.003438395242E0));
#314=CARTESIAN_POINT('',(-9.050431511965E0,4.368778745774E0,5.756915305090E0));
#315=CARTESIAN_POINT('',(-8.559428167241E0,4.384012212050E0,6.471113546428E0));
#316=CARTESIAN_POINT('',(-8.011553218817E0,4.399219962046E0,7.144455666028E0));
#317=CARTESIAN_POINT('',(-7.409379759863E0,4.414511188046E0,7.772858429573E0));
#318=CARTESIAN_POINT('',(-6.759221289122E0,4.429726573625E0,8.349624756564E0));
#319=CARTESIAN_POINT('',(-6.064338081302E0,4.444986342345E0,8.872135647874E0));
#320=CARTESIAN_POINT('',(-5.330078990797E0,4.460198399752E0,9.336427699882E0));
#321=CARTESIAN_POINT('',(-4.559707733006E0,4.475436474996E0,9.740424290272E0));
#322=CARTESIAN_POINT('',(-3.759302510125E0,4.490668519831E0,1.008077247759E1));
#323=CARTESIAN_POINT('',(-2.933980016201E0,4.505876417793E0,1.035537738583E1));
#324=CARTESIAN_POINT('',(-2.089063205877E0,4.521114321809E0,1.056246130862E1));
#325=CARTESIAN_POINT('',(-1.230220092440E0,4.536307094218E0,1.070067233827E1));
#326=CARTESIAN_POINT('',(-3.621548385084E-1,4.551552673100E0,1.076913555160E1));
#327=CARTESIAN_POINT('',(5.077029663963E-1,4.566734018472E0,1.076735777195E1));
#328=CARTESIAN_POINT('',(1.377047148548E0,4.581984584216E0,1.069512230625E1));
#329=CARTESIAN_POINT('',(2.235863371497E0,4.597176767298E0,1.055321442171E1));
#330=CARTESIAN_POINT('',(3.082311955291E0,4.612402078946E0,1.034202407381E1));
#331=CARTESIAN_POINT('',(3.908529991326E0,4.627628830190E0,1.006326527906E1));
#332=CARTESIAN_POINT('',(4.710303687306E0,4.642836512104E0,9.718410013104E0));
#333=CARTESIAN_POINT('',(5.481623419911E0,4.658074140753E0,9.309860264210E0));
#334=CARTESIAN_POINT('',(6.216473044223E0,4.673242838349E0,8.841136191521E0));
#335=CARTESIAN_POINT('',(6.913154796593E0,4.688490384516E0,8.313052980246E0));
#336=CARTESIAN_POINT('',(7.563717367608E0,4.703674002694E0,7.731565274380E0));
#337=CARTESIAN_POINT('',(8.166820992551E0,4.718914527188E0,7.097711958534E0));
#338=CARTESIAN_POINT('',(8.714323869549E0,4.734071250617E0,6.420456563044E0));
#339=CARTESIAN_POINT('',(9.207318472729E0,4.749265406396E0,5.698807508377E0));
#340=CARTESIAN_POINT('',(9.640189875049E0,4.764467276118E0,4.940198484170E0));
#341=CARTESIAN_POINT('',(9.887279601216E0,4.774580701146E0,4.412457449897E0));
#342=CARTESIAN_POINT('',(1.000000008188E1,4.779646981423E0,4.143994143840E0));
#344=CARTESIAN_POINT('',(1.000000008188E1,4.779646981423E0,4.143994143840E0));
#345=CARTESIAN_POINT('',(1.000000008188E1,4.733457998787E0,3.921331396543E0));
#346=CARTESIAN_POINT('',(1.000000048200E1,4.648440155719E0,3.478021078452E0));
#347=CARTESIAN_POINT('',(9.999998190169E0,4.543859490707E0,2.820642618426E0));
#348=CARTESIAN_POINT('',(1.000000390161E1,4.489338225838E0,2.384031905442E0));
#349=CARTESIAN_POINT('',(1.000000390161E1,4.466043424773E0,2.166404125818E0));
#351=CARTESIAN_POINT('',(1.000000390161E1,4.466043424773E0,2.166404125818E0));
#352=CARTESIAN_POINT('',(9.867841959923E0,4.456334145492E0,2.776456473920E0));
#353=CARTESIAN_POINT('',(9.491554091824E0,4.436918961459E0,3.972291372210E0));
#354=CARTESIAN_POINT('',(8.610100059484E0,4.407789767311E0,5.633376607557E0));
#355=CARTESIAN_POINT('',(7.441054811744E0,4.378662292888E0,7.106295891573E0));
#356=CARTESIAN_POINT('',(6.023468975556E0,4.349534357666E0,8.341856154174E0));
#357=CARTESIAN_POINT('',(4.404691088108E0,4.320406545915E0,9.298786886E0));
#358=CARTESIAN_POINT('',(2.638790739894E0,4.291278701080E0,9.945125677719E0));
#359=CARTESIAN_POINT('',(7.847513301601E-1,4.262150865109E0,1.025928391372E1));
#360=CARTESIAN_POINT('',(-1.095499724536E0,4.233023026763E0,1.023076836303E1));
#361=CARTESIAN_POINT('',(-2.939159538241E0,4.203895189053E0,9.860531527473E0));
#362=CARTESIAN_POINT('',(-4.684647430979E0,4.174767351173E0,9.160939859287E0));
#363=CARTESIAN_POINT('',(-6.273661810341E0,4.145639513340E0,8.155360691844E0));
#364=CARTESIAN_POINT('',(-7.653127518271E0,4.116511675493E0,6.877381739139E0));
#365=CARTESIAN_POINT('',(-8.776968609540E0,4.087383837650E0,5.369689218316E0));
#366=CARTESIAN_POINT('',(-9.607647346160E0,4.058255999806E0,3.682642071747E0));
#367=CARTESIAN_POINT('',(-1.011741800420E1,4.029128161962E0,1.872589910484E0));
#368=CARTESIAN_POINT('',(-1.028925361421E1,4.000000324118E0,
-9.137664625292E-6));
#369=CARTESIAN_POINT('',(-1.011741468108E1,3.970872486275E0,-1.872607809129E0));
#370=CARTESIAN_POINT('',(-9.607640887605E0,3.941744648431E0,-3.682658864691E0));
#371=CARTESIAN_POINT('',(-8.776959378701E0,3.912616810587E0,-5.369704248065E0));
#372=CARTESIAN_POINT('',(-7.653116029979E0,3.883488972745E0,-6.877394462440E0));
#373=CARTESIAN_POINT('',(-6.273648697219E0,3.854361134893E0,-8.155370715185E0));
#374=CARTESIAN_POINT('',(-4.684633401502E0,3.825233297078E0,-9.160946965016E0));
#375=CARTESIAN_POINT('',(-2.939145329014E0,3.796105459126E0,-9.860535688347E0));
#376=CARTESIAN_POINT('',(-1.095486050626E0,3.766977621689E0,-1.023076974558E1));
#377=CARTESIAN_POINT('',(7.847638273248E-1,3.737849782325E0,-1.025928286438E1));
#378=CARTESIAN_POINT('',(2.638801530529E0,3.708721950153E0,-9.945122713052E0));
#379=CARTESIAN_POINT('',(4.404699824976E0,3.679594091143E0,-9.298782609800E0));
#380=CARTESIAN_POINT('',(6.023475408507E0,3.650466332293E0,-8.341851395262E0));
#381=CARTESIAN_POINT('',(7.441059239899E0,3.621338199640E0,-7.106290974776E0));
#382=CARTESIAN_POINT('',(8.610101720978E0,3.592211462042E0,-5.633373828312E0));
#383=CARTESIAN_POINT('',(9.491557395961E0,3.563079511141E0,-3.972285105205E0));
#384=CARTESIAN_POINT('',(9.867837365504E0,3.543671162006E0,-2.776462637466E0));
#385=CARTESIAN_POINT('',(9.999999154105E0,3.533961875843E0,-2.166410573691E0));
#387=CARTESIAN_POINT('',(9.999996982080E0,3.416105173209E0,-3.065358765826E0));
#388=CARTESIAN_POINT('',(9.999996982080E0,3.431509935912E0,-2.965757973008E0));
#389=CARTESIAN_POINT('',(1.000000129558E1,3.460815627898E0,-2.766374756944E0));
#390=CARTESIAN_POINT('',(9.999999992362E0,3.500152531194E0,-2.466683665440E0));
#391=CARTESIAN_POINT('',(9.999999154105E0,3.523242386875E0,-2.266555537243E0));
#392=CARTESIAN_POINT('',(9.999999154105E0,3.533961875843E0,-2.166410573691E0));
#394=CARTESIAN_POINT('',(1.000000390161E1,4.466043424773E0,2.166404125818E0));
#395=CARTESIAN_POINT('',(1.000000390161E1,4.442572757914E0,2.337169868909E0));
#396=CARTESIAN_POINT('',(9.999998025778E0,4.390860285973E0,2.679421400441E0));
#397=CARTESIAN_POINT('',(1.000000105737E1,4.299482277334E0,3.194333783147E0));
#398=CARTESIAN_POINT('',(9.999998848956E0,4.229389673733E0,3.540039292446E0));
#399=CARTESIAN_POINT('',(9.999998848956E0,4.192126930557E0,3.713399574210E0));
#401=CARTESIAN_POINT('',(9.999998848956E0,4.192126930557E0,3.713399574210E0));
#402=CARTESIAN_POINT('',(9.897785314516E0,4.188375147147E0,3.985767680242E0));
#403=CARTESIAN_POINT('',(9.671049437028E0,4.180843659057E0,4.522115101917E0));
#404=CARTESIAN_POINT('',(9.266560492681E0,4.169557418809E0,5.295813973652E0));
#405=CARTESIAN_POINT('',(8.799728229824E0,4.158293638674E0,6.034393115269E0));
#406=CARTESIAN_POINT('',(8.276048752930E0,4.147009719526E0,6.729953612782E0));
#407=CARTESIAN_POINT('',(7.694550949211E0,4.135740534896E0,7.383467134547E0));
#408=CARTESIAN_POINT('',(7.063171872651E0,4.124422146233E0,7.985487750799E0));
#409=CARTESIAN_POINT('',(6.383870340002E0,4.113157876718E0,8.534516960351E0));
#410=CARTESIAN_POINT('',(5.664247140319E0,4.101866897426E0,9.024562466974E0));
#411=CARTESIAN_POINT('',(4.905964592602E0,4.090599646364E0,9.454900285313E0));
#412=CARTESIAN_POINT('',(4.113747274396E0,4.079291782209E0,9.822213080463E0));
#413=CARTESIAN_POINT('',(3.295558039450E0,4.067997605510E0,1.012291571758E1));
#414=CARTESIAN_POINT('',(2.455057917769E0,4.056718994795E0,1.035578224487E1));
#415=CARTESIAN_POINT('',(1.599543477814E0,4.045407152870E0,1.051887842726E1));
#416=CARTESIAN_POINT('',(7.317062190650E-1,4.034130372884E0,1.061160478355E1));
#417=CARTESIAN_POINT('',(-1.394958929251E-1,4.022796926468E0,1.063280585790E1));
#418=CARTESIAN_POINT('',(-1.008908443580E0,4.011541189601E0,1.058273714322E1));
#419=CARTESIAN_POINT('',(-1.871528211378E0,4.000210297751E0,1.046156957103E1));
#420=CARTESIAN_POINT('',(-2.719583443084E0,3.988954555020E0,1.027067063112E1));
#421=CARTESIAN_POINT('',(-3.550059942846E0,3.977646553854E0,1.001077452051E1));
#422=CARTESIAN_POINT('',(-4.355461932895E0,3.966367098430E0,9.684221483188E0));
#423=CARTESIAN_POINT('',(-5.132090914785E0,3.955082062283E0,9.292569160126E0));
#424=CARTESIAN_POINT('',(-5.873340784840E0,3.943775299230E0,8.839076481782E0));
#425=CARTESIAN_POINT('',(-6.574938332235E0,3.932515285642E0,8.326586697301E0));
#426=CARTESIAN_POINT('',(-7.232636943169E0,3.921179311843E0,7.757972181897E0));
#427=CARTESIAN_POINT('',(-7.841065997436E0,3.909925189750E0,7.138029489226E0));
#428=CARTESIAN_POINT('',(-8.397593847785E0,3.898572974431E0,6.469109515336E0));
#429=CARTESIAN_POINT('',(-8.896514608512E0,3.887308403657E0,5.758284380828E0));
#430=CARTESIAN_POINT('',(-9.337223474806E0,3.875938023530E0,5.005814266799E0));
#431=CARTESIAN_POINT('',(-9.713614206022E0,3.864629041133E0,4.221688919408E0));
#432=CARTESIAN_POINT('',(-1.002443657655E1,3.853303140985E0,3.409181083276E0));
#433=CARTESIAN_POINT('',(-1.026670561536E1,3.842004909152E0,2.577120586802E0));
#434=CARTESIAN_POINT('',(-1.044035745432E1,3.830729181325E0,1.727078825508E0));
#435=CARTESIAN_POINT('',(-1.054372566352E1,3.819386363877E0,8.653751245961E-1));
#436=CARTESIAN_POINT('',(-1.056532211648E1,3.811885561954E0,2.883162190535E-1));
#437=CARTESIAN_POINT('',(-1.056431417853E1,3.808123886323E0,
-4.215903493146E-9));
#439=CARTESIAN_POINT('',(-1.056431417853E1,3.808123886323E0,
-4.215903493146E-9));
#440=CARTESIAN_POINT('',(-1.056331787571E1,3.804405633548E0,
-2.849880526916E-1));
#441=CARTESIAN_POINT('',(-1.053823866607E1,3.796935051027E0,
-8.552305416814E-1));
#442=CARTESIAN_POINT('',(-1.043138350094E1,3.785791330264E0,-1.705864425760E0));
#443=CARTESIAN_POINT('',(-1.025563333020E1,3.774568204105E0,-2.545876086537E0));
#444=CARTESIAN_POINT('',(-1.001300973980E1,3.763412538302E0,-3.366908574210E0));
#445=CARTESIAN_POINT('',(-9.703857988936E0,3.752206677713E0,-4.167617353050E0));
#446=CARTESIAN_POINT('',(-9.330942668733E0,3.740995328598E0,-4.939976843865E0));
#447=CARTESIAN_POINT('',(-8.896944414552E0,3.729828717089E0,-5.678972017337E0));
#448=CARTESIAN_POINT('',(-8.405029842177E0,3.718611255140E0,-6.379488419969E0));
#449=CARTESIAN_POINT('',(-7.858111525812E0,3.707469975367E0,-7.037773951741E0));
#450=CARTESIAN_POINT('',(-7.258435364752E0,3.696219432203E0,-7.650622090439E0));
#451=CARTESIAN_POINT('',(-6.611659677868E0,3.685055762380E0,-8.212145068822E0));
#452=CARTESIAN_POINT('',(-5.921762214054E0,3.673831673943E0,-8.719079219636E0));
#453=CARTESIAN_POINT('',(-5.193763044140E0,3.662656897401E0,-9.167958267703E0));
#454=CARTESIAN_POINT('',(-4.430756789932E0,3.651451611866E0,-9.556800564292E0));
#455=CARTESIAN_POINT('',(-3.638857258128E0,3.640229214642E0,-9.882233569114E0));
#456=CARTESIAN_POINT('',(-2.824750734182E0,3.629068055804E0,-1.014187828573E1));
#457=CARTESIAN_POINT('',(-1.991101262308E0,3.617822787792E0,-1.033485419685E1));
#458=CARTESIAN_POINT('',(-1.145817926936E0,3.606672555734E0,-1.045931144792E1));
#459=CARTESIAN_POINT('',(-2.934386049077E-1,3.595437092471E0,
-1.051480583813E1));
#460=CARTESIAN_POINT('',(5.612037830040E-1,3.584267666575E0,-1.050090959633E1));
#461=CARTESIAN_POINT('',(1.410923485431E0,3.573046347597E0,-1.041778814568E1));
#462=CARTESIAN_POINT('',(2.251871922493E0,3.561848687546E0,-1.026579728485E1));
#463=CARTESIAN_POINT('',(3.075628363174E0,3.550668693558E0,-1.004662362670E1));
#464=CARTESIAN_POINT('',(3.879726972987E0,3.539453846375E0,-9.761099276203E0));
#465=CARTESIAN_POINT('',(4.657517686611E0,3.528290004918E0,-9.411486863720E0));
#466=CARTESIAN_POINT('',(5.405166629516E0,3.517040576633E0,-8.999443018354E0));
#467=CARTESIAN_POINT('',(6.116559034391E0,3.505874801362E0,-8.528181566436E0));
#468=CARTESIAN_POINT('',(6.786753778574E0,3.494632269714E0,-8.001258023783E0));
#469=CARTESIAN_POINT('',(7.414030084714E0,3.483424055415E0,-7.419530763904E0));
#470=CARTESIAN_POINT('',(7.990306339414E0,3.472183932453E0,-6.790356552895E0));
#471=CARTESIAN_POINT('',(8.514178057709E0,3.460958749304E0,-6.115445410135E0));
#472=CARTESIAN_POINT('',(8.979292967687E0,3.449776882972E0,-5.403604941415E0));
#473=CARTESIAN_POINT('',(9.386509068322E0,3.438533850943E0,-4.653833188737E0));
#474=CARTESIAN_POINT('',(9.730984981840E0,3.427341838562E0,-3.874187971735E0));
#475=CARTESIAN_POINT('',(9.917714526876E0,3.419846578194E0,-3.337206289870E0));
#476=CARTESIAN_POINT('',(9.999996982080E0,3.416105173209E0,-3.065358765826E0));
#478=CARTESIAN_POINT('',(9.999997490939E0,3.611614444047E0,3.239596583859E0));
#479=CARTESIAN_POINT('',(9.999997490939E0,3.592188689794E0,3.120799398964E0));
#480=CARTESIAN_POINT('',(1.000000068485E1,3.555424462820E0,2.882909001884E0));
#481=CARTESIAN_POINT('',(1.000000136662E1,3.506817442600E0,2.525117387906E0));
#482=CARTESIAN_POINT('',(9.999996354661E0,3.478840899638E0,2.286054510616E0));
#483=CARTESIAN_POINT('',(9.999996354661E0,3.466036969634E0,2.166436099379E0));
#485=CARTESIAN_POINT('',(9.999996354661E0,3.466036969634E0,2.166436099379E0));
#486=CARTESIAN_POINT('',(9.880698396899E0,3.457272745183E0,2.717108147441E0));
#487=CARTESIAN_POINT('',(9.550929152862E0,3.439756744946E0,3.798648947746E0));
#488=CARTESIAN_POINT('',(8.796197383937E0,3.413459025956E0,5.317613365379E0));
#489=CARTESIAN_POINT('',(7.801950088239E0,3.387167642433E0,6.691758212121E0));
#490=CARTESIAN_POINT('',(6.595257579636E0,3.360874556616E0,7.883695018706E0));
#491=CARTESIAN_POINT('',(5.208978566015E0,3.334581926926E0,8.860959690364E0));
#492=CARTESIAN_POINT('',(3.680860739520E0,3.308289175018E0,9.596943794853E0));
#493=CARTESIAN_POINT('',(2.052514308112E0,3.281996455858E0,1.007160615415E1));
#494=CARTESIAN_POINT('',(3.682785914789E-1,3.255703727924E0,1.027202202772E1));
#495=CARTESIAN_POINT('',(-1.325985223963E0,3.229411002341E0,1.019273411901E1));
#496=CARTESIAN_POINT('',(-2.984142896354E0,3.203118276128E0,9.835901424706E0));
#497=CARTESIAN_POINT('',(-4.561043340963E0,3.176825550084E0,9.211240379090E0));
#498=CARTESIAN_POINT('',(-6.013748080804E0,3.150532823994E0,8.335760296663E0));
#499=CARTESIAN_POINT('',(-7.302700446243E0,3.124240097917E0,7.233300209472E0));
#500=CARTESIAN_POINT('',(-8.392802689852E0,3.097947371836E0,5.933879739692E0));
#501=CARTESIAN_POINT('',(-9.254371686173E0,3.071654645756E0,4.472881675236E0));
#502=CARTESIAN_POINT('',(-9.863947193284E0,3.045361919676E0,2.890088508653E0));
#503=CARTESIAN_POINT('',(-1.020493066741E1,3.019069193596E0,1.228599173432E0));
#504=CARTESIAN_POINT('',(-1.026803723589E1,2.992776467515E0,
-4.663445252369E-1));
#505=CARTESIAN_POINT('',(-1.005154852148E1,2.966483741435E0,-2.148589829428E0));
#506=CARTESIAN_POINT('',(-9.561359433520E0,2.940191015355E0,-3.772329752452E0));
#507=CARTESIAN_POINT('',(-8.810817652030E0,2.913898289274E0,-5.293350387673E0));
#508=CARTESIAN_POINT('',(-7.820360175359E0,2.887605563200E0,-6.670234838452E0));
#509=CARTESIAN_POINT('',(-6.616956828121E0,2.861312837095E0,-7.865490986400E0));
#510=CARTESIAN_POINT('',(-5.233375882423E0,2.835020111110E0,-8.846572390030E0));
#511=CARTESIAN_POINT('',(-3.707291789349E0,2.808727384675E0,-9.586764512025E0));
#512=CARTESIAN_POINT('',(-2.080259316523E0,2.782434659920E0,-1.006591215483E1));
#513=CARTESIAN_POINT('',(-3.965820266722E-1,2.756141928895E0,
-1.027096825421E1));
#514=CARTESIAN_POINT('',(1.297894095833E0,2.729849221269E0,-1.019634924598E1));
#515=CARTESIAN_POINT('',(2.957029006617E0,2.703556426318E0,-9.844086737284E0));
#516=CARTESIAN_POINT('',(4.535645013697E0,2.677263957270E0,-9.223773561722E0));
#517=CARTESIAN_POINT('',(5.990756822828E0,2.650970271943E0,-8.352297442662E0));
#518=CARTESIAN_POINT('',(6.852080602420E0,2.633444174571E0,-7.619699338270E0));
#519=CARTESIAN_POINT('',(7.249692957468E0,2.624679932557E0,-7.220478205791E0));
#521=DIRECTION('',(6.136108200160E-1,4.999922312989E-1,-6.111378978594E-1));
#522=VECTOR('',#521,2.081105046544E-2);
#523=CARTESIAN_POINT('',(7.249692957468E0,2.624679932557E0,-7.220478205791E0));
#524=LINE('',#523,#522);
#525=CARTESIAN_POINT('',(7.262462843210E0,2.635085296115E0,-7.233196627425E0));
#526=CARTESIAN_POINT('',(7.067278238393E0,2.640191246740E0,-7.431109721913E0));
#527=CARTESIAN_POINT('',(6.660619436950E0,2.650413000261E0,-7.811218040387E0));
#528=CARTESIAN_POINT('',(6.005939365495E0,2.665729207073E0,-8.330228979092E0));
#529=CARTESIAN_POINT('',(5.310109573056E0,2.681083206140E0,-8.794916262237E0));
#530=CARTESIAN_POINT('',(4.580777873873E0,2.696361524568E0,-9.200456645222E0));
#531=CARTESIAN_POINT('',(3.818693242866E0,2.711710533430E0,-9.546448930956E0));
#532=CARTESIAN_POINT('',(3.031583695503E0,2.727006071307E0,-9.829085218666E0));
#533=CARTESIAN_POINT('',(2.222808456882E0,2.742365187995E0,-1.004714712410E1));
#534=CARTESIAN_POINT('',(1.400025291431E0,2.757650538466E0,-1.019854828521E1));
#535=CARTESIAN_POINT('',(5.654766003677E-1,2.773018456324E0,-1.028282338950E1));
#536=CARTESIAN_POINT('',(-2.734355891212E-1,2.788329665528E0,
-1.029881377812E1));
#537=CARTESIAN_POINT('',(-1.110657300057E0,2.803688663621E0,-1.024654988202E1));
#538=CARTESIAN_POINT('',(-1.941397727319E0,2.818999368827E0,-1.012622992938E1));
#539=CARTESIAN_POINT('',(-2.758496518736E0,2.834334079853E0,-9.939051079966E0));
#540=CARTESIAN_POINT('',(-3.558152358328E0,2.849623815837E0,-9.685963870786E0));
#541=CARTESIAN_POINT('',(-4.334052271845E0,2.864933793587E0,-9.369065879698E0));
#542=CARTESIAN_POINT('',(-5.083194491802E0,2.880236603411E0,-8.989394460379E0));
#543=CARTESIAN_POINT('',(-5.797870731674E0,2.895537654661E0,-8.550857034988E0));
#544=CARTESIAN_POINT('',(-6.475498232785E0,2.910834204083E0,-8.055143401476E0));
#545=CARTESIAN_POINT('',(-7.110596894552E0,2.926134608144E0,-7.506133450533E0));
#546=CARTESIAN_POINT('',(-7.700310831390E0,2.941452639317E0,-6.906018656932E0));
#547=CARTESIAN_POINT('',(-8.238392804255E0,2.956743537531E0,-6.260983766396E0));
#548=CARTESIAN_POINT('',(-8.721554946366E0,2.971998384640E0,-5.575893875188E0));
#549=CARTESIAN_POINT('',(-9.148877476296E0,2.987294974677E0,-4.851760071723E0));
#550=CARTESIAN_POINT('',(-9.515983044419E0,3.002580755600E0,-4.095500559002E0));
#551=CARTESIAN_POINT('',(-9.821220673041E0,3.017901659921E0,-3.309883810637E0));
#552=CARTESIAN_POINT('',(-1.006099949285E1,3.033161205797E0,-2.504524628089E0));
#553=CARTESIAN_POINT('',(-1.023529919013E1,3.048478039811E0,-1.679587650961E0));
#554=CARTESIAN_POINT('',(-1.034192395231E1,3.063773858586E0,
-8.437474263499E-1));
#555=CARTESIAN_POINT('',(-1.036760146779E1,3.073983523975E0,
-2.814001503070E-1));
#556=CARTESIAN_POINT('',(-1.036897236553E1,3.079099783997E0,
-5.751471267068E-8));
#558=CARTESIAN_POINT('',(-1.036897236553E1,3.079099783997E0,
-5.751471267068E-8));
#559=CARTESIAN_POINT('',(-1.037033424062E1,3.084182371045E0,2.795479836275E-1));
#560=CARTESIAN_POINT('',(-1.035043425632E1,3.094326666886E0,8.391155790244E-1));
#561=CARTESIAN_POINT('',(-1.025264647439E1,3.109591969179E0,1.674690025109E0));
#562=CARTESIAN_POINT('',(-1.008736031362E1,3.124836548025E0,2.500044460239E0));
#563=CARTESIAN_POINT('',(-9.856604696826E0,3.140056110458E0,3.307195599152E0));
#564=CARTESIAN_POINT('',(-9.560305701630E0,3.155310443387E0,4.095878986242E0));
#565=CARTESIAN_POINT('',(-9.201684205875E0,3.170545861839E0,4.856946878211E0));
#566=CARTESIAN_POINT('',(-8.781582160869E0,3.185808454096E0,5.588300690791E0));
#567=CARTESIAN_POINT('',(-8.305971433700E0,3.200988227293E0,6.280124066942E0));
#568=CARTESIAN_POINT('',(-7.774799327118E0,3.216217989709E0,6.933064423863E0));
#569=CARTESIAN_POINT('',(-7.192965306343E0,3.231412628425E0,7.540627437113E0));
#570=CARTESIAN_POINT('',(-6.562775124120E0,3.246659934878E0,8.100322693478E0));
#571=CARTESIAN_POINT('',(-5.890069815928E0,3.261847475028E0,8.606791897260E0));
#572=CARTESIAN_POINT('',(-5.177929598884E0,3.277087291086E0,9.057853119142E0));
#573=CARTESIAN_POINT('',(-4.431038015918E0,3.292289164829E0,9.450205025727E0));
#574=CARTESIAN_POINT('',(-3.655070548021E0,3.307531340058E0,9.780934418124E0));
#575=CARTESIAN_POINT('',(-2.853700791917E0,3.322744297369E0,1.004825174409E1));
#576=CARTESIAN_POINT('',(-2.035029819672E0,3.337963732098E0,1.024961618783E1));
#577=CARTESIAN_POINT('',(-1.201229310093E0,3.353161512263E0,1.038453556317E1));
#578=CARTESIAN_POINT('',(-3.597054971097E-1,3.368383450942E0,1.045166335110E1));
#579=CARTESIAN_POINT('',(4.849756038011E-1,3.383577173289E0,1.045066365190E1));
#580=CARTESIAN_POINT('',(1.326461359459E0,3.398789793460E0,1.038162753671E1));
#581=CARTESIAN_POINT('',(2.161839844094E0,3.414008334884E0,1.024446858592E1));
#582=CARTESIAN_POINT('',(2.980871167626E0,3.429194770592E0,1.004100599994E1));
#583=CARTESIAN_POINT('',(3.782843757060E0,3.444392250942E0,9.771580807300E0));
#584=CARTESIAN_POINT('',(4.560692860361E0,3.459609799286E0,9.438181451167E0));
#585=CARTESIAN_POINT('',(5.310007477144E0,3.474821502862E0,9.042623189795E0));
#586=CARTESIAN_POINT('',(6.024991142791E0,3.490051382851E0,8.587746824025E0));
#587=CARTESIAN_POINT('',(6.700029995521E0,3.505224910980E0,8.077466119117E0));
#588=CARTESIAN_POINT('',(7.333527820182E0,3.520465976198E0,7.512718552473E0));
#589=CARTESIAN_POINT('',(7.918235458205E0,3.535637931248E0,6.899909848073E0));
#590=CARTESIAN_POINT('',(8.452888790612E0,3.550884004985E0,6.240261045842E0));
#591=CARTESIAN_POINT('',(8.930411196021E0,3.566008302267E0,5.542970585240E0));
#592=CARTESIAN_POINT('',(9.351940203212E0,3.581228878158E0,4.806775285067E0));
#593=CARTESIAN_POINT('',(9.712651041904E0,3.596397413804E0,4.039021290987E0));
#594=CARTESIAN_POINT('',(9.911434574245E0,3.606538804587E0,3.508559835170E0));
#595=CARTESIAN_POINT('',(9.999997490939E0,3.611614444047E0,3.239596583859E0));
#597=CARTESIAN_POINT('',(9.999996354661E0,3.466036969634E0,2.166436099379E0));
#598=CARTESIAN_POINT('',(9.999996354661E0,3.453417286624E0,2.258253239016E0));
#599=CARTESIAN_POINT('',(1.000000175528E1,3.426838939702E0,2.441798871653E0));
#600=CARTESIAN_POINT('',(9.999999324543E0,3.383129929488E0,2.716488181043E0));
#601=CARTESIAN_POINT('',(1.000000040588E1,3.351476818645E0,2.899178032765E0));
#602=CARTESIAN_POINT('',(1.000000040588E1,3.335051763180E0,2.990414804629E0));
#604=CARTESIAN_POINT('',(1.000000040588E1,3.335051763180E0,2.990414804629E0));
#605=CARTESIAN_POINT('',(9.918017600005E0,3.331316455114E0,3.261072943388E0));
#606=CARTESIAN_POINT('',(9.732007418356E0,3.323864939590E0,3.795802591814E0));
#607=CARTESIAN_POINT('',(9.388816536422E0,3.312625255640E0,4.572534276437E0));
#608=CARTESIAN_POINT('',(8.983151366666E0,3.301429727815E0,5.319505809474E0));
#609=CARTESIAN_POINT('',(8.519887257977E0,3.290217237414E0,6.028554270552E0));
#610=CARTESIAN_POINT('',(7.998243623466E0,3.279002997326E0,6.700600523966E0));
#611=CARTESIAN_POINT('',(7.425186078705E0,3.267768295608E0,7.326197992283E0));
#612=CARTESIAN_POINT('',(6.802389928973E0,3.256559919726E0,7.903874393371E0));
#613=CARTESIAN_POINT('',(6.136748662393E0,3.245341476723E0,8.427362066177E0));
#614=CARTESIAN_POINT('',(5.430130153460E0,3.234148533328E0,8.895654216958E0));
#615=CARTESIAN_POINT('',(4.686458261143E0,3.222895638084E0,9.305535083201E0));
#616=CARTESIAN_POINT('',(3.913303444693E0,3.211697243492E0,9.652945322870E0));
#617=CARTESIAN_POINT('',(3.113866990687E0,3.200448343062E0,9.936483614248E0));
#618=CARTESIAN_POINT('',(2.296084332520E0,3.189263301939E0,1.015361822278E1));
#619=CARTESIAN_POINT('',(1.460232804034E0,3.177993113510E0,1.030406066553E1));
#620=CARTESIAN_POINT('',(6.165692839956E-1,3.166783531097E0,1.038567922235E1));
#621=CARTESIAN_POINT('',(-2.309344935663E-1,3.155530492532E0,1.039841049228E1));
#622=CARTESIAN_POINT('',(-1.076876406561E0,3.144309937432E0,1.034203805359E1));
#623=CARTESIAN_POINT('',(-1.914339436536E0,3.133062634357E0,1.021713167292E1));
#624=CARTESIAN_POINT('',(-2.738811991722E0,3.121847009048E0,1.002451099622E1));
#625=CARTESIAN_POINT('',(-3.544331018982E0,3.110606347247E0,9.765605633024E0));
#626=CARTESIAN_POINT('',(-4.326333337063E0,3.099385003460E0,9.441907336777E0));
#627=CARTESIAN_POINT('',(-5.078572278221E0,3.088152070212E0,9.056048395565E0));
#628=CARTESIAN_POINT('',(-5.796694633777E0,3.076934540709E0,8.610442539757E0));
#629=CARTESIAN_POINT('',(-6.475877275083E0,3.065706822932E0,8.108145097134E0));
#630=CARTESIAN_POINT('',(-7.112324783025E0,3.054478959372E0,7.551944067235E0));
#631=CARTESIAN_POINT('',(-7.701515887068E0,3.043237993075E0,6.945573537614E0));
#632=CARTESIAN_POINT('',(-8.238775983448E0,3.032012849226E0,6.293974058267E0));
#633=CARTESIAN_POINT('',(-8.721221926621E0,3.020778971111E0,5.600893758668E0));
#634=CARTESIAN_POINT('',(-9.146148593827E0,3.009532174897E0,4.869851255820E0));
#635=CARTESIAN_POINT('',(-9.509830021808E0,2.998282880249E0,4.107075130222E0));
#636=CARTESIAN_POINT('',(-9.809967352126E0,2.987042914531E0,3.317546189241E0));
#637=CARTESIAN_POINT('',(-1.004427980498E1,2.975823465764E0,2.508344258456E0));
#638=CARTESIAN_POINT('',(-1.021236647310E1,2.964579365424E0,1.680873191305E0));
#639=CARTESIAN_POINT('',(-1.031234324592E1,2.953336713488E0,8.429649281047E-1));
#640=CARTESIAN_POINT('',(-1.033326491660E1,2.945837897735E0,2.809267959990E-1));
#641=CARTESIAN_POINT('',(-1.033226204037E1,2.942095112669E0,4.150894665385E-8));
#643=CARTESIAN_POINT('',(-1.033226204037E1,2.942095112669E0,4.150894665385E-8));
#644=CARTESIAN_POINT('',(-1.033124919632E1,2.938315127238E0,
-2.837189058097E-1));
#645=CARTESIAN_POINT('',(-1.030584407021E1,2.930734386818E0,
-8.510884199958E-1));
#646=CARTESIAN_POINT('',(-1.019770052685E1,2.919367492395E0,-1.696679047424E0));
#647=CARTESIAN_POINT('',(-1.002046444124E1,2.908015941436E0,-2.529495635106E0));
#648=CARTESIAN_POINT('',(-9.775633896753E0,2.896660301682E0,-3.344077556950E0));
#649=CARTESIAN_POINT('',(-9.463811439950E0,2.885289297500E0,-4.137582147504E0));
#650=CARTESIAN_POINT('',(-9.088028280272E0,2.873910627199E0,-4.901843593472E0));
#651=CARTESIAN_POINT('',(-8.650281430547E0,2.862539315015E0,-5.632874358303E0));
#652=CARTESIAN_POINT('',(-8.155226773001E0,2.851182999192E0,-6.323475110591E0));
#653=CARTESIAN_POINT('',(-7.603259012609E0,2.839799446858E0,-6.972971119880E0));
#654=CARTESIAN_POINT('',(-7.000505856429E0,2.828421195593E0,-7.573721793745E0));
#655=CARTESIAN_POINT('',(-6.350294477469E0,2.817045728841E0,-8.122754924416E0));
#656=CARTESIAN_POINT('',(-5.657840640130E0,2.805674402647E0,-8.615751073416E0));
#657=CARTESIAN_POINT('',(-4.926858961340E0,2.794301252076E0,-9.050188509542E0));
#658=CARTESIAN_POINT('',(-4.162866017077E0,2.782924868612E0,-9.422674574727E0));
#659=CARTESIAN_POINT('',(-3.372070360192E0,2.771570234176E0,-9.730520471005E0));
#660=CARTESIAN_POINT('',(-2.557219575594E0,2.760183123115E0,-9.972551391220E0));
#661=CARTESIAN_POINT('',(-1.726581033053E0,2.748823247003E0,-1.014628694654E1));
#662=CARTESIAN_POINT('',(-8.837014899803E-1,2.737434864892E0,
-1.025108549223E1));
#663=CARTESIAN_POINT('',(-3.611993361622E-2,2.726075749131E0,
-1.028595409985E1));
#664=CARTESIAN_POINT('',(8.103176797721E-1,2.714709770125E0,-1.025099620389E1));
#665=CARTESIAN_POINT('',(1.651509283851E0,2.703353042711E0,-1.014641031640E1));
#666=CARTESIAN_POINT('',(2.481188586723E0,2.691974265900E0,-9.972898466251E0));
#667=CARTESIAN_POINT('',(3.294436797195E0,2.680598259145E0,-9.731305000330E0));
#668=CARTESIAN_POINT('',(4.082773674050E0,2.669236987012E0,-9.424439582710E0));
#669=CARTESIAN_POINT('',(4.845240669084E0,2.657855271856E0,-9.052677324676E0));
#670=CARTESIAN_POINT('',(5.573750930307E0,2.646465532079E0,-8.619602901091E0));
#671=CARTESIAN_POINT('',(6.034133051909E0,2.638886427458E0,-8.291704808272E0));
#672=CARTESIAN_POINT('',(6.257174456130E0,2.635084042784E0,-8.118512978990E0));
#674=CARTESIAN_POINT('',(0.E0,2.635085296108E0,0.E0));
#675=DIRECTION('',(0.E0,-1.E0,0.E0));
#676=DIRECTION('',(9.756097560976E-1,0.E0,2.195121951220E-1));
#677=AXIS2_PLACEMENT_3D('',#674,#675,#676);
#679=CARTESIAN_POINT('',(0.E0,2.635085296108E0,0.E0));
#680=DIRECTION('',(0.E0,1.E0,0.E0));
#681=DIRECTION('',(9.756127048689E-1,0.E0,-2.194990890604E-1));
#682=AXIS2_PLACEMENT_3D('',#679,#680,#681);
#684=CARTESIAN_POINT('',(7.249692957468E0,2.624679932557E0,-7.220478205791E0));
#685=CARTESIAN_POINT('',(7.146120384068E0,2.625837065580E0,-7.327309969228E0));
#686=CARTESIAN_POINT('',(6.934296921582E0,2.628146216858E0,-7.536461062473E0));
#687=CARTESIAN_POINT('',(6.603150784199E0,2.631623067758E0,-7.836098073537E0));
#688=CARTESIAN_POINT('',(6.373871975733E0,2.633926267149E0,-8.026040017380E0));
#689=CARTESIAN_POINT('',(6.257174456130E0,2.635084042784E0,-8.118512978990E0));
#691=CARTESIAN_POINT('',(0.E0,2.635085296108E0,0.E0));
#692=DIRECTION('',(0.E0,1.E0,0.E0));
#693=DIRECTION('',(6.104517318872E-1,0.E0,-7.920534597083E-1));
#694=AXIS2_PLACEMENT_3D('',#691,#692,#693);
#696=CARTESIAN_POINT('',(0.E0,2.E0,0.E0));
#697=DIRECTION('',(0.E0,-1.E0,0.E0));
#698=DIRECTION('',(-1.E0,0.E0,0.E0));
#699=AXIS2_PLACEMENT_3D('',#696,#697,#698);
#701=DIRECTION('',(8.660375769848E-1,4.999789148058E-1,-3.116232210169E-8));
#702=VECTOR('',#701,9.814540672347E-1);
#703=CARTESIAN_POINT('',(9.15E0,2.E0,0.E0));
#704=LINE('',#703,#702);
#705=CARTESIAN_POINT('',(9.999999845753E0,4.291055394085E0,-3.788873170573E0));
#706=CARTESIAN_POINT('',(9.999999845753E0,4.325714209392E0,-3.607081492228E0));
#707=CARTESIAN_POINT('',(1.000000007198E1,4.390046013306E0,-3.244543190104E0));
#708=CARTESIAN_POINT('',(9.999999979434E0,4.471087394379E0,-2.704568360754E0));
#709=CARTESIAN_POINT('',(1.E1,4.514779338266E0,-2.345548976155E0));
#710=CARTESIAN_POINT('',(1.E1,4.533955027810E0,-2.166403309879E0));
#712=DIRECTION('',(-5.727121931320E-1,-5.000014892522E-1,-6.496146970193E-1));
#713=VECTOR('',#712,6.155215677439E-1);
#714=CARTESIAN_POINT('',(-6.766532257146E0,4.865004426976E0,-7.675124272286E0));
#715=LINE('',#714,#713);
#716=CARTESIAN_POINT('',(1.E1,4.533955027810E0,-2.166403309879E0));
#717=CARTESIAN_POINT('',(1.E1,4.565420581262E0,-2.395337495784E0));
#718=CARTESIAN_POINT('',(9.999999890190E0,4.636961004762E0,-2.854676053066E0));
#719=CARTESIAN_POINT('',(1.000000038434E1,4.768751733442E0,-3.546172060754E0));
#720=CARTESIAN_POINT('',(9.999999176422E0,4.873130689028E0,-4.013016766756E0));
#721=CARTESIAN_POINT('',(9.999999176422E0,4.929243234246E0,-4.247598502838E0));
#723=CARTESIAN_POINT('',(9.999999176422E0,4.929243234246E0,-4.247598502838E0));
#724=CARTESIAN_POINT('',(9.889417577136E0,4.934200018811E0,-4.511334806358E0));
#725=CARTESIAN_POINT('',(9.647416424332E0,4.944101331283E0,-5.030032823507E0));
#726=CARTESIAN_POINT('',(9.224553616647E0,4.958962221857E0,-5.776545327966E0));
#727=CARTESIAN_POINT('',(8.743621694974E0,4.973816928199E0,-6.488129992396E0));
#728=CARTESIAN_POINT('',(8.209643096845E0,4.988622953651E0,-7.157841904721E0));
#729=CARTESIAN_POINT('',(7.623075654529E0,5.003480778760E0,-7.785210869826E0));
#730=CARTESIAN_POINT('',(6.988597495581E0,5.018317192753E0,-8.364616016450E0));
#731=CARTESIAN_POINT('',(6.310106126264E0,5.033181912446E0,-8.892525262966E0));
#732=CARTESIAN_POINT('',(5.591707513283E0,5.048028266013E0,-9.365575343556E0));
#733=CARTESIAN_POINT('',(4.837962640456E0,5.062880232915E0,-9.780737654356E0));
#734=CARTESIAN_POINT('',(4.052437050480E0,5.077761286976E0,-1.013575109E1));
#735=CARTESIAN_POINT('',(3.242277816811E0,5.092605795562E0,-1.042737115739E1));
#736=CARTESIAN_POINT('',(2.410788324462E0,5.107480487324E0,-1.065445544381E1));
#737=CARTESIAN_POINT('',(1.565533416385E0,5.122302518106E0,-1.081500418774E1));
#738=CARTESIAN_POINT('',(7.101097712513E-1,5.137129770187E0,-1.090864796269E1));
#739=CARTESIAN_POINT('',(-1.514879977725E-1,5.151980529925E0,
-1.093466384311E1));
#740=CARTESIAN_POINT('',(-1.011251970913E0,5.166797846538E0,-1.089281105305E1));
#741=CARTESIAN_POINT('',(-1.865183302379E0,5.181623766513E0,-1.078352723809E1));
#742=CARTESIAN_POINT('',(-2.708751025254E0,5.196444073254E0,-1.060721437998E1));
#743=CARTESIAN_POINT('',(-3.535952879588E0,5.211269437956E0,-1.036508483383E1));
#744=CARTESIAN_POINT('',(-4.342839225702E0,5.226113902228E0,-1.005805177681E1));
#745=CARTESIAN_POINT('',(-5.121550154740E0,5.240923258619E0,-9.689241835329E0));
#746=CARTESIAN_POINT('',(-5.870849303559E0,5.255770415999E0,-9.259196316645E0));
#747=CARTESIAN_POINT('',(-6.583380941379E0,5.270587625491E0,-8.771841324091E0));
#748=CARTESIAN_POINT('',(-7.031490734836E0,5.280480839513E0,-8.410518910964E0));
#749=CARTESIAN_POINT('',(-7.248080676771E0,5.285421063135E0,-8.221333914073E0));
#751=DIRECTION('',(5.727105309056E-1,-5.000058666662E-1,6.496127932001E-1));
#752=VECTOR('',#751,8.408234066573E-1);
#753=CARTESIAN_POINT('',(-7.248080676771E0,5.285421063135E0,-8.221333914073E0));
#754=LINE('',#753,#752);
#755=CARTESIAN_POINT('',(-6.766532257146E0,4.865004426976E0,-7.675124272286E0));
#756=CARTESIAN_POINT('',(-6.433940636696E0,4.858107656722E0,-7.968343227142E0));
#757=CARTESIAN_POINT('',(-5.730577841001E0,4.844307634671E0,-8.511471202219E0));
#758=CARTESIAN_POINT('',(-4.578836745366E0,4.823619928996E0,-9.182539336139E0));
#759=CARTESIAN_POINT('',(-3.349816716215E0,4.802928920203E0,-9.698632555459E0));
#760=CARTESIAN_POINT('',(-2.064264569094E0,4.782238796478E0,-1.005104793713E1));
#761=CARTESIAN_POINT('',(-7.438745743110E-1,4.761548435600E0,
-1.023383610610E1));
#762=CARTESIAN_POINT('',(5.890692917713E-1,4.740858138267E0,-1.024391275598E1));
#763=CARTESIAN_POINT('',(1.912071667114E0,4.720167823907E0,-1.008110772156E1));
#764=CARTESIAN_POINT('',(3.202804846105E0,4.699477514109E0,-9.748168647840E0));
#765=CARTESIAN_POINT('',(4.439485754581E0,4.678787203088E0,-9.250714404044E0));
#766=CARTESIAN_POINT('',(5.601243528530E0,4.658096892396E0,-8.597140314452E0));
#767=CARTESIAN_POINT('',(6.668471753905E0,4.637406581615E0,-7.798476452894E0));
#768=CARTESIAN_POINT('',(7.623159346612E0,4.616716270858E0,-6.868201516917E0));
#769=CARTESIAN_POINT('',(8.449194533285E0,4.596025960096E0,-5.822015277455E0));
#770=CARTESIAN_POINT('',(9.132636700257E0,4.575335649334E0,-4.677573901097E0));
#771=CARTESIAN_POINT('',(9.661951888146E0,4.554645338572E0,-3.454190929952E0));
#772=CARTESIAN_POINT('',(9.906121695459E0,4.540851798064E0,-2.599740467344E0));
#773=CARTESIAN_POINT('',(1.E1,4.533955027810E0,-2.166403309879E0));
#775=CARTESIAN_POINT('',(9.999999612015E0,5.164364982511E0,-4.406249585628E0));
#776=CARTESIAN_POINT('',(9.881040648040E0,5.168109278719E0,-4.678715569296E0));
#777=CARTESIAN_POINT('',(9.620846644033E0,5.175616348436E0,-5.213986105557E0));
#778=CARTESIAN_POINT('',(9.166443946532E0,5.186860572767E0,-5.982385296422E0));
#779=CARTESIAN_POINT('',(8.650526574265E0,5.198112899836E0,-6.711666190084E0));
#780=CARTESIAN_POINT('',(8.077958318401E0,5.209336018521E0,-7.395287650805E0));
#781=CARTESIAN_POINT('',(7.450569865629E0,5.220582309681E0,-8.031174775901E0));
#782=CARTESIAN_POINT('',(6.772711770329E0,5.231833993354E0,-8.614360254020E0));
#783=CARTESIAN_POINT('',(6.049843092641E0,5.243078393504E0,-9.140117673769E0));
#784=CARTESIAN_POINT('',(5.286619786354E0,5.254321414206E0,-9.605255903152E0));
#785=CARTESIAN_POINT('',(4.485951122460E0,5.265584100964E0,-1.000760884185E1));
#786=CARTESIAN_POINT('',(3.655706380423E0,5.276839983910E0,-1.034299212610E1));
#787=CARTESIAN_POINT('',(2.800630056932E0,5.288097654272E0,-1.060964656368E1));
#788=CARTESIAN_POINT('',(1.926807682888E0,5.299345573695E0,-1.080559351492E1));
#789=CARTESIAN_POINT('',(1.041362526346E0,5.310576696661E0,-1.092954066392E1));
#790=CARTESIAN_POINT('',(1.479857654562E-1,5.321810232504E0,-1.098105540508E1));
#791=CARTESIAN_POINT('',(-7.464891923159E-1,5.333040264423E0,
-1.095969691907E1));
#792=CARTESIAN_POINT('',(-1.637676373831E0,5.344290051179E0,-1.086534742967E1));
#793=CARTESIAN_POINT('',(-2.515589884719E0,5.355496907752E0,-1.069929841577E1));
#794=CARTESIAN_POINT('',(-3.378808899227E0,5.366725119733E0,-1.046202043119E1));
#795=CARTESIAN_POINT('',(-4.220172691821E0,5.377954976116E0,-1.015513890273E1));
#796=CARTESIAN_POINT('',(-5.034519122116E0,5.389189443580E0,-9.780393862612E0));
#797=CARTESIAN_POINT('',(-5.814530469293E0,5.400410815864E0,-9.341307023210E0));
#798=CARTESIAN_POINT('',(-6.557952098774E0,5.411648382568E0,-8.839066384881E0));
#799=CARTESIAN_POINT('',(-7.257871497774E0,5.422887211450E0,-8.277995812921E0));
#800=CARTESIAN_POINT('',(-7.692742525898E0,5.430367046942E0,-7.866954732683E0));
#801=CARTESIAN_POINT('',(-7.901481787200E0,5.434120940512E0,-7.652880424377E0));
#803=CARTESIAN_POINT('',(0.E0,5.434123401785E0,0.E0));
#804=DIRECTION('',(0.E0,1.E0,0.E0));
#805=DIRECTION('',(-7.183165442097E-1,0.E0,-6.957164237781E-1));
#806=AXIS2_PLACEMENT_3D('',#803,#804,#805);
#808=CARTESIAN_POINT('',(-1.098099617326E1,5.433850239675E0,
-6.421158383329E-1));
#809=CARTESIAN_POINT('',(-1.096279083655E1,5.428886003080E0,
-9.306655323541E-1));
#810=CARTESIAN_POINT('',(-1.090381253249E1,5.418745203485E0,-1.506319914772E0));
#811=CARTESIAN_POINT('',(-1.074734933187E1,5.404429195747E0,-2.360087675220E0));
#812=CARTESIAN_POINT('',(-1.052405675320E1,5.389490972915E0,-3.198804676618E0));
#813=CARTESIAN_POINT('',(-1.023528451616E1,5.374454016118E0,-4.017259125900E0));
#814=CARTESIAN_POINT('',(-9.882849658158E0,5.359295212495E0,-4.810355474554E0));
#815=CARTESIAN_POINT('',(-9.468947952449E0,5.344144643738E0,-5.573159881188E0));
#816=CARTESIAN_POINT('',(-8.996155989622E0,5.329070342959E0,-6.300922026687E0));
#817=CARTESIAN_POINT('',(-8.467427651046E0,5.314235923269E0,-6.989127163475E0));
#818=CARTESIAN_POINT('',(-7.886012496261E0,5.299481882701E0,-7.633436351982E0));
#819=CARTESIAN_POINT('',(-7.465791645423E0,5.290386856842E0,-8.031169733207E0));
#820=CARTESIAN_POINT('',(-7.248080676771E0,5.285421063135E0,-8.221333914073E0));
#822=CARTESIAN_POINT('',(9.999999612015E0,5.164364982511E0,-4.406249585628E0));
#823=CARTESIAN_POINT('',(9.999999612015E0,5.219892902411E0,-4.153263402322E0));
#824=CARTESIAN_POINT('',(1.000000070127E1,5.321589024986E0,-3.650125383126E0));
#825=CARTESIAN_POINT('',(9.999998127520E0,5.444820338935E0,-2.906164432470E0));
#826=CARTESIAN_POINT('',(1.000000390161E1,5.507628680403E0,-2.412367483335E0));
#827=CARTESIAN_POINT('',(1.000000390161E1,5.533956496089E0,-2.166404271759E0));
#829=CARTESIAN_POINT('',(1.000000390161E1,6.466042965463E0,2.166404061724E0));
#830=CARTESIAN_POINT('',(1.000000390161E1,6.438863489996E0,2.364153995098E0));
#831=CARTESIAN_POINT('',(9.999998219678E0,6.378121929384E0,2.761157174032E0));
#832=CARTESIAN_POINT('',(1.000000037872E1,6.265844067175E0,3.371115569999E0));
#833=CARTESIAN_POINT('',(1.000000026545E1,6.139128531491E0,3.965810216797E0));
#834=CARTESIAN_POINT('',(9.999999128146E0,6.040592513348E0,4.376022758278E0));
#835=CARTESIAN_POINT('',(9.999999128146E0,5.988189697349E0,4.582575268625E0));
#837=CARTESIAN_POINT('',(9.999999116151E0,6.875032463398E0,4.582575316371E0));
#838=CARTESIAN_POINT('',(9.999999116151E0,6.828090019328E0,4.376140037787E0));
#839=CARTESIAN_POINT('',(1.000000027102E1,6.740624630829E0,3.966089988084E0));
#840=CARTESIAN_POINT('',(1.000000037722E1,6.630390506240E0,3.370164844624E0));
#841=CARTESIAN_POINT('',(9.999998220106E0,6.536063693426E0,2.761310823472E0));
#842=CARTESIAN_POINT('',(1.000000390161E1,6.487215995305E0,2.364209593491E0));
#843=CARTESIAN_POINT('',(1.000000390161E1,6.466042965463E0,2.166404061724E0));
#845=CARTESIAN_POINT('',(1.000000390161E1,6.466042965463E0,2.166404061724E0));
#846=CARTESIAN_POINT('',(9.867842098259E0,6.456333683389E0,2.776455795177E0));
#847=CARTESIAN_POINT('',(9.491554724544E0,6.436918493772E0,3.972289553359E0));
#848=CARTESIAN_POINT('',(8.610101963828E0,6.407789291247E0,5.633373500216E0));
#849=CARTESIAN_POINT('',(7.441058364333E0,6.378661808447E0,7.106292031195E0));
#850=CARTESIAN_POINT('',(6.023474380966E0,6.349533864848E0,8.341852144516E0));
#851=CARTESIAN_POINT('',(4.404698372044E0,6.320406044719E0,9.298783351795E0));
#852=CARTESIAN_POINT('',(2.638799754156E0,6.291278191508E0,9.945123218251E0));
#853=CARTESIAN_POINT('',(7.847617685783E-1,6.262150347160E0,1.025928306004E1));
#854=CARTESIAN_POINT('',(-1.095488300563E0,6.233022500437E0,1.023076954123E1));
#855=CARTESIAN_POINT('',(-2.939147666469E0,6.203894654350E0,9.860535029960E0));
#856=CARTESIAN_POINT('',(-4.684635709570E0,6.174766808093E0,9.160945825654E0));
#857=CARTESIAN_POINT('',(-6.273650856139E0,6.145638961882E0,8.155369100102E0));
#858=CARTESIAN_POINT('',(-7.653117924730E0,6.116511115658E0,6.877392407675E0));
#859=CARTESIAN_POINT('',(-8.776960906894E0,6.087383269438E0,5.369701818209E0));
#860=CARTESIAN_POINT('',(-9.607641966244E0,6.058255423218E0,3.682656148496E0));
#861=CARTESIAN_POINT('',(-1.011741525203E1,6.029127576997E0,1.872604913680E0));
#862=CARTESIAN_POINT('',(-1.028925364802E1,5.999999730776E0,6.181360087232E-6));
#863=CARTESIAN_POINT('',(-1.011741750197E1,5.970871884555E0,-1.872592805649E0));
#864=CARTESIAN_POINT('',(-9.607646339461E0,5.941744038334E0,-3.682644788129E0));
#865=CARTESIAN_POINT('',(-8.776967158324E0,5.912616192113E0,-5.369691650297E0));
#866=CARTESIAN_POINT('',(-7.653125706882E0,5.883488345893E0,-6.877383800050E0));
#867=CARTESIAN_POINT('',(-6.273659741897E0,5.854360499669E0,-8.155362319686E0));
#868=CARTESIAN_POINT('',(-4.684645220450E0,5.825232653459E0,-9.160941020887E0));
#869=CARTESIAN_POINT('',(-2.939157304628E0,5.796104807202E0,-9.860532220783E0));
#870=CARTESIAN_POINT('',(-1.095497582641E0,5.766976961115E0,-1.023076861739E1));
#871=CARTESIAN_POINT('',(7.847532778740E-1,5.737849114392E0,-1.025928378803E1));
#872=CARTESIAN_POINT('',(2.638792410833E0,5.708721270044E0,-9.945125256558E0));
#873=CARTESIAN_POINT('',(4.404692425983E0,5.679593416832E0,-9.298786273903E0));
#874=CARTESIAN_POINT('',(6.023469955270E0,5.650465596703E0,-8.341855468340E0));
#875=CARTESIAN_POINT('',(7.441055442386E0,5.621337653104E0,-7.106295253411E0));
#876=CARTESIAN_POINT('',(8.610100385150E0,5.592210170305E0,-5.633376133542E0));
#877=CARTESIAN_POINT('',(9.491554190112E0,5.563080967780E0,-3.972291164595E0));
#878=CARTESIAN_POINT('',(9.867841978147E0,5.543665778162E0,-2.776456496657E0));
#879=CARTESIAN_POINT('',(1.000000390161E1,5.533956496089E0,-2.166404271759E0));
#881=CARTESIAN_POINT('',(1.000000390161E1,5.533956496089E0,-2.166404271759E0));
#882=CARTESIAN_POINT('',(1.000000390161E1,5.561135334813E0,-2.364149573614E0));
#883=CARTESIAN_POINT('',(9.999998219678E0,5.621875212727E0,-2.761144915408E0));
#884=CARTESIAN_POINT('',(1.000000037872E1,5.734158532248E0,-3.371131227326E0));
#885=CARTESIAN_POINT('',(1.000000026544E1,5.860865721193E0,-3.965786476342E0));
#886=CARTESIAN_POINT('',(9.999999128151E0,5.959404409235E0,-4.376012962003E0));
#887=CARTESIAN_POINT('',(9.999999128151E0,6.011809708491E0,-4.582575268627E0));
#889=CARTESIAN_POINT('',(9.999999116151E0,6.875032463398E0,4.582575316371E0));
#890=CARTESIAN_POINT('',(9.771343758740E0,6.867091970696E0,5.081477697534E0));
#891=CARTESIAN_POINT('',(9.180062689647E0,6.849439527868E0,6.152376044538E0));
#892=CARTESIAN_POINT('',(7.999595737653E0,6.822081723896E0,7.639700413792E0));
#893=CARTESIAN_POINT('',(6.475603819997E0,6.792953520265E0,8.968002332120E0));
#894=CARTESIAN_POINT('',(4.735320949195E0,6.763825769808E0,9.996762311810E0));
#895=CARTESIAN_POINT('',(2.836871499867E0,6.734697897942E0,1.069161722948E1));
#896=CARTESIAN_POINT('',(8.436670279187E-1,6.705570058538E0,1.102935834059E1));
#897=CARTESIAN_POINT('',(-1.177717095597E0,6.676442210693E0,1.099870455460E1));
#898=CARTESIAN_POINT('',(-3.159763953305E0,6.647314364152E0,1.060067975542E1));
#899=CARTESIAN_POINT('',(-5.036270630183E0,6.618186520838E0,9.848578465188E0));
#900=CARTESIAN_POINT('',(-6.744559323222E0,6.589058663311E0,8.767521828404E0));
#901=CARTESIAN_POINT('',(-8.227571077238E0,6.559930859407E0,7.393618525178E0));
#902=CARTESIAN_POINT('',(-9.435770917807E0,6.530802855224E0,5.772758696835E0));
#903=CARTESIAN_POINT('',(-1.032880501078E1,6.501675598534E0,3.959081163593E0));
#904=CARTESIAN_POINT('',(-1.087683934124E1,6.472545520148E0,2.013162954906E0));
#905=CARTESIAN_POINT('',(-1.100000650050E1,6.453132398102E0,6.710550581694E-1));
#906=CARTESIAN_POINT('',(-1.100000649774E1,6.443423084029E0,
-1.758988159792E-8));
#908=CARTESIAN_POINT('',(-1.100000649774E1,6.443423084029E0,
-1.758988159792E-8));
#909=CARTESIAN_POINT('',(-1.100000649498E1,6.433713833955E0,
-6.710506700942E-1));
#910=CARTESIAN_POINT('',(-1.087684055591E1,6.414289827695E0,-2.013154229877E0));
#911=CARTESIAN_POINT('',(-1.032880971227E1,6.385164213656E0,-3.959068946126E0));
#912=CARTESIAN_POINT('',(-9.435777638476E0,6.356035777898E0,-5.772747766879E0));
#913=CARTESIAN_POINT('',(-8.227579443528E0,6.326908089640E0,-7.393609271139E0));
#914=CARTESIAN_POINT('',(-6.744568875957E0,6.297780201101E0,-8.767514539126E0));
#915=CARTESIAN_POINT('',(-5.036280854960E0,6.268652366188E0,-9.848573299744E0));
#916=CARTESIAN_POINT('',(-3.159774314921E0,6.239524517055E0,-1.060067673539E1));
#917=CARTESIAN_POINT('',(-1.177727074380E0,6.210396671175E0,-1.099870356141E1));
#918=CARTESIAN_POINT('',(8.436578998145E-1,6.181268826501E0,-1.102935912328E1));
#919=CARTESIAN_POINT('',(2.836863605630E0,6.152140973756E0,-1.069161942057E1));
#920=CARTESIAN_POINT('',(4.735314555750E0,6.123013152084E0,-9.996765454038E0));
#921=CARTESIAN_POINT('',(6.475599066072E0,6.093885214191E0,-8.968005902513E0));
#922=CARTESIAN_POINT('',(7.999592581568E0,6.064757710111E0,-7.639703888770E0));
#923=CARTESIAN_POINT('',(9.180061416297E0,6.037397443236E0,-6.152378296231E0));
#924=CARTESIAN_POINT('',(9.771343297757E0,6.019750211865E0,-5.081478697356E0));
#925=CARTESIAN_POINT('',(9.999999128151E0,6.011809708491E0,-4.582575268627E0));
#927=DIRECTION('',(-1.060448780871E-7,9.999999999999E-1,-4.219225399501E-7));
#928=VECTOR('',#927,1.131577543491E-1);
#929=CARTESIAN_POINT('',(9.999999128151E0,6.011809708491E0,-4.582575268627E0));
#930=LINE('',#929,#928);
#931=CARTESIAN_POINT('',(9.999999116151E0,6.124967462840E0,-4.582575316371E0));
#932=CARTESIAN_POINT('',(9.771343720280E0,6.132907956929E0,-5.081477779812E0));
#933=CARTESIAN_POINT('',(9.180062587240E0,6.150560391133E0,-6.152376246527E0));
#934=CARTESIAN_POINT('',(7.999595471076E0,6.177918203095E0,-7.639700711870E0));
#935=CARTESIAN_POINT('',(6.475603407242E0,6.207046407592E0,-8.968002645449E0));
#936=CARTESIAN_POINT('',(4.735320384654E0,6.236174160746E0,-9.996762588999E0));
#937=CARTESIAN_POINT('',(2.836870795498E0,6.265302034818E0,-1.069161742258E1));
#938=CARTESIAN_POINT('',(8.436662074265E-1,6.294429876560E0,-1.102935840640E1));
#939=CARTESIAN_POINT('',(-1.177717997471E0,6.323557726707E0,-1.099870445818E1));
#940=CARTESIAN_POINT('',(-3.159764893677E0,6.352685575564E0,-1.060067947228E1));
#941=CARTESIAN_POINT('',(-5.036271561010E0,6.381813421175E0,-9.848577982984E0));
#942=CARTESIAN_POINT('',(-6.744560194441E0,6.410941281060E0,-8.767521147679E0));
#943=CARTESIAN_POINT('',(-8.227571840732E0,6.440069087098E0,-7.393617659350E0));
#944=CARTESIAN_POINT('',(-9.435771528272E0,6.469197094250E0,-5.772757671330E0));
#945=CARTESIAN_POINT('',(-1.032880543727E1,6.498324350791E0,-3.959080014237E0));
#946=CARTESIAN_POINT('',(-1.087683942354E1,6.527454434626E0,-2.013162128868E0));
#947=CARTESIAN_POINT('',(-1.100000650620E1,6.546867529354E0,
-6.710546428354E-1));
#948=CARTESIAN_POINT('',(-1.100000650304E1,6.556576838162E0,1.736180487641E-8));
#950=CARTESIAN_POINT('',(-1.100000650304E1,6.556576838162E0,1.736180487641E-8));
#951=CARTESIAN_POINT('',(-1.100000649989E1,6.566286095041E0,6.710510885543E-1));
#952=CARTESIAN_POINT('',(-1.087684040362E1,6.585710131697E0,2.013155065309E0));
#953=CARTESIAN_POINT('',(-1.032880924059E1,6.614835744912E0,3.959070112882E0));
#954=CARTESIAN_POINT('',(-9.435776963222E0,6.643964185437E0,5.772748815092E0));
#955=CARTESIAN_POINT('',(-8.227578603189E0,6.673091875346E0,7.393610161130E0));
#956=CARTESIAN_POINT('',(-6.744567910777E0,6.702219766371E0,8.767515240682E0));
#957=CARTESIAN_POINT('',(-5.036279812979E0,6.731347603547E0,9.848573794006E0));
#958=CARTESIAN_POINT('',(-3.159773246595E0,6.760475455002E0,1.060067701604E1));
#959=CARTESIAN_POINT('',(-1.177726029962E0,6.789603303194E0,1.099870363505E1));
#960=CARTESIAN_POINT('',(8.436588738137E-1,6.818731150156E0,1.102935900906E1));
#961=CARTESIAN_POINT('',(2.836864469221E0,6.847859005302E0,1.069161914878E1));
#962=CARTESIAN_POINT('',(4.735315279317E0,6.876986828942E0,9.996765064601E0));
#963=CARTESIAN_POINT('',(6.475599628463E0,6.906114770420E0,8.968005440467E0));
#964=CARTESIAN_POINT('',(7.999592986867E0,6.935242272055E0,7.639703408086E0));
#965=CARTESIAN_POINT('',(9.180061562590E0,6.962602555772E0,6.152377937793E0));
#966=CARTESIAN_POINT('',(9.771343369926E0,6.980249751052E0,5.081478540091E0));
#967=CARTESIAN_POINT('',(9.999999128150E0,6.988190253061E0,4.582575268627E0));
#969=DIRECTION('',(-1.060310150094E-7,-9.999999999999E-1,4.219291976853E-7));
#970=VECTOR('',#969,1.131577896630E-1);
#971=CARTESIAN_POINT('',(9.999999128150E0,6.988190253061E0,4.582575268627E0));
#972=LINE('',#971,#970);
#973=CARTESIAN_POINT('',(9.999999116151E0,6.124967462840E0,-4.582575316371E0));
#974=CARTESIAN_POINT('',(9.999999116151E0,6.171890408033E0,-4.376225787128E0));
#975=CARTESIAN_POINT('',(1.000000027102E1,6.259334618275E0,-3.966303100735E0));
#976=CARTESIAN_POINT('',(1.000000037722E1,6.369626277636E0,-3.370066455421E0));
#977=CARTESIAN_POINT('',(9.999998220106E0,6.463909540806E0,-2.761489965893E0));
#978=CARTESIAN_POINT('',(1.000000390161E1,6.512776354218E0,-2.364280392348E0));
#979=CARTESIAN_POINT('',(1.000000390161E1,6.533956963708E0,-2.166404048890E0));
#981=CARTESIAN_POINT('',(1.000000390161E1,7.466043507008E0,2.166404020741E0));
#982=CARTESIAN_POINT('',(1.000000390161E1,7.438862867808E0,2.364162437550E0));
#983=CARTESIAN_POINT('',(9.999998219678E0,7.378120314365E0,2.761174516768E0));
#984=CARTESIAN_POINT('',(1.000000037872E1,7.265829181915E0,3.371191376089E0));
#985=CARTESIAN_POINT('',(1.000000026544E1,7.139134866024E0,3.965781512037E0));
#986=CARTESIAN_POINT('',(9.999999128150E0,7.040596326185E0,4.376009914145E0));
#987=CARTESIAN_POINT('',(9.999999128150E0,6.988190253061E0,4.582575268627E0));
#989=CARTESIAN_POINT('',(9.999999116155E0,7.875033033175E0,4.582575316373E0));
#990=CARTESIAN_POINT('',(9.999999116155E0,7.828110217187E0,4.376226362803E0));
#991=CARTESIAN_POINT('',(1.000000027101E1,7.740666141144E0,3.966304536356E0));
#992=CARTESIAN_POINT('',(1.000000037722E1,7.630373987454E0,3.370065166701E0));
#993=CARTESIAN_POINT('',(9.999998220106E0,7.536091131563E0,2.761491215875E0));
#994=CARTESIAN_POINT('',(1.000000390161E1,7.487224172521E0,2.364280871592E0));
#995=CARTESIAN_POINT('',(1.000000390161E1,7.466043507008E0,2.166404020741E0));
#997=CARTESIAN_POINT('',(1.000000390161E1,7.466043507008E0,2.166404020741E0));
#998=CARTESIAN_POINT('',(9.867842002178E0,7.456334224164E0,2.776456205623E0));
#999=CARTESIAN_POINT('',(9.491554276388E0,7.436919033007E0,3.972290802269E0));
#1000=CARTESIAN_POINT('',(8.610100597525E0,7.407789828172E0,5.633375700361E0));
#1001=CARTESIAN_POINT('',(7.441055801882E0,7.378662343062E0,7.106294792301E0));
#1002=CARTESIAN_POINT('',(6.023470470145E0,7.349534397153E0,8.341855025764E0));
#1003=CARTESIAN_POINT('',(4.404693091525E0,7.320406574714E0,9.298785896468E0));
#1004=CARTESIAN_POINT('',(2.638793209975E0,7.291278719192E0,9.945124987742E0));
#1005=CARTESIAN_POINT('',(7.847541825729E-1,7.262150872534E0,1.025928366522E1));
#1006=CARTESIAN_POINT('',(-1.095496609368E0,7.233023023501E0,1.023076866939E1));
#1007=CARTESIAN_POINT('',(-2.939156306155E0,7.203895175104E0,9.860532465922E0));
#1008=CARTESIAN_POINT('',(-4.684644243641E0,7.174767326537E0,9.160941465853E0));
#1009=CARTESIAN_POINT('',(-6.273658834041E0,7.145639478016E0,8.155362959096E0));
#1010=CARTESIAN_POINT('',(-7.653124912639E0,7.116511629482E0,6.877384616801E0));
#1011=CARTESIAN_POINT('',(-8.776966516887E0,7.087383780952E0,5.369692616656E0));
#1012=CARTESIAN_POINT('',(-9.607645882081E0,7.058255932420E0,3.682645867477E0));
#1013=CARTESIAN_POINT('',(-1.011741725001E1,7.029128083889E0,1.872593954776E0));
#1014=CARTESIAN_POINT('',(-1.028925361162E1,7.000000235358E0,
-5.009552274227E-6));
#1015=CARTESIAN_POINT('',(-1.011741542954E1,6.970872386827E0,
-1.872603767245E0));
#1016=CARTESIAN_POINT('',(-9.607642344316E0,6.941744538296E0,
-3.682655073445E0));
#1017=CARTESIAN_POINT('',(-8.776961461406E0,6.912616689765E0,
-5.369700855638E0));
#1018=CARTESIAN_POINT('',(-7.653118622340E0,6.883488841235E0,
-6.877391591199E0));
#1019=CARTESIAN_POINT('',(-6.273651656464E0,6.854360992701E0,
-8.155368453743E0));
#1020=CARTESIAN_POINT('',(-4.684636567829E0,6.825233144180E0,
-9.160945362332E0));
#1021=CARTESIAN_POINT('',(-2.939148536445E0,6.796105295613E0,
-9.860534750678E0));
#1022=CARTESIAN_POINT('',(-1.095489137701E0,6.766977447216E0,
-1.023076943502E1));
#1023=CARTESIAN_POINT('',(7.847610041148E-1,6.737849598183E0,
-1.025928310470E1));
#1024=CARTESIAN_POINT('',(2.638799094676E0,6.708721751525E0,-9.945123381805E0));
#1025=CARTESIAN_POINT('',(4.404697839930E0,6.679593896003E0,-9.298783594677E0));
#1026=CARTESIAN_POINT('',(6.023473986860E0,6.650466073564E0,-8.341852422300E0));
#1027=CARTESIAN_POINT('',(7.441058106028E0,6.621338127655E0,-7.106292297757E0));
#1028=CARTESIAN_POINT('',(8.610101825965E0,6.592210642545E0,-5.633373711142E0));
#1029=CARTESIAN_POINT('',(9.491554679177E0,6.563081437709E0,-3.972289669405E0));
#1030=CARTESIAN_POINT('',(9.867842088474E0,6.543666246552E0,-2.776455827456E0));
#1031=CARTESIAN_POINT('',(1.000000390161E1,6.533956963708E0,-2.166404048890E0));
#1033=CARTESIAN_POINT('',(1.000000390161E1,6.533956963708E0,-2.166404048890E0));
#1034=CARTESIAN_POINT('',(1.000000390161E1,6.561137556756E0,-2.364162113268E0));
#1035=CARTESIAN_POINT('',(9.999998219678E0,6.621880002160E0,-2.761173661462E0));
#1036=CARTESIAN_POINT('',(1.000000037872E1,6.734171461232E0,-3.371192202482E0));
#1037=CARTESIAN_POINT('',(1.000000026545E1,6.860865414744E0,-3.965780569073E0));
#1038=CARTESIAN_POINT('',(9.999999128146E0,6.959404065297E0,-4.376009537304E0));
#1039=CARTESIAN_POINT('',(9.999999128146E0,7.011810235674E0,-4.582575268625E0));
#1041=CARTESIAN_POINT('',(9.999999116155E0,7.875033033175E0,4.582575316373E0));
#1042=CARTESIAN_POINT('',(9.771343371510E0,7.867092531867E0,5.081478540818E0));
#1043=CARTESIAN_POINT('',(9.180061504619E0,7.849440084720E0,6.152378024073E0));
#1044=CARTESIAN_POINT('',(7.999592994924E0,7.822082268225E0,7.639703394091E0));
#1045=CARTESIAN_POINT('',(6.475599626304E0,7.792954062962E0,8.968005444217E0));
#1046=CARTESIAN_POINT('',(4.735315279895E0,7.763826310013E0,9.996765063596E0));
#1047=CARTESIAN_POINT('',(2.836864469066E0,7.734698435886E0,1.069161914905E1));
#1048=CARTESIAN_POINT('',(8.436588738552E-1,7.705570594159E0,1.102935900899E1));
#1049=CARTESIAN_POINT('',(-1.177726029973E0,7.676442744008E0,1.099870363508E1));
#1050=CARTESIAN_POINT('',(-3.159773246593E0,7.647314895152E0,1.060067701603E1));
#1051=CARTESIAN_POINT('',(-5.036279812978E0,7.618187049540E0,9.848573794030E0));
#1052=CARTESIAN_POINT('',(-6.744567910782E0,7.589059189659E0,8.767515240597E0));
#1053=CARTESIAN_POINT('',(-8.227578603172E0,7.559931383610E0,7.393610161444E0));
#1054=CARTESIAN_POINT('',(-9.435776963285E0,7.530803376503E0,5.772748813919E0));
#1055=CARTESIAN_POINT('',(-1.032880924035E1,7.501676119794E0,3.959070117257E0));
#1056=CARTESIAN_POINT('',(-1.087684041088E1,7.472546088175E0,2.013155026312E0));
#1057=CARTESIAN_POINT('',(-1.100000650231E1,7.453133043454E0,
6.710510768277E-1));
#1058=CARTESIAN_POINT('',(-1.100000650116E1,7.443423786235E0,
-1.781777510395E-8));
#1060=CARTESIAN_POINT('',(-1.100000650116E1,7.443423786235E0,
-1.781777510395E-8));
#1061=CARTESIAN_POINT('',(-1.100000650001E1,7.433714477766E0,
-6.710546545620E-1));
#1062=CARTESIAN_POINT('',(-1.087683941803E1,7.414290391123E0,
-2.013162167865E0));
#1063=CARTESIAN_POINT('',(-1.032880543704E1,7.385164725667E0,
-3.959080009862E0));
#1064=CARTESIAN_POINT('',(-9.435771528335E0,7.356036285317E0,
-5.772757672503E0));
#1065=CARTESIAN_POINT('',(-8.227571840715E0,7.326908595361E0,
-7.393617659036E0));
#1066=CARTESIAN_POINT('',(-6.744560194446E0,7.297780704349E0,
-8.767521147764E0));
#1067=CARTESIAN_POINT('',(-5.036271561008E0,7.268652867169E0,
-9.848577982960E0));
#1068=CARTESIAN_POINT('',(-3.159764893680E0,7.239525015715E0,
-1.060067947229E1));
#1069=CARTESIAN_POINT('',(-1.177717997460E0,7.210397167524E0,
-1.099870445816E1));
#1070=CARTESIAN_POINT('',(8.436662073849E-1,7.181269320557E0,
-1.102935840647E1));
#1071=CARTESIAN_POINT('',(2.836870795653E0,7.152141465426E0,-1.069161742231E1));
#1072=CARTESIAN_POINT('',(4.735320384076E0,7.123013641730E0,-9.996762590004E0));
#1073=CARTESIAN_POINT('',(6.475603409400E0,7.093885700458E0,-8.968002641699E0));
#1074=CARTESIAN_POINT('',(7.999595463019E0,7.064758198057E0,-7.639700725866E0));
#1075=CARTESIAN_POINT('',(9.180062645210E0,7.037397924245E0,-6.152376160246E0));
#1076=CARTESIAN_POINT('',(9.771343718696E0,7.019750730463E0,-5.081477779085E0));
#1077=CARTESIAN_POINT('',(9.999999128146E0,7.011810235674E0,-4.582575268625E0));
#1079=DIRECTION('',(1.259558783417E-6,9.999999999987E-1,-1.007300926099E-6));
#1080=VECTOR('',#1079,1.131579831642E-1);
#1081=CARTESIAN_POINT('',(9.999999128146E0,7.011810235674E0,-4.582575268625E0));
#1082=LINE('',#1081,#1080);
#1083=CARTESIAN_POINT('',(9.999999270675E0,7.124968218838E0,-4.582575382609E0));
#1084=CARTESIAN_POINT('',(9.912962457178E0,7.127991101558E0,-4.772509621269E0));
#1085=CARTESIAN_POINT('',(9.598771540427E0,7.138267403940E0,-5.409576984855E0));
#1086=CARTESIAN_POINT('',(8.959065723100E0,7.155789080196E0,-6.441344640992E0));
#1087=CARTESIAN_POINT('',(7.997934039919E0,7.177541193744E0,-7.601890151001E0));
#1088=CARTESIAN_POINT('',(6.887653127756E0,7.199292404490E0,-8.620669468182E0));
#1089=CARTESIAN_POINT('',(5.648922111851E0,7.221043857140E0,-9.478680315080E0));
#1090=CARTESIAN_POINT('',(4.304843993771E0,7.242795244972E0,-1.015992231026E1));
#1091=CARTESIAN_POINT('',(2.880484161688E0,7.264546650174E0,-1.065169065861E1));
#1092=CARTESIAN_POINT('',(1.402405794506E0,7.286298050720E0,-1.094481434564E1));
#1093=CARTESIAN_POINT('',(-1.018262815075E-1,7.308049452513E0,
-1.103382683221E1));
#1094=CARTESIAN_POINT('',(-1.604159447436E0,7.329800853976E0,
-1.091706809214E1));
#1095=CARTESIAN_POINT('',(-3.076576503336E0,7.351552255511E0,
-1.059671554708E1));
#1096=CARTESIAN_POINT('',(-4.491618148893E0,7.373303657091E0,
-1.007874346715E1));
#1097=CARTESIAN_POINT('',(-5.822895082655E0,7.395055058417E0,
-9.372811555424E0));
#1098=CARTESIAN_POINT('',(-7.045580126673E0,7.416806460714E0,
-8.492084804428E0));
#1099=CARTESIAN_POINT('',(-8.136871277413E0,7.438557859381E0,
-7.452987981749E0));
#1100=CARTESIAN_POINT('',(-9.076416776109E0,7.460309271599E0,
-6.274899322354E0));
#1101=CARTESIAN_POINT('',(-9.846695278131E0,7.482060633244E0,
-4.979789146498E0));
#1102=CARTESIAN_POINT('',(-1.043334027571E1,7.503812183627E0,
-3.591810117396E0));
#1103=CARTESIAN_POINT('',(-1.082541674024E1,7.525563029629E0,
-2.136846874420E0));
#1104=CARTESIAN_POINT('',(-1.097920438258E1,7.543154206023E0,
-9.280499698486E-1));
#1105=CARTESIAN_POINT('',(-1.099999879210E1,7.553490899249E0,
-2.134666165150E-1));
#1106=CARTESIAN_POINT('',(-1.099999713808E1,7.556579464727E0,
4.511284889154E-8));
#1108=CARTESIAN_POINT('',(-1.099999713808E1,7.556579464727E0,
4.511284889154E-8));
#1109=CARTESIAN_POINT('',(-1.099999490926E1,7.560741366425E0,
2.876504989973E-1));
#1110=CARTESIAN_POINT('',(-1.096905968186E1,7.572155746058E0,1.076418638514E0));
#1111=CARTESIAN_POINT('',(-1.077997065303E1,7.590817375089E0,2.355414276760E0));
#1112=CARTESIAN_POINT('',(-1.035854062695E1,7.612569153419E0,3.802148196711E0));
#1113=CARTESIAN_POINT('',(-9.743935494312E0,7.634320454521E0,5.177975337043E0));
#1114=CARTESIAN_POINT('',(-8.947613411550E0,7.656071880962E0,6.457237707756E0));
#1115=CARTESIAN_POINT('',(-7.984426061275E0,7.677823283281E0,7.616078104365E0));
#1116=CARTESIAN_POINT('',(-6.872335811373E0,7.699574656745E0,8.632885194329E0));
#1117=CARTESIAN_POINT('',(-5.632082150611E0,7.721326169752E0,9.488696057625E0));
#1118=CARTESIAN_POINT('',(-4.286795117205E0,7.743077153439E0,1.016755163417E1));
#1119=CARTESIAN_POINT('',(-2.861561720995E0,7.764830114864E0,1.065678762531E1));
#1120=CARTESIAN_POINT('',(-1.875831762573E0,7.779327168062E0,1.085045971531E1));
#1121=CARTESIAN_POINT('',(-1.378666153410E0,7.786577635239E0,1.091326633890E1));
#1123=CARTESIAN_POINT('',(-1.378666153410E0,7.786577635239E0,1.091326633890E1));
#1124=CARTESIAN_POINT('',(-7.042643339285E-1,7.796412845468E0,
1.099846310158E1));
#1125=CARTESIAN_POINT('',(6.603646048678E-1,7.816087203110E0,1.104346231230E1));
#1126=CARTESIAN_POINT('',(2.684687149942E0,7.845591256897E0,1.073250517927E1));
#1127=CARTESIAN_POINT('',(4.616999998885E0,7.875097289410E0,1.005373086588E1));
#1128=CARTESIAN_POINT('',(6.391083773748E0,7.904602889694E0,9.030406302518E0));
#1129=CARTESIAN_POINT('',(7.946140944723E0,7.934108240168E0,7.697601628991E0));
#1130=CARTESIAN_POINT('',(9.157446686402E0,7.961972117987E0,6.189887366068E0));
#1131=CARTESIAN_POINT('',(9.764090073297E0,7.979997335444E0,5.097303516299E0));
#1132=CARTESIAN_POINT('',(9.999999198324E0,7.988189705647E0,4.582575302941E0));
#1134=DIRECTION('',(-7.261529385374E-7,-9.999999999997E-1,1.187033168248E-7));
#1135=VECTOR('',#1134,1.131566724720E-1);
#1136=CARTESIAN_POINT('',(9.999999198324E0,7.988189705647E0,4.582575302941E0));
#1137=LINE('',#1136,#1135);
#1138=CARTESIAN_POINT('',(9.999999270675E0,7.124968218838E0,-4.582575382609E0));
#1139=CARTESIAN_POINT('',(9.999999270675E0,7.171897096895E0,-4.376172329622E0));
#1140=CARTESIAN_POINT('',(1.000000033862E1,7.259360414376E0,-3.966171634153E0));
#1141=CARTESIAN_POINT('',(9.999999908834E0,7.369671933315E0,-3.369890403629E0));
#1142=CARTESIAN_POINT('',(1.000000002605E1,7.463934269255E0,-2.761357724949E0));
#1143=CARTESIAN_POINT('',(1.E1,7.512780261636E0,-2.364226074464E0));
#1144=CARTESIAN_POINT('',(1.E1,7.533955151033E0,-2.166403188822E0));
#1146=DIRECTION('',(-1.085415380231E-1,-5.000031257195E-1,8.591947443940E-1));
#1147=VECTOR('',#1146,8.868418340180E-1);
#1148=CARTESIAN_POINT('',(-1.282406976762E0,8.230001324266E0,1.015129649600E1));
#1149=LINE('',#1148,#1147);
#1150=CARTESIAN_POINT('',(1.E1,7.533955151033E0,-2.166403188822E0));
#1151=CARTESIAN_POINT('',(1.E1,7.561128282575E0,-2.364106958814E0));
#1152=CARTESIAN_POINT('',(1.000000002544E1,7.621853999041E0,-2.761039587460E0));
#1153=CARTESIAN_POINT('',(9.999999910950E0,7.734122424922E0,-3.371023109654E0));
#1154=CARTESIAN_POINT('',(1.000000033076E1,7.860836845167E0,-3.965647053867E0));
#1155=CARTESIAN_POINT('',(9.999999287602E0,7.959396684188E0,-4.375955172479E0));
#1156=CARTESIAN_POINT('',(9.999999287602E0,8.011810393423E0,-4.582575346649E0));
#1158=DIRECTION('',(1.085417001022E-1,-5.000008858700E-1,-8.591960273815E-1));
#1159=VECTOR('',#1158,8.868366338117E-1);
#1160=CARTESIAN_POINT('',(-1.378665732709E0,8.673420426794E0,1.091326300871E1));
#1161=LINE('',#1160,#1159);
#1162=CARTESIAN_POINT('',(-1.282406976762E0,8.230001324266E0,1.015129649600E1));
#1163=CARTESIAN_POINT('',(-1.744860235927E0,8.222750857089E0,1.009287506210E1));
#1164=CARTESIAN_POINT('',(-2.661766068436E0,8.208247983876E0,9.912725490281E0));
#1165=CARTESIAN_POINT('',(-3.987488948573E0,8.186497361620E0,9.457648104183E0));
#1166=CARTESIAN_POINT('',(-5.238847374925E0,8.164745751283E0,8.826190586969E0));
#1167=CARTESIAN_POINT('',(-6.392505910588E0,8.142994405702E0,8.030132856768E0));
#1168=CARTESIAN_POINT('',(-7.426949455589E0,8.121242989181E0,7.084319745234E0));
#1169=CARTESIAN_POINT('',(-8.322886627243E0,8.099491591668E0,6.006390160466E0));
#1170=CARTESIAN_POINT('',(-9.063608952980E0,8.077740189062E0,4.816446525624E0));
#1171=CARTESIAN_POINT('',(-9.635302621948E0,8.055988787819E0,3.536680316332E0));
#1172=CARTESIAN_POINT('',(-1.002730605845E1,8.034237386212E0,2.190958092316E0));
#1173=CARTESIAN_POINT('',(-1.023230876107E1,8.012485984702E0,
8.043764369268E-1));
#1174=CARTESIAN_POINT('',(-1.024648763307E1,7.990734583167E0,
-5.972060812799E-1));
#1175=CARTESIAN_POINT('',(-1.006957827936E1,7.968983181638E0,
-1.987651146589E0));
#1176=CARTESIAN_POINT('',(-9.704879935844E0,7.947231780107E0,
-3.341028153815E0));
#1177=CARTESIAN_POINT('',(-9.159193940316E0,7.925480378577E0,
-4.632097791388E0));
#1178=CARTESIAN_POINT('',(-8.442696892217E0,7.903728977047E0,
-5.836782732425E0));
#1179=CARTESIAN_POINT('',(-7.568750866786E0,7.881977575517E0,
-6.932616655526E0));
#1180=CARTESIAN_POINT('',(-6.553654222950E0,7.860226173986E0,
-7.899163221569E0));
#1181=CARTESIAN_POINT('',(-5.416337652214E0,7.838474772456E0,
-8.718397192929E0));
#1182=CARTESIAN_POINT('',(-4.178011136983E0,7.816723370926E0,
-9.375040587626E0));
#1183=CARTESIAN_POINT('',(-2.861768402267E0,7.794971969396E0,
-9.856847599436E0));
#1184=CARTESIAN_POINT('',(-1.492156237407E0,7.773220567866E0,
-1.015483297049E1));
#1185=CARTESIAN_POINT('',(-9.471671960534E-2,7.751469166335E0,
-1.026343955746E1));
#1186=CARTESIAN_POINT('',(1.304489123608E0,7.729717764805E0,-1.018064196631E1));
#1187=CARTESIAN_POINT('',(2.679367329663E0,7.707966363275E0,-9.907984323228E0));
#1188=CARTESIAN_POINT('',(4.004277630391E0,7.686214961745E0,-9.450551476508E0));
#1189=CARTESIAN_POINT('',(5.254511619797E0,7.664463560214E0,-8.816874169488E0));
#1190=CARTESIAN_POINT('',(6.406753545146E0,7.642712158684E0,-8.018769941886E0));
#1191=CARTESIAN_POINT('',(7.439515119071E0,7.620960757154E0,-7.071122768107E0));
#1192=CARTESIAN_POINT('',(8.333536277395E0,7.599209355624E0,-5.991605387208E0));
#1193=CARTESIAN_POINT('',(9.072144283692E0,7.577457954093E0,-4.800350080870E0));
#1194=CARTESIAN_POINT('',(9.641564950962E0,7.555706552563E0,-3.519571881914E0));
#1195=CARTESIAN_POINT('',(9.901307271887E0,7.541205618210E0,-2.621963487852E0));
#1196=CARTESIAN_POINT('',(1.E1,7.533955151033E0,-2.166403188822E0));
#1198=CARTESIAN_POINT('',(-1.378665732709E0,8.673420426794E0,1.091326300871E1));
#1199=CARTESIAN_POINT('',(-1.875831341872E0,8.666169959617E0,1.085045638512E1));
#1200=CARTESIAN_POINT('',(-2.861561916243E0,8.651667981489E0,1.065678917085E1));
#1201=CARTESIAN_POINT('',(-4.286795064889E0,8.629916999443E0,1.016755122004E1));
#1202=CARTESIAN_POINT('',(-5.632082164626E0,8.608165485640E0,9.488696168599E0));
#1203=CARTESIAN_POINT('',(-6.872335807630E0,8.586414113719E0,8.632885164562E0));
#1204=CARTESIAN_POINT('',(-7.984426062232E0,8.564662706020E0,7.616078112458E0));
#1205=CARTESIAN_POINT('',(-8.947613411465E0,8.542911299556E0,6.457237705151E0));
#1206=CARTESIAN_POINT('',(-9.743935493690E0,8.521159923933E0,5.177975339367E0));
#1207=CARTESIAN_POINT('',(-1.035854062953E1,8.499408423707E0,3.802148190015E0));
#1208=CARTESIAN_POINT('',(-1.077997064336E1,8.477657391054E0,2.355414301219E0));
#1209=CARTESIAN_POINT('',(-1.096905972030E1,8.458993372813E0,1.076418504013E0));
#1210=CARTESIAN_POINT('',(-1.099999487816E1,8.447582970961E0,
2.876504688554E-1));
#1211=CARTESIAN_POINT('',(-1.099999710225E1,8.443421068390E0,
-4.531244041662E-8));
#1213=CARTESIAN_POINT('',(-1.099999710225E1,8.443421068390E0,
-4.531244041662E-8));
#1214=CARTESIAN_POINT('',(-1.099999875277E1,8.440332503785E0,
-2.134666466567E-1));
#1215=CARTESIAN_POINT('',(-1.097920441525E1,8.429991182444E0,
-9.280501315022E-1));
#1216=CARTESIAN_POINT('',(-1.082541672599E1,8.412403324306E0,
-2.136846838437E0));
#1217=CARTESIAN_POINT('',(-1.043334027953E1,8.390651379091E0,
-3.591810127038E0));
#1218=CARTESIAN_POINT('',(-9.846695277108E0,8.368900123240E0,
-4.979789143914E0));
#1219=CARTESIAN_POINT('',(-9.076416776383E0,8.347148682675E0,
-6.274899323046E0));
#1220=CARTESIAN_POINT('',(-8.136871277339E0,8.325397291604E0,
-7.452987981563E0));
#1221=CARTESIAN_POINT('',(-7.045580126692E0,8.303645887272E0,
-8.492084804478E0));
#1222=CARTESIAN_POINT('',(-5.822895082650E0,8.281894486491E0,
-9.372811555411E0));
#1223=CARTESIAN_POINT('',(-4.491618148895E0,8.260143084762E0,
-1.007874346715E1));
#1224=CARTESIAN_POINT('',(-3.076576503336E0,8.238391683280E0,
-1.059671554708E1));
#1225=CARTESIAN_POINT('',(-1.604159447436E0,8.216640281755E0,
-1.091706809214E1));
#1226=CARTESIAN_POINT('',(-1.018262815062E-1,8.194888880158E0,
-1.103382683221E1));
#1227=CARTESIAN_POINT('',(1.402405794501E0,8.173137478890E0,-1.094481434566E1));
#1228=CARTESIAN_POINT('',(2.880484161706E0,8.151386076375E0,-1.065169065857E1));
#1229=CARTESIAN_POINT('',(4.304843993702E0,8.129634678521E0,-1.015992231042E1));
#1230=CARTESIAN_POINT('',(5.648922112109E0,8.107883263272E0,-9.478680314510E0));
#1231=CARTESIAN_POINT('',(6.887653126795E0,8.086131912941E0,-8.620669470308E0));
#1232=CARTESIAN_POINT('',(7.997934043507E0,8.064380320332E0,-7.601890143065E0));
#1233=CARTESIAN_POINT('',(8.959065709710E0,8.042629631917E0,-6.441344670610E0));
#1234=CARTESIAN_POINT('',(9.598771599076E0,8.025103670153E0,-5.409576867703E0));
#1235=CARTESIAN_POINT('',(9.912962459606E0,8.014833276718E0,-4.772509622381E0));
#1236=CARTESIAN_POINT('',(9.999999287602E0,8.011810393423E0,-4.582575346649E0));
#1238=DIRECTION('',(-1.515097965304E-6,9.999999999988E-1,2.675454561615E-7));
#1239=VECTOR('',#1238,1.131567288197E-1);
#1240=CARTESIAN_POINT('',(9.999999287602E0,8.011810393423E0,-4.582575346649E0));
#1241=LINE('',#1240,#1239);
#1242=CARTESIAN_POINT('',(9.999999116158E0,8.124967122243E0,-4.582575316374E0));
#1243=CARTESIAN_POINT('',(9.771343149916E0,8.132907624797E0,-5.081479024460E0));
#1244=CARTESIAN_POINT('',(9.180060897418E0,8.150560037001E0,-6.152379133466E0));
#1245=CARTESIAN_POINT('',(7.999591548705E0,8.177917859692E0,-7.639704999083E0));
#1246=CARTESIAN_POINT('',(6.475597493301E0,8.207046046128E0,-8.968007066576E0));
#1247=CARTESIAN_POINT('',(4.735312451211E0,8.236173785569E0,-9.996766472171E0));
#1248=CARTESIAN_POINT('',(2.836861009052E0,8.265301644763E0,-1.069162012856E1));
#1249=CARTESIAN_POINT('',(8.436549005068E-1,8.294429471939E0,
-1.102935936921E1));
#1250=CARTESIAN_POINT('',(-1.177730350942E0,8.323557307437E0,
-1.099870322550E1));
#1251=CARTESIAN_POINT('',(-3.159777715012E0,8.352685141664E0,
-1.060067573560E1));
#1252=CARTESIAN_POINT('',(-5.036284208144E0,8.381812972650E0,
-9.848571597829E0));
#1253=CARTESIAN_POINT('',(-6.744572006814E0,8.410940817874E0,
-8.767512142677E0));
#1254=CARTESIAN_POINT('',(-8.227582183921E0,8.440068609385E0,
-7.393606233752E0));
#1255=CARTESIAN_POINT('',(-9.435779837937E0,8.469196601510E0,
-5.772744181502E0));
#1256=CARTESIAN_POINT('',(-1.032881125141E1,8.498323844895E0,
-3.959064950077E0));
#1257=CARTESIAN_POINT('',(-1.087684095646E1,8.527453830151E0,
-2.013151321639E0));
#1258=CARTESIAN_POINT('',(-1.100000650980E1,8.546866850442E0,
-6.710492186345E-1));
#1259=CARTESIAN_POINT('',(-1.100000650905E1,8.556576075938E0,
1.758954734371E-8));
#1261=CARTESIAN_POINT('',(-1.100000650905E1,8.556576075938E0,
1.758954734371E-8));
#1262=CARTESIAN_POINT('',(-1.100000650830E1,8.566285406374E0,
6.710565066631E-1));
#1263=CARTESIAN_POINT('',(-1.087683893312E1,8.585709497929E0,2.013165854253E0));
#1264=CARTESIAN_POINT('',(-1.032880348144E1,8.614835180498E0,3.959085142734E0));
#1265=CARTESIAN_POINT('',(-9.435768732400E0,8.643963604902E0,5.772762258992E0));
#1266=CARTESIAN_POINT('',(-8.227568361771E0,8.673091280578E0,7.393621535472E0));
#1267=CARTESIAN_POINT('',(-6.744556228687E0,8.702219156864E0,8.767524196930E0));
#1268=CARTESIAN_POINT('',(-5.036267325892E0,8.731346979439E0,9.848580141828E0));
#1269=CARTESIAN_POINT('',(-3.159760614561E0,8.760474816253E0,1.060068073630E1));
#1270=CARTESIAN_POINT('',(-1.177713891882E0,8.789602649816E0,1.099870488170E1));
#1271=CARTESIAN_POINT('',(8.436699448193E-1,8.818730482142E0,1.102935809951E1));
#1272=CARTESIAN_POINT('',(2.836874007283E0,8.847858322669E0,1.069161654309E1));
#1273=CARTESIAN_POINT('',(4.735322961528E0,8.876986131628E0,9.996761334594E0));
#1274=CARTESIAN_POINT('',(6.475605301511E0,8.906114058656E0,8.968001229840E0));
#1275=CARTESIAN_POINT('',(7.999596686101E0,8.935241544980E0,7.639699387376E0));
#1276=CARTESIAN_POINT('',(9.180063159484E0,8.962601806767E0,6.152375274408E0));
#1277=CARTESIAN_POINT('',(9.771343889138E0,8.980248977554E0,5.081477409018E0));
#1278=CARTESIAN_POINT('',(9.999999128144E0,8.988189465008E0,4.582575268624E0));
#1280=DIRECTION('',(5.300459346090E-7,-9.999999999996E-1,6.943816019505E-7));
#1281=VECTOR('',#1280,1.131573355013E-1);
#1282=CARTESIAN_POINT('',(9.999999128144E0,8.988189465008E0,4.582575268624E0));
#1283=LINE('',#1282,#1281);
#1284=CARTESIAN_POINT('',(9.999999188123E0,8.875032129507E0,4.582575347198E0));
#1285=CARTESIAN_POINT('',(9.764090075382E0,8.866839759948E0,5.097303517255E0));
#1286=CARTESIAN_POINT('',(9.157446633174E0,8.848809741733E0,6.189887442260E0));
#1287=CARTESIAN_POINT('',(7.946140951053E0,8.820948079101E0,7.697601624579E0));
#1288=CARTESIAN_POINT('',(6.391083775539E0,8.791442136422E0,9.030406276101E0));
#1289=CARTESIAN_POINT('',(4.616999985394E0,8.761936559846E0,1.005373097595E1));
#1290=CARTESIAN_POINT('',(2.684687202117E0,8.732431024705E0,1.073250476538E1));
#1291=CARTESIAN_POINT('',(6.603644096603E-1,8.702924957721E0,1.104346385778E1));
#1292=CARTESIAN_POINT('',(-7.042639132277E-1,8.683255637023E0,
1.099845977139E1));
#1293=CARTESIAN_POINT('',(-1.378665732709E0,8.673420426794E0,1.091326300871E1));
#1295=CARTESIAN_POINT('',(9.999999116158E0,8.124967122243E0,-4.582575316374E0));
#1296=CARTESIAN_POINT('',(9.999999116158E0,8.171909629230E0,-4.376139777379E0));
#1297=CARTESIAN_POINT('',(1.000000027101E1,8.259375095317E0,-3.966089260914E0));
#1298=CARTESIAN_POINT('',(1.000000037722E1,8.369608904837E0,-3.370166046709E0));
#1299=CARTESIAN_POINT('',(9.999998220106E0,8.463936162456E0,-2.761309257879E0));
#1300=CARTESIAN_POINT('',(1.000000390161E1,8.512783685155E0,-2.364209097249E0));
#1301=CARTESIAN_POINT('',(1.000000390161E1,8.533956640505E0,-2.166404330280E0));
#1303=CARTESIAN_POINT('',(1.000000390161E1,9.466042715580E0,2.166404142133E0));
#1304=CARTESIAN_POINT('',(1.000000390161E1,9.438863946859E0,2.364148930994E0));
#1305=CARTESIAN_POINT('',(9.999998219678E0,9.378124179926E0,2.761143716360E0));
#1306=CARTESIAN_POINT('',(1.000000037872E1,9.265840693008E0,3.371131098328E0));
#1307=CARTESIAN_POINT('',(1.000000026545E1,9.139133170226E0,3.965787755270E0));
#1308=CARTESIAN_POINT('',(9.999999128144E0,9.040594616226E0,4.376013551477E0));
#1309=CARTESIAN_POINT('',(9.999999128144E0,8.988189465008E0,4.582575268624E0));
#1311=CARTESIAN_POINT('',(9.999999116150E0,9.875032209578E0,4.582575316371E0));
#1312=CARTESIAN_POINT('',(9.999999116150E0,9.828087287667E0,4.376129142790E0));
#1313=CARTESIAN_POINT('',(1.000000027102E1,9.740619346976E0,3.966063422736E0));
#1314=CARTESIAN_POINT('',(1.000000037722E1,9.630393306267E0,3.370182421763E0));
#1315=CARTESIAN_POINT('',(9.999998220106E0,9.536060965130E0,2.761294920568E0));
#1316=CARTESIAN_POINT('',(1.000000390161E1,9.487215097436E0,2.364203608337E0));
#1317=CARTESIAN_POINT('',(1.000000390161E1,9.466042715580E0,2.166404142133E0));
#1319=CARTESIAN_POINT('',(1.000000390161E1,9.466042715580E0,2.166404142133E0));
#1320=CARTESIAN_POINT('',(9.867842129238E0,9.456333437613E0,2.776455710348E0));
#1321=CARTESIAN_POINT('',(9.491554876019E0,9.436918256211E0,3.972289160791E0));
#1322=CARTESIAN_POINT('',(8.610102439337E0,9.407789066008E0,5.633372755769E0));
#1323=CARTESIAN_POINT('',(7.441059266638E0,9.378661595530E0,7.106291075446E0));
#1324=CARTESIAN_POINT('',(6.023475767221E0,9.349533664253E0,8.341851136797E0));
#1325=CARTESIAN_POINT('',(4.404700251863E0,9.320405856446E0,9.298782457603E0));
#1326=CARTESIAN_POINT('',(2.638802090822E0,9.291278015556E0,9.945122596861E0));
#1327=CARTESIAN_POINT('',(7.847644831855E-1,9.262150183530E0,1.025928285307E1));
#1328=CARTESIAN_POINT('',(-1.095485322396E0,9.233022349129E0,1.023076986281E1));
#1329=CARTESIAN_POINT('',(-2.939144565810E0,9.203894515364E0,9.860535959028E0));
#1330=CARTESIAN_POINT('',(-4.684632643905E0,9.174766681429E0,9.160947400749E0));
#1331=CARTESIAN_POINT('',(-6.273647988302E0,9.145638847540E0,8.155371316973E0));
#1332=CARTESIAN_POINT('',(-7.653115411715E0,9.116511013638E0,6.877395219714E0));
#1333=CARTESIAN_POINT('',(-8.776958889250E0,9.087383179740E0,5.369705139646E0));
#1334=CARTESIAN_POINT('',(-9.607640558691E0,9.058255345841E0,3.682659860110E0));
#1335=CARTESIAN_POINT('',(-1.011741453587E1,9.029127511942E0,1.872608870633E0));
#1336=CARTESIAN_POINT('',(-1.028925366576E1,8.999999678043E0,
1.022264064565E-5));
#1337=CARTESIAN_POINT('',(-1.011741825455E1,8.970871844144E0,
-1.872588846760E0));
#1338=CARTESIAN_POINT('',(-9.607647786154E0,8.941744010245E0,
-3.682641073245E0));
#1339=CARTESIAN_POINT('',(-8.776969219396E0,8.912616176346E0,
-5.369688325426E0));
#1340=CARTESIAN_POINT('',(-7.653128268795E0,8.883488342448E0,
-6.877380986076E0));
#1341=CARTESIAN_POINT('',(-6.273662664793E0,8.854360508545E0,
-8.155360104432E0));
#1342=CARTESIAN_POINT('',(-4.684648347429E0,8.825232674656E0,
-9.160939453274E0));
#1343=CARTESIAN_POINT('',(-2.939160472300E0,8.796104840721E0,
-9.860531307482E0));
#1344=CARTESIAN_POINT('',(-1.095500632273E0,8.766977006956E0,
-1.023076832223E1));
#1345=CARTESIAN_POINT('',(7.847504892645E-1,8.737849172555E0,
-1.025928403420E1));
#1346=CARTESIAN_POINT('',(2.638790000170E0,8.708721340529E0,-9.945125931699E0));
#1347=CARTESIAN_POINT('',(4.404690475249E0,8.679593499639E0,-9.298787237592E0));
#1348=CARTESIAN_POINT('',(6.023468504680E0,8.650465691832E0,-8.341856561829E0));
#1349=CARTESIAN_POINT('',(7.441054486087E0,8.621337760555E0,-7.106296310944E0));
#1350=CARTESIAN_POINT('',(8.610099869835E0,8.592210290077E0,-5.633376994667E0));
#1351=CARTESIAN_POINT('',(9.491554016767E0,8.563081099874E0,-3.972291686726E0));
#1352=CARTESIAN_POINT('',(9.867841939552E0,8.543665918471E0,-2.776456717708E0));
#1353=CARTESIAN_POINT('',(1.000000390161E1,8.533956640505E0,-2.166404330280E0));
#1355=CARTESIAN_POINT('',(1.000000390161E1,8.533956640505E0,-2.166404330280E0));
#1356=CARTESIAN_POINT('',(1.000000390161E1,8.561136045806E0,-2.364153765423E0));
#1357=CARTESIAN_POINT('',(9.999998219678E0,8.621877461476E0,-2.761156254975E0));
#1358=CARTESIAN_POINT('',(1.000000037872E1,8.734155629042E0,-3.371116368233E0));
#1359=CARTESIAN_POINT('',(1.000000026544E1,8.860870939788E0,-3.965809916744E0));
#1360=CARTESIAN_POINT('',(9.999999128153E0,8.959406983633E0,-4.376022660147E0));
#1361=CARTESIAN_POINT('',(9.999999128153E0,9.011809820539E0,-4.582575268628E0));
#1363=CARTESIAN_POINT('',(9.999999116150E0,9.875032209578E0,4.582575316371E0));
#1364=CARTESIAN_POINT('',(9.771343890721E0,9.867091722823E0,5.081477409745E0));
#1365=CARTESIAN_POINT('',(9.180063101513E0,9.849439290045E0,6.152375360689E0));
#1366=CARTESIAN_POINT('',(7.999596694159E0,9.822081500237E0,7.639699373381E0));
#1367=CARTESIAN_POINT('',(6.475605299352E0,9.792953308927E0,8.968001233590E0));
#1368=CARTESIAN_POINT('',(4.735322962106E0,9.763825570792E0,9.996761333589E0));
#1369=CARTESIAN_POINT('',(2.836874007128E0,9.734697711248E0,1.069161654336E1));
#1370=CARTESIAN_POINT('',(8.436699448608E-1,9.705569884166E0,1.102935809943E1));
#1371=CARTESIAN_POINT('',(-1.177713891892E0,9.676442048643E0,1.099870488172E1));
#1372=CARTESIAN_POINT('',(-3.159760614559E0,9.647314214423E0,1.060068073629E1));
#1373=CARTESIAN_POINT('',(-5.036267325887E0,9.618186383431E0,9.848580141852E0));
#1374=CARTESIAN_POINT('',(-6.744556228712E0,9.589058538225E0,8.767524196845E0));
#1375=CARTESIAN_POINT('',(-8.227568361679E0,9.559930746646E0,7.393621535786E0));
#1376=CARTESIAN_POINT('',(-9.435768732742E0,9.530802754775E0,5.772762257819E0));
#1377=CARTESIAN_POINT('',(-1.032880348016E1,9.501675510445E0,3.959085147109E0));
#1378=CARTESIAN_POINT('',(-1.087683894426E1,9.472545423429E0,2.013165815258E0));
#1379=CARTESIAN_POINT('',(-1.100000650236E1,9.453132289151E0,
6.710564949368E-1));
#1380=CARTESIAN_POINT('',(-1.100000649880E1,9.443422958376E0,
-1.758993877111E-8));
#1382=CARTESIAN_POINT('',(-1.100000649880E1,9.443422958376E0,
-1.758993877111E-8));
#1383=CARTESIAN_POINT('',(-1.100000649525E1,9.433713733218E0,
-6.710492303611E-1));
#1384=CARTESIAN_POINT('',(-1.087684095483E1,9.414289755611E0,
-2.013151360636E0));
#1385=CARTESIAN_POINT('',(-1.032881125014E1,9.385164174856E0,
-3.959064945702E0));
#1386=CARTESIAN_POINT('',(-9.435779838278E0,9.356035751379E0,
-5.772744182674E0));
#1387=CARTESIAN_POINT('',(-8.227582183829E0,9.326908075455E0,
-7.393606233438E0));
#1388=CARTESIAN_POINT('',(-6.744572006839E0,9.297780199235E0,
-8.767512142762E0));
#1389=CARTESIAN_POINT('',(-5.036284208136E0,9.268652376644E0,
-9.848571597805E0));
#1390=CARTESIAN_POINT('',(-3.159777715017E0,9.239524539833E0,
-1.060067573561E1));
#1391=CARTESIAN_POINT('',(-1.177730350930E0,9.210396706275E0,
-1.099870322548E1));
#1392=CARTESIAN_POINT('',(8.436549004651E-1,9.181268873924E0,
-1.102935936928E1));
#1393=CARTESIAN_POINT('',(2.836861009207E0,9.152141033490E0,-1.069162012829E1));
#1394=CARTESIAN_POINT('',(4.735312450632E0,9.123013224180E0,-9.996766473176E0));
#1395=CARTESIAN_POINT('',(6.475597495459E0,9.093885298458E0,-8.968007062826E0));
#1396=CARTESIAN_POINT('',(7.999591540648E0,9.064757807261E0,-7.639705013078E0));
#1397=CARTESIAN_POINT('',(9.180060955388E0,9.037397546756E0,-6.152379047186E0));
#1398=CARTESIAN_POINT('',(9.771343148332E0,9.019750323794E0,-5.081479023733E0));
#1399=CARTESIAN_POINT('',(9.999999128153E0,9.011809820539E0,-4.582575268628E0));
#1401=DIRECTION('',(-1.060395986662E-7,9.999999999999E-1,-4.219252604439E-7));
#1402=VECTOR('',#1401,1.131573910100E-1);
#1403=CARTESIAN_POINT('',(9.999999128153E0,9.011809820539E0,-4.582575268628E0));
#1404=LINE('',#1403,#1402);
#1405=CARTESIAN_POINT('',(9.999999116154E0,9.124967211549E0,-4.582575316372E0));
#1406=CARTESIAN_POINT('',(9.771343566602E0,9.132907710219E0,-5.081478114867E0));
#1407=CARTESIAN_POINT('',(9.180062145509E0,9.150560134990E0,-6.152377030002E0));
#1408=CARTESIAN_POINT('',(7.999594421565E0,9.177917961829E0,-7.639701869675E0));
#1409=CARTESIAN_POINT('',(6.475601822915E0,9.207046168756E0,-8.968003840635E0));
#1410=CARTESIAN_POINT('',(4.735318255544E0,9.236173926979E0,-9.996763639731E0));
#1411=CARTESIAN_POINT('',(2.836868166842E0,9.265301805413E0,-1.069161815707E1));
#1412=CARTESIAN_POINT('',(8.436631683466E-1,9.294429651705E0,
-1.102935867211E1));
#1413=CARTESIAN_POINT('',(-1.177721319570E0,9.323557506352E0,
-1.099870413317E1));
#1414=CARTESIAN_POINT('',(-3.159768343194E0,9.352685359722E0,
-1.060067847319E1));
#1415=CARTESIAN_POINT('',(-5.036274965180E0,9.381813209845E0,
-9.848576270530E0));
#1416=CARTESIAN_POINT('',(-6.744563375407E0,9.410941074231E0,
-8.767518729114E0));
#1417=CARTESIAN_POINT('',(-8.227574627512E0,9.440068884815E0,
-7.393614587834E0));
#1418=CARTESIAN_POINT('',(-9.435773768660E0,9.469196896345E0,
-5.772754042339E0));
#1419=CARTESIAN_POINT('',(-1.032880700620E1,9.498324157887E0,
-3.959075959262E0));
#1420=CARTESIAN_POINT('',(-1.087683984001E1,9.527454223268E0,
-2.013159218842E0));
#1421=CARTESIAN_POINT('',(-1.100000650903E1,9.546867304424E0,
-6.710531817554E-1));
#1422=CARTESIAN_POINT('',(-1.100000650636E1,9.556576593599E0,
1.765991759972E-8));
#1424=CARTESIAN_POINT('',(-1.100000650636E1,9.556576593599E0,
1.765991759972E-8));
#1425=CARTESIAN_POINT('',(-1.100000650368E1,9.566285873118E0,
6.710525496699E-1));
#1426=CARTESIAN_POINT('',(-1.087684000974E1,9.585709929354E0,2.013157975426E0));
#1427=CARTESIAN_POINT('',(-1.032880768862E1,9.614835570052E0,3.959074168214E0));
#1428=CARTESIAN_POINT('',(-9.435774742643E0,9.643964014596E0,5.772752445043E0));
#1429=CARTESIAN_POINT('',(-8.227575837202E0,9.673091709148E0,7.393613234691E0));
#1430=CARTESIAN_POINT('',(-6.744564752321E0,9.702219604647E0,8.767517662970E0));
#1431=CARTESIAN_POINT('',(-5.036276432868E0,9.731347446344E0,9.848575512533E0));
#1432=CARTESIAN_POINT('',(-3.159769822519E0,9.760475302306E0,1.060067802426E1));
#1433=CARTESIAN_POINT('',(-1.177722734262E0,9.789603155011E0,1.099870397294E1));
#1434=CARTESIAN_POINT('',(8.436618861306E-1,9.818731006480E0,1.102935876060E1));
#1435=CARTESIAN_POINT('',(2.836867071604E0,9.847858866149E0,1.069161843644E1));
#1436=CARTESIAN_POINT('',(4.735317383408E0,9.876986694252E0,9.996764041175E0));
#1437=CARTESIAN_POINT('',(6.475601190875E0,9.906114640421E0,8.968004278247E0));
#1438=CARTESIAN_POINT('',(7.999594015955E0,9.935242145890E0,7.639702287548E0));
#1439=CARTESIAN_POINT('',(9.180062005814E0,9.962602433086E0,6.152377187770E0));
#1440=CARTESIAN_POINT('',(9.771343517544E0,9.980249622917E0,5.081478218784E0));
#1441=CARTESIAN_POINT('',(9.999999128148E0,9.988190123023E0,4.582575268626E0));
#1443=DIRECTION('',(-1.060291094468E-7,-9.999999999999E-1,4.219305178667E-7));
#1444=VECTOR('',#1443,1.131579134457E-1);
#1445=CARTESIAN_POINT('',(9.999999128148E0,9.988190123023E0,4.582575268626E0));
#1446=LINE('',#1445,#1444);
#1447=CARTESIAN_POINT('',(9.999999116154E0,9.124967211549E0,-4.582575316372E0));
#1448=CARTESIAN_POINT('',(9.999999116154E0,9.171890111854E0,-4.376225985391E0));
#1449=CARTESIAN_POINT('',(1.000000041036E1,9.259334355883E0,-3.966303632108E0));
#1450=CARTESIAN_POINT('',(9.999999889519E0,9.369625808347E0,-3.370065944816E0));
#1451=CARTESIAN_POINT('',(1.000000003157E1,9.463910282625E0,-2.761490878279E0));
#1452=CARTESIAN_POINT('',(1.E1,9.512773772618E0,-2.364279802932E0));
#1453=CARTESIAN_POINT('',(1.E1,9.533954402373E0,-2.166403280938E0));
#1455=CARTESIAN_POINT('',(1.000000390161E1,1.046604339486E1,2.166403990591E0));
#1456=CARTESIAN_POINT('',(1.000000390161E1,1.043886277929E1,2.364162228876E0));
#1457=CARTESIAN_POINT('',(9.999998219678E0,1.037812028248E1,2.761174034818E0));
#1458=CARTESIAN_POINT('',(1.000000037872E1,1.026582897024E1,3.371191816617E0));
#1459=CARTESIAN_POINT('',(1.000000026545E1,1.013913486434E1,3.965780933405E0));
#1460=CARTESIAN_POINT('',(9.999999128148E0,1.004059625624E1,4.376009681436E0));
#1461=CARTESIAN_POINT('',(9.999999128148E0,9.988190123023E0,4.582575268626E0));
#1463=CARTESIAN_POINT('',(1.E1,9.533954402373E0,-2.166403280938E0));
#1464=CARTESIAN_POINT('',(1.E1,9.561135018575E0,-2.364161484871E0));
#1465=CARTESIAN_POINT('',(1.000000003114E1,9.621880878603E0,-2.761174475786E0));
#1466=CARTESIAN_POINT('',(9.999999891018E0,9.734170848511E0,-3.371191814506E0));
#1467=CARTESIAN_POINT('',(1.000000040479E1,9.860865308355E0,-3.965780977143E0));
#1468=CARTESIAN_POINT('',(9.999999128148E0,9.959403832133E0,-4.376009685763E0));
#1469=CARTESIAN_POINT('',(9.999999128148E0,1.001180996454E1,-4.582575268626E0));
#1471=CARTESIAN_POINT('',(1.000000041819E1,1.087503373636E1,4.582575913038E0));
#1472=CARTESIAN_POINT('',(1.000000041819E1,1.082811084556E1,4.376226630109E0));
#1473=CARTESIAN_POINT('',(9.999999666499E0,1.074066548399E1,3.966303443211E0));
#1474=CARTESIAN_POINT('',(1.000000053997E1,1.063037408602E1,3.370065892823E0));
#1475=CARTESIAN_POINT('',(9.999998173605E0,1.053609089029E1,2.761490554179E0));
#1476=CARTESIAN_POINT('',(1.000000390161E1,1.048722403310E1,2.364280602079E0));
#1477=CARTESIAN_POINT('',(1.000000390161E1,1.046604339486E1,2.166403990591E0));
#1479=CARTESIAN_POINT('',(1.000000390161E1,1.046604339486E1,2.166403990591E0));
#1480=CARTESIAN_POINT('',(9.867842039982E0,1.045633411051E1,2.776456011209E0));
#1481=CARTESIAN_POINT('',(9.491554447981E0,1.043691891634E1,3.972290303331E0));
#1482=CARTESIAN_POINT('',(8.610101111352E0,1.040778970700E1,5.633374857813E0));
#1483=CARTESIAN_POINT('',(7.441056758393E0,1.037866221738E1,7.106293749696E0));
#1484=CARTESIAN_POINT('',(6.023471923727E0,1.034953426696E1,8.341853944855E0));
#1485=CARTESIAN_POINT('',(4.404695048687E0,1.032040644001E1,9.298784944546E0));
#1486=CARTESIAN_POINT('',(2.638795630695E0,1.029127857998E1,9.945124325218E0));
#1487=CARTESIAN_POINT('',(7.847569845704E-1,1.026215072881E1,1.025928343417E1));
#1488=CARTESIAN_POINT('',(-1.095493543784E0,1.023302287526E1,1.023076898376E1));
#1489=CARTESIAN_POINT('',(-2.939153121173E0,1.020389502236E1,9.860533403826E0));
#1490=CARTESIAN_POINT('',(-4.684641099572E0,1.017476716928E1,9.160943064464E0));
#1491=CARTESIAN_POINT('',(-6.273655896148E0,1.014563931625E1,8.155365212324E0));
#1492=CARTESIAN_POINT('',(-7.653122339880E0,1.011651146321E1,6.877387475818E0));
#1493=CARTESIAN_POINT('',(-8.776964451252E0,1.008738361016E1,5.369695993205E0));
#1494=CARTESIAN_POINT('',(-9.607644439181E0,1.005825575712E1,3.682649639693E0));
#1495=CARTESIAN_POINT('',(-1.011741651147E1,1.002912790408E1,1.872597975136E0));
#1496=CARTESIAN_POINT('',(-1.028925361977E1,1.000000005104E1,
-9.046714517513E-7));
#1497=CARTESIAN_POINT('',(-1.011741618459E1,9.970872197998E0,
-1.872599747001E0));
#1498=CARTESIAN_POINT('',(-9.607643804403E0,9.941744344956E0,
-3.682651301620E0));
#1499=CARTESIAN_POINT('',(-8.776963545272E0,9.912616491914E0,
-5.369697480068E0));
#1500=CARTESIAN_POINT('',(-7.653121214652E0,9.883488638873E0,
-6.877388734193E0));
#1501=CARTESIAN_POINT('',(-6.273654615368E0,9.854360785831E0,
-8.155366204109E0));
#1502=CARTESIAN_POINT('',(-4.684639734372E0,9.825232932790E0,
-9.160943769512E0));
#1503=CARTESIAN_POINT('',(-2.939151745089E0,9.796105079748E0,
-9.860533821432E0));
#1504=CARTESIAN_POINT('',(-1.095492228041E0,9.766977226706E0,
-1.023076913274E1));
#1505=CARTESIAN_POINT('',(7.847581779139E-1,9.737849373665E0,
-1.025928335209E1));
#1506=CARTESIAN_POINT('',(2.638796647028E0,9.708721520623E0,-9.945124064527E0));
#1507=CARTESIAN_POINT('',(4.404695869017E0,9.679593667581E0,-9.298784574221E0));
#1508=CARTESIAN_POINT('',(6.023472477720E0,9.650465814540E0,-8.341853526262E0));
#1509=CARTESIAN_POINT('',(7.441057262263E0,9.621337961498E0,-7.106293404045E0));
#1510=CARTESIAN_POINT('',(8.610100814296E0,9.592210108456E0,-5.633374488695E0));
#1511=CARTESIAN_POINT('',(9.491556311394E0,9.563082255415E0,-3.972290604760E0));
#1512=CARTESIAN_POINT('',(9.867838146652E0,9.543663686720E0,-2.776455222886E0));
#1513=CARTESIAN_POINT('',(1.E1,9.533954402373E0,-2.166403280938E0));
#1515=CARTESIAN_POINT('',(1.000000041819E1,1.087503373636E1,4.582575913038E0));
#1516=CARTESIAN_POINT('',(9.771344821160E0,1.086709323696E1,5.081478816176E0));
#1517=CARTESIAN_POINT('',(9.180061202869E0,1.084943948513E1,6.152376932660E0));
#1518=CARTESIAN_POINT('',(7.999594240279E0,1.082208228038E1,7.639702372659E0));
#1519=CARTESIAN_POINT('',(6.475601130768E0,1.079295389578E1,8.968004255442E0));
#1520=CARTESIAN_POINT('',(4.735317399514E0,1.076382618516E1,9.996764047286E0));
#1521=CARTESIAN_POINT('',(2.836867067288E0,1.073469829397E1,1.069161843480E1));
#1522=CARTESIAN_POINT('',(8.436618872868E-1,1.070557045109E1,1.102935876103E1));
#1523=CARTESIAN_POINT('',(-1.177722734572E0,1.067644259553E1,1.099870397283E1));
#1524=CARTESIAN_POINT('',(-3.159769822437E0,1.064731474241E1,1.060067802428E1));
#1525=CARTESIAN_POINT('',(-5.036276432885E0,1.061818689222E1,9.848575512547E0));
#1526=CARTESIAN_POINT('',(-6.744564752333E0,1.058905902786E1,8.767517662888E0));
#1527=CARTESIAN_POINT('',(-8.227575837136E0,1.055993121722E1,7.393613235004E0));
#1528=CARTESIAN_POINT('',(-9.435774742894E0,1.053080320588E1,5.772752443870E0));
#1529=CARTESIAN_POINT('',(-1.032880768769E1,1.050167594365E1,3.959074172589E0));
#1530=CARTESIAN_POINT('',(-1.087684001962E1,1.047254589015E1,2.013157936429E0));
#1531=CARTESIAN_POINT('',(-1.100000650045E1,1.045313281194E1,
6.710525379434E-1));
#1532=CARTESIAN_POINT('',(-1.100000649882E1,1.044342353208E1,
-1.751955832799E-8));
#1534=CARTESIAN_POINT('',(-1.100000649882E1,1.044342353208E1,
-1.751955832799E-8));
#1535=CARTESIAN_POINT('',(-1.100000649719E1,1.043371424324E1,
-6.710531934819E-1));
#1536=CARTESIAN_POINT('',(-1.087683983712E1,1.041429018406E1,
-2.013159257839E0));
#1537=CARTESIAN_POINT('',(-1.032880700526E1,1.038516453148E1,
-3.959075954887E0));
#1538=CARTESIAN_POINT('',(-9.435773768911E0,1.035603608763E1,
-5.772754043512E0));
#1539=CARTESIAN_POINT('',(-8.227574627444E0,1.032690839289E1,
-7.393614587520E0));
#1540=CARTESIAN_POINT('',(-6.744563375425E0,1.029778049744E1,
-8.767518729199E0));
#1541=CARTESIAN_POINT('',(-5.036274965174E0,1.026865265574E1,
-9.848576270506E0));
#1542=CARTESIAN_POINT('',(-3.159768343199E0,1.023952479978E1,
-1.060067847320E1));
#1543=CARTESIAN_POINT('',(-1.177721319559E0,1.021039694707E1,
-1.099870413315E1));
#1544=CARTESIAN_POINT('',(8.436631683050E-1,1.018126909558E1,
-1.102935867219E1));
#1545=CARTESIAN_POINT('',(2.836868166997E0,1.015214123598E1,-1.069161815680E1));
#1546=CARTESIAN_POINT('',(4.735318254965E0,1.012301340763E1,-9.996763640735E0));
#1547=CARTESIAN_POINT('',(6.475601825074E0,1.009388546240E1,-8.968003836885E0));
#1548=CARTESIAN_POINT('',(7.999594413508E0,1.006475795341E1,-7.639701883670E0));
#1549=CARTESIAN_POINT('',(9.180062203479E0,1.003739767930E1,-6.152376943721E0));
#1550=CARTESIAN_POINT('',(9.771343565018E0,1.001975046391E1,-5.081478114140E0));
#1551=CARTESIAN_POINT('',(9.999999128148E0,1.001180996454E1,-4.582575268626E0));
#1553=DIRECTION('',(1.139431100356E-5,9.999999999189E-1,-5.692052464129E-6));
#1554=VECTOR('',#1553,1.131570640866E-1);
#1555=CARTESIAN_POINT('',(9.999999128148E0,1.001180996454E1,-4.582575268626E0));
#1556=LINE('',#1555,#1554);
#1557=CARTESIAN_POINT('',(1.000000041749E1,1.012496702861E1,-4.582575912722E0));
#1558=CARTESIAN_POINT('',(9.771345280014E0,1.013290751106E1,-5.081477813358E0));
#1559=CARTESIAN_POINT('',(9.180062615107E0,1.015056123622E1,-6.152374590598E0));
#1560=CARTESIAN_POINT('',(7.999597486145E0,1.017791840626E1,-7.639698848155E0));
#1561=CARTESIAN_POINT('',(6.475606080499E0,1.020704676368E1,-8.968000582881E0));
#1562=CARTESIAN_POINT('',(4.735324079116E0,1.023617444724E1,-9.996760802519E0));
#1563=CARTESIAN_POINT('',(2.836875342447E0,1.026530231133E1,-1.069161617078E1));
#1564=CARTESIAN_POINT('',(8.436714777289E-1,1.029443012712E1,
-1.102935796818E1));
#1565=CARTESIAN_POINT('',(-1.177712231512E0,1.032355795560E1,
-1.099870504508E1));
#1566=CARTESIAN_POINT('',(-3.159758901190E0,1.035268578163E1,
-1.060068123257E1));
#1567=CARTESIAN_POINT('',(-5.036265643903E0,1.038181360473E1,
-9.848580987038E0));
#1568=CARTESIAN_POINT('',(-6.744554663677E0,1.041094144199E1,
-8.767525384823E0));
#1569=CARTESIAN_POINT('',(-8.227566995416E0,1.044006922560E1,
-7.393623038454E0));
#1570=CARTESIAN_POINT('',(-9.435767637411E0,1.046919720960E1,
-5.772764027035E0));
#1571=CARTESIAN_POINT('',(-1.032880271460E1,1.049832444570E1,
-3.959087117793E0));
#1572=CARTESIAN_POINT('',(-1.087683873843E1,1.052745453609E1,
-2.013167227235E0));
#1573=CARTESIAN_POINT('',(-1.100000649811E1,1.054686767252E1,
-6.710572028036E-1));
#1574=CARTESIAN_POINT('',(-1.100000649433E1,1.055657701086E1,
1.758997597568E-8));
#1576=CARTESIAN_POINT('',(-1.100000649433E1,1.055657701086E1,
1.758997597568E-8));
#1577=CARTESIAN_POINT('',(-1.100000649055E1,1.056628622316E1,
6.710485263275E-1));
#1578=CARTESIAN_POINT('',(-1.087684114065E1,1.058571018802E1,2.013149960166E0));
#1579=CARTESIAN_POINT('',(-1.032881199299E1,1.061483574950E1,3.959062996851E0));
#1580=CARTESIAN_POINT('',(-9.435780899396E0,1.064396416533E1,5.772742443317E0));
#1581=CARTESIAN_POINT('',(-8.227583502432E0,1.067309183323E1,7.393604765347E0));
#1582=CARTESIAN_POINT('',(-6.744573508030E0,1.070221970152E1,8.767510989939E0));
#1583=CARTESIAN_POINT('',(-5.036285808907E0,1.073134751616E1,9.848570783563E0));
#1584=CARTESIAN_POINT('',(-3.159779329536E0,1.076047534503E1,1.060067526096E1));
#1585=CARTESIAN_POINT('',(-1.177731896469E0,1.078960317064E1,1.099870306899E1));
#1586=CARTESIAN_POINT('',(8.436534977419E-1,1.081873099505E1,1.102935948838E1));
#1587=CARTESIAN_POINT('',(2.836859809002E0,1.084785882751E1,1.069162046208E1));
#1588=CARTESIAN_POINT('',(4.735311493487E0,1.087698662901E1,9.996766946269E0));
#1589=CARTESIAN_POINT('',(6.475596801018E0,1.090611454624E1,8.968007591403E0));
#1590=CARTESIAN_POINT('',(7.999591098993E0,1.093524203154E1,7.639705507834E0));
#1591=CARTESIAN_POINT('',(9.180060784855E0,1.096260227855E1,6.152379376787E0));
#1592=CARTESIAN_POINT('',(9.771343086838E0,1.098024951303E1,5.081479155895E0));
#1593=CARTESIAN_POINT('',(9.999999128153E0,1.098819001524E1,4.582575268628E0));
#1595=DIRECTION('',(1.140045404077E-5,-9.999999999188E-1,5.694867814488E-6));
#1596=VECTOR('',#1595,1.131562788894E-1);
#1597=CARTESIAN_POINT('',(9.999999128153E0,1.098819001524E1,4.582575268628E0));
#1598=LINE('',#1597,#1596);
#1599=CARTESIAN_POINT('',(1.E1,1.146604549842E1,2.166403417399E0));
#1600=CARTESIAN_POINT('',(1.E1,1.143886488511E1,2.364161628546E0));
#1601=CARTESIAN_POINT('',(1.000000003114E1,1.137811903122E1,2.761174621865E0));
#1602=CARTESIAN_POINT('',(9.999999891019E0,1.126582909619E1,3.371191842832E0));
#1603=CARTESIAN_POINT('',(1.000000040479E1,1.113913464627E1,3.965781025377E0));
#1604=CARTESIAN_POINT('',(9.999999128153E0,1.104059613890E1,4.376009701751E0));
#1605=CARTESIAN_POINT('',(9.999999128153E0,1.098819001524E1,4.582575268628E0));
#1607=CARTESIAN_POINT('',(1.000000041749E1,1.012496702861E1,-4.582575912722E0));
#1608=CARTESIAN_POINT('',(1.000000041749E1,1.017188993247E1,-4.376226573855E0));
#1609=CARTESIAN_POINT('',(9.999999806163E0,1.025933539023E1,-3.966303329509E0));
#1610=CARTESIAN_POINT('',(1.000000005219E1,1.036962636402E1,-3.370065955172E0));
#1611=CARTESIAN_POINT('',(9.999999985089E0,1.046391097443E1,-2.761490766679E0));
#1612=CARTESIAN_POINT('',(1.E1,1.051277443739E1,-2.364279683790E0));
#1613=CARTESIAN_POINT('',(1.E1,1.053395506792E1,-2.166403146132E0));
#1615=CARTESIAN_POINT('',(1.E1,1.053395506792E1,-2.166403146132E0));
#1616=CARTESIAN_POINT('',(1.E1,1.056113568421E1,-2.364161365487E0));
#1617=CARTESIAN_POINT('',(1.000000003114E1,1.062188154515E1,-2.761174384869E0));
#1618=CARTESIAN_POINT('',(9.999999891018E0,1.073417151579E1,-3.371191750771E0));
#1619=CARTESIAN_POINT('',(1.000000040479E1,1.086086598047E1,-3.965780950713E0));
#1620=CARTESIAN_POINT('',(9.999999128144E0,1.095940450721E1,-4.376009677315E0));
#1621=CARTESIAN_POINT('',(9.999999128144E0,1.101181064111E1,-4.582575268624E0));
#1623=CARTESIAN_POINT('',(1.000000042635E1,1.187503356774E1,4.582575916781E0));
#1624=CARTESIAN_POINT('',(1.000000042635E1,1.182811067715E1,4.376226653855E0));
#1625=CARTESIAN_POINT('',(9.999999802050E0,1.174066522516E1,3.966303532677E0));
#1626=CARTESIAN_POINT('',(1.000000005329E1,1.163037419765E1,3.370065921347E0));
#1627=CARTESIAN_POINT('',(9.999999984773E0,1.153608963240E1,2.761491140351E0));
#1628=CARTESIAN_POINT('',(1.E1,1.148722614182E1,2.364280002029E0));
#1629=CARTESIAN_POINT('',(1.E1,1.146604549842E1,2.166403417399E0));
#1631=CARTESIAN_POINT('',(1.E1,1.146604549842E1,2.166403417399E0));
#1632=CARTESIAN_POINT('',(9.867838023580E0,1.145633622311E1,2.776455885350E0));
#1633=CARTESIAN_POINT('',(9.491555755923E0,1.143691767247E1,3.972292241904E0));
#1634=CARTESIAN_POINT('',(8.610099157502E0,1.140778984652E1,5.633377224189E0));
#1635=CARTESIAN_POINT('',(7.441054183339E0,1.137866202056E1,7.106296777204E0));
#1636=CARTESIAN_POINT('',(6.023467803597E0,1.134953419461E1,8.341857018435E0));
#1637=CARTESIAN_POINT('',(4.404689580057E0,1.132040636866E1,9.298787649401E0));
#1638=CARTESIAN_POINT('',(2.638788872605E0,1.129127854270E1,9.945126209144E0));
#1639=CARTESIAN_POINT('',(7.847491826009E-1,1.126215071675E1,1.025928411165E1));
#1640=CARTESIAN_POINT('',(-1.095502066508E0,1.123302289080E1,1.023076814323E1));
#1641=CARTESIAN_POINT('',(-2.939161964450E0,1.120389506484E1,9.860530833799E0));
#1642=CARTESIAN_POINT('',(-4.684649821153E0,1.117476723889E1,9.160938665975E0));
#1643=CARTESIAN_POINT('',(-6.273664040696E0,1.114563941294E1,8.155359005480E0));
#1644=CARTESIAN_POINT('',(-7.653129470326E0,1.111651158698E1,6.877379598039E0));
#1645=CARTESIAN_POINT('',(-8.776970177878E0,1.108738376103E1,5.369686689984E0));
#1646=CARTESIAN_POINT('',(-9.607648445394E0,1.105825593508E1,3.682639248443E0));
#1647=CARTESIAN_POINT('',(-1.011741857454E1,1.102912810912E1,1.872586903235E0));
#1648=CARTESIAN_POINT('',(-1.028925362531E1,1.100000028317E1,
-1.220622162923E-5));
#1649=CARTESIAN_POINT('',(-1.011741413404E1,1.097087245722E1,
-1.872610812636E0));
#1650=CARTESIAN_POINT('',(-9.607639814845E0,1.094174463126E1,
-3.682661681180E0));
#1651=CARTESIAN_POINT('',(-8.776957841847E0,1.091261680531E1,
-5.369706767807E0));
#1652=CARTESIAN_POINT('',(-7.653114115837E0,1.088348897936E1,
-6.877396595017E0));
#1653=CARTESIAN_POINT('',(-6.273646512070E0,1.085436115340E1,
-8.155372395382E0));
#1654=CARTESIAN_POINT('',(-4.684631064058E0,1.082523332745E1,
-9.160948157027E0));
#1655=CARTESIAN_POINT('',(-2.939142962501E0,1.079610550150E1,
-9.860536388454E0));
#1656=CARTESIAN_POINT('',(-1.095483774270E0,1.076697767554E1,
-1.023076998146E1));
#1657=CARTESIAN_POINT('',(7.847659061E-1,1.073784984959E1,-1.025928269717E1));
#1658=CARTESIAN_POINT('',(2.638803325663E0,1.070872202364E1,-9.945122219065E0));
#1659=CARTESIAN_POINT('',(4.404701271403E0,1.067959419768E1,-9.298781928667E0));
#1660=CARTESIAN_POINT('',(6.023476493206E0,1.065046637173E1,-8.341850521434E0));
#1661=CARTESIAN_POINT('',(7.441059907980E0,1.062133854578E1,-7.106290499720E0));
#1662=CARTESIAN_POINT('',(8.610102238832E0,1.059221071982E1,-5.633372129517E0));
#1663=CARTESIAN_POINT('',(9.491556789822E0,1.056308289387E1,-3.972289185487E0));
#1664=CARTESIAN_POINT('',(9.867838252957E0,1.054366434323E1,-2.776454637861E0));
#1665=CARTESIAN_POINT('',(1.E1,1.053395506792E1,-2.166403146132E0));
#1667=CARTESIAN_POINT('',(1.000000042635E1,1.187503356774E1,4.582575916781E0));
#1668=CARTESIAN_POINT('',(9.771344398618E0,1.186709306623E1,5.081479757029E0));
#1669=CARTESIAN_POINT('',(9.180059977240E0,1.184943936475E1,6.152379119536E0));
#1670=CARTESIAN_POINT('',(7.999591324673E0,1.182208215556E1,7.639705593566E0));
#1671=CARTESIAN_POINT('',(6.475596740547E0,1.179295380387E1,8.968007568431E0));
#1672=CARTESIAN_POINT('',(4.735311509690E0,1.176382611878E1,9.996766952425E0));
#1673=CARTESIAN_POINT('',(2.836859804661E0,1.173469825510E1,1.069162046043E1));
#1674=CARTESIAN_POINT('',(8.436534989053E-1,1.170557043919E1,1.102935948882E1));
#1675=CARTESIAN_POINT('',(-1.177731896781E0,1.167644261075E1,1.099870306887E1));
#1676=CARTESIAN_POINT('',(-3.159779329450E0,1.164731478471E1,1.060067526098E1));
#1677=CARTESIAN_POINT('',(-5.036285808938E0,1.161818696160E1,9.848570783577E0));
#1678=CARTESIAN_POINT('',(-6.744573507991E0,1.158905912433E1,8.767510989857E0));
#1679=CARTESIAN_POINT('',(-8.227583502558E0,1.155993134081E1,7.393604765660E0));
#1680=CARTESIAN_POINT('',(-9.435780898934E0,1.153080335646E1,5.772742442144E0));
#1681=CARTESIAN_POINT('',(-1.032881199471E1,1.150167612165E1,3.959063001226E0));
#1682=CARTESIAN_POINT('',(-1.087684114061E1,1.147254615222E1,2.013149921169E0));
#1683=CARTESIAN_POINT('',(-1.100000650870E1,1.145313315324E1,
6.710485146010E-1));
#1684=CARTESIAN_POINT('',(-1.100000650818E1,1.144342394061E1,
-1.758954817557E-8));
#1686=CARTESIAN_POINT('',(-1.100000650818E1,1.144342394061E1,
-1.758954817557E-8));
#1687=CARTESIAN_POINT('',(-1.100000650766E1,1.143371460261E1,
-6.710572145302E-1));
#1688=CARTESIAN_POINT('',(-1.087683872562E1,1.141429050033E1,
-2.013167266231E0));
#1689=CARTESIAN_POINT('',(-1.032880271632E1,1.138516481783E1,
-3.959087113418E0));
#1690=CARTESIAN_POINT('',(-9.435767636950E0,1.135603640074E1,
-5.772764028208E0));
#1691=CARTESIAN_POINT('',(-8.227566995538E0,1.132690873318E1,
-7.393623038141E0));
#1692=CARTESIAN_POINT('',(-6.744554663650E0,1.129778086480E1,
-8.767525384905E0));
#1693=CARTESIAN_POINT('',(-5.036265643890E0,1.126865305018E1,
-9.848580987024E0));
#1694=CARTESIAN_POINT('',(-3.159758901270E0,1.123952522131E1,
-1.060068123255E1));
#1695=CARTESIAN_POINT('',(-1.177712231203E0,1.121039739569E1,
-1.099870504519E1));
#1696=CARTESIAN_POINT('',(8.436714765734E-1,1.118126957131E1,
-1.102935796775E1));
#1697=CARTESIAN_POINT('',(2.836875346761E0,1.115214173873E1,-1.069161617242E1));
#1698=CARTESIAN_POINT('',(4.735324063018E0,1.112301393772E1,-9.996760796412E0));
#1699=CARTESIAN_POINT('',(6.475606140576E0,1.109388601863E1,-8.968000605673E0));
#1700=CARTESIAN_POINT('',(7.999597261934E0,1.106475854026E1,-7.639698763096E0));
#1701=CARTESIAN_POINT('',(9.180063417661E0,1.103739828808E1,-6.152374845527E0));
#1702=CARTESIAN_POINT('',(9.771343977085E0,1.101975112426E1,-5.081477216280E0));
#1703=CARTESIAN_POINT('',(9.999999128144E0,1.101181064111E1,-4.582575268624E0));
#1705=DIRECTION('',(3.547512833684E-5,9.999999992482E-1,-1.565498640855E-5));
#1706=VECTOR('',#1705,1.131653801279E-1);
#1707=CARTESIAN_POINT('',(9.999999128144E0,1.101181064111E1,-4.582575268624E0));
#1708=LINE('',#1707,#1706);
#1709=CARTESIAN_POINT('',(-2.122862444820E-3,1.112105763899E1,
9.103509244914E-4));
#1710=DIRECTION('',(5.737033607263E-3,9.998940537578E-1,1.337788119094E-2));
#1711=DIRECTION('',(9.090930127230E-1,3.576730073734E-4,-4.165930463754E-1));
#1712=AXIS2_PLACEMENT_3D('',#1709,#1710,#1711);
#1714=CARTESIAN_POINT('',(9.097889049552E0,1.115157841894E1,-6.182919013400E0));
#1715=CARTESIAN_POINT('',(8.745401943227E0,1.116065180294E1,-6.701588039761E0));
#1716=CARTESIAN_POINT('',(7.951505456315E0,1.117880134207E1,-7.678481992870E0));
#1717=CARTESIAN_POINT('',(6.528639875927E0,1.120602038030E1,-8.919777774934E0));
#1718=CARTESIAN_POINT('',(4.915268881914E0,1.123324083075E1,-9.900792463148E0));
#1719=CARTESIAN_POINT('',(3.158471403203E0,1.126046090279E1,-1.059290431692E1));
#1720=CARTESIAN_POINT('',(1.309510284756E0,1.128768107622E1,-1.097591659097E1));
#1721=CARTESIAN_POINT('',(-5.776619961749E-1,1.131490122255E1,
-1.103865340266E1));
#1722=CARTESIAN_POINT('',(-2.447978074258E0,1.134212137590E1,
-1.077928408739E1));
#1723=CARTESIAN_POINT('',(-4.246862435799E0,1.136934152824E1,
-1.020537708182E1));
#1724=CARTESIAN_POINT('',(-5.921823970109E0,1.139656167759E1,
-9.333678948327E0));
#1725=CARTESIAN_POINT('',(-7.423987574334E0,1.142378183989E1,-8.189625743E0));
#1726=CARTESIAN_POINT('',(-8.709520570847E0,1.145100195342E1,
-6.806600783489E0));
#1727=CARTESIAN_POINT('',(-9.740910798724E0,1.147822224906E1,
-5.224960529299E0));
#1728=CARTESIAN_POINT('',(-1.048806469795E1,1.150544186508E1,
-3.490856984165E0));
#1729=CARTESIAN_POINT('',(-1.091133213162E1,1.153156303748E1,
-1.729145284032E0));
#1730=CARTESIAN_POINT('',(-1.099998400153E1,1.154860459111E1,
-5.510169486596E-1));
#1731=CARTESIAN_POINT('',(-1.100000266857E1,1.155657707608E1,
-8.663140671339E-10));
#1733=CARTESIAN_POINT('',(-1.100000266857E1,1.155657707608E1,
-8.663140671339E-10));
#1734=CARTESIAN_POINT('',(-1.100000524625E1,1.155767797512E1,
7.608844945950E-2));
#1735=CARTESIAN_POINT('',(-1.099269037426E1,1.156786652122E1,
7.792817997742E-1));
#1736=CARTESIAN_POINT('',(-1.085111462297E1,1.158709786573E1,2.106926691223E0));
#1737=CARTESIAN_POINT('',(-1.033419036346E1,1.161432420293E1,3.923009266605E0));
#1738=CARTESIAN_POINT('',(-9.515736281610E0,1.164154269763E1,5.624619124475E0));
#1739=CARTESIAN_POINT('',(-8.419609702124E0,1.166876329371E1,7.162103652265E0));
#1740=CARTESIAN_POINT('',(-7.077802124067E0,1.169598332674E1,8.490599396619E0));
#1741=CARTESIAN_POINT('',(-5.529465448375E0,1.172320351062E1,9.571341162387E0));
#1742=CARTESIAN_POINT('',(-3.819780321258E0,1.175042365414E1,1.037279317130E1));
#1743=CARTESIAN_POINT('',(-1.998634877278E0,1.177764380825E1,1.087156926731E1));
#1744=CARTESIAN_POINT('',(-1.191697989935E-1,1.180486396038E1,
1.105311531207E1));
#1745=CARTESIAN_POINT('',(1.763772565471E0,1.183208410983E1,1.091213388567E1));
#1746=CARTESIAN_POINT('',(3.595248281380E0,1.185930427195E1,1.045273879702E1));
#1747=CARTESIAN_POINT('',(5.321815663991E0,1.188652438609E1,9.688335280595E0));
#1748=CARTESIAN_POINT('',(6.893092560228E0,1.191374467948E1,8.641227938022E0));
#1749=CARTESIAN_POINT('',(8.263234435481E0,1.194096430388E1,7.341973229159E0));
#1750=CARTESIAN_POINT('',(9.292503839755E0,1.196578157366E1,5.962180517413E0));
#1751=CARTESIAN_POINT('',(9.807969723713E0,1.198152012852E1,5.001574444564E0));
#1752=CARTESIAN_POINT('',(9.999998869150E0,1.198818883519E1,4.582575141992E0));
#1754=DIRECTION('',(1.376165607088E-5,-9.999999998819E-1,6.847131424110E-6));
#1755=VECTOR('',#1754,1.131552674608E-1);
#1756=CARTESIAN_POINT('',(9.999998869150E0,1.198818883519E1,4.582575141992E0));
#1757=LINE('',#1756,#1755);
#1758=CARTESIAN_POINT('',(1.000000314270E1,1.112497602116E1,-4.582577040226E0));
#1759=CARTESIAN_POINT('',(1.000000314270E1,1.117187450487E1,-4.376241760953E0));
#1760=CARTESIAN_POINT('',(9.999998540889E0,1.125932924845E1,-3.966351348246E0));
#1761=CARTESIAN_POINT('',(1.000000039284E1,1.136960588883E1,-3.370125102933E0));
#1762=CARTESIAN_POINT('',(9.999999887761E0,1.146392043591E1,-2.761540116042E0));
#1763=CARTESIAN_POINT('',(1.E1,1.151273548972E1,-2.364295042735E0));
#1764=CARTESIAN_POINT('',(1.E1,1.153395475893E1,-2.166403460735E0));
#1766=DIRECTION('',(7.162717791245E-1,-5.000022221059E-1,-4.867776867514E-1));
#1767=VECTOR('',#1766,8.868316298237E-1);
#1768=CARTESIAN_POINT('',(8.462676580275E0,1.159499620448E1,-5.751229164097E0));
#1769=LINE('',#1768,#1767);
#1770=CARTESIAN_POINT('',(1.E1,1.153395475893E1,-2.166403460735E0));
#1771=CARTESIAN_POINT('',(1.E1,1.156110174957E1,-2.364185550044E0));
#1772=CARTESIAN_POINT('',(1.000000010971E1,1.162190721403E1,-2.761219184261E0));
#1773=CARTESIAN_POINT('',(9.999999616019E0,1.173418155724E1,-3.371251028817E0));
#1774=CARTESIAN_POINT('',(1.000000142622E1,1.186088283087E1,-3.965826056876E0));
#1775=CARTESIAN_POINT('',(9.999996928150E0,1.195940313714E1,-4.376029649112E0));
#1776=CARTESIAN_POINT('',(9.999996928150E0,1.201181446172E1,-4.582574192540E0));
#1778=DIRECTION('',(-7.162688916969E-1,-5.000082557160E-1,4.867757378949E-1));
#1779=VECTOR('',#1778,8.868388036849E-1);
#1780=CARTESIAN_POINT('',(9.097891627304E0,1.203842292781E1,-6.182920777154E0));
#1781=LINE('',#1780,#1779);
#1782=CARTESIAN_POINT('',(-2.282205227722E-3,1.156447731506E1,
9.786861415741E-4));
#1783=DIRECTION('',(-6.167561088618E-3,-9.998775549390E-1,-1.438180515507E-2));
#1784=DIRECTION('',(8.271028912041E-1,2.982345095423E-3,-5.620426255895E-1));
#1785=AXIS2_PLACEMENT_3D('',#1782,#1783,#1784);
#1787=CARTESIAN_POINT('',(9.999998849289E0,1.287503255906E1,4.582575202078E0));
#1788=CARTESIAN_POINT('',(9.807969722872E0,1.286836385330E1,5.001574444180E0));
#1789=CARTESIAN_POINT('',(9.292503764443E0,1.285261816830E1,5.962180639270E0));
#1790=CARTESIAN_POINT('',(8.263234446817E0,1.282780451980E1,7.341973207658E0));
#1791=CARTESIAN_POINT('',(6.893092557190E0,1.280058383131E1,8.641227943784E0));
#1792=CARTESIAN_POINT('',(5.321815664805E0,1.277336382304E1,9.688335279051E0));
#1793=CARTESIAN_POINT('',(3.595248281161E0,1.274614363253E1,1.045273879744E1));
#1794=CARTESIAN_POINT('',(1.763772565530E0,1.271892349080E1,1.091213388555E1));
#1795=CARTESIAN_POINT('',(-1.191697990111E-1,1.269170333619E1,
1.105311531210E1));
#1796=CARTESIAN_POINT('',(-1.998634877266E0,1.266448318430E1,1.087156926731E1));
#1797=CARTESIAN_POINT('',(-3.819780321286E0,1.263726303440E1,1.037279317130E1));
#1798=CARTESIAN_POINT('',(-5.529465448274E0,1.261004287379E1,9.571341162391E0));
#1799=CARTESIAN_POINT('',(-7.077802124442E0,1.258282275405E1,8.490599396602E0));
#1800=CARTESIAN_POINT('',(-8.419609700724E0,1.255560248155E1,7.162103652329E0));
#1801=CARTESIAN_POINT('',(-9.515736286836E0,1.252838277923E1,5.624619124235E0));
#1802=CARTESIAN_POINT('',(-1.033419034396E1,1.250116094893E1,3.923009267500E0));
#1803=CARTESIAN_POINT('',(-1.085111469575E1,1.247394706037E1,2.106926687882E0));
#1804=CARTESIAN_POINT('',(-1.099269020336E1,1.245468286425E1,
7.792818088965E-1));
#1805=CARTESIAN_POINT('',(-1.100000528828E1,1.244452302480E1,
7.608845010296E-2));
#1806=CARTESIAN_POINT('',(-1.100000271063E1,1.244342212578E1,
1.064085086320E-9));
#1808=CARTESIAN_POINT('',(-1.100000271063E1,1.244342212578E1,
1.064085086320E-9));
#1809=CARTESIAN_POINT('',(-1.099998404378E1,1.243544964080E1,
-5.510169480162E-1));
#1810=CARTESIAN_POINT('',(-1.091133210958E1,1.241839940186E1,
-1.729145281751E0));
#1811=CARTESIAN_POINT('',(-1.048806470426E1,1.239228209258E1,
-3.490856984455E0));
#1812=CARTESIAN_POINT('',(-9.740910797034E0,1.236506139780E1,
-5.224960529222E0));
#1813=CARTESIAN_POINT('',(-8.709520571303E0,1.233784139121E1,
-6.806600783508E0));
#1814=CARTESIAN_POINT('',(-7.423987574204E0,1.231062120025E1,-8.189625743E0));
#1815=CARTESIAN_POINT('',(-5.921823970174E0,1.228340105863E1,
-9.333678948306E0));
#1816=CARTESIAN_POINT('',(-4.246862435672E0,1.225618090401E1,
-1.020537708191E1));
#1817=CARTESIAN_POINT('',(-2.447978074703E0,1.222896075204E1,
-1.077928408709E1));
#1818=CARTESIAN_POINT('',(-5.776619945219E-1,1.220174060246E1,
-1.103865340379E1));
#1819=CARTESIAN_POINT('',(1.309510278589E0,1.217452044067E1,-1.097591658675E1));
#1820=CARTESIAN_POINT('',(3.158471426218E0,1.214730032532E1,-1.059290433267E1));
#1821=CARTESIAN_POINT('',(4.915268796020E0,1.212008003645E1,-9.900792404378E0));
#1822=CARTESIAN_POINT('',(6.528640196485E0,1.209286039523E1,-8.919777994266E0));
#1823=CARTESIAN_POINT('',(7.951504259976E0,1.206563833693E1,-7.678481174309E0));
#1824=CARTESIAN_POINT('',(8.745404520979E0,1.204749631182E1,-6.701589803514E0));
#1825=CARTESIAN_POINT('',(9.097891627304E0,1.203842292781E1,-6.182920777154E0));
#1827=CARTESIAN_POINT('',(-2.122862441686E-3,1.200789699168E1,
9.103509313322E-4));
#1828=DIRECTION('',(-5.737033651202E-3,-9.998940537578E-1,-1.337788117192E-2));
#1829=DIRECTION('',(8.270998844380E-1,2.774206958475E-3,-5.620481162129E-1));
#1830=AXIS2_PLACEMENT_3D('',#1827,#1828,#1829);
#1832=DIRECTION('',(1.933677547508E-5,9.999999997637E-1,-9.932013861248E-6));
#1833=VECTOR('',#1832,1.131525723880E-1);
#1834=CARTESIAN_POINT('',(9.999996928150E0,1.201181446172E1,-4.582574192540E0));
#1835=LINE('',#1834,#1833);
#1836=CARTESIAN_POINT('',(9.999999116156E0,1.212496703409E1,-4.582575316373E0));
#1837=CARTESIAN_POINT('',(9.771343412352E0,1.213290753569E1,-5.081478451389E0));
#1838=CARTESIAN_POINT('',(9.180061696553E0,1.215055995132E1,-6.152377812566E0));
#1839=CARTESIAN_POINT('',(7.999593367664E0,1.217791778541E1,-7.639703027384E0));
#1840=CARTESIAN_POINT('',(6.475600235469E0,1.220704598914E1,-8.968005033435E0));
#1841=CARTESIAN_POINT('',(4.735316126108E0,1.223617374613E1,-9.996764687059E0));
#1842=CARTESIAN_POINT('',(2.836865540609E0,1.226530162280E1,-1.069161888789E1));
#1843=CARTESIAN_POINT('',(8.436601345161E-1,1.229442946747E1,
-1.102935893483E1));
#1844=CARTESIAN_POINT('',(-1.177724633851E0,1.232355732047E1,
-1.099870380674E1));
#1845=CARTESIAN_POINT('',(-3.159771782786E0,1.235268517219E1,
-1.060067747507E1));
#1846=CARTESIAN_POINT('',(-5.036278357991E0,1.238181302067E1,
-9.848574562122E0));
#1847=CARTESIAN_POINT('',(-6.744566544436E0,1.241094088340E1,
-8.767516318181E0));
#1848=CARTESIAN_POINT('',(-8.227577402726E0,1.244006869238E1,
-7.393611527832E0));
#1849=CARTESIAN_POINT('',(-9.435775999007E0,1.246919670208E1,
-5.772750428793E0));
#1850=CARTESIAN_POINT('',(-1.032880856733E1,1.249832396264E1,
-3.959071923455E0));
#1851=CARTESIAN_POINT('',(-1.087684025555E1,1.252745400290E1,
-2.013156323264E0));
#1852=CARTESIAN_POINT('',(-1.100000651051E1,1.254686706804E1,
-6.710517282706E-1));
#1853=CARTESIAN_POINT('',(-1.100000650843E1,1.255657633565E1,
1.793297454839E-8));
#1855=CARTESIAN_POINT('',(-1.100000650843E1,1.255657633565E1,
1.793297454839E-8));
#1856=CARTESIAN_POINT('',(-1.100000650635E1,1.256628563564E1,
6.710540018189E-1));
#1857=CARTESIAN_POINT('',(-1.087683962018E1,1.258570970568E1,2.013160867004E0));
#1858=CARTESIAN_POINT('',(-1.032880614797E1,1.261483536821E1,3.959078196619E0));
#1859=CARTESIAN_POINT('',(-9.435772539781E0,1.264396381044E1,5.772756048946E0));
#1860=CARTESIAN_POINT('',(-8.227573094997E0,1.267309150353E1,7.393616284467E0));
#1861=CARTESIAN_POINT('',(-6.744561623523E0,1.270221939733E1,8.767520065151E0));
#1862=CARTESIAN_POINT('',(-5.036273087653E0,1.273134723739E1,9.848577216E0));
#1863=CARTESIAN_POINT('',(-3.159766437670E0,1.276047509170E1,1.060067902373E1));
#1864=CARTESIAN_POINT('',(-1.177719480915E0,1.278960294276E1,1.099870430946E1));
#1865=CARTESIAN_POINT('',(8.436648544163E-1,1.281873079257E1,1.102935851900E1));
#1866=CARTESIAN_POINT('',(2.836869629957E0,1.284785865059E1,1.069161773975E1));
#1867=CARTESIAN_POINT('',(4.735319445165E0,1.287698647705E1,9.996763042358E0));
#1868=CARTESIAN_POINT('',(6.475602714869E0,1.290611442157E1,8.968003149593E0));
#1869=CARTESIAN_POINT('',(7.999595011044E0,1.293524192539E1,7.639701208358E0));
#1870=CARTESIAN_POINT('',(9.180062437375E0,1.296260220819E1,6.152376472836E0));
#1871=CARTESIAN_POINT('',(9.771343657336E0,1.298024939415E1,5.081477914331E0));
#1872=CARTESIAN_POINT('',(9.999999128147E0,1.298818989095E1,4.582575268625E0));
#1874=DIRECTION('',(-2.464335565056E-6,-9.999999999968E-1,-5.880914595150E-7));
#1875=VECTOR('',#1874,1.131573318910E-1);
#1876=CARTESIAN_POINT('',(9.999999128147E0,1.298818989095E1,4.582575268625E0));
#1877=LINE('',#1876,#1875);
#1878=CARTESIAN_POINT('',(9.999998849289E0,1.287503255906E1,4.582575202078E0));
#1879=CARTESIAN_POINT('',(9.999998849289E0,1.282810428634E1,4.376197397002E0));
#1880=CARTESIAN_POINT('',(1.000000053426E1,1.274064836531E1,3.966233168541E0));
#1881=CARTESIAN_POINT('',(9.999999856161E0,1.263035258990E1,3.369971932198E0));
#1882=CARTESIAN_POINT('',(1.000000004110E1,1.253607784607E1,2.761419343280E0));
#1883=CARTESIAN_POINT('',(1.E1,1.248722241154E1,2.364251086771E0));
#1884=CARTESIAN_POINT('',(1.E1,1.246604486438E1,2.166403383057E0));
#1886=CARTESIAN_POINT('',(1.E1,1.246604486438E1,2.166403383057E0));
#1887=CARTESIAN_POINT('',(9.876493906336E0,1.245697148037E1,2.736500785400E0));
#1888=CARTESIAN_POINT('',(9.531742537544E0,1.243882471237E1,3.855511499695E0));
#1889=CARTESIAN_POINT('',(8.736479828695E0,1.241160456035E1,5.421532249980E0));
#1890=CARTESIAN_POINT('',(7.686289082893E0,1.238438440834E1,6.829351993453E0));
#1891=CARTESIAN_POINT('',(6.411814038660E0,1.235716425633E1,8.037893418976E0));
#1892=CARTESIAN_POINT('',(4.950243707144E0,1.232994410432E1,9.011890856140E0));
#1893=CARTESIAN_POINT('',(3.344226315689E0,1.230272395231E1,9.722923436768E0));
#1894=CARTESIAN_POINT('',(1.640625083019E0,1.227550380029E1,1.015024330823E1));
#1895=CARTESIAN_POINT('',(-1.108493014194E-1,1.224828364828E1,
1.028138134869E1));
#1896=CARTESIAN_POINT('',(-1.859089205968E0,1.222106349627E1,1.011251093653E1));
#1897=CARTESIAN_POINT('',(-3.553081370032E0,1.219384334426E1,9.648559634130E0));
#1898=CARTESIAN_POINT('',(-5.143395458390E0,1.216662319225E1,8.903065399794E0));
#1899=CARTESIAN_POINT('',(-6.583626428282E0,1.213940304024E1,7.897781557389E0));
#1900=CARTESIAN_POINT('',(-7.831748619325E0,1.211218288822E1,6.662042041426E0));
#1901=CARTESIAN_POINT('',(-8.851342054734E0,1.208496273621E1,5.231905441849E0));
#1902=CARTESIAN_POINT('',(-9.612655170433E0,1.205774258420E1,3.649102824343E0));
#1903=CARTESIAN_POINT('',(-1.009347296184E1,1.203052243219E1,1.959820028604E0));
#1904=CARTESIAN_POINT('',(-1.027976521582E1,1.200330228018E1,
2.133499766834E-1));
#1905=CARTESIAN_POINT('',(-1.016609591254E1,1.197608212816E1,
-1.539345683300E0));
#1906=CARTESIAN_POINT('',(-9.755781850638E0,1.194886197615E1,
-3.247123627229E0));
#1907=CARTESIAN_POINT('',(-9.060795867134E0,1.192164182414E1,
-4.860151207055E0));
#1908=CARTESIAN_POINT('',(-8.101417475771E0,1.189442167213E1,
-6.331360558336E0));
#1909=CARTESIAN_POINT('',(-6.905641117938E0,1.186720152011E1,
-7.617822032783E0));
#1910=CARTESIAN_POINT('',(-5.508359293573E0,1.183998136816E1,
-8.681996878755E0));
#1911=CARTESIAN_POINT('',(-3.950344406151E0,1.181276121592E1,
-9.492832618735E0));
#1912=CARTESIAN_POINT('',(-2.277059038025E0,1.178554106473E1,
-1.002666915300E1));
#1913=CARTESIAN_POINT('',(-5.373293464235E-1,1.175832090964E1,
-1.026792917845E1));
#1914=CARTESIAN_POINT('',(1.218079614705E0,1.173110076914E1,-1.020957266793E1));
#1915=CARTESIAN_POINT('',(2.937945430622E0,1.170388057416E1,-9.853302551985E0));
#1916=CARTESIAN_POINT('',(4.572082162307E0,1.167666058251E1,-9.209514094700E0));
#1917=CARTESIAN_POINT('',(6.072807843356E0,1.164943983203E1,-8.296995062466E0));
#1918=CARTESIAN_POINT('',(7.396324343529E0,1.162222191352E1,-7.142364453392E0));
#1919=CARTESIAN_POINT('',(8.134800297634E0,1.160406958848E1,-6.233684463120E0));
#1920=CARTESIAN_POINT('',(8.462676580275E0,1.159499620448E1,-5.751229164097E0));
#1922=CARTESIAN_POINT('',(1.E1,1.246604486438E1,2.166403383057E0));
#1923=CARTESIAN_POINT('',(1.E1,1.243886825747E1,2.364132419227E0));
#1924=CARTESIAN_POINT('',(1.000000004039E1,1.237813184967E1,2.761102169671E0));
#1925=CARTESIAN_POINT('',(9.999999858644E0,1.226585128001E1,3.371101604862E0));
#1926=CARTESIAN_POINT('',(1.000000052504E1,1.213915255701E1,3.965709836703E0));
#1927=CARTESIAN_POINT('',(9.999998869150E0,1.204060114508E1,4.375980781476E0));
#1928=CARTESIAN_POINT('',(9.999998869150E0,1.198818883519E1,4.582575141992E0));
#1930=CARTESIAN_POINT('',(9.999999116156E0,1.212496703409E1,-4.582575316373E0));
#1931=CARTESIAN_POINT('',(9.999999116156E0,1.217188993371E1,-4.376225991613E0));
#1932=CARTESIAN_POINT('',(1.000000041036E1,1.225933417666E1,-3.966303651149E0));
#1933=CARTESIAN_POINT('',(9.999999889520E0,1.236962562808E1,-3.370065987192E0));
#1934=CARTESIAN_POINT('',(1.000000003157E1,1.246391010369E1,-2.761490939443E0));
#1935=CARTESIAN_POINT('',(1.E1,1.251277359498E1,-2.364279880690E0));
#1936=CARTESIAN_POINT('',(1.E1,1.253395422566E1,-2.166403367427E0));
#1938=CARTESIAN_POINT('',(1.000000390161E1,1.346604316539E1,2.166404016810E0));
#1939=CARTESIAN_POINT('',(1.000000390161E1,1.343886254903E1,2.364162254579E0));
#1940=CARTESIAN_POINT('',(9.999998219678E0,1.337812005082E1,2.761174058573E0));
#1941=CARTESIAN_POINT('',(1.000000037872E1,1.326582873808E1,3.371191831231E0));
#1942=CARTESIAN_POINT('',(1.000000026545E1,1.313913463138E1,3.965780943264E0));
#1943=CARTESIAN_POINT('',(9.999999128147E0,1.304059602374E1,4.376009684907E0));
#1944=CARTESIAN_POINT('',(9.999999128147E0,1.298818989095E1,4.582575268625E0));
#1946=CARTESIAN_POINT('',(1.E1,1.253395422566E1,-2.166403367427E0));
#1947=CARTESIAN_POINT('',(1.E1,1.256113484057E1,-2.364161562736E0));
#1948=CARTESIAN_POINT('',(1.000000003114E1,1.262188069756E1,-2.761174537228E0));
#1949=CARTESIAN_POINT('',(9.999999891019E0,1.273417066248E1,-3.371191856501E0));
#1950=CARTESIAN_POINT('',(1.000000040479E1,1.286086511556E1,-3.965780996541E0));
#1951=CARTESIAN_POINT('',(9.999999128150E0,1.295940363448E1,-4.376009692131E0));
#1952=CARTESIAN_POINT('',(9.999999128150E0,1.301180976436E1,-4.582575268627E0));
#1954=CARTESIAN_POINT('',(1.000000041662E1,1.387503349526E1,4.582575912320E0));
#1955=CARTESIAN_POINT('',(1.000000041662E1,1.382811060590E1,4.376226633100E0));
#1956=CARTESIAN_POINT('',(9.999999667227E0,1.374066524830E1,3.966303453993E0));
#1957=CARTESIAN_POINT('',(1.000000053978E1,1.363037385209E1,3.370065907558E0));
#1958=CARTESIAN_POINT('',(9.999998173661E0,1.353609065942E1,2.761490578508E0));
#1959=CARTESIAN_POINT('',(1.000000390161E1,1.348722380318E1,2.364280627999E0));
#1960=CARTESIAN_POINT('',(1.000000390161E1,1.346604316539E1,2.166404016810E0));
#1962=CARTESIAN_POINT('',(1.000000390161E1,1.346604316539E1,2.166404016810E0));
#1963=CARTESIAN_POINT('',(9.867842074387E0,1.345633388159E1,2.776455872490E0));
#1964=CARTESIAN_POINT('',(9.491554609625E0,1.343691868853E1,3.972289858122E0));
#1965=CARTESIAN_POINT('',(8.610101606457E0,1.340778948083E1,5.633374064430E0));
#1966=CARTESIAN_POINT('',(7.441057688711E0,1.337866199286E1,7.106292750353E0));
#1967=CARTESIAN_POINT('',(6.023473345128E0,1.334953404409E1,8.341852900284E0));
#1968=CARTESIAN_POINT('',(4.404696969278E0,1.332040621878E1,9.298784021353E0));
#1969=CARTESIAN_POINT('',(2.638798012092E0,1.329127836040E1,9.945123683467E0));
#1970=CARTESIAN_POINT('',(7.847597461051E-1,1.326215051089E1,1.025928321593E1));
#1971=CARTESIAN_POINT('',(-1.095490518280E0,1.323302265899E1,1.023076930326E1));
#1972=CARTESIAN_POINT('',(-2.939149974516E0,1.320389480773E1,9.860534339751E0));
#1973=CARTESIAN_POINT('',(-4.684637990892E0,1.317476695630E1,9.160944654793E0));
#1974=CARTESIAN_POINT('',(-6.273652989759E0,1.314563910492E1,8.155367451945E0));
#1975=CARTESIAN_POINT('',(-7.653119794043E0,1.311651125352E1,6.877390317011E0));
#1976=CARTESIAN_POINT('',(-8.776962407526E0,1.308738340213E1,5.369699348880E0));
#1977=CARTESIAN_POINT('',(-9.607643013013E0,1.305825555074E1,3.682653389164E0));
#1978=CARTESIAN_POINT('',(-1.011741578458E1,1.302912769934E1,1.872601972008E0));
#1979=CARTESIAN_POINT('',(-1.028925363476E1,1.299999984795E1,
3.177009793132E-6));
#1980=CARTESIAN_POINT('',(-1.011741694222E1,1.297087199656E1,
-1.872595748779E0));
#1981=CARTESIAN_POINT('',(-9.607645263442E0,1.294174414516E1,
-3.682647549926E0));
#1982=CARTESIAN_POINT('',(-8.776965625228E0,1.291261629377E1,
-5.369694122222E0));
#1983=CARTESIAN_POINT('',(-7.653123801004E0,1.288348844238E1,
-6.877385892195E0));
#1984=CARTESIAN_POINT('',(-6.273657567089E0,1.285436059098E1,
-8.155363966671E0));
#1985=CARTESIAN_POINT('',(-4.684642893265E0,1.282523273959E1,
-9.160942186185E0));
#1986=CARTESIAN_POINT('',(-2.939154946386E0,1.279610488820E1,
-9.860532899241E0));
#1987=CARTESIAN_POINT('',(-1.095495311613E0,1.276697703680E1,
-1.023076883558E1));
#1988=CARTESIAN_POINT('',(7.847553564136E-1,1.273784918541E1,
-1.025928360297E1));
#1989=CARTESIAN_POINT('',(2.638794205796E0,1.270872133402E1,-9.945124750597E0));
#1990=CARTESIAN_POINT('',(4.404693891177E0,1.267959348262E1,-9.298785554370E0));
#1991=CARTESIAN_POINT('',(6.023471004444E0,1.265046563123E1,-8.341854640841E0));
#1992=CARTESIAN_POINT('',(7.441056288445E0,1.262133777984E1,-7.106294486240E0));
#1993=CARTESIAN_POINT('',(8.610100287142E0,1.259220992845E1,-5.633375376883E0));
#1994=CARTESIAN_POINT('',(9.491556132149E0,1.256308207705E1,-3.972291155127E0));
#1995=CARTESIAN_POINT('',(9.867838106118E0,1.254366350946E1,-2.776455472127E0));
#1996=CARTESIAN_POINT('',(1.E1,1.253395422566E1,-2.166403367427E0));
#1998=CARTESIAN_POINT('',(1.000000041662E1,1.387503349526E1,4.582575912320E0));
#1999=CARTESIAN_POINT('',(9.771344959386E0,1.386709299916E1,5.081478511007E0));
#2000=CARTESIAN_POINT('',(9.180061635325E0,1.384943925275E1,6.152376218137E0));
#2001=CARTESIAN_POINT('',(7.999595235109E0,1.382208205167E1,7.639701293350E0));
#2002=CARTESIAN_POINT('',(6.475602654831E0,1.379295366893E1,8.968003126819E0));
#2003=CARTESIAN_POINT('',(4.735319461253E0,1.376382595990E1,9.996763048460E0));
#2004=CARTESIAN_POINT('',(2.836869625646E0,1.373469807038E1,1.069161773812E1));
#2005=CARTESIAN_POINT('',(8.436648555712E-1,1.370557022915E1,1.102935851943E1));
#2006=CARTESIAN_POINT('',(-1.177719481224E0,1.367644237523E1,1.099870430935E1));
#2007=CARTESIAN_POINT('',(-3.159766437589E0,1.364731452376E1,1.060067902375E1));
#2008=CARTESIAN_POINT('',(-5.036273087668E0,1.361818667522E1,9.848577216014E0));
#2009=CARTESIAN_POINT('',(-6.744561623542E0,1.358905881252E1,8.767520065069E0));
#2010=CARTESIAN_POINT('',(-8.227573094903E0,1.355993100347E1,7.393616284780E0));
#2011=CARTESIAN_POINT('',(-9.435772540137E0,1.353080299403E1,5.772756047773E0));
#2012=CARTESIAN_POINT('',(-1.032880614664E1,1.350167573249E1,3.959078200994E0));
#2013=CARTESIAN_POINT('',(-1.087683963153E1,1.347254566316E1,2.013160828008E0));
#2014=CARTESIAN_POINT('',(-1.100000649995E1,1.345313255625E1,
6.710539900923E-1));
#2015=CARTESIAN_POINT('',(-1.100000649773E1,1.344342325592E1,
-1.724668179557E-8));
#2017=CARTESIAN_POINT('',(-1.100000649773E1,1.344342325592E1,
-1.724668179557E-8));
#2018=CARTESIAN_POINT('',(-1.100000649551E1,1.343371398865E1,
-6.710517399972E-1));
#2019=CARTESIAN_POINT('',(-1.087684025414E1,1.341428996036E1,
-2.013156362261E0));
#2020=CARTESIAN_POINT('',(-1.032880856599E1,1.338516432693E1,
-3.959071919080E0));
#2021=CARTESIAN_POINT('',(-9.435775999364E0,1.335603588567E1,
-5.772750429966E0));
#2022=CARTESIAN_POINT('',(-8.227577402631E0,1.332690819232E1,
-7.393611527518E0));
#2023=CARTESIAN_POINT('',(-6.744566544462E0,1.329778029859E1,
-8.767516318266E0));
#2024=CARTESIAN_POINT('',(-5.036278357983E0,1.326865245851E1,
-9.848574562098E0));
#2025=CARTESIAN_POINT('',(-3.159771782791E0,1.323952460420E1,
-1.060067747508E1));
#2026=CARTESIAN_POINT('',(-1.177724633840E0,1.321039675315E1,
-1.099870380672E1));
#2027=CARTESIAN_POINT('',(8.436601344744E-1,1.318126890331E1,
-1.102935893490E1));
#2028=CARTESIAN_POINT('',(2.836865540764E0,1.315214104538E1,-1.069161888762E1));
#2029=CARTESIAN_POINT('',(4.735316125529E0,1.312301321856E1,-9.996764688064E0));
#2030=CARTESIAN_POINT('',(6.475600237627E0,1.309388527540E1,-8.968005029685E0));
#2031=CARTESIAN_POINT('',(7.999593359607E0,1.306475776652E1,-7.639703041379E0));
#2032=CARTESIAN_POINT('',(9.180061754524E0,1.303739749598E1,-6.152377726287E0));
#2033=CARTESIAN_POINT('',(9.771343410768E0,1.301975026667E1,-5.081478450662E0));
#2034=CARTESIAN_POINT('',(9.999999128150E0,1.301180976436E1,-4.582575268627E0));
#2036=DIRECTION('',(-1.060492423146E-7,9.999999999999E-1,-4.219206909423E-7));
#2037=VECTOR('',#2036,1.131578881725E-1);
#2038=CARTESIAN_POINT('',(9.999999128150E0,1.301180976436E1,-4.582575268627E0));
#2039=LINE('',#2038,#2037);
#2040=CARTESIAN_POINT('',(9.999999116150E0,1.312496765253E1,-4.582575316371E0));
#2041=CARTESIAN_POINT('',(9.771343832067E0,1.313290814222E1,-5.081477536235E0));
#2042=CARTESIAN_POINT('',(9.180062915231E0,1.315056057742E1,-6.152375677346E0));
#2043=CARTESIAN_POINT('',(7.999596242071E0,1.317791837643E1,-7.639699866341E0));
#2044=CARTESIAN_POINT('',(6.475604574500E0,1.320704657468E1,-8.968001770510E0));
#2045=CARTESIAN_POINT('',(4.735321955123E0,1.323617432024E1,-9.996761819076E0));
#2046=CARTESIAN_POINT('',(2.836872736382E0,1.326530218707E1,-1.069161688535E1));
#2047=CARTESIAN_POINT('',(8.436684529702E-1,1.329443002148E1,
-1.102935821523E1));
#2048=CARTESIAN_POINT('',(-1.177715541429E0,1.332355786433E1,
-1.099870470387E1));
#2049=CARTESIAN_POINT('',(-3.159762342357E0,1.335268570587E1,
-1.060068021708E1));
#2050=CARTESIAN_POINT('',(-5.036269042486E0,1.338181354417E1,
-9.848579256462E0));
#2051=CARTESIAN_POINT('',(-6.744557840742E0,1.341094139674E1,
-8.767522944900E0));
#2052=CARTESIAN_POINT('',(-8.227569778775E0,1.344006919549E1,
-7.393619941277E0));
#2053=CARTESIAN_POINT('',(-9.435769871716E0,1.346919719524E1,
-5.772760367465E0));
#2054=CARTESIAN_POINT('',(-1.032880427771E1,1.349832444484E1,
-3.959083027256E0));
#2055=CARTESIAN_POINT('',(-1.087683912494E1,1.352745453571E1,
-2.013164291172E0));
#2056=CARTESIAN_POINT('',(-1.100000650328E1,1.354686764468E1,
-6.710557283948E-1));
#2057=CARTESIAN_POINT('',(-1.100000649981E1,1.355657696677E1,
1.758988551854E-8));
#2059=CARTESIAN_POINT('',(-1.100000649981E1,1.355657696677E1,
1.758988551854E-8));
#2060=CARTESIAN_POINT('',(-1.100000649634E1,1.356628620550E1,
6.710500024562E-1));
#2061=CARTESIAN_POINT('',(-1.087684070774E1,1.358571021816E1,2.013152901381E0));
#2062=CARTESIAN_POINT('',(-1.032881040194E1,1.361483580972E1,3.959067096816E0));
#2063=CARTESIAN_POINT('',(-9.435778624436E0,1.364396424257E1,5.772746114881E0));
#2064=CARTESIAN_POINT('',(-8.227580671521E0,1.367309192526E1,7.393607874657E0));
#2065=CARTESIAN_POINT('',(-6.744570273296E0,1.370221980895E1,8.767513439135E0));
#2066=CARTESIAN_POINT('',(-5.036282342749E0,1.373134763883E1,9.848572517196E0));
#2067=CARTESIAN_POINT('',(-3.159775811504E0,1.376047548297E1,1.060067626972E1));
#2068=CARTESIAN_POINT('',(-1.177728501585E0,1.378960332385E1,1.099870339044E1));
#2069=CARTESIAN_POINT('',(8.436566112463E-1,1.381873116351E1,1.102935920460E1));
#2070=CARTESIAN_POINT('',(2.836862510653E0,1.384785901131E1,1.069161969427E1));
#2071=CARTESIAN_POINT('',(4.735313691321E0,1.387698682777E1,9.996765847029E0));
#2072=CARTESIAN_POINT('',(6.475598445265E0,1.390611476146E1,8.968006332517E0));
#2073=CARTESIAN_POINT('',(7.999592201198E0,1.393524225756E1,7.639704274602E0));
#2074=CARTESIAN_POINT('',(9.180061233089E0,1.396260253075E1,6.152378526171E0));
#2075=CARTESIAN_POINT('',(9.771343254160E0,1.398024973734E1,5.081478791967E0));
#2076=CARTESIAN_POINT('',(9.999999128151E0,1.398819023990E1,4.582575268627E0));
#2078=DIRECTION('',(1.138657449282E-5,-9.999999999190E-1,5.688506399839E-6));
#2079=VECTOR('',#2078,1.131567446489E-1);
#2080=CARTESIAN_POINT('',(9.999999128151E0,1.398819023990E1,4.582575268627E0));
#2081=LINE('',#2080,#2079);
#2082=CARTESIAN_POINT('',(9.999999116150E0,1.312496765253E1,-4.582575316371E0));
#2083=CARTESIAN_POINT('',(9.999999116150E0,1.317189055464E1,-4.376225977459E0));
#2084=CARTESIAN_POINT('',(1.000000041036E1,1.325933480204E1,-3.966303607570E0));
#2085=CARTESIAN_POINT('',(9.999999889519E0,1.336962625914E1,-3.370065887874E0));
#2086=CARTESIAN_POINT('',(1.000000003157E1,1.346391073473E1,-2.761490796736E0));
#2087=CARTESIAN_POINT('',(1.E1,1.351277422530E1,-2.364279697811E0));
#2088=CARTESIAN_POINT('',(1.E1,1.353395485496E1,-2.166403163250E0));
#2090=CARTESIAN_POINT('',(1.000000390161E1,1.446604346919E1,2.166404090211E0));
#2091=CARTESIAN_POINT('',(1.000000390161E1,1.443886285663E1,2.364162317539E0));
#2092=CARTESIAN_POINT('',(9.999998219678E0,1.437812036631E1,2.761174103082E0));
#2093=CARTESIAN_POINT('',(1.000000037872E1,1.426582906366E1,3.371191863820E0));
#2094=CARTESIAN_POINT('',(1.000000026544E1,1.413913496950E1,3.965780953754E0));
#2095=CARTESIAN_POINT('',(9.999999128151E0,1.404059636921E1,4.376009687996E0));
#2096=CARTESIAN_POINT('',(9.999999128151E0,1.398819023990E1,4.582575268627E0));
#2098=CARTESIAN_POINT('',(1.E1,1.353395485496E1,-2.166403163250E0));
#2099=CARTESIAN_POINT('',(1.E1,1.356113547184E1,-2.364161379678E0));
#2100=CARTESIAN_POINT('',(1.000000003114E1,1.362188133385E1,-2.761174394047E0));
#2101=CARTESIAN_POINT('',(9.999999891018E0,1.373417130689E1,-3.371191758266E0));
#2102=CARTESIAN_POINT('',(1.000000040479E1,1.386086577276E1,-3.965780952276E0));
#2103=CARTESIAN_POINT('',(9.999999128145E0,1.395940430075E1,-4.376009677695E0));
#2104=CARTESIAN_POINT('',(9.999999128145E0,1.401181043534E1,-4.582575268624E0));
#2106=CARTESIAN_POINT('',(1.000000042272E1,1.487503383302E1,4.582575915116E0));
#2107=CARTESIAN_POINT('',(1.000000042272E1,1.482811094136E1,4.376226638596E0));
#2108=CARTESIAN_POINT('',(9.999999664394E0,1.474066557366E1,3.966303462235E0));
#2109=CARTESIAN_POINT('',(1.000000054054E1,1.463037417437E1,3.370065941337E0));
#2110=CARTESIAN_POINT('',(9.999998173443E0,1.453609097161E1,2.761490622131E0));
#2111=CARTESIAN_POINT('',(1.000000390161E1,1.448722411003E1,2.364280690654E0));
#2112=CARTESIAN_POINT('',(1.000000390161E1,1.446604346919E1,2.166404090211E0));
#2114=CARTESIAN_POINT('',(1.000000390161E1,1.446604346919E1,2.166404090211E0));
#2115=CARTESIAN_POINT('',(9.867841971409E0,1.445633418878E1,2.776456395952E0));
#2116=CARTESIAN_POINT('',(9.491554141281E0,1.443691900250E1,3.972291216060E0));
#2117=CARTESIAN_POINT('',(8.610100202164E0,1.440778980498E1,5.633376364339E0));
#2118=CARTESIAN_POINT('',(7.441055073109E0,1.437866232717E1,7.106295599249E0));
#2119=CARTESIAN_POINT('',(6.023469369006E0,1.434953438857E1,8.341855855274E0));
#2120=CARTESIAN_POINT('',(4.404691614547E0,1.432040657344E1,9.298786624327E0));
#2121=CARTESIAN_POINT('',(2.638791388114E0,1.429127872523E1,9.945125495115E0));
#2122=CARTESIAN_POINT('',(7.847520779887E-1,1.426215088589E1,1.025928384710E1));
#2123=CARTESIAN_POINT('',(-1.095498908424E0,1.423302304416E1,1.023076844184E1));
#2124=CARTESIAN_POINT('',(-2.939158691978E0,1.420389520308E1,9.860531771700E0));
#2125=CARTESIAN_POINT('',(-4.684646596782E0,1.417476736182E1,9.160940278184E0));
#2126=CARTESIAN_POINT('',(-6.273661031595E0,1.414563952061E1,8.155361283328E0));
#2127=CARTESIAN_POINT('',(-7.653126836587E0,1.411651167938E1,6.877382489966E0));
#2128=CARTESIAN_POINT('',(-8.776968061983E0,1.408738383816E1,5.369690104971E0));
#2129=CARTESIAN_POINT('',(-9.607646962805E0,1.405825599694E1,3.682643061991E0));
#2130=CARTESIAN_POINT('',(-1.011741780617E1,1.402912815572E1,1.872590965445E0));
#2131=CARTESIAN_POINT('',(-1.028925361228E1,1.400000031450E1,
-8.060978065050E-6));
#2132=CARTESIAN_POINT('',(-1.011741487502E1,1.397087247328E1,
-1.872606755063E0));
#2133=CARTESIAN_POINT('',(-9.607641266177E0,1.394174463206E1,
-3.682657876091E0));
#2134=CARTESIAN_POINT('',(-8.776959920380E0,1.391261679084E1,
-5.369703363525E0));
#2135=CARTESIAN_POINT('',(-7.653116704379E0,1.388348894962E1,
-6.877393713797E0));
#2136=CARTESIAN_POINT('',(-6.273649467084E0,1.385436110839E1,
-8.155370125476E0));
#2137=CARTESIAN_POINT('',(-4.684634225161E0,1.382523326717E1,
-9.160946546885E0));
#2138=CARTESIAN_POINT('',(-2.939146163209E0,1.379610542595E1,
-9.860535443474E0));
#2139=CARTESIAN_POINT('',(-1.095486853317E0,1.376697758473E1,
-1.023076966351E1));
#2140=CARTESIAN_POINT('',(7.847630935374E-1,1.373784974351E1,
-1.025928292702E1));
#2141=CARTESIAN_POINT('',(2.638800897567E0,1.370872190229E1,-9.945122881550E0));
#2142=CARTESIAN_POINT('',(4.404699309993E0,1.367959406107E1,-9.298782880486E0));
#2143=CARTESIAN_POINT('',(6.023475038106E0,1.365046621985E1,-8.341851601045E0));
#2144=CARTESIAN_POINT('',(7.441058951977E0,1.362133837863E1,-7.106291538866E0));
#2145=CARTESIAN_POINT('',(8.610101726586E0,1.359221053740E1,-5.633372965717E0));
#2146=CARTESIAN_POINT('',(9.491556619744E0,1.356308269618E1,-3.972289674760E0));
#2147=CARTESIAN_POINT('',(9.867838215798E0,1.354366413537E1,-2.776454820336E0));
#2148=CARTESIAN_POINT('',(1.E1,1.353395485496E1,-2.166403163250E0));
#2150=CARTESIAN_POINT('',(1.000000042272E1,1.487503383302E1,4.582575915116E0));
#2151=CARTESIAN_POINT('',(9.771344562308E0,1.486709333117E1,5.081479391437E0));
#2152=CARTESIAN_POINT('',(9.180060427551E0,1.484943959455E1,6.152378269873E0));
#2153=CARTESIAN_POINT('',(7.999592426275E0,1.482208238878E1,7.639704360058E0));
#2154=CARTESIAN_POINT('',(6.475598384956E0,1.479295401783E1,8.968006309619E0));
#2155=CARTESIAN_POINT('',(4.735313707481E0,1.476382631854E1,9.996765853164E0));
#2156=CARTESIAN_POINT('',(2.836862506323E0,1.473469843931E1,1.069161969262E1));
#2157=CARTESIAN_POINT('',(8.436566124066E-1,1.470557060822E1,1.102935920504E1));
#2158=CARTESIAN_POINT('',(-1.177728501896E0,1.467644276449E1,1.099870339032E1));
#2159=CARTESIAN_POINT('',(-3.159775811420E0,1.464731492318E1,1.060067626974E1));
#2160=CARTESIAN_POINT('',(-5.036282342774E0,1.461818708482E1,9.848572517210E0));
#2161=CARTESIAN_POINT('',(-6.744570273281E0,1.458905923226E1,8.767513439053E0));
#2162=CARTESIAN_POINT('',(-8.227580671557E0,1.455993143353E1,7.393607874970E0));
#2163=CARTESIAN_POINT('',(-9.435778624306E0,1.453080343369E1,5.772746113708E0));
#2164=CARTESIAN_POINT('',(-1.032881040242E1,1.450167618444E1,3.959067101191E0));
#2165=CARTESIAN_POINT('',(-1.087684071233E1,1.447254617525E1,2.013152862385E0));
#2166=CARTESIAN_POINT('',(-1.100000650451E1,1.445313315260E1,
6.710499907297E-1));
#2167=CARTESIAN_POINT('',(-1.100000650367E1,1.444342391353E1,
-1.758945519674E-8));
#2169=CARTESIAN_POINT('',(-1.100000650367E1,1.444342391353E1,
-1.758945519674E-8));
#2170=CARTESIAN_POINT('',(-1.100000650284E1,1.443371459179E1,
-6.710557401212E-1));
#2171=CARTESIAN_POINT('',(-1.087683911676E1,1.441429049283E1,
-2.013164330168E0));
#2172=CARTESIAN_POINT('',(-1.032880427819E1,1.438516481956E1,
-3.959083022881E0));
#2173=CARTESIAN_POINT('',(-9.435769871588E0,1.435603638636E1,
-5.772760368638E0));
#2174=CARTESIAN_POINT('',(-8.227569778809E0,1.432690870376E1,
-7.393619940963E0));
#2175=CARTESIAN_POINT('',(-6.744557840733E0,1.429778082005E1,
-8.767522944985E0));
#2176=CARTESIAN_POINT('',(-5.036269042488E0,1.426865299018E1,
-9.848579256438E0));
#2177=CARTESIAN_POINT('',(-3.159762342359E0,1.423952514603E1,
-1.060068021709E1));
#2178=CARTESIAN_POINT('',(-1.177715541418E0,1.421039730514E1,
-1.099870470384E1));
#2179=CARTESIAN_POINT('',(8.436684529287E-1,1.418126946550E1,
-1.102935821531E1));
#2180=CARTESIAN_POINT('',(2.836872736537E0,1.415214161765E1,-1.069161688509E1));
#2181=CARTESIAN_POINT('',(4.735321954545E0,1.412301380135E1,-9.996761820081E0));
#2182=CARTESIAN_POINT('',(6.475604576659E0,1.409388586710E1,-8.968001766760E0));
#2183=CARTESIAN_POINT('',(7.999596234014E0,1.406475837306E1,-7.639699880337E0));
#2184=CARTESIAN_POINT('',(9.180062973202E0,1.403739810485E1,-6.152375591065E0));
#2185=CARTESIAN_POINT('',(9.771343830483E0,1.401975092573E1,-5.081477535508E0));
#2186=CARTESIAN_POINT('',(9.999999128145E0,1.401181043534E1,-4.582575268624E0));
#2188=DIRECTION('',(-2.831219108534E-6,9.999999999957E-1,7.451743075607E-7));
#2189=VECTOR('',#2188,1.131568379892E-1);
#2190=CARTESIAN_POINT('',(9.999999128145E0,1.401181043534E1,-4.582575268624E0));
#2191=LINE('',#2190,#2189);
#2192=CARTESIAN_POINT('',(9.999998807773E0,1.412496727333E1,-4.582575184303E0));
#2193=CARTESIAN_POINT('',(9.819342321220E0,1.413124109149E1,-4.976764787660E0));
#2194=CARTESIAN_POINT('',(9.326824487788E0,1.414639462394E1,-5.902854128464E0));
#2195=CARTESIAN_POINT('',(8.342940488990E0,1.417041834140E1,-7.247736895384E0));
#2196=CARTESIAN_POINT('',(7.019490446275E0,1.419704673433E1,-8.535866932722E0));
#2197=CARTESIAN_POINT('',(5.500014178601E0,1.422367438465E1,-9.585621181753E0));
#2198=CARTESIAN_POINT('',(3.826940022490E0,1.425030223395E1,-1.036768128315E1));
#2199=CARTESIAN_POINT('',(2.046992666343E0,1.427693002993E1,-1.086020751978E1));
#2200=CARTESIAN_POINT('',(2.098795751595E-1,1.430355784020E1,
-1.104944509516E1));
#2201=CARTESIAN_POINT('',(-1.633094833251E0,1.433018564663E1,
-1.093010923362E1));
#2202=CARTESIAN_POINT('',(-3.430462569598E0,1.435681345412E1,
-1.050553251427E1));
#2203=CARTESIAN_POINT('',(-5.132029236832E0,1.438344126123E1,
-9.787571856951E0));
#2204=CARTESIAN_POINT('',(-6.690275813814E0,1.441006906882E1,
-8.796277458940E0));
#2205=CARTESIAN_POINT('',(-8.061685767163E0,1.443669687484E1,
-7.559332589051E0));
#2206=CARTESIAN_POINT('',(-9.207960035670E0,1.446332468664E1,
-6.111281537601E0));
#2207=CARTESIAN_POINT('',(-1.009708767694E1,1.448995247692E1,
-4.492561004947E0));
#2208=CARTESIAN_POINT('',(-1.050185308566E1,1.450770439063E1,
-3.329777292437E0));
#2209=CARTESIAN_POINT('',(-1.065441477242E1,1.451658032638E1,
-2.735588758812E0));
#2211=DIRECTION('',(-3.292671743833E-6,9.999999999942E-1,-8.454144130191E-7));
#2212=VECTOR('',#2211,8.868410878384E-1);
#2213=CARTESIAN_POINT('',(-1.065441477242E1,1.451658032638E1,
-2.735588758812E0));
#2214=LINE('',#2213,#2212);
#2215=CARTESIAN_POINT('',(-1.065441769249E1,1.540342141421E1,
-2.735589508560E0));
#2216=CARTESIAN_POINT('',(-1.050185600573E1,1.539454547846E1,
-3.329778042185E0));
#2217=CARTESIAN_POINT('',(-1.009708632173E1,1.537679110077E1,
-4.492560656987E0));
#2218=CARTESIAN_POINT('',(-9.207960398798E0,1.535016430082E1,
-6.111281630837E0));
#2219=CARTESIAN_POINT('',(-8.061685669864E0,1.532353622366E1,
-7.559332564069E0));
#2220=CARTESIAN_POINT('',(-6.690275839886E0,1.529690848873E1,
-8.796277465633E0));
#2221=CARTESIAN_POINT('',(-5.132029229847E0,1.527028066212E1,
-9.787571855158E0));
#2222=CARTESIAN_POINT('',(-3.430462571469E0,1.524365286E1,-1.050553251475E1));
#2223=CARTESIAN_POINT('',(-1.633094832754E0,1.521702505157E1,
-1.093010923350E1));
#2224=CARTESIAN_POINT('',(2.098795750420E-1,1.519039724391E1,
-1.104944509516E1));
#2225=CARTESIAN_POINT('',(2.046992666317E0,1.516376943954E1,-1.086020751989E1));
#2226=CARTESIAN_POINT('',(3.826940022715E0,1.513714162120E1,-1.036768128270E1));
#2227=CARTESIAN_POINT('',(5.500014177729E0,1.511051385541E1,-9.585621183447E0));
#2228=CARTESIAN_POINT('',(7.019490449539E0,1.508388589342E1,-8.535866926398E0));
#2229=CARTESIAN_POINT('',(8.342940476808E0,1.505725866367E1,-7.247736918984E0));
#2230=CARTESIAN_POINT('',(9.326824566214E0,1.503323102842E1,-5.902853998545E0));
#2231=CARTESIAN_POINT('',(9.819342322676E0,1.501808499936E1,-4.976764788326E0));
#2232=CARTESIAN_POINT('',(9.999998829368E0,1.501181118027E1,-4.582575122547E0));
#2234=DIRECTION('',(2.611916998206E-6,9.999999999958E-1,-1.277161262812E-6));
#2235=VECTOR('',#2234,4.481888197351E-1);
#2236=CARTESIAN_POINT('',(9.999998829368E0,1.501181118027E1,-4.582575122547E0));
#2237=LINE('',#2236,#2235);
#2238=CARTESIAN_POINT('',(0.E0,1.546E1,0.E0));
#2239=DIRECTION('',(0.E0,1.E0,0.E0));
#2240=DIRECTION('',(9.090909090909E-1,0.E0,-4.165977904505E-1));
#2241=AXIS2_PLACEMENT_3D('',#2238,#2239,#2240);
#2243=CARTESIAN_POINT('',(0.E0,1.546E1,0.E0));
#2244=DIRECTION('',(0.E0,1.E0,0.E0));
#2245=DIRECTION('',(-1.E0,0.E0,0.E0));
#2246=AXIS2_PLACEMENT_3D('',#2243,#2244,#2245);
#2248=DIRECTION('',(7.226416225846E-7,-9.999999999997E-1,3.763644282434E-7));
#2249=VECTOR('',#2248,5.849661669776E-1);
#2250=CARTESIAN_POINT('',(1.E1,1.546E1,4.582575694956E0));
#2251=LINE('',#2250,#2249);
#2252=CARTESIAN_POINT('',(9.999998807773E0,1.412496727333E1,-4.582575184303E0));
#2253=CARTESIAN_POINT('',(9.999998807773E0,1.417189663316E1,-4.376190352179E0));
#2254=CARTESIAN_POINT('',(1.000000055353E1,1.425935528855E1,-3.966215826856E0));
#2255=CARTESIAN_POINT('',(9.999999850972E0,1.436965258857E1,-3.369949383294E0));
#2256=CARTESIAN_POINT('',(1.000000004258E1,1.446392490286E1,-2.761401708904E0));
#2257=CARTESIAN_POINT('',(1.E1,1.451277829097E1,-2.364243919317E0));
#2258=CARTESIAN_POINT('',(1.E1,1.453395508402E1,-2.166403269783E0));
#2260=CARTESIAN_POINT('',(1.E1,1.453395508402E1,-2.166403269783E0));
#2261=CARTESIAN_POINT('',(1.E1,1.456113071443E1,-2.364125225824E0));
#2262=CARTESIAN_POINT('',(1.000000004181E1,1.462186474603E1,-2.761084496412E0));
#2263=CARTESIAN_POINT('',(9.999999853671E0,1.473414290473E1,-3.371079789300E0));
#2264=CARTESIAN_POINT('',(1.000000054351E1,1.486084318430E1,-3.965692460673E0));
#2265=CARTESIAN_POINT('',(9.999998829368E0,1.495939760059E1,-4.375973710491E0));
#2266=CARTESIAN_POINT('',(9.999998829368E0,1.501181118027E1,-4.582575122547E0));
#2268=CARTESIAN_POINT('',(-9.910520999017E0,1.495999839058E1,
-2.544589301053E0));
#2269=CARTESIAN_POINT('',(-9.768611244815E0,1.495112245483E1,
-3.097291296855E0));
#2270=CARTESIAN_POINT('',(-9.392102738517E0,1.493337293969E1,
-4.178887842529E0));
#2271=CARTESIAN_POINT('',(-8.565056045018E0,1.490674418536E1,
-5.684588920301E0));
#2272=CARTESIAN_POINT('',(-7.498814781070E0,1.488011663188E1,
-7.031536218731E0));
#2273=CARTESIAN_POINT('',(-6.223157466117E0,1.485348875663E1,
-8.182117014717E0));
#2274=CARTESIAN_POINT('',(-4.773708406220E0,1.482686096760E1,
-9.104198738680E0));
#2275=CARTESIAN_POINT('',(-3.190945974793E0,1.480023315548E1,
-9.772031029454E0));
#2276=CARTESIAN_POINT('',(-1.519071343277E0,1.477360534954E1,
-1.016696359078E1));
#2277=CARTESIAN_POINT('',(1.952256825142E-1,1.474697754194E1,
-1.027796736546E1));
#2278=CARTESIAN_POINT('',(1.904070611457E0,1.472034973478E1,-1.010194244401E1));
#2279=CARTESIAN_POINT('',(3.559741221431E0,1.469372192750E1,-9.643804660521E0));
#2280=CARTESIAN_POINT('',(5.116000286346E0,1.466709412026E1,-8.916348281175E0));
#2281=CARTESIAN_POINT('',(6.529386806586E0,1.464046631301E1,-7.939888773567E0));
#2282=CARTESIAN_POINT('',(7.760429782481E0,1.461383850576E1,-6.741695196885E0));
#2283=CARTESIAN_POINT('',(8.774750288351E0,1.458721069851E1,-5.355229655881E0));
#2284=CARTESIAN_POINT('',(9.544022354844E0,1.456058289126E1,-3.819209129077E0));
#2285=CARTESIAN_POINT('',(9.879181473190E0,1.454283101976E1,-2.724095040481E0));
#2286=CARTESIAN_POINT('',(1.E1,1.453395508402E1,-2.166403269783E0));
#2288=DIRECTION('',(8.388176232150E-1,5.000000000007E-1,2.153717599483E-1));
#2289=VECTOR('',#2288,8.868361283943E-1);
#2290=CARTESIAN_POINT('',(-1.065441477242E1,1.451658032638E1,
-2.735588758812E0));
#2291=LINE('',#2290,#2289);
#2292=DIRECTION('',(-8.388161009398E-1,5.000027221712E-1,-2.153713690945E-1));
#2293=VECTOR('',#2292,8.868412190039E-1);
#2294=CARTESIAN_POINT('',(-9.910520999017E0,1.495999839058E1,
-2.544589301053E0));
#2295=LINE('',#2294,#2293);
#2296=CARTESIAN_POINT('',(0.E0,1.546E1,0.E0));
#2297=DIRECTION('',(0.E0,1.E0,0.E0));
#2298=DIRECTION('',(-1.E0,0.E0,0.E0));
#2299=AXIS2_PLACEMENT_3D('',#2296,#2297,#2298);
#2301=CARTESIAN_POINT('',(0.E0,1.546E1,0.E0));
#2302=DIRECTION('',(0.E0,1.E0,0.E0));
#2303=DIRECTION('',(1.E0,0.E0,0.E0));
#2304=AXIS2_PLACEMENT_3D('',#2301,#2302,#2303);
#2306=DIRECTION('',(1.101238357943E-12,1.E0,0.E0));
#2307=VECTOR('',#2306,7.500700682678E-1);
#2308=CARTESIAN_POINT('',(-1.25E1,1.546E1,0.E0));
#2309=LINE('',#2308,#2307);
#2310=DIRECTION('',(-1.098870103409E-12,1.E0,0.E0));
#2311=VECTOR('',#2310,7.500700682678E-1);
#2312=CARTESIAN_POINT('',(1.25E1,1.546E1,0.E0));
#2313=LINE('',#2312,#2311);
#2314=CARTESIAN_POINT('',(0.E0,1.621007006827E1,0.E0));
#2315=DIRECTION('',(0.E0,-1.E0,0.E0));
#2316=DIRECTION('',(-1.E0,0.E0,0.E0));
#2317=AXIS2_PLACEMENT_3D('',#2314,#2315,#2316);
#2319=CARTESIAN_POINT('',(0.E0,-1.648167200829E1,0.E0));
#2320=DIRECTION('',(0.E0,0.E0,1.E0));
#2321=DIRECTION('',(3.571428571428E-1,9.340497736159E-1,0.E0));
#2322=AXIS2_PLACEMENT_3D('',#2319,#2320,#2321);
#2324=CARTESIAN_POINT('',(0.E0,1.758E1,0.E0));
#2325=DIRECTION('',(0.E0,1.E0,0.E0));
#2326=DIRECTION('',(1.E0,0.E0,0.E0));
#2327=AXIS2_PLACEMENT_3D('',#2324,#2325,#2326);
#2329=CARTESIAN_POINT('',(0.E0,-1.648167200829E1,0.E0));
#2330=DIRECTION('',(0.E0,0.E0,-1.E0));
#2331=DIRECTION('',(-3.571428571428E-1,9.340497736159E-1,0.E0));
#2332=AXIS2_PLACEMENT_3D('',#2329,#2330,#2331);
#2334=CARTESIAN_POINT('',(0.E0,1.621007006827E1,0.E0));
#2335=DIRECTION('',(0.E0,-1.E0,0.E0));
#2336=DIRECTION('',(1.E0,0.E0,0.E0));
#2337=AXIS2_PLACEMENT_3D('',#2334,#2335,#2336);
#2339=CARTESIAN_POINT('',(0.E0,1.758E1,0.E0));
#2340=DIRECTION('',(0.E0,-1.E0,0.E0));
#2341=DIRECTION('',(1.E0,0.E0,0.E0));
#2342=AXIS2_PLACEMENT_3D('',#2339,#2340,#2341);
#2344=CARTESIAN_POINT('',(0.E0,5.76E0,0.E0));
#2345=DIRECTION('',(0.E0,0.E0,-1.E0));
#2346=DIRECTION('',(-1.341666666667E-1,9.909587809569E-1,0.E0));
#2347=AXIS2_PLACEMENT_3D('',#2344,#2345,#2346);
#2349=CARTESIAN_POINT('',(0.E0,1.765150537148E1,0.E0));
#2350=DIRECTION('',(0.E0,-1.E0,0.E0));
#2351=DIRECTION('',(1.E0,0.E0,0.E0));
#2352=AXIS2_PLACEMENT_3D('',#2349,#2350,#2351);
#2354=CARTESIAN_POINT('',(0.E0,1.765150537148E1,0.E0));
#2355=DIRECTION('',(0.E0,-1.E0,0.E0));
#2356=DIRECTION('',(-1.E0,0.E0,0.E0));
#2357=AXIS2_PLACEMENT_3D('',#2354,#2355,#2356);
#2359=CARTESIAN_POINT('',(0.E0,5.76E0,0.E0));
#2360=DIRECTION('',(0.E0,0.E0,1.E0));
#2361=DIRECTION('',(1.341666666667E-1,9.909587809569E-1,0.E0));
#2362=AXIS2_PLACEMENT_3D('',#2359,#2360,#2361);
#2364=CARTESIAN_POINT('',(9.999999188123E0,8.875032129507E0,4.582575347198E0));
#2365=CARTESIAN_POINT('',(9.999999188123E0,8.828110503268E0,4.376232014490E0));
#2366=CARTESIAN_POINT('',(1.000000037694E1,8.740668850435E0,3.966318514923E0));
#2367=CARTESIAN_POINT('',(9.999999898515E0,8.630378199133E0,3.370086727212E0));
#2368=CARTESIAN_POINT('',(1.000000002900E1,8.536091529936E0,2.761506209589E0));
#2369=CARTESIAN_POINT('',(1.E1,8.487226333688E0,2.364286102801E0));
#2370=CARTESIAN_POINT('',(1.E1,8.466045045498E0,2.166403491907E0));
#2372=CARTESIAN_POINT('',(1.E1,8.466045045498E0,2.166403491907E0));
#2373=CARTESIAN_POINT('',(9.866123837158E0,8.456209835269E0,2.784368536434E0));
#2374=CARTESIAN_POINT('',(9.483481819913E0,8.436539414567E0,3.995394158429E0));
#2375=CARTESIAN_POINT('',(8.584508356246E0,8.407033784977E0,5.675018031920E0));
#2376=CARTESIAN_POINT('',(7.391336146198E0,8.377528150267E0,7.160150683012E0));
#2377=CARTESIAN_POINT('',(5.944855521430E0,8.348022534573E0,8.399899060466E0));
#2378=CARTESIAN_POINT('',(4.294638693447E0,8.318516847936E0,9.351774399394E0));
#2379=CARTESIAN_POINT('',(2.497241003148E0,8.289011426055E0,9.983156377662E0));
#2380=CARTESIAN_POINT('',(6.142576031361E-1,8.259505016093E0,1.027240244744E1));
#2381=CARTESIAN_POINT('',(-6.550922237248E-1,8.239836534495E0,
1.023054477884E1));
#2382=CARTESIAN_POINT('',(-1.282406976762E0,8.230001324266E0,1.015129649600E1));
#2384=CARTESIAN_POINT('',(1.E1,8.466045045498E0,2.166403491907E0));
#2385=CARTESIAN_POINT('',(1.E1,8.438863593720E0,2.364167794371E0));
#2386=CARTESIAN_POINT('',(1.000000002863E1,8.378115770233E0,2.761189814202E0));
#2387=CARTESIAN_POINT('',(9.999999899791E0,8.265823664501E0,3.371211763689E0));
#2388=CARTESIAN_POINT('',(1.000000037221E1,8.139130065688E0,3.965795885693E0));
#2389=CARTESIAN_POINT('',(9.999999198324E0,8.040594396996E0,4.376015736604E0));
#2390=CARTESIAN_POINT('',(9.999999198324E0,7.988189705647E0,4.582575302941E0));
#2392=DIRECTION('',(0.E0,-1.E0,0.E0));
#2393=VECTOR('',#2392,4.3E0);
#2394=CARTESIAN_POINT('',(6.911765331665E0,-1.05E0,-2.5E0));
#2395=LINE('',#2394,#2393);
#2396=DIRECTION('',(0.E0,1.E0,0.E0));
#2397=VECTOR('',#2396,4.3E0);
#2398=CARTESIAN_POINT('',(6.911765331665E0,-5.35E0,2.5E0));
#2399=LINE('',#2398,#2397);
#2400=DIRECTION('',(0.E0,1.E0,0.E0));
#2401=VECTOR('',#2400,1.95E0);
#2402=CARTESIAN_POINT('',(0.E0,-1.05E0,7.35E0));
#2403=LINE('',#2402,#2401);
#2404=CARTESIAN_POINT('',(0.E0,9.E-1,0.E0));
#2405=DIRECTION('',(0.E0,1.E0,0.E0));
#2406=DIRECTION('',(0.E0,0.E0,1.E0));
#2407=AXIS2_PLACEMENT_3D('',#2404,#2405,#2406);
#2409=DIRECTION('',(-1.E0,0.E0,0.E0));
#2410=VECTOR('',#2409,1.978743169240E0);
#2411=CARTESIAN_POINT('',(6.538348415311E0,-5.05E0,-2.5E0));
#2412=LINE('',#2411,#2410);
#2413=DIRECTION('',(0.E0,1.E0,0.E0));
#2414=VECTOR('',#2413,4.E0);
#2415=CARTESIAN_POINT('',(6.538348415311E0,-5.05E0,-2.5E0));
#2416=LINE('',#2415,#2414);
#2417=DIRECTION('',(0.E0,-1.E0,0.E0));
#2418=VECTOR('',#2417,4.E0);
#2419=CARTESIAN_POINT('',(6.324555320337E0,-1.05E0,-3.E0));
#2420=LINE('',#2419,#2418);
#2421=DIRECTION('',(-8.660254037844E-1,0.E0,-5.E-1));
#2422=VECTOR('',#2421,3.623037399752E0);
#2423=CARTESIAN_POINT('',(4.428821213523E0,-5.05E0,-4.047905959709E0));
#2424=LINE('',#2423,#2422);
#2425=CARTESIAN_POINT('',(0.E0,-5.05E0,0.E0));
#2426=DIRECTION('',(0.E0,1.E0,0.E0));
#2427=DIRECTION('',(2.151964644129E-1,0.E0,-9.765707765975E-1));
#2428=AXIS2_PLACEMENT_3D('',#2425,#2426,#2427);
#2430=CARTESIAN_POINT('',(0.E0,-5.05E0,0.E0));
#2431=DIRECTION('',(0.E0,1.E0,0.E0));
#2432=DIRECTION('',(0.E0,0.E0,-1.E0));
#2433=AXIS2_PLACEMENT_3D('',#2430,#2431,#2432);
#2435=CARTESIAN_POINT('',(0.E0,-5.05E0,0.E0));
#2436=DIRECTION('',(0.E0,-1.E0,0.E0));
#2437=DIRECTION('',(-8.768471627060E-1,0.E0,-4.807692307692E-1));
#2438=AXIS2_PLACEMENT_3D('',#2435,#2436,#2437);
#2440=CARTESIAN_POINT('',(0.E0,-5.05E0,0.E0));
#2441=DIRECTION('',(0.E0,-1.E0,0.E0));
#2442=DIRECTION('',(8.280040376947E-3,0.E0,-9.999657198781E-1));
#2443=AXIS2_PLACEMENT_3D('',#2440,#2441,#2442);
#2445=CARTESIAN_POINT('',(0.E0,-5.05E0,0.E0));
#2446=DIRECTION('',(0.E0,1.E0,0.E0));
#2447=DIRECTION('',(9.340497736159E-1,0.E0,-3.571428571429E-1));
#2448=AXIS2_PLACEMENT_3D('',#2445,#2446,#2447);
#2450=CARTESIAN_POINT('',(0.E0,-5.05E0,0.E0));
#2451=DIRECTION('',(0.E0,1.E0,0.E0));
#2452=DIRECTION('',(8.660254037844E-1,0.E0,-5.E-1));
#2453=AXIS2_PLACEMENT_3D('',#2450,#2451,#2452);
#2455=DIRECTION('',(-1.554312234475E-14,-1.E0,-1.887379141863E-14));
#2456=VECTOR('',#2455,4.E0);
#2457=CARTESIAN_POINT('',(4.428821213523E0,-1.05E0,-4.047905959709E0));
#2458=LINE('',#2457,#2456);
#2459=DIRECTION('',(0.E0,1.E0,0.E0));
#2460=VECTOR('',#2459,4.E0);
#2461=CARTESIAN_POINT('',(5.196152422707E0,-5.05E0,-3.E0));
#2462=LINE('',#2461,#2460);
#2463=DIRECTION('',(1.E0,0.E0,-1.967777691739E-14));
#2464=VECTOR('',#2463,1.128402897630E0);
#2465=CARTESIAN_POINT('',(5.196152422707E0,-5.05E0,-3.E0));
#2466=LINE('',#2465,#2464);
#2467=CARTESIAN_POINT('',(0.E0,-1.05E0,0.E0));
#2468=DIRECTION('',(0.E0,-1.E0,0.E0));
#2469=DIRECTION('',(-9.090593428863E-1,0.E0,-4.166666666667E-1));
#2470=AXIS2_PLACEMENT_3D('',#2467,#2468,#2469);
#2472=CARTESIAN_POINT('',(0.E0,-1.05E0,0.E0));
#2473=DIRECTION('',(0.E0,-1.E0,0.E0));
#2474=DIRECTION('',(0.E0,0.E0,-1.E0));
#2475=AXIS2_PLACEMENT_3D('',#2472,#2473,#2474);
#2477=DIRECTION('',(8.660254037844E-1,0.E0,5.E-1));
#2478=VECTOR('',#2477,3.623037399752E0);
#2479=CARTESIAN_POINT('',(1.291178786477E0,-1.05E0,-5.859424659585E0));
#2480=LINE('',#2479,#2478);
#2481=CARTESIAN_POINT('',(0.E0,-1.05E0,0.E0));
#2482=DIRECTION('',(0.E0,-1.E0,0.E0));
#2483=DIRECTION('',(7.381368689205E-1,0.E0,-6.746509932848E-1));
#2484=AXIS2_PLACEMENT_3D('',#2481,#2482,#2483);
#2486=DIRECTION('',(1.E0,0.E0,-1.967777691739E-14));
#2487=VECTOR('',#2486,1.128402897630E0);
#2488=CARTESIAN_POINT('',(5.196152422707E0,-1.05E0,-3.E0));
#2489=LINE('',#2488,#2487);
#2490=CARTESIAN_POINT('',(0.E0,-1.05E0,0.E0));
#2491=DIRECTION('',(0.E0,-1.E0,0.E0));
#2492=DIRECTION('',(9.035079029053E-1,0.E0,-4.285714285714E-1));
#2493=AXIS2_PLACEMENT_3D('',#2490,#2491,#2492);
#2495=DIRECTION('',(1.E0,0.E0,1.308184255831E-13));
#2496=VECTOR('',#2495,3.734169163537E-1);
#2497=CARTESIAN_POINT('',(6.538348415311E0,-1.05E0,-2.5E0));
#2498=LINE('',#2497,#2496);
#2499=CARTESIAN_POINT('',(0.E0,-1.05E0,0.E0));
#2500=DIRECTION('',(0.E0,1.E0,0.E0));
#2501=DIRECTION('',(9.403762356006E-1,0.E0,-3.401360544218E-1));
#2502=AXIS2_PLACEMENT_3D('',#2499,#2500,#2501);
#2504=CARTESIAN_POINT('',(0.E0,-1.05E0,0.E0));
#2505=DIRECTION('',(0.E0,1.E0,0.E0));
#2506=DIRECTION('',(0.E0,0.E0,-1.E0));
#2507=AXIS2_PLACEMENT_3D('',#2504,#2505,#2506);
#2509=DIRECTION('',(1.E0,0.E0,-2.011095192408E-14));
#2510=VECTOR('',#2509,1.457409274347E0);
#2511=CARTESIAN_POINT('',(-6.911765331665E0,-1.05E0,-2.5E0));
#2512=LINE('',#2511,#2510);
#2513=DIRECTION('',(-2.675637489347E-14,1.E0,0.E0));
#2514=VECTOR('',#2513,4.E0);
#2515=CARTESIAN_POINT('',(1.291178786477E0,-5.05E0,-5.859424659585E0));
#2516=LINE('',#2515,#2514);
#2517=DIRECTION('',(0.E0,-1.E0,0.E0));
#2518=VECTOR('',#2517,4.E0);
#2519=CARTESIAN_POINT('',(-5.454356057318E0,-1.05E0,-2.5E0));
#2520=LINE('',#2519,#2518);
#2521=CARTESIAN_POINT('',(-4.330127018922E0,-5.25E0,-2.5E0));
#2522=CARTESIAN_POINT('',(-4.330127018922E0,-5.237653077057E0,-2.5E0));
#2523=CARTESIAN_POINT('',(-4.332701250143E0,-5.213236631323E0,-2.5E0));
#2524=CARTESIAN_POINT('',(-4.344803112900E0,-5.176328649096E0,-2.5E0));
#2525=CARTESIAN_POINT('',(-4.364830302991E0,-5.142482170667E0,-2.5E0));
#2526=CARTESIAN_POINT('',(-4.389841585757E0,-5.113862617341E0,-2.5E0));
#2527=CARTESIAN_POINT('',(-4.425229733766E0,-5.086413552642E0,-2.5E0));
#2528=CARTESIAN_POINT('',(-4.464040909080E0,-5.066897660610E0,-2.5E0));
#2529=CARTESIAN_POINT('',(-4.508703867858E0,-5.053499308157E0,-2.5E0));
#2530=CARTESIAN_POINT('',(-4.542024995863E0,-5.05E0,-2.5E0));
#2531=CARTESIAN_POINT('',(-4.559605246071E0,-5.05E0,-2.5E0));
#2533=DIRECTION('',(-1.E0,0.E0,2.084574451261E-14));
#2534=VECTOR('',#2533,8.947508112468E-1);
#2535=CARTESIAN_POINT('',(-4.559605246071E0,-5.05E0,-2.5E0));
#2536=LINE('',#2535,#2534);
#2537=DIRECTION('',(0.E0,-1.E0,0.E0));
#2538=VECTOR('',#2537,4.3E0);
#2539=CARTESIAN_POINT('',(-6.911765331665E0,-1.05E0,2.5E0));
#2540=LINE('',#2539,#2538);
#2541=DIRECTION('',(0.E0,1.E0,0.E0));
#2542=VECTOR('',#2541,4.3E0);
#2543=CARTESIAN_POINT('',(-6.911765331665E0,-5.35E0,-2.5E0));
#2544=LINE('',#2543,#2542);
#2545=DIRECTION('',(0.E0,1.E0,0.E0));
#2546=VECTOR('',#2545,1.95E0);
#2547=CARTESIAN_POINT('',(0.E0,-1.05E0,-7.35E0));
#2548=LINE('',#2547,#2546);
#2549=CARTESIAN_POINT('',(0.E0,9.E-1,0.E0));
#2550=DIRECTION('',(0.E0,1.E0,0.E0));
#2551=DIRECTION('',(0.E0,0.E0,-1.E0));
#2552=AXIS2_PLACEMENT_3D('',#2549,#2550,#2551);
#2554=DIRECTION('',(1.E0,0.E0,1.985309001201E-14));
#2555=VECTOR('',#2554,8.947508112468E-1);
#2556=CARTESIAN_POINT('',(-5.454356057318E0,-5.05E0,2.5E0));
#2557=LINE('',#2556,#2555);
#2558=DIRECTION('',(0.E0,1.E0,0.E0));
#2559=VECTOR('',#2558,4.E0);
#2560=CARTESIAN_POINT('',(-5.454356057318E0,-5.05E0,2.5E0));
#2561=LINE('',#2560,#2559);
#2562=DIRECTION('',(0.E0,-1.E0,0.E0));
#2563=VECTOR('',#2562,4.E0);
#2564=CARTESIAN_POINT('',(5.196152422707E0,-1.05E0,3.E0));
#2565=LINE('',#2564,#2563);
#2566=DIRECTION('',(-1.E0,0.E0,1.296291671688E-13));
#2567=VECTOR('',#2566,3.734169163537E-1);
#2568=CARTESIAN_POINT('',(6.911765331665E0,-1.05E0,2.5E0));
#2569=LINE('',#2568,#2567);
#2570=CARTESIAN_POINT('',(0.E0,-1.05E0,0.E0));
#2571=DIRECTION('',(0.E0,-1.E0,0.E0));
#2572=DIRECTION('',(9.340497736159E-1,0.E0,3.571428571429E-1));
#2573=AXIS2_PLACEMENT_3D('',#2570,#2571,#2572);
#2575=DIRECTION('',(-1.E0,0.E0,-1.967777691739E-14));
#2576=VECTOR('',#2575,1.128402897630E0);
#2577=CARTESIAN_POINT('',(6.324555320337E0,-1.05E0,3.E0));
#2578=LINE('',#2577,#2576);
#2579=CARTESIAN_POINT('',(0.E0,-1.05E0,0.E0));
#2580=DIRECTION('',(0.E0,-1.E0,0.E0));
#2581=DIRECTION('',(8.660254037844E-1,0.E0,5.E-1));
#2582=AXIS2_PLACEMENT_3D('',#2579,#2580,#2581);
#2584=CARTESIAN_POINT('',(0.E0,-1.05E0,0.E0));
#2585=DIRECTION('',(0.E0,-1.E0,0.E0));
#2586=DIRECTION('',(0.E0,0.E0,1.E0));
#2587=AXIS2_PLACEMENT_3D('',#2584,#2585,#2586);
#2589=DIRECTION('',(-1.E0,0.E0,-2.132979749524E-14));
#2590=VECTOR('',#2589,1.457409274347E0);
#2591=CARTESIAN_POINT('',(-5.454356057318E0,-1.05E0,2.5E0));
#2592=LINE('',#2591,#2590);
#2593=CARTESIAN_POINT('',(0.E0,-1.05E0,0.E0));
#2594=DIRECTION('',(0.E0,1.E0,0.E0));
#2595=DIRECTION('',(-9.403762356006E-1,0.E0,3.401360544218E-1));
#2596=AXIS2_PLACEMENT_3D('',#2593,#2594,#2595);
#2598=CARTESIAN_POINT('',(0.E0,-1.05E0,0.E0));
#2599=DIRECTION('',(0.E0,1.E0,0.E0));
#2600=DIRECTION('',(0.E0,0.E0,1.E0));
#2601=AXIS2_PLACEMENT_3D('',#2598,#2599,#2600);
#2603=CARTESIAN_POINT('',(4.330127018922E0,-5.25E0,2.5E0));
#2604=CARTESIAN_POINT('',(4.330127018922E0,-5.237653077057E0,2.5E0));
#2605=CARTESIAN_POINT('',(4.332701250143E0,-5.213236631323E0,2.5E0));
#2606=CARTESIAN_POINT('',(4.344803112900E0,-5.176328649096E0,2.5E0));
#2607=CARTESIAN_POINT('',(4.364830302991E0,-5.142482170667E0,2.5E0));
#2608=CARTESIAN_POINT('',(4.389841585757E0,-5.113862617341E0,2.5E0));
#2609=CARTESIAN_POINT('',(4.425229733766E0,-5.086413552642E0,2.5E0));
#2610=CARTESIAN_POINT('',(4.464040909080E0,-5.066897660610E0,2.5E0));
#2611=CARTESIAN_POINT('',(4.508703867858E0,-5.053499308157E0,2.5E0));
#2612=CARTESIAN_POINT('',(4.542024995863E0,-5.05E0,2.5E0));
#2613=CARTESIAN_POINT('',(4.559605246071E0,-5.05E0,2.5E0));
#2615=DIRECTION('',(1.E0,0.E0,0.E0));
#2616=VECTOR('',#2615,1.978743169240E0);
#2617=CARTESIAN_POINT('',(4.559605246071E0,-5.05E0,2.5E0));
#2618=LINE('',#2617,#2616);
#2619=DIRECTION('',(1.E0,0.E0,-1.327465473321E-14));
#2620=VECTOR('',#2619,2.207958582664E0);
#2621=CARTESIAN_POINT('',(4.489988864129E0,-5.35E0,-2.2E0));
#2622=LINE('',#2621,#2620);
#2623=CARTESIAN_POINT('',(0.E0,-5.35E0,0.E0));
#2624=DIRECTION('',(0.E0,-1.E0,0.E0));
#2625=DIRECTION('',(9.500634676302E-1,0.E0,-3.120567375887E-1));
#2626=AXIS2_PLACEMENT_3D('',#2623,#2624,#2625);
#2628=CARTESIAN_POINT('',(0.E0,-5.35E0,0.E0));
#2629=DIRECTION('',(0.E0,-1.E0,0.E0));
#2630=DIRECTION('',(1.E0,0.E0,0.E0));
#2631=AXIS2_PLACEMENT_3D('',#2628,#2629,#2630);
#2633=DIRECTION('',(-1.E0,0.E0,-1.287239246857E-14));
#2634=VECTOR('',#2633,2.207958582664E0);
#2635=CARTESIAN_POINT('',(6.697947446793E0,-5.35E0,2.2E0));
#2636=LINE('',#2635,#2634);
#2637=CARTESIAN_POINT('',(0.E0,-5.35E0,0.E0));
#2638=DIRECTION('',(0.E0,-1.E0,0.E0));
#2639=DIRECTION('',(8.979977728257E-1,0.E0,4.4E-1));
#2640=AXIS2_PLACEMENT_3D('',#2637,#2638,#2639);
#2642=DIRECTION('',(1.E0,0.E0,-2.907110422642E-14));
#2643=VECTOR('',#2642,2.581638312743E0);
#2644=CARTESIAN_POINT('',(4.330127018922E0,-5.35E0,2.5E0));
#2645=LINE('',#2644,#2643);
#2646=CARTESIAN_POINT('',(0.E0,-5.35E0,0.E0));
#2647=DIRECTION('',(0.E0,1.E0,0.E0));
#2648=DIRECTION('',(9.403762356006E-1,0.E0,3.401360544218E-1));
#2649=AXIS2_PLACEMENT_3D('',#2646,#2647,#2648);
#2651=DIRECTION('',(-1.E0,0.E0,-2.924312259462E-14));
#2652=VECTOR('',#2651,2.581638312743E0);
#2653=CARTESIAN_POINT('',(6.911765331665E0,-5.35E0,-2.5E0));
#2654=LINE('',#2653,#2652);
#2655=CARTESIAN_POINT('',(0.E0,-5.35E0,0.E0));
#2656=DIRECTION('',(0.E0,-1.E0,0.E0));
#2657=DIRECTION('',(8.660254037844E-1,0.E0,-5.E-1));
#2658=AXIS2_PLACEMENT_3D('',#2655,#2656,#2657);
#2660=DIRECTION('',(1.E0,0.E0,0.E0));
#2661=VECTOR('',#2660,1.986259851037E0);
#2662=CARTESIAN_POINT('',(4.711687595756E0,-5.05E0,-2.2E0));
#2663=LINE('',#2662,#2661);
#2664=CARTESIAN_POINT('',(4.489988864129E0,-5.25E0,-2.2E0));
#2665=CARTESIAN_POINT('',(4.489988864129E0,-5.237434145900E0,-2.2E0));
#2666=CARTESIAN_POINT('',(4.492567668141E0,-5.212643764728E0,-2.2E0));
#2667=CARTESIAN_POINT('',(4.504481924447E0,-5.175518467939E0,-2.2E0));
#2668=CARTESIAN_POINT('',(4.524203112313E0,-5.141344038557E0,-2.2E0));
#2669=CARTESIAN_POINT('',(4.549208830180E0,-5.112293889808E0,-2.2E0));
#2670=CARTESIAN_POINT('',(4.583303238327E0,-5.085456216557E0,-2.2E0));
#2671=CARTESIAN_POINT('',(4.621063112446E0,-5.066162185709E0,-2.2E0));
#2672=CARTESIAN_POINT('',(4.663935473691E0,-5.053255666182E0,-2.2E0));
#2673=CARTESIAN_POINT('',(4.695273157884E0,-5.05E0,-2.2E0));
#2674=CARTESIAN_POINT('',(4.711687595756E0,-5.05E0,-2.2E0));
#2676=CARTESIAN_POINT('',(0.E0,-5.05E0,0.E0));
#2677=DIRECTION('',(0.E0,-1.E0,0.E0));
#2678=DIRECTION('',(9.060937684146E-1,0.E0,-4.230769230769E-1));
#2679=AXIS2_PLACEMENT_3D('',#2676,#2677,#2678);
#2681=CARTESIAN_POINT('',(0.E0,-5.05E0,0.E0));
#2682=DIRECTION('',(0.E0,1.E0,0.E0));
#2683=DIRECTION('',(9.500634676302E-1,0.E0,3.120567375887E-1));
#2684=AXIS2_PLACEMENT_3D('',#2681,#2682,#2683);
#2686=CARTESIAN_POINT('',(0.E0,-5.05E0,0.E0));
#2687=DIRECTION('',(0.E0,1.E0,0.E0));
#2688=DIRECTION('',(1.E0,0.E0,0.E0));
#2689=AXIS2_PLACEMENT_3D('',#2686,#2687,#2688);
#2691=CARTESIAN_POINT('',(0.E0,-5.25E0,0.E0));
#2692=DIRECTION('',(0.E0,-1.E0,0.E0));
#2693=DIRECTION('',(8.979977728258E-1,0.E0,-4.4E-1));
#2694=AXIS2_PLACEMENT_3D('',#2691,#2692,#2693);
#2696=CARTESIAN_POINT('',(4.489988864129E0,-5.25E0,2.2E0));
#2697=CARTESIAN_POINT('',(4.489988864129E0,-5.237380235169E0,2.2E0));
#2698=CARTESIAN_POINT('',(4.492579901993E0,-5.212480187132E0,2.2E0));
#2699=CARTESIAN_POINT('',(4.504652109148E0,-5.175103476259E0,2.2E0));
#2700=CARTESIAN_POINT('',(4.524556560234E0,-5.140834517209E0,2.2E0));
#2701=CARTESIAN_POINT('',(4.549808424848E0,-5.111698819696E0,2.2E0));
#2702=CARTESIAN_POINT('',(4.584153750701E0,-5.084920685972E0,2.2E0));
#2703=CARTESIAN_POINT('',(4.621830853597E0,-5.065868954914E0,2.2E0));
#2704=CARTESIAN_POINT('',(4.664526730860E0,-5.053157657309E0,2.2E0));
#2705=CARTESIAN_POINT('',(4.695501274728E0,-5.05E0,2.2E0));
#2706=CARTESIAN_POINT('',(4.711687595756E0,-5.05E0,2.2E0));
#2708=DIRECTION('',(1.687538997430E-13,1.E0,-3.552713678801E-13));
#2709=VECTOR('',#2708,1.E-1);
#2710=CARTESIAN_POINT('',(4.489988864129E0,-5.35E0,2.2E0));
#2711=LINE('',#2710,#2709);
#2712=DIRECTION('',(-1.687538997430E-13,-1.E0,-3.597122599786E-13));
#2713=VECTOR('',#2712,1.E-1);
#2714=CARTESIAN_POINT('',(4.489988864129E0,-5.25E0,-2.2E0));
#2715=LINE('',#2714,#2713);
#2716=DIRECTION('',(-1.509903313490E-13,1.E0,-2.797762022055E-13));
#2717=VECTOR('',#2716,1.E-1);
#2718=CARTESIAN_POINT('',(4.330127018922E0,-5.35E0,-2.5E0));
#2719=LINE('',#2718,#2717);
#2720=DIRECTION('',(0.E0,1.E0,0.E0));
#2721=VECTOR('',#2720,2.25E0);
#2722=CARTESIAN_POINT('',(0.E0,-7.5E0,5.E0));
#2723=LINE('',#2722,#2721);
#2724=DIRECTION('',(1.598721155460E-13,-1.E0,-2.842170943040E-13));
#2725=VECTOR('',#2724,1.E-1);
#2726=CARTESIAN_POINT('',(4.330127018922E0,-5.25E0,2.5E0));
#2727=LINE('',#2726,#2725);
#2728=DIRECTION('',(-1.E0,0.E0,0.E0));
#2729=VECTOR('',#2728,1.986259851037E0);
#2730=CARTESIAN_POINT('',(6.697947446793E0,-5.05E0,2.2E0));
#2731=LINE('',#2730,#2729);
#2732=DIRECTION('',(-2.072416312634E-14,-1.E0,0.E0));
#2733=VECTOR('',#2732,3.E-1);
#2734=CARTESIAN_POINT('',(6.697947446793E0,-5.05E0,2.2E0));
#2735=LINE('',#2734,#2733);
#2736=DIRECTION('',(-1.776356839400E-14,1.E0,0.E0));
#2737=VECTOR('',#2736,3.E-1);
#2738=CARTESIAN_POINT('',(6.697947446793E0,-5.35E0,-2.2E0));
#2739=LINE('',#2738,#2737);
#2740=CARTESIAN_POINT('',(0.E0,-5.25E0,0.E0));
#2741=DIRECTION('',(0.E0,-1.E0,0.E0));
#2742=DIRECTION('',(-8.660254037844E-1,0.E0,-5.E-1));
#2743=AXIS2_PLACEMENT_3D('',#2740,#2741,#2742);
#2745=CARTESIAN_POINT('',(0.E0,-5.25E0,0.E0));
#2746=DIRECTION('',(0.E0,-1.E0,0.E0));
#2747=DIRECTION('',(-5.849731102029E-14,0.E0,-1.E0));
#2748=AXIS2_PLACEMENT_3D('',#2745,#2746,#2747);
#2750=CARTESIAN_POINT('',(0.E0,-5.25E0,0.E0));
#2751=DIRECTION('',(0.E0,-1.E0,0.E0));
#2752=DIRECTION('',(8.280040376948E-3,0.E0,-9.999657198781E-1));
#2753=AXIS2_PLACEMENT_3D('',#2750,#2751,#2752);
#2755=CARTESIAN_POINT('',(4.330127018922E0,-5.25E0,-2.5E0));
#2756=CARTESIAN_POINT('',(4.330127018922E0,-5.237565312160E0,-2.5E0));
#2757=CARTESIAN_POINT('',(4.332725659847E0,-5.212983162474E0,-2.5E0));
#2758=CARTESIAN_POINT('',(4.345054437316E0,-5.175736719351E0,-2.5E0));
#2759=CARTESIAN_POINT('',(4.365305181939E0,-5.141819571154E0,-2.5E0));
#2760=CARTESIAN_POINT('',(4.390626969864E0,-5.113094440763E0,-2.5E0));
#2761=CARTESIAN_POINT('',(4.426339580326E0,-5.085731538799E0,-2.5E0));
#2762=CARTESIAN_POINT('',(4.464982129128E0,-5.066545187302E0,-2.5E0));
#2763=CARTESIAN_POINT('',(4.509431253867E0,-5.053377950283E0,-2.5E0));
#2764=CARTESIAN_POINT('',(4.542303580308E0,-5.05E0,-2.5E0));
#2765=CARTESIAN_POINT('',(4.559605246071E0,-5.05E0,-2.5E0));
#2767=DIRECTION('',(-1.687538997430E-13,1.E0,3.597122599786E-13));
#2768=VECTOR('',#2767,1.E-1);
#2769=CARTESIAN_POINT('',(-4.489988864129E0,-5.35E0,-2.2E0));
#2770=LINE('',#2769,#2768);
#2771=DIRECTION('',(1.687538997430E-13,-1.E0,3.463895836831E-13));
#2772=VECTOR('',#2771,1.E-1);
#2773=CARTESIAN_POINT('',(-4.489988864129E0,-5.25E0,2.2E0));
#2774=LINE('',#2773,#2772);
#2775=DIRECTION('',(1.598721155460E-13,1.E0,2.753353101070E-13));
#2776=VECTOR('',#2775,1.E-1);
#2777=CARTESIAN_POINT('',(-4.330127018922E0,-5.35E0,2.5E0));
#2778=LINE('',#2777,#2776);
#2779=DIRECTION('',(-2.036115869432E-14,1.E0,0.E0));
#2780=VECTOR('',#2779,2.25E0);
#2781=CARTESIAN_POINT('',(-1.493865964892E-13,-7.5E0,-5.E0));
#2782=LINE('',#2781,#2780);
#2783=DIRECTION('',(-1.509903313490E-13,-1.E0,2.797762022055E-13));
#2784=VECTOR('',#2783,1.E-1);
#2785=CARTESIAN_POINT('',(-4.330127018922E0,-5.25E0,-2.5E0));
#2786=LINE('',#2785,#2784);
#2787=DIRECTION('',(-1.E0,0.E0,1.327465473321E-14));
#2788=VECTOR('',#2787,2.207958582664E0);
#2789=CARTESIAN_POINT('',(-4.489988864129E0,-5.35E0,2.2E0));
#2790=LINE('',#2789,#2788);
#2791=CARTESIAN_POINT('',(0.E0,-5.35E0,0.E0));
#2792=DIRECTION('',(0.E0,-1.E0,0.E0));
#2793=DIRECTION('',(-9.500634676302E-1,0.E0,3.120567375887E-1));
#2794=AXIS2_PLACEMENT_3D('',#2791,#2792,#2793);
#2796=CARTESIAN_POINT('',(0.E0,-5.35E0,0.E0));
#2797=DIRECTION('',(0.E0,-1.E0,0.E0));
#2798=DIRECTION('',(-1.E0,0.E0,0.E0));
#2799=AXIS2_PLACEMENT_3D('',#2796,#2797,#2798);
#2801=DIRECTION('',(1.E0,0.E0,1.287239246857E-14));
#2802=VECTOR('',#2801,2.207958582664E0);
#2803=CARTESIAN_POINT('',(-6.697947446793E0,-5.35E0,-2.2E0));
#2804=LINE('',#2803,#2802);
#2805=CARTESIAN_POINT('',(0.E0,-5.35E0,0.E0));
#2806=DIRECTION('',(0.E0,-1.E0,0.E0));
#2807=DIRECTION('',(-8.979977728257E-1,0.E0,-4.4E-1));
#2808=AXIS2_PLACEMENT_3D('',#2805,#2806,#2807);
#2810=DIRECTION('',(-1.E0,0.E0,2.907110422642E-14));
#2811=VECTOR('',#2810,2.581638312743E0);
#2812=CARTESIAN_POINT('',(-4.330127018922E0,-5.35E0,-2.5E0));
#2813=LINE('',#2812,#2811);
#2814=CARTESIAN_POINT('',(0.E0,-5.35E0,0.E0));
#2815=DIRECTION('',(0.E0,1.E0,0.E0));
#2816=DIRECTION('',(-9.403762356006E-1,0.E0,-3.401360544218E-1));
#2817=AXIS2_PLACEMENT_3D('',#2814,#2815,#2816);
#2819=DIRECTION('',(1.E0,0.E0,2.941514096283E-14));
#2820=VECTOR('',#2819,2.581638312743E0);
#2821=CARTESIAN_POINT('',(-6.911765331665E0,-5.35E0,2.5E0));
#2822=LINE('',#2821,#2820);
#2823=CARTESIAN_POINT('',(0.E0,-5.35E0,0.E0));
#2824=DIRECTION('',(0.E0,-1.E0,0.E0));
#2825=DIRECTION('',(-8.660254037844E-1,0.E0,5.E-1));
#2826=AXIS2_PLACEMENT_3D('',#2823,#2824,#2825);
#2828=DIRECTION('',(-1.E0,0.E0,0.E0));
#2829=VECTOR('',#2828,1.986259851037E0);
#2830=CARTESIAN_POINT('',(-4.711687595756E0,-5.05E0,2.2E0));
#2831=LINE('',#2830,#2829);
#2832=CARTESIAN_POINT('',(-4.489988864129E0,-5.25E0,2.2E0));
#2833=CARTESIAN_POINT('',(-4.489988864129E0,-5.237434145900E0,2.2E0));
#2834=CARTESIAN_POINT('',(-4.492567668141E0,-5.212643764728E0,2.2E0));
#2835=CARTESIAN_POINT('',(-4.504481924447E0,-5.175518467939E0,2.2E0));
#2836=CARTESIAN_POINT('',(-4.524203112313E0,-5.141344038557E0,2.2E0));
#2837=CARTESIAN_POINT('',(-4.549208830180E0,-5.112293889808E0,2.2E0));
#2838=CARTESIAN_POINT('',(-4.583303238327E0,-5.085456216557E0,2.2E0));
#2839=CARTESIAN_POINT('',(-4.621063112446E0,-5.066162185709E0,2.2E0));
#2840=CARTESIAN_POINT('',(-4.663935473691E0,-5.053255666182E0,2.2E0));
#2841=CARTESIAN_POINT('',(-4.695273157884E0,-5.05E0,2.2E0));
#2842=CARTESIAN_POINT('',(-4.711687595756E0,-5.05E0,2.2E0));
#2844=CARTESIAN_POINT('',(0.E0,-5.05E0,0.E0));
#2845=DIRECTION('',(0.E0,-1.E0,0.E0));
#2846=DIRECTION('',(-9.060937684146E-1,0.E0,4.230769230769E-1));
#2847=AXIS2_PLACEMENT_3D('',#2844,#2845,#2846);
#2849=CARTESIAN_POINT('',(0.E0,-5.05E0,0.E0));
#2850=DIRECTION('',(0.E0,1.E0,0.E0));
#2851=DIRECTION('',(-9.500634676302E-1,0.E0,-3.120567375887E-1));
#2852=AXIS2_PLACEMENT_3D('',#2849,#2850,#2851);
#2854=CARTESIAN_POINT('',(0.E0,-5.05E0,0.E0));
#2855=DIRECTION('',(0.E0,1.E0,0.E0));
#2856=DIRECTION('',(-1.E0,0.E0,0.E0));
#2857=AXIS2_PLACEMENT_3D('',#2854,#2855,#2856);
#2859=CARTESIAN_POINT('',(0.E0,-5.25E0,0.E0));
#2860=DIRECTION('',(0.E0,-1.E0,0.E0));
#2861=DIRECTION('',(-8.979977728258E-1,0.E0,4.4E-1));
#2862=AXIS2_PLACEMENT_3D('',#2859,#2860,#2861);
#2864=CARTESIAN_POINT('',(-4.489988864129E0,-5.25E0,-2.2E0));
#2865=CARTESIAN_POINT('',(-4.489988864129E0,-5.237380235169E0,-2.2E0));
#2866=CARTESIAN_POINT('',(-4.492579901993E0,-5.212480187132E0,-2.2E0));
#2867=CARTESIAN_POINT('',(-4.504652109148E0,-5.175103476259E0,-2.2E0));
#2868=CARTESIAN_POINT('',(-4.524556560234E0,-5.140834517209E0,-2.2E0));
#2869=CARTESIAN_POINT('',(-4.549808424848E0,-5.111698819696E0,-2.2E0));
#2870=CARTESIAN_POINT('',(-4.584153750701E0,-5.084920685972E0,-2.2E0));
#2871=CARTESIAN_POINT('',(-4.621830853597E0,-5.065868954914E0,-2.2E0));
#2872=CARTESIAN_POINT('',(-4.664526730860E0,-5.053157657309E0,-2.2E0));
#2873=CARTESIAN_POINT('',(-4.695501274728E0,-5.05E0,-2.2E0));
#2874=CARTESIAN_POINT('',(-4.711687595756E0,-5.05E0,-2.2E0));
#2876=DIRECTION('',(1.E0,0.E0,0.E0));
#2877=VECTOR('',#2876,1.986259851037E0);
#2878=CARTESIAN_POINT('',(-6.697947446793E0,-5.05E0,-2.2E0));
#2879=LINE('',#2878,#2877);
#2880=DIRECTION('',(1.776356839400E-14,-1.E0,0.E0));
#2881=VECTOR('',#2880,3.E-1);
#2882=CARTESIAN_POINT('',(-6.697947446793E0,-5.05E0,-2.2E0));
#2883=LINE('',#2882,#2881);
#2884=DIRECTION('',(1.776356839400E-14,1.E0,0.E0));
#2885=VECTOR('',#2884,3.E-1);
#2886=CARTESIAN_POINT('',(-6.697947446793E0,-5.35E0,2.2E0));
#2887=LINE('',#2886,#2885);
#2888=DIRECTION('',(0.E0,1.E0,0.E0));
#2889=VECTOR('',#2888,9.2E0);
#2890=CARTESIAN_POINT('',(-1.75E0,-7.9E0,2.265E0));
#2891=LINE('',#2890,#2889);
#2892=DIRECTION('',(0.E0,0.E0,1.E0));
#2893=VECTOR('',#2892,5.E-1);
#2894=CARTESIAN_POINT('',(-1.75E0,1.3E0,2.265E0));
#2895=LINE('',#2894,#2893);
#2896=DIRECTION('',(0.E0,0.E0,-1.E0));
#2897=VECTOR('',#2896,5.E-1);
#2898=CARTESIAN_POINT('',(-1.75E0,-8.6E0,2.765E0));
#2899=LINE('',#2898,#2897);
#2900=DIRECTION('',(0.E0,1.E0,0.E0));
#2901=VECTOR('',#2900,7.E-1);
#2902=CARTESIAN_POINT('',(-1.75E0,-8.6E0,2.265E0));
#2903=LINE('',#2902,#2901);
#2904=DIRECTION('',(0.E0,1.E0,0.E0));
#2905=VECTOR('',#2904,5.255572852781E-1);
#2906=CARTESIAN_POINT('',(-2.2E0,1.3E0,2.765E0));
#2907=LINE('',#2906,#2905);
#2908=CARTESIAN_POINT('',(0.E0,-2.1E0,2.765E0));
#2909=DIRECTION('',(0.E0,0.E0,-1.E0));
#2910=DIRECTION('',(-4.888888888889E-1,8.723460633951E-1,0.E0));
#2911=AXIS2_PLACEMENT_3D('',#2908,#2909,#2910);
#2913=CARTESIAN_POINT('',(-9.794041155677E-1,2.138309518948E0,2.765E0));
#2914=DIRECTION('',(0.E0,0.E0,-1.E0));
#2915=DIRECTION('',(-2.251503714131E-1,9.743240273402E-1,0.E0));
#2916=AXIS2_PLACEMENT_3D('',#2913,#2914,#2915);
#2918=CARTESIAN_POINT('',(0.E0,3.466190378969E0,2.765E0));
#2919=DIRECTION('',(0.E0,0.E0,1.E0));
#2920=DIRECTION('',(-5.935782518551E-1,-8.047762788034E-1,0.E0));
#2921=AXIS2_PLACEMENT_3D('',#2918,#2919,#2920);
#2923=CARTESIAN_POINT('',(9.794041155677E-1,2.138309518948E0,2.765E0));
#2924=DIRECTION('',(0.E0,0.E0,-1.E0));
#2925=DIRECTION('',(-5.935782518950E-1,8.047762787740E-1,0.E0));
#2926=AXIS2_PLACEMENT_3D('',#2923,#2924,#2925);
#2928=CARTESIAN_POINT('',(0.E0,-2.1E0,2.765E0));
#2929=DIRECTION('',(0.E0,0.E0,-1.E0));
#2930=DIRECTION('',(2.251503713955E-1,9.743240273443E-1,0.E0));
#2931=AXIS2_PLACEMENT_3D('',#2928,#2929,#2930);
#2933=DIRECTION('',(0.E0,-1.E0,0.E0));
#2934=VECTOR('',#2933,5.255572852781E-1);
#2935=CARTESIAN_POINT('',(2.2E0,1.825557285278E0,2.765E0));
#2936=LINE('',#2935,#2934);
#2937=DIRECTION('',(-1.E0,0.E0,0.E0));
#2938=VECTOR('',#2937,4.E-1);
#2939=CARTESIAN_POINT('',(2.2E0,1.3E0,2.765E0));
#2940=LINE('',#2939,#2938);
#2941=DIRECTION('',(-1.E0,0.E0,0.E0));
#2942=VECTOR('',#2941,5.E-2);
#2943=CARTESIAN_POINT('',(1.8E0,1.3E0,2.765E0));
#2944=LINE('',#2943,#2942);
#2945=DIRECTION('',(0.E0,-1.E0,0.E0));
#2946=VECTOR('',#2945,9.9E0);
#2947=CARTESIAN_POINT('',(1.75E0,1.3E0,2.765E0));
#2948=LINE('',#2947,#2946);
#2949=DIRECTION('',(-1.E0,0.E0,0.E0));
#2950=VECTOR('',#2949,3.5E-1);
#2951=CARTESIAN_POINT('',(1.75E0,-8.6E0,2.765E0));
#2952=LINE('',#2951,#2950);
#2953=DIRECTION('',(0.E0,-1.E0,0.E0));
#2954=VECTOR('',#2953,2.3E0);
#2955=CARTESIAN_POINT('',(1.4E0,-8.6E0,2.765E0));
#2956=LINE('',#2955,#2954);
#2957=DIRECTION('',(-7.071067811865E-1,-7.071067811865E-1,0.E0));
#2958=VECTOR('',#2957,7.071067811865E-1);
#2959=CARTESIAN_POINT('',(1.4E0,-1.09E1,2.765E0));
#2960=LINE('',#2959,#2958);
#2961=DIRECTION('',(-1.E0,0.E0,0.E0));
#2962=VECTOR('',#2961,1.8E0);
#2963=CARTESIAN_POINT('',(9.E-1,-1.14E1,2.765E0));
#2964=LINE('',#2963,#2962);
#2965=DIRECTION('',(-7.071067811865E-1,7.071067811865E-1,0.E0));
#2966=VECTOR('',#2965,7.071067811865E-1);
#2967=CARTESIAN_POINT('',(-9.E-1,-1.14E1,2.765E0));
#2968=LINE('',#2967,#2966);
#2969=DIRECTION('',(0.E0,1.E0,0.E0));
#2970=VECTOR('',#2969,2.3E0);
#2971=CARTESIAN_POINT('',(-1.4E0,-1.09E1,2.765E0));
#2972=LINE('',#2971,#2970);
#2973=DIRECTION('',(-1.E0,0.E0,0.E0));
#2974=VECTOR('',#2973,3.5E-1);
#2975=CARTESIAN_POINT('',(-1.4E0,-8.6E0,2.765E0));
#2976=LINE('',#2975,#2974);
#2977=DIRECTION('',(0.E0,1.E0,0.E0));
#2978=VECTOR('',#2977,9.9E0);
#2979=CARTESIAN_POINT('',(-1.75E0,-8.6E0,2.765E0));
#2980=LINE('',#2979,#2978);
#2981=DIRECTION('',(-1.E0,0.E0,0.E0));
#2982=VECTOR('',#2981,5.E-2);
#2983=CARTESIAN_POINT('',(-1.75E0,1.3E0,2.765E0));
#2984=LINE('',#2983,#2982);
#2985=DIRECTION('',(-1.E0,0.E0,0.E0));
#2986=VECTOR('',#2985,4.E-1);
#2987=CARTESIAN_POINT('',(-1.8E0,1.3E0,2.765E0));
#2988=LINE('',#2987,#2986);
#2989=CARTESIAN_POINT('',(0.E0,-8.2E0,0.E0));
#2990=DIRECTION('',(0.E0,1.E0,0.E0));
#2991=DIRECTION('',(1.E0,0.E0,0.E0));
#2992=AXIS2_PLACEMENT_3D('',#2989,#2990,#2991);
#2994=CARTESIAN_POINT('',(0.E0,-8.2E0,0.E0));
#2995=DIRECTION('',(0.E0,1.E0,0.E0));
#2996=DIRECTION('',(-1.E0,0.E0,0.E0));
#2997=AXIS2_PLACEMENT_3D('',#2994,#2995,#2996);
#2999=DIRECTION('',(0.E0,-1.E0,0.E0));
#3000=VECTOR('',#2999,1.E0);
#3001=CARTESIAN_POINT('',(-4.25E0,-7.2E0,0.E0));
#3002=LINE('',#3001,#3000);
#3003=DIRECTION('',(0.E0,1.E0,0.E0));
#3004=VECTOR('',#3003,1.E0);
#3005=CARTESIAN_POINT('',(4.25E0,-8.2E0,0.E0));
#3006=LINE('',#3005,#3004);
#3007=CARTESIAN_POINT('',(0.E0,-7.2E0,0.E0));
#3008=DIRECTION('',(0.E0,1.E0,0.E0));
#3009=DIRECTION('',(1.E0,0.E0,0.E0));
#3010=AXIS2_PLACEMENT_3D('',#3007,#3008,#3009);
#3012=CARTESIAN_POINT('',(0.E0,-7.2E0,0.E0));
#3013=DIRECTION('',(0.E0,1.E0,0.E0));
#3014=DIRECTION('',(-1.E0,0.E0,0.E0));
#3015=AXIS2_PLACEMENT_3D('',#3012,#3013,#3014);
#3017=CARTESIAN_POINT('',(0.E0,-7.7E0,0.E0));
#3018=DIRECTION('',(0.E0,1.E0,0.E0));
#3019=DIRECTION('',(0.E0,0.E0,1.E0));
#3020=AXIS2_PLACEMENT_3D('',#3017,#3018,#3019);
#3022=CARTESIAN_POINT('',(0.E0,-7.7E0,0.E0));
#3023=DIRECTION('',(0.E0,1.E0,0.E0));
#3024=DIRECTION('',(1.122097485172E-2,0.E0,9.999370428799E-1));
#3025=AXIS2_PLACEMENT_3D('',#3022,#3023,#3024);
#3027=CARTESIAN_POINT('',(0.E0,-7.7E0,0.E0));
#3028=DIRECTION('',(0.E0,1.E0,0.E0));
#3029=DIRECTION('',(0.E0,0.E0,-1.E0));
#3030=AXIS2_PLACEMENT_3D('',#3027,#3028,#3029);
#3032=CARTESIAN_POINT('',(0.E0,-7.7E0,0.E0));
#3033=DIRECTION('',(0.E0,1.E0,0.E0));
#3034=DIRECTION('',(-1.122097485172E-2,0.E0,-9.999370428799E-1));
#3035=AXIS2_PLACEMENT_3D('',#3032,#3033,#3034);
#3037=CARTESIAN_POINT('',(0.E0,-7.5E0,0.E0));
#3038=DIRECTION('',(0.E0,1.E0,0.E0));
#3039=DIRECTION('',(0.E0,0.E0,1.E0));
#3040=AXIS2_PLACEMENT_3D('',#3037,#3038,#3039);
#3042=CARTESIAN_POINT('',(0.E0,-7.5E0,-4.8E0));
#3043=DIRECTION('',(-1.E0,0.E0,0.E0));
#3044=DIRECTION('',(0.E0,0.E0,-1.E0));
#3045=AXIS2_PLACEMENT_3D('',#3042,#3043,#3044);
#3047=CARTESIAN_POINT('',(0.E0,-7.5E0,0.E0));
#3048=DIRECTION('',(0.E0,1.E0,0.E0));
#3049=DIRECTION('',(-5.849731102029E-14,0.E0,-1.E0));
#3050=AXIS2_PLACEMENT_3D('',#3047,#3048,#3049);
#3052=CARTESIAN_POINT('',(0.E0,-7.5E0,4.8E0));
#3053=DIRECTION('',(1.E0,0.E0,0.E0));
#3054=DIRECTION('',(0.E0,0.E0,1.E0));
#3055=AXIS2_PLACEMENT_3D('',#3052,#3053,#3054);
#3057=DIRECTION('',(1.E0,0.E0,0.E0));
#3058=VECTOR('',#3057,5.E-2);
#3059=CARTESIAN_POINT('',(-1.8E0,1.3E0,-2.765E0));
#3060=LINE('',#3059,#3058);
#3061=DIRECTION('',(7.071067811865E-1,-7.071067811865E-1,0.E0));
#3062=VECTOR('',#3061,7.071067811865E-1);
#3063=CARTESIAN_POINT('',(-1.4E0,-1.09E1,-2.765E0));
#3064=LINE('',#3063,#3062);
#3065=DIRECTION('',(7.071067811865E-1,7.071067811865E-1,0.E0));
#3066=VECTOR('',#3065,7.071067811865E-1);
#3067=CARTESIAN_POINT('',(9.E-1,-1.14E1,-2.765E0));
#3068=LINE('',#3067,#3066);
#3069=DIRECTION('',(1.E0,0.E0,0.E0));
#3070=VECTOR('',#3069,5.E-2);
#3071=CARTESIAN_POINT('',(1.75E0,1.3E0,-2.765E0));
#3072=LINE('',#3071,#3070);
#3073=DIRECTION('',(1.E0,0.E0,0.E0));
#3074=VECTOR('',#3073,4.E-1);
#3075=CARTESIAN_POINT('',(1.8E0,1.3E0,-2.765E0));
#3076=LINE('',#3075,#3074);
#3077=DIRECTION('',(0.E0,1.E0,0.E0));
#3078=VECTOR('',#3077,5.255572852781E-1);
#3079=CARTESIAN_POINT('',(2.2E0,1.3E0,-2.765E0));
#3080=LINE('',#3079,#3078);
#3081=CARTESIAN_POINT('',(0.E0,-2.1E0,-2.765E0));
#3082=DIRECTION('',(0.E0,0.E0,1.E0));
#3083=DIRECTION('',(4.888888888889E-1,8.723460633951E-1,0.E0));
#3084=AXIS2_PLACEMENT_3D('',#3081,#3082,#3083);
#3086=CARTESIAN_POINT('',(9.794041155677E-1,2.138309518948E0,-2.765E0));
#3087=DIRECTION('',(0.E0,0.E0,1.E0));
#3088=DIRECTION('',(2.251503714131E-1,9.743240273402E-1,0.E0));
#3089=AXIS2_PLACEMENT_3D('',#3086,#3087,#3088);
#3091=CARTESIAN_POINT('',(0.E0,3.466190378969E0,-2.765E0));
#3092=DIRECTION('',(0.E0,0.E0,-1.E0));
#3093=DIRECTION('',(5.935782518548E-1,-8.047762788036E-1,0.E0));
#3094=AXIS2_PLACEMENT_3D('',#3091,#3092,#3093);
#3096=CARTESIAN_POINT('',(-9.794041155677E-1,2.138309518948E0,-2.765E0));
#3097=DIRECTION('',(0.E0,0.E0,1.E0));
#3098=DIRECTION('',(5.935782518922E-1,8.047762787760E-1,0.E0));
#3099=AXIS2_PLACEMENT_3D('',#3096,#3097,#3098);
#3101=CARTESIAN_POINT('',(0.E0,-2.1E0,-2.765E0));
#3102=DIRECTION('',(0.E0,0.E0,1.E0));
#3103=DIRECTION('',(-2.251503713955E-1,9.743240273443E-1,0.E0));
#3104=AXIS2_PLACEMENT_3D('',#3101,#3102,#3103);
#3106=DIRECTION('',(0.E0,-1.E0,0.E0));
#3107=VECTOR('',#3106,5.255572852781E-1);
#3108=CARTESIAN_POINT('',(-2.2E0,1.825557285278E0,-2.765E0));
#3109=LINE('',#3108,#3107);
#3110=DIRECTION('',(1.E0,0.E0,0.E0));
#3111=VECTOR('',#3110,4.E-1);
#3112=CARTESIAN_POINT('',(-2.2E0,1.3E0,-2.765E0));
#3113=LINE('',#3112,#3111);
#3114=DIRECTION('',(0.E0,1.E0,0.E0));
#3115=VECTOR('',#3114,9.2E0);
#3116=CARTESIAN_POINT('',(1.75E0,-7.9E0,-2.265E0));
#3117=LINE('',#3116,#3115);
#3118=DIRECTION('',(0.E0,0.E0,-1.E0));
#3119=VECTOR('',#3118,5.E-1);
#3120=CARTESIAN_POINT('',(1.75E0,1.3E0,-2.265E0));
#3121=LINE('',#3120,#3119);
#3122=DIRECTION('',(0.E0,-1.E0,0.E0));
#3123=VECTOR('',#3122,9.9E0);
#3124=CARTESIAN_POINT('',(1.75E0,1.3E0,-2.765E0));
#3125=LINE('',#3124,#3123);
#3126=DIRECTION('',(-1.E0,0.E0,0.E0));
#3127=VECTOR('',#3126,3.5E-1);
#3128=CARTESIAN_POINT('',(1.75E0,-8.6E0,-2.765E0));
#3129=LINE('',#3128,#3127);
#3130=DIRECTION('',(0.E0,0.E0,-1.E0));
#3131=VECTOR('',#3130,5.E-1);
#3132=CARTESIAN_POINT('',(1.75E0,-8.6E0,-2.265E0));
#3133=LINE('',#3132,#3131);
#3134=DIRECTION('',(0.E0,-1.E0,0.E0));
#3135=VECTOR('',#3134,2.3E0);
#3136=CARTESIAN_POINT('',(1.4E0,-8.6E0,-2.765E0));
#3137=LINE('',#3136,#3135);
#3138=DIRECTION('',(0.E0,0.E0,-1.E0));
#3139=VECTOR('',#3138,5.E-1);
#3140=CARTESIAN_POINT('',(1.4E0,-8.6E0,-2.265E0));
#3141=LINE('',#3140,#3139);
#3142=DIRECTION('',(0.E0,0.E0,-1.E0));
#3143=VECTOR('',#3142,5.E-1);
#3144=CARTESIAN_POINT('',(1.4E0,-1.09E1,-2.265E0));
#3145=LINE('',#3144,#3143);
#3146=DIRECTION('',(-1.E0,0.E0,0.E0));
#3147=VECTOR('',#3146,1.8E0);
#3148=CARTESIAN_POINT('',(9.E-1,-1.14E1,-2.765E0));
#3149=LINE('',#3148,#3147);
#3150=DIRECTION('',(0.E0,0.E0,-1.E0));
#3151=VECTOR('',#3150,5.E-1);
#3152=CARTESIAN_POINT('',(9.E-1,-1.14E1,-2.265E0));
#3153=LINE('',#3152,#3151);
#3154=DIRECTION('',(0.E0,0.E0,-1.E0));
#3155=VECTOR('',#3154,5.E-1);
#3156=CARTESIAN_POINT('',(-9.E-1,-1.14E1,-2.265E0));
#3157=LINE('',#3156,#3155);
#3158=DIRECTION('',(0.E0,1.E0,0.E0));
#3159=VECTOR('',#3158,2.3E0);
#3160=CARTESIAN_POINT('',(-1.4E0,-1.09E1,-2.765E0));
#3161=LINE('',#3160,#3159);
#3162=DIRECTION('',(0.E0,0.E0,-1.E0));
#3163=VECTOR('',#3162,5.E-1);
#3164=CARTESIAN_POINT('',(-1.4E0,-1.09E1,-2.265E0));
#3165=LINE('',#3164,#3163);
#3166=DIRECTION('',(-1.E0,0.E0,0.E0));
#3167=VECTOR('',#3166,3.5E-1);
#3168=CARTESIAN_POINT('',(-1.4E0,-8.6E0,-2.765E0));
#3169=LINE('',#3168,#3167);
#3170=DIRECTION('',(0.E0,0.E0,-1.E0));
#3171=VECTOR('',#3170,5.E-1);
#3172=CARTESIAN_POINT('',(-1.4E0,-8.6E0,-2.265E0));
#3173=LINE('',#3172,#3171);
#3174=DIRECTION('',(0.E0,-1.E0,0.E0));
#3175=VECTOR('',#3174,9.2E0);
#3176=CARTESIAN_POINT('',(-1.75E0,1.3E0,-2.265E0));
#3177=LINE('',#3176,#3175);
#3178=DIRECTION('',(0.E0,0.E0,-1.E0));
#3179=VECTOR('',#3178,5.E-1);
#3180=CARTESIAN_POINT('',(-1.75E0,-8.6E0,-2.265E0));
#3181=LINE('',#3180,#3179);
#3182=DIRECTION('',(0.E0,1.E0,0.E0));
#3183=VECTOR('',#3182,9.9E0);
#3184=CARTESIAN_POINT('',(-1.75E0,-8.6E0,-2.765E0));
#3185=LINE('',#3184,#3183);
#3186=DIRECTION('',(0.E0,0.E0,1.E0));
#3187=VECTOR('',#3186,5.E-1);
#3188=CARTESIAN_POINT('',(-1.75E0,1.3E0,-2.765E0));
#3189=LINE('',#3188,#3187);
#3190=DIRECTION('',(1.E0,0.E0,0.E0));
#3191=VECTOR('',#3190,3.5E0);
#3192=CARTESIAN_POINT('',(-1.75E0,-7.9E0,-2.265E0));
#3193=LINE('',#3192,#3191);
#3194=DIRECTION('',(0.E0,-1.E0,0.E0));
#3195=VECTOR('',#3194,7.E-1);
#3196=CARTESIAN_POINT('',(1.75E0,-7.9E0,-2.265E0));
#3197=LINE('',#3196,#3195);
#3198=DIRECTION('',(-1.E0,0.E0,0.E0));
#3199=VECTOR('',#3198,3.5E-1);
#3200=CARTESIAN_POINT('',(1.75E0,-8.6E0,-2.265E0));
#3201=LINE('',#3200,#3199);
#3202=DIRECTION('',(0.E0,-1.E0,0.E0));
#3203=VECTOR('',#3202,2.3E0);
#3204=CARTESIAN_POINT('',(1.4E0,-8.6E0,-2.265E0));
#3205=LINE('',#3204,#3203);
#3206=DIRECTION('',(-7.071067811865E-1,-7.071067811865E-1,0.E0));
#3207=VECTOR('',#3206,7.071067811865E-1);
#3208=CARTESIAN_POINT('',(1.4E0,-1.09E1,-2.265E0));
#3209=LINE('',#3208,#3207);
#3210=DIRECTION('',(-1.E0,0.E0,0.E0));
#3211=VECTOR('',#3210,1.8E0);
#3212=CARTESIAN_POINT('',(9.E-1,-1.14E1,-2.265E0));
#3213=LINE('',#3212,#3211);
#3214=DIRECTION('',(-7.071067811865E-1,7.071067811865E-1,0.E0));
#3215=VECTOR('',#3214,7.071067811865E-1);
#3216=CARTESIAN_POINT('',(-9.E-1,-1.14E1,-2.265E0));
#3217=LINE('',#3216,#3215);
#3218=DIRECTION('',(0.E0,1.E0,0.E0));
#3219=VECTOR('',#3218,2.3E0);
#3220=CARTESIAN_POINT('',(-1.4E0,-1.09E1,-2.265E0));
#3221=LINE('',#3220,#3219);
#3222=DIRECTION('',(-1.E0,0.E0,0.E0));
#3223=VECTOR('',#3222,3.5E-1);
#3224=CARTESIAN_POINT('',(-1.4E0,-8.6E0,-2.265E0));
#3225=LINE('',#3224,#3223);
#3226=DIRECTION('',(0.E0,1.E0,0.E0));
#3227=VECTOR('',#3226,7.E-1);
#3228=CARTESIAN_POINT('',(-1.75E0,-8.6E0,-2.265E0));
#3229=LINE('',#3228,#3227);
#3230=CARTESIAN_POINT('',(3.1E0,-5.1E0,5.E-1));
#3231=DIRECTION('',(-1.E0,0.E0,0.E0));
#3232=DIRECTION('',(0.E0,0.E0,1.E0));
#3233=AXIS2_PLACEMENT_3D('',#3230,#3231,#3232);
#3235=DIRECTION('',(0.E0,0.E0,-1.E0));
#3236=VECTOR('',#3235,5.000000000001E-2);
#3237=CARTESIAN_POINT('',(3.1E0,-4.7E0,5.E-1));
#3238=LINE('',#3237,#3236);
#3239=DIRECTION('',(0.E0,7.071067811865E-1,-7.071067811865E-1));
#3240=VECTOR('',#3239,2.828427124746E-1);
#3241=CARTESIAN_POINT('',(3.1E0,-4.7E0,4.5E-1));
#3242=LINE('',#3241,#3240);
#3243=DIRECTION('',(0.E0,1.E0,0.E0));
#3244=VECTOR('',#3243,6.E-1);
#3245=CARTESIAN_POINT('',(3.1E0,-4.5E0,2.5E-1));
#3246=LINE('',#3245,#3244);
#3247=DIRECTION('',(0.E0,0.E0,1.E0));
#3248=VECTOR('',#3247,1.25E0);
#3249=CARTESIAN_POINT('',(3.1E0,-3.9E0,2.5E-1));
#3250=LINE('',#3249,#3248);
#3251=DIRECTION('',(-1.E0,0.E0,0.E0));
#3252=VECTOR('',#3251,5.E-1);
#3253=CARTESIAN_POINT('',(3.6E0,-5.1E0,9.E-1));
#3254=LINE('',#3253,#3252);
#3255=DIRECTION('',(0.E0,-1.E0,0.E0));
#3256=VECTOR('',#3255,1.56E1);
#3257=CARTESIAN_POINT('',(3.1E0,-5.1E0,9.E-1));
#3258=LINE('',#3257,#3256);
#3259=DIRECTION('',(0.E0,0.E0,1.E0));
#3260=VECTOR('',#3259,5.000000000001E-2);
#3261=CARTESIAN_POINT('',(3.6E0,-4.7E0,4.5E-1));
#3262=LINE('',#3261,#3260);
#3263=CARTESIAN_POINT('',(3.6E0,-5.1E0,5.E-1));
#3264=DIRECTION('',(1.E0,0.E0,0.E0));
#3265=DIRECTION('',(0.E0,1.E0,2.553512956638E-14));
#3266=AXIS2_PLACEMENT_3D('',#3263,#3264,#3265);
#3268=DIRECTION('',(0.E0,-1.E0,0.E0));
#3269=VECTOR('',#3268,1.56E1);
#3270=CARTESIAN_POINT('',(3.6E0,-5.1E0,9.E-1));
#3271=LINE('',#3270,#3269);
#3272=DIRECTION('',(0.E0,0.E0,1.E0));
#3273=VECTOR('',#3272,6.E-1);
#3274=CARTESIAN_POINT('',(3.6E0,-2.07E1,9.E-1));
#3275=LINE('',#3274,#3273);
#3276=DIRECTION('',(0.E0,1.E0,0.E0));
#3277=VECTOR('',#3276,1.68E1);
#3278=CARTESIAN_POINT('',(3.6E0,-2.07E1,1.5E0));
#3279=LINE('',#3278,#3277);
#3280=DIRECTION('',(0.E0,0.E0,-1.E0));
#3281=VECTOR('',#3280,1.25E0);
#3282=CARTESIAN_POINT('',(3.6E0,-3.9E0,1.5E0));
#3283=LINE('',#3282,#3281);
#3284=DIRECTION('',(0.E0,-1.E0,0.E0));
#3285=VECTOR('',#3284,6.E-1);
#3286=CARTESIAN_POINT('',(3.6E0,-3.9E0,2.5E-1));
#3287=LINE('',#3286,#3285);
#3288=DIRECTION('',(0.E0,-7.071067811865E-1,7.071067811865E-1));
#3289=VECTOR('',#3288,2.828427124746E-1);
#3290=CARTESIAN_POINT('',(3.6E0,-4.5E0,2.5E-1));
#3291=LINE('',#3290,#3289);
#3292=DIRECTION('',(0.E0,0.E0,1.E0));
#3293=VECTOR('',#3292,6.E-1);
#3294=CARTESIAN_POINT('',(3.1E0,-2.07E1,9.E-1));
#3295=LINE('',#3294,#3293);
#3296=DIRECTION('',(1.E0,0.E0,0.E0));
#3297=VECTOR('',#3296,5.E-1);
#3298=CARTESIAN_POINT('',(3.1E0,-2.07E1,1.5E0));
#3299=LINE('',#3298,#3297);
#3300=DIRECTION('',(-1.E0,0.E0,0.E0));
#3301=VECTOR('',#3300,5.E-1);
#3302=CARTESIAN_POINT('',(3.6E0,-2.07E1,9.E-1));
#3303=LINE('',#3302,#3301);
#3304=DIRECTION('',(0.E0,1.E0,0.E0));
#3305=VECTOR('',#3304,1.68E1);
#3306=CARTESIAN_POINT('',(3.1E0,-2.07E1,1.5E0));
#3307=LINE('',#3306,#3305);
#3308=DIRECTION('',(1.E0,0.E0,0.E0));
#3309=VECTOR('',#3308,5.E-1);
#3310=CARTESIAN_POINT('',(3.1E0,-3.9E0,1.5E0));
#3311=LINE('',#3310,#3309);
#3312=CARTESIAN_POINT('',(3.6E0,-5.1E0,-5.E-1));
#3313=DIRECTION('',(1.E0,0.E0,0.E0));
#3314=DIRECTION('',(0.E0,0.E0,-1.E0));
#3315=AXIS2_PLACEMENT_3D('',#3312,#3313,#3314);
#3317=DIRECTION('',(0.E0,0.E0,1.E0));
#3318=VECTOR('',#3317,5.000000000001E-2);
#3319=CARTESIAN_POINT('',(3.6E0,-4.7E0,-5.E-1));
#3320=LINE('',#3319,#3318);
#3321=DIRECTION('',(0.E0,7.071067811865E-1,7.071067811865E-1));
#3322=VECTOR('',#3321,2.828427124746E-1);
#3323=CARTESIAN_POINT('',(3.6E0,-4.7E0,-4.5E-1));
#3324=LINE('',#3323,#3322);
#3325=DIRECTION('',(0.E0,1.E0,0.E0));
#3326=VECTOR('',#3325,6.E-1);
#3327=CARTESIAN_POINT('',(3.6E0,-4.5E0,-2.5E-1));
#3328=LINE('',#3327,#3326);
#3329=DIRECTION('',(0.E0,0.E0,-1.E0));
#3330=VECTOR('',#3329,1.25E0);
#3331=CARTESIAN_POINT('',(3.6E0,-3.9E0,-2.5E-1));
#3332=LINE('',#3331,#3330);
#3333=DIRECTION('',(1.E0,0.E0,0.E0));
#3334=VECTOR('',#3333,5.E-1);
#3335=CARTESIAN_POINT('',(3.1E0,-5.1E0,-9.E-1));
#3336=LINE('',#3335,#3334);
#3337=DIRECTION('',(0.E0,-1.E0,0.E0));
#3338=VECTOR('',#3337,1.73E1);
#3339=CARTESIAN_POINT('',(3.6E0,-5.1E0,-9.E-1));
#3340=LINE('',#3339,#3338);
#3341=DIRECTION('',(-1.E0,0.E0,0.E0));
#3342=VECTOR('',#3341,5.E-1);
#3343=CARTESIAN_POINT('',(3.6E0,-2.24E1,-9.E-1));
#3344=LINE('',#3343,#3342);
#3345=DIRECTION('',(0.E0,0.E0,-1.E0));
#3346=VECTOR('',#3345,5.000000000001E-2);
#3347=CARTESIAN_POINT('',(3.1E0,-4.7E0,-4.5E-1));
#3348=LINE('',#3347,#3346);
#3349=CARTESIAN_POINT('',(3.1E0,-5.1E0,-5.E-1));
#3350=DIRECTION('',(-1.E0,0.E0,0.E0));
#3351=DIRECTION('',(0.E0,1.E0,-2.553512956638E-14));
#3352=AXIS2_PLACEMENT_3D('',#3349,#3350,#3351);
#3354=DIRECTION('',(0.E0,-1.E0,0.E0));
#3355=VECTOR('',#3354,1.73E1);
#3356=CARTESIAN_POINT('',(3.1E0,-5.1E0,-9.E-1));
#3357=LINE('',#3356,#3355);
#3358=DIRECTION('',(0.E0,1.E0,0.E0));
#3359=VECTOR('',#3358,1.85E1);
#3360=CARTESIAN_POINT('',(3.1E0,-2.24E1,-1.5E0));
#3361=LINE('',#3360,#3359);
#3362=DIRECTION('',(0.E0,0.E0,1.E0));
#3363=VECTOR('',#3362,1.25E0);
#3364=CARTESIAN_POINT('',(3.1E0,-3.9E0,-1.5E0));
#3365=LINE('',#3364,#3363);
#3366=DIRECTION('',(0.E0,-1.E0,0.E0));
#3367=VECTOR('',#3366,6.E-1);
#3368=CARTESIAN_POINT('',(3.1E0,-3.9E0,-2.5E-1));
#3369=LINE('',#3368,#3367);
#3370=DIRECTION('',(0.E0,-7.071067811865E-1,-7.071067811865E-1));
#3371=VECTOR('',#3370,2.828427124746E-1);
#3372=CARTESIAN_POINT('',(3.1E0,-4.5E0,-2.5E-1));
#3373=LINE('',#3372,#3371);
#3374=DIRECTION('',(0.E0,0.E0,-1.E0));
#3375=VECTOR('',#3374,6.E-1);
#3376=CARTESIAN_POINT('',(3.6E0,-2.24E1,-9.E-1));
#3377=LINE('',#3376,#3375);
#3378=DIRECTION('',(-1.E0,0.E0,0.E0));
#3379=VECTOR('',#3378,5.E-1);
#3380=CARTESIAN_POINT('',(3.6E0,-2.24E1,-1.5E0));
#3381=LINE('',#3380,#3379);
#3382=DIRECTION('',(0.E0,0.E0,1.E0));
#3383=VECTOR('',#3382,6.E-1);
#3384=CARTESIAN_POINT('',(3.1E0,-2.24E1,-1.5E0));
#3385=LINE('',#3384,#3383);
#3386=DIRECTION('',(-1.E0,0.E0,0.E0));
#3387=VECTOR('',#3386,5.E-1);
#3388=CARTESIAN_POINT('',(3.6E0,-3.9E0,-1.5E0));
#3389=LINE('',#3388,#3387);
#3390=DIRECTION('',(0.E0,1.E0,0.E0));
#3391=VECTOR('',#3390,1.85E1);
#3392=CARTESIAN_POINT('',(3.6E0,-2.24E1,-1.5E0));
#3393=LINE('',#3392,#3391);
#3394=DIRECTION('',(0.E0,-1.E0,0.E0));
#3395=VECTOR('',#3394,9.2E0);
#3396=CARTESIAN_POINT('',(1.75E0,1.3E0,2.265E0));
#3397=LINE('',#3396,#3395);
#3398=DIRECTION('',(0.E0,-1.E0,0.E0));
#3399=VECTOR('',#3398,7.E-1);
#3400=CARTESIAN_POINT('',(1.75E0,-7.9E0,2.265E0));
#3401=LINE('',#3400,#3399);
#3402=DIRECTION('',(0.E0,0.E0,-1.E0));
#3403=VECTOR('',#3402,5.E-1);
#3404=CARTESIAN_POINT('',(1.75E0,1.3E0,2.765E0));
#3405=LINE('',#3404,#3403);
#3406=DIRECTION('',(-1.E0,0.E0,0.E0));
#3407=VECTOR('',#3406,3.5E0);
#3408=CARTESIAN_POINT('',(1.75E0,-7.9E0,2.265E0));
#3409=LINE('',#3408,#3407);
#3410=DIRECTION('',(7.071067811865E-1,-7.071067811865E-1,0.E0));
#3411=VECTOR('',#3410,7.071067811865E-1);
#3412=CARTESIAN_POINT('',(-1.4E0,-1.09E1,2.265E0));
#3413=LINE('',#3412,#3411);
#3414=DIRECTION('',(7.071067811865E-1,7.071067811865E-1,0.E0));
#3415=VECTOR('',#3414,7.071067811865E-1);
#3416=CARTESIAN_POINT('',(9.E-1,-1.14E1,2.265E0));
#3417=LINE('',#3416,#3415);
#3418=DIRECTION('',(-1.E0,0.E0,0.E0));
#3419=VECTOR('',#3418,3.5E-1);
#3420=CARTESIAN_POINT('',(-1.4E0,-8.6E0,2.265E0));
#3421=LINE('',#3420,#3419);
#3422=DIRECTION('',(0.E0,0.E0,-1.E0));
#3423=VECTOR('',#3422,5.E-1);
#3424=CARTESIAN_POINT('',(-1.4E0,-8.6E0,2.765E0));
#3425=LINE('',#3424,#3423);
#3426=DIRECTION('',(0.E0,1.E0,0.E0));
#3427=VECTOR('',#3426,2.3E0);
#3428=CARTESIAN_POINT('',(-1.4E0,-1.09E1,2.265E0));
#3429=LINE('',#3428,#3427);
#3430=DIRECTION('',(0.E0,0.E0,-1.E0));
#3431=VECTOR('',#3430,5.E-1);
#3432=CARTESIAN_POINT('',(-1.4E0,-1.09E1,2.765E0));
#3433=LINE('',#3432,#3431);
#3434=DIRECTION('',(0.E0,0.E0,-1.E0));
#3435=VECTOR('',#3434,5.E-1);
#3436=CARTESIAN_POINT('',(-9.E-1,-1.14E1,2.765E0));
#3437=LINE('',#3436,#3435);
#3438=DIRECTION('',(-1.E0,0.E0,0.E0));
#3439=VECTOR('',#3438,1.8E0);
#3440=CARTESIAN_POINT('',(9.E-1,-1.14E1,2.265E0));
#3441=LINE('',#3440,#3439);
#3442=DIRECTION('',(0.E0,0.E0,-1.E0));
#3443=VECTOR('',#3442,5.E-1);
#3444=CARTESIAN_POINT('',(9.E-1,-1.14E1,2.765E0));
#3445=LINE('',#3444,#3443);
#3446=DIRECTION('',(0.E0,0.E0,-1.E0));
#3447=VECTOR('',#3446,5.E-1);
#3448=CARTESIAN_POINT('',(1.4E0,-1.09E1,2.765E0));
#3449=LINE('',#3448,#3447);
#3450=DIRECTION('',(0.E0,-1.E0,0.E0));
#3451=VECTOR('',#3450,2.3E0);
#3452=CARTESIAN_POINT('',(1.4E0,-8.6E0,2.265E0));
#3453=LINE('',#3452,#3451);
#3454=DIRECTION('',(0.E0,0.E0,-1.E0));
#3455=VECTOR('',#3454,5.E-1);
#3456=CARTESIAN_POINT('',(1.4E0,-8.6E0,2.765E0));
#3457=LINE('',#3456,#3455);
#3458=DIRECTION('',(-1.E0,0.E0,0.E0));
#3459=VECTOR('',#3458,3.5E-1);
#3460=CARTESIAN_POINT('',(1.75E0,-8.6E0,2.265E0));
#3461=LINE('',#3460,#3459);
#3462=DIRECTION('',(0.E0,0.E0,-1.E0));
#3463=VECTOR('',#3462,5.E-1);
#3464=CARTESIAN_POINT('',(1.75E0,-8.6E0,2.765E0));
#3465=LINE('',#3464,#3463);
#3466=CARTESIAN_POINT('',(0.E0,-5.25E0,0.E0));
#3467=DIRECTION('',(0.E0,-1.E0,0.E0));
#3468=DIRECTION('',(8.660254037844E-1,0.E0,5.E-1));
#3469=AXIS2_PLACEMENT_3D('',#3466,#3467,#3468);
#3471=CARTESIAN_POINT('',(0.E0,-5.25E0,0.E0));
#3472=DIRECTION('',(0.E0,-1.E0,0.E0));
#3473=DIRECTION('',(0.E0,0.E0,1.E0));
#3474=AXIS2_PLACEMENT_3D('',#3471,#3472,#3473);
#3476=CARTESIAN_POINT('',(0.E0,-5.25E0,0.E0));
#3477=DIRECTION('',(0.E0,-1.E0,0.E0));
#3478=DIRECTION('',(-8.280040376948E-3,0.E0,9.999657198781E-1));
#3479=AXIS2_PLACEMENT_3D('',#3476,#3477,#3478);
#3481=CARTESIAN_POINT('',(-4.330127018922E0,-5.25E0,2.5E0));
#3482=CARTESIAN_POINT('',(-4.330127018922E0,-5.237565312160E0,2.5E0));
#3483=CARTESIAN_POINT('',(-4.332725659847E0,-5.212983162474E0,2.5E0));
#3484=CARTESIAN_POINT('',(-4.345054437316E0,-5.175736719351E0,2.5E0));
#3485=CARTESIAN_POINT('',(-4.365305181939E0,-5.141819571154E0,2.5E0));
#3486=CARTESIAN_POINT('',(-4.390626969864E0,-5.113094440763E0,2.5E0));
#3487=CARTESIAN_POINT('',(-4.426339580326E0,-5.085731538799E0,2.5E0));
#3488=CARTESIAN_POINT('',(-4.464982129128E0,-5.066545187302E0,2.5E0));
#3489=CARTESIAN_POINT('',(-4.509431253867E0,-5.053377950283E0,2.5E0));
#3490=CARTESIAN_POINT('',(-4.542303580308E0,-5.05E0,2.5E0));
#3491=CARTESIAN_POINT('',(-4.559605246071E0,-5.05E0,2.5E0));
#3493=CARTESIAN_POINT('',(0.E0,-5.05E0,0.E0));
#3494=DIRECTION('',(0.E0,1.E0,0.E0));
#3495=DIRECTION('',(-9.090593428863E-1,0.E0,4.166666666667E-1));
#3496=AXIS2_PLACEMENT_3D('',#3493,#3494,#3495);
#3498=CARTESIAN_POINT('',(0.E0,-5.05E0,0.E0));
#3499=DIRECTION('',(0.E0,1.E0,0.E0));
#3500=DIRECTION('',(0.E0,0.E0,1.E0));
#3501=AXIS2_PLACEMENT_3D('',#3498,#3499,#3500);
#3503=CARTESIAN_POINT('',(0.E0,-5.05E0,0.E0));
#3504=DIRECTION('',(0.E0,1.E0,0.E0));
#3505=DIRECTION('',(9.035079029053E-1,0.E0,4.285714285714E-1));
#3506=AXIS2_PLACEMENT_3D('',#3503,#3504,#3505);
#3508=CARTESIAN_POINT('',(0.E0,-5.05E0,0.E0));
#3509=DIRECTION('',(0.E0,-1.E0,0.E0));
#3510=DIRECTION('',(8.768471627060E-1,0.E0,4.807692307692E-1));
#3511=AXIS2_PLACEMENT_3D('',#3508,#3509,#3510);
#3513=CARTESIAN_POINT('',(0.E0,-5.05E0,0.E0));
#3514=DIRECTION('',(0.E0,-1.E0,0.E0));
#3515=DIRECTION('',(-8.280040376947E-3,0.E0,9.999657198781E-1));
#3516=AXIS2_PLACEMENT_3D('',#3513,#3514,#3515);
#3518=DIRECTION('',(-1.E0,0.E0,-1.967777691739E-14));
#3519=VECTOR('',#3518,1.128402897630E0);
#3520=CARTESIAN_POINT('',(6.324555320337E0,-5.05E0,3.E0));
#3521=LINE('',#3520,#3519);
#3522=DIRECTION('',(0.E0,1.E0,0.E0));
#3523=VECTOR('',#3522,4.E0);
#3524=CARTESIAN_POINT('',(6.324555320337E0,-5.05E0,3.E0));
#3525=LINE('',#3524,#3523);
#3526=DIRECTION('',(0.E0,-1.E0,0.E0));
#3527=VECTOR('',#3526,4.E0);
#3528=CARTESIAN_POINT('',(6.538348415311E0,-1.05E0,2.5E0));
#3529=LINE('',#3528,#3527);
#3530=CARTESIAN_POINT('',(9.15E0,0.E0,0.E0));
#3531=CARTESIAN_POINT('',(-9.15E0,0.E0,0.E0));
#3532=VERTEX_POINT('',#3530);
#3533=VERTEX_POINT('',#3531);
#3534=CARTESIAN_POINT('',(-9.15E0,2.E0,0.E0));
#3535=VERTEX_POINT('',#3534);
#3536=CARTESIAN_POINT('',(9.15E0,2.E0,0.E0));
#3537=VERTEX_POINT('',#3536);
#3538=VERTEX_POINT('',#60);
#3539=VERTEX_POINT('',#65);
#3540=CARTESIAN_POINT('',(-1.025E1,2.635085296108E0,0.E0));
#3541=VERTEX_POINT('',#3540);
#3542=CARTESIAN_POINT('',(9.999999128146E0,5.988189697349E0,4.582575268625E0));
#3543=CARTESIAN_POINT('',(9.999999366631E0,5.875031582504E0,4.582575423750E0));
#3544=VERTEX_POINT('',#3542);
#3545=VERTEX_POINT('',#3543);
#3546=VERTEX_POINT('',#829);
#3547=VERTEX_POINT('',#837);
#3548=CARTESIAN_POINT('',(9.999999128150E0,6.988190253061E0,4.582575268627E0));
#3549=VERTEX_POINT('',#3548);
#3550=VERTEX_POINT('',#981);
#3551=VERTEX_POINT('',#989);
#3552=CARTESIAN_POINT('',(9.999999198324E0,7.988189705647E0,4.582575302941E0));
#3553=VERTEX_POINT('',#3552);
#3554=VERTEX_POINT('',#2384);
#3555=VERTEX_POINT('',#2364);
#3556=CARTESIAN_POINT('',(9.999999128144E0,8.988189465008E0,4.582575268624E0));
#3557=VERTEX_POINT('',#3556);
#3558=VERTEX_POINT('',#1303);
#3559=VERTEX_POINT('',#1311);
#3560=CARTESIAN_POINT('',(9.999999128148E0,9.988190123023E0,4.582575268626E0));
#3561=VERTEX_POINT('',#3560);
#3562=VERTEX_POINT('',#1455);
#3563=VERTEX_POINT('',#1471);
#3564=CARTESIAN_POINT('',(9.999999128153E0,1.098819001524E1,4.582575268628E0));
#3565=VERTEX_POINT('',#3564);
#3566=VERTEX_POINT('',#1599);
#3567=VERTEX_POINT('',#1623);
#3568=CARTESIAN_POINT('',(9.999998869150E0,1.198818883519E1,4.582575141992E0));
#3569=VERTEX_POINT('',#3568);
#3570=VERTEX_POINT('',#1922);
#3571=VERTEX_POINT('',#1878);
#3572=CARTESIAN_POINT('',(9.999999128147E0,1.298818989095E1,4.582575268625E0));
#3573=VERTEX_POINT('',#3572);
#3574=VERTEX_POINT('',#1938);
#3575=VERTEX_POINT('',#1954);
#3576=CARTESIAN_POINT('',(9.999999128151E0,1.398819023990E1,4.582575268627E0));
#3577=VERTEX_POINT('',#3576);
#3578=VERTEX_POINT('',#2090);
#3579=VERTEX_POINT('',#2106);
#3580=CARTESIAN_POINT('',(1.E1,1.546E1,4.582575694956E0));
#3581=VERTEX_POINT('',#3580);
#3582=CARTESIAN_POINT('',(1.E1,1.546E1,-4.582575694956E0));
#3583=VERTEX_POINT('',#3582);
#3584=CARTESIAN_POINT('',(9.999998829368E0,1.501181118027E1,-4.582575122547E0));
#3585=VERTEX_POINT('',#3584);
#3586=VERTEX_POINT('',#2260);
#3587=VERTEX_POINT('',#2252);
#3588=CARTESIAN_POINT('',(9.999999128145E0,1.401181043534E1,-4.582575268624E0));
#3589=VERTEX_POINT('',#3588);
#3590=VERTEX_POINT('',#2098);
#3591=VERTEX_POINT('',#2082);
#3592=CARTESIAN_POINT('',(9.999999128150E0,1.301180976436E1,-4.582575268627E0));
#3593=VERTEX_POINT('',#3592);
#3594=VERTEX_POINT('',#1946);
#3595=VERTEX_POINT('',#1930);
#3596=CARTESIAN_POINT('',(9.999996928150E0,1.201181446172E1,-4.582574192540E0));
#3597=VERTEX_POINT('',#3596);
#3598=VERTEX_POINT('',#1770);
#3599=VERTEX_POINT('',#1758);
#3600=CARTESIAN_POINT('',(9.999999128144E0,1.101181064111E1,-4.582575268624E0));
#3601=VERTEX_POINT('',#3600);
#3602=VERTEX_POINT('',#1615);
#3603=VERTEX_POINT('',#1607);
#3604=CARTESIAN_POINT('',(9.999999128148E0,1.001180996454E1,-4.582575268626E0));
#3605=VERTEX_POINT('',#3604);
#3606=VERTEX_POINT('',#1463);
#3607=VERTEX_POINT('',#1447);
#3608=CARTESIAN_POINT('',(9.999999128153E0,9.011809820539E0,-4.582575268628E0));
#3609=VERTEX_POINT('',#3608);
#3610=VERTEX_POINT('',#1355);
#3611=VERTEX_POINT('',#1295);
#3612=CARTESIAN_POINT('',(9.999999287602E0,8.011810393423E0,-4.582575346649E0));
#3613=VERTEX_POINT('',#3612);
#3614=VERTEX_POINT('',#1150);
#3615=VERTEX_POINT('',#1138);
#3616=CARTESIAN_POINT('',(9.999999128146E0,7.011810235674E0,-4.582575268625E0));
#3617=VERTEX_POINT('',#3616);
#3618=VERTEX_POINT('',#1033);
#3619=VERTEX_POINT('',#973);
#3620=CARTESIAN_POINT('',(9.999999128151E0,6.011809708491E0,-4.582575268627E0));
#3621=VERTEX_POINT('',#3620);
#3622=VERTEX_POINT('',#881);
#3623=VERTEX_POINT('',#822);
#3624=VERTEX_POINT('',#37);
#3625=VERTEX_POINT('',#716);
#3626=VERTEX_POINT('',#705);
#3627=VERTEX_POINT('',#44);
#3628=VERTEX_POINT('',#260);
#3629=VERTEX_POINT('',#387);
#3630=VERTEX_POINT('',#51);
#3631=VERTEX_POINT('',#72);
#3632=VERTEX_POINT('',#597);
#3633=VERTEX_POINT('',#478);
#3634=VERTEX_POINT('',#79);
#3635=VERTEX_POINT('',#394);
#3636=VERTEX_POINT('',#344);
#3637=VERTEX_POINT('',#86);
#3638=VERTEX_POINT('',#172);
#3639=VERTEX_POINT('',#107);
#3640=VERTEX_POINT('',#114);
#3641=CARTESIAN_POINT('',(-7.901481986307E0,5.434123401785E0,
-7.652880661559E0));
#3642=VERTEX_POINT('',#3641);
#3643=VERTEX_POINT('',#123);
#3644=VERTEX_POINT('',#170);
#3645=CARTESIAN_POINT('',(-7.248080676771E0,5.285421063135E0,
-8.221333914073E0));
#3646=VERTEX_POINT('',#3645);
#3647=VERTEX_POINT('',#217);
#3648=VERTEX_POINT('',#230);
#3649=VERTEX_POINT('',#306);
#3650=VERTEX_POINT('',#439);
#3651=VERTEX_POINT('',#558);
#3652=VERTEX_POINT('',#525);
#3653=VERTEX_POINT('',#519);
#3654=VERTEX_POINT('',#643);
#3655=VERTEX_POINT('',#672);
#3656=VERTEX_POINT('',#906);
#3657=VERTEX_POINT('',#948);
#3658=VERTEX_POINT('',#1058);
#3659=VERTEX_POINT('',#1106);
#3660=VERTEX_POINT('',#1121);
#3661=VERTEX_POINT('',#1162);
#3662=VERTEX_POINT('',#1198);
#3663=VERTEX_POINT('',#1211);
#3664=VERTEX_POINT('',#1259);
#3665=VERTEX_POINT('',#1380);
#3666=VERTEX_POINT('',#1422);
#3667=VERTEX_POINT('',#1532);
#3668=VERTEX_POINT('',#1574);
#3669=VERTEX_POINT('',#1684);
#3670=CARTESIAN_POINT('',(9.097886320538E0,1.115158032397E1,-6.182917158805E0));
#3671=VERTEX_POINT('',#3670);
#3672=VERTEX_POINT('',#1731);
#3673=CARTESIAN_POINT('',(8.462667425E0,1.159500000006E1,-5.751222843138E0));
#3674=VERTEX_POINT('',#3673);
#3675=CARTESIAN_POINT('',(9.097886320467E0,1.203841967615E1,-6.182917158910E0));
#3676=VERTEX_POINT('',#3675);
#3677=VERTEX_POINT('',#1806);
#3678=VERTEX_POINT('',#1853);
#3679=VERTEX_POINT('',#2015);
#3680=VERTEX_POINT('',#2057);
#3681=VERTEX_POINT('',#2167);
#3682=VERTEX_POINT('',#2209);
#3683=CARTESIAN_POINT('',(-1.065441769249E1,1.540342141421E1,
-2.735589508560E0));
#3684=VERTEX_POINT('',#3683);
#3685=CARTESIAN_POINT('',(-1.1E1,1.546E1,0.E0));
#3686=VERTEX_POINT('',#3685);
#3687=VERTEX_POINT('',#2268);
#3688=CARTESIAN_POINT('',(-1.25E1,1.546E1,0.E0));
#3689=CARTESIAN_POINT('',(1.25E1,1.546E1,0.E0));
#3690=VERTEX_POINT('',#3688);
#3691=VERTEX_POINT('',#3689);
#3692=CARTESIAN_POINT('',(-1.25E1,1.621007006827E1,0.E0));
#3693=VERTEX_POINT('',#3692);
#3694=CARTESIAN_POINT('',(1.25E1,1.621007006827E1,0.E0));
#3695=VERTEX_POINT('',#3694);
#3696=CARTESIAN_POINT('',(-8.049999999999E0,1.758E1,0.E0));
#3697=VERTEX_POINT('',#3696);
#3698=CARTESIAN_POINT('',(8.049999999999E0,1.758E1,0.E0));
#3699=VERTEX_POINT('',#3698);
#3700=CARTESIAN_POINT('',(-1.61E0,1.765150537148E1,0.E0));
#3701=CARTESIAN_POINT('',(1.61E0,1.765150537148E1,0.E0));
#3702=VERTEX_POINT('',#3700);
#3703=VERTEX_POINT('',#3701);
#3704=CARTESIAN_POINT('',(0.E0,1.776E1,0.E0));
#3705=VERTEX_POINT('',#3704);
#3706=CARTESIAN_POINT('',(0.E0,9.E-1,-7.35E0));
#3707=CARTESIAN_POINT('',(0.E0,9.E-1,7.35E0));
#3708=VERTEX_POINT('',#3706);
#3709=VERTEX_POINT('',#3707);
#3710=CARTESIAN_POINT('',(6.911765331665E0,-1.05E0,-2.5E0));
#3711=CARTESIAN_POINT('',(6.911765331665E0,-5.35E0,-2.5E0));
#3712=VERTEX_POINT('',#3710);
#3713=VERTEX_POINT('',#3711);
#3714=CARTESIAN_POINT('',(6.911765331665E0,-5.35E0,2.5E0));
#3715=VERTEX_POINT('',#3714);
#3716=CARTESIAN_POINT('',(6.911765331665E0,-1.05E0,2.5E0));
#3717=VERTEX_POINT('',#3716);
#3718=CARTESIAN_POINT('',(0.E0,-1.05E0,7.35E0));
#3719=VERTEX_POINT('',#3718);
#3720=CARTESIAN_POINT('',(0.E0,-1.05E0,-7.35E0));
#3721=VERTEX_POINT('',#3720);
#3722=CARTESIAN_POINT('',(6.538348415311E0,-5.05E0,-2.5E0));
#3723=CARTESIAN_POINT('',(6.538348415311E0,-1.05E0,-2.5E0));
#3724=VERTEX_POINT('',#3722);
#3725=VERTEX_POINT('',#3723);
#3726=CARTESIAN_POINT('',(4.559605246071E0,-5.05E0,-2.5E0));
#3727=VERTEX_POINT('',#3726);
#3728=VERTEX_POINT('',#2755);
#3729=CARTESIAN_POINT('',(4.330127018922E0,-5.35E0,-2.5E0));
#3730=VERTEX_POINT('',#3729);
#3731=CARTESIAN_POINT('',(6.324555320337E0,-5.05E0,-3.E0));
#3732=VERTEX_POINT('',#3731);
#3733=CARTESIAN_POINT('',(6.324555320337E0,-1.05E0,-3.E0));
#3734=VERTEX_POINT('',#3733);
#3735=CARTESIAN_POINT('',(4.428821213523E0,-5.05E0,-4.047905959709E0));
#3736=CARTESIAN_POINT('',(1.291178786477E0,-5.05E0,-5.859424659585E0));
#3737=VERTEX_POINT('',#3735);
#3738=VERTEX_POINT('',#3736);
#3739=CARTESIAN_POINT('',(0.E0,-5.05E0,-6.E0));
#3740=CARTESIAN_POINT('',(-5.454356057318E0,-5.05E0,-2.5E0));
#3741=VERTEX_POINT('',#3739);
#3742=VERTEX_POINT('',#3740);
#3743=CARTESIAN_POINT('',(-4.559605246071E0,-5.05E0,-2.5E0));
#3744=VERTEX_POINT('',#3743);
#3745=CARTESIAN_POINT('',(4.305620996012E-2,-5.05E0,-5.199821743366E0));
#3746=VERTEX_POINT('',#3745);
#3747=CARTESIAN_POINT('',(5.196152422707E0,-5.05E0,-3.E0));
#3748=VERTEX_POINT('',#3747);
#3749=CARTESIAN_POINT('',(4.428821213523E0,-1.05E0,-4.047905959709E0));
#3750=VERTEX_POINT('',#3749);
#3751=CARTESIAN_POINT('',(1.291178786477E0,-1.05E0,-5.859424659585E0));
#3752=VERTEX_POINT('',#3751);
#3753=CARTESIAN_POINT('',(5.196152422707E0,-1.05E0,-3.E0));
#3754=VERTEX_POINT('',#3753);
#3755=CARTESIAN_POINT('',(0.E0,-1.05E0,-6.E0));
#3756=VERTEX_POINT('',#3755);
#3757=CARTESIAN_POINT('',(-5.454356057318E0,-1.05E0,-2.5E0));
#3758=VERTEX_POINT('',#3757);
#3759=CARTESIAN_POINT('',(-6.911765331665E0,-1.05E0,-2.5E0));
#3760=VERTEX_POINT('',#3759);
#3761=CARTESIAN_POINT('',(-6.911765331665E0,-5.35E0,-2.5E0));
#3762=VERTEX_POINT('',#3761);
#3763=CARTESIAN_POINT('',(-4.330127018922E0,-5.35E0,-2.5E0));
#3764=VERTEX_POINT('',#3763);
#3765=CARTESIAN_POINT('',(-4.330127018922E0,-5.25E0,-2.5E0));
#3766=VERTEX_POINT('',#3765);
#3767=CARTESIAN_POINT('',(-6.911765331665E0,-1.05E0,2.5E0));
#3768=CARTESIAN_POINT('',(-6.911765331665E0,-5.35E0,2.5E0));
#3769=VERTEX_POINT('',#3767);
#3770=VERTEX_POINT('',#3768);
#3771=CARTESIAN_POINT('',(-5.454356057318E0,-5.05E0,2.5E0));
#3772=CARTESIAN_POINT('',(-5.454356057318E0,-1.05E0,2.5E0));
#3773=VERTEX_POINT('',#3771);
#3774=VERTEX_POINT('',#3772);
#3775=CARTESIAN_POINT('',(-4.559605246071E0,-5.05E0,2.5E0));
#3776=VERTEX_POINT('',#3775);
#3777=VERTEX_POINT('',#3481);
#3778=CARTESIAN_POINT('',(-4.330127018922E0,-5.35E0,2.5E0));
#3779=VERTEX_POINT('',#3778);
#3780=CARTESIAN_POINT('',(0.E0,-1.05E0,6.E0));
#3781=VERTEX_POINT('',#3780);
#3782=CARTESIAN_POINT('',(5.196152422707E0,-1.05E0,3.E0));
#3783=VERTEX_POINT('',#3782);
#3784=CARTESIAN_POINT('',(5.196152422707E0,-5.05E0,3.E0));
#3785=VERTEX_POINT('',#3784);
#3786=CARTESIAN_POINT('',(0.E0,-5.05E0,6.E0));
#3787=VERTEX_POINT('',#3786);
#3788=CARTESIAN_POINT('',(6.538348415311E0,-1.05E0,2.5E0));
#3789=VERTEX_POINT('',#3788);
#3790=CARTESIAN_POINT('',(6.324555320337E0,-1.05E0,3.E0));
#3791=VERTEX_POINT('',#3790);
#3792=CARTESIAN_POINT('',(4.330127018922E0,-5.35E0,2.5E0));
#3793=VERTEX_POINT('',#3792);
#3794=CARTESIAN_POINT('',(4.330127018922E0,-5.25E0,2.5E0));
#3795=VERTEX_POINT('',#3794);
#3796=VERTEX_POINT('',#2613);
#3797=CARTESIAN_POINT('',(6.538348415311E0,-5.05E0,2.5E0));
#3798=VERTEX_POINT('',#3797);
#3799=CARTESIAN_POINT('',(4.489988864129E0,-5.35E0,-2.2E0));
#3800=CARTESIAN_POINT('',(6.697947446793E0,-5.35E0,-2.2E0));
#3801=VERTEX_POINT('',#3799);
#3802=VERTEX_POINT('',#3800);
#3803=CARTESIAN_POINT('',(7.05E0,-5.35E0,0.E0));
#3804=CARTESIAN_POINT('',(6.697947446793E0,-5.35E0,2.2E0));
#3805=VERTEX_POINT('',#3803);
#3806=VERTEX_POINT('',#3804);
#3807=CARTESIAN_POINT('',(4.489988864129E0,-5.35E0,2.2E0));
#3808=VERTEX_POINT('',#3807);
#3809=CARTESIAN_POINT('',(4.711687595756E0,-5.05E0,-2.2E0));
#3810=CARTESIAN_POINT('',(6.697947446793E0,-5.05E0,-2.2E0));
#3811=VERTEX_POINT('',#3809);
#3812=VERTEX_POINT('',#3810);
#3813=CARTESIAN_POINT('',(4.489988864129E0,-5.25E0,-2.2E0));
#3814=VERTEX_POINT('',#3813);
#3815=CARTESIAN_POINT('',(4.711687595756E0,-5.05E0,2.2E0));
#3816=VERTEX_POINT('',#3815);
#3817=CARTESIAN_POINT('',(6.697947446793E0,-5.05E0,2.2E0));
#3818=VERTEX_POINT('',#3817);
#3819=CARTESIAN_POINT('',(7.05E0,-5.05E0,0.E0));
#3820=VERTEX_POINT('',#3819);
#3821=CARTESIAN_POINT('',(4.489988864129E0,-5.25E0,2.2E0));
#3822=VERTEX_POINT('',#3821);
#3823=CARTESIAN_POINT('',(4.140020188474E-2,-5.25E0,-4.999828599391E0));
#3824=VERTEX_POINT('',#3823);
#3825=CARTESIAN_POINT('',(-2.924865551015E-13,-5.25E0,-5.E0));
#3826=VERTEX_POINT('',#3825);
#3827=CARTESIAN_POINT('',(-1.493865964892E-13,-7.5E0,-5.E0));
#3828=VERTEX_POINT('',#3827);
#3829=CARTESIAN_POINT('',(0.E0,-7.5E0,5.E0));
#3830=VERTEX_POINT('',#3829);
#3831=CARTESIAN_POINT('',(0.E0,-5.25E0,5.E0));
#3832=VERTEX_POINT('',#3831);
#3833=CARTESIAN_POINT('',(-4.489988864129E0,-5.35E0,-2.2E0));
#3834=VERTEX_POINT('',#3833);
#3835=CARTESIAN_POINT('',(-4.489988864129E0,-5.25E0,-2.2E0));
#3836=VERTEX_POINT('',#3835);
#3837=CARTESIAN_POINT('',(-4.489988864129E0,-5.25E0,2.2E0));
#3838=VERTEX_POINT('',#3837);
#3839=CARTESIAN_POINT('',(-4.489988864129E0,-5.35E0,2.2E0));
#3840=VERTEX_POINT('',#3839);
#3841=CARTESIAN_POINT('',(-4.140020188474E-2,-5.25E0,4.999828599391E0));
#3842=VERTEX_POINT('',#3841);
#3843=CARTESIAN_POINT('',(-6.697947446793E0,-5.35E0,2.2E0));
#3844=VERTEX_POINT('',#3843);
#3845=CARTESIAN_POINT('',(-7.05E0,-5.35E0,0.E0));
#3846=CARTESIAN_POINT('',(-6.697947446793E0,-5.35E0,-2.2E0));
#3847=VERTEX_POINT('',#3845);
#3848=VERTEX_POINT('',#3846);
#3849=CARTESIAN_POINT('',(-4.711687595756E0,-5.05E0,2.2E0));
#3850=CARTESIAN_POINT('',(-6.697947446793E0,-5.05E0,2.2E0));
#3851=VERTEX_POINT('',#3849);
#3852=VERTEX_POINT('',#3850);
#3853=CARTESIAN_POINT('',(-4.711687595756E0,-5.05E0,-2.2E0));
#3854=VERTEX_POINT('',#3853);
#3855=CARTESIAN_POINT('',(-6.697947446793E0,-5.05E0,-2.2E0));
#3856=VERTEX_POINT('',#3855);
#3857=CARTESIAN_POINT('',(-7.05E0,-5.05E0,0.E0));
#3858=VERTEX_POINT('',#3857);
#3859=CARTESIAN_POINT('',(-1.8E0,1.3E0,2.765E0));
#3860=CARTESIAN_POINT('',(-2.2E0,1.3E0,2.765E0));
#3861=VERTEX_POINT('',#3859);
#3862=VERTEX_POINT('',#3860);
#3863=CARTESIAN_POINT('',(2.2E0,1.3E0,2.765E0));
#3864=CARTESIAN_POINT('',(1.8E0,1.3E0,2.765E0));
#3865=VERTEX_POINT('',#3863);
#3866=VERTEX_POINT('',#3864);
#3867=CARTESIAN_POINT('',(2.2E0,1.3E0,-2.765E0));
#3868=CARTESIAN_POINT('',(1.8E0,1.3E0,-2.765E0));
#3869=VERTEX_POINT('',#3867);
#3870=VERTEX_POINT('',#3868);
#3871=CARTESIAN_POINT('',(-1.8E0,1.3E0,-2.765E0));
#3872=CARTESIAN_POINT('',(-2.2E0,1.3E0,-2.765E0));
#3873=VERTEX_POINT('',#3871);
#3874=VERTEX_POINT('',#3872);
#3875=CARTESIAN_POINT('',(-1.75E0,1.3E0,2.765E0));
#3876=VERTEX_POINT('',#3875);
#3877=CARTESIAN_POINT('',(-1.75E0,1.3E0,2.265E0));
#3878=VERTEX_POINT('',#3877);
#3879=CARTESIAN_POINT('',(-1.75E0,-7.9E0,2.265E0));
#3880=VERTEX_POINT('',#3879);
#3881=CARTESIAN_POINT('',(-1.75E0,-8.6E0,2.765E0));
#3882=VERTEX_POINT('',#3881);
#3883=CARTESIAN_POINT('',(-1.75E0,-8.6E0,2.265E0));
#3884=VERTEX_POINT('',#3883);
#3885=CARTESIAN_POINT('',(-2.2E0,1.825557285278E0,2.765E0));
#3886=VERTEX_POINT('',#3885);
#3887=CARTESIAN_POINT('',(-1.013176671280E0,2.284458123049E0,2.765E0));
#3888=VERTEX_POINT('',#3887);
#3889=CARTESIAN_POINT('',(-8.903673777828E-1,2.259025960764E0,2.765E0));
#3890=VERTEX_POINT('',#3889);
#3891=CARTESIAN_POINT('',(8.903673777833E-1,2.259025960764E0,2.765E0));
#3892=VERTEX_POINT('',#3891);
#3893=CARTESIAN_POINT('',(1.013176671280E0,2.284458123049E0,2.765E0));
#3894=VERTEX_POINT('',#3893);
#3895=CARTESIAN_POINT('',(2.2E0,1.825557285278E0,2.765E0));
#3896=VERTEX_POINT('',#3895);
#3897=CARTESIAN_POINT('',(1.75E0,1.3E0,2.765E0));
#3898=VERTEX_POINT('',#3897);
#3899=CARTESIAN_POINT('',(1.75E0,-8.6E0,2.765E0));
#3900=VERTEX_POINT('',#3899);
#3901=CARTESIAN_POINT('',(1.4E0,-8.6E0,2.765E0));
#3902=VERTEX_POINT('',#3901);
#3903=CARTESIAN_POINT('',(1.4E0,-1.09E1,2.765E0));
#3904=VERTEX_POINT('',#3903);
#3905=CARTESIAN_POINT('',(9.E-1,-1.14E1,2.765E0));
#3906=VERTEX_POINT('',#3905);
#3907=CARTESIAN_POINT('',(-9.E-1,-1.14E1,2.765E0));
#3908=VERTEX_POINT('',#3907);
#3909=CARTESIAN_POINT('',(-1.4E0,-1.09E1,2.765E0));
#3910=VERTEX_POINT('',#3909);
#3911=CARTESIAN_POINT('',(-1.4E0,-8.6E0,2.765E0));
#3912=VERTEX_POINT('',#3911);
#3913=CARTESIAN_POINT('',(1.75E0,1.3E0,2.265E0));
#3914=VERTEX_POINT('',#3913);
#3915=CARTESIAN_POINT('',(1.75E0,-7.9E0,-2.265E0));
#3916=CARTESIAN_POINT('',(-1.75E0,-7.9E0,-2.265E0));
#3917=VERTEX_POINT('',#3915);
#3918=VERTEX_POINT('',#3916);
#3919=CARTESIAN_POINT('',(1.75E0,-7.9E0,2.265E0));
#3920=VERTEX_POINT('',#3919);
#3921=CARTESIAN_POINT('',(4.25E0,-8.2E0,0.E0));
#3922=CARTESIAN_POINT('',(-4.25E0,-8.2E0,0.E0));
#3923=VERTEX_POINT('',#3921);
#3924=VERTEX_POINT('',#3922);
#3925=CARTESIAN_POINT('',(-4.25E0,-7.2E0,0.E0));
#3926=VERTEX_POINT('',#3925);
#3927=CARTESIAN_POINT('',(4.25E0,-7.2E0,0.E0));
#3928=VERTEX_POINT('',#3927);
#3929=CARTESIAN_POINT('',(3.1E0,-3.9E0,2.5E-1));
#3930=CARTESIAN_POINT('',(3.1E0,-3.9E0,1.5E0));
#3931=VERTEX_POINT('',#3929);
#3932=VERTEX_POINT('',#3930);
#3933=CARTESIAN_POINT('',(3.6E0,-3.9E0,1.5E0));
#3934=CARTESIAN_POINT('',(3.6E0,-3.9E0,2.5E-1));
#3935=VERTEX_POINT('',#3933);
#3936=VERTEX_POINT('',#3934);
#3937=CARTESIAN_POINT('',(3.6E0,-3.9E0,-2.5E-1));
#3938=CARTESIAN_POINT('',(3.6E0,-3.9E0,-1.5E0));
#3939=VERTEX_POINT('',#3937);
#3940=VERTEX_POINT('',#3938);
#3941=CARTESIAN_POINT('',(3.1E0,-3.9E0,-1.5E0));
#3942=CARTESIAN_POINT('',(3.1E0,-3.9E0,-2.5E-1));
#3943=VERTEX_POINT('',#3941);
#3944=VERTEX_POINT('',#3942);
#3945=CARTESIAN_POINT('',(5.386067928827E-2,-7.7E0,4.799697805823E0));
#3946=CARTESIAN_POINT('',(1.716682351827E-14,-7.7E0,-4.8E0));
#3947=VERTEX_POINT('',#3945);
#3948=VERTEX_POINT('',#3946);
#3949=CARTESIAN_POINT('',(-1.705187473990E-14,-7.7E0,4.8E0));
#3950=VERTEX_POINT('',#3949);
#3951=CARTESIAN_POINT('',(-5.386067928827E-2,-7.7E0,-4.799697805823E0));
#3952=VERTEX_POINT('',#3951);
#3953=CARTESIAN_POINT('',(-2.2E0,1.825557285278E0,-2.765E0));
#3954=VERTEX_POINT('',#3953);
#3955=CARTESIAN_POINT('',(-1.75E0,1.3E0,-2.765E0));
#3956=VERTEX_POINT('',#3955);
#3957=CARTESIAN_POINT('',(-1.75E0,-8.6E0,-2.765E0));
#3958=VERTEX_POINT('',#3957);
#3959=CARTESIAN_POINT('',(-1.4E0,-8.6E0,-2.765E0));
#3960=VERTEX_POINT('',#3959);
#3961=CARTESIAN_POINT('',(-1.4E0,-1.09E1,-2.765E0));
#3962=VERTEX_POINT('',#3961);
#3963=CARTESIAN_POINT('',(-9.E-1,-1.14E1,-2.765E0));
#3964=VERTEX_POINT('',#3963);
#3965=CARTESIAN_POINT('',(9.E-1,-1.14E1,-2.765E0));
#3966=VERTEX_POINT('',#3965);
#3967=CARTESIAN_POINT('',(1.4E0,-1.09E1,-2.765E0));
#3968=VERTEX_POINT('',#3967);
#3969=CARTESIAN_POINT('',(1.4E0,-8.6E0,-2.765E0));
#3970=VERTEX_POINT('',#3969);
#3971=CARTESIAN_POINT('',(1.75E0,-8.6E0,-2.765E0));
#3972=VERTEX_POINT('',#3971);
#3973=CARTESIAN_POINT('',(1.75E0,1.3E0,-2.765E0));
#3974=VERTEX_POINT('',#3973);
#3975=CARTESIAN_POINT('',(2.2E0,1.825557285278E0,-2.765E0));
#3976=VERTEX_POINT('',#3975);
#3977=CARTESIAN_POINT('',(1.013176671280E0,2.284458123049E0,-2.765E0));
#3978=VERTEX_POINT('',#3977);
#3979=CARTESIAN_POINT('',(8.903673777824E-1,2.259025960763E0,-2.765E0));
#3980=VERTEX_POINT('',#3979);
#3981=CARTESIAN_POINT('',(-8.903673777837E-1,2.259025960765E0,-2.765E0));
#3982=VERTEX_POINT('',#3981);
#3983=CARTESIAN_POINT('',(-1.013176671280E0,2.284458123049E0,-2.765E0));
#3984=VERTEX_POINT('',#3983);
#3985=CARTESIAN_POINT('',(-1.75E0,1.3E0,-2.265E0));
#3986=VERTEX_POINT('',#3985);
#3987=CARTESIAN_POINT('',(1.75E0,1.3E0,-2.265E0));
#3988=VERTEX_POINT('',#3987);
#3989=CARTESIAN_POINT('',(1.75E0,-8.6E0,-2.265E0));
#3990=VERTEX_POINT('',#3989);
#3991=CARTESIAN_POINT('',(1.4E0,-8.6E0,-2.265E0));
#3992=VERTEX_POINT('',#3991);
#3993=CARTESIAN_POINT('',(1.4E0,-1.09E1,-2.265E0));
#3994=VERTEX_POINT('',#3993);
#3995=CARTESIAN_POINT('',(9.E-1,-1.14E1,-2.265E0));
#3996=VERTEX_POINT('',#3995);
#3997=CARTESIAN_POINT('',(-9.E-1,-1.14E1,-2.265E0));
#3998=VERTEX_POINT('',#3997);
#3999=CARTESIAN_POINT('',(-1.4E0,-1.09E1,-2.265E0));
#4000=VERTEX_POINT('',#3999);
#4001=CARTESIAN_POINT('',(-1.4E0,-8.6E0,-2.265E0));
#4002=VERTEX_POINT('',#4001);
#4003=CARTESIAN_POINT('',(-1.75E0,-8.6E0,-2.265E0));
#4004=VERTEX_POINT('',#4003);
#4005=CARTESIAN_POINT('',(3.1E0,-5.1E0,9.E-1));
#4006=CARTESIAN_POINT('',(3.1E0,-2.07E1,9.E-1));
#4007=VERTEX_POINT('',#4005);
#4008=VERTEX_POINT('',#4006);
#4009=CARTESIAN_POINT('',(3.1E0,-4.7E0,5.E-1));
#4010=VERTEX_POINT('',#4009);
#4011=CARTESIAN_POINT('',(3.1E0,-4.7E0,4.5E-1));
#4012=VERTEX_POINT('',#4011);
#4013=CARTESIAN_POINT('',(3.1E0,-4.5E0,2.5E-1));
#4014=VERTEX_POINT('',#4013);
#4015=CARTESIAN_POINT('',(3.1E0,-2.07E1,1.5E0));
#4016=VERTEX_POINT('',#4015);
#4017=CARTESIAN_POINT('',(3.6E0,-5.1E0,9.E-1));
#4018=VERTEX_POINT('',#4017);
#4019=CARTESIAN_POINT('',(3.6E0,-2.07E1,9.E-1));
#4020=VERTEX_POINT('',#4019);
#4021=CARTESIAN_POINT('',(3.6E0,-4.7E0,5.E-1));
#4022=VERTEX_POINT('',#4021);
#4023=CARTESIAN_POINT('',(3.6E0,-4.7E0,4.5E-1));
#4024=VERTEX_POINT('',#4023);
#4025=CARTESIAN_POINT('',(3.6E0,-2.07E1,1.5E0));
#4026=VERTEX_POINT('',#4025);
#4027=CARTESIAN_POINT('',(3.6E0,-4.5E0,2.5E-1));
#4028=VERTEX_POINT('',#4027);
#4029=CARTESIAN_POINT('',(3.6E0,-5.1E0,-9.E-1));
#4030=CARTESIAN_POINT('',(3.6E0,-2.24E1,-9.E-1));
#4031=VERTEX_POINT('',#4029);
#4032=VERTEX_POINT('',#4030);
#4033=CARTESIAN_POINT('',(3.6E0,-4.7E0,-5.E-1));
#4034=VERTEX_POINT('',#4033);
#4035=CARTESIAN_POINT('',(3.6E0,-4.7E0,-4.5E-1));
#4036=VERTEX_POINT('',#4035);
#4037=CARTESIAN_POINT('',(3.6E0,-4.5E0,-2.5E-1));
#4038=VERTEX_POINT('',#4037);
#4039=CARTESIAN_POINT('',(3.6E0,-2.24E1,-1.5E0));
#4040=VERTEX_POINT('',#4039);
#4041=CARTESIAN_POINT('',(3.1E0,-5.1E0,-9.E-1));
#4042=VERTEX_POINT('',#4041);
#4043=CARTESIAN_POINT('',(3.1E0,-2.24E1,-9.E-1));
#4044=VERTEX_POINT('',#4043);
#4045=CARTESIAN_POINT('',(3.1E0,-4.7E0,-5.E-1));
#4046=VERTEX_POINT('',#4045);
#4047=CARTESIAN_POINT('',(3.1E0,-4.7E0,-4.5E-1));
#4048=VERTEX_POINT('',#4047);
#4049=CARTESIAN_POINT('',(3.1E0,-2.24E1,-1.5E0));
#4050=VERTEX_POINT('',#4049);
#4051=CARTESIAN_POINT('',(3.1E0,-4.5E0,-2.5E-1));
#4052=VERTEX_POINT('',#4051);
#4053=CARTESIAN_POINT('',(1.75E0,-8.6E0,2.265E0));
#4054=VERTEX_POINT('',#4053);
#4055=CARTESIAN_POINT('',(-1.4E0,-8.6E0,2.265E0));
#4056=VERTEX_POINT('',#4055);
#4057=CARTESIAN_POINT('',(-1.4E0,-1.09E1,2.265E0));
#4058=VERTEX_POINT('',#4057);
#4059=CARTESIAN_POINT('',(-9.E-1,-1.14E1,2.265E0));
#4060=VERTEX_POINT('',#4059);
#4061=CARTESIAN_POINT('',(9.E-1,-1.14E1,2.265E0));
#4062=VERTEX_POINT('',#4061);
#4063=CARTESIAN_POINT('',(1.4E0,-1.09E1,2.265E0));
#4064=VERTEX_POINT('',#4063);
#4065=CARTESIAN_POINT('',(1.4E0,-8.6E0,2.265E0));
#4066=VERTEX_POINT('',#4065);
#4067=CARTESIAN_POINT('',(-4.305620996012E-2,-5.05E0,5.199821743366E0));
#4068=VERTEX_POINT('',#4067);
#4069=CARTESIAN_POINT('',(6.324555320337E0,-5.05E0,3.E0));
#4070=VERTEX_POINT('',#4069);
#4071=CARTESIAN_POINT('',(0.E0,0.E0,0.E0));
#4072=DIRECTION('',(0.E0,1.E0,0.E0));
#4073=DIRECTION('',(1.E0,0.E0,0.E0));
#4074=AXIS2_PLACEMENT_3D('',#4071,#4072,#4073);
#4075=PLANE('',#4074);
#4077=ORIENTED_EDGE('',*,*,#4076,.T.);
#4079=ORIENTED_EDGE('',*,*,#4078,.T.);
#4080=EDGE_LOOP('',(#4077,#4079));
#4081=FACE_OUTER_BOUND('',#4080,.F.);
#4082=ADVANCED_FACE('',(#4081),#4075,.F.);
#4083=CARTESIAN_POINT('',(0.E0,-8.79E-1,0.E0));
#4084=DIRECTION('',(0.E0,1.E0,0.E0));
#4085=DIRECTION('',(1.E0,0.E0,0.E0));
#4086=AXIS2_PLACEMENT_3D('',#4083,#4084,#4085);
#4087=CYLINDRICAL_SURFACE('',#4086,9.15E0);
#4089=ORIENTED_EDGE('',*,*,#4088,.F.);
#4090=ORIENTED_EDGE('',*,*,#4076,.F.);
#4092=ORIENTED_EDGE('',*,*,#4091,.T.);
#4094=ORIENTED_EDGE('',*,*,#4093,.F.);
#4095=EDGE_LOOP('',(#4089,#4090,#4092,#4094));
#4096=FACE_OUTER_BOUND('',#4095,.F.);
#4097=ADVANCED_FACE('',(#4096),#4087,.T.);
#4098=CARTESIAN_POINT('',(0.E0,-8.79E-1,0.E0));
#4099=DIRECTION('',(0.E0,1.E0,0.E0));
#4100=DIRECTION('',(1.E0,0.E0,0.E0));
#4101=AXIS2_PLACEMENT_3D('',#4098,#4099,#4100);
#4102=CYLINDRICAL_SURFACE('',#4101,9.15E0);
#4103=ORIENTED_EDGE('',*,*,#4088,.T.);
#4105=ORIENTED_EDGE('',*,*,#4104,.F.);
#4106=ORIENTED_EDGE('',*,*,#4091,.F.);
#4107=ORIENTED_EDGE('',*,*,#4078,.F.);
#4108=EDGE_LOOP('',(#4103,#4105,#4106,#4107));
#4109=FACE_OUTER_BOUND('',#4108,.F.);
#4110=ADVANCED_FACE('',(#4109),#4102,.T.);
#4111=CARTESIAN_POINT('',(0.E0,2.317542648054E0,0.E0));
#4112=DIRECTION('',(0.E0,1.E0,0.E0));
#4113=DIRECTION('',(1.E0,0.E0,0.E0));
#4114=AXIS2_PLACEMENT_3D('',#4111,#4112,#4113);
#4115=CONICAL_SURFACE('',#4114,9.7E0,6.E1);
#4117=ORIENTED_EDGE('',*,*,#4116,.F.);
#4119=ORIENTED_EDGE('',*,*,#4118,.F.);
#4120=ORIENTED_EDGE('',*,*,#4104,.T.);
#4122=ORIENTED_EDGE('',*,*,#4121,.T.);
#4124=ORIENTED_EDGE('',*,*,#4123,.F.);
#4125=EDGE_LOOP('',(#4117,#4119,#4120,#4122,#4124));
#4126=FACE_OUTER_BOUND('',#4125,.F.);
#4127=ADVANCED_FACE('',(#4126),#4115,.T.);
#4128=CARTESIAN_POINT('',(1.E1,0.E0,4.582575694956E0));
#4129=DIRECTION('',(-1.E0,0.E0,0.E0));
#4130=DIRECTION('',(0.E0,0.E0,-1.E0));
#4131=AXIS2_PLACEMENT_3D('',#4128,#4129,#4130);
#4132=PLANE('',#4131);
#4134=ORIENTED_EDGE('',*,*,#4133,.F.);
#4136=ORIENTED_EDGE('',*,*,#4135,.F.);
#4138=ORIENTED_EDGE('',*,*,#4137,.F.);
#4140=ORIENTED_EDGE('',*,*,#4139,.F.);
#4142=ORIENTED_EDGE('',*,*,#4141,.F.);
#4144=ORIENTED_EDGE('',*,*,#4143,.F.);
#4146=ORIENTED_EDGE('',*,*,#4145,.F.);
#4148=ORIENTED_EDGE('',*,*,#4147,.F.);
#4150=ORIENTED_EDGE('',*,*,#4149,.F.);
#4152=ORIENTED_EDGE('',*,*,#4151,.F.);
#4154=ORIENTED_EDGE('',*,*,#4153,.F.);
#4156=ORIENTED_EDGE('',*,*,#4155,.F.);
#4158=ORIENTED_EDGE('',*,*,#4157,.F.);
#4160=ORIENTED_EDGE('',*,*,#4159,.F.);
#4162=ORIENTED_EDGE('',*,*,#4161,.F.);
#4164=ORIENTED_EDGE('',*,*,#4163,.F.);
#4166=ORIENTED_EDGE('',*,*,#4165,.F.);
#4168=ORIENTED_EDGE('',*,*,#4167,.F.);
#4170=ORIENTED_EDGE('',*,*,#4169,.F.);
#4172=ORIENTED_EDGE('',*,*,#4171,.F.);
#4174=ORIENTED_EDGE('',*,*,#4173,.F.);
#4176=ORIENTED_EDGE('',*,*,#4175,.F.);
#4178=ORIENTED_EDGE('',*,*,#4177,.F.);
#4180=ORIENTED_EDGE('',*,*,#4179,.F.);
#4182=ORIENTED_EDGE('',*,*,#4181,.F.);
#4184=ORIENTED_EDGE('',*,*,#4183,.F.);
#4186=ORIENTED_EDGE('',*,*,#4185,.F.);
#4188=ORIENTED_EDGE('',*,*,#4187,.F.);
#4190=ORIENTED_EDGE('',*,*,#4189,.T.);
#4192=ORIENTED_EDGE('',*,*,#4191,.F.);
#4194=ORIENTED_EDGE('',*,*,#4193,.F.);
#4196=ORIENTED_EDGE('',*,*,#4195,.F.);
#4198=ORIENTED_EDGE('',*,*,#4197,.F.);
#4200=ORIENTED_EDGE('',*,*,#4199,.F.);
#4202=ORIENTED_EDGE('',*,*,#4201,.F.);
#4204=ORIENTED_EDGE('',*,*,#4203,.F.);
#4206=ORIENTED_EDGE('',*,*,#4205,.F.);
#4208=ORIENTED_EDGE('',*,*,#4207,.F.);
#4210=ORIENTED_EDGE('',*,*,#4209,.F.);
#4212=ORIENTED_EDGE('',*,*,#4211,.F.);
#4214=ORIENTED_EDGE('',*,*,#4213,.F.);
#4216=ORIENTED_EDGE('',*,*,#4215,.F.);
#4218=ORIENTED_EDGE('',*,*,#4217,.F.);
#4220=ORIENTED_EDGE('',*,*,#4219,.F.);
#4222=ORIENTED_EDGE('',*,*,#4221,.F.);
#4224=ORIENTED_EDGE('',*,*,#4223,.F.);
#4226=ORIENTED_EDGE('',*,*,#4225,.F.);
#4228=ORIENTED_EDGE('',*,*,#4227,.F.);
#4230=ORIENTED_EDGE('',*,*,#4229,.F.);
#4232=ORIENTED_EDGE('',*,*,#4231,.F.);
#4234=ORIENTED_EDGE('',*,*,#4233,.F.);
#4236=ORIENTED_EDGE('',*,*,#4235,.F.);
#4238=ORIENTED_EDGE('',*,*,#4237,.F.);
#4240=ORIENTED_EDGE('',*,*,#4239,.F.);
#4242=ORIENTED_EDGE('',*,*,#4241,.F.);
#4244=ORIENTED_EDGE('',*,*,#4243,.F.);
#4246=ORIENTED_EDGE('',*,*,#4245,.F.);
#4248=ORIENTED_EDGE('',*,*,#4247,.F.);
#4250=ORIENTED_EDGE('',*,*,#4249,.F.);
#4252=ORIENTED_EDGE('',*,*,#4251,.T.);
#4254=ORIENTED_EDGE('',*,*,#4253,.F.);
#4256=ORIENTED_EDGE('',*,*,#4255,.F.);
#4258=ORIENTED_EDGE('',*,*,#4257,.T.);
#4260=ORIENTED_EDGE('',*,*,#4259,.F.);
#4262=ORIENTED_EDGE('',*,*,#4261,.F.);
#4264=ORIENTED_EDGE('',*,*,#4263,.T.);
#4266=ORIENTED_EDGE('',*,*,#4265,.T.);
#4267=ORIENTED_EDGE('',*,*,#4116,.T.);
#4269=ORIENTED_EDGE('',*,*,#4268,.T.);
#4271=ORIENTED_EDGE('',*,*,#4270,.F.);
#4273=ORIENTED_EDGE('',*,*,#4272,.F.);
#4275=ORIENTED_EDGE('',*,*,#4274,.T.);
#4277=ORIENTED_EDGE('',*,*,#4276,.F.);
#4279=ORIENTED_EDGE('',*,*,#4278,.F.);
#4281=ORIENTED_EDGE('',*,*,#4280,.T.);
#4283=ORIENTED_EDGE('',*,*,#4282,.F.);
#4285=ORIENTED_EDGE('',*,*,#4284,.F.);
#4286=EDGE_LOOP('',(#4134,#4136,#4138,#4140,#4142,#4144,#4146,#4148,#4150,#4152,
#4154,#4156,#4158,#4160,#4162,#4164,#4166,#4168,#4170,#4172,#4174,#4176,#4178,
#4180,#4182,#4184,#4186,#4188,#4190,#4192,#4194,#4196,#4198,#4200,#4202,#4204,
#4206,#4208,#4210,#4212,#4214,#4216,#4218,#4220,#4222,#4224,#4226,#4228,#4230,
#4232,#4234,#4236,#4238,#4240,#4242,#4244,#4246,#4248,#4250,#4252,#4254,#4256,
#4258,#4260,#4262,#4264,#4266,#4267,#4269,#4271,#4273,#4275,#4277,#4279,#4281,
#4283,#4285));
#4287=FACE_OUTER_BOUND('',#4286,.F.);
#4288=ADVANCED_FACE('',(#4287),#4132,.F.);
#4289=CARTESIAN_POINT('',(0.E0,-8.79E-1,0.E0));
#4290=DIRECTION('',(0.E0,1.E0,0.E0));
#4291=DIRECTION('',(1.E0,0.E0,0.E0));
#4292=AXIS2_PLACEMENT_3D('',#4289,#4290,#4291);
#4293=CYLINDRICAL_SURFACE('',#4292,1.1E1);
#4294=ORIENTED_EDGE('',*,*,#4133,.T.);
#4296=ORIENTED_EDGE('',*,*,#4295,.T.);
#4298=ORIENTED_EDGE('',*,*,#4297,.T.);
#4300=ORIENTED_EDGE('',*,*,#4299,.F.);
#4302=ORIENTED_EDGE('',*,*,#4301,.T.);
#4304=ORIENTED_EDGE('',*,*,#4303,.T.);
#4305=EDGE_LOOP('',(#4294,#4296,#4298,#4300,#4302,#4304));
#4306=FACE_OUTER_BOUND('',#4305,.F.);
#4307=ADVANCED_FACE('',(#4306),#4293,.T.);
#4308=CARTESIAN_POINT('',(-6.766526206168E0,4.865E0,-7.675117408799E0));
#4309=CARTESIAN_POINT('',(-6.935854724350E0,5.012830200364E0,
-7.867182911555E0));
#4310=CARTESIAN_POINT('',(-7.105183242531E0,5.160660400728E0,
-8.059248414312E0));
#4311=CARTESIAN_POINT('',(-7.274511760713E0,5.308490601092E0,
-8.251313917068E0));
#4312=CARTESIAN_POINT('',(-7.370379152258E0,4.877521767805E0,
-7.142749424472E0));
#4313=CARTESIAN_POINT('',(-7.554818751288E0,5.025351968169E0,
-7.321492717402E0));
#4314=CARTESIAN_POINT('',(-7.739258350318E0,5.173182168532E0,
-7.500236010332E0));
#4315=CARTESIAN_POINT('',(-7.923697949348E0,5.321012368896E0,
-7.678979303262E0));
#4316=CARTESIAN_POINT('',(-8.451809366719E0,4.902565303414E0,
-5.934855132285E0));
#4317=CARTESIAN_POINT('',(-8.663311149527E0,5.050395503778E0,
-6.083371548915E0));
#4318=CARTESIAN_POINT('',(-8.874812932334E0,5.198225704141E0,
-6.231887965545E0));
#4319=CARTESIAN_POINT('',(-9.086314715142E0,5.346055904505E0,
-6.380404382175E0));
#4320=CARTESIAN_POINT('',(-9.605313327666E0,4.940130606828E0,
-3.793888525605E0));
#4321=CARTESIAN_POINT('',(-9.845680899280E0,5.087960807192E0,
-3.888828455284E0));
#4322=CARTESIAN_POINT('',(-1.008604847089E1,5.235791007555E0,
-3.983768384964E0));
#4323=CARTESIAN_POINT('',(-1.032641604251E1,5.383621207919E0,
-4.078708314643E0));
#4324=CARTESIAN_POINT('',(-1.022617526085E1,4.977695910242E0,
-1.442550119750E0));
#4325=CARTESIAN_POINT('',(-1.048207955366E1,5.125526110606E0,
-1.478649126351E0));
#4326=CARTESIAN_POINT('',(-1.073798384647E1,5.273356310969E0,
-1.514748132951E0));
#4327=CARTESIAN_POINT('',(-1.099388813929E1,5.421186511333E0,
-1.550847139552E0));
#4328=CARTESIAN_POINT('',(-1.027997709181E1,5.015261213655E0,
9.887822175929E-1));
#4329=CARTESIAN_POINT('',(-1.053722774523E1,5.163091414019E0,1.013525937281E0));
#4330=CARTESIAN_POINT('',(-1.079447839864E1,5.310921614383E0,1.038269656969E0));
#4331=CARTESIAN_POINT('',(-1.105172905206E1,5.458751814747E0,1.063013376658E0));
#4332=CARTESIAN_POINT('',(-9.763732925465E0,5.052826517069E0,3.365283873571E0));
#4333=CARTESIAN_POINT('',(-1.000806485855E1,5.200656717433E0,3.449498212541E0));
#4334=CARTESIAN_POINT('',(-1.025239679163E1,5.348486917797E0,3.533712551510E0));
#4335=CARTESIAN_POINT('',(-1.049672872471E1,5.496317118161E0,3.617926890480E0));
#4336=CARTESIAN_POINT('',(-8.706070393860E0,5.090391820483E0,5.555173710032E0));
#4337=CARTESIAN_POINT('',(-8.923934916078E0,5.238222020847E0,5.694188812302E0));
#4338=CARTESIAN_POINT('',(-9.141799438295E0,5.386052221211E0,5.833203914572E0));
#4339=CARTESIAN_POINT('',(-9.359663960513E0,5.533882421575E0,5.972219016842E0));
#4340=CARTESIAN_POINT('',(-7.165638945444E0,5.127957123897E0,7.437017854338E0));
#4341=CARTESIAN_POINT('',(-7.344955035782E0,5.275787324261E0,7.623125049463E0));
#4342=CARTESIAN_POINT('',(-7.524271126119E0,5.423617524624E0,7.809232244588E0));
#4343=CARTESIAN_POINT('',(-7.703587216457E0,5.571447724988E0,7.995339439712E0));
#4344=CARTESIAN_POINT('',(-5.227858733920E0,5.165522427311E0,8.906464441712E0));
#4345=CARTESIAN_POINT('',(-5.358682962735E0,5.313352627675E0,9.129343712434E0));
#4346=CARTESIAN_POINT('',(-5.489507191550E0,5.461182828038E0,9.352222983157E0));
#4347=CARTESIAN_POINT('',(-5.620331420365E0,5.609013028402E0,9.575102253879E0));
#4348=CARTESIAN_POINT('',(-3.000183582151E0,5.203087730725E0,9.882029844588E0));
#4349=CARTESIAN_POINT('',(-3.075261491371E0,5.350917931089E0,1.012932209163E1));
#4350=CARTESIAN_POINT('',(-3.150339400591E0,5.498748131452E0,1.037661433868E1));
#4351=CARTESIAN_POINT('',(-3.225417309810E0,5.646578331816E0,1.062390658573E1));
#4352=CARTESIAN_POINT('',(-6.061425331953E-1,5.240653034138E0,
1.030961718536E1));
#4353=CARTESIAN_POINT('',(-6.213109096747E-1,5.388483234502E0,
1.056760956547E1));
#4354=CARTESIAN_POINT('',(-6.364792861540E-1,5.536313434866E0,
1.082560194558E1));
#4355=CARTESIAN_POINT('',(-6.516476626334E-1,5.684143635230E0,
1.108359432569E1));
#4356=CARTESIAN_POINT('',(1.821510128515E0,5.278218337552E0,1.016551597230E1));
#4357=CARTESIAN_POINT('',(1.867092396508E0,5.426048537916E0,1.041990230048E1));
#4358=CARTESIAN_POINT('',(1.912674664502E0,5.573878738280E0,1.067428862867E1));
#4359=CARTESIAN_POINT('',(1.958256932495E0,5.721708938644E0,1.092867495685E1));
#4360=CARTESIAN_POINT('',(4.148156271974E0,5.315783640966E0,9.457717276484E0));
#4361=CARTESIAN_POINT('',(4.251961553047E0,5.463613841330E0,9.694391339808E0));
#4362=CARTESIAN_POINT('',(4.355766834120E0,5.611444041694E0,9.931065403131E0));
#4363=CARTESIAN_POINT('',(4.459572115193E0,5.759274242058E0,1.016773946646E1));
#4364=CARTESIAN_POINT('',(6.244779076378E0,5.353348944380E0,8.225469115678E0));
#4365=CARTESIAN_POINT('',(6.401051165653E0,5.501179144744E0,8.431306860818E0));
#4366=CARTESIAN_POINT('',(6.557323254929E0,5.649009345107E0,8.637144605958E0));
#4367=CARTESIAN_POINT('',(6.713595344204E0,5.796839545471E0,8.842982351098E0));
#4368=CARTESIAN_POINT('',(7.995116062966E0,5.390914247794E0,6.537105574778E0));
#4369=CARTESIAN_POINT('',(8.195189352330E0,5.538744448158E0,6.700692970503E0));
#4370=CARTESIAN_POINT('',(8.395262641693E0,5.686574648521E0,6.864280366229E0));
#4371=CARTESIAN_POINT('',(8.595335931057E0,5.834404848885E0,7.027867761954E0));
#4372=CARTESIAN_POINT('',(9.302110522891E0,5.428479551208E0,4.486236957396E0));
#4373=CARTESIAN_POINT('',(9.534890614598E0,5.576309751572E0,4.598502517754E0));
#4374=CARTESIAN_POINT('',(9.767670706306E0,5.724139951935E0,4.710768078111E0));
#4375=CARTESIAN_POINT('',(1.000045079801E1,5.871970152299E0,4.823033638469E0));
#4376=CARTESIAN_POINT('',(9.829554740318E0,5.453523086817E0,2.953169455051E0));
#4377=CARTESIAN_POINT('',(1.007553382735E1,5.601353287181E0,3.027070862143E0));
#4378=CARTESIAN_POINT('',(1.032151291438E1,5.749183487544E0,3.100972269235E0));
#4379=CARTESIAN_POINT('',(1.056749200141E1,5.897013687908E0,3.174873676328E0));
#4380=CARTESIAN_POINT('',(1.E1,5.466044854621E0,2.166403439691E0));
#4381=CARTESIAN_POINT('',(1.025024438393E1,5.613875054985E0,2.220616469102E0));
#4382=CARTESIAN_POINT('',(1.050048876786E1,5.761705255349E0,2.274829498513E0));
#4383=CARTESIAN_POINT('',(1.075073315179E1,5.909535455713E0,2.329042527925E0));
#4384=B_SPLINE_SURFACE_WITH_KNOTS('',3,3,((#4308,#4309,#4310,#4311),(#4312,
#4313,#4314,#4315),(#4316,#4317,#4318,#4319),(#4320,#4321,#4322,#4323),(#4324,
#4325,#4326,#4327),(#4328,#4329,#4330,#4331),(#4332,#4333,#4334,#4335),(#4336,
#4337,#4338,#4339),(#4340,#4341,#4342,#4343),(#4344,#4345,#4346,#4347),(#4348,
#4349,#4350,#4351),(#4352,#4353,#4354,#4355),(#4356,#4357,#4358,#4359),(#4360,
#4361,#4362,#4363),(#4364,#4365,#4366,#4367),(#4368,#4369,#4370,#4371),(#4372,
#4373,#4374,#4375),(#4376,#4377,#4378,#4379),(#4380,#4381,#4382,#4383)),
.UNSPECIFIED.,.F.,.F.,.F.,(4,1,1,1,1,1,1,1,1,1,1,1,1,1,1,1,4),(4,4),(
4.254798513709E-8,6.250003988874E-2,1.250000372295E-1,1.875000345702E-1,
2.500000319110E-1,3.125000292517E-1,3.750000265924E-1,4.375000239332E-1,
5.000000212739E-1,5.625000186145E-1,6.250000159555E-1,6.875000132960E-1,
7.500000106370E-1,8.125000079775E-1,8.750000053185E-1,9.375000026590E-1,1.E0),(
0.E0,1.000159938755E0),.UNSPECIFIED.);
#4385=ORIENTED_EDGE('',*,*,#4284,.T.);
#4387=ORIENTED_EDGE('',*,*,#4386,.T.);
#4389=ORIENTED_EDGE('',*,*,#4388,.F.);
#4391=ORIENTED_EDGE('',*,*,#4390,.F.);
#4392=ORIENTED_EDGE('',*,*,#4297,.F.);
#4393=ORIENTED_EDGE('',*,*,#4295,.F.);
#4394=EDGE_LOOP('',(#4385,#4387,#4389,#4391,#4392,#4393));
#4395=FACE_OUTER_BOUND('',#4394,.F.);
#4396=ADVANCED_FACE('',(#4395),#4384,.T.);
#4397=CARTESIAN_POINT('',(-7.206527010510E0,4.480862657014E0,
-8.174200354818E0));
#4398=CARTESIAN_POINT('',(-7.059860075729E0,4.608908438009E0,
-8.007839372811E0));
#4399=CARTESIAN_POINT('',(-6.913193140949E0,4.736954219005E0,
-7.841478390805E0));
#4400=CARTESIAN_POINT('',(-6.766526206168E0,4.865E0,-7.675117408799E0));
#4401=CARTESIAN_POINT('',(-7.849646158177E0,4.493384424819E0,
-7.607214557130E0));
#4402=CARTESIAN_POINT('',(-7.689890489538E0,4.621430205814E0,
-7.452392846244E0));
#4403=CARTESIAN_POINT('',(-7.530134820898E0,4.749475986810E0,
-7.297571135358E0));
#4404=CARTESIAN_POINT('',(-7.370379152258E0,4.877521767805E0,
-7.142749424472E0));
#4405=CARTESIAN_POINT('',(-9.001397561044E0,4.518427960428E0,
-6.320775610873E0));
#4406=CARTESIAN_POINT('',(-8.818201496269E0,4.646473741423E0,
-6.192135451343E0));
#4407=CARTESIAN_POINT('',(-8.635005431494E0,4.774519522419E0,
-6.063495291814E0));
#4408=CARTESIAN_POINT('',(-8.451809366719E0,4.902565303414E0,
-5.934855132285E0));
#4409=CARTESIAN_POINT('',(-1.022990938498E1,4.555993263842E0,
-4.040590297235E0));
#4410=CARTESIAN_POINT('',(-1.002171069921E1,4.684039044837E0,
-3.958356373358E0));
#4411=CARTESIAN_POINT('',(-9.813512013438E0,4.812084825833E0,
-3.876122449482E0));
#4412=CARTESIAN_POINT('',(-9.605313327666E0,4.940130606828E0,
-3.793888525605E0));
#4413=CARTESIAN_POINT('',(-1.089114354783E1,4.593558567255E0,
-1.536353526942E0));
#4414=CARTESIAN_POINT('',(-1.066948745217E1,4.721604348251E0,
-1.505085724545E0));
#4415=CARTESIAN_POINT('',(-1.044783135651E1,4.849650129247E0,
-1.473817922147E0));
#4416=CARTESIAN_POINT('',(-1.022617526085E1,4.977695910242E0,
-1.442550119750E0));
#4417=CARTESIAN_POINT('',(-1.094844390198E1,4.631123870669E0,1.053078868164E0));
#4418=CARTESIAN_POINT('',(-1.072562163192E1,4.759169651664E0,1.031646651307E0));
#4419=CARTESIAN_POINT('',(-1.050279936187E1,4.887215432660E0,1.010214434450E0));
#4420=CARTESIAN_POINT('',(-1.027997709181E1,5.015261213655E0,
9.887822175929E-1));
#4421=CARTESIAN_POINT('',(-1.039863039127E1,4.668689174083E0,3.584115156580E0));
#4422=CARTESIAN_POINT('',(-1.018699790267E1,4.796734955078E0,3.511171395577E0));
#4423=CARTESIAN_POINT('',(-9.975365414067E0,4.924780736074E0,3.438227634574E0));
#4424=CARTESIAN_POINT('',(-9.763732925465E0,5.052826517069E0,3.365283873571E0));
#4425=CARTESIAN_POINT('',(-9.272192190959E0,4.706254477497E0,5.916404986790E0));
#4426=CARTESIAN_POINT('',(-9.083484925259E0,4.834300258492E0,5.795994561204E0));
#4427=CARTESIAN_POINT('',(-8.894777659560E0,4.962346039488E0,5.675584135618E0));
#4428=CARTESIAN_POINT('',(-8.706070393860E0,5.090391820483E0,5.555173710032E0));
#4429=CARTESIAN_POINT('',(-7.631592494363E0,4.743819780911E0,7.920618115109E0));
#4430=CARTESIAN_POINT('',(-7.476274644723E0,4.871865561906E0,7.759418028185E0));
#4431=CARTESIAN_POINT('',(-7.320956795083E0,4.999911342902E0,7.598217941261E0));
#4432=CARTESIAN_POINT('',(-7.165638945444E0,5.127957123897E0,7.437017854338E0));
#4433=CARTESIAN_POINT('',(-5.567805994571E0,4.781385084325E0,9.485617082047E0));
#4434=CARTESIAN_POINT('',(-5.454490241021E0,4.909430865320E0,9.292566201935E0));
#4435=CARTESIAN_POINT('',(-5.341174487470E0,5.037476646316E0,9.099515321824E0));
#4436=CARTESIAN_POINT('',(-5.227858733920E0,5.165522427311E0,8.906464441712E0));
#4437=CARTESIAN_POINT('',(-3.195273817392E0,4.818950387739E0,1.052461969759E1));
#4438=CARTESIAN_POINT('',(-3.130243738978E0,4.946996168734E0,1.031042307992E1));
#4439=CARTESIAN_POINT('',(-3.065213660565E0,5.075041949730E0,1.009622646225E1));
#4440=CARTESIAN_POINT('',(-3.000183582151E0,5.203087730725E0,9.882029844588E0));
#4441=CARTESIAN_POINT('',(-6.455576176900E-1,4.856515691152E0,
1.098001137520E1));
#4442=CARTESIAN_POINT('',(-6.324192561917E-1,4.984561472147E0,
1.075654664525E1));
#4443=CARTESIAN_POINT('',(-6.192808946935E-1,5.112607253143E0,
1.053308191530E1));
#4444=CARTESIAN_POINT('',(-6.061425331953E-1,5.240653034138E0,
1.030961718536E1));
#4445=CARTESIAN_POINT('',(1.939955826831E0,4.894080994566E0,1.082653982237E1));
#4446=CARTESIAN_POINT('',(1.900473927392E0,5.022126775561E0,1.060619853901E1));
#4447=CARTESIAN_POINT('',(1.860992027954E0,5.150172556557E0,1.038585725566E1));
#4448=CARTESIAN_POINT('',(1.821510128515E0,5.278218337552E0,1.016551597230E1));
#4449=CARTESIAN_POINT('',(4.417894693226E0,4.931646297980E0,1.007271573834E1));
#4450=CARTESIAN_POINT('',(4.327981886142E0,5.059692078975E0,9.867716251053E0));
#4451=CARTESIAN_POINT('',(4.238069079058E0,5.187737859971E0,9.662716763768E0));
#4452=CARTESIAN_POINT('',(4.148156271974E0,5.315783640966E0,9.457717276484E0));
#4453=CARTESIAN_POINT('',(6.650852700099E0,4.969211601394E0,8.760339286386E0));
#4454=CARTESIAN_POINT('',(6.515494825525E0,5.097257382389E0,8.582049229483E0));
#4455=CARTESIAN_POINT('',(6.380136950952E0,5.225303163385E0,8.403759172580E0));
#4456=CARTESIAN_POINT('',(6.244779076378E0,5.353348944380E0,8.225469115678E0));
#4457=CARTESIAN_POINT('',(8.515007273216E0,5.006776904808E0,6.962188050384E0));
#4458=CARTESIAN_POINT('',(8.341710203132E0,5.134822685803E0,6.820493891849E0));
#4459=CARTESIAN_POINT('',(8.168413133049E0,5.262868466799E0,6.678799733313E0));
#4460=CARTESIAN_POINT('',(7.995116062966E0,5.390914247794E0,6.537105574778E0));
#4461=CARTESIAN_POINT('',(9.906990484550E0,5.044342208222E0,4.777959446836E0));
#4462=CARTESIAN_POINT('',(9.705363830664E0,5.172387989217E0,4.680718617023E0));
#4463=CARTESIAN_POINT('',(9.503737176777E0,5.300433770213E0,4.583477787210E0));
#4464=CARTESIAN_POINT('',(9.302110522891E0,5.428479551208E0,4.486236957397E0));
#4465=CARTESIAN_POINT('',(1.046873234198E1,5.069385743831E0,3.145202544998E0));
#4466=CARTESIAN_POINT('',(1.025567314143E1,5.197431524826E0,3.081191515016E0));
#4467=CARTESIAN_POINT('',(1.004261394087E1,5.325477305822E0,3.017180485033E0));
#4468=CARTESIAN_POINT('',(9.829554740318E0,5.453523086817E0,2.953169455051E0));
#4469=CARTESIAN_POINT('',(1.065026099203E1,5.081907511635E0,2.307276204674E0));
#4470=CARTESIAN_POINT('',(1.043350732802E1,5.209953292630E0,2.260318616346E0));
#4471=CARTESIAN_POINT('',(1.021675366401E1,5.337999073626E0,2.213361028019E0));
#4472=CARTESIAN_POINT('',(1.E1,5.466044854621E0,2.166403439691E0));
#4473=B_SPLINE_SURFACE_WITH_KNOTS('',3,3,((#4397,#4398,#4399,#4400),(#4401,
#4402,#4403,#4404),(#4405,#4406,#4407,#4408),(#4409,#4410,#4411,#4412),(#4413,
#4414,#4415,#4416),(#4417,#4418,#4419,#4420),(#4421,#4422,#4423,#4424),(#4425,
#4426,#4427,#4428),(#4429,#4430,#4431,#4432),(#4433,#4434,#4435,#4436),(#4437,
#4438,#4439,#4440),(#4441,#4442,#4443,#4444),(#4445,#4446,#4447,#4448),(#4449,
#4450,#4451,#4452),(#4453,#4454,#4455,#4456),(#4457,#4458,#4459,#4460),(#4461,
#4462,#4463,#4464),(#4465,#4466,#4467,#4468),(#4469,#4470,#4471,#4472)),
.UNSPECIFIED.,.F.,.F.,.F.,(4,1,1,1,1,1,1,1,1,1,1,1,1,1,1,1,4),(4,4),(0.E0,
6.25E-2,1.25E-1,1.875E-1,2.5E-1,3.124999999999E-1,3.749999999999E-1,
4.374999999999E-1,4.999999999999E-1,5.624999999997E-1,6.25E-1,6.874999999997E-1,
7.5E-1,8.124999999997E-1,8.75E-1,9.374999999997E-1,1.E0),(-3.230133147249E-5,
1.000000000001E0),.UNSPECIFIED.);
#4474=ORIENTED_EDGE('',*,*,#4282,.T.);
#4476=ORIENTED_EDGE('',*,*,#4475,.T.);
#4478=ORIENTED_EDGE('',*,*,#4477,.T.);
#4480=ORIENTED_EDGE('',*,*,#4479,.F.);
#4481=ORIENTED_EDGE('',*,*,#4386,.F.);
#4482=EDGE_LOOP('',(#4474,#4476,#4478,#4480,#4481));
#4483=FACE_OUTER_BOUND('',#4482,.F.);
#4484=ADVANCED_FACE('',(#4483),#4473,.T.);
#4485=CARTESIAN_POINT('',(0.E0,4.391084477791E0,0.E0));
#4486=DIRECTION('',(0.E0,1.E0,0.E0));
#4487=DIRECTION('',(1.E0,0.E0,0.E0));
#4488=AXIS2_PLACEMENT_3D('',#4485,#4486,#4487);
#4489=CONICAL_SURFACE('',#4488,1.072051856264E1,1.5E1);
#4491=ORIENTED_EDGE('',*,*,#4490,.F.);
#4493=ORIENTED_EDGE('',*,*,#4492,.F.);
#4494=ORIENTED_EDGE('',*,*,#4257,.F.);
#4496=ORIENTED_EDGE('',*,*,#4495,.T.);
#4497=ORIENTED_EDGE('',*,*,#4477,.F.);
#4498=ORIENTED_EDGE('',*,*,#4475,.F.);
#4499=ORIENTED_EDGE('',*,*,#4280,.F.);
#4500=EDGE_LOOP('',(#4491,#4493,#4494,#4496,#4497,#4498,#4499));
#4501=FACE_OUTER_BOUND('',#4500,.F.);
#4502=ADVANCED_FACE('',(#4501),#4489,.T.);
#4503=CARTESIAN_POINT('',(1.000000028102E1,3.533954897972E0,-2.166401856892E0));
#4504=CARTESIAN_POINT('',(1.019307450857E1,3.648012206646E0,-2.208229492225E0));
#4505=CARTESIAN_POINT('',(1.038614873613E1,3.762069515321E0,-2.250057127558E0));
#4506=CARTESIAN_POINT('',(1.057922296368E1,3.876126823995E0,-2.291884762891E0));
#4507=CARTESIAN_POINT('',(9.867838492418E0,3.543664184135E0,-2.776453920667E0));
#4508=CARTESIAN_POINT('',(1.005836101652E1,3.657721492809E0,-2.830060088767E0));
#4509=CARTESIAN_POINT('',(1.024888354061E1,3.771778801484E0,-2.883666256867E0));
#4510=CARTESIAN_POINT('',(1.043940606471E1,3.885836110158E0,-2.937272424968E0));
#4511=CARTESIAN_POINT('',(9.491556872959E0,3.563082749579E0,-3.972289150683E0));
#4512=CARTESIAN_POINT('',(9.674814368963E0,3.677140058254E0,-4.048983814466E0));
#4513=CARTESIAN_POINT('',(9.858071864966E0,3.791197366928E0,-4.125678478249E0));
#4514=CARTESIAN_POINT('',(1.004132936097E1,3.905254675603E0,-4.202373142033E0));
#4515=CARTESIAN_POINT('',(8.610101861116E0,3.592210594305E0,-5.633372744330E0));
#4516=CARTESIAN_POINT('',(8.776340733043E0,3.706267902979E0,-5.742138650386E0));
#4517=CARTESIAN_POINT('',(8.942579604970E0,3.820325211654E0,-5.850904556442E0));
#4518=CARTESIAN_POINT('',(9.108818476897E0,3.934382520328E0,-5.959670462498E0));
#4519=CARTESIAN_POINT('',(7.441059202349E0,3.621338432149E0,-7.106291265228E0));
#4520=CARTESIAN_POINT('',(7.584726874079E0,3.735395740823E0,-7.243495431052E0));
#4521=CARTESIAN_POINT('',(7.728394545808E0,3.849453049498E0,-7.380699596876E0));
#4522=CARTESIAN_POINT('',(7.872062217538E0,3.963510358172E0,-7.517903762701E0));
#4523=CARTESIAN_POINT('',(6.023475418568E0,3.650466269992E0,-8.341851317436E0));
#4524=CARTESIAN_POINT('',(6.139773201662E0,3.764523578666E0,-8.502910962858E0));
#4525=CARTESIAN_POINT('',(6.256070984756E0,3.878580887341E0,-8.663970608279E0));
#4526=CARTESIAN_POINT('',(6.372368767851E0,3.992638196015E0,-8.825030253701E0));
#4527=CARTESIAN_POINT('',(4.404699822280E0,3.679594107836E0,-9.298782630654E0));
#4528=CARTESIAN_POINT('',(4.489743221469E0,3.793651416510E0,-9.478318152968E0));
#4529=CARTESIAN_POINT('',(4.574786620658E0,3.907708725185E0,-9.657853675282E0));
#4530=CARTESIAN_POINT('',(4.659830019848E0,4.021766033859E0,-9.837389197596E0));
#4531=CARTESIAN_POINT('',(2.638801531251E0,3.708721945680E0,-9.945122707464E0));
#4532=CARTESIAN_POINT('',(2.689749986551E0,3.822779254354E0,-1.013713739053E1));
#4533=CARTESIAN_POINT('',(2.740698441850E0,3.936836563029E0,-1.032915207360E1));
#4534=CARTESIAN_POINT('',(2.791646897150E0,4.050893871703E0,-1.052116675667E1));
#4535=CARTESIAN_POINT('',(7.847638271312E-1,3.737849783524E0,
-1.025928286588E1));
#4536=CARTESIAN_POINT('',(7.999155936791E-1,3.851907092198E0,
-1.045736317177E1));
#4537=CARTESIAN_POINT('',(8.150673602271E-1,3.965964400873E0,
-1.065544347766E1));
#4538=CARTESIAN_POINT('',(8.302191267750E-1,4.080021709547E0,
-1.085352378355E1));
#4539=CARTESIAN_POINT('',(-1.095486050574E0,3.766977621368E0,
-1.023076974518E1));
#4540=CARTESIAN_POINT('',(-1.116637062280E0,3.881034930042E0,
-1.042829953621E1));
#4541=CARTESIAN_POINT('',(-1.137788073987E0,3.995092238717E0,
-1.062582932724E1));
#4542=CARTESIAN_POINT('',(-1.158939085693E0,4.109149547391E0,
-1.082335911828E1));
#4543=CARTESIAN_POINT('',(-2.939145329028E0,3.796105459212E0,
-9.860535688454E0));
#4544=CARTESIAN_POINT('',(-2.995892648840E0,3.910162767886E0,
-1.005091721424E1));
#4545=CARTESIAN_POINT('',(-3.052639968652E0,4.024220076561E0,
-1.024129874002E1));
#4546=CARTESIAN_POINT('',(-3.109387288464E0,4.138277385235E0,
-1.043168026580E1));
#4547=CARTESIAN_POINT('',(-4.684633401498E0,3.825233297055E0,
-9.160946964987E0));
#4548=CARTESIAN_POINT('',(-4.775081596493E0,3.939290605729E0,
-9.337821235908E0));
#4549=CARTESIAN_POINT('',(-4.865529791487E0,4.053347914404E0,
-9.514695506830E0));
#4550=CARTESIAN_POINT('',(-4.955977986482E0,4.167405223078E0,
-9.691569777751E0));
#4551=CARTESIAN_POINT('',(-6.273648697220E0,3.854361134899E0,
-8.155370715193E0));
#4552=CARTESIAN_POINT('',(-6.394776681431E0,3.968418443573E0,
-8.312829900893E0));
#4553=CARTESIAN_POINT('',(-6.515904665643E0,4.082475752248E0,
-8.470289086592E0));
#4554=CARTESIAN_POINT('',(-6.637032649854E0,4.196533060922E0,
-8.627748272292E0));
#4555=CARTESIAN_POINT('',(-7.653116029979E0,3.883488972743E0,
-6.877394462438E0));
#4556=CARTESIAN_POINT('',(-7.800877972412E0,3.997546281417E0,
-7.010179221048E0));
#4557=CARTESIAN_POINT('',(-7.948639914846E0,4.111603590092E0,
-7.142963979658E0));
#4558=CARTESIAN_POINT('',(-8.096401857279E0,4.225660898766E0,
-7.275748738268E0));
#4559=CARTESIAN_POINT('',(-8.776959378701E0,3.912616810587E0,
-5.369704248066E0));
#4560=CARTESIAN_POINT('',(-8.946419839169E0,4.026674119261E0,
-5.473379395141E0));
#4561=CARTESIAN_POINT('',(-9.115880299638E0,4.140731427936E0,
-5.577054542216E0));
#4562=CARTESIAN_POINT('',(-9.285340760106E0,4.254788736610E0,
-5.680729689291E0));
#4563=CARTESIAN_POINT('',(-9.607640887605E0,3.941744648431E0,
-3.682658864691E0));
#4564=CARTESIAN_POINT('',(-9.793139666690E0,4.055801957105E0,
-3.753761514257E0));
#4565=CARTESIAN_POINT('',(-9.978638445775E0,4.169859265780E0,
-3.824864163823E0));
#4566=CARTESIAN_POINT('',(-1.016413722486E1,4.283916574454E0,
-3.895966813389E0));
#4567=CARTESIAN_POINT('',(-1.011741468108E1,3.970872486275E0,
-1.872607809129E0));
#4568=CARTESIAN_POINT('',(-1.031275587803E1,4.084929794949E0,
-1.908763038739E0));
#4569=CARTESIAN_POINT('',(-1.050809707498E1,4.198987103623E0,
-1.944918268349E0));
#4570=CARTESIAN_POINT('',(-1.070343827192E1,4.313044412297E0,
-1.981073497959E0));
#4571=CARTESIAN_POINT('',(-1.028925361421E1,4.000000324118E0,
-9.137664616077E-6));
#4572=CARTESIAN_POINT('',(-1.048791257799E1,4.114057632792E0,
-9.314089592927E-6));
#4573=CARTESIAN_POINT('',(-1.068657154178E1,4.228114941467E0,
-9.490514570110E-6));
#4574=CARTESIAN_POINT('',(-1.088523050556E1,4.342172250141E0,
-9.666939546960E-6));
#4575=CARTESIAN_POINT('',(-1.011741800420E1,4.029128161962E0,1.872589910484E0));
#4576=CARTESIAN_POINT('',(-1.031275926531E1,4.143185470636E0,1.908744794517E0));
#4577=CARTESIAN_POINT('',(-1.050810052642E1,4.257242779311E0,1.944899678549E0));
#4578=CARTESIAN_POINT('',(-1.070344178753E1,4.371300087985E0,1.981054562582E0));
#4579=CARTESIAN_POINT('',(-9.607647346160E0,4.058255999806E0,3.682642071747E0));
#4580=CARTESIAN_POINT('',(-9.793146249943E0,4.172313308480E0,3.753744397084E0));
#4581=CARTESIAN_POINT('',(-9.978645153727E0,4.286370617155E0,3.824846722422E0));
#4582=CARTESIAN_POINT('',(-1.016414405751E1,4.400427925829E0,3.895949047759E0));
#4583=CARTESIAN_POINT('',(-8.776968609540E0,4.087383837650E0,5.369689218316E0));
#4584=CARTESIAN_POINT('',(-8.946429248232E0,4.201441146324E0,5.473364075205E0));
#4585=CARTESIAN_POINT('',(-9.115889886925E0,4.315498454999E0,5.577038932093E0));
#4586=CARTESIAN_POINT('',(-9.285350525617E0,4.429555763673E0,5.680713788982E0));
#4587=CARTESIAN_POINT('',(-7.653127518272E0,4.116511675494E0,6.877381739139E0));
#4588=CARTESIAN_POINT('',(-7.800889682515E0,4.230568984168E0,7.010166252094E0));
#4589=CARTESIAN_POINT('',(-7.948651846759E0,4.344626292843E0,7.142950765049E0));
#4590=CARTESIAN_POINT('',(-8.096414011002E0,4.458683601517E0,7.275735278004E0));
#4591=CARTESIAN_POINT('',(-6.273661810338E0,4.145639513338E0,8.155360691845E0));
#4592=CARTESIAN_POINT('',(-6.394790047730E0,4.259696822012E0,8.312819684019E0));
#4593=CARTESIAN_POINT('',(-6.515918285122E0,4.373754130687E0,8.470278676194E0));
#4594=CARTESIAN_POINT('',(-6.637046522514E0,4.487811439361E0,8.627737668368E0));
#4595=CARTESIAN_POINT('',(-4.684647430992E0,4.174767351181E0,9.160939859284E0));
#4596=CARTESIAN_POINT('',(-4.775095896860E0,4.288824659855E0,9.337813993012E0));
#4597=CARTESIAN_POINT('',(-4.865544362728E0,4.402881968530E0,9.514688126741E0));
#4598=CARTESIAN_POINT('',(-4.955992828596E0,4.516939277204E0,9.691562260469E0));
#4599=CARTESIAN_POINT('',(-2.939159538193E0,4.203895189025E0,9.860531527483E0));
#4600=CARTESIAN_POINT('',(-2.995907132348E0,4.317952497699E0,1.005091297292E1));
#4601=CARTESIAN_POINT('',(-3.052654726503E0,4.432009806374E0,1.024129441837E1));
#4602=CARTESIAN_POINT('',(-3.109402320658E0,4.546067115048E0,1.043167586381E1));
#4603=CARTESIAN_POINT('',(-1.095499724716E0,4.233023026869E0,1.023076836299E1));
#4604=CARTESIAN_POINT('',(-1.116651000435E0,4.347080335543E0,1.042829812734E1));
#4605=CARTESIAN_POINT('',(-1.137802276155E0,4.461137644218E0,1.062582789168E1));
#4606=CARTESIAN_POINT('',(-1.158953551874E0,4.575194952892E0,1.082335765603E1));
#4607=CARTESIAN_POINT('',(7.847513308302E-1,4.262150864713E0,1.025928391387E1));
#4608=CARTESIAN_POINT('',(7.999028561063E-1,4.376208173387E0,1.045736423999E1));
#4609=CARTESIAN_POINT('',(8.150543813825E-1,4.490265482062E0,1.065544456612E1));
#4610=CARTESIAN_POINT('',(8.302059066586E-1,4.604322790736E0,1.085352489224E1));
#4611=CARTESIAN_POINT('',(2.638790737393E0,4.291278702557E0,9.945125677177E0));
#4612=CARTESIAN_POINT('',(2.689738984291E0,4.405336011231E0,1.013714041759E1));
#4613=CARTESIAN_POINT('',(2.740687231189E0,4.519393319906E0,1.032915515799E1));
#4614=CARTESIAN_POINT('',(2.791635478086E0,4.633450628580E0,1.052116989840E1));
#4615=CARTESIAN_POINT('',(4.404691097442E0,4.320406540401E0,9.298786888022E0));
#4616=CARTESIAN_POINT('',(4.489734328177E0,4.434463849075E0,9.478322492535E0));
#4617=CARTESIAN_POINT('',(4.574777558912E0,4.548521157750E0,9.657858097048E0));
#4618=CARTESIAN_POINT('',(4.659820789647E0,4.662578466424E0,9.837393701561E0));
#4619=CARTESIAN_POINT('',(6.023468940721E0,4.349534378244E0,8.341856146627E0));
#4620=CARTESIAN_POINT('',(6.139766598745E0,4.463591686918E0,8.502915885288E0));
#4621=CARTESIAN_POINT('',(6.256064256768E0,4.577648995593E0,8.663975623948E0));
#4622=CARTESIAN_POINT('',(6.372361914792E0,4.691706304267E0,8.825035362609E0));
#4623=CARTESIAN_POINT('',(7.441054941749E0,4.378662216088E0,7.106295919737E0));
#4624=CARTESIAN_POINT('',(7.584722531217E0,4.492719524762E0,7.243500175428E0));
#4625=CARTESIAN_POINT('',(7.728390120685E0,4.606776833437E0,7.380704431119E0));
#4626=CARTESIAN_POINT('',(7.872057710154E0,4.720834142111E0,7.517908686810E0));
#4627=CARTESIAN_POINT('',(8.610099574297E0,4.407790053932E0,5.633376502446E0));
#4628=CARTESIAN_POINT('',(8.776338402071E0,4.521847362606E0,5.742142481062E0));
#4629=CARTESIAN_POINT('',(8.942577229846E0,4.635904671281E0,5.850908459678E0));
#4630=CARTESIAN_POINT('',(9.108816057620E0,4.749961979955E0,5.959674438293E0));
#4631=CARTESIAN_POINT('',(9.491555902565E0,4.436917891776E0,3.972291764490E0));
#4632=CARTESIAN_POINT('',(9.674813379832E0,4.550975200450E0,4.048986478739E0));
#4633=CARTESIAN_POINT('',(9.858070857099E0,4.665032509125E0,4.125681192989E0));
#4634=CARTESIAN_POINT('',(1.004132833437E1,4.779089817799E0,4.202375907238E0));
#4635=CARTESIAN_POINT('',(9.867838058318E0,4.456336450339E0,2.776455628675E0));
#4636=CARTESIAN_POINT('',(1.005836057404E1,4.570393759013E0,2.830061829753E0));
#4637=CARTESIAN_POINT('',(1.024888308976E1,4.684451067688E0,2.883668030830E0));
#4638=CARTESIAN_POINT('',(1.043940560548E1,4.798508376362E0,2.937274231908E0));
#4639=CARTESIAN_POINT('',(1.E1,4.466045729620E0,2.166403280573E0));
#4640=CARTESIAN_POINT('',(1.019307422213E1,4.580103038294E0,2.208230943394E0));
#4641=CARTESIAN_POINT('',(1.038614844426E1,4.694160346969E0,2.250058606215E0));
#4642=CARTESIAN_POINT('',(1.057922266638E1,4.808217655643E0,2.291886269036E0));
#4643=B_SPLINE_SURFACE_WITH_KNOTS('',3,3,((#4503,#4504,#4505,#4506),(#4507,
#4508,#4509,#4510),(#4511,#4512,#4513,#4514),(#4515,#4516,#4517,#4518),(#4519,
#4520,#4521,#4522),(#4523,#4524,#4525,#4526),(#4527,#4528,#4529,#4530),(#4531,
#4532,#4533,#4534),(#4535,#4536,#4537,#4538),(#4539,#4540,#4541,#4542),(#4543,
#4544,#4545,#4546),(#4547,#4548,#4549,#4550),(#4551,#4552,#4553,#4554),(#4555,
#4556,#4557,#4558),(#4559,#4560,#4561,#4562),(#4563,#4564,#4565,#4566),(#4567,
#4568,#4569,#4570),(#4571,#4572,#4573,#4574),(#4575,#4576,#4577,#4578),(#4579,
#4580,#4581,#4582),(#4583,#4584,#4585,#4586),(#4587,#4588,#4589,#4590),(#4591,
#4592,#4593,#4594),(#4595,#4596,#4597,#4598),(#4599,#4600,#4601,#4602),(#4603,
#4604,#4605,#4606),(#4607,#4608,#4609,#4610),(#4611,#4612,#4613,#4614),(#4615,
#4616,#4617,#4618),(#4619,#4620,#4621,#4622),(#4623,#4624,#4625,#4626),(#4627,
#4628,#4629,#4630),(#4631,#4632,#4633,#4634),(#4635,#4636,#4637,#4638),(#4639,
#4640,#4641,#4642)),.UNSPECIFIED.,.F.,.F.,.F.,(4,1,1,1,1,1,1,1,1,1,1,1,1,1,1,1,
1,1,1,1,1,1,1,1,1,1,1,1,1,1,1,1,4),(4,4),(0.E0,3.125002145720E-2,
6.250002076481E-2,9.375002007278E-2,1.250000193804E-1,1.562500186884E-1,
1.875000179963E-1,2.187500173039E-1,2.500000166119E-1,2.812500159199E-1,
3.125000152275E-1,3.437500145355E-1,3.750000138431E-1,4.062500131511E-1,
4.375000124590E-1,4.687500117666E-1,5.000000110746E-1,5.312500103822E-1,
5.625000096902E-1,5.937500089982E-1,6.250000083058E-1,6.562500076138E-1,
6.875000069217E-1,7.187500062293E-1,7.500000055373E-1,7.812500048449E-1,
8.125000041529E-1,8.437500034609E-1,8.750000027685E-1,9.062500020764E-1,
9.375000013841E-1,9.687500006920E-1,1.E0),(0.E0,1.000000208771E0),
.UNSPECIFIED.);
#4644=ORIENTED_EDGE('',*,*,#4259,.T.);
#4645=ORIENTED_EDGE('',*,*,#4492,.T.);
#4646=ORIENTED_EDGE('',*,*,#4490,.T.);
#4647=ORIENTED_EDGE('',*,*,#4278,.T.);
#4649=ORIENTED_EDGE('',*,*,#4648,.T.);
#4650=EDGE_LOOP('',(#4644,#4645,#4646,#4647,#4649));
#4651=FACE_OUTER_BOUND('',#4650,.F.);
#4652=ADVANCED_FACE('',(#4651),#4643,.T.);
#4653=CARTESIAN_POINT('',(1.042537719832E1,3.282665953102E0,-2.258559079593E0));
#4654=CARTESIAN_POINT('',(1.028358240950E1,3.366430282100E0,-2.227840583596E0));
#4655=CARTESIAN_POINT('',(1.014178762067E1,3.450194611098E0,-2.197122087599E0));
#4656=CARTESIAN_POINT('',(9.999992831850E0,3.533958940096E0,-2.166403591602E0));
#4657=CARTESIAN_POINT('',(1.028759357972E1,3.292375222296E0,-2.894560237638E0));
#4658=CARTESIAN_POINT('',(1.014767277576E1,3.376139551295E0,-2.855191536648E0));
#4659=CARTESIAN_POINT('',(1.000775197181E1,3.459903880293E0,-2.815822835658E0));
#4660=CARTESIAN_POINT('',(9.867831167850E0,3.543668209291E0,-2.776454134668E0));
#4661=CARTESIAN_POINT('',(9.895305932239E0,3.311793770773E0,-4.141262453039E0));
#4662=CARTESIAN_POINT('',(9.760720603736E0,3.395558099771E0,-4.084937446872E0));
#4663=CARTESIAN_POINT('',(9.626135275233E0,3.479322428769E0,-4.028612440705E0));
#4664=CARTESIAN_POINT('',(9.491549946730E0,3.563086757768E0,-3.972287434538E0));
#4665=CARTESIAN_POINT('',(8.976356331528E0,3.340921598531E0,-5.873003817735E0));
#4666=CARTESIAN_POINT('',(8.854269568986E0,3.424685927529E0,-5.793125524581E0));
#4667=CARTESIAN_POINT('',(8.732182806443E0,3.508450256527E0,-5.713247231427E0));
#4668=CARTESIAN_POINT('',(8.610096043900E0,3.592214585525E0,-5.633368938272E0));
#4669=CARTESIAN_POINT('',(7.757585213473E0,3.370049436374E0,-7.408576997258E0));
#4670=CARTESIAN_POINT('',(7.652074867305E0,3.453813765372E0,-7.307813486181E0));
#4671=CARTESIAN_POINT('',(7.546564521138E0,3.537578094371E0,-7.207049975104E0));
#4672=CARTESIAN_POINT('',(7.441054174970E0,3.621342423369E0,-7.106286464027E0));
#4673=CARTESIAN_POINT('',(6.279700586987E0,3.399177274218E0,-8.696695009857E0));
#4674=CARTESIAN_POINT('',(6.194290840974E0,3.482941603216E0,-8.578411900391E0));
#4675=CARTESIAN_POINT('',(6.108881094960E0,3.566705932214E0,-8.460128790924E0));
#4676=CARTESIAN_POINT('',(6.023471348947E0,3.650470261212E0,-8.341845681458E0));
#4677=CARTESIAN_POINT('',(4.592065898403E0,3.428305112062E0,-9.694332040266E0));
#4678=CARTESIAN_POINT('',(4.529609547718E0,3.512069441060E0,-9.562480142893E0));
#4679=CARTESIAN_POINT('',(4.467153197032E0,3.595833770058E0,-9.430628245520E0));
#4680=CARTESIAN_POINT('',(4.404696846347E0,3.679598099056E0,-9.298776348147E0));
#4681=CARTESIAN_POINT('',(2.751050244790E0,3.457432949906E0,-1.036816597793E1));
#4682=CARTESIAN_POINT('',(2.713633412662E0,3.541197278904E0,-1.022714931471E1));
#4683=CARTESIAN_POINT('',(2.676216580534E0,3.624961607902E0,-1.008613265149E1));
#4684=CARTESIAN_POINT('',(2.638799748406E0,3.708725936900E0,-9.945115988272E0));
#4685=CARTESIAN_POINT('',(8.181459246424E-1,3.486560787750E0,
-1.069568980664E1));
#4686=CARTESIAN_POINT('',(8.070183820695E-1,3.570325116748E0,
-1.055021851591E1));
#4687=CARTESIAN_POINT('',(7.958908394966E-1,3.654089445746E0,
-1.040474722517E1));
#4688=CARTESIAN_POINT('',(7.847632969237E-1,3.737853774744E0,
-1.025927593443E1));
#4689=CARTESIAN_POINT('',(-1.142085576313E0,3.515688625593E0,
-1.066596380157E1));
#4690=CARTESIAN_POINT('',(-1.126552154353E0,3.599452954591E0,
-1.052089681205E1));
#4691=CARTESIAN_POINT('',(-1.111018732394E0,3.683217283590E0,
-1.037582982252E1));
#4692=CARTESIAN_POINT('',(-1.095485310434E0,3.766981612588E0,
-1.023076283300E1));
#4693=CARTESIAN_POINT('',(-3.064169995787E0,3.544816463437E0,
-1.027998081638E1));
#4694=CARTESIAN_POINT('',(-3.022494444945E0,3.628580792435E0,
-1.014016355306E1));
#4695=CARTESIAN_POINT('',(-2.980818894104E0,3.712345121434E0,
-1.000034628973E1));
#4696=CARTESIAN_POINT('',(-2.939143343263E0,3.796109450432E0,
-9.860529026412E0));
#4697=CARTESIAN_POINT('',(-4.883907225806E0,3.573944301281E0,
-9.550633153753E0));
#4698=CARTESIAN_POINT('',(-4.817481562682E0,3.657708630279E0,
-9.420735694370E0));
#4699=CARTESIAN_POINT('',(-4.751055899558E0,3.741472959277E0,
-9.290838234988E0));
#4700=CARTESIAN_POINT('',(-4.684630236434E0,3.825237288275E0,
-9.160940775606E0));
#4701=CARTESIAN_POINT('',(-6.540515677218E0,3.603072139125E0,
-8.502281939995E0));
#4702=CARTESIAN_POINT('',(-6.451558604337E0,3.686836468123E0,
-8.386643028399E0));
#4703=CARTESIAN_POINT('',(-6.362601531456E0,3.770600797121E0,
-8.271004116802E0));
#4704=CARTESIAN_POINT('',(-6.273644458575E0,3.854365126119E0,
-8.155365205206E0));
#4705=CARTESIAN_POINT('',(-7.978662464129E0,3.632199976969E0,
-7.169943436572E0));
#4706=CARTESIAN_POINT('',(-7.870145262529E0,3.715964305967E0,
-7.072425563010E0));
#4707=CARTESIAN_POINT('',(-7.761628060929E0,3.799728634965E0,
-6.974907689448E0));
#4708=CARTESIAN_POINT('',(-7.653110859329E0,3.883492963963E0,
-6.877389815886E0));
#4709=CARTESIAN_POINT('',(-9.150311594614E0,3.661327814813E0,
-5.598119453527E0));
#4710=CARTESIAN_POINT('',(-9.025858879326E0,3.745092143811E0,
-5.521979842402E0));
#4711=CARTESIAN_POINT('',(-8.901406164039E0,3.828856472809E0,
-5.445840231276E0));
#4712=CARTESIAN_POINT('',(-8.776953448752E0,3.912620801807E0,
-5.369700620150E0));
#4713=CARTESIAN_POINT('',(-1.001632843648E1,3.690455652656E0,
-3.839310933848E0));
#4714=CARTESIAN_POINT('',(-9.880097089797E0,3.774219981654E0,
-3.787092748095E0));
#4715=CARTESIAN_POINT('',(-9.743865743111E0,3.857984310653E0,
-3.734874562341E0));
#4716=CARTESIAN_POINT('',(-9.607634396425E0,3.941748639651E0,
-3.682656376588E0));
#4717=CARTESIAN_POINT('',(-1.054778686665E1,3.719583490500E0,
-1.952264355880E0));
#4718=CARTESIAN_POINT('',(-1.040432719292E1,3.803347819498E0,
-1.925711751902E0));
#4719=CARTESIAN_POINT('',(-1.026086751920E1,3.887112148497E0,
-1.899159147923E0));
#4720=CARTESIAN_POINT('',(-1.011740784548E1,3.970876477495E0,
-1.872606543945E0));
#4721=CARTESIAN_POINT('',(-1.072693544355E1,3.748711328344E0,
-9.526360842838E-6));
#4722=CARTESIAN_POINT('',(-1.058103918321E1,3.832475657342E0,
-9.396793376193E-6));
#4723=CARTESIAN_POINT('',(-1.043514292286E1,3.916239986340E0,
-9.267225909437E-6));
#4724=CARTESIAN_POINT('',(-1.028924666251E1,4.000004315338E0,
-9.137658442682E-6));
#4725=CARTESIAN_POINT('',(-1.054779033113E1,3.777839166188E0,1.952245695865E0));
#4726=CARTESIAN_POINT('',(-1.040433061029E1,3.861603495186E0,1.925693345681E0));
#4727=CARTESIAN_POINT('',(-1.026087088944E1,3.945367824184E0,1.899140995496E0));
#4728=CARTESIAN_POINT('',(-1.011741116860E1,4.029132153182E0,1.872588645312E0));
#4729=CARTESIAN_POINT('',(-1.001633516977E1,3.806967004032E0,3.839293426570E0));
#4730=CARTESIAN_POINT('',(-9.880103731505E0,3.890731333030E0,3.787075478932E0));
#4731=CARTESIAN_POINT('',(-9.743872293241E0,3.974495662028E0,3.734857531293E0));
#4732=CARTESIAN_POINT('',(-9.607640854976E0,4.058259991026E0,3.682639583655E0));
#4733=CARTESIAN_POINT('',(-9.150321218112E0,3.836094841876E0,5.598103784444E0));
#4734=CARTESIAN_POINT('',(-9.025868371936E0,3.919859170874E0,5.521964386433E0));
#4735=CARTESIAN_POINT('',(-8.901415525760E0,4.003623499872E0,5.445824988421E0));
#4736=CARTESIAN_POINT('',(-8.776962679585E0,4.087387828870E0,5.369685590410E0));
#4737=CARTESIAN_POINT('',(-7.978674441110E0,3.865222679719E0,7.169930172051E0));
#4738=CARTESIAN_POINT('',(-7.870157076611E0,3.948987008717E0,7.072412478899E0));
#4739=CARTESIAN_POINT('',(-7.761639712113E0,4.032751337716E0,6.974894785747E0));
#4740=CARTESIAN_POINT('',(-7.653122347614E0,4.116515666714E0,6.877377092596E0));
#4741=CARTESIAN_POINT('',(-6.540529348139E0,3.894350517563E0,8.502271490276E0));
#4742=CARTESIAN_POINT('',(-6.451572089321E0,3.978114846561E0,8.386632720806E0));
#4743=CARTESIAN_POINT('',(-6.362614830502E0,4.061879175560E0,8.270993951335E0));
#4744=CARTESIAN_POINT('',(-6.273657571684E0,4.145643504558E0,8.155355181865E0));
#4745=CARTESIAN_POINT('',(-4.883921852083E0,3.923478355407E0,9.550625745788E0));
#4746=CARTESIAN_POINT('',(-4.817495990028E0,4.007242684405E0,9.420728387161E0));
#4747=CARTESIAN_POINT('',(-4.751070127974E0,4.091007013403E0,9.290831028534E0));
#4748=CARTESIAN_POINT('',(-4.684644265919E0,4.174771342401E0,9.160933669907E0));
#4749=CARTESIAN_POINT('',(-3.064184809379E0,3.952606193251E0,1.027997647840E1));
#4750=CARTESIAN_POINT('',(-3.022509057059E0,4.036370522249E0,1.014015927408E1));
#4751=CARTESIAN_POINT('',(-2.980833304738E0,4.120134851247E0,1.000034206976E1));
#4752=CARTESIAN_POINT('',(-2.939157552418E0,4.203899180245E0,9.860524865444E0));
#4753=CARTESIAN_POINT('',(-1.142099832124E0,3.981734031095E0,1.066596236060E1));
#4754=CARTESIAN_POINT('',(-1.126566216272E0,4.065498360093E0,1.052089539067E1));
#4755=CARTESIAN_POINT('',(-1.111032600419E0,4.149262689091E0,1.037582842074E1));
#4756=CARTESIAN_POINT('',(-1.095498984567E0,4.233027018089E0,1.023076145081E1));
#4757=CARTESIAN_POINT('',(8.181328967758E-1,4.010861868939E0,1.069569089921E1));
#4758=CARTESIAN_POINT('',(8.070055313943E-1,4.094626197937E0,1.055021959362E1));
#4759=CARTESIAN_POINT('',(7.958781660127E-1,4.178390526935E0,1.040474828802E1));
#4760=CARTESIAN_POINT('',(7.847508006312E-1,4.262154855933E0,1.025927698242E1));
#4761=CARTESIAN_POINT('',(2.751038991786E0,4.039989706782E0,1.036816907397E1));
#4762=CARTESIAN_POINT('',(2.713622312709E0,4.123754035780E0,1.022715236864E1));
#4763=CARTESIAN_POINT('',(2.676205633632E0,4.207518364779E0,1.008613566331E1));
#4764=CARTESIAN_POINT('',(2.638788954555E0,4.291282693777E0,9.945118957983E0));
#4765=CARTESIAN_POINT('',(4.592056802429E0,4.069117544626E0,9.694336478734E0));
#4766=CARTESIAN_POINT('',(4.529600575457E0,4.152881873624E0,9.562484520993E0));
#4767=CARTESIAN_POINT('',(4.467144348486E0,4.236646202623E0,9.430632563253E0));
#4768=CARTESIAN_POINT('',(4.404688121515E0,4.320410531621E0,9.298780605512E0));
#4769=CARTESIAN_POINT('',(6.279693833586E0,4.098245382470E0,8.696700044472E0));
#4770=CARTESIAN_POINT('',(6.194284179425E0,4.182009711468E0,8.578416866530E0));
#4771=CARTESIAN_POINT('',(6.108874525265E0,4.265774040466E0,8.460133688587E0));
#4772=CARTESIAN_POINT('',(6.023464871104E0,4.349538369464E0,8.341850510645E0));
#4773=CARTESIAN_POINT('',(7.757580771636E0,4.127373220314E0,7.408581849760E0));
#4774=CARTESIAN_POINT('',(7.652070485882E0,4.211137549312E0,7.307818272684E0));
#4775=CARTESIAN_POINT('',(7.546560200127E0,4.294901878310E0,7.207054695609E0));
#4776=CARTESIAN_POINT('',(7.441049914373E0,4.378666207308E0,7.106291118533E0));
#4777=CARTESIAN_POINT('',(8.976353947434E0,4.156501058158E0,5.873007735713E0));
#4778=CARTESIAN_POINT('',(8.854267217317E0,4.240265387156E0,5.793129389271E0));
#4779=CARTESIAN_POINT('',(8.732180487200E0,4.324029716154E0,5.713251042828E0));
#4780=CARTESIAN_POINT('',(8.610093757083E0,4.407794045152E0,5.633372696386E0));
#4781=CARTESIAN_POINT('',(9.895305455888E0,4.185628896002E0,4.141264169230E0));
#4782=CARTESIAN_POINT('',(9.760720133864E0,4.269393225E0,4.084939139721E0));
#4783=CARTESIAN_POINT('',(9.626134811839E0,4.353157553998E0,4.028614110212E0));
#4784=CARTESIAN_POINT('',(9.491549489815E0,4.436921882996E0,3.972289080703E0));
#4785=CARTESIAN_POINT('',(1.028759381271E1,4.205047454564E0,2.894559839555E0));
#4786=CARTESIAN_POINT('',(1.014767300559E1,4.288811783562E0,2.855191143979E0));
#4787=CARTESIAN_POINT('',(1.000775219847E1,4.372576112561E0,2.815822448403E0));
#4788=CARTESIAN_POINT('',(9.867831391342E0,4.456340441559E0,2.776453752827E0));
#4789=CARTESIAN_POINT('',(1.042537762773E1,4.214756733846E0,2.258557229390E0));
#4790=CARTESIAN_POINT('',(1.028358283306E1,4.298521062844E0,2.227838758558E0));
#4791=CARTESIAN_POINT('',(1.014178803840E1,4.382285391842E0,2.197120287725E0));
#4792=CARTESIAN_POINT('',(9.999993243732E0,4.466049720840E0,2.166401816893E0));
#4793=B_SPLINE_SURFACE_WITH_KNOTS('',3,3,((#4653,#4654,#4655,#4656),(#4657,
#4658,#4659,#4660),(#4661,#4662,#4663,#4664),(#4665,#4666,#4667,#4668),(#4669,
#4670,#4671,#4672),(#4673,#4674,#4675,#4676),(#4677,#4678,#4679,#4680),(#4681,
#4682,#4683,#4684),(#4685,#4686,#4687,#4688),(#4689,#4690,#4691,#4692),(#4693,
#4694,#4695,#4696),(#4697,#4698,#4699,#4700),(#4701,#4702,#4703,#4704),(#4705,
#4706,#4707,#4708),(#4709,#4710,#4711,#4712),(#4713,#4714,#4715,#4716),(#4717,
#4718,#4719,#4720),(#4721,#4722,#4723,#4724),(#4725,#4726,#4727,#4728),(#4729,
#4730,#4731,#4732),(#4733,#4734,#4735,#4736),(#4737,#4738,#4739,#4740),(#4741,
#4742,#4743,#4744),(#4745,#4746,#4747,#4748),(#4749,#4750,#4751,#4752),(#4753,
#4754,#4755,#4756),(#4757,#4758,#4759,#4760),(#4761,#4762,#4763,#4764),(#4765,
#4766,#4767,#4768),(#4769,#4770,#4771,#4772),(#4773,#4774,#4775,#4776),(#4777,
#4778,#4779,#4780),(#4781,#4782,#4783,#4784),(#4785,#4786,#4787,#4788),(#4789,
#4790,#4791,#4792)),.UNSPECIFIED.,.F.,.F.,.F.,(4,1,1,1,1,1,1,1,1,1,1,1,1,1,1,1,
1,1,1,1,1,1,1,1,1,1,1,1,1,1,1,1,4),(4,4),(3.246349925562E-8,3.125000000014E-2,
6.249999999991E-2,9.375000000005E-2,1.249999999998E-1,1.5625E-1,
1.875000000001E-1,2.187499999999E-1,2.5E-1,2.812500000001E-1,3.124999999999E-1,
3.4375E-1,3.749999999998E-1,4.0625E-1,4.375000000001E-1,4.687499999999E-1,5.E-1,
5.312499999998E-1,5.624999999999E-1,5.9375E-1,6.249999999998E-1,6.5625E-1,
6.875000000001E-1,7.187499999999E-1,7.5E-1,7.812499999998E-1,8.124999999999E-1,
8.4375E-1,8.749999999998E-1,9.0625E-1,9.374999999997E-1,9.687499999999E-1,1.E0),
(-2.580062675144E-5,1.000015883399E0),.UNSPECIFIED.);
#4794=ORIENTED_EDGE('',*,*,#4261,.T.);
#4795=ORIENTED_EDGE('',*,*,#4648,.F.);
#4796=ORIENTED_EDGE('',*,*,#4276,.T.);
#4798=ORIENTED_EDGE('',*,*,#4797,.T.);
#4800=ORIENTED_EDGE('',*,*,#4799,.T.);
#4801=EDGE_LOOP('',(#4794,#4795,#4796,#4798,#4800));
#4802=FACE_OUTER_BOUND('',#4801,.F.);
#4803=ADVANCED_FACE('',(#4802),#4793,.T.);
#4804=CARTESIAN_POINT('',(0.E0,3.413607186957E0,0.E0));
#4805=DIRECTION('',(0.E0,1.E0,0.E0));
#4806=DIRECTION('',(1.E0,0.E0,0.E0));
#4807=AXIS2_PLACEMENT_3D('',#4804,#4805,#4806);
#4808=CONICAL_SURFACE('',#4807,1.045860431194E1,1.5E1);
#4810=ORIENTED_EDGE('',*,*,#4809,.F.);
#4812=ORIENTED_EDGE('',*,*,#4811,.F.);
#4814=ORIENTED_EDGE('',*,*,#4813,.F.);
#4815=ORIENTED_EDGE('',*,*,#4263,.F.);
#4816=ORIENTED_EDGE('',*,*,#4799,.F.);
#4817=ORIENTED_EDGE('',*,*,#4797,.F.);
#4818=ORIENTED_EDGE('',*,*,#4274,.F.);
#4819=EDGE_LOOP('',(#4810,#4812,#4814,#4815,#4816,#4817,#4818));
#4820=FACE_OUTER_BOUND('',#4819,.F.);
#4821=ADVANCED_FACE('',(#4820),#4808,.T.);
#4822=CARTESIAN_POINT('',(7.249682702417E0,2.624671359163E0,-7.220467988528E0));
#4823=CARTESIAN_POINT('',(7.315743729467E0,2.678501391117E0,-7.286262803375E0));
#4824=CARTESIAN_POINT('',(7.381804756518E0,2.732331423070E0,-7.352057618223E0));
#4825=CARTESIAN_POINT('',(7.447865783568E0,2.786161455024E0,-7.417852433070E0));
#4826=CARTESIAN_POINT('',(6.852070814455E0,2.633435601184E0,-7.619688652128E0));
#4827=CARTESIAN_POINT('',(6.914508696774E0,2.687265633137E0,-7.689121271296E0));
#4828=CARTESIAN_POINT('',(6.976946579094E0,2.741095665091E0,-7.758553890464E0));
#4829=CARTESIAN_POINT('',(7.039384461414E0,2.794925697045E0,-7.827986509632E0));
#4830=CARTESIAN_POINT('',(5.990750587248E0,2.650964085230E0,-8.352288428477E0));
#4831=CARTESIAN_POINT('',(6.045339891751E0,2.704794117184E0,-8.428396690652E0));
#4832=CARTESIAN_POINT('',(6.099929196255E0,2.758624149138E0,-8.504504952828E0));
#4833=CARTESIAN_POINT('',(6.154518500759E0,2.812454181091E0,-8.580613215004E0));
#4834=CARTESIAN_POINT('',(4.535639467001E0,2.677256811305E0,-9.223762505522E0));
#4835=CARTESIAN_POINT('',(4.576969413955E0,2.731086843258E0,-9.307811870080E0));
#4836=CARTESIAN_POINT('',(4.618299360908E0,2.784916875211E0,-9.391861234638E0));
#4837=CARTESIAN_POINT('',(4.659629307862E0,2.838746907165E0,-9.475910599196E0));
#4838=CARTESIAN_POINT('',(2.957025588913E0,2.703549537385E0,-9.844075224763E0));
#4839=CARTESIAN_POINT('',(2.983970788508E0,2.757379569338E0,-9.933777042955E0));
#4840=CARTESIAN_POINT('',(3.010915988104E0,2.811209601291E0,-1.002347886115E1));
#4841=CARTESIAN_POINT('',(3.037861187699E0,2.865039633245E0,-1.011318067934E1));
#4842=CARTESIAN_POINT('',(1.297892554874E0,2.729842263465E0,-1.019633724635E1));
#4843=CARTESIAN_POINT('',(1.309719295256E0,2.783672295418E0,-1.028924896929E1));
#4844=CARTESIAN_POINT('',(1.321546035638E0,2.837502327371E0,-1.038216069223E1));
#4845=CARTESIAN_POINT('',(1.333372776020E0,2.891332359325E0,-1.047507241516E1));
#4846=CARTESIAN_POINT('',(-3.965815564021E-1,2.756134989545E0,
-1.027095618646E1));
#4847=CARTESIAN_POINT('',(-4.001953124795E-1,2.809965021498E0,
-1.036454785692E1));
#4848=CARTESIAN_POINT('',(-4.038090685569E-1,2.863795053451E0,
-1.045813952739E1));
#4849=CARTESIAN_POINT('',(-4.074228246342E-1,2.917625085405E0,
-1.055173119785E1));
#4850=CARTESIAN_POINT('',(-2.080256872620E0,2.782427715625E0,
-1.006590032284E1));
#4851=CARTESIAN_POINT('',(-2.099212723680E0,2.836257747578E0,
-1.015762347002E1));
#4852=CARTESIAN_POINT('',(-2.118168574739E0,2.890087779532E0,
-1.024934661720E1));
#4853=CARTESIAN_POINT('',(-2.137124425798E0,2.943917811486E0,
-1.034106976438E1));
#4854=CARTESIAN_POINT('',(-3.707287431718E0,2.808720441705E0,
-9.586753244602E0));
#4855=CARTESIAN_POINT('',(-3.741069215744E0,2.862550473658E0,
-9.674110276822E0));
#4856=CARTESIAN_POINT('',(-3.774850999770E0,2.916380505612E0,
-9.761467309042E0));
#4857=CARTESIAN_POINT('',(-3.808632783797E0,2.970210537566E0,
-9.848824341262E0));
#4858=CARTESIAN_POINT('',(-5.233369731500E0,2.835013167785E0,
-8.846561992208E0));
#4859=CARTESIAN_POINT('',(-5.281057581243E0,2.888843199738E0,
-8.927174205882E0));
#4860=CARTESIAN_POINT('',(-5.328745430986E0,2.942673231692E0,
-9.007786419556E0));
#4861=CARTESIAN_POINT('',(-5.376433280730E0,2.996503263646E0,
-9.088398633229E0));
#4862=CARTESIAN_POINT('',(-6.616949050918E0,2.861305893865E0,
-7.865481741785E0));
#4863=CARTESIAN_POINT('',(-6.677244441514E0,2.915135925818E0,
-7.937154092622E0));
#4864=CARTESIAN_POINT('',(-6.737539832111E0,2.968965957772E0,
-8.008826443460E0));
#4865=CARTESIAN_POINT('',(-6.797835222708E0,3.022795989726E0,
-8.080498794297E0));
#4866=CARTESIAN_POINT('',(-7.820350983773E0,2.887598619945E0,
-6.670226998644E0));
#4867=CARTESIAN_POINT('',(-7.891612091202E0,2.941428651898E0,
-6.731007871998E0));
#4868=CARTESIAN_POINT('',(-7.962873198631E0,2.995258683852E0,
-6.791788745352E0));
#4869=CARTESIAN_POINT('',(-8.034134306060E0,3.049088715806E0,
-6.852569618706E0));
#4870=CARTESIAN_POINT('',(-8.810807296310E0,2.913891346025E0,
-5.293344166182E0));
#4871=CARTESIAN_POINT('',(-8.891093703734E0,2.967721377978E0,
-5.341578518843E0));
#4872=CARTESIAN_POINT('',(-8.971380111157E0,3.021551409932E0,
-5.389812871504E0));
#4873=CARTESIAN_POINT('',(-9.051666518580E0,3.075381441886E0,
-5.438047224165E0));
#4874=CARTESIAN_POINT('',(-9.561348195660E0,2.940184072105E0,
-3.772325318677E0));
#4875=CARTESIAN_POINT('',(-9.648473730351E0,2.994014104058E0,
-3.806699745138E0));
#4876=CARTESIAN_POINT('',(-9.735599265043E0,3.047844136012E0,
-3.841074171599E0));
#4877=CARTESIAN_POINT('',(-9.822724799735E0,3.101674167966E0,
-3.875448598060E0));
#4878=CARTESIAN_POINT('',(-1.005153670748E1,2.966476798185E0,
-2.148587304102E0));
#4879=CARTESIAN_POINT('',(-1.014312896960E1,3.020306830138E0,
-2.168165800133E0));
#4880=CARTESIAN_POINT('',(-1.023472123171E1,3.074136862092E0,
-2.187744296164E0));
#4881=CARTESIAN_POINT('',(-1.032631349383E1,3.127966894046E0,
-2.207322792196E0));
#4882=CARTESIAN_POINT('',(-1.026802516744E1,2.992769524265E0,
-4.663439771229E-1));
#4883=CARTESIAN_POINT('',(-1.036159012969E1,3.046599556218E0,
-4.705934268371E-1));
#4884=CARTESIAN_POINT('',(-1.045515509193E1,3.100429588172E0,
-4.748428765513E-1));
#4885=CARTESIAN_POINT('',(-1.054872005418E1,3.154259620126E0,
-4.790923262655E-1));
#4886=CARTESIAN_POINT('',(-1.020491867313E1,3.019062250346E0,1.228597729409E0));
#4887=CARTESIAN_POINT('',(-1.029790859230E1,3.072892282299E0,1.239793037006E0));
#4888=CARTESIAN_POINT('',(-1.039089851148E1,3.126722314252E0,1.250988344603E0));
#4889=CARTESIAN_POINT('',(-1.048388843065E1,3.180552346206E0,1.262183652200E0));
#4890=CARTESIAN_POINT('',(-9.863935599780E0,3.045354976426E0,2.890085111813E0));
#4891=CARTESIAN_POINT('',(-9.953818390963E0,3.099185008379E0,2.916420332068E0));
#4892=CARTESIAN_POINT('',(-1.004370118215E1,3.153015040332E0,2.942755552323E0));
#4893=CARTESIAN_POINT('',(-1.013358397333E1,3.206845072286E0,2.969090772578E0));
#4894=CARTESIAN_POINT('',(-9.254360809128E0,3.071647702506E0,4.472876418074E0));
#4895=CARTESIAN_POINT('',(-9.338688993525E0,3.125477734459E0,4.513634451518E0));
#4896=CARTESIAN_POINT('',(-9.423017177922E0,3.179307766412E0,4.554392484963E0));
#4897=CARTESIAN_POINT('',(-9.507345362318E0,3.233137798366E0,4.595150518408E0));
#4898=CARTESIAN_POINT('',(-8.392792825445E0,3.097940428586E0,5.933872765357E0));
#4899=CARTESIAN_POINT('',(-8.469270174403E0,3.151770460539E0,5.987943784098E0));
#4900=CARTESIAN_POINT('',(-8.545747523361E0,3.205600492492E0,6.042014802839E0));
#4901=CARTESIAN_POINT('',(-8.622224872320E0,3.259430524446E0,6.096085821579E0));
#4902=CARTESIAN_POINT('',(-7.302691863078E0,3.124233154666E0,7.233291707878E0));
#4903=CARTESIAN_POINT('',(-7.369235923626E0,3.178063186619E0,7.299203375849E0));
#4904=CARTESIAN_POINT('',(-7.435779984175E0,3.231893218572E0,7.365115043821E0));
#4905=CARTESIAN_POINT('',(-7.502324044724E0,3.285723250526E0,7.431026711792E0));
#4906=CARTESIAN_POINT('',(-6.013741012597E0,3.150525880746E0,8.335750499293E0));
#4907=CARTESIAN_POINT('',(-6.068539811939E0,3.204355912699E0,8.411708063482E0));
#4908=CARTESIAN_POINT('',(-6.123338611282E0,3.258185944653E0,8.487665627671E0));
#4909=CARTESIAN_POINT('',(-6.178137410624E0,3.312015976607E0,8.563623191861E0));
#4910=CARTESIAN_POINT('',(-4.561037980183E0,3.176818606826E0,9.211229552765E0));
#4911=CARTESIAN_POINT('',(-4.602599365110E0,3.230648638779E0,9.295164713741E0));
#4912=CARTESIAN_POINT('',(-4.644160750036E0,3.284478670733E0,9.379099874718E0));
#4913=CARTESIAN_POINT('',(-4.685722134962E0,3.338308702687E0,9.463035035694E0));
#4914=CARTESIAN_POINT('',(-2.984139388958E0,3.203111332906E0,9.835889864067E0));
#4915=CARTESIAN_POINT('',(-3.011331656673E0,3.256941364859E0,9.925517095084E0));
#4916=CARTESIAN_POINT('',(-3.038523924388E0,3.310771396813E0,1.001514432610E1));
#4917=CARTESIAN_POINT('',(-3.065716192104E0,3.364601428767E0,1.010477155712E1));
#4918=CARTESIAN_POINT('',(-1.325983665514E0,3.229404058986E0,1.019272213944E1));
#4919=CARTESIAN_POINT('',(-1.338066379529E0,3.283234090939E0,1.028560092057E1));
#4920=CARTESIAN_POINT('',(-1.350149093545E0,3.337064122893E0,1.037847970170E1));
#4921=CARTESIAN_POINT('',(-1.362231807560E0,3.390894154847E0,1.047135848283E1));
#4922=CARTESIAN_POINT('',(3.682781587606E-1,3.255696785066E0,1.027200995323E1));
#4923=CARTESIAN_POINT('',(3.716340067896E-1,3.309526817019E0,1.036561122590E1));
#4924=CARTESIAN_POINT('',(3.749898548185E-1,3.363356848973E0,1.045921249856E1));
#4925=CARTESIAN_POINT('',(3.783457028475E-1,3.417186880927E0,1.055281377123E1));
#4926=CARTESIAN_POINT('',(2.052511895204E0,3.281989511146E0,1.007159432167E1));
#4927=CARTESIAN_POINT('',(2.071214926688E0,3.335819543099E0,1.016336935407E1));
#4928=CARTESIAN_POINT('',(2.089917958171E0,3.389649575053E0,1.025514438647E1));
#4929=CARTESIAN_POINT('',(2.108620989655E0,3.443479607007E0,1.034691941888E1));
#4930=CARTESIAN_POINT('',(3.680856415129E0,3.308282237226E0,9.596932496178E0));
#4931=CARTESIAN_POINT('',(3.714397352739E0,3.362112269179E0,9.684382284432E0));
#4932=CARTESIAN_POINT('',(3.747938290348E0,3.415942301133E0,9.771832072685E0));
#4933=CARTESIAN_POINT('',(3.781479227958E0,3.469772333087E0,9.859281860939E0));
#4934=CARTESIAN_POINT('',(5.208972436683E0,3.334574963306E0,8.860949346588E0));
#4935=CARTESIAN_POINT('',(5.256437971821E0,3.388404995259E0,8.941692661642E0));
#4936=CARTESIAN_POINT('',(5.303903506958E0,3.442235027213E0,9.022435976695E0));
#4937=CARTESIAN_POINT('',(5.351369042095E0,3.496065059167E0,9.103179291748E0));
#4938=CARTESIAN_POINT('',(6.595249854097E0,3.360867689387E0,7.883685488162E0));
#4939=CARTESIAN_POINT('',(6.655347515870E0,3.414697721340E0,7.955523716354E0));
#4940=CARTESIAN_POINT('',(6.715445177644E0,3.468527753293E0,8.027361944545E0));
#4941=CARTESIAN_POINT('',(6.775542839418E0,3.522357785247E0,8.099200172737E0));
#4942=CARTESIAN_POINT('',(7.801940820734E0,3.387160415467E0,6.691751334191E0));
#4943=CARTESIAN_POINT('',(7.873034169886E0,3.440990447420E0,6.752728342986E0));
#4944=CARTESIAN_POINT('',(7.944127519038E0,3.494820479373E0,6.813705351781E0));
#4945=CARTESIAN_POINT('',(8.015220868190E0,3.548650511327E0,6.874682360576E0));
#4946=CARTESIAN_POINT('',(8.796187409468E0,3.413453141547E0,5.317603431199E0));
#4947=CARTESIAN_POINT('',(8.876340596614E0,3.467283173500E0,5.366058840702E0));
#4948=CARTESIAN_POINT('',(8.956493783761E0,3.521113205453E0,5.414514250205E0));
#4949=CARTESIAN_POINT('',(9.036646970907E0,3.574943237407E0,5.462969659708E0));
#4950=CARTESIAN_POINT('',(9.550916568554E0,3.439745850051E0,3.798658232534E0));
#4951=CARTESIAN_POINT('',(9.637947047499E0,3.493575882004E0,3.833272611474E0));
#4952=CARTESIAN_POINT('',(9.724977526445E0,3.547405913957E0,3.867886990413E0));
#4953=CARTESIAN_POINT('',(9.812008005390E0,3.601235945911E0,3.902501369353E0));
#4954=CARTESIAN_POINT('',(9.880689711307E0,3.457274316528E0,2.717075327926E0));
#4955=CARTESIAN_POINT('',(9.970725170388E0,3.511104348481E0,2.741834037253E0));
#4956=CARTESIAN_POINT('',(1.006076062947E1,3.564934380435E0,2.766592746579E0));
#4957=CARTESIAN_POINT('',(1.015079608855E1,3.618764412388E0,2.791351455906E0));
#4958=CARTESIAN_POINT('',(9.999987528853E0,3.466038540978E0,2.166403927092E0));
#4959=CARTESIAN_POINT('',(1.009111006121E1,3.519868572932E0,2.186144772906E0));
#4960=CARTESIAN_POINT('',(1.018223259358E1,3.573698604886E0,2.205885618720E0));
#4961=CARTESIAN_POINT('',(1.027335512594E1,3.627528636839E0,2.225626464535E0));
#4962=B_SPLINE_SURFACE_WITH_KNOTS('',3,3,((#4822,#4823,#4824,#4825),(#4826,
#4827,#4828,#4829),(#4830,#4831,#4832,#4833),(#4834,#4835,#4836,#4837),(#4838,
#4839,#4840,#4841),(#4842,#4843,#4844,#4845),(#4846,#4847,#4848,#4849),(#4850,
#4851,#4852,#4853),(#4854,#4855,#4856,#4857),(#4858,#4859,#4860,#4861),(#4862,
#4863,#4864,#4865),(#4866,#4867,#4868,#4869),(#4870,#4871,#4872,#4873),(#4874,
#4875,#4876,#4877),(#4878,#4879,#4880,#4881),(#4882,#4883,#4884,#4885),(#4886,
#4887,#4888,#4889),(#4890,#4891,#4892,#4893),(#4894,#4895,#4896,#4897),(#4898,
#4899,#4900,#4901),(#4902,#4903,#4904,#4905),(#4906,#4907,#4908,#4909),(#4910,
#4911,#4912,#4913),(#4914,#4915,#4916,#4917),(#4918,#4919,#4920,#4921),(#4922,
#4923,#4924,#4925),(#4926,#4927,#4928,#4929),(#4930,#4931,#4932,#4933),(#4934,
#4935,#4936,#4937),(#4938,#4939,#4940,#4941),(#4942,#4943,#4944,#4945),(#4946,
#4947,#4948,#4949),(#4950,#4951,#4952,#4953),(#4954,#4955,#4956,#4957),(#4958,
#4959,#4960,#4961)),.UNSPECIFIED.,.F.,.F.,.F.,(4,1,1,1,1,1,1,1,1,1,1,1,1,1,1,1,
1,1,1,1,1,1,1,1,1,1,1,1,1,1,1,1,4),(4,4),(2.296751785336E-11,3.125000000006E-2,
6.250000000012E-2,9.375000000018E-2,1.250000000002E-1,1.562499999999E-1,
1.875E-1,2.1875E-1,2.500000000001E-1,2.812500000002E-1,3.125000000002E-1,
3.437499999999E-1,3.749999999999E-1,4.0625E-1,4.375000000001E-1,
4.687500000001E-1,5.000000000002E-1,5.312499999999E-1,5.624999999999E-1,
5.9375E-1,6.25E-1,6.562500000001E-1,6.875000000002E-1,7.187499999998E-1,
7.499999999999E-1,7.8125E-1,8.125E-1,8.437500000001E-1,8.750000000001E-1,
9.062499999998E-1,9.374999999999E-1,9.687499999999E-1,9.999999373301E-1),(
-4.299846448131E-5,1.000039955304E0),.UNSPECIFIED.);
#4963=ORIENTED_EDGE('',*,*,#4272,.T.);
#4965=ORIENTED_EDGE('',*,*,#4964,.T.);
#4967=ORIENTED_EDGE('',*,*,#4966,.T.);
#4968=ORIENTED_EDGE('',*,*,#4811,.T.);
#4969=ORIENTED_EDGE('',*,*,#4809,.T.);
#4970=EDGE_LOOP('',(#4963,#4965,#4967,#4968,#4969));
#4971=FACE_OUTER_BOUND('',#4970,.F.);
#4972=ADVANCED_FACE('',(#4971),#4962,.T.);
#4973=CARTESIAN_POINT('',(7.395368268691E0,2.505972908382E0,-7.365566481295E0));
#4974=CARTESIAN_POINT('',(7.346809119816E0,2.545541480865E0,-7.317203015635E0));
#4975=CARTESIAN_POINT('',(7.298249970941E0,2.585110053349E0,-7.268839549974E0));
#4976=CARTESIAN_POINT('',(7.249690822066E0,2.624678625832E0,-7.220476084313E0));
#4977=CARTESIAN_POINT('',(6.989766195184E0,2.514737150382E0,-7.772809658995E0));
#4978=CARTESIAN_POINT('',(6.943870293189E0,2.554305722865E0,-7.721772170705E0));
#4979=CARTESIAN_POINT('',(6.897974391195E0,2.593874295349E0,-7.670734682416E0));
#4980=CARTESIAN_POINT('',(6.852078489200E0,2.633442867832E0,-7.619697194127E0));
#4981=CARTESIAN_POINT('',(6.111137358918E0,2.532265634409E0,-8.520131349647E0));
#4982=CARTESIAN_POINT('',(6.071010671777E0,2.571834206892E0,-8.464186829833E0));
#4983=CARTESIAN_POINT('',(6.030883984637E0,2.611402779375E0,-8.408242310019E0));
#4984=CARTESIAN_POINT('',(5.990757297496E0,2.650971351859E0,-8.352297790205E0));
#4985=CARTESIAN_POINT('',(4.626785140023E0,2.558558360462E0,-9.409118081515E0));
#4986=CARTESIAN_POINT('',(4.596404942545E0,2.598126932945E0,-9.347336335278E0));
#4987=CARTESIAN_POINT('',(4.566024745066E0,2.637695505428E0,-9.285554589042E0));
#4988=CARTESIAN_POINT('',(4.535644547588E0,2.677264077911E0,-9.223772842805E0));
#4989=CARTESIAN_POINT('',(3.016448319867E0,2.584851086540E0,-1.004189625800E1));
#4990=CARTESIAN_POINT('',(2.996641846719E0,2.624419659024E0,-9.975959590930E0));
#4991=CARTESIAN_POINT('',(2.976835373570E0,2.663988231507E0,-9.910022923862E0));
#4992=CARTESIAN_POINT('',(2.957028900421E0,2.703556803990E0,-9.844086256794E0));
#4993=CARTESIAN_POINT('',(1.323974275883E0,2.611143812619E0,-1.040123713986E1));
#4994=CARTESIAN_POINT('',(1.315280852968E0,2.650712385103E0,-1.033294098416E1));
#4995=CARTESIAN_POINT('',(1.306587430053E0,2.690280957586E0,-1.026464482845E1));
#4996=CARTESIAN_POINT('',(1.297894007139E0,2.729849530069E0,-1.019634867275E1));
#4997=CARTESIAN_POINT('',(-4.045510398057E-1,2.637436538698E0,
-1.047735558011E1));
#4998=CARTESIAN_POINT('',(-4.018946941776E-1,2.677005111181E0,
-1.040855961878E1));
#4999=CARTESIAN_POINT('',(-3.992383485494E-1,2.716573683664E0,
-1.033976365745E1));
#5000=CARTESIAN_POINT('',(-3.965820029212E-1,2.756142256147E0,
-1.027096769612E1));
#5001=CARTESIAN_POINT('',(-2.122060553831E0,2.663729264777E0,
-1.026817902815E1));
#5002=CARTESIAN_POINT('',(-2.108126771143E0,2.703297837260E0,
-1.020075655289E1));
#5003=CARTESIAN_POINT('',(-2.094192988454E0,2.742866409743E0,
-1.013333407764E1));
#5004=CARTESIAN_POINT('',(-2.080259205766E0,2.782434982226E0,
-1.006591160238E1));
#5005=CARTESIAN_POINT('',(-3.781787009312E0,2.690021990856E0,
-9.779403277792E0));
#5006=CARTESIAN_POINT('',(-3.756955202196E0,2.729590563339E0,
-9.715190180835E0));
#5007=CARTESIAN_POINT('',(-3.732123395081E0,2.769159135822E0,
-9.650977083878E0));
#5008=CARTESIAN_POINT('',(-3.707291587965E0,2.808727708305E0,
-9.586763986921E0));
#5009=CARTESIAN_POINT('',(-5.338536605651E0,2.716314716935E0,
-9.024337555526E0));
#5010=CARTESIAN_POINT('',(-5.303482936329E0,2.755883289418E0,
-8.965082338621E0));
#5011=CARTESIAN_POINT('',(-5.268429267006E0,2.795451861901E0,
-8.905827121715E0));
#5012=CARTESIAN_POINT('',(-5.233375597684E0,2.835020434384E0,
-8.846571904810E0));
#5013=CARTESIAN_POINT('',(-6.749919561363E0,2.742607443014E0,
-8.023542064638E0));
#5014=CARTESIAN_POINT('',(-6.705598530014E0,2.782176015497E0,
-7.970858228017E0));
#5015=CARTESIAN_POINT('',(-6.661277498665E0,2.821744587980E0,
-7.918174391396E0));
#5016=CARTESIAN_POINT('',(-6.616956467316E0,2.861313160463E0,
-7.865490554775E0));
#5017=CARTESIAN_POINT('',(-7.977504386459E0,2.768900169092E0,
-6.804268150210E0));
#5018=CARTESIAN_POINT('',(-7.925122840459E0,2.808468741576E0,
-6.759590257496E0));
#5019=CARTESIAN_POINT('',(-7.872741294459E0,2.848037314059E0,
-6.714912364782E0));
#5020=CARTESIAN_POINT('',(-7.820359748459E0,2.887605886542E0,
-6.670234472068E0));
#5021=CARTESIAN_POINT('',(-8.987864355080E0,2.795192895171E0,
-5.399716249967E0));
#5022=CARTESIAN_POINT('',(-8.928848626934E0,2.834761467655E0,
-5.364260865497E0));
#5023=CARTESIAN_POINT('',(-8.869832898788E0,2.874330040138E0,
-5.328805481027E0));
#5024=CARTESIAN_POINT('',(-8.810817170642E0,2.913898612621E0,
-5.293350096557E0));
#5025=CARTESIAN_POINT('',(-9.753487704491E0,2.821485621250E0,
-3.848131857952E0));
#5026=CARTESIAN_POINT('',(-9.689444773255E0,2.861054193733E0,
-3.822864420146E0));
#5027=CARTESIAN_POINT('',(-9.625401842020E0,2.900622766216E0,
-3.797596982340E0));
#5028=CARTESIAN_POINT('',(-9.561358910784E0,2.940191338699E0,
-3.772329544534E0));
#5029=CARTESIAN_POINT('',(-1.025352677035E1,2.847778347329E0,
-2.191764111959E0));
#5030=CARTESIAN_POINT('',(-1.018620050412E1,2.887346919812E0,
-2.177372644767E0));
#5031=CARTESIAN_POINT('',(-1.011887423789E1,2.926915492295E0,
-2.162981177574E0));
#5032=CARTESIAN_POINT('',(-1.005154797166E1,2.966484064778E0,
-2.148589710382E0));
#5033=CARTESIAN_POINT('',(-1.047436566113E1,2.874071073408E0,
-4.757153635550E-1));
#5034=CARTESIAN_POINT('',(-1.040558933208E1,2.913639645891E0,
-4.725917418066E-1));
#5035=CARTESIAN_POINT('',(-1.033681300302E1,2.953208218374E0,
-4.694681200582E-1));
#5036=CARTESIAN_POINT('',(-1.026803667397E1,2.992776790857E0,
-4.663444983098E-1));
#5037=CARTESIAN_POINT('',(-1.040999101376E1,2.900363799487E0,1.253286943897E0));
#5038=CARTESIAN_POINT('',(-1.034163737874E1,2.939932371970E0,1.245057665100E0));
#5039=CARTESIAN_POINT('',(-1.027328374373E1,2.979500944453E0,1.236828386303E0));
#5040=CARTESIAN_POINT('',(-1.020493010871E1,3.019069516936E0,1.228599107505E0));
#5041=CARTESIAN_POINT('',(-1.006215573498E1,2.926656525566E0,2.948162647794E0));
#5042=CARTESIAN_POINT('',(-9.996086041011E0,2.966225098049E0,2.928804549087E0));
#5043=CARTESIAN_POINT('',(-9.930016347037E0,3.005793670532E0,2.909446450379E0));
#5044=CARTESIAN_POINT('',(-9.863946653063E0,3.045362243015E0,2.890088351672E0));
#5045=CARTESIAN_POINT('',(-9.440331269951E0,2.952949251644E0,4.562760843168E0));
#5046=CARTESIAN_POINT('',(-9.378344573020E0,2.992517824128E0,4.532801039273E0));
#5047=CARTESIAN_POINT('',(-9.316357876089E0,3.032086396611E0,4.502841235377E0));
#5048=CARTESIAN_POINT('',(-9.254371179158E0,3.071654969094E0,4.472881431482E0));
#5049=CARTESIAN_POINT('',(-8.561449697587E0,2.979241977723E0,6.053116556140E0));
#5050=CARTESIAN_POINT('',(-8.505233875015E0,3.018810550207E0,6.013370842697E0));
#5051=CARTESIAN_POINT('',(-8.449018052443E0,3.058379122690E0,5.973625129255E0));
#5052=CARTESIAN_POINT('',(-8.392802229870E0,3.097947695173E0,5.933879415813E0));
#5053=CARTESIAN_POINT('',(-7.449442675596E0,3.005534703802E0,7.378647895138E0));
#5054=CARTESIAN_POINT('',(-7.400528465678E0,3.045103276286E0,7.330198534861E0));
#5055=CARTESIAN_POINT('',(-7.351614255759E0,3.084671848769E0,7.281749174583E0));
#5056=CARTESIAN_POINT('',(-7.302700045841E0,3.124240421252E0,7.233299814305E0));
#5057=CARTESIAN_POINT('',(-6.134589789341E0,3.031827429881E0,8.503261081940E0));
#5058=CARTESIAN_POINT('',(-6.094309109861E0,3.071396002364E0,8.447427334952E0));
#5059=CARTESIAN_POINT('',(-6.054028430382E0,3.110964574847E0,8.391593587964E0));
#5060=CARTESIAN_POINT('',(-6.013747750902E0,3.150533147330E0,8.335759840975E0));
#5061=CARTESIAN_POINT('',(-4.652694048886E0,3.058120155960E0,9.396333272880E0));
#5062=CARTESIAN_POINT('',(-4.622143729446E0,3.097688728443E0,9.334635473704E0));
#5063=CARTESIAN_POINT('',(-4.591593410005E0,3.137257300926E0,9.272937674528E0));
#5064=CARTESIAN_POINT('',(-4.561043090564E0,3.176825873409E0,9.211239875351E0));
#5065=CARTESIAN_POINT('',(-3.044106985129E0,3.084412882039E0,1.003354640844E1));
#5066=CARTESIAN_POINT('',(-3.024118900843E0,3.123981454522E0,9.967664567793E0));
#5067=CARTESIAN_POINT('',(-3.004130816557E0,3.163550027005E0,9.901782727146E0));
#5068=CARTESIAN_POINT('',(-2.984142732270E0,3.203118599488E0,9.835900886500E0));
#5069=CARTESIAN_POINT('',(-1.352629891279E0,3.110705608118E0,1.039754938559E1));
#5070=CARTESIAN_POINT('',(-1.343748311096E0,3.150274180601E0,1.032927744426E1));
#5071=CARTESIAN_POINT('',(-1.334866730913E0,3.189842753084E0,1.026100550293E1));
#5072=CARTESIAN_POINT('',(-1.325985150729E0,3.229411325567E0,1.019273356160E1));
#5073=CARTESIAN_POINT('',(3.756788713964E-1,3.136998334197E0,1.047843052285E1));
#5074=CARTESIAN_POINT('',(3.732121049580E-1,3.176566906680E0,1.040962750328E1));
#5075=CARTESIAN_POINT('',(3.707453385195E-1,3.216135479163E0,1.034082448370E1));
#5076=CARTESIAN_POINT('',(3.682785720811E-1,3.255704051646E0,1.027202146413E1));
#5077=CARTESIAN_POINT('',(2.093758027378E0,3.163291060275E0,1.027398745071E1));
#5078=CARTESIAN_POINT('',(2.080010083521E0,3.202859632759E0,1.020652683644E1));
#5079=CARTESIAN_POINT('',(2.066262139664E0,3.242428205242E0,1.013906622217E1));
#5080=CARTESIAN_POINT('',(2.052514195807E0,3.281996777725E0,1.007160560790E1));
#5081=CARTESIAN_POINT('',(3.754824848380E0,3.189583786354E0,9.789787086464E0));
#5082=CARTESIAN_POINT('',(3.730170079045E0,3.229152358838E0,9.725505807789E0));
#5083=CARTESIAN_POINT('',(3.705515309710E0,3.268720931321E0,9.661224529114E0));
#5084=CARTESIAN_POINT('',(3.680860540375E0,3.308289503804E0,9.596943250439E0));
#5085=CARTESIAN_POINT('',(5.313649035135E0,3.215876512433E0,9.039014030907E0));
#5086=CARTESIAN_POINT('',(5.278758781507E0,3.255445084917E0,8.979662445961E0));
#5087=CARTESIAN_POINT('',(5.243868527880E0,3.295013657400E0,8.920310861014E0));
#5088=CARTESIAN_POINT('',(5.208978274252E0,3.334582229883E0,8.860959276068E0));
#5089=CARTESIAN_POINT('',(6.727784308457E0,3.242169238512E0,8.042111624301E0));
#5090=CARTESIAN_POINT('',(6.683608620653E0,3.281737810995E0,7.989305857036E0));
#5091=CARTESIAN_POINT('',(6.639432932850E0,3.321306383478E0,7.936500089771E0));
#5092=CARTESIAN_POINT('',(6.595257245046E0,3.360874955961E0,7.883694322507E0));
#5093=CARTESIAN_POINT('',(7.958724262094E0,3.268461964591E0,6.826225027924E0));
#5094=CARTESIAN_POINT('',(7.906466029339E0,3.308030537074E0,6.781402962904E0));
#5095=CARTESIAN_POINT('',(7.854207796583E0,3.347599109557E0,6.736580897884E0));
#5096=CARTESIAN_POINT('',(7.801949563827E0,3.387167682040E0,6.691758832864E0));
#5097=CARTESIAN_POINT('',(8.972950674387E0,3.294754690670E0,5.424463016909E0));
#5098=CARTESIAN_POINT('',(8.914032871809E0,3.334323263153E0,5.388845141282E0));
#5099=CARTESIAN_POINT('',(8.855115069231E0,3.373891835636E0,5.353227265656E0));
#5100=CARTESIAN_POINT('',(8.796197266653E0,3.413460408119E0,5.317609390030E0));
#5101=CARTESIAN_POINT('',(9.742847030033E0,3.321047419027E0,3.874992774724E0));
#5102=CARTESIAN_POINT('',(9.678873967136E0,3.360615991510E0,3.849548963923E0));
#5103=CARTESIAN_POINT('',(9.614900904240E0,3.400184563993E0,3.824105153121E0));
#5104=CARTESIAN_POINT('',(9.550927841344E0,3.439753136476E0,3.798661342320E0));
#5105=CARTESIAN_POINT('',(1.007924729019E1,3.338575905356E0,2.771673655408E0));
#5106=CARTESIAN_POINT('',(1.001306537038E1,3.378144477840E0,2.753474411128E0));
#5107=CARTESIAN_POINT('',(9.946883450572E0,3.417713050323E0,2.735275166847E0));
#5108=CARTESIAN_POINT('',(9.880701530764E0,3.457281622807E0,2.717075922567E0));
#5109=CARTESIAN_POINT('',(1.020094251496E1,3.347340149661E0,2.209934951798E0));
#5110=CARTESIAN_POINT('',(1.013396152521E1,3.386908722144E0,2.195424172019E0));
#5111=CARTESIAN_POINT('',(1.006698053545E1,3.426477294627E0,2.180913392240E0));
#5112=CARTESIAN_POINT('',(9.999999545694E0,3.466045867110E0,2.166402612461E0));
#5113=B_SPLINE_SURFACE_WITH_KNOTS('',3,3,((#4973,#4974,#4975,#4976),(#4977,
#4978,#4979,#4980),(#4981,#4982,#4983,#4984),(#4985,#4986,#4987,#4988),(#4989,
#4990,#4991,#4992),(#4993,#4994,#4995,#4996),(#4997,#4998,#4999,#5000),(#5001,
#5002,#5003,#5004),(#5005,#5006,#5007,#5008),(#5009,#5010,#5011,#5012),(#5013,
#5014,#5015,#5016),(#5017,#5018,#5019,#5020),(#5021,#5022,#5023,#5024),(#5025,
#5026,#5027,#5028),(#5029,#5030,#5031,#5032),(#5033,#5034,#5035,#5036),(#5037,
#5038,#5039,#5040),(#5041,#5042,#5043,#5044),(#5045,#5046,#5047,#5048),(#5049,
#5050,#5051,#5052),(#5053,#5054,#5055,#5056),(#5057,#5058,#5059,#5060),(#5061,
#5062,#5063,#5064),(#5065,#5066,#5067,#5068),(#5069,#5070,#5071,#5072),(#5073,
#5074,#5075,#5076),(#5077,#5078,#5079,#5080),(#5081,#5082,#5083,#5084),(#5085,
#5086,#5087,#5088),(#5089,#5090,#5091,#5092),(#5093,#5094,#5095,#5096),(#5097,
#5098,#5099,#5100),(#5101,#5102,#5103,#5104),(#5105,#5106,#5107,#5108),(#5109,
#5110,#5111,#5112)),.UNSPECIFIED.,.F.,.F.,.F.,(4,1,1,1,1,1,1,1,1,1,1,1,1,1,1,1,
1,1,1,1,1,1,1,1,1,1,1,1,1,1,1,1,4),(4,4),(9.301238299883E-11,3.124999974612E-2,
6.249999949265E-2,9.374999923877E-2,1.249999989849E-1,1.562499987310E-1,
1.874999984775E-1,2.187499982237E-1,2.499999979698E-1,2.812499977159E-1,
3.124999974624E-1,3.437499972086E-1,3.749999969547E-1,4.062499967008E-1,
4.374999964473E-1,4.687499961934E-1,4.999999959396E-1,5.312499956857E-1,
5.624999954322E-1,5.937499951783E-1,6.249999949245E-1,6.562499946706E-1,
6.874999944171E-1,7.187499941632E-1,7.499999939094E-1,7.812499936555E-1,
8.124999934016E-1,8.437499931481E-1,8.749999928943E-1,9.062499926404E-1,
9.374999923865E-1,9.687499921330E-1,1.E0),(-1.005604444416E-4,1.000002723996E0),
.UNSPECIFIED.);
#5114=ORIENTED_EDGE('',*,*,#4270,.T.);
#5116=ORIENTED_EDGE('',*,*,#5115,.T.);
#5118=ORIENTED_EDGE('',*,*,#5117,.T.);
#5120=ORIENTED_EDGE('',*,*,#5119,.F.);
#5121=ORIENTED_EDGE('',*,*,#4964,.F.);
#5122=EDGE_LOOP('',(#5114,#5116,#5118,#5120,#5121));
#5123=FACE_OUTER_BOUND('',#5122,.F.);
#5124=ADVANCED_FACE('',(#5123),#5113,.T.);
#5125=CARTESIAN_POINT('',(0.E0,2.985072584802E0,0.E0));
#5126=DIRECTION('',(0.E0,1.E0,0.E0));
#5127=DIRECTION('',(1.E0,0.E0,0.E0));
#5128=AXIS2_PLACEMENT_3D('',#5125,#5126,#5127);
#5129=CONICAL_SURFACE('',#5128,1.034377881137E1,1.5E1);
#5130=ORIENTED_EDGE('',*,*,#4268,.F.);
#5131=ORIENTED_EDGE('',*,*,#4123,.T.);
#5133=ORIENTED_EDGE('',*,*,#5132,.F.);
#5134=ORIENTED_EDGE('',*,*,#5117,.F.);
#5135=ORIENTED_EDGE('',*,*,#5115,.F.);
#5136=EDGE_LOOP('',(#5130,#5131,#5133,#5134,#5135));
#5137=FACE_OUTER_BOUND('',#5136,.F.);
#5138=ADVANCED_FACE('',(#5137),#5129,.T.);
#5139=CARTESIAN_POINT('',(0.E0,2.317542648054E0,0.E0));
#5140=DIRECTION('',(0.E0,1.E0,0.E0));
#5141=DIRECTION('',(1.E0,0.E0,0.E0));
#5142=AXIS2_PLACEMENT_3D('',#5139,#5140,#5141);
#5143=CONICAL_SURFACE('',#5142,9.7E0,6.E1);
#5144=ORIENTED_EDGE('',*,*,#4265,.F.);
#5145=ORIENTED_EDGE('',*,*,#4813,.T.);
#5146=ORIENTED_EDGE('',*,*,#4966,.F.);
#5147=ORIENTED_EDGE('',*,*,#5119,.T.);
#5148=ORIENTED_EDGE('',*,*,#5132,.T.);
#5149=ORIENTED_EDGE('',*,*,#4121,.F.);
#5150=ORIENTED_EDGE('',*,*,#4093,.T.);
#5151=ORIENTED_EDGE('',*,*,#4118,.T.);
#5152=EDGE_LOOP('',(#5144,#5145,#5146,#5147,#5148,#5149,#5150,#5151));
#5153=FACE_OUTER_BOUND('',#5152,.F.);
#5154=ADVANCED_FACE('',(#5153),#5143,.T.);
#5155=CARTESIAN_POINT('',(1.052097858573E1,4.226190403869E0,-2.279268283130E0));
#5156=CARTESIAN_POINT('',(1.034731905715E1,4.328778611849E0,-2.241646625380E0));
#5157=CARTESIAN_POINT('',(1.017365952858E1,4.431366819830E0,-2.204024967629E0));
#5158=CARTESIAN_POINT('',(1.E1,4.533955027810E0,-2.166403309879E0));
#5159=CARTESIAN_POINT('',(1.042220942256E1,4.233087174123E0,-2.735181378539E0));
#5160=CARTESIAN_POINT('',(1.025018018019E1,4.335675382103E0,-2.690034408141E0));
#5161=CARTESIAN_POINT('',(1.007815093783E1,4.438263590084E0,-2.644887437742E0));
#5162=CARTESIAN_POINT('',(9.906121695459E0,4.540851798064E0,-2.599740467344E0));
#5163=CARTESIAN_POINT('',(1.016531889116E1,4.246880714631E0,-3.634146880506E0));
#5164=CARTESIAN_POINT('',(9.997529890155E0,4.349468922611E0,-3.574161563655E0));
#5165=CARTESIAN_POINT('',(9.829740889151E0,4.452057130592E0,-3.514176246803E0));
#5166=CARTESIAN_POINT('',(9.661951888146E0,4.554645338572E0,-3.454190929952E0));
#5167=CARTESIAN_POINT('',(9.608427515468E0,4.267571025392E0,-4.921265484662E0));
#5168=CARTESIAN_POINT('',(9.449830577064E0,4.370159233373E0,-4.840034956807E0));
#5169=CARTESIAN_POINT('',(9.291233638661E0,4.472747441353E0,-4.758804428952E0));
#5170=CARTESIAN_POINT('',(9.132636700257E0,4.575335649334E0,-4.677573901097E0));
#5171=CARTESIAN_POINT('',(8.889379475138E0,4.288261336154E0,-6.125329805991E0));
#5172=CARTESIAN_POINT('',(8.742651161187E0,4.390849544135E0,-6.024224963146E0));
#5173=CARTESIAN_POINT('',(8.595922847236E0,4.493437752115E0,-5.923120120301E0));
#5174=CARTESIAN_POINT('',(8.449194533285E0,4.596025960096E0,-5.822015277456E0));
#5175=CARTESIAN_POINT('',(8.020309624135E0,4.308951646916E0,-7.226020108195E0));
#5176=CARTESIAN_POINT('',(7.887926198294E0,4.411539854896E0,-7.106747244435E0));
#5177=CARTESIAN_POINT('',(7.755542772454E0,4.514128062877E0,-6.987474380675E0));
#5178=CARTESIAN_POINT('',(7.623159346613E0,4.616716270857E0,-6.868201516915E0));
#5179=CARTESIAN_POINT('',(7.015884852235E0,4.329641957678E0,-8.204760376230E0));
#5180=CARTESIAN_POINT('',(6.900080486123E0,4.432230165658E0,-8.069332401787E0));
#5181=CARTESIAN_POINT('',(6.784276120012E0,4.534818373639E0,-7.933904427343E0));
#5182=CARTESIAN_POINT('',(6.668471753900E0,4.637406581619E0,-7.798476452900E0));
#5183=CARTESIAN_POINT('',(5.893056321734E0,4.350332268440E0,-9.045032914665E0));
#5184=CARTESIAN_POINT('',(5.795785390673E0,4.452920476420E0,-8.895735381253E0));
#5185=CARTESIAN_POINT('',(5.698514459611E0,4.555508684401E0,-8.746437847841E0));
#5186=CARTESIAN_POINT('',(5.601243528550E0,4.658096892381E0,-8.597140314429E0));
#5187=CARTESIAN_POINT('',(4.670773455482E0,4.371022579202E0,-9.732656814857E0));
#5188=CARTESIAN_POINT('',(4.593677555157E0,4.473610787182E0,-9.572009344614E0));
#5189=CARTESIAN_POINT('',(4.516581654831E0,4.576198995163E0,-9.411361874372E0));
#5190=CARTESIAN_POINT('',(4.439485754506E0,4.678787203143E0,-9.250714404129E0));
#5191=CARTESIAN_POINT('',(3.369664120307E0,4.391712889964E0,-1.025602735907E1));
#5192=CARTESIAN_POINT('',(3.314044362332E0,4.494301097944E0,-1.008674112189E1));
#5193=CARTESIAN_POINT('',(3.258424604358E0,4.596889305925E0,-9.917454884706E0));
#5194=CARTESIAN_POINT('',(3.202804846383E0,4.699477513905E0,-9.748168647524E0));
#5195=CARTESIAN_POINT('',(2.011686505317E0,4.412403200726E0,-1.060631184714E1));
#5196=CARTESIAN_POINT('',(1.978481558903E0,4.514991408706E0,-1.043124380567E1));
#5197=CARTESIAN_POINT('',(1.945276612489E0,4.617579616687E0,-1.025617576421E1));
#5198=CARTESIAN_POINT('',(1.912071666075E0,4.720167824667E0,-1.008110772274E1));
#5199=CARTESIAN_POINT('',(6.197585445049E-1,4.433093511487E0,
-1.077759866935E1));
#5200=CARTESIAN_POINT('',(6.095287948866E-1,4.535681719468E0,
-1.059970336343E1));
#5201=CARTESIAN_POINT('',(5.992990452684E-1,4.638269927448E0,
-1.042180805750E1));
#5202=CARTESIAN_POINT('',(5.890692956501E-1,4.740858135429E0,
-1.024391275158E1));
#5203=CARTESIAN_POINT('',(-7.826288619098E-1,4.453783822249E0,
-1.076699706949E1));
#5204=CARTESIAN_POINT('',(-7.697107708689E-1,4.556372030230E0,
-1.058927675383E1));
#5205=CARTESIAN_POINT('',(-7.567926798279E-1,4.658960238210E0,
-1.041155643818E1));
#5206=CARTESIAN_POINT('',(-7.438745887870E-1,4.761548446191E0,
-1.023383612252E1));
#5207=CARTESIAN_POINT('',(-2.171808275832E0,4.474474133011E0,
-1.057468594660E1));
#5208=CARTESIAN_POINT('',(-2.135960355578E0,4.577062340991E0,
-1.040013992302E1));
#5209=CARTESIAN_POINT('',(-2.100112435323E0,4.679650548972E0,
-1.022559389943E1));
#5210=CARTESIAN_POINT('',(-2.064264515069E0,4.782238756952E0,
-1.005104787585E1));
#5211=CARTESIAN_POINT('',(-3.524335205871E0,4.495164443773E0,
-1.020391078330E1));
#5212=CARTESIAN_POINT('',(-3.466162443194E0,4.597752651753E0,
-1.003548478359E1));
#5213=CARTESIAN_POINT('',(-3.407989680517E0,4.700340859734E0,
-9.867058783871E0));
#5214=CARTESIAN_POINT('',(-3.349816917840E0,4.802929067714E0,
-9.698632784157E0));
#5215=CARTESIAN_POINT('',(-4.817383542881E0,4.515854754535E0,
-9.660929073837E0));
#5216=CARTESIAN_POINT('',(-4.737867692885E0,4.618442962515E0,
-9.501465543433E0));
#5217=CARTESIAN_POINT('',(-4.658351842889E0,4.721031170496E0,
-9.342002013030E0));
#5218=CARTESIAN_POINT('',(-4.578835992893E0,4.823619378476E0,
-9.182538482626E0));
#5219=CARTESIAN_POINT('',(-6.029131629478E0,4.536545065297E0,
-8.954903976469E0));
#5220=CARTESIAN_POINT('',(-5.929614636075E0,4.639133273277E0,
-8.807094113504E0));
#5221=CARTESIAN_POINT('',(-5.830097642673E0,4.741721481258E0,
-8.659284250540E0));
#5222=CARTESIAN_POINT('',(-5.730580649270E0,4.844309689238E0,
-8.511474387575E0));
#5223=CARTESIAN_POINT('',(-6.769128799834E0,4.550338605805E0,
-8.383469624593E0));
#5224=CARTESIAN_POINT('',(-6.657397395129E0,4.652926813785E0,
-8.245091870947E0));
#5225=CARTESIAN_POINT('',(-6.545665990423E0,4.755515021766E0,
-8.106714117301E0));
#5226=CARTESIAN_POINT('',(-6.433934585718E0,4.858103229746E0,
-7.968336363655E0));
#5227=CARTESIAN_POINT('',(-7.119047731489E0,4.557235376059E0,
-8.074974590095E0));
#5228=CARTESIAN_POINT('',(-7.001540556382E0,4.659823584039E0,
-7.941688862996E0));
#5229=CARTESIAN_POINT('',(-6.884033381275E0,4.762411792020E0,
-7.808403135898E0));
#5230=CARTESIAN_POINT('',(-6.766526206168E0,4.865E0,-7.675117408799E0));
#5231=B_SPLINE_SURFACE_WITH_KNOTS('',3,3,((#5155,#5156,#5157,#5158),(#5159,
#5160,#5161,#5162),(#5163,#5164,#5165,#5166),(#5167,#5168,#5169,#5170),(#5171,
#5172,#5173,#5174),(#5175,#5176,#5177,#5178),(#5179,#5180,#5181,#5182),(#5183,
#5184,#5185,#5186),(#5187,#5188,#5189,#5190),(#5191,#5192,#5193,#5194),(#5195,
#5196,#5197,#5198),(#5199,#5200,#5201,#5202),(#5203,#5204,#5205,#5206),(#5207,
#5208,#5209,#5210),(#5211,#5212,#5213,#5214),(#5215,#5216,#5217,#5218),(#5219,
#5220,#5221,#5222),(#5223,#5224,#5225,#5226),(#5227,#5228,#5229,#5230)),
.UNSPECIFIED.,.F.,.F.,.F.,(4,1,1,1,1,1,1,1,1,1,1,1,1,1,1,1,4),(4,4),(0.E0,
6.249999999981E-2,1.249999999996E-1,1.875000000004E-1,2.500000000003E-1,
3.125000000001E-1,3.749999999999E-1,4.374999999997E-1,5.000000000005E-1,
5.625000000003E-1,6.250000000001E-1,6.874999999999E-1,7.499999999997E-1,
8.124999999995E-1,8.750000000004E-1,9.375000000002E-1,1.E0),(0.E0,1.E0),
.UNSPECIFIED.);
#5232=ORIENTED_EDGE('',*,*,#4255,.T.);
#5234=ORIENTED_EDGE('',*,*,#5233,.F.);
#5235=ORIENTED_EDGE('',*,*,#4479,.T.);
#5236=ORIENTED_EDGE('',*,*,#4495,.F.);
#5237=EDGE_LOOP('',(#5232,#5234,#5235,#5236));
#5238=FACE_OUTER_BOUND('',#5237,.F.);
#5239=ADVANCED_FACE('',(#5238),#5231,.T.);
#5240=CARTESIAN_POINT('',(1.E1,4.533955027810E0,-2.166403309879E0));
#5241=CARTESIAN_POINT('',(1.023722332765E1,4.674093126040E0,-2.217795450098E0));
#5242=CARTESIAN_POINT('',(1.047444665529E1,4.814231224270E0,-2.269187590318E0));
#5243=CARTESIAN_POINT('',(1.071166998294E1,4.954369322500E0,-2.320579730537E0));
#5244=CARTESIAN_POINT('',(9.906121695459E0,4.540851798064E0,-2.599740467344E0));
#5245=CARTESIAN_POINT('',(1.014111801073E1,4.680989896294E0,-2.661412375812E0));
#5246=CARTESIAN_POINT('',(1.037611432599E1,4.821127994524E0,-2.723084284279E0));
#5247=CARTESIAN_POINT('',(1.061111064126E1,4.961266092754E0,-2.784756192747E0));
#5248=CARTESIAN_POINT('',(9.661951888146E0,4.554645338572E0,-3.454190929952E0));
#5249=CARTESIAN_POINT('',(9.891155925991E0,4.694783436802E0,-3.536132396625E0));
#5250=CARTESIAN_POINT('',(1.012035996384E1,4.834921535032E0,-3.618073863297E0));
#5251=CARTESIAN_POINT('',(1.034956400168E1,4.975059633262E0,-3.700015329970E0));
#5252=CARTESIAN_POINT('',(9.132636700257E0,4.575335649334E0,-4.677573901097E0));
#5253=CARTESIAN_POINT('',(9.349284147079E0,4.715473747564E0,-4.788536865710E0));
#5254=CARTESIAN_POINT('',(9.565931593900E0,4.855611845794E0,-4.899499830322E0));
#5255=CARTESIAN_POINT('',(9.782579040722E0,4.995749944024E0,-5.010462794935E0));
#5256=CARTESIAN_POINT('',(8.449194533285E0,4.596025960096E0,-5.822015277455E0));
#5257=CARTESIAN_POINT('',(8.649629137597E0,4.736164058326E0,-5.960127061227E0));
#5258=CARTESIAN_POINT('',(8.850063741908E0,4.876302156555E0,-6.098238845E0));
#5259=CARTESIAN_POINT('',(9.050498346220E0,5.016440254785E0,-6.236350628772E0));
#5260=CARTESIAN_POINT('',(7.623159346613E0,4.616716270857E0,-6.868201516915E0));
#5261=CARTESIAN_POINT('',(7.803998469351E0,4.756854369087E0,-7.031131278793E0));
#5262=CARTESIAN_POINT('',(7.984837592090E0,4.896992467317E0,-7.194061040672E0));
#5263=CARTESIAN_POINT('',(8.165676714828E0,5.037130565547E0,-7.356990802550E0));
#5264=CARTESIAN_POINT('',(6.668471753900E0,4.637406581619E0,-7.798476452900E0));
#5265=CARTESIAN_POINT('',(6.826663459878E0,4.777544679849E0,-7.983474506373E0));
#5266=CARTESIAN_POINT('',(6.984855165855E0,4.917682778079E0,-8.168472559845E0));
#5267=CARTESIAN_POINT('',(7.143046871833E0,5.057820876309E0,-8.353470613318E0));
#5268=CARTESIAN_POINT('',(5.601243528550E0,4.658096892381E0,-8.597140314429E0));
#5269=CARTESIAN_POINT('',(5.734118091430E0,4.798234990611E0,-8.801084537792E0));
#5270=CARTESIAN_POINT('',(5.866992654309E0,4.938373088841E0,-9.005028761155E0));
#5271=CARTESIAN_POINT('',(5.999867217189E0,5.078511187071E0,-9.208972984518E0));
#5272=CARTESIAN_POINT('',(4.439485754506E0,4.678787203143E0,-9.250714404129E0));
#5273=CARTESIAN_POINT('',(4.544800712878E0,4.818925301373E0,-9.470162929534E0));
#5274=CARTESIAN_POINT('',(4.650115671251E0,4.959063399603E0,-9.689611454940E0));
#5275=CARTESIAN_POINT('',(4.755430629623E0,5.099201497833E0,-9.909059980345E0));
#5276=CARTESIAN_POINT('',(3.202804846383E0,4.699477513905E0,-9.748168647524E0));
#5277=CARTESIAN_POINT('',(3.278782848729E0,4.839615612135E0,-9.979417948026E0));
#5278=CARTESIAN_POINT('',(3.354760851075E0,4.979753710365E0,-1.021066724853E1));
#5279=CARTESIAN_POINT('',(3.430738853421E0,5.119891808595E0,-1.044191654903E1));
#5280=CARTESIAN_POINT('',(1.912071666075E0,4.720167824667E0,-1.008110772274E1));
#5281=CARTESIAN_POINT('',(1.957430466408E0,4.860305922897E0,-1.032025511477E1));
#5282=CARTESIAN_POINT('',(2.002789266740E0,5.000444021127E0,-1.055940250681E1));
#5283=CARTESIAN_POINT('',(2.048148067073E0,5.140582119357E0,-1.079854989884E1));
#5284=CARTESIAN_POINT('',(5.890692956501E-1,4.740858135429E0,
-1.024391275158E1));
#5285=CARTESIAN_POINT('',(6.030433935030E-1,4.880996233659E0,
-1.048692225868E1));
#5286=CARTESIAN_POINT('',(6.170174913559E-1,5.021134331889E0,
-1.072993176579E1));
#5287=CARTESIAN_POINT('',(6.309915892088E-1,5.161272430119E0,
-1.097294127289E1));
#5288=CARTESIAN_POINT('',(-7.438745887870E-1,4.761548446191E0,
-1.023383612252E1));
#5289=CARTESIAN_POINT('',(-7.615210293173E-1,4.901686544421E0,
-1.047660658848E1));
#5290=CARTESIAN_POINT('',(-7.791674698475E-1,5.041824642650E0,
-1.071937705443E1));
#5291=CARTESIAN_POINT('',(-7.968139103778E-1,5.181962740880E0,
-1.096214752039E1));
#5292=CARTESIAN_POINT('',(-2.064264515069E0,4.782238756952E0,
-1.005104787585E1));
#5293=CARTESIAN_POINT('',(-2.113233684809E0,4.922376855182E0,
-1.028948217819E1));
#5294=CARTESIAN_POINT('',(-2.162202854550E0,5.062514953412E0,
-1.052791648054E1));
#5295=CARTESIAN_POINT('',(-2.211172024290E0,5.202653051642E0,
-1.076635078288E1));
#5296=CARTESIAN_POINT('',(-3.349816917840E0,4.802929067714E0,
-9.698632784157E0));
#5297=CARTESIAN_POINT('',(-3.429282389465E0,4.943067165944E0,
-9.928706978425E0));
#5298=CARTESIAN_POINT('',(-3.508747861091E0,5.083205264174E0,
-1.015878117269E1));
#5299=CARTESIAN_POINT('',(-3.588213332716E0,5.223343362404E0,
-1.038885536696E1));
#5300=CARTESIAN_POINT('',(-4.578835992893E0,4.823619378476E0,
-9.182538482626E0));
#5301=CARTESIAN_POINT('',(-4.687456663991E0,4.963757476706E0,
-9.400369716135E0));
#5302=CARTESIAN_POINT('',(-4.796077335089E0,5.103895574936E0,
-9.618200949643E0));
#5303=CARTESIAN_POINT('',(-4.904698006187E0,5.244033673166E0,
-9.836032183152E0));
#5304=CARTESIAN_POINT('',(-5.730580649270E0,4.844309689238E0,
-8.511474387575E0));
#5305=CARTESIAN_POINT('',(-5.866523390366E0,4.984447787468E0,
-8.713386415315E0));
#5306=CARTESIAN_POINT('',(-6.002466131463E0,5.124585885698E0,
-8.915298443054E0));
#5307=CARTESIAN_POINT('',(-6.138408872559E0,5.264723983928E0,
-9.117210470794E0));
#5308=CARTESIAN_POINT('',(-6.433934585718E0,4.858103229746E0,
-7.968336363655E0));
#5309=CARTESIAN_POINT('',(-6.586562522946E0,4.998241327976E0,
-8.157363890454E0));
#5310=CARTESIAN_POINT('',(-6.739190460174E0,5.138379426206E0,
-8.346391417253E0));
#5311=CARTESIAN_POINT('',(-6.891818397402E0,5.278517524436E0,
-8.535418944052E0));
#5312=CARTESIAN_POINT('',(-6.766526206168E0,4.865E0,-7.675117408799E0));
#5313=CARTESIAN_POINT('',(-6.927043992491E0,5.005138098230E0,
-7.857189097978E0));
#5314=CARTESIAN_POINT('',(-7.087561778814E0,5.145276196460E0,
-8.039260787156E0));
#5315=CARTESIAN_POINT('',(-7.248079565137E0,5.285414294690E0,
-8.221332476335E0));
#5316=B_SPLINE_SURFACE_WITH_KNOTS('',3,3,((#5240,#5241,#5242,#5243),(#5244,
#5245,#5246,#5247),(#5248,#5249,#5250,#5251),(#5252,#5253,#5254,#5255),(#5256,
#5257,#5258,#5259),(#5260,#5261,#5262,#5263),(#5264,#5265,#5266,#5267),(#5268,
#5269,#5270,#5271),(#5272,#5273,#5274,#5275),(#5276,#5277,#5278,#5279),(#5280,
#5281,#5282,#5283),(#5284,#5285,#5286,#5287),(#5288,#5289,#5290,#5291),(#5292,
#5293,#5294,#5295),(#5296,#5297,#5298,#5299),(#5300,#5301,#5302,#5303),(#5304,
#5305,#5306,#5307),(#5308,#5309,#5310,#5311),(#5312,#5313,#5314,#5315)),
.UNSPECIFIED.,.F.,.F.,.F.,(4,1,1,1,1,1,1,1,1,1,1,1,1,1,1,1,4),(4,4),(0.E0,
6.249999999981E-2,1.249999999996E-1,1.875000000004E-1,2.500000000003E-1,
3.125000000001E-1,3.749999999999E-1,4.374999999997E-1,5.000000000005E-1,
5.625000000003E-1,6.250000000001E-1,6.874999999999E-1,7.499999999997E-1,
8.124999999996E-1,8.750000000004E-1,9.375000000002E-1,1.E0),(0.E0,1.E0),
.UNSPECIFIED.);
#5317=ORIENTED_EDGE('',*,*,#4253,.T.);
#5319=ORIENTED_EDGE('',*,*,#5318,.T.);
#5320=ORIENTED_EDGE('',*,*,#4388,.T.);
#5321=ORIENTED_EDGE('',*,*,#5233,.T.);
#5322=EDGE_LOOP('',(#5317,#5319,#5320,#5321));
#5323=FACE_OUTER_BOUND('',#5322,.F.);
#5324=ADVANCED_FACE('',(#5323),#5316,.T.);
#5325=CARTESIAN_POINT('',(0.E0,5.181707525287E0,0.E0));
#5326=DIRECTION('',(0.E0,1.E0,0.E0));
#5327=DIRECTION('',(1.E0,0.E0,0.E0));
#5328=AXIS2_PLACEMENT_3D('',#5325,#5326,#5327);
#5329=CONICAL_SURFACE('',#5328,1.093236536974E1,1.5E1);
#5330=ORIENTED_EDGE('',*,*,#4251,.F.);
#5332=ORIENTED_EDGE('',*,*,#5331,.T.);
#5333=ORIENTED_EDGE('',*,*,#4299,.T.);
#5334=ORIENTED_EDGE('',*,*,#4390,.T.);
#5335=ORIENTED_EDGE('',*,*,#5318,.F.);
#5336=EDGE_LOOP('',(#5330,#5332,#5333,#5334,#5335));
#5337=FACE_OUTER_BOUND('',#5336,.F.);
#5338=ADVANCED_FACE('',(#5337),#5329,.T.);
#5339=CARTESIAN_POINT('',(1.075062628930E1,5.090526718454E0,-2.329019363032E0));
#5340=CARTESIAN_POINT('',(1.050041752620E1,5.238335876050E0,-2.274814050859E0));
#5341=CARTESIAN_POINT('',(1.025020876310E1,5.386145033646E0,-2.220608738687E0));
#5342=CARTESIAN_POINT('',(1.E1,5.533954191242E0,-2.166403426514E0));
#5343=CARTESIAN_POINT('',(1.060854394443E1,5.100236000528E0,-2.984863711716E0));
#5344=CARTESIAN_POINT('',(1.036164198847E1,5.248045158123E0,-2.915394358281E0));
#5345=CARTESIAN_POINT('',(1.011474003250E1,5.395854315719E0,-2.845925004847E0));
#5346=CARTESIAN_POINT('',(9.867838076542E0,5.543663473315E0,-2.776455651412E0));
#5347=CARTESIAN_POINT('',(1.020401714692E1,5.119654564675E0,-4.270462204012E0));
#5348=CARTESIAN_POINT('',(9.966530098231E0,5.267463722271E0,-4.171071988300E0));
#5349=CARTESIAN_POINT('',(9.729043049542E0,5.415272879867E0,-4.071681772587E0));
#5350=CARTESIAN_POINT('',(9.491556000853E0,5.563082037463E0,-3.972291556875E0));
#5351=CARTESIAN_POINT('',(9.256396633808E0,5.148782410896E0,-6.056232042879E0));
#5352=CARTESIAN_POINT('',(9.040964389193E0,5.296591568492E0,-5.915280038063E0));
#5353=CARTESIAN_POINT('',(8.825532144578E0,5.444400726088E0,-5.774328033247E0));
#5354=CARTESIAN_POINT('',(8.610099899963E0,5.592209883684E0,-5.633376028431E0));
#5355=CARTESIAN_POINT('',(7.999600765673E0,5.177910257117E0,-7.639712487367E0));
#5356=CARTESIAN_POINT('',(7.813419034579E0,5.325719414712E0,-7.461906752103E0));
#5357=CARTESIAN_POINT('',(7.627237303485E0,5.473528572308E0,-7.284101016839E0));
#5358=CARTESIAN_POINT('',(7.441055572391E0,5.621337729904E0,-7.106295281575E0));
#5359=CARTESIAN_POINT('',(6.475607407947E0,5.207038103338E0,-8.968017061838E0));
#5360=CARTESIAN_POINT('',(6.324894912109E0,5.354847260933E0,-8.759296528156E0));
#5361=CARTESIAN_POINT('',(6.174182416272E0,5.502656418529E0,-8.550575994475E0));
#5362=CARTESIAN_POINT('',(6.023469920435E0,5.650465576125E0,-8.341855460793E0));
#5363=CARTESIAN_POINT('',(4.735320229141E0,5.236165949559E0,-9.996777619659E0));
#5364=CARTESIAN_POINT('',(4.625110964533E0,5.383975107154E0,-9.764113838414E0));
#5365=CARTESIAN_POINT('',(4.514901699924E0,5.531784264750E0,-9.531450057170E0));
#5366=CARTESIAN_POINT('',(4.404692435316E0,5.679593422346E0,-9.298786275925E0));
#5367=CARTESIAN_POINT('',(2.836867103704E0,5.265293795779E0,-1.069163250277E1));
#5368=CARTESIAN_POINT('',(2.770842205247E0,5.413102953375E0,-1.044279675385E1));
#5369=CARTESIAN_POINT('',(2.704817306790E0,5.560912110971E0,-1.019396100494E1));
#5370=CARTESIAN_POINT('',(2.638792408333E0,5.708721268567E0,-9.945125256016E0));
#5371=CARTESIAN_POINT('',(8.436589226934E-1,5.294421642E0,-1.102937260026E1));
#5372=CARTESIAN_POINT('',(8.240237079769E-1,5.442230799596E0,
-1.077267632957E1));
#5373=CARTESIAN_POINT('',(8.043884932605E-1,5.590039957192E0,
-1.051598005887E1));
#5374=CARTESIAN_POINT('',(7.847532785440E-1,5.737849114788E0,
-1.025928378818E1));
#5375=CARTESIAN_POINT('',(-1.177728511375E0,5.323549488221E0,
-1.099871700575E1));
#5376=CARTESIAN_POINT('',(-1.150318201857E0,5.471358645817E0,
-1.074273420962E1));
#5377=CARTESIAN_POINT('',(-1.122907892339E0,5.619167803413E0,
-1.048675141348E1));
#5378=CARTESIAN_POINT('',(-1.095497582821E0,5.766976961009E0,
-1.023076861735E1));
#5379=CARTESIAN_POINT('',(-3.159778178702E0,5.352677334442E0,
-1.060068969194E1));
#5380=CARTESIAN_POINT('',(-3.086237887328E0,5.500486492038E0,
-1.035397053489E1));
#5381=CARTESIAN_POINT('',(-3.012697595954E0,5.648295649634E0,
-1.010725137784E1));
#5382=CARTESIAN_POINT('',(-2.939157304580E0,5.796104807230E0,
-9.860532220793E0));
#5383=CARTESIAN_POINT('',(-5.036287006317E0,5.381805180663E0,
-9.848585337388E0));
#5384=CARTESIAN_POINT('',(-4.919073077699E0,5.529614338259E0,
-9.619370565220E0));
#5385=CARTESIAN_POINT('',(-4.801859149081E0,5.677423495855E0,
-9.390155793051E0));
#5386=CARTESIAN_POINT('',(-4.684645220463E0,5.825232653451E0,
-9.160941020883E0));
#5387=CARTESIAN_POINT('',(-6.744577135136E0,5.410933026884E0,
-8.767525255283E0));
#5388=CARTESIAN_POINT('',(-6.587604670722E0,5.558742184479E0,
-8.563470943418E0));
#5389=CARTESIAN_POINT('',(-6.430632206308E0,5.706551342075E0,
-8.359416631552E0));
#5390=CARTESIAN_POINT('',(-6.273659741894E0,5.854360499671E0,
-8.155362319687E0));
#5391=CARTESIAN_POINT('',(-8.227589441977E0,5.440060873105E0,
-7.393618308245E0));
#5392=CARTESIAN_POINT('',(-8.036101530279E0,5.587870030700E0,
-7.221540138847E0));
#5393=CARTESIAN_POINT('',(-7.844613618581E0,5.735679188296E0,
-7.049461969448E0));
#5394=CARTESIAN_POINT('',(-7.653125706883E0,5.883488345892E0,
-6.877383800050E0));
#5395=CARTESIAN_POINT('',(-9.435789387265E0,5.469188719326E0,
-5.772754822114E0));
#5396=CARTESIAN_POINT('',(-9.216181977618E0,5.616997876921E0,
-5.638400431508E0));
#5397=CARTESIAN_POINT('',(-8.996574567971E0,5.764807034517E0,
-5.504046040903E0));
#5398=CARTESIAN_POINT('',(-8.776967158324E0,5.912616192113E0,
-5.369691650297E0));
#5399=CARTESIAN_POINT('',(-1.032882153153E1,5.498316565546E0,
-3.959073787342E0));
#5400=CARTESIAN_POINT('',(-1.008842980084E1,5.646125723142E0,
-3.866930787605E0));
#5401=CARTESIAN_POINT('',(-9.848038070152E0,5.793934880738E0,
-3.774787787867E0));
#5402=CARTESIAN_POINT('',(-9.607646339461E0,5.941744038334E0,
-3.682644788129E0));
#5403=CARTESIAN_POINT('',(-1.087685745766E1,5.527444411767E0,
-2.013154544557E0));
#5404=CARTESIAN_POINT('',(-1.062371080576E1,5.675253569363E0,
-1.966300631588E0));
#5405=CARTESIAN_POINT('',(-1.037056415387E1,5.823062726959E0,
-1.919446718618E0));
#5406=CARTESIAN_POINT('',(-1.011741750197E1,5.970871884555E0,
-1.872592805649E0));
#5407=CARTESIAN_POINT('',(-1.106159207657E1,5.556572257988E0,
6.645349263534E-6));
#5408=CARTESIAN_POINT('',(-1.080414593372E1,5.704381415584E0,
6.490686219607E-6));
#5409=CARTESIAN_POINT('',(-1.054669979087E1,5.852190573180E0,
6.336023175679E-6));
#5410=CARTESIAN_POINT('',(-1.028925364802E1,5.999999730776E0,
6.181360131752E-6));
#5411=CARTESIAN_POINT('',(-1.087685503883E1,5.585700104209E0,2.013167561449E0));
#5412=CARTESIAN_POINT('',(-1.062370844323E1,5.733509261805E0,1.966313345526E0));
#5413=CARTESIAN_POINT('',(-1.037056184763E1,5.881318419401E0,1.919459129603E0));
#5414=CARTESIAN_POINT('',(-1.011741525203E1,6.029127576997E0,1.872604913680E0));
#5415=CARTESIAN_POINT('',(-1.032881683005E1,5.614827950430E0,3.959086000449E0));
#5416=CARTESIAN_POINT('',(-1.008842520878E1,5.762637108026E0,3.866942716465E0));
#5417=CARTESIAN_POINT('',(-9.848033587512E0,5.910446265622E0,3.774799432480E0));
#5418=CARTESIAN_POINT('',(-9.607641966244E0,6.058255423218E0,3.682656148496E0));
#5419=CARTESIAN_POINT('',(-9.435782666586E0,5.643955796651E0,5.772765753256E0));
#5420=CARTESIAN_POINT('',(-9.216175413355E0,5.791764954246E0,5.638411108241E0));
#5421=CARTESIAN_POINT('',(-8.996568160125E0,5.939574111842E0,5.504056463225E0));
#5422=CARTESIAN_POINT('',(-8.776960906894E0,6.087383269438E0,5.369701818209E0));
#5423=CARTESIAN_POINT('',(-8.227581075677E0,5.673083642872E0,7.393627561981E0));
#5424=CARTESIAN_POINT('',(-8.036093358695E0,5.820892800467E0,7.221549177213E0));
#5425=CARTESIAN_POINT('',(-7.844605641713E0,5.968701958063E0,7.049470792444E0));
#5426=CARTESIAN_POINT('',(-7.653117924731E0,6.116511115659E0,6.877392407675E0));
#5427=CARTESIAN_POINT('',(-6.744567582390E0,5.702211489093E0,8.767532544655E0));
#5428=CARTESIAN_POINT('',(-6.587595340305E0,5.850020646688E0,8.563478063138E0));
#5429=CARTESIAN_POINT('',(-6.430623098221E0,5.997829804284E0,8.359423581620E0));
#5430=CARTESIAN_POINT('',(-6.273650856136E0,6.145638961880E0,8.155369100103E0));
#5431=CARTESIAN_POINT('',(-5.036276781526E0,5.731339335313E0,9.848590502814E0));
#5432=CARTESIAN_POINT('',(-4.919063090879E0,5.879148492909E0,9.619375610426E0));
#5433=CARTESIAN_POINT('',(-4.801849400231E0,6.026957650505E0,9.390160718039E0));
#5434=CARTESIAN_POINT('',(-4.684635709583E0,6.174766808101E0,9.160945825651E0));
#5435=CARTESIAN_POINT('',(-3.159767817078E0,5.760467181534E0,1.060069271198E1));
#5436=CARTESIAN_POINT('',(-3.086227766859E0,5.908276339130E0,1.035397348464E1));
#5437=CARTESIAN_POINT('',(-3.012687716640E0,6.056085496726E0,1.010725425731E1));
#5438=CARTESIAN_POINT('',(-2.939147666421E0,6.203894654322E0,9.860535029970E0));
#5439=CARTESIAN_POINT('',(-1.177718532559E0,5.789595027755E0,1.099871799893E1));
#5440=CARTESIAN_POINT('',(-1.150308455287E0,5.937404185351E0,1.074273517969E1));
#5441=CARTESIAN_POINT('',(-1.122898378015E0,6.085213342947E0,1.048675236044E1));
#5442=CARTESIAN_POINT('',(-1.095488300743E0,6.233022500543E0,1.023076954119E1));
#5443=CARTESIAN_POINT('',(8.436680507323E-1,5.818722873976E0,1.102937181763E1));
#5444=CARTESIAN_POINT('',(8.240326235710E-1,5.966532031572E0,1.077267556515E1));
#5445=CARTESIAN_POINT('',(8.043971964097E-1,6.114341189168E0,1.051597931267E1));
#5446=CARTESIAN_POINT('',(7.847617692484E-1,6.262150346764E0,1.025928306019E1));
#5447=CARTESIAN_POINT('',(2.836874998236E0,5.847850720197E0,1.069163031147E1));
#5448=CARTESIAN_POINT('',(2.770849916042E0,5.995659877793E0,1.044279461355E1));
#5449=CARTESIAN_POINT('',(2.704824833849E0,6.143469035389E0,1.019395891563E1));
#5450=CARTESIAN_POINT('',(2.638799751655E0,6.291278192985E0,9.945123217709E0));
#5451=CARTESIAN_POINT('',(4.735326621530E0,5.876978566418E0,9.996774478210E0));
#5452=CARTESIAN_POINT('',(4.625117208146E0,6.024787724013E0,9.764110770079E0));
#5453=CARTESIAN_POINT('',(4.514907794762E0,6.172596881609E0,9.531447061948E0));
#5454=CARTESIAN_POINT('',(4.404698381378E0,6.320406039205E0,9.298783353817E0));
#5455=CARTESIAN_POINT('',(6.475612165846E0,5.906106412639E0,8.968013488520E0));
#5456=CARTESIAN_POINT('',(6.324899559275E0,6.053915570234E0,8.759293038003E0));
#5457=CARTESIAN_POINT('',(6.174186952703E0,6.201724727830E0,8.550572587486E0));
#5458=CARTESIAN_POINT('',(6.023474346131E0,6.349533885426E0,8.341852136969E0));
#5459=CARTESIAN_POINT('',(7.999603906949E0,5.935234258859E0,7.639709023284E0));
#5460=CARTESIAN_POINT('',(7.813422102745E0,6.083043416455E0,7.461903368642E0));
#5461=CARTESIAN_POINT('',(7.627240298542E0,6.230852574051E0,7.284097714001E0));
#5462=CARTESIAN_POINT('',(7.441058494338E0,6.378661731647E0,7.106292059360E0));
#5463=CARTESIAN_POINT('',(9.256398330986E0,5.964362105080E0,6.056229211888E0));
#5464=CARTESIAN_POINT('',(9.040966046871E0,6.112171262676E0,5.915277272961E0));
#5465=CARTESIAN_POINT('',(8.825533762756E0,6.259980420272E0,5.774325334033E0));
#5466=CARTESIAN_POINT('',(8.610101478641E0,6.407789577868E0,5.633373395105E0));
#5467=CARTESIAN_POINT('',(1.020401772147E1,5.993489951301E0,4.270460471833E0));
#5468=CARTESIAN_POINT('',(9.966530659409E0,6.141299108897E0,4.171070296435E0));
#5469=CARTESIAN_POINT('',(9.729043597347E0,6.289108266493E0,4.071680121037E0));
#5470=CARTESIAN_POINT('',(9.491556535285E0,6.436917424089E0,3.972289945639E0));
#5471=CARTESIAN_POINT('',(1.060854407356E1,6.012908515448E0,2.984862957580E0));
#5472=CARTESIAN_POINT('',(1.036164211459E1,6.160717673044E0,2.915393621697E0));
#5473=CARTESIAN_POINT('',(1.011474015562E1,6.308526830640E0,2.845924285814E0));
#5474=CARTESIAN_POINT('',(9.867838196654E0,6.456335988236E0,2.776454949931E0));
#5475=CARTESIAN_POINT('',(1.075062628931E1,6.022617797522E0,2.329019137231E0));
#5476=CARTESIAN_POINT('',(1.050041752621E1,6.170426955118E0,2.274813830314E0));
#5477=CARTESIAN_POINT('',(1.025020876310E1,6.318236112714E0,2.220608523396E0));
#5478=CARTESIAN_POINT('',(1.E1,6.466045270310E0,2.166403216479E0));
#5479=B_SPLINE_SURFACE_WITH_KNOTS('',3,3,((#5339,#5340,#5341,#5342),(#5343,
#5344,#5345,#5346),(#5347,#5348,#5349,#5350),(#5351,#5352,#5353,#5354),(#5355,
#5356,#5357,#5358),(#5359,#5360,#5361,#5362),(#5363,#5364,#5365,#5366),(#5367,
#5368,#5369,#5370),(#5371,#5372,#5373,#5374),(#5375,#5376,#5377,#5378),(#5379,
#5380,#5381,#5382),(#5383,#5384,#5385,#5386),(#5387,#5388,#5389,#5390),(#5391,
#5392,#5393,#5394),(#5395,#5396,#5397,#5398),(#5399,#5400,#5401,#5402),(#5403,
#5404,#5405,#5406),(#5407,#5408,#5409,#5410),(#5411,#5412,#5413,#5414),(#5415,
#5416,#5417,#5418),(#5419,#5420,#5421,#5422),(#5423,#5424,#5425,#5426),(#5427,
#5428,#5429,#5430),(#5431,#5432,#5433,#5434),(#5435,#5436,#5437,#5438),(#5439,
#5440,#5441,#5442),(#5443,#5444,#5445,#5446),(#5447,#5448,#5449,#5450),(#5451,
#5452,#5453,#5454),(#5455,#5456,#5457,#5458),(#5459,#5460,#5461,#5462),(#5463,
#5464,#5465,#5466),(#5467,#5468,#5469,#5470),(#5471,#5472,#5473,#5474),(#5475,
#5476,#5477,#5478)),.UNSPECIFIED.,.F.,.F.,.F.,(4,1,1,1,1,1,1,1,1,1,1,1,1,1,1,1,
1,1,1,1,1,1,1,1,1,1,1,1,1,1,1,1,4),(4,4),(0.E0,3.124999999994E-2,
6.249999999989E-2,9.374999999983E-2,1.250000000001E-1,1.562500000001E-1,
1.875E-1,2.1875E-1,2.499999999999E-1,2.812499999999E-1,3.125000000002E-1,
3.437500000001E-1,3.75E-1,4.0625E-1,4.374999999999E-1,4.687499999999E-1,
5.000000000002E-1,5.312500000001E-1,5.625000000001E-1,5.9375E-1,6.25E-1,
6.562499999999E-1,6.875000000002E-1,7.187500000001E-1,7.500000000001E-1,
7.8125E-1,8.125E-1,8.437499999999E-1,8.749999999999E-1,9.062500000002E-1,
9.375000000001E-1,9.687500000001E-1,1.E0),(-1.750580827799E-5,1.E0),
.UNSPECIFIED.);
#5480=ORIENTED_EDGE('',*,*,#4249,.T.);
#5482=ORIENTED_EDGE('',*,*,#5481,.F.);
#5483=ORIENTED_EDGE('',*,*,#4135,.T.);
#5484=ORIENTED_EDGE('',*,*,#4303,.F.);
#5485=ORIENTED_EDGE('',*,*,#4301,.F.);
#5486=ORIENTED_EDGE('',*,*,#5331,.F.);
#5487=EDGE_LOOP('',(#5480,#5482,#5483,#5484,#5485,#5486));
#5488=FACE_OUTER_BOUND('',#5487,.F.);
#5489=ADVANCED_FACE('',(#5488),#5479,.T.);
#5490=CARTESIAN_POINT('',(1.E1,5.533954191242E0,-2.166403426514E0));
#5491=CARTESIAN_POINT('',(1.025020875141E1,5.681763341932E0,-2.220608736154E0));
#5492=CARTESIAN_POINT('',(1.050041750282E1,5.829572492622E0,-2.274814045794E0));
#5493=CARTESIAN_POINT('',(1.075062625423E1,5.977381643311E0,-2.329019355434E0));
#5494=CARTESIAN_POINT('',(9.867838076542E0,5.543663473315E0,-2.776455651412E0));
#5495=CARTESIAN_POINT('',(1.011474002097E1,5.691472624005E0,-2.845925001601E0));
#5496=CARTESIAN_POINT('',(1.036164196539E1,5.839281774695E0,-2.915394351790E0));
#5497=CARTESIAN_POINT('',(1.060854390982E1,5.987090925385E0,-2.984863701978E0));
#5498=CARTESIAN_POINT('',(9.491556000853E0,5.563082037463E0,-3.972291556875E0));
#5499=CARTESIAN_POINT('',(9.729043038446E0,5.710891188153E0,-4.071681767944E0));
#5500=CARTESIAN_POINT('',(9.966530076039E0,5.858700338843E0,-4.171071979012E0));
#5501=CARTESIAN_POINT('',(1.020401711363E1,6.006509489532E0,-4.270462190081E0));
#5502=CARTESIAN_POINT('',(8.610099899963E0,5.592209883684E0,-5.633376028431E0));
#5503=CARTESIAN_POINT('',(8.825532134512E0,5.740019034374E0,-5.774328026661E0));
#5504=CARTESIAN_POINT('',(9.040964369062E0,5.887828185064E0,-5.915280024892E0));
#5505=CARTESIAN_POINT('',(9.256396603611E0,6.035637335753E0,-6.056232023122E0));
#5506=CARTESIAN_POINT('',(7.441055572391E0,5.621337729904E0,-7.106295281575E0));
#5507=CARTESIAN_POINT('',(7.627237294786E0,5.769146880594E0,-7.284101008532E0));
#5508=CARTESIAN_POINT('',(7.813419017181E0,5.916956031284E0,-7.461906735488E0));
#5509=CARTESIAN_POINT('',(7.999600739576E0,6.064765181974E0,-7.639712462444E0));
#5510=CARTESIAN_POINT('',(6.023469920435E0,5.650465576125E0,-8.341855460793E0));
#5511=CARTESIAN_POINT('',(6.174182409231E0,5.798274726815E0,-8.550575984723E0));
#5512=CARTESIAN_POINT('',(6.324894898026E0,5.946083877505E0,-8.759296508653E0));
#5513=CARTESIAN_POINT('',(6.475607386822E0,6.093893028195E0,-8.968017032582E0));
#5514=CARTESIAN_POINT('',(4.404692435317E0,5.679593422346E0,-9.298786275925E0));
#5515=CARTESIAN_POINT('',(4.514901694776E0,5.827402573036E0,-9.531450046299E0));
#5516=CARTESIAN_POINT('',(4.625110954235E0,5.975211723726E0,-9.764113816673E0));
#5517=CARTESIAN_POINT('',(4.735320213694E0,6.123020874416E0,-9.996777587047E0));
#5518=CARTESIAN_POINT('',(2.638792408332E0,5.708721268567E0,-9.945125256016E0));
#5519=CARTESIAN_POINT('',(2.704817303705E0,5.856530419257E0,-1.019396099331E1));
#5520=CARTESIAN_POINT('',(2.770842199077E0,6.004339569947E0,-1.044279673060E1));
#5521=CARTESIAN_POINT('',(2.836867094449E0,6.152148720637E0,-1.069163246790E1));
#5522=CARTESIAN_POINT('',(7.847532785441E-1,5.737849114788E0,
-1.025928378818E1));
#5523=CARTESIAN_POINT('',(8.043884923431E-1,5.885658265478E0,
-1.051598004688E1));
#5524=CARTESIAN_POINT('',(8.240237061421E-1,6.033467416168E0,
-1.077267630558E1));
#5525=CARTESIAN_POINT('',(8.436589199412E-1,6.181276566858E0,
-1.102937256428E1));
#5526=CARTESIAN_POINT('',(-1.095497582821E0,5.766976961009E0,
-1.023076861735E1));
#5527=CARTESIAN_POINT('',(-1.122907891058E0,5.914786111699E0,
-1.048675140152E1));
#5528=CARTESIAN_POINT('',(-1.150318199295E0,6.062595262389E0,
-1.074273418570E1));
#5529=CARTESIAN_POINT('',(-1.177728507533E0,6.210404413078E0,
-1.099871696987E1));
#5530=CARTESIAN_POINT('',(-2.939157304580E0,5.796104807230E0,
-9.860532220793E0));
#5531=CARTESIAN_POINT('',(-3.012697592518E0,5.943913957920E0,
-1.010725136631E1));
#5532=CARTESIAN_POINT('',(-3.086237880456E0,6.091723108610E0,
-1.035397051184E1));
#5533=CARTESIAN_POINT('',(-3.159778168394E0,6.239532259299E0,
-1.060068965736E1));
#5534=CARTESIAN_POINT('',(-4.684645220463E0,5.825232653451E0,
-9.160941020884E0));
#5535=CARTESIAN_POINT('',(-4.801859143605E0,5.973041804141E0,
-9.390155782343E0));
#5536=CARTESIAN_POINT('',(-4.919073066746E0,6.120850954831E0,
-9.619370543801E0));
#5537=CARTESIAN_POINT('',(-5.036286989887E0,6.268660105520E0,
-9.848585305259E0));
#5538=CARTESIAN_POINT('',(-6.273659741894E0,5.854360499671E0,
-8.155362319687E0));
#5539=CARTESIAN_POINT('',(-6.430632198974E0,6.002169650361E0,
-8.359416622019E0));
#5540=CARTESIAN_POINT('',(-6.587604656054E0,6.149978801051E0,
-8.563470924350E0));
#5541=CARTESIAN_POINT('',(-6.744577113134E0,6.297787951741E0,
-8.767525226682E0));
#5542=CARTESIAN_POINT('',(-7.653125706883E0,5.883488345892E0,
-6.877383800050E0));
#5543=CARTESIAN_POINT('',(-7.844613609634E0,6.031297496582E0,
-7.049461961409E0));
#5544=CARTESIAN_POINT('',(-8.036101512385E0,6.179106647272E0,
-7.221540122767E0));
#5545=CARTESIAN_POINT('',(-8.227589415137E0,6.326915797962E0,
-7.393618284125E0));
#5546=CARTESIAN_POINT('',(-8.776967158324E0,5.912616192113E0,
-5.369691650297E0));
#5547=CARTESIAN_POINT('',(-8.996574557710E0,6.060425342803E0,
-5.504046034625E0));
#5548=CARTESIAN_POINT('',(-9.216181957097E0,6.208234493493E0,
-5.638400418954E0));
#5549=CARTESIAN_POINT('',(-9.435789356483E0,6.356043644183E0,
-5.772754803282E0));
#5550=CARTESIAN_POINT('',(-9.607646339461E0,5.941744038334E0,
-3.682644788129E0));
#5551=CARTESIAN_POINT('',(-9.848038058920E0,6.089553189024E0,
-3.774787783562E0));
#5552=CARTESIAN_POINT('',(-1.008842977838E1,6.237362339714E0,
-3.866930778994E0));
#5553=CARTESIAN_POINT('',(-1.032882149784E1,6.385171490404E0,
-3.959073774427E0));
#5554=CARTESIAN_POINT('',(-1.011741750197E1,5.970871884555E0,
-1.872592805649E0));
#5555=CARTESIAN_POINT('',(-1.037056414204E1,6.118681035245E0,
-1.919446716429E0));
#5556=CARTESIAN_POINT('',(-1.062371078211E1,6.266490185935E0,
-1.966300627209E0));
#5557=CARTESIAN_POINT('',(-1.087685742217E1,6.414299336625E0,
-2.013154537989E0));
#5558=CARTESIAN_POINT('',(-1.028925364802E1,5.999999730776E0,
6.181360086344E-6));
#5559=CARTESIAN_POINT('',(-1.054669977884E1,6.147808881466E0,
6.336023122167E-6));
#5560=CARTESIAN_POINT('',(-1.080414590966E1,6.295618032156E0,
6.490686157989E-6));
#5561=CARTESIAN_POINT('',(-1.106159204049E1,6.443427182845E0,
6.645349193812E-6));
#5562=CARTESIAN_POINT('',(-1.011741525203E1,6.029127576997E0,1.872604913680E0));
#5563=CARTESIAN_POINT('',(-1.037056183580E1,6.176936727687E0,1.919459127414E0));
#5564=CARTESIAN_POINT('',(-1.062370841958E1,6.324745878377E0,1.966313341148E0));
#5565=CARTESIAN_POINT('',(-1.087685500335E1,6.472555029066E0,2.013167554881E0));
#5566=CARTESIAN_POINT('',(-9.607641966244E0,6.058255423218E0,3.682656148496E0));
#5567=CARTESIAN_POINT('',(-9.848033576280E0,6.206064573908E0,3.774799428175E0));
#5568=CARTESIAN_POINT('',(-1.008842518632E1,6.353873724598E0,3.866942707855E0));
#5569=CARTESIAN_POINT('',(-1.032881679635E1,6.501682875287E0,3.959085987534E0));
#5570=CARTESIAN_POINT('',(-8.776960906894E0,6.087383269438E0,5.369701818209E0));
#5571=CARTESIAN_POINT('',(-8.996568149864E0,6.235192420128E0,5.504056456948E0));
#5572=CARTESIAN_POINT('',(-9.216175392834E0,6.383001570818E0,5.638411095686E0));
#5573=CARTESIAN_POINT('',(-9.435782635804E0,6.530810721508E0,5.772765734424E0));
#5574=CARTESIAN_POINT('',(-7.653117924731E0,6.116511115659E0,6.877392407675E0));
#5575=CARTESIAN_POINT('',(-7.844605632766E0,6.264320266349E0,7.049470784404E0));
#5576=CARTESIAN_POINT('',(-8.036093340801E0,6.412129417039E0,7.221549161133E0));
#5577=CARTESIAN_POINT('',(-8.227581048836E0,6.559938567729E0,7.393627537862E0));
#5578=CARTESIAN_POINT('',(-6.273650856136E0,6.145638961880E0,8.155369100103E0));
#5579=CARTESIAN_POINT('',(-6.430623090886E0,6.293448112570E0,8.359423572087E0));
#5580=CARTESIAN_POINT('',(-6.587595325637E0,6.441257263260E0,8.563478044070E0));
#5581=CARTESIAN_POINT('',(-6.744567560387E0,6.589066413950E0,8.767532516054E0));
#5582=CARTESIAN_POINT('',(-4.684635709583E0,6.174766808101E0,9.160945825651E0));
#5583=CARTESIAN_POINT('',(-4.801849394754E0,6.322575958791E0,9.390160707329E0));
#5584=CARTESIAN_POINT('',(-4.919063079926E0,6.470385109481E0,9.619375589008E0));
#5585=CARTESIAN_POINT('',(-5.036276765097E0,6.618194260171E0,9.848590470686E0));
#5586=CARTESIAN_POINT('',(-2.939147666421E0,6.203894654322E0,9.860535029970E0));
#5587=CARTESIAN_POINT('',(-3.012687713204E0,6.351703805012E0,1.010725424578E1));
#5588=CARTESIAN_POINT('',(-3.086227759987E0,6.499512955702E0,1.035397346159E1));
#5589=CARTESIAN_POINT('',(-3.159767806771E0,6.647322106392E0,1.060069267740E1));
#5590=CARTESIAN_POINT('',(-1.095488300743E0,6.233022500543E0,1.023076954119E1));
#5591=CARTESIAN_POINT('',(-1.122898376735E0,6.380831651233E0,1.048675234848E1));
#5592=CARTESIAN_POINT('',(-1.150308452726E0,6.528640801923E0,1.074273515577E1));
#5593=CARTESIAN_POINT('',(-1.177718528717E0,6.676449952612E0,1.099871796305E1));
#5594=CARTESIAN_POINT('',(7.847617692484E-1,6.262150346764E0,1.025928306019E1));
#5595=CARTESIAN_POINT('',(8.043971954923E-1,6.409959497454E0,1.051597930068E1));
#5596=CARTESIAN_POINT('',(8.240326217362E-1,6.557768648144E0,1.077267554116E1));
#5597=CARTESIAN_POINT('',(8.436680479801E-1,6.705577798833E0,1.102937178165E1));
#5598=CARTESIAN_POINT('',(2.638799751655E0,6.291278192985E0,9.945123217709E0));
#5599=CARTESIAN_POINT('',(2.704824830764E0,6.439087343675E0,1.019395890400E1));
#5600=CARTESIAN_POINT('',(2.770849909872E0,6.586896494365E0,1.044279459030E1));
#5601=CARTESIAN_POINT('',(2.836874988981E0,6.734705645054E0,1.069163027659E1));
#5602=CARTESIAN_POINT('',(4.404698381378E0,6.320406039205E0,9.298783353817E0));
#5603=CARTESIAN_POINT('',(4.514907789613E0,6.468215189895E0,9.531447051077E0));
#5604=CARTESIAN_POINT('',(4.625117197848E0,6.616024340585E0,9.764110748338E0));
#5605=CARTESIAN_POINT('',(4.735326606083E0,6.763833491275E0,9.996774445598E0));
#5606=CARTESIAN_POINT('',(6.023474346131E0,6.349533885426E0,8.341852136969E0));
#5607=CARTESIAN_POINT('',(6.174186945661E0,6.497343036116E0,8.550572577734E0));
#5608=CARTESIAN_POINT('',(6.324899545191E0,6.645152186806E0,8.759293018499E0));
#5609=CARTESIAN_POINT('',(6.475612144721E0,6.792961337496E0,8.968013459264E0));
#5610=CARTESIAN_POINT('',(7.441058494338E0,6.378661731647E0,7.106292059359E0));
#5611=CARTESIAN_POINT('',(7.627240289843E0,6.526470882337E0,7.284097705693E0));
#5612=CARTESIAN_POINT('',(7.813422085348E0,6.674280033027E0,7.461903352027E0));
#5613=CARTESIAN_POINT('',(7.999603880852E0,6.822089183717E0,7.639708998361E0));
#5614=CARTESIAN_POINT('',(8.610101478641E0,6.407789577868E0,5.633373395105E0));
#5615=CARTESIAN_POINT('',(8.825533752691E0,6.555598728558E0,5.774325327447E0));
#5616=CARTESIAN_POINT('',(9.040966026741E0,6.703407879248E0,5.915277259789E0));
#5617=CARTESIAN_POINT('',(9.256398300790E0,6.851217029938E0,6.056229192131E0));
#5618=CARTESIAN_POINT('',(9.491556535285E0,6.436917424089E0,3.972289945639E0));
#5619=CARTESIAN_POINT('',(9.729043586251E0,6.584726574779E0,4.071680116394E0));
#5620=CARTESIAN_POINT('',(9.966530637217E0,6.732535725469E0,4.171070287148E0));
#5621=CARTESIAN_POINT('',(1.020401768818E1,6.880344876158E0,4.270460457902E0));
#5622=CARTESIAN_POINT('',(9.867838196654E0,6.456335988236E0,2.776454949932E0));
#5623=CARTESIAN_POINT('',(1.011474014409E1,6.604145138926E0,2.845924282569E0));
#5624=CARTESIAN_POINT('',(1.036164209152E1,6.751954289616E0,2.915393615206E0));
#5625=CARTESIAN_POINT('',(1.060854403895E1,6.899763440306E0,2.984862947843E0));
#5626=CARTESIAN_POINT('',(1.E1,6.466045270310E0,2.166403216479E0));
#5627=CARTESIAN_POINT('',(1.025020875141E1,6.613854421E0,2.220608520864E0));
#5628=CARTESIAN_POINT('',(1.050041750283E1,6.761663571690E0,2.274813825249E0));
#5629=CARTESIAN_POINT('',(1.075062625424E1,6.909472722379E0,2.329019129635E0));
#5630=B_SPLINE_SURFACE_WITH_KNOTS('',3,3,((#5490,#5491,#5492,#5493),(#5494,
#5495,#5496,#5497),(#5498,#5499,#5500,#5501),(#5502,#5503,#5504,#5505),(#5506,
#5507,#5508,#5509),(#5510,#5511,#5512,#5513),(#5514,#5515,#5516,#5517),(#5518,
#5519,#5520,#5521),(#5522,#5523,#5524,#5525),(#5526,#5527,#5528,#5529),(#5530,
#5531,#5532,#5533),(#5534,#5535,#5536,#5537),(#5538,#5539,#5540,#5541),(#5542,
#5543,#5544,#5545),(#5546,#5547,#5548,#5549),(#5550,#5551,#5552,#5553),(#5554,
#5555,#5556,#5557),(#5558,#5559,#5560,#5561),(#5562,#5563,#5564,#5565),(#5566,
#5567,#5568,#5569),(#5570,#5571,#5572,#5573),(#5574,#5575,#5576,#5577),(#5578,
#5579,#5580,#5581),(#5582,#5583,#5584,#5585),(#5586,#5587,#5588,#5589),(#5590,
#5591,#5592,#5593),(#5594,#5595,#5596,#5597),(#5598,#5599,#5600,#5601),(#5602,
#5603,#5604,#5605),(#5606,#5607,#5608,#5609),(#5610,#5611,#5612,#5613),(#5614,
#5615,#5616,#5617),(#5618,#5619,#5620,#5621),(#5622,#5623,#5624,#5625),(#5626,
#5627,#5628,#5629)),.UNSPECIFIED.,.F.,.F.,.F.,(4,1,1,1,1,1,1,1,1,1,1,1,1,1,1,1,
1,1,1,1,1,1,1,1,1,1,1,1,1,1,1,1,4),(4,4),(0.E0,3.124999999994E-2,
6.249999999989E-2,9.374999999983E-2,1.250000000001E-1,1.562500000001E-1,
1.875E-1,2.1875E-1,2.499999999999E-1,2.812499999999E-1,3.125000000002E-1,
3.437500000001E-1,3.750000000001E-1,4.0625E-1,4.374999999999E-1,
4.687499999999E-1,5.000000000002E-1,5.312500000001E-1,5.625000000001E-1,
5.9375E-1,6.25E-1,6.562499999999E-1,6.875000000002E-1,7.187500000002E-1,
7.500000000001E-1,7.8125E-1,8.125E-1,8.437499999999E-1,8.749999999999E-1,
9.062500000002E-1,9.375000000001E-1,9.687500000001E-1,1.E0),(2.167634778969E-13,
1.000017459085E0),.UNSPECIFIED.);
#5631=ORIENTED_EDGE('',*,*,#4137,.T.);
#5632=ORIENTED_EDGE('',*,*,#5481,.T.);
#5633=ORIENTED_EDGE('',*,*,#4247,.T.);
#5635=ORIENTED_EDGE('',*,*,#5634,.F.);
#5637=ORIENTED_EDGE('',*,*,#5636,.F.);
#5638=EDGE_LOOP('',(#5631,#5632,#5633,#5635,#5637));
#5639=FACE_OUTER_BOUND('',#5638,.F.);
#5640=ADVANCED_FACE('',(#5639),#5630,.T.);
#5641=CARTESIAN_POINT('',(0.E0,-8.79E-1,0.E0));
#5642=DIRECTION('',(0.E0,1.E0,0.E0));
#5643=DIRECTION('',(1.E0,0.E0,0.E0));
#5644=AXIS2_PLACEMENT_3D('',#5641,#5642,#5643);
#5645=CYLINDRICAL_SURFACE('',#5644,1.1E1);
#5646=ORIENTED_EDGE('',*,*,#5636,.T.);
#5647=ORIENTED_EDGE('',*,*,#5634,.T.);
#5648=ORIENTED_EDGE('',*,*,#4245,.T.);
#5650=ORIENTED_EDGE('',*,*,#5649,.T.);
#5652=ORIENTED_EDGE('',*,*,#5651,.T.);
#5653=ORIENTED_EDGE('',*,*,#4139,.T.);
#5654=EDGE_LOOP('',(#5646,#5647,#5648,#5650,#5652,#5653));
#5655=FACE_OUTER_BOUND('',#5654,.F.);
#5656=ADVANCED_FACE('',(#5655),#5645,.T.);
#5657=CARTESIAN_POINT('',(1.075062628490E1,6.090527188679E0,-2.329019122479E0));
#5658=CARTESIAN_POINT('',(1.050041752327E1,6.238336345406E0,-2.274813816201E0));
#5659=CARTESIAN_POINT('',(1.025020876163E1,6.386145502134E0,-2.220608509923E0));
#5660=CARTESIAN_POINT('',(1.E1,6.533954658861E0,-2.166403203645E0));
#5661=CARTESIAN_POINT('',(1.060854405868E1,6.100236471522E0,-2.984862991059E0));
#5662=CARTESIAN_POINT('',(1.036164210141E1,6.248045628250E0,-2.915393654776E0));
#5663=CARTESIAN_POINT('',(1.011474014414E1,6.395854784977E0,-2.845924318494E0));
#5664=CARTESIAN_POINT('',(9.867838186869E0,6.543663941705E0,-2.776454982211E0));
#5665=CARTESIAN_POINT('',(1.020401766851E1,6.119655037210E0,-4.270460594838E0));
#5666=CARTESIAN_POINT('',(9.966530608976E0,6.267464193937E0,-4.171070417120E0));
#5667=CARTESIAN_POINT('',(9.729043549447E0,6.415273350665E0,-4.071680239403E0));
#5668=CARTESIAN_POINT('',(9.491556489918E0,6.563082507392E0,-3.972290061685E0));
#5669=CARTESIAN_POINT('',(9.256398178979E0,6.148782885741E0,-6.056229436162E0));
#5670=CARTESIAN_POINT('',(9.040965899578E0,6.296592042469E0,-5.915277492785E0));
#5671=CARTESIAN_POINT('',(8.825533620178E0,6.444401199196E0,-5.774325549408E0));
#5672=CARTESIAN_POINT('',(8.610101340778E0,6.592210355924E0,-5.633373606031E0));
#5673=CARTESIAN_POINT('',(7.999603625973E0,6.177910734272E0,-7.639709306720E0));
#5674=CARTESIAN_POINT('',(7.813421829326E0,6.325719891E0,-7.461903646453E0));
#5675=CARTESIAN_POINT('',(7.627240032680E0,6.473529047727E0,-7.284097986187E0));
#5676=CARTESIAN_POINT('',(7.441058236033E0,6.621338204455E0,-7.106292325921E0));
#5677=CARTESIAN_POINT('',(6.475611739502E0,6.207038582803E0,-8.968013783476E0));
#5678=CARTESIAN_POINT('',(6.324899143676E0,6.354847739531E0,-8.759293327235E0));
#5679=CARTESIAN_POINT('',(6.174186547851E0,6.502656896258E0,-8.550572870994E0));
#5680=CARTESIAN_POINT('',(6.023473952025E0,6.650466052986E0,-8.341852414753E0));
#5681=CARTESIAN_POINT('',(4.735326047532E0,6.236166431334E0,-9.996774735223E0));
#5682=CARTESIAN_POINT('',(4.625116648110E0,6.383975588062E0,-9.764111022381E0));
#5683=CARTESIAN_POINT('',(4.514907248687E0,6.531784744789E0,-9.531447309540E0));
#5684=CARTESIAN_POINT('',(4.404697849264E0,6.679593901517E0,-9.298783596699E0));
#5685=CARTESIAN_POINT('',(2.836874288089E0,6.265294279865E0,-1.069163048291E1));
#5686=CARTESIAN_POINT('',(2.770849222785E0,6.413103436593E0,-1.044279478236E1));
#5687=CARTESIAN_POINT('',(2.704824157480E0,6.560912593320E0,-1.019395908181E1));
#5688=CARTESIAN_POINT('',(2.638799092175E0,6.708721750048E0,-9.945123381263E0));
#5689=CARTESIAN_POINT('',(8.436672285403E-1,6.294422128396E0,
-1.102937186111E1));
#5690=CARTESIAN_POINT('',(8.240318206218E-1,6.442231285124E0,
-1.077267560903E1));
#5691=CARTESIAN_POINT('',(8.043964127034E-1,6.590040441851E0,
-1.051597935694E1));
#5692=CARTESIAN_POINT('',(7.847610047849E-1,6.737849598579E0,
-1.025928310485E1));
#5693=CARTESIAN_POINT('',(-1.177719432052E0,6.323549976927E0,
-1.099871788024E1));
#5694=CARTESIAN_POINT('',(-1.150309333995E0,6.471359133655E0,
-1.074273506515E1));
#5695=CARTESIAN_POINT('',(-1.122899235938E0,6.619168290382E0,
-1.048675225007E1));
#5696=CARTESIAN_POINT('',(-1.095489137881E0,6.766977447110E0,
-1.023076943498E1));
#5697=CARTESIAN_POINT('',(-3.159768751060E0,6.352677825458E0,
-1.060069240738E1));
#5698=CARTESIAN_POINT('',(-3.086228679505E0,6.500486982186E0,
-1.035397318848E1));
#5699=CARTESIAN_POINT('',(-3.012688607951E0,6.648296138913E0,
-1.010725396959E1));
#5700=CARTESIAN_POINT('',(-2.939148536397E0,6.796105295641E0,
-9.860534750688E0));
#5701=CARTESIAN_POINT('',(-5.036277702142E0,6.381805673989E0,
-9.848590000674E0));
#5702=CARTESIAN_POINT('',(-4.919063990709E0,6.529614830717E0,
-9.619375121226E0));
#5703=CARTESIAN_POINT('',(-4.801850279275E0,6.677423987444E0,
-9.390160241777E0));
#5704=CARTESIAN_POINT('',(-4.684636567842E0,6.825233144172E0,
-9.160945362329E0));
#5705=CARTESIAN_POINT('',(-6.744568440022E0,6.410933522521E0,
-8.767531846182E0));
#5706=CARTESIAN_POINT('',(-6.587596178835E0,6.558742679248E0,
-8.563477382036E0));
#5707=CARTESIAN_POINT('',(-6.430623917648E0,6.706551835976E0,
-8.359422917890E0));
#5708=CARTESIAN_POINT('',(-6.273651656461E0,6.854360992703E0,
-8.155368453744E0));
#5709=CARTESIAN_POINT('',(-8.227581822276E0,6.440061371052E0,
-7.393626681186E0));
#5710=CARTESIAN_POINT('',(-8.036094088965E0,6.587870527779E0,
-7.221548317857E0));
#5711=CARTESIAN_POINT('',(-7.844606355653E0,6.735679684507E0,
-7.049469954528E0));
#5712=CARTESIAN_POINT('',(-7.653118622341E0,6.883488841234E0,
-6.877391591199E0));
#5713=CARTESIAN_POINT('',(-9.435783258850E0,6.469189219583E0,
-5.772764716065E0));
#5714=CARTESIAN_POINT('',(-9.216175993036E0,6.616998376310E0,
-5.638410095923E0));
#5715=CARTESIAN_POINT('',(-8.996568727221E0,6.764807533038E0,
-5.504055475780E0));
#5716=CARTESIAN_POINT('',(-8.776961461406E0,6.912616689765E0,
-5.369700855638E0));
#5717=CARTESIAN_POINT('',(-1.032881723227E1,6.498317068114E0,
-3.959084843078E0));
#5718=CARTESIAN_POINT('',(-1.008842560295E1,6.646126224841E0,
-3.866941586534E0));
#5719=CARTESIAN_POINT('',(-9.848033973634E0,6.793935381569E0,
-3.774798329989E0));
#5720=CARTESIAN_POINT('',(-9.607642344316E0,6.941744538296E0,
-3.682655073445E0));
#5721=CARTESIAN_POINT('',(-1.087685522520E1,6.527444916645E0,
-2.013166328134E0));
#5722=CARTESIAN_POINT('',(-1.062370862665E1,6.675254073372E0,
-1.966312141171E0));
#5723=CARTESIAN_POINT('',(-1.037056202809E1,6.823063230100E0,
-1.919457954208E0));
#5724=CARTESIAN_POINT('',(-1.011741542954E1,6.970872386827E0,
-1.872603767245E0));
#5725=CARTESIAN_POINT('',(-1.106159203290E1,6.556572765176E0,
-5.385582636852E-6));
#5726=CARTESIAN_POINT('',(-1.080414589247E1,6.704381921903E0,
-5.260239182792E-6));
#5727=CARTESIAN_POINT('',(-1.054669975205E1,6.852191078631E0,
-5.134895728731E-6));
#5728=CARTESIAN_POINT('',(-1.028925361162E1,7.000000235358E0,
-5.009552274560E-6));
#5729=CARTESIAN_POINT('',(-1.087685718232E1,6.585700613707E0,2.013155779115E0));
#5730=CARTESIAN_POINT('',(-1.062371053822E1,6.733509770434E0,1.966301837669E0));
#5731=CARTESIAN_POINT('',(-1.037056389411E1,6.881318927162E0,1.919447896222E0));
#5732=CARTESIAN_POINT('',(-1.011741725001E1,7.029128083889E0,1.872593954776E0));
#5733=CARTESIAN_POINT('',(-1.032882103559E1,6.614828462238E0,3.959074946086E0));
#5734=CARTESIAN_POINT('',(-1.008842931775E1,6.762637618965E0,3.866931919883E0));
#5735=CARTESIAN_POINT('',(-9.848037599916E0,6.910446775693E0,3.774788893680E0));
#5736=CARTESIAN_POINT('',(-9.607645882081E0,7.058255932420E0,3.682645867477E0));
#5737=CARTESIAN_POINT('',(-9.435788693809E0,6.643956310769E0,5.772755858643E0));
#5738=CARTESIAN_POINT('',(-9.216181301502E0,6.791765467497E0,5.638401444647E0));
#5739=CARTESIAN_POINT('',(-8.996573909194E0,6.939574624224E0,5.504047030652E0));
#5740=CARTESIAN_POINT('',(-8.776966516887E0,7.087383780952E0,5.369692616656E0));
#5741=CARTESIAN_POINT('',(-8.227588584742E0,6.673084159300E0,7.393619183271E0));
#5742=CARTESIAN_POINT('',(-8.036100694041E0,6.820893316028E0,7.221540994448E0));
#5743=CARTESIAN_POINT('',(-7.844612803341E0,6.968702472755E0,7.049462805624E0));
#5744=CARTESIAN_POINT('',(-7.653124912640E0,7.116511629483E0,6.877384616801E0));
#5745=CARTESIAN_POINT('',(-6.744576156368E0,6.702212007831E0,8.767525939093E0));
#5746=CARTESIAN_POINT('',(-6.587603715591E0,6.850021164559E0,8.563471612428E0));
#5747=CARTESIAN_POINT('',(-6.430631274815E0,6.997830321286E0,8.359417285762E0));
#5748=CARTESIAN_POINT('',(-6.273658834038E0,7.145639478014E0,8.155362959097E0));
#5749=CARTESIAN_POINT('',(-5.036285954122E0,6.731339856362E0,9.848585811715E0));
#5750=CARTESIAN_POINT('',(-4.919072050633E0,6.879149013090E0,9.619371029760E0));
#5751=CARTESIAN_POINT('',(-4.801858147143E0,7.026958169817E0,9.390156247805E0));
#5752=CARTESIAN_POINT('',(-4.684644243654E0,7.174767326545E0,9.160941465850E0));
#5753=CARTESIAN_POINT('',(-3.159777103986E0,6.760467704893E0,1.060068995113E1));
#5754=CARTESIAN_POINT('',(-3.086236838026E0,6.908276861621E0,1.035397078940E1));
#5755=CARTESIAN_POINT('',(-3.012696572067E0,7.056086018348E0,1.010725162766E1));
#5756=CARTESIAN_POINT('',(-2.939156306107E0,7.203895175076E0,9.860532465932E0));
#5757=CARTESIAN_POINT('',(-1.177727464562E0,6.789595553424E0,1.099871705714E1));
#5758=CARTESIAN_POINT('',(-1.150317179558E0,6.937404710152E0,1.074273426121E1));
#5759=CARTESIAN_POINT('',(-1.122906894553E0,7.085213866879E0,1.048675146528E1));
#5760=CARTESIAN_POINT('',(-1.095496609548E0,7.233023023607E0,1.023076866935E1));
#5761=CARTESIAN_POINT('',(8.436598949552E-1,6.818723401955E0,1.102937246371E1));
#5762=CARTESIAN_POINT('',(8.240246577178E-1,6.966532558683E0,1.077267619759E1));
#5763=CARTESIAN_POINT('',(8.043894204804E-1,7.114341715410E0,1.051597993148E1));
#5764=CARTESIAN_POINT('',(7.847541832430E-1,7.262150872138E0,1.025928366537E1));
#5765=CARTESIAN_POINT('',(2.836867961668E0,6.847851250486E0,1.069163220939E1));
#5766=CARTESIAN_POINT('',(2.770843043603E0,6.995660407214E0,1.044279646866E1));
#5767=CARTESIAN_POINT('',(2.704818125539E0,7.143469563941E0,1.019396072793E1));
#5768=CARTESIAN_POINT('',(2.638793207474E0,7.291278720669E0,9.945124987200E0));
#5769=CARTESIAN_POINT('',(4.735320942699E0,6.876979099017E0,9.996777209792E0));
#5770=CARTESIAN_POINT('',(4.625111662086E0,7.024788255745E0,9.764113439358E0));
#5771=CARTESIAN_POINT('',(4.514902381472E0,7.172597412472E0,9.531449668924E0));
#5772=CARTESIAN_POINT('',(4.404693100859E0,7.320406569200E0,9.298785898490E0));
#5773=CARTESIAN_POINT('',(6.475607958813E0,6.906106947548E0,8.968016582363E0));
#5774=CARTESIAN_POINT('',(6.324895450979E0,7.053916104276E0,8.759296060981E0));
#5775=CARTESIAN_POINT('',(6.174182943144E0,7.201725261003E0,8.550575539599E0));
#5776=CARTESIAN_POINT('',(6.023470435310E0,7.349534417731E0,8.341855018217E0));
#5777=CARTESIAN_POINT('',(7.999601148873E0,6.935234796079E0,7.639711988511E0));
#5778=CARTESIAN_POINT('',(7.813419409877E0,7.083043952807E0,7.461906265829E0));
#5779=CARTESIAN_POINT('',(7.627237670882E0,7.230853109534E0,7.284100543147E0));
#5780=CARTESIAN_POINT('',(7.441055931887E0,7.378662266262E0,7.106294820465E0));
#5781=CARTESIAN_POINT('',(9.256396858328E0,6.964362644610E0,6.056231574698E0));
#5782=CARTESIAN_POINT('',(9.040964609665E0,7.112171801338E0,5.915279581549E0));
#5783=CARTESIAN_POINT('',(8.825532361001E0,7.259980958065E0,5.774327588399E0));
#5784=CARTESIAN_POINT('',(8.610100112338E0,7.407790114793E0,5.633375595250E0));
#5785=CARTESIAN_POINT('',(1.020401723548E1,6.993490493141E0,4.270461812738E0));
#5786=CARTESIAN_POINT('',(9.966530186033E0,7.141299649869E0,4.171071606675E0));
#5787=CARTESIAN_POINT('',(9.729043136581E0,7.289108806596E0,4.071681400612E0));
#5788=CARTESIAN_POINT('',(9.491556087129E0,7.436917963324E0,3.972291194549E0));
#5789=CARTESIAN_POINT('',(1.060854396591E1,7.012909058829E0,2.984863397611E0));
#5790=CARTESIAN_POINT('',(1.036164201080E1,7.160718215556E0,2.915394051867E0));
#5791=CARTESIAN_POINT('',(1.011474005569E1,7.308527372284E0,2.845924706122E0));
#5792=CARTESIAN_POINT('',(9.867838100573E0,7.456336529011E0,2.776455360378E0));
#5793=CARTESIAN_POINT('',(1.075062628490E1,7.022618341672E0,2.329019092217E0));
#5794=CARTESIAN_POINT('',(1.050041752327E1,7.170427498400E0,2.274813786643E0));
#5795=CARTESIAN_POINT('',(1.025020876163E1,7.318236655127E0,2.220608481070E0));
#5796=CARTESIAN_POINT('',(1.E1,7.466045811855E0,2.166403175496E0));
#5797=B_SPLINE_SURFACE_WITH_KNOTS('',3,3,((#5657,#5658,#5659,#5660),(#5661,
#5662,#5663,#5664),(#5665,#5666,#5667,#5668),(#5669,#5670,#5671,#5672),(#5673,
#5674,#5675,#5676),(#5677,#5678,#5679,#5680),(#5681,#5682,#5683,#5684),(#5685,
#5686,#5687,#5688),(#5689,#5690,#5691,#5692),(#5693,#5694,#5695,#5696),(#5697,
#5698,#5699,#5700),(#5701,#5702,#5703,#5704),(#5705,#5706,#5707,#5708),(#5709,
#5710,#5711,#5712),(#5713,#5714,#5715,#5716),(#5717,#5718,#5719,#5720),(#5721,
#5722,#5723,#5724),(#5725,#5726,#5727,#5728),(#5729,#5730,#5731,#5732),(#5733,
#5734,#5735,#5736),(#5737,#5738,#5739,#5740),(#5741,#5742,#5743,#5744),(#5745,
#5746,#5747,#5748),(#5749,#5750,#5751,#5752),(#5753,#5754,#5755,#5756),(#5757,
#5758,#5759,#5760),(#5761,#5762,#5763,#5764),(#5765,#5766,#5767,#5768),(#5769,
#5770,#5771,#5772),(#5773,#5774,#5775,#5776),(#5777,#5778,#5779,#5780),(#5781,
#5782,#5783,#5784),(#5785,#5786,#5787,#5788),(#5789,#5790,#5791,#5792),(#5793,
#5794,#5795,#5796)),.UNSPECIFIED.,.F.,.F.,.F.,(4,1,1,1,1,1,1,1,1,1,1,1,1,1,1,1,
1,1,1,1,1,1,1,1,1,1,1,1,1,1,1,1,4),(4,4),(0.E0,3.124999999977E-2,
6.249999999991E-2,9.374999999968E-2,1.249999999998E-1,1.5625E-1,
1.874999999997E-1,2.187499999999E-1,2.5E-1,2.812499999998E-1,3.124999999999E-1,
3.4375E-1,3.749999999998E-1,4.0625E-1,4.374999999997E-1,4.687499999999E-1,5.E-1,
5.312499999998E-1,5.624999999999E-1,5.9375E-1,6.249999999998E-1,6.5625E-1,
6.874999999997E-1,7.187499999999E-1,7.5E-1,7.812499999998E-1,8.124999999999E-1,
8.4375E-1,8.749999999998E-1,9.0625E-1,9.375000000001E-1,9.687499999999E-1,1.E0),
(-1.747681623889E-5,1.E0),.UNSPECIFIED.);
#5798=ORIENTED_EDGE('',*,*,#4243,.T.);
#5800=ORIENTED_EDGE('',*,*,#5799,.F.);
#5801=ORIENTED_EDGE('',*,*,#4141,.T.);
#5802=ORIENTED_EDGE('',*,*,#5651,.F.);
#5803=ORIENTED_EDGE('',*,*,#5649,.F.);
#5804=EDGE_LOOP('',(#5798,#5800,#5801,#5802,#5803));
#5805=FACE_OUTER_BOUND('',#5804,.F.);
#5806=ADVANCED_FACE('',(#5805),#5797,.T.);
#5807=CARTESIAN_POINT('',(1.E1,6.533954658861E0,-2.166403203645E0));
#5808=CARTESIAN_POINT('',(1.025020876076E1,6.681763815070E0,-2.220608509733E0));
#5809=CARTESIAN_POINT('',(1.050041752151E1,6.829572971279E0,-2.274813815821E0));
#5810=CARTESIAN_POINT('',(1.075062628227E1,6.977382127488E0,-2.329019121908E0));
#5811=CARTESIAN_POINT('',(9.867838186869E0,6.543663941705E0,-2.776454982211E0));
#5812=CARTESIAN_POINT('',(1.011474014327E1,6.691473097914E0,-2.845924318250E0));
#5813=CARTESIAN_POINT('',(1.036164209968E1,6.839282254123E0,-2.915393654289E0));
#5814=CARTESIAN_POINT('',(1.060854405609E1,6.987091410332E0,-2.984862990328E0));
#5815=CARTESIAN_POINT('',(9.491556489918E0,6.563082507392E0,-3.972290061685E0));
#5816=CARTESIAN_POINT('',(9.729043548614E0,6.710891663601E0,-4.071680239054E0));
#5817=CARTESIAN_POINT('',(9.966530607310E0,6.858700819810E0,-4.171070416423E0));
#5818=CARTESIAN_POINT('',(1.020401766601E1,7.006509976019E0,-4.270460593792E0));
#5819=CARTESIAN_POINT('',(8.610101340778E0,6.592210355924E0,-5.633373606031E0));
#5820=CARTESIAN_POINT('',(8.825533619422E0,6.740019512133E0,-5.774325548914E0));
#5821=CARTESIAN_POINT('',(9.040965898067E0,6.887828668342E0,-5.915277491796E0));
#5822=CARTESIAN_POINT('',(9.256398176711E0,7.035637824550E0,-6.056229434679E0));
#5823=CARTESIAN_POINT('',(7.441058236033E0,6.621338204455E0,-7.106292325921E0));
#5824=CARTESIAN_POINT('',(7.627240032026E0,6.769147360664E0,-7.284097985563E0));
#5825=CARTESIAN_POINT('',(7.813421828020E0,6.916956516873E0,-7.461903645206E0));
#5826=CARTESIAN_POINT('',(7.999603624013E0,7.064765673081E0,-7.639709304848E0));
#5827=CARTESIAN_POINT('',(6.023473952025E0,6.650466052986E0,-8.341852414753E0));
#5828=CARTESIAN_POINT('',(6.174186547322E0,6.798275209195E0,-8.550572870262E0));
#5829=CARTESIAN_POINT('',(6.324899142619E0,6.946084365404E0,-8.759293325771E0));
#5830=CARTESIAN_POINT('',(6.475611737916E0,7.093893521612E0,-8.968013781279E0));
#5831=CARTESIAN_POINT('',(4.404697849264E0,6.679593901517E0,-9.298783596699E0));
#5832=CARTESIAN_POINT('',(4.514907248300E0,6.827403057726E0,-9.531447308724E0));
#5833=CARTESIAN_POINT('',(4.625116647336E0,6.975212213935E0,-9.764111020749E0));
#5834=CARTESIAN_POINT('',(4.735326046372E0,7.123021370143E0,-9.996774732774E0));
#5835=CARTESIAN_POINT('',(2.638799092175E0,6.708721750048E0,-9.945123381263E0));
#5836=CARTESIAN_POINT('',(2.704824157248E0,6.856530906257E0,-1.019395908094E1));
#5837=CARTESIAN_POINT('',(2.770849222321E0,7.004340062466E0,-1.044279478061E1));
#5838=CARTESIAN_POINT('',(2.836874287394E0,7.152149218674E0,-1.069163048029E1));
#5839=CARTESIAN_POINT('',(7.847610047849E-1,6.737849598579E0,
-1.025928310485E1));
#5840=CARTESIAN_POINT('',(8.043964126345E-1,6.885658754788E0,
-1.051597935604E1));
#5841=CARTESIAN_POINT('',(8.240318204840E-1,7.033467910997E0,
-1.077267560723E1));
#5842=CARTESIAN_POINT('',(8.436672283336E-1,7.181277067205E0,
-1.102937185841E1));
#5843=CARTESIAN_POINT('',(-1.095489137881E0,6.766977447110E0,
-1.023076943498E1));
#5844=CARTESIAN_POINT('',(-1.122899235842E0,6.914786603319E0,
-1.048675224917E1));
#5845=CARTESIAN_POINT('',(-1.150309333802E0,7.062595759528E0,
-1.074273506336E1));
#5846=CARTESIAN_POINT('',(-1.177719431763E0,7.210404915737E0,
-1.099871787755E1));
#5847=CARTESIAN_POINT('',(-2.939148536397E0,6.796105295641E0,
-9.860534750688E0));
#5848=CARTESIAN_POINT('',(-3.012688607693E0,6.943914451850E0,
-1.010725396872E1));
#5849=CARTESIAN_POINT('',(-3.086228678989E0,7.091723608059E0,
-1.035397318675E1));
#5850=CARTESIAN_POINT('',(-3.159768750286E0,7.239532764268E0,
-1.060069240479E1));
#5851=CARTESIAN_POINT('',(-4.684636567842E0,6.825233144172E0,
-9.160945362329E0));
#5852=CARTESIAN_POINT('',(-4.801850278864E0,6.973042300381E0,
-9.390160240973E0));
#5853=CARTESIAN_POINT('',(-4.919063989886E0,7.120851456590E0,
-9.619375119617E0));
#5854=CARTESIAN_POINT('',(-5.036277700908E0,7.268660612799E0,
-9.848589998262E0));
#5855=CARTESIAN_POINT('',(-6.273651656461E0,6.854360992703E0,
-8.155368453744E0));
#5856=CARTESIAN_POINT('',(-6.430623917097E0,7.002170148912E0,
-8.359422917174E0));
#5857=CARTESIAN_POINT('',(-6.587596177734E0,7.149979305121E0,
-8.563477380604E0));
#5858=CARTESIAN_POINT('',(-6.744568438370E0,7.297788461330E0,
-8.767531844035E0));
#5859=CARTESIAN_POINT('',(-7.653118622341E0,6.883488841234E0,
-6.877391591199E0));
#5860=CARTESIAN_POINT('',(-7.844606354981E0,7.031297997443E0,
-7.049469953924E0));
#5861=CARTESIAN_POINT('',(-8.036094087621E0,7.179107153652E0,
-7.221548316650E0));
#5862=CARTESIAN_POINT('',(-8.227581820261E0,7.326916309861E0,
-7.393626679375E0));
#5863=CARTESIAN_POINT('',(-8.776961461406E0,6.912616689765E0,
-5.369700855638E0));
#5864=CARTESIAN_POINT('',(-8.996568726450E0,7.060425845974E0,
-5.504055475309E0));
#5865=CARTESIAN_POINT('',(-9.216175991495E0,7.208235002183E0,
-5.638410094980E0));
#5866=CARTESIAN_POINT('',(-9.435783256539E0,7.356044158392E0,
-5.772764714651E0));
#5867=CARTESIAN_POINT('',(-9.607642344316E0,6.941744538296E0,
-3.682655073445E0));
#5868=CARTESIAN_POINT('',(-9.848033972791E0,7.089553694505E0,
-3.774798329666E0));
#5869=CARTESIAN_POINT('',(-1.008842560127E1,7.237362850714E0,
-3.866941585887E0));
#5870=CARTESIAN_POINT('',(-1.032881722974E1,7.385172006923E0,
-3.959084842108E0));
#5871=CARTESIAN_POINT('',(-1.011741542954E1,6.970872386827E0,
-1.872603767245E0));
#5872=CARTESIAN_POINT('',(-1.037056202720E1,7.118681543036E0,
-1.919457954044E0));
#5873=CARTESIAN_POINT('',(-1.062370862487E1,7.266490699245E0,
-1.966312140842E0));
#5874=CARTESIAN_POINT('',(-1.087685522253E1,7.414299855454E0,
-2.013166327641E0));
#5875=CARTESIAN_POINT('',(-1.028925361162E1,7.000000235358E0,
-5.009552274560E-6));
#5876=CARTESIAN_POINT('',(-1.054669975114E1,7.147809391567E0,
-5.134895725845E-6));
#5877=CARTESIAN_POINT('',(-1.080414589067E1,7.295618547776E0,
-5.260239177463E-6));
#5878=CARTESIAN_POINT('',(-1.106159203019E1,7.443427703985E0,
-5.385582628636E-6));
#5879=CARTESIAN_POINT('',(-1.011741725001E1,7.029128083889E0,1.872593954776E0));
#5880=CARTESIAN_POINT('',(-1.037056389323E1,7.176937240098E0,1.919447896058E0));
#5881=CARTESIAN_POINT('',(-1.062371053644E1,7.324746396307E0,1.966301837340E0));
#5882=CARTESIAN_POINT('',(-1.087685717966E1,7.472555552516E0,2.013155778622E0));
#5883=CARTESIAN_POINT('',(-9.607645882081E0,7.058255932420E0,3.682645867477E0));
#5884=CARTESIAN_POINT('',(-9.848037599072E0,7.206065088629E0,3.774788893357E0));
#5885=CARTESIAN_POINT('',(-1.008842931606E1,7.353874244838E0,3.866931919236E0));
#5886=CARTESIAN_POINT('',(-1.032882103306E1,7.501683401047E0,3.959074945116E0));
#5887=CARTESIAN_POINT('',(-8.776966516887E0,7.087383780952E0,5.369692616656E0));
#5888=CARTESIAN_POINT('',(-8.996573908424E0,7.235192937161E0,5.504047030180E0));
#5889=CARTESIAN_POINT('',(-9.216181299961E0,7.383002093370E0,5.638401443705E0));
#5890=CARTESIAN_POINT('',(-9.435788691498E0,7.530811249578E0,5.772755857229E0));
#5891=CARTESIAN_POINT('',(-7.653124912640E0,7.116511629483E0,6.877384616801E0));
#5892=CARTESIAN_POINT('',(-7.844612802669E0,7.264320785692E0,7.049462805021E0));
#5893=CARTESIAN_POINT('',(-8.036100692698E0,7.412129941901E0,7.221540993240E0));
#5894=CARTESIAN_POINT('',(-8.227588582726E0,7.559939098109E0,7.393619181460E0));
#5895=CARTESIAN_POINT('',(-6.273658834038E0,7.145639478014E0,8.155362959097E0));
#5896=CARTESIAN_POINT('',(-6.430631274264E0,7.293448634223E0,8.359417285046E0));
#5897=CARTESIAN_POINT('',(-6.587603714490E0,7.441257790432E0,8.563471610996E0));
#5898=CARTESIAN_POINT('',(-6.744576154716E0,7.589066946640E0,8.767525936945E0));
#5899=CARTESIAN_POINT('',(-4.684644243654E0,7.174767326545E0,9.160941465850E0));
#5900=CARTESIAN_POINT('',(-4.801858146732E0,7.322576482754E0,9.390156247001E0));
#5901=CARTESIAN_POINT('',(-4.919072049810E0,7.470385638963E0,9.619371028152E0));
#5902=CARTESIAN_POINT('',(-5.036285952889E0,7.618194795171E0,9.848585809303E0));
#5903=CARTESIAN_POINT('',(-2.939156306107E0,7.203895175076E0,9.860532465932E0));
#5904=CARTESIAN_POINT('',(-3.012696571809E0,7.351704331285E0,1.010725162680E1));
#5905=CARTESIAN_POINT('',(-3.086236837510E0,7.499513487494E0,1.035397078767E1));
#5906=CARTESIAN_POINT('',(-3.159777103212E0,7.647322643702E0,1.060068994853E1));
#5907=CARTESIAN_POINT('',(-1.095496609548E0,7.233023023607E0,1.023076866935E1));
#5908=CARTESIAN_POINT('',(-1.122906894457E0,7.380832179816E0,1.048675146438E1));
#5909=CARTESIAN_POINT('',(-1.150317179365E0,7.528641336025E0,1.074273425941E1));
#5910=CARTESIAN_POINT('',(-1.177727464274E0,7.676450492233E0,1.099871705444E1));
#5911=CARTESIAN_POINT('',(7.847541832430E-1,7.262150872138E0,1.025928366537E1));
#5912=CARTESIAN_POINT('',(8.043894204115E-1,7.409960028347E0,1.051597993058E1));
#5913=CARTESIAN_POINT('',(8.240246575800E-1,7.557769184556E0,1.077267619579E1));
#5914=CARTESIAN_POINT('',(8.436598947486E-1,7.705578340764E0,1.102937246100E1));
#5915=CARTESIAN_POINT('',(2.638793207474E0,7.291278720669E0,9.945124987200E0));
#5916=CARTESIAN_POINT('',(2.704818125307E0,7.439087876878E0,1.019396072706E1));
#5917=CARTESIAN_POINT('',(2.770843043140E0,7.586897033087E0,1.044279646692E1));
#5918=CARTESIAN_POINT('',(2.836867960973E0,7.734706189295E0,1.069163220677E1));
#5919=CARTESIAN_POINT('',(4.404693100859E0,7.320406569200E0,9.298785898490E0));
#5920=CARTESIAN_POINT('',(4.514902381086E0,7.468215725409E0,9.531449668108E0));
#5921=CARTESIAN_POINT('',(4.625111661312E0,7.616024881618E0,9.764113437725E0));
#5922=CARTESIAN_POINT('',(4.735320941539E0,7.763834037826E0,9.996777207343E0));
#5923=CARTESIAN_POINT('',(6.023470435310E0,7.349534417731E0,8.341855018217E0));
#5924=CARTESIAN_POINT('',(6.174182942616E0,7.497343573940E0,8.550575538867E0));
#5925=CARTESIAN_POINT('',(6.324895449921E0,7.645152730149E0,8.759296059517E0));
#5926=CARTESIAN_POINT('',(6.475607957227E0,7.792961886357E0,8.968016580167E0));
#5927=CARTESIAN_POINT('',(7.441055931887E0,7.378662266262E0,7.106294820465E0));
#5928=CARTESIAN_POINT('',(7.627237670229E0,7.526471422471E0,7.284100542523E0));
#5929=CARTESIAN_POINT('',(7.813419408571E0,7.674280578680E0,7.461906264581E0));
#5930=CARTESIAN_POINT('',(7.999601146913E0,7.822089734888E0,7.639711986640E0));
#5931=CARTESIAN_POINT('',(8.610100112338E0,7.407790114793E0,5.633375595250E0));
#5932=CARTESIAN_POINT('',(8.825532360246E0,7.555599271002E0,5.774327587905E0));
#5933=CARTESIAN_POINT('',(9.040964608153E0,7.703408427211E0,5.915279580560E0));
#5934=CARTESIAN_POINT('',(9.256396856061E0,7.851217583419E0,6.056231573215E0));
#5935=CARTESIAN_POINT('',(9.491556087129E0,7.436917963324E0,3.972291194549E0));
#5936=CARTESIAN_POINT('',(9.729043135748E0,7.584727119533E0,4.071681400263E0));
#5937=CARTESIAN_POINT('',(9.966530184367E0,7.732536275742E0,4.171071605978E0));
#5938=CARTESIAN_POINT('',(1.020401723299E1,7.880345431950E0,4.270461811692E0));
#5939=CARTESIAN_POINT('',(9.867838100573E0,7.456336529011E0,2.776455360378E0));
#5940=CARTESIAN_POINT('',(1.011474005482E1,7.604145685220E0,2.845924705879E0));
#5941=CARTESIAN_POINT('',(1.036164200907E1,7.751954841429E0,2.915394051379E0));
#5942=CARTESIAN_POINT('',(1.060854396332E1,7.899763997638E0,2.984863396880E0));
#5943=CARTESIAN_POINT('',(1.E1,7.466045811855E0,2.166403175496E0));
#5944=CARTESIAN_POINT('',(1.025020876076E1,7.613854968064E0,2.220608480879E0));
#5945=CARTESIAN_POINT('',(1.050041752151E1,7.761664124273E0,2.274813786263E0));
#5946=CARTESIAN_POINT('',(1.075062628227E1,7.909473280481E0,2.329019091646E0));
#5947=B_SPLINE_SURFACE_WITH_KNOTS('',3,3,((#5807,#5808,#5809,#5810),(#5811,
#5812,#5813,#5814),(#5815,#5816,#5817,#5818),(#5819,#5820,#5821,#5822),(#5823,
#5824,#5825,#5826),(#5827,#5828,#5829,#5830),(#5831,#5832,#5833,#5834),(#5835,
#5836,#5837,#5838),(#5839,#5840,#5841,#5842),(#5843,#5844,#5845,#5846),(#5847,
#5848,#5849,#5850),(#5851,#5852,#5853,#5854),(#5855,#5856,#5857,#5858),(#5859,
#5860,#5861,#5862),(#5863,#5864,#5865,#5866),(#5867,#5868,#5869,#5870),(#5871,
#5872,#5873,#5874),(#5875,#5876,#5877,#5878),(#5879,#5880,#5881,#5882),(#5883,
#5884,#5885,#5886),(#5887,#5888,#5889,#5890),(#5891,#5892,#5893,#5894),(#5895,
#5896,#5897,#5898),(#5899,#5900,#5901,#5902),(#5903,#5904,#5905,#5906),(#5907,
#5908,#5909,#5910),(#5911,#5912,#5913,#5914),(#5915,#5916,#5917,#5918),(#5919,
#5920,#5921,#5922),(#5923,#5924,#5925,#5926),(#5927,#5928,#5929,#5930),(#5931,
#5932,#5933,#5934),(#5935,#5936,#5937,#5938),(#5939,#5940,#5941,#5942),(#5943,
#5944,#5945,#5946)),.UNSPECIFIED.,.F.,.F.,.F.,(4,1,1,1,1,1,1,1,1,1,1,1,1,1,1,1,
1,1,1,1,1,1,1,1,1,1,1,1,1,1,1,1,4),(4,4),(0.E0,3.124999999977E-2,
6.249999999991E-2,9.374999999968E-2,1.249999999998E-1,1.5625E-1,
1.874999999997E-1,2.187499999999E-1,2.5E-1,2.812499999998E-1,3.124999999999E-1,
3.4375E-1,3.749999999998E-1,4.0625E-1,4.374999999997E-1,4.687499999999E-1,5.E-1,
5.312499999998E-1,5.624999999999E-1,5.9375E-1,6.249999999998E-1,6.5625E-1,
6.874999999997E-1,7.187499999999E-1,7.5E-1,7.812499999998E-1,8.124999999999E-1,
8.4375E-1,8.749999999998E-1,9.0625E-1,9.375000000001E-1,9.687499999999E-1,1.E0),
(0.E0,1.000017473308E0),.UNSPECIFIED.);
#5948=ORIENTED_EDGE('',*,*,#4143,.T.);
#5949=ORIENTED_EDGE('',*,*,#5799,.T.);
#5950=ORIENTED_EDGE('',*,*,#4241,.T.);
#5952=ORIENTED_EDGE('',*,*,#5951,.F.);
#5954=ORIENTED_EDGE('',*,*,#5953,.F.);
#5955=EDGE_LOOP('',(#5948,#5949,#5950,#5952,#5954));
#5956=FACE_OUTER_BOUND('',#5955,.F.);
#5957=ADVANCED_FACE('',(#5956),#5947,.T.);
#5958=CARTESIAN_POINT('',(0.E0,-8.79E-1,0.E0));
#5959=DIRECTION('',(0.E0,1.E0,0.E0));
#5960=DIRECTION('',(1.E0,0.E0,0.E0));
#5961=AXIS2_PLACEMENT_3D('',#5958,#5959,#5960);
#5962=CYLINDRICAL_SURFACE('',#5961,1.1E1);
#5963=ORIENTED_EDGE('',*,*,#5953,.T.);
#5964=ORIENTED_EDGE('',*,*,#5951,.T.);
#5965=ORIENTED_EDGE('',*,*,#4239,.T.);
#5967=ORIENTED_EDGE('',*,*,#5966,.T.);
#5969=ORIENTED_EDGE('',*,*,#5968,.T.);
#5971=ORIENTED_EDGE('',*,*,#5970,.T.);
#5972=ORIENTED_EDGE('',*,*,#4145,.T.);
#5973=EDGE_LOOP('',(#5963,#5964,#5965,#5967,#5969,#5971,#5972));
#5974=FACE_OUTER_BOUND('',#5973,.F.);
#5975=ADVANCED_FACE('',(#5974),#5962,.T.);
#5976=CARTESIAN_POINT('',(1.075062013070E1,7.090531316402E0,-2.329017773295E0));
#5977=CARTESIAN_POINT('',(1.050041342047E1,7.238339261279E0,-2.274812911804E0));
#5978=CARTESIAN_POINT('',(1.025020671023E1,7.386147206156E0,-2.220608050313E0));
#5979=CARTESIAN_POINT('',(1.E1,7.533955151033E0,-2.166403188822E0));
#5980=CARTESIAN_POINT('',(1.064451932774E1,7.097781783579E0,-2.818773345445E0));
#5981=CARTESIAN_POINT('',(1.039678197579E1,7.245589728456E0,-2.753170059581E0));
#5982=CARTESIAN_POINT('',(1.014904462384E1,7.393397673333E0,-2.687566773716E0));
#5983=CARTESIAN_POINT('',(9.901307271887E0,7.541205618210E0,-2.621963487852E0));
#5984=CARTESIAN_POINT('',(1.036528022532E1,7.112282717932E0,-3.783758032514E0));
#5985=CARTESIAN_POINT('',(1.012404180054E1,7.260090662809E0,-3.695695982314E0));
#5986=CARTESIAN_POINT('',(9.882803375749E0,7.407898607686E0,-3.607633932114E0));
#5987=CARTESIAN_POINT('',(9.641564950962E0,7.555706552563E0,-3.519571881914E0));
#5988=CARTESIAN_POINT('',(9.753117696485E0,7.134034119462E0,-5.160674021380E0));
#5989=CARTESIAN_POINT('',(9.526126558888E0,7.281842064339E0,-5.040566041210E0));
#5990=CARTESIAN_POINT('',(9.299135421290E0,7.429650009216E0,-4.920458061040E0));
#5991=CARTESIAN_POINT('',(9.072144283692E0,7.577457954093E0,-4.800350080870E0));
#5992=CARTESIAN_POINT('',(8.959068286366E0,7.155785520992E0,-6.441347349091E0));
#5993=CARTESIAN_POINT('',(8.750557616709E0,7.303593465869E0,-6.291433361797E0));
#5994=CARTESIAN_POINT('',(8.542046947052E0,7.451401410747E0,-6.141519374502E0));
#5995=CARTESIAN_POINT('',(8.333536277395E0,7.599209355624E0,-5.991605387208E0));
#5996=CARTESIAN_POINT('',(7.997940100171E0,7.177536922523E0,-7.601895477744E0));
#5997=CARTESIAN_POINT('',(7.811798439804E0,7.325344867400E0,-7.424971241198E0));
#5998=CARTESIAN_POINT('',(7.625656779438E0,7.473152812277E0,-7.248047004653E0));
#5999=CARTESIAN_POINT('',(7.439515119071E0,7.620960757154E0,-7.071122768107E0));
#6000=CARTESIAN_POINT('',(6.887657363486E0,7.199288324053E0,-8.620674956068E0));
#6001=CARTESIAN_POINT('',(6.727356090706E0,7.347096268930E0,-8.420039951341E0));
#6002=CARTESIAN_POINT('',(6.567054817926E0,7.494904213807E0,-8.219404946614E0));
#6003=CARTESIAN_POINT('',(6.406753545146E0,7.642712158684E0,-8.018769941887E0));
#6004=CARTESIAN_POINT('',(5.648925839677E0,7.221039725583E0,-9.478686493633E0));
#6005=CARTESIAN_POINT('',(5.517454433050E0,7.368847670460E0,-9.258082385584E0));
#6006=CARTESIAN_POINT('',(5.385983026424E0,7.516655615337E0,-9.037478277536E0));
#6007=CARTESIAN_POINT('',(5.254511619797E0,7.664463560214E0,-8.816874169488E0));
#6008=CARTESIAN_POINT('',(4.304846770219E0,7.242791127113E0,-1.015992889495E1));
#6009=CARTESIAN_POINT('',(4.204657056943E0,7.390599071990E0,-9.923469755470E0));
#6010=CARTESIAN_POINT('',(4.104467343667E0,7.538407016868E0,-9.687010615989E0));
#6011=CARTESIAN_POINT('',(4.004277630391E0,7.686214961745E0,-9.450551476508E0));
#6012=CARTESIAN_POINT('',(2.880486035181E0,7.264542528644E0,-1.065169757200E1));
#6013=CARTESIAN_POINT('',(2.813446466675E0,7.412350473521E0,-1.040379315574E1));
#6014=CARTESIAN_POINT('',(2.746406898169E0,7.560158418398E0,-1.015588873948E1));
#6015=CARTESIAN_POINT('',(2.679367329663E0,7.707966363275E0,-9.907984323228E0));
#6016=CARTESIAN_POINT('',(1.402406703254E0,7.286293930174E0,-1.094482144665E1));
#6017=CARTESIAN_POINT('',(1.369767510038E0,7.434101875051E0,-1.069009495320E1));
#6018=CARTESIAN_POINT('',(1.337128316823E0,7.581909819928E0,-1.043536845976E1));
#6019=CARTESIAN_POINT('',(1.304489123608E0,7.729717764805E0,-1.018064196631E1));
#6020=CARTESIAN_POINT('',(-1.018263472501E-1,7.308045331704E0,
-1.103383399166E1));
#6021=CARTESIAN_POINT('',(-9.945647136854E-2,7.455853276581E0,
-1.077703584693E1));
#6022=CARTESIAN_POINT('',(-9.708659548694E-2,7.603661221458E0,
-1.052023770219E1));
#6023=CARTESIAN_POINT('',(-9.471671960534E-2,7.751469166335E0,
-1.026343955746E1));
#6024=CARTESIAN_POINT('',(-1.604160488401E0,7.329796733234E0,
-1.091707517565E1));
#6025=CARTESIAN_POINT('',(-1.566825738069E0,7.477604678111E0,
-1.066299444059E1));
#6026=CARTESIAN_POINT('',(-1.529490987738E0,7.625412622989E0,
-1.040891370554E1));
#6027=CARTESIAN_POINT('',(-1.492156237407E0,7.773220567866E0,
-1.015483297049E1));
#6028=CARTESIAN_POINT('',(-3.076578499480E0,7.351548134765E0,
-1.059672242277E1));
#6029=CARTESIAN_POINT('',(-3.004975133743E0,7.499356079642E0,
-1.035009748166E1));
#6030=CARTESIAN_POINT('',(-2.933371768005E0,7.647164024519E0,
-1.010347254055E1));
#6031=CARTESIAN_POINT('',(-2.861768402267E0,7.794971969396E0,
-9.856847599436E0));
#6032=CARTESIAN_POINT('',(-4.491621063553E0,7.373299536295E0,
-1.007875000675E1));
#6033=CARTESIAN_POINT('',(-4.387084421363E0,7.521107481172E0,
-9.844180200374E0));
#6034=CARTESIAN_POINT('',(-4.282547779173E0,7.668915426049E0,-9.609610394E0));
#6035=CARTESIAN_POINT('',(-4.178011136983E0,7.816723370926E0,
-9.375040587626E0));
#6036=CARTESIAN_POINT('',(-5.822898859854E0,7.395050937825E0,
-9.372817636972E0));
#6037=CARTESIAN_POINT('',(-5.687378457308E0,7.542858882702E0,
-9.154677488957E0));
#6038=CARTESIAN_POINT('',(-5.551858054761E0,7.690666827579E0,
-8.936537340943E0));
#6039=CARTESIAN_POINT('',(-5.416337652214E0,7.838474772456E0,
-8.718397192929E0));
#6040=CARTESIAN_POINT('',(-7.045584701887E0,7.416802339355E0,
-8.492090314547E0));
#6041=CARTESIAN_POINT('',(-6.881607875575E0,7.564610284232E0,
-8.294447950221E0));
#6042=CARTESIAN_POINT('',(-6.717631049262E0,7.712418229109E0,
-8.096805585895E0));
#6043=CARTESIAN_POINT('',(-6.553654222950E0,7.860226173986E0,
-7.899163221569E0));
#6044=CARTESIAN_POINT('',(-8.136876543270E0,7.438553740885E0,
-7.452992817531E0));
#6045=CARTESIAN_POINT('',(-7.947501317775E0,7.586361685762E0,
-7.279534096863E0));
#6046=CARTESIAN_POINT('',(-7.758126092281E0,7.734169630640E0,
-7.106075376194E0));
#6047=CARTESIAN_POINT('',(-7.568750866786E0,7.881977575517E0,
-6.932616655526E0));
#6048=CARTESIAN_POINT('',(-9.076422716684E0,7.460305142416E0,
-6.274903394172E0));
#6049=CARTESIAN_POINT('',(-8.865180775195E0,7.608113087293E0,
-6.128863173589E0));
#6050=CARTESIAN_POINT('',(-8.653938833706E0,7.755921032170E0,
-5.982822953007E0));
#6051=CARTESIAN_POINT('',(-8.442696892217E0,7.903728977047E0,
-5.836782732425E0));
#6052=CARTESIAN_POINT('',(-9.846701475571E0,7.482056543946E0,
-4.979792376346E0));
#6053=CARTESIAN_POINT('',(-9.617532297153E0,7.629864488823E0,
-4.863894181360E0));
#6054=CARTESIAN_POINT('',(-9.388363118734E0,7.777672433700E0,
-4.747995986374E0));
#6055=CARTESIAN_POINT('',(-9.159193940316E0,7.925480378577E0,
-4.632097791388E0));
#6056=CARTESIAN_POINT('',(-1.043334776043E1,7.503807945476E0,
-3.591812452762E0));
#6057=CARTESIAN_POINT('',(-1.019052515223E1,7.651615890353E0,
-3.508217686446E0));
#6058=CARTESIAN_POINT('',(-9.947702544039E0,7.799423835230E0,
-3.424622920131E0));
#6059=CARTESIAN_POINT('',(-9.704879935844E0,7.947231780107E0,
-3.341028153815E0));
#6060=CARTESIAN_POINT('',(-1.082542109577E1,7.525559347006E0,
-2.136848242934E0));
#6061=CARTESIAN_POINT('',(-1.057347349030E1,7.673367291883E0,
-2.087115877486E0));
#6062=CARTESIAN_POINT('',(-1.032152588483E1,7.821175236761E0,
-2.037383512038E0));
#6063=CARTESIAN_POINT('',(-1.006957827936E1,7.968983181638E0,
-1.987651146590E0));
#6064=CARTESIAN_POINT('',(-1.101560962170E1,7.547310748537E0,
-6.420335719543E-1));
#6065=CARTESIAN_POINT('',(-1.075923562549E1,7.695118693414E0,
-6.270910750617E-1));
#6066=CARTESIAN_POINT('',(-1.050286162928E1,7.842926638291E0,
-6.121485781690E-1));
#6067=CARTESIAN_POINT('',(-1.024648763307E1,7.990734583168E0,
-5.972060812763E-1));
#6068=CARTESIAN_POINT('',(-1.100036645503E1,7.569062150067E0,
8.647545515337E-1));
#6069=CARTESIAN_POINT('',(-1.074434722371E1,7.716870094944E0,
8.446285133269E-1));
#6070=CARTESIAN_POINT('',(-1.048832799239E1,7.864678039821E0,
8.245024751201E-1));
#6071=CARTESIAN_POINT('',(-1.023230876107E1,8.012485984698E0,
8.043764369133E-1));
#6072=CARTESIAN_POINT('',(-1.077997583687E1,7.590813551597E0,2.355415817330E0));
#6073=CARTESIAN_POINT('',(-1.052908591073E1,7.738621496474E0,2.300596575675E0));
#6074=CARTESIAN_POINT('',(-1.027819598460E1,7.886429441351E0,2.245777334021E0));
#6075=CARTESIAN_POINT('',(-1.002730605846E1,8.034237386228E0,2.190958092366E0));
#6076=CARTESIAN_POINT('',(-1.035854783326E1,7.612564953127E0,3.802150660258E0));
#6077=CARTESIAN_POINT('',(-1.011746609615E1,7.760372898004E0,3.713660545553E0));
#6078=CARTESIAN_POINT('',(-9.876384359038E0,7.908180842881E0,3.625170430849E0));
#6079=CARTESIAN_POINT('',(-9.635302621924E0,8.055988787758E0,3.536680316144E0));
#6080=CARTESIAN_POINT('',(-9.743941686762E0,7.634316354657E0,5.177978698433E0));
#6081=CARTESIAN_POINT('',(-9.517164108864E0,7.782124299534E0,5.057467974397E0));
#6082=CARTESIAN_POINT('',(-9.290386530966E0,7.929932244412E0,4.936957250360E0));
#6083=CARTESIAN_POINT('',(-9.063608953068E0,8.077740189289E0,4.816446526324E0));
#6084=CARTESIAN_POINT('',(-8.947619251680E0,7.656067756188E0,6.457241894383E0));
#6085=CARTESIAN_POINT('',(-8.739375043424E0,7.803875701065E0,6.306957982206E0));
#6086=CARTESIAN_POINT('',(-8.531130835169E0,7.951683645942E0,6.156674070030E0));
#6087=CARTESIAN_POINT('',(-8.322886626913E0,8.099491590819E0,6.006390157853E0));
#6088=CARTESIAN_POINT('',(-7.984431234017E0,7.677819157718E0,7.616083057022E0));
#6089=CARTESIAN_POINT('',(-7.798603974952E0,7.825627102595E0,7.438828623009E0));
#6090=CARTESIAN_POINT('',(-7.612776715886E0,7.973435047472E0,7.261574188997E0));
#6091=CARTESIAN_POINT('',(-7.426949456821E0,8.121242992349E0,7.084319754984E0));
#6092=CARTESIAN_POINT('',(-6.872340267855E0,7.699570559248E0,8.632890755093E0));
#6093=CARTESIAN_POINT('',(-6.712395480567E0,7.847378504125E0,8.431971443522E0));
#6094=CARTESIAN_POINT('',(-6.552450693279E0,7.995186449002E0,8.231052131950E0));
#6095=CARTESIAN_POINT('',(-6.392505905991E0,8.142994393879E0,8.030132820379E0));
#6096=CARTESIAN_POINT('',(-5.632085823495E0,7.721321960778E0,9.488702366160E0));
#6097=CARTESIAN_POINT('',(-5.501006346357E0,7.869129905655E0,9.267865151698E0));
#6098=CARTESIAN_POINT('',(-5.369926869219E0,8.016937850532E0,9.047027937235E0));
#6099=CARTESIAN_POINT('',(-5.238847392081E0,8.164745795409E0,8.826190722773E0));
#6100=CARTESIAN_POINT('',(-4.286797827312E0,7.743073362308E0,1.016755766492E1));
#6101=CARTESIAN_POINT('',(-4.187028179723E0,7.890881307185E0,9.930920975733E0));
#6102=CARTESIAN_POINT('',(-4.087258532135E0,8.038689252063E0,9.694284286544E0));
#6103=CARTESIAN_POINT('',(-3.987488884546E0,8.186497196940E0,9.457647597356E0));
#6104=CARTESIAN_POINT('',(-2.861563844743E0,7.764824763839E0,1.065679665407E1));
#6105=CARTESIAN_POINT('',(-2.794964665625E0,7.912632708716E0,1.040877356331E1));
#6106=CARTESIAN_POINT('',(-2.728365486507E0,8.060440653593E0,1.016075047255E1));
#6107=CARTESIAN_POINT('',(-2.661766307389E0,8.208248598470E0,9.912727381784E0));
#6108=CARTESIAN_POINT('',(-1.875832404243E0,7.779325698192E0,1.085046220037E1));
#6109=CARTESIAN_POINT('',(-1.832174843181E0,7.927133643069E0,1.059793179574E1));
#6110=CARTESIAN_POINT('',(-1.788517282118E0,8.074941587946E0,1.034540139111E1));
#6111=CARTESIAN_POINT('',(-1.744859721056E0,8.222749532823E0,1.009287098648E1));
#6112=CARTESIAN_POINT('',(-1.378666472494E0,7.786576165369E0,1.091326886472E1));
#6113=CARTESIAN_POINT('',(-1.346579802293E0,7.934384110246E0,1.065927671660E1));
#6114=CARTESIAN_POINT('',(-1.314493132092E0,8.082192055123E0,1.040528456849E1));
#6115=CARTESIAN_POINT('',(-1.282406461891E0,8.23E0,1.015129242038E1));
#6116=B_SPLINE_SURFACE_WITH_KNOTS('',3,3,((#5976,#5977,#5978,#5979),(#5980,
#5981,#5982,#5983),(#5984,#5985,#5986,#5987),(#5988,#5989,#5990,#5991),(#5992,
#5993,#5994,#5995),(#5996,#5997,#5998,#5999),(#6000,#6001,#6002,#6003),(#6004,
#6005,#6006,#6007),(#6008,#6009,#6010,#6011),(#6012,#6013,#6014,#6015),(#6016,
#6017,#6018,#6019),(#6020,#6021,#6022,#6023),(#6024,#6025,#6026,#6027),(#6028,
#6029,#6030,#6031),(#6032,#6033,#6034,#6035),(#6036,#6037,#6038,#6039),(#6040,
#6041,#6042,#6043),(#6044,#6045,#6046,#6047),(#6048,#6049,#6050,#6051),(#6052,
#6053,#6054,#6055),(#6056,#6057,#6058,#6059),(#6060,#6061,#6062,#6063),(#6064,
#6065,#6066,#6067),(#6068,#6069,#6070,#6071),(#6072,#6073,#6074,#6075),(#6076,
#6077,#6078,#6079),(#6080,#6081,#6082,#6083),(#6084,#6085,#6086,#6087),(#6088,
#6089,#6090,#6091),(#6092,#6093,#6094,#6095),(#6096,#6097,#6098,#6099),(#6100,
#6101,#6102,#6103),(#6104,#6105,#6106,#6107),(#6108,#6109,#6110,#6111),(#6112,
#6113,#6114,#6115)),.UNSPECIFIED.,.F.,.F.,.F.,(4,1,1,1,1,1,1,1,1,1,1,1,1,1,1,1,
1,1,1,1,1,1,1,1,1,1,1,1,1,1,1,1,4),(4,4),(0.E0,3.124999999982E-2,
6.250000000012E-2,9.374999999994E-2,1.249999999998E-1,1.562500000001E-1,
1.874999999999E-1,2.187500000002E-1,2.5E-1,2.812499999998E-1,3.125000000001E-1,
3.437499999999E-1,3.749999999998E-1,4.062500000001E-1,4.374999999999E-1,
4.687500000002E-1,5.E-1,5.312499999998E-1,5.625000000001E-1,5.937499999999E-1,
6.249999999998E-1,6.562500000001E-1,6.874999999999E-1,7.187500000002E-1,7.5E-1,
7.812499999998E-1,8.125000000001E-1,8.437499999999E-1,8.749999999998E-1,
9.062500000001E-1,9.374999999999E-1,9.687500000002E-1,1.E0),(-9.293123744415E-6,
1.E0),.UNSPECIFIED.);
#6117=ORIENTED_EDGE('',*,*,#4237,.T.);
#6119=ORIENTED_EDGE('',*,*,#6118,.F.);
#6121=ORIENTED_EDGE('',*,*,#6120,.T.);
#6122=ORIENTED_EDGE('',*,*,#5968,.F.);
#6123=ORIENTED_EDGE('',*,*,#5966,.F.);
#6124=EDGE_LOOP('',(#6117,#6119,#6121,#6122,#6123));
#6125=FACE_OUTER_BOUND('',#6124,.F.);
#6126=ADVANCED_FACE('',(#6125),#6116,.T.);
#6127=CARTESIAN_POINT('',(1.E1,7.533955151033E0,-2.166403188822E0));
#6128=CARTESIAN_POINT('',(1.025020671063E1,7.681763096145E0,-2.220608050399E0));
#6129=CARTESIAN_POINT('',(1.050041342126E1,7.829571041258E0,-2.274812911977E0));
#6130=CARTESIAN_POINT('',(1.075062013190E1,7.977378986370E0,-2.329017773554E0));
#6131=CARTESIAN_POINT('',(9.901307271887E0,7.541205618210E0,-2.621963487852E0));
#6132=CARTESIAN_POINT('',(1.014904462423E1,7.689013563322E0,-2.687566773821E0));
#6133=CARTESIAN_POINT('',(1.039678197658E1,7.836821508435E0,-2.753170059790E0));
#6134=CARTESIAN_POINT('',(1.064451932892E1,7.984629453547E0,-2.818773345759E0));
#6135=CARTESIAN_POINT('',(9.641564950962E0,7.555706552563E0,-3.519571881914E0));
#6136=CARTESIAN_POINT('',(9.882803376133E0,7.703514497675E0,-3.607633932254E0));
#6137=CARTESIAN_POINT('',(1.012404180130E1,7.851322442788E0,-3.695695982594E0));
#6138=CARTESIAN_POINT('',(1.036528022648E1,7.999130387900E0,-3.783758032934E0));
#6139=CARTESIAN_POINT('',(9.072144283692E0,7.577457954093E0,-4.800350080870E0));
#6140=CARTESIAN_POINT('',(9.299135421651E0,7.725265899206E0,-4.920458061231E0));
#6141=CARTESIAN_POINT('',(9.526126559610E0,7.873073844318E0,-5.040566041592E0));
#6142=CARTESIAN_POINT('',(9.753117697570E0,8.020881789431E0,-5.160674021954E0));
#6143=CARTESIAN_POINT('',(8.333536277395E0,7.599209355624E0,-5.991605387208E0));
#6144=CARTESIAN_POINT('',(8.542046947384E0,7.747017300736E0,-6.141519374741E0));
#6145=CARTESIAN_POINT('',(8.750557617373E0,7.894825245849E0,-6.291433362274E0));
#6146=CARTESIAN_POINT('',(8.959068287362E0,8.042633190961E0,-6.441347349807E0));
#6147=CARTESIAN_POINT('',(7.439515119071E0,7.620960757154E0,-7.071122768107E0));
#6148=CARTESIAN_POINT('',(7.625656779734E0,7.768768702266E0,-7.248047004934E0));
#6149=CARTESIAN_POINT('',(7.811798440397E0,7.916576647379E0,-7.424971241761E0));
#6150=CARTESIAN_POINT('',(7.997940101060E0,8.064384592491E0,-7.601895478589E0));
#6151=CARTESIAN_POINT('',(6.406753545146E0,7.642712158684E0,-8.018769941886E0));
#6152=CARTESIAN_POINT('',(6.567054818181E0,7.790520103796E0,-8.219404946933E0));
#6153=CARTESIAN_POINT('',(6.727356091217E0,7.938328048909E0,-8.420039951979E0));
#6154=CARTESIAN_POINT('',(6.887657364252E0,8.086135994021E0,-8.620674957026E0));
#6155=CARTESIAN_POINT('',(5.254511619797E0,7.664463560214E0,-8.816874169488E0));
#6156=CARTESIAN_POINT('',(5.385983026633E0,7.812271505327E0,-9.037478277887E0));
#6157=CARTESIAN_POINT('',(5.517454433469E0,7.960079450439E0,-9.258082386287E0));
#6158=CARTESIAN_POINT('',(5.648925840305E0,8.107887395552E0,-9.478686494686E0));
#6159=CARTESIAN_POINT('',(4.004277630391E0,7.686214961745E0,-9.450551476508E0));
#6160=CARTESIAN_POINT('',(4.104467343827E0,7.834022906857E0,-9.687010616365E0));
#6161=CARTESIAN_POINT('',(4.204657057262E0,7.981830851970E0,-9.923469756223E0));
#6162=CARTESIAN_POINT('',(4.304846770698E0,8.129638797082E0,-1.015992889608E1));
#6163=CARTESIAN_POINT('',(2.679367329663E0,7.707966363275E0,-9.907984323228E0));
#6164=CARTESIAN_POINT('',(2.746406898276E0,7.855774308387E0,-1.015588873988E1));
#6165=CARTESIAN_POINT('',(2.813446466888E0,8.003582253500E0,-1.040379315653E1));
#6166=CARTESIAN_POINT('',(2.880486035501E0,8.151390198612E0,-1.065169757318E1));
#6167=CARTESIAN_POINT('',(1.304489123608E0,7.729717764805E0,-1.018064196631E1));
#6168=CARTESIAN_POINT('',(1.337128316875E0,7.877525709917E0,-1.043536846016E1));
#6169=CARTESIAN_POINT('',(1.369767510142E0,8.025333655030E0,-1.069009495401E1));
#6170=CARTESIAN_POINT('',(1.402406703410E0,8.173141600142E0,-1.094482144787E1));
#6171=CARTESIAN_POINT('',(-9.471671960534E-2,7.751469166335E0,
-1.026343955746E1));
#6172=CARTESIAN_POINT('',(-9.708659549075E-2,7.899277111448E0,
-1.052023770260E1));
#6173=CARTESIAN_POINT('',(-9.945647137615E-2,8.047085056560E0,
-1.077703584775E1));
#6174=CARTESIAN_POINT('',(-1.018263472616E-1,8.194893001673E0,
-1.103383399289E1));
#6175=CARTESIAN_POINT('',(-1.492156237407E0,7.773220567866E0,
-1.015483297049E1));
#6176=CARTESIAN_POINT('',(-1.529490987798E0,7.921028512978E0,
-1.040891370595E1));
#6177=CARTESIAN_POINT('',(-1.566825738188E0,8.068836458091E0,
-1.066299444140E1));
#6178=CARTESIAN_POINT('',(-1.604160488579E0,8.216644403203E0,
-1.091707517686E1));
#6179=CARTESIAN_POINT('',(-2.861768402267E0,7.794971969396E0,
-9.856847599436E0));
#6180=CARTESIAN_POINT('',(-2.933371768119E0,7.942779914508E0,
-1.010347254094E1));
#6181=CARTESIAN_POINT('',(-3.004975133971E0,8.090587859621E0,
-1.035009748245E1));
#6182=CARTESIAN_POINT('',(-3.076578499822E0,8.238395804733E0,
-1.059672242395E1));
#6183=CARTESIAN_POINT('',(-4.178011136983E0,7.816723370926E0,
-9.375040587626E0));
#6184=CARTESIAN_POINT('',(-4.282547779339E0,7.964531316038E0,
-9.609610394373E0));
#6185=CARTESIAN_POINT('',(-4.387084421696E0,8.112339261151E0,
-9.844180201121E0));
#6186=CARTESIAN_POINT('',(-4.491621064052E0,8.260147206263E0,
-1.007875000787E1));
#6187=CARTESIAN_POINT('',(-5.416337652214E0,7.838474772456E0,
-8.718397192929E0));
#6188=CARTESIAN_POINT('',(-5.551858054977E0,7.986282717568E0,
-8.936537341291E0));
#6189=CARTESIAN_POINT('',(-5.687378457739E0,8.134090662681E0,
-9.154677489652E0));
#6190=CARTESIAN_POINT('',(-5.822898860502E0,8.281898607793E0,
-9.372817638014E0));
#6191=CARTESIAN_POINT('',(-6.553654222950E0,7.860226173986E0,
-7.899163221569E0));
#6192=CARTESIAN_POINT('',(-6.717631049524E0,8.008034119099E0,
-8.096805586210E0));
#6193=CARTESIAN_POINT('',(-6.881607876097E0,8.155842064211E0,
-8.294447950850E0));
#6194=CARTESIAN_POINT('',(-7.045584702671E0,8.303650009324E0,
-8.492090315491E0));
#6195=CARTESIAN_POINT('',(-7.568750866786E0,7.881977575517E0,
-6.932616655526E0));
#6196=CARTESIAN_POINT('',(-7.758126092582E0,8.029785520629E0,
-7.106075376471E0));
#6197=CARTESIAN_POINT('',(-7.947501318378E0,8.177593465742E0,
-7.279534097415E0));
#6198=CARTESIAN_POINT('',(-8.136876544175E0,8.325401410854E0,
-7.452992818360E0));
#6199=CARTESIAN_POINT('',(-8.442696892217E0,7.903728977047E0,
-5.836782732425E0));
#6200=CARTESIAN_POINT('',(-8.653938834042E0,8.051536922159E0,
-5.982822953240E0));
#6201=CARTESIAN_POINT('',(-8.865180775867E0,8.199344867272E0,
-6.128863174054E0));
#6202=CARTESIAN_POINT('',(-9.076422717693E0,8.347152812384E0,
-6.274903394869E0));
#6203=CARTESIAN_POINT('',(-9.159193940316E0,7.925480378577E0,
-4.632097791388E0));
#6204=CARTESIAN_POINT('',(-9.388363119099E0,8.073288323689E0,
-4.747995986558E0));
#6205=CARTESIAN_POINT('',(-9.617532297883E0,8.221096268802E0,
-4.863894181729E0));
#6206=CARTESIAN_POINT('',(-9.846701476666E0,8.368904213914E0,
-4.979792376899E0));
#6207=CARTESIAN_POINT('',(-9.704879935844E0,7.947231780107E0,
-3.341028153815E0));
#6208=CARTESIAN_POINT('',(-9.947702544425E0,8.095039725220E0,
-3.424622920264E0));
#6209=CARTESIAN_POINT('',(-1.019052515301E1,8.242847670332E0,
-3.508217686712E0));
#6210=CARTESIAN_POINT('',(-1.043334776159E1,8.390655615445E0,
-3.591812453161E0));
#6211=CARTESIAN_POINT('',(-1.006957827936E1,7.968983181638E0,
-1.987651146590E0));
#6212=CARTESIAN_POINT('',(-1.032152588523E1,8.116791126750E0,
-2.037383512117E0));
#6213=CARTESIAN_POINT('',(-1.057347349110E1,8.264599071863E0,
-2.087115877644E0));
#6214=CARTESIAN_POINT('',(-1.082542109697E1,8.412407016975E0,
-2.136848243172E0));
#6215=CARTESIAN_POINT('',(-1.024648763307E1,7.990734583168E0,
-5.972060812763E-1));
#6216=CARTESIAN_POINT('',(-1.050286162969E1,8.138542528280E0,
-6.121485781927E-1));
#6217=CARTESIAN_POINT('',(-1.075923562631E1,8.286350473393E0,
-6.270910751092E-1));
#6218=CARTESIAN_POINT('',(-1.101560962292E1,8.434158418505E0,
-6.420335720256E-1));
#6219=CARTESIAN_POINT('',(-1.023230876107E1,8.012485984698E0,
8.043764369133E-1));
#6220=CARTESIAN_POINT('',(-1.048832799280E1,8.160293929810E0,
8.245024751521E-1));
#6221=CARTESIAN_POINT('',(-1.074434722452E1,8.308101874923E0,
8.446285133910E-1));
#6222=CARTESIAN_POINT('',(-1.100036645625E1,8.455909820035E0,
8.647545516298E-1));
#6223=CARTESIAN_POINT('',(-1.002730605846E1,8.034237386228E0,2.190958092366E0));
#6224=CARTESIAN_POINT('',(-1.027819598500E1,8.182045331340E0,2.245777334108E0));
#6225=CARTESIAN_POINT('',(-1.052908591153E1,8.329853276453E0,2.300596575850E0));
#6226=CARTESIAN_POINT('',(-1.077997583807E1,8.477661221565E0,2.355415817592E0));
#6227=CARTESIAN_POINT('',(-9.635302621924E0,8.055988787758E0,3.536680316144E0));
#6228=CARTESIAN_POINT('',(-9.876384359421E0,8.203796732871E0,3.625170430989E0));
#6229=CARTESIAN_POINT('',(-1.011746609692E1,8.351604677983E0,3.713660545835E0));
#6230=CARTESIAN_POINT('',(-1.035854783442E1,8.499412623096E0,3.802150660680E0));
#6231=CARTESIAN_POINT('',(-9.063608953068E0,8.077740189289E0,4.816446526324E0));
#6232=CARTESIAN_POINT('',(-9.290386531327E0,8.225548134401E0,4.936957250552E0));
#6233=CARTESIAN_POINT('',(-9.517164109586E0,8.373356079514E0,5.057467974780E0));
#6234=CARTESIAN_POINT('',(-9.743941687845E0,8.521164024626E0,5.177978699008E0));
#6235=CARTESIAN_POINT('',(-8.322886626913E0,8.099491590819E0,6.006390157853E0));
#6236=CARTESIAN_POINT('',(-8.531130835500E0,8.247299535931E0,6.156674070269E0));
#6237=CARTESIAN_POINT('',(-8.739375044086E0,8.395107481044E0,6.306957982685E0));
#6238=CARTESIAN_POINT('',(-8.947619252673E0,8.542915426156E0,6.457241895101E0));
#6239=CARTESIAN_POINT('',(-7.426949456821E0,8.121242992349E0,7.084319754984E0));
#6240=CARTESIAN_POINT('',(-7.612776716182E0,8.269050937461E0,7.261574189279E0));
#6241=CARTESIAN_POINT('',(-7.798603975543E0,8.416858882574E0,7.438828623574E0));
#6242=CARTESIAN_POINT('',(-7.984431234905E0,8.564666827686E0,7.616083057869E0));
#6243=CARTESIAN_POINT('',(-6.392505905991E0,8.142994393879E0,8.030132820379E0));
#6244=CARTESIAN_POINT('',(-6.552450693534E0,8.290802338991E0,8.231052132270E0));
#6245=CARTESIAN_POINT('',(-6.712395481076E0,8.438610284104E0,8.431971444161E0));
#6246=CARTESIAN_POINT('',(-6.872340268619E0,8.586418229216E0,8.632890756053E0));
#6247=CARTESIAN_POINT('',(-5.238847392081E0,8.164745795409E0,8.826190722773E0));
#6248=CARTESIAN_POINT('',(-5.369926869428E0,8.312553740522E0,9.047027937587E0));
#6249=CARTESIAN_POINT('',(-5.501006346775E0,8.460361685634E0,9.267865152401E0));
#6250=CARTESIAN_POINT('',(-5.632085824122E0,8.608169630747E0,9.488702367215E0));
#6251=CARTESIAN_POINT('',(-3.987488884546E0,8.186497196940E0,9.457647597356E0));
#6252=CARTESIAN_POINT('',(-4.087258532294E0,8.334305142052E0,9.694284286921E0));
#6253=CARTESIAN_POINT('',(-4.187028180041E0,8.482113087165E0,9.930920976486E0));
#6254=CARTESIAN_POINT('',(-4.286797827789E0,8.629921032277E0,1.016755766605E1));
#6255=CARTESIAN_POINT('',(-2.661766307389E0,8.208248598470E0,9.912727381784E0));
#6256=CARTESIAN_POINT('',(-2.728365486613E0,8.356056543582E0,1.016075047294E1));
#6257=CARTESIAN_POINT('',(-2.794964665837E0,8.503864488695E0,1.040877356410E1));
#6258=CARTESIAN_POINT('',(-2.861563845061E0,8.651672433807E0,1.065679665526E1));
#6259=CARTESIAN_POINT('',(-1.744859721056E0,8.222749532823E0,1.009287098648E1));
#6260=CARTESIAN_POINT('',(-1.788517282188E0,8.370557477935E0,1.034540139151E1));
#6261=CARTESIAN_POINT('',(-1.832174843320E0,8.518365423048E0,1.059793179655E1));
#6262=CARTESIAN_POINT('',(-1.875832404452E0,8.666173368160E0,1.085046220158E1));
#6263=CARTESIAN_POINT('',(-1.282406461891E0,8.23E0,1.015129242038E1));
#6264=CARTESIAN_POINT('',(-1.314493132143E0,8.377807945112E0,1.040528456890E1));
#6265=CARTESIAN_POINT('',(-1.346579802395E0,8.525615890225E0,1.065927671741E1));
#6266=CARTESIAN_POINT('',(-1.378666472647E0,8.673423835337E0,1.091326886593E1));
#6267=B_SPLINE_SURFACE_WITH_KNOTS('',3,3,((#6127,#6128,#6129,#6130),(#6131,
#6132,#6133,#6134),(#6135,#6136,#6137,#6138),(#6139,#6140,#6141,#6142),(#6143,
#6144,#6145,#6146),(#6147,#6148,#6149,#6150),(#6151,#6152,#6153,#6154),(#6155,
#6156,#6157,#6158),(#6159,#6160,#6161,#6162),(#6163,#6164,#6165,#6166),(#6167,
#6168,#6169,#6170),(#6171,#6172,#6173,#6174),(#6175,#6176,#6177,#6178),(#6179,
#6180,#6181,#6182),(#6183,#6184,#6185,#6186),(#6187,#6188,#6189,#6190),(#6191,
#6192,#6193,#6194),(#6195,#6196,#6197,#6198),(#6199,#6200,#6201,#6202),(#6203,
#6204,#6205,#6206),(#6207,#6208,#6209,#6210),(#6211,#6212,#6213,#6214),(#6215,
#6216,#6217,#6218),(#6219,#6220,#6221,#6222),(#6223,#6224,#6225,#6226),(#6227,
#6228,#6229,#6230),(#6231,#6232,#6233,#6234),(#6235,#6236,#6237,#6238),(#6239,
#6240,#6241,#6242),(#6243,#6244,#6245,#6246),(#6247,#6248,#6249,#6250),(#6251,
#6252,#6253,#6254),(#6255,#6256,#6257,#6258),(#6259,#6260,#6261,#6262),(#6263,
#6264,#6265,#6266)),.UNSPECIFIED.,.F.,.F.,.F.,(4,1,1,1,1,1,1,1,1,1,1,1,1,1,1,1,
1,1,1,1,1,1,1,1,1,1,1,1,1,1,1,1,4),(4,4),(0.E0,3.124999999982E-2,
6.250000000012E-2,9.374999999994E-2,1.249999999998E-1,1.562500000001E-1,
1.874999999999E-1,2.187500000002E-1,2.5E-1,2.812499999998E-1,3.125000000001E-1,
3.437499999999E-1,3.749999999998E-1,4.062500000001E-1,4.374999999999E-1,
4.687500000002E-1,5.E-1,5.312499999998E-1,5.625000000001E-1,5.937499999999E-1,
6.249999999998E-1,6.562500000001E-1,6.874999999999E-1,7.187500000002E-1,7.5E-1,
7.812499999998E-1,8.125000000001E-1,8.437499999999E-1,8.749999999998E-1,
9.062500000001E-1,9.374999999999E-1,9.687500000002E-1,1.E0),(0.E0,
1.000009294716E0),.UNSPECIFIED.);
#6268=ORIENTED_EDGE('',*,*,#4235,.T.);
#6270=ORIENTED_EDGE('',*,*,#6269,.F.);
#6272=ORIENTED_EDGE('',*,*,#6271,.F.);
#6274=ORIENTED_EDGE('',*,*,#6273,.T.);
#6275=ORIENTED_EDGE('',*,*,#6118,.T.);
#6276=EDGE_LOOP('',(#6268,#6270,#6272,#6274,#6275));
#6277=FACE_OUTER_BOUND('',#6276,.F.);
#6278=ADVANCED_FACE('',(#6277),#6267,.T.);
#6279=CARTESIAN_POINT('',(0.E0,-8.79E-1,0.E0));
#6280=DIRECTION('',(0.E0,1.E0,0.E0));
#6281=DIRECTION('',(1.E0,0.E0,0.E0));
#6282=AXIS2_PLACEMENT_3D('',#6279,#6280,#6281);
#6283=CYLINDRICAL_SURFACE('',#6282,1.1E1);
#6284=ORIENTED_EDGE('',*,*,#6271,.T.);
#6285=ORIENTED_EDGE('',*,*,#6269,.T.);
#6286=ORIENTED_EDGE('',*,*,#4233,.T.);
#6288=ORIENTED_EDGE('',*,*,#6287,.T.);
#6290=ORIENTED_EDGE('',*,*,#6289,.T.);
#6291=ORIENTED_EDGE('',*,*,#4151,.T.);
#6293=ORIENTED_EDGE('',*,*,#6292,.T.);
#6294=EDGE_LOOP('',(#6284,#6285,#6286,#6288,#6290,#6291,#6293));
#6295=FACE_OUTER_BOUND('',#6294,.F.);
#6296=ADVANCED_FACE('',(#6295),#6283,.T.);
#6297=CARTESIAN_POINT('',(1.075062623780E1,8.090526893294E0,-2.329019414789E0));
#6298=CARTESIAN_POINT('',(1.050041749187E1,8.238336040748E0,-2.274814104871E0));
#6299=CARTESIAN_POINT('',(1.025020874593E1,8.386145188203E0,-2.220608794953E0));
#6300=CARTESIAN_POINT('',(1.E1,8.533954335658E0,-2.166403485035E0));
#6301=CARTESIAN_POINT('',(1.060854385211E1,8.100236171261E0,-2.984863935059E0));
#6302=CARTESIAN_POINT('',(1.036164191406E1,8.248045318715E0,-2.915394580861E0));
#6303=CARTESIAN_POINT('',(1.011473997600E1,8.395854466170E0,-2.845925226662E0));
#6304=CARTESIAN_POINT('',(9.867838037947E0,8.543663613624E0,-2.776455872463E0));
#6305=CARTESIAN_POINT('',(1.020401691168E1,8.119654727193E0,-4.270462744877E0));
#6306=CARTESIAN_POINT('',(9.966529883620E0,8.267463874647E0,-4.171072522920E0));
#6307=CARTESIAN_POINT('',(9.729042855564E0,8.415273022102E0,-4.071682300963E0));
#6308=CARTESIAN_POINT('',(9.491555827508E0,8.563082169557E0,-3.972292079006E0));
#6309=CARTESIAN_POINT('',(9.256396035467E0,8.148782561093E0,-6.056232939629E0));
#6310=CARTESIAN_POINT('',(9.040963818527E0,8.296591708547E0,-5.915280922938E0));
#6311=CARTESIAN_POINT('',(8.825531601588E0,8.444400856002E0,-5.774328906247E0));
#6312=CARTESIAN_POINT('',(8.610099384648E0,8.592210003456E0,-5.633376889556E0));
#6313=CARTESIAN_POINT('',(7.999599699267E0,8.177910394992E0,-7.639713587682E0));
#6314=CARTESIAN_POINT('',(7.813418004875E0,8.325719542446E0,-7.461907838157E0));
#6315=CARTESIAN_POINT('',(7.627236310484E0,8.473528689901E0,-7.284102088633E0));
#6316=CARTESIAN_POINT('',(7.441054616092E0,8.621337837355E0,-7.106296339108E0));
#6317=CARTESIAN_POINT('',(6.475605817449E0,8.207038228891E0,-8.968018194444E0));
#6318=CARTESIAN_POINT('',(6.324893368248E0,8.354847376345E0,-8.759297647724E0));
#6319=CARTESIAN_POINT('',(6.174180919046E0,8.502656523800E0,-8.550577101003E0));
#6320=CARTESIAN_POINT('',(6.023468469845E0,8.650465671254E0,-8.341856554282E0));
#6321=CARTESIAN_POINT('',(4.735318109296E0,8.236166062790E0,-9.996778607794E0));
#6322=CARTESIAN_POINT('',(4.625108901058E0,8.383975210244E0,-9.764114818400E0));
#6323=CARTESIAN_POINT('',(4.514899692821E0,8.531784357699E0,-9.531451029007E0));
#6324=CARTESIAN_POINT('',(4.404690484583E0,8.679593505153E0,-9.298787239614E0));
#6325=CARTESIAN_POINT('',(2.836864498499E0,8.265293896689E0,-1.069163317737E1));
#6326=CARTESIAN_POINT('',(2.770839664889E0,8.413103044143E0,-1.044279742863E1));
#6327=CARTESIAN_POINT('',(2.704814831279E0,8.560912191598E0,-1.019396167989E1));
#6328=CARTESIAN_POINT('',(2.638789997669E0,8.708721339052E0,-9.945125931157E0));
#6329=CARTESIAN_POINT('',(8.436559207221E-1,8.294421730588E0,
-1.102937281208E1));
#6330=CARTESIAN_POINT('',(8.240207771263E-1,8.442230878042E0,
-1.077267655284E1));
#6331=CARTESIAN_POINT('',(8.043856335305E-1,8.590040025497E0,
-1.051598029359E1));
#6332=CARTESIAN_POINT('',(7.847504899347E-1,8.737849172951E0,
-1.025928403435E1));
#6333=CARTESIAN_POINT('',(-1.177731784278E0,8.323549564487E0,
-1.099871663574E1));
#6334=CARTESIAN_POINT('',(-1.150321400336E0,8.471358711941E0,
-1.074273386455E1));
#6335=CARTESIAN_POINT('',(-1.122911016395E0,8.619167859396E0,
-1.048675109337E1));
#6336=CARTESIAN_POINT('',(-1.095500632453E0,8.766977006850E0,
-1.023076832219E1));
#6337=CARTESIAN_POINT('',(-3.159781569010E0,8.352677398386E0,
-1.060068865930E1));
#6338=CARTESIAN_POINT('',(-3.086241203423E0,8.500486545840E0,
-1.035396954203E1));
#6339=CARTESIAN_POINT('',(-3.012700837837E0,8.648295693295E0,
-1.010725042476E1));
#6340=CARTESIAN_POINT('',(-2.939160472251E0,8.796104840749E0,
-9.860531307492E0));
#6341=CARTESIAN_POINT('',(-5.036290343889E0,8.381805232285E0,
-9.848583604925E0));
#6342=CARTESIAN_POINT('',(-4.919076345074E0,8.529614379739E0,
-9.619368887707E0));
#6343=CARTESIAN_POINT('',(-4.801862346258E0,8.677423527194E0,
-9.390154170489E0));
#6344=CARTESIAN_POINT('',(-4.684648347443E0,8.825232674648E0,
-9.160939453271E0));
#6345=CARTESIAN_POINT('',(-6.744580245121E0,8.410933066184E0,
-8.767522831745E0));
#6346=CARTESIAN_POINT('',(-6.587607718344E0,8.558742213638E0,
-8.563468589308E0));
#6347=CARTESIAN_POINT('',(-6.430635191567E0,8.706551361093E0,
-8.359414346870E0));
#6348=CARTESIAN_POINT('',(-6.273662664790E0,8.854360508547E0,
-8.155360104433E0));
#6349=CARTESIAN_POINT('',(-8.227592156779E0,8.440060900083E0,
-7.393615247627E0));
#6350=CARTESIAN_POINT('',(-8.036104194118E0,8.587870047537E0,
-7.221537160443E0));
#6351=CARTESIAN_POINT('',(-7.844616231458E0,8.735679194992E0,
-7.049459073260E0));
#6352=CARTESIAN_POINT('',(-7.653128268797E0,8.883488342447E0,
-6.877380986076E0));
#6353=CARTESIAN_POINT('',(-9.435791557842E0,8.469188733982E0,
-5.772751220015E0));
#6354=CARTESIAN_POINT('',(-9.216184111693E0,8.616997881436E0,
-5.638396921819E0));
#6355=CARTESIAN_POINT('',(-8.996576665544E0,8.764807028891E0,
-5.504042623622E0));
#6356=CARTESIAN_POINT('',(-8.776969219395E0,8.912616176346E0,
-5.369688325426E0));
#6357=CARTESIAN_POINT('',(-1.032882303734E1,8.498316567881E0,
-3.959069774644E0));
#6358=CARTESIAN_POINT('',(-1.008843128694E1,8.646125715335E0,
-3.866926874178E0));
#6359=CARTESIAN_POINT('',(-9.848039536548E0,8.793934862790E0,
-3.774783973711E0));
#6360=CARTESIAN_POINT('',(-9.607647786154E0,8.941744010245E0,
-3.682641073245E0));
#6361=CARTESIAN_POINT('',(-1.087685821461E1,8.527444401780E0,
-2.013150278860E0));
#6362=CARTESIAN_POINT('',(-1.062371156126E1,8.675253549234E0,
-1.966296468160E0));
#6363=CARTESIAN_POINT('',(-1.037056490790E1,8.823062696689E0,
-1.919442657460E0));
#6364=CARTESIAN_POINT('',(-1.011741825455E1,8.970871844144E0,
-1.872588846760E0));
#6365=CARTESIAN_POINT('',(-1.106159204265E1,8.556572235679E0,
1.098997883897E-5));
#6366=CARTESIAN_POINT('',(-1.080414591702E1,8.704381383133E0,
1.073419944631E-5));
#6367=CARTESIAN_POINT('',(-1.054669979139E1,8.852190530588E0,
1.047842005353E-5));
#6368=CARTESIAN_POINT('',(-1.028925366576E1,8.999999678043E0,
1.022264066053E-5));
#6369=CARTESIAN_POINT('',(-1.087685421680E1,8.585700069578E0,2.013171805776E0));
#6370=CARTESIAN_POINT('',(-1.062370765649E1,8.733509217032E0,1.966317494062E0));
#6371=CARTESIAN_POINT('',(-1.037056109618E1,8.881318364487E0,1.919463182347E0));
#6372=CARTESIAN_POINT('',(-1.011741453587E1,9.029127511942E0,1.872608870633E0));
#6373=CARTESIAN_POINT('',(-1.032881526737E1,8.614827903477E0,3.959089971700E0));
#6374=CARTESIAN_POINT('',(-1.008842369781E1,8.762637050931E0,3.866946601170E0));
#6375=CARTESIAN_POINT('',(-9.848032128249E0,8.910446198386E0,3.774803230640E0));
#6376=CARTESIAN_POINT('',(-9.607640558691E0,9.058255345841E0,3.682659860110E0));
#6377=CARTESIAN_POINT('',(-9.435780452288E0,8.643955737376E0,5.772769296354E0));
#6378=CARTESIAN_POINT('',(-9.216173264609E0,8.791764884830E0,5.638414577451E0));
#6379=CARTESIAN_POINT('',(-8.996566076929E0,8.939574032285E0,5.504059858549E0));
#6380=CARTESIAN_POINT('',(-8.776958889250E0,9.087383179740E0,5.369705139646E0));
#6381=CARTESIAN_POINT('',(-8.227578334613E0,8.673083571275E0,7.393630549679E0));
#6382=CARTESIAN_POINT('',(-8.036090693647E0,8.820892718729E0,7.221552106358E0));
#6383=CARTESIAN_POINT('',(-7.844603052682E0,8.968701866184E0,7.049473663036E0));
#6384=CARTESIAN_POINT('',(-7.653115411716E0,9.116511013639E0,6.877395219714E0));
#6385=CARTESIAN_POINT('',(-6.744564466975E0,8.702211405174E0,8.767534885927E0));
#6386=CARTESIAN_POINT('',(-6.587592307416E0,8.850020552628E0,8.563480362943E0));
#6387=CARTESIAN_POINT('',(-6.430620147858E0,8.997829700083E0,8.359425839958E0));
#6388=CARTESIAN_POINT('',(-6.273647988299E0,9.145638847538E0,8.155371316974E0));
#6389=CARTESIAN_POINT('',(-5.036273461617E0,8.731339239074E0,9.848592148958E0));
#6390=CARTESIAN_POINT('',(-4.919059855718E0,8.879148386528E0,9.619377232887E0));
#6391=CARTESIAN_POINT('',(-4.801846249818E0,9.026957533983E0,9.390162316816E0));
#6392=CARTESIAN_POINT('',(-4.684632643918E0,9.174766681437E0,9.160947400745E0));
#6393=CARTESIAN_POINT('',(-3.159764468537E0,8.760467072973E0,1.060069366E1));
#6394=CARTESIAN_POINT('',(-3.086224500945E0,8.908276220427E0,1.035397442635E1));
#6395=CARTESIAN_POINT('',(-3.012684533354E0,9.056085367882E0,1.010725519269E1));
#6396=CARTESIAN_POINT('',(-2.939144565762E0,9.203894515336E0,9.860535959038E0));
#6397=CARTESIAN_POINT('',(-1.177715325201E0,8.789594906872E0,1.099871829197E1));
#6398=CARTESIAN_POINT('',(-1.150305324326E0,8.937404054326E0,1.074273548223E1));
#6399=CARTESIAN_POINT('',(-1.122895323451E0,9.085213201781E0,1.048675267250E1));
#6400=CARTESIAN_POINT('',(-1.095485322576E0,9.233022349235E0,1.023076986277E1));
#6401=CARTESIAN_POINT('',(8.436709650632E-1,8.818722740771E0,1.102937154229E1));
#6402=CARTESIAN_POINT('',(8.240354713273E-1,8.966531888225E0,1.077267531260E1));
#6403=CARTESIAN_POINT('',(8.043999775914E-1,9.114341035680E0,1.051597908291E1));
#6404=CARTESIAN_POINT('',(7.847644838555E-1,9.262150183134E0,1.025928285322E1));
#6405=CARTESIAN_POINT('',(2.836877496708E0,8.847850574670E0,1.069162959222E1));
#6406=CARTESIAN_POINT('',(2.770852360579E0,8.995659722124E0,1.044279392692E1));
#6407=CARTESIAN_POINT('',(2.704827224450E0,9.143468869579E0,1.019395826162E1));
#6408=CARTESIAN_POINT('',(2.638802088321E0,9.291278017033E0,9.945122596319E0));
#6409=CARTESIAN_POINT('',(4.735328619768E0,8.876978408568E0,9.996773469006E0));
#6410=CARTESIAN_POINT('',(4.625119166911E0,9.024787556022E0,9.764109799213E0));
#6411=CARTESIAN_POINT('',(4.514909714054E0,9.172596703477E0,9.531446129419E0));
#6412=CARTESIAN_POINT('',(4.404700261197E0,9.320405850932E0,9.298782459625E0));
#6413=CARTESIAN_POINT('',(6.475613625135E0,8.906106242467E0,8.968012362196E0));
#6414=CARTESIAN_POINT('',(6.324900994219E0,9.053915389921E0,8.759291951214E0));
#6415=CARTESIAN_POINT('',(6.174188363302E0,9.201724537376E0,8.550571540232E0));
#6416=CARTESIAN_POINT('',(6.023475732386E0,9.349533684831E0,8.341851129250E0));
#6417=CARTESIAN_POINT('',(7.999604838659E0,8.935234076366E0,7.639707959193E0));
#6418=CARTESIAN_POINT('',(7.813423024654E0,9.083043223820E0,7.461902340665E0));
#6419=CARTESIAN_POINT('',(7.627241210648E0,9.230852371275E0,7.284096722138E0));
#6420=CARTESIAN_POINT('',(7.441059396643E0,9.378661518730E0,7.106291103610E0));
#6421=CARTESIAN_POINT('',(9.256398797844E0,8.964361910265E0,6.056228382549E0));
#6422=CARTESIAN_POINT('',(9.040966516612E0,9.112171057719E0,5.915276471919E0));
#6423=CARTESIAN_POINT('',(8.825534235381E0,9.259980205174E0,5.774324561288E0));
#6424=CARTESIAN_POINT('',(8.610101954150E0,9.407789352629E0,5.633372650658E0));
#6425=CARTESIAN_POINT('',(1.020401783543E1,8.993489744164E0,4.270460029339E0));
#6426=CARTESIAN_POINT('',(9.966530785871E0,9.141298891618E0,4.171069870583E0));
#6427=CARTESIAN_POINT('',(9.729043736316E0,9.289108039073E0,4.071679711827E0));
#6428=CARTESIAN_POINT('',(9.491556686760E0,9.436917186528E0,3.972289553071E0));
#6429=CARTESIAN_POINT('',(1.060854405604E1,9.012908300097E0,2.984862852085E0));
#6430=CARTESIAN_POINT('',(1.036164211324E1,9.160717447551E0,2.915393523091E0));
#6431=CARTESIAN_POINT('',(1.011474017044E1,9.308526595006E0,2.845924194097E0));
#6432=CARTESIAN_POINT('',(9.867838227633E0,9.456335742460E0,2.776454865103E0));
#6433=CARTESIAN_POINT('',(1.075062623780E1,9.022617578063E0,2.329019212518E0));
#6434=CARTESIAN_POINT('',(1.050041749187E1,9.170426725517E0,2.274813907308E0));
#6435=CARTESIAN_POINT('',(1.025020874593E1,9.318235872972E0,2.220608602098E0));
#6436=CARTESIAN_POINT('',(1.E1,9.466045020427E0,2.166403296888E0));
#6437=B_SPLINE_SURFACE_WITH_KNOTS('',3,3,((#6297,#6298,#6299,#6300),(#6301,
#6302,#6303,#6304),(#6305,#6306,#6307,#6308),(#6309,#6310,#6311,#6312),(#6313,
#6314,#6315,#6316),(#6317,#6318,#6319,#6320),(#6321,#6322,#6323,#6324),(#6325,
#6326,#6327,#6328),(#6329,#6330,#6331,#6332),(#6333,#6334,#6335,#6336),(#6337,
#6338,#6339,#6340),(#6341,#6342,#6343,#6344),(#6345,#6346,#6347,#6348),(#6349,
#6350,#6351,#6352),(#6353,#6354,#6355,#6356),(#6357,#6358,#6359,#6360),(#6361,
#6362,#6363,#6364),(#6365,#6366,#6367,#6368),(#6369,#6370,#6371,#6372),(#6373,
#6374,#6375,#6376),(#6377,#6378,#6379,#6380),(#6381,#6382,#6383,#6384),(#6385,
#6386,#6387,#6388),(#6389,#6390,#6391,#6392),(#6393,#6394,#6395,#6396),(#6397,
#6398,#6399,#6400),(#6401,#6402,#6403,#6404),(#6405,#6406,#6407,#6408),(#6409,
#6410,#6411,#6412),(#6413,#6414,#6415,#6416),(#6417,#6418,#6419,#6420),(#6421,
#6422,#6423,#6424),(#6425,#6426,#6427,#6428),(#6429,#6430,#6431,#6432),(#6433,
#6434,#6435,#6436)),.UNSPECIFIED.,.F.,.F.,.F.,(4,1,1,1,1,1,1,1,1,1,1,1,1,1,1,1,
1,1,1,1,1,1,1,1,1,1,1,1,1,1,1,1,4),(4,4),(0.E0,3.125000000002E-2,
6.250000000015E-2,9.374999999999E-2,1.249999999998E-1,1.5625E-1,
1.874999999999E-1,2.187500000001E-1,2.499999999999E-1,2.812500000001E-1,
3.124999999999E-1,3.437500000001E-1,3.75E-1,4.062499999998E-1,4.375E-1,
4.687499999999E-1,5.000000000001E-1,5.312499999999E-1,5.625000000001E-1,
5.937499999999E-1,6.250000000001E-1,6.5625E-1,6.874999999998E-1,7.1875E-1,
7.499999999998E-1,7.8125E-1,8.124999999999E-1,8.437500000001E-1,
8.749999999999E-1,9.062500000001E-1,9.375E-1,9.687499999998E-1,1.E0),(
-1.746142151025E-5,1.E0),.UNSPECIFIED.);
#6438=ORIENTED_EDGE('',*,*,#4231,.T.);
#6440=ORIENTED_EDGE('',*,*,#6439,.F.);
#6441=ORIENTED_EDGE('',*,*,#4153,.T.);
#6442=ORIENTED_EDGE('',*,*,#6289,.F.);
#6443=ORIENTED_EDGE('',*,*,#6287,.F.);
#6444=EDGE_LOOP('',(#6438,#6440,#6441,#6442,#6443));
#6445=FACE_OUTER_BOUND('',#6444,.F.);
#6446=ADVANCED_FACE('',(#6445),#6437,.T.);
#6447=CARTESIAN_POINT('',(1.E1,8.533954335658E0,-2.166403485035E0));
#6448=CARTESIAN_POINT('',(1.025020874506E1,8.681763482594E0,-2.220608794762E0));
#6449=CARTESIAN_POINT('',(1.050041749011E1,8.829572629529E0,-2.274814104490E0));
#6450=CARTESIAN_POINT('',(1.075062623517E1,8.977381776465E0,-2.329019414217E0));
#6451=CARTESIAN_POINT('',(9.867838037947E0,8.543663613624E0,-2.776455872463E0));
#6452=CARTESIAN_POINT('',(1.011473997513E1,8.691472760560E0,-2.845925226418E0));
#6453=CARTESIAN_POINT('',(1.036164191232E1,8.839281907495E0,-2.915394580373E0));
#6454=CARTESIAN_POINT('',(1.060854384951E1,8.987091054431E0,-2.984863934328E0));
#6455=CARTESIAN_POINT('',(9.491555827508E0,8.563082169557E0,-3.972292079006E0));
#6456=CARTESIAN_POINT('',(9.729042854730E0,8.710891316493E0,-4.071682300614E0));
#6457=CARTESIAN_POINT('',(9.966529881953E0,8.858700463428E0,-4.171072522222E0));
#6458=CARTESIAN_POINT('',(1.020401690918E1,9.006509610364E0,-4.270462743830E0));
#6459=CARTESIAN_POINT('',(8.610099384648E0,8.592210003456E0,-5.633376889556E0));
#6460=CARTESIAN_POINT('',(8.825531600832E0,8.740019150392E0,-5.774328905752E0));
#6461=CARTESIAN_POINT('',(9.040963817015E0,8.887828297327E0,-5.915280921948E0));
#6462=CARTESIAN_POINT('',(9.256396033199E0,9.035637444263E0,-6.056232938145E0));
#6463=CARTESIAN_POINT('',(7.441054616092E0,8.621337837355E0,-7.106296339108E0));
#6464=CARTESIAN_POINT('',(7.627236309830E0,8.769146984291E0,-7.284102088009E0));
#6465=CARTESIAN_POINT('',(7.813418003568E0,8.916956131226E0,-7.461907836909E0));
#6466=CARTESIAN_POINT('',(7.999599697306E0,9.064765278162E0,-7.639713585810E0));
#6467=CARTESIAN_POINT('',(6.023468469845E0,8.650465671254E0,-8.341856554282E0));
#6468=CARTESIAN_POINT('',(6.174180918517E0,8.798274818190E0,-8.550577100270E0));
#6469=CARTESIAN_POINT('',(6.324893367190E0,8.946083965125E0,-8.759297646258E0));
#6470=CARTESIAN_POINT('',(6.475605815862E0,9.093893112061E0,-8.968018192247E0));
#6471=CARTESIAN_POINT('',(4.404690484583E0,8.679593505153E0,-9.298787239614E0));
#6472=CARTESIAN_POINT('',(4.514899692434E0,8.827402652089E0,-9.531451028191E0));
#6473=CARTESIAN_POINT('',(4.625108900284E0,8.975211799024E0,-9.764114816767E0));
#6474=CARTESIAN_POINT('',(4.735318108135E0,9.123020945960E0,-9.996778605344E0));
#6475=CARTESIAN_POINT('',(2.638789997669E0,8.708721339052E0,-9.945125931157E0));
#6476=CARTESIAN_POINT('',(2.704814831047E0,8.856530485988E0,-1.019396167902E1));
#6477=CARTESIAN_POINT('',(2.770839664426E0,9.004339632923E0,-1.044279742689E1));
#6478=CARTESIAN_POINT('',(2.836864497804E0,9.152148779859E0,-1.069163317475E1));
#6479=CARTESIAN_POINT('',(7.847504899347E-1,8.737849172951E0,
-1.025928403435E1));
#6480=CARTESIAN_POINT('',(8.043856334616E-1,8.885658319887E0,
-1.051598029269E1));
#6481=CARTESIAN_POINT('',(8.240207769885E-1,9.033467466823E0,
-1.077267655103E1));
#6482=CARTESIAN_POINT('',(8.436559205154E-1,9.181276613759E0,
-1.102937280938E1));
#6483=CARTESIAN_POINT('',(-1.095500632453E0,8.766977006850E0,
-1.023076832219E1));
#6484=CARTESIAN_POINT('',(-1.122911016298E0,8.914786153786E0,
-1.048675109247E1));
#6485=CARTESIAN_POINT('',(-1.150321400144E0,9.062595300722E0,
-1.074273386276E1));
#6486=CARTESIAN_POINT('',(-1.177731783989E0,9.210404447658E0,
-1.099871663304E1));
#6487=CARTESIAN_POINT('',(-2.939160472252E0,8.796104840749E0,
-9.860531307492E0));
#6488=CARTESIAN_POINT('',(-3.012700837580E0,8.943913987685E0,
-1.010725042390E1));
#6489=CARTESIAN_POINT('',(-3.086241202908E0,9.091723134621E0,
-1.035396954030E1));
#6490=CARTESIAN_POINT('',(-3.159781568235E0,9.239532281557E0,
-1.060068865671E1));
#6491=CARTESIAN_POINT('',(-4.684648347442E0,8.825232674648E0,
-9.160939453271E0));
#6492=CARTESIAN_POINT('',(-4.801862345846E0,8.973041821584E0,
-9.390154169684E0));
#6493=CARTESIAN_POINT('',(-4.919076344250E0,9.120850968520E0,
-9.619368886098E0));
#6494=CARTESIAN_POINT('',(-5.036290342655E0,9.268660115456E0,
-9.848583602511E0));
#6495=CARTESIAN_POINT('',(-6.273662664790E0,8.854360508547E0,
-8.155360104433E0));
#6496=CARTESIAN_POINT('',(-6.430635191016E0,9.002169655483E0,
-8.359414346154E0));
#6497=CARTESIAN_POINT('',(-6.587607717242E0,9.149978802419E0,
-8.563468587875E0));
#6498=CARTESIAN_POINT('',(-6.744580243468E0,9.297787949355E0,
-8.767522829596E0));
#6499=CARTESIAN_POINT('',(-7.653128268796E0,8.883488342447E0,
-6.877380986076E0));
#6500=CARTESIAN_POINT('',(-7.844616230785E0,9.031297489383E0,
-7.049459072656E0));
#6501=CARTESIAN_POINT('',(-8.036104192774E0,9.179106636318E0,
-7.221537159235E0));
#6502=CARTESIAN_POINT('',(-8.227592154763E0,9.326915783254E0,
-7.393615245815E0));
#6503=CARTESIAN_POINT('',(-8.776969219396E0,8.912616176346E0,
-5.369688325426E0));
#6504=CARTESIAN_POINT('',(-8.996576664774E0,9.060425323282E0,
-5.504042623151E0));
#6505=CARTESIAN_POINT('',(-9.216184110152E0,9.208234470217E0,
-5.638396920875E0));
#6506=CARTESIAN_POINT('',(-9.435791555529E0,9.356043617153E0,
-5.772751218600E0));
#6507=CARTESIAN_POINT('',(-9.607647786154E0,8.941744010245E0,
-3.682641073245E0));
#6508=CARTESIAN_POINT('',(-9.848039535704E0,9.089553157181E0,
-3.774783973388E0));
#6509=CARTESIAN_POINT('',(-1.008843128525E1,9.237362304116E0,
-3.866926873531E0));
#6510=CARTESIAN_POINT('',(-1.032882303480E1,9.385171451052E0,
-3.959069773674E0));
#6511=CARTESIAN_POINT('',(-1.011741825455E1,8.970871844144E0,
-1.872588846760E0));
#6512=CARTESIAN_POINT('',(-1.037056490701E1,9.118680991080E0,
-1.919442657295E0));
#6513=CARTESIAN_POINT('',(-1.062371155948E1,9.266490138015E0,
-1.966296467831E0));
#6514=CARTESIAN_POINT('',(-1.087685821194E1,9.414299284951E0,
-2.013150278366E0));
#6515=CARTESIAN_POINT('',(-1.028925366576E1,8.999999678043E0,
1.022264065142E-5));
#6516=CARTESIAN_POINT('',(-1.054669979049E1,9.147808824979E0,
1.047842004143E-5));
#6517=CARTESIAN_POINT('',(-1.080414591521E1,9.295617971914E0,
1.073419943143E-5));
#6518=CARTESIAN_POINT('',(-1.106159203994E1,9.443427118850E0,
1.098997882132E-5));
#6519=CARTESIAN_POINT('',(-1.011741453587E1,9.029127511942E0,1.872608870633E0));
#6520=CARTESIAN_POINT('',(-1.037056109529E1,9.176936658878E0,1.919463182183E0));
#6521=CARTESIAN_POINT('',(-1.062370765472E1,9.324745805813E0,1.966317493733E0));
#6522=CARTESIAN_POINT('',(-1.087685421414E1,9.472554952749E0,2.013171805283E0));
#6523=CARTESIAN_POINT('',(-9.607640558691E0,9.058255345841E0,3.682659860110E0));
#6524=CARTESIAN_POINT('',(-9.848032127406E0,9.206064492777E0,3.774803230317E0));
#6525=CARTESIAN_POINT('',(-1.008842369612E1,9.353873639712E0,3.866946600523E0));
#6526=CARTESIAN_POINT('',(-1.032881526483E1,9.501682786648E0,3.959089970730E0));
#6527=CARTESIAN_POINT('',(-8.776958889250E0,9.087383179740E0,5.369705139646E0));
#6528=CARTESIAN_POINT('',(-8.996566076159E0,9.235192326676E0,5.504059858077E0));
#6529=CARTESIAN_POINT('',(-9.216173263067E0,9.383001473611E0,5.638414576508E0));
#6530=CARTESIAN_POINT('',(-9.435780449976E0,9.530810620547E0,5.772769294940E0));
#6531=CARTESIAN_POINT('',(-7.653115411716E0,9.116511013639E0,6.877395219714E0));
#6532=CARTESIAN_POINT('',(-7.844603052010E0,9.264320160575E0,7.049473662432E0));
#6533=CARTESIAN_POINT('',(-8.036090692303E0,9.412129307510E0,7.221552105150E0));
#6534=CARTESIAN_POINT('',(-8.227578332597E0,9.559938454446E0,7.393630547867E0));
#6535=CARTESIAN_POINT('',(-6.273647988299E0,9.145638847538E0,8.155371316974E0));
#6536=CARTESIAN_POINT('',(-6.430620147307E0,9.293447994474E0,8.359425839242E0));
#6537=CARTESIAN_POINT('',(-6.587592306314E0,9.441257141409E0,8.563480361511E0));
#6538=CARTESIAN_POINT('',(-6.744564465322E0,9.589066288345E0,8.767534883779E0));
#6539=CARTESIAN_POINT('',(-4.684632643918E0,9.174766681437E0,9.160947400746E0));
#6540=CARTESIAN_POINT('',(-4.801846249406E0,9.322575828373E0,9.390162316012E0));
#6541=CARTESIAN_POINT('',(-4.919059854895E0,9.470384975308E0,9.619377231278E0));
#6542=CARTESIAN_POINT('',(-5.036273460383E0,9.618194122244E0,9.848592146545E0));
#6543=CARTESIAN_POINT('',(-2.939144565762E0,9.203894515336E0,9.860535959038E0));
#6544=CARTESIAN_POINT('',(-3.012684533096E0,9.351703662272E0,1.010725519183E1));
#6545=CARTESIAN_POINT('',(-3.086224500429E0,9.499512809207E0,1.035397442461E1));
#6546=CARTESIAN_POINT('',(-3.159764467763E0,9.647321956143E0,1.060069365740E1));
#6547=CARTESIAN_POINT('',(-1.095485322576E0,9.233022349235E0,1.023076986277E1));
#6548=CARTESIAN_POINT('',(-1.122895323355E0,9.380831496171E0,1.048675267160E1));
#6549=CARTESIAN_POINT('',(-1.150305324133E0,9.528640643106E0,1.074273548044E1));
#6550=CARTESIAN_POINT('',(-1.177715324912E0,9.676449790042E0,1.099871828927E1));
#6551=CARTESIAN_POINT('',(7.847644838556E-1,9.262150183134E0,1.025928285322E1));
#6552=CARTESIAN_POINT('',(8.043999775226E-1,9.409959330070E0,1.051597908201E1));
#6553=CARTESIAN_POINT('',(8.240354711896E-1,9.557768477005E0,1.077267531080E1));
#6554=CARTESIAN_POINT('',(8.436709648566E-1,9.705577623941E0,1.102937153959E1));
#6555=CARTESIAN_POINT('',(2.638802088321E0,9.291278017033E0,9.945122596319E0));
#6556=CARTESIAN_POINT('',(2.704827224218E0,9.439087163969E0,1.019395826074E1));
#6557=CARTESIAN_POINT('',(2.770852360115E0,9.586896310904E0,1.044279392517E1));
#6558=CARTESIAN_POINT('',(2.836877496013E0,9.734705457840E0,1.069162958960E1));
#6559=CARTESIAN_POINT('',(4.404700261197E0,9.320405850932E0,9.298782459625E0));
#6560=CARTESIAN_POINT('',(4.514909713667E0,9.468214997868E0,9.531446128602E0));
#6561=CARTESIAN_POINT('',(4.625119166138E0,9.616024144803E0,9.764109797579E0));
#6562=CARTESIAN_POINT('',(4.735328618608E0,9.763833291739E0,9.996773466557E0));
#6563=CARTESIAN_POINT('',(6.023475732386E0,9.349533684831E0,8.341851129250E0));
#6564=CARTESIAN_POINT('',(6.174188362774E0,9.497342831767E0,8.550571539500E0));
#6565=CARTESIAN_POINT('',(6.324900993161E0,9.645151978702E0,8.759291949749E0));
#6566=CARTESIAN_POINT('',(6.475613623549E0,9.792961125638E0,8.968012359999E0));
#6567=CARTESIAN_POINT('',(7.441059396643E0,9.378661518730E0,7.106291103610E0));
#6568=CARTESIAN_POINT('',(7.627241209995E0,9.526470665666E0,7.284096721514E0));
#6569=CARTESIAN_POINT('',(7.813423023347E0,9.674279812601E0,7.461902339417E0));
#6570=CARTESIAN_POINT('',(7.999604836700E0,9.822088959537E0,7.639707957321E0));
#6571=CARTESIAN_POINT('',(8.610101954150E0,9.407789352629E0,5.633372650658E0));
#6572=CARTESIAN_POINT('',(8.825534234625E0,9.555598499565E0,5.774324560794E0));
#6573=CARTESIAN_POINT('',(9.040966515100E0,9.703407646500E0,5.915276470929E0));
#6574=CARTESIAN_POINT('',(9.256398795575E0,9.851216793436E0,6.056228381065E0));
#6575=CARTESIAN_POINT('',(9.491556686760E0,9.436917186528E0,3.972289553071E0));
#6576=CARTESIAN_POINT('',(9.729043735482E0,9.584726333464E0,4.071679711478E0));
#6577=CARTESIAN_POINT('',(9.966530784204E0,9.732535480399E0,4.171069869886E0));
#6578=CARTESIAN_POINT('',(1.020401783293E1,9.880344627335E0,4.270460028293E0));
#6579=CARTESIAN_POINT('',(9.867838227633E0,9.456335742460E0,2.776454865103E0));
#6580=CARTESIAN_POINT('',(1.011474016957E1,9.604144889396E0,2.845924193853E0));
#6581=CARTESIAN_POINT('',(1.036164211151E1,9.751954036332E0,2.915393522603E0));
#6582=CARTESIAN_POINT('',(1.060854405344E1,9.899763183268E0,2.984862851354E0));
#6583=CARTESIAN_POINT('',(1.E1,9.466045020427E0,2.166403296888E0));
#6584=CARTESIAN_POINT('',(1.025020874506E1,9.613854167363E0,2.220608601908E0));
#6585=CARTESIAN_POINT('',(1.050041749011E1,9.761663314298E0,2.274813906928E0));
#6586=CARTESIAN_POINT('',(1.075062623517E1,9.909472461234E0,2.329019211948E0));
#6587=B_SPLINE_SURFACE_WITH_KNOTS('',3,3,((#6447,#6448,#6449,#6450),(#6451,
#6452,#6453,#6454),(#6455,#6456,#6457,#6458),(#6459,#6460,#6461,#6462),(#6463,
#6464,#6465,#6466),(#6467,#6468,#6469,#6470),(#6471,#6472,#6473,#6474),(#6475,
#6476,#6477,#6478),(#6479,#6480,#6481,#6482),(#6483,#6484,#6485,#6486),(#6487,
#6488,#6489,#6490),(#6491,#6492,#6493,#6494),(#6495,#6496,#6497,#6498),(#6499,
#6500,#6501,#6502),(#6503,#6504,#6505,#6506),(#6507,#6508,#6509,#6510),(#6511,
#6512,#6513,#6514),(#6515,#6516,#6517,#6518),(#6519,#6520,#6521,#6522),(#6523,
#6524,#6525,#6526),(#6527,#6528,#6529,#6530),(#6531,#6532,#6533,#6534),(#6535,
#6536,#6537,#6538),(#6539,#6540,#6541,#6542),(#6543,#6544,#6545,#6546),(#6547,
#6548,#6549,#6550),(#6551,#6552,#6553,#6554),(#6555,#6556,#6557,#6558),(#6559,
#6560,#6561,#6562),(#6563,#6564,#6565,#6566),(#6567,#6568,#6569,#6570),(#6571,
#6572,#6573,#6574),(#6575,#6576,#6577,#6578),(#6579,#6580,#6581,#6582),(#6583,
#6584,#6585,#6586)),.UNSPECIFIED.,.F.,.F.,.F.,(4,1,1,1,1,1,1,1,1,1,1,1,1,1,1,1,
1,1,1,1,1,1,1,1,1,1,1,1,1,1,1,1,4),(4,4),(0.E0,3.125000000002E-2,
6.250000000015E-2,9.374999999999E-2,1.249999999998E-1,1.5625E-1,
1.874999999999E-1,2.187500000001E-1,2.499999999999E-1,2.812500000001E-1,
3.124999999999E-1,3.437500000001E-1,3.75E-1,4.062499999998E-1,4.375E-1,
4.687499999999E-1,5.000000000001E-1,5.312499999999E-1,5.625000000001E-1,
5.937499999999E-1,6.250000000001E-1,6.5625E-1,6.874999999998E-1,7.1875E-1,
7.499999999998E-1,7.8125E-1,8.124999999999E-1,8.437500000001E-1,
8.749999999999E-1,9.062500000001E-1,9.375E-1,9.687499999998E-1,1.E0),(0.E0,
1.000017457912E0),.UNSPECIFIED.);
#6588=ORIENTED_EDGE('',*,*,#4155,.T.);
#6589=ORIENTED_EDGE('',*,*,#6439,.T.);
#6590=ORIENTED_EDGE('',*,*,#4229,.T.);
#6592=ORIENTED_EDGE('',*,*,#6591,.F.);
#6594=ORIENTED_EDGE('',*,*,#6593,.F.);
#6595=EDGE_LOOP('',(#6588,#6589,#6590,#6592,#6594));
#6596=FACE_OUTER_BOUND('',#6595,.F.);
#6597=ADVANCED_FACE('',(#6596),#6587,.T.);
#6598=CARTESIAN_POINT('',(0.E0,-8.79E-1,0.E0));
#6599=DIRECTION('',(0.E0,1.E0,0.E0));
#6600=DIRECTION('',(1.E0,0.E0,0.E0));
#6601=AXIS2_PLACEMENT_3D('',#6598,#6599,#6600);
#6602=CYLINDRICAL_SURFACE('',#6601,1.1E1);
#6603=ORIENTED_EDGE('',*,*,#6593,.T.);
#6604=ORIENTED_EDGE('',*,*,#6591,.T.);
#6605=ORIENTED_EDGE('',*,*,#4227,.T.);
#6607=ORIENTED_EDGE('',*,*,#6606,.T.);
#6609=ORIENTED_EDGE('',*,*,#6608,.T.);
#6610=ORIENTED_EDGE('',*,*,#4157,.T.);
#6611=EDGE_LOOP('',(#6603,#6604,#6605,#6607,#6609,#6610));
#6612=FACE_OUTER_BOUND('',#6611,.F.);
#6613=ADVANCED_FACE('',(#6612),#6602,.T.);
#6614=CARTESIAN_POINT('',(1.075062628206E1,9.090526933867E0,-2.329019204959E0));
#6615=CARTESIAN_POINT('',(1.050041752137E1,9.238336090036E0,-2.274813896952E0));
#6616=CARTESIAN_POINT('',(1.025020876069E1,9.386145246204E0,-2.220608588945E0));
#6617=CARTESIAN_POINT('',(1.E1,9.533954402373E0,-2.166403280938E0));
#6618=CARTESIAN_POINT('',(1.060854401265E1,9.100236218214E0,-2.984863249011E0));
#6619=CARTESIAN_POINT('',(1.036164205732E1,9.248045374383E0,-2.915393906969E0));
#6620=CARTESIAN_POINT('',(1.011474010198E1,9.395854530551E0,-2.845924564928E0));
#6621=CARTESIAN_POINT('',(9.867838146652E0,9.543663686720E0,-2.776455222886E0));
#6622=CARTESIAN_POINT('',(1.020401747389E1,9.119654786909E0,-4.270461177550E0));
#6623=CARTESIAN_POINT('',(9.966530419726E0,9.267463943078E0,-4.171070986620E0));
#6624=CARTESIAN_POINT('',(9.729043365560E0,9.415273099246E0,-4.071680795690E0));
#6625=CARTESIAN_POINT('',(9.491556311394E0,9.563082255415E0,-3.972290604760E0));
#6626=CARTESIAN_POINT('',(9.256397610533E0,9.148782639950E0,-6.056230383483E0));
#6627=CARTESIAN_POINT('',(9.040965345121E0,9.296591796119E0,-5.915278418554E0));
#6628=CARTESIAN_POINT('',(8.825533079708E0,9.444400952287E0,-5.774326453624E0));
#6629=CARTESIAN_POINT('',(8.610100814296E0,9.592210108456E0,-5.633374488695E0));
#6630=CARTESIAN_POINT('',(7.999602576997E0,9.177910492992E0,-7.639710463754E0));
#6631=CARTESIAN_POINT('',(7.813420805419E0,9.325719649161E0,-7.461904777184E0));
#6632=CARTESIAN_POINT('',(7.627239033841E0,9.473528805329E0,-7.284099090615E0));
#6633=CARTESIAN_POINT('',(7.441057262263E0,9.621337961498E0,-7.106293404045E0));
#6634=CARTESIAN_POINT('',(6.475610152823E0,9.207038346033E0,-8.968014976050E0));
#6635=CARTESIAN_POINT('',(6.324897594455E0,9.354847502202E0,-8.759294492787E0));
#6636=CARTESIAN_POINT('',(6.174185036088E0,9.502656658371E0,-8.550574009525E0));
#6637=CARTESIAN_POINT('',(6.023472477720E0,9.650465814540E0,-8.341853526262E0));
#6638=CARTESIAN_POINT('',(4.735323917392E0,9.236166199075E0,-9.996775783481E0));
#6639=CARTESIAN_POINT('',(4.625114567934E0,9.383975355244E0,-9.764112047062E0));
#6640=CARTESIAN_POINT('',(4.514905218475E0,9.531784511412E0,-9.531448310642E0));
#6641=CARTESIAN_POINT('',(4.404695869017E0,9.679593667581E0,-9.298784574222E0));
#6642=CARTESIAN_POINT('',(2.836871658654E0,9.265294052117E0,-1.069163121464E1));
#6643=CARTESIAN_POINT('',(2.770846654778E0,9.413103208286E0,-1.044279549794E1));
#6644=CARTESIAN_POINT('',(2.704821650903E0,9.560912364454E0,-1.019395978123E1));
#6645=CARTESIAN_POINT('',(2.638796647028E0,9.708721520623E0,-9.945124064527E0));
#6646=CARTESIAN_POINT('',(8.436641892540E-1,9.294421905158E0,
-1.102937212401E1));
#6647=CARTESIAN_POINT('',(8.240288521406E-1,9.442231061327E0,
-1.077267586670E1));
#6648=CARTESIAN_POINT('',(8.043935150272E-1,9.590040217496E0,
-1.051597960940E1));
#6649=CARTESIAN_POINT('',(7.847581779138E-1,9.737849373665E0,
-1.025928335209E1));
#6650=CARTESIAN_POINT('',(-1.177722753857E0,9.323549758200E0,
-1.099871755241E1));
#6651=CARTESIAN_POINT('',(-1.150312578585E0,9.471358914369E0,
-1.074273474586E1));
#6652=CARTESIAN_POINT('',(-1.122902403314E0,9.619168070537E0,
-1.048675193930E1));
#6653=CARTESIAN_POINT('',(-1.095492228042E0,9.766977226706E0,
-1.023076913274E1));
#6654=CARTESIAN_POINT('',(-3.159772199771E0,9.352677611242E0,
-1.060069140558E1));
#6655=CARTESIAN_POINT('',(-3.086232048210E0,9.500486767411E0,
-1.035397221086E1));
#6656=CARTESIAN_POINT('',(-3.012691896650E0,9.648295923579E0,
-1.010725301615E1));
#6657=CARTESIAN_POINT('',(-2.939151745089E0,9.796105079748E0,
-9.860533821432E0));
#6658=CARTESIAN_POINT('',(-5.036281105031E0,9.381805464283E0,
-9.848588285696E0));
#6659=CARTESIAN_POINT('',(-4.919067314811E0,9.529614620452E0,
-9.619373446968E0));
#6660=CARTESIAN_POINT('',(-4.801853524592E0,9.677423776621E0,
-9.390158608241E0));
#6661=CARTESIAN_POINT('',(-4.684639734372E0,9.825232932790E0,
-9.160943769513E0));
#6662=CARTESIAN_POINT('',(-6.744571619252E0,9.410933317325E0,
-8.767529425369E0));
#6663=CARTESIAN_POINT('',(-6.587599284624E0,9.558742473494E0,
-8.563475018283E0));
#6664=CARTESIAN_POINT('',(-6.430626949996E0,9.706551629662E0,
-8.359420611196E0));
#6665=CARTESIAN_POINT('',(-6.273654615368E0,9.854360785831E0,
-8.155366204109E0));
#6666=CARTESIAN_POINT('',(-8.227584607001E0,9.440061170367E0,
-7.393623607773E0));
#6667=CARTESIAN_POINT('',(-8.036096809551E0,9.587870326536E0,
-7.221545316580E0));
#6668=CARTESIAN_POINT('',(-7.844609012102E0,9.735679482704E0,
-7.049467025386E0));
#6669=CARTESIAN_POINT('',(-7.653121214652E0,9.883488638873E0,
-6.877388734193E0));
#6670=CARTESIAN_POINT('',(-9.435785496646E0,9.469189023408E0,
-5.772761085591E0));
#6671=CARTESIAN_POINT('',(-9.216178179521E0,9.616998179577E0,
-5.638406550417E0));
#6672=CARTESIAN_POINT('',(-8.996570862397E0,9.764807335745E0,
-5.504052015242E0));
#6673=CARTESIAN_POINT('',(-8.776963545272E0,9.912616491914E0,
-5.369697480068E0));
#6674=CARTESIAN_POINT('',(-1.032881879923E1,9.498316876450E0,
-3.959080787084E0));
#6675=CARTESIAN_POINT('',(-1.008842713429E1,9.646126032619E0,
-3.866937625263E0));
#6676=CARTESIAN_POINT('',(-9.848035469345E0,9.793935188787E0,
-3.774794463441E0));
#6677=CARTESIAN_POINT('',(-9.607643804403E0,9.941744344956E0,
-3.682651301620E0));
#6678=CARTESIAN_POINT('',(-1.087685603405E1,9.527444729491E0,
-2.013162005588E0));
#6679=CARTESIAN_POINT('',(-1.062370941757E1,9.675253885660E0,
-1.966307919393E0));
#6680=CARTESIAN_POINT('',(-1.037056280108E1,9.823063041829E0,
-1.919453833197E0));
#6681=CARTESIAN_POINT('',(-1.011741618459E1,9.970872197998E0,
-1.872599747001E0));
#6682=CARTESIAN_POINT('',(-1.106159203874E1,9.556572582533E0,
-9.725784910763E-7));
#6683=CARTESIAN_POINT('',(-1.080414589908E1,9.704381738702E0,
-9.499428106352E-7));
#6684=CARTESIAN_POINT('',(-1.054669975943E1,9.852190894871E0,
-9.273071300830E-7));
#6685=CARTESIAN_POINT('',(-1.028925361977E1,1.000000005104E1,
-9.046714493088E-7));
#6686=CARTESIAN_POINT('',(-1.087685638547E1,9.585700435575E0,2.013160100722E0));
#6687=CARTESIAN_POINT('',(-1.062370976081E1,9.733509591743E0,1.966306058860E0));
#6688=CARTESIAN_POINT('',(-1.037056313614E1,9.881318747912E0,1.919452016998E0));
#6689=CARTESIAN_POINT('',(-1.011741651147E1,1.002912790408E1,1.872597975136E0));
#6690=CARTESIAN_POINT('',(-1.032881948165E1,9.614828288616E0,3.959079000409E0));
#6691=CARTESIAN_POINT('',(-1.008842780083E1,9.762637444784E0,3.866935880170E0));
#6692=CARTESIAN_POINT('',(-9.848036120004E0,9.910446600952E0,3.774792759932E0));
#6693=CARTESIAN_POINT('',(-9.607644439181E0,1.005825575712E1,3.682649639693E0));
#6694=CARTESIAN_POINT('',(-9.435786470630E0,9.643956141658E0,5.772759487120E0));
#6695=CARTESIAN_POINT('',(-9.216179130837E0,9.791765297825E0,5.638404989149E0));
#6696=CARTESIAN_POINT('',(-8.996571791045E0,9.939574453993E0,5.504050491177E0));
#6697=CARTESIAN_POINT('',(-8.776964451252E0,1.008738361016E1,5.369695993205E0));
#6698=CARTESIAN_POINT('',(-8.227585816693E0,9.673083994700E0,7.393622254943E0));
#6699=CARTESIAN_POINT('',(-8.036097991089E0,9.820893150870E0,7.221543995235E0));
#6700=CARTESIAN_POINT('',(-7.844610165485E0,9.968702307040E0,7.049465735527E0));
#6701=CARTESIAN_POINT('',(-7.653122339881E0,1.011651146321E1,6.877387475819E0));
#6702=CARTESIAN_POINT('',(-6.744572996168E0,9.702211847741E0,8.767528359139E0));
#6703=CARTESIAN_POINT('',(-6.587600629494E0,9.850021003911E0,8.563473976868E0));
#6704=CARTESIAN_POINT('',(-6.430628262819E0,9.997830160080E0,8.359419594596E0));
#6705=CARTESIAN_POINT('',(-6.273655896145E0,1.014563931625E1,8.155365212325E0));
#6706=CARTESIAN_POINT('',(-5.036282572721E0,9.731339700783E0,9.848587527722E0));
#6707=CARTESIAN_POINT('',(-4.919068748342E0,9.879148856952E0,9.619372706635E0));
#6708=CARTESIAN_POINT('',(-4.801854923964E0,1.002695801312E1,9.390157885548E0));
#6709=CARTESIAN_POINT('',(-4.684641099585E0,1.017476716929E1,9.160943064461E0));
#6710=CARTESIAN_POINT('',(-3.159773679096E0,9.760467553824E0,1.060069095664E1));
#6711=CARTESIAN_POINT('',(-3.086233493105E0,9.908276709993E0,1.035397177237E1));
#6712=CARTESIAN_POINT('',(-3.012693307115E0,1.005608586616E1,1.010725258810E1));
#6713=CARTESIAN_POINT('',(-2.939153121125E0,1.020389502233E1,9.860533403836E0));
#6714=CARTESIAN_POINT('',(-1.177724168556E0,9.789595406866E0,1.099871739221E1));
#6715=CARTESIAN_POINT('',(-1.150313960359E0,9.937404563034E0,1.074273458938E1));
#6716=CARTESIAN_POINT('',(-1.122903752161E0,1.008521371920E1,1.048675178655E1));
#6717=CARTESIAN_POINT('',(-1.095493543964E0,1.023302287537E1,1.023076898372E1));
#6718=CARTESIAN_POINT('',(8.436629070555E-1,9.818723259908E0,1.102937221241E1));
#6719=CARTESIAN_POINT('',(8.240275997838E-1,9.966532416075E0,1.077267595305E1));
#6720=CARTESIAN_POINT('',(8.043922925122E-1,1.011434157224E1,1.051597969368E1));
#6721=CARTESIAN_POINT('',(7.847569852405E-1,1.026215072841E1,1.025928343432E1));
#6722=CARTESIAN_POINT('',(2.836870563343E0,9.847851112949E0,1.069163149432E1));
#6723=CARTESIAN_POINT('',(2.770845584960E0,9.995660269119E0,1.044279577111E1));
#6724=CARTESIAN_POINT('',(2.704820606577E0,1.014346942529E1,1.019396004789E1));
#6725=CARTESIAN_POINT('',(2.638795628194E0,1.029127858146E1,9.945124324676E0));
#6726=CARTESIAN_POINT('',(4.735323045520E0,9.876978965991E0,9.996776183777E0));
#6727=CARTESIAN_POINT('',(4.625113716354E0,1.002478812216E1,9.764112438041E0));
#6728=CARTESIAN_POINT('',(4.514904387187E0,1.017259727833E1,9.531448692304E0));
#6729=CARTESIAN_POINT('',(4.404695058021E0,1.032040643450E1,9.298784946568E0));
#6730=CARTESIAN_POINT('',(6.475609519795E0,9.906106819032E0,8.968015417950E0));
#6731=CARTESIAN_POINT('',(6.324896976161E0,1.005391597520E1,8.759294924402E0));
#6732=CARTESIAN_POINT('',(6.174184432526E0,1.020172513137E1,8.550574430855E0));
#6733=CARTESIAN_POINT('',(6.023471888892E0,1.034953428754E1,8.341853937308E0));
#6734=CARTESIAN_POINT('',(7.999602175070E0,9.935234672074E0,7.639710865628E0));
#6735=CARTESIAN_POINT('',(7.813420412846E0,1.008304382824E1,7.461905169706E0));
#6736=CARTESIAN_POINT('',(7.627238650622E0,1.023085298441E1,7.284099473783E0));
#6737=CARTESIAN_POINT('',(7.441056888398E0,1.037866214058E1,7.106293777860E0));
#6738=CARTESIAN_POINT('',(9.256397408281E0,9.964362525116E0,6.056230667308E0));
#6739=CARTESIAN_POINT('',(9.040965147575E0,1.011217168128E1,5.915278695773E0));
#6740=CARTESIAN_POINT('',(8.825532886870E0,1.025998083745E1,5.774326724238E0));
#6741=CARTESIAN_POINT('',(8.610100626165E0,1.040778999362E1,5.633374752703E0));
#6742=CARTESIAN_POINT('',(1.020401741726E1,9.993490378157E0,4.270461275221E0));
#6743=CARTESIAN_POINT('',(9.966530364416E0,1.014129953432E1,4.171071082018E0));
#6744=CARTESIAN_POINT('',(9.729043311569E0,1.028910869049E1,4.071680888814E0));
#6745=CARTESIAN_POINT('',(9.491556258722E0,1.043691784666E1,3.972290695611E0));
#6746=CARTESIAN_POINT('',(1.060854400375E1,1.001290894685E1,2.984863187817E0));
#6747=CARTESIAN_POINT('',(1.036164204862E1,1.016071810302E1,2.915393847199E0));
#6748=CARTESIAN_POINT('',(1.011474009350E1,1.030852725919E1,2.845924506582E0));
#6749=CARTESIAN_POINT('',(9.867838138377E0,1.045633641536E1,2.776455165964E0));
#6750=CARTESIAN_POINT('',(1.075062628206E1,1.002261823120E1,2.329019059188E0));
#6751=CARTESIAN_POINT('',(1.050041752137E1,1.017042738737E1,2.274813754574E0));
#6752=CARTESIAN_POINT('',(1.025020876069E1,1.031823654354E1,2.220608449960E0));
#6753=CARTESIAN_POINT('',(1.E1,1.046604569971E1,2.166403145346E0));
#6754=B_SPLINE_SURFACE_WITH_KNOTS('',3,3,((#6614,#6615,#6616,#6617),(#6618,
#6619,#6620,#6621),(#6622,#6623,#6624,#6625),(#6626,#6627,#6628,#6629),(#6630,
#6631,#6632,#6633),(#6634,#6635,#6636,#6637),(#6638,#6639,#6640,#6641),(#6642,
#6643,#6644,#6645),(#6646,#6647,#6648,#6649),(#6650,#6651,#6652,#6653),(#6654,
#6655,#6656,#6657),(#6658,#6659,#6660,#6661),(#6662,#6663,#6664,#6665),(#6666,
#6667,#6668,#6669),(#6670,#6671,#6672,#6673),(#6674,#6675,#6676,#6677),(#6678,
#6679,#6680,#6681),(#6682,#6683,#6684,#6685),(#6686,#6687,#6688,#6689),(#6690,
#6691,#6692,#6693),(#6694,#6695,#6696,#6697),(#6698,#6699,#6700,#6701),(#6702,
#6703,#6704,#6705),(#6706,#6707,#6708,#6709),(#6710,#6711,#6712,#6713),(#6714,
#6715,#6716,#6717),(#6718,#6719,#6720,#6721),(#6722,#6723,#6724,#6725),(#6726,
#6727,#6728,#6729),(#6730,#6731,#6732,#6733),(#6734,#6735,#6736,#6737),(#6738,
#6739,#6740,#6741),(#6742,#6743,#6744,#6745),(#6746,#6747,#6748,#6749),(#6750,
#6751,#6752,#6753)),.UNSPECIFIED.,.F.,.F.,.F.,(4,1,1,1,1,1,1,1,1,1,1,1,1,1,1,1,
1,1,1,1,1,1,1,1,1,1,1,1,1,1,1,1,4),(4,4),(0.E0,3.124999999997E-2,
6.249999999993E-2,9.374999999990E-2,1.249999999999E-1,1.562500000002E-1,
1.875000000002E-1,2.187500000001E-1,2.500000000001E-1,2.812500000001E-1,
3.125E-1,3.4375E-1,3.75E-1,4.062499999999E-1,4.374999999999E-1,
4.687499999999E-1,4.999999999998E-1,5.312500000001E-1,5.625000000001E-1,
5.937500000001E-1,6.25E-1,6.5625E-1,6.875E-1,7.187499999999E-1,
7.499999999999E-1,7.812499999999E-1,8.124999999998E-1,8.437499999998E-1,
8.750000000001E-1,9.062500000001E-1,9.375000000001E-1,9.6875E-1,1.E0),(
-1.747314903726E-5,1.E0),.UNSPECIFIED.);
#6755=ORIENTED_EDGE('',*,*,#4225,.T.);
#6757=ORIENTED_EDGE('',*,*,#6756,.F.);
#6758=ORIENTED_EDGE('',*,*,#4159,.T.);
#6759=ORIENTED_EDGE('',*,*,#6608,.F.);
#6760=ORIENTED_EDGE('',*,*,#6606,.F.);
#6761=EDGE_LOOP('',(#6755,#6757,#6758,#6759,#6760));
#6762=FACE_OUTER_BOUND('',#6761,.F.);
#6763=ADVANCED_FACE('',(#6762),#6754,.T.);
#6764=CARTESIAN_POINT('',(1.E1,9.533954402373E0,-2.166403280938E0));
#6765=CARTESIAN_POINT('',(1.025020875621E1,9.681763555898E0,-2.220608587975E0));
#6766=CARTESIAN_POINT('',(1.050041751242E1,9.829572709423E0,-2.274813895013E0));
#6767=CARTESIAN_POINT('',(1.075062626863E1,9.977381862949E0,-2.329019202050E0));
#6768=CARTESIAN_POINT('',(9.867838146652E0,9.543663686720E0,-2.776455222886E0));
#6769=CARTESIAN_POINT('',(1.011474009757E1,9.691472840246E0,-2.845924563685E0));
#6770=CARTESIAN_POINT('',(1.036164204848E1,9.839281993771E0,-2.915393904484E0));
#6771=CARTESIAN_POINT('',(1.060854399940E1,9.987091147297E0,-2.984863245284E0));
#6772=CARTESIAN_POINT('',(9.491556311394E0,9.563082255415E0,-3.972290604760E0));
#6773=CARTESIAN_POINT('',(9.729043361313E0,9.710891408940E0,-4.071680793912E0));
#6774=CARTESIAN_POINT('',(9.966530411232E0,9.858700562464E0,-4.171070983065E0));
#6775=CARTESIAN_POINT('',(1.020401746115E1,1.000650971599E1,-4.270461172217E0));
#6776=CARTESIAN_POINT('',(8.610100814296E0,9.592210108456E0,-5.633374488695E0));
#6777=CARTESIAN_POINT('',(8.825533075856E0,9.740019261980E0,-5.774326451104E0));
#6778=CARTESIAN_POINT('',(9.040965337415E0,9.887828415504E0,-5.915278413512E0));
#6779=CARTESIAN_POINT('',(9.256397598975E0,1.003563756903E1,-6.056230375921E0));
#6780=CARTESIAN_POINT('',(7.441057262263E0,9.621337961498E0,-7.106293404045E0));
#6781=CARTESIAN_POINT('',(7.627239030511E0,9.769147115025E0,-7.284099087435E0));
#6782=CARTESIAN_POINT('',(7.813420798760E0,9.916956268552E0,-7.461904770825E0));
#6783=CARTESIAN_POINT('',(7.999602567008E0,1.006476542208E1,-7.639710454214E0));
#6784=CARTESIAN_POINT('',(6.023472477720E0,9.650465814540E0,-8.341853526262E0));
#6785=CARTESIAN_POINT('',(6.174185033392E0,9.798274968066E0,-8.550574005792E0));
#6786=CARTESIAN_POINT('',(6.324897589065E0,9.946084121592E0,-8.759294485322E0));
#6787=CARTESIAN_POINT('',(6.475610144737E0,1.009389327512E1,-8.968014964852E0));
#6788=CARTESIAN_POINT('',(4.404695869017E0,9.679593667581E0,-9.298784574221E0));
#6789=CARTESIAN_POINT('',(4.514905216504E0,9.827402821107E0,-9.531448306480E0));
#6790=CARTESIAN_POINT('',(4.625114563992E0,9.975211974633E0,-9.764112038739E0));
#6791=CARTESIAN_POINT('',(4.735323911479E0,1.012302112816E1,-9.996775770998E0));
#6792=CARTESIAN_POINT('',(2.638796647028E0,9.708721520623E0,-9.945124064527E0));
#6793=CARTESIAN_POINT('',(2.704821649722E0,9.856530674148E0,-1.019395977678E1));
#6794=CARTESIAN_POINT('',(2.770846652417E0,1.000433982767E1,-1.044279548904E1));
#6795=CARTESIAN_POINT('',(2.836871655111E0,1.015214898120E1,-1.069163120129E1));
#6796=CARTESIAN_POINT('',(7.847581779139E-1,9.737849373665E0,
-1.025928335209E1));
#6797=CARTESIAN_POINT('',(8.043935146761E-1,9.885658527190E0,
-1.051597960481E1));
#6798=CARTESIAN_POINT('',(8.240288514383E-1,1.003346768071E1,
-1.077267585752E1));
#6799=CARTESIAN_POINT('',(8.436641882006E-1,1.018127683424E1,
-1.102937211024E1));
#6800=CARTESIAN_POINT('',(-1.095492228041E0,9.766977226706E0,
-1.023076913274E1));
#6801=CARTESIAN_POINT('',(-1.122902402823E0,9.914786380230E0,
-1.048675193472E1));
#6802=CARTESIAN_POINT('',(-1.150312577605E0,1.006259553375E1,
-1.074273473670E1));
#6803=CARTESIAN_POINT('',(-1.177722752387E0,1.021040468728E1,
-1.099871753868E1));
#6804=CARTESIAN_POINT('',(-2.939151745089E0,9.796105079748E0,
-9.860533821432E0));
#6805=CARTESIAN_POINT('',(-3.012691895334E0,9.943914233275E0,
-1.010725301173E1));
#6806=CARTESIAN_POINT('',(-3.086232045580E0,1.009172338680E1,
-1.035397220204E1));
#6807=CARTESIAN_POINT('',(-3.159772195825E0,1.023953254033E1,
-1.060069139234E1));
#6808=CARTESIAN_POINT('',(-4.684639734372E0,9.825232932790E0,
-9.160943769512E0));
#6809=CARTESIAN_POINT('',(-4.801853522495E0,9.973042086316E0,
-9.390158604141E0));
#6810=CARTESIAN_POINT('',(-4.919067310619E0,1.012085123984E1,
-9.619373438770E0));
#6811=CARTESIAN_POINT('',(-5.036281098742E0,1.026866039337E1,
-9.848588273398E0));
#6812=CARTESIAN_POINT('',(-6.273654615368E0,9.854360785831E0,
-8.155366204109E0));
#6813=CARTESIAN_POINT('',(-6.430626947189E0,1.000216993936E1,
-8.359420607546E0));
#6814=CARTESIAN_POINT('',(-6.587599279010E0,1.014997909288E1,
-8.563475010984E0));
#6815=CARTESIAN_POINT('',(-6.744571610830E0,1.029778824641E1,
-8.767529414421E0));
#6816=CARTESIAN_POINT('',(-7.653121214652E0,9.883488638873E0,
-6.877388734193E0));
#6817=CARTESIAN_POINT('',(-7.844609008677E0,1.003129779240E1,
-7.049467022309E0));
#6818=CARTESIAN_POINT('',(-8.036096802702E0,1.017910694592E1,
-7.221545310425E0));
#6819=CARTESIAN_POINT('',(-8.227584596727E0,1.032691609945E1,
-7.393623598541E0));
#6820=CARTESIAN_POINT('',(-8.776963545272E0,9.912616491914E0,
-5.369697480068E0));
#6821=CARTESIAN_POINT('',(-8.996570858469E0,1.006042564544E1,
-5.504052012840E0));
#6822=CARTESIAN_POINT('',(-9.216178171666E0,1.020823479896E1,
-5.638406545611E0));
#6823=CARTESIAN_POINT('',(-9.435785484864E0,1.035604395249E1,
-5.772761078383E0));
#6824=CARTESIAN_POINT('',(-9.607643804403E0,9.941744344956E0,
-3.682651301620E0));
#6825=CARTESIAN_POINT('',(-9.848035465046E0,1.008955349848E1,
-3.774794461794E0));
#6826=CARTESIAN_POINT('',(-1.008842712569E1,1.023736265200E1,
-3.866937621967E0));
#6827=CARTESIAN_POINT('',(-1.032881878633E1,1.038517180553E1,
-3.959080782141E0));
#6828=CARTESIAN_POINT('',(-1.011741618459E1,9.970872197998E0,
-1.872599747001E0));
#6829=CARTESIAN_POINT('',(-1.037056279655E1,1.011868135152E1,
-1.919453832359E0));
#6830=CARTESIAN_POINT('',(-1.062370940851E1,1.026649050505E1,
-1.966307917717E0));
#6831=CARTESIAN_POINT('',(-1.087685602047E1,1.041429965857E1,
-2.013162003075E0));
#6832=CARTESIAN_POINT('',(-1.028925361977E1,1.000000005104E1,
-9.046714488647E-7));
#6833=CARTESIAN_POINT('',(-1.054669975482E1,1.014780920457E1,
-9.273071422955E-7));
#6834=CARTESIAN_POINT('',(-1.080414588987E1,1.029561835809E1,
-9.499428347270E-7));
#6835=CARTESIAN_POINT('',(-1.106159202493E1,1.044342751162E1,
-9.725785279358E-7));
#6836=CARTESIAN_POINT('',(-1.011741651147E1,1.002912790408E1,1.872597975136E0));
#6837=CARTESIAN_POINT('',(-1.037056313161E1,1.017693705761E1,1.919452016160E0));
#6838=CARTESIAN_POINT('',(-1.062370975175E1,1.032474621113E1,1.966306057184E0));
#6839=CARTESIAN_POINT('',(-1.087685637189E1,1.047255536466E1,2.013160098208E0));
#6840=CARTESIAN_POINT('',(-9.607644439181E0,1.005825575712E1,3.682649639693E0));
#6841=CARTESIAN_POINT('',(-9.848036115704E0,1.020606491065E1,3.774792758284E0));
#6842=CARTESIAN_POINT('',(-1.008842779223E1,1.035387406417E1,3.866935876875E0));
#6843=CARTESIAN_POINT('',(-1.032881946875E1,1.050168321770E1,3.959078995465E0));
#6844=CARTESIAN_POINT('',(-8.776964451252E0,1.008738361016E1,5.369695993205E0));
#6845=CARTESIAN_POINT('',(-8.996571787117E0,1.023519276369E1,5.504050488774E0));
#6846=CARTESIAN_POINT('',(-9.216179122983E0,1.038300191721E1,5.638404984343E0));
#6847=CARTESIAN_POINT('',(-9.435786458848E0,1.053081107074E1,5.772759479912E0));
#6848=CARTESIAN_POINT('',(-7.653122339881E0,1.011651146321E1,6.877387475818E0));
#6849=CARTESIAN_POINT('',(-7.844610162060E0,1.026432061673E1,7.049465732449E0));
#6850=CARTESIAN_POINT('',(-8.036097984240E0,1.041212977026E1,7.221543989080E0));
#6851=CARTESIAN_POINT('',(-8.227585806419E0,1.055993892378E1,7.393622245710E0));
#6852=CARTESIAN_POINT('',(-6.273655896145E0,1.014563931625E1,8.155365212325E0));
#6853=CARTESIAN_POINT('',(-6.430628260012E0,1.029344846977E1,8.359419590947E0));
#6854=CARTESIAN_POINT('',(-6.587600623879E0,1.044125762330E1,8.563473969569E0));
#6855=CARTESIAN_POINT('',(-6.744572987746E0,1.058906677682E1,8.767528348191E0));
#6856=CARTESIAN_POINT('',(-4.684641099585E0,1.017476716929E1,9.160943064461E0));
#6857=CARTESIAN_POINT('',(-4.801854921867E0,1.032257632282E1,9.390157881449E0));
#6858=CARTESIAN_POINT('',(-4.919068744150E0,1.047038547634E1,9.619372698437E0));
#6859=CARTESIAN_POINT('',(-5.036282566432E0,1.061819462987E1,9.848587515424E0));
#6860=CARTESIAN_POINT('',(-2.939153121125E0,1.020389502233E1,9.860533403836E0));
#6861=CARTESIAN_POINT('',(-3.012693305800E0,1.035170417586E1,1.010725258369E1));
#6862=CARTESIAN_POINT('',(-3.086233490475E0,1.049951332938E1,1.035397176355E1));
#6863=CARTESIAN_POINT('',(-3.159773675150E0,1.064732248291E1,1.060069094340E1));
#6864=CARTESIAN_POINT('',(-1.095493543964E0,1.023302287537E1,1.023076898372E1));
#6865=CARTESIAN_POINT('',(-1.122903751671E0,1.038083202890E1,1.048675178197E1));
#6866=CARTESIAN_POINT('',(-1.150313959378E0,1.052864118242E1,1.074273458023E1));
#6867=CARTESIAN_POINT('',(-1.177724167085E0,1.067645033595E1,1.099871737848E1));
#6868=CARTESIAN_POINT('',(7.847569852405E-1,1.026215072841E1,1.025928343432E1));
#6869=CARTESIAN_POINT('',(8.043922921610E-1,1.040995988194E1,1.051597968909E1));
#6870=CARTESIAN_POINT('',(8.240275990814E-1,1.055776903546E1,1.077267594387E1));
#6871=CARTESIAN_POINT('',(8.436629060019E-1,1.070557818899E1,1.102937219864E1));
#6872=CARTESIAN_POINT('',(2.638795628194E0,1.029127858146E1,9.945124324676E0));
#6873=CARTESIAN_POINT('',(2.704820605396E0,1.043908773498E1,1.019396004344E1));
#6874=CARTESIAN_POINT('',(2.770845582599E0,1.058689688851E1,1.044279576221E1));
#6875=CARTESIAN_POINT('',(2.836870559801E0,1.073470604203E1,1.069163148097E1));
#6876=CARTESIAN_POINT('',(4.404695058021E0,1.032040643450E1,9.298784946568E0));
#6877=CARTESIAN_POINT('',(4.514904385216E0,1.046821558802E1,9.531448688143E0));
#6878=CARTESIAN_POINT('',(4.625113712412E0,1.061602474155E1,9.764112429719E0));
#6879=CARTESIAN_POINT('',(4.735323039607E0,1.076383389507E1,9.996776171294E0));
#6880=CARTESIAN_POINT('',(6.023471888892E0,1.034953428754E1,8.341853937308E0));
#6881=CARTESIAN_POINT('',(6.174184429831E0,1.049734344107E1,8.550574427122E0));
#6882=CARTESIAN_POINT('',(6.324896970770E0,1.064515259459E1,8.759294916937E0));
#6883=CARTESIAN_POINT('',(6.475609511709E0,1.079296174812E1,8.968015406751E0));
#6884=CARTESIAN_POINT('',(7.441056888398E0,1.037866214058E1,7.106293777860E0));
#6885=CARTESIAN_POINT('',(7.627238647292E0,1.052647129411E1,7.284099470603E0));
#6886=CARTESIAN_POINT('',(7.813420406186E0,1.067428044763E1,7.461905163346E0));
#6887=CARTESIAN_POINT('',(7.999602165081E0,1.082208960116E1,7.639710856089E0));
#6888=CARTESIAN_POINT('',(8.610100626165E0,1.040778999362E1,5.633374752702E0));
#6889=CARTESIAN_POINT('',(8.825532883017E0,1.055559914715E1,5.774326721717E0));
#6890=CARTESIAN_POINT('',(9.040965139870E0,1.070340830067E1,5.915278690731E0));
#6891=CARTESIAN_POINT('',(9.256397396722E0,1.085121745420E1,6.056230659746E0));
#6892=CARTESIAN_POINT('',(9.491556258722E0,1.043691784666E1,3.972290695611E0));
#6893=CARTESIAN_POINT('',(9.729043307322E0,1.058472700019E1,4.071680887037E0));
#6894=CARTESIAN_POINT('',(9.966530355921E0,1.073253615371E1,4.171071078463E0));
#6895=CARTESIAN_POINT('',(1.020401740452E1,1.088034530724E1,4.270461269888E0));
#6896=CARTESIAN_POINT('',(9.867838138377E0,1.045633641536E1,2.776455165964E0));
#6897=CARTESIAN_POINT('',(1.011474008909E1,1.060414556889E1,2.845924505339E0));
#6898=CARTESIAN_POINT('',(1.036164203979E1,1.075195472241E1,2.915393844714E0));
#6899=CARTESIAN_POINT('',(1.060854399050E1,1.089976387594E1,2.984863184090E0));
#6900=CARTESIAN_POINT('',(1.E1,1.046604569971E1,2.166403145346E0));
#6901=CARTESIAN_POINT('',(1.025020875621E1,1.061385485323E1,2.220608448991E0));
#6902=CARTESIAN_POINT('',(1.050041751242E1,1.076166400676E1,2.274813752635E0));
#6903=CARTESIAN_POINT('',(1.075062626863E1,1.090947316028E1,2.329019056280E0));
#6904=B_SPLINE_SURFACE_WITH_KNOTS('',3,3,((#6764,#6765,#6766,#6767),(#6768,
#6769,#6770,#6771),(#6772,#6773,#6774,#6775),(#6776,#6777,#6778,#6779),(#6780,
#6781,#6782,#6783),(#6784,#6785,#6786,#6787),(#6788,#6789,#6790,#6791),(#6792,
#6793,#6794,#6795),(#6796,#6797,#6798,#6799),(#6800,#6801,#6802,#6803),(#6804,
#6805,#6806,#6807),(#6808,#6809,#6810,#6811),(#6812,#6813,#6814,#6815),(#6816,
#6817,#6818,#6819),(#6820,#6821,#6822,#6823),(#6824,#6825,#6826,#6827),(#6828,
#6829,#6830,#6831),(#6832,#6833,#6834,#6835),(#6836,#6837,#6838,#6839),(#6840,
#6841,#6842,#6843),(#6844,#6845,#6846,#6847),(#6848,#6849,#6850,#6851),(#6852,
#6853,#6854,#6855),(#6856,#6857,#6858,#6859),(#6860,#6861,#6862,#6863),(#6864,
#6865,#6866,#6867),(#6868,#6869,#6870,#6871),(#6872,#6873,#6874,#6875),(#6876,
#6877,#6878,#6879),(#6880,#6881,#6882,#6883),(#6884,#6885,#6886,#6887),(#6888,
#6889,#6890,#6891),(#6892,#6893,#6894,#6895),(#6896,#6897,#6898,#6899),(#6900,
#6901,#6902,#6903)),.UNSPECIFIED.,.F.,.F.,.F.,(4,1,1,1,1,1,1,1,1,1,1,1,1,1,1,1,
1,1,1,1,1,1,1,1,1,1,1,1,1,1,1,1,4),(4,4),(0.E0,3.124999999997E-2,
6.249999999993E-2,9.374999999990E-2,1.249999999999E-1,1.562500000002E-1,
1.875000000002E-1,2.187500000001E-1,2.500000000001E-1,2.812500000001E-1,
3.125E-1,3.4375E-1,3.75E-1,4.062499999999E-1,4.374999999999E-1,
4.687499999999E-1,4.999999999998E-1,5.312500000001E-1,5.625000000001E-1,
5.937500000001E-1,6.25E-1,6.5625E-1,6.875E-1,7.187499999999E-1,
7.499999999999E-1,7.812499999999E-1,8.124999999998E-1,8.437499999998E-1,
8.750000000001E-1,9.062500000001E-1,9.375000000001E-1,9.6875E-1,1.E0),(0.E0,
1.000017455265E0),.UNSPECIFIED.);
#6905=ORIENTED_EDGE('',*,*,#4223,.T.);
#6907=ORIENTED_EDGE('',*,*,#6906,.F.);
#6909=ORIENTED_EDGE('',*,*,#6908,.F.);
#6910=ORIENTED_EDGE('',*,*,#4161,.T.);
#6911=ORIENTED_EDGE('',*,*,#6756,.T.);
#6912=EDGE_LOOP('',(#6905,#6907,#6909,#6910,#6911));
#6913=FACE_OUTER_BOUND('',#6912,.F.);
#6914=ADVANCED_FACE('',(#6913),#6904,.T.);
#6915=CARTESIAN_POINT('',(0.E0,-8.79E-1,0.E0));
#6916=DIRECTION('',(0.E0,1.E0,0.E0));
#6917=DIRECTION('',(1.E0,0.E0,0.E0));
#6918=AXIS2_PLACEMENT_3D('',#6915,#6916,#6917);
#6919=CYLINDRICAL_SURFACE('',#6918,1.1E1);
#6920=ORIENTED_EDGE('',*,*,#6908,.T.);
#6921=ORIENTED_EDGE('',*,*,#6906,.T.);
#6922=ORIENTED_EDGE('',*,*,#4221,.T.);
#6924=ORIENTED_EDGE('',*,*,#6923,.T.);
#6926=ORIENTED_EDGE('',*,*,#6925,.T.);
#6927=ORIENTED_EDGE('',*,*,#4163,.T.);
#6928=EDGE_LOOP('',(#6920,#6921,#6922,#6924,#6926,#6927));
#6929=FACE_OUTER_BOUND('',#6928,.F.);
#6930=ADVANCED_FACE('',(#6929),#6919,.T.);
#6931=CARTESIAN_POINT('',(1.075062625500E1,1.009052761539E1,-2.329019054172E0));
#6932=CARTESIAN_POINT('',(1.050041750333E1,1.023833676624E1,-2.274813751492E0));
#6933=CARTESIAN_POINT('',(1.025020875167E1,1.038614591708E1,-2.220608448812E0));
#6934=CARTESIAN_POINT('',(1.E1,1.053395506792E1,-2.166403146132E0));
#6935=CARTESIAN_POINT('',(1.060854410023E1,1.010023689071E1,-2.984862612560E0));
#6936=CARTESIAN_POINT('',(1.036164215114E1,1.024804604155E1,-2.915393287660E0));
#6937=CARTESIAN_POINT('',(1.011474020205E1,1.039585519239E1,-2.845923962761E0));
#6938=CARTESIAN_POINT('',(9.867838252957E0,1.054366434323E1,-2.776454637861E0));
#6939=CARTESIAN_POINT('',(1.020401796255E1,1.011965544134E1,-4.270459640994E0));
#6940=CARTESIAN_POINT('',(9.966530904975E0,1.026746459219E1,-4.171069489158E0));
#6941=CARTESIAN_POINT('',(9.729043847398E0,1.041527374303E1,-4.071679337323E0));
#6942=CARTESIAN_POINT('',(9.491556789822E0,1.056308289387E1,-3.972289185487E0));
#6943=CARTESIAN_POINT('',(9.256399118700E0,1.014878326730E1,-6.056227831976E0));
#6944=CARTESIAN_POINT('',(9.040966825411E0,1.029659241814E1,-5.915275931156E0));
#6945=CARTESIAN_POINT('',(8.825534532121E0,1.044440156898E1,-5.774324030337E0));
#6946=CARTESIAN_POINT('',(8.610102238832E0,1.059221071982E1,-5.633372129517E0));
#6947=CARTESIAN_POINT('',(7.999605401174E0,1.017791109325E1,-7.639707322194E0));
#6948=CARTESIAN_POINT('',(7.813423570110E0,1.032572024410E1,-7.461901714703E0));
#6949=CARTESIAN_POINT('',(7.627241739045E0,1.047352939494E1,-7.284096107211E0));
#6950=CARTESIAN_POINT('',(7.441059907980E0,1.062133854578E1,-7.106290499720E0));
#6951=CARTESIAN_POINT('',(6.475614453423E0,1.020703891920E1,-8.968011723100E0));
#6952=CARTESIAN_POINT('',(6.324901800017E0,1.035484807005E1,-8.759291322545E0));
#6953=CARTESIAN_POINT('',(6.174189146612E0,1.050265722089E1,-8.550570921989E0));
#6954=CARTESIAN_POINT('',(6.023476493206E0,1.065046637173E1,-8.341850521434E0));
#6955=CARTESIAN_POINT('',(4.735329713377E0,1.023616674516E1,-9.996772914183E0));
#6956=CARTESIAN_POINT('',(4.625120232719E0,1.038397589600E1,-9.764109252344E0));
#6957=CARTESIAN_POINT('',(4.514910752061E0,1.053178504684E1,-9.531445590506E0));
#6958=CARTESIAN_POINT('',(4.404701271403E0,1.067959419768E1,-9.298781928667E0));
#6959=CARTESIAN_POINT('',(2.836878831465E0,1.026529457111E1,-1.069162920375E1));
#6960=CARTESIAN_POINT('',(2.770853662864E0,1.041310372196E1,-1.044279354219E1));
#6961=CARTESIAN_POINT('',(2.704828494264E0,1.056091287280E1,-1.019395788063E1));
#6962=CARTESIAN_POINT('',(2.638803325663E0,1.070872202364E1,-9.945122219065E0));
#6963=CARTESIAN_POINT('',(8.436724954146E-1,1.029442239706E1,
-1.102937139217E1));
#6964=CARTESIAN_POINT('',(8.240369656431E-1,1.044223154791E1,
-1.077267516050E1));
#6965=CARTESIAN_POINT('',(8.044014358715E-1,1.059004069875E1,
-1.051597892884E1));
#6966=CARTESIAN_POINT('',(7.847659061E-1,1.073784984959E1,-1.025928269717E1));
#6967=CARTESIAN_POINT('',(-1.177713662559E0,1.032355022302E1,
-1.099871843715E1));
#6968=CARTESIAN_POINT('',(-1.150303699796E0,1.047135937386E1,
-1.074273561859E1));
#6969=CARTESIAN_POINT('',(-1.122893737033E0,1.061916852470E1,
-1.048675280002E1));
#6970=CARTESIAN_POINT('',(-1.095483774270E0,1.076697767554E1,
-1.023076998146E1));
#6971=CARTESIAN_POINT('',(-3.159762749986E0,1.035267804897E1,
-1.060069413860E1));
#6972=CARTESIAN_POINT('',(-3.086222820824E0,1.050048719982E1,
-1.035397488855E1));
#6973=CARTESIAN_POINT('',(-3.012682891663E0,1.064829635066E1,
-1.010725563850E1));
#6974=CARTESIAN_POINT('',(-2.939142962501E0,1.079610550150E1,
-9.860536388454E0));
#6975=CARTESIAN_POINT('',(-5.036271771225E0,1.038180587492E1,
-9.848592977761E0));
#6976=CARTESIAN_POINT('',(-4.919058202169E0,1.052961502577E1,
-9.619378037516E0));
#6977=CARTESIAN_POINT('',(-4.801844633114E0,1.067742417661E1,
-9.390163097272E0));
#6978=CARTESIAN_POINT('',(-4.684631064058E0,1.082523332745E1,
-9.160948157027E0));
#6979=CARTESIAN_POINT('',(-6.744562890724E0,1.041093370088E1,
-8.767536059309E0));
#6980=CARTESIAN_POINT('',(-6.587590764506E0,1.055874285172E1,
-8.563481504667E0));
#6981=CARTESIAN_POINT('',(-6.430618638288E0,1.070655200256E1,
-8.359426950024E0));
#6982=CARTESIAN_POINT('',(-6.273646512070E0,1.085436115340E1,
-8.155372395382E0));
#6983=CARTESIAN_POINT('',(-8.227576954622E0,1.044006152683E1,
-7.393632040042E0));
#6984=CARTESIAN_POINT('',(-8.036089341693E0,1.058787067768E1,
-7.221553558367E0));
#6985=CARTESIAN_POINT('',(-7.844601728765E0,1.073567982852E1,
-7.049475076692E0));
#6986=CARTESIAN_POINT('',(-7.653114115837E0,1.088348897936E1,
-6.877396595017E0));
#6987=CARTESIAN_POINT('',(-9.435779341358E0,1.046918935278E1,
-5.772771055963E0));
#6988=CARTESIAN_POINT('',(-9.216172174854E0,1.061699850363E1,
-5.638416293244E0));
#6989=CARTESIAN_POINT('',(-8.996565008351E0,1.076480765447E1,
-5.504061530526E0));
#6990=CARTESIAN_POINT('',(-8.776957841847E0,1.091261680531E1,
-5.369706767807E0));
#6991=CARTESIAN_POINT('',(-1.032881448420E1,1.049831717874E1,
-3.959091935796E0));
#6992=CARTESIAN_POINT('',(-1.008842292775E1,1.064612632958E1,
-3.866948517591E0));
#6993=CARTESIAN_POINT('',(-9.848031371297E0,1.079393548042E1,
-3.774805099385E0));
#6994=CARTESIAN_POINT('',(-9.607639814845E0,1.094174463126E1,
-3.682661681180E0));
#6995=CARTESIAN_POINT('',(-1.087685380221E1,1.052744500469E1,
-2.013173896771E0));
#6996=CARTESIAN_POINT('',(-1.062370724615E1,1.067525415554E1,
-1.966319535392E0));
#6997=CARTESIAN_POINT('',(-1.037056069010E1,1.082306330638E1,
-1.919465174014E0));
#6998=CARTESIAN_POINT('',(-1.011741413404E1,1.097087245722E1,
-1.872610812635E0));
#6999=CARTESIAN_POINT('',(-1.106159201686E1,1.055657283064E1,
-1.312245264051E-5));
#7000=CARTESIAN_POINT('',(-1.080414588634E1,1.070438198149E1,
-1.281704232170E-5));
#7001=CARTESIAN_POINT('',(-1.054669975583E1,1.085219113233E1,
-1.251163200278E-5));
#7002=CARTESIAN_POINT('',(-1.028925362531E1,1.100000028317E1,
-1.220622168374E-5));
#7003=CARTESIAN_POINT('',(-1.087685857602E1,1.058570065660E1,2.013148192669E0));
#7004=CARTESIAN_POINT('',(-1.062371190886E1,1.073350980744E1,1.966294429524E0));
#7005=CARTESIAN_POINT('',(-1.037056524170E1,1.088131895828E1,1.919440666380E0));
#7006=CARTESIAN_POINT('',(-1.011741857454E1,1.102912810912E1,1.872586903235E0));
#7007=CARTESIAN_POINT('',(-1.032882376258E1,1.061482848255E1,3.959067819200E0));
#7008=CARTESIAN_POINT('',(-1.008843199019E1,1.076263763340E1,3.866924962281E0));
#7009=CARTESIAN_POINT('',(-9.848040217790E0,1.091044678424E1,3.774782105362E0));
#7010=CARTESIAN_POINT('',(-9.607648445394E0,1.105825593508E1,3.682639248443E0));
#7011=CARTESIAN_POINT('',(-9.435792603363E0,1.064395630850E1,5.772749471046E0));
#7012=CARTESIAN_POINT('',(-9.216185128201E0,1.079176545935E1,5.638395210692E0));
#7013=CARTESIAN_POINT('',(-8.996577653040E0,1.093957461019E1,5.504040950338E0));
#7014=CARTESIAN_POINT('',(-8.776970177878E0,1.108738376103E1,5.369686689984E0));
#7015=CARTESIAN_POINT('',(-8.227593461659E0,1.067308413446E1,7.393613767226E0));
#7016=CARTESIAN_POINT('',(-8.036105464547E0,1.082089328530E1,7.221535710830E0));
#7017=CARTESIAN_POINT('',(-7.844617467436E0,1.096870243614E1,7.049457654435E0));
#7018=CARTESIAN_POINT('',(-7.653129470325E0,1.111651158698E1,6.877379598039E0));
#7019=CARTESIAN_POINT('',(-6.744581735094E0,1.070221196041E1,8.767521664326E0));
#7020=CARTESIAN_POINT('',(-6.587609170295E0,1.085002111126E1,8.563467444710E0));
#7021=CARTESIAN_POINT('',(-6.430636605495E0,1.099783026210E1,8.359413225095E0));
#7022=CARTESIAN_POINT('',(-6.273664040696E0,1.114563941294E1,8.155359005480E0));
#7023=CARTESIAN_POINT('',(-5.036291936276E0,1.073133978636E1,9.848582774286E0));
#7024=CARTESIAN_POINT('',(-4.919077897902E0,1.087914893721E1,9.619368071516E0));
#7025=CARTESIAN_POINT('',(-4.801863859527E0,1.102695808805E1,9.390153368745E0));
#7026=CARTESIAN_POINT('',(-4.684649821153E0,1.117476723889E1,9.160938665975E0));
#7027=CARTESIAN_POINT('',(-3.159783178271E0,1.076046761232E1,1.060068816701E1));
#7028=CARTESIAN_POINT('',(-3.086242773664E0,1.090827676316E1,1.035396905594E1));
#7029=CARTESIAN_POINT('',(-3.012702369057E0,1.105608591400E1,1.010724994487E1));
#7030=CARTESIAN_POINT('',(-2.939161964450E0,1.120389506484E1,9.860530833799E0));
#7031=CARTESIAN_POINT('',(-1.177733327861E0,1.078959543827E1,1.099871646094E1));
#7032=CARTESIAN_POINT('',(-1.150322907410E0,1.093740458912E1,1.074273368837E1));
#7033=CARTESIAN_POINT('',(-1.122912486959E0,1.108521373996E1,1.048675091580E1));
#7034=CARTESIAN_POINT('',(-1.095502066508E0,1.123302289080E1,1.023076814323E1));
#7035=CARTESIAN_POINT('',(8.436545166058E-1,1.081872326422E1,1.102937291282E1));
#7036=CARTESIAN_POINT('',(8.240194052708E-1,1.096653241507E1,1.077267664576E1));
#7037=CARTESIAN_POINT('',(8.043842939359E-1,1.111434156591E1,1.051598037871E1));
#7038=CARTESIAN_POINT('',(7.847491826009E-1,1.126215071675E1,1.025928411165E1));
#7039=CARTESIAN_POINT('',(2.836863293522E0,1.084785109018E1,1.069163349333E1));
#7040=CARTESIAN_POINT('',(2.770838486550E0,1.099566024102E1,1.044279773194E1));
#7041=CARTESIAN_POINT('',(2.704813679577E0,1.114346939186E1,1.019396197054E1));
#7042=CARTESIAN_POINT('',(2.638788872605E0,1.129127854270E1,9.945126209144E0));
#7043=CARTESIAN_POINT('',(4.735317144448E0,1.087697891613E1,9.996779064330E0));
#7044=CARTESIAN_POINT('',(4.625107956318E0,1.102478806698E1,9.764115259354E0));
#7045=CARTESIAN_POINT('',(4.514898768187E0,1.117259721782E1,9.531451454377E0));
#7046=CARTESIAN_POINT('',(4.404689580057E0,1.132040636866E1,9.298787649401E0));
#7047=CARTESIAN_POINT('',(6.475605111549E0,1.090610674208E1,8.968018707783E0));
#7048=CARTESIAN_POINT('',(6.324892675565E0,1.105391589293E1,8.759298144667E0));
#7049=CARTESIAN_POINT('',(6.174180239581E0,1.120172504377E1,8.550577581551E0));
#7050=CARTESIAN_POINT('',(6.023467803597E0,1.134953419461E1,8.341857018435E0));
#7051=CARTESIAN_POINT('',(7.999599246826E0,1.093523456804E1,7.639714070881E0));
#7052=CARTESIAN_POINT('',(7.813417558997E0,1.108304371888E1,7.461908306322E0));
#7053=CARTESIAN_POINT('',(7.627235871168E0,1.123085286972E1,7.284102541763E0));
#7054=CARTESIAN_POINT('',(7.441054183339E0,1.137866202056E1,7.106296777204E0));
#7055=CARTESIAN_POINT('',(9.256395806077E0,1.096436239399E1,6.056233309068E0));
#7056=CARTESIAN_POINT('',(9.040963589886E0,1.111217154484E1,5.915281280775E0));
#7057=CARTESIAN_POINT('',(8.825531373694E0,1.125998069568E1,5.774329252482E0));
#7058=CARTESIAN_POINT('',(8.610099157502E0,1.140778984652E1,5.633377224189E0));
#7059=CARTESIAN_POINT('',(1.020401685104E1,1.099349021994E1,4.270462926833E0));
#7060=CARTESIAN_POINT('',(9.966529819334E0,1.114129937079E1,4.171072698523E0));
#7061=CARTESIAN_POINT('',(9.729042787629E0,1.128910852163E1,4.071682470214E0));
#7062=CARTESIAN_POINT('',(9.491555755923E0,1.143691767247E1,3.972292241904E0));
#7063=CARTESIAN_POINT('',(1.060854385363E1,1.101290877058E1,2.984863953689E0));
#7064=CARTESIAN_POINT('',(1.036164191028E1,1.116071792143E1,2.915394597576E0));
#7065=CARTESIAN_POINT('',(1.011473996693E1,1.130852707227E1,2.845925241463E0));
#7066=CARTESIAN_POINT('',(9.867838023580E0,1.145633622311E1,2.776455885350E0));
#7067=CARTESIAN_POINT('',(1.075062625500E1,1.102261804590E1,2.329019345801E0));
#7068=CARTESIAN_POINT('',(1.050041750333E1,1.117042719674E1,2.274814036333E0));
#7069=CARTESIAN_POINT('',(1.025020875167E1,1.131823634758E1,2.220608726866E0));
#7070=CARTESIAN_POINT('',(1.E1,1.146604549842E1,2.166403417399E0));
#7071=B_SPLINE_SURFACE_WITH_KNOTS('',3,3,((#6931,#6932,#6933,#6934),(#6935,
#6936,#6937,#6938),(#6939,#6940,#6941,#6942),(#6943,#6944,#6945,#6946),(#6947,
#6948,#6949,#6950),(#6951,#6952,#6953,#6954),(#6955,#6956,#6957,#6958),(#6959,
#6960,#6961,#6962),(#6963,#6964,#6965,#6966),(#6967,#6968,#6969,#6970),(#6971,
#6972,#6973,#6974),(#6975,#6976,#6977,#6978),(#6979,#6980,#6981,#6982),(#6983,
#6984,#6985,#6986),(#6987,#6988,#6989,#6990),(#6991,#6992,#6993,#6994),(#6995,
#6996,#6997,#6998),(#6999,#7000,#7001,#7002),(#7003,#7004,#7005,#7006),(#7007,
#7008,#7009,#7010),(#7011,#7012,#7013,#7014),(#7015,#7016,#7017,#7018),(#7019,
#7020,#7021,#7022),(#7023,#7024,#7025,#7026),(#7027,#7028,#7029,#7030),(#7031,
#7032,#7033,#7034),(#7035,#7036,#7037,#7038),(#7039,#7040,#7041,#7042),(#7043,
#7044,#7045,#7046),(#7047,#7048,#7049,#7050),(#7051,#7052,#7053,#7054),(#7055,
#7056,#7057,#7058),(#7059,#7060,#7061,#7062),(#7063,#7064,#7065,#7066),(#7067,
#7068,#7069,#7070)),.UNSPECIFIED.,.F.,.F.,.F.,(4,1,1,1,1,1,1,1,1,1,1,1,1,1,1,1,
1,1,1,1,1,1,1,1,1,1,1,1,1,1,1,1,4),(4,4),(0.E0,3.124999999993E-2,
6.250000000023E-2,9.375000000016E-2,1.250000000001E-1,1.5625E-1,1.875E-1,
2.187500000002E-1,2.500000000002E-1,2.812500000001E-1,3.125E-1,3.4375E-1,
3.749999999999E-1,4.062500000002E-1,4.375000000001E-1,4.687500000001E-1,5.E-1,
5.312499999999E-1,5.625000000002E-1,5.937500000002E-1,6.250000000001E-1,
6.5625E-1,6.875E-1,7.187499999999E-1,7.500000000002E-1,7.812500000001E-1,
8.125E-1,8.4375E-1,8.749999999999E-1,9.062500000002E-1,9.375000000001E-1,
9.687500000001E-1,1.E0),(-1.743757908361E-5,1.E0),.UNSPECIFIED.);
#7072=ORIENTED_EDGE('',*,*,#4165,.T.);
#7073=ORIENTED_EDGE('',*,*,#6925,.F.);
#7074=ORIENTED_EDGE('',*,*,#6923,.F.);
#7075=ORIENTED_EDGE('',*,*,#4219,.T.);
#7077=ORIENTED_EDGE('',*,*,#7076,.F.);
#7078=EDGE_LOOP('',(#7072,#7073,#7074,#7075,#7077));
#7079=FACE_OUTER_BOUND('',#7078,.F.);
#7080=ADVANCED_FACE('',(#7079),#7071,.T.);
#7081=CARTESIAN_POINT('',(1.E1,1.053395506792E1,-2.166403146132E0));
#7082=CARTESIAN_POINT('',(1.025020875977E1,1.068176422355E1,-2.220608450568E0));
#7083=CARTESIAN_POINT('',(1.050041751954E1,1.082957337918E1,-2.274813755005E0));
#7084=CARTESIAN_POINT('',(1.075062627932E1,1.097738253480E1,-2.329019059441E0));
#7085=CARTESIAN_POINT('',(9.867838252957E0,1.054366434323E1,-2.776454637861E0));
#7086=CARTESIAN_POINT('',(1.011474021005E1,1.069147349886E1,-2.845923965011E0));
#7087=CARTESIAN_POINT('',(1.036164216714E1,1.083928265449E1,-2.915393292162E0));
#7088=CARTESIAN_POINT('',(1.060854412423E1,1.098709181012E1,-2.984862619312E0));
#7089=CARTESIAN_POINT('',(9.491556789822E0,1.056308289387E1,-3.972289185487E0));
#7090=CARTESIAN_POINT('',(9.729043855093E0,1.071089204950E1,-4.071679340543E0));
#7091=CARTESIAN_POINT('',(9.966530920363E0,1.085870120513E1,-4.171069495599E0));
#7092=CARTESIAN_POINT('',(1.020401798563E1,1.100651036075E1,-4.270459650654E0));
#7093=CARTESIAN_POINT('',(8.610102238832E0,1.059221071982E1,-5.633372129517E0));
#7094=CARTESIAN_POINT('',(8.825534539101E0,1.074001987545E1,-5.774324034903E0));
#7095=CARTESIAN_POINT('',(9.040966839370E0,1.088782903108E1,-5.915275940290E0));
#7096=CARTESIAN_POINT('',(9.256399139639E0,1.103563818671E1,-6.056227845676E0));
#7097=CARTESIAN_POINT('',(7.441059907980E0,1.062133854578E1,-7.106290499720E0));
#7098=CARTESIAN_POINT('',(7.627241745077E0,1.076914770141E1,-7.284096112972E0));
#7099=CARTESIAN_POINT('',(7.813423582174E0,1.091695685704E1,-7.461901726224E0));
#7100=CARTESIAN_POINT('',(7.999605419270E0,1.106476601266E1,-7.639707339476E0));
#7101=CARTESIAN_POINT('',(6.023476493206E0,1.065046637173E1,-8.341850521434E0));
#7102=CARTESIAN_POINT('',(6.174189151494E0,1.079827552736E1,-8.550570928752E0));
#7103=CARTESIAN_POINT('',(6.324901809783E0,1.094608468299E1,-8.759291336069E0));
#7104=CARTESIAN_POINT('',(6.475614468071E0,1.109389383861E1,-8.968011743387E0));
#7105=CARTESIAN_POINT('',(4.404701271403E0,1.067959419768E1,-9.298781928667E0));
#7106=CARTESIAN_POINT('',(4.514910755632E0,1.082740335331E1,-9.531445598044E0));
#7107=CARTESIAN_POINT('',(4.625120239860E0,1.097521250894E1,-9.764109267420E0));
#7108=CARTESIAN_POINT('',(4.735329724089E0,1.112302166457E1,-9.996772936797E0));
#7109=CARTESIAN_POINT('',(2.638803325663E0,1.070872202364E1,-9.945122219065E0));
#7110=CARTESIAN_POINT('',(2.704828496403E0,1.085653117927E1,-1.019395788869E1));
#7111=CARTESIAN_POINT('',(2.770853667143E0,1.100434033490E1,-1.044279355831E1));
#7112=CARTESIAN_POINT('',(2.836878837882E0,1.115214949052E1,-1.069162922793E1));
#7113=CARTESIAN_POINT('',(7.847659061E-1,1.073784984959E1,-1.025928269717E1));
#7114=CARTESIAN_POINT('',(8.044014365077E-1,1.088565900522E1,
-1.051597893715E1));
#7115=CARTESIAN_POINT('',(8.240369669154E-1,1.103346816085E1,
-1.077267517714E1));
#7116=CARTESIAN_POINT('',(8.436724973232E-1,1.118127731647E1,
-1.102937141712E1));
#7117=CARTESIAN_POINT('',(-1.095483774270E0,1.076697767554E1,
-1.023076998146E1));
#7118=CARTESIAN_POINT('',(-1.122893737921E0,1.091478683117E1,
-1.048675280832E1));
#7119=CARTESIAN_POINT('',(-1.150303701572E0,1.106259598680E1,
-1.074273563517E1));
#7120=CARTESIAN_POINT('',(-1.177713665223E0,1.121040514243E1,
-1.099871846203E1));
#7121=CARTESIAN_POINT('',(-2.939142962501E0,1.079610550150E1,
-9.860536388454E0));
#7122=CARTESIAN_POINT('',(-3.012682894045E0,1.094391465713E1,
-1.010725564650E1));
#7123=CARTESIAN_POINT('',(-3.086222825589E0,1.109172381276E1,
-1.035397490454E1));
#7124=CARTESIAN_POINT('',(-3.159762757134E0,1.123953296838E1,
-1.060069416258E1));
#7125=CARTESIAN_POINT('',(-4.684631064058E0,1.082523332745E1,
-9.160948157027E0));
#7126=CARTESIAN_POINT('',(-4.801844636911E0,1.097304248308E1,
-9.390163104698E0));
#7127=CARTESIAN_POINT('',(-4.919058209764E0,1.112085163871E1,
-9.619378052369E0));
#7128=CARTESIAN_POINT('',(-5.036271782617E0,1.126866079433E1,
-9.848593000039E0));
#7129=CARTESIAN_POINT('',(-6.273646512070E0,1.085436115340E1,
-8.155372395382E0));
#7130=CARTESIAN_POINT('',(-6.430618643374E0,1.100217030903E1,
-8.359426956635E0));
#7131=CARTESIAN_POINT('',(-6.587590774678E0,1.114997946466E1,
-8.563481517889E0));
#7132=CARTESIAN_POINT('',(-6.744562905981E0,1.129778862029E1,
-8.767536079142E0));
#7133=CARTESIAN_POINT('',(-7.653114115837E0,1.088348897936E1,
-6.877396595017E0));
#7134=CARTESIAN_POINT('',(-7.844601734969E0,1.103129813499E1,
-7.049475082267E0));
#7135=CARTESIAN_POINT('',(-8.036089354101E0,1.117910729062E1,
-7.221553569517E0));
#7136=CARTESIAN_POINT('',(-8.227576973233E0,1.132691644624E1,
-7.393632056768E0));
#7137=CARTESIAN_POINT('',(-8.776957841847E0,1.091261680531E1,
-5.369706767807E0));
#7138=CARTESIAN_POINT('',(-8.996565015465E0,1.106042596094E1,
-5.504061534878E0));
#7139=CARTESIAN_POINT('',(-9.216172189084E0,1.120823511657E1,
-5.638416301950E0));
#7140=CARTESIAN_POINT('',(-9.435779362702E0,1.135604427219E1,
-5.772771069021E0));
#7141=CARTESIAN_POINT('',(-9.607639814845E0,1.094174463126E1,
-3.682661681180E0));
#7142=CARTESIAN_POINT('',(-9.848031379085E0,1.108955378689E1,
-3.774805102371E0));
#7143=CARTESIAN_POINT('',(-1.008842294333E1,1.123736294252E1,
-3.866948523561E0));
#7144=CARTESIAN_POINT('',(-1.032881450757E1,1.138517209815E1,
-3.959091944752E0));
#7145=CARTESIAN_POINT('',(-1.011741413404E1,1.097087245722E1,
-1.872610812636E0));
#7146=CARTESIAN_POINT('',(-1.037056069830E1,1.111868161285E1,
-1.919465175532E0));
#7147=CARTESIAN_POINT('',(-1.062370726256E1,1.126649076848E1,
-1.966319538429E0));
#7148=CARTESIAN_POINT('',(-1.087685382681E1,1.141429992410E1,
-2.013173901325E0));
#7149=CARTESIAN_POINT('',(-1.028925362531E1,1.100000028317E1,
-1.220622162468E-5));
#7150=CARTESIAN_POINT('',(-1.054669976417E1,1.114780943880E1,
-1.251163199856E-5));
#7151=CARTESIAN_POINT('',(-1.080414590302E1,1.129561859443E1,
-1.281704237266E-5));
#7152=CARTESIAN_POINT('',(-1.106159204188E1,1.144342775005E1,
-1.312245274654E-5));
#7153=CARTESIAN_POINT('',(-1.011741857454E1,1.102912810912E1,1.872586903235E0));
#7154=CARTESIAN_POINT('',(-1.037056524990E1,1.117693726475E1,1.919440667898E0));
#7155=CARTESIAN_POINT('',(-1.062371192527E1,1.132474642038E1,1.966294432560E0));
#7156=CARTESIAN_POINT('',(-1.087685860063E1,1.147255557601E1,2.013148197223E0));
#7157=CARTESIAN_POINT('',(-9.607648445394E0,1.105825593508E1,3.682639248443E0));
#7158=CARTESIAN_POINT('',(-9.848040225578E0,1.120606509071E1,3.774782108347E0));
#7159=CARTESIAN_POINT('',(-1.008843200576E1,1.135387424634E1,3.866924968252E0));
#7160=CARTESIAN_POINT('',(-1.032882378595E1,1.150168340196E1,3.959067828156E0));
#7161=CARTESIAN_POINT('',(-8.776970177878E0,1.108738376103E1,5.369686689984E0));
#7162=CARTESIAN_POINT('',(-8.996577660155E0,1.123519291666E1,5.504040954691E0));
#7163=CARTESIAN_POINT('',(-9.216185142431E0,1.138300207229E1,5.638395219397E0));
#7164=CARTESIAN_POINT('',(-9.435792624708E0,1.153081122791E1,5.772749484104E0));
#7165=CARTESIAN_POINT('',(-7.653129470326E0,1.111651158698E1,6.877379598039E0));
#7166=CARTESIAN_POINT('',(-7.844617473641E0,1.126432074261E1,7.049457660010E0));
#7167=CARTESIAN_POINT('',(-8.036105476956E0,1.141212989824E1,7.221535721981E0));
#7168=CARTESIAN_POINT('',(-8.227593480270E0,1.155993905387E1,7.393613783951E0));
#7169=CARTESIAN_POINT('',(-6.273664040696E0,1.114563941294E1,8.155359005480E0));
#7170=CARTESIAN_POINT('',(-6.430636610581E0,1.129344856857E1,8.359413231706E0));
#7171=CARTESIAN_POINT('',(-6.587609180466E0,1.144125772420E1,8.563467457932E0));
#7172=CARTESIAN_POINT('',(-6.744581750351E0,1.158906687982E1,8.767521684159E0));
#7173=CARTESIAN_POINT('',(-4.684649821153E0,1.117476723889E1,9.160938665975E0));
#7174=CARTESIAN_POINT('',(-4.801863863325E0,1.132257639452E1,9.390153376172E0));
#7175=CARTESIAN_POINT('',(-4.919077905497E0,1.147038555015E1,9.619368086368E0));
#7176=CARTESIAN_POINT('',(-5.036291947669E0,1.161819470577E1,9.848582796565E0));
#7177=CARTESIAN_POINT('',(-2.939161964450E0,1.120389506484E1,9.860530833799E0));
#7178=CARTESIAN_POINT('',(-3.012702371440E0,1.135170422047E1,1.010724995286E1));
#7179=CARTESIAN_POINT('',(-3.086242778429E0,1.149951337610E1,1.035396907192E1));
#7180=CARTESIAN_POINT('',(-3.159783185419E0,1.164732253173E1,1.060068819099E1));
#7181=CARTESIAN_POINT('',(-1.095502066508E0,1.123302289080E1,1.023076814323E1));
#7182=CARTESIAN_POINT('',(-1.122912487847E0,1.138083204643E1,1.048675092409E1));
#7183=CARTESIAN_POINT('',(-1.150322909186E0,1.152864120206E1,1.074273370495E1));
#7184=CARTESIAN_POINT('',(-1.177733330525E0,1.167645035768E1,1.099871648582E1));
#7185=CARTESIAN_POINT('',(7.847491826009E-1,1.126215071675E1,1.025928411165E1));
#7186=CARTESIAN_POINT('',(8.043842945720E-1,1.140995987238E1,1.051598038702E1));
#7187=CARTESIAN_POINT('',(8.240194065431E-1,1.155776902801E1,1.077267666240E1));
#7188=CARTESIAN_POINT('',(8.436545185141E-1,1.170557818363E1,1.102937293777E1));
#7189=CARTESIAN_POINT('',(2.638788872605E0,1.129127854270E1,9.945126209144E0));
#7190=CARTESIAN_POINT('',(2.704813681716E0,1.143908769833E1,1.019396197860E1));
#7191=CARTESIAN_POINT('',(2.770838490828E0,1.158689685396E1,1.044279774806E1));
#7192=CARTESIAN_POINT('',(2.836863299939E0,1.173470600959E1,1.069163351752E1));
#7193=CARTESIAN_POINT('',(4.404689580057E0,1.132040636866E1,9.298787649401E0));
#7194=CARTESIAN_POINT('',(4.514898771758E0,1.146821552429E1,9.531451461915E0));
#7195=CARTESIAN_POINT('',(4.625107963459E0,1.161602467992E1,9.764115274430E0));
#7196=CARTESIAN_POINT('',(4.735317155160E0,1.176383383554E1,9.996779086944E0));
#7197=CARTESIAN_POINT('',(6.023467803597E0,1.134953419461E1,8.341857018435E0));
#7198=CARTESIAN_POINT('',(6.174180244464E0,1.149734335024E1,8.550577588313E0));
#7199=CARTESIAN_POINT('',(6.324892685330E0,1.164515250587E1,8.759298158191E0));
#7200=CARTESIAN_POINT('',(6.475605126197E0,1.179296166150E1,8.968018728069E0));
#7201=CARTESIAN_POINT('',(7.441054183339E0,1.137866202056E1,7.106296777204E0));
#7202=CARTESIAN_POINT('',(7.627235877200E0,1.152647117619E1,7.284102547524E0));
#7203=CARTESIAN_POINT('',(7.813417571061E0,1.167428033182E1,7.461908317843E0));
#7204=CARTESIAN_POINT('',(7.999599264922E0,1.182208948745E1,7.639714088163E0));
#7205=CARTESIAN_POINT('',(8.610099157502E0,1.140778984652E1,5.633377224189E0));
#7206=CARTESIAN_POINT('',(8.825531380673E0,1.155559900215E1,5.774329257049E0));
#7207=CARTESIAN_POINT('',(9.040963603845E0,1.170340815778E1,5.915281289908E0));
#7208=CARTESIAN_POINT('',(9.256395827016E0,1.185121731340E1,6.056233322768E0));
#7209=CARTESIAN_POINT('',(9.491555755923E0,1.143691767247E1,3.972292241904E0));
#7210=CARTESIAN_POINT('',(9.729042795323E0,1.158472682810E1,4.071682473434E0));
#7211=CARTESIAN_POINT('',(9.966529834723E0,1.173253598373E1,4.171072704964E0));
#7212=CARTESIAN_POINT('',(1.020401687412E1,1.188034513936E1,4.270462936493E0));
#7213=CARTESIAN_POINT('',(9.867838023580E0,1.145633622311E1,2.776455885350E0));
#7214=CARTESIAN_POINT('',(1.011473997493E1,1.160414537874E1,2.845925243714E0));
#7215=CARTESIAN_POINT('',(1.036164192628E1,1.175195453437E1,2.915394602077E0));
#7216=CARTESIAN_POINT('',(1.060854387763E1,1.189976368999E1,2.984863960441E0));
#7217=CARTESIAN_POINT('',(1.E1,1.146604549842E1,2.166403417399E0));
#7218=CARTESIAN_POINT('',(1.025020875977E1,1.161385465405E1,2.220608728622E0));
#7219=CARTESIAN_POINT('',(1.050041751954E1,1.176166380968E1,2.274814039846E0));
#7220=CARTESIAN_POINT('',(1.075062627932E1,1.190947296531E1,2.329019351069E0));
#7221=B_SPLINE_SURFACE_WITH_KNOTS('',3,3,((#7081,#7082,#7083,#7084),(#7085,
#7086,#7087,#7088),(#7089,#7090,#7091,#7092),(#7093,#7094,#7095,#7096),(#7097,
#7098,#7099,#7100),(#7101,#7102,#7103,#7104),(#7105,#7106,#7107,#7108),(#7109,
#7110,#7111,#7112),(#7113,#7114,#7115,#7116),(#7117,#7118,#7119,#7120),(#7121,
#7122,#7123,#7124),(#7125,#7126,#7127,#7128),(#7129,#7130,#7131,#7132),(#7133,
#7134,#7135,#7136),(#7137,#7138,#7139,#7140),(#7141,#7142,#7143,#7144),(#7145,
#7146,#7147,#7148),(#7149,#7150,#7151,#7152),(#7153,#7154,#7155,#7156),(#7157,
#7158,#7159,#7160),(#7161,#7162,#7163,#7164),(#7165,#7166,#7167,#7168),(#7169,
#7170,#7171,#7172),(#7173,#7174,#7175,#7176),(#7177,#7178,#7179,#7180),(#7181,
#7182,#7183,#7184),(#7185,#7186,#7187,#7188),(#7189,#7190,#7191,#7192),(#7193,
#7194,#7195,#7196),(#7197,#7198,#7199,#7200),(#7201,#7202,#7203,#7204),(#7205,
#7206,#7207,#7208),(#7209,#7210,#7211,#7212),(#7213,#7214,#7215,#7216),(#7217,
#7218,#7219,#7220)),.UNSPECIFIED.,.F.,.F.,.F.,(4,1,1,1,1,1,1,1,1,1,1,1,1,1,1,1,
1,1,1,1,1,1,1,1,1,1,1,1,1,1,1,1,4),(4,4),(0.E0,3.124999999993E-2,
6.250000000023E-2,9.375000000016E-2,1.250000000001E-1,1.5625E-1,1.875E-1,
2.187500000002E-1,2.500000000002E-1,2.812500000001E-1,3.125E-1,3.4375E-1,
3.749999999999E-1,4.062500000002E-1,4.375000000001E-1,4.687500000001E-1,5.E-1,
5.312499999999E-1,5.625000000002E-1,5.937500000002E-1,6.250000000001E-1,
6.5625E-1,6.875E-1,7.187499999999E-1,7.500000000002E-1,7.812500000001E-1,
8.125E-1,8.4375E-1,8.749999999999E-1,9.062500000002E-1,9.375000000001E-1,
9.687500000001E-1,1.E0),(0.E0,1.000017469978E0),.UNSPECIFIED.);
#7222=ORIENTED_EDGE('',*,*,#4217,.T.);
#7224=ORIENTED_EDGE('',*,*,#7223,.F.);
#7226=ORIENTED_EDGE('',*,*,#7225,.F.);
#7227=ORIENTED_EDGE('',*,*,#4167,.T.);
#7228=ORIENTED_EDGE('',*,*,#7076,.T.);
#7229=EDGE_LOOP('',(#7222,#7224,#7226,#7227,#7228));
#7230=FACE_OUTER_BOUND('',#7229,.F.);
#7231=ADVANCED_FACE('',(#7230),#7221,.T.);
#7232=CARTESIAN_POINT('',(0.E0,-8.79E-1,0.E0));
#7233=DIRECTION('',(0.E0,1.E0,0.E0));
#7234=DIRECTION('',(1.E0,0.E0,0.E0));
#7235=AXIS2_PLACEMENT_3D('',#7232,#7233,#7234);
#7236=CYLINDRICAL_SURFACE('',#7235,1.1E1);
#7237=ORIENTED_EDGE('',*,*,#7225,.T.);
#7238=ORIENTED_EDGE('',*,*,#7223,.T.);
#7239=ORIENTED_EDGE('',*,*,#4215,.T.);
#7241=ORIENTED_EDGE('',*,*,#7240,.T.);
#7243=ORIENTED_EDGE('',*,*,#7242,.T.);
#7245=ORIENTED_EDGE('',*,*,#7244,.T.);
#7246=ORIENTED_EDGE('',*,*,#4169,.T.);
#7247=EDGE_LOOP('',(#7237,#7238,#7239,#7241,#7243,#7245,#7246));
#7248=FACE_OUTER_BOUND('',#7247,.F.);
#7249=ADVANCED_FACE('',(#7248),#7236,.T.);
#7250=CARTESIAN_POINT('',(1.075064150368E1,1.109051829835E1,-2.329022695868E0));
#7251=CARTESIAN_POINT('',(1.050042081333E1,1.123833450189E1,-2.274814798917E0));
#7252=CARTESIAN_POINT('',(1.025020012298E1,1.138615070543E1,-2.220606901965E0));
#7253=CARTESIAN_POINT('',(9.999979432637E0,1.153396690896E1,-2.166399005014E0));
#7254=CARTESIAN_POINT('',(1.060175454869E1,1.110056749260E1,-3.016275522401E0));
#7255=CARTESIAN_POINT('',(1.035499916478E1,1.124838369750E1,-2.946071929397E0));
#7256=CARTESIAN_POINT('',(1.010824378086E1,1.139619990241E1,-2.875868336392E0));
#7257=CARTESIAN_POINT('',(9.861488396945E0,1.154401610732E1,-2.805664743388E0));
#7258=CARTESIAN_POINT('',(1.017177972539E1,1.112104092311E1,-4.362119102500E0));
#7259=CARTESIAN_POINT('',(9.935032012658E0,1.126885712664E1,-4.260590977819E0));
#7260=CARTESIAN_POINT('',(9.698284299927E0,1.141667333018E1,-4.159062853139E0));
#7261=CARTESIAN_POINT('',(9.461536587197E0,1.156448953371E1,-4.057534728458E0));
#7262=CARTESIAN_POINT('',(9.493164415740E0,1.114151435194E1,-5.601334399513E0));
#7263=CARTESIAN_POINT('',(9.272211485589E0,1.128933055410E1,-5.470963518193E0));
#7264=CARTESIAN_POINT('',(9.051258555437E0,1.143714675627E1,-5.340592636873E0));
#7265=CARTESIAN_POINT('',(8.830305625286E0,1.158496295844E1,-5.210221755553E0));
#7266=CARTESIAN_POINT('',(9.097910167105E0,1.115156354452E1,-6.182933790770E0));
#7267=CARTESIAN_POINT('',(8.886156723188E0,1.129937974806E1,-6.039026288976E0));
#7268=CARTESIAN_POINT('',(8.674403279272E0,1.144719595159E1,-5.895118787181E0));
#7269=CARTESIAN_POINT('',(8.462649835356E0,1.159501215513E1,-5.751211285386E0));
#7270=B_SPLINE_SURFACE_WITH_KNOTS('',3,3,((#7250,#7251,#7252,#7253),(#7254,
#7255,#7256,#7257),(#7258,#7259,#7260,#7261),(#7262,#7263,#7264,#7265),(#7266,
#7267,#7268,#7269)),.UNSPECIFIED.,.F.,.F.,.F.,(4,1,4),(4,4),(0.E0,5.E-1,1.E0),(
-3.785237132593E-5,1.000027400752E0),.UNSPECIFIED.);
#7271=ORIENTED_EDGE('',*,*,#4213,.T.);
#7273=ORIENTED_EDGE('',*,*,#7272,.F.);
#7275=ORIENTED_EDGE('',*,*,#7274,.T.);
#7276=ORIENTED_EDGE('',*,*,#7240,.F.);
#7277=EDGE_LOOP('',(#7271,#7273,#7275,#7276));
#7278=FACE_OUTER_BOUND('',#7277,.F.);
#7279=ADVANCED_FACE('',(#7278),#7270,.T.);
#7280=CARTESIAN_POINT('',(9.999940767924E0,1.153391976798E1,-2.166390628678E0));
#7281=CARTESIAN_POINT('',(1.025017115578E1,1.168174170025E1,-2.220600626501E0));
#7282=CARTESIAN_POINT('',(1.050040154364E1,1.182956363253E1,-2.274810624325E0));
#7283=CARTESIAN_POINT('',(1.075063193150E1,1.197738556481E1,-2.329020622149E0));
#7284=CARTESIAN_POINT('',(9.861450278941E0,1.154396896552E1,-2.805653843470E0));
#7285=CARTESIAN_POINT('',(1.010821522635E1,1.169179089642E1,-2.875860155975E0));
#7286=CARTESIAN_POINT('',(1.035498017376E1,1.183961282733E1,-2.946066468481E0));
#7287=CARTESIAN_POINT('',(1.060174512117E1,1.198743475823E1,-3.016272780986E0));
#7288=CARTESIAN_POINT('',(9.461500058108E0,1.156444239022E1,-4.057518888767E0));
#7289=CARTESIAN_POINT('',(9.698256947540E0,1.171226432249E1,-4.159050944470E0));
#7290=CARTESIAN_POINT('',(9.935013836972E0,1.186008625477E1,-4.260583000172E0));
#7291=CARTESIAN_POINT('',(1.017177072640E1,1.200790818704E1,-4.362115055874E0));
#7292=CARTESIAN_POINT('',(8.830271615464E0,1.158491581331E1,-5.210201379329E0));
#7293=CARTESIAN_POINT('',(9.051233112145E0,1.173273774696E1,-5.340577307502E0));
#7294=CARTESIAN_POINT('',(9.272194608825E0,1.188055968060E1,-5.470953235674E0));
#7295=CARTESIAN_POINT('',(9.493156105506E0,1.202838161425E1,-5.601329163847E0));
#7296=CARTESIAN_POINT('',(8.462617293745E0,1.159496500925E1,-5.751188784985E0));
#7297=CARTESIAN_POINT('',(8.674378948825E0,1.174278694153E1,-5.895101857443E0));
#7298=CARTESIAN_POINT('',(8.886140603905E0,1.189060887380E1,-6.039014929902E0));
#7299=CARTESIAN_POINT('',(9.097902258984E0,1.203843080608E1,-6.182928002360E0));
#7300=B_SPLINE_SURFACE_WITH_KNOTS('',3,3,((#7280,#7281,#7282,#7283),(#7284,
#7285,#7286,#7287),(#7288,#7289,#7290,#7291),(#7292,#7293,#7294,#7295),(#7296,
#7297,#7298,#7299)),.UNSPECIFIED.,.F.,.F.,.F.,(4,1,4),(4,4),(0.E0,
4.999999598704E-1,9.999999197408E-1),(-7.891159409151E-5,1.000025099900E0),
.UNSPECIFIED.);
#7301=ORIENTED_EDGE('',*,*,#4211,.T.);
#7303=ORIENTED_EDGE('',*,*,#7302,.F.);
#7305=ORIENTED_EDGE('',*,*,#7304,.T.);
#7306=ORIENTED_EDGE('',*,*,#7272,.T.);
#7307=EDGE_LOOP('',(#7301,#7303,#7305,#7306));
#7308=FACE_OUTER_BOUND('',#7307,.F.);
#7309=ADVANCED_FACE('',(#7308),#7300,.T.);
#7310=CARTESIAN_POINT('',(0.E0,-8.79E-1,0.E0));
#7311=DIRECTION('',(0.E0,1.E0,0.E0));
#7312=DIRECTION('',(1.E0,0.E0,0.E0));
#7313=AXIS2_PLACEMENT_3D('',#7310,#7311,#7312);
#7314=CYLINDRICAL_SURFACE('',#7313,1.1E1);
#7316=ORIENTED_EDGE('',*,*,#7315,.T.);
#7318=ORIENTED_EDGE('',*,*,#7317,.T.);
#7319=ORIENTED_EDGE('',*,*,#7302,.T.);
#7320=ORIENTED_EDGE('',*,*,#4209,.T.);
#7322=ORIENTED_EDGE('',*,*,#7321,.T.);
#7324=ORIENTED_EDGE('',*,*,#7323,.T.);
#7325=ORIENTED_EDGE('',*,*,#4175,.T.);
#7326=EDGE_LOOP('',(#7316,#7318,#7319,#7320,#7322,#7324,#7325));
#7327=FACE_OUTER_BOUND('',#7326,.F.);
#7328=ADVANCED_FACE('',(#7327),#7314,.T.);
#7329=CARTESIAN_POINT('',(8.462667425E0,1.1595E1,-5.751222843139E0));
#7330=CARTESIAN_POINT('',(8.674410180004E0,1.174280873884E1,-5.895123070844E0));
#7331=CARTESIAN_POINT('',(8.886152935007E0,1.189061747767E1,-6.039023298548E0));
#7332=CARTESIAN_POINT('',(9.097895690011E0,1.203842621651E1,-6.182923526253E0));
#7333=CARTESIAN_POINT('',(8.134791142359E0,1.160407338400E1,-6.233678142162E0));
#7334=CARTESIAN_POINT('',(8.338330168692E0,1.175188212284E1,-6.389649790029E0));
#7335=CARTESIAN_POINT('',(8.541869195025E0,1.189969086168E1,-6.545621437896E0));
#7336=CARTESIAN_POINT('',(8.745408221358E0,1.204749960052E1,-6.701593085763E0));
#7337=CARTESIAN_POINT('',(7.396328592507E0,1.162222015201E1,-7.142367386959E0));
#7338=CARTESIAN_POINT('',(7.581390691068E0,1.177002889085E1,-7.321075171610E0));
#7339=CARTESIAN_POINT('',(7.766452789629E0,1.191783762969E1,-7.499782956262E0));
#7340=CARTESIAN_POINT('',(7.951514888190E0,1.206564636853E1,-7.678490740913E0));
#7341=CARTESIAN_POINT('',(6.072806704846E0,1.164944030402E1,-8.296994276419E0));
#7342=CARTESIAN_POINT('',(6.224753219782E0,1.179724904286E1,-8.504591755809E0));
#7343=CARTESIAN_POINT('',(6.376699734718E0,1.194505778170E1,-8.712189235198E0));
#7344=CARTESIAN_POINT('',(6.528646249654E0,1.209286652054E1,-8.919786714588E0));
#7345=CARTESIAN_POINT('',(4.572082467370E0,1.167666045604E1,-9.209514305321E0));
#7346=CARTESIAN_POINT('',(4.686479653166E0,1.182446919488E1,-9.439943770798E0));
#7347=CARTESIAN_POINT('',(4.800876838962E0,1.197227793371E1,-9.670373236276E0));
#7348=CARTESIAN_POINT('',(4.915274024758E0,1.212008667255E1,-9.900802701753E0));
#7349=CARTESIAN_POINT('',(2.937945348881E0,1.170388060805E1,-9.853302495549E0));
#7350=CARTESIAN_POINT('',(3.011455107800E0,1.185168934689E1,-1.009984006007E1));
#7351=CARTESIAN_POINT('',(3.084964866719E0,1.199949808572E1,-1.034637762459E1));
#7352=CARTESIAN_POINT('',(3.158474625637E0,1.214730682456E1,-1.059291518911E1));
#7353=CARTESIAN_POINT('',(1.218079636608E0,1.173110076006E1,-1.020957268305E1));
#7354=CARTESIAN_POINT('',(1.248556970185E0,1.187890949890E1,-1.046502441461E1));
#7355=CARTESIAN_POINT('',(1.279034303763E0,1.202671823773E1,-1.072047614617E1));
#7356=CARTESIAN_POINT('',(1.309511637340E0,1.217452697657E1,-1.097592787772E1));
#7357=CARTESIAN_POINT('',(-5.373293522923E-1,1.175832091207E1,
-1.026792917440E1));
#7358=CARTESIAN_POINT('',(-5.507737654643E-1,1.190612965091E1,
-1.052484103237E1));
#7359=CARTESIAN_POINT('',(-5.642181786364E-1,1.205393838975E1,
-1.078175289034E1));
#7360=CARTESIAN_POINT('',(-5.776625918084E-1,1.220174712859E1,
-1.103866474831E1));
#7361=CARTESIAN_POINT('',(-2.277059036452E0,1.178554106408E1,
-1.002666915409E1));
#7362=CARTESIAN_POINT('',(-2.334032887540E0,1.193334980292E1,
-1.027754449204E1));
#7363=CARTESIAN_POINT('',(-2.391006738629E0,1.208115854176E1,
-1.052841982999E1));
#7364=CARTESIAN_POINT('',(-2.447980589717E0,1.222896728060E1,
-1.077929516793E1));
#7365=CARTESIAN_POINT('',(-3.950344406572E0,1.181276121609E1,
-9.492832618444E0));
#7366=CARTESIAN_POINT('',(-4.049185205324E0,1.196056995493E1,
-9.730350936307E0));
#7367=CARTESIAN_POINT('',(-4.148026004077E0,1.210837869377E1,
-9.967869254170E0));
#7368=CARTESIAN_POINT('',(-4.246866802829E0,1.225618743261E1,
-1.020538757203E1));
#7369=CARTESIAN_POINT('',(-5.508359293460E0,1.183998136811E1,
-8.681996878833E0));
#7370=CARTESIAN_POINT('',(-5.646182879544E0,1.198779010695E1,
-8.899227433425E0));
#7371=CARTESIAN_POINT('',(-5.784006465628E0,1.213559884578E1,
-9.116457988017E0));
#7372=CARTESIAN_POINT('',(-5.921830051712E0,1.228340758462E1,
-9.333688542609E0));
#7373=CARTESIAN_POINT('',(-6.905641117968E0,1.186720152012E1,
-7.617822032762E0));
#7374=CARTESIAN_POINT('',(-7.078425820704E0,1.201501025896E1,
-7.808426075594E0));
#7375=CARTESIAN_POINT('',(-7.251210523441E0,1.216281899779E1,
-7.999030118425E0));
#7376=CARTESIAN_POINT('',(-7.423995226177E0,1.231062773663E1,
-8.189634161257E0));
#7377=CARTESIAN_POINT('',(-8.101417475763E0,1.189442167213E1,
-6.331360558342E0));
#7378=CARTESIAN_POINT('',(-8.304121466078E0,1.204223041097E1,
-6.489776298938E0));
#7379=CARTESIAN_POINT('',(-8.506825456392E0,1.219003914980E1,
-6.648192039533E0));
#7380=CARTESIAN_POINT('',(-8.709529446707E0,1.233784788864E1,
-6.806607780129E0));
#7381=CARTESIAN_POINT('',(-9.060795867136E0,1.192164182414E1,
-4.860151207054E0));
#7382=CARTESIAN_POINT('',(-9.287504277509E0,1.206945056298E1,
-4.981756104734E0));
#7383=CARTESIAN_POINT('',(-9.514212687882E0,1.221725930182E1,
-5.103361002414E0));
#7384=CARTESIAN_POINT('',(-9.740921098255E0,1.236506804066E1,
-5.224965900094E0));
#7385=CARTESIAN_POINT('',(-9.755781850637E0,1.194886197615E1,
-3.247123627229E0));
#7386=CARTESIAN_POINT('',(-9.999879370075E0,1.209667071499E1,
-3.328369275692E0));
#7387=CARTESIAN_POINT('',(-1.024397688951E1,1.224447945383E1,
-3.409614924154E0));
#7388=CARTESIAN_POINT('',(-1.048807440895E1,1.239228819267E1,
-3.490860572617E0));
#7389=CARTESIAN_POINT('',(-1.016609591254E1,1.197608212816E1,
-1.539345683300E0));
#7390=CARTESIAN_POINT('',(-1.042045982028E1,1.212389086700E1,
-1.577861352121E0));
#7391=CARTESIAN_POINT('',(-1.067482372803E1,1.227169960584E1,
-1.616377020942E0));
#7392=CARTESIAN_POINT('',(-1.092918763577E1,1.241950834468E1,
-1.654892689764E0));
#7393=CARTESIAN_POINT('',(-1.027976521582E1,1.200330228018E1,
2.133499766834E-1));
#7394=CARTESIAN_POINT('',(-1.053697322108E1,1.215111101902E1,
2.186881649371E-1));
#7395=CARTESIAN_POINT('',(-1.079418122635E1,1.229891975785E1,
2.240263531909E-1));
#7396=CARTESIAN_POINT('',(-1.105138923161E1,1.244672849669E1,
2.293645414446E-1));
#7397=CARTESIAN_POINT('',(-1.009347296184E1,1.203052243219E1,1.959820028604E0));
#7398=CARTESIAN_POINT('',(-1.034601978486E1,1.217833117103E1,2.008856304204E0));
#7399=CARTESIAN_POINT('',(-1.059856660788E1,1.232613990986E1,2.057892579805E0));
#7400=CARTESIAN_POINT('',(-1.085111343091E1,1.247394864870E1,2.106928855405E0));
#7401=CARTESIAN_POINT('',(-9.612655170433E0,1.205774258420E1,3.649102824343E0));
#7402=CARTESIAN_POINT('',(-9.853171545054E0,1.220555132304E1,3.740406316081E0));
#7403=CARTESIAN_POINT('',(-1.009368791967E1,1.235336006187E1,3.831709807819E0));
#7404=CARTESIAN_POINT('',(-1.033420429430E1,1.250116880071E1,3.923013299557E0));
#7405=CARTESIAN_POINT('',(-8.851342054734E0,1.208496273621E1,5.231905441849E0));
#7406=CARTESIAN_POINT('',(-9.072809762021E0,1.223277147505E1,5.362811929903E0));
#7407=CARTESIAN_POINT('',(-9.294277469309E0,1.238058021389E1,5.493718417957E0));
#7408=CARTESIAN_POINT('',(-9.515745176596E0,1.252838895273E1,5.624624906011E0));
#7409=CARTESIAN_POINT('',(-7.831748619325E0,1.211218288822E1,6.662042041426E0));
#7410=CARTESIAN_POINT('',(-8.027705277654E0,1.225999162706E1,6.828731699067E0));
#7411=CARTESIAN_POINT('',(-8.223661935983E0,1.240780036590E1,6.995421356709E0));
#7412=CARTESIAN_POINT('',(-8.419618594312E0,1.255560910474E1,7.162111014350E0));
#7413=CARTESIAN_POINT('',(-6.583626428282E0,1.213940304024E1,7.897781557389E0));
#7414=CARTESIAN_POINT('',(-6.748354064125E0,1.228721177908E1,8.095390413013E0));
#7415=CARTESIAN_POINT('',(-6.913081699967E0,1.243502051791E1,8.292999268637E0));
#7416=CARTESIAN_POINT('',(-7.077809335810E0,1.258282925675E1,8.490608124261E0));
#7417=CARTESIAN_POINT('',(-5.143395458390E0,1.216662319225E1,8.903065399794E0));
#7418=CARTESIAN_POINT('',(-5.272087355370E0,1.231443193109E1,9.125827266834E0));
#7419=CARTESIAN_POINT('',(-5.400779252350E0,1.246224066992E1,9.348589133875E0));
#7420=CARTESIAN_POINT('',(-5.529471149330E0,1.261004940876E1,9.571351000915E0));
#7421=CARTESIAN_POINT('',(-3.553081370032E0,1.219384334426E1,9.648559634130E0));
#7422=CARTESIAN_POINT('',(-3.641982327645E0,1.234165208310E1,9.889974367351E0));
#7423=CARTESIAN_POINT('',(-3.730883285258E0,1.248946082193E1,1.013138910057E1));
#7424=CARTESIAN_POINT('',(-3.819784242871E0,1.263726956077E1,1.037280383379E1));
#7425=CARTESIAN_POINT('',(-1.859089205968E0,1.222106349627E1,1.011251093653E1));
#7426=CARTESIAN_POINT('',(-1.905605115255E0,1.236887223511E1,1.036553410501E1));
#7427=CARTESIAN_POINT('',(-1.952121024542E0,1.251668097395E1,1.061855727350E1));
#7428=CARTESIAN_POINT('',(-1.998636933829E0,1.266448971279E1,1.087158044198E1));
#7429=CARTESIAN_POINT('',(-1.108493014194E-1,1.224828364828E1,
1.028138134869E1));
#7430=CARTESIAN_POINT('',(-1.136228402214E-1,1.239609238712E1,
1.053862979090E1));
#7431=CARTESIAN_POINT('',(-1.163963790235E-1,1.254390112596E1,
1.079587823311E1));
#7432=CARTESIAN_POINT('',(-1.191699178255E-1,1.269170986480E1,
1.105312667532E1));
#7433=CARTESIAN_POINT('',(1.640625083019E0,1.227550380029E1,1.015024330823E1));
#7434=CARTESIAN_POINT('',(1.681674843994E0,1.242331253913E1,1.040421057104E1));
#7435=CARTESIAN_POINT('',(1.722724604969E0,1.257112127797E1,1.065817783386E1));
#7436=CARTESIAN_POINT('',(1.763774365944E0,1.271893001681E1,1.091214509667E1));
#7437=CARTESIAN_POINT('',(3.344226315689E0,1.230272395231E1,9.722923436768E0));
#7438=CARTESIAN_POINT('',(3.427901551626E0,1.245053269115E1,9.966198812226E0));
#7439=CARTESIAN_POINT('',(3.511576787563E0,1.259834142998E1,1.020947418768E1));
#7440=CARTESIAN_POINT('',(3.595252023499E0,1.274615016882E1,1.045274956314E1));
#7441=CARTESIAN_POINT('',(4.950243707144E0,1.232994410432E1,9.011890856140E0));
#7442=CARTESIAN_POINT('',(5.074102791739E0,1.247775284316E1,9.237375623748E0));
#7443=CARTESIAN_POINT('',(5.197961876334E0,1.262556158199E1,9.462860391357E0));
#7444=CARTESIAN_POINT('',(5.321820960929E0,1.277337032083E1,9.688345158965E0));
#7445=CARTESIAN_POINT('',(6.411814038660E0,1.235716425633E1,8.037893418976E0));
#7446=CARTESIAN_POINT('',(6.572242790132E0,1.250497299517E1,8.239007986226E0));
#7447=CARTESIAN_POINT('',(6.732671541605E0,1.265278173400E1,8.440122553476E0));
#7448=CARTESIAN_POINT('',(6.893100293077E0,1.280059047284E1,8.641237120726E0));
#7449=CARTESIAN_POINT('',(7.686289082893E0,1.238438440834E1,6.829351993453E0));
#7450=CARTESIAN_POINT('',(7.878606226465E0,1.253219314718E1,7.000227880849E0));
#7451=CARTESIAN_POINT('',(8.070923370036E0,1.268000188602E1,7.171103768246E0));
#7452=CARTESIAN_POINT('',(8.263240513608E0,1.282781062486E1,7.341979655642E0));
#7453=CARTESIAN_POINT('',(8.736479828695E0,1.241160456035E1,5.421532249980E0));
#7454=CARTESIAN_POINT('',(8.955073590574E0,1.255941329919E1,5.557183353503E0));
#7455=CARTESIAN_POINT('',(9.173667352454E0,1.270722203803E1,5.692834457027E0));
#7456=CARTESIAN_POINT('',(9.392261114333E0,1.285503077687E1,5.828485560550E0));
#7457=CARTESIAN_POINT('',(9.531742537544E0,1.243882471237E1,3.855511499695E0));
#7458=CARTESIAN_POINT('',(9.770234412923E0,1.258663345121E1,3.951979502737E0));
#7459=CARTESIAN_POINT('',(1.000872628830E1,1.273444219004E1,4.048447505778E0));
#7460=CARTESIAN_POINT('',(1.024721816368E1,1.288225092888E1,4.144915508820E0));
#7461=CARTESIAN_POINT('',(9.876493906336E0,1.245697148037E1,2.736500785400E0));
#7462=CARTESIAN_POINT('',(1.012361173863E1,1.260478021921E1,2.804970239092E0));
#7463=CARTESIAN_POINT('',(1.037072957093E1,1.275258895805E1,2.873439692785E0));
#7464=CARTESIAN_POINT('',(1.061784740323E1,1.290039769689E1,2.941909146477E0));
#7465=CARTESIAN_POINT('',(1.E1,1.246604486438E1,2.166403383057E0));
#7466=CARTESIAN_POINT('',(1.025020805423E1,1.261385360322E1,2.220608540573E0));
#7467=CARTESIAN_POINT('',(1.050041610847E1,1.276166234205E1,2.274813698089E0));
#7468=CARTESIAN_POINT('',(1.075062416270E1,1.290947108089E1,2.329018855605E0));
#7469=B_SPLINE_SURFACE_WITH_KNOTS('',3,3,((#7329,#7330,#7331,#7332),(#7333,
#7334,#7335,#7336),(#7337,#7338,#7339,#7340),(#7341,#7342,#7343,#7344),(#7345,
#7346,#7347,#7348),(#7349,#7350,#7351,#7352),(#7353,#7354,#7355,#7356),(#7357,
#7358,#7359,#7360),(#7361,#7362,#7363,#7364),(#7365,#7366,#7367,#7368),(#7369,
#7370,#7371,#7372),(#7373,#7374,#7375,#7376),(#7377,#7378,#7379,#7380),(#7381,
#7382,#7383,#7384),(#7385,#7386,#7387,#7388),(#7389,#7390,#7391,#7392),(#7393,
#7394,#7395,#7396),(#7397,#7398,#7399,#7400),(#7401,#7402,#7403,#7404),(#7405,
#7406,#7407,#7408),(#7409,#7410,#7411,#7412),(#7413,#7414,#7415,#7416),(#7417,
#7418,#7419,#7420),(#7421,#7422,#7423,#7424),(#7425,#7426,#7427,#7428),(#7429,
#7430,#7431,#7432),(#7433,#7434,#7435,#7436),(#7437,#7438,#7439,#7440),(#7441,
#7442,#7443,#7444),(#7445,#7446,#7447,#7448),(#7449,#7450,#7451,#7452),(#7453,
#7454,#7455,#7456),(#7457,#7458,#7459,#7460),(#7461,#7462,#7463,#7464),(#7465,
#7466,#7467,#7468)),.UNSPECIFIED.,.F.,.F.,.F.,(4,1,1,1,1,1,1,1,1,1,1,1,1,1,1,1,
1,1,1,1,1,1,1,1,1,1,1,1,1,1,1,1,4),(4,4),(0.E0,3.125E-2,6.250000000001E-2,
9.375000000001E-2,1.25E-1,1.5625E-1,1.875E-1,2.1875E-1,2.5E-1,2.8125E-1,
3.125E-1,3.4375E-1,3.75E-1,4.062500000001E-1,4.374999999999E-1,4.6875E-1,
4.999999999998E-1,5.3125E-1,5.625000000001E-1,5.937499999999E-1,6.25E-1,
6.562499999998E-1,6.875E-1,7.187500000001E-1,7.499999999999E-1,
7.812500000001E-1,8.124999999998E-1,8.4375E-1,8.750000000001E-1,
9.062499999999E-1,9.375000000001E-1,9.687499999998E-1,1.E0),(0.E0,
1.000014722300E0),.UNSPECIFIED.);
#7470=ORIENTED_EDGE('',*,*,#4173,.T.);
#7472=ORIENTED_EDGE('',*,*,#7471,.T.);
#7473=ORIENTED_EDGE('',*,*,#7304,.F.);
#7474=ORIENTED_EDGE('',*,*,#7317,.F.);
#7475=ORIENTED_EDGE('',*,*,#7315,.F.);
#7476=EDGE_LOOP('',(#7470,#7472,#7473,#7474,#7475));
#7477=FACE_OUTER_BOUND('',#7476,.F.);
#7478=ADVANCED_FACE('',(#7477),#7469,.T.);
#7479=CARTESIAN_POINT('',(9.097895672696E0,1.115157379558E1,-6.182923514486E0));
#7480=CARTESIAN_POINT('',(8.886152923464E0,1.129938253039E1,-6.039023290703E0));
#7481=CARTESIAN_POINT('',(8.674410174232E0,1.144719126519E1,-5.895123066921E0));
#7482=CARTESIAN_POINT('',(8.462667425E0,1.1595E1,-5.751222843139E0));
#7483=CARTESIAN_POINT('',(8.745408204714E0,1.116064717958E1,-6.701593073008E0));
#7484=CARTESIAN_POINT('',(8.541869183929E0,1.130845591439E1,-6.545621429393E0));
#7485=CARTESIAN_POINT('',(8.338330163144E0,1.145626464919E1,-6.389649785777E0));
#7486=CARTESIAN_POINT('',(8.134791142359E0,1.160407338400E1,-6.233678142162E0));
#7487=CARTESIAN_POINT('',(7.951514873056E0,1.117879394759E1,-7.678490726300E0));
#7488=CARTESIAN_POINT('',(7.766452779540E0,1.132660268240E1,-7.499782946519E0));
#7489=CARTESIAN_POINT('',(7.581390686023E0,1.147441141720E1,-7.321075166739E0));
#7490=CARTESIAN_POINT('',(7.396328592507E0,1.162222015201E1,-7.142367386959E0));
#7491=CARTESIAN_POINT('',(6.528646237228E0,1.120601409960E1,-8.919786697612E0));
#7492=CARTESIAN_POINT('',(6.376699726434E0,1.135382283441E1,-8.712189223881E0));
#7493=CARTESIAN_POINT('',(6.224753215640E0,1.150163156921E1,-8.504591750150E0));
#7494=CARTESIAN_POINT('',(6.072806704846E0,1.164944030402E1,-8.296994276419E0));
#7495=CARTESIAN_POINT('',(4.915274015403E0,1.123323425161E1,-9.900802682910E0));
#7496=CARTESIAN_POINT('',(4.800876832725E0,1.138104298642E1,-9.670373223713E0));
#7497=CARTESIAN_POINT('',(4.686479650048E0,1.152885172123E1,-9.439943764517E0));
#7498=CARTESIAN_POINT('',(4.572082467370E0,1.167666045604E1,-9.209514305321E0));
#7499=CARTESIAN_POINT('',(3.158474619626E0,1.126045440362E1,-1.059291516895E1));
#7500=CARTESIAN_POINT('',(3.084964862711E0,1.140826313843E1,-1.034637761115E1));
#7501=CARTESIAN_POINT('',(3.011455105796E0,1.155607187324E1,-1.009984005335E1));
#7502=CARTESIAN_POINT('',(2.937945348881E0,1.170388060805E1,-9.853302495549E0));
#7503=CARTESIAN_POINT('',(1.309511634848E0,1.128767455563E1,-1.097592785684E1));
#7504=CARTESIAN_POINT('',(1.279034302101E0,1.143548329044E1,-1.072047613224E1));
#7505=CARTESIAN_POINT('',(1.248556969355E0,1.158329202525E1,-1.046502440764E1));
#7506=CARTESIAN_POINT('',(1.218079636608E0,1.173110076006E1,-1.020957268305E1));
#7507=CARTESIAN_POINT('',(-5.776625907090E-1,1.131489470765E1,
-1.103866472730E1));
#7508=CARTESIAN_POINT('',(-5.642181779034E-1,1.146270344246E1,
-1.078175287634E1));
#7509=CARTESIAN_POINT('',(-5.507737650979E-1,1.161051217726E1,
-1.052484102537E1));
#7510=CARTESIAN_POINT('',(-5.373293522923E-1,1.175832091207E1,
-1.026792917440E1));
#7511=CARTESIAN_POINT('',(-2.447980585058E0,1.134211485966E1,
-1.077929514742E1));
#7512=CARTESIAN_POINT('',(-2.391006735523E0,1.148992359447E1,
-1.052841981631E1));
#7513=CARTESIAN_POINT('',(-2.334032885987E0,1.163773232927E1,
-1.027754448520E1));
#7514=CARTESIAN_POINT('',(-2.277059036452E0,1.178554106408E1,
-1.002666915409E1));
#7515=CARTESIAN_POINT('',(-4.246866794747E0,1.136933501167E1,
-1.020538755261E1));
#7516=CARTESIAN_POINT('',(-4.148025998688E0,1.151714374648E1,
-9.967869241221E0));
#7517=CARTESIAN_POINT('',(-4.049185202630E0,1.166495248128E1,
-9.730350929833E0));
#7518=CARTESIAN_POINT('',(-3.950344406572E0,1.181276121609E1,
-9.492832618444E0));
#7519=CARTESIAN_POINT('',(-5.921830040441E0,1.139655516368E1,
-9.333688524845E0));
#7520=CARTESIAN_POINT('',(-5.784006458114E0,1.154436389849E1,
-9.116457976174E0));
#7521=CARTESIAN_POINT('',(-5.646182875787E0,1.169217263330E1,
-8.899227427503E0));
#7522=CARTESIAN_POINT('',(-5.508359293460E0,1.183998136811E1,
-8.681996878833E0));
#7523=CARTESIAN_POINT('',(-7.423995212048E0,1.142377531569E1,
-8.189634145670E0));
#7524=CARTESIAN_POINT('',(-7.251210514021E0,1.157158405050E1,
-7.999030108034E0));
#7525=CARTESIAN_POINT('',(-7.078425815994E0,1.171939278531E1,
-7.808426070398E0));
#7526=CARTESIAN_POINT('',(-6.905641117968E0,1.186720152012E1,
-7.617822032762E0));
#7527=CARTESIAN_POINT('',(-8.709529430131E0,1.145099546770E1,
-6.806607767175E0));
#7528=CARTESIAN_POINT('',(-8.506825445341E0,1.159880420251E1,
-6.648192030897E0));
#7529=CARTESIAN_POINT('',(-8.304121460552E0,1.174661293732E1,
-6.489776294619E0));
#7530=CARTESIAN_POINT('',(-8.101417475763E0,1.189442167213E1,
-6.331360558342E0));
#7531=CARTESIAN_POINT('',(-9.740921079716E0,1.147821561972E1,
-5.224965890150E0));
#7532=CARTESIAN_POINT('',(-9.514212675523E0,1.162602435453E1,
-5.103360995785E0));
#7533=CARTESIAN_POINT('',(-9.287504271329E0,1.177383308933E1,
-4.981756101419E0));
#7534=CARTESIAN_POINT('',(-9.060795867136E0,1.192164182414E1,
-4.860151207054E0));
#7535=CARTESIAN_POINT('',(-1.048807438899E1,1.150543577173E1,
-3.490860565973E0));
#7536=CARTESIAN_POINT('',(-1.024397687621E1,1.165324450654E1,
-3.409614919725E0));
#7537=CARTESIAN_POINT('',(-9.999879363421E0,1.180105324134E1,
-3.328369273477E0));
#7538=CARTESIAN_POINT('',(-9.755781850637E0,1.194886197615E1,
-3.247123627229E0));
#7539=CARTESIAN_POINT('',(-1.092918761497E1,1.153265592374E1,
-1.654892686614E0));
#7540=CARTESIAN_POINT('',(-1.067482371416E1,1.168046465855E1,
-1.616377018843E0));
#7541=CARTESIAN_POINT('',(-1.042045981335E1,1.182827339335E1,
-1.577861351071E0));
#7542=CARTESIAN_POINT('',(-1.016609591254E1,1.197608212816E1,
-1.539345683300E0));
#7543=CARTESIAN_POINT('',(-1.105138921058E1,1.155987607575E1,
2.293645410081E-1));
#7544=CARTESIAN_POINT('',(-1.079418121233E1,1.170768481056E1,
2.240263528999E-1));
#7545=CARTESIAN_POINT('',(-1.053697321407E1,1.185549354537E1,
2.186881647916E-1));
#7546=CARTESIAN_POINT('',(-1.027976521582E1,1.200330228018E1,
2.133499766834E-1));
#7547=CARTESIAN_POINT('',(-1.085111341025E1,1.158709622776E1,2.106928851395E0));
#7548=CARTESIAN_POINT('',(-1.059856659412E1,1.173490496257E1,2.057892577132E0));
#7549=CARTESIAN_POINT('',(-1.034601977798E1,1.188271369738E1,2.008856302868E0));
#7550=CARTESIAN_POINT('',(-1.009347296184E1,1.203052243219E1,1.959820028604E0));
#7551=CARTESIAN_POINT('',(-1.033420427463E1,1.161431637978E1,3.923013292090E0));
#7552=CARTESIAN_POINT('',(-1.009368790656E1,1.176212511459E1,3.831709802841E0));
#7553=CARTESIAN_POINT('',(-9.853171538498E0,1.190993384939E1,3.740406313592E0));
#7554=CARTESIAN_POINT('',(-9.612655170433E0,1.205774258420E1,3.649102824343E0));
#7555=CARTESIAN_POINT('',(-9.515745158485E0,1.164153653179E1,5.624624895307E0));
#7556=CARTESIAN_POINT('',(-9.294277457235E0,1.178934526660E1,5.493718410821E0));
#7557=CARTESIAN_POINT('',(-9.072809755984E0,1.193715400140E1,5.362811926335E0));
#7558=CARTESIAN_POINT('',(-8.851342054734E0,1.208496273621E1,5.231905441849E0));
#7559=CARTESIAN_POINT('',(-8.419618578288E0,1.166875668380E1,7.162111000719E0));
#7560=CARTESIAN_POINT('',(-8.223661925300E0,1.181656541861E1,6.995421347621E0));
#7561=CARTESIAN_POINT('',(-8.027705272313E0,1.196437415341E1,6.828731694524E0));
#7562=CARTESIAN_POINT('',(-7.831748619325E0,1.211218288822E1,6.662042041426E0));
#7563=CARTESIAN_POINT('',(-7.077809322339E0,1.169597683581E1,8.490608108101E0));
#7564=CARTESIAN_POINT('',(-6.913081690987E0,1.184378557062E1,8.292999257864E0));
#7565=CARTESIAN_POINT('',(-6.748354059634E0,1.199159430543E1,8.095390407626E0));
#7566=CARTESIAN_POINT('',(-6.583626428282E0,1.213940304024E1,7.897781557389E0));
#7567=CARTESIAN_POINT('',(-5.529471138807E0,1.172319698782E1,9.571350982699E0));
#7568=CARTESIAN_POINT('',(-5.400779245334E0,1.187100572263E1,9.348589121730E0));
#7569=CARTESIAN_POINT('',(-5.272087351862E0,1.201881445744E1,9.125827260762E0));
#7570=CARTESIAN_POINT('',(-5.143395458390E0,1.216662319225E1,8.903065399794E0));
#7571=CARTESIAN_POINT('',(-3.819784235601E0,1.175041713983E1,1.037280381405E1));
#7572=CARTESIAN_POINT('',(-3.730883280411E0,1.189822587464E1,1.013138908741E1));
#7573=CARTESIAN_POINT('',(-3.641982325222E0,1.204603460945E1,9.889974360770E0));
#7574=CARTESIAN_POINT('',(-3.553081370032E0,1.219384334426E1,9.648559634130E0));
#7575=CARTESIAN_POINT('',(-1.998636930025E0,1.177763729185E1,1.087158042129E1));
#7576=CARTESIAN_POINT('',(-1.952121022006E0,1.192544602666E1,1.061855725971E1));
#7577=CARTESIAN_POINT('',(-1.905605113987E0,1.207325476146E1,1.036553409812E1));
#7578=CARTESIAN_POINT('',(-1.859089205968E0,1.222106349627E1,1.011251093653E1));
#7579=CARTESIAN_POINT('',(-1.191699175987E-1,1.180485744386E1,
1.105312665428E1));
#7580=CARTESIAN_POINT('',(-1.163963788723E-1,1.195266617867E1,
1.079587821908E1));
#7581=CARTESIAN_POINT('',(-1.136228401458E-1,1.210047491347E1,
1.053862978389E1));
#7582=CARTESIAN_POINT('',(-1.108493014194E-1,1.224828364828E1,
1.028138134869E1));
#7583=CARTESIAN_POINT('',(1.763774362587E0,1.183207759587E1,1.091214507590E1));
#7584=CARTESIAN_POINT('',(1.722724602731E0,1.197988633068E1,1.065817782001E1));
#7585=CARTESIAN_POINT('',(1.681674842875E0,1.212769506548E1,1.040421056412E1));
#7586=CARTESIAN_POINT('',(1.640625083019E0,1.227550380029E1,1.015024330823E1));
#7587=CARTESIAN_POINT('',(3.595252016657E0,1.185929774788E1,1.045274954325E1));
#7588=CARTESIAN_POINT('',(3.511576783001E0,1.200710648269E1,1.020947417442E1));
#7589=CARTESIAN_POINT('',(3.427901549345E0,1.215491521750E1,9.966198805594E0));
#7590=CARTESIAN_POINT('',(3.344226315689E0,1.230272395231E1,9.722923436768E0));
#7591=CARTESIAN_POINT('',(5.321820950801E0,1.188651789989E1,9.688345140526E0));
#7592=CARTESIAN_POINT('',(5.197961869582E0,1.203432663470E1,9.462860379064E0));
#7593=CARTESIAN_POINT('',(5.074102788363E0,1.218213536951E1,9.237375617602E0));
#7594=CARTESIAN_POINT('',(4.950243707144E0,1.232994410432E1,9.011890856140E0));
#7595=CARTESIAN_POINT('',(6.893100279958E0,1.191373805191E1,8.641237104280E0));
#7596=CARTESIAN_POINT('',(6.732671532859E0,1.206154678672E1,8.440122542512E0));
#7597=CARTESIAN_POINT('',(6.572242785759E0,1.220935552152E1,8.239007980744E0));
#7598=CARTESIAN_POINT('',(6.411814038660E0,1.235716425633E1,8.037893418976E0));
#7599=CARTESIAN_POINT('',(8.263240497881E0,1.194095820392E1,7.341979641669E0));
#7600=CARTESIAN_POINT('',(8.070923359552E0,1.208876693873E1,7.171103758930E0));
#7601=CARTESIAN_POINT('',(7.878606221222E0,1.223657567353E1,7.000227876191E0));
#7602=CARTESIAN_POINT('',(7.686289082893E0,1.238438440834E1,6.829351993453E0));
#7603=CARTESIAN_POINT('',(9.392261096458E0,1.196817835593E1,5.828485549458E0));
#7604=CARTESIAN_POINT('',(9.173667340537E0,1.211598709074E1,5.692834449632E0));
#7605=CARTESIAN_POINT('',(8.955073584616E0,1.226379582554E1,5.557183349806E0));
#7606=CARTESIAN_POINT('',(8.736479828695E0,1.241160456035E1,5.421532249980E0));
#7607=CARTESIAN_POINT('',(1.024721814418E1,1.199539850794E1,4.144915500931E0));
#7608=CARTESIAN_POINT('',(1.000872627530E1,1.214320724275E1,4.048447500519E0));
#7609=CARTESIAN_POINT('',(9.770234406422E0,1.229101597756E1,3.951979500107E0));
#7610=CARTESIAN_POINT('',(9.531742537544E0,1.243882471237E1,3.855511499695E0));
#7611=CARTESIAN_POINT('',(1.061784738302E1,1.201354527595E1,2.941909140878E0));
#7612=CARTESIAN_POINT('',(1.037072955746E1,1.216135401076E1,2.873439689052E0));
#7613=CARTESIAN_POINT('',(1.012361173190E1,1.230916274556E1,2.804970237226E0));
#7614=CARTESIAN_POINT('',(9.876493906336E0,1.245697148037E1,2.736500785400E0));
#7615=CARTESIAN_POINT('',(1.075062414224E1,1.202261865995E1,2.329018851173E0));
#7616=CARTESIAN_POINT('',(1.050041609483E1,1.217042739476E1,2.274813695134E0));
#7617=CARTESIAN_POINT('',(1.025020804741E1,1.231823612957E1,2.220608539096E0));
#7618=CARTESIAN_POINT('',(1.E1,1.246604486438E1,2.166403383057E0));
#7619=B_SPLINE_SURFACE_WITH_KNOTS('',3,3,((#7479,#7480,#7481,#7482),(#7483,
#7484,#7485,#7486),(#7487,#7488,#7489,#7490),(#7491,#7492,#7493,#7494),(#7495,
#7496,#7497,#7498),(#7499,#7500,#7501,#7502),(#7503,#7504,#7505,#7506),(#7507,
#7508,#7509,#7510),(#7511,#7512,#7513,#7514),(#7515,#7516,#7517,#7518),(#7519,
#7520,#7521,#7522),(#7523,#7524,#7525,#7526),(#7527,#7528,#7529,#7530),(#7531,
#7532,#7533,#7534),(#7535,#7536,#7537,#7538),(#7539,#7540,#7541,#7542),(#7543,
#7544,#7545,#7546),(#7547,#7548,#7549,#7550),(#7551,#7552,#7553,#7554),(#7555,
#7556,#7557,#7558),(#7559,#7560,#7561,#7562),(#7563,#7564,#7565,#7566),(#7567,
#7568,#7569,#7570),(#7571,#7572,#7573,#7574),(#7575,#7576,#7577,#7578),(#7579,
#7580,#7581,#7582),(#7583,#7584,#7585,#7586),(#7587,#7588,#7589,#7590),(#7591,
#7592,#7593,#7594),(#7595,#7596,#7597,#7598),(#7599,#7600,#7601,#7602),(#7603,
#7604,#7605,#7606),(#7607,#7608,#7609,#7610),(#7611,#7612,#7613,#7614),(#7615,
#7616,#7617,#7618)),.UNSPECIFIED.,.F.,.F.,.F.,(4,1,1,1,1,1,1,1,1,1,1,1,1,1,1,1,
1,1,1,1,1,1,1,1,1,1,1,1,1,1,1,1,4),(4,4),(0.E0,3.125E-2,6.250000000001E-2,
9.375000000001E-2,1.25E-1,1.5625E-1,1.875E-1,2.1875E-1,2.5E-1,2.8125E-1,
3.125E-1,3.4375E-1,3.75E-1,4.062500000001E-1,4.374999999999E-1,4.6875E-1,
4.999999999998E-1,5.3125E-1,5.625000000001E-1,5.937499999999E-1,
6.250000000001E-1,6.562499999998E-1,6.875E-1,7.187500000001E-1,
7.499999999999E-1,7.812500000001E-1,8.124999999998E-1,8.4375E-1,
8.750000000001E-1,9.062499999999E-1,9.375000000001E-1,9.687499999998E-1,1.E0),(
-1.469504105367E-5,1.E0),.UNSPECIFIED.);
#7620=ORIENTED_EDGE('',*,*,#4171,.T.);
#7621=ORIENTED_EDGE('',*,*,#7244,.F.);
#7622=ORIENTED_EDGE('',*,*,#7242,.F.);
#7623=ORIENTED_EDGE('',*,*,#7274,.F.);
#7624=ORIENTED_EDGE('',*,*,#7471,.F.);
#7625=EDGE_LOOP('',(#7620,#7621,#7622,#7623,#7624));
#7626=FACE_OUTER_BOUND('',#7625,.F.);
#7627=ADVANCED_FACE('',(#7626),#7619,.T.);
#7628=CARTESIAN_POINT('',(1.075062626973E1,1.209052676443E1,-2.329019295270E0));
#7629=CARTESIAN_POINT('',(1.050041751315E1,1.223833591817E1,-2.274813985989E0));
#7630=CARTESIAN_POINT('',(1.025020875658E1,1.238614507192E1,-2.220608676708E0));
#7631=CARTESIAN_POINT('',(1.E1,1.253395422566E1,-2.166403367427E0));
#7632=CARTESIAN_POINT('',(1.060854395691E1,1.210023604823E1,-2.984863513538E0));
#7633=CARTESIAN_POINT('',(1.036164200665E1,1.224804520197E1,-2.915394166401E0));
#7634=CARTESIAN_POINT('',(1.011474005638E1,1.239585435572E1,-2.845924819264E0));
#7635=CARTESIAN_POINT('',(9.867838106118E0,1.254366350946E1,-2.776455472127E0));
#7636=CARTESIAN_POINT('',(1.020401726949E1,1.211965461583E1,-4.270461764333E0));
#7637=CARTESIAN_POINT('',(9.966530223711E0,1.226746376957E1,-4.171071561264E0));
#7638=CARTESIAN_POINT('',(9.729043177930E0,1.241527292331E1,-4.071681358196E0));
#7639=CARTESIAN_POINT('',(9.491556132149E0,1.256308207705E1,-3.972291155127E0));
#7640=CARTESIAN_POINT('',(9.256397033196E0,1.214878246722E1,-6.056231331397E0));
#7641=CARTESIAN_POINT('',(9.040964784511E0,1.229659162096E1,-5.915279346559E0));
#7642=CARTESIAN_POINT('',(8.825532535827E0,1.244440077471E1,-5.774327361721E0));
#7643=CARTESIAN_POINT('',(8.610100287142E0,1.259220992845E1,-5.633375376883E0));
#7644=CARTESIAN_POINT('',(7.999601520910E0,1.217791031861E1,-7.639711618422E0));
#7645=CARTESIAN_POINT('',(7.813419776755E0,1.232571947235E1,-7.461905907695E0));
#7646=CARTESIAN_POINT('',(7.627238032600E0,1.247352862610E1,-7.284100196967E0));
#7647=CARTESIAN_POINT('',(7.441056288445E0,1.262133777984E1,-7.106294486240E0));
#7648=CARTESIAN_POINT('',(6.475608561534E0,1.220703817E1,-8.968016164010E0));
#7649=CARTESIAN_POINT('',(6.324896042504E0,1.235484732374E1,-8.759295656287E0));
#7650=CARTESIAN_POINT('',(6.174183523474E0,1.250265647749E1,-8.550575148564E0));
#7651=CARTESIAN_POINT('',(6.023471004444E0,1.265046563123E1,-8.341854640841E0));
#7652=CARTESIAN_POINT('',(4.735321785660E0,1.223616602140E1,-9.996776825740E0));
#7653=CARTESIAN_POINT('',(4.625112487499E0,1.238397517514E1,-9.764113068617E0));
#7654=CARTESIAN_POINT('',(4.514903189338E0,1.253178432888E1,-9.531449311493E0));
#7655=CARTESIAN_POINT('',(4.404693891177E0,1.267959348262E1,-9.298785554370E0));
#7656=CARTESIAN_POINT('',(2.836869030924E0,1.226529387279E1,-1.069163193995E1));
#7657=CARTESIAN_POINT('',(2.770844089214E0,1.241310302653E1,-1.044279621017E1));
#7658=CARTESIAN_POINT('',(2.704819147505E0,1.256091218028E1,-1.019396048038E1));
#7659=CARTESIAN_POINT('',(2.638794205796E0,1.270872133402E1,-9.945124750597E0));
#7660=CARTESIAN_POINT('',(8.436611549966E-1,1.229442172418E1,
-1.102937238107E1));
#7661=CARTESIAN_POINT('',(8.240258888022E-1,1.244223087792E1,
-1.077267612170E1));
#7662=CARTESIAN_POINT('',(8.043906226079E-1,1.259004003167E1,
-1.051597986234E1));
#7663=CARTESIAN_POINT('',(7.847553564135E-1,1.273784918541E1,
-1.025928360297E1));
#7664=CARTESIAN_POINT('',(-1.177726067540E0,1.232354957558E1,
-1.099871722033E1));
#7665=CARTESIAN_POINT('',(-1.150315815565E0,1.247135872932E1,
-1.074273442542E1));
#7666=CARTESIAN_POINT('',(-1.122905563589E0,1.261916788306E1,
-1.048675163050E1));
#7667=CARTESIAN_POINT('',(-1.095495311613E0,1.276697703680E1,
-1.023076883558E1));
#7668=CARTESIAN_POINT('',(-3.159775637742E0,1.235267742697E1,
-1.060069040201E1));
#7669=CARTESIAN_POINT('',(-3.086235407290E0,1.250048658071E1,
-1.035397123442E1));
#7670=CARTESIAN_POINT('',(-3.012695176838E0,1.264829573446E1,
-1.010725206683E1));
#7671=CARTESIAN_POINT('',(-2.939154946386E0,1.279610488820E1,
-9.860532899241E0));
#7672=CARTESIAN_POINT('',(-5.036284495265E0,1.238180527836E1,
-9.848586572229E0));
#7673=CARTESIAN_POINT('',(-4.919070627931E0,1.252961443210E1,
-9.619371776881E0));
#7674=CARTESIAN_POINT('',(-4.801856760598E0,1.267742358585E1,
-9.390156981533E0));
#7675=CARTESIAN_POINT('',(-4.684642893265E0,1.282523273959E1,
-9.160942186185E0));
#7676=CARTESIAN_POINT('',(-6.744574784805E0,1.241093312976E1,
-8.767527009931E0));
#7677=CARTESIAN_POINT('',(-6.587602378899E0,1.255874228350E1,
-8.563472662178E0));
#7678=CARTESIAN_POINT('',(-6.430629972994E0,1.270655143724E1,
-8.359418314424E0));
#7679=CARTESIAN_POINT('',(-6.273657567089E0,1.285436059098E1,
-8.155363966671E0));
#7680=CARTESIAN_POINT('',(-8.227587378058E0,1.244006098115E1,
-7.393620543971E0));
#7681=CARTESIAN_POINT('',(-8.036099519040E0,1.258787013489E1,
-7.221542326712E0));
#7682=CARTESIAN_POINT('',(-7.844611660022E0,1.273567928864E1,
-7.049464109454E0));
#7683=CARTESIAN_POINT('',(-7.653123801004E0,1.288348844238E1,
-6.877385892195E0));
#7684=CARTESIAN_POINT('',(-9.435787721910E0,1.246918883254E1,
-5.772757469077E0));
#7685=CARTESIAN_POINT('',(-9.216180356350E0,1.261699798628E1,
-5.638403020125E0));
#7686=CARTESIAN_POINT('',(-8.996572990789E0,1.276480714003E1,
-5.504048571174E0));
#7687=CARTESIAN_POINT('',(-8.776965625228E0,1.291261629377E1,
-5.369694122222E0));
#7688=CARTESIAN_POINT('',(-1.032882035595E1,1.249831668394E1,
-3.959076749239E0));
#7689=CARTESIAN_POINT('',(-1.008842865844E1,1.264612583768E1,
-3.866933682801E0));
#7690=CARTESIAN_POINT('',(-9.848036960943E0,1.279393499142E1,
-3.774790616364E0));
#7691=CARTESIAN_POINT('',(-9.607645263442E0,1.294174414516E1,
-3.682647549926E0));
#7692=CARTESIAN_POINT('',(-1.087685683609E1,1.252744453533E1,
-2.013157704940E0));
#7693=CARTESIAN_POINT('',(-1.062371020480E1,1.267525368907E1,
-1.966303719553E0));
#7694=CARTESIAN_POINT('',(-1.037056357351E1,1.282306284282E1,
-1.919449734166E0));
#7695=CARTESIAN_POINT('',(-1.011741694222E1,1.297087199656E1,
-1.872595748779E0));
#7696=CARTESIAN_POINT('',(-1.106159204218E1,1.255657238672E1,
3.415485054892E-6));
#7697=CARTESIAN_POINT('',(-1.080414590637E1,1.270438154046E1,
3.335993304820E-6));
#7698=CARTESIAN_POINT('',(-1.054669977057E1,1.285219069421E1,
3.256501554638E-6));
#7699=CARTESIAN_POINT('',(-1.028925363476E1,1.299999984795E1,
3.177009804567E-6));
#7700=CARTESIAN_POINT('',(-1.087685559155E1,1.258570023812E1,2.013164395302E0));
#7701=CARTESIAN_POINT('',(-1.062370898923E1,1.273350939186E1,1.966310254204E0));
#7702=CARTESIAN_POINT('',(-1.037056238690E1,1.288131854560E1,1.919456113106E0));
#7703=CARTESIAN_POINT('',(-1.011741578458E1,1.302912769934E1,1.872601972008E0));
#7704=CARTESIAN_POINT('',(-1.032881793659E1,1.261482808951E1,3.959083026786E0));
#7705=CARTESIAN_POINT('',(-1.008842629540E1,1.276263724325E1,3.866939814245E0));
#7706=CARTESIAN_POINT('',(-9.848034654206E0,1.291044639700E1,3.774796601705E0));
#7707=CARTESIAN_POINT('',(-9.607643013013E0,1.305825555074E1,3.682653389164E0));
#7708=CARTESIAN_POINT('',(-9.435784262679E0,1.264395594090E1,5.772763088063E0));
#7709=CARTESIAN_POINT('',(-9.216176977628E0,1.279176509464E1,5.638408508336E0));
#7710=CARTESIAN_POINT('',(-8.996569692577E0,1.293957424839E1,5.504053928608E0));
#7711=CARTESIAN_POINT('',(-8.776962407526E0,1.308738340213E1,5.369699348880E0));
#7712=CARTESIAN_POINT('',(-8.227583070324E0,1.267308379230E1,7.393625300926E0));
#7713=CARTESIAN_POINT('',(-8.036095311564E0,1.282089294604E1,7.221546972954E0));
#7714=CARTESIAN_POINT('',(-7.844607552804E0,1.296870209978E1,7.049468644983E0));
#7715=CARTESIAN_POINT('',(-7.653119794044E0,1.311651125352E1,6.877390317011E0));
#7716=CARTESIAN_POINT('',(-6.744569863885E0,1.270221164369E1,8.767530756821E0));
#7717=CARTESIAN_POINT('',(-6.587597572508E0,1.285002079743E1,8.563476321862E0));
#7718=CARTESIAN_POINT('',(-6.430625281132E0,1.299782995118E1,8.359421886904E0));
#7719=CARTESIAN_POINT('',(-6.273652989756E0,1.314563910492E1,8.155367451946E0));
#7720=CARTESIAN_POINT('',(-5.036279224920E0,1.273133949508E1,9.848589226134E0));
#7721=CARTESIAN_POINT('',(-4.919065480248E0,1.287914864882E1,9.619374369019E0));
#7722=CARTESIAN_POINT('',(-4.801851735577E0,1.302695780257E1,9.390159511905E0));
#7723=CARTESIAN_POINT('',(-4.684637990905E0,1.317476695631E1,9.160944654790E0));
#7724=CARTESIAN_POINT('',(-3.159770292619E0,1.276046734648E1,1.060069195066E1));
#7725=CARTESIAN_POINT('',(-3.086230186569E0,1.290827650022E1,1.035397274703E1));
#7726=CARTESIAN_POINT('',(-3.012690080518E0,1.305608565396E1,1.010725354340E1));
#7727=CARTESIAN_POINT('',(-2.939149974468E0,1.320389480770E1,9.860534339761E0));
#7728=CARTESIAN_POINT('',(-1.177720914600E0,1.278959519787E1,1.099871772308E1));
#7729=CARTESIAN_POINT('',(-1.150310782553E0,1.293740435161E1,1.074273491646E1));
#7730=CARTESIAN_POINT('',(-1.122900650507E0,1.308521350536E1,1.048675210984E1));
#7731=CARTESIAN_POINT('',(-1.095490518460E0,1.323302265910E1,1.023076930322E1));
#7732=CARTESIAN_POINT('',(8.436658749116E-1,1.281872304926E1,1.102937196515E1));
#7733=CARTESIAN_POINT('',(8.240304988662E-1,1.296653220300E1,1.077267571546E1));
#7734=CARTESIAN_POINT('',(8.043951228207E-1,1.311434135675E1,1.051597946577E1));
#7735=CARTESIAN_POINT('',(7.847597467753E-1,1.326215051049E1,1.025928321608E1));
#7736=CARTESIAN_POINT('',(2.836873120243E0,1.284785090065E1,1.069163079214E1));
#7737=CARTESIAN_POINT('',(2.770848083359E0,1.299566005439E1,1.044279508907E1));
#7738=CARTESIAN_POINT('',(2.704823046475E0,1.314346920814E1,1.019395938600E1));
#7739=CARTESIAN_POINT('',(2.638798009591E0,1.329127836188E1,9.945123682925E0));
#7740=CARTESIAN_POINT('',(4.735325104848E0,1.287697875205E1,9.996775179825E0));
#7741=CARTESIAN_POINT('',(4.625115729436E0,1.302478790579E1,9.764111461008E0));
#7742=CARTESIAN_POINT('',(4.514906354024E0,1.317259705953E1,9.531447742192E0));
#7743=CARTESIAN_POINT('',(4.404696978612E0,1.332040621327E1,9.298784023375E0));
#7744=CARTESIAN_POINT('',(6.475611040467E0,1.290610660344E1,8.968014284689E0));
#7745=CARTESIAN_POINT('',(6.324898463742E0,1.305391575718E1,8.759293820705E0));
#7746=CARTESIAN_POINT('',(6.174185887018E0,1.320172491093E1,8.550573356721E0));
#7747=CARTESIAN_POINT('',(6.023473310293E0,1.334953406467E1,8.341852892737E0));
#7748=CARTESIAN_POINT('',(7.999603166049E0,1.293523445483E1,7.639709782512E0));
#7749=CARTESIAN_POINT('',(7.813421383605E0,1.308304360857E1,7.461904114514E0));
#7750=CARTESIAN_POINT('',(7.627239601160E0,1.323085276232E1,7.284098446515E0));
#7751=CARTESIAN_POINT('',(7.441057818716E0,1.337866191606E1,7.106292778517E0));
#7752=CARTESIAN_POINT('',(9.256397929937E0,1.296436230623E1,6.056229807427E0));
#7753=CARTESIAN_POINT('',(9.040965660381E0,1.311217145997E1,5.915277858058E0));
#7754=CARTESIAN_POINT('',(8.825533390826E0,1.325998061371E1,5.774325908688E0));
#7755=CARTESIAN_POINT('',(8.610101121270E0,1.340778976745E1,5.633373959319E0));
#7756=CARTESIAN_POINT('',(1.020401757934E1,1.299349015762E1,4.270460791696E0));
#7757=CARTESIAN_POINT('',(9.966530526351E0,1.314129931136E1,4.171070611265E0));
#7758=CARTESIAN_POINT('',(9.729043473358E0,1.328910846511E1,4.071680430833E0));
#7759=CARTESIAN_POINT('',(9.491556420366E0,1.343691761885E1,3.972290250402E0));
#7760=CARTESIAN_POINT('',(1.060854402858E1,1.301290872522E1,2.984863035262E0));
#7761=CARTESIAN_POINT('',(1.036164207665E1,1.316071787896E1,2.915393699256E0));
#7762=CARTESIAN_POINT('',(1.011474012471E1,1.330852703270E1,2.845924363251E0));
#7763=CARTESIAN_POINT('',(9.867838172782E0,1.345633618644E1,2.776455027245E0));
#7764=CARTESIAN_POINT('',(1.075062626974E1,1.302261800901E1,2.329019084705E0));
#7765=CARTESIAN_POINT('',(1.050041751316E1,1.317042716275E1,2.274813780325E0));
#7766=CARTESIAN_POINT('',(1.025020875658E1,1.331823631650E1,2.220608475945E0));
#7767=CARTESIAN_POINT('',(1.E1,1.346604547024E1,2.166403171565E0));
#7768=B_SPLINE_SURFACE_WITH_KNOTS('',3,3,((#7628,#7629,#7630,#7631),(#7632,
#7633,#7634,#7635),(#7636,#7637,#7638,#7639),(#7640,#7641,#7642,#7643),(#7644,
#7645,#7646,#7647),(#7648,#7649,#7650,#7651),(#7652,#7653,#7654,#7655),(#7656,
#7657,#7658,#7659),(#7660,#7661,#7662,#7663),(#7664,#7665,#7666,#7667),(#7668,
#7669,#7670,#7671),(#7672,#7673,#7674,#7675),(#7676,#7677,#7678,#7679),(#7680,
#7681,#7682,#7683),(#7684,#7685,#7686,#7687),(#7688,#7689,#7690,#7691),(#7692,
#7693,#7694,#7695),(#7696,#7697,#7698,#7699),(#7700,#7701,#7702,#7703),(#7704,
#7705,#7706,#7707),(#7708,#7709,#7710,#7711),(#7712,#7713,#7714,#7715),(#7716,
#7717,#7718,#7719),(#7720,#7721,#7722,#7723),(#7724,#7725,#7726,#7727),(#7728,
#7729,#7730,#7731),(#7732,#7733,#7734,#7735),(#7736,#7737,#7738,#7739),(#7740,
#7741,#7742,#7743),(#7744,#7745,#7746,#7747),(#7748,#7749,#7750,#7751),(#7752,
#7753,#7754,#7755),(#7756,#7757,#7758,#7759),(#7760,#7761,#7762,#7763),(#7764,
#7765,#7766,#7767)),.UNSPECIFIED.,.F.,.F.,.F.,(4,1,1,1,1,1,1,1,1,1,1,1,1,1,1,1,
1,1,1,1,1,1,1,1,1,1,1,1,1,1,1,1,4),(4,4),(0.E0,3.124999999995E-2,
6.250000000027E-2,9.375000000023E-2,1.250000000002E-1,1.562500000001E-1,
1.875000000001E-1,2.1875E-1,2.5E-1,2.8125E-1,3.124999999999E-1,
3.437500000002E-1,3.750000000002E-1,4.062500000001E-1,4.375000000001E-1,
4.6875E-1,5.E-1,5.3125E-1,5.624999999999E-1,5.937499999999E-1,6.249999999998E-1,
6.562500000001E-1,6.875000000001E-1,7.1875E-1,7.5E-1,7.8125E-1,
8.124999999999E-1,8.437499999999E-1,8.749999999998E-1,9.062499999998E-1,
9.374999999997E-1,9.6875E-1,1.E0),(-1.746579438779E-5,1.E0),.UNSPECIFIED.);
#7769=ORIENTED_EDGE('',*,*,#4207,.T.);
#7771=ORIENTED_EDGE('',*,*,#7770,.F.);
#7772=ORIENTED_EDGE('',*,*,#4177,.T.);
#7773=ORIENTED_EDGE('',*,*,#7323,.F.);
#7774=ORIENTED_EDGE('',*,*,#7321,.F.);
#7775=EDGE_LOOP('',(#7769,#7771,#7772,#7773,#7774));
#7776=FACE_OUTER_BOUND('',#7775,.F.);
#7777=ADVANCED_FACE('',(#7776),#7768,.T.);
#7778=CARTESIAN_POINT('',(1.E1,1.253395422566E1,-2.166403367427E0));
#7779=CARTESIAN_POINT('',(1.025020875024E1,1.268176337566E1,-2.220608675335E0));
#7780=CARTESIAN_POINT('',(1.050041750047E1,1.282957252566E1,-2.274813983243E0));
#7781=CARTESIAN_POINT('',(1.075062625071E1,1.297738167566E1,-2.329019291151E0));
#7782=CARTESIAN_POINT('',(9.867838106118E0,1.254366350946E1,-2.776455472127E0));
#7783=CARTESIAN_POINT('',(1.011474005013E1,1.269147265946E1,-2.845924817505E0));
#7784=CARTESIAN_POINT('',(1.036164199414E1,1.283928180945E1,-2.915394162882E0));
#7785=CARTESIAN_POINT('',(1.060854393815E1,1.298709095945E1,-2.984863508260E0));
#7786=CARTESIAN_POINT('',(9.491556132149E0,1.256308207705E1,-3.972291155127E0));
#7787=CARTESIAN_POINT('',(9.729043171915E0,1.271089122705E1,-4.071681355678E0));
#7788=CARTESIAN_POINT('',(9.966530211681E0,1.285870037705E1,-4.171071556229E0));
#7789=CARTESIAN_POINT('',(1.020401725145E1,1.300650952705E1,-4.270461756780E0));
#7790=CARTESIAN_POINT('',(8.610100287142E0,1.259220992845E1,-5.633375376883E0));
#7791=CARTESIAN_POINT('',(8.825532530370E0,1.274001907845E1,-5.774327358151E0));
#7792=CARTESIAN_POINT('',(9.040964773598E0,1.288782822844E1,-5.915279339419E0));
#7793=CARTESIAN_POINT('',(9.256397016826E0,1.303563737844E1,-6.056231320688E0));
#7794=CARTESIAN_POINT('',(7.441056288445E0,1.262133777984E1,-7.106294486240E0));
#7795=CARTESIAN_POINT('',(7.627238027884E0,1.276914692984E1,-7.284100192464E0));
#7796=CARTESIAN_POINT('',(7.813419767323E0,1.291695607984E1,-7.461905898687E0));
#7797=CARTESIAN_POINT('',(7.999601506762E0,1.306476522984E1,-7.639711604911E0));
#7798=CARTESIAN_POINT('',(6.023471004444E0,1.265046563123E1,-8.341854640841E0));
#7799=CARTESIAN_POINT('',(6.174183519656E0,1.279827478123E1,-8.550575143277E0));
#7800=CARTESIAN_POINT('',(6.324896034869E0,1.294608393123E1,-8.759295645714E0));
#7801=CARTESIAN_POINT('',(6.475608550081E0,1.309389308123E1,-8.968016148150E0));
#7802=CARTESIAN_POINT('',(4.404693891177E0,1.267959348262E1,-9.298785554370E0));
#7803=CARTESIAN_POINT('',(4.514903186546E0,1.282740263262E1,-9.531449305600E0));
#7804=CARTESIAN_POINT('',(4.625112481916E0,1.297521178262E1,-9.764113056830E0));
#7805=CARTESIAN_POINT('',(4.735321777285E0,1.312302093262E1,-9.996776808061E0));
#7806=CARTESIAN_POINT('',(2.638794205796E0,1.270872133402E1,-9.945124750597E0));
#7807=CARTESIAN_POINT('',(2.704819145833E0,1.285653048402E1,-1.019396047408E1));
#7808=CARTESIAN_POINT('',(2.770844085870E0,1.300433963401E1,-1.044279619756E1));
#7809=CARTESIAN_POINT('',(2.836869025907E0,1.315214878401E1,-1.069163192104E1));
#7810=CARTESIAN_POINT('',(7.847553564136E-1,1.273784918541E1,
-1.025928360297E1));
#7811=CARTESIAN_POINT('',(8.043906221106E-1,1.288565833541E1,
-1.051597985583E1));
#7812=CARTESIAN_POINT('',(8.240258878076E-1,1.303346748541E1,
-1.077267610870E1));
#7813=CARTESIAN_POINT('',(8.436611535046E-1,1.318127663541E1,
-1.102937236156E1));
#7814=CARTESIAN_POINT('',(-1.095495311613E0,1.276697703680E1,
-1.023076883558E1));
#7815=CARTESIAN_POINT('',(-1.122905562895E0,1.291478618680E1,
-1.048675162401E1));
#7816=CARTESIAN_POINT('',(-1.150315814176E0,1.306259533680E1,
-1.074273441245E1));
#7817=CARTESIAN_POINT('',(-1.177726065458E0,1.321040448680E1,
-1.099871720088E1));
#7818=CARTESIAN_POINT('',(-2.939154946386E0,1.279610488820E1,
-9.860532899241E0));
#7819=CARTESIAN_POINT('',(-3.012695174975E0,1.294391403820E1,
-1.010725206058E1));
#7820=CARTESIAN_POINT('',(-3.086235403565E0,1.309172318819E1,
-1.035397122192E1));
#7821=CARTESIAN_POINT('',(-3.159775632154E0,1.323953233819E1,
-1.060069038327E1));
#7822=CARTESIAN_POINT('',(-4.684642893265E0,1.282523273959E1,
-9.160942186185E0));
#7823=CARTESIAN_POINT('',(-4.801856757629E0,1.297304188959E1,
-9.390156975727E0));
#7824=CARTESIAN_POINT('',(-4.919070621994E0,1.312085103959E1,
-9.619371765269E0));
#7825=CARTESIAN_POINT('',(-5.036284486358E0,1.326866018959E1,
-9.848586554811E0));
#7826=CARTESIAN_POINT('',(-6.273657567089E0,1.285436059098E1,
-8.155363966671E0));
#7827=CARTESIAN_POINT('',(-6.430629969018E0,1.300216974098E1,
-8.359418309256E0));
#7828=CARTESIAN_POINT('',(-6.587602370947E0,1.314997889098E1,
-8.563472651841E0));
#7829=CARTESIAN_POINT('',(-6.744574772877E0,1.329778804098E1,
-8.767526994426E0));
#7830=CARTESIAN_POINT('',(-7.653123801004E0,1.288348844238E1,
-6.877385892195E0));
#7831=CARTESIAN_POINT('',(-7.844611655172E0,1.303129759238E1,
-7.049464105095E0));
#7832=CARTESIAN_POINT('',(-8.036099509340E0,1.317910674237E1,
-7.221542317995E0));
#7833=CARTESIAN_POINT('',(-8.227587363508E0,1.332691589237E1,
-7.393620530895E0));
#7834=CARTESIAN_POINT('',(-8.776965625228E0,1.291261629377E1,
-5.369694122222E0));
#7835=CARTESIAN_POINT('',(-8.996572985226E0,1.306042544377E1,
-5.504048567770E0));
#7836=CARTESIAN_POINT('',(-9.216180345225E0,1.320823459377E1,
-5.638403013319E0));
#7837=CARTESIAN_POINT('',(-9.435787705223E0,1.335604374377E1,
-5.772757458867E0));
#7838=CARTESIAN_POINT('',(-9.607645263442E0,1.294174414516E1,
-3.682647549926E0));
#7839=CARTESIAN_POINT('',(-9.848036954854E0,1.308955329516E1,
-3.774790614030E0));
#7840=CARTESIAN_POINT('',(-1.008842864627E1,1.323736244516E1,
-3.866933678134E0));
#7841=CARTESIAN_POINT('',(-1.032882033768E1,1.338517159516E1,
-3.959076742238E0));
#7842=CARTESIAN_POINT('',(-1.011741694222E1,1.297087199656E1,
-1.872595748779E0));
#7843=CARTESIAN_POINT('',(-1.037056356710E1,1.311868114656E1,
-1.919449732979E0));
#7844=CARTESIAN_POINT('',(-1.062371019198E1,1.326649029655E1,
-1.966303717180E0));
#7845=CARTESIAN_POINT('',(-1.087685681685E1,1.341429944655E1,
-2.013157701380E0));
#7846=CARTESIAN_POINT('',(-1.028925363476E1,1.299999984795E1,
3.177009798017E-6));
#7847=CARTESIAN_POINT('',(-1.054669976405E1,1.314780899795E1,
3.256501545090E-6));
#7848=CARTESIAN_POINT('',(-1.080414589333E1,1.329561814795E1,
3.335993292053E-6));
#7849=CARTESIAN_POINT('',(-1.106159202262E1,1.344342729795E1,
3.415485038905E-6));
#7850=CARTESIAN_POINT('',(-1.011741578458E1,1.302912769934E1,1.872601972008E0));
#7851=CARTESIAN_POINT('',(-1.037056238049E1,1.317693684934E1,1.919456111919E0));
#7852=CARTESIAN_POINT('',(-1.062370897640E1,1.332474599934E1,1.966310251831E0));
#7853=CARTESIAN_POINT('',(-1.087685557231E1,1.347255514934E1,2.013164391742E0));
#7854=CARTESIAN_POINT('',(-9.607643013013E0,1.305825555074E1,3.682653389164E0));
#7855=CARTESIAN_POINT('',(-9.848034648117E0,1.320606470074E1,3.774796599371E0));
#7856=CARTESIAN_POINT('',(-1.008842628322E1,1.335387385073E1,3.866939809577E0));
#7857=CARTESIAN_POINT('',(-1.032881791833E1,1.350168300073E1,3.959083019784E0));
#7858=CARTESIAN_POINT('',(-8.776962407526E0,1.308738340213E1,5.369699348880E0));
#7859=CARTESIAN_POINT('',(-8.996569687015E0,1.323519255213E1,5.504053925205E0));
#7860=CARTESIAN_POINT('',(-9.216176966503E0,1.338300170213E1,5.638408501529E0));
#7861=CARTESIAN_POINT('',(-9.435784245992E0,1.353081085213E1,5.772763077854E0));
#7862=CARTESIAN_POINT('',(-7.653119794044E0,1.311651125352E1,6.877390317011E0));
#7863=CARTESIAN_POINT('',(-7.844607547954E0,1.326432040352E1,7.049468640624E0));
#7864=CARTESIAN_POINT('',(-8.036095301864E0,1.341212955352E1,7.221546964237E0));
#7865=CARTESIAN_POINT('',(-8.227583055774E0,1.355993870352E1,7.393625287850E0));
#7866=CARTESIAN_POINT('',(-6.273652989756E0,1.314563910492E1,8.155367451946E0));
#7867=CARTESIAN_POINT('',(-6.430625277156E0,1.329344825492E1,8.359421881736E0));
#7868=CARTESIAN_POINT('',(-6.587597564556E0,1.344125740491E1,8.563476311525E0));
#7869=CARTESIAN_POINT('',(-6.744569851957E0,1.358906655491E1,8.767530741315E0));
#7870=CARTESIAN_POINT('',(-4.684637990905E0,1.317476695631E1,9.160944654790E0));
#7871=CARTESIAN_POINT('',(-4.801851732608E0,1.332257610631E1,9.390159506099E0));
#7872=CARTESIAN_POINT('',(-4.919065474311E0,1.347038525631E1,9.619374357408E0));
#7873=CARTESIAN_POINT('',(-5.036279216013E0,1.361819440631E1,9.848589208716E0));
#7874=CARTESIAN_POINT('',(-2.939149974468E0,1.320389480770E1,9.860534339761E0));
#7875=CARTESIAN_POINT('',(-3.012690078656E0,1.335170395770E1,1.010725353715E1));
#7876=CARTESIAN_POINT('',(-3.086230182843E0,1.349951310770E1,1.035397273453E1));
#7877=CARTESIAN_POINT('',(-3.159770287031E0,1.364732225770E1,1.060069193192E1));
#7878=CARTESIAN_POINT('',(-1.095490518460E0,1.323302265910E1,1.023076930322E1));
#7879=CARTESIAN_POINT('',(-1.122900649812E0,1.338083180910E1,1.048675210336E1));
#7880=CARTESIAN_POINT('',(-1.150310781165E0,1.352864095909E1,1.074273490350E1));
#7881=CARTESIAN_POINT('',(-1.177720912517E0,1.367645010909E1,1.099871770363E1));
#7882=CARTESIAN_POINT('',(7.847597467753E-1,1.326215051049E1,1.025928321608E1));
#7883=CARTESIAN_POINT('',(8.043951223234E-1,1.340995966049E1,1.051597945927E1));
#7884=CARTESIAN_POINT('',(8.240304978715E-1,1.355776881049E1,1.077267570245E1));
#7885=CARTESIAN_POINT('',(8.436658734196E-1,1.370557796049E1,1.102937194564E1));
#7886=CARTESIAN_POINT('',(2.638798009591E0,1.329127836188E1,9.945123682925E0));
#7887=CARTESIAN_POINT('',(2.704823044803E0,1.343908751188E1,1.019395937969E1));
#7888=CARTESIAN_POINT('',(2.770848080014E0,1.358689666188E1,1.044279507646E1));
#7889=CARTESIAN_POINT('',(2.836873115226E0,1.373470581188E1,1.069163077323E1));
#7890=CARTESIAN_POINT('',(4.404696978612E0,1.332040621327E1,9.298784023375E0));
#7891=CARTESIAN_POINT('',(4.514906351232E0,1.346821536327E1,9.531447736299E0));
#7892=CARTESIAN_POINT('',(4.625115723853E0,1.361602451327E1,9.764111449222E0));
#7893=CARTESIAN_POINT('',(4.735325096473E0,1.376383366327E1,9.996775162146E0));
#7894=CARTESIAN_POINT('',(6.023473310293E0,1.334953406467E1,8.341852892737E0));
#7895=CARTESIAN_POINT('',(6.174185883200E0,1.349734321467E1,8.550573351434E0));
#7896=CARTESIAN_POINT('',(6.324898456107E0,1.364515236467E1,8.759293810132E0));
#7897=CARTESIAN_POINT('',(6.475611029014E0,1.379296151467E1,8.968014268829E0));
#7898=CARTESIAN_POINT('',(7.441057818716E0,1.337866191606E1,7.106292778517E0));
#7899=CARTESIAN_POINT('',(7.627239596444E0,1.352647106606E1,7.284098442012E0));
#7900=CARTESIAN_POINT('',(7.813421374173E0,1.367428021606E1,7.461904105506E0));
#7901=CARTESIAN_POINT('',(7.999603151901E0,1.382208936606E1,7.639709769001E0));
#7902=CARTESIAN_POINT('',(8.610101121270E0,1.340778976745E1,5.633373959319E0));
#7903=CARTESIAN_POINT('',(8.825533385369E0,1.355559891745E1,5.774325905118E0));
#7904=CARTESIAN_POINT('',(9.040965649468E0,1.370340806745E1,5.915277850917E0));
#7905=CARTESIAN_POINT('',(9.256397913567E0,1.385121721745E1,6.056229796717E0));
#7906=CARTESIAN_POINT('',(9.491556420366E0,1.343691761885E1,3.972290250402E0));
#7907=CARTESIAN_POINT('',(9.729043467343E0,1.358472676885E1,4.071680428316E0));
#7908=CARTESIAN_POINT('',(9.966530514320E0,1.373253591884E1,4.171070606230E0));
#7909=CARTESIAN_POINT('',(1.020401756130E1,1.388034506884E1,4.270460784144E0));
#7910=CARTESIAN_POINT('',(9.867838172782E0,1.345633618644E1,2.776455027245E0));
#7911=CARTESIAN_POINT('',(1.011474011846E1,1.360414533644E1,2.845924361491E0));
#7912=CARTESIAN_POINT('',(1.036164206414E1,1.375195448644E1,2.915393695737E0));
#7913=CARTESIAN_POINT('',(1.060854400982E1,1.389976363644E1,2.984863029983E0));
#7914=CARTESIAN_POINT('',(1.E1,1.346604547024E1,2.166403171565E0));
#7915=CARTESIAN_POINT('',(1.025020875024E1,1.361385462024E1,2.220608474572E0));
#7916=CARTESIAN_POINT('',(1.050041750048E1,1.376166377024E1,2.274813777579E0));
#7917=CARTESIAN_POINT('',(1.075062625072E1,1.390947292024E1,2.329019080586E0));
#7918=B_SPLINE_SURFACE_WITH_KNOTS('',3,3,((#7778,#7779,#7780,#7781),(#7782,
#7783,#7784,#7785),(#7786,#7787,#7788,#7789),(#7790,#7791,#7792,#7793),(#7794,
#7795,#7796,#7797),(#7798,#7799,#7800,#7801),(#7802,#7803,#7804,#7805),(#7806,
#7807,#7808,#7809),(#7810,#7811,#7812,#7813),(#7814,#7815,#7816,#7817),(#7818,
#7819,#7820,#7821),(#7822,#7823,#7824,#7825),(#7826,#7827,#7828,#7829),(#7830,
#7831,#7832,#7833),(#7834,#7835,#7836,#7837),(#7838,#7839,#7840,#7841),(#7842,
#7843,#7844,#7845),(#7846,#7847,#7848,#7849),(#7850,#7851,#7852,#7853),(#7854,
#7855,#7856,#7857),(#7858,#7859,#7860,#7861),(#7862,#7863,#7864,#7865),(#7866,
#7867,#7868,#7869),(#7870,#7871,#7872,#7873),(#7874,#7875,#7876,#7877),(#7878,
#7879,#7880,#7881),(#7882,#7883,#7884,#7885),(#7886,#7887,#7888,#7889),(#7890,
#7891,#7892,#7893),(#7894,#7895,#7896,#7897),(#7898,#7899,#7900,#7901),(#7902,
#7903,#7904,#7905),(#7906,#7907,#7908,#7909),(#7910,#7911,#7912,#7913),(#7914,
#7915,#7916,#7917)),.UNSPECIFIED.,.F.,.F.,.F.,(4,1,1,1,1,1,1,1,1,1,1,1,1,1,1,1,
1,1,1,1,1,1,1,1,1,1,1,1,1,1,1,1,4),(4,4),(0.E0,3.124999999995E-2,
6.250000000027E-2,9.375000000023E-2,1.250000000002E-1,1.562500000001E-1,
1.875000000001E-1,2.1875E-1,2.5E-1,2.8125E-1,3.124999999999E-1,
3.437500000002E-1,3.750000000002E-1,4.062500000001E-1,4.375000000001E-1,
4.6875E-1,5.E-1,5.3125E-1,5.624999999999E-1,5.937499999999E-1,6.249999999998E-1,
6.562500000001E-1,6.875000000001E-1,7.1875E-1,7.5E-1,7.8125E-1,
8.124999999999E-1,8.437499999999E-1,8.749999999998E-1,9.062499999998E-1,
9.374999999997E-1,9.6875E-1,1.E0),(0.E0,1.000017440465E0),.UNSPECIFIED.);
#7919=ORIENTED_EDGE('',*,*,#4205,.T.);
#7921=ORIENTED_EDGE('',*,*,#7920,.F.);
#7923=ORIENTED_EDGE('',*,*,#7922,.F.);
#7924=ORIENTED_EDGE('',*,*,#4179,.T.);
#7925=ORIENTED_EDGE('',*,*,#7770,.T.);
#7926=EDGE_LOOP('',(#7919,#7921,#7923,#7924,#7925));
#7927=FACE_OUTER_BOUND('',#7926,.F.);
#7928=ADVANCED_FACE('',(#7927),#7918,.T.);
#7929=CARTESIAN_POINT('',(0.E0,-8.79E-1,0.E0));
#7930=DIRECTION('',(0.E0,1.E0,0.E0));
#7931=DIRECTION('',(1.E0,0.E0,0.E0));
#7932=AXIS2_PLACEMENT_3D('',#7929,#7930,#7931);
#7933=CYLINDRICAL_SURFACE('',#7932,1.1E1);
#7934=ORIENTED_EDGE('',*,*,#7922,.T.);
#7935=ORIENTED_EDGE('',*,*,#7920,.T.);
#7936=ORIENTED_EDGE('',*,*,#4203,.T.);
#7938=ORIENTED_EDGE('',*,*,#7937,.T.);
#7940=ORIENTED_EDGE('',*,*,#7939,.T.);
#7941=ORIENTED_EDGE('',*,*,#4181,.T.);
#7942=EDGE_LOOP('',(#7934,#7935,#7936,#7938,#7940,#7941));
#7943=FACE_OUTER_BOUND('',#7942,.F.);
#7944=ADVANCED_FACE('',(#7943),#7933,.T.);
#7945=CARTESIAN_POINT('',(1.075062628256E1,1.309052738616E1,-2.329019078547E0));
#7946=CARTESIAN_POINT('',(1.050041752171E1,1.323833654242E1,-2.274813773448E0));
#7947=CARTESIAN_POINT('',(1.025020876085E1,1.338614569869E1,-2.220608468349E0));
#7948=CARTESIAN_POINT('',(1.E1,1.353395485496E1,-2.166403163250E0));
#7949=CARTESIAN_POINT('',(1.060854408749E1,1.310023666657E1,-2.984862816387E0));
#7950=CARTESIAN_POINT('',(1.036164213026E1,1.324804582283E1,-2.915393484370E0));
#7951=CARTESIAN_POINT('',(1.011474017303E1,1.339585497910E1,-2.845924152353E0));
#7952=CARTESIAN_POINT('',(9.867838215798E0,1.354366413537E1,-2.776454820336E0));
#7953=CARTESIAN_POINT('',(1.020401780587E1,1.311965522738E1,-4.270460177944E0));
#7954=CARTESIAN_POINT('',(9.966530743826E0,1.326746438364E1,-4.171070010216E0));
#7955=CARTESIAN_POINT('',(9.729043681785E0,1.341527353991E1,-4.071679842488E0));
#7956=CARTESIAN_POINT('',(9.491556619744E0,1.356308269618E1,-3.972289674760E0));
#7957=CARTESIAN_POINT('',(9.256398591738E0,1.314878306860E1,-6.056228746474E0));
#7958=CARTESIAN_POINT('',(9.040966303354E0,1.329659222486E1,-5.915276819555E0));
#7959=CARTESIAN_POINT('',(8.825534014970E0,1.344440138113E1,-5.774324892636E0));
#7960=CARTESIAN_POINT('',(8.610101726586E0,1.359221053740E1,-5.633372965717E0));
#7961=CARTESIAN_POINT('',(7.999604393923E0,1.317791090982E1,-7.639708458930E0));
#7962=CARTESIAN_POINT('',(7.813422579941E0,1.332572006609E1,-7.461902818909E0));
#7963=CARTESIAN_POINT('',(7.627240765959E0,1.347352922236E1,-7.284097178887E0));
#7964=CARTESIAN_POINT('',(7.441058951977E0,1.362133837863E1,-7.106291538866E0));
#7965=CARTESIAN_POINT('',(6.475612905703E0,1.320703875105E1,-8.968012906746E0));
#7966=CARTESIAN_POINT('',(6.324900283171E0,1.335484790731E1,-8.759292471512E0));
#7967=CARTESIAN_POINT('',(6.174187660638E0,1.350265706358E1,-8.550572036279E0));
#7968=CARTESIAN_POINT('',(6.023475038106E0,1.365046621985E1,-8.341851601045E0));
#7969=CARTESIAN_POINT('',(4.735327616879E0,1.323616659227E1,-9.996773963082E0));
#7970=CARTESIAN_POINT('',(4.625118181251E0,1.338397574853E1,-9.764110268883E0));
#7971=CARTESIAN_POINT('',(4.514908745622E0,1.353178490480E1,-9.531446574685E0));
#7972=CARTESIAN_POINT('',(4.404699309993E0,1.367959406107E1,-9.298782880486E0));
#7973=CARTESIAN_POINT('',(2.836876228384E0,1.326529443349E1,-1.069162994337E1));
#7974=CARTESIAN_POINT('',(2.770851118112E0,1.341310358975E1,-1.044279425610E1));
#7975=CARTESIAN_POINT('',(2.704826007839E0,1.356091274602E1,-1.019395856882E1));
#7976=CARTESIAN_POINT('',(2.638800897567E0,1.370872190229E1,-9.945122881550E0));
#7977=CARTESIAN_POINT('',(8.436694738965E-1,1.329442227471E1,
-1.102937166755E1));
#7978=CARTESIAN_POINT('',(8.240340137768E-1,1.344223143097E1,
-1.077267542070E1));
#7979=CARTESIAN_POINT('',(8.043985536571E-1,1.359004058724E1,
-1.051597917386E1));
#7980=CARTESIAN_POINT('',(7.847630935374E-1,1.373784974351E1,
-1.025928292702E1));
#7981=CARTESIAN_POINT('',(-1.177716975749E0,1.332355011593E1,
-1.099871812354E1));
#7982=CARTESIAN_POINT('',(-1.150306934938E0,1.347135927219E1,
-1.074273530353E1));
#7983=CARTESIAN_POINT('',(-1.122896894128E0,1.361916842846E1,
-1.048675248352E1));
#7984=CARTESIAN_POINT('',(-1.095486853317E0,1.376697758473E1,
-1.023076966351E1));
#7985=CARTESIAN_POINT('',(-3.159766199049E0,1.335267795715E1,
-1.060069314988E1));
#7986=CARTESIAN_POINT('',(-3.086226187103E0,1.350048711341E1,
-1.035397391441E1));
#7987=CARTESIAN_POINT('',(-3.012686175156E0,1.364829626968E1,
-1.010725467894E1));
#7988=CARTESIAN_POINT('',(-2.939146163209E0,1.379610542595E1,
-9.860535443474E0));
#7989=CARTESIAN_POINT('',(-5.036275182523E0,1.338180579837E1,
-9.848591272012E0));
#7990=CARTESIAN_POINT('',(-4.919061530069E0,1.352961495463E1,
-9.619376363636E0));
#7991=CARTESIAN_POINT('',(-4.801847877615E0,1.367742411090E1,
-9.390161455261E0));
#7992=CARTESIAN_POINT('',(-4.684634225161E0,1.382523326717E1,
-9.160946546885E0));
#7993=CARTESIAN_POINT('',(-6.744566084844E0,1.341093363959E1,
-8.767533641499E0));
#7994=CARTESIAN_POINT('',(-6.587593878924E0,1.355874279585E1,
-8.563479136158E0));
#7995=CARTESIAN_POINT('',(-6.430621673004E0,1.370655195212E1,
-8.359424630817E0));
#7996=CARTESIAN_POINT('',(-6.273649467084E0,1.385436110839E1,
-8.155370125476E0));
#7997=CARTESIAN_POINT('',(-8.227579758564E0,1.344006148081E1,
-7.393628961508E0));
#7998=CARTESIAN_POINT('',(-8.036092073835E0,1.358787063708E1,
-7.221550545604E0));
#7999=CARTESIAN_POINT('',(-7.844604389107E0,1.373567979335E1,
-7.049472129701E0));
#8000=CARTESIAN_POINT('',(-7.653116704379E0,1.388348894962E1,
-6.877393713797E0));
#8001=CARTESIAN_POINT('',(-9.435781600106E0,1.346918932204E1,
-5.772767410948E0));
#8002=CARTESIAN_POINT('',(-9.216174373531E0,1.361699847830E1,
-5.638412728474E0));
#8003=CARTESIAN_POINT('',(-8.996567146955E0,1.376480763457E1,
-5.504058045999E0));
#8004=CARTESIAN_POINT('',(-8.776959920380E0,1.391261679084E1,
-5.369703363525E0));
#8005=CARTESIAN_POINT('',(-1.032881607096E1,1.349831716326E1,
-3.959087855240E0));
#8006=CARTESIAN_POINT('',(-1.008842446937E1,1.364612631952E1,
-3.866944528857E0));
#8007=CARTESIAN_POINT('',(-9.848032867772E0,1.379393547579E1,
-3.774801202474E0));
#8008=CARTESIAN_POINT('',(-9.607641266177E0,1.394174463206E1,
-3.682657876091E0));
#8009=CARTESIAN_POINT('',(-1.087685462670E1,1.352744500448E1,
-2.013169539788E0));
#8010=CARTESIAN_POINT('',(-1.062370804281E1,1.367525416074E1,
-1.966315278213E0));
#8011=CARTESIAN_POINT('',(-1.037056145891E1,1.382306331701E1,
-1.919461016638E0));
#8012=CARTESIAN_POINT('',(-1.011741487502E1,1.397087247328E1,
-1.872606755063E0));
#8013=CARTESIAN_POINT('',(-1.106159203122E1,1.355657284570E1,
-8.666055724249E-6));
#8014=CARTESIAN_POINT('',(-1.080414589157E1,1.370438200196E1,
-8.464363173921E-6));
#8015=CARTESIAN_POINT('',(-1.054669975193E1,1.385219115823E1,
-8.262670623482E-6));
#8016=CARTESIAN_POINT('',(-1.028925361228E1,1.400000031450E1,
-8.060978072932E-6));
#8017=CARTESIAN_POINT('',(-1.087685777787E1,1.358570068692E1,2.013152564961E0));
#8018=CARTESIAN_POINT('',(-1.062371112063E1,1.373350984318E1,1.966298698455E0));
#8019=CARTESIAN_POINT('',(-1.037056446340E1,1.388131899945E1,1.919444831950E0));
#8020=CARTESIAN_POINT('',(-1.011741780617E1,1.402912815572E1,1.872590965445E0));
#8021=CARTESIAN_POINT('',(-1.032882219519E1,1.361482852814E1,3.959071929155E0));
#8022=CARTESIAN_POINT('',(-1.008843045106E1,1.376263768440E1,3.866928973434E0));
#8023=CARTESIAN_POINT('',(-9.848038706934E0,1.391044684067E1,3.774786017712E0));
#8024=CARTESIAN_POINT('',(-9.607646962805E0,1.405825599694E1,3.682643061991E0));
#8025=CARTESIAN_POINT('',(-9.435790352839E0,1.364395636936E1,5.772753157173E0));
#8026=CARTESIAN_POINT('',(-9.216182922554E0,1.379176552562E1,5.638398806439E0));
#8027=CARTESIAN_POINT('',(-8.996575492268E0,1.393957468189E1,5.504044455705E0));
#8028=CARTESIAN_POINT('',(-8.776968061983E0,1.408738383816E1,5.369690104971E0));
#8029=CARTESIAN_POINT('',(-8.227590651323E0,1.367308421058E1,7.393616895187E0));
#8030=CARTESIAN_POINT('',(-8.036102713078E0,1.382089336684E1,7.221538760114E0));
#8031=CARTESIAN_POINT('',(-7.844614774833E0,1.396870252311E1,7.049460625040E0));
#8032=CARTESIAN_POINT('',(-7.653126836588E0,1.411651167938E1,6.877382489966E0));
#8033=CARTESIAN_POINT('',(-6.744578517413E0,1.370221205180E1,8.767524135637E0));
#8034=CARTESIAN_POINT('',(-6.587606022139E0,1.385002120807E1,8.563469851534E0));
#8035=CARTESIAN_POINT('',(-6.430633526866E0,1.399783036434E1,8.359415567432E0));
#8036=CARTESIAN_POINT('',(-6.273661031592E0,1.414563952061E1,8.155361283329E0));
#8037=CARTESIAN_POINT('',(-5.036288482803E0,1.373133989303E1,9.848584532762E0));
#8038=CARTESIAN_POINT('',(-4.919074520800E0,1.387914904929E1,9.619369781235E0));
#8039=CARTESIAN_POINT('',(-4.801860558798E0,1.402695820556E1,9.390155029708E0));
#8040=CARTESIAN_POINT('',(-4.684646596795E0,1.417476736183E1,9.160940278181E0));
#8041=CARTESIAN_POINT('',(-3.159779668209E0,1.376046773425E1,1.060068920250E1));
#8042=CARTESIAN_POINT('',(-3.086239342783E0,1.390827689051E1,1.035397005891E1));
#8043=CARTESIAN_POINT('',(-3.012699017356E0,1.405608604678E1,1.010725091531E1));
#8044=CARTESIAN_POINT('',(-2.939158691930E0,1.420389520305E1,9.860531771710E0));
#8045=CARTESIAN_POINT('',(-1.177729935935E0,1.378959557547E1,1.099871681013E1));
#8046=CARTESIAN_POINT('',(-1.150319593492E0,1.393740473173E1,1.074273402068E1));
#8047=CARTESIAN_POINT('',(-1.122909251048E0,1.408521388800E1,1.048675123124E1));
#8048=CARTESIAN_POINT('',(-1.095498908604E0,1.423302304427E1,1.023076844180E1));
#8049=CARTESIAN_POINT('',(8.436576322130E-1,1.381872341669E1,1.102937265685E1));
#8050=CARTESIAN_POINT('',(8.240224476949E-1,1.396653257295E1,1.077267638698E1));
#8051=CARTESIAN_POINT('',(8.043872631769E-1,1.411434172922E1,1.051598011712E1));
#8052=CARTESIAN_POINT('',(7.847520786588E-1,1.426215088549E1,1.025928384725E1));
#8053=CARTESIAN_POINT('',(2.836866002438E0,1.384785125791E1,1.069163275254E1));
#8054=CARTESIAN_POINT('',(2.770841130163E0,1.399566041417E1,1.044279699988E1));
#8055=CARTESIAN_POINT('',(2.704816257888E0,1.414346957044E1,1.019396124723E1));
#8056=CARTESIAN_POINT('',(2.638791385613E0,1.429127872671E1,9.945125494573E0));
#8057=CARTESIAN_POINT('',(4.735319353829E0,1.387697909913E1,9.996777990119E0));
#8058=CARTESIAN_POINT('',(4.625110110513E0,1.402478825539E1,9.764114202196E0));
#8059=CARTESIAN_POINT('',(4.514900867197E0,1.417259741166E1,9.531450414272E0));
#8060=CARTESIAN_POINT('',(4.404691623881E0,1.432040656793E1,9.298786626349E0));
#8061=CARTESIAN_POINT('',(6.475606773617E0,1.390610694035E1,8.968017472194E0));
#8062=CARTESIAN_POINT('',(6.324894293801E0,1.405391609661E1,8.759296930705E0));
#8063=CARTESIAN_POINT('',(6.174181813986E0,1.420172525288E1,8.550576389216E0));
#8064=CARTESIAN_POINT('',(6.023469334171E0,1.434953440915E1,8.341855847727E0));
#8065=CARTESIAN_POINT('',(7.999600363661E0,1.393523478157E1,7.639712854374E0));
#8066=CARTESIAN_POINT('',(7.813418643479E0,1.408304393783E1,7.461907112053E0));
#8067=CARTESIAN_POINT('',(7.627236923296E0,1.423085309410E1,7.284101369733E0));
#8068=CARTESIAN_POINT('',(7.441055203114E0,1.437866225037E1,7.106295627413E0));
#8069=CARTESIAN_POINT('',(9.256396431284E0,1.396436262279E1,6.056232287203E0));
#8070=CARTESIAN_POINT('',(9.040964193181E0,1.411217177906E1,5.915280277878E0));
#8071=CARTESIAN_POINT('',(8.825531955079E0,1.425998093533E1,5.774328268553E0));
#8072=CARTESIAN_POINT('',(8.610099716977E0,1.440779009160E1,5.633376259228E0));
#8073=CARTESIAN_POINT('',(1.020401708803E1,1.399349046401E1,4.270462256663E0));
#8074=CARTESIAN_POINT('',(9.966530042691E0,1.414129962028E1,4.171072040555E0));
#8075=CARTESIAN_POINT('',(9.729042997357E0,1.428910877655E1,4.071681824448E0));
#8076=CARTESIAN_POINT('',(9.491555952022E0,1.443691793282E1,3.972291608340E0));
#8077=CARTESIAN_POINT('',(1.060854393054E1,1.401290902483E1,2.984863601579E0));
#8078=CARTESIAN_POINT('',(1.036164197696E1,1.416071818109E1,2.915394251289E0));
#8079=CARTESIAN_POINT('',(1.011474002338E1,1.430852733736E1,2.845924900998E0));
#8080=CARTESIAN_POINT('',(9.867838069804E0,1.445633649363E1,2.776455550707E0));
#8081=CARTESIAN_POINT('',(1.075062628256E1,1.402261830524E1,2.329019166395E0));
#8082=CARTESIAN_POINT('',(1.050041752171E1,1.417042746150E1,2.274813859252E0));
#8083=CARTESIAN_POINT('',(1.025020876085E1,1.431823661777E1,2.220608552109E0));
#8084=CARTESIAN_POINT('',(1.E1,1.446604577404E1,2.166403244966E0));
#8085=B_SPLINE_SURFACE_WITH_KNOTS('',3,3,((#7945,#7946,#7947,#7948),(#7949,
#7950,#7951,#7952),(#7953,#7954,#7955,#7956),(#7957,#7958,#7959,#7960),(#7961,
#7962,#7963,#7964),(#7965,#7966,#7967,#7968),(#7969,#7970,#7971,#7972),(#7973,
#7974,#7975,#7976),(#7977,#7978,#7979,#7980),(#7981,#7982,#7983,#7984),(#7985,
#7986,#7987,#7988),(#7989,#7990,#7991,#7992),(#7993,#7994,#7995,#7996),(#7997,
#7998,#7999,#8000),(#8001,#8002,#8003,#8004),(#8005,#8006,#8007,#8008),(#8009,
#8010,#8011,#8012),(#8013,#8014,#8015,#8016),(#8017,#8018,#8019,#8020),(#8021,
#8022,#8023,#8024),(#8025,#8026,#8027,#8028),(#8029,#8030,#8031,#8032),(#8033,
#8034,#8035,#8036),(#8037,#8038,#8039,#8040),(#8041,#8042,#8043,#8044),(#8045,
#8046,#8047,#8048),(#8049,#8050,#8051,#8052),(#8053,#8054,#8055,#8056),(#8057,
#8058,#8059,#8060),(#8061,#8062,#8063,#8064),(#8065,#8066,#8067,#8068),(#8069,
#8070,#8071,#8072),(#8073,#8074,#8075,#8076),(#8077,#8078,#8079,#8080),(#8081,
#8082,#8083,#8084)),.UNSPECIFIED.,.F.,.F.,.F.,(4,1,1,1,1,1,1,1,1,1,1,1,1,1,1,1,
1,1,1,1,1,1,1,1,1,1,1,1,1,1,1,1,4),(4,4),(0.E0,3.124999999999E-2,
6.249999999998E-2,9.375000000033E-2,1.250000000003E-1,1.562500000003E-1,
1.875000000003E-1,2.187500000003E-1,2.500000000003E-1,2.812500000003E-1,
3.125000000002E-1,3.437500000002E-1,3.750000000002E-1,4.062500000002E-1,
4.375000000002E-1,4.687500000002E-1,5.000000000002E-1,5.312500000002E-1,
5.625000000002E-1,5.937500000001E-1,6.250000000001E-1,6.562500000001E-1,
6.875000000001E-1,7.187500000001E-1,7.500000000001E-1,7.812500000001E-1,
8.125000000001E-1,8.437500000001E-1,8.75E-1,9.0625E-1,9.375E-1,9.6875E-1,1.E0),(
-1.747370174141E-5,1.E0),.UNSPECIFIED.);
#8086=ORIENTED_EDGE('',*,*,#4201,.T.);
#8088=ORIENTED_EDGE('',*,*,#8087,.F.);
#8089=ORIENTED_EDGE('',*,*,#4183,.T.);
#8090=ORIENTED_EDGE('',*,*,#7939,.F.);
#8091=ORIENTED_EDGE('',*,*,#7937,.F.);
#8092=EDGE_LOOP('',(#8086,#8088,#8089,#8090,#8091));
#8093=FACE_OUTER_BOUND('',#8092,.F.);
#8094=ADVANCED_FACE('',(#8093),#8085,.T.);
#8095=CARTESIAN_POINT('',(1.E1,1.353395485496E1,-2.166403163250E0));
#8096=CARTESIAN_POINT('',(1.025020876173E1,1.368176401175E1,-2.220608468539E0));
#8097=CARTESIAN_POINT('',(1.050041752346E1,1.382957316853E1,-2.274813773829E0));
#8098=CARTESIAN_POINT('',(1.075062628519E1,1.397738232532E1,-2.329019079118E0));
#8099=CARTESIAN_POINT('',(9.867838215798E0,1.354366413537E1,-2.776454820336E0));
#8100=CARTESIAN_POINT('',(1.011474017389E1,1.369147329216E1,-2.845924152597E0));
#8101=CARTESIAN_POINT('',(1.036164213199E1,1.383928244894E1,-2.915393484857E0));
#8102=CARTESIAN_POINT('',(1.060854409009E1,1.398709160573E1,-2.984862817118E0));
#8103=CARTESIAN_POINT('',(9.491556619744E0,1.356308269618E1,-3.972289674760E0));
#8104=CARTESIAN_POINT('',(9.729043682618E0,1.371089185297E1,-4.071679842837E0));
#8105=CARTESIAN_POINT('',(9.966530745492E0,1.385870100976E1,-4.171070010914E0));
#8106=CARTESIAN_POINT('',(1.020401780837E1,1.400651016655E1,-4.270460178990E0));
#8107=CARTESIAN_POINT('',(8.610101726586E0,1.359221053740E1,-5.633372965717E0));
#8108=CARTESIAN_POINT('',(8.825534015726E0,1.374001969419E1,-5.774324893130E0));
#8109=CARTESIAN_POINT('',(9.040966304866E0,1.388782885098E1,-5.915276820544E0));
#8110=CARTESIAN_POINT('',(9.256398594006E0,1.403563800777E1,-6.056228747957E0));
#8111=CARTESIAN_POINT('',(7.441058951977E0,1.362133837863E1,-7.106291538866E0));
#8112=CARTESIAN_POINT('',(7.627240766612E0,1.376914753542E1,-7.284097179511E0));
#8113=CARTESIAN_POINT('',(7.813422581247E0,1.391695669220E1,-7.461902820156E0));
#8114=CARTESIAN_POINT('',(7.999604395882E0,1.406476584899E1,-7.639708460802E0));
#8115=CARTESIAN_POINT('',(6.023475038106E0,1.365046621985E1,-8.341851601045E0));
#8116=CARTESIAN_POINT('',(6.174187661167E0,1.379827537664E1,-8.550572037011E0));
#8117=CARTESIAN_POINT('',(6.324900284228E0,1.394608453342E1,-8.759292472977E0));
#8118=CARTESIAN_POINT('',(6.475612907289E0,1.409389369021E1,-8.968012908942E0));
#8119=CARTESIAN_POINT('',(4.404699309993E0,1.367959406107E1,-9.298782880486E0));
#8120=CARTESIAN_POINT('',(4.514908746008E0,1.382740321786E1,-9.531446575501E0));
#8121=CARTESIAN_POINT('',(4.625118182024E0,1.397521237464E1,-9.764110270516E0));
#8122=CARTESIAN_POINT('',(4.735327618039E0,1.412302153143E1,-9.996773965531E0));
#8123=CARTESIAN_POINT('',(2.638800897567E0,1.370872190229E1,-9.945122881550E0));
#8124=CARTESIAN_POINT('',(2.704826008071E0,1.385653105908E1,-1.019395856970E1));
#8125=CARTESIAN_POINT('',(2.770851118575E0,1.400434021586E1,-1.044279425785E1));
#8126=CARTESIAN_POINT('',(2.836876229079E0,1.415214937265E1,-1.069162994599E1));
#8127=CARTESIAN_POINT('',(7.847630935374E-1,1.373784974351E1,
-1.025928292702E1));
#8128=CARTESIAN_POINT('',(8.043985537260E-1,1.388565890030E1,
-1.051597917476E1));
#8129=CARTESIAN_POINT('',(8.240340139146E-1,1.403346805708E1,
-1.077267542250E1));
#8130=CARTESIAN_POINT('',(8.436694741032E-1,1.418127721387E1,
-1.102937167025E1));
#8131=CARTESIAN_POINT('',(-1.095486853317E0,1.376697758473E1,
-1.023076966351E1));
#8132=CARTESIAN_POINT('',(-1.122896894224E0,1.391478674152E1,
-1.048675248442E1));
#8133=CARTESIAN_POINT('',(-1.150306935130E0,1.406259589830E1,
-1.074273530532E1));
#8134=CARTESIAN_POINT('',(-1.177716976037E0,1.421040505509E1,
-1.099871812623E1));
#8135=CARTESIAN_POINT('',(-2.939146163209E0,1.379610542595E1,
-9.860535443474E0));
#8136=CARTESIAN_POINT('',(-3.012686175414E0,1.394391458274E1,
-1.010725467981E1));
#8137=CARTESIAN_POINT('',(-3.086226187619E0,1.409172373952E1,
-1.035397391614E1));
#8138=CARTESIAN_POINT('',(-3.159766199823E0,1.423953289631E1,
-1.060069315248E1));
#8139=CARTESIAN_POINT('',(-4.684634225161E0,1.382523326717E1,
-9.160946546885E0));
#8140=CARTESIAN_POINT('',(-4.801847878026E0,1.397304242396E1,
-9.390161456065E0));
#8141=CARTESIAN_POINT('',(-4.919061530891E0,1.412085158075E1,
-9.619376365245E0));
#8142=CARTESIAN_POINT('',(-5.036275183756E0,1.426866073754E1,
-9.848591274424E0));
#8143=CARTESIAN_POINT('',(-6.273649467084E0,1.385436110839E1,
-8.155370125476E0));
#8144=CARTESIAN_POINT('',(-6.430621673555E0,1.400217026518E1,
-8.359424631533E0));
#8145=CARTESIAN_POINT('',(-6.587593880025E0,1.414997942197E1,
-8.563479137590E0));
#8146=CARTESIAN_POINT('',(-6.744566086496E0,1.429778857876E1,
-8.767533643646E0));
#8147=CARTESIAN_POINT('',(-7.653116704379E0,1.388348894962E1,
-6.877393713797E0));
#8148=CARTESIAN_POINT('',(-7.844604389779E0,1.403129810641E1,
-7.049472130304E0));
#8149=CARTESIAN_POINT('',(-8.036092075179E0,1.417910726319E1,
-7.221550546812E0));
#8150=CARTESIAN_POINT('',(-8.227579760579E0,1.432691641998E1,
-7.393628963319E0));
#8151=CARTESIAN_POINT('',(-8.776959920380E0,1.391261679084E1,
-5.369703363525E0));
#8152=CARTESIAN_POINT('',(-8.996567147726E0,1.406042594763E1,
-5.504058046471E0));
#8153=CARTESIAN_POINT('',(-9.216174375072E0,1.420823510441E1,
-5.638412729416E0));
#8154=CARTESIAN_POINT('',(-9.435781602418E0,1.435604426120E1,
-5.772767412362E0));
#8155=CARTESIAN_POINT('',(-9.607641266177E0,1.394174463206E1,
-3.682657876091E0));
#8156=CARTESIAN_POINT('',(-9.848032868616E0,1.408955378885E1,
-3.774801202797E0));
#8157=CARTESIAN_POINT('',(-1.008842447105E1,1.423736294563E1,
-3.866944529503E0));
#8158=CARTESIAN_POINT('',(-1.032881607349E1,1.438517210242E1,
-3.959087856209E0));
#8159=CARTESIAN_POINT('',(-1.011741487502E1,1.397087247328E1,
-1.872606755063E0));
#8160=CARTESIAN_POINT('',(-1.037056145980E1,1.411868163007E1,
-1.919461016802E0));
#8161=CARTESIAN_POINT('',(-1.062370804458E1,1.426649078685E1,
-1.966315278542E0));
#8162=CARTESIAN_POINT('',(-1.087685462937E1,1.441429994364E1,
-2.013169540281E0));
#8163=CARTESIAN_POINT('',(-1.028925361228E1,1.400000031450E1,
-8.060978073043E-6));
#8164=CARTESIAN_POINT('',(-1.054669975283E1,1.414780947129E1,
-8.262670613268E-6));
#8165=CARTESIAN_POINT('',(-1.080414589338E1,1.429561862807E1,
-8.464363153049E-6));
#8166=CARTESIAN_POINT('',(-1.106159203392E1,1.444342778486E1,
-8.666055693496E-6));
#8167=CARTESIAN_POINT('',(-1.011741780617E1,1.402912815572E1,1.872590965445E0));
#8168=CARTESIAN_POINT('',(-1.037056446429E1,1.417693731251E1,1.919444832115E0));
#8169=CARTESIAN_POINT('',(-1.062371112241E1,1.432474646929E1,1.966298698784E0));
#8170=CARTESIAN_POINT('',(-1.087685778053E1,1.447255562608E1,2.013152565454E0));
#8171=CARTESIAN_POINT('',(-9.607646962805E0,1.405825599694E1,3.682643061991E0));
#8172=CARTESIAN_POINT('',(-9.848038707777E0,1.420606515373E1,3.774786018036E0));
#8173=CARTESIAN_POINT('',(-1.008843045275E1,1.435387431051E1,3.866928974080E0));
#8174=CARTESIAN_POINT('',(-1.032882219772E1,1.450168346730E1,3.959071930125E0));
#8175=CARTESIAN_POINT('',(-8.776968061983E0,1.408738383816E1,5.369690104971E0));
#8176=CARTESIAN_POINT('',(-8.996575493039E0,1.423519299495E1,5.504044456177E0));
#8177=CARTESIAN_POINT('',(-9.216182924095E0,1.438300215174E1,5.638398807382E0));
#8178=CARTESIAN_POINT('',(-9.435790355150E0,1.453081130853E1,5.772753158588E0));
#8179=CARTESIAN_POINT('',(-7.653126836588E0,1.411651167938E1,6.877382489966E0));
#8180=CARTESIAN_POINT('',(-7.844614775505E0,1.426432083617E1,7.049460625643E0));
#8181=CARTESIAN_POINT('',(-8.036102714422E0,1.441212999296E1,7.221538761321E0));
#8182=CARTESIAN_POINT('',(-8.227590653338E0,1.455993914975E1,7.393616896998E0));
#8183=CARTESIAN_POINT('',(-6.273661031592E0,1.414563952061E1,8.155361283329E0));
#8184=CARTESIAN_POINT('',(-6.430633527416E0,1.429344867740E1,8.359415568148E0));
#8185=CARTESIAN_POINT('',(-6.587606023241E0,1.444125783418E1,8.563469852966E0));
#8186=CARTESIAN_POINT('',(-6.744578519065E0,1.458906699097E1,8.767524137785E0));
#8187=CARTESIAN_POINT('',(-4.684646596795E0,1.417476736183E1,9.160940278181E0));
#8188=CARTESIAN_POINT('',(-4.801860559209E0,1.432257651862E1,9.390155030512E0));
#8189=CARTESIAN_POINT('',(-4.919074521623E0,1.447038567540E1,9.619369782843E0));
#8190=CARTESIAN_POINT('',(-5.036288484037E0,1.461819483219E1,9.848584535174E0));
#8191=CARTESIAN_POINT('',(-2.939158691930E0,1.420389520305E1,9.860531771710E0));
#8192=CARTESIAN_POINT('',(-3.012699017614E0,1.435170435984E1,1.010725091617E1));
#8193=CARTESIAN_POINT('',(-3.086239343299E0,1.449951351662E1,1.035397006064E1));
#8194=CARTESIAN_POINT('',(-3.159779668983E0,1.464732267341E1,1.060068920510E1));
#8195=CARTESIAN_POINT('',(-1.095498908604E0,1.423302304427E1,1.023076844180E1));
#8196=CARTESIAN_POINT('',(-1.122909251144E0,1.438083220106E1,1.048675123214E1));
#8197=CARTESIAN_POINT('',(-1.150319593684E0,1.452864135784E1,1.074273402248E1));
#8198=CARTESIAN_POINT('',(-1.177729936224E0,1.467645051463E1,1.099871681282E1));
#8199=CARTESIAN_POINT('',(7.847520786588E-1,1.426215088549E1,1.025928384725E1));
#8200=CARTESIAN_POINT('',(8.043872632457E-1,1.440996004228E1,1.051598011802E1));
#8201=CARTESIAN_POINT('',(8.240224478327E-1,1.455776919906E1,1.077267638878E1));
#8202=CARTESIAN_POINT('',(8.436576324196E-1,1.470557835585E1,1.102937265955E1));
#8203=CARTESIAN_POINT('',(2.638791385613E0,1.429127872671E1,9.945125494573E0));
#8204=CARTESIAN_POINT('',(2.704816258120E0,1.443908788350E1,1.019396124810E1));
#8205=CARTESIAN_POINT('',(2.770841130626E0,1.458689704028E1,1.044279700163E1));
#8206=CARTESIAN_POINT('',(2.836866003133E0,1.473470619707E1,1.069163275516E1));
#8207=CARTESIAN_POINT('',(4.404691623881E0,1.432040656793E1,9.298786626349E0));
#8208=CARTESIAN_POINT('',(4.514900867584E0,1.446821572472E1,9.531450415088E0));
#8209=CARTESIAN_POINT('',(4.625110111287E0,1.461602488150E1,9.764114203828E0));
#8210=CARTESIAN_POINT('',(4.735319354989E0,1.476383403829E1,9.996777992567E0));
#8211=CARTESIAN_POINT('',(6.023469334171E0,1.434953440915E1,8.341855847727E0));
#8212=CARTESIAN_POINT('',(6.174181814515E0,1.449734356594E1,8.550576389948E0));
#8213=CARTESIAN_POINT('',(6.324894294859E0,1.464515272272E1,8.759296932170E0));
#8214=CARTESIAN_POINT('',(6.475606775203E0,1.479296187951E1,8.968017474391E0));
#8215=CARTESIAN_POINT('',(7.441055203114E0,1.437866225037E1,7.106295627413E0));
#8216=CARTESIAN_POINT('',(7.627236923950E0,1.452647140716E1,7.284101370357E0));
#8217=CARTESIAN_POINT('',(7.813418644785E0,1.467428056395E1,7.461907113301E0));
#8218=CARTESIAN_POINT('',(7.999600365620E0,1.482208972074E1,7.639712856245E0));
#8219=CARTESIAN_POINT('',(8.610099716977E0,1.440779009160E1,5.633376259228E0));
#8220=CARTESIAN_POINT('',(8.825531955835E0,1.455559924839E1,5.774328269047E0));
#8221=CARTESIAN_POINT('',(9.040964194693E0,1.470340840517E1,5.915280278867E0));
#8222=CARTESIAN_POINT('',(9.256396433551E0,1.485121756196E1,6.056232288686E0));
#8223=CARTESIAN_POINT('',(9.491555952022E0,1.443691793282E1,3.972291608340E0));
#8224=CARTESIAN_POINT('',(9.729042998190E0,1.458472708961E1,4.071681824796E0));
#8225=CARTESIAN_POINT('',(9.966530044358E0,1.473253624639E1,4.171072041253E0));
#8226=CARTESIAN_POINT('',(1.020401709053E1,1.488034540318E1,4.270462257709E0));
#8227=CARTESIAN_POINT('',(9.867838069804E0,1.445633649363E1,2.776455550707E0));
#8228=CARTESIAN_POINT('',(1.011474002425E1,1.460414565042E1,2.845924901242E0));
#8229=CARTESIAN_POINT('',(1.036164197869E1,1.475195480720E1,2.915394251776E0));
#8230=CARTESIAN_POINT('',(1.060854393314E1,1.489976396399E1,2.984863602311E0));
#8231=CARTESIAN_POINT('',(1.E1,1.446604577404E1,2.166403244966E0));
#8232=CARTESIAN_POINT('',(1.025020876173E1,1.461385493083E1,2.220608552299E0));
#8233=CARTESIAN_POINT('',(1.050041752346E1,1.476166408761E1,2.274813859633E0));
#8234=CARTESIAN_POINT('',(1.075062628519E1,1.490947324440E1,2.329019166966E0));
#8235=B_SPLINE_SURFACE_WITH_KNOTS('',3,3,((#8095,#8096,#8097,#8098),(#8099,
#8100,#8101,#8102),(#8103,#8104,#8105,#8106),(#8107,#8108,#8109,#8110),(#8111,
#8112,#8113,#8114),(#8115,#8116,#8117,#8118),(#8119,#8120,#8121,#8122),(#8123,
#8124,#8125,#8126),(#8127,#8128,#8129,#8130),(#8131,#8132,#8133,#8134),(#8135,
#8136,#8137,#8138),(#8139,#8140,#8141,#8142),(#8143,#8144,#8145,#8146),(#8147,
#8148,#8149,#8150),(#8151,#8152,#8153,#8154),(#8155,#8156,#8157,#8158),(#8159,
#8160,#8161,#8162),(#8163,#8164,#8165,#8166),(#8167,#8168,#8169,#8170),(#8171,
#8172,#8173,#8174),(#8175,#8176,#8177,#8178),(#8179,#8180,#8181,#8182),(#8183,
#8184,#8185,#8186),(#8187,#8188,#8189,#8190),(#8191,#8192,#8193,#8194),(#8195,
#8196,#8197,#8198),(#8199,#8200,#8201,#8202),(#8203,#8204,#8205,#8206),(#8207,
#8208,#8209,#8210),(#8211,#8212,#8213,#8214),(#8215,#8216,#8217,#8218),(#8219,
#8220,#8221,#8222),(#8223,#8224,#8225,#8226),(#8227,#8228,#8229,#8230),(#8231,
#8232,#8233,#8234)),.UNSPECIFIED.,.F.,.F.,.F.,(4,1,1,1,1,1,1,1,1,1,1,1,1,1,1,1,
1,1,1,1,1,1,1,1,1,1,1,1,1,1,1,1,4),(4,4),(0.E0,3.124999999999E-2,
6.249999999998E-2,9.375000000033E-2,1.250000000003E-1,1.562500000003E-1,
1.875000000003E-1,2.187500000003E-1,2.500000000003E-1,2.812500000003E-1,
3.125000000002E-1,3.437500000002E-1,3.750000000002E-1,4.062500000002E-1,
4.375000000002E-1,4.687500000002E-1,5.000000000002E-1,5.312500000002E-1,
5.625000000002E-1,5.937500000001E-1,6.250000000001E-1,6.562500000001E-1,
6.875000000001E-1,7.187500000001E-1,7.500000000001E-1,7.812500000001E-1,
8.125000000001E-1,8.437500000001E-1,8.75E-1,9.0625E-1,9.375E-1,9.6875E-1,1.E0),(
0.E0,1.000017477210E0),.UNSPECIFIED.);
#8236=ORIENTED_EDGE('',*,*,#4199,.T.);
#8238=ORIENTED_EDGE('',*,*,#8237,.F.);
#8240=ORIENTED_EDGE('',*,*,#8239,.F.);
#8241=ORIENTED_EDGE('',*,*,#4185,.T.);
#8242=ORIENTED_EDGE('',*,*,#8087,.T.);
#8243=EDGE_LOOP('',(#8236,#8238,#8240,#8241,#8242));
#8244=FACE_OUTER_BOUND('',#8243,.F.);
#8245=ADVANCED_FACE('',(#8244),#8235,.T.);
#8246=CARTESIAN_POINT('',(0.E0,-8.79E-1,0.E0));
#8247=DIRECTION('',(0.E0,1.E0,0.E0));
#8248=DIRECTION('',(1.E0,0.E0,0.E0));
#8249=AXIS2_PLACEMENT_3D('',#8246,#8247,#8248);
#8250=CYLINDRICAL_SURFACE('',#8249,1.1E1);
#8251=ORIENTED_EDGE('',*,*,#8239,.T.);
#8252=ORIENTED_EDGE('',*,*,#8237,.T.);
#8253=ORIENTED_EDGE('',*,*,#4197,.T.);
#8255=ORIENTED_EDGE('',*,*,#8254,.T.);
#8257=ORIENTED_EDGE('',*,*,#8256,.T.);
#8259=ORIENTED_EDGE('',*,*,#8258,.T.);
#8260=ORIENTED_EDGE('',*,*,#4191,.T.);
#8262=ORIENTED_EDGE('',*,*,#8261,.T.);
#8264=ORIENTED_EDGE('',*,*,#8263,.T.);
#8265=ORIENTED_EDGE('',*,*,#4187,.T.);
#8266=EDGE_LOOP('',(#8251,#8252,#8253,#8255,#8257,#8259,#8260,#8262,#8264,
#8265));
#8267=FACE_OUTER_BOUND('',#8266,.F.);
#8268=ADVANCED_FACE('',(#8267),#8250,.T.);
#8269=CARTESIAN_POINT('',(1.075062457860E1,1.409052862182E1,-2.329018823929E0));
#8270=CARTESIAN_POINT('',(1.050041638574E1,1.423833744255E1,-2.274813639214E0));
#8271=CARTESIAN_POINT('',(1.025020819287E1,1.438614626329E1,-2.220608454498E0));
#8272=CARTESIAN_POINT('',(1.E1,1.453395508402E1,-2.166403269783E0));
#8273=CARTESIAN_POINT('',(1.062073711621E1,1.409940455757E1,-2.928572309664E0));
#8274=CARTESIAN_POINT('',(1.037355190187E1,1.424721337830E1,-2.860413219937E0));
#8275=CARTESIAN_POINT('',(1.012636668753E1,1.439502219903E1,-2.792254130209E0));
#8276=CARTESIAN_POINT('',(9.879181473190E0,1.454283101976E1,-2.724095040481E0));
#8277=CARTESIAN_POINT('',(1.026042013067E1,1.411715642907E1,-4.105888353388E0));
#8278=CARTESIAN_POINT('',(1.002162087206E1,1.426496524980E1,-4.010328611951E0));
#8279=CARTESIAN_POINT('',(9.782821613452E0,1.441277407053E1,-3.914768870514E0));
#8280=CARTESIAN_POINT('',(9.544022354844E0,1.456058289126E1,-3.819209129077E0));
#8281=CARTESIAN_POINT('',(9.433404612105E0,1.414378423632E1,-5.757206356258E0));
#8282=CARTESIAN_POINT('',(9.213853170854E0,1.429159305705E1,-5.623214122799E0));
#8283=CARTESIAN_POINT('',(8.994301729602E0,1.443940187778E1,-5.489221889340E0));
#8284=CARTESIAN_POINT('',(8.774750288351E0,1.458721069851E1,-5.355229655881E0));
#8285=CARTESIAN_POINT('',(8.342946716006E0,1.417041204356E1,-7.247743408508E0));
#8286=CARTESIAN_POINT('',(8.148774404831E0,1.431822086429E1,-7.079060671300E0));
#8287=CARTESIAN_POINT('',(7.954602093656E0,1.446602968503E1,-6.910377934093E0));
#8288=CARTESIAN_POINT('',(7.760429782481E0,1.461383850576E1,-6.741695196885E0));
#8289=CARTESIAN_POINT('',(7.019498628609E0,1.419703985081E1,-8.535876340048E0));
#8290=CARTESIAN_POINT('',(6.856128021268E0,1.434484867154E1,-8.337213817888E0));
#8291=CARTESIAN_POINT('',(6.692757413928E0,1.449265749228E1,-8.138551295727E0));
#8292=CARTESIAN_POINT('',(6.529386806587E0,1.464046631301E1,-7.939888773567E0));
#8293=CARTESIAN_POINT('',(5.500019842251E0,1.422366765806E1,-9.585631298299E0));
#8294=CARTESIAN_POINT('',(5.372013323615E0,1.437147647879E1,-9.362536959258E0));
#8295=CARTESIAN_POINT('',(5.244006804980E0,1.451928529953E1,-9.139442620217E0));
#8296=CARTESIAN_POINT('',(5.116000286344E0,1.466709412026E1,-8.916348281176E0));
#8297=CARTESIAN_POINT('',(3.826944146868E0,1.425029546531E1,-1.036769234147E1));
#8298=CARTESIAN_POINT('',(3.737876505059E0,1.439810428604E1,-1.012639644782E1));
#8299=CARTESIAN_POINT('',(3.648808863249E0,1.454591310678E1,-9.885100554168E0));
#8300=CARTESIAN_POINT('',(3.559741221440E0,1.469372192751E1,-9.643804660519E0));
#8301=CARTESIAN_POINT('',(2.046994831457E0,1.427692327256E1,-1.086021907303E1));
#8302=CARTESIAN_POINT('',(1.999353424779E0,1.442473209329E1,-1.060746019670E1));
#8303=CARTESIAN_POINT('',(1.951712018102E0,1.457254091403E1,-1.035470132036E1));
#8304=CARTESIAN_POINT('',(1.904070611424E0,1.472034973476E1,-1.010194244402E1));
#8305=CARTESIAN_POINT('',(2.098798022145E-1,1.430355107981E1,
-1.104945685768E1));
#8306=CARTESIAN_POINT('',(2.049950956891E-1,1.445135990054E1,
-1.079229369360E1));
#8307=CARTESIAN_POINT('',(2.001103891638E-1,1.459916872128E1,
-1.053513052951E1));
#8308=CARTESIAN_POINT('',(1.952256826384E-1,1.474697754201E1,
-1.027796736543E1));
#8309=CARTESIAN_POINT('',(-1.633096572467E0,1.433017888706E1,
-1.093012086702E1));
#8310=CARTESIAN_POINT('',(-1.595088162892E0,1.447798770779E1,
-1.067573510831E1));
#8311=CARTESIAN_POINT('',(-1.557079753316E0,1.462579652853E1,
-1.042134934961E1));
#8312=CARTESIAN_POINT('',(-1.519071343741E0,1.477360534926E1,
-1.016696359090E1));
#8313=CARTESIAN_POINT('',(-3.430466220699E0,1.435680669431E1,
-1.050554369633E1));
#8314=CARTESIAN_POINT('',(-3.350626138154E0,1.450461551504E1,
-1.026103947389E1));
#8315=CARTESIAN_POINT('',(-3.270786055608E0,1.465242433578E1,
-1.001653525145E1));
#8316=CARTESIAN_POINT('',(-3.190945973062E0,1.480023315651E1,
-9.772031029010E0));
#8317=CARTESIAN_POINT('',(-5.132034699243E0,1.438343450156E1,
-9.787582274635E0));
#8318=CARTESIAN_POINT('',(-5.012592603721E0,1.453124332229E1,
-9.559787763203E0));
#8319=CARTESIAN_POINT('',(-4.893150508200E0,1.467905214302E1,
-9.331993251770E0));
#8320=CARTESIAN_POINT('',(-4.773708412679E0,1.482686096375E1,
-9.104198740338E0));
#8321=CARTESIAN_POINT('',(-6.690282935257E0,1.441006230881E1,
-8.796286821686E0));
#8322=CARTESIAN_POINT('',(-6.534574437508E0,1.455787112954E1,
-8.591563550633E0));
#8323=CARTESIAN_POINT('',(-6.378865939759E0,1.470567995027E1,
-8.386840279580E0));
#8324=CARTESIAN_POINT('',(-6.223157442010E0,1.485348877100E1,
-8.182117008527E0));
#8325=CARTESIAN_POINT('',(-8.061694346295E0,1.443669011605E1,
-7.559340634676E0));
#8326=CARTESIAN_POINT('',(-7.874067854543E0,1.458449893678E1,
-7.383405837061E0));
#8327=CARTESIAN_POINT('',(-7.686441362790E0,1.473230775752E1,
-7.207471039447E0));
#8328=CARTESIAN_POINT('',(-7.498814871038E0,1.488011657825E1,
-7.031536241832E0));
#8329=CARTESIAN_POINT('',(-9.207969842499E0,1.446331792330E1,
-6.111288043903E0));
#8330=CARTESIAN_POINT('',(-8.993665131417E0,1.461112674403E1,
-5.969054973966E0));
#8331=CARTESIAN_POINT('',(-8.779360420336E0,1.475893556477E1,
-5.826821904029E0));
#8332=CARTESIAN_POINT('',(-8.565055709254E0,1.490674438550E1,
-5.684588834092E0));
#8333=CARTESIAN_POINT('',(-1.009709840169E1,1.448994573055E1,
-4.492565780999E0));
#8334=CARTESIAN_POINT('',(-9.862100264994E0,1.463775455128E1,
-4.388006575421E0));
#8335=CARTESIAN_POINT('',(-9.627102128299E0,1.478556337202E1,
-4.283447369844E0));
#8336=CARTESIAN_POINT('',(-9.392103991603E0,1.493337219275E1,
-4.178888164267E0));
#8337=CARTESIAN_POINT('',(-1.050186431204E1,1.450769760205E1,
-3.329780849020E0));
#8338=CARTESIAN_POINT('',(-1.025744572295E1,1.465550642278E1,
-3.252284100549E0));
#8339=CARTESIAN_POINT('',(-1.001302713387E1,1.480331524352E1,
-3.174787352077E0));
#8340=CARTESIAN_POINT('',(-9.768608544789E0,1.495112406425E1,
-3.097290603606E0));
#8341=CARTESIAN_POINT('',(-1.065442616118E1,1.451657353780E1,
-2.735591682949E0));
#8342=CARTESIAN_POINT('',(-1.040645687378E1,1.466438235853E1,
-2.671923991234E0));
#8343=CARTESIAN_POINT('',(-1.015848758639E1,1.481219117927E1,
-2.608256299519E0));
#8344=CARTESIAN_POINT('',(-9.910518298991E0,1.496E1,-2.544588607804E0));
#8345=B_SPLINE_SURFACE_WITH_KNOTS('',3,3,((#8269,#8270,#8271,#8272),(#8273,
#8274,#8275,#8276),(#8277,#8278,#8279,#8280),(#8281,#8282,#8283,#8284),(#8285,
#8286,#8287,#8288),(#8289,#8290,#8291,#8292),(#8293,#8294,#8295,#8296),(#8297,
#8298,#8299,#8300),(#8301,#8302,#8303,#8304),(#8305,#8306,#8307,#8308),(#8309,
#8310,#8311,#8312),(#8313,#8314,#8315,#8316),(#8317,#8318,#8319,#8320),(#8321,
#8322,#8323,#8324),(#8325,#8326,#8327,#8328),(#8329,#8330,#8331,#8332),(#8333,
#8334,#8335,#8336),(#8337,#8338,#8339,#8340),(#8341,#8342,#8343,#8344)),
.UNSPECIFIED.,.F.,.F.,.F.,(4,1,1,1,1,1,1,1,1,1,1,1,1,1,1,1,4),(4,4),(0.E0,
6.250000000005E-2,1.250000000001E-1,1.875000000001E-1,2.500000000002E-1,
3.125000000002E-1,3.750000000003E-1,4.375000000003E-1,5.000000000004E-1,
5.625000000004E-1,6.250000000005E-1,6.874999999997E-1,7.499999999998E-1,
8.124999999998E-1,8.749999999999E-1,9.374999999999E-1,1.E0),(-1.524459411511E-5,
1.E0),.UNSPECIFIED.);
#8346=ORIENTED_EDGE('',*,*,#4195,.T.);
#8348=ORIENTED_EDGE('',*,*,#8347,.F.);
#8350=ORIENTED_EDGE('',*,*,#8349,.F.);
#8351=ORIENTED_EDGE('',*,*,#8254,.F.);
#8352=EDGE_LOOP('',(#8346,#8348,#8350,#8351));
#8353=FACE_OUTER_BOUND('',#8352,.F.);
#8354=ADVANCED_FACE('',(#8353),#8345,.T.);
#8355=CARTESIAN_POINT('',(1.E1,1.453395508402E1,-2.166403269783E0));
#8356=CARTESIAN_POINT('',(1.025020818691E1,1.468176390123E1,-2.220608453207E0));
#8357=CARTESIAN_POINT('',(1.050041637382E1,1.482957271844E1,-2.274813636632E0));
#8358=CARTESIAN_POINT('',(1.075062456072E1,1.497738153565E1,-2.329018820056E0));
#8359=CARTESIAN_POINT('',(9.879181473190E0,1.454283101976E1,-2.724095040481E0));
#8360=CARTESIAN_POINT('',(1.012636668164E1,1.469063983697E1,-2.792254128585E0));
#8361=CARTESIAN_POINT('',(1.037355189010E1,1.483844865419E1,-2.860413216690E0));
#8362=CARTESIAN_POINT('',(1.062073709855E1,1.498625747140E1,-2.928572304794E0));
#8363=CARTESIAN_POINT('',(9.544022354844E0,1.456058289126E1,-3.819209129077E0));
#8364=CARTESIAN_POINT('',(9.782821607764E0,1.470839170847E1,-3.914768868238E0));
#8365=CARTESIAN_POINT('',(1.002162086068E1,1.485620052569E1,-4.010328607399E0));
#8366=CARTESIAN_POINT('',(1.026042011360E1,1.500400934290E1,-4.105888346560E0));
#8367=CARTESIAN_POINT('',(8.774750288351E0,1.458721069851E1,-5.355229655881E0));
#8368=CARTESIAN_POINT('',(8.994301724373E0,1.473501951572E1,-5.489221886149E0));
#8369=CARTESIAN_POINT('',(9.213853160395E0,1.488282833294E1,-5.623214116416E0));
#8370=CARTESIAN_POINT('',(9.433404596417E0,1.503063715015E1,-5.757206346684E0));
#8371=CARTESIAN_POINT('',(7.760429782481E0,1.461383850576E1,-6.741695196885E0));
#8372=CARTESIAN_POINT('',(7.954602089031E0,1.476164732297E1,-6.910377930075E0));
#8373=CARTESIAN_POINT('',(8.148774395581E0,1.490945614019E1,-7.079060663265E0));
#8374=CARTESIAN_POINT('',(8.342946702132E0,1.505726495740E1,-7.247743396455E0));
#8375=CARTESIAN_POINT('',(6.529386806587E0,1.464046631301E1,-7.939888773567E0));
#8376=CARTESIAN_POINT('',(6.692757410037E0,1.478827513022E1,-8.138551290996E0));
#8377=CARTESIAN_POINT('',(6.856128013486E0,1.493608394744E1,-8.337213808424E0));
#8378=CARTESIAN_POINT('',(7.019498616936E0,1.508389276465E1,-8.535876325853E0));
#8379=CARTESIAN_POINT('',(5.116000286344E0,1.466709412026E1,-8.916348281176E0));
#8380=CARTESIAN_POINT('',(5.244006801931E0,1.481490293747E1,-9.139442614904E0));
#8381=CARTESIAN_POINT('',(5.372013317518E0,1.496271175469E1,-9.362536948631E0));
#8382=CARTESIAN_POINT('',(5.500019833105E0,1.511052057190E1,-9.585631282359E0));
#8383=CARTESIAN_POINT('',(3.559741221440E0,1.469372192751E1,-9.643804660519E0));
#8384=CARTESIAN_POINT('',(3.648808861128E0,1.484153074472E1,-9.885100548421E0));
#8385=CARTESIAN_POINT('',(3.737876500816E0,1.498933956194E1,-1.012639643632E1));
#8386=CARTESIAN_POINT('',(3.826944140504E0,1.513714837915E1,-1.036769232422E1));
#8387=CARTESIAN_POINT('',(1.904070611424E0,1.472034973476E1,-1.010194244402E1));
#8388=CARTESIAN_POINT('',(1.951712016967E0,1.486815855197E1,-1.035470131434E1));
#8389=CARTESIAN_POINT('',(1.999353422510E0,1.501596736919E1,-1.060746018466E1));
#8390=CARTESIAN_POINT('',(2.046994828052E0,1.516377618640E1,-1.086021905497E1));
#8391=CARTESIAN_POINT('',(1.952256826385E-1,1.474697754201E1,
-1.027796736543E1));
#8392=CARTESIAN_POINT('',(2.001103890475E-1,1.489478635922E1,
-1.053513052339E1));
#8393=CARTESIAN_POINT('',(2.049950954565E-1,1.504259517644E1,
-1.079229368135E1));
#8394=CARTESIAN_POINT('',(2.098798018655E-1,1.519040399365E1,
-1.104945683931E1));
#8395=CARTESIAN_POINT('',(-1.519071343741E0,1.477360534926E1,
-1.016696359090E1));
#8396=CARTESIAN_POINT('',(-1.557079752411E0,1.492141416647E1,
-1.042134934355E1));
#8397=CARTESIAN_POINT('',(-1.595088161081E0,1.506922298368E1,
-1.067573509619E1));
#8398=CARTESIAN_POINT('',(-1.633096569751E0,1.521703180089E1,
-1.093012084884E1));
#8399=CARTESIAN_POINT('',(-3.190945973062E0,1.480023315651E1,
-9.772031029010E0));
#8400=CARTESIAN_POINT('',(-3.270786053706E0,1.494804197372E1,
-1.001653524563E1));
#8401=CARTESIAN_POINT('',(-3.350626134350E0,1.509585079093E1,
-1.026103946224E1));
#8402=CARTESIAN_POINT('',(-3.430466214994E0,1.524365960814E1,
-1.050554367886E1));
#8403=CARTESIAN_POINT('',(-4.773708412679E0,1.482686096375E1,
-9.104198740338E0));
#8404=CARTESIAN_POINT('',(-4.893150505355E0,1.497466978096E1,
-9.331993246345E0));
#8405=CARTESIAN_POINT('',(-5.012592598032E0,1.512247859818E1,
-9.559787752351E0));
#8406=CARTESIAN_POINT('',(-5.132034690708E0,1.527028741539E1,
-9.787582258358E0));
#8407=CARTESIAN_POINT('',(-6.223157442010E0,1.485348877100E1,
-8.182117008527E0));
#8408=CARTESIAN_POINT('',(-6.378865936051E0,1.500129758821E1,
-8.386840274704E0));
#8409=CARTESIAN_POINT('',(-6.534574430091E0,1.514910640543E1,
-8.591563540881E0));
#8410=CARTESIAN_POINT('',(-6.690282924132E0,1.529691522264E1,
-8.796286807058E0));
#8411=CARTESIAN_POINT('',(-7.498814871038E0,1.488011657825E1,
-7.031536241831E0));
#8412=CARTESIAN_POINT('',(-7.686441358322E0,1.502792539546E1,
-7.207471035256E0));
#8413=CARTESIAN_POINT('',(-7.874067845605E0,1.517573421268E1,
-7.383405828680E0));
#8414=CARTESIAN_POINT('',(-8.061694332889E0,1.532354302989E1,
-7.559340622105E0));
#8415=CARTESIAN_POINT('',(-8.565055709254E0,1.490674438550E1,
-5.684588834092E0));
#8416=CARTESIAN_POINT('',(-8.779360415231E0,1.505455320271E1,
-5.826821900641E0));
#8417=CARTESIAN_POINT('',(-8.993665121209E0,1.520236201993E1,
-5.969054967191E0));
#8418=CARTESIAN_POINT('',(-9.207969827186E0,1.535017083714E1,
-6.111288033740E0));
#8419=CARTESIAN_POINT('',(-9.392103991603E0,1.493337219275E1,
-4.178888164267E0));
#8420=CARTESIAN_POINT('',(-9.627102122702E0,1.508118100996E1,
-4.283447367354E0));
#8421=CARTESIAN_POINT('',(-9.862100253800E0,1.522898982718E1,
-4.388006570441E0));
#8422=CARTESIAN_POINT('',(-1.009709838490E1,1.537679864439E1,
-4.492565773528E0));
#8423=CARTESIAN_POINT('',(-9.768608544789E0,1.495112406425E1,
-3.097290603606E0));
#8424=CARTESIAN_POINT('',(-1.001302712805E1,1.509893288146E1,
-3.174787350232E0));
#8425=CARTESIAN_POINT('',(-1.025744571131E1,1.524674169868E1,
-3.252284096857E0));
#8426=CARTESIAN_POINT('',(-1.050186429457E1,1.539455051589E1,
-3.329780843482E0));
#8427=CARTESIAN_POINT('',(-9.910518298991E0,1.496E1,-2.544588607804E0));
#8428=CARTESIAN_POINT('',(-1.015848758048E1,1.510780881721E1,
-2.608256298002E0));
#8429=CARTESIAN_POINT('',(-1.040645686197E1,1.525561763443E1,
-2.671923988201E0));
#8430=CARTESIAN_POINT('',(-1.065442614346E1,1.540342645164E1,
-2.735591678400E0));
#8431=B_SPLINE_SURFACE_WITH_KNOTS('',3,3,((#8355,#8356,#8357,#8358),(#8359,
#8360,#8361,#8362),(#8363,#8364,#8365,#8366),(#8367,#8368,#8369,#8370),(#8371,
#8372,#8373,#8374),(#8375,#8376,#8377,#8378),(#8379,#8380,#8381,#8382),(#8383,
#8384,#8385,#8386),(#8387,#8388,#8389,#8390),(#8391,#8392,#8393,#8394),(#8395,
#8396,#8397,#8398),(#8399,#8400,#8401,#8402),(#8403,#8404,#8405,#8406),(#8407,
#8408,#8409,#8410),(#8411,#8412,#8413,#8414),(#8415,#8416,#8417,#8418),(#8419,
#8420,#8421,#8422),(#8423,#8424,#8425,#8426),(#8427,#8428,#8429,#8430)),
.UNSPECIFIED.,.F.,.F.,.F.,(4,1,1,1,1,1,1,1,1,1,1,1,1,1,1,1,4),(4,4),(0.E0,
6.250000000005E-2,1.250000000001E-1,1.875000000001E-1,2.500000000002E-1,
3.125000000002E-1,3.750000000003E-1,4.375000000003E-1,5.000000000004E-1,
5.625000000004E-1,6.250000000005E-1,6.874999999997E-1,7.499999999998E-1,
8.124999999998E-1,8.749999999999E-1,9.374999999999E-1,1.E0),(0.E0,
1.000015220776E0),.UNSPECIFIED.);
#8432=ORIENTED_EDGE('',*,*,#4193,.T.);
#8433=ORIENTED_EDGE('',*,*,#8258,.F.);
#8435=ORIENTED_EDGE('',*,*,#8434,.F.);
#8436=ORIENTED_EDGE('',*,*,#8347,.T.);
#8437=EDGE_LOOP('',(#8432,#8433,#8435,#8436));
#8438=FACE_OUTER_BOUND('',#8437,.F.);
#8439=ADVANCED_FACE('',(#8438),#8431,.T.);
#8440=CARTESIAN_POINT('',(-1.065441477242E1,1.546E1,-2.735588758812E0));
#8441=DIRECTION('',(-2.486898871647E-1,0.E0,9.685831611287E-1));
#8442=DIRECTION('',(9.685831611287E-1,0.E0,2.486898871647E-1));
#8443=AXIS2_PLACEMENT_3D('',#8440,#8441,#8442);
#8444=PLANE('',#8443);
#8445=ORIENTED_EDGE('',*,*,#8256,.F.);
#8446=ORIENTED_EDGE('',*,*,#8349,.T.);
#8447=ORIENTED_EDGE('',*,*,#8434,.T.);
#8448=EDGE_LOOP('',(#8445,#8446,#8447));
#8449=FACE_OUTER_BOUND('',#8448,.F.);
#8450=ADVANCED_FACE('',(#8449),#8444,.F.);
#8451=CARTESIAN_POINT('',(0.E0,1.546E1,0.E0));
#8452=DIRECTION('',(0.E0,1.E0,0.E0));
#8453=DIRECTION('',(1.E0,0.E0,0.E0));
#8454=AXIS2_PLACEMENT_3D('',#8451,#8452,#8453);
#8455=PLANE('',#8454);
#8457=ORIENTED_EDGE('',*,*,#8456,.T.);
#8459=ORIENTED_EDGE('',*,*,#8458,.T.);
#8460=EDGE_LOOP('',(#8457,#8459));
#8461=FACE_OUTER_BOUND('',#8460,.F.);
#8462=ADVANCED_FACE('',(#8461),#8455,.F.);
#8463=CARTESIAN_POINT('',(0.E0,-8.79E-1,0.E0));
#8464=DIRECTION('',(0.E0,1.E0,0.E0));
#8465=DIRECTION('',(1.E0,0.E0,0.E0));
#8466=AXIS2_PLACEMENT_3D('',#8463,#8464,#8465);
#8467=CYLINDRICAL_SURFACE('',#8466,1.25E1);
#8469=ORIENTED_EDGE('',*,*,#8468,.T.);
#8471=ORIENTED_EDGE('',*,*,#8470,.F.);
#8473=ORIENTED_EDGE('',*,*,#8472,.F.);
#8474=ORIENTED_EDGE('',*,*,#8456,.F.);
#8475=EDGE_LOOP('',(#8469,#8471,#8473,#8474));
#8476=FACE_OUTER_BOUND('',#8475,.F.);
#8477=ADVANCED_FACE('',(#8476),#8467,.T.);
#8478=CARTESIAN_POINT('',(0.E0,-8.79E-1,0.E0));
#8479=DIRECTION('',(0.E0,1.E0,0.E0));
#8480=DIRECTION('',(1.E0,0.E0,0.E0));
#8481=AXIS2_PLACEMENT_3D('',#8478,#8479,#8480);
#8482=CYLINDRICAL_SURFACE('',#8481,1.25E1);
#8483=ORIENTED_EDGE('',*,*,#8468,.F.);
#8484=ORIENTED_EDGE('',*,*,#8458,.F.);
#8485=ORIENTED_EDGE('',*,*,#8472,.T.);
#8487=ORIENTED_EDGE('',*,*,#8486,.F.);
#8488=EDGE_LOOP('',(#8483,#8484,#8485,#8487));
#8489=FACE_OUTER_BOUND('',#8488,.F.);
#8490=ADVANCED_FACE('',(#8489),#8482,.T.);
#8491=CARTESIAN_POINT('',(0.E0,-1.648167200829E1,0.E0));
#8492=DIRECTION('',(-2.3E-1,9.731906288082E-1,0.E0));
#8493=DIRECTION('',(9.731906288082E-1,2.3E-1,0.E0));
#8494=AXIS2_PLACEMENT_3D('',#8491,#8492,#8493);
#8495=SPHERICAL_SURFACE('',#8494,3.5E1);
#8497=ORIENTED_EDGE('',*,*,#8496,.F.);
#8498=ORIENTED_EDGE('',*,*,#8486,.T.);
#8500=ORIENTED_EDGE('',*,*,#8499,.T.);
#8502=ORIENTED_EDGE('',*,*,#8501,.T.);
#8503=EDGE_LOOP('',(#8497,#8498,#8500,#8502));
#8504=FACE_OUTER_BOUND('',#8503,.F.);
#8505=ADVANCED_FACE('',(#8504),#8495,.T.);
#8506=CARTESIAN_POINT('',(0.E0,-1.648167200829E1,0.E0));
#8507=DIRECTION('',(-2.3E-1,9.731906288082E-1,0.E0));
#8508=DIRECTION('',(9.731906288082E-1,2.3E-1,0.E0));
#8509=AXIS2_PLACEMENT_3D('',#8506,#8507,#8508);
#8510=SPHERICAL_SURFACE('',#8509,3.5E1);
#8511=ORIENTED_EDGE('',*,*,#8496,.T.);
#8513=ORIENTED_EDGE('',*,*,#8512,.F.);
#8514=ORIENTED_EDGE('',*,*,#8499,.F.);
#8515=ORIENTED_EDGE('',*,*,#8470,.T.);
#8516=EDGE_LOOP('',(#8511,#8513,#8514,#8515));
#8517=FACE_OUTER_BOUND('',#8516,.F.);
#8518=ADVANCED_FACE('',(#8517),#8510,.T.);
#8519=CARTESIAN_POINT('',(0.E0,1.758E1,0.E0));
#8520=DIRECTION('',(0.E0,1.E0,0.E0));
#8521=DIRECTION('',(1.E0,0.E0,0.E0));
#8522=AXIS2_PLACEMENT_3D('',#8519,#8520,#8521);
#8523=PLANE('',#8522);
#8524=ORIENTED_EDGE('',*,*,#8501,.F.);
#8525=ORIENTED_EDGE('',*,*,#8512,.T.);
#8526=EDGE_LOOP('',(#8524,#8525));
#8527=FACE_OUTER_BOUND('',#8526,.F.);
#8528=ADVANCED_FACE('',(#8527),#8523,.T.);
#8529=CARTESIAN_POINT('',(0.E0,5.76E0,0.E0));
#8530=DIRECTION('',(0.E0,-1.E0,0.E0));
#8531=DIRECTION('',(-1.E0,0.E0,0.E0));
#8532=AXIS2_PLACEMENT_3D('',#8529,#8530,#8531);
#8533=SPHERICAL_SURFACE('',#8532,1.2E1);
#8535=ORIENTED_EDGE('',*,*,#8534,.T.);
#8537=ORIENTED_EDGE('',*,*,#8536,.F.);
#8539=ORIENTED_EDGE('',*,*,#8538,.T.);
#8540=EDGE_LOOP('',(#8535,#8537,#8539));
#8541=FACE_OUTER_BOUND('',#8540,.F.);
#8542=ADVANCED_FACE('',(#8541),#8533,.T.);
#8543=CARTESIAN_POINT('',(0.E0,5.76E0,0.E0));
#8544=DIRECTION('',(0.E0,-1.E0,0.E0));
#8545=DIRECTION('',(-1.E0,0.E0,0.E0));
#8546=AXIS2_PLACEMENT_3D('',#8543,#8544,#8545);
#8547=SPHERICAL_SURFACE('',#8546,1.2E1);
#8548=ORIENTED_EDGE('',*,*,#8534,.F.);
#8550=ORIENTED_EDGE('',*,*,#8549,.T.);
#8551=ORIENTED_EDGE('',*,*,#8536,.T.);
#8552=EDGE_LOOP('',(#8548,#8550,#8551));
#8553=FACE_OUTER_BOUND('',#8552,.F.);
#8554=ADVANCED_FACE('',(#8553),#8547,.T.);
#8555=CARTESIAN_POINT('',(-1.282406461892E0,8.23E0,1.015129242038E1));
#8556=CARTESIAN_POINT('',(-1.314493471544E0,8.377809508569E0,1.040528725553E1));
#8557=CARTESIAN_POINT('',(-1.346580481197E0,8.525619017138E0,1.065928209068E1));
#8558=CARTESIAN_POINT('',(-1.378667490850E0,8.673428525707E0,1.091327692583E1));
#8559=CARTESIAN_POINT('',(-6.550917088540E-1,8.239835210229E0,
1.023054070322E1));
#8560=CARTESIAN_POINT('',(-6.714827163934E-1,8.387644718798E0,
1.048651840456E1));
#8561=CARTESIAN_POINT('',(-6.878737239328E-1,8.535454227367E0,
1.074249610590E1));
#8562=CARTESIAN_POINT('',(-7.042647314722E-1,8.683263735936E0,
1.099847380724E1));
#8563=CARTESIAN_POINT('',(6.142573641834E-1,8.259505630687E0,1.027240433894E1));
#8564=CARTESIAN_POINT('',(6.296266582096E-1,8.407315139256E0,1.052942950762E1));
#8565=CARTESIAN_POINT('',(6.449959522357E-1,8.555124647825E0,1.078645467630E1));
#8566=CARTESIAN_POINT('',(6.603652462618E-1,8.702934156394E0,1.104347984498E1));
#8567=CARTESIAN_POINT('',(2.497241067175E0,8.289011261375E0,9.983155870835E0));
#8568=CARTESIAN_POINT('',(2.559724375400E0,8.436820769944E0,1.023294377218E1));
#8569=CARTESIAN_POINT('',(2.622207683625E0,8.584630278513E0,1.048273167353E1));
#8570=CARTESIAN_POINT('',(2.684690991849E0,8.732439787082E0,1.073251957488E1));
#8571=CARTESIAN_POINT('',(4.294638676291E0,8.318516892062E0,9.351774535198E0));
#8572=CARTESIAN_POINT('',(4.402094554561E0,8.466326400631E0,9.585764684732E0));
#8573=CARTESIAN_POINT('',(4.509550432831E0,8.614135909200E0,9.819754834267E0));
#8574=CARTESIAN_POINT('',(4.617006311101E0,8.761945417769E0,1.005374498380E1));
#8575=CARTESIAN_POINT('',(5.944855526027E0,8.348022522749E0,8.399899024077E0));
#8576=CARTESIAN_POINT('',(6.093601374022E0,8.495832031318E0,8.610072357632E0));
#8577=CARTESIAN_POINT('',(6.242347222017E0,8.643641539887E0,8.820245691186E0));
#8578=CARTESIAN_POINT('',(6.391093070011E0,8.791451048456E0,9.030419024741E0));
#8579=CARTESIAN_POINT('',(7.391336144966E0,8.377528153436E0,7.160150692766E0));
#8580=CARTESIAN_POINT('',(7.576274291550E0,8.525337662005E0,7.339304363011E0));
#8581=CARTESIAN_POINT('',(7.761212438135E0,8.673147170574E0,7.518458033256E0));
#8582=CARTESIAN_POINT('',(7.946150584719E0,8.820956679143E0,7.697611703502E0));
#8583=CARTESIAN_POINT('',(8.584508356578E0,8.407033784124E0,5.675018029294E0));
#8584=CARTESIAN_POINT('',(8.799300788375E0,8.554843292693E0,5.817012290628E0));
#8585=CARTESIAN_POINT('',(9.014093220171E0,8.702652801262E0,5.959006551961E0));
#8586=CARTESIAN_POINT('',(9.228885651968E0,8.850462309831E0,6.101000813295E0));
#8587=CARTESIAN_POINT('',(9.483481819818E0,8.436539414811E0,3.995394159179E0));
#8588=CARTESIAN_POINT('',(9.720767408854E0,8.584348923380E0,4.095362659621E0));
#8589=CARTESIAN_POINT('',(9.958052997890E0,8.732158431949E0,4.195331160062E0));
#8590=CARTESIAN_POINT('',(1.019533858693E1,8.879967940518E0,4.295299660504E0));
#8591=CARTESIAN_POINT('',(9.866123837158E0,8.456209835269E0,2.784368536434E0));
#8592=CARTESIAN_POINT('',(1.011298348752E1,8.604019343838E0,2.854036042611E0));
#8593=CARTESIAN_POINT('',(1.035984313787E1,8.751828852407E0,2.923703548788E0));
#8594=CARTESIAN_POINT('',(1.060670278823E1,8.899638360976E0,2.993371054965E0));
#8595=CARTESIAN_POINT('',(1.E1,8.466045045498E0,2.166403491907E0));
#8596=CARTESIAN_POINT('',(1.025020935722E1,8.613854554067E0,2.220608934426E0));
#8597=CARTESIAN_POINT('',(1.050041871445E1,8.761664062636E0,2.274814376946E0));
#8598=CARTESIAN_POINT('',(1.075062807167E1,8.909473571205E0,2.329019819465E0));
#8599=B_SPLINE_SURFACE_WITH_KNOTS('',3,3,((#8555,#8556,#8557,#8558),(#8559,
#8560,#8561,#8562),(#8563,#8564,#8565,#8566),(#8567,#8568,#8569,#8570),(#8571,
#8572,#8573,#8574),(#8575,#8576,#8577,#8578),(#8579,#8580,#8581,#8582),(#8583,
#8584,#8585,#8586),(#8587,#8588,#8589,#8590),(#8591,#8592,#8593,#8594),(#8595,
#8596,#8597,#8598)),.UNSPECIFIED.,.F.,.F.,.F.,(4,1,1,1,1,1,1,1,4),(4,4),(
-3.796152522571E-14,1.25E-1,2.500000000001E-1,3.750000000001E-1,
4.999999999999E-1,6.25E-1,7.5E-1,8.75E-1,1.E0),(0.E0,1.000019960813E0),
.UNSPECIFIED.);
#8600=ORIENTED_EDGE('',*,*,#4149,.T.);
#8602=ORIENTED_EDGE('',*,*,#8601,.T.);
#8603=ORIENTED_EDGE('',*,*,#6273,.F.);
#8604=ORIENTED_EDGE('',*,*,#6292,.F.);
#8605=EDGE_LOOP('',(#8600,#8602,#8603,#8604));
#8606=FACE_OUTER_BOUND('',#8605,.F.);
#8607=ADVANCED_FACE('',(#8606),#8599,.T.);
#8608=CARTESIAN_POINT('',(-1.378667394303E0,7.786571919035E0,1.091327616158E1));
#8609=CARTESIAN_POINT('',(-1.346580416833E0,7.934381279357E0,1.065928158118E1));
#8610=CARTESIAN_POINT('',(-1.314493439362E0,8.082190639678E0,1.040528700078E1));
#8611=CARTESIAN_POINT('',(-1.282406461891E0,8.23E0,1.015129242038E1));
#8612=CARTESIAN_POINT('',(-7.042646821534E-1,7.796407129264E0,
1.099847303703E1));
#8613=CARTESIAN_POINT('',(-6.878736910536E-1,7.944216489586E0,
1.074249559243E1));
#8614=CARTESIAN_POINT('',(-6.714826999538E-1,8.092025849907E0,
1.048651814782E1));
#8615=CARTESIAN_POINT('',(-6.550917088539E-1,8.239835210229E0,
1.023054070322E1));
#8616=CARTESIAN_POINT('',(6.603652000174E-1,7.816077549722E0,1.104347907162E1));
#8617=CARTESIAN_POINT('',(6.449959214061E-1,7.963886910044E0,1.078645416072E1));
#8618=CARTESIAN_POINT('',(6.296266427948E-1,8.111696270365E0,1.052942924983E1));
#8619=CARTESIAN_POINT('',(6.142573641835E-1,8.259505630687E0,1.027240433894E1));
#8620=CARTESIAN_POINT('',(2.684690803844E0,7.845583180410E0,1.073251882330E1));
#8621=CARTESIAN_POINT('',(2.622207558288E0,7.993392540732E0,1.048273117248E1));
#8622=CARTESIAN_POINT('',(2.559724312731E0,8.141201901053E0,1.023294352166E1));
#8623=CARTESIAN_POINT('',(2.497241067175E0,8.289011261375E0,9.983155870835E0));
#8624=CARTESIAN_POINT('',(4.617005987778E0,7.875088811097E0,1.005374427975E1));
#8625=CARTESIAN_POINT('',(4.509550217282E0,8.022898171419E0,9.819754364900E0));
#8626=CARTESIAN_POINT('',(4.402094446787E0,8.170707531740E0,9.585764450049E0));
#8627=CARTESIAN_POINT('',(4.294638676291E0,8.318516892062E0,9.351774535198E0));
#8628=CARTESIAN_POINT('',(6.391092622452E0,7.904594441784E0,9.030418392352E0));
#8629=CARTESIAN_POINT('',(6.242346923643E0,8.052403802106E0,8.820245269594E0));
#8630=CARTESIAN_POINT('',(6.093601224835E0,8.200213162427E0,8.610072146835E0));
#8631=CARTESIAN_POINT('',(5.944855526027E0,8.348022522749E0,8.399899024077E0));
#8632=CARTESIAN_POINT('',(7.946150028261E0,7.934100072472E0,7.697611164448E0));
#8633=CARTESIAN_POINT('',(7.761212067163E0,8.081909432794E0,7.518457673887E0));
#8634=CARTESIAN_POINT('',(7.576274106064E0,8.229718793115E0,7.339304183327E0));
#8635=CARTESIAN_POINT('',(7.391336144966E0,8.377528153436E0,7.160150692766E0));
#8636=CARTESIAN_POINT('',(9.228885005681E0,7.963605703159E0,6.101000386050E0));
#8637=CARTESIAN_POINT('',(9.014092789314E0,8.111415063481E0,5.959006267131E0));
#8638=CARTESIAN_POINT('',(8.799300572946E0,8.259224423802E0,5.817012148213E0));
#8639=CARTESIAN_POINT('',(8.584508356578E0,8.407033784124E0,5.675018029294E0));
#8640=CARTESIAN_POINT('',(1.019533787296E1,7.993111333846E0,4.295299359710E0));
#8641=CARTESIAN_POINT('',(9.958052521913E0,8.140920694168E0,4.195330959533E0));
#8642=CARTESIAN_POINT('',(9.720767170865E0,8.288730054489E0,4.095362559356E0));
#8643=CARTESIAN_POINT('',(9.483481819818E0,8.436539414811E0,3.995394159179E0));
#8644=CARTESIAN_POINT('',(1.060670204546E1,8.012781754304E0,2.993370845343E0));
#8645=CARTESIAN_POINT('',(1.035984264269E1,8.160591114626E0,2.923703409040E0));
#8646=CARTESIAN_POINT('',(1.011298323993E1,8.308400474947E0,2.854035972737E0));
#8647=CARTESIAN_POINT('',(9.866123837158E0,8.456209835269E0,2.784368536434E0));
#8648=CARTESIAN_POINT('',(1.075062731882E1,8.022616964533E0,2.329019656367E0));
#8649=CARTESIAN_POINT('',(1.050041821254E1,8.170426324855E0,2.274814268214E0));
#8650=CARTESIAN_POINT('',(1.025020910627E1,8.318235685176E0,2.220608880060E0));
#8651=CARTESIAN_POINT('',(1.E1,8.466045045498E0,2.166403491907E0));
#8652=B_SPLINE_SURFACE_WITH_KNOTS('',3,3,((#8608,#8609,#8610,#8611),(#8612,
#8613,#8614,#8615),(#8616,#8617,#8618,#8619),(#8620,#8621,#8622,#8623),(#8624,
#8625,#8626,#8627),(#8628,#8629,#8630,#8631),(#8632,#8633,#8634,#8635),(#8636,
#8637,#8638,#8639),(#8640,#8641,#8642,#8643),(#8644,#8645,#8646,#8647),(#8648,
#8649,#8650,#8651)),.UNSPECIFIED.,.F.,.F.,.F.,(4,1,1,1,1,1,1,1,4),(4,4),(
-3.087758961329E-14,1.25E-1,2.500000000001E-1,3.750000000001E-1,
4.999999999999E-1,6.25E-1,7.5E-1,8.75E-1,1.E0),(-1.895782984573E-5,1.E0),
.UNSPECIFIED.);
#8653=ORIENTED_EDGE('',*,*,#4147,.T.);
#8654=ORIENTED_EDGE('',*,*,#5970,.F.);
#8655=ORIENTED_EDGE('',*,*,#6120,.F.);
#8656=ORIENTED_EDGE('',*,*,#8601,.F.);
#8657=EDGE_LOOP('',(#8653,#8654,#8655,#8656));
#8658=FACE_OUTER_BOUND('',#8657,.F.);
#8659=ADVANCED_FACE('',(#8658),#8652,.T.);
#8660=CARTESIAN_POINT('',(0.E0,-8.205E0,0.E0));
#8661=DIRECTION('',(0.E0,1.E0,0.E0));
#8662=DIRECTION('',(0.E0,0.E0,1.E0));
#8663=AXIS2_PLACEMENT_3D('',#8660,#8661,#8662);
#8664=CYLINDRICAL_SURFACE('',#8663,7.35E0);
#8666=ORIENTED_EDGE('',*,*,#8665,.T.);
#8668=ORIENTED_EDGE('',*,*,#8667,.F.);
#8670=ORIENTED_EDGE('',*,*,#8669,.T.);
#8672=ORIENTED_EDGE('',*,*,#8671,.F.);
#8674=ORIENTED_EDGE('',*,*,#8673,.T.);
#8676=ORIENTED_EDGE('',*,*,#8675,.T.);
#8678=ORIENTED_EDGE('',*,*,#8677,.F.);
#8680=ORIENTED_EDGE('',*,*,#8679,.F.);
#8681=EDGE_LOOP('',(#8666,#8668,#8670,#8672,#8674,#8676,#8678,#8680));
#8682=FACE_OUTER_BOUND('',#8681,.F.);
#8683=ADVANCED_FACE('',(#8682),#8664,.T.);
#8684=CARTESIAN_POINT('',(6.911765331665E0,-5.05E0,-2.5E0));
#8685=DIRECTION('',(0.E0,0.E0,1.E0));
#8686=DIRECTION('',(-1.E0,0.E0,0.E0));
#8687=AXIS2_PLACEMENT_3D('',#8684,#8685,#8686);
#8688=PLANE('',#8687);
#8690=ORIENTED_EDGE('',*,*,#8689,.F.);
#8692=ORIENTED_EDGE('',*,*,#8691,.T.);
#8694=ORIENTED_EDGE('',*,*,#8693,.F.);
#8696=ORIENTED_EDGE('',*,*,#8695,.F.);
#8698=ORIENTED_EDGE('',*,*,#8697,.F.);
#8699=ORIENTED_EDGE('',*,*,#8665,.F.);
#8701=ORIENTED_EDGE('',*,*,#8700,.F.);
#8702=EDGE_LOOP('',(#8690,#8692,#8694,#8696,#8698,#8699,#8701));
#8703=FACE_OUTER_BOUND('',#8702,.F.);
#8704=ADVANCED_FACE('',(#8703),#8688,.F.);
#8705=CARTESIAN_POINT('',(0.E0,-5.05E0,0.E0));
#8706=DIRECTION('',(0.E0,-1.E0,0.E0));
#8707=DIRECTION('',(0.E0,0.E0,-1.E0));
#8708=AXIS2_PLACEMENT_3D('',#8705,#8706,#8707);
#8709=CYLINDRICAL_SURFACE('',#8708,7.E0);
#8711=ORIENTED_EDGE('',*,*,#8710,.F.);
#8712=ORIENTED_EDGE('',*,*,#8689,.T.);
#8714=ORIENTED_EDGE('',*,*,#8713,.F.);
#8716=ORIENTED_EDGE('',*,*,#8715,.T.);
#8717=EDGE_LOOP('',(#8711,#8712,#8714,#8716));
#8718=FACE_OUTER_BOUND('',#8717,.F.);
#8719=ADVANCED_FACE('',(#8718),#8709,.T.);
#8720=CARTESIAN_POINT('',(0.E0,-5.05E0,0.E0));
#8721=DIRECTION('',(0.E0,1.E0,0.E0));
#8722=DIRECTION('',(0.E0,0.E0,1.E0));
#8723=AXIS2_PLACEMENT_3D('',#8720,#8721,#8722);
#8724=PLANE('',#8723);
#8726=ORIENTED_EDGE('',*,*,#8725,.T.);
#8728=ORIENTED_EDGE('',*,*,#8727,.T.);
#8730=ORIENTED_EDGE('',*,*,#8729,.T.);
#8732=ORIENTED_EDGE('',*,*,#8731,.F.);
#8734=ORIENTED_EDGE('',*,*,#8733,.T.);
#8736=ORIENTED_EDGE('',*,*,#8735,.T.);
#8737=ORIENTED_EDGE('',*,*,#8691,.F.);
#8738=ORIENTED_EDGE('',*,*,#8710,.T.);
#8740=ORIENTED_EDGE('',*,*,#8739,.F.);
#8742=ORIENTED_EDGE('',*,*,#8741,.T.);
#8743=EDGE_LOOP('',(#8726,#8728,#8730,#8732,#8734,#8736,#8737,#8738,#8740,
#8742));
#8744=FACE_OUTER_BOUND('',#8743,.F.);
#8745=ADVANCED_FACE('',(#8744),#8724,.F.);
#8746=CARTESIAN_POINT('',(4.856921938165E0,-5.05E0,-3.800741891097E0));
#8747=DIRECTION('',(-5.E-1,0.E0,8.660254037844E-1));
#8748=DIRECTION('',(-8.660254037844E-1,0.E0,-5.E-1));
#8749=AXIS2_PLACEMENT_3D('',#8746,#8747,#8748);
#8750=PLANE('',#8749);
#8751=ORIENTED_EDGE('',*,*,#8725,.F.);
#8753=ORIENTED_EDGE('',*,*,#8752,.F.);
#8755=ORIENTED_EDGE('',*,*,#8754,.F.);
#8757=ORIENTED_EDGE('',*,*,#8756,.F.);
#8758=EDGE_LOOP('',(#8751,#8753,#8755,#8757));
#8759=FACE_OUTER_BOUND('',#8758,.F.);
#8760=ADVANCED_FACE('',(#8759),#8750,.F.);
#8761=CARTESIAN_POINT('',(0.E0,-5.05E0,0.E0));
#8762=DIRECTION('',(0.E0,-1.E0,0.E0));
#8763=DIRECTION('',(0.E0,0.E0,-1.E0));
#8764=AXIS2_PLACEMENT_3D('',#8761,#8762,#8763);
#8765=CYLINDRICAL_SURFACE('',#8764,6.E0);
#8766=ORIENTED_EDGE('',*,*,#8752,.T.);
#8767=ORIENTED_EDGE('',*,*,#8741,.F.);
#8769=ORIENTED_EDGE('',*,*,#8768,.T.);
#8771=ORIENTED_EDGE('',*,*,#8770,.F.);
#8772=EDGE_LOOP('',(#8766,#8767,#8769,#8771));
#8773=FACE_OUTER_BOUND('',#8772,.F.);
#8774=ADVANCED_FACE('',(#8773),#8765,.T.);
#8775=CARTESIAN_POINT('',(6.324555320337E0,-5.05E0,-3.E0));
#8776=DIRECTION('',(0.E0,0.E0,1.E0));
#8777=DIRECTION('',(-1.E0,0.E0,0.E0));
#8778=AXIS2_PLACEMENT_3D('',#8775,#8776,#8777);
#8779=PLANE('',#8778);
#8780=ORIENTED_EDGE('',*,*,#8739,.T.);
#8781=ORIENTED_EDGE('',*,*,#8715,.F.);
#8783=ORIENTED_EDGE('',*,*,#8782,.F.);
#8784=ORIENTED_EDGE('',*,*,#8768,.F.);
#8785=EDGE_LOOP('',(#8780,#8781,#8783,#8784));
#8786=FACE_OUTER_BOUND('',#8785,.F.);
#8787=ADVANCED_FACE('',(#8786),#8779,.F.);
#8788=CARTESIAN_POINT('',(0.E0,-1.05E0,0.E0));
#8789=DIRECTION('',(0.E0,-1.E0,0.E0));
#8790=DIRECTION('',(0.E0,0.E0,-1.E0));
#8791=AXIS2_PLACEMENT_3D('',#8788,#8789,#8790);
#8792=PLANE('',#8791);
#8794=ORIENTED_EDGE('',*,*,#8793,.T.);
#8796=ORIENTED_EDGE('',*,*,#8795,.T.);
#8797=ORIENTED_EDGE('',*,*,#8754,.T.);
#8798=ORIENTED_EDGE('',*,*,#8770,.T.);
#8799=ORIENTED_EDGE('',*,*,#8782,.T.);
#8800=ORIENTED_EDGE('',*,*,#8713,.T.);
#8801=ORIENTED_EDGE('',*,*,#8700,.T.);
#8802=ORIENTED_EDGE('',*,*,#8679,.T.);
#8804=ORIENTED_EDGE('',*,*,#8803,.T.);
#8806=ORIENTED_EDGE('',*,*,#8805,.T.);
#8807=EDGE_LOOP('',(#8794,#8796,#8797,#8798,#8799,#8800,#8801,#8802,#8804,
#8806));
#8808=FACE_OUTER_BOUND('',#8807,.F.);
#8809=ADVANCED_FACE('',(#8808),#8792,.T.);
#8810=CARTESIAN_POINT('',(0.E0,-5.05E0,0.E0));
#8811=DIRECTION('',(0.E0,-1.E0,0.E0));
#8812=DIRECTION('',(0.E0,0.E0,-1.E0));
#8813=AXIS2_PLACEMENT_3D('',#8810,#8811,#8812);
#8814=CYLINDRICAL_SURFACE('',#8813,6.E0);
#8815=ORIENTED_EDGE('',*,*,#8756,.T.);
#8816=ORIENTED_EDGE('',*,*,#8795,.F.);
#8817=ORIENTED_EDGE('',*,*,#8793,.F.);
#8819=ORIENTED_EDGE('',*,*,#8818,.T.);
#8820=ORIENTED_EDGE('',*,*,#8729,.F.);
#8821=ORIENTED_EDGE('',*,*,#8727,.F.);
#8822=EDGE_LOOP('',(#8815,#8816,#8817,#8819,#8820,#8821));
#8823=FACE_OUTER_BOUND('',#8822,.F.);
#8824=ADVANCED_FACE('',(#8823),#8814,.T.);
#8825=CARTESIAN_POINT('',(-5.454356057318E0,-5.05E0,-2.5E0));
#8826=DIRECTION('',(0.E0,0.E0,1.E0));
#8827=DIRECTION('',(-1.E0,0.E0,0.E0));
#8828=AXIS2_PLACEMENT_3D('',#8825,#8826,#8827);
#8829=PLANE('',#8828);
#8831=ORIENTED_EDGE('',*,*,#8830,.F.);
#8833=ORIENTED_EDGE('',*,*,#8832,.F.);
#8835=ORIENTED_EDGE('',*,*,#8834,.F.);
#8837=ORIENTED_EDGE('',*,*,#8836,.T.);
#8838=ORIENTED_EDGE('',*,*,#8731,.T.);
#8839=ORIENTED_EDGE('',*,*,#8818,.F.);
#8840=ORIENTED_EDGE('',*,*,#8805,.F.);
#8841=EDGE_LOOP('',(#8831,#8833,#8835,#8837,#8838,#8839,#8840));
#8842=FACE_OUTER_BOUND('',#8841,.F.);
#8843=ADVANCED_FACE('',(#8842),#8829,.F.);
#8844=CARTESIAN_POINT('',(0.E0,-8.205E0,0.E0));
#8845=DIRECTION('',(0.E0,1.E0,0.E0));
#8846=DIRECTION('',(0.E0,0.E0,1.E0));
#8847=AXIS2_PLACEMENT_3D('',#8844,#8845,#8846);
#8848=CYLINDRICAL_SURFACE('',#8847,7.35E0);
#8850=ORIENTED_EDGE('',*,*,#8849,.T.);
#8852=ORIENTED_EDGE('',*,*,#8851,.F.);
#8853=ORIENTED_EDGE('',*,*,#8830,.T.);
#8854=ORIENTED_EDGE('',*,*,#8803,.F.);
#8855=ORIENTED_EDGE('',*,*,#8677,.T.);
#8857=ORIENTED_EDGE('',*,*,#8856,.T.);
#8858=ORIENTED_EDGE('',*,*,#8673,.F.);
#8860=ORIENTED_EDGE('',*,*,#8859,.F.);
#8861=EDGE_LOOP('',(#8850,#8852,#8853,#8854,#8855,#8857,#8858,#8860));
#8862=FACE_OUTER_BOUND('',#8861,.F.);
#8863=ADVANCED_FACE('',(#8862),#8848,.T.);
#8864=CARTESIAN_POINT('',(-6.911765331665E0,-5.05E0,2.5E0));
#8865=DIRECTION('',(0.E0,0.E0,-1.E0));
#8866=DIRECTION('',(1.E0,0.E0,0.E0));
#8867=AXIS2_PLACEMENT_3D('',#8864,#8865,#8866);
#8868=PLANE('',#8867);
#8870=ORIENTED_EDGE('',*,*,#8869,.F.);
#8872=ORIENTED_EDGE('',*,*,#8871,.T.);
#8874=ORIENTED_EDGE('',*,*,#8873,.F.);
#8876=ORIENTED_EDGE('',*,*,#8875,.F.);
#8878=ORIENTED_EDGE('',*,*,#8877,.F.);
#8879=ORIENTED_EDGE('',*,*,#8849,.F.);
#8881=ORIENTED_EDGE('',*,*,#8880,.F.);
#8882=EDGE_LOOP('',(#8870,#8872,#8874,#8876,#8878,#8879,#8881));
#8883=FACE_OUTER_BOUND('',#8882,.F.);
#8884=ADVANCED_FACE('',(#8883),#8868,.F.);
#8885=CARTESIAN_POINT('',(0.E0,-5.05E0,0.E0));
#8886=DIRECTION('',(0.E0,-1.E0,0.E0));
#8887=DIRECTION('',(0.E0,0.E0,-1.E0));
#8888=AXIS2_PLACEMENT_3D('',#8885,#8886,#8887);
#8889=CYLINDRICAL_SURFACE('',#8888,6.E0);
#8890=ORIENTED_EDGE('',*,*,#8869,.T.);
#8892=ORIENTED_EDGE('',*,*,#8891,.F.);
#8894=ORIENTED_EDGE('',*,*,#8893,.F.);
#8896=ORIENTED_EDGE('',*,*,#8895,.T.);
#8898=ORIENTED_EDGE('',*,*,#8897,.F.);
#8900=ORIENTED_EDGE('',*,*,#8899,.F.);
#8901=EDGE_LOOP('',(#8890,#8892,#8894,#8896,#8898,#8900));
#8902=FACE_OUTER_BOUND('',#8901,.F.);
#8903=ADVANCED_FACE('',(#8902),#8889,.T.);
#8904=CARTESIAN_POINT('',(0.E0,-1.05E0,0.E0));
#8905=DIRECTION('',(0.E0,-1.E0,0.E0));
#8906=DIRECTION('',(0.E0,0.E0,-1.E0));
#8907=AXIS2_PLACEMENT_3D('',#8904,#8905,#8906);
#8908=PLANE('',#8907);
#8910=ORIENTED_EDGE('',*,*,#8909,.T.);
#8912=ORIENTED_EDGE('',*,*,#8911,.T.);
#8914=ORIENTED_EDGE('',*,*,#8913,.T.);
#8915=ORIENTED_EDGE('',*,*,#8893,.T.);
#8916=ORIENTED_EDGE('',*,*,#8891,.T.);
#8917=ORIENTED_EDGE('',*,*,#8880,.T.);
#8918=ORIENTED_EDGE('',*,*,#8859,.T.);
#8919=ORIENTED_EDGE('',*,*,#8671,.T.);
#8920=EDGE_LOOP('',(#8910,#8912,#8914,#8915,#8916,#8917,#8918,#8919));
#8921=FACE_OUTER_BOUND('',#8920,.F.);
#8922=ADVANCED_FACE('',(#8921),#8908,.T.);
#8923=CARTESIAN_POINT('',(6.538348415311E0,-5.05E0,2.5E0));
#8924=DIRECTION('',(0.E0,0.E0,-1.E0));
#8925=DIRECTION('',(1.E0,0.E0,0.E0));
#8926=AXIS2_PLACEMENT_3D('',#8923,#8924,#8925);
#8927=PLANE('',#8926);
#8928=ORIENTED_EDGE('',*,*,#8669,.F.);
#8930=ORIENTED_EDGE('',*,*,#8929,.F.);
#8932=ORIENTED_EDGE('',*,*,#8931,.F.);
#8934=ORIENTED_EDGE('',*,*,#8933,.T.);
#8936=ORIENTED_EDGE('',*,*,#8935,.T.);
#8938=ORIENTED_EDGE('',*,*,#8937,.F.);
#8939=ORIENTED_EDGE('',*,*,#8909,.F.);
#8940=EDGE_LOOP('',(#8928,#8930,#8932,#8934,#8936,#8938,#8939));
#8941=FACE_OUTER_BOUND('',#8940,.F.);
#8942=ADVANCED_FACE('',(#8941),#8927,.F.);
#8943=CARTESIAN_POINT('',(0.E0,-5.35E0,0.E0));
#8944=DIRECTION('',(0.E0,-1.E0,0.E0));
#8945=DIRECTION('',(-1.E0,0.E0,0.E0));
#8946=AXIS2_PLACEMENT_3D('',#8943,#8944,#8945);
#8947=PLANE('',#8946);
#8949=ORIENTED_EDGE('',*,*,#8948,.T.);
#8951=ORIENTED_EDGE('',*,*,#8950,.T.);
#8953=ORIENTED_EDGE('',*,*,#8952,.T.);
#8955=ORIENTED_EDGE('',*,*,#8954,.T.);
#8957=ORIENTED_EDGE('',*,*,#8956,.T.);
#8958=ORIENTED_EDGE('',*,*,#8929,.T.);
#8959=ORIENTED_EDGE('',*,*,#8667,.T.);
#8960=ORIENTED_EDGE('',*,*,#8697,.T.);
#8962=ORIENTED_EDGE('',*,*,#8961,.T.);
#8963=EDGE_LOOP('',(#8949,#8951,#8953,#8955,#8957,#8958,#8959,#8960,#8962));
#8964=FACE_OUTER_BOUND('',#8963,.F.);
#8965=ADVANCED_FACE('',(#8964),#8947,.T.);
#8966=CARTESIAN_POINT('',(6.697947446793E0,-5.05E0,-2.2E0));
#8967=DIRECTION('',(0.E0,0.E0,1.E0));
#8968=DIRECTION('',(-1.E0,0.E0,0.E0));
#8969=AXIS2_PLACEMENT_3D('',#8966,#8967,#8968);
#8970=PLANE('',#8969);
#8972=ORIENTED_EDGE('',*,*,#8971,.T.);
#8974=ORIENTED_EDGE('',*,*,#8973,.F.);
#8975=ORIENTED_EDGE('',*,*,#8948,.F.);
#8977=ORIENTED_EDGE('',*,*,#8976,.F.);
#8979=ORIENTED_EDGE('',*,*,#8978,.T.);
#8980=EDGE_LOOP('',(#8972,#8974,#8975,#8977,#8979));
#8981=FACE_OUTER_BOUND('',#8980,.F.);
#8982=ADVANCED_FACE('',(#8981),#8970,.T.);
#8983=CARTESIAN_POINT('',(0.E0,-5.05E0,0.E0));
#8984=DIRECTION('',(0.E0,1.E0,0.E0));
#8985=DIRECTION('',(0.E0,0.E0,1.E0));
#8986=AXIS2_PLACEMENT_3D('',#8983,#8984,#8985);
#8987=PLANE('',#8986);
#8988=ORIENTED_EDGE('',*,*,#8971,.F.);
#8990=ORIENTED_EDGE('',*,*,#8989,.T.);
#8992=ORIENTED_EDGE('',*,*,#8991,.F.);
#8994=ORIENTED_EDGE('',*,*,#8993,.T.);
#8996=ORIENTED_EDGE('',*,*,#8995,.T.);
#8997=EDGE_LOOP('',(#8988,#8990,#8992,#8994,#8996));
#8998=FACE_OUTER_BOUND('',#8997,.F.);
#8999=ADVANCED_FACE('',(#8998),#8987,.F.);
#9000=CARTESIAN_POINT('',(0.E0,-5.25E0,0.E0));
#9001=DIRECTION('',(0.E0,1.E0,0.E0));
#9002=DIRECTION('',(8.280040376947E-3,0.E0,-9.999657198781E-1));
#9003=AXIS2_PLACEMENT_3D('',#9000,#9001,#9002);
#9004=TOROIDAL_SURFACE('',#9003,5.2E0,2.E-1);
#9005=ORIENTED_EDGE('',*,*,#8978,.F.);
#9007=ORIENTED_EDGE('',*,*,#9006,.T.);
#9009=ORIENTED_EDGE('',*,*,#9008,.T.);
#9010=ORIENTED_EDGE('',*,*,#8989,.F.);
#9011=EDGE_LOOP('',(#9005,#9007,#9009,#9010));
#9012=FACE_OUTER_BOUND('',#9011,.F.);
#9013=ADVANCED_FACE('',(#9012),#9004,.F.);
#9014=CARTESIAN_POINT('',(0.E0,-8.205E0,0.E0));
#9015=DIRECTION('',(0.E0,1.E0,0.E0));
#9016=DIRECTION('',(0.E0,0.E0,1.E0));
#9017=AXIS2_PLACEMENT_3D('',#9014,#9015,#9016);
#9018=CYLINDRICAL_SURFACE('',#9017,5.E0);
#9019=ORIENTED_EDGE('',*,*,#8956,.F.);
#9021=ORIENTED_EDGE('',*,*,#9020,.T.);
#9022=ORIENTED_EDGE('',*,*,#9006,.F.);
#9023=ORIENTED_EDGE('',*,*,#8976,.T.);
#9024=ORIENTED_EDGE('',*,*,#8961,.F.);
#9025=ORIENTED_EDGE('',*,*,#8695,.T.);
#9027=ORIENTED_EDGE('',*,*,#9026,.F.);
#9029=ORIENTED_EDGE('',*,*,#9028,.F.);
#9031=ORIENTED_EDGE('',*,*,#9030,.F.);
#9033=ORIENTED_EDGE('',*,*,#9032,.F.);
#9035=ORIENTED_EDGE('',*,*,#9034,.T.);
#9037=ORIENTED_EDGE('',*,*,#9036,.F.);
#9038=ORIENTED_EDGE('',*,*,#8931,.T.);
#9039=EDGE_LOOP('',(#9019,#9021,#9022,#9023,#9024,#9025,#9027,#9029,#9031,#9033,
#9035,#9037,#9038));
#9040=FACE_OUTER_BOUND('',#9039,.F.);
#9041=ADVANCED_FACE('',(#9040),#9018,.T.);
#9042=CARTESIAN_POINT('',(4.489988864129E0,-5.05E0,2.2E0));
#9043=DIRECTION('',(0.E0,0.E0,-1.E0));
#9044=DIRECTION('',(1.E0,0.E0,0.E0));
#9045=AXIS2_PLACEMENT_3D('',#9042,#9043,#9044);
#9046=PLANE('',#9045);
#9047=ORIENTED_EDGE('',*,*,#8991,.T.);
#9048=ORIENTED_EDGE('',*,*,#9008,.F.);
#9049=ORIENTED_EDGE('',*,*,#9020,.F.);
#9050=ORIENTED_EDGE('',*,*,#8954,.F.);
#9052=ORIENTED_EDGE('',*,*,#9051,.F.);
#9053=EDGE_LOOP('',(#9047,#9048,#9049,#9050,#9052));
#9054=FACE_OUTER_BOUND('',#9053,.F.);
#9055=ADVANCED_FACE('',(#9054),#9046,.T.);
#9056=CARTESIAN_POINT('',(0.E0,-5.05E0,0.E0));
#9057=DIRECTION('',(0.E0,-1.E0,0.E0));
#9058=DIRECTION('',(-1.E0,0.E0,0.E0));
#9059=AXIS2_PLACEMENT_3D('',#9056,#9057,#9058);
#9060=CYLINDRICAL_SURFACE('',#9059,7.05E0);
#9061=ORIENTED_EDGE('',*,*,#8995,.F.);
#9062=ORIENTED_EDGE('',*,*,#8993,.F.);
#9063=ORIENTED_EDGE('',*,*,#9051,.T.);
#9064=ORIENTED_EDGE('',*,*,#8952,.F.);
#9065=ORIENTED_EDGE('',*,*,#8950,.F.);
#9066=ORIENTED_EDGE('',*,*,#8973,.T.);
#9067=EDGE_LOOP('',(#9061,#9062,#9063,#9064,#9065,#9066));
#9068=FACE_OUTER_BOUND('',#9067,.F.);
#9069=ADVANCED_FACE('',(#9068),#9060,.F.);
#9070=CARTESIAN_POINT('',(0.E0,-5.25E0,0.E0));
#9071=DIRECTION('',(0.E0,1.E0,0.E0));
#9072=DIRECTION('',(8.280040376947E-3,0.E0,-9.999657198781E-1));
#9073=AXIS2_PLACEMENT_3D('',#9070,#9071,#9072);
#9074=TOROIDAL_SURFACE('',#9073,5.2E0,2.E-1);
#9076=ORIENTED_EDGE('',*,*,#9075,.T.);
#9077=ORIENTED_EDGE('',*,*,#9028,.T.);
#9078=ORIENTED_EDGE('',*,*,#9026,.T.);
#9079=ORIENTED_EDGE('',*,*,#8693,.T.);
#9080=ORIENTED_EDGE('',*,*,#8735,.F.);
#9081=ORIENTED_EDGE('',*,*,#8733,.F.);
#9082=ORIENTED_EDGE('',*,*,#8836,.F.);
#9083=EDGE_LOOP('',(#9076,#9077,#9078,#9079,#9080,#9081,#9082));
#9084=FACE_OUTER_BOUND('',#9083,.F.);
#9085=ADVANCED_FACE('',(#9084),#9074,.F.);
#9086=CARTESIAN_POINT('',(0.E0,-8.205E0,0.E0));
#9087=DIRECTION('',(0.E0,1.E0,0.E0));
#9088=DIRECTION('',(0.E0,0.E0,1.E0));
#9089=AXIS2_PLACEMENT_3D('',#9086,#9087,#9088);
#9090=CYLINDRICAL_SURFACE('',#9089,5.E0);
#9092=ORIENTED_EDGE('',*,*,#9091,.F.);
#9094=ORIENTED_EDGE('',*,*,#9093,.T.);
#9096=ORIENTED_EDGE('',*,*,#9095,.F.);
#9098=ORIENTED_EDGE('',*,*,#9097,.T.);
#9100=ORIENTED_EDGE('',*,*,#9099,.F.);
#9101=ORIENTED_EDGE('',*,*,#8875,.T.);
#9103=ORIENTED_EDGE('',*,*,#9102,.F.);
#9105=ORIENTED_EDGE('',*,*,#9104,.F.);
#9106=ORIENTED_EDGE('',*,*,#9034,.F.);
#9108=ORIENTED_EDGE('',*,*,#9107,.F.);
#9109=ORIENTED_EDGE('',*,*,#9030,.T.);
#9110=ORIENTED_EDGE('',*,*,#9075,.F.);
#9111=ORIENTED_EDGE('',*,*,#8834,.T.);
#9112=EDGE_LOOP('',(#9092,#9094,#9096,#9098,#9100,#9101,#9103,#9105,#9106,#9108,
#9109,#9110,#9111));
#9113=FACE_OUTER_BOUND('',#9112,.F.);
#9114=ADVANCED_FACE('',(#9113),#9090,.T.);
#9115=CARTESIAN_POINT('',(0.E0,-5.35E0,0.E0));
#9116=DIRECTION('',(0.E0,-1.E0,0.E0));
#9117=DIRECTION('',(-1.E0,0.E0,0.E0));
#9118=AXIS2_PLACEMENT_3D('',#9115,#9116,#9117);
#9119=PLANE('',#9118);
#9121=ORIENTED_EDGE('',*,*,#9120,.T.);
#9123=ORIENTED_EDGE('',*,*,#9122,.T.);
#9125=ORIENTED_EDGE('',*,*,#9124,.T.);
#9127=ORIENTED_EDGE('',*,*,#9126,.T.);
#9128=ORIENTED_EDGE('',*,*,#9091,.T.);
#9129=ORIENTED_EDGE('',*,*,#8832,.T.);
#9130=ORIENTED_EDGE('',*,*,#8851,.T.);
#9131=ORIENTED_EDGE('',*,*,#8877,.T.);
#9132=ORIENTED_EDGE('',*,*,#9099,.T.);
#9133=EDGE_LOOP('',(#9121,#9123,#9125,#9127,#9128,#9129,#9130,#9131,#9132));
#9134=FACE_OUTER_BOUND('',#9133,.F.);
#9135=ADVANCED_FACE('',(#9134),#9119,.T.);
#9136=CARTESIAN_POINT('',(-6.697947446793E0,-5.05E0,2.2E0));
#9137=DIRECTION('',(0.E0,0.E0,-1.E0));
#9138=DIRECTION('',(1.E0,0.E0,0.E0));
#9139=AXIS2_PLACEMENT_3D('',#9136,#9137,#9138);
#9140=PLANE('',#9139);
#9142=ORIENTED_EDGE('',*,*,#9141,.T.);
#9144=ORIENTED_EDGE('',*,*,#9143,.F.);
#9145=ORIENTED_EDGE('',*,*,#9120,.F.);
#9146=ORIENTED_EDGE('',*,*,#9097,.F.);
#9148=ORIENTED_EDGE('',*,*,#9147,.T.);
#9149=EDGE_LOOP('',(#9142,#9144,#9145,#9146,#9148));
#9150=FACE_OUTER_BOUND('',#9149,.F.);
#9151=ADVANCED_FACE('',(#9150),#9140,.T.);
#9152=CARTESIAN_POINT('',(0.E0,-5.05E0,0.E0));
#9153=DIRECTION('',(0.E0,1.E0,0.E0));
#9154=DIRECTION('',(0.E0,0.E0,1.E0));
#9155=AXIS2_PLACEMENT_3D('',#9152,#9153,#9154);
#9156=PLANE('',#9155);
#9157=ORIENTED_EDGE('',*,*,#9141,.F.);
#9159=ORIENTED_EDGE('',*,*,#9158,.T.);
#9161=ORIENTED_EDGE('',*,*,#9160,.F.);
#9163=ORIENTED_EDGE('',*,*,#9162,.T.);
#9165=ORIENTED_EDGE('',*,*,#9164,.T.);
#9166=EDGE_LOOP('',(#9157,#9159,#9161,#9163,#9165));
#9167=FACE_OUTER_BOUND('',#9166,.F.);
#9168=ADVANCED_FACE('',(#9167),#9156,.F.);
#9169=CARTESIAN_POINT('',(0.E0,-5.25E0,0.E0));
#9170=DIRECTION('',(0.E0,1.E0,0.E0));
#9171=DIRECTION('',(8.280040376947E-3,0.E0,-9.999657198781E-1));
#9172=AXIS2_PLACEMENT_3D('',#9169,#9170,#9171);
#9173=TOROIDAL_SURFACE('',#9172,5.2E0,2.E-1);
#9174=ORIENTED_EDGE('',*,*,#9147,.F.);
#9175=ORIENTED_EDGE('',*,*,#9095,.T.);
#9177=ORIENTED_EDGE('',*,*,#9176,.T.);
#9178=ORIENTED_EDGE('',*,*,#9158,.F.);
#9179=EDGE_LOOP('',(#9174,#9175,#9177,#9178));
#9180=FACE_OUTER_BOUND('',#9179,.F.);
#9181=ADVANCED_FACE('',(#9180),#9173,.F.);
#9182=CARTESIAN_POINT('',(-4.489988864129E0,-5.05E0,-2.2E0));
#9183=DIRECTION('',(0.E0,0.E0,1.E0));
#9184=DIRECTION('',(-1.E0,0.E0,0.E0));
#9185=AXIS2_PLACEMENT_3D('',#9182,#9183,#9184);
#9186=PLANE('',#9185);
#9187=ORIENTED_EDGE('',*,*,#9160,.T.);
#9188=ORIENTED_EDGE('',*,*,#9176,.F.);
#9189=ORIENTED_EDGE('',*,*,#9093,.F.);
#9190=ORIENTED_EDGE('',*,*,#9126,.F.);
#9192=ORIENTED_EDGE('',*,*,#9191,.F.);
#9193=EDGE_LOOP('',(#9187,#9188,#9189,#9190,#9192));
#9194=FACE_OUTER_BOUND('',#9193,.F.);
#9195=ADVANCED_FACE('',(#9194),#9186,.T.);
#9196=CARTESIAN_POINT('',(0.E0,-5.05E0,0.E0));
#9197=DIRECTION('',(0.E0,-1.E0,0.E0));
#9198=DIRECTION('',(-1.E0,0.E0,0.E0));
#9199=AXIS2_PLACEMENT_3D('',#9196,#9197,#9198);
#9200=CYLINDRICAL_SURFACE('',#9199,7.05E0);
#9201=ORIENTED_EDGE('',*,*,#9164,.F.);
#9202=ORIENTED_EDGE('',*,*,#9162,.F.);
#9203=ORIENTED_EDGE('',*,*,#9191,.T.);
#9204=ORIENTED_EDGE('',*,*,#9124,.F.);
#9205=ORIENTED_EDGE('',*,*,#9122,.F.);
#9206=ORIENTED_EDGE('',*,*,#9143,.T.);
#9207=EDGE_LOOP('',(#9201,#9202,#9203,#9204,#9205,#9206));
#9208=FACE_OUTER_BOUND('',#9207,.F.);
#9209=ADVANCED_FACE('',(#9208),#9200,.F.);
#9210=CARTESIAN_POINT('',(-1.75E0,1.3E0,2.265E0));
#9211=DIRECTION('',(-1.E0,0.E0,0.E0));
#9212=DIRECTION('',(0.E0,-1.E0,0.E0));
#9213=AXIS2_PLACEMENT_3D('',#9210,#9211,#9212);
#9214=PLANE('',#9213);
#9216=ORIENTED_EDGE('',*,*,#9215,.T.);
#9218=ORIENTED_EDGE('',*,*,#9217,.T.);
#9220=ORIENTED_EDGE('',*,*,#9219,.F.);
#9222=ORIENTED_EDGE('',*,*,#9221,.T.);
#9224=ORIENTED_EDGE('',*,*,#9223,.T.);
#9225=EDGE_LOOP('',(#9216,#9218,#9220,#9222,#9224));
#9226=FACE_OUTER_BOUND('',#9225,.F.);
#9227=ADVANCED_FACE('',(#9226),#9214,.T.);
#9228=CARTESIAN_POINT('',(0.E0,1.3E0,2.765E0));
#9229=DIRECTION('',(0.E0,0.E0,1.E0));
#9230=DIRECTION('',(1.E0,0.E0,0.E0));
#9231=AXIS2_PLACEMENT_3D('',#9228,#9229,#9230);
#9232=PLANE('',#9231);
#9234=ORIENTED_EDGE('',*,*,#9233,.T.);
#9236=ORIENTED_EDGE('',*,*,#9235,.T.);
#9238=ORIENTED_EDGE('',*,*,#9237,.T.);
#9240=ORIENTED_EDGE('',*,*,#9239,.T.);
#9242=ORIENTED_EDGE('',*,*,#9241,.T.);
#9244=ORIENTED_EDGE('',*,*,#9243,.T.);
#9246=ORIENTED_EDGE('',*,*,#9245,.T.);
#9248=ORIENTED_EDGE('',*,*,#9247,.T.);
#9250=ORIENTED_EDGE('',*,*,#9249,.T.);
#9252=ORIENTED_EDGE('',*,*,#9251,.T.);
#9254=ORIENTED_EDGE('',*,*,#9253,.T.);
#9256=ORIENTED_EDGE('',*,*,#9255,.T.);
#9258=ORIENTED_EDGE('',*,*,#9257,.T.);
#9260=ORIENTED_EDGE('',*,*,#9259,.T.);
#9262=ORIENTED_EDGE('',*,*,#9261,.T.);
#9264=ORIENTED_EDGE('',*,*,#9263,.T.);
#9266=ORIENTED_EDGE('',*,*,#9265,.T.);
#9267=ORIENTED_EDGE('',*,*,#9219,.T.);
#9269=ORIENTED_EDGE('',*,*,#9268,.T.);
#9271=ORIENTED_EDGE('',*,*,#9270,.T.);
#9272=EDGE_LOOP('',(#9234,#9236,#9238,#9240,#9242,#9244,#9246,#9248,#9250,#9252,
#9254,#9256,#9258,#9260,#9262,#9264,#9266,#9267,#9269,#9271));
#9273=FACE_OUTER_BOUND('',#9272,.F.);
#9274=ADVANCED_FACE('',(#9273),#9232,.T.);
#9275=CARTESIAN_POINT('',(0.E0,-8.2E0,0.E0));
#9276=DIRECTION('',(0.E0,-1.E0,0.E0));
#9277=DIRECTION('',(-1.E0,0.E0,0.E0));
#9278=AXIS2_PLACEMENT_3D('',#9275,#9276,#9277);
#9279=PLANE('',#9278);
#9281=ORIENTED_EDGE('',*,*,#9280,.T.);
#9283=ORIENTED_EDGE('',*,*,#9282,.T.);
#9284=EDGE_LOOP('',(#9281,#9283));
#9285=FACE_OUTER_BOUND('',#9284,.F.);
#9286=ADVANCED_FACE('',(#9285),#9279,.T.);
#9287=CARTESIAN_POINT('',(0.E0,-7.2E0,0.E0));
#9288=DIRECTION('',(0.E0,-1.E0,0.E0));
#9289=DIRECTION('',(-1.E0,0.E0,0.E0));
#9290=AXIS2_PLACEMENT_3D('',#9287,#9288,#9289);
#9291=CYLINDRICAL_SURFACE('',#9290,4.25E0);
#9293=ORIENTED_EDGE('',*,*,#9292,.T.);
#9294=ORIENTED_EDGE('',*,*,#9280,.F.);
#9296=ORIENTED_EDGE('',*,*,#9295,.T.);
#9298=ORIENTED_EDGE('',*,*,#9297,.T.);
#9299=EDGE_LOOP('',(#9293,#9294,#9296,#9298));
#9300=FACE_OUTER_BOUND('',#9299,.F.);
#9301=ADVANCED_FACE('',(#9300),#9291,.T.);
#9302=CARTESIAN_POINT('',(0.E0,-7.2E0,0.E0));
#9303=DIRECTION('',(0.E0,-1.E0,0.E0));
#9304=DIRECTION('',(-1.E0,0.E0,0.E0));
#9305=AXIS2_PLACEMENT_3D('',#9302,#9303,#9304);
#9306=CYLINDRICAL_SURFACE('',#9305,4.25E0);
#9307=ORIENTED_EDGE('',*,*,#9295,.F.);
#9308=ORIENTED_EDGE('',*,*,#9282,.F.);
#9309=ORIENTED_EDGE('',*,*,#9292,.F.);
#9311=ORIENTED_EDGE('',*,*,#9310,.T.);
#9312=EDGE_LOOP('',(#9307,#9308,#9309,#9311));
#9313=FACE_OUTER_BOUND('',#9312,.F.);
#9314=ADVANCED_FACE('',(#9313),#9306,.T.);
#9315=CARTESIAN_POINT('',(0.E0,-7.7E0,0.E0));
#9316=DIRECTION('',(0.E0,1.E0,0.E0));
#9317=DIRECTION('',(0.E0,0.E0,1.E0));
#9318=AXIS2_PLACEMENT_3D('',#9315,#9316,#9317);
#9319=PLANE('',#9318);
#9321=ORIENTED_EDGE('',*,*,#9320,.T.);
#9323=ORIENTED_EDGE('',*,*,#9322,.T.);
#9325=ORIENTED_EDGE('',*,*,#9324,.T.);
#9327=ORIENTED_EDGE('',*,*,#9326,.T.);
#9328=EDGE_LOOP('',(#9321,#9323,#9325,#9327));
#9329=FACE_OUTER_BOUND('',#9328,.F.);
#9330=ADVANCED_FACE('',(#9329),#9319,.F.);
#9331=CARTESIAN_POINT('',(0.E0,-7.5E0,0.E0));
#9332=DIRECTION('',(0.E0,1.E0,0.E0));
#9333=DIRECTION('',(-1.122097485172E-2,0.E0,-9.999370428799E-1));
#9334=AXIS2_PLACEMENT_3D('',#9331,#9332,#9333);
#9335=TOROIDAL_SURFACE('',#9334,4.8E0,2.E-1);
#9336=ORIENTED_EDGE('',*,*,#9322,.F.);
#9337=ORIENTED_EDGE('',*,*,#9320,.F.);
#9339=ORIENTED_EDGE('',*,*,#9338,.F.);
#9340=ORIENTED_EDGE('',*,*,#9032,.T.);
#9342=ORIENTED_EDGE('',*,*,#9341,.T.);
#9343=EDGE_LOOP('',(#9336,#9337,#9339,#9340,#9342));
#9344=FACE_OUTER_BOUND('',#9343,.F.);
#9345=ADVANCED_FACE('',(#9344),#9335,.T.);
#9346=CARTESIAN_POINT('',(0.E0,-7.5E0,0.E0));
#9347=DIRECTION('',(0.E0,1.E0,0.E0));
#9348=DIRECTION('',(1.122097485172E-2,0.E0,9.999370428799E-1));
#9349=AXIS2_PLACEMENT_3D('',#9346,#9347,#9348);
#9350=TOROIDAL_SURFACE('',#9349,4.8E0,2.E-1);
#9351=ORIENTED_EDGE('',*,*,#9326,.F.);
#9352=ORIENTED_EDGE('',*,*,#9324,.F.);
#9353=ORIENTED_EDGE('',*,*,#9341,.F.);
#9354=ORIENTED_EDGE('',*,*,#9107,.T.);
#9355=ORIENTED_EDGE('',*,*,#9338,.T.);
#9356=EDGE_LOOP('',(#9351,#9352,#9353,#9354,#9355));
#9357=FACE_OUTER_BOUND('',#9356,.F.);
#9358=ADVANCED_FACE('',(#9357),#9350,.T.);
#9359=CARTESIAN_POINT('',(0.E0,1.3E0,-2.765E0));
#9360=DIRECTION('',(0.E0,0.E0,1.E0));
#9361=DIRECTION('',(1.E0,0.E0,0.E0));
#9362=AXIS2_PLACEMENT_3D('',#9359,#9360,#9361);
#9363=PLANE('',#9362);
#9365=ORIENTED_EDGE('',*,*,#9364,.T.);
#9367=ORIENTED_EDGE('',*,*,#9366,.F.);
#9369=ORIENTED_EDGE('',*,*,#9368,.F.);
#9371=ORIENTED_EDGE('',*,*,#9370,.F.);
#9373=ORIENTED_EDGE('',*,*,#9372,.T.);
#9375=ORIENTED_EDGE('',*,*,#9374,.F.);
#9377=ORIENTED_EDGE('',*,*,#9376,.T.);
#9379=ORIENTED_EDGE('',*,*,#9378,.F.);
#9381=ORIENTED_EDGE('',*,*,#9380,.F.);
#9383=ORIENTED_EDGE('',*,*,#9382,.F.);
#9385=ORIENTED_EDGE('',*,*,#9384,.T.);
#9387=ORIENTED_EDGE('',*,*,#9386,.T.);
#9389=ORIENTED_EDGE('',*,*,#9388,.T.);
#9391=ORIENTED_EDGE('',*,*,#9390,.T.);
#9393=ORIENTED_EDGE('',*,*,#9392,.T.);
#9395=ORIENTED_EDGE('',*,*,#9394,.T.);
#9397=ORIENTED_EDGE('',*,*,#9396,.T.);
#9399=ORIENTED_EDGE('',*,*,#9398,.T.);
#9401=ORIENTED_EDGE('',*,*,#9400,.T.);
#9403=ORIENTED_EDGE('',*,*,#9402,.T.);
#9404=EDGE_LOOP('',(#9365,#9367,#9369,#9371,#9373,#9375,#9377,#9379,#9381,#9383,
#9385,#9387,#9389,#9391,#9393,#9395,#9397,#9399,#9401,#9403));
#9405=FACE_OUTER_BOUND('',#9404,.F.);
#9406=ADVANCED_FACE('',(#9405),#9363,.F.);
#9407=CARTESIAN_POINT('',(1.75E0,-8.6E0,-2.765E0));
#9408=DIRECTION('',(1.E0,0.E0,0.E0));
#9409=DIRECTION('',(0.E0,1.E0,0.E0));
#9410=AXIS2_PLACEMENT_3D('',#9407,#9408,#9409);
#9411=PLANE('',#9410);
#9413=ORIENTED_EDGE('',*,*,#9412,.T.);
#9415=ORIENTED_EDGE('',*,*,#9414,.T.);
#9416=ORIENTED_EDGE('',*,*,#9382,.T.);
#9418=ORIENTED_EDGE('',*,*,#9417,.F.);
#9420=ORIENTED_EDGE('',*,*,#9419,.F.);
#9421=EDGE_LOOP('',(#9413,#9415,#9416,#9418,#9420));
#9422=FACE_OUTER_BOUND('',#9421,.F.);
#9423=ADVANCED_FACE('',(#9422),#9411,.T.);
#9424=CARTESIAN_POINT('',(1.4E0,-8.6E0,-2.765E0));
#9425=DIRECTION('',(0.E0,-1.E0,0.E0));
#9426=DIRECTION('',(1.E0,0.E0,0.E0));
#9427=AXIS2_PLACEMENT_3D('',#9424,#9425,#9426);
#9428=PLANE('',#9427);
#9429=ORIENTED_EDGE('',*,*,#9380,.T.);
#9431=ORIENTED_EDGE('',*,*,#9430,.F.);
#9433=ORIENTED_EDGE('',*,*,#9432,.F.);
#9434=ORIENTED_EDGE('',*,*,#9417,.T.);
#9435=EDGE_LOOP('',(#9429,#9431,#9433,#9434));
#9436=FACE_OUTER_BOUND('',#9435,.F.);
#9437=ADVANCED_FACE('',(#9436),#9428,.T.);
#9438=CARTESIAN_POINT('',(1.4E0,-1.14E1,-2.765E0));
#9439=DIRECTION('',(1.E0,0.E0,0.E0));
#9440=DIRECTION('',(0.E0,1.E0,0.E0));
#9441=AXIS2_PLACEMENT_3D('',#9438,#9439,#9440);
#9442=PLANE('',#9441);
#9443=ORIENTED_EDGE('',*,*,#9378,.T.);
#9445=ORIENTED_EDGE('',*,*,#9444,.F.);
#9447=ORIENTED_EDGE('',*,*,#9446,.F.);
#9448=ORIENTED_EDGE('',*,*,#9430,.T.);
#9449=EDGE_LOOP('',(#9443,#9445,#9447,#9448));
#9450=FACE_OUTER_BOUND('',#9449,.F.);
#9451=ADVANCED_FACE('',(#9450),#9442,.T.);
#9452=CARTESIAN_POINT('',(1.4E0,-1.09E1,-2.765E0));
#9453=DIRECTION('',(7.071067811865E-1,-7.071067811865E-1,0.E0));
#9454=DIRECTION('',(0.E0,0.E0,1.E0));
#9455=AXIS2_PLACEMENT_3D('',#9452,#9453,#9454);
#9456=PLANE('',#9455);
#9457=ORIENTED_EDGE('',*,*,#9444,.T.);
#9458=ORIENTED_EDGE('',*,*,#9376,.F.);
#9460=ORIENTED_EDGE('',*,*,#9459,.F.);
#9462=ORIENTED_EDGE('',*,*,#9461,.F.);
#9463=EDGE_LOOP('',(#9457,#9458,#9460,#9462));
#9464=FACE_OUTER_BOUND('',#9463,.F.);
#9465=ADVANCED_FACE('',(#9464),#9456,.T.);
#9466=CARTESIAN_POINT('',(-1.4E0,-1.14E1,-2.765E0));
#9467=DIRECTION('',(0.E0,-1.E0,0.E0));
#9468=DIRECTION('',(1.E0,0.E0,0.E0));
#9469=AXIS2_PLACEMENT_3D('',#9466,#9467,#9468);
#9470=PLANE('',#9469);
#9471=ORIENTED_EDGE('',*,*,#9374,.T.);
#9473=ORIENTED_EDGE('',*,*,#9472,.F.);
#9475=ORIENTED_EDGE('',*,*,#9474,.F.);
#9476=ORIENTED_EDGE('',*,*,#9459,.T.);
#9477=EDGE_LOOP('',(#9471,#9473,#9475,#9476));
#9478=FACE_OUTER_BOUND('',#9477,.F.);
#9479=ADVANCED_FACE('',(#9478),#9470,.T.);
#9480=CARTESIAN_POINT('',(-9.E-1,-1.14E1,-2.765E0));
#9481=DIRECTION('',(-7.071067811865E-1,-7.071067811865E-1,0.E0));
#9482=DIRECTION('',(0.E0,0.E0,1.E0));
#9483=AXIS2_PLACEMENT_3D('',#9480,#9481,#9482);
#9484=PLANE('',#9483);
#9485=ORIENTED_EDGE('',*,*,#9472,.T.);
#9486=ORIENTED_EDGE('',*,*,#9372,.F.);
#9488=ORIENTED_EDGE('',*,*,#9487,.F.);
#9490=ORIENTED_EDGE('',*,*,#9489,.F.);
#9491=EDGE_LOOP('',(#9485,#9486,#9488,#9490));
#9492=FACE_OUTER_BOUND('',#9491,.F.);
#9493=ADVANCED_FACE('',(#9492),#9484,.T.);
#9494=CARTESIAN_POINT('',(-1.4E0,-8.6E0,-2.765E0));
#9495=DIRECTION('',(-1.E0,0.E0,0.E0));
#9496=DIRECTION('',(0.E0,-1.E0,0.E0));
#9497=AXIS2_PLACEMENT_3D('',#9494,#9495,#9496);
#9498=PLANE('',#9497);
#9499=ORIENTED_EDGE('',*,*,#9370,.T.);
#9501=ORIENTED_EDGE('',*,*,#9500,.F.);
#9503=ORIENTED_EDGE('',*,*,#9502,.F.);
#9504=ORIENTED_EDGE('',*,*,#9487,.T.);
#9505=EDGE_LOOP('',(#9499,#9501,#9503,#9504));
#9506=FACE_OUTER_BOUND('',#9505,.F.);
#9507=ADVANCED_FACE('',(#9506),#9498,.T.);
#9508=CARTESIAN_POINT('',(-1.75E0,-8.6E0,-2.765E0));
#9509=DIRECTION('',(0.E0,-1.E0,0.E0));
#9510=DIRECTION('',(1.E0,0.E0,0.E0));
#9511=AXIS2_PLACEMENT_3D('',#9508,#9509,#9510);
#9512=PLANE('',#9511);
#9513=ORIENTED_EDGE('',*,*,#9368,.T.);
#9515=ORIENTED_EDGE('',*,*,#9514,.F.);
#9517=ORIENTED_EDGE('',*,*,#9516,.F.);
#9518=ORIENTED_EDGE('',*,*,#9500,.T.);
#9519=EDGE_LOOP('',(#9513,#9515,#9517,#9518));
#9520=FACE_OUTER_BOUND('',#9519,.F.);
#9521=ADVANCED_FACE('',(#9520),#9512,.T.);
#9522=CARTESIAN_POINT('',(-1.75E0,1.3E0,-2.765E0));
#9523=DIRECTION('',(-1.E0,0.E0,0.E0));
#9524=DIRECTION('',(0.E0,-1.E0,0.E0));
#9525=AXIS2_PLACEMENT_3D('',#9522,#9523,#9524);
#9526=PLANE('',#9525);
#9528=ORIENTED_EDGE('',*,*,#9527,.T.);
#9530=ORIENTED_EDGE('',*,*,#9529,.F.);
#9531=ORIENTED_EDGE('',*,*,#9514,.T.);
#9532=ORIENTED_EDGE('',*,*,#9366,.T.);
#9534=ORIENTED_EDGE('',*,*,#9533,.T.);
#9535=EDGE_LOOP('',(#9528,#9530,#9531,#9532,#9534));
#9536=FACE_OUTER_BOUND('',#9535,.F.);
#9537=ADVANCED_FACE('',(#9536),#9526,.T.);
#9538=CARTESIAN_POINT('',(0.E0,1.3E0,-2.265E0));
#9539=DIRECTION('',(0.E0,0.E0,1.E0));
#9540=DIRECTION('',(1.E0,0.E0,0.E0));
#9541=AXIS2_PLACEMENT_3D('',#9538,#9539,#9540);
#9542=PLANE('',#9541);
#9544=ORIENTED_EDGE('',*,*,#9543,.T.);
#9545=ORIENTED_EDGE('',*,*,#9419,.T.);
#9546=ORIENTED_EDGE('',*,*,#9432,.T.);
#9547=ORIENTED_EDGE('',*,*,#9446,.T.);
#9548=ORIENTED_EDGE('',*,*,#9461,.T.);
#9549=ORIENTED_EDGE('',*,*,#9474,.T.);
#9550=ORIENTED_EDGE('',*,*,#9489,.T.);
#9551=ORIENTED_EDGE('',*,*,#9502,.T.);
#9552=ORIENTED_EDGE('',*,*,#9516,.T.);
#9553=ORIENTED_EDGE('',*,*,#9529,.T.);
#9554=EDGE_LOOP('',(#9544,#9545,#9546,#9547,#9548,#9549,#9550,#9551,#9552,
#9553));
#9555=FACE_OUTER_BOUND('',#9554,.F.);
#9556=ADVANCED_FACE('',(#9555),#9542,.T.);
#9557=CARTESIAN_POINT('',(3.1E0,-3.9E0,1.5E0));
#9558=DIRECTION('',(-1.E0,0.E0,0.E0));
#9559=DIRECTION('',(0.E0,0.E0,-1.E0));
#9560=AXIS2_PLACEMENT_3D('',#9557,#9558,#9559);
#9561=PLANE('',#9560);
#9563=ORIENTED_EDGE('',*,*,#9562,.F.);
#9565=ORIENTED_EDGE('',*,*,#9564,.T.);
#9567=ORIENTED_EDGE('',*,*,#9566,.T.);
#9569=ORIENTED_EDGE('',*,*,#9568,.T.);
#9571=ORIENTED_EDGE('',*,*,#9570,.T.);
#9573=ORIENTED_EDGE('',*,*,#9572,.T.);
#9575=ORIENTED_EDGE('',*,*,#9574,.F.);
#9577=ORIENTED_EDGE('',*,*,#9576,.F.);
#9578=EDGE_LOOP('',(#9563,#9565,#9567,#9569,#9571,#9573,#9575,#9577));
#9579=FACE_OUTER_BOUND('',#9578,.F.);
#9580=ADVANCED_FACE('',(#9579),#9561,.T.);
#9581=CARTESIAN_POINT('',(3.6E0,-4.7E0,9.E-1));
#9582=DIRECTION('',(0.E0,0.E0,1.E0));
#9583=DIRECTION('',(0.E0,-1.E0,0.E0));
#9584=AXIS2_PLACEMENT_3D('',#9581,#9582,#9583);
#9585=PLANE('',#9584);
#9587=ORIENTED_EDGE('',*,*,#9586,.T.);
#9588=ORIENTED_EDGE('',*,*,#9562,.T.);
#9590=ORIENTED_EDGE('',*,*,#9589,.F.);
#9592=ORIENTED_EDGE('',*,*,#9591,.F.);
#9593=EDGE_LOOP('',(#9587,#9588,#9590,#9592));
#9594=FACE_OUTER_BOUND('',#9593,.F.);
#9595=ADVANCED_FACE('',(#9594),#9585,.F.);
#9596=CARTESIAN_POINT('',(3.6E0,-3.9E0,-1.5E0));
#9597=DIRECTION('',(1.E0,0.E0,0.E0));
#9598=DIRECTION('',(0.E0,0.E0,1.E0));
#9599=AXIS2_PLACEMENT_3D('',#9596,#9597,#9598);
#9600=PLANE('',#9599);
#9602=ORIENTED_EDGE('',*,*,#9601,.T.);
#9604=ORIENTED_EDGE('',*,*,#9603,.T.);
#9605=ORIENTED_EDGE('',*,*,#9591,.T.);
#9607=ORIENTED_EDGE('',*,*,#9606,.T.);
#9609=ORIENTED_EDGE('',*,*,#9608,.T.);
#9611=ORIENTED_EDGE('',*,*,#9610,.T.);
#9613=ORIENTED_EDGE('',*,*,#9612,.T.);
#9615=ORIENTED_EDGE('',*,*,#9614,.T.);
#9616=EDGE_LOOP('',(#9602,#9604,#9605,#9607,#9609,#9611,#9613,#9615));
#9617=FACE_OUTER_BOUND('',#9616,.F.);
#9618=ADVANCED_FACE('',(#9617),#9600,.T.);
#9619=CARTESIAN_POINT('',(3.6E0,-2.07E1,9.E-1));
#9620=DIRECTION('',(0.E0,1.E0,0.E0));
#9621=DIRECTION('',(0.E0,0.E0,1.E0));
#9622=AXIS2_PLACEMENT_3D('',#9619,#9620,#9621);
#9623=PLANE('',#9622);
#9624=ORIENTED_EDGE('',*,*,#9576,.T.);
#9626=ORIENTED_EDGE('',*,*,#9625,.T.);
#9627=ORIENTED_EDGE('',*,*,#9606,.F.);
#9628=ORIENTED_EDGE('',*,*,#9589,.T.);
#9629=EDGE_LOOP('',(#9624,#9626,#9627,#9628));
#9630=FACE_OUTER_BOUND('',#9629,.F.);
#9631=ADVANCED_FACE('',(#9630),#9623,.F.);
#9632=CARTESIAN_POINT('',(3.6E0,-3.9E0,1.5E0));
#9633=DIRECTION('',(0.E0,0.E0,1.E0));
#9634=DIRECTION('',(-1.E0,0.E0,0.E0));
#9635=AXIS2_PLACEMENT_3D('',#9632,#9633,#9634);
#9636=PLANE('',#9635);
#9637=ORIENTED_EDGE('',*,*,#9625,.F.);
#9638=ORIENTED_EDGE('',*,*,#9574,.T.);
#9640=ORIENTED_EDGE('',*,*,#9639,.T.);
#9641=ORIENTED_EDGE('',*,*,#9608,.F.);
#9642=EDGE_LOOP('',(#9637,#9638,#9640,#9641));
#9643=FACE_OUTER_BOUND('',#9642,.F.);
#9644=ADVANCED_FACE('',(#9643),#9636,.T.);
#9645=CARTESIAN_POINT('',(3.6E0,-3.9E0,-1.5E0));
#9646=DIRECTION('',(1.E0,0.E0,0.E0));
#9647=DIRECTION('',(0.E0,0.E0,1.E0));
#9648=AXIS2_PLACEMENT_3D('',#9645,#9646,#9647);
#9649=PLANE('',#9648);
#9651=ORIENTED_EDGE('',*,*,#9650,.F.);
#9653=ORIENTED_EDGE('',*,*,#9652,.T.);
#9655=ORIENTED_EDGE('',*,*,#9654,.T.);
#9657=ORIENTED_EDGE('',*,*,#9656,.T.);
#9659=ORIENTED_EDGE('',*,*,#9658,.T.);
#9661=ORIENTED_EDGE('',*,*,#9660,.T.);
#9663=ORIENTED_EDGE('',*,*,#9662,.F.);
#9665=ORIENTED_EDGE('',*,*,#9664,.F.);
#9666=EDGE_LOOP('',(#9651,#9653,#9655,#9657,#9659,#9661,#9663,#9665));
#9667=FACE_OUTER_BOUND('',#9666,.F.);
#9668=ADVANCED_FACE('',(#9667),#9649,.T.);
#9669=CARTESIAN_POINT('',(3.6E0,-2.24E1,-9.E-1));
#9670=DIRECTION('',(0.E0,0.E0,-1.E0));
#9671=DIRECTION('',(0.E0,1.E0,0.E0));
#9672=AXIS2_PLACEMENT_3D('',#9669,#9670,#9671);
#9673=PLANE('',#9672);
#9675=ORIENTED_EDGE('',*,*,#9674,.T.);
#9676=ORIENTED_EDGE('',*,*,#9650,.T.);
#9678=ORIENTED_EDGE('',*,*,#9677,.T.);
#9680=ORIENTED_EDGE('',*,*,#9679,.F.);
#9681=EDGE_LOOP('',(#9675,#9676,#9678,#9680));
#9682=FACE_OUTER_BOUND('',#9681,.F.);
#9683=ADVANCED_FACE('',(#9682),#9673,.F.);
#9684=CARTESIAN_POINT('',(3.1E0,-3.9E0,1.5E0));
#9685=DIRECTION('',(-1.E0,0.E0,0.E0));
#9686=DIRECTION('',(0.E0,0.E0,-1.E0));
#9687=AXIS2_PLACEMENT_3D('',#9684,#9685,#9686);
#9688=PLANE('',#9687);
#9690=ORIENTED_EDGE('',*,*,#9689,.T.);
#9692=ORIENTED_EDGE('',*,*,#9691,.T.);
#9693=ORIENTED_EDGE('',*,*,#9679,.T.);
#9695=ORIENTED_EDGE('',*,*,#9694,.F.);
#9697=ORIENTED_EDGE('',*,*,#9696,.T.);
#9699=ORIENTED_EDGE('',*,*,#9698,.T.);
#9701=ORIENTED_EDGE('',*,*,#9700,.T.);
#9703=ORIENTED_EDGE('',*,*,#9702,.T.);
#9704=EDGE_LOOP('',(#9690,#9692,#9693,#9695,#9697,#9699,#9701,#9703));
#9705=FACE_OUTER_BOUND('',#9704,.F.);
#9706=ADVANCED_FACE('',(#9705),#9688,.T.);
#9707=CARTESIAN_POINT('',(3.95E0,-2.24E1,0.E0));
#9708=DIRECTION('',(0.E0,-1.E0,0.E0));
#9709=DIRECTION('',(0.E0,0.E0,-1.E0));
#9710=AXIS2_PLACEMENT_3D('',#9707,#9708,#9709);
#9711=PLANE('',#9710);
#9712=ORIENTED_EDGE('',*,*,#9677,.F.);
#9713=ORIENTED_EDGE('',*,*,#9664,.T.);
#9715=ORIENTED_EDGE('',*,*,#9714,.T.);
#9716=ORIENTED_EDGE('',*,*,#9694,.T.);
#9717=EDGE_LOOP('',(#9712,#9713,#9715,#9716));
#9718=FACE_OUTER_BOUND('',#9717,.F.);
#9719=ADVANCED_FACE('',(#9718),#9711,.T.);
#9720=CARTESIAN_POINT('',(3.1E0,-3.9E0,-1.5E0));
#9721=DIRECTION('',(0.E0,0.E0,-1.E0));
#9722=DIRECTION('',(1.E0,0.E0,0.E0));
#9723=AXIS2_PLACEMENT_3D('',#9720,#9721,#9722);
#9724=PLANE('',#9723);
#9726=ORIENTED_EDGE('',*,*,#9725,.T.);
#9727=ORIENTED_EDGE('',*,*,#9696,.F.);
#9728=ORIENTED_EDGE('',*,*,#9714,.F.);
#9729=ORIENTED_EDGE('',*,*,#9662,.T.);
#9730=EDGE_LOOP('',(#9726,#9727,#9728,#9729));
#9731=FACE_OUTER_BOUND('',#9730,.F.);
#9732=ADVANCED_FACE('',(#9731),#9724,.T.);
#9733=CARTESIAN_POINT('',(1.75E0,-8.6E0,2.265E0));
#9734=DIRECTION('',(1.E0,0.E0,0.E0));
#9735=DIRECTION('',(0.E0,1.E0,0.E0));
#9736=AXIS2_PLACEMENT_3D('',#9733,#9734,#9735);
#9737=PLANE('',#9736);
#9739=ORIENTED_EDGE('',*,*,#9738,.T.);
#9741=ORIENTED_EDGE('',*,*,#9740,.T.);
#9743=ORIENTED_EDGE('',*,*,#9742,.F.);
#9744=ORIENTED_EDGE('',*,*,#9251,.F.);
#9746=ORIENTED_EDGE('',*,*,#9745,.T.);
#9747=EDGE_LOOP('',(#9739,#9741,#9743,#9744,#9746));
#9748=FACE_OUTER_BOUND('',#9747,.F.);
#9749=ADVANCED_FACE('',(#9748),#9737,.T.);
#9750=CARTESIAN_POINT('',(0.E0,1.3E0,2.265E0));
#9751=DIRECTION('',(0.E0,0.E0,1.E0));
#9752=DIRECTION('',(1.E0,0.E0,0.E0));
#9753=AXIS2_PLACEMENT_3D('',#9750,#9751,#9752);
#9754=PLANE('',#9753);
#9756=ORIENTED_EDGE('',*,*,#9755,.T.);
#9757=ORIENTED_EDGE('',*,*,#9223,.F.);
#9759=ORIENTED_EDGE('',*,*,#9758,.F.);
#9761=ORIENTED_EDGE('',*,*,#9760,.F.);
#9763=ORIENTED_EDGE('',*,*,#9762,.T.);
#9765=ORIENTED_EDGE('',*,*,#9764,.F.);
#9767=ORIENTED_EDGE('',*,*,#9766,.T.);
#9769=ORIENTED_EDGE('',*,*,#9768,.F.);
#9771=ORIENTED_EDGE('',*,*,#9770,.F.);
#9772=ORIENTED_EDGE('',*,*,#9740,.F.);
#9773=EDGE_LOOP('',(#9756,#9757,#9759,#9761,#9763,#9765,#9767,#9769,#9771,
#9772));
#9774=FACE_OUTER_BOUND('',#9773,.F.);
#9775=ADVANCED_FACE('',(#9774),#9754,.F.);
#9776=CARTESIAN_POINT('',(-1.75E0,-8.6E0,2.265E0));
#9777=DIRECTION('',(0.E0,-1.E0,0.E0));
#9778=DIRECTION('',(1.E0,0.E0,0.E0));
#9779=AXIS2_PLACEMENT_3D('',#9776,#9777,#9778);
#9780=PLANE('',#9779);
#9781=ORIENTED_EDGE('',*,*,#9758,.T.);
#9782=ORIENTED_EDGE('',*,*,#9221,.F.);
#9783=ORIENTED_EDGE('',*,*,#9265,.F.);
#9785=ORIENTED_EDGE('',*,*,#9784,.T.);
#9786=EDGE_LOOP('',(#9781,#9782,#9783,#9785));
#9787=FACE_OUTER_BOUND('',#9786,.F.);
#9788=ADVANCED_FACE('',(#9787),#9780,.T.);
#9789=CARTESIAN_POINT('',(-1.4E0,-8.6E0,2.265E0));
#9790=DIRECTION('',(-1.E0,0.E0,0.E0));
#9791=DIRECTION('',(0.E0,-1.E0,0.E0));
#9792=AXIS2_PLACEMENT_3D('',#9789,#9790,#9791);
#9793=PLANE('',#9792);
#9794=ORIENTED_EDGE('',*,*,#9760,.T.);
#9795=ORIENTED_EDGE('',*,*,#9784,.F.);
#9796=ORIENTED_EDGE('',*,*,#9263,.F.);
#9798=ORIENTED_EDGE('',*,*,#9797,.T.);
#9799=EDGE_LOOP('',(#9794,#9795,#9796,#9798));
#9800=FACE_OUTER_BOUND('',#9799,.F.);
#9801=ADVANCED_FACE('',(#9800),#9793,.T.);
#9802=CARTESIAN_POINT('',(-9.E-1,-1.14E1,2.265E0));
#9803=DIRECTION('',(-7.071067811865E-1,-7.071067811865E-1,0.E0));
#9804=DIRECTION('',(0.E0,0.E0,1.E0));
#9805=AXIS2_PLACEMENT_3D('',#9802,#9803,#9804);
#9806=PLANE('',#9805);
#9808=ORIENTED_EDGE('',*,*,#9807,.T.);
#9809=ORIENTED_EDGE('',*,*,#9762,.F.);
#9810=ORIENTED_EDGE('',*,*,#9797,.F.);
#9811=ORIENTED_EDGE('',*,*,#9261,.F.);
#9812=EDGE_LOOP('',(#9808,#9809,#9810,#9811));
#9813=FACE_OUTER_BOUND('',#9812,.F.);
#9814=ADVANCED_FACE('',(#9813),#9806,.T.);
#9815=CARTESIAN_POINT('',(-1.4E0,-1.14E1,2.265E0));
#9816=DIRECTION('',(0.E0,-1.E0,0.E0));
#9817=DIRECTION('',(1.E0,0.E0,0.E0));
#9818=AXIS2_PLACEMENT_3D('',#9815,#9816,#9817);
#9819=PLANE('',#9818);
#9820=ORIENTED_EDGE('',*,*,#9764,.T.);
#9821=ORIENTED_EDGE('',*,*,#9807,.F.);
#9822=ORIENTED_EDGE('',*,*,#9259,.F.);
#9824=ORIENTED_EDGE('',*,*,#9823,.T.);
#9825=EDGE_LOOP('',(#9820,#9821,#9822,#9824));
#9826=FACE_OUTER_BOUND('',#9825,.F.);
#9827=ADVANCED_FACE('',(#9826),#9819,.T.);
#9828=CARTESIAN_POINT('',(1.4E0,-1.09E1,2.265E0));
#9829=DIRECTION('',(7.071067811865E-1,-7.071067811865E-1,0.E0));
#9830=DIRECTION('',(0.E0,0.E0,1.E0));
#9831=AXIS2_PLACEMENT_3D('',#9828,#9829,#9830);
#9832=PLANE('',#9831);
#9834=ORIENTED_EDGE('',*,*,#9833,.T.);
#9835=ORIENTED_EDGE('',*,*,#9766,.F.);
#9836=ORIENTED_EDGE('',*,*,#9823,.F.);
#9837=ORIENTED_EDGE('',*,*,#9257,.F.);
#9838=EDGE_LOOP('',(#9834,#9835,#9836,#9837));
#9839=FACE_OUTER_BOUND('',#9838,.F.);
#9840=ADVANCED_FACE('',(#9839),#9832,.T.);
#9841=CARTESIAN_POINT('',(1.4E0,-1.14E1,2.265E0));
#9842=DIRECTION('',(1.E0,0.E0,0.E0));
#9843=DIRECTION('',(0.E0,1.E0,0.E0));
#9844=AXIS2_PLACEMENT_3D('',#9841,#9842,#9843);
#9845=PLANE('',#9844);
#9846=ORIENTED_EDGE('',*,*,#9768,.T.);
#9847=ORIENTED_EDGE('',*,*,#9833,.F.);
#9848=ORIENTED_EDGE('',*,*,#9255,.F.);
#9850=ORIENTED_EDGE('',*,*,#9849,.T.);
#9851=EDGE_LOOP('',(#9846,#9847,#9848,#9850));
#9852=FACE_OUTER_BOUND('',#9851,.F.);
#9853=ADVANCED_FACE('',(#9852),#9845,.T.);
#9854=CARTESIAN_POINT('',(1.4E0,-8.6E0,2.265E0));
#9855=DIRECTION('',(0.E0,-1.E0,0.E0));
#9856=DIRECTION('',(1.E0,0.E0,0.E0));
#9857=AXIS2_PLACEMENT_3D('',#9854,#9855,#9856);
#9858=PLANE('',#9857);
#9859=ORIENTED_EDGE('',*,*,#9770,.T.);
#9860=ORIENTED_EDGE('',*,*,#9849,.F.);
#9861=ORIENTED_EDGE('',*,*,#9253,.F.);
#9862=ORIENTED_EDGE('',*,*,#9742,.T.);
#9863=EDGE_LOOP('',(#9859,#9860,#9861,#9862));
#9864=FACE_OUTER_BOUND('',#9863,.F.);
#9865=ADVANCED_FACE('',(#9864),#9858,.T.);
#9866=CARTESIAN_POINT('',(0.E0,-5.25E0,0.E0));
#9867=DIRECTION('',(0.E0,1.E0,0.E0));
#9868=DIRECTION('',(8.280040376947E-3,0.E0,-9.999657198781E-1));
#9869=AXIS2_PLACEMENT_3D('',#9866,#9867,#9868);
#9870=TOROIDAL_SURFACE('',#9869,5.2E0,2.E-1);
#9872=ORIENTED_EDGE('',*,*,#9871,.F.);
#9874=ORIENTED_EDGE('',*,*,#9873,.F.);
#9875=ORIENTED_EDGE('',*,*,#8933,.F.);
#9876=ORIENTED_EDGE('',*,*,#9036,.T.);
#9877=ORIENTED_EDGE('',*,*,#9104,.T.);
#9878=ORIENTED_EDGE('',*,*,#9102,.T.);
#9879=ORIENTED_EDGE('',*,*,#8873,.T.);
#9880=EDGE_LOOP('',(#9872,#9874,#9875,#9876,#9877,#9878,#9879));
#9881=FACE_OUTER_BOUND('',#9880,.F.);
#9882=ADVANCED_FACE('',(#9881),#9870,.F.);
#9883=CARTESIAN_POINT('',(0.E0,-5.05E0,0.E0));
#9884=DIRECTION('',(0.E0,1.E0,0.E0));
#9885=DIRECTION('',(0.E0,0.E0,1.E0));
#9886=AXIS2_PLACEMENT_3D('',#9883,#9884,#9885);
#9887=PLANE('',#9886);
#9888=ORIENTED_EDGE('',*,*,#8871,.F.);
#9889=ORIENTED_EDGE('',*,*,#8899,.T.);
#9890=ORIENTED_EDGE('',*,*,#8897,.T.);
#9892=ORIENTED_EDGE('',*,*,#9891,.F.);
#9894=ORIENTED_EDGE('',*,*,#9893,.T.);
#9895=ORIENTED_EDGE('',*,*,#8935,.F.);
#9896=ORIENTED_EDGE('',*,*,#9873,.T.);
#9897=ORIENTED_EDGE('',*,*,#9871,.T.);
#9898=EDGE_LOOP('',(#9888,#9889,#9890,#9892,#9894,#9895,#9896,#9897));
#9899=FACE_OUTER_BOUND('',#9898,.F.);
#9900=ADVANCED_FACE('',(#9899),#9887,.F.);
#9901=CARTESIAN_POINT('',(5.196152422707E0,-5.05E0,3.E0));
#9902=DIRECTION('',(0.E0,0.E0,-1.E0));
#9903=DIRECTION('',(1.E0,0.E0,0.E0));
#9904=AXIS2_PLACEMENT_3D('',#9901,#9902,#9903);
#9905=PLANE('',#9904);
#9906=ORIENTED_EDGE('',*,*,#9891,.T.);
#9907=ORIENTED_EDGE('',*,*,#8895,.F.);
#9908=ORIENTED_EDGE('',*,*,#8913,.F.);
#9910=ORIENTED_EDGE('',*,*,#9909,.F.);
#9911=EDGE_LOOP('',(#9906,#9907,#9908,#9910));
#9912=FACE_OUTER_BOUND('',#9911,.F.);
#9913=ADVANCED_FACE('',(#9912),#9905,.F.);
#9914=CARTESIAN_POINT('',(0.E0,-5.05E0,0.E0));
#9915=DIRECTION('',(0.E0,-1.E0,0.E0));
#9916=DIRECTION('',(0.E0,0.E0,-1.E0));
#9917=AXIS2_PLACEMENT_3D('',#9914,#9915,#9916);
#9918=CYLINDRICAL_SURFACE('',#9917,7.E0);
#9919=ORIENTED_EDGE('',*,*,#9893,.F.);
#9920=ORIENTED_EDGE('',*,*,#9909,.T.);
#9921=ORIENTED_EDGE('',*,*,#8911,.F.);
#9922=ORIENTED_EDGE('',*,*,#8937,.T.);
#9923=EDGE_LOOP('',(#9919,#9920,#9921,#9922));
#9924=FACE_OUTER_BOUND('',#9923,.F.);
#9925=ADVANCED_FACE('',(#9924),#9918,.T.);
#9926=OPEN_SHELL('',(#4082,#4097,#4110,#4127,#4288,#4307,#4396,#4484,#4502,
#4652,#4803,#4821,#4972,#5124,#5138,#5154,#5239,#5324,#5338,#5489,#5640,#5656,
#5806,#5957,#5975,#6126,#6278,#6296,#6446,#6597,#6613,#6763,#6914,#6930,#7080,
#7231,#7249,#7279,#7309,#7328,#7478,#7627,#7777,#7928,#7944,#8094,#8245,#8268,
#8354,#8439,#8450,#8462,#8477,#8490,#8505,#8518,#8528,#8542,#8554,#8607,#8659,
#8683,#8704,#8719,#8745,#8760,#8774,#8787,#8809,#8824,#8843,#8863,#8884,#8903,
#8922,#8942,#8965,#8982,#8999,#9013,#9041,#9055,#9069,#9085,#9114,#9135,#9151,
#9168,#9181,#9195,#9209,#9227,#9274,#9286,#9301,#9314,#9330,#9345,#9358,#9406,
#9423,#9437,#9451,#9465,#9479,#9493,#9507,#9521,#9537,#9556,#9580,#9595,#9618,
#9631,#9644,#9668,#9683,#9706,#9719,#9732,#9749,#9775,#9788,#9801,#9814,#9827,
#9840,#9853,#9865,#9882,#9900,#9913,#9925));
#9927=SHELL_BASED_SURFACE_MODEL('',(#9926));
#9929=DIMENSIONAL_EXPONENTS(0.E0,0.E0,0.E0,0.E0,0.E0,0.E0,0.E0);
#9931=PLANE_ANGLE_MEASURE_WITH_UNIT(PLANE_ANGLE_MEASURE(1.745329251994E-2),
#9930);
#9932=(CONVERSION_BASED_UNIT('DEGREE',#9931)NAMED_UNIT(*)PLANE_ANGLE_UNIT());
#9934=UNCERTAINTY_MEASURE_WITH_UNIT(LENGTH_MEASURE(1.444918708967E-3),#9928,
'closure',
'Maximum model space distance between geometric entities at asserted connectivities');
#9935=(GEOMETRIC_REPRESENTATION_CONTEXT(3)GLOBAL_UNCERTAINTY_ASSIGNED_CONTEXT((
#9934))GLOBAL_UNIT_ASSIGNED_CONTEXT((#9928,#9932,#9933))REPRESENTATION_CONTEXT(
'ID1','3'));
#9937=APPLICATION_CONTEXT(
'CONFIGURATION CONTROLLED 3D DESIGNS OF MECHANICAL PARTS AND ASSEMBLIES');
#9938=APPLICATION_PROTOCOL_DEFINITION('international standard',
'config_control_design',1994,#9937);
#9939=DESIGN_CONTEXT('',#9937,'design');
#9940=MECHANICAL_CONTEXT('',#9937,'mechanical');
#9941=PRODUCT('AV031LVEA2','AV031LVEA2','NOT SPECIFIED',(#9940));
#9942=PRODUCT_DEFINITION_FORMATION_WITH_SPECIFIED_SOURCE('1','LAST_VERSION',
#9941,.MADE.);
#9946=PRODUCT_CATEGORY('part','');
#9947=PRODUCT_RELATED_PRODUCT_CATEGORY('detail','',(#9941));
#9948=PRODUCT_CATEGORY_RELATIONSHIP('','',#9946,#9947);
#9949=SECURITY_CLASSIFICATION_LEVEL('unclassified');
#9950=SECURITY_CLASSIFICATION('','',#9949);
#9951=CC_DESIGN_SECURITY_CLASSIFICATION(#9950,(#9942));
#9952=APPROVAL_STATUS('approved');
#9953=APPROVAL(#9952,'');
#9954=CC_DESIGN_APPROVAL(#9953,(#9950,#9942,#9943));
#9955=CALENDAR_DATE(114,22,12);
#9956=COORDINATED_UNIVERSAL_TIME_OFFSET(1,0,.AHEAD.);
#9957=LOCAL_TIME(13,33,2.6E1,#9956);
#9958=DATE_AND_TIME(#9955,#9957);
#9959=APPROVAL_DATE_TIME(#9958,#9953);
#9960=DATE_TIME_ROLE('creation_date');
#9961=CC_DESIGN_DATE_AND_TIME_ASSIGNMENT(#9958,#9960,(#9943));
#9962=DATE_TIME_ROLE('classification_date');
#9963=CC_DESIGN_DATE_AND_TIME_ASSIGNMENT(#9958,#9962,(#9950));
#9964=PERSON('UNSPECIFIED','UNSPECIFIED',$,$,$,$);
#9965=ORGANIZATION('UNSPECIFIED','UNSPECIFIED','UNSPECIFIED');
#9966=PERSON_AND_ORGANIZATION(#9964,#9965);
#9967=APPROVAL_ROLE('approver');
#9968=APPROVAL_PERSON_ORGANIZATION(#9966,#9953,#9967);
#9969=PERSON_AND_ORGANIZATION_ROLE('creator');
#9970=CC_DESIGN_PERSON_AND_ORGANIZATION_ASSIGNMENT(#9966,#9969,(#9942,#9943));
#9971=PERSON_AND_ORGANIZATION_ROLE('design_supplier');
#9972=CC_DESIGN_PERSON_AND_ORGANIZATION_ASSIGNMENT(#9966,#9971,(#9942));
#9973=PERSON_AND_ORGANIZATION_ROLE('classification_officer');
#9974=CC_DESIGN_PERSON_AND_ORGANIZATION_ASSIGNMENT(#9966,#9973,(#9950));
#9975=PERSON_AND_ORGANIZATION_ROLE('design_owner');
#9976=CC_DESIGN_PERSON_AND_ORGANIZATION_ASSIGNMENT(#9966,#9975,(#9941));
#5=CIRCLE('',#4,9.15E0);
#10=CIRCLE('',#9,9.15E0);
#23=CIRCLE('',#22,9.15E0);
#38=B_SPLINE_CURVE_WITH_KNOTS('',3,(#32,#33,#34,#35,#36,#37),.UNSPECIFIED.,.F.,
.F.,(4,1,1,4),(0.E0,3.333333333333E-1,6.666666666667E-1,1.E0),.UNSPECIFIED.);
#45=B_SPLINE_CURVE_WITH_KNOTS('',3,(#39,#40,#41,#42,#43,#44),.UNSPECIFIED.,.F.,
.F.,(4,1,1,4),(0.E0,3.333333333333E-1,6.666666666667E-1,1.E0),.UNSPECIFIED.);
#52=B_SPLINE_CURVE_WITH_KNOTS('',3,(#46,#47,#48,#49,#50,#51),.UNSPECIFIED.,.F.,
.F.,(4,1,1,4),(0.E0,3.333333333333E-1,6.666666666667E-1,1.E0),.UNSPECIFIED.);
#59=B_SPLINE_CURVE_WITH_KNOTS('',3,(#53,#54,#55,#56,#57,#58),.UNSPECIFIED.,.F.,
.F.,(4,1,1,4),(0.E0,3.333333333333E-1,6.666666666667E-1,1.E0),.UNSPECIFIED.);
#66=B_SPLINE_CURVE_WITH_KNOTS('',3,(#60,#61,#62,#63,#64,#65),.UNSPECIFIED.,.F.,
.F.,(4,1,1,4),(0.E0,3.333333333333E-1,6.666666666667E-1,1.E0),.UNSPECIFIED.);
#73=B_SPLINE_CURVE_WITH_KNOTS('',3,(#67,#68,#69,#70,#71,#72),.UNSPECIFIED.,.F.,
.F.,(4,1,1,4),(0.E0,3.333333333333E-1,6.666666666667E-1,1.E0),.UNSPECIFIED.);
#80=B_SPLINE_CURVE_WITH_KNOTS('',3,(#74,#75,#76,#77,#78,#79),.UNSPECIFIED.,.F.,
.F.,(4,1,1,4),(0.E0,3.333333333333E-1,6.666666666667E-1,1.E0),.UNSPECIFIED.);
#87=B_SPLINE_CURVE_WITH_KNOTS('',3,(#81,#82,#83,#84,#85,#86),.UNSPECIFIED.,.F.,
.F.,(4,1,1,4),(0.E0,3.333333333333E-1,6.666666666667E-1,1.E0),.UNSPECIFIED.);
#108=B_SPLINE_CURVE_WITH_KNOTS('',3,(#92,#93,#94,#95,#96,#97,#98,#99,#100,#101,
#102,#103,#104,#105,#106,#107),.UNSPECIFIED.,.F.,.F.,(4,1,1,1,1,1,1,1,1,1,1,1,1,
4),(0.E0,7.254734996978E-3,9.428982580329E-2,1.813249166104E-1,
2.683600074167E-1,3.553950982238E-1,4.424301890301E-1,5.294652798372E-1,
6.165003706436E-1,7.035354614503E-1,7.905705522570E-1,8.776056430637E-1,
9.646407338703E-1,1.E0),.UNSPECIFIED.);
#115=B_SPLINE_CURVE_WITH_KNOTS('',3,(#109,#110,#111,#112,#113,#114),
.UNSPECIFIED.,.F.,.F.,(4,1,1,4),(0.E0,3.333333333333E-1,6.666666666667E-1,1.E0),
.UNSPECIFIED.);
#124=B_SPLINE_CURVE_WITH_KNOTS('',3,(#116,#117,#118,#119,#120,#121,#122,#123),
.UNSPECIFIED.,.F.,.F.,(4,1,1,1,1,4),(0.E0,4.855007373444E-2,2.864127507841E-1,
5.242754278337E-1,7.621381048834E-1,1.E0),.UNSPECIFIED.);
#143=B_SPLINE_CURVE_WITH_KNOTS('',3,(#125,#126,#127,#128,#129,#130,#131,#132,
#133,#134,#135,#136,#137,#138,#139,#140,#141,#142),.UNSPECIFIED.,.F.,.F.,(4,1,1,
1,1,1,1,1,1,1,1,1,1,1,1,4),(0.E0,6.748649460701E-2,1.349727673636E-1,
2.024590401202E-1,2.699453128768E-1,3.374315856334E-1,4.049178583908E-1,
4.724041311474E-1,5.398904039040E-1,6.073766766606E-1,6.748629494172E-1,
7.423492221738E-1,8.098354949304E-1,8.773217676877E-1,9.448080404443E-1,1.E0),
.UNSPECIFIED.);
#151=B_SPLINE_CURVE_WITH_KNOTS('',3,(#144,#145,#146,#147,#148,#149,#150),
.UNSPECIFIED.,.F.,.F.,(4,1,1,1,4),(0.E0,2.5E-1,5.E-1,7.5E-1,1.E0),
.UNSPECIFIED.);
#171=B_SPLINE_CURVE_WITH_KNOTS('',3,(#152,#153,#154,#155,#156,#157,#158,#159,
#160,#161,#162,#163,#164,#165,#166,#167,#168,#169,#170),.UNSPECIFIED.,.F.,.F.,
(4,1,1,1,1,1,1,1,1,1,1,1,1,1,1,1,4),(0.E0,6.250000000028E-2,1.25E-1,
1.875000000003E-1,2.5E-1,3.125000000003E-1,3.75E-1,4.375000000003E-1,
5.000000000001E-1,5.625000000001E-1,6.250000000001E-1,6.875000000001E-1,7.5E-1,
8.125E-1,8.75E-1,9.375E-1,1.E0),.UNSPECIFIED.);
#178=B_SPLINE_CURVE_WITH_KNOTS('',3,(#172,#173,#174,#175,#176,#177),
.UNSPECIFIED.,.F.,.F.,(4,1,1,4),(0.E0,3.333333333333E-1,6.666666666667E-1,1.E0),
.UNSPECIFIED.);
#216=B_SPLINE_CURVE_WITH_KNOTS('',3,(#179,#180,#181,#182,#183,#184,#185,#186,
#187,#188,#189,#190,#191,#192,#193,#194,#195,#196,#197,#198,#199,#200,#201,#202,
#203,#204,#205,#206,#207,#208,#209,#210,#211,#212,#213,#214,#215),.UNSPECIFIED.,
.F.,.F.,(4,1,1,1,1,1,1,1,1,1,1,1,1,1,1,1,1,1,1,1,1,1,1,1,1,1,1,1,1,1,1,1,1,1,4),
(0.E0,2.941176470588E-2,5.882352941176E-2,8.823529411765E-2,1.176470588235E-1,
1.470588235294E-1,1.764705882353E-1,2.058823529412E-1,2.352941176471E-1,
2.647058823529E-1,2.941176470588E-1,3.235294117647E-1,3.529411764706E-1,
3.823529411765E-1,4.117647058824E-1,4.411764705882E-1,4.705882352941E-1,5.E-1,
5.294117647059E-1,5.588235294118E-1,5.882352941176E-1,6.176470588235E-1,
6.470588235294E-1,6.764705882353E-1,7.058823529412E-1,7.352941176471E-1,
7.647058823529E-1,7.941176470588E-1,8.235294117647E-1,8.529411764706E-1,
8.823529411765E-1,9.117647058824E-1,9.411764705882E-1,9.705882352941E-1,1.E0),
.UNSPECIFIED.);
#231=B_SPLINE_CURVE_WITH_KNOTS('',3,(#217,#218,#219,#220,#221,#222,#223,#224,
#225,#226,#227,#228,#229,#230),.UNSPECIFIED.,.F.,.F.,(4,1,1,1,1,1,1,1,1,1,1,4),(
0.E0,9.090909090909E-2,1.818181818182E-1,2.727272727273E-1,3.636363636364E-1,
4.545454545455E-1,5.454545454545E-1,6.363636363636E-1,7.272727272727E-1,
8.181818181818E-1,9.090909090909E-1,1.E0),.UNSPECIFIED.);
#259=B_SPLINE_CURVE_WITH_KNOTS('',3,(#232,#233,#234,#235,#236,#237,#238,#239,
#240,#241,#242,#243,#244,#245,#246,#247,#248,#249,#250,#251,#252,#253,#254,#255,
#256,#257,#258),.UNSPECIFIED.,.F.,.F.,(4,1,1,1,1,1,1,1,1,1,1,1,1,1,1,1,1,1,1,1,
1,1,1,1,4),(0.E0,4.166666666667E-2,8.333333333333E-2,1.25E-1,1.666666666667E-1,
2.083333333333E-1,2.5E-1,2.916666666667E-1,3.333333333333E-1,3.75E-1,
4.166666666667E-1,4.583333333333E-1,5.E-1,5.416666666667E-1,5.833333333333E-1,
6.25E-1,6.666666666667E-1,7.083333333333E-1,7.5E-1,7.916666666667E-1,
8.333333333333E-1,8.75E-1,9.166666666667E-1,9.583333333333E-1,1.E0),
.UNSPECIFIED.);
#266=B_SPLINE_CURVE_WITH_KNOTS('',3,(#260,#261,#262,#263,#264,#265),
.UNSPECIFIED.,.F.,.F.,(4,1,1,4),(0.E0,3.333333333333E-1,6.666666666667E-1,1.E0),
.UNSPECIFIED.);
#305=B_SPLINE_CURVE_WITH_KNOTS('',3,(#267,#268,#269,#270,#271,#272,#273,#274,
#275,#276,#277,#278,#279,#280,#281,#282,#283,#284,#285,#286,#287,#288,#289,#290,
#291,#292,#293,#294,#295,#296,#297,#298,#299,#300,#301,#302,#303,#304),
.UNSPECIFIED.,.F.,.F.,(4,1,1,1,1,1,1,1,1,1,1,1,1,1,1,1,1,1,1,1,1,1,1,1,1,1,1,1,
1,1,1,1,1,1,1,4),(0.E0,2.857142857143E-2,5.714285714286E-2,8.571428571429E-2,
1.142857142857E-1,1.428571428571E-1,1.714285714286E-1,2.E-1,2.285714285714E-1,
2.571428571429E-1,2.857142857143E-1,3.142857142857E-1,3.428571428571E-1,
3.714285714286E-1,4.E-1,4.285714285714E-1,4.571428571429E-1,4.857142857143E-1,
5.142857142857E-1,5.428571428571E-1,5.714285714286E-1,6.E-1,6.285714285714E-1,
6.571428571429E-1,6.857142857143E-1,7.142857142857E-1,7.428571428571E-1,
7.714285714286E-1,8.E-1,8.285714285714E-1,8.571428571429E-1,8.857142857143E-1,
9.142857142857E-1,9.428571428571E-1,9.714285714286E-1,1.E0),.UNSPECIFIED.);
#343=B_SPLINE_CURVE_WITH_KNOTS('',3,(#306,#307,#308,#309,#310,#311,#312,#313,
#314,#315,#316,#317,#318,#319,#320,#321,#322,#323,#324,#325,#326,#327,#328,#329,
#330,#331,#332,#333,#334,#335,#336,#337,#338,#339,#340,#341,#342),.UNSPECIFIED.,
.F.,.F.,(4,1,1,1,1,1,1,1,1,1,1,1,1,1,1,1,1,1,1,1,1,1,1,1,1,1,1,1,1,1,1,1,1,1,4),
(0.E0,2.941176470588E-2,5.882352941176E-2,8.823529411765E-2,1.176470588235E-1,
1.470588235294E-1,1.764705882353E-1,2.058823529412E-1,2.352941176471E-1,
2.647058823529E-1,2.941176470588E-1,3.235294117647E-1,3.529411764706E-1,
3.823529411765E-1,4.117647058824E-1,4.411764705882E-1,4.705882352941E-1,5.E-1,
5.294117647059E-1,5.588235294118E-1,5.882352941176E-1,6.176470588235E-1,
6.470588235294E-1,6.764705882353E-1,7.058823529412E-1,7.352941176471E-1,
7.647058823529E-1,7.941176470588E-1,8.235294117647E-1,8.529411764706E-1,
8.823529411765E-1,9.117647058824E-1,9.411764705882E-1,9.705882352941E-1,1.E0),
.UNSPECIFIED.);
#350=B_SPLINE_CURVE_WITH_KNOTS('',3,(#344,#345,#346,#347,#348,#349),
.UNSPECIFIED.,.F.,.F.,(4,1,1,4),(0.E0,3.333333333333E-1,6.666666666667E-1,1.E0),
.UNSPECIFIED.);
#386=B_SPLINE_CURVE_WITH_KNOTS('',3,(#351,#352,#353,#354,#355,#356,#357,#358,
#359,#360,#361,#362,#363,#364,#365,#366,#367,#368,#369,#370,#371,#372,#373,#374,
#375,#376,#377,#378,#379,#380,#381,#382,#383,#384,#385),.UNSPECIFIED.,.F.,.F.,
(4,1,1,1,1,1,1,1,1,1,1,1,1,1,1,1,1,1,1,1,1,1,1,1,1,1,1,1,1,1,1,1,4),(0.E0,
3.124999930797E-2,6.249999861594E-2,9.374999792356E-2,1.249999972315E-1,
1.562499965391E-1,1.874999958471E-1,2.187499951551E-1,2.499999944627E-1,
2.812499937707E-1,3.124999930783E-1,3.437499923862E-1,3.749999916942E-1,
4.062499910018E-1,4.374999903098E-1,4.687499896178E-1,4.999999889254E-1,
5.312499882334E-1,5.624999875410E-1,5.937499868489E-1,6.249999861569E-1,
6.562499854645E-1,6.874999847725E-1,7.187499840801E-1,7.499999833881E-1,
7.812499826961E-1,8.124999820037E-1,8.437499813116E-1,8.749999806196E-1,
9.062499799272E-1,9.374999792352E-1,9.687499785428E-1,1.E0),.UNSPECIFIED.);
#393=B_SPLINE_CURVE_WITH_KNOTS('',3,(#387,#388,#389,#390,#391,#392),
.UNSPECIFIED.,.F.,.F.,(4,1,1,4),(0.E0,3.333333333333E-1,6.666666666667E-1,1.E0),
.UNSPECIFIED.);
#400=B_SPLINE_CURVE_WITH_KNOTS('',3,(#394,#395,#396,#397,#398,#399),
.UNSPECIFIED.,.F.,.F.,(4,1,1,4),(0.E0,3.333333333333E-1,6.666666666667E-1,1.E0),
.UNSPECIFIED.);
#438=B_SPLINE_CURVE_WITH_KNOTS('',3,(#401,#402,#403,#404,#405,#406,#407,#408,
#409,#410,#411,#412,#413,#414,#415,#416,#417,#418,#419,#420,#421,#422,#423,#424,
#425,#426,#427,#428,#429,#430,#431,#432,#433,#434,#435,#436,#437),.UNSPECIFIED.,
.F.,.F.,(4,1,1,1,1,1,1,1,1,1,1,1,1,1,1,1,1,1,1,1,1,1,1,1,1,1,1,1,1,1,1,1,1,1,4),
(0.E0,2.941176470588E-2,5.882352941176E-2,8.823529411765E-2,1.176470588235E-1,
1.470588235294E-1,1.764705882353E-1,2.058823529412E-1,2.352941176471E-1,
2.647058823529E-1,2.941176470588E-1,3.235294117647E-1,3.529411764706E-1,
3.823529411765E-1,4.117647058824E-1,4.411764705882E-1,4.705882352941E-1,5.E-1,
5.294117647059E-1,5.588235294118E-1,5.882352941176E-1,6.176470588235E-1,
6.470588235294E-1,6.764705882353E-1,7.058823529412E-1,7.352941176471E-1,
7.647058823529E-1,7.941176470588E-1,8.235294117647E-1,8.529411764706E-1,
8.823529411765E-1,9.117647058824E-1,9.411764705882E-1,9.705882352941E-1,1.E0),
.UNSPECIFIED.);
#477=B_SPLINE_CURVE_WITH_KNOTS('',3,(#439,#440,#441,#442,#443,#444,#445,#446,
#447,#448,#449,#450,#451,#452,#453,#454,#455,#456,#457,#458,#459,#460,#461,#462,
#463,#464,#465,#466,#467,#468,#469,#470,#471,#472,#473,#474,#475,#476),
.UNSPECIFIED.,.F.,.F.,(4,1,1,1,1,1,1,1,1,1,1,1,1,1,1,1,1,1,1,1,1,1,1,1,1,1,1,1,
1,1,1,1,1,1,1,4),(0.E0,2.857142857143E-2,5.714285714286E-2,8.571428571429E-2,
1.142857142857E-1,1.428571428571E-1,1.714285714286E-1,2.E-1,2.285714285714E-1,
2.571428571429E-1,2.857142857143E-1,3.142857142857E-1,3.428571428571E-1,
3.714285714286E-1,4.E-1,4.285714285714E-1,4.571428571429E-1,4.857142857143E-1,
5.142857142857E-1,5.428571428571E-1,5.714285714286E-1,6.E-1,6.285714285714E-1,
6.571428571429E-1,6.857142857143E-1,7.142857142857E-1,7.428571428571E-1,
7.714285714286E-1,8.E-1,8.285714285714E-1,8.571428571429E-1,8.857142857143E-1,
9.142857142857E-1,9.428571428571E-1,9.714285714286E-1,1.E0),.UNSPECIFIED.);
#484=B_SPLINE_CURVE_WITH_KNOTS('',3,(#478,#479,#480,#481,#482,#483),
.UNSPECIFIED.,.F.,.F.,(4,1,1,4),(0.E0,3.333333333333E-1,6.666666666667E-1,1.E0),
.UNSPECIFIED.);
#520=B_SPLINE_CURVE_WITH_KNOTS('',3,(#485,#486,#487,#488,#489,#490,#491,#492,
#493,#494,#495,#496,#497,#498,#499,#500,#501,#502,#503,#504,#505,#506,#507,#508,
#509,#510,#511,#512,#513,#514,#515,#516,#517,#518,#519),.UNSPECIFIED.,.F.,.F.,
(4,1,1,1,1,1,1,1,1,1,1,1,1,1,1,1,1,1,1,1,1,1,1,1,1,1,1,1,1,1,1,1,4),(0.E0,
3.124993929001E-2,6.249994124994E-2,9.374994320988E-2,1.249999451694E-1,
1.562499471293E-1,1.874999490893E-1,2.187499510492E-1,2.499999530091E-1,
2.812499549691E-1,3.124999569286E-1,3.437499588886E-1,3.749999608485E-1,
4.062499628084E-1,4.374999647684E-1,4.687499667283E-1,4.999999686878E-1,
5.312499706478E-1,5.624999726077E-1,5.937499745676E-1,6.249999765276E-1,
6.562499784875E-1,6.874999804470E-1,7.187499824070E-1,7.499999843669E-1,
7.812499863268E-1,8.124999882868E-1,8.437499902467E-1,8.749999922062E-1,
9.062499941662E-1,9.374999961261E-1,9.687499980860E-1,1.E0),.UNSPECIFIED.);
#557=B_SPLINE_CURVE_WITH_KNOTS('',3,(#525,#526,#527,#528,#529,#530,#531,#532,
#533,#534,#535,#536,#537,#538,#539,#540,#541,#542,#543,#544,#545,#546,#547,#548,
#549,#550,#551,#552,#553,#554,#555,#556),.UNSPECIFIED.,.F.,.F.,(4,1,1,1,1,1,1,1,
1,1,1,1,1,1,1,1,1,1,1,1,1,1,1,1,1,1,1,1,1,4),(0.E0,3.448275862069E-2,
6.896551724138E-2,1.034482758621E-1,1.379310344828E-1,1.724137931034E-1,
2.068965517241E-1,2.413793103448E-1,2.758620689655E-1,3.103448275862E-1,
3.448275862069E-1,3.793103448276E-1,4.137931034483E-1,4.482758620690E-1,
4.827586206897E-1,5.172413793103E-1,5.517241379310E-1,5.862068965517E-1,
6.206896551724E-1,6.551724137931E-1,6.896551724138E-1,7.241379310345E-1,
7.586206896552E-1,7.931034482759E-1,8.275862068966E-1,8.620689655172E-1,
8.965517241379E-1,9.310344827586E-1,9.655172413793E-1,1.E0),.UNSPECIFIED.);
#596=B_SPLINE_CURVE_WITH_KNOTS('',3,(#558,#559,#560,#561,#562,#563,#564,#565,
#566,#567,#568,#569,#570,#571,#572,#573,#574,#575,#576,#577,#578,#579,#580,#581,
#582,#583,#584,#585,#586,#587,#588,#589,#590,#591,#592,#593,#594,#595),
.UNSPECIFIED.,.F.,.F.,(4,1,1,1,1,1,1,1,1,1,1,1,1,1,1,1,1,1,1,1,1,1,1,1,1,1,1,1,
1,1,1,1,1,1,1,4),(0.E0,2.857142857143E-2,5.714285714286E-2,8.571428571429E-2,
1.142857142857E-1,1.428571428571E-1,1.714285714286E-1,2.E-1,2.285714285714E-1,
2.571428571429E-1,2.857142857143E-1,3.142857142857E-1,3.428571428571E-1,
3.714285714286E-1,4.E-1,4.285714285714E-1,4.571428571429E-1,4.857142857143E-1,
5.142857142857E-1,5.428571428571E-1,5.714285714286E-1,6.E-1,6.285714285714E-1,
6.571428571429E-1,6.857142857143E-1,7.142857142857E-1,7.428571428571E-1,
7.714285714286E-1,8.E-1,8.285714285714E-1,8.571428571429E-1,8.857142857143E-1,
9.142857142857E-1,9.428571428571E-1,9.714285714286E-1,1.E0),.UNSPECIFIED.);
#603=B_SPLINE_CURVE_WITH_KNOTS('',3,(#597,#598,#599,#600,#601,#602),
.UNSPECIFIED.,.F.,.F.,(4,1,1,4),(0.E0,3.333333333333E-1,6.666666666667E-1,1.E0),
.UNSPECIFIED.);
#642=B_SPLINE_CURVE_WITH_KNOTS('',3,(#604,#605,#606,#607,#608,#609,#610,#611,
#612,#613,#614,#615,#616,#617,#618,#619,#620,#621,#622,#623,#624,#625,#626,#627,
#628,#629,#630,#631,#632,#633,#634,#635,#636,#637,#638,#639,#640,#641),
.UNSPECIFIED.,.F.,.F.,(4,1,1,1,1,1,1,1,1,1,1,1,1,1,1,1,1,1,1,1,1,1,1,1,1,1,1,1,
1,1,1,1,1,1,1,4),(0.E0,2.857142857143E-2,5.714285714286E-2,8.571428571429E-2,
1.142857142857E-1,1.428571428571E-1,1.714285714286E-1,2.E-1,2.285714285714E-1,
2.571428571429E-1,2.857142857143E-1,3.142857142857E-1,3.428571428571E-1,
3.714285714286E-1,4.E-1,4.285714285714E-1,4.571428571429E-1,4.857142857143E-1,
5.142857142857E-1,5.428571428571E-1,5.714285714286E-1,6.E-1,6.285714285714E-1,
6.571428571429E-1,6.857142857143E-1,7.142857142857E-1,7.428571428571E-1,
7.714285714286E-1,8.E-1,8.285714285714E-1,8.571428571429E-1,8.857142857143E-1,
9.142857142857E-1,9.428571428571E-1,9.714285714286E-1,1.E0),.UNSPECIFIED.);
#673=B_SPLINE_CURVE_WITH_KNOTS('',3,(#643,#644,#645,#646,#647,#648,#649,#650,
#651,#652,#653,#654,#655,#656,#657,#658,#659,#660,#661,#662,#663,#664,#665,#666,
#667,#668,#669,#670,#671,#672),.UNSPECIFIED.,.F.,.F.,(4,1,1,1,1,1,1,1,1,1,1,1,1,
1,1,1,1,1,1,1,1,1,1,1,1,1,1,4),(0.E0,3.703703703704E-2,7.407407407407E-2,
1.111111111111E-1,1.481481481481E-1,1.851851851852E-1,2.222222222222E-1,
2.592592592593E-1,2.962962962963E-1,3.333333333333E-1,3.703703703704E-1,
4.074074074074E-1,4.444444444444E-1,4.814814814815E-1,5.185185185185E-1,
5.555555555556E-1,5.925925925926E-1,6.296296296296E-1,6.666666666667E-1,
7.037037037037E-1,7.407407407407E-1,7.777777777778E-1,8.148148148148E-1,
8.518518518519E-1,8.888888888889E-1,9.259259259259E-1,9.629629629630E-1,1.E0),
.UNSPECIFIED.);
#678=CIRCLE('',#677,1.025E1);
#683=CIRCLE('',#682,1.025E1);
#690=B_SPLINE_CURVE_WITH_KNOTS('',3,(#684,#685,#686,#687,#688,#689),
.UNSPECIFIED.,.F.,.F.,(4,1,1,4),(0.E0,3.333333333333E-1,6.666666666667E-1,1.E0),
.UNSPECIFIED.);
#695=CIRCLE('',#694,1.025E1);
#700=CIRCLE('',#699,9.15E0);
#711=B_SPLINE_CURVE_WITH_KNOTS('',3,(#705,#706,#707,#708,#709,#710),
.UNSPECIFIED.,.F.,.F.,(4,1,1,4),(0.E0,3.333333333333E-1,6.666666666667E-1,1.E0),
.UNSPECIFIED.);
#722=B_SPLINE_CURVE_WITH_KNOTS('',3,(#716,#717,#718,#719,#720,#721),
.UNSPECIFIED.,.F.,.F.,(4,1,1,4),(0.E0,3.333333333333E-1,6.666666666667E-1,1.E0),
.UNSPECIFIED.);
#750=B_SPLINE_CURVE_WITH_KNOTS('',3,(#723,#724,#725,#726,#727,#728,#729,#730,
#731,#732,#733,#734,#735,#736,#737,#738,#739,#740,#741,#742,#743,#744,#745,#746,
#747,#748,#749),.UNSPECIFIED.,.F.,.F.,(4,1,1,1,1,1,1,1,1,1,1,1,1,1,1,1,1,1,1,1,
1,1,1,1,4),(0.E0,4.166666666667E-2,8.333333333333E-2,1.25E-1,1.666666666667E-1,
2.083333333333E-1,2.5E-1,2.916666666667E-1,3.333333333333E-1,3.75E-1,
4.166666666667E-1,4.583333333333E-1,5.E-1,5.416666666667E-1,5.833333333333E-1,
6.25E-1,6.666666666667E-1,7.083333333333E-1,7.5E-1,7.916666666667E-1,
8.333333333333E-1,8.75E-1,9.166666666667E-1,9.583333333333E-1,1.E0),
.UNSPECIFIED.);
#774=B_SPLINE_CURVE_WITH_KNOTS('',3,(#755,#756,#757,#758,#759,#760,#761,#762,
#763,#764,#765,#766,#767,#768,#769,#770,#771,#772,#773),.UNSPECIFIED.,.F.,.F.,
(4,1,1,1,1,1,1,1,1,1,1,1,1,1,1,1,4),(0.E0,6.249999999981E-2,1.249999999996E-1,
1.875000000004E-1,2.500000000003E-1,3.125000000001E-1,3.749999999999E-1,
4.374999999997E-1,4.999999999995E-1,5.625000000003E-1,6.250000000001E-1,
6.874999999999E-1,7.499999999997E-1,8.124999999996E-1,8.750000000004E-1,
9.375000000002E-1,1.E0),.UNSPECIFIED.);
#802=B_SPLINE_CURVE_WITH_KNOTS('',3,(#775,#776,#777,#778,#779,#780,#781,#782,
#783,#784,#785,#786,#787,#788,#789,#790,#791,#792,#793,#794,#795,#796,#797,#798,
#799,#800,#801),.UNSPECIFIED.,.F.,.F.,(4,1,1,1,1,1,1,1,1,1,1,1,1,1,1,1,1,1,1,1,
1,1,1,1,4),(0.E0,4.166666666667E-2,8.333333333333E-2,1.25E-1,1.666666666667E-1,
2.083333333333E-1,2.5E-1,2.916666666667E-1,3.333333333333E-1,3.75E-1,
4.166666666667E-1,4.583333333333E-1,5.E-1,5.416666666667E-1,5.833333333333E-1,
6.25E-1,6.666666666667E-1,7.083333333333E-1,7.5E-1,7.916666666667E-1,
8.333333333333E-1,8.75E-1,9.166666666667E-1,9.583333333333E-1,1.E0),
.UNSPECIFIED.);
#807=CIRCLE('',#806,1.1E1);
#821=B_SPLINE_CURVE_WITH_KNOTS('',3,(#808,#809,#810,#811,#812,#813,#814,#815,
#816,#817,#818,#819,#820),.UNSPECIFIED.,.F.,.F.,(4,1,1,1,1,1,1,1,1,1,4),(0.E0,
1.E-1,2.E-1,3.E-1,4.E-1,5.E-1,6.E-1,7.E-1,8.E-1,9.E-1,1.E0),.UNSPECIFIED.);
#828=B_SPLINE_CURVE_WITH_KNOTS('',3,(#822,#823,#824,#825,#826,#827),
.UNSPECIFIED.,.F.,.F.,(4,1,1,4),(0.E0,3.333333333333E-1,6.666666666667E-1,1.E0),
.UNSPECIFIED.);
#836=B_SPLINE_CURVE_WITH_KNOTS('',3,(#829,#830,#831,#832,#833,#834,#835),
.UNSPECIFIED.,.F.,.F.,(4,1,1,1,4),(0.E0,2.5E-1,5.E-1,7.5E-1,1.E0),
.UNSPECIFIED.);
#844=B_SPLINE_CURVE_WITH_KNOTS('',3,(#837,#838,#839,#840,#841,#842,#843),
.UNSPECIFIED.,.F.,.F.,(4,1,1,1,4),(0.E0,2.5E-1,5.E-1,7.5E-1,1.E0),
.UNSPECIFIED.);
#880=B_SPLINE_CURVE_WITH_KNOTS('',3,(#845,#846,#847,#848,#849,#850,#851,#852,
#853,#854,#855,#856,#857,#858,#859,#860,#861,#862,#863,#864,#865,#866,#867,#868,
#869,#870,#871,#872,#873,#874,#875,#876,#877,#878,#879),.UNSPECIFIED.,.F.,.F.,
(4,1,1,1,1,1,1,1,1,1,1,1,1,1,1,1,1,1,1,1,1,1,1,1,1,1,1,1,1,1,1,1,4),(0.E0,
3.124999999993E-2,6.249999999987E-2,9.374999999982E-2,1.250000000001E-1,
1.562500000001E-1,1.875E-1,2.1875E-1,2.499999999999E-1,2.812499999998E-1,
3.124999999998E-1,3.437500000001E-1,3.75E-1,4.0625E-1,4.374999999999E-1,
4.687499999999E-1,4.999999999998E-1,5.312500000001E-1,5.625000000001E-1,
5.9375E-1,6.249999999999E-1,6.562499999999E-1,6.874999999998E-1,
7.187500000001E-1,7.500000000001E-1,7.8125E-1,8.125E-1,8.437499999999E-1,
8.749999999999E-1,9.062500000002E-1,9.375000000001E-1,9.687500000001E-1,1.E0),
.UNSPECIFIED.);
#888=B_SPLINE_CURVE_WITH_KNOTS('',3,(#881,#882,#883,#884,#885,#886,#887),
.UNSPECIFIED.,.F.,.F.,(4,1,1,1,4),(0.E0,2.5E-1,5.E-1,7.5E-1,1.E0),
.UNSPECIFIED.);
#907=B_SPLINE_CURVE_WITH_KNOTS('',3,(#889,#890,#891,#892,#893,#894,#895,#896,
#897,#898,#899,#900,#901,#902,#903,#904,#905,#906),.UNSPECIFIED.,.F.,.F.,(4,1,1,
1,1,1,1,1,1,1,1,1,1,1,1,4),(0.E0,5.519195492521E-2,1.226782279720E-1,
1.901645010195E-1,2.576507740662E-1,3.251370471130E-1,3.926233201597E-1,
4.601095932065E-1,5.275958662532E-1,5.950821393E-1,6.625684123475E-1,
7.300546853942E-1,7.975409584410E-1,8.650272314877E-1,9.325135045345E-1,1.E0),
.UNSPECIFIED.);
#926=B_SPLINE_CURVE_WITH_KNOTS('',3,(#908,#909,#910,#911,#912,#913,#914,#915,
#916,#917,#918,#919,#920,#921,#922,#923,#924,#925),.UNSPECIFIED.,.F.,.F.,(4,1,1,
1,1,1,1,1,1,1,1,1,1,1,1,4),(0.E0,6.748607564279E-2,1.349723737037E-1,
2.024586717645E-1,2.699449698254E-1,3.374312678863E-1,4.049175659472E-1,
4.724038640088E-1,5.398901620697E-1,6.073764601306E-1,6.748627581914E-1,
7.423490562523E-1,8.098353543132E-1,8.773216523749E-1,9.448079504357E-1,1.E0),
.UNSPECIFIED.);
#949=B_SPLINE_CURVE_WITH_KNOTS('',3,(#931,#932,#933,#934,#935,#936,#937,#938,
#939,#940,#941,#942,#943,#944,#945,#946,#947,#948),.UNSPECIFIED.,.F.,.F.,(4,1,1,
1,1,1,1,1,1,1,1,1,1,1,1,4),(0.E0,5.519196221339E-2,1.226782377356E-1,
1.901645132586E-1,2.576507887816E-1,3.251370643038E-1,3.926233398268E-1,
4.601096153498E-1,5.275958908720E-1,5.950821663950E-1,6.625684419179E-1,
7.300547174402E-1,7.975409929631E-1,8.650272684854E-1,9.325135440083E-1,1.E0),
.UNSPECIFIED.);
#968=B_SPLINE_CURVE_WITH_KNOTS('',3,(#950,#951,#952,#953,#954,#955,#956,#957,
#958,#959,#960,#961,#962,#963,#964,#965,#966,#967),.UNSPECIFIED.,.F.,.F.,(4,1,1,
1,1,1,1,1,1,1,1,1,1,1,1,4),(0.E0,6.748611569678E-2,1.349724118631E-1,
2.024587080293E-1,2.699450041949E-1,3.374313003611E-1,4.049175965266E-1,
4.724038926929E-1,5.398901888592E-1,6.073764850247E-1,6.748627811910E-1,
7.423490773573E-1,8.098353735228E-1,8.773216696891E-1,9.448079658554E-1,1.E0),
.UNSPECIFIED.);
#980=B_SPLINE_CURVE_WITH_KNOTS('',3,(#973,#974,#975,#976,#977,#978,#979),
.UNSPECIFIED.,.F.,.F.,(4,1,1,1,4),(0.E0,2.5E-1,5.E-1,7.5E-1,1.E0),
.UNSPECIFIED.);
#988=B_SPLINE_CURVE_WITH_KNOTS('',3,(#981,#982,#983,#984,#985,#986,#987),
.UNSPECIFIED.,.F.,.F.,(4,1,1,1,4),(0.E0,2.5E-1,5.E-1,7.5E-1,1.E0),
.UNSPECIFIED.);
#996=B_SPLINE_CURVE_WITH_KNOTS('',3,(#989,#990,#991,#992,#993,#994,#995),
.UNSPECIFIED.,.F.,.F.,(4,1,1,1,4),(0.E0,2.5E-1,5.E-1,7.5E-1,1.E0),
.UNSPECIFIED.);
#1032=B_SPLINE_CURVE_WITH_KNOTS('',3,(#997,#998,#999,#1000,#1001,#1002,#1003,
#1004,#1005,#1006,#1007,#1008,#1009,#1010,#1011,#1012,#1013,#1014,#1015,#1016,
#1017,#1018,#1019,#1020,#1021,#1022,#1023,#1024,#1025,#1026,#1027,#1028,#1029,
#1030,#1031),.UNSPECIFIED.,.F.,.F.,(4,1,1,1,1,1,1,1,1,1,1,1,1,1,1,1,1,1,1,1,1,1,
1,1,1,1,1,1,1,1,1,1,4),(0.E0,3.125000000014E-2,6.249999999991E-2,
9.375000000004E-2,1.250000000002E-1,1.5625E-1,1.875000000001E-1,
2.187500000002E-1,2.5E-1,2.812500000001E-1,3.125000000003E-1,3.4375E-1,
3.750000000002E-1,4.0625E-1,4.375000000001E-1,4.687500000002E-1,5.E-1,
5.312500000001E-1,5.625000000003E-1,5.9375E-1,6.250000000002E-1,6.5625E-1,
6.875000000001E-1,7.187500000002E-1,7.5E-1,7.812500000001E-1,8.125000000003E-1,
8.4375E-1,8.750000000002E-1,9.062500000003E-1,9.375000000001E-1,
9.687500000002E-1,1.E0),.UNSPECIFIED.);
#1040=B_SPLINE_CURVE_WITH_KNOTS('',3,(#1033,#1034,#1035,#1036,#1037,#1038,
#1039),.UNSPECIFIED.,.F.,.F.,(4,1,1,1,4),(0.E0,2.5E-1,5.E-1,7.5E-1,1.E0),
.UNSPECIFIED.);
#1059=B_SPLINE_CURVE_WITH_KNOTS('',3,(#1041,#1042,#1043,#1044,#1045,#1046,#1047,
#1048,#1049,#1050,#1051,#1052,#1053,#1054,#1055,#1056,#1057,#1058),
.UNSPECIFIED.,.F.,.F.,(4,1,1,1,1,1,1,1,1,1,1,1,1,1,1,4),(0.E0,5.519202941540E-2,
1.226783257510E-1,1.901646220866E-1,2.576509184215E-1,3.251372147571E-1,
3.926235110927E-1,4.601098074275E-1,5.275961037631E-1,5.950824000988E-1,
6.625686964336E-1,7.300549927692E-1,7.975412891040E-1,8.650275854397E-1,
9.325138817753E-1,1.E0),.UNSPECIFIED.);
#1078=B_SPLINE_CURVE_WITH_KNOTS('',3,(#1060,#1061,#1062,#1063,#1064,#1065,#1066,
#1067,#1068,#1069,#1070,#1071,#1072,#1073,#1074,#1075,#1076,#1077),
.UNSPECIFIED.,.F.,.F.,(4,1,1,1,1,1,1,1,1,1,1,1,1,1,1,4),(0.E0,6.748645346371E-2,
1.349727288174E-1,2.024590041702E-1,2.699452795239E-1,3.374315548768E-1,
4.049178302304E-1,4.724041055841E-1,5.398903809370E-1,6.073766562906E-1,
6.748629316443E-1,7.423492069972E-1,8.098354823508E-1,8.773217577045E-1,
9.448080330574E-1,1.E0),.UNSPECIFIED.);
#1107=B_SPLINE_CURVE_WITH_KNOTS('',3,(#1083,#1084,#1085,#1086,#1087,#1088,#1089,
#1090,#1091,#1092,#1093,#1094,#1095,#1096,#1097,#1098,#1099,#1100,#1101,#1102,
#1103,#1104,#1105,#1106),.UNSPECIFIED.,.F.,.F.,(4,1,1,1,1,1,1,1,1,1,1,1,1,1,1,1,
1,1,1,1,1,4),(0.E0,2.101116216166E-2,7.140701133412E-2,1.218028605066E-1,
1.721987096798E-1,2.225945588523E-1,2.729904080255E-1,3.233862571980E-1,
3.737821063704E-1,4.241779555437E-1,4.745738047161E-1,5.249696538886E-1,
5.753655030618E-1,6.257613522343E-1,6.761572014075E-1,7.265530505800E-1,
7.769488997524E-1,8.273447489257E-1,8.777405980981E-1,9.281364472706E-1,
9.785322964438E-1,1.E0),.UNSPECIFIED.);
#1122=B_SPLINE_CURVE_WITH_KNOTS('',3,(#1108,#1109,#1110,#1111,#1112,#1113,#1114,
#1115,#1116,#1117,#1118,#1119,#1120,#1121),.UNSPECIFIED.,.F.,.F.,(4,1,1,1,1,1,1,
1,1,1,1,4),(0.E0,5.428574032268E-2,1.488571662913E-1,2.434285922584E-1,
3.380000182256E-1,4.325714441942E-1,5.271428701614E-1,6.217142961285E-1,
7.162857220971E-1,8.108571480643E-1,9.054285740329E-1,1.E0),.UNSPECIFIED.);
#1133=B_SPLINE_CURVE_WITH_KNOTS('',3,(#1123,#1124,#1125,#1126,#1127,#1128,#1129,
#1130,#1131,#1132),.UNSPECIFIED.,.F.,.F.,(4,1,1,1,1,1,1,4),(0.E0,
1.463493861597E-1,2.926987723194E-1,4.390481584790E-1,5.853975446385E-1,
7.317469307982E-1,8.780963169578E-1,1.E0),.UNSPECIFIED.);
#1145=B_SPLINE_CURVE_WITH_KNOTS('',3,(#1138,#1139,#1140,#1141,#1142,#1143,
#1144),.UNSPECIFIED.,.F.,.F.,(4,1,1,1,4),(0.E0,2.5E-1,5.E-1,7.5E-1,1.E0),
.UNSPECIFIED.);
#1157=B_SPLINE_CURVE_WITH_KNOTS('',3,(#1150,#1151,#1152,#1153,#1154,#1155,
#1156),.UNSPECIFIED.,.F.,.F.,(4,1,1,1,4),(0.E0,2.5E-1,5.E-1,7.5E-1,1.E0),
.UNSPECIFIED.);
#1197=B_SPLINE_CURVE_WITH_KNOTS('',3,(#1162,#1163,#1164,#1165,#1166,#1167,#1168,
#1169,#1170,#1171,#1172,#1173,#1174,#1175,#1176,#1177,#1178,#1179,#1180,#1181,
#1182,#1183,#1184,#1185,#1186,#1187,#1188,#1189,#1190,#1191,#1192,#1193,#1194,
#1195,#1196),.UNSPECIFIED.,.F.,.F.,(4,1,1,1,1,1,1,1,1,1,1,1,1,1,1,1,1,1,1,1,1,1,
1,1,1,1,1,1,1,1,1,1,4),(0.E0,3.124999999982E-2,6.250000000012E-2,
9.374999999994E-2,1.250000000002E-1,1.562500000001E-1,1.874999999999E-1,
2.187500000002E-1,2.5E-1,2.812499999998E-1,3.125000000001E-1,3.437499999999E-1,
3.750000000002E-1,4.062500000001E-1,4.374999999999E-1,4.687500000002E-1,5.E-1,
5.312499999998E-1,5.625000000001E-1,5.937499999999E-1,6.250000000002E-1,
6.562500000001E-1,6.874999999999E-1,7.187500000002E-1,7.5E-1,7.812499999998E-1,
8.125000000001E-1,8.437499999999E-1,8.750000000002E-1,9.062500000001E-1,
9.374999999999E-1,9.687500000002E-1,1.E0),.UNSPECIFIED.);
#1212=B_SPLINE_CURVE_WITH_KNOTS('',3,(#1198,#1199,#1200,#1201,#1202,#1203,#1204,
#1205,#1206,#1207,#1208,#1209,#1210,#1211),.UNSPECIFIED.,.F.,.F.,(4,1,1,1,1,1,1,
1,1,1,1,4),(0.E0,9.457142489120E-2,1.891428497839E-1,2.837142746751E-1,
3.782856995678E-1,4.728571244591E-1,5.674285493503E-1,6.619999742430E-1,
7.565713991342E-1,8.511428240254E-1,9.457142489181E-1,1.E0),.UNSPECIFIED.);
#1237=B_SPLINE_CURVE_WITH_KNOTS('',3,(#1213,#1214,#1215,#1216,#1217,#1218,#1219,
#1220,#1221,#1222,#1223,#1224,#1225,#1226,#1227,#1228,#1229,#1230,#1231,#1232,
#1233,#1234,#1235,#1236),.UNSPECIFIED.,.F.,.F.,(4,1,1,1,1,1,1,1,1,1,1,1,1,1,1,1,
1,1,1,1,1,4),(0.E0,2.146769753799E-2,7.186354681533E-2,1.222593960919E-1,
1.726552453685E-1,2.230510946458E-1,2.734469439224E-1,3.238427931989E-1,
3.742386424763E-1,4.246344917528E-1,4.750303410302E-1,5.254261903067E-1,
5.758220395833E-1,6.262178888606E-1,6.766137381372E-1,7.270095874138E-1,
7.774054366911E-1,8.278012859677E-1,8.781971352450E-1,9.285929845216E-1,
9.789888337981E-1,1.E0),.UNSPECIFIED.);
#1260=B_SPLINE_CURVE_WITH_KNOTS('',3,(#1242,#1243,#1244,#1245,#1246,#1247,#1248,
#1249,#1250,#1251,#1252,#1253,#1254,#1255,#1256,#1257,#1258,#1259),
.UNSPECIFIED.,.F.,.F.,(4,1,1,1,1,1,1,1,1,1,1,1,1,1,1,4),(0.E0,5.519207409487E-2,
1.226783805665E-1,1.901646870381E-1,2.576509935104E-1,3.251372999820E-1,
3.926236064544E-1,4.601099129260E-1,5.275962193984E-1,5.950825258700E-1,
6.625688323424E-1,7.300551388140E-1,7.975414452856E-1,8.650277517580E-1,
9.325140582296E-1,1.E0),.UNSPECIFIED.);
#1279=B_SPLINE_CURVE_WITH_KNOTS('',3,(#1261,#1262,#1263,#1264,#1265,#1266,#1267,
#1268,#1269,#1270,#1271,#1272,#1273,#1274,#1275,#1276,#1277,#1278),
.UNSPECIFIED.,.F.,.F.,(4,1,1,1,1,1,1,1,1,1,1,1,1,1,1,4),(0.E0,6.748662903147E-2,
1.349728933620E-1,2.024591576918E-1,2.699454220223E-1,3.374316863521E-1,
4.049179506819E-1,4.724042150124E-1,5.398904793422E-1,6.073767436728E-1,
6.748630080025E-1,7.423492723331E-1,8.098355366629E-1,8.773218009934E-1,
9.448080653232E-1,1.E0),.UNSPECIFIED.);
#1294=B_SPLINE_CURVE_WITH_KNOTS('',3,(#1284,#1285,#1286,#1287,#1288,#1289,#1290,
#1291,#1292,#1293),.UNSPECIFIED.,.F.,.F.,(4,1,1,1,1,1,1,4),(0.E0,
1.219036746324E-1,2.682530621937E-1,4.146024497550E-1,5.609518373161E-1,
7.073012248774E-1,8.536506124387E-1,1.E0),.UNSPECIFIED.);
#1302=B_SPLINE_CURVE_WITH_KNOTS('',3,(#1295,#1296,#1297,#1298,#1299,#1300,
#1301),.UNSPECIFIED.,.F.,.F.,(4,1,1,1,4),(0.E0,2.5E-1,5.E-1,7.5E-1,1.E0),
.UNSPECIFIED.);
#1310=B_SPLINE_CURVE_WITH_KNOTS('',3,(#1303,#1304,#1305,#1306,#1307,#1308,
#1309),.UNSPECIFIED.,.F.,.F.,(4,1,1,1,4),(0.E0,2.5E-1,5.E-1,7.5E-1,1.E0),
.UNSPECIFIED.);
#1318=B_SPLINE_CURVE_WITH_KNOTS('',3,(#1311,#1312,#1313,#1314,#1315,#1316,
#1317),.UNSPECIFIED.,.F.,.F.,(4,1,1,1,4),(0.E0,2.5E-1,5.E-1,7.5E-1,1.E0),
.UNSPECIFIED.);
#1354=B_SPLINE_CURVE_WITH_KNOTS('',3,(#1319,#1320,#1321,#1322,#1323,#1324,#1325,
#1326,#1327,#1328,#1329,#1330,#1331,#1332,#1333,#1334,#1335,#1336,#1337,#1338,
#1339,#1340,#1341,#1342,#1343,#1344,#1345,#1346,#1347,#1348,#1349,#1350,#1351,
#1352,#1353),.UNSPECIFIED.,.F.,.F.,(4,1,1,1,1,1,1,1,1,1,1,1,1,1,1,1,1,1,1,1,1,1,
1,1,1,1,1,1,1,1,1,1,4),(0.E0,3.125000000020E-2,6.250000000004E-2,
9.374999999988E-2,1.250000000001E-1,1.562499999999E-1,1.875000000001E-1,
2.1875E-1,2.500000000002E-1,2.8125E-1,3.125000000002E-1,3.4375E-1,
3.749999999999E-1,4.062500000001E-1,4.374999999999E-1,4.687500000001E-1,
4.999999999999E-1,5.312500000001E-1,5.625E-1,5.937500000002E-1,6.25E-1,
6.562499999999E-1,6.875000000001E-1,7.187499999999E-1,7.500000000001E-1,
7.812499999999E-1,8.125000000001E-1,8.4375E-1,8.750000000002E-1,9.0625E-1,
9.374999999999E-1,9.6875E-1,1.E0),.UNSPECIFIED.);
#1362=B_SPLINE_CURVE_WITH_KNOTS('',3,(#1355,#1356,#1357,#1358,#1359,#1360,
#1361),.UNSPECIFIED.,.F.,.F.,(4,1,1,1,4),(0.E0,2.5E-1,5.E-1,7.5E-1,1.E0),
.UNSPECIFIED.);
#1381=B_SPLINE_CURVE_WITH_KNOTS('',3,(#1363,#1364,#1365,#1366,#1367,#1368,#1369,
#1370,#1371,#1372,#1373,#1374,#1375,#1376,#1377,#1378,#1379,#1380),
.UNSPECIFIED.,.F.,.F.,(4,1,1,1,1,1,1,1,1,1,1,1,1,1,1,4),(0.E0,5.519192994755E-2,
1.226781944467E-1,1.901644589465E-1,2.576507234456E-1,3.251369879455E-1,
3.926232524446E-1,4.601095169445E-1,5.275957814436E-1,5.950820459435E-1,
6.625683104426E-1,7.300545749417E-1,7.975408394416E-1,8.650271039407E-1,
9.325133684406E-1,1.E0),.UNSPECIFIED.);
#1400=B_SPLINE_CURVE_WITH_KNOTS('',3,(#1382,#1383,#1384,#1385,#1386,#1387,#1388,
#1389,#1390,#1391,#1392,#1393,#1394,#1395,#1396,#1397,#1398,#1399),
.UNSPECIFIED.,.F.,.F.,(4,1,1,1,1,1,1,1,1,1,1,1,1,1,1,4),(0.E0,6.748593924250E-2,
1.349722455448E-1,2.024585518478E-1,2.699448581501E-1,3.374311644524E-1,
4.049174707554E-1,4.724037770577E-1,5.398900833607E-1,6.073763896630E-1,
6.748626959661E-1,7.423490022683E-1,8.098353085714E-1,8.773216148736E-1,
9.448079211759E-1,1.E0),.UNSPECIFIED.);
#1423=B_SPLINE_CURVE_WITH_KNOTS('',3,(#1405,#1406,#1407,#1408,#1409,#1410,#1411,
#1412,#1413,#1414,#1415,#1416,#1417,#1418,#1419,#1420,#1421,#1422),
.UNSPECIFIED.,.F.,.F.,(4,1,1,1,1,1,1,1,1,1,1,1,1,1,1,4),(0.E0,5.519199233531E-2,
1.226782761999E-1,1.901645600644E-1,2.576508439298E-1,3.251371277943E-1,
3.926234116589E-1,4.601096955234E-1,5.275959793880E-1,5.950822632525E-1,
6.625685471171E-1,7.300548309817E-1,7.975411148462E-1,8.650273987108E-1,
9.325136825753E-1,1.E0),.UNSPECIFIED.);
#1442=B_SPLINE_CURVE_WITH_KNOTS('',3,(#1424,#1425,#1426,#1427,#1428,#1429,#1430,
#1431,#1432,#1433,#1434,#1435,#1436,#1437,#1438,#1439,#1440,#1441),
.UNSPECIFIED.,.F.,.F.,(4,1,1,1,1,1,1,1,1,1,1,1,1,1,1,4),(0.E0,6.748625416087E-2,
1.349725418811E-1,2.024588296013E-1,2.699451173215E-1,3.374314050417E-1,
4.049176927619E-1,4.724039804821E-1,5.398902682023E-1,6.073765559225E-1,
6.748628436427E-1,7.423491313629E-1,8.098354190839E-1,8.773217068041E-1,
9.448079945243E-1,1.E0),.UNSPECIFIED.);
#1454=B_SPLINE_CURVE_WITH_KNOTS('',3,(#1447,#1448,#1449,#1450,#1451,#1452,
#1453),.UNSPECIFIED.,.F.,.F.,(4,1,1,1,4),(0.E0,2.5E-1,5.E-1,7.5E-1,1.E0),
.UNSPECIFIED.);
#1462=B_SPLINE_CURVE_WITH_KNOTS('',3,(#1455,#1456,#1457,#1458,#1459,#1460,
#1461),.UNSPECIFIED.,.F.,.F.,(4,1,1,1,4),(0.E0,2.5E-1,5.E-1,7.5E-1,1.E0),
.UNSPECIFIED.);
#1470=B_SPLINE_CURVE_WITH_KNOTS('',3,(#1463,#1464,#1465,#1466,#1467,#1468,
#1469),.UNSPECIFIED.,.F.,.F.,(4,1,1,1,4),(0.E0,2.5E-1,5.E-1,7.5E-1,1.E0),
.UNSPECIFIED.);
#1478=B_SPLINE_CURVE_WITH_KNOTS('',3,(#1471,#1472,#1473,#1474,#1475,#1476,
#1477),.UNSPECIFIED.,.F.,.F.,(4,1,1,1,4),(0.E0,2.5E-1,5.E-1,7.5E-1,1.E0),
.UNSPECIFIED.);
#1514=B_SPLINE_CURVE_WITH_KNOTS('',3,(#1479,#1480,#1481,#1482,#1483,#1484,#1485,
#1486,#1487,#1488,#1489,#1490,#1491,#1492,#1493,#1494,#1495,#1496,#1497,#1498,
#1499,#1500,#1501,#1502,#1503,#1504,#1505,#1506,#1507,#1508,#1509,#1510,#1511,
#1512,#1513),.UNSPECIFIED.,.F.,.F.,(4,1,1,1,1,1,1,1,1,1,1,1,1,1,1,1,1,1,1,1,1,1,
1,1,1,1,1,1,1,1,1,1,4),(0.E0,3.124999999997E-2,6.249999999993E-2,
9.374999999990E-2,1.249999999999E-1,1.562500000002E-1,1.875000000002E-1,
2.187500000001E-1,2.500000000001E-1,2.812500000001E-1,3.125E-1,3.4375E-1,
3.75E-1,4.062499999999E-1,4.374999999999E-1,4.687499999999E-1,5.000000000002E-1,
5.312500000001E-1,5.625000000001E-1,5.937500000001E-1,6.25E-1,6.5625E-1,
6.875E-1,7.187499999999E-1,7.499999999999E-1,7.812499999999E-1,
8.124999999998E-1,8.437499999998E-1,8.750000000001E-1,9.062500000001E-1,
9.375000000001E-1,9.6875E-1,1.E0),.UNSPECIFIED.);
#1533=B_SPLINE_CURVE_WITH_KNOTS('',3,(#1515,#1516,#1517,#1518,#1519,#1520,#1521,
#1522,#1523,#1524,#1525,#1526,#1527,#1528,#1529,#1530,#1531,#1532),
.UNSPECIFIED.,.F.,.F.,(4,1,1,1,1,1,1,1,1,1,1,1,1,1,1,4),(0.E0,5.519200074644E-2,
1.226782886360E-1,1.901645765255E-1,2.576508644158E-1,3.251371523054E-1,
3.926234401949E-1,4.601097280844E-1,5.275960159740E-1,5.950823038635E-1,
6.625685917530E-1,7.300548796426E-1,7.975411675321E-1,8.650274554217E-1,
9.325137433112E-1,1.E0),.UNSPECIFIED.);
#1552=B_SPLINE_CURVE_WITH_KNOTS('',3,(#1534,#1535,#1536,#1537,#1538,#1539,#1540,
#1541,#1542,#1543,#1544,#1545,#1546,#1547,#1548,#1549,#1550,#1551),
.UNSPECIFIED.,.F.,.F.,(4,1,1,1,1,1,1,1,1,1,1,1,1,1,1,4),(0.E0,6.748631489673E-2,
1.349725985920E-1,2.024588822872E-1,2.699451659824E-1,3.374314496776E-1,
4.049177333729E-1,4.724040170681E-1,5.398903007633E-1,6.073765844585E-1,
6.748628681538E-1,7.423491518490E-1,8.098354355450E-1,8.773217192402E-1,
9.448080029354E-1,1.E0),.UNSPECIFIED.);
#1575=B_SPLINE_CURVE_WITH_KNOTS('',3,(#1557,#1558,#1559,#1560,#1561,#1562,#1563,
#1564,#1565,#1566,#1567,#1568,#1569,#1570,#1571,#1572,#1573,#1574),
.UNSPECIFIED.,.F.,.F.,(4,1,1,1,1,1,1,1,1,1,1,1,1,1,1,4),(0.E0,5.519191193228E-2,
1.226781726473E-1,1.901644333623E-1,2.576506940774E-1,3.251369547924E-1,
3.926232155082E-1,4.601094762232E-1,5.275957369383E-1,5.950819976533E-1,
6.625682583683E-1,7.300545190834E-1,7.975407797992E-1,8.650270405142E-1,
9.325133012292E-1,1.E0),.UNSPECIFIED.);
#1594=B_SPLINE_CURVE_WITH_KNOTS('',3,(#1576,#1577,#1578,#1579,#1580,#1581,#1582,
#1583,#1584,#1585,#1586,#1587,#1588,#1589,#1590,#1591,#1592,#1593),
.UNSPECIFIED.,.F.,.F.,(4,1,1,1,1,1,1,1,1,1,1,1,1,1,1,4),(0.E0,6.748587251145E-2,
1.349721830797E-1,2.024584936472E-1,2.699448042147E-1,3.374311147822E-1,
4.049174253497E-1,4.724037359172E-1,5.398900464855E-1,6.073763570530E-1,
6.748626676205E-1,7.423489781880E-1,8.098352887555E-1,8.773215993237E-1,
9.448079098912E-1,1.E0),.UNSPECIFIED.);
#1606=B_SPLINE_CURVE_WITH_KNOTS('',3,(#1599,#1600,#1601,#1602,#1603,#1604,
#1605),.UNSPECIFIED.,.F.,.F.,(4,1,1,1,4),(0.E0,2.5E-1,5.E-1,7.5E-1,1.E0),
.UNSPECIFIED.);
#1614=B_SPLINE_CURVE_WITH_KNOTS('',3,(#1607,#1608,#1609,#1610,#1611,#1612,
#1613),.UNSPECIFIED.,.F.,.F.,(4,1,1,1,4),(0.E0,2.5E-1,5.E-1,7.5E-1,1.E0),
.UNSPECIFIED.);
#1622=B_SPLINE_CURVE_WITH_KNOTS('',3,(#1615,#1616,#1617,#1618,#1619,#1620,
#1621),.UNSPECIFIED.,.F.,.F.,(4,1,1,1,4),(0.E0,2.5E-1,5.E-1,7.5E-1,1.E0),
.UNSPECIFIED.);
#1630=B_SPLINE_CURVE_WITH_KNOTS('',3,(#1623,#1624,#1625,#1626,#1627,#1628,
#1629),.UNSPECIFIED.,.F.,.F.,(4,1,1,1,4),(0.E0,2.5E-1,5.E-1,7.5E-1,1.E0),
.UNSPECIFIED.);
#1666=B_SPLINE_CURVE_WITH_KNOTS('',3,(#1631,#1632,#1633,#1634,#1635,#1636,#1637,
#1638,#1639,#1640,#1641,#1642,#1643,#1644,#1645,#1646,#1647,#1648,#1649,#1650,
#1651,#1652,#1653,#1654,#1655,#1656,#1657,#1658,#1659,#1660,#1661,#1662,#1663,
#1664,#1665),.UNSPECIFIED.,.F.,.F.,(4,1,1,1,1,1,1,1,1,1,1,1,1,1,1,1,1,1,1,1,1,1,
1,1,1,1,1,1,1,1,1,1,4),(0.E0,3.124999999993E-2,6.249999999986E-2,
9.374999999980E-2,1.250000000001E-1,1.5625E-1,1.875E-1,2.187499999999E-1,
2.499999999998E-1,2.812500000001E-1,3.125E-1,3.4375E-1,3.749999999999E-1,
4.062499999998E-1,4.374999999998E-1,4.687500000001E-1,5.E-1,5.312499999999E-1,
5.624999999999E-1,5.937499999998E-1,6.250000000001E-1,6.5625E-1,6.875E-1,
7.187499999999E-1,7.499999999998E-1,7.812499999998E-1,8.125E-1,8.4375E-1,
8.749999999999E-1,9.062499999998E-1,9.374999999998E-1,9.687500000001E-1,1.E0),
.UNSPECIFIED.);
#1685=B_SPLINE_CURVE_WITH_KNOTS('',3,(#1667,#1668,#1669,#1670,#1671,#1672,#1673,
#1674,#1675,#1676,#1677,#1678,#1679,#1680,#1681,#1682,#1683,#1684),
.UNSPECIFIED.,.F.,.F.,(4,1,1,1,1,1,1,1,1,1,1,1,1,1,1,4),(0.E0,5.519208537956E-2,
1.226783961164E-1,1.901647068540E-1,2.576510175908E-1,3.251373283276E-1,
3.926236390645E-1,4.601099498013E-1,5.275962605389E-1,5.950825712757E-1,
6.625688820125E-1,7.300551927494E-1,7.975415034862E-1,8.650278142230E-1,
9.325141249606E-1,1.E0),.UNSPECIFIED.);
#1704=B_SPLINE_CURVE_WITH_KNOTS('',3,(#1686,#1687,#1688,#1689,#1690,#1691,#1692,
#1693,#1694,#1695,#1696,#1697,#1698,#1699,#1700,#1701,#1702,#1703),
.UNSPECIFIED.,.F.,.F.,(4,1,1,1,1,1,1,1,1,1,1,1,1,1,1,4),(0.E0,6.748669624281E-2,
1.349729567885E-1,2.024592173342E-1,2.699454778807E-1,3.374317384264E-1,
4.049179989721E-1,4.724042595178E-1,5.398905200635E-1,6.073767806092E-1,
6.748630411557E-1,7.423493017014E-1,8.098355622471E-1,8.773218227928E-1,
9.448080833385E-1,1.E0),.UNSPECIFIED.);
#1713=CIRCLE('',#1712,1.100230982270E1);
#1732=B_SPLINE_CURVE_WITH_KNOTS('',3,(#1714,#1715,#1716,#1717,#1718,#1719,#1720,
#1721,#1722,#1723,#1724,#1725,#1726,#1727,#1728,#1729,#1730,#1731),
.UNSPECIFIED.,.F.,.F.,(4,1,1,1,1,1,1,1,1,1,1,1,1,1,1,4),(0.E0,6.721032107114E-2,
1.344206421423E-1,2.016309632134E-1,2.688412842845E-1,3.360516053557E-1,
4.032619264268E-1,4.704722474978E-1,5.376825685689E-1,6.048928896401E-1,
6.721032107112E-1,7.393135317823E-1,8.065238528534E-1,8.737341739248E-1,
9.409444949955E-1,1.E0),.UNSPECIFIED.);
#1753=B_SPLINE_CURVE_WITH_KNOTS('',3,(#1733,#1734,#1735,#1736,#1737,#1738,#1739,
#1740,#1741,#1742,#1743,#1744,#1745,#1746,#1747,#1748,#1749,#1750,#1751,#1752),
.UNSPECIFIED.,.F.,.F.,(4,1,1,1,1,1,1,1,1,1,1,1,1,1,1,1,1,4),(0.E0,
7.652020830391E-3,7.071840670960E-2,1.337847925896E-1,1.968511784696E-1,
2.599175643488E-1,3.229839502288E-1,3.860503361080E-1,4.491167219880E-1,
5.121831078680E-1,5.752494937472E-1,6.383158796272E-1,7.013822655064E-1,
7.644486513864E-1,8.275150372664E-1,8.905814231456E-1,9.536478090256E-1,1.E0),
.UNSPECIFIED.);
#1765=B_SPLINE_CURVE_WITH_KNOTS('',3,(#1758,#1759,#1760,#1761,#1762,#1763,
#1764),.UNSPECIFIED.,.F.,.F.,(4,1,1,1,4),(0.E0,2.5E-1,5.E-1,7.5E-1,1.E0),
.UNSPECIFIED.);
#1777=B_SPLINE_CURVE_WITH_KNOTS('',3,(#1770,#1771,#1772,#1773,#1774,#1775,
#1776),.UNSPECIFIED.,.F.,.F.,(4,1,1,1,4),(0.E0,2.5E-1,5.E-1,7.5E-1,1.E0),
.UNSPECIFIED.);
#1786=CIRCLE('',#1785,1.023445779268E1);
#1807=B_SPLINE_CURVE_WITH_KNOTS('',3,(#1787,#1788,#1789,#1790,#1791,#1792,#1793,
#1794,#1795,#1796,#1797,#1798,#1799,#1800,#1801,#1802,#1803,#1804,#1805,#1806),
.UNSPECIFIED.,.F.,.F.,(4,1,1,1,1,1,1,1,1,1,1,1,1,1,1,1,1,4),(0.E0,
4.635218494817E-2,1.094185712352E-1,1.724849575215E-1,2.355513438086E-1,
2.986177300957E-1,3.616841163820E-1,4.247505026691E-1,4.878168889554E-1,
5.508832752424E-1,6.139496615295E-1,6.770160478158E-1,7.400824341029E-1,
8.031488203892E-1,8.662152066763E-1,9.292815929633E-1,9.923479792496E-1,1.E0),
.UNSPECIFIED.);
#1826=B_SPLINE_CURVE_WITH_KNOTS('',3,(#1808,#1809,#1810,#1811,#1812,#1813,#1814,
#1815,#1816,#1817,#1818,#1819,#1820,#1821,#1822,#1823,#1824,#1825),
.UNSPECIFIED.,.F.,.F.,(4,1,1,1,1,1,1,1,1,1,1,1,1,1,1,4),(0.E0,5.905550513433E-2,
1.262658261957E-1,1.934761472578E-1,2.606864683197E-1,3.278967893815E-1,
3.951071104434E-1,4.623174315052E-1,5.295277525671E-1,5.967380736289E-1,
6.639483946907E-1,7.311587157526E-1,7.983690368144E-1,8.655793578763E-1,
9.327896789381E-1,1.E0),.UNSPECIFIED.);
#1831=CIRCLE('',#1830,1.100230982270E1);
#1854=B_SPLINE_CURVE_WITH_KNOTS('',3,(#1836,#1837,#1838,#1839,#1840,#1841,#1842,
#1843,#1844,#1845,#1846,#1847,#1848,#1849,#1850,#1851,#1852,#1853),
.UNSPECIFIED.,.F.,.F.,(4,1,1,1,1,1,1,1,1,1,1,1,1,1,1,4),(0.E0,5.519202263749E-2,
1.226783147719E-1,1.901646069062E-1,2.576508990406E-1,3.251371911749E-1,
3.926234833093E-1,4.601097754437E-1,5.275960675780E-1,5.950823597124E-1,
6.625686518475E-1,7.300549439819E-1,7.975412361163E-1,8.650275282506E-1,
9.325138203850E-1,1.E0),.UNSPECIFIED.);
#1873=B_SPLINE_CURVE_WITH_KNOTS('',3,(#1855,#1856,#1857,#1858,#1859,#1860,#1861,
#1862,#1863,#1864,#1865,#1866,#1867,#1868,#1869,#1870,#1871,#1872),
.UNSPECIFIED.,.F.,.F.,(4,1,1,1,1,1,1,1,1,1,1,1,1,1,1,4),(0.E0,6.748639172162E-2,
1.349726709239E-1,2.024589501262E-1,2.699452293285E-1,3.374315085315E-1,
4.049177877338E-1,4.724040669361E-1,5.398903461384E-1,6.073766253406E-1,
6.748629045429E-1,7.423491837452E-1,8.098354629475E-1,8.773217421498E-1,
9.448080213520E-1,1.E0),.UNSPECIFIED.);
#1885=B_SPLINE_CURVE_WITH_KNOTS('',3,(#1878,#1879,#1880,#1881,#1882,#1883,
#1884),.UNSPECIFIED.,.F.,.F.,(4,1,1,1,4),(0.E0,2.5E-1,5.E-1,7.5E-1,1.E0),
.UNSPECIFIED.);
#1921=B_SPLINE_CURVE_WITH_KNOTS('',3,(#1886,#1887,#1888,#1889,#1890,#1891,#1892,
#1893,#1894,#1895,#1896,#1897,#1898,#1899,#1900,#1901,#1902,#1903,#1904,#1905,
#1906,#1907,#1908,#1909,#1910,#1911,#1912,#1913,#1914,#1915,#1916,#1917,#1918,
#1919,#1920),.UNSPECIFIED.,.F.,.F.,(4,1,1,1,1,1,1,1,1,1,1,1,1,1,1,1,1,1,1,1,1,1,
1,1,1,1,1,1,1,1,1,1,4),(0.E0,3.125000000016E-2,6.249999999993E-2,
9.375000000008E-2,1.249999999999E-1,1.5625E-1,1.875000000002E-1,
2.187499999999E-1,2.500000000001E-1,2.812499999999E-1,3.125E-1,
3.437500000002E-1,3.75E-1,4.062500000001E-1,4.374999999999E-1,4.6875E-1,
5.000000000002E-1,5.3125E-1,5.625000000001E-1,5.937499999999E-1,6.25E-1,
6.5625E-1,6.875E-1,7.1875E-1,7.5E-1,7.8125E-1,8.125E-1,8.4375E-1,8.75E-1,
9.0625E-1,9.375E-1,9.6875E-1,1.E0),.UNSPECIFIED.);
#1929=B_SPLINE_CURVE_WITH_KNOTS('',3,(#1922,#1923,#1924,#1925,#1926,#1927,
#1928),.UNSPECIFIED.,.F.,.F.,(4,1,1,1,4),(0.E0,2.5E-1,5.E-1,7.5E-1,1.E0),
.UNSPECIFIED.);
#1937=B_SPLINE_CURVE_WITH_KNOTS('',3,(#1930,#1931,#1932,#1933,#1934,#1935,
#1936),.UNSPECIFIED.,.F.,.F.,(4,1,1,1,4),(0.E0,2.5E-1,5.E-1,7.5E-1,1.E0),
.UNSPECIFIED.);
#1945=B_SPLINE_CURVE_WITH_KNOTS('',3,(#1938,#1939,#1940,#1941,#1942,#1943,
#1944),.UNSPECIFIED.,.F.,.F.,(4,1,1,1,4),(0.E0,2.5E-1,5.E-1,7.5E-1,1.E0),
.UNSPECIFIED.);
#1953=B_SPLINE_CURVE_WITH_KNOTS('',3,(#1946,#1947,#1948,#1949,#1950,#1951,
#1952),.UNSPECIFIED.,.F.,.F.,(4,1,1,1,4),(0.E0,2.5E-1,5.E-1,7.5E-1,1.E0),
.UNSPECIFIED.);
#1961=B_SPLINE_CURVE_WITH_KNOTS('',3,(#1954,#1955,#1956,#1957,#1958,#1959,
#1960),.UNSPECIFIED.,.F.,.F.,(4,1,1,1,4),(0.E0,2.5E-1,5.E-1,7.5E-1,1.E0),
.UNSPECIFIED.);
#1997=B_SPLINE_CURVE_WITH_KNOTS('',3,(#1962,#1963,#1964,#1965,#1966,#1967,#1968,
#1969,#1970,#1971,#1972,#1973,#1974,#1975,#1976,#1977,#1978,#1979,#1980,#1981,
#1982,#1983,#1984,#1985,#1986,#1987,#1988,#1989,#1990,#1991,#1992,#1993,#1994,
#1995,#1996),.UNSPECIFIED.,.F.,.F.,(4,1,1,1,1,1,1,1,1,1,1,1,1,1,1,1,1,1,1,1,1,1,
1,1,1,1,1,1,1,1,1,1,4),(0.E0,3.124999999995E-2,6.250000000027E-2,
9.375000000023E-2,1.250000000002E-1,1.562500000001E-1,1.875000000001E-1,
2.1875E-1,2.5E-1,2.8125E-1,3.124999999999E-1,3.437499999999E-1,
3.750000000002E-1,4.062500000001E-1,4.375000000001E-1,4.6875E-1,5.E-1,5.3125E-1,
5.624999999999E-1,5.937499999999E-1,6.249999999998E-1,6.562499999998E-1,
6.875000000001E-1,7.1875E-1,7.5E-1,7.8125E-1,8.124999999999E-1,
8.437499999999E-1,8.749999999998E-1,9.062499999998E-1,9.374999999997E-1,
9.6875E-1,1.E0),.UNSPECIFIED.);
#2016=B_SPLINE_CURVE_WITH_KNOTS('',3,(#1998,#1999,#2000,#2001,#2002,#2003,#2004,
#2005,#2006,#2007,#2008,#2009,#2010,#2011,#2012,#2013,#2014,#2015),
.UNSPECIFIED.,.F.,.F.,(4,1,1,1,1,1,1,1,1,1,1,1,1,1,1,4),(0.E0,5.519197391871E-2,
1.226782532903E-1,1.901645326619E-1,2.576508120335E-1,3.251370914052E-1,
3.926233707768E-1,4.601096501484E-1,5.275959295200E-1,5.950822088916E-1,
6.625684882632E-1,7.300547676356E-1,7.975410470072E-1,8.650273263788E-1,
9.325136057504E-1,1.E0),.UNSPECIFIED.);
#2035=B_SPLINE_CURVE_WITH_KNOTS('',3,(#2017,#2018,#2019,#2020,#2021,#2022,#2023,
#2024,#2025,#2026,#2027,#2028,#2029,#2030,#2031,#2032,#2033,#2034),
.UNSPECIFIED.,.F.,.F.,(4,1,1,1,1,1,1,1,1,1,1,1,1,1,1,4),(0.E0,6.748617708705E-2,
1.349724690521E-1,2.024587610171E-1,2.699450529822E-1,3.374313449472E-1,
4.049176369130E-1,4.724039288780E-1,5.398902208431E-1,6.073765128081E-1,
6.748628047731E-1,7.423490967382E-1,8.098353887032E-1,8.773216806682E-1,
9.448079726333E-1,1.E0),.UNSPECIFIED.);
#2058=B_SPLINE_CURVE_WITH_KNOTS('',3,(#2040,#2041,#2042,#2043,#2044,#2045,#2046,
#2047,#2048,#2049,#2050,#2051,#2052,#2053,#2054,#2055,#2056,#2057),
.UNSPECIFIED.,.F.,.F.,(4,1,1,1,1,1,1,1,1,1,1,1,1,1,1,4),(0.E0,5.519194038058E-2,
1.226782096619E-1,1.901644789424E-1,2.576507482229E-1,3.251370175035E-1,
3.926232867840E-1,4.601095560645E-1,5.275958253450E-1,5.950820946255E-1,
6.625683639061E-1,7.300546331866E-1,7.975409024671E-1,8.650271717476E-1,
9.325134410282E-1,1.E0),.UNSPECIFIED.);
#2077=B_SPLINE_CURVE_WITH_KNOTS('',3,(#2059,#2060,#2061,#2062,#2063,#2064,#2065,
#2066,#2067,#2068,#2069,#2070,#2071,#2072,#2073,#2074,#2075,#2076),
.UNSPECIFIED.,.F.,.F.,(4,1,1,1,1,1,1,1,1,1,1,1,1,1,1,4),(0.E0,6.748601265268E-2,
1.349723149968E-1,2.024586173410E-1,2.699449196851E-1,3.374312220292E-1,
4.049175243734E-1,4.724038267175E-1,5.398901290617E-1,6.073764314058E-1,
6.748627337499E-1,7.423490360941E-1,8.098353384382E-1,8.773216407824E-1,
9.448079431265E-1,1.E0),.UNSPECIFIED.);
#2089=B_SPLINE_CURVE_WITH_KNOTS('',3,(#2082,#2083,#2084,#2085,#2086,#2087,
#2088),.UNSPECIFIED.,.F.,.F.,(4,1,1,1,4),(0.E0,2.5E-1,5.E-1,7.5E-1,1.E0),
.UNSPECIFIED.);
#2097=B_SPLINE_CURVE_WITH_KNOTS('',3,(#2090,#2091,#2092,#2093,#2094,#2095,
#2096),.UNSPECIFIED.,.F.,.F.,(4,1,1,1,4),(0.E0,2.5E-1,5.E-1,7.5E-1,1.E0),
.UNSPECIFIED.);
#2105=B_SPLINE_CURVE_WITH_KNOTS('',3,(#2098,#2099,#2100,#2101,#2102,#2103,
#2104),.UNSPECIFIED.,.F.,.F.,(4,1,1,1,4),(0.E0,2.5E-1,5.E-1,7.5E-1,1.E0),
.UNSPECIFIED.);
#2113=B_SPLINE_CURVE_WITH_KNOTS('',3,(#2106,#2107,#2108,#2109,#2110,#2111,
#2112),.UNSPECIFIED.,.F.,.F.,(4,1,1,1,4),(0.E0,2.5E-1,5.E-1,7.5E-1,1.E0),
.UNSPECIFIED.);
#2149=B_SPLINE_CURVE_WITH_KNOTS('',3,(#2114,#2115,#2116,#2117,#2118,#2119,#2120,
#2121,#2122,#2123,#2124,#2125,#2126,#2127,#2128,#2129,#2130,#2131,#2132,#2133,
#2134,#2135,#2136,#2137,#2138,#2139,#2140,#2141,#2142,#2143,#2144,#2145,#2146,
#2147,#2148),.UNSPECIFIED.,.F.,.F.,(4,1,1,1,1,1,1,1,1,1,1,1,1,1,1,1,1,1,1,1,1,1,
1,1,1,1,1,1,1,1,1,1,4),(0.E0,3.124999999999E-2,6.249999999998E-2,
9.374999999997E-2,1.25E-1,1.562499999999E-1,1.874999999999E-1,2.187499999999E-1,
2.499999999999E-1,2.812499999999E-1,3.124999999999E-1,3.437499999999E-1,
3.749999999999E-1,4.062499999999E-1,4.374999999998E-1,4.687499999998E-1,
4.999999999998E-1,5.312499999998E-1,5.624999999998E-1,5.937499999998E-1,
6.249999999998E-1,6.562499999998E-1,6.874999999998E-1,7.187499999997E-1,
7.499999999997E-1,7.812499999997E-1,8.124999999997E-1,8.437499999997E-1,
8.749999999997E-1,9.062499999997E-1,9.375E-1,9.6875E-1,1.E0),.UNSPECIFIED.);
#2168=B_SPLINE_CURVE_WITH_KNOTS('',3,(#2150,#2151,#2152,#2153,#2154,#2155,#2156,
#2157,#2158,#2159,#2160,#2161,#2162,#2163,#2164,#2165,#2166,#2167),
.UNSPECIFIED.,.F.,.F.,(4,1,1,1,1,1,1,1,1,1,1,1,1,1,1,4),(0.E0,5.519205214428E-2,
1.226783546577E-1,1.901646571712E-1,2.576509596847E-1,3.251372621982E-1,
3.926235647116E-1,4.601098672251E-1,5.275961697386E-1,5.950824722520E-1,
6.625687747655E-1,7.300550772790E-1,7.975413797925E-1,8.650276823059E-1,
9.325139848194E-1,1.E0),.UNSPECIFIED.);
#2187=B_SPLINE_CURVE_WITH_KNOTS('',3,(#2169,#2170,#2171,#2172,#2173,#2174,#2175,
#2176,#2177,#2178,#2179,#2180,#2181,#2182,#2183,#2184,#2185,#2186),
.UNSPECIFIED.,.F.,.F.,(4,1,1,1,1,1,1,1,1,1,1,1,1,1,1,4),(0.E0,6.748655644391E-2,
1.349728255551E-1,2.024590946663E-1,2.699453637775E-1,3.374316328887E-1,
4.049179019999E-1,4.724041711110E-1,5.398904402222E-1,6.073767093334E-1,
6.748629784446E-1,7.423492475558E-1,8.098355166670E-1,8.773217857782E-1,
9.448080548902E-1,1.E0),.UNSPECIFIED.);
#2210=B_SPLINE_CURVE_WITH_KNOTS('',3,(#2192,#2193,#2194,#2195,#2196,#2197,#2198,
#2199,#2200,#2201,#2202,#2203,#2204,#2205,#2206,#2207,#2208,#2209),
.UNSPECIFIED.,.F.,.F.,(4,1,1,1,1,1,1,1,1,1,1,1,1,1,1,4),(0.E0,4.806163818951E-2,
1.160572354617E-1,1.840528327340E-1,2.520484300062E-1,3.200440272784E-1,
3.880396245507E-1,4.560352218229E-1,5.240308190951E-1,5.920264163674E-1,
6.600220136387E-1,7.280176109110E-1,7.960132081832E-1,8.640088054554E-1,
9.320044027277E-1,1.E0),.UNSPECIFIED.);
#2233=B_SPLINE_CURVE_WITH_KNOTS('',3,(#2215,#2216,#2217,#2218,#2219,#2220,#2221,
#2222,#2223,#2224,#2225,#2226,#2227,#2228,#2229,#2230,#2231,#2232),
.UNSPECIFIED.,.F.,.F.,(4,1,1,1,1,1,1,1,1,1,1,1,1,1,1,4),(0.E0,6.799559678140E-2,
1.359911935627E-1,2.039867903440E-1,2.719823871253E-1,3.399779839066E-1,
4.079735806871E-1,4.759691774684E-1,5.439647742497E-1,6.119603710310E-1,
6.799559678123E-1,7.479515645937E-1,8.159471613750E-1,8.839427581563E-1,
9.519383549376E-1,1.E0),.UNSPECIFIED.);
#2242=CIRCLE('',#2241,1.1E1);
#2247=CIRCLE('',#2246,1.1E1);
#2259=B_SPLINE_CURVE_WITH_KNOTS('',3,(#2252,#2253,#2254,#2255,#2256,#2257,
#2258),.UNSPECIFIED.,.F.,.F.,(4,1,1,1,4),(0.E0,2.5E-1,5.E-1,7.5E-1,1.E0),
.UNSPECIFIED.);
#2267=B_SPLINE_CURVE_WITH_KNOTS('',3,(#2260,#2261,#2262,#2263,#2264,#2265,
#2266),.UNSPECIFIED.,.F.,.F.,(4,1,1,1,4),(0.E0,2.5E-1,5.E-1,7.5E-1,1.E0),
.UNSPECIFIED.);
#2287=B_SPLINE_CURVE_WITH_KNOTS('',3,(#2268,#2269,#2270,#2271,#2272,#2273,#2274,
#2275,#2276,#2277,#2278,#2279,#2280,#2281,#2282,#2283,#2284,#2285,#2286),
.UNSPECIFIED.,.F.,.F.,(4,1,1,1,1,1,1,1,1,1,1,1,1,1,1,1,4),(0.E0,
6.250000000009E-2,1.250000000001E-1,1.875000000002E-1,2.500000000002E-1,
3.125000000003E-1,3.749999999995E-1,4.374999999996E-1,4.999999999996E-1,
5.624999999997E-1,6.249999999997E-1,6.874999999998E-1,7.499999999998E-1,
8.124999999999E-1,8.749999999999E-1,9.375E-1,1.E0),.UNSPECIFIED.);
#2300=CIRCLE('',#2299,1.25E1);
#2305=CIRCLE('',#2304,1.25E1);
#2318=CIRCLE('',#2317,1.25E1);
#2323=CIRCLE('',#2322,3.5E1);
#2328=CIRCLE('',#2327,8.049999999980E0);
#2333=CIRCLE('',#2332,3.5E1);
#2338=CIRCLE('',#2337,1.25E1);
#2343=CIRCLE('',#2342,8.049999999980E0);
#2348=CIRCLE('',#2347,1.2E1);
#2353=CIRCLE('',#2352,1.61E0);
#2358=CIRCLE('',#2357,1.61E0);
#2363=CIRCLE('',#2362,1.2E1);
#2371=B_SPLINE_CURVE_WITH_KNOTS('',3,(#2364,#2365,#2366,#2367,#2368,#2369,
#2370),.UNSPECIFIED.,.F.,.F.,(4,1,1,1,4),(0.E0,2.5E-1,5.E-1,7.5E-1,1.E0),
.UNSPECIFIED.);
#2383=B_SPLINE_CURVE_WITH_KNOTS('',3,(#2372,#2373,#2374,#2375,#2376,#2377,#2378,
#2379,#2380,#2381,#2382),.UNSPECIFIED.,.F.,.F.,(4,1,1,1,1,1,1,1,4),(0.E0,
1.25E-1,2.5E-1,3.75E-1,5.000000000001E-1,6.249999999999E-1,7.499999999999E-1,
8.75E-1,1.E0),.UNSPECIFIED.);
#2391=B_SPLINE_CURVE_WITH_KNOTS('',3,(#2384,#2385,#2386,#2387,#2388,#2389,
#2390),.UNSPECIFIED.,.F.,.F.,(4,1,1,1,4),(0.E0,2.5E-1,5.E-1,7.5E-1,1.E0),
.UNSPECIFIED.);
#2408=CIRCLE('',#2407,7.35E0);
#2429=CIRCLE('',#2428,6.E0);
#2434=CIRCLE('',#2433,6.E0);
#2439=CIRCLE('',#2438,5.2E0);
#2444=CIRCLE('',#2443,5.2E0);
#2449=CIRCLE('',#2448,7.E0);
#2454=CIRCLE('',#2453,6.E0);
#2471=CIRCLE('',#2470,6.E0);
#2476=CIRCLE('',#2475,6.E0);
#2485=CIRCLE('',#2484,6.E0);
#2494=CIRCLE('',#2493,7.E0);
#2503=CIRCLE('',#2502,7.35E0);
#2508=CIRCLE('',#2507,7.35E0);
#2532=B_SPLINE_CURVE_WITH_KNOTS('',3,(#2521,#2522,#2523,#2524,#2525,#2526,#2527,
#2528,#2529,#2530,#2531),.UNSPECIFIED.,.F.,.F.,(4,1,1,1,1,1,1,1,4),(0.E0,
1.25E-1,2.5E-1,3.75E-1,5.E-1,6.25E-1,7.5E-1,8.75E-1,1.E0),.UNSPECIFIED.);
#2553=CIRCLE('',#2552,7.35E0);
#2574=CIRCLE('',#2573,7.E0);
#2583=CIRCLE('',#2582,6.E0);
#2588=CIRCLE('',#2587,6.E0);
#2597=CIRCLE('',#2596,7.35E0);
#2602=CIRCLE('',#2601,7.35E0);
#2614=B_SPLINE_CURVE_WITH_KNOTS('',3,(#2603,#2604,#2605,#2606,#2607,#2608,#2609,
#2610,#2611,#2612,#2613),.UNSPECIFIED.,.F.,.F.,(4,1,1,1,1,1,1,1,4),(0.E0,
1.25E-1,2.5E-1,3.75E-1,5.E-1,6.25E-1,7.5E-1,8.75E-1,1.E0),.UNSPECIFIED.);
#2627=CIRCLE('',#2626,7.05E0);
#2632=CIRCLE('',#2631,7.05E0);
#2641=CIRCLE('',#2640,5.E0);
#2650=CIRCLE('',#2649,7.35E0);
#2659=CIRCLE('',#2658,5.E0);
#2675=B_SPLINE_CURVE_WITH_KNOTS('',3,(#2664,#2665,#2666,#2667,#2668,#2669,#2670,
#2671,#2672,#2673,#2674),.UNSPECIFIED.,.F.,.F.,(4,1,1,1,1,1,1,1,4),(0.E0,
1.25E-1,2.5E-1,3.75E-1,5.E-1,6.25E-1,7.5E-1,8.75E-1,1.E0),.UNSPECIFIED.);
#2680=CIRCLE('',#2679,5.2E0);
#2685=CIRCLE('',#2684,7.05E0);
#2690=CIRCLE('',#2689,7.05E0);
#2695=CIRCLE('',#2694,5.E0);
#2707=B_SPLINE_CURVE_WITH_KNOTS('',3,(#2696,#2697,#2698,#2699,#2700,#2701,#2702,
#2703,#2704,#2705,#2706),.UNSPECIFIED.,.F.,.F.,(4,1,1,1,1,1,1,1,4),(0.E0,
1.25E-1,2.5E-1,3.75E-1,5.E-1,6.25E-1,7.5E-1,8.75E-1,1.E0),.UNSPECIFIED.);
#2744=CIRCLE('',#2743,5.E0);
#2749=CIRCLE('',#2748,5.E0);
#2754=CIRCLE('',#2753,5.E0);
#2766=B_SPLINE_CURVE_WITH_KNOTS('',3,(#2755,#2756,#2757,#2758,#2759,#2760,#2761,
#2762,#2763,#2764,#2765),.UNSPECIFIED.,.F.,.F.,(4,1,1,1,1,1,1,1,4),(0.E0,
1.25E-1,2.5E-1,3.75E-1,5.E-1,6.25E-1,7.5E-1,8.75E-1,1.E0),.UNSPECIFIED.);
#2795=CIRCLE('',#2794,7.05E0);
#2800=CIRCLE('',#2799,7.05E0);
#2809=CIRCLE('',#2808,5.E0);
#2818=CIRCLE('',#2817,7.35E0);
#2827=CIRCLE('',#2826,5.E0);
#2843=B_SPLINE_CURVE_WITH_KNOTS('',3,(#2832,#2833,#2834,#2835,#2836,#2837,#2838,
#2839,#2840,#2841,#2842),.UNSPECIFIED.,.F.,.F.,(4,1,1,1,1,1,1,1,4),(0.E0,
1.25E-1,2.5E-1,3.75E-1,5.E-1,6.25E-1,7.5E-1,8.75E-1,1.E0),.UNSPECIFIED.);
#2848=CIRCLE('',#2847,5.2E0);
#2853=CIRCLE('',#2852,7.05E0);
#2858=CIRCLE('',#2857,7.05E0);
#2863=CIRCLE('',#2862,5.E0);
#2875=B_SPLINE_CURVE_WITH_KNOTS('',3,(#2864,#2865,#2866,#2867,#2868,#2869,#2870,
#2871,#2872,#2873,#2874),.UNSPECIFIED.,.F.,.F.,(4,1,1,1,1,1,1,1,4),(0.E0,
1.25E-1,2.5E-1,3.75E-1,5.E-1,6.25E-1,7.5E-1,8.75E-1,1.E0),.UNSPECIFIED.);
#2912=CIRCLE('',#2911,4.5E0);
#2917=CIRCLE('',#2916,1.5E-1);
#2922=CIRCLE('',#2921,1.5E0);
#2927=CIRCLE('',#2926,1.5E-1);
#2932=CIRCLE('',#2931,4.5E0);
#2993=CIRCLE('',#2992,4.25E0);
#2998=CIRCLE('',#2997,4.25E0);
#3011=CIRCLE('',#3010,4.25E0);
#3016=CIRCLE('',#3015,4.25E0);
#3021=CIRCLE('',#3020,4.8E0);
#3026=CIRCLE('',#3025,4.8E0);
#3031=CIRCLE('',#3030,4.8E0);
#3036=CIRCLE('',#3035,4.8E0);
#3041=CIRCLE('',#3040,5.E0);
#3046=CIRCLE('',#3045,2.E-1);
#3051=CIRCLE('',#3050,5.E0);
#3056=CIRCLE('',#3055,2.E-1);
#3085=CIRCLE('',#3084,4.5E0);
#3090=CIRCLE('',#3089,1.5E-1);
#3095=CIRCLE('',#3094,1.5E0);
#3100=CIRCLE('',#3099,1.5E-1);
#3105=CIRCLE('',#3104,4.5E0);
#3234=CIRCLE('',#3233,4.E-1);
#3267=CIRCLE('',#3266,4.E-1);
#3316=CIRCLE('',#3315,4.E-1);
#3353=CIRCLE('',#3352,4.E-1);
#3470=CIRCLE('',#3469,5.E0);
#3475=CIRCLE('',#3474,5.E0);
#3480=CIRCLE('',#3479,5.E0);
#3492=B_SPLINE_CURVE_WITH_KNOTS('',3,(#3481,#3482,#3483,#3484,#3485,#3486,#3487,
#3488,#3489,#3490,#3491),.UNSPECIFIED.,.F.,.F.,(4,1,1,1,1,1,1,1,4),(0.E0,
1.25E-1,2.5E-1,3.75E-1,5.E-1,6.25E-1,7.5E-1,8.75E-1,1.E0),.UNSPECIFIED.);
#3497=CIRCLE('',#3496,6.E0);
#3502=CIRCLE('',#3501,6.E0);
#3507=CIRCLE('',#3506,7.E0);
#3512=CIRCLE('',#3511,5.2E0);
#3517=CIRCLE('',#3516,5.2E0);
#4076=EDGE_CURVE('',#3532,#3533,#5,.T.);
#4078=EDGE_CURVE('',#3533,#3532,#10,.T.);
#4088=EDGE_CURVE('',#3533,#3535,#18,.T.);
#4091=EDGE_CURVE('',#3532,#3537,#14,.T.);
#4093=EDGE_CURVE('',#3535,#3537,#700,.T.);
#4104=EDGE_CURVE('',#3537,#3535,#23,.T.);
#4116=EDGE_CURVE('',#3538,#3539,#66,.T.);
#4118=EDGE_CURVE('',#3537,#3538,#704,.T.);
#4121=EDGE_CURVE('',#3535,#3541,#27,.T.);
#4123=EDGE_CURVE('',#3539,#3541,#678,.T.);
#4133=EDGE_CURVE('',#3544,#3545,#91,.T.);
#4135=EDGE_CURVE('',#3546,#3544,#836,.T.);
#4137=EDGE_CURVE('',#3547,#3546,#844,.T.);
#4139=EDGE_CURVE('',#3549,#3547,#972,.T.);
#4141=EDGE_CURVE('',#3550,#3549,#988,.T.);
#4143=EDGE_CURVE('',#3551,#3550,#996,.T.);
#4145=EDGE_CURVE('',#3553,#3551,#1137,.T.);
#4147=EDGE_CURVE('',#3554,#3553,#2391,.T.);
#4149=EDGE_CURVE('',#3555,#3554,#2371,.T.);
#4151=EDGE_CURVE('',#3557,#3555,#1283,.T.);
#4153=EDGE_CURVE('',#3558,#3557,#1310,.T.);
#4155=EDGE_CURVE('',#3559,#3558,#1318,.T.);
#4157=EDGE_CURVE('',#3561,#3559,#1446,.T.);
#4159=EDGE_CURVE('',#3562,#3561,#1462,.T.);
#4161=EDGE_CURVE('',#3563,#3562,#1478,.T.);
#4163=EDGE_CURVE('',#3565,#3563,#1598,.T.);
#4165=EDGE_CURVE('',#3566,#3565,#1606,.T.);
#4167=EDGE_CURVE('',#3567,#3566,#1630,.T.);
#4169=EDGE_CURVE('',#3569,#3567,#1757,.T.);
#4171=EDGE_CURVE('',#3570,#3569,#1929,.T.);
#4173=EDGE_CURVE('',#3571,#3570,#1885,.T.);
#4175=EDGE_CURVE('',#3573,#3571,#1877,.T.);
#4177=EDGE_CURVE('',#3574,#3573,#1945,.T.);
#4179=EDGE_CURVE('',#3575,#3574,#1961,.T.);
#4181=EDGE_CURVE('',#3577,#3575,#2081,.T.);
#4183=EDGE_CURVE('',#3578,#3577,#2097,.T.);
#4185=EDGE_CURVE('',#3579,#3578,#2113,.T.);
#4187=EDGE_CURVE('',#3581,#3579,#2251,.T.);
#4189=EDGE_CURVE('',#3581,#3583,#31,.T.);
#4191=EDGE_CURVE('',#3585,#3583,#2237,.T.);
#4193=EDGE_CURVE('',#3586,#3585,#2267,.T.);
#4195=EDGE_CURVE('',#3587,#3586,#2259,.T.);
#4197=EDGE_CURVE('',#3589,#3587,#2191,.T.);
#4199=EDGE_CURVE('',#3590,#3589,#2105,.T.);
#4201=EDGE_CURVE('',#3591,#3590,#2089,.T.);
#4203=EDGE_CURVE('',#3593,#3591,#2039,.T.);
#4205=EDGE_CURVE('',#3594,#3593,#1953,.T.);
#4207=EDGE_CURVE('',#3595,#3594,#1937,.T.);
#4209=EDGE_CURVE('',#3597,#3595,#1835,.T.);
#4211=EDGE_CURVE('',#3598,#3597,#1777,.T.);
#4213=EDGE_CURVE('',#3599,#3598,#1765,.T.);
#4215=EDGE_CURVE('',#3601,#3599,#1708,.T.);
#4217=EDGE_CURVE('',#3602,#3601,#1622,.T.);
#4219=EDGE_CURVE('',#3603,#3602,#1614,.T.);
#4221=EDGE_CURVE('',#3605,#3603,#1556,.T.);
#4223=EDGE_CURVE('',#3606,#3605,#1470,.T.);
#4225=EDGE_CURVE('',#3607,#3606,#1454,.T.);
#4227=EDGE_CURVE('',#3609,#3607,#1404,.T.);
#4229=EDGE_CURVE('',#3610,#3609,#1362,.T.);
#4231=EDGE_CURVE('',#3611,#3610,#1302,.T.);
#4233=EDGE_CURVE('',#3613,#3611,#1241,.T.);
#4235=EDGE_CURVE('',#3614,#3613,#1157,.T.);
#4237=EDGE_CURVE('',#3615,#3614,#1145,.T.);
#4239=EDGE_CURVE('',#3617,#3615,#1082,.T.);
#4241=EDGE_CURVE('',#3618,#3617,#1040,.T.);
#4243=EDGE_CURVE('',#3619,#3618,#980,.T.);
#4245=EDGE_CURVE('',#3621,#3619,#930,.T.);
#4247=EDGE_CURVE('',#3622,#3621,#888,.T.);
#4249=EDGE_CURVE('',#3623,#3622,#828,.T.);
#4251=EDGE_CURVE('',#3623,#3624,#38,.T.);
#4253=EDGE_CURVE('',#3625,#3624,#722,.T.);
#4255=EDGE_CURVE('',#3626,#3625,#711,.T.);
#4257=EDGE_CURVE('',#3626,#3627,#45,.T.);
#4259=EDGE_CURVE('',#3628,#3627,#266,.T.);
#4261=EDGE_CURVE('',#3629,#3628,#393,.T.);
#4263=EDGE_CURVE('',#3629,#3630,#52,.T.);
#4265=EDGE_CURVE('',#3630,#3538,#59,.T.);
#4268=EDGE_CURVE('',#3539,#3631,#73,.T.);
#4270=EDGE_CURVE('',#3632,#3631,#603,.T.);
#4272=EDGE_CURVE('',#3633,#3632,#484,.T.);
#4274=EDGE_CURVE('',#3633,#3634,#80,.T.);
#4276=EDGE_CURVE('',#3635,#3634,#400,.T.);
#4278=EDGE_CURVE('',#3636,#3635,#350,.T.);
#4280=EDGE_CURVE('',#3636,#3637,#87,.T.);
#4282=EDGE_CURVE('',#3638,#3637,#178,.T.);
#4284=EDGE_CURVE('',#3545,#3638,#151,.T.);
#4295=EDGE_CURVE('',#3545,#3639,#108,.T.);
#4297=EDGE_CURVE('',#3639,#3640,#115,.T.);
#4299=EDGE_CURVE('',#3642,#3640,#807,.T.);
#4301=EDGE_CURVE('',#3642,#3643,#124,.T.);
#4303=EDGE_CURVE('',#3643,#3544,#143,.T.);
#4386=EDGE_CURVE('',#3638,#3644,#171,.T.);
#4388=EDGE_CURVE('',#3646,#3644,#754,.T.);
#4390=EDGE_CURVE('',#3640,#3646,#821,.T.);
#4475=EDGE_CURVE('',#3637,#3647,#216,.T.);
#4477=EDGE_CURVE('',#3647,#3648,#231,.T.);
#4479=EDGE_CURVE('',#3644,#3648,#715,.T.);
#4490=EDGE_CURVE('',#3649,#3636,#343,.T.);
#4492=EDGE_CURVE('',#3627,#3649,#305,.T.);
#4495=EDGE_CURVE('',#3626,#3648,#259,.T.);
#4648=EDGE_CURVE('',#3635,#3628,#386,.T.);
#4797=EDGE_CURVE('',#3634,#3650,#438,.T.);
#4799=EDGE_CURVE('',#3650,#3629,#477,.T.);
#4809=EDGE_CURVE('',#3651,#3633,#596,.T.);
#4811=EDGE_CURVE('',#3652,#3651,#557,.T.);
#4813=EDGE_CURVE('',#3630,#3652,#683,.T.);
#4964=EDGE_CURVE('',#3632,#3653,#520,.T.);
#4966=EDGE_CURVE('',#3653,#3652,#524,.T.);
#5115=EDGE_CURVE('',#3631,#3654,#642,.T.);
#5117=EDGE_CURVE('',#3654,#3655,#673,.T.);
#5119=EDGE_CURVE('',#3653,#3655,#690,.T.);
#5132=EDGE_CURVE('',#3655,#3541,#695,.T.);
#5233=EDGE_CURVE('',#3644,#3625,#774,.T.);
#5318=EDGE_CURVE('',#3624,#3646,#750,.T.);
#5331=EDGE_CURVE('',#3623,#3642,#802,.T.);
#5481=EDGE_CURVE('',#3546,#3622,#880,.T.);
#5634=EDGE_CURVE('',#3656,#3621,#926,.T.);
#5636=EDGE_CURVE('',#3547,#3656,#907,.T.);
#5649=EDGE_CURVE('',#3619,#3657,#949,.T.);
#5651=EDGE_CURVE('',#3657,#3549,#968,.T.);
#5799=EDGE_CURVE('',#3550,#3618,#1032,.T.);
#5951=EDGE_CURVE('',#3658,#3617,#1078,.T.);
#5953=EDGE_CURVE('',#3551,#3658,#1059,.T.);
#5966=EDGE_CURVE('',#3615,#3659,#1107,.T.);
#5968=EDGE_CURVE('',#3659,#3660,#1122,.T.);
#5970=EDGE_CURVE('',#3660,#3553,#1133,.T.);
#6118=EDGE_CURVE('',#3661,#3614,#1197,.T.);
#6120=EDGE_CURVE('',#3661,#3660,#1149,.T.);
#6269=EDGE_CURVE('',#3663,#3613,#1237,.T.);
#6271=EDGE_CURVE('',#3662,#3663,#1212,.T.);
#6273=EDGE_CURVE('',#3662,#3661,#1161,.T.);
#6287=EDGE_CURVE('',#3611,#3664,#1260,.T.);
#6289=EDGE_CURVE('',#3664,#3557,#1279,.T.);
#6292=EDGE_CURVE('',#3555,#3662,#1294,.T.);
#6439=EDGE_CURVE('',#3558,#3610,#1354,.T.);
#6591=EDGE_CURVE('',#3665,#3609,#1400,.T.);
#6593=EDGE_CURVE('',#3559,#3665,#1381,.T.);
#6606=EDGE_CURVE('',#3607,#3666,#1423,.T.);
#6608=EDGE_CURVE('',#3666,#3561,#1442,.T.);
#6756=EDGE_CURVE('',#3562,#3606,#1514,.T.);
#6906=EDGE_CURVE('',#3667,#3605,#1552,.T.);
#6908=EDGE_CURVE('',#3563,#3667,#1533,.T.);
#6923=EDGE_CURVE('',#3603,#3668,#1575,.T.);
#6925=EDGE_CURVE('',#3668,#3565,#1594,.T.);
#7076=EDGE_CURVE('',#3566,#3602,#1666,.T.);
#7223=EDGE_CURVE('',#3669,#3601,#1704,.T.);
#7225=EDGE_CURVE('',#3567,#3669,#1685,.T.);
#7240=EDGE_CURVE('',#3599,#3671,#1713,.T.);
#7242=EDGE_CURVE('',#3671,#3672,#1732,.T.);
#7244=EDGE_CURVE('',#3672,#3569,#1753,.T.);
#7272=EDGE_CURVE('',#3674,#3598,#1786,.T.);
#7274=EDGE_CURVE('',#3674,#3671,#1769,.T.);
#7302=EDGE_CURVE('',#3676,#3597,#1831,.T.);
#7304=EDGE_CURVE('',#3676,#3674,#1781,.T.);
#7315=EDGE_CURVE('',#3571,#3677,#1807,.T.);
#7317=EDGE_CURVE('',#3677,#3676,#1826,.T.);
#7321=EDGE_CURVE('',#3595,#3678,#1854,.T.);
#7323=EDGE_CURVE('',#3678,#3573,#1873,.T.);
#7471=EDGE_CURVE('',#3570,#3674,#1921,.T.);
#7770=EDGE_CURVE('',#3574,#3594,#1997,.T.);
#7920=EDGE_CURVE('',#3679,#3593,#2035,.T.);
#7922=EDGE_CURVE('',#3575,#3679,#2016,.T.);
#7937=EDGE_CURVE('',#3591,#3680,#2058,.T.);
#7939=EDGE_CURVE('',#3680,#3577,#2077,.T.);
#8087=EDGE_CURVE('',#3578,#3590,#2149,.T.);
#8237=EDGE_CURVE('',#3681,#3589,#2187,.T.);
#8239=EDGE_CURVE('',#3579,#3681,#2168,.T.);
#8254=EDGE_CURVE('',#3587,#3682,#2210,.T.);
#8256=EDGE_CURVE('',#3682,#3684,#2214,.T.);
#8258=EDGE_CURVE('',#3684,#3585,#2233,.T.);
#8261=EDGE_CURVE('',#3583,#3686,#2242,.T.);
#8263=EDGE_CURVE('',#3686,#3581,#2247,.T.);
#8347=EDGE_CURVE('',#3687,#3586,#2287,.T.);
#8349=EDGE_CURVE('',#3682,#3687,#2291,.T.);
#8434=EDGE_CURVE('',#3687,#3684,#2295,.T.);
#8456=EDGE_CURVE('',#3690,#3691,#2300,.T.);
#8458=EDGE_CURVE('',#3691,#3690,#2305,.T.);
#8468=EDGE_CURVE('',#3690,#3693,#2309,.T.);
#8470=EDGE_CURVE('',#3695,#3693,#2338,.T.);
#8472=EDGE_CURVE('',#3691,#3695,#2313,.T.);
#8486=EDGE_CURVE('',#3693,#3695,#2318,.T.);
#8496=EDGE_CURVE('',#3693,#3697,#2333,.T.);
#8499=EDGE_CURVE('',#3695,#3699,#2323,.T.);
#8501=EDGE_CURVE('',#3699,#3697,#2328,.T.);
#8512=EDGE_CURVE('',#3699,#3697,#2343,.T.);
#8534=EDGE_CURVE('',#3702,#3705,#2348,.T.);
#8536=EDGE_CURVE('',#3703,#3705,#2363,.T.);
#8538=EDGE_CURVE('',#3703,#3702,#2353,.T.);
#8549=EDGE_CURVE('',#3702,#3703,#2358,.T.);
#8601=EDGE_CURVE('',#3554,#3661,#2383,.T.);
#8665=EDGE_CURVE('',#3712,#3713,#2395,.T.);
#8667=EDGE_CURVE('',#3715,#3713,#2650,.T.);
#8669=EDGE_CURVE('',#3715,#3717,#2399,.T.);
#8671=EDGE_CURVE('',#3719,#3717,#2602,.T.);
#8673=EDGE_CURVE('',#3719,#3709,#2403,.T.);
#8675=EDGE_CURVE('',#3709,#3708,#2408,.T.);
#8677=EDGE_CURVE('',#3721,#3708,#2548,.T.);
#8679=EDGE_CURVE('',#3712,#3721,#2503,.T.);
#8689=EDGE_CURVE('',#3724,#3725,#2416,.T.);
#8691=EDGE_CURVE('',#3724,#3727,#2412,.T.);
#8693=EDGE_CURVE('',#3728,#3727,#2766,.T.);
#8695=EDGE_CURVE('',#3730,#3728,#2719,.T.);
#8697=EDGE_CURVE('',#3713,#3730,#2654,.T.);
#8700=EDGE_CURVE('',#3725,#3712,#2498,.T.);
#8710=EDGE_CURVE('',#3724,#3732,#2449,.T.);
#8713=EDGE_CURVE('',#3734,#3725,#2494,.T.);
#8715=EDGE_CURVE('',#3734,#3732,#2420,.T.);
#8725=EDGE_CURVE('',#3737,#3738,#2424,.T.);
#8727=EDGE_CURVE('',#3738,#3741,#2429,.T.);
#8729=EDGE_CURVE('',#3741,#3742,#2434,.T.);
#8731=EDGE_CURVE('',#3744,#3742,#2536,.T.);
#8733=EDGE_CURVE('',#3744,#3746,#2439,.T.);
#8735=EDGE_CURVE('',#3746,#3727,#2444,.T.);
#8739=EDGE_CURVE('',#3748,#3732,#2466,.T.);
#8741=EDGE_CURVE('',#3748,#3737,#2454,.T.);
#8752=EDGE_CURVE('',#3750,#3737,#2458,.T.);
#8754=EDGE_CURVE('',#3752,#3750,#2480,.T.);
#8756=EDGE_CURVE('',#3738,#3752,#2516,.T.);
#8768=EDGE_CURVE('',#3748,#3754,#2462,.T.);
#8770=EDGE_CURVE('',#3750,#3754,#2485,.T.);
#8782=EDGE_CURVE('',#3754,#3734,#2489,.T.);
#8793=EDGE_CURVE('',#3758,#3756,#2471,.T.);
#8795=EDGE_CURVE('',#3756,#3752,#2476,.T.);
#8803=EDGE_CURVE('',#3721,#3760,#2508,.T.);
#8805=EDGE_CURVE('',#3760,#3758,#2512,.T.);
#8818=EDGE_CURVE('',#3758,#3742,#2520,.T.);
#8830=EDGE_CURVE('',#3762,#3760,#2544,.T.);
#8832=EDGE_CURVE('',#3764,#3762,#2813,.T.);
#8834=EDGE_CURVE('',#3766,#3764,#2786,.T.);
#8836=EDGE_CURVE('',#3766,#3744,#2532,.T.);
#8849=EDGE_CURVE('',#3769,#3770,#2540,.T.);
#8851=EDGE_CURVE('',#3762,#3770,#2818,.T.);
#8856=EDGE_CURVE('',#3708,#3709,#2553,.T.);
#8859=EDGE_CURVE('',#3769,#3719,#2597,.T.);
#8869=EDGE_CURVE('',#3773,#3774,#2561,.T.);
#8871=EDGE_CURVE('',#3773,#3776,#2557,.T.);
#8873=EDGE_CURVE('',#3777,#3776,#3492,.T.);
#8875=EDGE_CURVE('',#3779,#3777,#2778,.T.);
#8877=EDGE_CURVE('',#3770,#3779,#2822,.T.);
#8880=EDGE_CURVE('',#3774,#3769,#2592,.T.);
#8891=EDGE_CURVE('',#3781,#3774,#2588,.T.);
#8893=EDGE_CURVE('',#3783,#3781,#2583,.T.);
#8895=EDGE_CURVE('',#3783,#3785,#2565,.T.);
#8897=EDGE_CURVE('',#3787,#3785,#3502,.T.);
#8899=EDGE_CURVE('',#3773,#3787,#3497,.T.);
#8909=EDGE_CURVE('',#3717,#3789,#2569,.T.);
#8911=EDGE_CURVE('',#3789,#3791,#2574,.T.);
#8913=EDGE_CURVE('',#3791,#3783,#2578,.T.);
#8929=EDGE_CURVE('',#3793,#3715,#2645,.T.);
#8931=EDGE_CURVE('',#3795,#3793,#2727,.T.);
#8933=EDGE_CURVE('',#3795,#3796,#2614,.T.);
#8935=EDGE_CURVE('',#3796,#3798,#2618,.T.);
#8937=EDGE_CURVE('',#3789,#3798,#3529,.T.);
#8948=EDGE_CURVE('',#3801,#3802,#2622,.T.);
#8950=EDGE_CURVE('',#3802,#3805,#2627,.T.);
#8952=EDGE_CURVE('',#3805,#3806,#2632,.T.);
#8954=EDGE_CURVE('',#3806,#3808,#2636,.T.);
#8956=EDGE_CURVE('',#3808,#3793,#2641,.T.);
#8961=EDGE_CURVE('',#3730,#3801,#2659,.T.);
#8971=EDGE_CURVE('',#3811,#3812,#2663,.T.);
#8973=EDGE_CURVE('',#3802,#3812,#2739,.T.);
#8976=EDGE_CURVE('',#3814,#3801,#2715,.T.);
#8978=EDGE_CURVE('',#3814,#3811,#2675,.T.);
#8989=EDGE_CURVE('',#3811,#3816,#2680,.T.);
#8991=EDGE_CURVE('',#3818,#3816,#2731,.T.);
#8993=EDGE_CURVE('',#3818,#3820,#2685,.T.);
#8995=EDGE_CURVE('',#3820,#3812,#2690,.T.);
#9006=EDGE_CURVE('',#3814,#3822,#2695,.T.);
#9008=EDGE_CURVE('',#3822,#3816,#2707,.T.);
#9020=EDGE_CURVE('',#3808,#3822,#2711,.T.);
#9026=EDGE_CURVE('',#3824,#3728,#2754,.T.);
#9028=EDGE_CURVE('',#3826,#3824,#2749,.T.);
#9030=EDGE_CURVE('',#3828,#3826,#2782,.T.);
#9032=EDGE_CURVE('',#3830,#3828,#3041,.T.);
#9034=EDGE_CURVE('',#3830,#3832,#2723,.T.);
#9036=EDGE_CURVE('',#3795,#3832,#3470,.T.);
#9051=EDGE_CURVE('',#3818,#3806,#2735,.T.);
#9075=EDGE_CURVE('',#3766,#3826,#2744,.T.);
#9091=EDGE_CURVE('',#3834,#3764,#2809,.T.);
#9093=EDGE_CURVE('',#3834,#3836,#2770,.T.);
#9095=EDGE_CURVE('',#3838,#3836,#2863,.T.);
#9097=EDGE_CURVE('',#3838,#3840,#2774,.T.);
#9099=EDGE_CURVE('',#3779,#3840,#2827,.T.);
#9102=EDGE_CURVE('',#3842,#3777,#3480,.T.);
#9104=EDGE_CURVE('',#3832,#3842,#3475,.T.);
#9107=EDGE_CURVE('',#3828,#3830,#3051,.T.);
#9120=EDGE_CURVE('',#3840,#3844,#2790,.T.);
#9122=EDGE_CURVE('',#3844,#3847,#2795,.T.);
#9124=EDGE_CURVE('',#3847,#3848,#2800,.T.);
#9126=EDGE_CURVE('',#3848,#3834,#2804,.T.);
#9141=EDGE_CURVE('',#3851,#3852,#2831,.T.);
#9143=EDGE_CURVE('',#3844,#3852,#2887,.T.);
#9147=EDGE_CURVE('',#3838,#3851,#2843,.T.);
#9158=EDGE_CURVE('',#3851,#3854,#2848,.T.);
#9160=EDGE_CURVE('',#3856,#3854,#2879,.T.);
#9162=EDGE_CURVE('',#3856,#3858,#2853,.T.);
#9164=EDGE_CURVE('',#3858,#3852,#2858,.T.);
#9176=EDGE_CURVE('',#3836,#3854,#2875,.T.);
#9191=EDGE_CURVE('',#3856,#3848,#2883,.T.);
#9215=EDGE_CURVE('',#3880,#3878,#2891,.T.);
#9217=EDGE_CURVE('',#3878,#3876,#2895,.T.);
#9219=EDGE_CURVE('',#3882,#3876,#2980,.T.);
#9221=EDGE_CURVE('',#3882,#3884,#2899,.T.);
#9223=EDGE_CURVE('',#3884,#3880,#2903,.T.);
#9233=EDGE_CURVE('',#3862,#3886,#2907,.T.);
#9235=EDGE_CURVE('',#3886,#3888,#2912,.T.);
#9237=EDGE_CURVE('',#3888,#3890,#2917,.T.);
#9239=EDGE_CURVE('',#3890,#3892,#2922,.T.);
#9241=EDGE_CURVE('',#3892,#3894,#2927,.T.);
#9243=EDGE_CURVE('',#3894,#3896,#2932,.T.);
#9245=EDGE_CURVE('',#3896,#3865,#2936,.T.);
#9247=EDGE_CURVE('',#3865,#3866,#2940,.T.);
#9249=EDGE_CURVE('',#3866,#3898,#2944,.T.);
#9251=EDGE_CURVE('',#3898,#3900,#2948,.T.);
#9253=EDGE_CURVE('',#3900,#3902,#2952,.T.);
#9255=EDGE_CURVE('',#3902,#3904,#2956,.T.);
#9257=EDGE_CURVE('',#3904,#3906,#2960,.T.);
#9259=EDGE_CURVE('',#3906,#3908,#2964,.T.);
#9261=EDGE_CURVE('',#3908,#3910,#2968,.T.);
#9263=EDGE_CURVE('',#3910,#3912,#2972,.T.);
#9265=EDGE_CURVE('',#3912,#3882,#2976,.T.);
#9268=EDGE_CURVE('',#3876,#3861,#2984,.T.);
#9270=EDGE_CURVE('',#3861,#3862,#2988,.T.);
#9280=EDGE_CURVE('',#3923,#3924,#2993,.T.);
#9282=EDGE_CURVE('',#3924,#3923,#2998,.T.);
#9292=EDGE_CURVE('',#3926,#3924,#3002,.T.);
#9295=EDGE_CURVE('',#3923,#3928,#3006,.T.);
#9297=EDGE_CURVE('',#3928,#3926,#3011,.T.);
#9310=EDGE_CURVE('',#3926,#3928,#3016,.T.);
#9320=EDGE_CURVE('',#3950,#3947,#3021,.T.);
#9322=EDGE_CURVE('',#3947,#3948,#3026,.T.);
#9324=EDGE_CURVE('',#3948,#3952,#3031,.T.);
#9326=EDGE_CURVE('',#3952,#3950,#3036,.T.);
#9338=EDGE_CURVE('',#3830,#3950,#3056,.T.);
#9341=EDGE_CURVE('',#3828,#3948,#3046,.T.);
#9364=EDGE_CURVE('',#3873,#3956,#3060,.T.);
#9366=EDGE_CURVE('',#3958,#3956,#3185,.T.);
#9368=EDGE_CURVE('',#3960,#3958,#3169,.T.);
#9370=EDGE_CURVE('',#3962,#3960,#3161,.T.);
#9372=EDGE_CURVE('',#3962,#3964,#3064,.T.);
#9374=EDGE_CURVE('',#3966,#3964,#3149,.T.);
#9376=EDGE_CURVE('',#3966,#3968,#3068,.T.);
#9378=EDGE_CURVE('',#3970,#3968,#3137,.T.);
#9380=EDGE_CURVE('',#3972,#3970,#3129,.T.);
#9382=EDGE_CURVE('',#3974,#3972,#3125,.T.);
#9384=EDGE_CURVE('',#3974,#3870,#3072,.T.);
#9386=EDGE_CURVE('',#3870,#3869,#3076,.T.);
#9388=EDGE_CURVE('',#3869,#3976,#3080,.T.);
#9390=EDGE_CURVE('',#3976,#3978,#3085,.T.);
#9392=EDGE_CURVE('',#3978,#3980,#3090,.T.);
#9394=EDGE_CURVE('',#3980,#3982,#3095,.T.);
#9396=EDGE_CURVE('',#3982,#3984,#3100,.T.);
#9398=EDGE_CURVE('',#3984,#3954,#3105,.T.);
#9400=EDGE_CURVE('',#3954,#3874,#3109,.T.);
#9402=EDGE_CURVE('',#3874,#3873,#3113,.T.);
#9412=EDGE_CURVE('',#3917,#3988,#3117,.T.);
#9414=EDGE_CURVE('',#3988,#3974,#3121,.T.);
#9417=EDGE_CURVE('',#3990,#3972,#3133,.T.);
#9419=EDGE_CURVE('',#3917,#3990,#3197,.T.);
#9430=EDGE_CURVE('',#3992,#3970,#3141,.T.);
#9432=EDGE_CURVE('',#3990,#3992,#3201,.T.);
#9444=EDGE_CURVE('',#3994,#3968,#3145,.T.);
#9446=EDGE_CURVE('',#3992,#3994,#3205,.T.);
#9459=EDGE_CURVE('',#3996,#3966,#3153,.T.);
#9461=EDGE_CURVE('',#3994,#3996,#3209,.T.);
#9472=EDGE_CURVE('',#3998,#3964,#3157,.T.);
#9474=EDGE_CURVE('',#3996,#3998,#3213,.T.);
#9487=EDGE_CURVE('',#4000,#3962,#3165,.T.);
#9489=EDGE_CURVE('',#3998,#4000,#3217,.T.);
#9500=EDGE_CURVE('',#4002,#3960,#3173,.T.);
#9502=EDGE_CURVE('',#4000,#4002,#3221,.T.);
#9514=EDGE_CURVE('',#4004,#3958,#3181,.T.);
#9516=EDGE_CURVE('',#4002,#4004,#3225,.T.);
#9527=EDGE_CURVE('',#3986,#3918,#3177,.T.);
#9529=EDGE_CURVE('',#4004,#3918,#3229,.T.);
#9533=EDGE_CURVE('',#3956,#3986,#3189,.T.);
#9543=EDGE_CURVE('',#3918,#3917,#3193,.T.);
#9562=EDGE_CURVE('',#4007,#4008,#3258,.T.);
#9564=EDGE_CURVE('',#4007,#4010,#3234,.T.);
#9566=EDGE_CURVE('',#4010,#4012,#3238,.T.);
#9568=EDGE_CURVE('',#4012,#4014,#3242,.T.);
#9570=EDGE_CURVE('',#4014,#3931,#3246,.T.);
#9572=EDGE_CURVE('',#3931,#3932,#3250,.T.);
#9574=EDGE_CURVE('',#4016,#3932,#3307,.T.);
#9576=EDGE_CURVE('',#4008,#4016,#3295,.T.);
#9586=EDGE_CURVE('',#4018,#4007,#3254,.T.);
#9589=EDGE_CURVE('',#4020,#4008,#3303,.T.);
#9591=EDGE_CURVE('',#4018,#4020,#3271,.T.);
#9601=EDGE_CURVE('',#4024,#4022,#3262,.T.);
#9603=EDGE_CURVE('',#4022,#4018,#3267,.T.);
#9606=EDGE_CURVE('',#4020,#4026,#3275,.T.);
#9608=EDGE_CURVE('',#4026,#3935,#3279,.T.);
#9610=EDGE_CURVE('',#3935,#3936,#3283,.T.);
#9612=EDGE_CURVE('',#3936,#4028,#3287,.T.);
#9614=EDGE_CURVE('',#4028,#4024,#3291,.T.);
#9625=EDGE_CURVE('',#4016,#4026,#3299,.T.);
#9639=EDGE_CURVE('',#3932,#3935,#3311,.T.);
#9650=EDGE_CURVE('',#4031,#4032,#3340,.T.);
#9652=EDGE_CURVE('',#4031,#4034,#3316,.T.);
#9654=EDGE_CURVE('',#4034,#4036,#3320,.T.);
#9656=EDGE_CURVE('',#4036,#4038,#3324,.T.);
#9658=EDGE_CURVE('',#4038,#3939,#3328,.T.);
#9660=EDGE_CURVE('',#3939,#3940,#3332,.T.);
#9662=EDGE_CURVE('',#4040,#3940,#3393,.T.);
#9664=EDGE_CURVE('',#4032,#4040,#3377,.T.);
#9674=EDGE_CURVE('',#4042,#4031,#3336,.T.);
#9677=EDGE_CURVE('',#4032,#4044,#3344,.T.);
#9679=EDGE_CURVE('',#4042,#4044,#3357,.T.);
#9689=EDGE_CURVE('',#4048,#4046,#3348,.T.);
#9691=EDGE_CURVE('',#4046,#4042,#3353,.T.);
#9694=EDGE_CURVE('',#4050,#4044,#3385,.T.);
#9696=EDGE_CURVE('',#4050,#3943,#3361,.T.);
#9698=EDGE_CURVE('',#3943,#3944,#3365,.T.);
#9700=EDGE_CURVE('',#3944,#4052,#3369,.T.);
#9702=EDGE_CURVE('',#4052,#4048,#3373,.T.);
#9714=EDGE_CURVE('',#4040,#4050,#3381,.T.);
#9725=EDGE_CURVE('',#3940,#3943,#3389,.T.);
#9738=EDGE_CURVE('',#3914,#3920,#3397,.T.);
#9740=EDGE_CURVE('',#3920,#4054,#3401,.T.);
#9742=EDGE_CURVE('',#3900,#4054,#3465,.T.);
#9745=EDGE_CURVE('',#3898,#3914,#3405,.T.);
#9755=EDGE_CURVE('',#3920,#3880,#3409,.T.);
#9758=EDGE_CURVE('',#4056,#3884,#3421,.T.);
#9760=EDGE_CURVE('',#4058,#4056,#3429,.T.);
#9762=EDGE_CURVE('',#4058,#4060,#3413,.T.);
#9764=EDGE_CURVE('',#4062,#4060,#3441,.T.);
#9766=EDGE_CURVE('',#4062,#4064,#3417,.T.);
#9768=EDGE_CURVE('',#4066,#4064,#3453,.T.);
#9770=EDGE_CURVE('',#4054,#4066,#3461,.T.);
#9784=EDGE_CURVE('',#3912,#4056,#3425,.T.);
#9797=EDGE_CURVE('',#3910,#4058,#3433,.T.);
#9807=EDGE_CURVE('',#3908,#4060,#3437,.T.);
#9823=EDGE_CURVE('',#3906,#4062,#3445,.T.);
#9833=EDGE_CURVE('',#3904,#4064,#3449,.T.);
#9849=EDGE_CURVE('',#3902,#4066,#3457,.T.);
#9871=EDGE_CURVE('',#4068,#3776,#3517,.T.);
#9873=EDGE_CURVE('',#3796,#4068,#3512,.T.);
#9891=EDGE_CURVE('',#4070,#3785,#3521,.T.);
#9893=EDGE_CURVE('',#4070,#3798,#3507,.T.);
#9909=EDGE_CURVE('',#4070,#3791,#3525,.T.);
#9928=(LENGTH_UNIT()NAMED_UNIT(*)SI_UNIT(.MILLI.,.METRE.));
#9930=(NAMED_UNIT(*)PLANE_ANGLE_UNIT()SI_UNIT($,.RADIAN.));
#9933=(NAMED_UNIT(*)SI_UNIT($,.STERADIAN.)SOLID_ANGLE_UNIT());
#9936=MANIFOLD_SURFACE_SHAPE_REPRESENTATION('',(#9927),#9935);
#9943=PRODUCT_DEFINITION('design','',#9942,#9939);
#9944=PRODUCT_DEFINITION_SHAPE('','SHAPE FOR AV031LVEA2.',#9943);
#9945=SHAPE_DEFINITION_REPRESENTATION(#9944,#9936);
ENDSEC;
END-ISO-10303-21;
