ISO-10303-21;
HEADER;
FILE_DESCRIPTION((''),'2;1');
FILE_NAME('AV031001A200K','2015-07-15T',('mdamaggio'),(''),
'CREO PARAMETRIC BY PTC INC, 2014440','CREO PARAMETRIC BY PTC INC, 2014440','');
FILE_SCHEMA(('CONFIG_CONTROL_DESIGN'));
ENDSEC;
DATA;
#1=CARTESIAN_POINT('',(0.E0,0.E0,0.E0));
#2=DIRECTION('',(1.E0,0.E0,0.E0));
#3=DIRECTION('',(0.E0,1.E0,0.E0));
#4=AXIS2_PLACEMENT_3D('',#1,#2,#3);
#6=CARTESIAN_POINT('',(0.E0,0.E0,0.E0));
#7=DIRECTION('',(-1.E0,0.E0,0.E0));
#8=DIRECTION('',(0.E0,1.E0,0.E0));
#9=AXIS2_PLACEMENT_3D('',#6,#7,#8);
#11=CARTESIAN_POINT('',(-1.758E1,0.E0,0.E0));
#12=DIRECTION('',(-1.E0,0.E0,0.E0));
#13=DIRECTION('',(0.E0,1.E0,0.E0));
#14=AXIS2_PLACEMENT_3D('',#11,#12,#13);
#16=CARTESIAN_POINT('',(-1.621007006827E1,0.E0,0.E0));
#17=DIRECTION('',(-1.E0,0.E0,0.E0));
#18=DIRECTION('',(0.E0,1.E0,0.E0));
#19=AXIS2_PLACEMENT_3D('',#16,#17,#18);
#21=CARTESIAN_POINT('',(-1.546E1,0.E0,0.E0));
#22=DIRECTION('',(-1.E0,0.E0,0.E0));
#23=DIRECTION('',(0.E0,1.E0,0.E0));
#24=AXIS2_PLACEMENT_3D('',#21,#22,#23);
#26=CARTESIAN_POINT('',(-1.546E1,0.E0,0.E0));
#27=DIRECTION('',(1.E0,0.E0,0.E0));
#28=DIRECTION('',(0.E0,1.E0,0.E0));
#29=AXIS2_PLACEMENT_3D('',#26,#27,#28);
#31=CARTESIAN_POINT('',(-7.786580326381E0,1.378665569207E0,-1.091326171446E1));
#32=CARTESIAN_POINT('',(-7.778930929505E0,1.903185794352E0,-1.084699940043E1));
#33=CARTESIAN_POINT('',(-7.763620299429E0,2.943385557221E0,-1.063838909671E1));
#34=CARTESIAN_POINT('',(-7.740691067364E0,4.440494477570E0,-1.010599721824E1));
#35=CARTESIAN_POINT('',(-7.717581882343E0,5.855833655394E0,-9.357013018634E0));
#36=CARTESIAN_POINT('',(-7.694687119989E0,7.136830446427E0,-8.420877490973E0));
#37=CARTESIAN_POINT('',(-7.671574086662E0,8.280307418831E0,-7.299540568136E0));
#38=CARTESIAN_POINT('',(-7.648664408992E0,9.241725720569E0,-6.036099699829E0));
#39=CARTESIAN_POINT('',(-7.625595735781E0,1.001662754761E1,-4.638026020129E0));
#40=CARTESIAN_POINT('',(-7.602693469819E0,1.057825159809E1,-3.153616884888E0));
#41=CARTESIAN_POINT('',(-7.579578376757E0,1.092364163713E1,-1.589563885425E0));
#42=CARTESIAN_POINT('',(-7.564245788654E0,1.1E1,-5.297814196752E-1));
#43=CARTESIAN_POINT('',(-7.556580583204E0,1.1E1,-2.162222744571E-14));
#45=CARTESIAN_POINT('',(-8.056580013847E0,-1.1E1,0.E0));
#46=CARTESIAN_POINT('',(-8.049116655496E0,-1.1E1,-5.158307339456E-1));
#47=CARTESIAN_POINT('',(-8.034120624660E0,-1.092755335975E1,-1.552367481371E0));
#48=CARTESIAN_POINT('',(-8.011314148154E0,-1.059445367371E1,-3.097162329733E0));
#49=CARTESIAN_POINT('',(-7.988508705137E0,-1.004318281885E1,-4.578192206431E0));
#50=CARTESIAN_POINT('',(-7.965946093430E0,-9.294498315614E0,-5.950518464518E0));
#51=CARTESIAN_POINT('',(-7.943702332328E0,-8.375026879427E0,-7.187447052153E0));
#52=CARTESIAN_POINT('',(-7.921186857530E0,-7.278067792086E0,-8.296522930960E0));
#53=CARTESIAN_POINT('',(-7.898900394756E0,-6.048710772292E0,-9.231057140307E0));
#54=CARTESIAN_POINT('',(-7.876415567314E0,-4.688791749159E0,-9.990943490575E0));
#55=CARTESIAN_POINT('',(-7.854092398745E0,-3.245879641040E0,-1.054804386372E1));
#56=CARTESIAN_POINT('',(-7.831625641576E0,-1.729688203884E0,-1.090065435276E1));
#57=CARTESIAN_POINT('',(-7.808991855849E0,-1.672269317879E-1,
-1.103563085466E1));
#58=CARTESIAN_POINT('',(-7.794041586738E0,8.670458434534E-1,-1.097789431641E1));
#59=CARTESIAN_POINT('',(-7.786580326381E0,1.378665569207E0,-1.091326171446E1));
#61=CARTESIAN_POINT('',(-7.443420033052E0,1.1E1,0.E0));
#62=CARTESIAN_POINT('',(-7.450988135077E0,1.1E1,-5.230693537045E-1));
#63=CARTESIAN_POINT('',(-7.466124597812E0,1.092545110633E1,-1.569269330169E0));
#64=CARTESIAN_POINT('',(-7.488893565969E0,1.058984482467E1,-3.110803366690E0));
#65=CARTESIAN_POINT('',(-7.511536314119E0,1.004194829364E1,-4.581040259510E0));
#66=CARTESIAN_POINT('',(-7.534349476335E0,9.284475804785E0,-5.968403452994E0));
#67=CARTESIAN_POINT('',(-7.556964268438E0,8.345742135469E0,-7.223188492345E0));
#68=CARTESIAN_POINT('',(-7.579887341912E0,7.223108356481E0,-8.346859784794E0));
#69=CARTESIAN_POINT('',(-7.602753145321E0,5.953148341269E0,-9.294377523629E0));
#70=CARTESIAN_POINT('',(-7.625381091675E0,4.575927221510E0,-1.004371344216E1));
#71=CARTESIAN_POINT('',(-7.648024325723E0,3.105700779130E0,-1.059149147516E1));
#72=CARTESIAN_POINT('',(-7.670795487223E0,1.563761930238E0,-1.092620212096E1));
#73=CARTESIAN_POINT('',(-7.693497245352E0,-5.343398698075E-3,
-1.103727789643E1));
#74=CARTESIAN_POINT('',(-7.716201768092E0,-1.574549182828E0,-1.092467845757E1));
#75=CARTESIAN_POINT('',(-7.738970589958E0,-3.115940300326E0,-1.058837882840E1));
#76=CARTESIAN_POINT('',(-7.761615744218E0,-4.585984251288E0,-1.003954189060E1));
#77=CARTESIAN_POINT('',(-7.784369249242E0,-5.969512781207E0,-9.283683989179E0));
#78=CARTESIAN_POINT('',(-7.807017648200E0,-7.226094296731E0,-8.343418826227E0));
#79=CARTESIAN_POINT('',(-7.829880615714E0,-8.345935118117E0,-7.222964677536E0));
#80=CARTESIAN_POINT('',(-7.852489829813E0,-9.284434253500E0,-5.968448213738E0));
#81=CARTESIAN_POINT('',(-7.875304327843E0,-1.004196271038E1,-4.581020920467E0));
#82=CARTESIAN_POINT('',(-7.897946590656E0,-1.058984125131E1,-3.110808481309E0));
#83=CARTESIAN_POINT('',(-7.920715798683E0,-1.092545357429E1,-1.569259385328E0));
#84=CARTESIAN_POINT('',(-7.935852153992E0,-1.1E1,-5.230656530559E-1));
#85=CARTESIAN_POINT('',(-7.943420198037E0,-1.1E1,0.E0));
#87=CARTESIAN_POINT('',(-8.443419968087E0,1.1E1,0.E0));
#88=CARTESIAN_POINT('',(-8.451085172467E0,1.1E1,-5.297814196765E-1));
#89=CARTESIAN_POINT('',(-8.466417758393E0,1.092364163713E1,-1.589563885428E0));
#90=CARTESIAN_POINT('',(-8.489532848065E0,1.057825159809E1,-3.153616884895E0));
#91=CARTESIAN_POINT('',(-8.512435110560E0,1.001662754761E1,-4.638026020137E0));
#92=CARTESIAN_POINT('',(-8.535503780167E0,9.241725720564E0,-6.036099699837E0));
#93=CARTESIAN_POINT('',(-8.558413454149E0,8.280307418825E0,-7.299540568144E0));
#94=CARTESIAN_POINT('',(-8.581526483642E0,7.136830446420E0,-8.420877490979E0));
#95=CARTESIAN_POINT('',(-8.604421242084E0,5.855833655386E0,-9.357013018639E0));
#96=CARTESIAN_POINT('',(-8.627530423041E0,4.440494477563E0,-1.010599721824E1));
#97=CARTESIAN_POINT('',(-8.650459650958E0,2.943385557217E0,-1.063838909671E1));
#98=CARTESIAN_POINT('',(-8.665770278186E0,1.903185794350E0,-1.084699940043E1));
#99=CARTESIAN_POINT('',(-8.673419673619E0,1.378665569207E0,-1.091326171446E1));
#101=CARTESIAN_POINT('',(-9.056580009394E0,-1.1E1,0.E0));
#102=CARTESIAN_POINT('',(-9.049052034339E0,-1.1E1,-5.202959831744E-1));
#103=CARTESIAN_POINT('',(-9.033973987981E0,-1.092576371659E1,
-1.562373876488E0));
#104=CARTESIAN_POINT('',(-9.011396355992E0,-1.059556559313E1,
-3.091550527292E0));
#105=CARTESIAN_POINT('',(-8.988540982760E0,-1.004469069474E1,
-4.576376759695E0));
#106=CARTESIAN_POINT('',(-8.965732802758E0,-9.287316402130E0,
-5.963476548186E0));
#107=CARTESIAN_POINT('',(-8.943194702789E0,-8.352741758808E0,
-7.214693333169E0));
#108=CARTESIAN_POINT('',(-8.920431810443E0,-7.239163989434E0,
-8.331560431736E0));
#109=CARTESIAN_POINT('',(-8.897887517239E0,-5.990315898601E0,
-9.270055703438E0));
#110=CARTESIAN_POINT('',(-8.875144507831E0,-4.609238651424E0,
-1.002888597954E1));
#111=CARTESIAN_POINT('',(-8.852558682093E0,-3.144299622662E0,
-1.057946121164E1));
#112=CARTESIAN_POINT('',(-8.829906770226E0,-1.612019034620E0,
-1.091951645769E1));
#113=CARTESIAN_POINT('',(-8.806869313576E0,-2.009154342420E-2,
-1.103872455231E1));
#114=CARTESIAN_POINT('',(-8.783806095046E0,1.574144308775E0,-1.092547941698E1));
#115=CARTESIAN_POINT('',(-8.760978207229E0,3.119286509218E0,-1.058714256349E1));
#116=CARTESIAN_POINT('',(-8.738401458933E0,4.584938121179E0,-1.004017454869E1));
#117=CARTESIAN_POINT('',(-8.715419427871E0,5.982542904652E0,-9.276817365753E0));
#118=CARTESIAN_POINT('',(-8.692447474319E0,7.254237153499E0,-8.319247099520E0));
#119=CARTESIAN_POINT('',(-8.669761850972E0,8.361641690591E0,-7.203727603596E0));
#120=CARTESIAN_POINT('',(-8.647246714942E0,9.294161312489E0,-5.953003587935E0));
#121=CARTESIAN_POINT('',(-8.624492164061E0,1.004761054134E1,-4.568074606881E0));
#122=CARTESIAN_POINT('',(-8.601920037035E0,1.059222832874E1,-3.101869080068E0));
#123=CARTESIAN_POINT('',(-8.579216719802E0,1.092590300814E1,-1.564593595591E0));
#124=CARTESIAN_POINT('',(-8.564125406661E0,1.1E1,-5.215125341379E-1));
#125=CARTESIAN_POINT('',(-8.556579833697E0,1.1E1,0.E0));
#127=CARTESIAN_POINT('',(-8.673419673619E0,1.378665569207E0,-1.091326171446E1));
#128=CARTESIAN_POINT('',(-8.680880933977E0,8.670458434541E-1,
-1.097789431641E1));
#129=CARTESIAN_POINT('',(-8.695831203106E0,-1.672269317858E-1,
-1.103563085466E1));
#130=CARTESIAN_POINT('',(-8.718464988917E0,-1.729688203881E0,
-1.090065435276E1));
#131=CARTESIAN_POINT('',(-8.740931746225E0,-3.245879641036E0,
-1.054804386372E1));
#132=CARTESIAN_POINT('',(-8.763254914984E0,-4.688791749154E0,
-9.990943490578E0));
#133=CARTESIAN_POINT('',(-8.785739742670E0,-6.048710772287E0,
-9.231057140310E0));
#134=CARTESIAN_POINT('',(-8.808026205735E0,-7.278067792081E0,
-8.296522930964E0));
#135=CARTESIAN_POINT('',(-8.830541680877E0,-8.375026879423E0,
-7.187447052158E0));
#136=CARTESIAN_POINT('',(-8.852785442367E0,-9.294498315611E0,
-5.950518464522E0));
#137=CARTESIAN_POINT('',(-8.875348054515E0,-1.004318281885E1,
-4.578192206435E0));
#138=CARTESIAN_POINT('',(-8.898153498026E0,-1.059445367371E1,
-3.097162329736E0));
#139=CARTESIAN_POINT('',(-8.920959975072E0,-1.092755335975E1,
-1.552367481373E0));
#140=CARTESIAN_POINT('',(-8.935956006294E0,-1.1E1,-5.158307339464E-1));
#141=CARTESIAN_POINT('',(-8.943419364842E0,-1.1E1,0.E0));
#143=CARTESIAN_POINT('',(-1.005658066374E1,-1.1E1,0.E0));
#144=CARTESIAN_POINT('',(-1.004901601666E1,-1.1E1,-5.228306259802E-1));
#145=CARTESIAN_POINT('',(-1.003388642391E1,-1.092551958764E1,
-1.568555696842E0));
#146=CARTESIAN_POINT('',(-1.001112731665E1,-1.059020953128E1,
-3.109452327079E0));
#147=CARTESIAN_POINT('',(-9.988494958633E0,-1.004278860258E1,
-4.579092400326E0));
#148=CARTESIAN_POINT('',(-9.965692076949E0,-9.286009493746E0,
-5.966018891736E0));
#149=CARTESIAN_POINT('',(-9.943087562090E0,-8.347923104686E0,
-7.220420995836E0));
#150=CARTESIAN_POINT('',(-9.920317408726E0,-7.233180772176E0,
-8.336828957945E0));
#151=CARTESIAN_POINT('',(-9.897710265776E0,-5.980145257948E0,
-9.277061526913E0));
#152=CARTESIAN_POINT('',(-9.874852954686E0,-4.590921181457E0,
-1.003751353904E1));
#153=CARTESIAN_POINT('',(-9.852219758825E0,-3.121807027480E0,
-1.058653929283E1));
#154=CARTESIAN_POINT('',(-9.829461918062E0,-1.581399517520E0,
-1.092368461465E1));
#155=CARTESIAN_POINT('',(-9.806764948984E0,-1.279043087371E-2,
-1.103720891630E1));
#156=CARTESIAN_POINT('',(-9.784078980484E0,1.555320942834E0,-1.092743452269E1));
#157=CARTESIAN_POINT('',(-9.761302027502E0,3.097840458253E0,-1.059363878178E1));
#158=CARTESIAN_POINT('',(-9.738723592734E0,4.564424024927E0,-1.004892924652E1));
#159=CARTESIAN_POINT('',(-9.716006721140E0,5.947938466577E0,-9.298249040330E0));
#160=CARTESIAN_POINT('',(-9.693018696313E0,7.224832413892E0,-8.345768425118E0));
#161=CARTESIAN_POINT('',(-9.670047793525E0,8.349256736075E0,-7.219180665208E0));
#162=CARTESIAN_POINT('',(-9.647441396433E0,9.286997692985E0,-5.964381778906E0));
#163=CARTESIAN_POINT('',(-9.624644044991E0,1.004339986710E1,-4.577695722150E0));
#164=CARTESIAN_POINT('',(-9.602020772503E0,1.059046429784E1,-3.108589962212E0));
#165=CARTESIAN_POINT('',(-9.579254705095E0,1.092571167513E1,-1.567190895505E0));
#166=CARTESIAN_POINT('',(-9.564137113914E0,1.1E1,-5.222856672899E-1));
#167=CARTESIAN_POINT('',(-9.556580349792E0,1.1E1,0.E0));
#169=CARTESIAN_POINT('',(-9.443419206554E0,1.1E1,0.E0));
#170=CARTESIAN_POINT('',(-9.450964779947E0,1.1E1,-5.215125341377E-1));
#171=CARTESIAN_POINT('',(-9.466056093948E0,1.092590300814E1,-1.564593595591E0));
#172=CARTESIAN_POINT('',(-9.488759412495E0,1.059222832874E1,-3.101869080067E0));
#173=CARTESIAN_POINT('',(-9.511331540841E0,1.004761054134E1,-4.568074606880E0));
#174=CARTESIAN_POINT('',(-9.534086093068E0,9.294161312489E0,-5.953003587934E0));
#175=CARTESIAN_POINT('',(-9.556601230443E0,8.361641690592E0,-7.203727603595E0));
#176=CARTESIAN_POINT('',(-9.579286855157E0,7.254237153500E0,-8.319247099519E0));
#177=CARTESIAN_POINT('',(-9.602258810105E0,5.982542904654E0,-9.276817365752E0));
#178=CARTESIAN_POINT('',(-9.625240842574E0,4.584938121181E0,-1.004017454869E1));
#179=CARTESIAN_POINT('',(-9.647817592261E0,3.119286509220E0,-1.058714256349E1));
#180=CARTESIAN_POINT('',(-9.670645481491E0,1.574144308777E0,-1.092547941698E1));
#181=CARTESIAN_POINT('',(-9.693708701456E0,-2.009154342124E-2,
-1.103872455231E1));
#182=CARTESIAN_POINT('',(-9.716746159545E0,-1.612019034617E0,
-1.091951645769E1));
#183=CARTESIAN_POINT('',(-9.739398072831E0,-3.144299622659E0,
-1.057946121164E1));
#184=CARTESIAN_POINT('',(-9.761983899986E0,-4.609238651422E0,
-1.002888597954E1));
#185=CARTESIAN_POINT('',(-9.784726910823E0,-5.990315898600E0,
-9.270055703439E0));
#186=CARTESIAN_POINT('',(-9.807271205444E0,-7.239163989433E0,
-8.331560431737E0));
#187=CARTESIAN_POINT('',(-9.830034099220E0,-8.352741758808E0,
-7.214693333170E0));
#188=CARTESIAN_POINT('',(-9.852572200604E0,-9.287316402130E0,
-5.963476548187E0));
#189=CARTESIAN_POINT('',(-9.875380382034E0,-1.004469069474E1,
-4.576376759695E0));
#190=CARTESIAN_POINT('',(-9.898235756693E0,-1.059556559312E1,
-3.091550527292E0));
#191=CARTESIAN_POINT('',(-9.920813390086E0,-1.092576371659E1,
-1.562373876489E0));
#192=CARTESIAN_POINT('',(-9.935891437378E0,-1.1E1,-5.202959831745E-1));
#193=CARTESIAN_POINT('',(-9.943419412897E0,-1.1E1,0.E0));
#195=CARTESIAN_POINT('',(-1.105658044772E1,-1.1E1,0.E0));
#196=CARTESIAN_POINT('',(-1.104901648418E1,-1.1E1,-5.227842367979E-1));
#197=CARTESIAN_POINT('',(-1.103384007905E1,-1.092556298192E1,
-1.571765285072E0));
#198=CARTESIAN_POINT('',(-1.101082565616E1,-1.058550925314E1,
-3.129900242796E0));
#199=CARTESIAN_POINT('',(-1.098787456100E1,-1.002498027013E1,
-4.618237786764E0));
#200=CARTESIAN_POINT('',(-1.096526841560E1,-9.269634117545E0,
-5.990449366880E0));
#201=CARTESIAN_POINT('',(-1.094264631859E1,-8.328079716814E0,
-7.243673574012E0));
#202=CARTESIAN_POINT('',(-1.091984622396E1,-7.208462758724E0,
-8.358227628867E0));
#203=CARTESIAN_POINT('',(-1.089725608464E1,-5.953562606844E0,
-9.293949552339E0));
#204=CARTESIAN_POINT('',(-1.087446062996E1,-4.566095639020E0,
-1.004867548520E1));
#205=CARTESIAN_POINT('',(-1.085184456826E1,-3.096836965202E0,
-1.059381414611E1));
#206=CARTESIAN_POINT('',(-1.082907828687E1,-1.555082271764E0,
-1.092774094505E1));
#207=CARTESIAN_POINT('',(-1.080627682324E1,2.106343498019E-2,
-1.103726425274E1));
#208=CARTESIAN_POINT('',(-1.078367509067E1,1.583025142426E0,-1.092310667969E1));
#209=CARTESIAN_POINT('',(-1.076095098059E1,3.121173656349E0,-1.058674590228E1));
#210=CARTESIAN_POINT('',(-1.073832418059E1,4.589863995810E0,-1.003784419104E1));
#211=CARTESIAN_POINT('',(-1.071553284101E1,5.975279982172E0,-9.279983158719E0));
#212=CARTESIAN_POINT('',(-1.069294141758E1,7.228093944996E0,-8.341299528134E0));
#213=CARTESIAN_POINT('',(-1.067013961907E1,8.345062223048E0,-7.223968466955E0));
#214=CARTESIAN_POINT('',(-1.064752578037E1,9.283659615816E0,-5.969169786844E0));
#215=CARTESIAN_POINT('',(-1.062485649316E1,1.003704363965E1,-4.590963437091E0));
#216=CARTESIAN_POINT('',(-1.060219368965E1,1.058749962548E1,-3.120201598050E0));
#217=CARTESIAN_POINT('',(-1.057928552582E1,1.092574920491E1,-1.569325951739E0));
#218=CARTESIAN_POINT('',(-1.056414363414E1,1.1E1,-5.227084090793E-1));
#219=CARTESIAN_POINT('',(-1.055658076010E1,1.1E1,0.E0));
#221=CARTESIAN_POINT('',(-1.044341978024E1,1.1E1,0.E0));
#222=CARTESIAN_POINT('',(-1.045097654467E1,1.1E1,-5.222856672910E-1));
#223=CARTESIAN_POINT('',(-1.046609413648E1,1.092571167513E1,-1.567190895508E0));
#224=CARTESIAN_POINT('',(-1.048886020479E1,1.059046429784E1,-3.108589962218E0));
#225=CARTESIAN_POINT('',(-1.051148347813E1,1.004339986709E1,-4.577695722158E0));
#226=CARTESIAN_POINT('',(-1.053428083041E1,9.286997692979E0,-5.964381778915E0));
#227=CARTESIAN_POINT('',(-1.055688722828E1,8.349256736066E0,-7.219180665219E0));
#228=CARTESIAN_POINT('',(-1.057985813183E1,7.224832413881E0,-8.345768425128E0));
#229=CARTESIAN_POINT('',(-1.060284615737E1,5.947938466563E0,-9.298249040339E0));
#230=CARTESIAN_POINT('',(-1.062556302963E1,4.564424024911E0,-1.004892924652E1));
#231=CARTESIAN_POINT('',(-1.064814146502E1,3.097840458235E0,-1.059363878179E1));
#232=CARTESIAN_POINT('',(-1.067091841858E1,1.555320942815E0,-1.092743452269E1));
#233=CARTESIAN_POINT('',(-1.069360438762E1,-1.279043089327E-2,
-1.103720891630E1));
#234=CARTESIAN_POINT('',(-1.071630135718E1,-1.581399517540E0,
-1.092368461465E1));
#235=CARTESIAN_POINT('',(-1.073905919839E1,-3.121807027499E0,
-1.058653929283E1));
#236=CARTESIAN_POINT('',(-1.076169239464E1,-4.590921181474E0,
-1.003751353903E1));
#237=CARTESIAN_POINT('',(-1.078454970608E1,-5.980145257963E0,
-9.277061526904E0));
#238=CARTESIAN_POINT('',(-1.080715684932E1,-7.233180772189E0,
-8.336828957934E0));
#239=CARTESIAN_POINT('',(-1.082992700292E1,-8.347923104695E0,
-7.220420995825E0));
#240=CARTESIAN_POINT('',(-1.085253151796E1,-9.286009493753E0,
-5.966018891726E0));
#241=CARTESIAN_POINT('',(-1.087533439978E1,-1.004278860259E1,
-4.579092400317E0));
#242=CARTESIAN_POINT('',(-1.089796675788E1,-1.059020953128E1,
-3.109452327072E0));
#243=CARTESIAN_POINT('',(-1.092072586515E1,-1.092551958764E1,
-1.568555696838E0));
#244=CARTESIAN_POINT('',(-1.093585545787E1,-1.1E1,-5.228306259789E-1));
#245=CARTESIAN_POINT('',(-1.094342010493E1,-1.1E1,0.E0));
#247=CARTESIAN_POINT('',(-1.144342018336E1,1.1E1,0.E0));
#248=CARTESIAN_POINT('',(-1.145098305685E1,1.1E1,-5.227084090817E-1));
#249=CARTESIAN_POINT('',(-1.146612494739E1,1.092574920491E1,-1.569325951746E0));
#250=CARTESIAN_POINT('',(-1.148903310942E1,1.058749962548E1,-3.120201598063E0));
#251=CARTESIAN_POINT('',(-1.151169591106E1,1.003704363964E1,-4.590963437109E0));
#252=CARTESIAN_POINT('',(-1.153436519632E1,9.283659615803E0,-5.969169786865E0));
#253=CARTESIAN_POINT('',(-1.155697903298E1,8.345062223029E0,-7.223968466976E0));
#254=CARTESIAN_POINT('',(-1.157978082934E1,7.228093944971E0,-8.341299528156E0));
#255=CARTESIAN_POINT('',(-1.160237225055E1,5.975279982143E0,-9.279983158738E0));
#256=CARTESIAN_POINT('',(-1.162516358780E1,4.589863995776E0,-1.003784419106E1));
#257=CARTESIAN_POINT('',(-1.164779038539E1,3.121173656311E0,-1.058674590229E1));
#258=CARTESIAN_POINT('',(-1.167051449296E1,1.583025142385E0,-1.092310667969E1));
#259=CARTESIAN_POINT('',(-1.169311622293E1,2.106343493956E-2,
-1.103726425274E1));
#260=CARTESIAN_POINT('',(-1.171591768384E1,-1.555082271805E0,
-1.092774094504E1));
#261=CARTESIAN_POINT('',(-1.173868396241E1,-3.096836965241E0,
-1.059381414610E1));
#262=CARTESIAN_POINT('',(-1.176130002121E1,-4.566095639054E0,
-1.004867548519E1));
#263=CARTESIAN_POINT('',(-1.178409547287E1,-5.953562606875E0,
-9.293949552319E0));
#264=CARTESIAN_POINT('',(-1.180668560910E1,-7.208462758749E0,
-8.358227628846E0));
#265=CARTESIAN_POINT('',(-1.182948570050E1,-8.328079716833E0,
-7.243673573990E0));
#266=CARTESIAN_POINT('',(-1.185210779420E1,-9.269634117558E0,
-5.990449366860E0));
#267=CARTESIAN_POINT('',(-1.187471393619E1,-1.002498027014E1,
-4.618237786747E0));
#268=CARTESIAN_POINT('',(-1.189766502778E1,-1.058550925315E1,
-3.129900242782E0));
#269=CARTESIAN_POINT('',(-1.192067944698E1,-1.092556298192E1,
-1.571765285064E0));
#270=CARTESIAN_POINT('',(-1.193585584961E1,-1.1E1,-5.227842367951E-1));
#271=CARTESIAN_POINT('',(-1.194341981187E1,-1.1E1,1.733433303366E-14));
#273=CARTESIAN_POINT('',(-1.205657985403E1,-1.1E1,0.E0));
#274=CARTESIAN_POINT('',(-1.204906764401E1,-1.1E1,-5.192065606256E-1));
#275=CARTESIAN_POINT('',(-1.203398311113E1,-1.092630277152E1,
-1.561800640412E0));
#276=CARTESIAN_POINT('',(-1.201118898732E1,-1.059219977817E1,
-3.105531660026E0));
#277=CARTESIAN_POINT('',(-1.198818849709E1,-1.003485575265E1,
-4.598765358449E0));
#278=CARTESIAN_POINT('',(-1.196529193771E1,-9.270934492221E0,
-5.989279945960E0));
#279=CARTESIAN_POINT('',(-1.194271496903E1,-8.331036906201E0,
-7.239903202825E0));
#280=CARTESIAN_POINT('',(-1.191991787848E1,-7.212304550392E0,
-8.354966578395E0));
#281=CARTESIAN_POINT('',(-1.189733349451E1,-5.958111179149E0,
-9.291019807646E0));
#282=CARTESIAN_POINT('',(-1.187454029958E1,-4.571155332634E0,
-1.004629716261E1));
#283=CARTESIAN_POINT('',(-1.185195179252E1,-3.104010897310E0,
-1.059171663535E1));
#284=CARTESIAN_POINT('',(-1.182919500683E1,-1.563125525001E0,
-1.092628263801E1));
#285=CARTESIAN_POINT('',(-1.180651840236E1,4.263921292476E-3,
-1.103718251552E1));
#286=CARTESIAN_POINT('',(-1.178383539218E1,1.571988784962E0,-1.092498221059E1));
#287=CARTESIAN_POINT('',(-1.176109363016E1,3.111629158218E0,-1.058951138252E1));
#288=CARTESIAN_POINT('',(-1.173845548512E1,4.581572290219E0,-1.004182606297E1));
#289=CARTESIAN_POINT('',(-1.171550522354E1,5.977422132848E0,-9.279832405796E0));
#290=CARTESIAN_POINT('',(-1.169262493311E1,7.244698134273E0,-8.327052408025E0));
#291=CARTESIAN_POINT('',(-1.167001968031E1,8.350002548904E0,-7.217294525512E0));
#292=CARTESIAN_POINT('',(-1.164741461023E1,9.288093568868E0,-5.962955007491E0));
#293=CARTESIAN_POINT('',(-1.162462830574E1,1.004378713617E1,-4.576694023772E0));
#294=CARTESIAN_POINT('',(-1.160200770319E1,1.059067905090E1,-3.107751483942E0));
#295=CARTESIAN_POINT('',(-1.157926157698E1,1.092559812100E1,-1.567684950724E0));
#296=CARTESIAN_POINT('',(-1.156414035806E1,1.1E1,-5.225403106968E-1));
#297=CARTESIAN_POINT('',(-1.155657991927E1,1.1E1,0.E0));
#299=CARTESIAN_POINT('',(-1.305658044513E1,-1.1E1,-1.019919797704E-14));
#300=CARTESIAN_POINT('',(-1.304903396553E1,-1.1E1,-5.215748675962E-1));
#301=CARTESIAN_POINT('',(-1.303394060580E1,-1.092587635175E1,
-1.564793556043E0));
#302=CARTESIAN_POINT('',(-1.301123522853E1,-1.059215865304E1,
-3.102213175177E0));
#303=CARTESIAN_POINT('',(-1.298865692202E1,-1.004725507639E1,
-4.568755823258E0));
#304=CARTESIAN_POINT('',(-1.296591218271E1,-9.294195481435E0,
-5.953138316833E0));
#305=CARTESIAN_POINT('',(-1.294334484489E1,-8.359252464874E0,
-7.206581153530E0));
#306=CARTESIAN_POINT('',(-1.292075269752E1,-7.255843312157E0,
-8.316882238373E0));
#307=CARTESIAN_POINT('',(-1.289805257446E1,-6.000292225067E0,
-9.264430594686E0));
#308=CARTESIAN_POINT('',(-1.287518414042E1,-4.611754104074E0,
-1.002784661866E1));
#309=CARTESIAN_POINT('',(-1.285258952271E1,-3.146365374162E0,
-1.057907559446E1));
#310=CARTESIAN_POINT('',(-1.282989470569E1,-1.611083575987E0,
-1.091917277906E1));
#311=CARTESIAN_POINT('',(-1.280724277846E1,-4.595448830259E-2,
-1.103691968278E1));
#312=CARTESIAN_POINT('',(-1.278462235327E1,1.517988203709E0,-1.093256757067E1));
#313=CARTESIAN_POINT('',(-1.276188115573E1,3.059135511301E0,-1.060451907713E1));
#314=CARTESIAN_POINT('',(-1.273940665195E1,4.521304795956E0,-1.006854764365E1));
#315=CARTESIAN_POINT('',(-1.271652073997E1,5.918097204031E0,-9.317832584554E0));
#316=CARTESIAN_POINT('',(-1.269349082732E1,7.200093145331E0,-8.367211862882E0));
#317=CARTESIAN_POINT('',(-1.267049658486E1,8.328782627327E0,-7.242651957447E0));
#318=CARTESIAN_POINT('',(-1.264796054010E1,9.267333036623E0,-5.994582147998E0));
#319=CARTESIAN_POINT('',(-1.262507136289E1,1.003196381682E1,-4.605076831133E0));
#320=CARTESIAN_POINT('',(-1.260204946511E1,1.059093530920E1,-3.110825302497E0));
#321=CARTESIAN_POINT('',(-1.257914325485E1,1.092684840343E1,-1.559529516717E0));
#322=CARTESIAN_POINT('',(-1.256407442083E1,1.1E1,-5.179704135788E-1));
#323=CARTESIAN_POINT('',(-1.255658009304E1,1.1E1,0.E0));
#325=CARTESIAN_POINT('',(-1.244341927459E1,1.1E1,0.E0));
#326=CARTESIAN_POINT('',(-1.245097971366E1,1.1E1,-5.225403106961E-1));
#327=CARTESIAN_POINT('',(-1.246610093315E1,1.092559812100E1,-1.567684950722E0));
#328=CARTESIAN_POINT('',(-1.248884706027E1,1.059067905090E1,-3.107751483938E0));
#329=CARTESIAN_POINT('',(-1.251146766375E1,1.004378713617E1,-4.576694023767E0));
#330=CARTESIAN_POINT('',(-1.253425396921E1,9.288093568871E0,-5.962955007485E0));
#331=CARTESIAN_POINT('',(-1.255685904028E1,8.350002548909E0,-7.217294525506E0));
#332=CARTESIAN_POINT('',(-1.257946429411E1,7.244698134279E0,-8.327052408019E0));
#333=CARTESIAN_POINT('',(-1.260234458560E1,5.977422132856E0,-9.279832405791E0));
#334=CARTESIAN_POINT('',(-1.262529484828E1,4.581572290229E0,-1.004182606297E1));
#335=CARTESIAN_POINT('',(-1.264793299444E1,3.111629158228E0,-1.058951138252E1));
#336=CARTESIAN_POINT('',(-1.267067475761E1,1.571988784972E0,-1.092498221059E1));
#337=CARTESIAN_POINT('',(-1.269335776895E1,4.263921302637E-3,
-1.103718251552E1));
#338=CARTESIAN_POINT('',(-1.271603437461E1,-1.563125524991E0,
-1.092628263801E1));
#339=CARTESIAN_POINT('',(-1.273879116152E1,-3.104010897300E0,
-1.059171663536E1));
#340=CARTESIAN_POINT('',(-1.276137966981E1,-4.571155332626E0,
-1.004629716262E1));
#341=CARTESIAN_POINT('',(-1.278417286600E1,-5.958111179142E0,
-9.291019807651E0));
#342=CARTESIAN_POINT('',(-1.280675725125E1,-7.212304550387E0,
-8.354966578399E0));
#343=CARTESIAN_POINT('',(-1.282955434309E1,-8.331036906197E0,
-7.239903202830E0));
#344=CARTESIAN_POINT('',(-1.285213131308E1,-9.270934492219E0,
-5.989279945964E0));
#345=CARTESIAN_POINT('',(-1.287502787380E1,-1.003485575264E1,
-4.598765358452E0));
#346=CARTESIAN_POINT('',(-1.289802836538E1,-1.059219977817E1,
-3.105531660029E0));
#347=CARTESIAN_POINT('',(-1.292082249056E1,-1.092630277152E1,
-1.561800640414E0));
#348=CARTESIAN_POINT('',(-1.293590702435E1,-1.1E1,-5.192065606262E-1));
#349=CARTESIAN_POINT('',(-1.294341923482E1,-1.1E1,0.E0));
#351=CARTESIAN_POINT('',(-1.405658072401E1,-1.1E1,0.E0));
#352=CARTESIAN_POINT('',(-1.404901629273E1,-1.1E1,-5.228161605903E-1));
#353=CARTESIAN_POINT('',(-1.403385977762E1,-1.092564604509E1,
-1.570431782615E0));
#354=CARTESIAN_POINT('',(-1.401091302808E1,-1.058674076332E1,
-3.123952008136E0));
#355=CARTESIAN_POINT('',(-1.398814135940E1,-1.003238943518E1,
-4.601303158365E0));
#356=CARTESIAN_POINT('',(-1.396553178940E1,-9.279633315733E0,
-5.975165291655E0));
#357=CARTESIAN_POINT('',(-1.394289993441E1,-8.339596194088E0,
-7.230406336285E0));
#358=CARTESIAN_POINT('',(-1.392009772431E1,-7.221664869310E0,
-8.346844906359E0));
#359=CARTESIAN_POINT('',(-1.389750215763E1,-5.967920272730E0,
-9.284750692377E0));
#360=CARTESIAN_POINT('',(-1.387470520383E1,-4.581530536142E0,
-1.004165170028E1));
#361=CARTESIAN_POINT('',(-1.385207981622E1,-3.112489674038E0,
-1.058931204578E1));
#362=CARTESIAN_POINT('',(-1.382933119415E1,-1.572394747361E0,
-1.092483579975E1));
#363=CARTESIAN_POINT('',(-1.380668178264E1,-7.001537492947E-3,
-1.103721557185E1));
#364=CARTESIAN_POINT('',(-1.378395561016E1,1.563816117042E0,-1.092629177312E1));
#365=CARTESIAN_POINT('',(-1.376119737624E1,3.104792287275E0,-1.059153163821E1));
#366=CARTESIAN_POINT('',(-1.373857440489E1,4.574077390238E0,-1.004505419677E1));
#367=CARTESIAN_POINT('',(-1.371577643184E1,5.961093080684E0,-9.289139752226E0));
#368=CARTESIAN_POINT('',(-1.369318105995E1,7.215503008893E0,-8.352157264165E0));
#369=CARTESIAN_POINT('',(-1.367037977166E1,8.334251861541E0,-7.236613521238E0));
#370=CARTESIAN_POINT('',(-1.364774402945E1,9.275261194498E0,-5.981790363896E0));
#371=CARTESIAN_POINT('',(-1.362515755412E1,1.002853052763E1,-4.610012577347E0));
#372=CARTESIAN_POINT('',(-1.360229331630E1,1.058611392948E1,-3.127020128460E0));
#373=CARTESIAN_POINT('',(-1.357931378363E1,1.092557681344E1,-1.571259884942E0));
#374=CARTESIAN_POINT('',(-1.356414581927E1,1.1E1,-5.228620044487E-1));
#375=CARTESIAN_POINT('',(-1.355658071917E1,1.1E1,-1.007590798961E-14));
#377=CARTESIAN_POINT('',(-1.344341950470E1,1.1E1,0.E0));
#378=CARTESIAN_POINT('',(-1.345091383293E1,1.1E1,-5.179704135795E-1));
#379=CARTESIAN_POINT('',(-1.346598266784E1,1.092684840343E1,-1.559529516719E0));
#380=CARTESIAN_POINT('',(-1.348888887942E1,1.059093530920E1,-3.110825302500E0));
#381=CARTESIAN_POINT('',(-1.351191077852E1,1.003196381681E1,-4.605076831137E0));
#382=CARTESIAN_POINT('',(-1.353479995702E1,9.267333036620E0,-5.994582148003E0));
#383=CARTESIAN_POINT('',(-1.355733600303E1,8.328782627322E0,-7.242651957453E0));
#384=CARTESIAN_POINT('',(-1.358033024673E1,7.200093145325E0,-8.367211862888E0));
#385=CARTESIAN_POINT('',(-1.360336016062E1,5.918097204024E0,-9.317832584558E0));
#386=CARTESIAN_POINT('',(-1.362624607380E1,4.521304795948E0,-1.006854764365E1));
#387=CARTESIAN_POINT('',(-1.364872057874E1,3.059135511292E0,-1.060451907714E1));
#388=CARTESIAN_POINT('',(-1.367146177743E1,1.517988203699E0,-1.093256757067E1));
#389=CARTESIAN_POINT('',(-1.369408220373E1,-4.595448831308E-2,
-1.103691968278E1));
#390=CARTESIAN_POINT('',(-1.371673413205E1,-1.611083575998E0,
-1.091917277906E1));
#391=CARTESIAN_POINT('',(-1.373942895013E1,-3.146365374172E0,
-1.057907559446E1));
#392=CARTESIAN_POINT('',(-1.376202356886E1,-4.611754104083E0,
-1.002784661865E1));
#393=CARTESIAN_POINT('',(-1.378489200391E1,-6.000292225075E0,
-9.264430594681E0));
#394=CARTESIAN_POINT('',(-1.380759212794E1,-7.255843312164E0,
-8.316882238367E0));
#395=CARTESIAN_POINT('',(-1.383018427623E1,-8.359252464880E0,
-7.206581153524E0));
#396=CARTESIAN_POINT('',(-1.385275161496E1,-9.294195481439E0,
-5.953138316827E0));
#397=CARTESIAN_POINT('',(-1.387549635513E1,-1.004725507639E1,
-4.568755823253E0));
#398=CARTESIAN_POINT('',(-1.389807466247E1,-1.059215865304E1,
-3.102213175173E0));
#399=CARTESIAN_POINT('',(-1.392078004053E1,-1.092587635175E1,
-1.564793556041E0));
#400=CARTESIAN_POINT('',(-1.393587340075E1,-1.1E1,-5.215748675954E-1));
#401=CARTESIAN_POINT('',(-1.394341988060E1,-1.1E1,0.E0));
#403=CARTESIAN_POINT('',(-1.444342015887E1,1.1E1,-1.007590798961E-14));
#404=CARTESIAN_POINT('',(-1.445098525883E1,1.1E1,-5.228620044506E-1));
#405=CARTESIAN_POINT('',(-1.446615322287E1,1.092557681344E1,-1.571259884948E0));
#406=CARTESIAN_POINT('',(-1.448913275499E1,1.058611392948E1,-3.127020128471E0));
#407=CARTESIAN_POINT('',(-1.451199699219E1,1.002853052763E1,-4.610012577361E0));
#408=CARTESIAN_POINT('',(-1.453458346685E1,9.275261194487E0,-5.981790363913E0));
#409=CARTESIAN_POINT('',(-1.455721920831E1,8.334251861526E0,-7.236613521256E0));
#410=CARTESIAN_POINT('',(-1.458002049577E1,7.215503008873E0,-8.352157264182E0));
#411=CARTESIAN_POINT('',(-1.460261586677E1,5.961093080660E0,-9.289139752242E0));
#412=CARTESIAN_POINT('',(-1.462541383885E1,4.574077390210E0,-1.004505419678E1));
#413=CARTESIAN_POINT('',(-1.464803680915E1,3.104792287244E0,-1.059153163822E1));
#414=CARTESIAN_POINT('',(-1.467079504195E1,1.563816117008E0,-1.092629177312E1));
#415=CARTESIAN_POINT('',(-1.469352121323E1,-7.001537526680E-3,
-1.103721557185E1));
#416=CARTESIAN_POINT('',(-1.471617062346E1,-1.572394747395E0,
-1.092483579975E1));
#417=CARTESIAN_POINT('',(-1.473891924417E1,-3.112489674070E0,
-1.058931204577E1));
#418=CARTESIAN_POINT('',(-1.476154463034E1,-4.581530536171E0,
-1.004165170027E1));
#419=CARTESIAN_POINT('',(-1.478434158262E1,-5.967920272755E0,
-9.284750692361E0));
#420=CARTESIAN_POINT('',(-1.480693714770E1,-7.221664869330E0,
-8.346844906341E0));
#421=CARTESIAN_POINT('',(-1.482973935610E1,-8.339596194104E0,
-7.230406336266E0));
#422=CARTESIAN_POINT('',(-1.485237120932E1,-9.279633315743E0,
-5.975165291638E0));
#423=CARTESIAN_POINT('',(-1.487498077746E1,-1.003238943519E1,
-4.601303158351E0));
#424=CARTESIAN_POINT('',(-1.489775244418E1,-1.058674076332E1,
-3.123952008125E0));
#425=CARTESIAN_POINT('',(-1.492069919165E1,-1.092564604509E1,
-1.570431782609E0));
#426=CARTESIAN_POINT('',(-1.493585570534E1,-1.1E1,-5.228161605880E-1));
#427=CARTESIAN_POINT('',(-1.494342013589E1,-1.1E1,0.E0));
#429=CARTESIAN_POINT('',(-1.546E1,0.E0,0.E0));
#430=DIRECTION('',(-1.E0,0.E0,0.E0));
#431=DIRECTION('',(0.E0,1.E0,0.E0));
#432=AXIS2_PLACEMENT_3D('',#429,#430,#431);
#434=CARTESIAN_POINT('',(-7.056580766391E0,-1.1E1,-1.641644691494E-14));
#435=CARTESIAN_POINT('',(-7.049012721956E0,-1.1E1,-5.230656530578E-1));
#436=CARTESIAN_POINT('',(-7.033876365893E0,-1.092545357429E1,
-1.569259385333E0));
#437=CARTESIAN_POINT('',(-7.011107156807E0,-1.058984125131E1,
-3.110808481319E0));
#438=CARTESIAN_POINT('',(-6.988464893018E0,-1.004196271037E1,
-4.581020920480E0));
#439=CARTESIAN_POINT('',(-6.965650394079E0,-9.284434253491E0,
-5.968448213752E0));
#440=CARTESIAN_POINT('',(-6.943041179152E0,-8.345935118103E0,
-7.222964677552E0));
#441=CARTESIAN_POINT('',(-6.920178210873E0,-7.226094296714E0,
-8.343418826242E0));
#442=CARTESIAN_POINT('',(-6.897529811229E0,-5.969512781186E0,
-9.283683989192E0));
#443=CARTESIAN_POINT('',(-6.874776305585E0,-4.585984251264E0,
-1.003954189061E1));
#444=CARTESIAN_POINT('',(-6.852131150777E0,-3.115940300300E0,
-1.058837882841E1));
#445=CARTESIAN_POINT('',(-6.829362328427E0,-1.574549182800E0,
-1.092467845758E1));
#446=CARTESIAN_POINT('',(-6.806657805271E0,-5.343398670204E-3,
-1.103727789643E1));
#447=CARTESIAN_POINT('',(-6.783956046791E0,1.563761930265E0,-1.092620212095E1));
#448=CARTESIAN_POINT('',(-6.761184885003E0,3.105700779156E0,-1.059149147515E1));
#449=CARTESIAN_POINT('',(-6.738541650732E0,4.575927221534E0,-1.004371344215E1));
#450=CARTESIAN_POINT('',(-6.715913704216E0,5.953148341289E0,-9.294377523616E0));
#451=CARTESIAN_POINT('',(-6.693047900703E0,7.223108356497E0,-8.346859784779E0));
#452=CARTESIAN_POINT('',(-6.670124827186E0,8.345742135482E0,-7.223188492330E0));
#453=CARTESIAN_POINT('',(-6.647510035100E0,9.284475804794E0,-5.968403452980E0));
#454=CARTESIAN_POINT('',(-6.624696872956E0,1.004194829364E1,-4.581040259499E0));
#455=CARTESIAN_POINT('',(-6.602054124934E0,1.058984482468E1,-3.110803366681E0));
#456=CARTESIAN_POINT('',(-6.579285156960E0,1.092545110633E1,-1.569269330164E0));
#457=CARTESIAN_POINT('',(-6.564148694383E0,1.1E1,-5.230693537029E-1));
#458=CARTESIAN_POINT('',(-6.556580592446E0,1.1E1,0.E0));
#460=CARTESIAN_POINT('',(-6.443419332829E0,1.1E1,1.272067144936E-14));
#461=CARTESIAN_POINT('',(-6.450982877146E0,1.1E1,-5.227543735932E-1));
#462=CARTESIAN_POINT('',(-6.466110091955E0,1.092554756213E1,-1.568317278687E0));
#463=CARTESIAN_POINT('',(-6.488866295534E0,1.059031039604E1,-3.109017177269E0));
#464=CARTESIAN_POINT('',(-6.511492871880E0,1.004315901304E1,-4.578338950697E0));
#465=CARTESIAN_POINT('',(-6.534301283987E0,9.286197020628E0,-5.965587306530E0));
#466=CARTESIAN_POINT('',(-6.556866918281E0,8.349949227407E0,-7.218000414045E0));
#467=CARTESIAN_POINT('',(-6.579659619554E0,7.234461768436E0,-8.335876300515E0));
#468=CARTESIAN_POINT('',(-6.602270890933E0,5.981152091370E0,-9.276212078480E0));
#469=CARTESIAN_POINT('',(-6.625045008216E0,4.597256892492E0,-1.003436058226E1));
#470=CARTESIAN_POINT('',(-6.647656811640E0,3.130047752140E0,-1.058415798767E1));
#471=CARTESIAN_POINT('',(-6.670505190143E0,1.583777052964E0,-1.092406402932E1));
#472=CARTESIAN_POINT('',(-6.693531456135E0,-7.788259604696E-3,
-1.103848205919E1));
#473=CARTESIAN_POINT('',(-6.716459867743E0,-1.592291817298E0,
-1.092199581318E1));
#474=CARTESIAN_POINT('',(-6.739035193702E0,-3.120169709297E0,
-1.058666209912E1));
#475=CARTESIAN_POINT('',(-6.761707468788E0,-4.591906214574E0,
-1.003714045070E1));
#476=CARTESIAN_POINT('',(-6.784496309321E0,-5.976942834191E0,
-9.278842777921E0));
#477=CARTESIAN_POINT('',(-6.807096073297E0,-7.230100318572E0,
-8.339676837129E0));
#478=CARTESIAN_POINT('',(-6.829911399953E0,-8.347297858083E0,
-7.221259939425E0));
#479=CARTESIAN_POINT('',(-6.852506573119E0,-9.285014912310E0,
-5.967414360515E0));
#480=CARTESIAN_POINT('',(-6.875332183738E0,-1.004310088561E1,
-4.579353022186E0));
#481=CARTESIAN_POINT('',(-6.898093775452E0,-1.059270509313E1,
-3.100984874941E0));
#482=CARTESIAN_POINT('',(-6.920733155666E0,-1.092525441691E1,
-1.567956083066E0));
#483=CARTESIAN_POINT('',(-6.935858434062E0,-1.1E1,-5.225951785715E-1));
#484=CARTESIAN_POINT('',(-6.943419676771E0,-1.1E1,0.E0));
#486=CARTESIAN_POINT('',(-3.051431517617E0,1.032105677379E1,0.E0));
#487=CARTESIAN_POINT('',(-3.060388143743E0,1.032345669453E1,
-4.909742888795E-1));
#488=CARTESIAN_POINT('',(-3.078384014709E0,1.025832935232E1,-1.478219121656E0));
#489=CARTESIAN_POINT('',(-3.105753872469E0,9.943638830690E0,-2.950850701740E0));
#490=CARTESIAN_POINT('',(-3.133115195949E0,9.417734231286E0,-4.362624846737E0));
#491=CARTESIAN_POINT('',(-3.160160726819E0,8.701279764479E0,-5.669082662729E0));
#492=CARTESIAN_POINT('',(-3.186841314885E0,7.818925754620E0,-6.846043881896E0));
#493=CARTESIAN_POINT('',(-3.213830286007E0,6.765554055787E0,-7.898262152208E0));
#494=CARTESIAN_POINT('',(-3.240535977628E0,5.584821208585E0,-8.781375828651E0));
#495=CARTESIAN_POINT('',(-3.267495008178E0,4.277696061280E0,-9.495115745976E0));
#496=CARTESIAN_POINT('',(-3.294214846529E0,2.893615173434E0,-1.001137779065E1));
#497=CARTESIAN_POINT('',(-3.321181526528E0,1.436160072635E0,-1.032997301676E1));
#498=CARTESIAN_POINT('',(-3.348290362094E0,-6.093252310365E-2,
-1.043608341525E1));
#499=CARTESIAN_POINT('',(-3.375107874886E0,-1.542719025764E0,
-1.032823128644E1));
#500=CARTESIAN_POINT('',(-3.401831932972E0,-2.990236646039E0,
-1.001297640726E1));
#501=CARTESIAN_POINT('',(-3.428591840420E0,-4.381642515315E0,
-9.495373703862E0));
#502=CARTESIAN_POINT('',(-3.455495488323E0,-5.692896765735E0,
-8.780477155082E0));
#503=CARTESIAN_POINT('',(-3.482171225881E0,-6.880553376947E0,
-7.894085826116E0));
#504=CARTESIAN_POINT('',(-3.509094911253E0,-7.940715158703E0,
-6.837727151353E0));
#505=CARTESIAN_POINT('',(-3.535757614319E0,-8.832304473645E0,
-5.652305692236E0));
#506=CARTESIAN_POINT('',(-3.562645215466E0,-9.553436847688E0,
-4.340841373565E0));
#507=CARTESIAN_POINT('',(-3.589313401279E0,-1.007732690415E1,
-2.950670194691E0));
#508=CARTESIAN_POINT('',(-3.616182887719E0,-1.040198797848E1,
-1.488547315655E0));
#509=CARTESIAN_POINT('',(-3.634020730078E0,-1.047716108279E1,
-4.963406279864E-1));
#510=CARTESIAN_POINT('',(-3.642938309854E0,-1.047955054109E1,
-1.283806245256E-14));
#512=CARTESIAN_POINT('',(-4.261387839593E0,-1.064526359314E1,
-1.391018332581E-14));
#513=CARTESIAN_POINT('',(-4.254842319138E0,-1.064350972622E1,
-5.055336730973E-1));
#514=CARTESIAN_POINT('',(-4.241750232966E0,-1.056804811393E1,
-1.516224374451E0));
#515=CARTESIAN_POINT('',(-4.222053732387E0,-1.023907084192E1,
-3.004223661244E0));
#516=CARTESIAN_POINT('',(-4.202464567141E0,-9.705682825176E0,
-4.422209473279E0));
#517=CARTESIAN_POINT('',(-4.182724246156E0,-8.970580629398E0,
-5.759236913619E0));
#518=CARTESIAN_POINT('',(-4.163155451555E0,-8.061461633451E0,
-6.967288707406E0));
#519=CARTESIAN_POINT('',(-4.143328469546E0,-6.976387884027E0,
-8.047421937408E0));
#520=CARTESIAN_POINT('',(-4.123571784115E0,-5.751987735566E0,
-8.956391977637E0));
#521=CARTESIAN_POINT('',(-4.103978395034E0,-4.422769302641E0,
-9.675875077724E0));
#522=CARTESIAN_POINT('',(-4.084368060672E0,-3.004680866700E0,
-1.020055736885E1));
#523=CARTESIAN_POINT('',(-4.064653618692E0,-1.519214836570E0,
-1.051955476062E1));
#524=CARTESIAN_POINT('',(-4.044990666447E0,-8.161231419940E-3,
-1.062316582904E1));
#525=CARTESIAN_POINT('',(-4.025328035155E0,1.501551381023E0,-1.051144296014E1));
#526=CARTESIAN_POINT('',(-4.005603352740E0,2.983771164539E0,-1.018460440062E1));
#527=CARTESIAN_POINT('',(-3.985983541872E0,4.396246701718E0,-9.653414448942E0));
#528=CARTESIAN_POINT('',(-3.966301245279E0,5.722423616614E0,-8.925097635352E0));
#529=CARTESIAN_POINT('',(-3.946642213747E0,6.929884181282E0,-8.017343938919E0));
#530=CARTESIAN_POINT('',(-3.926814669691E0,8.003389434423E0,-6.937481323569E0));
#531=CARTESIAN_POINT('',(-3.907216332347E0,8.901244609101E0,-5.730321372651E0));
#532=CARTESIAN_POINT('',(-3.887439616098E0,9.624453349667E0,-4.396552583827E0));
#533=CARTESIAN_POINT('',(-3.867808404963E0,1.014583472948E1,-2.984268674391E0));
#534=CARTESIAN_POINT('',(-3.848065400223E0,1.046294990469E1,-1.504711915623E0));
#535=CARTESIAN_POINT('',(-3.834938804680E0,1.053099691862E1,
-5.014050148432E-1));
#536=CARTESIAN_POINT('',(-3.828375197426E0,1.052923820536E1,
1.999315408633E-14));
#538=CARTESIAN_POINT('',(-5.127412515738E0,-1.087731420574E1,0.E0));
#539=CARTESIAN_POINT('',(-5.120870862172E0,-1.087556137495E1,
-5.162481581127E-1));
#540=CARTESIAN_POINT('',(-5.107786634763E0,-1.079862631171E1,
-1.548363157961E0));
#541=CARTESIAN_POINT('',(-5.088101109574E0,-1.046295003613E1,
-3.068030599142E0));
#542=CARTESIAN_POINT('',(-5.068525670089E0,-9.918750973445E0,
-4.516120962796E0));
#543=CARTESIAN_POINT('',(-5.048790251113E0,-9.168234475591E0,
-5.882236533275E0));
#544=CARTESIAN_POINT('',(-5.029260405586E0,-8.241636632308E0,
-7.114646921426E0));
#545=CARTESIAN_POINT('',(-5.009530934513E0,-7.139094618522E0,
-8.213620009117E0));
#546=CARTESIAN_POINT('',(-4.989960619978E0,-5.901976814441E0,
-9.136774491726E0));
#547=CARTESIAN_POINT('',(-4.970242581443E0,-4.536923001129E0,
-9.880099370628E0));
#548=CARTESIAN_POINT('',(-4.950664168947E0,-3.090964086588E0,
-1.041775960883E1));
#549=CARTESIAN_POINT('',(-4.930884784909E0,-1.568738033883E0,
-1.074842038600E1));
#550=CARTESIAN_POINT('',(-4.910948532980E0,-3.051249193023E-3,
-1.085713913408E1));
#551=CARTESIAN_POINT('',(-4.891098709985E0,1.554241548097E0,-1.073891788298E1));
#552=CARTESIAN_POINT('',(-4.871544019947E0,3.055440767618E0,-1.040570830367E1));
#553=CARTESIAN_POINT('',(-4.851903822559E0,4.500343520503E0,-9.862218122270E0));
#554=CARTESIAN_POINT('',(-4.832158400447E0,5.859138480811E0,-9.113915212927E0));
#555=CARTESIAN_POINT('',(-4.812575245546E0,7.087364117597E0,-8.188524604210E0));
#556=CARTESIAN_POINT('',(-4.792802477336E0,8.181151681256E0,-7.087736521486E0));
#557=CARTESIAN_POINT('',(-4.773217845435E0,9.097936968855E0,-5.854797958956E0));
#558=CARTESIAN_POINT('',(-4.753434072543E0,9.837508631261E0,-4.491245907780E0));
#559=CARTESIAN_POINT('',(-4.733709893858E0,1.037187459106E1,-3.040691778121E0));
#560=CARTESIAN_POINT('',(-4.714074171067E0,1.069324745464E1,-1.536547088871E0));
#561=CARTESIAN_POINT('',(-4.700957720530E0,1.076304598776E1,
-5.119900754464E-1));
#562=CARTESIAN_POINT('',(-4.694400081369E0,1.076128887364E1,0.E0));
#564=CARTESIAN_POINT('',(-4.234444941615E0,1.063804426539E1,
-1.759416800278E-14));
#565=CARTESIAN_POINT('',(-4.243415330846E0,1.064044787394E1,
-5.068313302769E-1));
#566=CARTESIAN_POINT('',(-4.261354868634E0,1.057288078848E1,-1.521152990120E0));
#567=CARTESIAN_POINT('',(-4.288335488820E0,1.025397450744E1,-3.017390780167E0));
#568=CARTESIAN_POINT('',(-4.315162315834E0,9.728316272541E0,-4.446015412404E0));
#569=CARTESIAN_POINT('',(-4.342186366266E0,8.998337300654E0,-5.795588835563E0));
#570=CARTESIAN_POINT('',(-4.368965953775E0,8.091421453837E0,-7.017449417780E0));
#571=CARTESIAN_POINT('',(-4.396057605259E0,7.006527880346E0,-8.110831637321E0));
#572=CARTESIAN_POINT('',(-4.422916740006E0,5.785826561222E0,-9.030292160390E0));
#573=CARTESIAN_POINT('',(-4.449808025311E0,4.444586784542E0,-9.768435274196E0));
#574=CARTESIAN_POINT('',(-4.476611492068E0,3.015717817347E0,-1.030720951339E1));
#575=CARTESIAN_POINT('',(-4.503558457495E0,1.515814395905E0,-1.063929188255E1));
#576=CARTESIAN_POINT('',(-4.530417742472E0,-1.220433960436E-2,
-1.075367256917E1));
#577=CARTESIAN_POINT('',(-4.557278112395E0,-1.542065845161E0,
-1.065007394381E1));
#578=CARTESIAN_POINT('',(-4.584205961496E0,-3.046311621098E0,
-1.032838155471E1));
#579=CARTESIAN_POINT('',(-4.610991554558E0,-4.482770371313E0,
-9.798314380533E0));
#580=CARTESIAN_POINT('',(-4.637752357520E0,-5.829568377615E0,
-9.070848791940E0));
#581=CARTESIAN_POINT('',(-4.664735835441E0,-7.070599032832E0,
-8.151269573658E0));
#582=CARTESIAN_POINT('',(-4.691813115198E0,-8.170795228463E0,
-7.058119686407E0));
#583=CARTESIAN_POINT('',(-4.718536807081E0,-9.093043789559E0,
-5.835094499528E0));
#584=CARTESIAN_POINT('',(-4.745494040187E0,-9.839280375798E0,
-4.481060890591E0));
#585=CARTESIAN_POINT('',(-4.772243327448E0,-1.038133738769E1,
-3.044647685598E0));
#586=CARTESIAN_POINT('',(-4.799138163501E0,-1.071644730688E1,
-1.536881169267E0));
#587=CARTESIAN_POINT('',(-4.817014105790E0,-1.079414320246E1,
-5.124720967267E-1));
#588=CARTESIAN_POINT('',(-4.825951171573E0,-1.079653788202E1,0.E0));
#590=CARTESIAN_POINT('',(-5.585282133282E0,1.082160820483E1,-1.973016943937E0));
#591=CARTESIAN_POINT('',(-5.581140042627E0,1.087980878941E1,-1.647610467411E0));
#592=CARTESIAN_POINT('',(-5.572855146894E0,1.096684507539E1,
-9.915895219611E-1));
#593=CARTESIAN_POINT('',(-5.564568822318E0,1.099444988505E1,
-3.304821916068E-1));
#594=CARTESIAN_POINT('',(-5.560425302819E0,1.099333963235E1,0.E0));
#596=CARTESIAN_POINT('',(-5.585282133282E0,0.E0,0.E0));
#597=DIRECTION('',(-1.E0,0.E0,0.E0));
#598=DIRECTION('',(0.E0,9.837825640758E-1,-1.793651767216E-1));
#599=AXIS2_PLACEMENT_3D('',#596,#597,#598);
#601=CARTESIAN_POINT('',(-5.417456832059E0,1.095503134607E1,0.E0));
#602=CARTESIAN_POINT('',(-5.425419352449E0,1.095716489698E1,
-4.632923587692E-1));
#603=CARTESIAN_POINT('',(-5.441343172976E0,1.090258220359E1,-1.390353937530E0));
#604=CARTESIAN_POINT('',(-5.465217387116E0,1.064533547731E1,-2.759501816682E0));
#605=CARTESIAN_POINT('',(-5.489103652201E0,1.021700071780E1,-4.086790291368E0));
#606=CARTESIAN_POINT('',(-5.513169413009E0,9.618160017937E0,-5.358813936214E0));
#607=CARTESIAN_POINT('',(-5.536960423029E0,8.871147262627E0,-6.531907906569E0));
#608=CARTESIAN_POINT('',(-5.561008515027E0,7.972135360218E0,-7.613645635784E0));
#609=CARTESIAN_POINT('',(-5.577167322712E0,7.279424752439E0,-8.257536351733E0));
#610=CARTESIAN_POINT('',(-5.585282133282E0,6.911985639659E0,-8.557128871131E0));
#612=CARTESIAN_POINT('',(-2.E0,0.E0,0.E0));
#613=DIRECTION('',(-1.E0,0.E0,0.E0));
#614=DIRECTION('',(0.E0,1.E0,0.E0));
#615=AXIS2_PLACEMENT_3D('',#612,#613,#614);
#617=CARTESIAN_POINT('',(1.648167200829E1,0.E0,0.E0));
#618=DIRECTION('',(0.E0,0.E0,-1.E0));
#619=DIRECTION('',(-9.731906288081E-1,2.3E-1,0.E0));
#620=AXIS2_PLACEMENT_3D('',#617,#618,#619);
#622=CARTESIAN_POINT('',(1.648167200829E1,1.250286923385E-14,0.E0));
#623=DIRECTION('',(0.E0,0.E0,1.E0));
#624=DIRECTION('',(-9.731906288081E-1,-2.3E-1,0.E0));
#625=AXIS2_PLACEMENT_3D('',#622,#623,#624);
#627=CARTESIAN_POINT('',(-1.758E1,0.E0,0.E0));
#628=DIRECTION('',(1.E0,0.E0,0.E0));
#629=DIRECTION('',(0.E0,1.E0,0.E0));
#630=AXIS2_PLACEMENT_3D('',#627,#628,#629);
#632=DIRECTION('',(1.E0,0.E0,0.E0));
#633=VECTOR('',#632,7.500700682698E-1);
#634=CARTESIAN_POINT('',(-1.621007006827E1,1.25E1,0.E0));
#635=LINE('',#634,#633);
#636=DIRECTION('',(1.E0,0.E0,0.E0));
#637=VECTOR('',#636,7.500700682698E-1);
#638=CARTESIAN_POINT('',(-1.621007006827E1,-1.25E1,0.E0));
#639=LINE('',#638,#637);
#640=CARTESIAN_POINT('',(-1.621007006827E1,0.E0,0.E0));
#641=DIRECTION('',(1.E0,0.E0,0.E0));
#642=DIRECTION('',(0.E0,1.E0,0.E0));
#643=AXIS2_PLACEMENT_3D('',#640,#641,#642);
#645=CARTESIAN_POINT('',(-6.443419332829E0,1.1E1,1.272067144936E-14));
#646=CARTESIAN_POINT('',(-6.435688436838E0,1.1E1,5.343208846943E-1));
#647=CARTESIAN_POINT('',(-6.420226556308E0,1.092199955653E1,1.602964332516E0));
#648=CARTESIAN_POINT('',(-6.397033161459E0,1.057345986284E1,3.171991609769E0));
#649=CARTESIAN_POINT('',(-6.373840117859E0,1.000077932276E1,4.673751320110E0));
#650=CARTESIAN_POINT('',(-6.350647525687E0,9.216115470506E0,6.076408570203E0));
#651=CARTESIAN_POINT('',(-6.327454766516E0,8.236084881932E0,7.350269826635E0));
#652=CARTESIAN_POINT('',(-6.304261637020E0,7.081444281333E0,8.468335079947E0));
#653=CARTESIAN_POINT('',(-6.281068863459E0,5.776707434581E0,9.406870175393E0));
#654=CARTESIAN_POINT('',(-6.257875677826E0,4.349489559732E0,1.014600928608E1));
#655=CARTESIAN_POINT('',(-6.234682763533E0,2.830085339935E0,1.067005974091E1));
#656=CARTESIAN_POINT('',(-6.211489594402E0,1.250670810069E0,1.096792563175E1));
#657=CARTESIAN_POINT('',(-6.188296520034E0,-3.552501433268E-1,
1.103328419053E1));
#658=CARTESIAN_POINT('',(-6.165103380841E0,-1.953644771051E0,1.086475248156E1));
#659=CARTESIAN_POINT('',(-6.141910155771E0,-3.510630176788E0,1.046589911628E1));
#660=CARTESIAN_POINT('',(-6.118717044018E0,-4.993187403166E0,9.845184321143E0));
#661=CARTESIAN_POINT('',(-6.095523736269E0,-6.369906562318E0,9.015756465893E0));
#662=CARTESIAN_POINT('',(-6.072330600872E0,-7.611581344011E0,7.995211392719E0));
#663=CARTESIAN_POINT('',(-6.049137255037E0,-8.691909286570E0,6.805166573311E0));
#664=CARTESIAN_POINT('',(-6.025944106589E0,-9.587969158757E0,5.470869638549E0));
#665=CARTESIAN_POINT('',(-6.002750879091E0,-1.028077920085E1,4.020592612344E0));
#666=CARTESIAN_POINT('',(-5.979557364447E0,-1.075565262142E1,2.485063677051E0));
#667=CARTESIAN_POINT('',(-5.956363781665E0,-1.100251128186E1,
8.968476770726E-1));
#668=CARTESIAN_POINT('',(-5.933170617871E0,-1.101612235763E1,
-7.103518613112E-1));
#669=CARTESIAN_POINT('',(-5.909977843078E0,-1.079621185950E1,
-2.302466216419E0));
#670=CARTESIAN_POINT('',(-5.886784995936E0,-1.034744148046E1,
-3.845777669922E0));
#671=CARTESIAN_POINT('',(-5.863592126776E0,-9.679322276009E0,
-5.307566621388E0));
#672=CARTESIAN_POINT('',(-5.840399382126E0,-8.806023760555E0,
-6.656837710737E0));
#673=CARTESIAN_POINT('',(-5.817206574438E0,-7.746051626600E0,
-7.864999870094E0));
#674=CARTESIAN_POINT('',(-5.794013913920E0,-6.521885735284E0,
-8.906432701520E0));
#675=CARTESIAN_POINT('',(-5.770821186863E0,-5.159465516004E0,
-9.759069936653E0));
#676=CARTESIAN_POINT('',(-5.747628690252E0,-3.687689911630E0,
-1.040482894540E1));
#677=CARTESIAN_POINT('',(-5.724436031345E0,-2.137733492292E0,
-1.083003428382E1));
#678=CARTESIAN_POINT('',(-5.701243080162E0,-5.424408835582E-1,
-1.102566622118E1));
#679=CARTESIAN_POINT('',(-5.678050279215E0,1.064340209100E0,-1.098757035348E1));
#680=CARTESIAN_POINT('',(-5.654858081706E0,2.648518260205E0,-1.071656833215E1));
#681=CARTESIAN_POINT('',(-5.631666064821E0,4.176544058470E0,-1.021841339570E1));
#682=CARTESIAN_POINT('',(-5.608473958018E0,5.616046847539E0,-9.503657294413E0));
#683=CARTESIAN_POINT('',(-5.593012725718E0,6.496342069640E0,-8.892863254761E0));
#684=CARTESIAN_POINT('',(-5.585282133282E0,6.911985639659E0,-8.557128871131E0));
#686=CARTESIAN_POINT('',(-5.585282133282E0,1.082160820483E1,-1.973016943937E0));
#687=CARTESIAN_POINT('',(-5.592990572799E0,1.072604803020E1,-2.497145625692E0));
#688=CARTESIAN_POINT('',(-5.608407481860E0,1.045863752530E1,-3.531490997716E0));
#689=CARTESIAN_POINT('',(-5.631532829563E0,9.837104355145E0,-5.008585232606E0));
#690=CARTESIAN_POINT('',(-5.654658479211E0,9.008239611784E0,-6.380138186296E0));
#691=CARTESIAN_POINT('',(-5.677783893966E0,7.989530959495E0,-7.617213876829E0));
#692=CARTESIAN_POINT('',(-5.700909718956E0,6.802418236561E0,-8.693771881220E0));
#693=CARTESIAN_POINT('',(-5.724035376968E0,5.471946875175E0,-9.587093498155E0));
#694=CARTESIAN_POINT('',(-5.747161301392E0,4.026133181130E0,-1.027836675277E1));
#695=CARTESIAN_POINT('',(-5.770287135581E0,2.495469644242E0,-1.075300944076E1));
#696=CARTESIAN_POINT('',(-5.793413407520E0,9.121812220172E-1,
-1.100102447310E1));
#697=CARTESIAN_POINT('',(-5.816539863485E0,-6.903462807913E-1,
-1.101716985214E1));
#698=CARTESIAN_POINT('',(-5.839666071011E0,-2.278305944082E0,
-1.080110651623E1));
#699=CARTESIAN_POINT('',(-5.862791968263E0,-3.818226203515E0,
-1.035739963593E1));
#700=CARTESIAN_POINT('',(-5.885918086233E0,-5.277686548992E0,
-9.695391601652E0));
#701=CARTESIAN_POINT('',(-5.909044229243E0,-6.625912317516E0,
-8.829035911103E0));
#702=CARTESIAN_POINT('',(-5.932170344040E0,-7.834484909240E0,
-7.776595503408E0));
#703=CARTESIAN_POINT('',(-5.955296512353E0,-8.877935479812E0,
-6.560248001897E0));
#704=CARTESIAN_POINT('',(-5.978422673320E0,-9.734268571299E0,
-5.205632756001E0));
#705=CARTESIAN_POINT('',(-6.001548939417E0,-1.038543808627E1,
-3.741293167673E0));
#706=CARTESIAN_POINT('',(-6.024675074672E0,-1.081771250509E1,
-2.198107595274E0));
#707=CARTESIAN_POINT('',(-6.047801074122E0,-1.102198685156E1,
-6.086030501637E-1));
#708=CARTESIAN_POINT('',(-6.070927444669E0,-1.099395607418E1,
9.937544887311E-1));
#709=CARTESIAN_POINT('',(-6.094053925559E0,-1.073420176112E1,2.575174013738E0));
#710=CARTESIAN_POINT('',(-6.117180252472E0,-1.024820448934E1,4.102306152846E0));
#711=CARTESIAN_POINT('',(-6.140306729733E0,-9.546200779917E0,5.542983007514E0));
#712=CARTESIAN_POINT('',(-6.163433002268E0,-8.642997948162E0,6.866817769454E0));
#713=CARTESIAN_POINT('',(-6.186559288032E0,-7.557627560161E0,8.045922229694E0));
#714=CARTESIAN_POINT('',(-6.209685583135E0,-6.312965735588E0,9.055444859164E0));
#715=CARTESIAN_POINT('',(-6.232812183887E0,-4.935226531399E0,9.874115222536E0));
#716=CARTESIAN_POINT('',(-6.255938385063E0,-3.453491360936E0,1.048465508953E1));
#717=CARTESIAN_POINT('',(-6.279064686937E0,-1.898961472077E0,1.087421488928E1));
#718=CARTESIAN_POINT('',(-6.302190903938E0,-3.044130344195E-1,
1.103457839572E1));
#719=CARTESIAN_POINT('',(-6.325317016102E0,1.296544293114E0,1.096237090390E1));
#720=CARTESIAN_POINT('',(-6.348443331520E0,2.870188086530E0,1.065910877487E1));
#721=CARTESIAN_POINT('',(-6.371569077145E0,4.383301069247E0,1.013120173464E1));
#722=CARTESIAN_POINT('',(-6.394695483052E0,5.804072076541E0,9.389748593959E0));
#723=CARTESIAN_POINT('',(-6.417822291687E0,7.102531304837E0,8.450366945959E0));
#724=CARTESIAN_POINT('',(-6.440949045902E0,8.251279115158E0,7.332870087798E0));
#725=CARTESIAN_POINT('',(-6.464074776964E0,9.226070998751E0,6.060873796469E0));
#726=CARTESIAN_POINT('',(-6.487201309034E0,1.000644182969E1,4.661090638904E0));
#727=CARTESIAN_POINT('',(-6.510328203210E0,1.057590830255E1,3.163038340961E0));
#728=CARTESIAN_POINT('',(-6.533454880771E0,1.092245139699E1,1.598329184350E0));
#729=CARTESIAN_POINT('',(-6.548872093503E0,1.1E1,5.327728925478E-1));
#730=CARTESIAN_POINT('',(-6.556580592446E0,1.1E1,0.E0));
#732=DIRECTION('',(1.E0,0.E0,1.962196300013E-13));
#733=VECTOR('',#732,1.131612596169E-1);
#734=CARTESIAN_POINT('',(-6.556580592446E0,1.1E1,0.E0));
#735=LINE('',#734,#733);
#736=CARTESIAN_POINT('',(-7.556580583204E0,1.1E1,-2.162222744571E-14));
#737=CARTESIAN_POINT('',(-7.549020586911E0,1.1E1,5.225098785948E-1));
#738=CARTESIAN_POINT('',(-7.533900258566E0,1.092560895755E1,1.567593946942E0));
#739=CARTESIAN_POINT('',(-7.511154955005E0,1.059071425094E1,3.107606222529E0));
#740=CARTESIAN_POINT('',(-7.488536251769E0,1.004390653111E1,4.576441975643E0));
#741=CARTESIAN_POINT('',(-7.465748889064E0,9.288190224364E0,5.962771594193E0));
#742=CARTESIAN_POINT('',(-7.443152737268E0,8.350534431651E0,7.216662836339E0));
#743=CARTESIAN_POINT('',(-7.420533390690E0,7.244656416901E0,8.327237452339E0));
#744=CARTESIAN_POINT('',(-7.397611768575E0,5.974942987018E0,9.281562097442E0));
#745=CARTESIAN_POINT('',(-7.374645071940E0,4.577791519379E0,1.004356819262E1));
#746=CARTESIAN_POINT('',(-7.352005763928E0,3.107558569380E0,1.059070519527E1));
#747=CARTESIAN_POINT('',(-7.329265041405E0,1.567860943282E0,1.092556529755E1));
#748=CARTESIAN_POINT('',(-7.306584405198E0,2.559657007832E-4,1.103719137946E1));
#749=CARTESIAN_POINT('',(-7.283906140867E0,-1.567197379056E0,1.092566916306E1));
#750=CARTESIAN_POINT('',(-7.261158666837E0,-3.107358849423E0,1.059077287825E1));
#751=CARTESIAN_POINT('',(-7.238542969128E0,-4.576057782181E0,1.004413097908E1));
#752=CARTESIAN_POINT('',(-7.215751285338E0,-5.962525194037E0,9.288159398349E0));
#753=CARTESIAN_POINT('',(-7.193166466820E0,-7.216322090964E0,8.351530889925E0));
#754=CARTESIAN_POINT('',(-7.170359027277E0,-8.334996657594E0,7.235385720021E0));
#755=CARTESIAN_POINT('',(-7.147782035063E0,-9.274165808138E0,5.984215980699E0));
#756=CARTESIAN_POINT('',(-7.124900386308E0,-1.003688728408E1,4.594218932940E0));
#757=CARTESIAN_POINT('',(-7.101923711865E0,-1.059296859410E1,3.102297731813E0));
#758=CARTESIAN_POINT('',(-7.079191762787E0,-1.092604158182E1,1.562760942138E0));
#759=CARTESIAN_POINT('',(-7.064101544161E0,-1.1E1,5.197988159256E-1));
#760=CARTESIAN_POINT('',(-7.056580766391E0,-1.1E1,-1.641644691494E-14));
#762=DIRECTION('',(1.E0,0.E0,1.098836817169E-13));
#763=VECTOR('',#762,1.131605501519E-1);
#764=CARTESIAN_POINT('',(-7.556580583204E0,1.1E1,-2.162222744571E-14));
#765=LINE('',#764,#763);
#766=CARTESIAN_POINT('',(-6.943419676771E0,-1.1E1,0.E0));
#767=CARTESIAN_POINT('',(-6.950966836826E0,-1.1E1,5.216218562283E-1));
#768=CARTESIAN_POINT('',(-6.966061504069E0,-1.092586373506E1,1.564931441021E0));
#769=CARTESIAN_POINT('',(-6.988768661835E0,-1.059208774851E1,3.102463082019E0));
#770=CARTESIAN_POINT('',(-7.011348629905E0,-1.004711493866E1,4.569108916142E0));
#771=CARTESIAN_POINT('',(-7.034096582108E0,-9.293850854138E0,5.953621481350E0));
#772=CARTESIAN_POINT('',(-7.056660275528E0,-8.359095345769E0,7.206912578201E0));
#773=CARTESIAN_POINT('',(-7.079290260329E0,-7.253592615560E0,8.318812348304E0));
#774=CARTESIAN_POINT('',(-7.101936475982E0,-6.000845729949E0,9.263884088628E0));
#775=CARTESIAN_POINT('',(-7.124792779372E0,-4.613224158458E0,1.002717450662E1));
#776=CARTESIAN_POINT('',(-7.147385116097E0,-3.148057079969E0,1.057857022966E1));
#777=CARTESIAN_POINT('',(-7.170082712916E0,-1.612644715698E0,1.091895255630E1));
#778=CARTESIAN_POINT('',(-7.192736441646E0,-4.740337246159E-2,
1.103692007995E1));
#779=CARTESIAN_POINT('',(-7.215358600134E0,1.516667884005E0,1.093274922832E1));
#780=CARTESIAN_POINT('',(-7.238101750334E0,3.058002701753E0,1.060488433603E1));
#781=CARTESIAN_POINT('',(-7.260577957074E0,4.520275122706E0,1.006888754591E1));
#782=CARTESIAN_POINT('',(-7.283403393876E0,5.913557229006E0,9.320508696465E0));
#783=CARTESIAN_POINT('',(-7.306407585837E0,7.194705790963E0,8.371774982903E0));
#784=CARTESIAN_POINT('',(-7.329385934987E0,8.323403669821E0,7.248782786734E0));
#785=CARTESIAN_POINT('',(-7.351922315873E0,9.262938107692E0,6.001426440262E0));
#786=CARTESIAN_POINT('',(-7.374825905614E0,1.002903739249E1,4.611586556440E0));
#787=CARTESIAN_POINT('',(-7.397874869061E0,1.058959886722E1,3.115910579953E0));
#788=CARTESIAN_POINT('',(-7.420835342743E0,1.092678256309E1,1.561029471045E0));
#789=CARTESIAN_POINT('',(-7.435919804833E0,1.1E1,5.183782558018E-1));
#790=CARTESIAN_POINT('',(-7.443420033052E0,1.1E1,0.E0));
#792=DIRECTION('',(1.E0,0.E0,2.328476440642E-13));
#793=VECTOR('',#792,1.131610896201E-1);
#794=CARTESIAN_POINT('',(-7.056580766391E0,-1.1E1,-1.641644691494E-14));
#795=LINE('',#794,#793);
#796=CARTESIAN_POINT('',(-7.943420198037E0,-1.1E1,0.E0));
#797=CARTESIAN_POINT('',(-7.950940975419E0,-1.1E1,5.197988159278E-1));
#798=CARTESIAN_POINT('',(-7.966031193241E0,-1.092604158182E1,1.562760942145E0));
#799=CARTESIAN_POINT('',(-7.988763141030E0,-1.059296859409E1,3.102297731825E0));
#800=CARTESIAN_POINT('',(-8.011739814087E0,-1.003688728407E1,4.594218932956E0));
#801=CARTESIAN_POINT('',(-8.034621461379E0,-9.274165808126E0,5.984215980719E0));
#802=CARTESIAN_POINT('',(-8.057198452068E0,-8.334996657577E0,7.235385720042E0));
#803=CARTESIAN_POINT('',(-8.080005889985E0,-7.216322090941E0,8.351530889945E0));
#804=CARTESIAN_POINT('',(-8.102590706810E0,-5.962525194010E0,9.288159398367E0));
#805=CARTESIAN_POINT('',(-8.125382388804E0,-4.576057782149E0,1.004413097910E1));
#806=CARTESIAN_POINT('',(-8.147998084644E0,-3.107358849387E0,1.059077287826E1));
#807=CARTESIAN_POINT('',(-8.170745556705E0,-1.567197379018E0,1.092566916307E1));
#808=CARTESIAN_POINT('',(-8.193423818984E0,2.559657395489E-4,1.103719137946E1));
#809=CARTESIAN_POINT('',(-8.216104453048E0,1.567860943321E0,1.092556529754E1));
#810=CARTESIAN_POINT('',(-8.238845173330E0,3.107558569417E0,1.059070519526E1));
#811=CARTESIAN_POINT('',(-8.261484479019E0,4.577791519412E0,1.004356819261E1));
#812=CARTESIAN_POINT('',(-8.284451173201E0,5.974942987048E0,9.281562097423E0));
#813=CARTESIAN_POINT('',(-8.307372792770E0,7.244656416926E0,8.327237452317E0));
#814=CARTESIAN_POINT('',(-8.329992136738E0,8.350534431670E0,7.216662836317E0));
#815=CARTESIAN_POINT('',(-8.352588285831E0,9.288190224376E0,5.962771594172E0));
#816=CARTESIAN_POINT('',(-8.375375645711E0,1.004390653112E1,4.576441975625E0));
#817=CARTESIAN_POINT('',(-8.397994346043E0,1.059071425094E1,3.107606222516E0));
#818=CARTESIAN_POINT('',(-8.420739646582E0,1.092560895755E1,1.567593946935E0));
#819=CARTESIAN_POINT('',(-8.435859972849E0,1.1E1,5.225098785923E-1));
#820=CARTESIAN_POINT('',(-8.443419968087E0,1.1E1,0.E0));
#822=DIRECTION('',(1.E0,0.E0,1.517451166268E-13));
#823=VECTOR('',#822,1.131598158098E-1);
#824=CARTESIAN_POINT('',(-8.056580013847E0,-1.1E1,0.E0));
#825=LINE('',#824,#823);
#826=CARTESIAN_POINT('',(-8.556579833697E0,1.1E1,0.E0));
#827=CARTESIAN_POINT('',(-8.549018642771E0,1.1E1,5.225919700219E-1));
#828=CARTESIAN_POINT('',(-8.533884839314E0,1.092579472990E1,1.568652168185E0));
#829=CARTESIAN_POINT('',(-8.511002201452E0,1.058804911227E1,3.117805407879E0));
#830=CARTESIAN_POINT('',(-8.488380634582E0,1.003924042422E1,4.586134417508E0));
#831=CARTESIAN_POINT('',(-8.465683577295E0,9.285538306970E0,5.966349432237E0));
#832=CARTESIAN_POINT('',(-8.443080577518E0,8.347730539089E0,7.220815218965E0));
#833=CARTESIAN_POINT('',(-8.420280621381E0,7.231319080175E0,8.338507745796E0));
#834=CARTESIAN_POINT('',(-8.397692881678E0,5.979066735157E0,9.277517129366E0));
#835=CARTESIAN_POINT('',(-8.374906488310E0,4.594286034673E0,1.003582318352E1));
#836=CARTESIAN_POINT('',(-8.352279023566E0,3.125784986160E0,1.058535568268E1));
#837=CARTESIAN_POINT('',(-8.329574159574E0,1.589104545581E0,1.092215042522E1));
#838=CARTESIAN_POINT('',(-8.306979512215E0,2.770744515123E-2,1.103730963922E1));
#839=CARTESIAN_POINT('',(-8.284145905326E0,-1.550721275403E0,1.092844234697E1));
#840=CARTESIAN_POINT('',(-8.261375069186E0,-3.092898714368E0,1.059494426723E1));
#841=CARTESIAN_POINT('',(-8.238764602576E0,-4.562004044185E0,1.005052037265E1));
#842=CARTESIAN_POINT('',(-8.215971876313E0,-5.949614216710E0,9.296459920869E0));
#843=CARTESIAN_POINT('',(-8.193386379542E0,-7.204676741579E0,8.361490475630E0));
#844=CARTESIAN_POINT('',(-8.170587240901E0,-8.324723027031E0,7.247472562478E0));
#845=CARTESIAN_POINT('',(-8.147978708001E0,-9.266380896573E0,5.995500387787E0));
#846=CARTESIAN_POINT('',(-8.125344847195E0,-1.002339127969E1,4.622007521885E0));
#847=CARTESIAN_POINT('',(-8.102356209074E0,-1.058518240658E1,3.131349181824E0));
#848=CARTESIAN_POINT('',(-8.079323351018E0,-1.092556978207E1,1.571972145604E0));
#849=CARTESIAN_POINT('',(-8.064143298844E0,-1.1E1,5.227371738343E-1));
#850=CARTESIAN_POINT('',(-8.056580013847E0,-1.1E1,0.E0));
#852=DIRECTION('',(1.E0,0.E0,5.625032020181E-14));
#853=VECTOR('',#852,1.131598656093E-1);
#854=CARTESIAN_POINT('',(-8.556579833697E0,1.1E1,0.E0));
#855=LINE('',#854,#853);
#856=CARTESIAN_POINT('',(-1.115158032638E1,-9.097886317020E0,6.182917156374E0));
#857=CARTESIAN_POINT('',(-1.114525496994E1,-9.343616727266E0,5.821335837959E0));
#858=CARTESIAN_POINT('',(-1.113260213149E1,-9.792180162960E0,5.068799995331E0));
#859=CARTESIAN_POINT('',(-1.111353603763E1,-1.032755742903E1,3.862157971096E0));
#860=CARTESIAN_POINT('',(-1.109462448610E1,-1.071258349956E1,2.610615889171E0));
#861=CARTESIAN_POINT('',(-1.107555743882E1,-1.094802069168E1,1.311632661849E0));
#862=CARTESIAN_POINT('',(-1.106290529086E1,-1.1E1,4.371422843175E-1));
#863=CARTESIAN_POINT('',(-1.105658044772E1,-1.1E1,0.E0));
#865=CARTESIAN_POINT('',(-1.155657991927E1,1.1E1,0.E0));
#866=CARTESIAN_POINT('',(-1.154908895560E1,1.1E1,5.177385329097E-1));
#867=CARTESIAN_POINT('',(-1.153410593907E1,1.092703821454E1,1.553348164746E0));
#868=CARTESIAN_POINT('',(-1.151153828730E1,1.059754018748E1,3.081850061761E0));
#869=CARTESIAN_POINT('',(-1.148914708697E1,1.006076675510E1,4.537543073865E0));
#870=CARTESIAN_POINT('',(-1.146657080172E1,9.318198312243E0,5.914213448024E0));
#871=CARTESIAN_POINT('',(-1.144419172212E1,8.397346712530E0,7.161876078818E0));
#872=CARTESIAN_POINT('',(-1.142159601573E1,7.299569481272E0,8.278002387400E0));
#873=CARTESIAN_POINT('',(-1.139920741966E1,6.066671311972E0,9.219587804048E0));
#874=CARTESIAN_POINT('',(-1.137664400351E1,4.703297806104E0,9.984552798932E0));
#875=CARTESIAN_POINT('',(-1.135418581661E1,3.252143095590E0,1.054639062811E1));
#876=CARTESIAN_POINT('',(-1.133177009096E1,1.739502616048E0,1.089845131274E1));
#877=CARTESIAN_POINT('',(-1.130930372021E1,1.888751104303E-1,1.103541461071E1));
#878=CARTESIAN_POINT('',(-1.128658325198E1,-1.383168352538E0,1.095052460710E1));
#879=CARTESIAN_POINT('',(-1.126394806582E1,-2.921070341979E0,1.064295692205E1));
#880=CARTESIAN_POINT('',(-1.124156751116E1,-4.384036361153E0,1.012861496790E1));
#881=CARTESIAN_POINT('',(-1.121896996093E1,-5.773138117471E0,9.406339150523E0));
#882=CARTESIAN_POINT('',(-1.119659105432E1,-7.034417728338E0,8.504276058763E0));
#883=CARTESIAN_POINT('',(-1.117401104402E1,-8.166435030379E0,7.424423159777E0));
#884=CARTESIAN_POINT('',(-1.115905398287E1,-8.807546181163E0,6.610139692676E0));
#885=CARTESIAN_POINT('',(-1.115158032638E1,-9.097886317020E0,6.182917156374E0));
#887=DIRECTION('',(1.E0,0.E0,-3.008741505722E-14));
#888=VECTOR('',#887,1.131597359131E-1);
#889=CARTESIAN_POINT('',(-1.155657991927E1,1.1E1,0.E0));
#890=LINE('',#889,#888);
#891=CARTESIAN_POINT('',(-1.094342010493E1,-1.1E1,0.E0));
#892=CARTESIAN_POINT('',(-1.095095479988E1,-1.1E1,5.207604853027E-1));
#893=CARTESIAN_POINT('',(-1.096603922846E1,-1.092563424818E1,1.563276156808E0));
#894=CARTESIAN_POINT('',(-1.098860458069E1,-1.059546329466E1,3.091580275884E0));
#895=CARTESIAN_POINT('',(-1.101142786216E1,-1.004551704694E1,4.574370534420E0));
#896=CARTESIAN_POINT('',(-1.103422776700E1,-9.288804178212E0,5.961171960294E0));
#897=CARTESIAN_POINT('',(-1.105677011375E1,-8.354349393471E0,7.212847773730E0));
#898=CARTESIAN_POINT('',(-1.107953531019E1,-7.240899052130E0,8.330073874539E0));
#899=CARTESIAN_POINT('',(-1.110208389513E1,-5.991983917512E0,9.268965167574E0));
#900=CARTESIAN_POINT('',(-1.112482568990E1,-4.611141259983E0,1.002807415594E1));
#901=CARTESIAN_POINT('',(-1.114742966414E1,-3.145067091607E0,1.057917896859E1));
#902=CARTESIAN_POINT('',(-1.117002941819E1,-1.616370691584E0,1.091868600060E1));
#903=CARTESIAN_POINT('',(-1.119302984450E1,-2.709548114634E-2,
1.103861712603E1));
#904=CARTESIAN_POINT('',(-1.121607020374E1,1.565641269268E0,1.092665370395E1));
#905=CARTESIAN_POINT('',(-1.123889270333E1,3.110690282018E0,1.058966911064E1));
#906=CARTESIAN_POINT('',(-1.126147467026E1,4.577142808723E0,1.004379040157E1));
#907=CARTESIAN_POINT('',(-1.128448049316E1,5.976738937834E0,9.280645041755E0));
#908=CARTESIAN_POINT('',(-1.130748446098E1,7.250820714413E0,8.322507095747E0));
#909=CARTESIAN_POINT('',(-1.133024004597E1,8.361789622372E0,7.203691292641E0));
#910=CARTESIAN_POINT('',(-1.135273686147E1,9.293503360944E0,5.953929515132E0));
#911=CARTESIAN_POINT('',(-1.137550021232E1,1.004742364289E1,4.568578909887E0));
#912=CARTESIAN_POINT('',(-1.139807368375E1,1.059210533798E1,3.102286068817E0));
#913=CARTESIAN_POINT('',(-1.142078052869E1,1.092588929818E1,1.564787344899E0));
#914=CARTESIAN_POINT('',(-1.143587366537E1,1.1E1,5.215779975588E-1));
#915=CARTESIAN_POINT('',(-1.144342018336E1,1.1E1,0.E0));
#917=DIRECTION('',(1.E0,0.E0,0.E0));
#918=VECTOR('',#917,1.131603427813E-1);
#919=CARTESIAN_POINT('',(-1.105658044772E1,-1.1E1,0.E0));
#920=LINE('',#919,#918);
#921=CARTESIAN_POINT('',(-9.556580349792E0,1.1E1,0.E0));
#922=CARTESIAN_POINT('',(-9.549014747306E0,1.1E1,5.228965306900E-1));
#923=CARTESIAN_POINT('',(-9.533883250861E0,1.092550155857E1,1.568753404858E0));
#924=CARTESIAN_POINT('',(-9.511121311140E0,1.059010459448E1,3.109831312473E0));
#925=CARTESIAN_POINT('',(-9.488486138330E0,1.004256324835E1,4.579638190136E0));
#926=CARTESIAN_POINT('',(-9.465680160491E0,9.285546235504E0,5.966678146852E0));
#927=CARTESIAN_POINT('',(-9.443071908122E0,8.347381751986E0,7.221317271615E0));
#928=CARTESIAN_POINT('',(-9.420115409909E0,7.223393259536E0,8.346930537418E0));
#929=CARTESIAN_POINT('',(-9.397155362742E0,5.947941531078E0,9.298066631419E0));
#930=CARTESIAN_POINT('',(-9.374480698584E0,4.567163673535E0,1.004765647117E1));
#931=CARTESIAN_POINT('',(-9.351879736081E0,3.099263856674E0,1.059328305050E1));
#932=CARTESIAN_POINT('',(-9.329105649969E0,1.556958357731E0,1.092718671335E1));
#933=CARTESIAN_POINT('',(-9.306414955585E0,-1.145612617119E-2,
1.103722957885E1));
#934=CARTESIAN_POINT('',(-9.283715982992E0,-1.580219139725E0,1.092385881384E1));
#935=CARTESIAN_POINT('',(-9.260954707095E0,-3.120897862227E0,1.058683020530E1));
#936=CARTESIAN_POINT('',(-9.238319555895E0,-4.590160509961E0,1.003781942710E1));
#937=CARTESIAN_POINT('',(-9.215485403335E0,-5.978060968161E0,9.278309174010E0));
#938=CARTESIAN_POINT('',(-9.192885298121E0,-7.231019586530E0,8.338784491533E0));
#939=CARTESIAN_POINT('',(-9.170085250535E0,-8.347418405294E0,7.221098861813E0));
#940=CARTESIAN_POINT('',(-9.147480578241E0,-9.285553416932E0,5.966709478077E0));
#941=CARTESIAN_POINT('',(-9.124674249453E0,-1.004255733481E1,4.579638691178E0));
#942=CARTESIAN_POINT('',(-9.102039034783E0,-1.059010587749E1,3.109831270737E0));
#943=CARTESIAN_POINT('',(-9.079277232027E0,-1.092549974129E1,1.568761924917E0));
#944=CARTESIAN_POINT('',(-9.064145664531E0,-1.1E1,5.229002419423E-1));
#945=CARTESIAN_POINT('',(-9.056580009394E0,-1.1E1,0.E0));
#947=DIRECTION('',(1.E0,0.E0,4.905495795022E-14));
#948=VECTOR('',#947,1.131611432377E-1);
#949=CARTESIAN_POINT('',(-9.556580349792E0,1.1E1,0.E0));
#950=LINE('',#949,#948);
#951=CARTESIAN_POINT('',(-8.943419364842E0,-1.1E1,0.E0));
#952=CARTESIAN_POINT('',(-8.950982650041E0,-1.1E1,5.227371738333E-1));
#953=CARTESIAN_POINT('',(-8.966162702633E0,-1.092556978207E1,1.571972145602E0));
#954=CARTESIAN_POINT('',(-8.989195561368E0,-1.058518240658E1,3.131349181818E0));
#955=CARTESIAN_POINT('',(-9.012184200210E0,-1.002339127970E1,4.622007521878E0));
#956=CARTESIAN_POINT('',(-9.034818061765E0,-9.266380896578E0,5.995500387780E0));
#957=CARTESIAN_POINT('',(-9.057426595453E0,-8.324723027038E0,7.247472562470E0));
#958=CARTESIAN_POINT('',(-9.080225734926E0,-7.204676741588E0,8.361490475622E0));
#959=CARTESIAN_POINT('',(-9.102811232558E0,-5.949614216720E0,9.296459920862E0));
#960=CARTESIAN_POINT('',(-9.125603959726E0,-4.562004044197E0,1.005052037264E1));
#961=CARTESIAN_POINT('',(-9.148214427268E0,-3.092898714381E0,1.059494426723E1));
#962=CARTESIAN_POINT('',(-9.170985264379E0,-1.550721275417E0,1.092844234697E1));
#963=CARTESIAN_POINT('',(-9.193818872276E0,2.770744513737E-2,1.103730963922E1));
#964=CARTESIAN_POINT('',(-9.216413520662E0,1.589104545568E0,1.092215042522E1));
#965=CARTESIAN_POINT('',(-9.239118385717E0,3.125784986148E0,1.058535568269E1));
#966=CARTESIAN_POINT('',(-9.261745851547E0,4.594286034662E0,1.003582318353E1));
#967=CARTESIAN_POINT('',(-9.284532246038E0,5.979066735147E0,9.277517129372E0));
#968=CARTESIAN_POINT('',(-9.307119986879E0,7.231319080167E0,8.338507745802E0));
#969=CARTESIAN_POINT('',(-9.329919944190E0,8.347730539084E0,7.220815218972E0));
#970=CARTESIAN_POINT('',(-9.352522945156E0,9.285538306966E0,5.966349432243E0));
#971=CARTESIAN_POINT('',(-9.375220003658E0,1.003924042422E1,4.586134417513E0));
#972=CARTESIAN_POINT('',(-9.397841571761E0,1.058804911227E1,3.117805407883E0));
#973=CARTESIAN_POINT('',(-9.420724210891E0,1.092579472990E1,1.568652168187E0));
#974=CARTESIAN_POINT('',(-9.435858015201E0,1.1E1,5.225919700226E-1));
#975=CARTESIAN_POINT('',(-9.443419206554E0,1.1E1,0.E0));
#977=DIRECTION('',(1.E0,-1.569765572153E-14,-7.979641658447E-14));
#978=VECTOR('',#977,1.131606445517E-1);
#979=CARTESIAN_POINT('',(-9.056580009394E0,-1.1E1,0.E0));
#980=LINE('',#979,#978);
#981=CARTESIAN_POINT('',(-1.055658076010E1,1.1E1,0.E0));
#982=CARTESIAN_POINT('',(-1.054903424157E1,1.1E1,5.215779975609E-1));
#983=CARTESIAN_POINT('',(-1.053394110381E1,1.092588929818E1,1.564787344905E0));
#984=CARTESIAN_POINT('',(-1.051123425734E1,1.059210533797E1,3.102286068828E0));
#985=CARTESIAN_POINT('',(-1.048866078447E1,1.004742364289E1,4.568578909901E0));
#986=CARTESIAN_POINT('',(-1.046589743226E1,9.293503360934E0,5.953929515148E0));
#987=CARTESIAN_POINT('',(-1.044340061548E1,8.361789622357E0,7.203691292658E0));
#988=CARTESIAN_POINT('',(-1.042064502928E1,7.250820714393E0,8.322507095764E0));
#989=CARTESIAN_POINT('',(-1.039764106032E1,5.976738937810E0,9.280645041770E0));
#990=CARTESIAN_POINT('',(-1.037463523635E1,4.577142808697E0,1.004379040158E1));
#991=CARTESIAN_POINT('',(-1.035205326846E1,3.110690281989E0,1.058966911065E1));
#992=CARTESIAN_POINT('',(-1.032923076796E1,1.565641269237E0,1.092665370395E1));
#993=CARTESIAN_POINT('',(-1.030619040788E1,-2.709548117761E-2,
1.103861712603E1));
#994=CARTESIAN_POINT('',(-1.028318998081E1,-1.616370691614E0,1.091868600059E1));
#995=CARTESIAN_POINT('',(-1.026059022609E1,-3.145067091634E0,1.057917896858E1));
#996=CARTESIAN_POINT('',(-1.023798625124E1,-4.611141260008E0,1.002807415593E1));
#997=CARTESIAN_POINT('',(-1.021524445592E1,-5.991983917533E0,9.268965167560E0));
#998=CARTESIAN_POINT('',(-1.019269587050E1,-7.240899052148E0,8.330073874523E0));
#999=CARTESIAN_POINT('',(-1.016993067365E1,-8.354349393485E0,7.212847773714E0));
#1000=CARTESIAN_POINT('',(-1.014738832656E1,-9.288804178221E0,
5.961171960279E0));
#1001=CARTESIAN_POINT('',(-1.012458842143E1,-1.004551704694E1,
4.574370534407E0));
#1002=CARTESIAN_POINT('',(-1.010176513974E1,-1.059546329466E1,
3.091580275875E0));
#1003=CARTESIAN_POINT('',(-1.007919978735E1,-1.092563424818E1,
1.563276156803E0));
#1004=CARTESIAN_POINT('',(-1.006411535872E1,-1.1E1,5.207604853009E-1));
#1005=CARTESIAN_POINT('',(-1.005658066374E1,-1.1E1,0.E0));
#1007=DIRECTION('',(1.E0,0.E0,5.036316287291E-14));
#1008=VECTOR('',#1007,1.131609798639E-1);
#1009=CARTESIAN_POINT('',(-1.055658076010E1,1.1E1,0.E0));
#1010=LINE('',#1009,#1008);
#1011=CARTESIAN_POINT('',(-9.943419412897E0,-1.1E1,0.E0));
#1012=CARTESIAN_POINT('',(-9.950985068501E0,-1.1E1,5.229002419428E-1));
#1013=CARTESIAN_POINT('',(-9.966116636929E0,-1.092549974129E1,
1.568761924918E0));
#1014=CARTESIAN_POINT('',(-9.988878441078E0,-1.059010587749E1,
3.109831270740E0));
#1015=CARTESIAN_POINT('',(-1.001151365712E1,-1.004255733481E1,
4.579638691181E0));
#1016=CARTESIAN_POINT('',(-1.003431998729E1,-9.285553416930E0,
5.966709478081E0));
#1017=CARTESIAN_POINT('',(-1.005692466093E1,-8.347418405290E0,
7.221098861817E0));
#1018=CARTESIAN_POINT('',(-1.007972470986E1,-7.231019586525E0,
8.338784491537E0));
#1019=CARTESIAN_POINT('',(-1.010232481640E1,-5.978060968155E0,
9.278309174014E0));
#1020=CARTESIAN_POINT('',(-1.012515897028E1,-4.590160509954E0,
1.003781942711E1));
#1021=CARTESIAN_POINT('',(-1.014779412277E1,-3.120897862219E0,
1.058683020531E1));
#1022=CARTESIAN_POINT('',(-1.017055539995E1,-1.580219139716E0,
1.092385881385E1));
#1023=CARTESIAN_POINT('',(-1.019325437380E1,-1.145612616219E-2,
1.103722957885E1));
#1024=CARTESIAN_POINT('',(-1.021594506942E1,1.556958357740E0,1.092718671334E1));
#1025=CARTESIAN_POINT('',(-1.023871915675E1,3.099263856683E0,1.059328305050E1));
#1026=CARTESIAN_POINT('',(-1.026132012044E1,4.567163673543E0,1.004765647117E1));
#1027=CARTESIAN_POINT('',(-1.028399478576E1,5.947941531086E0,9.298066631414E0));
#1028=CARTESIAN_POINT('',(-1.030695483409E1,7.223393259542E0,8.346930537413E0));
#1029=CARTESIAN_POINT('',(-1.032991133343E1,8.347381751991E0,7.221317271609E0));
#1030=CARTESIAN_POINT('',(-1.035251958688E1,9.285546235507E0,5.966678146847E0));
#1031=CARTESIAN_POINT('',(-1.037532556578E1,1.004256324836E1,4.579638190131E0));
#1032=CARTESIAN_POINT('',(-1.039796073962E1,1.059010459448E1,3.109831312469E0));
#1033=CARTESIAN_POINT('',(-1.042072268034E1,1.092550155857E1,1.568753404856E0));
#1034=CARTESIAN_POINT('',(-1.043585417743E1,1.1E1,5.228965306894E-1));
#1035=CARTESIAN_POINT('',(-1.044341978024E1,1.1E1,0.E0));
#1037=DIRECTION('',(1.E0,0.E0,3.728173258993E-14));
#1038=VECTOR('',#1037,1.131612508458E-1);
#1039=CARTESIAN_POINT('',(-1.005658066374E1,-1.1E1,0.E0));
#1040=LINE('',#1039,#1038);
#1041=CARTESIAN_POINT('',(-1.194341981187E1,-1.1E1,1.733433303366E-14));
#1042=CARTESIAN_POINT('',(-1.194974465396E1,-1.1E1,4.371422843179E-1));
#1043=CARTESIAN_POINT('',(-1.196239679977E1,-1.094802069168E1,
1.311632661850E0));
#1044=CARTESIAN_POINT('',(-1.198146384373E1,-1.071258349955E1,
2.610615889173E0));
#1045=CARTESIAN_POINT('',(-1.200037539189E1,-1.032755742903E1,
3.862157971098E0));
#1046=CARTESIAN_POINT('',(-1.201944148228E1,-9.792180162959E0,
5.068799995332E0));
#1047=CARTESIAN_POINT('',(-1.203209431837E1,-9.343616727265E0,
5.821335837960E0));
#1048=CARTESIAN_POINT('',(-1.203841967362E1,-9.097886317020E0,
6.182917156374E0));
#1050=DIRECTION('',(1.E0,1.569773928513E-14,1.465122333279E-13));
#1051=VECTOR('',#1050,1.131600421650E-1);
#1052=CARTESIAN_POINT('',(-1.205657985403E1,-1.1E1,0.E0));
#1053=LINE('',#1052,#1051);
#1054=CARTESIAN_POINT('',(-1.255658009304E1,1.1E1,0.E0));
#1055=CARTESIAN_POINT('',(-1.254901158915E1,1.1E1,5.230970941983E-1));
#1056=CARTESIAN_POINT('',(-1.253387429923E1,1.092544379770E1,1.569354354718E0));
#1057=CARTESIAN_POINT('',(-1.251110381312E1,1.058979527462E1,3.110986977676E0));
#1058=CARTESIAN_POINT('',(-1.248845989031E1,1.004183994163E1,4.581289721093E0));
#1059=CARTESIAN_POINT('',(-1.246564504139E1,9.284269713587E0,5.968731685994E0));
#1060=CARTESIAN_POINT('',(-1.244303008056E1,8.345475936581E0,7.223491907943E0));
#1061=CARTESIAN_POINT('',(-1.242011958303E1,7.223390084245E0,8.346460004924E0));
#1062=CARTESIAN_POINT('',(-1.239729598894E1,5.955971761993E0,9.292484480267E0));
#1063=CARTESIAN_POINT('',(-1.237466089500E1,4.578594515172E0,1.004255517217E1));
#1064=CARTESIAN_POINT('',(-1.235201038936E1,3.108002969388E0,1.059081927711E1));
#1065=CARTESIAN_POINT('',(-1.232923995927E1,1.566188931140E0,1.092585548702E1));
#1066=CARTESIAN_POINT('',(-1.230653581607E1,-3.058386472426E-3,
1.103728804017E1));
#1067=CARTESIAN_POINT('',(-1.228383046929E1,-1.572339416005E0,
1.092498979190E1));
#1068=CARTESIAN_POINT('',(-1.226106060520E1,-3.113886927387E0,
1.058902212001E1));
#1069=CARTESIAN_POINT('',(-1.223841109577E1,-4.584253087591E0,
1.004023122718E1));
#1070=CARTESIAN_POINT('',(-1.221569582422E1,-5.965722888106E0,
9.286115708702E0));
#1071=CARTESIAN_POINT('',(-1.219300567158E1,-7.224963610721E0,
8.344583737631E0));
#1072=CARTESIAN_POINT('',(-1.217012705389E1,-8.345600316199E0,
7.223364750381E0));
#1073=CARTESIAN_POINT('',(-1.214751551729E1,-9.284239843324E0,
5.968759718087E0));
#1074=CARTESIAN_POINT('',(-1.212469998849E1,-1.004184431803E1,
4.581290316674E0));
#1075=CARTESIAN_POINT('',(-1.210205613066E1,-1.058979378862E1,
3.110986908714E0));
#1076=CARTESIAN_POINT('',(-1.207928575880E1,-1.092544277596E1,
1.569362853362E0));
#1077=CARTESIAN_POINT('',(-1.206414840828E1,-1.1E1,5.231007929316E-1));
#1078=CARTESIAN_POINT('',(-1.205657985403E1,-1.1E1,0.E0));
#1080=DIRECTION('',(1.E0,0.E0,6.279052639696E-14));
#1081=VECTOR('',#1080,1.131608184439E-1);
#1082=CARTESIAN_POINT('',(-1.255658009304E1,1.1E1,0.E0));
#1083=LINE('',#1082,#1081);
#1084=CARTESIAN_POINT('',(-1.203841967362E1,-9.097886317020E0,
6.182917156374E0));
#1085=CARTESIAN_POINT('',(-1.204589333011E1,-8.807546181164E0,
6.610139692675E0));
#1086=CARTESIAN_POINT('',(-1.206085039128E1,-8.166435030381E0,
7.424423159775E0));
#1087=CARTESIAN_POINT('',(-1.208343040167E1,-7.034417728342E0,
8.504276058760E0));
#1088=CARTESIAN_POINT('',(-1.210580930841E1,-5.773138117478E0,
9.406339150519E0));
#1089=CARTESIAN_POINT('',(-1.212840685883E1,-4.384036361162E0,
1.012861496790E1));
#1090=CARTESIAN_POINT('',(-1.215078741373E1,-2.921070341990E0,
1.064295692205E1));
#1091=CARTESIAN_POINT('',(-1.217342260019E1,-1.383168352550E0,
1.095052460710E1));
#1092=CARTESIAN_POINT('',(-1.219614306877E1,1.888751104172E-1,
1.103541461071E1));
#1093=CARTESIAN_POINT('',(-1.221860943991E1,1.739502616035E0,1.089845131274E1));
#1094=CARTESIAN_POINT('',(-1.224102516600E1,3.252143095577E0,1.054639062811E1));
#1095=CARTESIAN_POINT('',(-1.226348335339E1,4.703297806092E0,9.984552798938E0));
#1096=CARTESIAN_POINT('',(-1.228604677007E1,6.066671311961E0,9.219587804055E0));
#1097=CARTESIAN_POINT('',(-1.230843536672E1,7.299569481264E0,8.278002387408E0));
#1098=CARTESIAN_POINT('',(-1.233103107373E1,8.397346712524E0,7.161876078826E0));
#1099=CARTESIAN_POINT('',(-1.235341015399E1,9.318198312239E0,5.914213448032E0));
#1100=CARTESIAN_POINT('',(-1.237598643994E1,1.006076675509E1,4.537543073871E0));
#1101=CARTESIAN_POINT('',(-1.239837764101E1,1.059754018748E1,3.081850061765E0));
#1102=CARTESIAN_POINT('',(-1.242094529357E1,1.092703821454E1,1.553348164749E0));
#1103=CARTESIAN_POINT('',(-1.243592831064E1,1.1E1,5.177385329106E-1));
#1104=CARTESIAN_POINT('',(-1.244341927459E1,1.1E1,0.E0));
#1106=CARTESIAN_POINT('',(-1.355658071917E1,1.1E1,-1.007590798961E-14));
#1107=CARTESIAN_POINT('',(-1.354901610173E1,1.1E1,5.228286457309E-1));
#1108=CARTESIAN_POINT('',(-1.353388665987E1,1.092552446601E1,1.568545090150E0));
#1109=CARTESIAN_POINT('',(-1.351112722635E1,1.059019749789E1,3.109457325558E0));
#1110=CARTESIAN_POINT('',(-1.348849647155E1,1.004285171967E1,4.579015334373E0));
#1111=CARTESIAN_POINT('',(-1.346568802344E1,9.285812786491E0,5.966226298634E0));
#1112=CARTESIAN_POINT('',(-1.344310525703E1,8.348743720102E0,7.219517537249E0));
#1113=CARTESIAN_POINT('',(-1.342029433056E1,7.232050124083E0,8.337975651588E0));
#1114=CARTESIAN_POINT('',(-1.339768932020E1,5.978836499347E0,9.277726636138E0));
#1115=CARTESIAN_POINT('',(-1.337489505259E1,4.593498302132E0,1.003614700815E1));
#1116=CARTESIAN_POINT('',(-1.335227895214E1,3.125764522826E0,1.058540866005E1));
#1117=CARTESIAN_POINT('',(-1.332943733761E1,1.579819009165E0,1.092461168570E1));
#1118=CARTESIAN_POINT('',(-1.330642968222E1,-1.048770317668E-2,
1.103834000117E1));
#1119=CARTESIAN_POINT('',(-1.328355093652E1,-1.591544289479E0,
1.092200648293E1));
#1120=CARTESIAN_POINT('',(-1.326097585781E1,-3.119446644833E0,
1.058690887604E1));
#1121=CARTESIAN_POINT('',(-1.323829921309E1,-4.591496164721E0,
1.003733657314E1));
#1122=CARTESIAN_POINT('',(-1.321550726441E1,-5.976746202978E0,
9.278982951304E0));
#1123=CARTESIAN_POINT('',(-1.319290401926E1,-7.230109550709E0,
8.339684497924E0));
#1124=CARTESIAN_POINT('',(-1.317008546577E1,-8.347449382104E0,
7.221096216543E0));
#1125=CARTESIAN_POINT('',(-1.314748660228E1,-9.285301347308E0,
5.967019669570E0));
#1126=CARTESIAN_POINT('',(-1.312466516013E1,-1.004306506601E1,
4.579131651840E0));
#1127=CARTESIAN_POINT('',(-1.310194881843E1,-1.059186076189E1,
3.103802492924E0));
#1128=CARTESIAN_POINT('',(-1.307927256189E1,-1.092531096334E1,
1.568363509477E0));
#1129=CARTESIAN_POINT('',(-1.306414420523E1,-1.1E1,5.227692084222E-1));
#1130=CARTESIAN_POINT('',(-1.305658044513E1,-1.1E1,-1.019919797704E-14));
#1132=DIRECTION('',(1.E0,0.E0,5.232525554313E-14));
#1133=VECTOR('',#1132,1.131612144691E-1);
#1134=CARTESIAN_POINT('',(-1.355658071917E1,1.1E1,-1.007590798961E-14));
#1135=LINE('',#1134,#1133);
#1136=CARTESIAN_POINT('',(-1.294341923482E1,-1.1E1,0.E0));
#1137=CARTESIAN_POINT('',(-1.295098778953E1,-1.1E1,5.231007929316E-1));
#1138=CARTESIAN_POINT('',(-1.296612514096E1,-1.092544277596E1,
1.569362853362E0));
#1139=CARTESIAN_POINT('',(-1.298889551422E1,-1.058979378862E1,
3.110986908714E0));
#1140=CARTESIAN_POINT('',(-1.301153937345E1,-1.004184431803E1,
4.581290316674E0));
#1141=CARTESIAN_POINT('',(-1.303435490366E1,-9.284239843325E0,
5.968759718087E0));
#1142=CARTESIAN_POINT('',(-1.305696644166E1,-8.345600316199E0,
7.223364750381E0));
#1143=CARTESIAN_POINT('',(-1.307984506078E1,-7.224963610721E0,
8.344583737631E0));
#1144=CARTESIAN_POINT('',(-1.310253521485E1,-5.965722888106E0,
9.286115708702E0));
#1145=CARTESIAN_POINT('',(-1.312525048782E1,-4.584253087590E0,
1.004023122718E1));
#1146=CARTESIAN_POINT('',(-1.314789999867E1,-3.113886927387E0,
1.058902212001E1));
#1147=CARTESIAN_POINT('',(-1.317066986420E1,-1.572339416004E0,
1.092498979190E1));
#1148=CARTESIAN_POINT('',(-1.319337521239E1,-3.058386471658E-3,
1.103728804017E1));
#1149=CARTESIAN_POINT('',(-1.321607935702E1,1.566188931141E0,1.092585548702E1));
#1150=CARTESIAN_POINT('',(-1.323884978854E1,3.108002969389E0,1.059081927711E1));
#1151=CARTESIAN_POINT('',(-1.326150029559E1,4.578594515173E0,1.004255517217E1));
#1152=CARTESIAN_POINT('',(-1.328413539095E1,5.955971761994E0,9.292484480266E0));
#1153=CARTESIAN_POINT('',(-1.330695898645E1,7.223390084246E0,8.346460004923E0));
#1154=CARTESIAN_POINT('',(-1.332986948539E1,8.345475936582E0,7.223491907942E0));
#1155=CARTESIAN_POINT('',(-1.335248444760E1,9.284269713588E0,5.968731685993E0));
#1156=CARTESIAN_POINT('',(-1.337529929791E1,1.004183994163E1,4.581289721092E0));
#1157=CARTESIAN_POINT('',(-1.339794322208E1,1.058979527462E1,3.110986977675E0));
#1158=CARTESIAN_POINT('',(-1.342071370956E1,1.092544379770E1,1.569354354718E0));
#1159=CARTESIAN_POINT('',(-1.343585100037E1,1.1E1,5.230970941982E-1));
#1160=CARTESIAN_POINT('',(-1.344341950470E1,1.1E1,0.E0));
#1162=DIRECTION('',(1.E0,0.E0,6.802283470607E-14));
#1163=VECTOR('',#1162,1.131612103102E-1);
#1164=CARTESIAN_POINT('',(-1.305658044513E1,-1.1E1,-1.019919797704E-14));
#1165=LINE('',#1164,#1163);
#1166=CARTESIAN_POINT('',(-1.451658032638E1,1.065441477242E1,2.735588758812E0));
#1167=CARTESIAN_POINT('',(-1.450894252840E1,1.052313450525E1,3.246891641364E0));
#1168=CARTESIAN_POINT('',(-1.449366018070E1,1.018711266729E1,4.251214173983E0));
#1169=CARTESIAN_POINT('',(-1.447056603802E1,9.465018094260E0,5.679293570036E0));
#1170=CARTESIAN_POINT('',(-1.444775237187E1,8.556484278116E0,6.973099716482E0));
#1171=CARTESIAN_POINT('',(-1.442474130096E1,7.462704128566E0,8.133260946207E0));
#1172=CARTESIAN_POINT('',(-1.440189241054E1,6.222096747146E0,9.117069836139E0));
#1173=CARTESIAN_POINT('',(-1.437893259914E1,4.846998069020E0,9.917283622614E0));
#1174=CARTESIAN_POINT('',(-1.435599190836E1,3.371994032232E0,1.050999168771E1));
#1175=CARTESIAN_POINT('',(-1.433323185380E1,1.839751630978E0,1.088366335104E1));
#1176=CARTESIAN_POINT('',(-1.431009043668E1,2.434686048032E-1,
1.103654287082E1));
#1177=CARTESIAN_POINT('',(-1.428682883732E1,-1.366537931469E0,
1.095429913722E1));
#1178=CARTESIAN_POINT('',(-1.426370074841E1,-2.938006709498E0,
1.063979569245E1));
#1179=CARTESIAN_POINT('',(-1.424088768988E1,-4.427956588909E0,
1.011135277425E1));
#1180=CARTESIAN_POINT('',(-1.421759089172E1,-5.856018858684E0,
9.358484475982E0));
#1181=CARTESIAN_POINT('',(-1.419425859233E1,-7.160181193604E0,
8.402407448103E0));
#1182=CARTESIAN_POINT('',(-1.417107191303E1,-8.303029588134E0,
7.273098020036E0));
#1183=CARTESIAN_POINT('',(-1.414832769467E1,-9.254143119641E0,
6.016304667582E0));
#1184=CARTESIAN_POINT('',(-1.412529874941E1,-1.002522515384E1,
4.619298635580E0));
#1185=CARTESIAN_POINT('',(-1.410245490025E1,-1.058259570708E1,
3.137631387830E0));
#1186=CARTESIAN_POINT('',(-1.407948719141E1,-1.092411260835E1,
1.583227884280E0));
#1187=CARTESIAN_POINT('',(-1.406421625903E1,-1.1E1,5.277305003270E-1));
#1188=CARTESIAN_POINT('',(-1.405658072401E1,-1.1E1,0.E0));
#1190=CARTESIAN_POINT('',(-1.494342013589E1,-1.1E1,0.E0));
#1191=CARTESIAN_POINT('',(-1.495105567018E1,-1.1E1,5.277305003293E-1));
#1192=CARTESIAN_POINT('',(-1.496632660106E1,-1.092411260835E1,
1.583227884286E0));
#1193=CARTESIAN_POINT('',(-1.498929430755E1,-1.058259570708E1,
3.137631387843E0));
#1194=CARTESIAN_POINT('',(-1.501213815428E1,-1.002522515384E1,
4.619298635597E0));
#1195=CARTESIAN_POINT('',(-1.503516709699E1,-9.254143119628E0,
6.016304667602E0));
#1196=CARTESIAN_POINT('',(-1.505791131274E1,-8.303029588117E0,
7.273098020055E0));
#1197=CARTESIAN_POINT('',(-1.508109798928E1,-7.160181193580E0,
8.402407448123E0));
#1198=CARTESIAN_POINT('',(-1.510443028578E1,-5.856018858655E0,
9.358484476001E0));
#1199=CARTESIAN_POINT('',(-1.512772708095E1,-4.427956588874E0,
1.011135277427E1));
#1200=CARTESIAN_POINT('',(-1.515054013646E1,-2.938006709462E0,
1.063979569246E1));
#1201=CARTESIAN_POINT('',(-1.517366822219E1,-1.366537931430E0,
1.095429913723E1));
#1202=CARTESIAN_POINT('',(-1.519692981824E1,2.434686048433E-1,
1.103654287082E1));
#1203=CARTESIAN_POINT('',(-1.522007123196E1,1.839751631017E0,1.088366335103E1));
#1204=CARTESIAN_POINT('',(-1.524283128308E1,3.371994032266E0,1.050999168770E1));
#1205=CARTESIAN_POINT('',(-1.526577197027E1,4.846998069050E0,9.917283622599E0));
#1206=CARTESIAN_POINT('',(-1.528873177798E1,6.222096747170E0,9.117069836122E0));
#1207=CARTESIAN_POINT('',(-1.531158066460E1,7.462704128584E0,8.133260946190E0));
#1208=CARTESIAN_POINT('',(-1.533459173158E1,8.556484278129E0,6.973099716466E0));
#1209=CARTESIAN_POINT('',(-1.535740539372E1,9.465018094267E0,5.679293570024E0));
#1210=CARTESIAN_POINT('',(-1.538049953222E1,1.018711266729E1,4.251214173975E0));
#1211=CARTESIAN_POINT('',(-1.539578187708E1,1.052313450525E1,3.246891641362E0));
#1212=CARTESIAN_POINT('',(-1.540341967362E1,1.065441477242E1,2.735588758812E0));
#1214=DIRECTION('',(1.E0,0.E0,0.E0));
#1215=VECTOR('',#1214,5.165798641092E-1);
#1216=CARTESIAN_POINT('',(-1.546E1,-1.1E1,0.E0));
#1217=LINE('',#1216,#1215);
#1218=CARTESIAN_POINT('',(-1.546E1,0.E0,0.E0));
#1219=DIRECTION('',(-1.E0,0.E0,0.E0));
#1220=DIRECTION('',(0.E0,-1.E0,0.E0));
#1221=AXIS2_PLACEMENT_3D('',#1218,#1219,#1220);
#1223=DIRECTION('',(1.E0,0.E0,0.E0));
#1224=VECTOR('',#1223,1.016579841125E0);
#1225=CARTESIAN_POINT('',(-1.546E1,1.1E1,0.E0));
#1226=LINE('',#1225,#1224);
#1227=CARTESIAN_POINT('',(-1.394341988060E1,-1.1E1,0.E0));
#1228=CARTESIAN_POINT('',(-1.395098364094E1,-1.1E1,5.227692084235E-1));
#1229=CARTESIAN_POINT('',(-1.396611199807E1,-1.092531096334E1,
1.568363509481E0));
#1230=CARTESIAN_POINT('',(-1.398878825528E1,-1.059186076189E1,
3.103802492931E0));
#1231=CARTESIAN_POINT('',(-1.401150459761E1,-1.004306506600E1,
4.579131651850E0));
#1232=CARTESIAN_POINT('',(-1.403432604035E1,-9.285301347301E0,
5.967019669581E0));
#1233=CARTESIAN_POINT('',(-1.405692490437E1,-8.347449382094E0,
7.221096216555E0));
#1234=CARTESIAN_POINT('',(-1.407974345835E1,-7.230109550696E0,
8.339684497936E0));
#1235=CARTESIAN_POINT('',(-1.410234670395E1,-5.976746202962E0,
9.278982951314E0));
#1236=CARTESIAN_POINT('',(-1.412513865303E1,-4.591496164702E0,
1.003733657315E1));
#1237=CARTESIAN_POINT('',(-1.414781529809E1,-3.119446644812E0,
1.058690887604E1));
#1238=CARTESIAN_POINT('',(-1.417039037709E1,-1.591544289457E0,
1.092200648293E1));
#1239=CARTESIAN_POINT('',(-1.419326912304E1,-1.048770315322E-2,
1.103834000117E1));
#1240=CARTESIAN_POINT('',(-1.421627677862E1,1.579819009188E0,1.092461168570E1));
#1241=CARTESIAN_POINT('',(-1.423911839328E1,3.125764522847E0,1.058540866005E1));
#1242=CARTESIAN_POINT('',(-1.426173449381E1,4.593498302152E0,1.003614700814E1));
#1243=CARTESIAN_POINT('',(-1.428452876145E1,5.978836499365E0,9.277726636127E0));
#1244=CARTESIAN_POINT('',(-1.430713377177E1,7.232050124098E0,8.337975651576E0));
#1245=CARTESIAN_POINT('',(-1.432994469815E1,8.348743720113E0,7.219517537236E0));
#1246=CARTESIAN_POINT('',(-1.435252746440E1,9.285812786499E0,5.966226298622E0));
#1247=CARTESIAN_POINT('',(-1.437533591229E1,1.004285171967E1,4.579015334362E0));
#1248=CARTESIAN_POINT('',(-1.439796666681E1,1.059019749789E1,3.109457325550E0));
#1249=CARTESIAN_POINT('',(-1.442072609999E1,1.092552446601E1,1.568545090145E0));
#1250=CARTESIAN_POINT('',(-1.443585554158E1,1.1E1,5.228286457293E-1));
#1251=CARTESIAN_POINT('',(-1.444342015887E1,1.1E1,-1.007590798961E-14));
#1253=DIRECTION('',(1.E0,0.E0,-5.232542712002E-14));
#1254=VECTOR('',#1253,1.131608434096E-1);
#1255=CARTESIAN_POINT('',(-1.405658072401E1,-1.1E1,0.E0));
#1256=LINE('',#1255,#1254);
#1257=CARTESIAN_POINT('',(-4.577486806076E0,7.095851222065E0,8.048663314875E0));
#1258=CARTESIAN_POINT('',(-4.570939687563E0,6.712373912252E0,8.384405327144E0));
#1259=CARTESIAN_POINT('',(-4.557831164830E0,5.897042906523E0,9.002073251786E0));
#1260=CARTESIAN_POINT('',(-4.537993466780E0,4.542593432484E0,9.749786806626E0));
#1261=CARTESIAN_POINT('',(-4.518377025250E0,3.112046081156E0,1.029001546524E1));
#1262=CARTESIAN_POINT('',(-4.498705367347E0,1.616046187069E0,1.062316874843E1));
#1263=CARTESIAN_POINT('',(-4.479033447204E0,8.854957388017E-2,
1.073939153241E1));
#1264=CARTESIAN_POINT('',(-4.459418493235E0,-1.434917095140E0,
1.063853854646E1));
#1265=CARTESIAN_POINT('',(-4.439673098971E0,-2.937423667738E0,
1.031921013626E1));
#1266=CARTESIAN_POINT('',(-4.420166021452E0,-4.361594871546E0,
9.796975627086E0));
#1267=CARTESIAN_POINT('',(-4.400308457941E0,-5.720757528547E0,
9.065855198756E0));
#1268=CARTESIAN_POINT('',(-4.380313035981E0,-6.968019420139E0,
8.139690793693E0));
#1269=CARTESIAN_POINT('',(-4.360342842090E0,-8.065253641851E0,
7.044097440809E0));
#1270=CARTESIAN_POINT('',(-4.340768767038E0,-8.976422745986E0,
5.828603176048E0));
#1271=CARTESIAN_POINT('',(-4.320893727453E0,-9.717099651642E0,
4.476550098796E0));
#1272=CARTESIAN_POINT('',(-4.300894554213E0,-1.025705832941E1,
3.022928997646E0));
#1273=CARTESIAN_POINT('',(-4.280993199340E0,-1.057924639742E1,
1.514760690202E0));
#1274=CARTESIAN_POINT('',(-4.267899965882E0,-1.064700851212E1,
5.029545236621E-1));
#1275=CARTESIAN_POINT('',(-4.261387839593E0,-1.064526359314E1,
-1.391018332581E-14));
#1277=CARTESIAN_POINT('',(-4.694400081369E0,1.076128887364E1,0.E0));
#1278=CARTESIAN_POINT('',(-4.687908250877E0,1.075954939290E1,
5.068520395254E-1));
#1279=CARTESIAN_POINT('',(-4.674923496109E0,1.068452141644E1,1.520190323957E0));
#1280=CARTESIAN_POINT('',(-4.655387921126E0,1.035736758440E1,3.012675044307E0));
#1281=CARTESIAN_POINT('',(-4.635959387823E0,9.826759876448E0,4.435879468631E0));
#1282=CARTESIAN_POINT('',(-4.616383252286E0,9.095504325856E0,5.779364631823E0));
#1283=CARTESIAN_POINT('',(-4.596963343478E0,8.189517086023E0,6.995783181078E0));
#1284=CARTESIAN_POINT('',(-4.583977552890E0,7.476026768075E0,7.715812062275E0));
#1285=CARTESIAN_POINT('',(-4.577486806076E0,7.095851222065E0,8.048663314875E0));
#1287=DIRECTION('',(9.659258262891E-1,-2.588190451025E-1,-4.256432637730E-14));
#1288=VECTOR('',#1287,4.761806002441E-1);
#1289=CARTESIAN_POINT('',(-4.694400081369E0,1.076128887364E1,0.E0));
#1290=LINE('',#1289,#1288);
#1291=CARTESIAN_POINT('',(-3.642938309854E0,-1.047955054109E1,
-1.283806245256E-14));
#1292=CARTESIAN_POINT('',(-3.651899351510E0,-1.048195164496E1,
4.987596584525E-1));
#1293=CARTESIAN_POINT('',(-3.669820291295E0,-1.041560243645E1,
1.496939278675E0));
#1294=CARTESIAN_POINT('',(-3.696772947965E0,-1.010222221312E1,
2.969476396420E0));
#1295=CARTESIAN_POINT('',(-3.723572818798E0,-9.585466789023E0,
4.375608253939E0));
#1296=CARTESIAN_POINT('',(-3.750563176812E0,-8.868216241880E0,
5.704041649638E0));
#1297=CARTESIAN_POINT('',(-3.777334259567E0,-7.975392383861E0,
6.907506110866E0));
#1298=CARTESIAN_POINT('',(-3.804103033554E0,-6.921292333671E0,
7.973735229516E0));
#1299=CARTESIAN_POINT('',(-3.831193972814E0,-5.710790192438E0,
8.890613569849E0));
#1300=CARTESIAN_POINT('',(-3.858360036718E0,-4.375861025613E0,
9.625346982413E0));
#1301=CARTESIAN_POINT('',(-3.885148952012E0,-2.968643969493E0,
1.015512892621E1));
#1302=CARTESIAN_POINT('',(-3.912063227163E0,-1.492755702397E0,
1.048188399345E1));
#1303=CARTESIAN_POINT('',(-3.938896030244E0,1.115611870304E-2,
1.059453789522E1));
#1304=CARTESIAN_POINT('',(-3.965724054198E0,1.516629242056E0,1.049303915430E1));
#1305=CARTESIAN_POINT('',(-3.992635322318E0,2.997745479942E0,1.017661907808E1));
#1306=CARTESIAN_POINT('',(-4.019348899484E0,4.409758849363E0,9.657139788364E0));
#1307=CARTESIAN_POINT('',(-4.046296939436E0,5.745950135999E0,8.935464239001E0));
#1308=CARTESIAN_POINT('',(-4.072994221758E0,6.955810780726E0,8.039164514267E0));
#1309=CARTESIAN_POINT('',(-4.099938192058E0,8.036618557337E0,6.969761848155E0));
#1310=CARTESIAN_POINT('',(-4.126617315994E0,8.946391955519E0,5.768772502141E0));
#1311=CARTESIAN_POINT('',(-4.153670785643E0,9.687825748950E0,4.431794557315E0));
#1312=CARTESIAN_POINT('',(-4.180840485335E0,1.023110934995E1,2.994508813918E0));
#1313=CARTESIAN_POINT('',(-4.207760636116E0,1.055988117200E1,1.507027007021E0));
#1314=CARTESIAN_POINT('',(-4.225574214432E0,1.063566736120E1,
5.012003763759E-1));
#1315=CARTESIAN_POINT('',(-4.234444941615E0,1.063804426539E1,
-1.759416800278E-14));
#1317=DIRECTION('',(9.659258262891E-1,2.588190451025E-1,0.E0));
#1318=VECTOR('',#1317,6.402660669245E-1);
#1319=CARTESIAN_POINT('',(-4.261387839593E0,-1.064526359314E1,
-1.391018332581E-14));
#1320=LINE('',#1319,#1318);
#1321=CARTESIAN_POINT('',(-4.825951171573E0,-1.079653788202E1,0.E0));
#1322=CARTESIAN_POINT('',(-4.834849990347E0,-1.079892231333E1,
5.102789245282E-1));
#1323=CARTESIAN_POINT('',(-4.852741480374E0,-1.073138288571E1,
1.536970617465E0));
#1324=CARTESIAN_POINT('',(-4.879934785046E0,-1.040618192041E1,
3.067770827937E0));
#1325=CARTESIAN_POINT('',(-4.907260622470E0,-9.859802543182E0,
4.543645110041E0));
#1326=CARTESIAN_POINT('',(-4.934415305794E0,-9.109471008904E0,
5.916800516406E0));
#1327=CARTESIAN_POINT('',(-4.961158203344E0,-8.185772029495E0,
7.151691606800E0));
#1328=CARTESIAN_POINT('',(-4.988441039456E0,-7.072896306806E0,
8.265175696953E0));
#1329=CARTESIAN_POINT('',(-5.015756984649E0,-5.807352171826E0,
9.206894655261E0));
#1330=CARTESIAN_POINT('',(-5.042882933846E0,-4.427824420487E0,
9.950752444524E0));
#1331=CARTESIAN_POINT('',(-5.069529485793E0,-2.981856122804E0,
1.048262617720E1));
#1332=CARTESIAN_POINT('',(-5.096500732323E0,-1.455908216572E0,
1.080854033675E1));
#1333=CARTESIAN_POINT('',(-5.123292147175E0,9.172107980320E-2,
1.091257381457E1));
#1334=CARTESIAN_POINT('',(-5.150160690768E0,1.643892634652E0,1.079608700155E1));
#1335=CARTESIAN_POINT('',(-5.177027184023E0,3.164459340685E0,1.045914941526E1));
#1336=CARTESIAN_POINT('',(-5.203817740792E0,4.618968342474E0,9.911676996927E0));
#1337=CARTESIAN_POINT('',(-5.230908955325E0,5.996547652898E0,9.153207164112E0));
#1338=CARTESIAN_POINT('',(-5.248809837268E0,6.826128608595E0,8.526260891029E0));
#1339=CARTESIAN_POINT('',(-5.257750326824E0,7.216392543986E0,8.185390605978E0));
#1341=DIRECTION('',(9.659258262891E-1,2.588190451025E-1,0.E0));
#1342=VECTOR('',#1341,3.120957489285E-1);
#1343=CARTESIAN_POINT('',(-5.127412515738E0,-1.087731420574E1,0.E0));
#1344=LINE('',#1343,#1342);
#1345=CARTESIAN_POINT('',(-5.560425302819E0,1.099333963235E1,0.E0));
#1346=CARTESIAN_POINT('',(-5.553882650079E0,1.099158653383E1,
5.218342082443E-1));
#1347=CARTESIAN_POINT('',(-5.540768688357E0,1.091392414054E1,1.567357011796E0));
#1348=CARTESIAN_POINT('',(-5.520906709406E0,1.057080273110E1,3.116950542838E0));
#1349=CARTESIAN_POINT('',(-5.501168897127E0,1.001217347195E1,4.591083889375E0));
#1350=CARTESIAN_POINT('',(-5.481618814359E0,9.257886801445E0,5.957258200559E0));
#1351=CARTESIAN_POINT('',(-5.462032000433E0,8.317360315577E0,7.205410680680E0));
#1352=CARTESIAN_POINT('',(-5.442298184144E0,7.200555211606E0,8.314208542333E0));
#1353=CARTESIAN_POINT('',(-5.422739922558E0,5.949482546568E0,9.244609141457E0));
#1354=CARTESIAN_POINT('',(-5.403005302969E0,4.567396885377E0,9.994207514096E0));
#1355=CARTESIAN_POINT('',(-5.383416482764E0,3.104145667371E0,1.053515771219E1));
#1356=CARTESIAN_POINT('',(-5.363716526913E0,1.571170584662E0,1.086491357717E1));
#1357=CARTESIAN_POINT('',(-5.344073431588E0,1.205390313332E-2,
1.097235346667E1));
#1358=CARTESIAN_POINT('',(-5.324422809562E0,-1.546410144882E0,
1.085783989523E1));
#1359=CARTESIAN_POINT('',(-5.304711309564E0,-3.076521813936E0,
1.052124960267E1));
#1360=CARTESIAN_POINT('',(-5.285113578344E0,-4.534364710712E0,
9.974482152663E0));
#1361=CARTESIAN_POINT('',(-5.265361172131E0,-5.909441462748E0,
9.220128679460E0));
#1362=CARTESIAN_POINT('',(-5.245782209335E0,-7.151823400115E0,
8.286608420890E0));
#1363=CARTESIAN_POINT('',(-5.226022262405E0,-8.258556312459E0,
7.176537822828E0));
#1364=CARTESIAN_POINT('',(-5.206402937802E0,-9.188122421553E0,
5.929136256790E0));
#1365=CARTESIAN_POINT('',(-5.186820722605E0,-9.930674627604E0,
4.566408522354E0));
#1366=CARTESIAN_POINT('',(-5.167033324401E0,-1.047757814019E1,
3.097379656128E0));
#1367=CARTESIAN_POINT('',(-5.147121526004E0,-1.080882842883E1,
1.555944802245E0));
#1368=CARTESIAN_POINT('',(-5.133972813291E0,-1.087907203217E1,
5.177194870785E-1));
#1369=CARTESIAN_POINT('',(-5.127412515738E0,-1.087731420574E1,0.E0));
#1371=DIRECTION('',(9.659258262891E-1,-2.588190451025E-1,-2.998249410899E-14));
#1372=VECTOR('',#1371,1.480118523281E-1);
#1373=CARTESIAN_POINT('',(-5.560425302819E0,1.099333963235E1,0.E0));
#1374=LINE('',#1373,#1372);
#1375=CARTESIAN_POINT('',(-5.257750326824E0,7.216392543986E0,8.185390605978E0));
#1376=CARTESIAN_POINT('',(-5.266617959692E0,7.603476154629E0,7.847298129019E0));
#1377=CARTESIAN_POINT('',(-5.284358729826E0,8.330088156465E0,7.115750204007E0));
#1378=CARTESIAN_POINT('',(-5.310888489651E0,9.253197507267E0,5.879347196869E0));
#1379=CARTESIAN_POINT('',(-5.337630579709E0,9.998784904804E0,4.513293773641E0));
#1380=CARTESIAN_POINT('',(-5.364170000232E0,1.054038519311E1,3.065709457928E0));
#1381=CARTESIAN_POINT('',(-5.390854268291E0,1.087508406226E1,1.547216935706E0));
#1382=CARTESIAN_POINT('',(-5.408589929508E0,1.095265546669E1,
5.159130521854E-1));
#1383=CARTESIAN_POINT('',(-5.417456832059E0,1.095503134607E1,0.E0));
#1385=CARTESIAN_POINT('',(-2.983078314283E0,1.018644688061E1,
-1.543626956515E0));
#1386=CARTESIAN_POINT('',(-2.989805456389E0,1.011288971287E1,
-2.041063984947E0));
#1387=CARTESIAN_POINT('',(-3.003258829395E0,9.892781998315E0,
-3.025338582734E0));
#1388=CARTESIAN_POINT('',(-3.023436422444E0,9.350552476515E0,
-4.438362121018E0));
#1389=CARTESIAN_POINT('',(-3.043610747508E0,8.607748004539E0,
-5.757658514070E0));
#1390=CARTESIAN_POINT('',(-3.063781959972E0,7.680143587474E0,
-6.954965374088E0));
#1391=CARTESIAN_POINT('',(-3.083951077777E0,6.587406594768E0,
-8.004651801564E0));
#1392=CARTESIAN_POINT('',(-3.104117216119E0,5.352838882013E0,
-8.884129296215E0));
#1393=CARTESIAN_POINT('',(-3.124281122695E0,4.002693832500E0,
-9.574518145155E0));
#1394=CARTESIAN_POINT('',(-3.144442153868E0,2.565790500165E0,
-1.006091559349E1));
#1395=CARTESIAN_POINT('',(-3.164600934279E0,1.072728893569E0,
-1.033281116917E1));
#1396=CARTESIAN_POINT('',(-3.184757227762E0,-4.446201818581E-1,
-1.038424165627E1));
#1397=CARTESIAN_POINT('',(-3.204910584792E0,-1.953835108472E0,
-1.021396864897E1));
#1398=CARTESIAN_POINT('',(-3.225061278029E0,-3.422711079414E0,
-9.825487724736E0));
#1399=CARTESIAN_POINT('',(-3.245209458459E0,-4.819881488914E0,
-9.226943407115E0));
#1400=CARTESIAN_POINT('',(-3.265355105494E0,-6.115483404355E0,
-8.430967775117E0));
#1401=CARTESIAN_POINT('',(-3.285498047458E0,-7.281801616735E0,
-7.454420240762E0));
#1402=CARTESIAN_POINT('',(-3.305638489809E0,-8.293889047786E0,
-6.318000158180E0));
#1403=CARTESIAN_POINT('',(-3.325776234658E0,-9.130055753643E0,
-5.045844573103E0));
#1404=CARTESIAN_POINT('',(-3.345911424086E0,-9.772370250889E0,
-3.664974652084E0));
#1405=CARTESIAN_POINT('',(-3.366043981454E0,-1.020701532321E1,
-2.204751776596E0));
#1406=CARTESIAN_POINT('',(-3.386173944829E0,-1.042459751760E1,
-6.962323178037E-1));
#1407=CARTESIAN_POINT('',(-3.406301364112E0,-1.042034129755E1,
8.284880952773E-1));
#1408=CARTESIAN_POINT('',(-3.426426294622E0,-1.019418984128E1,
2.336956089751E0));
#1409=CARTESIAN_POINT('',(-3.446548514002E0,-9.750817049088E0,
3.797031116017E0));
#1410=CARTESIAN_POINT('',(-3.466668213142E0,-9.099515445055E0,
5.177620372253E0));
#1411=CARTESIAN_POINT('',(-3.486785194293E0,-8.254015126454E0,
6.449282954251E0));
#1412=CARTESIAN_POINT('',(-3.506899485634E0,-7.232179683232E0,
7.584902169299E0));
#1413=CARTESIAN_POINT('',(-3.527011451615E0,-6.055605488748E0,
8.560257980002E0));
#1414=CARTESIAN_POINT('',(-3.547120960049E0,-4.749210404280E0,
9.354495660608E0));
#1415=CARTESIAN_POINT('',(-3.567227513653E0,-3.340714919557E0,
9.950601353525E0));
#1416=CARTESIAN_POINT('',(-3.587331513451E0,-1.859959060951E0,
1.033579771813E1));
#1417=CARTESIAN_POINT('',(-3.607432841998E0,-3.383627969951E-1,
1.050176271214E1));
#1418=CARTESIAN_POINT('',(-3.627531533140E0,1.191784872243E0,1.044483448860E1));
#1419=CARTESIAN_POINT('',(-3.647627721647E0,2.698008648399E0,1.016607586942E1));
#1420=CARTESIAN_POINT('',(-3.667721047070E0,4.148293438321E0,9.671272030066E0));
#1421=CARTESIAN_POINT('',(-3.687812060117E0,5.511863127543E0,8.970770924378E0));
#1422=CARTESIAN_POINT('',(-3.707900121303E0,6.759690007238E0,8.079327376148E0));
#1423=CARTESIAN_POINT('',(-3.727985921401E0,7.865273697437E0,7.015698254173E0));
#1424=CARTESIAN_POINT('',(-3.748068706528E0,8.805039275021E0,5.802369523071E0));
#1425=CARTESIAN_POINT('',(-3.768149475897E0,9.559003715523E0,4.464909019234E0));
#1426=CARTESIAN_POINT('',(-3.788227880420E0,1.011103870678E1,3.031599736796E0));
#1427=CARTESIAN_POINT('',(-3.808303275234E0,1.044930500650E1,1.532800347308E0));
#1428=CARTESIAN_POINT('',(-3.821684888529E0,1.052744554249E1,
5.110839667398E-1));
#1429=CARTESIAN_POINT('',(-3.828375197426E0,1.052923820536E1,
1.999315408633E-14));
#1431=DIRECTION('',(9.659258262891E-1,-2.588190451025E-1,-2.433243137389E-14));
#1432=VECTOR('',#1431,8.043512852265E-1);
#1433=CARTESIAN_POINT('',(-3.828375197426E0,1.052923820536E1,
1.999315408633E-14));
#1434=LINE('',#1433,#1432);
#1435=CARTESIAN_POINT('',(-2.983078314283E0,9.631241958426E0,3.658642175809E0));
#1436=CARTESIAN_POINT('',(-2.990703884677E0,9.781329602420E0,3.269295770747E0));
#1437=CARTESIAN_POINT('',(-3.005935761773E0,1.003401701832E1,2.473141766134E0));
#1438=CARTESIAN_POINT('',(-3.028827008257E0,1.026575684502E1,1.238672778271E0));
#1439=CARTESIAN_POINT('',(-3.043914349280E0,1.031904255461E1,
4.120677057080E-1));
#1440=CARTESIAN_POINT('',(-3.051431517617E0,1.032105677379E1,0.E0));
#1442=DIRECTION('',(1.E0,0.E0,0.E0));
#1443=VECTOR('',#1442,2.E0);
#1444=CARTESIAN_POINT('',(-2.E0,9.E0,0.E0));
#1445=LINE('',#1444,#1443);
#1446=DIRECTION('',(1.E0,0.E0,0.E0));
#1447=VECTOR('',#1446,2.E0);
#1448=CARTESIAN_POINT('',(-2.E0,-9.E0,0.E0));
#1449=LINE('',#1448,#1447);
#1450=CARTESIAN_POINT('',(-2.E0,0.E0,0.E0));
#1451=DIRECTION('',(1.E0,0.E0,0.E0));
#1452=DIRECTION('',(0.E0,1.E0,0.E0));
#1453=AXIS2_PLACEMENT_3D('',#1450,#1451,#1452);
#1455=CARTESIAN_POINT('',(-2.942220941459E0,9.565087286623E0,3.633511832775E0));
#1456=CARTESIAN_POINT('',(-2.950037116494E0,9.743530657626E0,3.163766170278E0));
#1457=CARTESIAN_POINT('',(-2.965669466563E0,1.003108224517E1,2.197941231524E0));
#1458=CARTESIAN_POINT('',(-2.989117991667E0,1.024506462493E1,
7.015770003675E-1));
#1459=CARTESIAN_POINT('',(-3.012566516771E0,1.023706394413E1,
-8.099875703290E-1));
#1460=CARTESIAN_POINT('',(-3.036015041875E0,1.000725400175E1,
-2.304002147329E0));
#1461=CARTESIAN_POINT('',(-3.059463566980E0,9.560614040105E0,
-3.748095185564E0));
#1462=CARTESIAN_POINT('',(-3.082912092084E0,8.906821567751E0,
-5.110977199546E0));
#1463=CARTESIAN_POINT('',(-3.106360617188E0,8.060042483916E0,
-6.363118220573E0));
#1464=CARTESIAN_POINT('',(-3.129809142292E0,7.038624192919E0,
-7.477387764734E0));
#1465=CARTESIAN_POINT('',(-3.153257667396E0,5.864698052184E0,
-8.429642640530E0));
#1466=CARTESIAN_POINT('',(-3.176706192500E0,4.563699849658E0,
-9.199250075590E0));
#1467=CARTESIAN_POINT('',(-3.200154717604E0,3.163818678621E0,
-9.769534769979E0));
#1468=CARTESIAN_POINT('',(-3.223603242708E0,1.695386157135E0,
-1.012814020515E1));
#1469=CARTESIAN_POINT('',(-3.247051767813E0,1.902192245108E-1,
-1.026729637585E1));
#1470=CARTESIAN_POINT('',(-3.270500292917E0,-1.319069245E0,-1.018398814500E1));
#1471=CARTESIAN_POINT('',(-3.293948818021E0,-2.799777074275E0,
-9.880020573591E0));
#1472=CARTESIAN_POINT('',(-3.317397343125E0,-4.219821350354E0,
-9.361979810002E0));
#1473=CARTESIAN_POINT('',(-3.340845868229E0,-5.548433573729E0,
-8.641090386245E0));
#1474=CARTESIAN_POINT('',(-3.364294393333E0,-6.756826327911E0,
-7.732972013094E0));
#1475=CARTESIAN_POINT('',(-3.387742918437E0,-7.818817024370E0,
-6.657301143692E0));
#1476=CARTESIAN_POINT('',(-3.411191443542E0,-8.711395207994E0,
-5.437384638599E0));
#1477=CARTESIAN_POINT('',(-3.434639968646E0,-9.415221131121E0,
-4.099654769809E0));
#1478=CARTESIAN_POINT('',(-3.458088493750E0,-9.915044793392E0,
-2.673096505595E0));
#1479=CARTESIAN_POINT('',(-3.481537018854E0,-1.020003636797E1,
-1.188619485351E0));
#1480=CARTESIAN_POINT('',(-3.504985543958E0,-1.026402085472E1,
3.216117079850E-1));
#1481=CARTESIAN_POINT('',(-3.528434069062E0,-1.010561187595E1,
1.824874466779E0));
#1482=CARTESIAN_POINT('',(-3.551882594166E0,-9.728241715870E0,
3.288597168484E0));
#1483=CARTESIAN_POINT('',(-3.575331119271E0,-9.140086952736E0,
4.681064914065E0));
#1484=CARTESIAN_POINT('',(-3.598779644375E0,-8.353891295081E0,
5.972106703648E0));
#1485=CARTESIAN_POINT('',(-3.622228169479E0,-7.386689460672E0,
7.133749160161E0));
#1486=CARTESIAN_POINT('',(-3.645676694583E0,-6.259438080957E0,
8.140822636573E0));
#1487=CARTESIAN_POINT('',(-3.669125219687E0,-4.996561628271E0,
8.971506574015E0));
#1488=CARTESIAN_POINT('',(-3.692573744791E0,-3.625423204316E0,
9.607802294376E0));
#1489=CARTESIAN_POINT('',(-3.716022269895E0,-2.175731656465E0,
1.003592298322E1));
#1490=CARTESIAN_POINT('',(-3.739470795E0,-6.788978680410E-1,1.024659241313E1));
#1491=CARTESIAN_POINT('',(-3.762919320104E0,8.326458299897E-1,
1.023524593502E1));
#1492=CARTESIAN_POINT('',(-3.786367845208E0,2.326148379446E0,1.000212938230E1));
#1493=CARTESIAN_POINT('',(-3.809816370312E0,3.769249621438E0,9.552293745064E0));
#1494=CARTESIAN_POINT('',(-3.833264895416E0,5.130681453282E0,8.895485729587E0));
#1495=CARTESIAN_POINT('',(-3.856713420520E0,6.380945323676E0,8.045936574362E0));
#1496=CARTESIAN_POINT('',(-3.880161945624E0,7.492951386637E0,7.022053698486E0));
#1497=CARTESIAN_POINT('',(-3.903610470729E0,8.442605465474E0,5.846021863478E0));
#1498=CARTESIAN_POINT('',(-3.927058995833E0,9.209331108878E0,4.543322490255E0));
#1499=CARTESIAN_POINT('',(-3.950507520937E0,9.776515427560E0,3.142181546328E0));
#1500=CARTESIAN_POINT('',(-3.973956046041E0,1.013186905136E1,1.672957965987E0));
#1501=CARTESIAN_POINT('',(-3.997404571145E0,1.026769240752E1,
1.674858547225E-1));
#1502=CARTESIAN_POINT('',(-4.020853096249E0,1.018104255052E1,
-1.341615269477E0));
#1503=CARTESIAN_POINT('',(-4.044301621354E0,9.873796928735E0,
-2.821647252780E0));
#1504=CARTESIAN_POINT('',(-4.067750146458E0,9.352612706276E0,
-4.240541786177E0));
#1505=CARTESIAN_POINT('',(-4.091198671562E0,8.628782521226E0,
-5.567555239317E0));
#1506=CARTESIAN_POINT('',(-4.114647196666E0,7.717989805703E0,
-6.773934792330E0));
#1507=CARTESIAN_POINT('',(-4.138095721770E0,6.639968969193E0,
-7.833541432374E0));
#1508=CARTESIAN_POINT('',(-4.161544246874E0,5.418077808048E0,
-8.723416316222E0));
#1509=CARTESIAN_POINT('',(-4.184992771979E0,4.078791405828E0,
-9.424278227337E0));
#1510=CARTESIAN_POINT('',(-4.208441297083E0,2.651128490293E0,
-9.920941348862E0));
#1511=CARTESIAN_POINT('',(-4.231889822187E0,1.166022676283E0,
-1.020264430047E1));
#1512=CARTESIAN_POINT('',(-4.255338347291E0,-3.443477820496E-1,
-1.026328330970E1));
#1513=CARTESIAN_POINT('',(-4.278786872395E0,-1.847257207219E0,
-1.010154446557E1));
#1514=CARTESIAN_POINT('',(-4.302235397499E0,-3.310141575820E0,
-9.720932188836E0));
#1515=CARTESIAN_POINT('',(-4.325683922604E0,-4.701304093584E0,
-9.129693301898E0));
#1516=CARTESIAN_POINT('',(-4.349132447708E0,-5.990601980176E0,
-8.340638343690E0));
#1517=CARTESIAN_POINT('',(-4.372580972812E0,-7.150099582927E0,
-7.370864000936E0));
#1518=CARTESIAN_POINT('',(-4.396029497916E0,-8.154673668293E0,
-6.241382670018E0));
#1519=CARTESIAN_POINT('',(-4.419478023020E0,-8.982557775959E0,
-4.976667175763E0));
#1520=CARTESIAN_POINT('',(-4.442926548125E0,-9.615813840890E0,
-3.604120511842E0));
#1521=CARTESIAN_POINT('',(-4.466375073229E0,-1.004072086449E1,
-2.153482092037E0));
#1522=CARTESIAN_POINT('',(-4.489823598333E0,-1.024807221337E1,
-6.561833772959E-1));
#1523=CARTESIAN_POINT('',(-4.513272123437E0,-1.023337510404E1,
8.553331596231E-1));
#1524=CARTESIAN_POINT('',(-4.536720648541E0,-9.996947951112E0,
2.348316975726E0));
#1525=CARTESIAN_POINT('',(-4.560169173645E0,-9.543913469781E0,
3.790419074718E0));
#1526=CARTESIAN_POINT('',(-4.583617698750E0,-8.884087681861E0,
5.150392923815E0));
#1527=CARTESIAN_POINT('',(-4.607066223854E0,-8.031767230370E0,
6.398771483412E0));
#1528=CARTESIAN_POINT('',(-4.630514748958E0,-7.005419610874E0,
7.508505680210E0));
#1529=CARTESIAN_POINT('',(-4.653963274062E0,-5.827283031366E0,
8.455550489680E0));
#1530=CARTESIAN_POINT('',(-4.677411799166E0,-4.522884570826E0,
9.219385929238E0));
#1531=CARTESIAN_POINT('',(-4.700860324271E0,-3.120487075742E0,
9.783461672743E0));
#1532=CARTESIAN_POINT('',(-4.724308849375E0,-1.650476782167E0,
1.013555565561E1));
#1533=CARTESIAN_POINT('',(-4.747757374479E0,-1.447049194440E-1,
1.026803888948E1));
#1534=CARTESIAN_POINT('',(-4.771205899583E0,1.364202392355E0,1.017804078955E1));
#1535=CARTESIAN_POINT('',(-4.794654424687E0,2.843551171653E0,9.867511279533E0));
#1536=CARTESIAN_POINT('',(-4.818102949792E0,4.261287566013E0,9.343178898083E0));
#1537=CARTESIAN_POINT('',(-4.841551474896E0,5.586693874090E0,8.616403689423E0));
#1538=CARTESIAN_POINT('',(-4.857183824965E0,6.389596973382E0,8.007425226845E0));
#1539=CARTESIAN_POINT('',(-4.865E0,6.766526206168E0,7.675117408799E0));
#1541=DIRECTION('',(-5.E-1,-5.727128751944E-1,-6.496152419599E-1));
#1542=VECTOR('',#1541,5.750263878489E-1);
#1543=CARTESIAN_POINT('',(-4.577486806076E0,7.095851222065E0,8.048663314875E0));
#1544=LINE('',#1543,#1542);
#1545=CARTESIAN_POINT('',(-4.865E0,6.766526206168E0,7.675117408799E0));
#1546=CARTESIAN_POINT('',(-4.872899061033E0,7.147452553827E0,7.339285658381E0));
#1547=CARTESIAN_POINT('',(-4.888697183099E0,7.859205827943E0,6.610802850277E0));
#1548=CARTESIAN_POINT('',(-4.912394366197E0,8.752926149821E0,5.371789022026E0));
#1549=CARTESIAN_POINT('',(-4.936091549296E0,9.452956561539E0,4.013906348796E0));
#1550=CARTESIAN_POINT('',(-4.959788732395E0,9.943807464644E0,2.567201880365E0));
#1551=CARTESIAN_POINT('',(-4.983485915493E0,1.021461684481E1,1.063689248101E0));
#1552=CARTESIAN_POINT('',(-5.007183098592E0,1.025939221004E1,
-4.633611420663E-1));
#1553=CARTESIAN_POINT('',(-5.030880281691E0,1.007714276995E1,
-1.980157960232E0));
#1554=CARTESIAN_POINT('',(-5.054577464789E0,9.671901471861E0,
-3.453136803315E0));
#1555=CARTESIAN_POINT('',(-5.078274647888E0,9.052635725449E0,
-4.849702897094E0));
#1556=CARTESIAN_POINT('',(-5.101971830987E0,8.233048973870E0,
-6.138952375455E0));
#1557=CARTESIAN_POINT('',(-5.125669014085E0,7.231277453583E0,
-7.292356132968E0));
#1558=CARTESIAN_POINT('',(-5.149366197184E0,6.069488866175E0,
-8.284391129789E0));
#1559=CARTESIAN_POINT('',(-5.173063380282E0,4.773391839560E0,
-9.093105175998E0));
#1560=CARTESIAN_POINT('',(-5.196760563381E0,3.371667034376E0,
-9.700602698465E0));
#1561=CARTESIAN_POINT('',(-5.220457746480E0,1.895332484129E0,
-1.009344074079E1));
#1562=CARTESIAN_POINT('',(-5.244154929578E0,3.770572131997E-1,
-1.026292643357E1));
#1563=CARTESIAN_POINT('',(-5.267852112677E0,-1.149561678703E0,
-1.020530935250E1));
#1564=CARTESIAN_POINT('',(-5.291549295776E0,-2.650742468626E0,
-9.921864507719E0));
#1565=CARTESIAN_POINT('',(-5.315246478874E0,-4.093266347554E0,
-9.418864128140E0));
#1566=CARTESIAN_POINT('',(-5.338943661973E0,-5.445212500865E0,
-8.707438865098E0));
#1567=CARTESIAN_POINT('',(-5.362640845072E0,-6.676664465887E0,
-7.803331486767E0));
#1568=CARTESIAN_POINT('',(-5.386338028170E0,-7.760372135982E0,
-6.726548513739E0));
#1569=CARTESIAN_POINT('',(-5.410035211269E0,-8.672354762077E0,
-5.500917504591E0));
#1570=CARTESIAN_POINT('',(-5.433732394368E0,-9.392431608202E0,
-4.153559788032E0));
#1571=CARTESIAN_POINT('',(-5.457429577466E0,-9.904668518486E0,
-2.714290309302E0));
#1572=CARTESIAN_POINT('',(-5.481126760565E0,-1.019773051384E1,
-1.214957871297E0));
#1573=CARTESIAN_POINT('',(-5.504823943663E0,-1.026513261595E1,
3.112596301331E-1));
#1574=CARTESIAN_POINT('',(-5.528521126762E0,-1.010538334833E1,
1.830589381356E0));
#1575=CARTESIAN_POINT('',(-5.552218309861E0,-9.722017738952E0,
3.309410990466E0));
#1576=CARTESIAN_POINT('',(-5.575915492959E0,-9.123519094276E0,
4.715000453670E0));
#1577=CARTESIAN_POINT('',(-5.599612676058E0,-8.323131275733E0,
6.016254285770E0));
#1578=CARTESIAN_POINT('',(-5.623309859157E0,-7.338565632695E0,
7.184377790886E0));
#1579=CARTESIAN_POINT('',(-5.647007042255E0,-6.191609077112E0,
8.193522243105E0));
#1580=CARTESIAN_POINT('',(-5.670704225354E0,-4.907641972526E0,
9.021356877270E0));
#1581=CARTESIAN_POINT('',(-5.694401408453E0,-3.515076505861E0,
9.649563032704E0));
#1582=CARTESIAN_POINT('',(-5.718098591551E0,-2.044727969926E0,
1.006423951528E1));
#1583=CARTESIAN_POINT('',(-5.741795774650E0,-5.291328692052E-1,
1.025621020785E1));
#1584=CARTESIAN_POINT('',(-5.765492957748E0,9.981710618483E-1,
1.022122712213E1));
#1585=CARTESIAN_POINT('',(-5.789190140847E0,2.503386995934E0,9.960064398918E0));
#1586=CARTESIAN_POINT('',(-5.812887323946E0,3.953206883142E0,9.478501176530E0));
#1587=CARTESIAN_POINT('',(-5.836584507044E0,5.315548505124E0,8.787193706621E0));
#1588=CARTESIAN_POINT('',(-5.860281690143E0,6.560265403386E0,7.901439547323E0));
#1589=CARTESIAN_POINT('',(-5.883978873242E0,7.659813972122E0,6.840839051716E0));
#1590=CARTESIAN_POINT('',(-5.907676056340E0,8.589862953914E0,5.628861642408E0));
#1591=CARTESIAN_POINT('',(-5.931373239439E0,9.329831851165E0,4.292326469888E0));
#1592=CARTESIAN_POINT('',(-5.955070422537E0,9.863346339081E0,2.860808946872E0));
#1593=CARTESIAN_POINT('',(-5.978767605636E0,1.017860060269E1,1.365986291105E0));
#1594=CARTESIAN_POINT('',(-6.002464788735E0,1.026861857997E1,
-1.590634412785E-1));
#1595=CARTESIAN_POINT('',(-6.026161971833E0,1.013140833026E1,
-1.680593320568E0));
#1596=CARTESIAN_POINT('',(-6.049859154932E0,9.770006111935E0,
-3.164934309249E0));
#1597=CARTESIAN_POINT('',(-6.073556338031E0,9.192409194239E0,
-4.579240304005E0));
#1598=CARTESIAN_POINT('',(-6.097253521129E0,8.411398889771E0,
-5.892214967378E0));
#1599=CARTESIAN_POINT('',(-6.120950704228E0,7.444257723894E0,
-7.074804265481E0));
#1600=CARTESIAN_POINT('',(-6.144647887326E0,6.312386999539E0,
-8.100839387011E0));
#1601=CARTESIAN_POINT('',(-6.168345070425E0,5.040833220157E0,
-8.947615816836E0));
#1602=CARTESIAN_POINT('',(-6.192042253524E0,3.657733850290E0,
-9.596395750184E0));
#1603=CARTESIAN_POINT('',(-6.215739436622E0,2.193694678238E0,
-1.003282272985E1));
#1604=CARTESIAN_POINT('',(-6.239436619721E0,6.811125587580E-1,
-1.024723933115E1));
#1605=CARTESIAN_POINT('',(-6.263133802819E0,-8.465414775690E-1,
-1.023490086487E1));
#1606=CARTESIAN_POINT('',(-6.286830985918E0,-2.355462884677E0,
-9.996080369167E0));
#1607=CARTESIAN_POINT('',(-6.310528169017E0,-3.812261641434E0,
-9.536062567320E0));
#1608=CARTESIAN_POINT('',(-6.334225352115E0,-5.184701119221E0,
-8.865026924905E0));
#1609=CARTESIAN_POINT('',(-6.357922535214E0,-6.442411426729E0,
-7.997822394236E0));
#1610=CARTESIAN_POINT('',(-6.381619718313E0,-7.557561446808E0,
-6.953638830604E0));
#1611=CARTESIAN_POINT('',(-6.405316901411E0,-8.505474694285E0,
-5.755582351350E0));
#1612=CARTESIAN_POINT('',(-6.429014084510E0,-9.265175366823E0,
-4.430164034392E0));
#1613=CARTESIAN_POINT('',(-6.452711267608E0,-9.819852505598E0,
-3.006713270499E0));
#1614=CARTESIAN_POINT('',(-6.476408450707E0,-1.015723199469E1,
-1.516728750865E0));
#1615=CARTESIAN_POINT('',(-6.500105633806E0,-1.026984816741E1,
6.818548406078E-3));
#1616=CARTESIAN_POINT('',(-6.523802816904E0,-1.015520900946E1,
1.530214961092E0));
#1617=CARTESIAN_POINT('',(-6.547500000003E0,-9.815851303057E0,
3.019750160152E0));
#1618=CARTESIAN_POINT('',(-6.571197183101E0,-9.259284492027E0,
4.442463113135E0));
#1619=CARTESIAN_POINT('',(-6.594894366200E0,-8.497824509832E0,
5.766871456889E0));
#1620=CARTESIAN_POINT('',(-6.618591549299E0,-7.548321247756E0,
6.963668151710E0));
#1621=CARTESIAN_POINT('',(-6.642288732397E0,-6.431785693908E0,
8.006369999091E0));
#1622=CARTESIAN_POINT('',(-6.665985915496E0,-5.172924993854E0,
8.871903672432E0));
#1623=CARTESIAN_POINT('',(-6.689683098594E0,-3.799595721228E0,
9.541116292784E0));
#1624=CARTESIAN_POINT('',(-6.713380281693E0,-2.342187456557E0,
9.999199251432E0));
#1625=CARTESIAN_POINT('',(-6.737077464792E0,-8.329503147069E-1,
1.023601590078E1));
#1626=CARTESIAN_POINT('',(-6.760774647890E0,6.947186983450E-1,
1.024632586230E1));
#1627=CARTESIAN_POINT('',(-6.784471830989E0,2.207014707617E0,1.002990098791E1));
#1628=CARTESIAN_POINT('',(-6.808169014087E0,3.670473016771E0,9.591530408785E0));
#1629=CARTESIAN_POINT('',(-6.831866197186E0,5.052709628201E0,8.940914559897E0));
#1630=CARTESIAN_POINT('',(-6.855563380284E0,6.323137849062E0,8.092450525214E0));
#1631=CARTESIAN_POINT('',(-6.879260563383E0,7.453645125895E0,7.064913453657E0));
#1632=CARTESIAN_POINT('',(-6.902957746482E0,8.419215130597E0,5.881041095466E0));
#1633=CARTESIAN_POINT('',(-6.926654929580E0,9.198481331954E0,4.567030652530E0));
#1634=CARTESIAN_POINT('',(-6.950352112679E0,9.774199803106E0,3.151959076558E0));
#1635=CARTESIAN_POINT('',(-6.974049295777E0,1.013363080245E1,1.667139642932E0));
#1636=CARTESIAN_POINT('',(-6.997746478876E0,1.026882068423E1,
1.454290382415E-1));
#1637=CARTESIAN_POINT('',(-7.021443661975E0,1.017677790046E1,
-1.379499705503E0));
#1638=CARTESIAN_POINT('',(-7.045140845073E0,9.859539199747E0,
-2.873902341164E0));
#1639=CARTESIAN_POINT('',(-7.068838028172E0,9.324124557854E0,
-4.304710112773E0));
#1640=CARTESIAN_POINT('',(-7.092535211270E0,8.582381837494E0,
-5.640261514393E0));
#1641=CARTESIAN_POINT('',(-7.116232394369E0,7.650724614664E0,
-6.851002908930E0));
#1642=CARTESIAN_POINT('',(-7.139929577467E0,6.549768973026E0,
-7.910142503288E0));
#1643=CARTESIAN_POINT('',(-7.163626760566E0,5.303877303427E0,
-8.794243208471E0));
#1644=CARTESIAN_POINT('',(-7.187323943665E0,3.940619203562E0,
-9.483741265541E0));
#1645=CARTESIAN_POINT('',(-7.211021126763E0,2.490161407154E0,
-9.963379161094E0));
#1646=CARTESIAN_POINT('',(-7.234718309862E0,9.846002425374E-1,
-1.022254325246E1));
#1647=CARTESIAN_POINT('',(-7.258415492960E0,-5.427486077514E-1,
-1.025549863157E1));
#1648=CARTESIAN_POINT('',(-7.282112676059E0,-2.058087329909E0,
-1.006151603018E1));
#1649=CARTESIAN_POINT('',(-7.305809859157E0,-3.527883870768E0,
-9.644887958392E0));
#1650=CARTESIAN_POINT('',(-7.329507042256E0,-4.919613949012E0,
-9.014833719114E0));
#1651=CARTESIAN_POINT('',(-7.353204225354E0,-6.202480766198E0,
-8.185295400484E0));
#1652=CARTESIAN_POINT('',(-7.376901408453E0,-7.348096491499E0,
-7.174629360472E0));
#1653=CARTESIAN_POINT('',(-7.400598591552E0,-8.331110440010E0,
-6.005200030630E0));
#1654=CARTESIAN_POINT('',(-7.424295774650E0,-9.129770043988E0,
-4.702885027416E0));
#1655=CARTESIAN_POINT('',(-7.447992957749E0,-9.726402203636E0,
-3.296502522175E0));
#1656=CARTESIAN_POINT('',(-7.471690140847E0,-1.010780436585E1,
-1.817173541122E0));
#1657=CARTESIAN_POINT('',(-7.495387323946E0,-1.026553667693E1,
-2.976333066120E-1));
#1658=CARTESIAN_POINT('',(-7.519084507044E0,-1.019610874446E1,
1.228493141419E0));
#1659=CARTESIAN_POINT('',(-7.542781690143E0,-9.901056875336E0,
2.727435014488E0));
#1660=CARTESIAN_POINT('',(-7.566478873241E0,-9.386910081026E0,
4.166023070024E0));
#1661=CARTESIAN_POINT('',(-7.590176056340E0,-8.665045602061E0,
5.512423594812E0));
#1662=CARTESIAN_POINT('',(-7.613873239439E0,-7.751437148816E0,
6.736842835518E0));
#1663=CARTESIAN_POINT('',(-7.637570422537E0,-6.666301429556E0,
7.812186288345E0));
#1664=CARTESIAN_POINT('',(-7.661267605636E0,-5.433650787468E0,
8.714658258776E0));
#1665=CARTESIAN_POINT('',(-7.684964788734E0,-4.080761846098E0,
9.424288424049E0));
#1666=CARTESIAN_POINT('',(-7.708661971833E0,-2.637571921169E0,
9.925373746348E0));
#1667=CARTESIAN_POINT('',(-7.732359154931E0,-1.136016555226E0,
1.020682595781E1));
#1668=CARTESIAN_POINT('',(-7.756056338030E0,3.906771656130E-1,
1.026241692804E1));
#1669=CARTESIAN_POINT('',(-7.779753521128E0,1.908725875023E0,1.009091648442E1));
#1670=CARTESIAN_POINT('',(-7.803450704227E0,3.384537499752E0,9.696119635510E0));
#1671=CARTESIAN_POINT('',(-7.827147887325E0,4.785454600176E0,9.086762595004E0));
#1672=CARTESIAN_POINT('',(-7.850845070424E0,6.080477029186E0,8.276329464437E0));
#1673=CARTESIAN_POINT('',(-7.874542253522E0,7.240947918060E0,7.282753852458E0));
#1674=CARTESIAN_POINT('',(-7.898239436621E0,8.241187809518E0,6.128022033260E0));
#1675=CARTESIAN_POINT('',(-7.921936619719E0,9.059062905545E0,4.837686425630E0));
#1676=CARTESIAN_POINT('',(-7.945633802818E0,9.676474855514E0,3.440300158508E0));
#1677=CARTESIAN_POINT('',(-7.969330985916E0,1.007976124630E1,1.966785235202E0));
#1678=CARTESIAN_POINT('',(-7.993028169015E0,1.025999793215E1,
4.497482777858E-1));
#1679=CARTESIAN_POINT('',(-8.016725352113E0,1.021319651403E1,
-1.077241006873E0));
#1680=CARTESIAN_POINT('',(-8.040422535212E0,9.940392598861E0,
-2.580392672970E0));
#1681=CARTESIAN_POINT('',(-8.064119718311E0,9.447622884289E0,
-4.026444255661E0));
#1682=CARTESIAN_POINT('',(-8.087816901409E0,8.745791580567E0,
-5.383396818527E0));
#1683=CARTESIAN_POINT('',(-8.111514084508E0,7.850429108149E0,
-6.621223043169E0));
#1684=CARTESIAN_POINT('',(-8.135211267606E0,6.781348475153E0,
-7.712531683842E0));
#1685=CARTESIAN_POINT('',(-8.158908450705E0,5.562206697228E0,
-8.633173714187E0));
#1686=CARTESIAN_POINT('',(-8.182605633803E0,4.219981865273E0,
-9.362776639194E0));
#1687=CARTESIAN_POINT('',(-8.206302816902E0,2.784374072324E0,
-9.885195573351E0));
#1688=CARTESIAN_POINT('',(-8.222100938967E0,1.786228688786E0,
-1.008764487040E1));
#1689=CARTESIAN_POINT('',(-8.23E0,1.282406461891E0,-1.015129242038E1));
#1691=DIRECTION('',(-5.E-1,5.727128751944E-1,6.496152419599E-1));
#1692=VECTOR('',#1691,7.855006536480E-1);
#1693=CARTESIAN_POINT('',(-4.865E0,6.766526206168E0,7.675117408799E0));
#1694=LINE('',#1693,#1692);
#1695=DIRECTION('',(-5.E-1,-1.085417642051E-1,8.591965348064E-1));
#1696=VECTOR('',#1695,8.868393472388E-1);
#1697=CARTESIAN_POINT('',(-7.786580326381E0,1.378665569207E0,
-1.091326171446E1));
#1698=LINE('',#1697,#1696);
#1699=CARTESIAN_POINT('',(-8.23E0,1.282406461891E0,-1.015129242038E1));
#1700=CARTESIAN_POINT('',(-8.237899061033E0,7.785842348453E-1,
-1.021493996917E1));
#1701=CARTESIAN_POINT('',(-8.253697183099E0,-2.385496689091E-1,
-1.026707965425E1));
#1702=CARTESIAN_POINT('',(-8.277394366197E0,-1.758975510050E0,
-1.011809461492E1));
#1703=CARTESIAN_POINT('',(-8.301091549296E0,-3.240476751861E0,
-9.745211252297E0));
#1704=CARTESIAN_POINT('',(-8.324788732395E0,-4.650271314448E0,
-9.156681117659E0));
#1705=CARTESIAN_POINT('',(-8.348485915494E0,-5.957162239584E0,
-8.365527488092E0));
#1706=CARTESIAN_POINT('',(-8.372183098592E0,-7.132230121434E0,
-7.389257443224E0));
#1707=CARTESIAN_POINT('',(-8.395880281691E0,-8.149472487940E0,
-6.249474387632E0));
#1708=CARTESIAN_POINT('',(-8.419577464790E0,-8.986379344723E0,
-4.971400017757E0));
#1709=CARTESIAN_POINT('',(-8.443274647889E0,-9.624431245242E0,
-3.583316197795E0));
#1710=CARTESIAN_POINT('',(-8.466971830987E0,-1.004950910699E1,
-2.115939125503E0));
#1711=CARTESIAN_POINT('',(-8.490669014086E0,-1.025220664053E1,
-6.017396285347E-1));
#1712=CARTESIAN_POINT('',(-8.514366197185E0,-1.022803849525E1,
9.257753656702E-1));
#1713=CARTESIAN_POINT('',(-8.538063380283E0,-9.977539511152E0,
2.432804287066E0));
#1714=CARTESIAN_POINT('',(-8.561760563382E0,-9.506252881927E0,
3.885998899774E0));
#1715=CARTESIAN_POINT('',(-8.585457746481E0,-8.824607490766E0,
5.253202246931E0));
#1716=CARTESIAN_POINT('',(-8.609154929579E0,-7.947687133558E0,
6.504160234039E0));
#1717=CARTESIAN_POINT('',(-8.632852112678E0,-6.894896736188E0,
7.611191104598E0));
#1718=CARTESIAN_POINT('',(-8.656549295777E0,-5.689532952101E0,
8.549797993608E0));
#1719=CARTESIAN_POINT('',(-8.680246478876E0,-4.358268642189E0,
9.299211004108E0));
#1720=CARTESIAN_POINT('',(-8.703943661974E0,-2.930562644691E0,
9.842846811496E0));
#1721=CARTESIAN_POINT('',(-8.727640845073E0,-1.438007896015E0,
1.016867562534E1));
#1722=CARTESIAN_POINT('',(-8.751338028172E0,8.636767242602E-2,
1.026948738846E1));
#1723=CARTESIAN_POINT('',(-8.775035211270E0,1.608831991281E0,1.014305132273E1));
#1724=CARTESIAN_POINT('',(-8.798732394369E0,3.095695291512E0,9.792165291174E0));
#1725=CARTESIAN_POINT('',(-8.822429577468E0,4.514055606314E0,9.224593884145E0));
#1726=CARTESIAN_POINT('',(-8.846126760566E0,5.832526839912E0,8.452896599606E0));
#1727=CARTESIAN_POINT('',(-8.869823943665E0,7.021933292264E0,7.494149919735E0));
#1728=CARTESIAN_POINT('',(-8.893521126763E0,8.055955270908E0,6.369569433885E0));
#1729=CARTESIAN_POINT('',(-8.917218309862E0,8.911711503652E0,5.104040369752E0));
#1730=CARTESIAN_POINT('',(-8.940915492961E0,9.570265464231E0,3.725566921414E0));
#1731=CARTESIAN_POINT('',(-8.964612676059E0,1.001704440680E1,2.264652559749E0));
#1732=CARTESIAN_POINT('',(-8.988309859158E0,1.024216183673E1,
7.536250380212E-1));
#1733=CARTESIAN_POINT('',(-9.012007042257E0,1.024063628194E1,
-7.740789707911E-1));
#1734=CARTESIAN_POINT('',(-9.035704225355E0,1.001250152388E1,
-2.284653775082E0));
#1735=CARTESIAN_POINT('',(-9.059401408454E0,9.562805848702E0,
-3.744672731268E0));
#1736=CARTESIAN_POINT('',(-9.083098591553E0,8.901500335592E0,
-5.121827922477E0));
#1737=CARTESIAN_POINT('',(-9.106795774651E0,8.043218653967E0,
-6.385645081380E0));
#1738=CARTESIAN_POINT('',(-9.130492957750E0,7.006953242530E0,
-7.508157937064E0));
#1739=CARTESIAN_POINT('',(-9.154190140848E0,5.815635035766E0,
-8.464527063745E0));
#1740=CARTESIAN_POINT('',(-9.177887323947E0,4.495626037911E0,
-9.233589537215E0));
#1741=CARTESIAN_POINT('',(-9.201584507046E0,3.076135972955E0,
-9.798327236014E0));
#1742=CARTESIAN_POINT('',(-9.225281690144E0,1.588575919291E0,
-1.014624342462E1));
#1743=CARTESIAN_POINT('',(-9.248978873243E0,6.586323206803E-2,
-1.026963928548E1));
#1744=CARTESIAN_POINT('',(-9.272676056342E0,-1.458306865790E0,
-1.016578428070E1));
#1745=CARTESIAN_POINT('',(-9.296373239440E0,-2.950206905368E0,
-9.836976573662E0));
#1746=CARTESIAN_POINT('',(-9.320070422539E0,-4.376823506924E0,
-9.290492173428E0));
#1747=CARTESIAN_POINT('',(-9.343767605637E0,-5.706587913253E0,
-8.538423927460E0));
#1748=CARTESIAN_POINT('',(-9.367464788736E0,-6.910074555701E0,
-7.597413925418E0));
#1749=CARTESIAN_POINT('',(-9.391161971835E0,-7.960652194722E0,
-6.488285235587E0));
#1750=CARTESIAN_POINT('',(-9.414859154933E0,-8.835073226277E0,
-5.235581123007E0));
#1751=CARTESIAN_POINT('',(-9.438556338032E0,-9.513988113705E0,
-3.867021945705E0));
#1752=CARTESIAN_POINT('',(-9.462253521130E0,-9.982373561523E0,
-2.412891747052E0));
#1753=CARTESIAN_POINT('',(-9.485950704229E0,-1.022986495638E1,
-9.053681179804E-1));
#1754=CARTESIAN_POINT('',(-9.509647887328E0,-1.025098571880E1,
6.221898418603E-1));
#1755=CARTESIAN_POINT('',(-9.533345070426E0,-1.004526849056E1,
2.135979707724E0));
#1756=CARTESIAN_POINT('',(-9.557042253525E0,-9.617265476062E0,
3.602503723359E0));
#1757=CARTESIAN_POINT('',(-9.580739436623E0,-8.976447708773E0,
4.989310052671E0));
#1758=CARTESIAN_POINT('',(-9.604436619722E0,-8.136995471995E0,
6.265710886762E0));
#1759=CARTESIAN_POINT('',(-9.628133802820E0,-7.117484511485E0,
7.403461515797E0));
#1760=CARTESIAN_POINT('',(-9.651830985919E0,-5.940474983610E0,
8.377385338948E0));
#1761=CARTESIAN_POINT('',(-9.675528169018E0,-4.632012234958E0,
9.165930981956E0));
#1762=CARTESIAN_POINT('',(-9.699225352116E0,-3.221050460345E0,
9.751649194216E0));
#1763=CARTESIAN_POINT('',(-9.722922535215E0,-1.738811992745E0,
1.012157897243E1));
#1764=CARTESIAN_POINT('',(-9.746619718313E0,-2.180964030365E-1,
1.026753436653E1));
#1765=CARTESIAN_POINT('',(-9.770316901412E0,1.307445301950E0,1.018628562141E1));
#1766=CARTESIAN_POINT('',(-9.794014084511E0,2.804055322228E0,9.879630645914E0));
#1767=CARTESIAN_POINT('',(-9.817711267609E0,4.238616070581E0,9.354355227867E0));
#1768=CARTESIAN_POINT('',(-9.841408450708E0,5.579383011568E0,8.622082875271E0));
#1769=CARTESIAN_POINT('',(-9.865105633806E0,6.796687117082E0,7.699017606622E0));
#1770=CARTESIAN_POINT('',(-9.888802816905E0,7.863591394253E0,6.605585381889E0));
#1771=CARTESIAN_POINT('',(-9.912500000003E0,8.756486957800E0,5.365982108763E0));
#1772=CARTESIAN_POINT('',(-9.936197183102E0,9.455615456716E0,4.007638226038E0));
#1773=CARTESIAN_POINT('',(-9.959894366200E0,9.945506294835E0,2.560611712036E0));
#1774=CARTESIAN_POINT('',(-9.983591549299E0,1.021531897029E1,1.056922949825E0));
#1775=CARTESIAN_POINT('',(-1.000728873240E1,1.025908295847E1,
-4.701538324247E-1));
#1776=CARTESIAN_POINT('',(-1.003098591550E1,1.007582983020E1,
-1.986826866672E0));
#1777=CARTESIAN_POINT('',(-1.005468309859E1,9.669614681624E0,
-3.459534602569E0));
#1778=CARTESIAN_POINT('',(-1.007838028169E1,9.049426401619E0,
-4.855688370707E0));
#1779=CARTESIAN_POINT('',(-1.010207746479E1,8.228988762232E0,
-6.144393517602E0));
#1780=CARTESIAN_POINT('',(-1.012577464789E1,7.226456733835E0,
-7.297133054874E0));
#1781=CARTESIAN_POINT('',(-1.014947183099E1,6.064014744959E0,
-8.288398694560E0));
#1782=CARTESIAN_POINT('',(-1.017316901409E1,4.767385776681E0,
-9.096255306775E0));
#1783=CARTESIAN_POINT('',(-1.019686619719E1,3.365262154508E0,
-9.702826309173E0));
#1784=CARTESIAN_POINT('',(-1.022056338028E1,1.888670633397E0,
-1.009468924733E1));
#1785=CARTESIAN_POINT('',(-1.024426056338E1,3.702858255543E-1,
-1.026317281244E1));
#1786=CARTESIAN_POINT('',(-1.026795774648E1,-1.156292836264E0,
-1.020454872392E1));
#1787=CARTESIAN_POINT('',(-1.029165492958E1,-2.657284600314E0,
-9.920114230625E0));
#1788=CARTESIAN_POINT('',(-1.031535211268E1,-4.099474909813E0,
-9.416163405305E0));
#1789=CARTESIAN_POINT('',(-1.033904929578E1,-5.450950387989E0,
-8.703847867319E0));
#1790=CARTESIAN_POINT('',(-1.036274647888E1,-6.681805030199E0,
-7.798930015626E0));
#1791=CARTESIAN_POINT('',(-1.038644366197E1,-7.764801976221E0,
-6.721434232594E0));
#1792=CARTESIAN_POINT('',(-1.041014084507E1,-8.675976218754E0,
-5.495203776910E0));
#1793=CARTESIAN_POINT('',(-1.043383802817E1,-9.395164911155E0,
-4.147373170798E0));
#1794=CARTESIAN_POINT('',(-1.045753521127E1,-9.906453539531E0,
-2.707767756780E0));
#1795=CARTESIAN_POINT('',(-1.048123239437E1,-1.019852808611E1,
-1.208243710779E0));
#1796=CARTESIAN_POINT('',(-1.050492957747E1,-1.026492539106E1,
3.180168839710E-1));
#1797=CARTESIAN_POINT('',(-1.052862676057E1,-1.010417617263E1,
1.837240303370E0));
#1798=CARTESIAN_POINT('',(-1.055232394366E1,-9.719837540737E0,
3.315808541087E0));
#1799=CARTESIAN_POINT('',(-1.057602112676E1,-9.120414284645E0,
4.721003221572E0));
#1800=CARTESIAN_POINT('',(-1.059971830986E1,-8.319170676260E0,
6.021729605819E0));
#1801=CARTESIAN_POINT('',(-1.062341549296E1,-7.333836953712E0,
7.189204668806E0));
#1802=CARTESIAN_POINT('',(-1.064711267606E1,-6.186216980118E0,
8.197594022536E0));
#1803=CARTESIAN_POINT('',(-1.067080985916E1,-4.901705759444E0,
9.024583590596E0));
#1804=CARTESIAN_POINT('',(-1.069450704226E1,-3.508727486005E0,
9.651873383949E0));
#1805=CARTESIAN_POINT('',(-1.071820422535E1,-2.038106562673E0,
1.006558245149E1));
#1806=CARTESIAN_POINT('',(-1.074190140845E1,-5.223855061143E-1,
1.025655604439E1));
#1807=CARTESIAN_POINT('',(-1.076559859155E1,1.004895167276E0,1.022056819725E1));
#1808=CARTESIAN_POINT('',(-1.078929577465E1,2.509939139788E0,9.958415243E0));
#1809=CARTESIAN_POINT('',(-1.081299295775E1,3.959442151496E0,9.475898192509E0));
#1810=CARTESIAN_POINT('',(-1.083669014085E1,5.321328971116E0,8.783694368440E0));
#1811=CARTESIAN_POINT('',(-1.086038732395E1,6.565463170611E0,7.897121134075E0));
#1812=CARTESIAN_POINT('',(-1.088408450704E1,7.664313997375E0,6.835796945291E0));
#1813=CARTESIAN_POINT('',(-1.090778169014E1,8.593565587124E0,5.623207226034E0));
#1814=CARTESIAN_POINT('',(-1.093147887324E1,9.332655036588E0,4.286184673753E0));
#1815=CARTESIAN_POINT('',(-1.095517605634E1,9.865227429255E0,2.854315494778E0));
#1816=CARTESIAN_POINT('',(-1.097887323944E1,1.017949774515E1,1.359284708679E0));
#1817=CARTESIAN_POINT('',(-1.100257042254E1,1.026851164610E1,
-1.658249910396E-1));
#1818=CARTESIAN_POINT('',(-1.102626760563E1,1.013029936570E1,
-1.687265304816E0));
#1819=CARTESIAN_POINT('',(-1.104996478873E1,9.767919298593E0,
-3.171369123992E0));
#1820=CARTESIAN_POINT('',(-1.107366197183E1,9.189390324379E0,
-4.585295531418E0));
#1821=CARTESIAN_POINT('',(-1.109735915493E1,8.407514363807E0,
-5.897756520017E0));
#1822=CARTESIAN_POINT('',(-1.112105633803E1,7.439593093619E0,
-7.079709348143E0));
#1823=CARTESIAN_POINT('',(-1.114475352113E1,6.307045088724E0,
-8.104999211008E0));
#1824=CARTESIAN_POINT('',(-1.116845070423E1,5.034931863678E0,
-8.950938006803E0));
#1825=CARTESIAN_POINT('',(-1.119214788732E1,3.651403301386E0,
-9.598806390333E0));
#1826=CARTESIAN_POINT('',(-1.121584507042E1,2.187074740788E0,
-1.003426800443E1));
#1827=CARTESIAN_POINT('',(-1.123954225352E1,6.743495075558E-1,
-1.024768672283E1));
#1828=CARTESIAN_POINT('',(-1.126323943662E1,-8.532981208616E-1,
-1.023433988438E1));
#1829=CARTESIAN_POINT('',(-1.128693661972E1,-2.362063649027E0,
-9.994522799885E0));
#1830=CARTESIAN_POINT('',(-1.131063380282E1,-3.818560404837E0,
-9.533542219173E0));
#1831=CARTESIAN_POINT('',(-1.133433098592E1,-5.190558335409E0,
-8.861598902607E0));
#1832=CARTESIAN_POINT('',(-1.135802816901E1,-6.447697209106E0,
-7.993561895731E0));
#1833=CARTESIAN_POINT('',(-1.138172535211E1,-7.562158441598E0,
-6.948639501750E0));
#1834=CARTESIAN_POINT('',(-1.140542253521E1,-8.509280679646E0,
-5.749954232973E0));
#1835=CARTESIAN_POINT('',(-1.142911971831E1,-9.268105519944E0,
-4.424031145792E0));
#1836=CARTESIAN_POINT('',(-1.145281690141E1,-9.821841289690E0,
-3.000210885358E0));
#1837=CARTESIAN_POINT('',(-1.147651408451E1,-1.015823461629E1,
-1.510000413909E0));
#1838=CARTESIAN_POINT('',(-1.150021126761E1,-1.026984160044E1,
1.362415602516E-2));
#1839=CARTESIAN_POINT('',(-1.152390845070E1,-1.015419245531E1,
1.536947397467E0));
#1840=CARTESIAN_POINT('',(-1.154760563380E1,-9.813846478486E0,
3.026260173117E0));
#1841=CARTESIAN_POINT('',(-1.157130281690E1,-9.256334236555E0,
4.448607310071E0));
#1842=CARTESIAN_POINT('',(-1.158710093897E1,-8.748108309862E0,
5.331209333621E0));
#1843=CARTESIAN_POINT('',(-1.1595E1,-8.462667425E0,5.751222843139E0));
#1845=DIRECTION('',(-5.E-1,1.085417642051E-1,-8.591965348064E-1));
#1846=VECTOR('',#1845,8.868393472388E-1);
#1847=CARTESIAN_POINT('',(-8.23E0,1.282406461891E0,-1.015129242038E1));
#1848=LINE('',#1847,#1846);
#1849=DIRECTION('',(-5.E-1,7.162727882984E-1,-4.867784842650E-1));
#1850=VECTOR('',#1849,8.868393472388E-1);
#1851=CARTESIAN_POINT('',(-1.115158032638E1,-9.097886317020E0,
6.182917156374E0));
#1852=LINE('',#1851,#1850);
#1853=CARTESIAN_POINT('',(-1.1595E1,-8.462667425E0,5.751222843139E0));
#1854=CARTESIAN_POINT('',(-1.160289906103E1,-8.177226539143E0,
6.171236351985E0));
#1855=CARTESIAN_POINT('',(-1.161869718310E1,-7.543694374910E0,
6.968680344883E0));
#1856=CARTESIAN_POINT('',(-1.164239436620E1,-6.426463398609E0,
8.010643024610E0));
#1857=CARTESIAN_POINT('',(-1.166609154930E1,-5.167025110924E0,
8.875341313681E0));
#1858=CARTESIAN_POINT('',(-1.168978873239E1,-3.793248270213E0,
9.543641859845E0));
#1859=CARTESIAN_POINT('',(-1.171348591549E1,-2.335532699420E0,
1.000075592706E1));
#1860=CARTESIAN_POINT('',(-1.173718309859E1,-8.261353989884E-1,
1.023656838837E1));
#1861=CARTESIAN_POINT('',(-1.176088028169E1,7.015429348687E-1,
1.024586108943E1));
#1862=CARTESIAN_POINT('',(-1.178457746479E1,2.213697102084E0,1.002842844139E1));
#1863=CARTESIAN_POINT('',(-1.180827464789E1,3.676865433518E0,9.589081934761E0));
#1864=CARTESIAN_POINT('',(-1.183197183099E1,5.058670252425E0,8.937543675501E0));
#1865=CARTESIAN_POINT('',(-1.185566901408E1,6.328534340736E0,8.088231245388E0));
#1866=CARTESIAN_POINT('',(-1.187936619718E1,7.458357565675E0,7.059938661950E0));
#1867=CARTESIAN_POINT('',(-1.190306338028E1,8.423138691432E0,5.875420493943E0));
#1868=CARTESIAN_POINT('',(-1.192676056338E1,9.201528616877E0,4.560888336384E0));
#1869=CARTESIAN_POINT('',(-1.195045774648E1,9.776302796898E0,3.145430787127E0));
#1870=CARTESIAN_POINT('',(-1.197415492958E1,1.013474239350E1,1.660369760105E0));
#1871=CARTESIAN_POINT('',(-1.199785211267E1,1.026891572245E1,
1.385673790570E-1));
#1872=CARTESIAN_POINT('',(-1.202154929577E1,1.017585376748E1,
-1.386301210895E0));
#1873=CARTESIAN_POINT('',(-1.204524647887E1,9.857615878357E0,
-2.880493022235E0));
#1874=CARTESIAN_POINT('',(-1.206894366197E1,9.321244198988E0,
-4.310943904977E0));
#1875=CARTESIAN_POINT('',(-1.209264084507E1,8.578607834114E0,
-5.646000204650E0));
#1876=CARTESIAN_POINT('',(-1.211633802817E1,7.646140202960E0,
-6.856119207927E0));
#1877=CARTESIAN_POINT('',(-1.214003521127E1,6.544475391861E0,
-7.914522876142E0));
#1878=CARTESIAN_POINT('',(-1.216373239436E1,5.297991552856E0,
-8.797790400629E0));
#1879=CARTESIAN_POINT('',(-1.218742957746E1,3.934271452156E0,
-9.486376467599E0));
#1880=CARTESIAN_POINT('',(-1.221112676056E1,2.483492105753E0,
-9.965043764207E0));
#1881=CARTESIAN_POINT('',(-1.223482394366E1,9.777570085778E-1,
-1.022320015517E1));
#1882=CARTESIAN_POINT('',(-1.225852112676E1,-5.496142660317E-1,
-1.025513306878E1));
#1883=CARTESIAN_POINT('',(-1.228221830986E1,-2.064823376515E0,
-1.006013590585E1));
#1884=CARTESIAN_POINT('',(-1.230591549296E1,-3.534341117391E0,
-9.642523674208E0));
#1885=CARTESIAN_POINT('',(-1.232961267605E1,-4.925649367756E0,
-9.011537503116E0));
#1886=CARTESIAN_POINT('',(-1.235330985915E1,-6.207960665821E0,
-8.181140150321E0));
#1887=CARTESIAN_POINT('',(-1.237700704225E1,-7.352899486471E0,
-7.169707027062E0));
#1888=CARTESIAN_POINT('',(-1.240070422535E1,-8.335130146272E0,
-5.999619578132E0));
#1889=CARTESIAN_POINT('',(-1.242440140845E1,-9.132917441398E0,
-4.696770014895E0));
#1890=CARTESIAN_POINT('',(-1.244809859155E1,-9.728607612499E0,
-3.289988360765E0));
#1891=CARTESIAN_POINT('',(-1.247179577465E1,-1.010901899353E1,
-1.810404487735E0));
#1892=CARTESIAN_POINT('',(-1.249549295774E1,-1.026573370018E1,
-2.907592610994E-1));
#1893=CARTESIAN_POINT('',(-1.251919014084E1,-1.019528390324E1,
1.235319964350E0));
#1894=CARTESIAN_POINT('',(-1.254288732394E1,-9.899228565214E0,
2.734063464532E0));
#1895=CARTESIAN_POINT('',(-1.256658450704E1,-9.384118941856E0,
4.172306416497E0));
#1896=CARTESIAN_POINT('',(-1.259028169014E1,-8.661353612363E0,
5.518222783153E0));
#1897=CARTESIAN_POINT('',(-1.261397887324E1,-7.746926245998E0,
6.742029572621E0));
#1898=CARTESIAN_POINT('',(-1.263767605634E1,-6.661071686794E0,
7.816645888092E0));
#1899=CARTESIAN_POINT('',(-1.266137323943E1,-5.427818187916E0,
8.718292184487E0));
#1900=CARTESIAN_POINT('',(-1.268507042253E1,-4.074455704044E0,
9.427016471344E0));
#1901=CARTESIAN_POINT('',(-1.270876760563E1,-2.630932007635E0,
9.927135817939E0));
#1902=CARTESIAN_POINT('',(-1.273246478873E1,-1.129189992062E0,
1.020758339085E1));
#1903=CARTESIAN_POINT('',(-1.275616197183E1,3.975391739526E-1,
1.026215334463E1));
#1904=CARTESIAN_POINT('',(-1.277985915493E1,1.915471399226E0,1.008963814653E1));
#1905=CARTESIAN_POINT('',(-1.280355633803E1,3.391017258165E0,9.693855296579E0));
#1906=CARTESIAN_POINT('',(-1.282725352113E1,4.791525271044E0,9.083562851747E0));
#1907=CARTESIAN_POINT('',(-1.285095070422E1,6.086004428922E0,8.272265623504E0));
#1908=CARTESIAN_POINT('',(-1.287464788732E1,7.245809974892E0,7.277916337381E0));
#1909=CARTESIAN_POINT('',(-1.289834507042E1,8.245277266437E0,6.122518367367E0));
#1910=CARTESIAN_POINT('',(-1.292204225352E1,9.062289692560E0,4.831638836034E0));
#1911=CARTESIAN_POINT('',(-1.294573943662E1,9.678768078591E0,3.433842854695E0));
#1912=CARTESIAN_POINT('',(-1.296943661972E1,1.008107074897E1,1.960061422969E0));
#1913=CARTESIAN_POINT('',(-1.299313380282E1,1.026029539528E1,
4.429069751215E-1));
#1914=CARTESIAN_POINT('',(-1.301683098591E1,1.021247606962E1,
-1.084048280968E0));
#1915=CARTESIAN_POINT('',(-1.304052816901E1,9.938670944329E0,
-2.587015263001E0));
#1916=CARTESIAN_POINT('',(-1.306422535211E1,9.444938895959E0,
-4.032735712466E0));
#1917=CARTESIAN_POINT('',(-1.308792253521E1,8.742205431718E0,
-5.389218146511E0));
#1918=CARTESIAN_POINT('',(-1.311161971831E1,7.846020925253E0,
-6.626445778041E0));
#1919=CARTESIAN_POINT('',(-1.313531690141E1,6.776216511588E0,
-7.717040738939E0));
#1920=CARTESIAN_POINT('',(-1.315901408451E1,5.556465255740E0,
-8.636869908214E0));
#1921=CARTESIAN_POINT('',(-1.318271126760E1,4.213758305645E0,
-9.365578939092E0));
#1922=CARTESIAN_POINT('',(-1.320640845070E1,2.777807621272E0,
-9.887042667900E0));
#1923=CARTESIAN_POINT('',(-1.323010563380E1,1.280388496584E0,
-1.018972193793E1));
#1924=CARTESIAN_POINT('',(-1.325380281690E1,-2.453635767356E-1,
-1.026691894232E1));
#1925=CARTESIAN_POINT('',(-1.32775E1,-1.765686144525E0,-1.011692543575E1));
#1926=CARTESIAN_POINT('',(-1.330119718310E1,-3.246936899040E0,
-9.743060535046E0));
#1927=CARTESIAN_POINT('',(-1.332489436620E1,-4.656338129202E0,
-9.153597272482E0));
#1928=CARTESIAN_POINT('',(-1.334859154929E1,-5.962702038709E0,
-8.361579526866E0));
#1929=CARTESIAN_POINT('',(-1.337228873239E1,-7.137120881905E0,
-7.384533383488E0));
#1930=CARTESIAN_POINT('',(-1.339598591549E1,-8.153606645816E0,
-6.244079310060E0));
#1931=CARTESIAN_POINT('',(-1.341968309859E1,-8.989666123217E0,
-4.965453730563E0));
#1932=CARTESIAN_POINT('',(-1.344338028169E1,-9.626798651300E0,
-3.576950583791E0));
#1933=CARTESIAN_POINT('',(-1.346707746479E1,-1.005090550179E1,
-2.109295224001E0));
#1934=CARTESIAN_POINT('',(-1.349077464789E1,-1.025260186335E1,
-5.949645182168E-1));
#1935=CARTESIAN_POINT('',(-1.351447183099E1,-1.022742451263E1,
9.325318146533E-1));
#1936=CARTESIAN_POINT('',(-1.353816901408E1,-9.975930578481E0,
2.439392720098E0));
#1937=CARTESIAN_POINT('',(-1.356186619718E1,-9.503685213903E0,
3.892273771126E0));
#1938=CARTESIAN_POINT('',(-1.358556338028E1,-8.821138448442E0,
5.259025027013E0));
#1939=CARTESIAN_POINT('',(-1.360926056338E1,-7.943393946135E0,
6.509402460059E0));
#1940=CARTESIAN_POINT('',(-1.363295774648E1,-6.889874785978E0,
7.615737207615E0));
#1941=CARTESIAN_POINT('',(-1.365665492958E1,-5.683893660652E0,
8.553547839927E0));
#1942=CARTESIAN_POINT('',(-1.368035211268E1,-4.352137004305E0,
9.302082095271E0));
#1943=CARTESIAN_POINT('',(-1.370404929577E1,-2.924074464780E0,
9.844776094660E0));
#1944=CARTESIAN_POINT('',(-1.372774647887E1,-1.431306787738E0,
1.016962087442E1));
#1945=CARTESIAN_POINT('',(-1.375144366197E1,9.313345710595E-2,
1.026942812585E1));
#1946=CARTESIAN_POINT('',(-1.377514084507E1,1.615512833796E0,1.014198926157E1));
#1947=CARTESIAN_POINT('',(-1.379883802817E1,3.102143507117E0,9.790124288624E0));
#1948=CARTESIAN_POINT('',(-1.382253521127E1,4.520128700621E0,9.221619406871E0));
#1949=CARTESIAN_POINT('',(-1.384623239437E1,5.838090649914E0,8.449054713460E0));
#1950=CARTESIAN_POINT('',(-1.386992957746E1,7.026864942766E0,7.489525826014E0));
#1951=CARTESIAN_POINT('',(-1.389362676056E1,8.060145881403E0,6.364265584504E0));
#1952=CARTESIAN_POINT('',(-1.391732394366E1,8.915068586147E0,5.098174202945E0));
#1953=CARTESIAN_POINT('',(-1.394102112676E1,9.572714959359E0,3.719268267863E0));
#1954=CARTESIAN_POINT('',(-1.396471830986E1,1.001853231350E1,2.258060776302E0));
#1955=CARTESIAN_POINT('',(-1.398841549296E1,1.024265539974E1,
7.468859321172E-1));
#1956=CARTESIAN_POINT('',(-1.401211267606E1,1.024012471105E1,
-7.808163582909E-1));
#1957=CARTESIAN_POINT('',(-1.403580985915E1,1.001099622915E1,
-2.291240457838E0));
#1958=CARTESIAN_POINT('',(-1.405950704225E1,9.560340186644E0,
-3.750963063839E0));
#1959=CARTESIAN_POINT('',(-1.408320422535E1,8.898128871818E0,
-5.127682812813E0));
#1960=CARTESIAN_POINT('',(-1.410690140845E1,8.039015958641E0,
-6.390935058762E0));
#1961=CARTESIAN_POINT('',(-1.413059859155E1,7.002012245132E0,
-7.512766007977E0));
#1962=CARTESIAN_POINT('',(-1.415429577465E1,5.810064975360E0,
-8.468351292864E0));
#1963=CARTESIAN_POINT('',(-1.417799295775E1,4.489550054038E0,
-9.236545296698E0));
#1964=CARTESIAN_POINT('',(-1.420169014085E1,3.069688390121E0,
-9.800349073598E0));
#1965=CARTESIAN_POINT('',(-1.422538732394E1,1.581899284806E0,
-1.014728650938E1));
#1966=CARTESIAN_POINT('',(-1.424908450704E1,5.910517237442E-2,
-1.026968039941E1));
#1967=CARTESIAN_POINT('',(-1.427278169014E1,-1.464996901131E0,
-1.016482233424E1));
#1968=CARTESIAN_POINT('',(-1.429647887324E1,-2.956680940408E0,
-9.835032633699E0));
#1969=CARTESIAN_POINT('',(-1.432017605634E1,-4.382938304232E0,
-9.287609003171E0));
#1970=CARTESIAN_POINT('',(-1.434387323944E1,-5.712208135142E0,
-8.534665048108E0));
#1971=CARTESIAN_POINT('',(-1.436757042254E1,-6.915075752177E0,
-7.592862220217E0));
#1972=CARTESIAN_POINT('',(-1.439126760563E1,-7.964923552363E0,
-6.483041126853E0));
#1973=CARTESIAN_POINT('',(-1.441496478873E1,-8.838520017470E0,
-5.229760362107E0));
#1974=CARTESIAN_POINT('',(-1.443866197183E1,-9.516533792241E0,
-3.860753064523E0));
#1975=CARTESIAN_POINT('',(-1.446235915493E1,-9.983961458308E0,
-2.406313226886E0));
#1976=CARTESIAN_POINT('',(-1.448605633803E1,-1.023045953779E1,
-8.986253380956E-1));
#1977=CARTESIAN_POINT('',(-1.450975352113E1,-1.025057337982E1,
6.289478089713E-1));
#1978=CARTESIAN_POINT('',(-1.453345070423E1,-1.004385786502E1,
2.142603383898E0));
#1979=CARTESIAN_POINT('',(-1.455714788732E1,-9.614887256910E0,
3.608846522818E0));
#1980=CARTESIAN_POINT('',(-1.458084507042E1,-8.973153982188E0,
4.995231517993E0));
#1981=CARTESIAN_POINT('',(-1.460454225352E1,-8.132858579619E0,
6.271079791511E0));
#1982=CARTESIAN_POINT('',(-1.462823943662E1,-7.112595465641E0,
7.408158765445E0));
#1983=CARTESIAN_POINT('',(-1.465193661972E1,-5.934941470112E0,
8.381306606116E0));
#1984=CARTESIAN_POINT('',(-1.467563380282E1,-4.625956247212E0,
9.168989017821E0));
#1985=CARTESIAN_POINT('',(-1.469933098592E1,-3.214605616607E0,
9.753775764983E0));
#1986=CARTESIAN_POINT('',(-1.472302816901E1,-1.732120595366E0,
1.012272637802E1));
#1987=CARTESIAN_POINT('',(-1.474672535211E1,-2.113063042457E-1,
1.026767650770E1));
#1988=CARTESIAN_POINT('',(-1.477042253521E1,1.314183958799E0,1.018541859173E1));
#1989=CARTESIAN_POINT('',(-1.479411971831E1,2.810593414563E0,9.877772834284E0));
#1990=CARTESIAN_POINT('',(-1.481781690141E1,4.244808787866E0,9.351546932508E0));
#1991=CARTESIAN_POINT('',(-1.484151408451E1,5.585093056871E0,8.618385423939E0));
#1992=CARTESIAN_POINT('',(-1.486521126761E1,6.801787735614E0,7.694512051805E0));
#1993=CARTESIAN_POINT('',(-1.488890845070E1,7.867969209755E0,6.600370613561E0));
#1994=CARTESIAN_POINT('',(-1.491260563380E1,8.760044376124E0,5.360173119126E0));
#1995=CARTESIAN_POINT('',(-1.493630281690E1,9.458273247758E0,4.001361976723E0));
#1996=CARTESIAN_POINT('',(-1.495210093897E1,9.784226960115E0,3.036460892706E0));
#1997=CARTESIAN_POINT('',(-1.496E1,9.910518298991E0,2.544588607805E0));
#1999=DIRECTION('',(-5.E-1,-7.162727882984E-1,4.867784842650E-1));
#2000=VECTOR('',#1999,8.868393472388E-1);
#2001=CARTESIAN_POINT('',(-1.1595E1,-8.462667425E0,5.751222843139E0));
#2002=LINE('',#2001,#2000);
#2003=DIRECTION('',(-1.E0,0.E0,0.E0));
#2004=VECTOR('',#2003,8.868393472388E-1);
#2005=CARTESIAN_POINT('',(-1.451658032638E1,1.065441477242E1,2.735588758812E0));
#2006=LINE('',#2005,#2004);
#2007=DIRECTION('',(-5.E-1,-8.388176232153E-1,-2.153717599490E-1));
#2008=VECTOR('',#2007,8.868393472388E-1);
#2009=CARTESIAN_POINT('',(-1.451658032638E1,1.065441477242E1,2.735588758812E0));
#2010=LINE('',#2009,#2008);
#2011=DIRECTION('',(-5.E-1,8.388176232153E-1,2.153717599490E-1));
#2012=VECTOR('',#2011,8.868393472388E-1);
#2013=CARTESIAN_POINT('',(-1.496E1,9.910518298991E0,2.544588607805E0));
#2014=LINE('',#2013,#2012);
#2015=CARTESIAN_POINT('',(-2.983078314283E0,1.018644688061E1,
-1.543626956515E0));
#2016=CARTESIAN_POINT('',(-2.981084140204E0,1.022171439771E1,
-1.287842054069E0));
#2017=CARTESIAN_POINT('',(-2.977095314193E0,1.027298032916E1,
-7.738154090339E-1));
#2018=CARTESIAN_POINT('',(-2.973105532482E0,1.028546822339E1,
-2.577857137643E-1));
#2019=CARTESIAN_POINT('',(-2.971110402702E0,1.028201255724E1,0.E0));
#2021=CARTESIAN_POINT('',(-2.983078314283E0,0.E0,0.E0));
#2022=DIRECTION('',(-1.E0,0.E0,0.E0));
#2023=DIRECTION('',(0.E0,9.887122561938E-1,-1.498268148634E-1));
#2024=AXIS2_PLACEMENT_3D('',#2021,#2022,#2023);
#2026=CARTESIAN_POINT('',(-2.346410161514E0,0.E0,0.E0));
#2027=DIRECTION('',(-1.E0,0.E0,0.E0));
#2028=DIRECTION('',(0.E0,1.E0,0.E0));
#2029=AXIS2_PLACEMENT_3D('',#2026,#2027,#2028);
#2031=CARTESIAN_POINT('',(-2.971110402702E0,1.028201255724E1,0.E0));
#2032=CARTESIAN_POINT('',(-2.967934791559E0,1.027651223739E1,
4.103127491486E-1));
#2033=CARTESIAN_POINT('',(-2.961560148582E0,1.021646226247E1,1.232696048436E0));
#2034=CARTESIAN_POINT('',(-2.951884611984E0,9.975464284787E0,2.458760217661E0));
#2035=CARTESIAN_POINT('',(-2.945445159633E0,9.717525700678E0,3.247949258676E0));
#2036=CARTESIAN_POINT('',(-2.942220941459E0,9.565087286623E0,3.633511832775E0));
#2038=DIRECTION('',(5.E-1,-8.660254037844E-1,0.E0));
#2039=VECTOR('',#2038,1.249400482377E0);
#2040=CARTESIAN_POINT('',(-2.971110402702E0,1.028201255724E1,0.E0));
#2041=LINE('',#2040,#2039);
#2042=DIRECTION('',(5.E-1,8.660254037844E-1,0.E0));
#2043=VECTOR('',#2042,1.273336305539E0);
#2044=CARTESIAN_POINT('',(-2.983078314283E0,-1.030274158816E1,0.E0));
#2045=LINE('',#2044,#2043);
#2046=CARTESIAN_POINT('',(-2.983078314283E0,0.E0,0.E0));
#2047=DIRECTION('',(1.E0,0.E0,0.E0));
#2048=DIRECTION('',(0.E0,9.348232095325E-1,3.551134564041E-1));
#2049=AXIS2_PLACEMENT_3D('',#2046,#2047,#2048);
#2051=DIRECTION('',(-5.E-1,8.095805876600E-1,3.075374320047E-1));
#2052=VECTOR('',#2051,8.171474564915E-2);
#2053=CARTESIAN_POINT('',(-2.942220941459E0,9.565087286623E0,3.633511832775E0));
#2054=LINE('',#2053,#2052);
#2055=CARTESIAN_POINT('',(-2.E0,9.4E0,0.E0));
#2056=DIRECTION('',(0.E0,0.E0,1.E0));
#2057=DIRECTION('',(-8.660254037844E-1,-5.E-1,0.E0));
#2058=AXIS2_PLACEMENT_3D('',#2055,#2056,#2057);
#2060=CARTESIAN_POINT('',(-2.E0,-9.4E0,0.E0));
#2061=DIRECTION('',(0.E0,0.E0,-1.E0));
#2062=DIRECTION('',(-8.660254037844E-1,5.E-1,0.E0));
#2063=AXIS2_PLACEMENT_3D('',#2060,#2061,#2062);
#2065=CARTESIAN_POINT('',(-2.346410161514E0,0.E0,0.E0));
#2066=DIRECTION('',(1.E0,0.E0,0.E0));
#2067=DIRECTION('',(0.E0,1.E0,0.E0));
#2068=AXIS2_PLACEMENT_3D('',#2065,#2066,#2067);
#2070=CARTESIAN_POINT('',(-1.758E1,8.05E0,0.E0));
#2071=CARTESIAN_POINT('',(-1.621007006827E1,1.25E1,0.E0));
#2072=VERTEX_POINT('',#2070);
#2073=VERTEX_POINT('',#2071);
#2074=CARTESIAN_POINT('',(-1.546E1,1.25E1,0.E0));
#2075=VERTEX_POINT('',#2074);
#2076=CARTESIAN_POINT('',(-2.E0,9.E0,0.E0));
#2077=CARTESIAN_POINT('',(0.E0,9.E0,0.E0));
#2078=VERTEX_POINT('',#2076);
#2079=VERTEX_POINT('',#2077);
#2080=CARTESIAN_POINT('',(-1.758E1,-8.05E0,0.E0));
#2081=CARTESIAN_POINT('',(-1.621007006827E1,-1.25E1,0.E0));
#2082=VERTEX_POINT('',#2080);
#2083=VERTEX_POINT('',#2081);
#2084=CARTESIAN_POINT('',(-1.546E1,-1.25E1,0.E0));
#2085=VERTEX_POINT('',#2084);
#2086=CARTESIAN_POINT('',(-2.E0,-9.E0,0.E0));
#2087=CARTESIAN_POINT('',(0.E0,-9.E0,0.E0));
#2088=VERTEX_POINT('',#2086);
#2089=VERTEX_POINT('',#2087);
#2090=CARTESIAN_POINT('',(-1.546E1,1.1E1,0.E0));
#2091=CARTESIAN_POINT('',(-1.546E1,-1.1E1,0.E0));
#2092=VERTEX_POINT('',#2090);
#2093=VERTEX_POINT('',#2091);
#2094=VERTEX_POINT('',#1545);
#2095=VERTEX_POINT('',#1689);
#2096=VERTEX_POINT('',#1843);
#2097=VERTEX_POINT('',#1997);
#2098=VERTEX_POINT('',#31);
#2099=VERTEX_POINT('',#43);
#2100=VERTEX_POINT('',#87);
#2101=VERTEX_POINT('',#99);
#2102=VERTEX_POINT('',#45);
#2103=VERTEX_POINT('',#101);
#2104=VERTEX_POINT('',#125);
#2105=VERTEX_POINT('',#143);
#2106=VERTEX_POINT('',#167);
#2107=VERTEX_POINT('',#195);
#2108=VERTEX_POINT('',#219);
#2109=VERTEX_POINT('',#221);
#2110=VERTEX_POINT('',#245);
#2111=VERTEX_POINT('',#247);
#2112=VERTEX_POINT('',#271);
#2113=VERTEX_POINT('',#169);
#2114=VERTEX_POINT('',#193);
#2115=VERTEX_POINT('',#141);
#2116=VERTEX_POINT('',#273);
#2117=VERTEX_POINT('',#297);
#2118=VERTEX_POINT('',#299);
#2119=VERTEX_POINT('',#323);
#2120=VERTEX_POINT('',#351);
#2121=VERTEX_POINT('',#375);
#2122=VERTEX_POINT('',#325);
#2123=VERTEX_POINT('',#349);
#2124=VERTEX_POINT('',#377);
#2125=VERTEX_POINT('',#401);
#2126=VERTEX_POINT('',#403);
#2127=VERTEX_POINT('',#427);
#2128=VERTEX_POINT('',#486);
#2129=VERTEX_POINT('',#510);
#2130=VERTEX_POINT('',#538);
#2131=VERTEX_POINT('',#562);
#2132=VERTEX_POINT('',#590);
#2133=VERTEX_POINT('',#594);
#2134=VERTEX_POINT('',#601);
#2135=VERTEX_POINT('',#610);
#2136=VERTEX_POINT('',#760);
#2137=VERTEX_POINT('',#796);
#2138=VERTEX_POINT('',#766);
#2139=VERTEX_POINT('',#790);
#2140=VERTEX_POINT('',#856);
#2141=VERTEX_POINT('',#1048);
#2142=VERTEX_POINT('',#1166);
#2143=VERTEX_POINT('',#1212);
#2144=VERTEX_POINT('',#1257);
#2145=VERTEX_POINT('',#1275);
#2146=VERTEX_POINT('',#1321);
#2147=VERTEX_POINT('',#1339);
#2148=CARTESIAN_POINT('',(-6.556580592446E0,1.1E1,0.E0));
#2149=CARTESIAN_POINT('',(-6.443419332829E0,1.1E1,1.272067144936E-14));
#2150=VERTEX_POINT('',#2148);
#2151=VERTEX_POINT('',#2149);
#2152=CARTESIAN_POINT('',(-4.234444941615E0,1.063804426539E1,
-1.759416800278E-14));
#2153=VERTEX_POINT('',#2152);
#2154=CARTESIAN_POINT('',(-3.828375197426E0,1.052923820536E1,
1.999315408633E-14));
#2155=VERTEX_POINT('',#2154);
#2156=VERTEX_POINT('',#1455);
#2157=VERTEX_POINT('',#1435);
#2158=CARTESIAN_POINT('',(-2.346410161514E0,9.2E0,0.E0));
#2159=VERTEX_POINT('',#2158);
#2160=CARTESIAN_POINT('',(-2.983078314283E0,-1.030274158816E1,0.E0));
#2161=CARTESIAN_POINT('',(-2.346410161514E0,-9.2E0,0.E0));
#2162=VERTEX_POINT('',#2160);
#2163=VERTEX_POINT('',#2161);
#2164=VERTEX_POINT('',#2015);
#2165=VERTEX_POINT('',#2019);
#2166=CARTESIAN_POINT('',(0.E0,0.E0,0.E0));
#2167=DIRECTION('',(-1.E0,0.E0,0.E0));
#2168=DIRECTION('',(0.E0,-1.E0,0.E0));
#2169=AXIS2_PLACEMENT_3D('',#2166,#2167,#2168);
#2170=PLANE('',#2169);
#2172=ORIENTED_EDGE('',*,*,#2171,.F.);
#2174=ORIENTED_EDGE('',*,*,#2173,.T.);
#2175=EDGE_LOOP('',(#2172,#2174));
#2176=FACE_OUTER_BOUND('',#2175,.F.);
#2177=ADVANCED_FACE('',(#2176),#2170,.F.);
#2178=CARTESIAN_POINT('',(-1.758E1,0.E0,0.E0));
#2179=DIRECTION('',(-1.E0,0.E0,0.E0));
#2180=DIRECTION('',(0.E0,-1.E0,0.E0));
#2181=AXIS2_PLACEMENT_3D('',#2178,#2179,#2180);
#2182=PLANE('',#2181);
#2184=ORIENTED_EDGE('',*,*,#2183,.T.);
#2186=ORIENTED_EDGE('',*,*,#2185,.F.);
#2187=EDGE_LOOP('',(#2184,#2186));
#2188=FACE_OUTER_BOUND('',#2187,.F.);
#2189=ADVANCED_FACE('',(#2188),#2182,.T.);
#2190=CARTESIAN_POINT('',(1.648167200829E1,0.E0,0.E0));
#2191=DIRECTION('',(-1.E0,0.E0,0.E0));
#2192=DIRECTION('',(0.E0,-1.E0,0.E0));
#2193=AXIS2_PLACEMENT_3D('',#2190,#2191,#2192);
#2194=SPHERICAL_SURFACE('',#2193,3.5E1);
#2196=ORIENTED_EDGE('',*,*,#2195,.F.);
#2197=ORIENTED_EDGE('',*,*,#2185,.T.);
#2199=ORIENTED_EDGE('',*,*,#2198,.T.);
#2201=ORIENTED_EDGE('',*,*,#2200,.F.);
#2202=EDGE_LOOP('',(#2196,#2197,#2199,#2201));
#2203=FACE_OUTER_BOUND('',#2202,.F.);
#2204=ADVANCED_FACE('',(#2203),#2194,.T.);
#2205=CARTESIAN_POINT('',(8.79E-1,0.E0,0.E0));
#2206=DIRECTION('',(-1.E0,0.E0,0.E0));
#2207=DIRECTION('',(0.E0,-1.E0,0.E0));
#2208=AXIS2_PLACEMENT_3D('',#2205,#2206,#2207);
#2209=CYLINDRICAL_SURFACE('',#2208,1.25E1);
#2211=ORIENTED_EDGE('',*,*,#2210,.F.);
#2212=ORIENTED_EDGE('',*,*,#2200,.T.);
#2214=ORIENTED_EDGE('',*,*,#2213,.T.);
#2216=ORIENTED_EDGE('',*,*,#2215,.F.);
#2217=EDGE_LOOP('',(#2211,#2212,#2214,#2216));
#2218=FACE_OUTER_BOUND('',#2217,.F.);
#2219=ADVANCED_FACE('',(#2218),#2209,.T.);
#2220=CARTESIAN_POINT('',(-1.546E1,0.E0,0.E0));
#2221=DIRECTION('',(-1.E0,0.E0,0.E0));
#2222=DIRECTION('',(0.E0,-1.E0,0.E0));
#2223=AXIS2_PLACEMENT_3D('',#2220,#2221,#2222);
#2224=PLANE('',#2223);
#2225=ORIENTED_EDGE('',*,*,#2215,.T.);
#2227=ORIENTED_EDGE('',*,*,#2226,.F.);
#2228=EDGE_LOOP('',(#2225,#2227));
#2229=FACE_OUTER_BOUND('',#2228,.F.);
#2230=ADVANCED_FACE('',(#2229),#2224,.F.);
#2231=CARTESIAN_POINT('',(8.79E-1,0.E0,0.E0));
#2232=DIRECTION('',(-1.E0,0.E0,0.E0));
#2233=DIRECTION('',(0.E0,-1.E0,0.E0));
#2234=AXIS2_PLACEMENT_3D('',#2231,#2232,#2233);
#2235=CYLINDRICAL_SURFACE('',#2234,1.1E1);
#2237=ORIENTED_EDGE('',*,*,#2236,.F.);
#2239=ORIENTED_EDGE('',*,*,#2238,.F.);
#2241=ORIENTED_EDGE('',*,*,#2240,.T.);
#2243=ORIENTED_EDGE('',*,*,#2242,.F.);
#2245=ORIENTED_EDGE('',*,*,#2244,.F.);
#2246=EDGE_LOOP('',(#2237,#2239,#2241,#2243,#2245));
#2247=FACE_OUTER_BOUND('',#2246,.F.);
#2248=ADVANCED_FACE('',(#2247),#2235,.T.);
#2249=CARTESIAN_POINT('',(8.79E-1,0.E0,0.E0));
#2250=DIRECTION('',(-1.E0,0.E0,0.E0));
#2251=DIRECTION('',(0.E0,-1.E0,0.E0));
#2252=AXIS2_PLACEMENT_3D('',#2249,#2250,#2251);
#2253=CYLINDRICAL_SURFACE('',#2252,1.1E1);
#2255=ORIENTED_EDGE('',*,*,#2254,.F.);
#2257=ORIENTED_EDGE('',*,*,#2256,.F.);
#2259=ORIENTED_EDGE('',*,*,#2258,.F.);
#2261=ORIENTED_EDGE('',*,*,#2260,.T.);
#2263=ORIENTED_EDGE('',*,*,#2262,.F.);
#2264=EDGE_LOOP('',(#2255,#2257,#2259,#2261,#2263));
#2265=FACE_OUTER_BOUND('',#2264,.F.);
#2266=ADVANCED_FACE('',(#2265),#2253,.T.);
#2267=CARTESIAN_POINT('',(8.79E-1,0.E0,0.E0));
#2268=DIRECTION('',(-1.E0,0.E0,0.E0));
#2269=DIRECTION('',(0.E0,-1.E0,0.E0));
#2270=AXIS2_PLACEMENT_3D('',#2267,#2268,#2269);
#2271=CYLINDRICAL_SURFACE('',#2270,1.1E1);
#2273=ORIENTED_EDGE('',*,*,#2272,.F.);
#2275=ORIENTED_EDGE('',*,*,#2274,.T.);
#2277=ORIENTED_EDGE('',*,*,#2276,.F.);
#2279=ORIENTED_EDGE('',*,*,#2278,.F.);
#2280=EDGE_LOOP('',(#2273,#2275,#2277,#2279));
#2281=FACE_OUTER_BOUND('',#2280,.F.);
#2282=ADVANCED_FACE('',(#2281),#2271,.T.);
#2283=CARTESIAN_POINT('',(8.79E-1,0.E0,0.E0));
#2284=DIRECTION('',(-1.E0,0.E0,0.E0));
#2285=DIRECTION('',(0.E0,-1.E0,0.E0));
#2286=AXIS2_PLACEMENT_3D('',#2283,#2284,#2285);
#2287=CYLINDRICAL_SURFACE('',#2286,1.1E1);
#2289=ORIENTED_EDGE('',*,*,#2288,.F.);
#2291=ORIENTED_EDGE('',*,*,#2290,.T.);
#2293=ORIENTED_EDGE('',*,*,#2292,.F.);
#2295=ORIENTED_EDGE('',*,*,#2294,.F.);
#2296=EDGE_LOOP('',(#2289,#2291,#2293,#2295));
#2297=FACE_OUTER_BOUND('',#2296,.F.);
#2298=ADVANCED_FACE('',(#2297),#2287,.T.);
#2299=CARTESIAN_POINT('',(8.79E-1,0.E0,0.E0));
#2300=DIRECTION('',(-1.E0,0.E0,0.E0));
#2301=DIRECTION('',(0.E0,-1.E0,0.E0));
#2302=AXIS2_PLACEMENT_3D('',#2299,#2300,#2301);
#2303=CYLINDRICAL_SURFACE('',#2302,1.1E1);
#2305=ORIENTED_EDGE('',*,*,#2304,.F.);
#2307=ORIENTED_EDGE('',*,*,#2306,.F.);
#2309=ORIENTED_EDGE('',*,*,#2308,.F.);
#2311=ORIENTED_EDGE('',*,*,#2310,.T.);
#2312=EDGE_LOOP('',(#2305,#2307,#2309,#2311));
#2313=FACE_OUTER_BOUND('',#2312,.F.);
#2314=ADVANCED_FACE('',(#2313),#2303,.T.);
#2315=CARTESIAN_POINT('',(8.79E-1,0.E0,0.E0));
#2316=DIRECTION('',(-1.E0,0.E0,0.E0));
#2317=DIRECTION('',(0.E0,-1.E0,0.E0));
#2318=AXIS2_PLACEMENT_3D('',#2315,#2316,#2317);
#2319=CYLINDRICAL_SURFACE('',#2318,1.1E1);
#2321=ORIENTED_EDGE('',*,*,#2320,.F.);
#2323=ORIENTED_EDGE('',*,*,#2322,.T.);
#2325=ORIENTED_EDGE('',*,*,#2324,.F.);
#2327=ORIENTED_EDGE('',*,*,#2326,.F.);
#2328=EDGE_LOOP('',(#2321,#2323,#2325,#2327));
#2329=FACE_OUTER_BOUND('',#2328,.F.);
#2330=ADVANCED_FACE('',(#2329),#2319,.T.);
#2331=CARTESIAN_POINT('',(8.79E-1,0.E0,0.E0));
#2332=DIRECTION('',(-1.E0,0.E0,0.E0));
#2333=DIRECTION('',(0.E0,-1.E0,0.E0));
#2334=AXIS2_PLACEMENT_3D('',#2331,#2332,#2333);
#2335=CYLINDRICAL_SURFACE('',#2334,1.1E1);
#2337=ORIENTED_EDGE('',*,*,#2336,.F.);
#2339=ORIENTED_EDGE('',*,*,#2338,.T.);
#2341=ORIENTED_EDGE('',*,*,#2340,.F.);
#2343=ORIENTED_EDGE('',*,*,#2342,.F.);
#2344=EDGE_LOOP('',(#2337,#2339,#2341,#2343));
#2345=FACE_OUTER_BOUND('',#2344,.F.);
#2346=ADVANCED_FACE('',(#2345),#2335,.T.);
#2347=CARTESIAN_POINT('',(8.79E-1,0.E0,0.E0));
#2348=DIRECTION('',(-1.E0,0.E0,0.E0));
#2349=DIRECTION('',(0.E0,-1.E0,0.E0));
#2350=AXIS2_PLACEMENT_3D('',#2347,#2348,#2349);
#2351=CYLINDRICAL_SURFACE('',#2350,1.1E1);
#2353=ORIENTED_EDGE('',*,*,#2352,.F.);
#2355=ORIENTED_EDGE('',*,*,#2354,.F.);
#2357=ORIENTED_EDGE('',*,*,#2356,.T.);
#2359=ORIENTED_EDGE('',*,*,#2358,.T.);
#2360=EDGE_LOOP('',(#2353,#2355,#2357,#2359));
#2361=FACE_OUTER_BOUND('',#2360,.F.);
#2362=ADVANCED_FACE('',(#2361),#2351,.T.);
#2363=CARTESIAN_POINT('',(8.79E-1,0.E0,0.E0));
#2364=DIRECTION('',(-1.E0,0.E0,0.E0));
#2365=DIRECTION('',(0.E0,-1.E0,0.E0));
#2366=AXIS2_PLACEMENT_3D('',#2363,#2364,#2365);
#2367=CYLINDRICAL_SURFACE('',#2366,1.1E1);
#2369=ORIENTED_EDGE('',*,*,#2368,.F.);
#2371=ORIENTED_EDGE('',*,*,#2370,.F.);
#2373=ORIENTED_EDGE('',*,*,#2372,.T.);
#2375=ORIENTED_EDGE('',*,*,#2374,.F.);
#2376=EDGE_LOOP('',(#2369,#2371,#2373,#2375));
#2377=FACE_OUTER_BOUND('',#2376,.F.);
#2378=ADVANCED_FACE('',(#2377),#2367,.T.);
#2379=CARTESIAN_POINT('',(-4.318356825450E0,0.E0,0.E0));
#2380=DIRECTION('',(-1.E0,0.E0,0.E0));
#2381=DIRECTION('',(0.E0,-1.E0,0.E0));
#2382=AXIS2_PLACEMENT_3D('',#2379,#2380,#2381);
#2383=CONICAL_SURFACE('',#2382,1.066052838690E1,1.5E1);
#2385=ORIENTED_EDGE('',*,*,#2384,.F.);
#2387=ORIENTED_EDGE('',*,*,#2386,.F.);
#2389=ORIENTED_EDGE('',*,*,#2388,.F.);
#2391=ORIENTED_EDGE('',*,*,#2390,.T.);
#2392=EDGE_LOOP('',(#2385,#2387,#2389,#2391));
#2393=FACE_OUTER_BOUND('',#2392,.F.);
#2394=ADVANCED_FACE('',(#2393),#2383,.T.);
#2395=CARTESIAN_POINT('',(-4.318356825450E0,0.E0,0.E0));
#2396=DIRECTION('',(-1.E0,0.E0,0.E0));
#2397=DIRECTION('',(0.E0,-1.E0,0.E0));
#2398=AXIS2_PLACEMENT_3D('',#2395,#2396,#2397);
#2399=CONICAL_SURFACE('',#2398,1.066052838690E1,1.5E1);
#2401=ORIENTED_EDGE('',*,*,#2400,.F.);
#2403=ORIENTED_EDGE('',*,*,#2402,.T.);
#2405=ORIENTED_EDGE('',*,*,#2404,.F.);
#2407=ORIENTED_EDGE('',*,*,#2406,.F.);
#2408=EDGE_LOOP('',(#2401,#2403,#2405,#2407));
#2409=FACE_OUTER_BOUND('',#2408,.F.);
#2410=ADVANCED_FACE('',(#2409),#2399,.T.);
#2411=CARTESIAN_POINT('',(-4.318356825450E0,0.E0,0.E0));
#2412=DIRECTION('',(-1.E0,0.E0,0.E0));
#2413=DIRECTION('',(0.E0,-1.E0,0.E0));
#2414=AXIS2_PLACEMENT_3D('',#2411,#2412,#2413);
#2415=CONICAL_SURFACE('',#2414,1.066052838690E1,1.5E1);
#2417=ORIENTED_EDGE('',*,*,#2416,.F.);
#2419=ORIENTED_EDGE('',*,*,#2418,.T.);
#2421=ORIENTED_EDGE('',*,*,#2420,.F.);
#2423=ORIENTED_EDGE('',*,*,#2422,.F.);
#2424=EDGE_LOOP('',(#2417,#2419,#2421,#2423));
#2425=FACE_OUTER_BOUND('',#2424,.F.);
#2426=ADVANCED_FACE('',(#2425),#2415,.T.);
#2427=CARTESIAN_POINT('',(8.79E-1,0.E0,0.E0));
#2428=DIRECTION('',(-1.E0,0.E0,0.E0));
#2429=DIRECTION('',(0.E0,-1.E0,0.E0));
#2430=AXIS2_PLACEMENT_3D('',#2427,#2428,#2429);
#2431=CYLINDRICAL_SURFACE('',#2430,9.E0);
#2433=ORIENTED_EDGE('',*,*,#2432,.F.);
#2435=ORIENTED_EDGE('',*,*,#2434,.T.);
#2437=ORIENTED_EDGE('',*,*,#2436,.T.);
#2438=ORIENTED_EDGE('',*,*,#2173,.F.);
#2439=EDGE_LOOP('',(#2433,#2435,#2437,#2438));
#2440=FACE_OUTER_BOUND('',#2439,.F.);
#2441=ADVANCED_FACE('',(#2440),#2431,.T.);
#2442=CARTESIAN_POINT('',(1.648167200829E1,0.E0,0.E0));
#2443=DIRECTION('',(-1.E0,0.E0,0.E0));
#2444=DIRECTION('',(0.E0,-1.E0,0.E0));
#2445=AXIS2_PLACEMENT_3D('',#2442,#2443,#2444);
#2446=SPHERICAL_SURFACE('',#2445,3.5E1);
#2447=ORIENTED_EDGE('',*,*,#2195,.T.);
#2449=ORIENTED_EDGE('',*,*,#2448,.T.);
#2450=ORIENTED_EDGE('',*,*,#2198,.F.);
#2451=ORIENTED_EDGE('',*,*,#2183,.F.);
#2452=EDGE_LOOP('',(#2447,#2449,#2450,#2451));
#2453=FACE_OUTER_BOUND('',#2452,.F.);
#2454=ADVANCED_FACE('',(#2453),#2446,.T.);
#2455=CARTESIAN_POINT('',(8.79E-1,0.E0,0.E0));
#2456=DIRECTION('',(-1.E0,0.E0,0.E0));
#2457=DIRECTION('',(0.E0,-1.E0,0.E0));
#2458=AXIS2_PLACEMENT_3D('',#2455,#2456,#2457);
#2459=CYLINDRICAL_SURFACE('',#2458,1.25E1);
#2460=ORIENTED_EDGE('',*,*,#2210,.T.);
#2461=ORIENTED_EDGE('',*,*,#2226,.T.);
#2462=ORIENTED_EDGE('',*,*,#2213,.F.);
#2463=ORIENTED_EDGE('',*,*,#2448,.F.);
#2464=EDGE_LOOP('',(#2460,#2461,#2462,#2463));
#2465=FACE_OUTER_BOUND('',#2464,.F.);
#2466=ADVANCED_FACE('',(#2465),#2459,.T.);
#2467=CARTESIAN_POINT('',(8.79E-1,0.E0,0.E0));
#2468=DIRECTION('',(-1.E0,0.E0,0.E0));
#2469=DIRECTION('',(0.E0,-1.E0,0.E0));
#2470=AXIS2_PLACEMENT_3D('',#2467,#2468,#2469);
#2471=CYLINDRICAL_SURFACE('',#2470,1.1E1);
#2473=ORIENTED_EDGE('',*,*,#2472,.T.);
#2474=ORIENTED_EDGE('',*,*,#2418,.F.);
#2476=ORIENTED_EDGE('',*,*,#2475,.T.);
#2477=ORIENTED_EDGE('',*,*,#2368,.T.);
#2478=EDGE_LOOP('',(#2473,#2474,#2476,#2477));
#2479=FACE_OUTER_BOUND('',#2478,.F.);
#2480=ADVANCED_FACE('',(#2479),#2471,.T.);
#2481=CARTESIAN_POINT('',(8.79E-1,0.E0,0.E0));
#2482=DIRECTION('',(-1.E0,0.E0,0.E0));
#2483=DIRECTION('',(0.E0,-1.E0,0.E0));
#2484=AXIS2_PLACEMENT_3D('',#2481,#2482,#2483);
#2485=CYLINDRICAL_SURFACE('',#2484,1.1E1);
#2487=ORIENTED_EDGE('',*,*,#2486,.F.);
#2488=ORIENTED_EDGE('',*,*,#2244,.T.);
#2490=ORIENTED_EDGE('',*,*,#2489,.F.);
#2491=ORIENTED_EDGE('',*,*,#2372,.F.);
#2492=EDGE_LOOP('',(#2487,#2488,#2490,#2491));
#2493=FACE_OUTER_BOUND('',#2492,.F.);
#2494=ADVANCED_FACE('',(#2493),#2485,.T.);
#2495=CARTESIAN_POINT('',(8.79E-1,0.E0,0.E0));
#2496=DIRECTION('',(-1.E0,0.E0,0.E0));
#2497=DIRECTION('',(0.E0,-1.E0,0.E0));
#2498=AXIS2_PLACEMENT_3D('',#2495,#2496,#2497);
#2499=CYLINDRICAL_SURFACE('',#2498,1.1E1);
#2501=ORIENTED_EDGE('',*,*,#2500,.F.);
#2502=ORIENTED_EDGE('',*,*,#2240,.F.);
#2504=ORIENTED_EDGE('',*,*,#2503,.F.);
#2505=ORIENTED_EDGE('',*,*,#2256,.T.);
#2506=EDGE_LOOP('',(#2501,#2502,#2504,#2505));
#2507=FACE_OUTER_BOUND('',#2506,.F.);
#2508=ADVANCED_FACE('',(#2507),#2499,.T.);
#2509=CARTESIAN_POINT('',(8.79E-1,0.E0,0.E0));
#2510=DIRECTION('',(-1.E0,0.E0,0.E0));
#2511=DIRECTION('',(0.E0,-1.E0,0.E0));
#2512=AXIS2_PLACEMENT_3D('',#2509,#2510,#2511);
#2513=CYLINDRICAL_SURFACE('',#2512,1.1E1);
#2515=ORIENTED_EDGE('',*,*,#2514,.F.);
#2517=ORIENTED_EDGE('',*,*,#2516,.F.);
#2518=ORIENTED_EDGE('',*,*,#2306,.T.);
#2520=ORIENTED_EDGE('',*,*,#2519,.F.);
#2521=ORIENTED_EDGE('',*,*,#2290,.F.);
#2522=EDGE_LOOP('',(#2515,#2517,#2518,#2520,#2521));
#2523=FACE_OUTER_BOUND('',#2522,.F.);
#2524=ADVANCED_FACE('',(#2523),#2513,.T.);
#2525=CARTESIAN_POINT('',(8.79E-1,0.E0,0.E0));
#2526=DIRECTION('',(-1.E0,0.E0,0.E0));
#2527=DIRECTION('',(0.E0,-1.E0,0.E0));
#2528=AXIS2_PLACEMENT_3D('',#2525,#2526,#2527);
#2529=CYLINDRICAL_SURFACE('',#2528,1.1E1);
#2531=ORIENTED_EDGE('',*,*,#2530,.F.);
#2532=ORIENTED_EDGE('',*,*,#2278,.T.);
#2534=ORIENTED_EDGE('',*,*,#2533,.F.);
#2535=ORIENTED_EDGE('',*,*,#2260,.F.);
#2536=EDGE_LOOP('',(#2531,#2532,#2534,#2535));
#2537=FACE_OUTER_BOUND('',#2536,.F.);
#2538=ADVANCED_FACE('',(#2537),#2529,.T.);
#2539=CARTESIAN_POINT('',(8.79E-1,0.E0,0.E0));
#2540=DIRECTION('',(-1.E0,0.E0,0.E0));
#2541=DIRECTION('',(0.E0,-1.E0,0.E0));
#2542=AXIS2_PLACEMENT_3D('',#2539,#2540,#2541);
#2543=CYLINDRICAL_SURFACE('',#2542,1.1E1);
#2545=ORIENTED_EDGE('',*,*,#2544,.F.);
#2546=ORIENTED_EDGE('',*,*,#2294,.T.);
#2548=ORIENTED_EDGE('',*,*,#2547,.F.);
#2549=ORIENTED_EDGE('',*,*,#2274,.F.);
#2550=EDGE_LOOP('',(#2545,#2546,#2548,#2549));
#2551=FACE_OUTER_BOUND('',#2550,.F.);
#2552=ADVANCED_FACE('',(#2551),#2543,.T.);
#2553=CARTESIAN_POINT('',(8.79E-1,0.E0,0.E0));
#2554=DIRECTION('',(-1.E0,0.E0,0.E0));
#2555=DIRECTION('',(0.E0,-1.E0,0.E0));
#2556=AXIS2_PLACEMENT_3D('',#2553,#2554,#2555);
#2557=CYLINDRICAL_SURFACE('',#2556,1.1E1);
#2559=ORIENTED_EDGE('',*,*,#2558,.F.);
#2560=ORIENTED_EDGE('',*,*,#2310,.F.);
#2562=ORIENTED_EDGE('',*,*,#2561,.F.);
#2563=ORIENTED_EDGE('',*,*,#2326,.T.);
#2565=ORIENTED_EDGE('',*,*,#2564,.F.);
#2566=EDGE_LOOP('',(#2559,#2560,#2562,#2563,#2565));
#2567=FACE_OUTER_BOUND('',#2566,.F.);
#2568=ADVANCED_FACE('',(#2567),#2557,.T.);
#2569=CARTESIAN_POINT('',(8.79E-1,0.E0,0.E0));
#2570=DIRECTION('',(-1.E0,0.E0,0.E0));
#2571=DIRECTION('',(0.E0,-1.E0,0.E0));
#2572=AXIS2_PLACEMENT_3D('',#2569,#2570,#2571);
#2573=CYLINDRICAL_SURFACE('',#2572,1.1E1);
#2575=ORIENTED_EDGE('',*,*,#2574,.F.);
#2576=ORIENTED_EDGE('',*,*,#2342,.T.);
#2578=ORIENTED_EDGE('',*,*,#2577,.F.);
#2579=ORIENTED_EDGE('',*,*,#2322,.F.);
#2580=EDGE_LOOP('',(#2575,#2576,#2578,#2579));
#2581=FACE_OUTER_BOUND('',#2580,.F.);
#2582=ADVANCED_FACE('',(#2581),#2573,.T.);
#2583=CARTESIAN_POINT('',(8.79E-1,0.E0,0.E0));
#2584=DIRECTION('',(-1.E0,0.E0,0.E0));
#2585=DIRECTION('',(0.E0,-1.E0,0.E0));
#2586=AXIS2_PLACEMENT_3D('',#2583,#2584,#2585);
#2587=CYLINDRICAL_SURFACE('',#2586,1.1E1);
#2589=ORIENTED_EDGE('',*,*,#2588,.F.);
#2591=ORIENTED_EDGE('',*,*,#2590,.T.);
#2593=ORIENTED_EDGE('',*,*,#2592,.F.);
#2594=ORIENTED_EDGE('',*,*,#2358,.F.);
#2596=ORIENTED_EDGE('',*,*,#2595,.T.);
#2597=ORIENTED_EDGE('',*,*,#2354,.T.);
#2599=ORIENTED_EDGE('',*,*,#2598,.F.);
#2600=ORIENTED_EDGE('',*,*,#2338,.F.);
#2601=EDGE_LOOP('',(#2589,#2591,#2593,#2594,#2596,#2597,#2599,#2600));
#2602=FACE_OUTER_BOUND('',#2601,.F.);
#2603=ADVANCED_FACE('',(#2602),#2587,.T.);
#2604=CARTESIAN_POINT('',(-4.271751808551E0,0.E0,0.E0));
#2605=DIRECTION('',(-1.E0,0.E0,0.E0));
#2606=DIRECTION('',(0.E0,-1.E0,0.E0));
#2607=AXIS2_PLACEMENT_3D('',#2604,#2605,#2606);
#2608=CONICAL_SURFACE('',#2607,1.064804061025E1,1.5E1);
#2610=ORIENTED_EDGE('',*,*,#2609,.F.);
#2612=ORIENTED_EDGE('',*,*,#2611,.F.);
#2613=ORIENTED_EDGE('',*,*,#2406,.T.);
#2615=ORIENTED_EDGE('',*,*,#2614,.F.);
#2616=ORIENTED_EDGE('',*,*,#2390,.F.);
#2617=EDGE_LOOP('',(#2610,#2612,#2613,#2615,#2616));
#2618=FACE_OUTER_BOUND('',#2617,.F.);
#2619=ADVANCED_FACE('',(#2618),#2608,.T.);
#2620=CARTESIAN_POINT('',(-4.271751808551E0,0.E0,0.E0));
#2621=DIRECTION('',(-1.E0,0.E0,0.E0));
#2622=DIRECTION('',(0.E0,-1.E0,0.E0));
#2623=AXIS2_PLACEMENT_3D('',#2620,#2621,#2622);
#2624=CONICAL_SURFACE('',#2623,1.064804061025E1,1.5E1);
#2626=ORIENTED_EDGE('',*,*,#2625,.F.);
#2627=ORIENTED_EDGE('',*,*,#2402,.F.);
#2629=ORIENTED_EDGE('',*,*,#2628,.F.);
#2630=ORIENTED_EDGE('',*,*,#2422,.T.);
#2632=ORIENTED_EDGE('',*,*,#2631,.F.);
#2633=EDGE_LOOP('',(#2626,#2627,#2629,#2630,#2632));
#2634=FACE_OUTER_BOUND('',#2633,.F.);
#2635=ADVANCED_FACE('',(#2634),#2624,.T.);
#2636=CARTESIAN_POINT('',(-4.271751808551E0,0.E0,0.E0));
#2637=DIRECTION('',(-1.E0,0.E0,0.E0));
#2638=DIRECTION('',(0.E0,-1.E0,0.E0));
#2639=AXIS2_PLACEMENT_3D('',#2636,#2637,#2638);
#2640=CONICAL_SURFACE('',#2639,1.064804061025E1,1.5E1);
#2642=ORIENTED_EDGE('',*,*,#2641,.T.);
#2644=ORIENTED_EDGE('',*,*,#2643,.F.);
#2646=ORIENTED_EDGE('',*,*,#2645,.T.);
#2647=ORIENTED_EDGE('',*,*,#2386,.T.);
#2649=ORIENTED_EDGE('',*,*,#2648,.F.);
#2650=EDGE_LOOP('',(#2642,#2644,#2646,#2647,#2649));
#2651=FACE_OUTER_BOUND('',#2650,.F.);
#2652=ADVANCED_FACE('',(#2651),#2640,.T.);
#2653=CARTESIAN_POINT('',(8.79E-1,0.E0,0.E0));
#2654=DIRECTION('',(-1.E0,0.E0,0.E0));
#2655=DIRECTION('',(0.E0,-1.E0,0.E0));
#2656=AXIS2_PLACEMENT_3D('',#2653,#2654,#2655);
#2657=CYLINDRICAL_SURFACE('',#2656,9.E0);
#2658=ORIENTED_EDGE('',*,*,#2432,.T.);
#2659=ORIENTED_EDGE('',*,*,#2171,.T.);
#2660=ORIENTED_EDGE('',*,*,#2436,.F.);
#2662=ORIENTED_EDGE('',*,*,#2661,.F.);
#2663=EDGE_LOOP('',(#2658,#2659,#2660,#2662));
#2664=FACE_OUTER_BOUND('',#2663,.F.);
#2665=ADVANCED_FACE('',(#2664),#2657,.T.);
#2666=CARTESIAN_POINT('',(-2.654707747534E0,1.003061751983E1,3.810353879287E0));
#2667=CARTESIAN_POINT('',(-2.664722221798E0,1.027037547741E1,3.179199805075E0));
#2668=CARTESIAN_POINT('',(-2.684751170324E0,1.063038944435E1,1.871513907356E0));
#2669=CARTESIAN_POINT('',(-2.714794593114E0,1.079274107099E1,
-1.565180092698E-1));
#2670=CARTESIAN_POINT('',(-2.744838015903E0,1.057164943238E1,
-2.178985855917E0));
#2671=CARTESIAN_POINT('',(-2.774881438693E0,9.974971027082E0,
-4.124040072627E0));
#2672=CARTESIAN_POINT('',(-2.804924861483E0,9.023904085106E0,
-5.922576103354E0));
#2673=CARTESIAN_POINT('',(-2.834968284272E0,7.752238009884E0,
-7.510696285784E0));
#2674=CARTESIAN_POINT('',(-2.865011707062E0,6.205152228096E0,
-8.831978180169E0));
#2675=CARTESIAN_POINT('',(-2.895055129852E0,4.437611250218E0,
-9.839479617047E0));
#2676=CARTESIAN_POINT('',(-2.925098552641E0,2.512411855372E0,
-1.049740631689E1));
#2677=CARTESIAN_POINT('',(-2.955141975431E0,4.979520760148E-1,
-1.078238361522E1));
#2678=CARTESIAN_POINT('',(-2.985185398221E0,-1.534198834053E0,
-1.068428690271E1));
#2679=CARTESIAN_POINT('',(-3.015228821010E0,-3.511843093555E0,
-1.020660133245E1));
#2680=CARTESIAN_POINT('',(-3.045272243800E0,-5.364719419037E0,
-9.366297999992E0));
#2681=CARTESIAN_POINT('',(-3.075315666590E0,-7.026999250539E0,
-8.193230999072E0));
#2682=CARTESIAN_POINT('',(-3.105359089380E0,-8.439625492814E0,
-6.729076773155E0));
#2683=CARTESIAN_POINT('',(-3.135402512169E0,-9.552410681780E0,
-5.025853445590E0));
#2684=CARTESIAN_POINT('',(-3.165445934959E0,-1.032582003314E1,
-3.144072733010E0));
#2685=CARTESIAN_POINT('',(-3.195489357749E0,-1.073237602541E1,
-1.150590100337E0));
#2686=CARTESIAN_POINT('',(-3.225532780538E0,-1.075763461573E1,
8.837704635269E-1));
#2687=CARTESIAN_POINT('',(-3.255576203328E0,-1.040069840555E1,
2.886732663016E0));
#2688=CARTESIAN_POINT('',(-3.285619626118E0,-9.674248524661E0,
4.787135710727E0));
#2689=CARTESIAN_POINT('',(-3.315663048907E0,-8.604094100512E0,
6.517462511108E0));
#2690=CARTESIAN_POINT('',(-3.345706471697E0,-7.228255319310E0,
8.016238392348E0));
#2691=CARTESIAN_POINT('',(-3.375749894487E0,-5.595612655378E0,
9.230215164912E0));
#2692=CARTESIAN_POINT('',(-3.405793317276E0,-3.764170258627E0,
1.011626291201E1));
#2693=CARTESIAN_POINT('',(-3.435836740066E0,-1.798995197935E0,
1.064290230085E1));
#2694=CARTESIAN_POINT('',(-3.465880162856E0,2.300942255839E-1,
1.079142297511E1));
#2695=CARTESIAN_POINT('',(-3.495923585645E0,2.251008966466E0,1.055654829439E1));
#2696=CARTESIAN_POINT('',(-3.525967008435E0,4.191950397825E0,9.946622804018E0));
#2697=CARTESIAN_POINT('',(-3.556010431225E0,5.983961156981E0,8.983315774549E0));
#2698=CARTESIAN_POINT('',(-3.586053854015E0,7.563375047964E0,7.700851343429E0));
#2699=CARTESIAN_POINT('',(-3.616097276804E0,8.874078961317E0,6.144792610034E0));
#2700=CARTESIAN_POINT('',(-3.646140699594E0,9.869506450192E0,4.370422882281E0));
#2701=CARTESIAN_POINT('',(-3.676184122384E0,1.051429213534E1,2.440781585380E0));
#2702=CARTESIAN_POINT('',(-3.706227545173E0,1.078552816156E1,
4.244246123630E-1));
#2703=CARTESIAN_POINT('',(-3.736270967963E0,1.067357806637E1,
-1.607011313973E0));
#2704=CARTESIAN_POINT('',(-3.766314390753E0,1.018241914578E1,
-3.581353734981E0));
#2705=CARTESIAN_POINT('',(-3.796357813542E0,9.329501153406E0,
-5.428458584471E0));
#2706=CARTESIAN_POINT('',(-3.826401236332E0,8.145126353028E0,
-7.082702253638E0));
#2707=CARTESIAN_POINT('',(-3.856444659122E0,6.671372949449E0,
-8.485313055040E0));
#2708=CARTESIAN_POINT('',(-3.886488081912E0,4.960600145792E0,
-9.586459253805E0));
#2709=CARTESIAN_POINT('',(-3.916531504701E0,3.073587938937E0,
-1.034701948283E1));
#2710=CARTESIAN_POINT('',(-3.946574927491E0,1.077377741882E0,
-1.073997264286E1));
#2711=CARTESIAN_POINT('',(-3.976618350281E0,-9.571094491735E-1,
-1.075135790720E1));
#2712=CARTESIAN_POINT('',(-4.006661773070E0,-2.957592721890E0,
-1.038077072394E1));
#2713=CARTESIAN_POINT('',(-4.036705195860E0,-4.852999230820E0,
-9.641377193579E0));
#2714=CARTESIAN_POINT('',(-4.066748618650E0,-6.575989261652E0,
-8.559446311084E0));
#2715=CARTESIAN_POINT('',(-4.096792041440E0,-8.065348666625E0,
-7.173416690304E0));
#2716=CARTESIAN_POINT('',(-4.126835464229E0,-9.268163673062E0,
-5.532530927924E0));
#2717=CARTESIAN_POINT('',(-4.156878887019E0,-1.014170079867E1,
-3.695086124639E0));
#2718=CARTESIAN_POINT('',(-4.186922309809E0,-1.065492508412E1,
-1.726362718523E0));
#2719=CARTESIAN_POINT('',(-4.216965732599E0,-1.078960270327E1,
3.036947855736E-1));
#2720=CARTESIAN_POINT('',(-4.247009155388E0,-1.054094877721E1,
2.322962792092E0));
#2721=CARTESIAN_POINT('',(-4.277052578178E0,-9.917797376667E0,
4.259701010653E0));
#2722=CARTESIAN_POINT('',(-4.307096000968E0,-8.942287672266E0,
6.045101235214E0));
#2723=CARTESIAN_POINT('',(-4.337139423758E0,-7.649077383603E0,
7.615731954630E0));
#2724=CARTESIAN_POINT('',(-4.367182846547E0,-6.084111468052E0,
8.915791939941E0));
#2725=CARTESIAN_POINT('',(-4.397226269337E0,-4.302989806853E0,
9.899092753751E0));
#2726=CARTESIAN_POINT('',(-4.427269692127E0,-2.368991835846E0,
1.053069970754E1));
#2727=CARTESIAN_POINT('',(-4.457313114917E0,-3.508284690196E-1,
1.078817311489E1));
#2728=CARTESIAN_POINT('',(-4.487356537706E0,1.679799442119E0,1.066236518913E1));
#2729=CARTESIAN_POINT('',(-4.517399960496E0,3.650747033952E0,1.015774633328E1));
#2730=CARTESIAN_POINT('',(-4.547443383286E0,5.491994010774E0,9.292241540716E0));
#2731=CARTESIAN_POINT('',(-4.567472331812E0,6.589406054062E0,8.495154788872E0));
#2732=CARTESIAN_POINT('',(-4.577486806076E0,7.095851222065E0,8.048663314875E0));
#2733=CARTESIAN_POINT('',(-2.750545478843E0,9.875440775427E0,3.751406530450E0));
#2734=CARTESIAN_POINT('',(-2.760559953106E0,1.011148960352E1,3.130016604284E0));
#2735=CARTESIAN_POINT('',(-2.780588901632E0,1.046593404343E1,1.842561010423E0));
#2736=CARTESIAN_POINT('',(-2.810632324422E0,1.062577404037E1,
-1.540966274267E-1));
#2737=CARTESIAN_POINT('',(-2.840675747212E0,1.040810275755E1,
-2.145276273175E0));
#2738=CARTESIAN_POINT('',(-2.870719170001E0,9.820655151074E0,
-4.060239901700E0));
#2739=CARTESIAN_POINT('',(-2.900762592791E0,8.884301507803E0,
-5.830952025734E0));
#2740=CARTESIAN_POINT('',(-2.930806015581E0,7.632308498684E0,
-7.394503499494E0));
#2741=CARTESIAN_POINT('',(-2.960849438370E0,6.109156610742E0,
-8.695344755763E0));
#2742=CARTESIAN_POINT('',(-2.990892861160E0,4.368960036537E0,
-9.687259834907E0));
#2743=CARTESIAN_POINT('',(-3.020936283950E0,2.473544069663E0,
-1.033500820593E1));
#2744=CARTESIAN_POINT('',(-3.050979706739E0,4.902486039355E-1,
-1.061557681763E1));
#2745=CARTESIAN_POINT('',(-3.081023129529E0,-1.510464305258E0,
-1.051899769149E1));
#2746=CARTESIAN_POINT('',(-3.111066552319E0,-3.457513798569E0,
-1.004870206423E1));
#2747=CARTESIAN_POINT('',(-3.141109975108E0,-5.281725556251E0,
-9.221398483302E0));
#2748=CARTESIAN_POINT('',(-3.171153397898E0,-6.918289406457E0,
-8.066479190418E0));
#2749=CARTESIAN_POINT('',(-3.201196820688E0,-8.309061885402E0,
-6.624975881619E0));
#2750=CARTESIAN_POINT('',(-3.231240243477E0,-9.404631944542E0,
-4.948101943854E0));
#2751=CARTESIAN_POINT('',(-3.261283666267E0,-1.016607641487E1,
-3.095432958850E0));
#2752=CARTESIAN_POINT('',(-3.291327089057E0,-1.056634286065E1,
-1.132790116883E0));
#2753=CARTESIAN_POINT('',(-3.321370511846E0,-1.059121069279E1,
8.700982620813E-1));
#2754=CARTESIAN_POINT('',(-3.351413934636E0,-1.023979639579E1,
2.842074019045E0));
#2755=CARTESIAN_POINT('',(-3.381457357426E0,-9.524584918446E0,
4.713077245916E0));
#2756=CARTESIAN_POINT('',(-3.411500780215E0,-8.470986113054E0,
6.416635357420E0));
#2757=CARTESIAN_POINT('',(-3.441544203005E0,-7.116431981821E0,
7.892224713864E0));
#2758=CARTESIAN_POINT('',(-3.471587625795E0,-5.509046803070E0,
9.087420891618E0));
#2759=CARTESIAN_POINT('',(-3.501631048584E0,-3.705937384636E0,
9.959761206992E0));
#2760=CARTESIAN_POINT('',(-3.531674471374E0,-1.771164187787E0,
1.047825332219E1));
#2761=CARTESIAN_POINT('',(-3.561717894164E0,2.265345969980E-1,
1.062447633584E1));
#2762=CARTESIAN_POINT('',(-3.591761316954E0,2.216185164006E0,1.039323523882E1));
#2763=CARTESIAN_POINT('',(-3.621804739743E0,4.127099633237E0,9.792745483757E0));
#2764=CARTESIAN_POINT('',(-3.651848162533E0,5.891387433663E0,8.844341110919E0));
#2765=CARTESIAN_POINT('',(-3.681891585323E0,7.446367304988E0,7.581716799796E0));
#2766=CARTESIAN_POINT('',(-3.711935008112E0,8.736794224851E0,6.049730774574E0));
#2767=CARTESIAN_POINT('',(-3.741978430902E0,9.716822143690E0,4.302811093358E0));
#2768=CARTESIAN_POINT('',(-3.772021853692E0,1.035163279557E1,2.403021942024E0));
#2769=CARTESIAN_POINT('',(-3.802065276481E0,1.061867271687E1,
4.178586328073E-1));
#2770=CARTESIAN_POINT('',(-3.832108699271E0,1.050845452416E1,
-1.582150353673E0));
#2771=CARTESIAN_POINT('',(-3.862152122061E0,1.002489398344E1,
-3.525949088949E0));
#2772=CARTESIAN_POINT('',(-3.892195544851E0,9.185170895273E0,
-5.344478657152E0));
#2773=CARTESIAN_POINT('',(-3.922238967640E0,8.019118738074E0,
-6.973130666930E0));
#2774=CARTESIAN_POINT('',(-3.952282390430E0,6.568164753849E0,
-8.354042646959E0));
#2775=CARTESIAN_POINT('',(-3.982325813220E0,4.883858132714E0,
-9.438153774664E0));
#2776=CARTESIAN_POINT('',(-4.012369236009E0,3.026038586264E0,
-1.018694790255E1));
#2777=CARTESIAN_POINT('',(-4.042412658799E0,1.060710376176E0,
-1.057382195609E1));
#2778=CARTESIAN_POINT('',(-4.072456081589E0,-9.423026710178E-1,
-1.058503108688E1));
#2779=CARTESIAN_POINT('',(-4.102499504379E0,-2.911837850969E0,
-1.022017700155E1));
#2780=CARTESIAN_POINT('',(-4.132542927168E0,-4.777921837055E0,
-9.492222116987E0));
#2781=CARTESIAN_POINT('',(-4.162586349958E0,-6.474256681096E0,
-8.427029038687E0));
#2782=CARTESIAN_POINT('',(-4.192629772748E0,-7.940575237064E0,
-7.062441723306E0));
#2783=CARTESIAN_POINT('',(-4.222673195537E0,-9.124782324652E0,
-5.446940969381E0));
#2784=CARTESIAN_POINT('',(-4.252716618327E0,-9.984805561704E0,
-3.637922003491E0));
#2785=CARTESIAN_POINT('',(-4.282760041117E0,-1.049009010929E1,
-1.699655355215E0));
#2786=CARTESIAN_POINT('',(-4.312803463907E0,-1.062268422417E1,
2.989965336425E-1));
#2787=CARTESIAN_POINT('',(-4.342846886696E0,-1.037787705098E1,
2.287025841776E0));
#2788=CARTESIAN_POINT('',(-4.372890309486E0,-9.764365994651E0,
4.193802123206E0));
#2789=CARTESIAN_POINT('',(-4.402933732276E0,-8.803947726023E0,
5.951581656044E0));
#2790=CARTESIAN_POINT('',(-4.432977155066E0,-7.530743799085E0,
7.497914234173E0));
#2791=CARTESIAN_POINT('',(-4.463020577855E0,-5.989988388560E0,
8.777861890842E0));
#2792=CARTESIAN_POINT('',(-4.493064000645E0,-4.236421228389E0,
9.745950738016E0));
#2793=CARTESIAN_POINT('',(-4.523107423435E0,-2.332342802039E0,
1.036778653758E1));
#2794=CARTESIAN_POINT('',(-4.553150846225E0,-3.454010444814E-1,
1.062127675196E1));
#2795=CARTESIAN_POINT('',(-4.583194269014E0,1.653812427046E0,1.049741511359E1));
#2796=CARTESIAN_POINT('',(-4.613237691804E0,3.594268852201E0,1.000060286695E1));
#2797=CARTESIAN_POINT('',(-4.643281114594E0,5.407031170831E0,9.148487700274E0));
#2798=CARTESIAN_POINT('',(-4.663310063120E0,6.487465911595E0,8.363732126138E0));
#2799=CARTESIAN_POINT('',(-4.673324537384E0,6.986076216766E0,7.924148012849E0));
#2800=CARTESIAN_POINT('',(-2.846383210151E0,9.720264031024E0,3.692459181614E0));
#2801=CARTESIAN_POINT('',(-2.856397684414E0,9.952603729617E0,3.080833403493E0));
#2802=CARTESIAN_POINT('',(-2.876426632940E0,1.030147864251E1,1.813608113490E0));
#2803=CARTESIAN_POINT('',(-2.906470055730E0,1.045880700975E1,
-1.516752455833E-1));
#2804=CARTESIAN_POINT('',(-2.936513478520E0,1.024455608272E1,
-2.111566690433E0));
#2805=CARTESIAN_POINT('',(-2.966556901309E0,9.666339275065E0,
-3.996439730772E0));
#2806=CARTESIAN_POINT('',(-2.996600324099E0,8.744698930499E0,
-5.739327948114E0));
#2807=CARTESIAN_POINT('',(-3.026643746889E0,7.512378987483E0,
-7.278310713204E0));
#2808=CARTESIAN_POINT('',(-3.056687169678E0,6.013160993389E0,
-8.558711331356E0));
#2809=CARTESIAN_POINT('',(-3.086730592468E0,4.300308822856E0,
-9.535040052768E0));
#2810=CARTESIAN_POINT('',(-3.116774015258E0,2.434676283954E0,
-1.017261009498E1));
#2811=CARTESIAN_POINT('',(-3.146817438047E0,4.825451318566E-1,
-1.044877002005E1));
#2812=CARTESIAN_POINT('',(-3.176860860837E0,-1.486729776463E0,
-1.035370848028E1));
#2813=CARTESIAN_POINT('',(-3.206904283627E0,-3.403184503582E0,
-9.890802796006E0));
#2814=CARTESIAN_POINT('',(-3.236947706416E0,-5.198731693464E0,
-9.076498966612E0));
#2815=CARTESIAN_POINT('',(-3.266991129206E0,-6.809579562373E0,
-7.939727381764E0));
#2816=CARTESIAN_POINT('',(-3.297034551996E0,-8.178498277989E0,
-6.520874990083E0));
#2817=CARTESIAN_POINT('',(-3.327077974785E0,-9.256853207303E0,
-4.870350442118E0));
#2818=CARTESIAN_POINT('',(-3.357121397575E0,-1.000633279661E1,
-3.046793184690E0));
#2819=CARTESIAN_POINT('',(-3.387164820365E0,-1.040030969589E1,
-1.114990133429E0));
#2820=CARTESIAN_POINT('',(-3.417208243155E0,-1.042478676985E1,
8.564260606354E-1));
#2821=CARTESIAN_POINT('',(-3.447251665944E0,-1.007889438603E1,
2.797415375073E0));
#2822=CARTESIAN_POINT('',(-3.477295088734E0,-9.374921312231E0,
4.639018781105E0));
#2823=CARTESIAN_POINT('',(-3.507338511524E0,-8.337878125595E0,
6.315808203731E0));
#2824=CARTESIAN_POINT('',(-3.537381934313E0,-7.004608644332E0,
7.768211035380E0));
#2825=CARTESIAN_POINT('',(-3.567425357103E0,-5.422480950763E0,
8.944626618323E0));
#2826=CARTESIAN_POINT('',(-3.597468779893E0,-3.647704510645E0,
9.803259501976E0));
#2827=CARTESIAN_POINT('',(-3.627512202682E0,-1.743333177639E0,
1.031360434352E1));
#2828=CARTESIAN_POINT('',(-3.657555625472E0,2.229749684117E-1,
1.045752969657E1));
#2829=CARTESIAN_POINT('',(-3.687599048262E0,2.181361361546E0,1.022992218324E1));
#2830=CARTESIAN_POINT('',(-3.717642471051E0,4.062248868648E0,9.638868163496E0));
#2831=CARTESIAN_POINT('',(-3.747685893841E0,5.798813710344E0,8.705366447289E0));
#2832=CARTESIAN_POINT('',(-3.777729316631E0,7.329359562011E0,7.462582256163E0));
#2833=CARTESIAN_POINT('',(-3.807772739421E0,8.599509488385E0,5.954668939114E0));
#2834=CARTESIAN_POINT('',(-3.837816162210E0,9.564137837187E0,4.235199304436E0));
#2835=CARTESIAN_POINT('',(-3.867859585E0,1.018897345580E1,2.365262298668E0));
#2836=CARTESIAN_POINT('',(-3.897903007790E0,1.045181727218E1,
4.112926532520E-1));
#2837=CARTESIAN_POINT('',(-3.927946430579E0,1.034333098195E1,
-1.557289393373E0));
#2838=CARTESIAN_POINT('',(-3.957989853369E0,9.867368821097E0,
-3.470544442917E0));
#2839=CARTESIAN_POINT('',(-3.988033276159E0,9.040840637139E0,
-5.260498729832E0));
#2840=CARTESIAN_POINT('',(-4.018076698948E0,7.893111123119E0,
-6.863559080222E0));
#2841=CARTESIAN_POINT('',(-4.048120121738E0,6.464956558250E0,
-8.222772238878E0));
#2842=CARTESIAN_POINT('',(-4.078163544528E0,4.807116119637E0,
-9.289848295523E0));
#2843=CARTESIAN_POINT('',(-4.108206967318E0,2.978489233591E0,
-1.002687632226E1));
#2844=CARTESIAN_POINT('',(-4.138250390107E0,1.044043010471E0,
-1.040767126932E1));
#2845=CARTESIAN_POINT('',(-4.168293812897E0,-9.274958928618E-1,
-1.041870426656E1));
#2846=CARTESIAN_POINT('',(-4.198337235687E0,-2.866082980049E0,
-1.005958327917E1));
#2847=CARTESIAN_POINT('',(-4.228380658476E0,-4.702844443290E0,
-9.343067040394E0));
#2848=CARTESIAN_POINT('',(-4.258424081266E0,-6.372524100540E0,
-8.294611766291E0));
#2849=CARTESIAN_POINT('',(-4.288467504056E0,-7.815801807503E0,
-6.951466756309E0));
#2850=CARTESIAN_POINT('',(-4.318510926846E0,-8.981400976242E0,
-5.361351010838E0));
#2851=CARTESIAN_POINT('',(-4.348554349635E0,-9.827910324743E0,
-3.580757882344E0));
#2852=CARTESIAN_POINT('',(-4.378597772425E0,-1.032525513446E1,
-1.672947991908E0));
#2853=CARTESIAN_POINT('',(-4.408641195215E0,-1.045576574506E1,
2.942982817112E-1));
#2854=CARTESIAN_POINT('',(-4.438684618005E0,-1.021480532474E1,
2.251088891458E0));
#2855=CARTESIAN_POINT('',(-4.468728040794E0,-9.610934612635E0,
4.127903235758E0));
#2856=CARTESIAN_POINT('',(-4.498771463584E0,-8.665607779780E0,
5.858062076874E0));
#2857=CARTESIAN_POINT('',(-4.528814886374E0,-7.412410214566E0,
7.380096513716E0));
#2858=CARTESIAN_POINT('',(-4.558858309164E0,-5.895865309067E0,
8.639931841743E0));
#2859=CARTESIAN_POINT('',(-4.588901731953E0,-4.169852649925E0,
9.592808722280E0));
#2860=CARTESIAN_POINT('',(-4.618945154743E0,-2.295693768231E0,
1.020487336761E1));
#2861=CARTESIAN_POINT('',(-4.648988577533E0,-3.399736199434E-1,
1.045438038903E1));
#2862=CARTESIAN_POINT('',(-4.679032000323E0,1.627825411973E0,1.033246503804E1));
#2863=CARTESIAN_POINT('',(-4.709075423112E0,3.537790670450E0,9.843459400628E0));
#2864=CARTESIAN_POINT('',(-4.739118845902E0,5.322068330888E0,9.004733859833E0));
#2865=CARTESIAN_POINT('',(-4.759147794429E0,6.385525769128E0,8.232309463404E0));
#2866=CARTESIAN_POINT('',(-4.769162268692E0,6.876301211467E0,7.799632710824E0));
#2867=CARTESIAN_POINT('',(-2.942220941459E0,9.565087286623E0,3.633511832775E0));
#2868=CARTESIAN_POINT('',(-2.952235415722E0,9.793717855720E0,3.031650202701E0));
#2869=CARTESIAN_POINT('',(-2.972264364249E0,1.013702324159E1,1.784655216555E0));
#2870=CARTESIAN_POINT('',(-3.002307787038E0,1.029183997913E1,
-1.492538637421E-1));
#2871=CARTESIAN_POINT('',(-3.032351209828E0,1.008100940789E1,
-2.077857107693E0));
#2872=CARTESIAN_POINT('',(-3.062394632618E0,9.512023399057E0,
-3.932639559847E0));
#2873=CARTESIAN_POINT('',(-3.092438055407E0,8.605096353196E0,
-5.647703870497E0));
#2874=CARTESIAN_POINT('',(-3.122481478197E0,7.392449476283E0,
-7.162117926917E0));
#2875=CARTESIAN_POINT('',(-3.152524900987E0,5.917165376034E0,
-8.422077906952E0));
#2876=CARTESIAN_POINT('',(-3.182568323776E0,4.231657609173E0,
-9.382820270630E0));
#2877=CARTESIAN_POINT('',(-3.212611746566E0,2.395808498243E0,
-1.001021198402E1));
#2878=CARTESIAN_POINT('',(-3.242655169356E0,4.748416597752E-1,
-1.028196322246E1));
#2879=CARTESIAN_POINT('',(-3.272698592145E0,-1.462995247670E0,
-1.018841926907E1));
#2880=CARTESIAN_POINT('',(-3.302742014935E0,-3.348855208598E0,
-9.732903527786E0));
#2881=CARTESIAN_POINT('',(-3.332785437725E0,-5.115737830681E0,
-8.931599449922E0));
#2882=CARTESIAN_POINT('',(-3.362828860514E0,-6.700869718293E0,
-7.812975573109E0));
#2883=CARTESIAN_POINT('',(-3.392872283304E0,-8.047934670579E0,
-6.416774098546E0));
#2884=CARTESIAN_POINT('',(-3.422915706094E0,-9.109074470067E0,
-4.792598940381E0));
#2885=CARTESIAN_POINT('',(-3.452959128883E0,-9.846589178348E0,
-2.998153410529E0));
#2886=CARTESIAN_POINT('',(-3.483002551673E0,-1.023427653113E1,
-1.097190149973E0));
#2887=CARTESIAN_POINT('',(-3.513045974463E0,-1.025836284691E1,
8.427538591925E-1));
#2888=CARTESIAN_POINT('',(-3.543089397252E0,-9.917992376274E0,
2.752756731104E0));
#2889=CARTESIAN_POINT('',(-3.573132820042E0,-9.225257706016E0,
4.564960316297E0));
#2890=CARTESIAN_POINT('',(-3.603176242832E0,-8.204770138136E0,
6.214981050046E0));
#2891=CARTESIAN_POINT('',(-3.633219665621E0,-6.892785306843E0,
7.644197356900E0));
#2892=CARTESIAN_POINT('',(-3.663263088411E0,-5.335915098454E0,
8.801832345031E0));
#2893=CARTESIAN_POINT('',(-3.693306511201E0,-3.589471636652E0,
9.646757796963E0));
#2894=CARTESIAN_POINT('',(-3.723349933990E0,-1.715502167489E0,
1.014895536485E1));
#2895=CARTESIAN_POINT('',(-3.753393356780E0,2.194153398284E-1,
1.029058305730E1));
#2896=CARTESIAN_POINT('',(-3.783436779570E0,2.146537559088E0,1.006660912767E1));
#2897=CARTESIAN_POINT('',(-3.813480202360E0,3.997398104062E0,9.484990843235E0));
#2898=CARTESIAN_POINT('',(-3.843523625149E0,5.706239987029E0,8.566391783659E0));
#2899=CARTESIAN_POINT('',(-3.873567047939E0,7.212351819037E0,7.343447712530E0));
#2900=CARTESIAN_POINT('',(-3.903610470729E0,8.462224751922E0,5.859607103653E0));
#2901=CARTESIAN_POINT('',(-3.933653893518E0,9.411453530686E0,4.167587515512E0));
#2902=CARTESIAN_POINT('',(-3.963697316308E0,1.002631411603E1,2.327502655310E0));
#2903=CARTESIAN_POINT('',(-3.993740739098E0,1.028496182750E1,
4.047266736939E-1));
#2904=CARTESIAN_POINT('',(-4.023784161887E0,1.017820743974E1,
-1.532428433076E0));
#2905=CARTESIAN_POINT('',(-4.053827584677E0,9.709843658758E0,
-3.415139796887E0));
#2906=CARTESIAN_POINT('',(-4.083871007467E0,8.896510379006E0,
-5.176518802516E0));
#2907=CARTESIAN_POINT('',(-4.113914430257E0,7.767103508165E0,
-6.753987493517E0));
#2908=CARTESIAN_POINT('',(-4.143957853046E0,6.361748362649E0,
-8.091501830800E0));
#2909=CARTESIAN_POINT('',(-4.174001275836E0,4.730374106558E0,
-9.141542816384E0));
#2910=CARTESIAN_POINT('',(-4.204044698626E0,2.930939880917E0,
-9.866804741982E0));
#2911=CARTESIAN_POINT('',(-4.234088121415E0,1.027375644764E0,
-1.024152058254E1));
#2912=CARTESIAN_POINT('',(-4.264131544205E0,-9.126891147084E-1,
-1.025237744624E1));
#2913=CARTESIAN_POINT('',(-4.294174966995E0,-2.820328109131E0,
-9.898989556785E0));
#2914=CARTESIAN_POINT('',(-4.324218389785E0,-4.627767049527E0,
-9.193911963801E0));
#2915=CARTESIAN_POINT('',(-4.354261812574E0,-6.270791519986E0,
-8.162194493895E0));
#2916=CARTESIAN_POINT('',(-4.384305235364E0,-7.691028377943E0,
-6.840491789311E0));
#2917=CARTESIAN_POINT('',(-4.414348658154E0,-8.838019627833E0,
-5.275761052294E0));
#2918=CARTESIAN_POINT('',(-4.444392080944E0,-9.671015087783E0,
-3.523593761195E0));
#2919=CARTESIAN_POINT('',(-4.474435503733E0,-1.016042015964E1,
-1.646240628599E0));
#2920=CARTESIAN_POINT('',(-4.504478926523E0,-1.028884726596E1,
2.896000297817E-1));
#2921=CARTESIAN_POINT('',(-4.534522349313E0,-1.005173359851E1,
2.215151941143E0));
#2922=CARTESIAN_POINT('',(-4.564565772102E0,-9.457503230619E0,
4.062004348312E0));
#2923=CARTESIAN_POINT('',(-4.594609194892E0,-8.527267833537E0,
5.764542497706E0));
#2924=CARTESIAN_POINT('',(-4.624652617682E0,-7.294076630047E0,
7.262278793260E0));
#2925=CARTESIAN_POINT('',(-4.654696040472E0,-5.801742229574E0,
8.502001792644E0));
#2926=CARTESIAN_POINT('',(-4.684739463261E0,-4.103284071460E0,
9.439666706546E0));
#2927=CARTESIAN_POINT('',(-4.714782886051E0,-2.259044734423E0,
1.004196019764E1));
#2928=CARTESIAN_POINT('',(-4.744826308841E0,-3.345461954047E-1,
1.028748402610E1));
#2929=CARTESIAN_POINT('',(-4.774869731631E0,1.601838396900E0,1.016751496250E1));
#2930=CARTESIAN_POINT('',(-4.804913154420E0,3.481312488699E0,9.686315934303E0));
#2931=CARTESIAN_POINT('',(-4.834956577210E0,5.237105490946E0,8.860980019391E0));
#2932=CARTESIAN_POINT('',(-4.854985525737E0,6.283585626661E0,8.100886800671E0));
#2933=CARTESIAN_POINT('',(-4.865E0,6.766526206168E0,7.675117408799E0));
#2934=B_SPLINE_SURFACE_WITH_KNOTS('',3,3,((#2666,#2667,#2668,#2669,#2670,#2671,
#2672,#2673,#2674,#2675,#2676,#2677,#2678,#2679,#2680,#2681,#2682,#2683,#2684,
#2685,#2686,#2687,#2688,#2689,#2690,#2691,#2692,#2693,#2694,#2695,#2696,#2697,
#2698,#2699,#2700,#2701,#2702,#2703,#2704,#2705,#2706,#2707,#2708,#2709,#2710,
#2711,#2712,#2713,#2714,#2715,#2716,#2717,#2718,#2719,#2720,#2721,#2722,#2723,
#2724,#2725,#2726,#2727,#2728,#2729,#2730,#2731,#2732),(#2733,#2734,#2735,#2736,
#2737,#2738,#2739,#2740,#2741,#2742,#2743,#2744,#2745,#2746,#2747,#2748,#2749,
#2750,#2751,#2752,#2753,#2754,#2755,#2756,#2757,#2758,#2759,#2760,#2761,#2762,
#2763,#2764,#2765,#2766,#2767,#2768,#2769,#2770,#2771,#2772,#2773,#2774,#2775,
#2776,#2777,#2778,#2779,#2780,#2781,#2782,#2783,#2784,#2785,#2786,#2787,#2788,
#2789,#2790,#2791,#2792,#2793,#2794,#2795,#2796,#2797,#2798,#2799),(#2800,#2801,
#2802,#2803,#2804,#2805,#2806,#2807,#2808,#2809,#2810,#2811,#2812,#2813,#2814,
#2815,#2816,#2817,#2818,#2819,#2820,#2821,#2822,#2823,#2824,#2825,#2826,#2827,
#2828,#2829,#2830,#2831,#2832,#2833,#2834,#2835,#2836,#2837,#2838,#2839,#2840,
#2841,#2842,#2843,#2844,#2845,#2846,#2847,#2848,#2849,#2850,#2851,#2852,#2853,
#2854,#2855,#2856,#2857,#2858,#2859,#2860,#2861,#2862,#2863,#2864,#2865,#2866),(
#2867,#2868,#2869,#2870,#2871,#2872,#2873,#2874,#2875,#2876,#2877,#2878,#2879,
#2880,#2881,#2882,#2883,#2884,#2885,#2886,#2887,#2888,#2889,#2890,#2891,#2892,
#2893,#2894,#2895,#2896,#2897,#2898,#2899,#2900,#2901,#2902,#2903,#2904,#2905,
#2906,#2907,#2908,#2909,#2910,#2911,#2912,#2913,#2914,#2915,#2916,#2917,#2918,
#2919,#2920,#2921,#2922,#2923,#2924,#2925,#2926,#2927,#2928,#2929,#2930,#2931,
#2932,#2933)),.UNSPECIFIED.,.F.,.F.,.F.,(4,4),(4,1,1,1,1,1,1,1,1,1,1,1,1,1,1,1,
1,1,1,1,1,1,1,1,1,1,1,1,1,1,1,1,1,1,1,1,1,1,1,1,1,1,1,1,1,1,1,1,1,1,1,1,1,1,1,1,
1,1,1,1,1,1,1,1,4),(4.249736121511E-1,1.E0),(4.285946334205E-1,
4.375228422733E-1,4.464510511261E-1,4.553792599789E-1,4.643074688317E-1,
4.732356776845E-1,4.821638865373E-1,4.910920953901E-1,5.000203042429E-1,
5.089485130957E-1,5.178767219485E-1,5.268049308013E-1,5.357331396541E-1,
5.446613485069E-1,5.535895573597E-1,5.625177662125E-1,5.714459750653E-1,
5.803741839181E-1,5.893023927710E-1,5.982306016238E-1,6.071588104766E-1,
6.160870193294E-1,6.250152281822E-1,6.339434370350E-1,6.428716458878E-1,
6.517998547406E-1,6.607280635934E-1,6.696562724462E-1,6.785844812990E-1,
6.875126901518E-1,6.964408990046E-1,7.053691078574E-1,7.142973167102E-1,
7.232255255630E-1,7.321537344158E-1,7.410819432686E-1,7.500101521214E-1,
7.589383609743E-1,7.678665698271E-1,7.767947786799E-1,7.857229875327E-1,
7.946511963855E-1,8.035794052383E-1,8.125076140911E-1,8.214358229439E-1,
8.303640317967E-1,8.392922406495E-1,8.482204495023E-1,8.571486583551E-1,
8.660768672079E-1,8.750050760607E-1,8.839332849135E-1,8.928614937663E-1,
9.017897026191E-1,9.107179114719E-1,9.196461203248E-1,9.285743291776E-1,
9.375025380304E-1,9.464307468832E-1,9.553589557360E-1,9.642871645888E-1,
9.732153734416E-1,9.821435822944E-1,9.910717911472E-1,1.E0),.UNSPECIFIED.);
#2935=ORIENTED_EDGE('',*,*,#2645,.F.);
#2937=ORIENTED_EDGE('',*,*,#2936,.T.);
#2939=ORIENTED_EDGE('',*,*,#2938,.T.);
#2941=ORIENTED_EDGE('',*,*,#2940,.T.);
#2943=ORIENTED_EDGE('',*,*,#2942,.F.);
#2944=ORIENTED_EDGE('',*,*,#2609,.T.);
#2945=ORIENTED_EDGE('',*,*,#2388,.T.);
#2946=EDGE_LOOP('',(#2935,#2937,#2939,#2941,#2943,#2944,#2945));
#2947=FACE_OUTER_BOUND('',#2946,.F.);
#2948=ADVANCED_FACE('',(#2947),#2934,.F.);
#2949=CARTESIAN_POINT('',(-2.942220941245E0,9.565087281733E0,3.633511845648E0));
#2950=CARTESIAN_POINT('',(-2.952235415509E0,9.793717851666E0,3.031650215814E0));
#2951=CARTESIAN_POINT('',(-2.972264364038E0,1.013702323924E1,1.784655229987E0));
#2952=CARTESIAN_POINT('',(-3.002307786831E0,1.029183997934E1,
-1.492538503241E-1));
#2953=CARTESIAN_POINT('',(-3.032351209624E0,1.008100941057E1,
-2.077857094764E0));
#2954=CARTESIAN_POINT('',(-3.062394632417E0,9.512023404031E0,
-3.932639547851E0));
#2955=CARTESIAN_POINT('',(-3.092438055210E0,8.605096360214E0,
-5.647703859828E0));
#2956=CARTESIAN_POINT('',(-3.122481478003E0,7.392449485028E0,
-7.162117917910E0));
#2957=CARTESIAN_POINT('',(-3.152524900796E0,5.917165386136E0,
-8.422077899871E0));
#2958=CARTESIAN_POINT('',(-3.182568323589E0,4.231657620227E0,
-9.382820265659E0));
#2959=CARTESIAN_POINT('',(-3.212611746382E0,2.395808509823E0,
-1.001021198127E1));
#2960=CARTESIAN_POINT('',(-3.242655169175E0,4.748416714513E-1,
-1.028196322193E1));
#2961=CARTESIAN_POINT('',(-3.272698591968E0,-1.462995236317E0,
-1.018841927072E1));
#2962=CARTESIAN_POINT('',(-3.302742014761E0,-3.348855197960E0,
-9.732903531461E0));
#2963=CARTESIAN_POINT('',(-3.332785437554E0,-5.115737821109E0,
-8.931599455420E0));
#2964=CARTESIAN_POINT('',(-3.362828860347E0,-6.700869710088E0,
-7.812975580165E0));
#2965=CARTESIAN_POINT('',(-3.392872283140E0,-8.047934663978E0,
-6.416774106847E0));
#2966=CARTESIAN_POINT('',(-3.422915705933E0,-9.109074465241E0,
-4.792598949581E0));
#2967=CARTESIAN_POINT('',(-3.452959128726E0,-9.846589175398E0,
-2.998153420264E0));
#2968=CARTESIAN_POINT('',(-3.483002551519E0,-1.023427653008E1,
-1.097190159874E0));
#2969=CARTESIAN_POINT('',(-3.513045974312E0,-1.025836284773E1,
8.427538494864E-1));
#2970=CARTESIAN_POINT('',(-3.543089397105E0,-9.917992378834E0,
2.752756721931E0));
#2971=CARTESIAN_POINT('',(-3.573132819898E0,-9.225257710155E0,
4.564960307961E0));
#2972=CARTESIAN_POINT('',(-3.603176242691E0,-8.204770143636E0,
6.214981042808E0));
#2973=CARTESIAN_POINT('',(-3.633219665484E0,-6.892785313442E0,
7.644197350967E0));
#2974=CARTESIAN_POINT('',(-3.663263088277E0,-5.335915105864E0,
8.801832340555E0));
#2975=CARTESIAN_POINT('',(-3.693306511070E0,-3.589471644568E0,
9.646757794032E0));
#2976=CARTESIAN_POINT('',(-3.723349933863E0,-1.715502175601E0,
1.014895536350E1));
#2977=CARTESIAN_POINT('',(-3.753393356656E0,2.194153318221E-1,
1.029058305748E1));
#2978=CARTESIAN_POINT('',(-3.783436779449E0,2.146537551471E0,1.006660912931E1));
#2979=CARTESIAN_POINT('',(-3.813480202242E0,3.997398097087E0,9.484990846190E0));
#2980=CARTESIAN_POINT('',(-3.843523625035E0,5.706239980912E0,8.566391787750E0));
#2981=CARTESIAN_POINT('',(-3.873567047829E0,7.212351813951E0,7.343447717544E0));
#2982=CARTESIAN_POINT('',(-3.903610470622E0,8.462224747990E0,5.859607109355E0));
#2983=CARTESIAN_POINT('',(-3.933653893415E0,9.411453527982E0,4.167587521653E0));
#2984=CARTESIAN_POINT('',(-3.963697316208E0,1.002631411458E1,2.327502661638E0));
#2985=CARTESIAN_POINT('',(-3.993740739001E0,1.028496182726E1,
4.047266799665E-1));
#2986=CARTESIAN_POINT('',(-4.023784161794E0,1.017820744065E1,
-1.532428427085E0));
#2987=CARTESIAN_POINT('',(-4.053827584587E0,9.709843660710E0,
-3.415139791379E0));
#2988=CARTESIAN_POINT('',(-4.083871007380E0,8.896510381848E0,
-5.176518797659E0));
#2989=CARTESIAN_POINT('',(-4.113914430173E0,7.767103511726E0,
-6.753987489442E0));
#2990=CARTESIAN_POINT('',(-4.143957852966E0,6.361748366741E0,
-8.091501827600E0));
#2991=CARTESIAN_POINT('',(-4.174001275759E0,4.730374110985E0,
-9.141542814108E0));
#2992=CARTESIAN_POINT('',(-4.204044698552E0,2.930939885485E0,
-9.866804740639E0));
#2993=CARTESIAN_POINT('',(-4.234088121345E0,1.027375649288E0,
-1.024152058210E1));
#2994=CARTESIAN_POINT('',(-4.264131544138E0,-9.126891103977E-1,
-1.025237744664E1));
#2995=CARTESIAN_POINT('',(-4.294174966931E0,-2.820328105180E0,
-9.898989557925E0));
#2996=CARTESIAN_POINT('',(-4.324218389724E0,-4.627767046053E0,
-9.193911965565E0));
#2997=CARTESIAN_POINT('',(-4.354261812517E0,-6.270791517077E0,
-8.162194496147E0));
#2998=CARTESIAN_POINT('',(-4.384305235311E0,-7.691028375652E0,
-6.840491791908E0));
#2999=CARTESIAN_POINT('',(-4.414348658104E0,-8.838019626181E0,
-5.275761055089E0));
#3000=CARTESIAN_POINT('',(-4.444392080897E0,-9.671015086759E0,
-3.523593764047E0));
#3001=CARTESIAN_POINT('',(-4.474435503690E0,-1.016042015920E1,
-1.646240631379E0));
#3002=CARTESIAN_POINT('',(-4.504478926483E0,-1.028884726605E1,
2.896000271857E-1));
#3003=CARTESIAN_POINT('',(-4.534522349276E0,-1.005173359903E1,
2.215151938821E0));
#3004=CARTESIAN_POINT('',(-4.564565772069E0,-9.457503231486E0,
4.062004346328E0));
#3005=CARTESIAN_POINT('',(-4.594609194862E0,-8.527267834639E0,
5.764542496099E0));
#3006=CARTESIAN_POINT('',(-4.624652617655E0,-7.294076631279E0,
7.262278792043E0));
#3007=CARTESIAN_POINT('',(-4.654696040448E0,-5.801742230833E0,
8.502001791802E0));
#3008=CARTESIAN_POINT('',(-4.684739463241E0,-4.103284072657E0,
9.439666706041E0));
#3009=CARTESIAN_POINT('',(-4.714782886034E0,-2.259044735482E0,
1.004196019742E1));
#3010=CARTESIAN_POINT('',(-4.744826308828E0,-3.345461962703E-1,
1.028748402608E1));
#3011=CARTESIAN_POINT('',(-4.774869731621E0,1.601838396261E0,1.016751496261E1));
#3012=CARTESIAN_POINT('',(-4.804913154414E0,3.481312488296E0,9.686315934462E0));
#3013=CARTESIAN_POINT('',(-4.834956577207E0,5.237105490766E0,8.860980019513E0));
#3014=CARTESIAN_POINT('',(-4.854985525736E0,6.283585626607E0,8.100886800718E0));
#3015=CARTESIAN_POINT('',(-4.865E0,6.766526206168E0,7.675117408799E0));
#3016=CARTESIAN_POINT('',(-3.073137716853E0,9.777062656553E0,3.714035421932E0));
#3017=CARTESIAN_POINT('',(-3.083152191117E0,1.001075999162E1,3.098835717827E0));
#3018=CARTESIAN_POINT('',(-3.103181139646E0,1.036167349463E1,1.824205623011E0));
#3019=CARTESIAN_POINT('',(-3.133224562439E0,1.051992118476E1,
-1.525615191341E-1));
#3020=CARTESIAN_POINT('',(-3.163267985232E0,1.030441832315E1,
-2.123905240851E0));
#3021=CARTESIAN_POINT('',(-3.193311408025E0,9.722822810976E0,
-4.019792201834E0));
#3022=CARTESIAN_POINT('',(-3.223354830818E0,8.795797027400E0,
-5.772864677215E0));
#3023=CARTESIAN_POINT('',(-3.253398253611E0,7.556276244185E0,
-7.320840215515E0));
#3024=CARTESIAN_POINT('',(-3.283441676404E0,6.048297838319E0,
-8.608722628456E0));
#3025=CARTESIAN_POINT('',(-3.313485099197E0,4.325436922364E0,
-9.590756354908E0));
#3026=CARTESIAN_POINT('',(-3.343528521990E0,2.448902892750E0,
-1.023205192629E1));
#3027=CARTESIAN_POINT('',(-3.373571944783E0,4.853648102707E-1,
-1.050982554495E1));
#3028=CARTESIAN_POINT('',(-3.403615367576E0,-1.495417205343E0,
-1.041420853224E1));
#3029=CARTESIAN_POINT('',(-3.433658790369E0,-3.423070394841E0,
-9.948597943169E0));
#3030=CARTESIAN_POINT('',(-3.463702213162E0,-5.229109545817E0,
-9.129535876337E0));
#3031=CARTESIAN_POINT('',(-3.493745635955E0,-6.849370118560E0,
-7.986121770919E0));
#3032=CARTESIAN_POINT('',(-3.523789058748E0,-8.226287868363E0,
-6.558978569427E0));
#3033=CARTESIAN_POINT('',(-3.553832481541E0,-9.310943974338E0,
-4.898809476341E0));
#3034=CARTESIAN_POINT('',(-3.583875904334E0,-1.006480301597E1,
-3.064596587619E0));
#3035=CARTESIAN_POINT('',(-3.613919327127E0,-1.046108205099E1,
-1.121505389682E0));
#3036=CARTESIAN_POINT('',(-3.643962749920E0,-1.048570215427E1,
8.614304237680E-1));
#3037=CARTESIAN_POINT('',(-3.674006172713E0,-1.013778861174E1,
2.813761563888E0));
#3038=CARTESIAN_POINT('',(-3.704049595506E0,-9.429701998359E0,
4.666126052069E0));
#3039=CARTESIAN_POINT('',(-3.734093018299E0,-8.386599036073E0,
6.352713495973E0));
#3040=CARTESIAN_POINT('',(-3.764136441092E0,-7.045538833335E0,
7.813603186057E0));
#3041=CARTESIAN_POINT('',(-3.794179863885E0,-5.454166259383E0,
8.996892945287E0));
#3042=CARTESIAN_POINT('',(-3.824223286678E0,-3.669019229954E0,
9.860543098750E0));
#3043=CARTESIAN_POINT('',(-3.854266709471E0,-1.753520042659E0,
1.037387005103E1));
#3044=CARTESIAN_POINT('',(-3.884310132264E0,2.242778747175E-1,
1.051863640781E1));
#3045=CARTESIAN_POINT('',(-3.914353555057E0,2.194107750115E0,1.028969891203E1));
#3046=CARTESIAN_POINT('',(-3.944396977850E0,4.085985888811E0,9.695191174798E0));
#3047=CARTESIAN_POINT('',(-3.974440400643E0,5.832698038548E0,8.756234708842E0));
#3048=CARTESIAN_POINT('',(-4.004483823437E0,7.372187363179E0,7.506188530727E0));
#3049=CARTESIAN_POINT('',(-4.034527246230E0,8.649759185464E0,5.989463991652E0));
#3050=CARTESIAN_POINT('',(-4.064570669023E0,9.620024169361E0,4.259946943055E0));
#3051=CARTESIAN_POINT('',(-4.094614091816E0,1.024851090483E1,2.379083293844E0));
#3052=CARTESIAN_POINT('',(-4.124657514609E0,1.051289060346E1,
4.136959749826E-1));
#3053=CARTESIAN_POINT('',(-4.154700937402E0,1.040377039410E1,
-1.566389130281E0));
#3054=CARTESIAN_POINT('',(-4.184744360195E0,9.925027034243E0,
-3.490823945221E0));
#3055=CARTESIAN_POINT('',(-4.214787782988E0,9.093669181056E0,
-5.291237511673E0));
#3056=CARTESIAN_POINT('',(-4.244831205781E0,7.939233114903E0,
-6.903665060324E0));
#3057=CARTESIAN_POINT('',(-4.274874628574E0,6.502733383901E0,
-8.270820539729E0));
#3058=CARTESIAN_POINT('',(-4.304918051367E0,4.835205650487E0,
-9.344131866082E0));
#3059=CARTESIAN_POINT('',(-4.334961474160E0,2.995893509273E0,
-1.008546658570E1));
#3060=CARTESIAN_POINT('',(-4.365004896953E0,1.050143694359E0,
-1.046848664108E1));
#3061=CARTESIAN_POINT('',(-4.395048319746E0,-9.329155454080E-1,
-1.047958410853E1));
#3062=CARTESIAN_POINT('',(-4.425091742539E0,-2.882830421113E0,
-1.011836466241E1));
#3063=CARTESIAN_POINT('',(-4.455135165332E0,-4.730324673106E0,
-9.397661589333E0));
#3064=CARTESIAN_POINT('',(-4.485178588125E0,-6.409760806441E0,
-8.343079854190E0));
#3065=CARTESIAN_POINT('',(-4.515222010919E0,-7.861472050096E0,
-6.992086416069E0));
#3066=CARTESIAN_POINT('',(-4.545265433712E0,-9.033882190499E0,
-5.392679112831E0));
#3067=CARTESIAN_POINT('',(-4.575308856505E0,-9.885337966156E0,
-3.601681405784E0));
#3068=CARTESIAN_POINT('',(-4.605352279298E0,-1.038558892224E1,
-1.682723568189E0));
#3069=CARTESIAN_POINT('',(-4.635395702091E0,-1.051686214886E1,
2.960179586173E-1));
#3070=CARTESIAN_POINT('',(-4.665439124884E0,-1.027449371972E1,
2.264242725835E0));
#3071=CARTESIAN_POINT('',(-4.695482547677E0,-9.667094397077E0,
4.152023900617E0));
#3072=CARTESIAN_POINT('',(-4.725525970470E0,-8.716243715590E0,
5.892292616959E0));
#3073=CARTESIAN_POINT('',(-4.755569393263E0,-7.455723313880E0,
7.423220791174E0));
#3074=CARTESIAN_POINT('',(-4.785612816056E0,-5.930316748531E0,
8.690417742796E0));
#3075=CARTESIAN_POINT('',(-4.815656238849E0,-4.194218441960E0,
9.648862589910E0));
#3076=CARTESIAN_POINT('',(-4.845699661642E0,-2.309108246712E0,
1.026450372620E1));
#3077=CARTESIAN_POINT('',(-4.875743084436E0,-3.419601960865E-1,
1.051546869765E1));
#3078=CARTESIAN_POINT('',(-4.905786507229E0,1.637337319004E0,1.039284095616E1));
#3079=CARTESIAN_POINT('',(-4.935829930022E0,3.558463119318E0,9.900977901505E0));
#3080=CARTESIAN_POINT('',(-4.965873352815E0,5.353166888502E0,9.057351417450E0));
#3081=CARTESIAN_POINT('',(-4.985902301344E0,6.422838450881E0,8.280413496646E0));
#3082=CARTESIAN_POINT('',(-4.995916775608E0,6.916481652107E0,7.845208474525E0));
#3083=CARTESIAN_POINT('',(-3.204054492461E0,9.989038031376E0,3.794558998213E0));
#3084=CARTESIAN_POINT('',(-3.214068966725E0,1.022780213158E1,3.166021219837E0));
#3085=CARTESIAN_POINT('',(-3.234097915254E0,1.058632375003E1,1.863756016031E0));
#3086=CARTESIAN_POINT('',(-3.264141338047E0,1.074800239019E1,
-1.558691879483E-1));
#3087=CARTESIAN_POINT('',(-3.294184760840E0,1.052782723574E1,
-2.169953386943E0));
#3088=CARTESIAN_POINT('',(-3.324228183633E0,9.933622217922E0,
-4.106944855823E0));
#3089=CARTESIAN_POINT('',(-3.354271606426E0,8.986497694586E0,
-5.898025494608E0));
#3090=CARTESIAN_POINT('',(-3.384315029219E0,7.720103003342E0,
-7.479562513126E0));
#3091=CARTESIAN_POINT('',(-3.414358452012E0,6.179430290500E0,
-8.795367357045E0));
#3092=CARTESIAN_POINT('',(-3.444401874805E0,4.419216224497E0,
-9.798692444160E0));
#3093=CARTESIAN_POINT('',(-3.474445297598E0,2.501997275673E0,
-1.045389187132E1));
#3094=CARTESIAN_POINT('',(-3.504488720391E0,4.958879490853E-1,
-1.073768786797E1));
#3095=CARTESIAN_POINT('',(-3.534532143184E0,-1.527839174374E0,
-1.063999779376E1));
#3096=CARTESIAN_POINT('',(-3.564575565977E0,-3.497285591729E0,
-1.016429235488E1));
#3097=CARTESIAN_POINT('',(-3.594618988770E0,-5.342481270531E0,
-9.327472297254E0));
#3098=CARTESIAN_POINT('',(-3.624662411563E0,-6.997870527039E0,
-8.159267961672E0));
#3099=CARTESIAN_POINT('',(-3.654705834356E0,-8.404641072754E0,
-6.701183032006E0));
#3100=CARTESIAN_POINT('',(-3.684749257149E0,-9.512813483440E0,
-5.005020003098E0));
#3101=CARTESIAN_POINT('',(-3.714792679942E0,-1.028301685655E1,
-3.131039754970E0));
#3102=CARTESIAN_POINT('',(-3.744836102735E0,-1.068788757190E1,
-1.145820619485E0));
#3103=CARTESIAN_POINT('',(-3.774879525528E0,-1.071304146082E1,
8.801069980552E-1));
#3104=CARTESIAN_POINT('',(-3.804922948321E0,-1.035758484465E1,
2.874766405850E0));
#3105=CARTESIAN_POINT('',(-3.834966371114E0,-9.634146286563E0,
4.767291796184E0));
#3106=CARTESIAN_POINT('',(-3.865009793907E0,-8.568427928510E0,
6.490445949144E0));
#3107=CARTESIAN_POINT('',(-3.895053216700E0,-7.198292353226E0,
7.983009021153E0));
#3108=CARTESIAN_POINT('',(-3.925096639493E0,-5.572417412899E0,
9.191953550025E0));
#3109=CARTESIAN_POINT('',(-3.955140062286E0,-3.748566815335E0,
1.007432840347E1));
#3110=CARTESIAN_POINT('',(-3.985183485079E0,-1.791537909712E0,
1.059878473857E1));
#3111=CARTESIAN_POINT('',(-4.015226907872E0,2.291404176185E-1,
1.074668975813E1));
#3112=CARTESIAN_POINT('',(-4.045270330665E0,2.241677948765E0,1.051278869475E1));
#3113=CARTESIAN_POINT('',(-4.075313753458E0,4.174573680541E0,9.905391503406E0));
#3114=CARTESIAN_POINT('',(-4.105357176251E0,5.959156096190E0,8.946077629933E0));
#3115=CARTESIAN_POINT('',(-4.135400599045E0,7.532022912414E0,7.668929343909E0));
#3116=CARTESIAN_POINT('',(-4.165444021838E0,8.837293622943E0,6.119320873946E0));
#3117=CARTESIAN_POINT('',(-4.195487444631E0,9.828594810745E0,4.352306364452E0));
#3118=CARTESIAN_POINT('',(-4.225530867424E0,1.047070769509E1,2.430663926045E0));
#3119=CARTESIAN_POINT('',(-4.255574290217E0,1.074081937966E1,
4.226652699934E-1));
#3120=CARTESIAN_POINT('',(-4.285617713010E0,1.062933334754E1,
-1.600349833482E0));
#3121=CARTESIAN_POINT('',(-4.315661135803E0,1.014021040778E1,
-3.566508099068E0));
#3122=CARTESIAN_POINT('',(-4.345704558596E0,9.290827980263E0,
-5.405956225694E0));
#3123=CARTESIAN_POINT('',(-4.375747981389E0,8.111362718079E0,
-7.053342631212E0));
#3124=CARTESIAN_POINT('',(-4.405791404182E0,6.643718401059E0,
-8.450139251863E0));
#3125=CARTESIAN_POINT('',(-4.435834826975E0,4.940037189986E0,
-9.546720918060E0));
#3126=CARTESIAN_POINT('',(-4.465878249768E0,3.060847133058E0,
-1.030412843076E1));
#3127=CARTESIAN_POINT('',(-4.495921672561E0,1.072911739425E0,
-1.069545270006E1));
#3128=CARTESIAN_POINT('',(-4.525965095354E0,-9.531419804231E-1,
-1.070679077044E1));
#3129=CARTESIAN_POINT('',(-4.556008518147E0,-2.945332737051E0,
-1.033773976690E1));
#3130=CARTESIAN_POINT('',(-4.586051940940E0,-4.832882300164E0,
-9.601411213101E0));
#3131=CARTESIAN_POINT('',(-4.616095363733E0,-6.548730095810E0,
-8.523965212233E0));
#3132=CARTESIAN_POINT('',(-4.646138786527E0,-8.031915724545E0,
-7.143681040228E0));
#3133=CARTESIAN_POINT('',(-4.676182209320E0,-9.229744754821E0,
-5.509597170570E0));
#3134=CARTESIAN_POINT('',(-4.706225632113E0,-1.009966084556E1,
-3.679769047519E0));
#3135=CARTESIAN_POINT('',(-4.736269054906E0,-1.061075768528E1,
-1.719206504995E0));
#3136=CARTESIAN_POINT('',(-4.766312477699E0,-1.074487703168E1,
3.024358900521E-1));
#3137=CARTESIAN_POINT('',(-4.796355900492E0,-1.049725384041E1,
2.313333512852E0));
#3138=CARTESIAN_POINT('',(-4.826399323285E0,-9.876685562668E0,
4.242043454909E0));
#3139=CARTESIAN_POINT('',(-4.856442746078E0,-8.905219596541E0,
6.020042737822E0));
#3140=CARTESIAN_POINT('',(-4.886486168871E0,-7.617369996480E0,
7.584162790308E0));
#3141=CARTESIAN_POINT('',(-4.916529591664E0,-6.058891266228E0,
8.878833693793E0));
#3142=CARTESIAN_POINT('',(-4.946573014457E0,-4.285152811262E0,
9.858058473780E0));
#3143=CARTESIAN_POINT('',(-4.976616437250E0,-2.359171757940E0,
1.048704725498E1));
#3144=CARTESIAN_POINT('',(-5.006659860044E0,-3.493741959015E-1,
1.074345336921E1));
#3145=CARTESIAN_POINT('',(-5.036703282837E0,1.672836241749E0,1.061816694972E1));
#3146=CARTESIAN_POINT('',(-5.066746705630E0,3.635613750342E0,1.011563986855E1));
#3147=CARTESIAN_POINT('',(-5.096790128423E0,5.469228286237E0,9.253722815388E0));
#3148=CARTESIAN_POINT('',(-5.116819076952E0,6.562091275156E0,8.459940192575E0));
#3149=CARTESIAN_POINT('',(-5.126833551216E0,7.066437098046E0,8.015299540252E0));
#3150=CARTESIAN_POINT('',(-3.334971268069E0,1.020101340620E1,3.875082574496E0));
#3151=CARTESIAN_POINT('',(-3.344985742333E0,1.044484427154E1,3.233206721848E0));
#3152=CARTESIAN_POINT('',(-3.365014690862E0,1.081097400542E1,1.903306409054E0));
#3153=CARTESIAN_POINT('',(-3.395058113655E0,1.097608359561E1,
-1.591768567602E-1));
#3154=CARTESIAN_POINT('',(-3.425101536448E0,1.075123614832E1,
-2.216001533033E0));
#3155=CARTESIAN_POINT('',(-3.455144959241E0,1.014442162487E1,
-4.194097509809E0));
#3156=CARTESIAN_POINT('',(-3.485188382034E0,9.177198361771E0,
-6.023186311997E0));
#3157=CARTESIAN_POINT('',(-3.515231804827E0,7.883929762498E0,
-7.638284810734E0));
#3158=CARTESIAN_POINT('',(-3.545275227620E0,6.310562742682E0,
-8.982012085632E0));
#3159=CARTESIAN_POINT('',(-3.575318650413E0,4.512995526632E0,
-1.000662853341E1));
#3160=CARTESIAN_POINT('',(-3.605362073206E0,2.555091658598E0,
-1.067573181635E1));
#3161=CARTESIAN_POINT('',(-3.635405495999E0,5.064110879025E-1,
-1.096555019098E1));
#3162=CARTESIAN_POINT('',(-3.665448918792E0,-1.560261143403E0,
-1.086578705528E1));
#3163=CARTESIAN_POINT('',(-3.695492341585E0,-3.571500788613E0,
-1.037998676659E1));
#3164=CARTESIAN_POINT('',(-3.725535764378E0,-5.455852995241E0,
-9.525408718170E0));
#3165=CARTESIAN_POINT('',(-3.755579187171E0,-7.146370935515E0,
-8.332414152426E0));
#3166=CARTESIAN_POINT('',(-3.785622609964E0,-8.582994277142E0,
-6.843387494585E0));
#3167=CARTESIAN_POINT('',(-3.815666032757E0,-9.714682992539E0,
-5.111230529857E0));
#3168=CARTESIAN_POINT('',(-3.845709455550E0,-1.050123069712E1,
-3.197482922324E0));
#3169=CARTESIAN_POINT('',(-3.875752878343E0,-1.091469309281E1,
-1.170135849290E0));
#3170=CARTESIAN_POINT('',(-3.905796301136E0,-1.094038076737E1,
8.987835723393E-1));
#3171=CARTESIAN_POINT('',(-3.935839723929E0,-1.057738107756E1,
2.935771247809E0));
#3172=CARTESIAN_POINT('',(-3.965883146722E0,-9.838590574767E0,
4.868457540296E0));
#3173=CARTESIAN_POINT('',(-3.995926569515E0,-8.750256820948E0,
6.628178402312E0));
#3174=CARTESIAN_POINT('',(-4.025969992308E0,-7.351045873119E0,
8.152414856246E0));
#3175=CARTESIAN_POINT('',(-4.056013415101E0,-5.690668566416E0,
9.387014154760E0));
#3176=CARTESIAN_POINT('',(-4.086056837894E0,-3.828114400718E0,
1.028811370820E1));
#3177=CARTESIAN_POINT('',(-4.116100260687E0,-1.829555776768E0,
1.082369942610E1));
#3178=CARTESIAN_POINT('',(-4.146143683480E0,2.340029605165E-1,
1.097474310846E1));
#3179=CARTESIAN_POINT('',(-4.176187106273E0,2.289248147412E0,1.073587847746E1));
#3180=CARTESIAN_POINT('',(-4.206230529066E0,4.263161472268E0,1.011559183201E1));
#3181=CARTESIAN_POINT('',(-4.236273951859E0,6.085614153829E0,9.135920551025E0));
#3182=CARTESIAN_POINT('',(-4.266317374653E0,7.691858461646E0,7.831670157091E0));
#3183=CARTESIAN_POINT('',(-4.296360797446E0,9.024828060419E0,6.249177756241E0));
#3184=CARTESIAN_POINT('',(-4.326404220239E0,1.003716545213E1,4.444665785852E0));
#3185=CARTESIAN_POINT('',(-4.356447643032E0,1.069290448534E1,2.482244558248E0));
#3186=CARTESIAN_POINT('',(-4.386491065825E0,1.096874815586E1,
4.316345650070E-1));
#3187=CARTESIAN_POINT('',(-4.416534488618E0,1.085489630099E1,
-1.634310536681E0));
#3188=CARTESIAN_POINT('',(-4.446577911411E0,1.035539378131E1,
-3.642192252913E0));
#3189=CARTESIAN_POINT('',(-4.476621334204E0,9.487986779471E0,
-5.520674939711E0));
#3190=CARTESIAN_POINT('',(-4.506664756997E0,8.283492321256E0,
-7.203020202097E0));
#3191=CARTESIAN_POINT('',(-4.536708179790E0,6.784703418217E0,
-8.629457963995E0));
#3192=CARTESIAN_POINT('',(-4.566751602583E0,5.044868729486E0,
-9.749309970036E0));
#3193=CARTESIAN_POINT('',(-4.596795025376E0,3.125800756844E0,
-1.052279027582E1));
#3194=CARTESIAN_POINT('',(-4.626838448169E0,1.095679784494E0,
-1.092241875904E1));
#3195=CARTESIAN_POINT('',(-4.656881870962E0,-9.733684154356E-1,
-1.093399743233E1));
#3196=CARTESIAN_POINT('',(-4.686925293755E0,-3.007835052986E0,
-1.055711487139E1));
#3197=CARTESIAN_POINT('',(-4.716968716548E0,-4.935439927219E0,
-9.805160836869E0));
#3198=CARTESIAN_POINT('',(-4.747012139341E0,-6.687699385176E0,
-8.704850570276E0));
#3199=CARTESIAN_POINT('',(-4.777055562135E0,-8.202359398991E0,
-7.295275664389E0));
#3200=CARTESIAN_POINT('',(-4.807098984928E0,-9.425607319140E0,
-5.626515228311E0));
#3201=CARTESIAN_POINT('',(-4.837142407721E0,-1.031398372495E1,
-3.757856689256E0));
#3202=CARTESIAN_POINT('',(-4.867185830514E0,-1.083592644832E1,
-1.755689441804E0));
#3203=CARTESIAN_POINT('',(-4.897229253307E0,-1.097289191450E1,
3.088538214851E-1));
#3204=CARTESIAN_POINT('',(-4.927272676100E0,-1.072001396109E1,
2.362424299867E0));
#3205=CARTESIAN_POINT('',(-4.957316098893E0,-1.008627672826E1,
4.332063009199E0));
#3206=CARTESIAN_POINT('',(-4.987359521686E0,-9.094195477491E0,
6.147792858683E0));
#3207=CARTESIAN_POINT('',(-5.017402944479E0,-7.779016679080E0,
7.745104789441E0));
#3208=CARTESIAN_POINT('',(-5.047446367272E0,-6.187465783925E0,
9.067249644789E0));
#3209=CARTESIAN_POINT('',(-5.077489790065E0,-4.376087180564E0,
1.006725435765E1));
#3210=CARTESIAN_POINT('',(-5.107533212858E0,-2.409235269168E0,
1.070959078376E1));
#3211=CARTESIAN_POINT('',(-5.137576635652E0,-3.567881957172E-1,
1.097143804077E1));
#3212=CARTESIAN_POINT('',(-5.167620058445E0,1.708335164493E0,1.084349294327E1));
#3213=CARTESIAN_POINT('',(-5.197663481238E0,3.712764381365E0,1.033030183559E1));
#3214=CARTESIAN_POINT('',(-5.227706904031E0,5.585289683972E0,9.450094213325E0));
#3215=CARTESIAN_POINT('',(-5.247735852560E0,6.701344099430E0,8.639466888503E0));
#3216=CARTESIAN_POINT('',(-5.257750326824E0,7.216392543986E0,8.185390605978E0));
#3217=B_SPLINE_SURFACE_WITH_KNOTS('',3,3,((#2949,#2950,#2951,#2952,#2953,#2954,
#2955,#2956,#2957,#2958,#2959,#2960,#2961,#2962,#2963,#2964,#2965,#2966,#2967,
#2968,#2969,#2970,#2971,#2972,#2973,#2974,#2975,#2976,#2977,#2978,#2979,#2980,
#2981,#2982,#2983,#2984,#2985,#2986,#2987,#2988,#2989,#2990,#2991,#2992,#2993,
#2994,#2995,#2996,#2997,#2998,#2999,#3000,#3001,#3002,#3003,#3004,#3005,#3006,
#3007,#3008,#3009,#3010,#3011,#3012,#3013,#3014,#3015),(#3016,#3017,#3018,#3019,
#3020,#3021,#3022,#3023,#3024,#3025,#3026,#3027,#3028,#3029,#3030,#3031,#3032,
#3033,#3034,#3035,#3036,#3037,#3038,#3039,#3040,#3041,#3042,#3043,#3044,#3045,
#3046,#3047,#3048,#3049,#3050,#3051,#3052,#3053,#3054,#3055,#3056,#3057,#3058,
#3059,#3060,#3061,#3062,#3063,#3064,#3065,#3066,#3067,#3068,#3069,#3070,#3071,
#3072,#3073,#3074,#3075,#3076,#3077,#3078,#3079,#3080,#3081,#3082),(#3083,#3084,
#3085,#3086,#3087,#3088,#3089,#3090,#3091,#3092,#3093,#3094,#3095,#3096,#3097,
#3098,#3099,#3100,#3101,#3102,#3103,#3104,#3105,#3106,#3107,#3108,#3109,#3110,
#3111,#3112,#3113,#3114,#3115,#3116,#3117,#3118,#3119,#3120,#3121,#3122,#3123,
#3124,#3125,#3126,#3127,#3128,#3129,#3130,#3131,#3132,#3133,#3134,#3135,#3136,
#3137,#3138,#3139,#3140,#3141,#3142,#3143,#3144,#3145,#3146,#3147,#3148,#3149),(
#3150,#3151,#3152,#3153,#3154,#3155,#3156,#3157,#3158,#3159,#3160,#3161,#3162,
#3163,#3164,#3165,#3166,#3167,#3168,#3169,#3170,#3171,#3172,#3173,#3174,#3175,
#3176,#3177,#3178,#3179,#3180,#3181,#3182,#3183,#3184,#3185,#3186,#3187,#3188,
#3189,#3190,#3191,#3192,#3193,#3194,#3195,#3196,#3197,#3198,#3199,#3200,#3201,
#3202,#3203,#3204,#3205,#3206,#3207,#3208,#3209,#3210,#3211,#3212,#3213,#3214,
#3215,#3216)),.UNSPECIFIED.,.F.,.F.,.F.,(4,4),(4,1,1,1,1,1,1,1,1,1,1,1,1,1,1,1,
1,1,1,1,1,1,1,1,1,1,1,1,1,1,1,1,1,1,1,1,1,1,1,1,1,1,1,1,1,1,1,1,1,1,1,1,1,1,1,1,
1,1,1,1,1,1,1,1,4),(0.E0,7.855006536480E-1),(4.285946333568E-1,
4.375228422106E-1,4.464510510644E-1,4.553792599182E-1,4.643074687720E-1,
4.732356776258E-1,4.821638864796E-1,4.910920953334E-1,5.000203041872E-1,
5.089485130410E-1,5.178767218948E-1,5.268049307486E-1,5.357331396024E-1,
5.446613484562E-1,5.535895573100E-1,5.625177661638E-1,5.714459750176E-1,
5.803741838714E-1,5.893023927252E-1,5.982306015790E-1,6.071588104328E-1,
6.160870192866E-1,6.250152281404E-1,6.339434369942E-1,6.428716458480E-1,
6.517998547018E-1,6.607280635556E-1,6.696562724094E-1,6.785844812632E-1,
6.875126901170E-1,6.964408989708E-1,7.053691078246E-1,7.142973166784E-1,
7.232255255322E-1,7.321537343860E-1,7.410819432398E-1,7.500101520936E-1,
7.589383609474E-1,7.678665698012E-1,7.767947786550E-1,7.857229875088E-1,
7.946511963626E-1,8.035794052164E-1,8.125076140702E-1,8.214358229240E-1,
8.303640317778E-1,8.392922406316E-1,8.482204494854E-1,8.571486583392E-1,
8.660768671930E-1,8.750050760468E-1,8.839332849006E-1,8.928614937544E-1,
9.017897026082E-1,9.107179114620E-1,9.196461203158E-1,9.285743291696E-1,
9.375025380234E-1,9.464307468772E-1,9.553589557310E-1,9.642871645848E-1,
9.732153734386E-1,9.821435822924E-1,9.910717911462E-1,1.E0),.UNSPECIFIED.);
#3218=ORIENTED_EDGE('',*,*,#2384,.T.);
#3219=ORIENTED_EDGE('',*,*,#2614,.T.);
#3220=ORIENTED_EDGE('',*,*,#2404,.T.);
#3221=ORIENTED_EDGE('',*,*,#2625,.T.);
#3223=ORIENTED_EDGE('',*,*,#3222,.F.);
#3224=ORIENTED_EDGE('',*,*,#2940,.F.);
#3226=ORIENTED_EDGE('',*,*,#3225,.T.);
#3227=ORIENTED_EDGE('',*,*,#2648,.T.);
#3228=EDGE_LOOP('',(#3218,#3219,#3220,#3221,#3223,#3224,#3226,#3227));
#3229=FACE_OUTER_BOUND('',#3228,.F.);
#3230=ADVANCED_FACE('',(#3229),#3217,.F.);
#3231=CARTESIAN_POINT('',(-4.421580279379E0,7.274430572397E0,8.251221827E0));
#3232=CARTESIAN_POINT('',(-4.430343300213E0,7.728740913668E0,7.850693383433E0));
#3233=CARTESIAN_POINT('',(-4.447869341879E0,8.571045466278E0,6.974428840577E0));
#3234=CARTESIAN_POINT('',(-4.474158404379E0,9.601184578866E0,5.470168100201E0));
#3235=CARTESIAN_POINT('',(-4.500447466879E0,1.036995673285E1,3.816998617741E0));
#3236=CARTESIAN_POINT('',(-4.526736529380E0,1.085643608076E1,2.059921781509E0));
#3237=CARTESIAN_POINT('',(-4.553025591880E0,1.104737916273E1,
2.467695361708E-1));
#3238=CARTESIAN_POINT('',(-4.579314654380E0,1.093758827295E1,
-1.573100225142E0));
#3239=CARTESIAN_POINT('',(-4.605603716880E0,1.053005218427E1,
-3.350146617189E0));
#3240=CARTESIAN_POINT('',(-4.631892779380E0,9.835864988455E0,
-5.035994554518E0));
#3241=CARTESIAN_POINT('',(-4.658181841880E0,8.873924032369E0,
-6.584751577919E0));
#3242=CARTESIAN_POINT('',(-4.684470904380E0,7.670415502372E0,
-7.954257159051E0));
#3243=CARTESIAN_POINT('',(-4.710759966880E0,6.258101572318E0,
-9.107230396683E0));
#3244=CARTESIAN_POINT('',(-4.737049029380E0,4.675428544339E0,
-1.001228488271E1));
#3245=CARTESIAN_POINT('',(-4.763338091880E0,2.965480254495E0,
-1.064478310559E1));
#3246=CARTESIAN_POINT('',(-4.789627154380E0,1.174805235646E0,
-1.098750713419E1));
#3247=CARTESIAN_POINT('',(-4.815916216880E0,-6.478504356816E-1,
-1.103112732411E1));
#3248=CARTESIAN_POINT('',(-4.842205279380E0,-2.452870113650E0,
-1.077445628776E1));
#3249=CARTESIAN_POINT('',(-4.868494341880E0,-4.191117255579E0,
-1.022448121453E1));
#3250=CARTESIAN_POINT('',(-4.894783404380E0,-5.815273024328E0,
-9.396173661410E0));
#3251=CARTESIAN_POINT('',(-4.921072466880E0,-7.281124408209E0,
-8.312081992086E0));
#3252=CARTESIAN_POINT('',(-4.947361529380E0,-8.548767793077E0,
-7.001717559339E0));
#3253=CARTESIAN_POINT('',(-4.973650591881E0,-9.583695222866E0,
-5.500751340251E0));
#3254=CARTESIAN_POINT('',(-4.999939654381E0,-1.035773377830E1,
-3.850042893639E0));
#3255=CARTESIAN_POINT('',(-5.026228716881E0,-1.084981250200E1,
-2.094528073636E0));
#3256=CARTESIAN_POINT('',(-5.052517779381E0,-1.104653599267E1,
-2.819957783097E-1));
#3257=CARTESIAN_POINT('',(-5.078806841881E0,-1.094254905414E1,
1.538212967166E0));
#3258=CARTESIAN_POINT('',(-5.105095904381E0,-1.054068247273E1,
3.316548178997E0));
#3259=CARTESIAN_POINT('',(-5.131384966881E0,-9.851875954772E0,
5.004599771036E0));
#3260=CARTESIAN_POINT('',(-5.157674029381E0,-8.894880322065E0,
6.556415380097E0));
#3261=CARTESIAN_POINT('',(-5.183963091881E0,-7.695747072415E0,
7.929751286347E0));
#3262=CARTESIAN_POINT('',(-5.210252154381E0,-6.287119200438E0,
9.087222376117E0));
#3263=CARTESIAN_POINT('',(-5.236541216881E0,-4.707342584140E0,
9.997319842772E0));
#3264=CARTESIAN_POINT('',(-5.262830279381E0,-2.999422127261E0,
1.063526892172E1));
#3265=CARTESIAN_POINT('',(-5.289119341881E0,-1.209851073447E0,
1.098370331029E1));
#3266=CARTESIAN_POINT('',(-5.315408404381E0,6.126546391719E-1,
1.103313791345E1));
#3267=CARTESIAN_POINT('',(-5.341697466881E0,2.418482529439E0,1.078222704625E1));
#3268=CARTESIAN_POINT('',(-5.367986529381E0,4.158474130007E0,1.023780106430E1));
#3269=CARTESIAN_POINT('',(-5.394275591881E0,5.785263184574E0,9.414680425249E0));
#3270=CARTESIAN_POINT('',(-5.420564654381E0,7.254565056977E0,8.335272242879E0));
#3271=CARTESIAN_POINT('',(-5.446853716881E0,8.526382251753E0,7.028960316613E0));
#3272=CARTESIAN_POINT('',(-5.473142779381E0,9.566093229415E0,5.531305241142E0));
#3273=CARTESIAN_POINT('',(-5.499431841881E0,1.034539487663E1,3.883076370924E0));
#3274=CARTESIAN_POINT('',(-5.525720904382E0,1.084307297538E1,2.129141991555E0));
#3275=CARTESIAN_POINT('',(-5.552009966882E0,1.104557969730E1,
3.172479099070E-1));
#3276=CARTESIAN_POINT('',(-5.578299029382E0,1.094740240276E1,
-1.503282287619E0));
#3277=CARTESIAN_POINT('',(-5.604588091882E0,1.055121370518E1,
-3.282889927020E0));
#3278=CARTESIAN_POINT('',(-5.630877154382E0,9.867798715564E0,
-4.973130337916E0));
#3279=CARTESIAN_POINT('',(-5.657166216882E0,8.915761447970E0,
-6.527991619001E0));
#3280=CARTESIAN_POINT('',(-5.683455279382E0,7.721018378077E0,
-7.905147178193E0));
#3281=CARTESIAN_POINT('',(-5.709744341882E0,6.316092941403E0,
-9.067107950736E0));
#3282=CARTESIAN_POINT('',(-5.736033404382E0,4.739230176376E0,
-9.982242929521E0));
#3283=CARTESIAN_POINT('',(-5.762322466882E0,3.033355613571E0,
-1.062564022668E1));
#3284=CARTESIAN_POINT('',(-5.788611529382E0,1.244906752337E0,
-1.097978522661E1));
#3285=CARTESIAN_POINT('',(-5.814900591882E0,-5.774310655282E-1,
-1.103503736972E1));
#3286=CARTESIAN_POINT('',(-5.841189654382E0,-2.384049972911E0,
-1.078989258788E1));
#3287=CARTESIAN_POINT('',(-5.867478716882E0,-4.125770007408E0,
-1.025102424760E1));
#3288=CARTESIAN_POINT('',(-5.893767779382E0,-5.755177892759E0,
-9.433101486372E0));
#3289=CARTESIAN_POINT('',(-5.920056841882E0,-7.227917727263E0,
-8.358389887460E0));
#3290=CARTESIAN_POINT('',(-5.946345904382E0,-8.503898443974E0,
-7.056145363706E0));
#3291=CARTESIAN_POINT('',(-5.972634966882E0,-9.548385173125E0,
-5.561817749991E0));
#3292=CARTESIAN_POINT('',(-5.998924029382E0,-1.033294479762E1,
-3.916085784317E0));
#3293=CARTESIAN_POINT('',(-6.025213091882E0,-1.083621996164E1,
-2.163749747319E0));
#3294=CARTESIAN_POINT('',(-6.051502154382E0,-1.104451046228E1,
-3.525119048465E-1));
#3295=CARTESIAN_POINT('',(-6.077791216882E0,-1.095214619747E1,
1.468322047482E0));
#3296=CARTESIAN_POINT('',(-6.104080279382E0,-1.056164151787E1,
3.249185188379E0));
#3297=CARTESIAN_POINT('',(-6.130369341882E0,-9.883626780892E0,
4.941598686074E0));
#3298=CARTESIAN_POINT('',(-6.156658404382E0,-8.936558970101E0,
6.499491493420E0));
#3299=CARTESIAN_POINT('',(-6.182947466882E0,-7.746219257601E0,
7.880454498091E0));
#3300=CARTESIAN_POINT('',(-6.209236529382E0,-6.345011186722E0,
9.046894987296E0));
#3301=CARTESIAN_POINT('',(-6.235525591882E0,-4.771078579957E0,
9.967060000093E0));
#3302=CARTESIAN_POINT('',(-6.261814654382E0,-3.067267184530E0,
1.061590070952E1));
#3303=CARTESIAN_POINT('',(-6.288103716882E0,-1.279958321725E0,
1.097575430428E1));
#3304=CARTESIAN_POINT('',(-6.314392779382E0,5.421937095239E-1,
1.103682480768E1));
#3305=CARTESIAN_POINT('',(-6.340681841882E0,2.349586104313E0,1.079744974505E1));
#3306=CARTESIAN_POINT('',(-6.366970904382E0,4.093017843849E0,1.026414540019E1));
#3307=CARTESIAN_POINT('',(-6.393259966882E0,5.725029050174E0,9.451429429051E0));
#3308=CARTESIAN_POINT('',(-6.419549029382E0,7.201192943532E0,8.381425659315E0));
#3309=CARTESIAN_POINT('',(-6.445838091882E0,8.481325232587E0,7.083261834083E0));
#3310=CARTESIAN_POINT('',(-6.472127154382E0,9.530578015397E0,5.592276694304E0));
#3311=CARTESIAN_POINT('',(-6.498416216882E0,1.032038841284E1,3.949057984770E0));
#3312=CARTESIAN_POINT('',(-6.524705279382E0,1.082925611073E1,2.198337571152E0));
#3313=CARTESIAN_POINT('',(-6.550994341882E0,1.104332864422E1,
3.877737452435E-1));
#3314=CARTESIAN_POINT('',(-6.577283404382E0,1.095677849190E1,
-1.433346133411E0));
#3315=CARTESIAN_POINT('',(-6.603572466882E0,1.057196171416E1,
-3.215447342721E0));
#3316=CARTESIAN_POINT('',(-6.629861529382E0,9.899353817370E0,
-4.910017326090E0));
#3317=CARTESIAN_POINT('',(-6.656150591882E0,8.957264589738E0,
-6.470926306324E0));
#3318=CARTESIAN_POINT('',(-6.682439654382E0,7.771339671508E0,
-7.855683035539E0));
#3319=CARTESIAN_POINT('',(-6.708728716882E0,6.373862427832E0,
-9.026591496915E0));
#3320=CARTESIAN_POINT('',(-6.735017779382E0,4.802875128668E0,
-9.951777070442E0));
#3321=CARTESIAN_POINT('',(-6.761306841882E0,3.101143359028E0,
-1.060605422824E1));
#3322=CARTESIAN_POINT('',(-6.787595904382E0,1.314991850414E0,
-1.097161213894E1));
#3323=CARTESIAN_POINT('',(-6.813884966882E0,-5.069565754522E-1,
-1.103849951746E1));
#3324=CARTESIAN_POINT('',(-6.840174029382E0,-2.315104622072E0,
-1.080489552155E1));
#3325=CARTESIAN_POINT('',(-6.866463091882E0,-4.060230661199E0,
-1.027715932062E1));
#3326=CARTESIAN_POINT('',(-6.892752154382E0,-5.694828649753E0,
-9.469656987361E0));
#3327=CARTESIAN_POINT('',(-6.919041216882E0,-7.174401345243E0,
-8.404370424650E0));
#3328=CARTESIAN_POINT('',(-6.945330279382E0,-8.458671615665E0,
-7.110298973251E0));
#3329=CARTESIAN_POINT('',(-6.971619341882E0,-9.512678869425E0,
-5.622669989910E0));
#3330=CARTESIAN_POINT('',(-6.997908404382E0,-1.030773075813E1,
-3.981979885436E0));
#3331=CARTESIAN_POINT('',(-7.024197466881E0,-1.082218424482E1,
-2.232891727671E0));
#3332=CARTESIAN_POINT('',(-7.050486529381E0,-1.104203477527E1,
-4.230194188661E-1));
#3333=CARTESIAN_POINT('',(-7.076775591881E0,-1.096129751377E1,
1.398368455309E0));
#3334=CARTESIAN_POINT('',(-7.103064654381E0,-1.058217026528E1,
3.181689821206E0));
#3335=CARTESIAN_POINT('',(-7.129353716881E0,-9.914973648781E0,
4.878398846921E0));
#3336=CARTESIAN_POINT('',(-7.155642779381E0,-8.977870150326E0,
6.442307463798E0));
#3337=CARTESIAN_POINT('',(-7.181931841881E0,-7.796369703620E0,
7.830842705088E0));
#3338=CARTESIAN_POINT('',(-7.208220904381E0,-6.402635257264E0,
9.006205634311E0));
#3339=CARTESIAN_POINT('',(-7.234509966881E0,-4.834607232442E0,
9.936400314774E0));
#3340=CARTESIAN_POINT('',(-7.260799029381E0,-3.134970705088E0,
1.059610480944E1));
#3341=CARTESIAN_POINT('',(-7.287088091881E0,-1.349993427994E0,
1.096736050062E1));
#3342=CARTESIAN_POINT('',(-7.313377154381E0,4.717336757339E-1,
1.104006096459E1));
#3343=CARTESIAN_POINT('',(-7.339666216881E0,2.280619261429E0,1.081222709289E1));
#3344=CARTESIAN_POINT('',(-7.365955279381E0,4.027421545836E0,1.029006097077E1));
#3345=CARTESIAN_POINT('',(-7.392244341881E0,5.664588774873E0,9.487777045884E0));
#3346=CARTESIAN_POINT('',(-7.418533404381E0,7.147553685781E0,8.427215183289E0));
#3347=CARTESIAN_POINT('',(-7.444822466880E0,8.435946725593E0,7.137246139810E0));
#3348=CARTESIAN_POINT('',(-7.471111529380E0,9.494694999453E0,5.652985642144E0));
#3349=CARTESIAN_POINT('',(-7.497400591880E0,1.029497703299E1,4.014838462960E0));
#3350=CARTESIAN_POINT('',(-7.523689654380E0,1.081500735799E1,2.267398517245E0));
#3351=CARTESIAN_POINT('',(-7.549978716880E0,1.104062956297E1,
4.582349205240E-1));
#3352=CARTESIAN_POINT('',(-7.576267779380E0,1.096570166510E1,
-1.363402944909E0));
#3353=CARTESIAN_POINT('',(-7.602556841880E0,1.059226331027E1,
-3.147926105193E0));
#3354=CARTESIAN_POINT('',(-7.628845904380E0,9.930480258203E0,
-4.846755914405E0));
#3355=CARTESIAN_POINT('',(-7.655134966880E0,8.998367632242E0,
-6.413646474604E0));
#3356=CARTESIAN_POINT('',(-7.681424029380E0,7.821299584235E0,
-7.805943542473E0));
#3357=CARTESIAN_POINT('',(-7.707713091880E0,6.431318286647E0,
-8.985745707396E0));
#3358=CARTESIAN_POINT('',(-7.734002154379E0,4.866262688594E0,
-9.920936025648E0));
#3359=CARTESIAN_POINT('',(-7.760291216879E0,3.168734684087E0,
-1.058605679398E1));
#3360=CARTESIAN_POINT('',(-7.777817258546E0,1.979547217677E0,
-1.083735278990E1));
#3361=CARTESIAN_POINT('',(-7.786580279379E0,1.378665579410E0,
-1.091326179523E1));
#3362=CARTESIAN_POINT('',(-4.569386852920E0,7.105129116987E0,8.059187020933E0));
#3363=CARTESIAN_POINT('',(-4.578149873753E0,7.548866066813E0,7.667980275848E0));
#3364=CARTESIAN_POINT('',(-4.595675915420E0,8.371567244940E0,6.812109475287E0));
#3365=CARTESIAN_POINT('',(-4.621964977920E0,9.377731415531E0,5.342858146318E0));
#3366=CARTESIAN_POINT('',(-4.648254040420E0,1.012861155127E1,3.728163702781E0));
#3367=CARTESIAN_POINT('',(-4.674543102920E0,1.060376882238E1,2.011980193206E0));
#3368=CARTESIAN_POINT('',(-4.700832165420E0,1.079026799064E1,
2.410263455239E-1));
#3369=CARTESIAN_POINT('',(-4.727121227920E0,1.068303231908E1,
-1.536488678029E0));
#3370=CARTESIAN_POINT('',(-4.753410290420E0,1.028498102130E1,
-3.272176981974E0));
#3371=CARTESIAN_POINT('',(-4.779699352920E0,9.606949990754E0,
-4.918789338380E0));
#3372=CARTESIAN_POINT('',(-4.805988415420E0,8.667396766912E0,
-6.431501366159E0));
#3373=CARTESIAN_POINT('',(-4.832277477920E0,7.491898091940E0,
-7.769133759999E0));
#3374=CARTESIAN_POINT('',(-4.858566540420E0,6.112453649261E0,
-8.895273275700E0));
#3375=CARTESIAN_POINT('',(-4.884855602920E0,4.566614961016E0,
-9.779263976706E0));
#3376=CARTESIAN_POINT('',(-4.911144665420E0,2.896463151633E0,
-1.039704175260E1));
#3377=CARTESIAN_POINT('',(-4.937433727920E0,1.147463406724E0,
-1.073178939373E1));
#3378=CARTESIAN_POINT('',(-4.963722790420E0,-6.327726889690E-1,
-1.077439438918E1));
#3379=CARTESIAN_POINT('',(-4.990011852921E0,-2.395783242583E0,
-1.052369698604E1));
#3380=CARTESIAN_POINT('',(-5.016300915421E0,-4.093575290734E0,
-9.986521757332E0));
#3381=CARTESIAN_POINT('',(-5.042589977921E0,-5.679931271208E0,
-9.177491819535E0));
#3382=CARTESIAN_POINT('',(-5.068879040421E0,-7.111667163816E0,
-8.118630757005E0));
#3383=CARTESIAN_POINT('',(-5.095168102921E0,-8.349808051153E0,
-6.838763090070E0));
#3384=CARTESIAN_POINT('',(-5.121457165421E0,-9.360649098047E0,
-5.372729607350E0));
#3385=CARTESIAN_POINT('',(-5.147746227921E0,-1.011667306765E1,
-3.760438922744E0));
#3386=CARTESIAN_POINT('',(-5.174035290421E0,-1.059729939747E1,
-2.045781075815E0));
#3387=CARTESIAN_POINT('',(-5.200324352921E0,-1.078944444410E1,
-2.754327497384E-1));
#3388=CARTESIAN_POINT('',(-5.226613415421E0,-1.068787764552E1,
1.502413368630E0));
#3389=CARTESIAN_POINT('',(-5.252902477921E0,-1.029536390575E1,
3.239360497012E0));
#3390=CARTESIAN_POINT('',(-5.279191540421E0,-9.622588325856E0,
4.888125221372E0));
#3391=CARTESIAN_POINT('',(-5.305480602921E0,-8.687865330412E0,
6.403824650819E0));
#3392=CARTESIAN_POINT('',(-5.331769665421E0,-7.516640107704E0,
7.745198224708E0));
#3393=CARTESIAN_POINT('',(-5.358058727921E0,-6.140795935631E0,
8.875730911789E0));
#3394=CARTESIAN_POINT('',(-5.384347790421E0,-4.597786249431E0,
9.764647225618E0));
#3395=CARTESIAN_POINT('',(-5.410636852921E0,-2.929615078245E0,
1.038774899707E1));
#3396=CARTESIAN_POINT('',(-5.436925915421E0,-1.181693605241E0,
1.072807409812E1));
#3397=CARTESIAN_POINT('',(-5.463214977921E0,5.983960218073E-1,
1.077635818508E1));
#3398=CARTESIAN_POINT('',(-5.489504040421E0,2.362195977791E0,1.053128689178E1));
#3399=CARTESIAN_POINT('',(-5.515793102922E0,4.061691884924E0,9.999531607587E0));
#3400=CARTESIAN_POINT('',(-5.542082165422E0,5.650619865440E0,9.195567866218E0));
#3401=CARTESIAN_POINT('',(-5.568371227922E0,7.085725941627E0,8.141281289510E0));
#3402=CARTESIAN_POINT('',(-5.594660290422E0,8.327943499711E0,6.865371813049E0));
#3403=CARTESIAN_POINT('',(-5.620949352922E0,9.343456764580E0,5.402572412047E0));
#3404=CARTESIAN_POINT('',(-5.647238415422E0,1.010462133539E1,3.792703595416E0));
#3405=CARTESIAN_POINT('',(-5.673527477922E0,1.059071672322E1,2.079589406737E0));
#3406=CARTESIAN_POINT('',(-5.699816540422E0,1.078851040507E1,
3.098644408731E-1));
#3407=CARTESIAN_POINT('',(-5.726105602922E0,1.069261803974E1,
-1.468295648231E0));
#3408=CARTESIAN_POINT('',(-5.752394665422E0,1.030565003956E1,
-3.206485590342E0));
#3409=CARTESIAN_POINT('',(-5.778683727922E0,9.638140508285E0,
-4.857388192084E0));
#3410=CARTESIAN_POINT('',(-5.804972790422E0,8.708260479447E0,
-6.376062410109E0));
#3411=CARTESIAN_POINT('',(-5.831261852922E0,7.541323261649E0,
-7.721166740249E0));
#3412=CARTESIAN_POINT('',(-5.857550915422E0,6.169095356253E0,
-8.856084619474E0));
#3413=CARTESIAN_POINT('',(-5.883839977922E0,4.628931705809E0,
-9.749921204898E0));
#3414=CARTESIAN_POINT('',(-5.910129040422E0,2.962758813582E0,
-1.037834439546E1));
#3415=CARTESIAN_POINT('',(-5.936418102922E0,1.215933415810E0,
-1.072424720196E1));
#3416=CARTESIAN_POINT('',(-5.962707165422E0,-5.639922239827E-1,
-1.077821343435E1));
#3417=CARTESIAN_POINT('',(-5.988996227922E0,-2.328564787346E0,
-1.053877402944E1));
#3418=CARTESIAN_POINT('',(-6.015285290422E0,-4.029748901702E0,
-1.001244704114E1));
#3419=CARTESIAN_POINT('',(-6.041574352922E0,-5.621234763645E0,
-9.213560204786E0));
#3420=CARTESIAN_POINT('',(-6.067863415422E0,-7.059698788525E0,
-8.163860905605E0));
#3421=CARTESIAN_POINT('',(-6.094152477922E0,-8.305982968818E0,
-6.891924168966E0));
#3422=CARTESIAN_POINT('',(-6.120441540422E0,-9.326160836726E0,
-5.432374788040E0));
#3423=CARTESIAN_POINT('',(-6.146730602922E0,-1.009246101328E1,
-3.824944764248E0));
#3424=CARTESIAN_POINT('',(-6.173019665422E0,-1.058402320309E1,
-2.113391718919E0));
#3425=CARTESIAN_POINT('',(-6.199308727922E0,-1.078746605489E1,
-3.443077192486E-1));
#3426=CARTESIAN_POINT('',(-6.225597790422E0,-1.069725142974E1,
1.434149055221E0));
#3427=CARTESIAN_POINT('',(-6.251886852922E0,-1.031583516056E1,
3.173565278914E0));
#3428=CARTESIAN_POINT('',(-6.278175915422E0,-9.653600199144E0,
4.826590392121E0));
#3429=CARTESIAN_POINT('',(-6.304464977922E0,-8.728573970459E0,
6.348225582183E0));
#3430=CARTESIAN_POINT('',(-6.330754040422E0,-7.565937628520E0,
7.697048745222E0));
#3431=CARTESIAN_POINT('',(-6.357043102922E0,-6.197340572808E0,
8.836342082426E0));
#3432=CARTESIAN_POINT('',(-6.383332165422E0,-4.660038885590E0,
9.735091635369E0));
#3433=CARTESIAN_POINT('',(-6.409621227922E0,-2.995881143616E0,
1.036883155095E1));
#3434=CARTESIAN_POINT('',(-6.435910290422E0,-1.250169212520E0,
1.072031009329E1));
#3435=CARTESIAN_POINT('',(-6.462199352922E0,5.295749645612E-1,
1.077995927237E1));
#3436=CARTESIAN_POINT('',(-6.488488415422E0,2.294903013572E0,1.054615530511E1));
#3437=CARTESIAN_POINT('',(-6.514777477922E0,3.997758995601E0,1.002526281859E1));
#3438=CARTESIAN_POINT('',(-6.541066540422E0,5.591787590129E0,9.231461592103E0));
#3439=CARTESIAN_POINT('',(-6.567355602922E0,7.033595984031E0,8.186360554437E0));
#3440=CARTESIAN_POINT('',(-6.593644665422E0,8.283935115052E0,6.918409544186E0));
#3441=CARTESIAN_POINT('',(-6.619933727922E0,9.308768113873E0,5.462124846131E0));
#3442=CARTESIAN_POINT('',(-6.646222790422E0,1.008019685952E1,3.857149586214E0));
#3443=CARTESIAN_POINT('',(-6.672511852922E0,1.057722142536E1,2.147174563055E0));
#3444=CARTESIAN_POINT('',(-6.698800915422E0,1.078631174187E1,
3.787488932251E-1));
#3445=CARTESIAN_POINT('',(-6.725089977922E0,1.070177591447E1,
-1.399987153064E0));
#3446=CARTESIAN_POINT('',(-6.751379040422E0,1.032591516977E1,
-3.140612630986E0));
#3447=CARTESIAN_POINT('',(-6.777668102922E0,9.668961212448E0,
-4.795744040899E0));
#3448=CARTESIAN_POINT('',(-6.803957165422E0,8.748797697870E0,
-6.320325206951E0));
#3449=CARTESIAN_POINT('',(-6.830246227922E0,7.590473402489E0,
-7.672853801288E0));
#3450=CARTESIAN_POINT('',(-6.856535290422E0,6.225520344576E0,
-8.816511125315E0));
#3451=CARTESIAN_POINT('',(-6.882824352922E0,4.691095417344E0,
-9.720164392972E0));
#3452=CARTESIAN_POINT('',(-6.909113415422E0,3.028968900988E0,
-1.035921423175E1));
#3453=CARTESIAN_POINT('',(-6.935402477922E0,1.284387388401E0,
-1.071626433063E1));
#3454=CARTESIAN_POINT('',(-6.961691540422E0,-4.951579219073E-1,
-1.078159500579E1));
#3455=CARTESIAN_POINT('',(-6.987980602922E0,-2.261224036086E0,
-1.055342779234E1));
#3456=CARTESIAN_POINT('',(-7.014269665422E0,-3.965734885426E0,
-1.003797385955E1));
#3457=CARTESIAN_POINT('',(-7.040558727922E0,-5.562290058708E0,
-9.249264931345E0));
#3458=CARTESIAN_POINT('',(-7.066847790422E0,-7.007427919988E0,
-8.208771314791E0));
#3459=CARTESIAN_POINT('',(-7.093136852922E0,-8.261808727069E0,
-6.944817434512E0));
#3460=CARTESIAN_POINT('',(-7.119425915422E0,-9.291285543663E0,
-5.491810783391E0));
#3461=CARTESIAN_POINT('',(-7.145714977922E0,-1.006783379273E1,
-3.889305279046E0));
#3462=CARTESIAN_POINT('',(-7.172004040422E0,-1.057031414652E1,
-2.180924523434E0));
#3463=CARTESIAN_POINT('',(-7.198293102922E0,-1.078504798578E1,
-4.131742766846E-1));
#3464=CARTESIAN_POINT('',(-7.224582165422E0,-1.070618976289E1,
1.365823527931E0));
#3465=CARTESIAN_POINT('',(-7.250871227922E0,-1.033588613218E1,
3.107640765127E0));
#3466=CARTESIAN_POINT('',(-7.277160290422E0,-9.684217515723E0,
4.764861434386E0));
#3467=CARTESIAN_POINT('',(-7.303449352921E0,-8.768923694957E0,
6.292372425038E0));
#3468=CARTESIAN_POINT('',(-7.329738415421E0,-7.614920898164E0,
7.648591592252E0));
#3469=CARTESIAN_POINT('',(-7.356027477921E0,-6.253623529580E0,
8.796599713072E0));
#3470=CARTESIAN_POINT('',(-7.382316540421E0,-4.722089004020E0,
9.705145508217E0));
#3471=CARTESIAN_POINT('',(-7.408605602921E0,-3.062008966330E0,
1.034949637074E1));
#3472=CARTESIAN_POINT('',(-7.434894665421E0,-1.318574356786E0,
1.071211164282E1));
#3473=CARTESIAN_POINT('',(-7.461183727921E0,4.607547823240E-1,
1.078312011258E1));
#3474=CARTESIAN_POINT('',(-7.487472790421E0,2.227541270463E0,1.056058873236E1));
#3475=CARTESIAN_POINT('',(-7.513761852921E0,3.933689352989E0,1.005057524315E1));
#3476=CARTESIAN_POINT('',(-7.540050915421E0,5.532753971537E0,9.266963272698E0));
#3477=CARTESIAN_POINT('',(-7.566339977921E0,6.981205099513E0,8.231084395954E0));
#3478=CARTESIAN_POINT('',(-7.592629040421E0,8.239612724712E0,6.971137446207E0));
#3479=CARTESIAN_POINT('',(-7.618918102921E0,9.273720221279E0,5.521420884312E0));
#3480=CARTESIAN_POINT('',(-7.645207165421E0,1.005537689141E1,3.921399122485E0));
#3481=CARTESIAN_POINT('',(-7.671496227920E0,1.056330429096E1,2.214628219262E0));
#3482=CARTESIAN_POINT('',(-7.697785290420E0,1.078367547769E1,
4.475701903860E-1));
#3483=CARTESIAN_POINT('',(-7.724074352920E0,1.071049141420E1,
-1.331671787317E0));
#3484=CARTESIAN_POINT('',(-7.750363415420E0,1.034574427669E1,
-3.074662848938E0));
#3485=CARTESIAN_POINT('',(-7.776652477920E0,9.699363232080E0,
-4.733954943640E0));
#3486=CARTESIAN_POINT('',(-7.802941540420E0,8.788944128741E0,
-6.264378477359E0));
#3487=CARTESIAN_POINT('',(-7.829230602920E0,7.639270573218E0,
-7.624271920284E0));
#3488=CARTESIAN_POINT('',(-7.855519665420E0,6.281639004496E0,
-8.776615960254E0));
#3489=CARTESIAN_POINT('',(-7.881808727920E0,4.753007726933E0,
-9.690041127216E0));
#3490=CARTESIAN_POINT('',(-7.908097790420E0,3.094987139385E0,
-1.033968220776E1));
#3491=CARTESIAN_POINT('',(-7.925623832086E0,1.933476226736E0,
-1.058512966648E1));
#3492=CARTESIAN_POINT('',(-7.934386852920E0,1.346579206904E0,
-1.065927200361E1));
#3493=CARTESIAN_POINT('',(-4.717193426460E0,6.935827661577E0,7.867152214866E0));
#3494=CARTESIAN_POINT('',(-4.725956447293E0,7.368991219958E0,7.485267168263E0));
#3495=CARTESIAN_POINT('',(-4.743482488960E0,8.172089023603E0,6.649790109996E0));
#3496=CARTESIAN_POINT('',(-4.769771551460E0,9.154278252197E0,5.215548192434E0));
#3497=CARTESIAN_POINT('',(-4.796060613960E0,9.887266369683E0,3.639328787821E0));
#3498=CARTESIAN_POINT('',(-4.822349676460E0,1.035110156399E1,1.964038604903E0));
#3499=CARTESIAN_POINT('',(-4.848638738960E0,1.053315681856E1,
2.352831548771E-1));
#3500=CARTESIAN_POINT('',(-4.874927801460E0,1.042847636520E1,
-1.499877130916E0));
#3501=CARTESIAN_POINT('',(-4.901216863960E0,1.003990985833E1,
-3.194207346759E0));
#3502=CARTESIAN_POINT('',(-4.927505926460E0,9.378034993052E0,
-4.801584122242E0));
#3503=CARTESIAN_POINT('',(-4.953794988960E0,8.460869501454E0,
-6.278251154399E0));
#3504=CARTESIAN_POINT('',(-4.980084051460E0,7.313380681508E0,
-7.584010360947E0));
#3505=CARTESIAN_POINT('',(-5.006373113960E0,5.966805726203E0,
-8.683316154718E0));
#3506=CARTESIAN_POINT('',(-5.032662176461E0,4.457801377692E0,
-9.546243070705E0));
#3507=CARTESIAN_POINT('',(-5.058951238961E0,2.827446048772E0,
-1.014930039960E1));
#3508=CARTESIAN_POINT('',(-5.085240301461E0,1.120121577802E0,
-1.047607165326E1));
#3509=CARTESIAN_POINT('',(-5.111529363961E0,-6.176949422562E-1,
-1.051766145425E1));
#3510=CARTESIAN_POINT('',(-5.137818426461E0,-2.338696371516E0,
-1.027293768431E1));
#3511=CARTESIAN_POINT('',(-5.164107488961E0,-3.996033325888E0,
-9.748562300134E0));
#3512=CARTESIAN_POINT('',(-5.190396551461E0,-5.544589518086E0,
-8.958809977661E0));
#3513=CARTESIAN_POINT('',(-5.216685613961E0,-6.942209919422E0,
-7.925179521923E0));
#3514=CARTESIAN_POINT('',(-5.242974676461E0,-8.150848309228E0,
-6.675808620800E0));
#3515=CARTESIAN_POINT('',(-5.269263738961E0,-9.137602973228E0,
-5.244707874448E0));
#3516=CARTESIAN_POINT('',(-5.295552801461E0,-9.875612356988E0,
-3.670834951850E0));
#3517=CARTESIAN_POINT('',(-5.321841863961E0,-1.034478629294E1,
-1.997034077995E0));
#3518=CARTESIAN_POINT('',(-5.348130926461E0,-1.053235289553E1,
-2.688697211676E-1));
#3519=CARTESIAN_POINT('',(-5.374419988961E0,-1.043320623690E1,
1.466613770093E0));
#3520=CARTESIAN_POINT('',(-5.400709051461E0,-1.005004533876E1,
3.162172815027E0));
#3521=CARTESIAN_POINT('',(-5.426998113961E0,-9.393300696939E0,
4.771650671708E0));
#3522=CARTESIAN_POINT('',(-5.453287176461E0,-8.480850338760E0,
6.251233921541E0));
#3523=CARTESIAN_POINT('',(-5.479576238961E0,-7.337533142993E0,
7.560645163067E0));
#3524=CARTESIAN_POINT('',(-5.505865301462E0,-5.994472670824E0,
8.664239447460E0));
#3525=CARTESIAN_POINT('',(-5.532154363962E0,-4.488229914723E0,
9.531974608464E0));
#3526=CARTESIAN_POINT('',(-5.558443426462E0,-2.859808029229E0,
1.014022907242E1));
#3527=CARTESIAN_POINT('',(-5.584732488962E0,-1.153536137035E0,
1.047244488595E1));
#3528=CARTESIAN_POINT('',(-5.611021551462E0,5.841374044417E-1,
1.051957845670E1));
#3529=CARTESIAN_POINT('',(-5.637310613962E0,2.305909426143E0,1.028034673732E1));
#3530=CARTESIAN_POINT('',(-5.663599676462E0,3.964909639840E0,9.761262150873E0));
#3531=CARTESIAN_POINT('',(-5.689888738962E0,5.515976546304E0,8.976455307186E0));
#3532=CARTESIAN_POINT('',(-5.716177801462E0,6.916886826276E0,7.947290336141E0));
#3533=CARTESIAN_POINT('',(-5.742466863962E0,8.129504747667E0,6.701783309485E0));
#3534=CARTESIAN_POINT('',(-5.768755926462E0,9.120820299743E0,5.273839582952E0));
#3535=CARTESIAN_POINT('',(-5.795044988962E0,9.863847794155E0,3.702330819910E0));
#3536=CARTESIAN_POINT('',(-5.821334051462E0,1.033836047106E1,2.030036821920E0));
#3537=CARTESIAN_POINT('',(-5.847623113962E0,1.053144111284E1,
3.024809718406E-1));
#3538=CARTESIAN_POINT('',(-5.873912176462E0,1.043783367671E1,
-1.433309008842E0));
#3539=CARTESIAN_POINT('',(-5.900201238962E0,1.006008637395E1,
-3.130081253661E0));
#3540=CARTESIAN_POINT('',(-5.926490301462E0,9.408482301005E0,
-4.741646046250E0));
#3541=CARTESIAN_POINT('',(-5.952779363962E0,8.500759510923E0,
-6.224133201215E0));
#3542=CARTESIAN_POINT('',(-5.979068426462E0,7.361628145221E0,
-7.537186302303E0));
#3543=CARTESIAN_POINT('',(-6.005357488962E0,6.022097771104E0,
-8.645061288210E0));
#3544=CARTESIAN_POINT('',(-6.031646551462E0,4.518633235243E0,
-9.517599480273E0));
#3545=CARTESIAN_POINT('',(-6.057935613962E0,2.892162013595E0,
-1.013104856424E1));
#3546=CARTESIAN_POINT('',(-6.084224676462E0,1.186960079285E0,
-1.046870917730E1));
#3547=CARTESIAN_POINT('',(-6.110513738962E0,-5.505533824352E-1,
-1.052138949897E1));
#3548=CARTESIAN_POINT('',(-6.136802801462E0,-2.273079601779E0,
-1.028765547099E1));
#3549=CARTESIAN_POINT('',(-6.163091863962E0,-3.933727795993E0,
-9.773869834680E0));
#3550=CARTESIAN_POINT('',(-6.189380926462E0,-5.487291634528E0,
-8.994018923199E0));
#3551=CARTESIAN_POINT('',(-6.215669988962E0,-6.891479849784E0,
-7.969331923749E0));
#3552=CARTESIAN_POINT('',(-6.241959051462E0,-8.108067493659E0,
-6.727702974226E0));
#3553=CARTESIAN_POINT('',(-6.268248113962E0,-9.103936500325E0,
-5.302931826090E0));
#3554=CARTESIAN_POINT('',(-6.294537176462E0,-9.851977228950E0,
-3.733803744180E0));
#3555=CARTESIAN_POINT('',(-6.320826238962E0,-1.033182644454E1,
-2.063033690521E0));
#3556=CARTESIAN_POINT('',(-6.347115301463E0,-1.053042164750E1,
-3.361035336528E-1));
#3557=CARTESIAN_POINT('',(-6.373404363963E0,-1.044235666201E1,
1.399976062957E0));
#3558=CARTESIAN_POINT('',(-6.399693426463E0,-1.007002880325E1,
3.097945369446E0));
#3559=CARTESIAN_POINT('',(-6.425982488963E0,-9.423573617394E0,
4.711582098165E0));
#3560=CARTESIAN_POINT('',(-6.452271551463E0,-8.520588970817E0,
6.196959670942E0));
#3561=CARTESIAN_POINT('',(-6.478560613963E0,-7.385655999438E0,
7.513642992350E0));
#3562=CARTESIAN_POINT('',(-6.504849676463E0,-6.049669958895E0,
8.625789177552E0));
#3563=CARTESIAN_POINT('',(-6.531138738963E0,-4.548999191223E0,
9.503123270641E0));
#3564=CARTESIAN_POINT('',(-6.557427801463E0,-2.924495102703E0,
1.012176239237E1));
#3565=CARTESIAN_POINT('',(-6.583716863963E0,-1.220380103317E0,
1.046486588230E1));
#3566=CARTESIAN_POINT('',(-6.610005926463E0,5.169562195957E-1,
1.052309373706E1));
#3567=CARTESIAN_POINT('',(-6.636294988963E0,2.240219922829E0,1.029486086517E1));
#3568=CARTESIAN_POINT('',(-6.662584051463E0,3.902500147349E0,9.786380236993E0));
#3569=CARTESIAN_POINT('',(-6.688873113963E0,5.458546130080E0,9.011493755154E0));
#3570=CARTESIAN_POINT('',(-6.715162176463E0,6.865999024526E0,7.991295449559E0));
#3571=CARTESIAN_POINT('',(-6.741451238963E0,8.086544997513E0,6.753557254290E0));
#3572=CARTESIAN_POINT('',(-6.767740301463E0,9.086958212345E0,5.331972997960E0));
#3573=CARTESIAN_POINT('',(-6.794029363963E0,9.840005306201E0,3.765241187659E0));
#3574=CARTESIAN_POINT('',(-6.820318426463E0,1.032518673999E1,2.096011554961E0));
#3575=CARTESIAN_POINT('',(-6.846607488963E0,1.052929483952E1,
3.697240412095E-1));
#3576=CARTESIAN_POINT('',(-6.872896551462E0,1.044677333704E1,
-1.366628172714E0));
#3577=CARTESIAN_POINT('',(-6.899185613962E0,1.007986862537E1,
-3.065777919247E0));
#3578=CARTESIAN_POINT('',(-6.925474676462E0,9.438568607525E0,
-4.681470755704E0));
#3579=CARTESIAN_POINT('',(-6.951763738962E0,8.540330806002E0,
-6.169724107574E0));
#3580=CARTESIAN_POINT('',(-6.978052801462E0,7.409607133470E0,
-7.490024567033E0));
#3581=CARTESIAN_POINT('',(-7.004341863962E0,6.077178261320E0,
-8.606430753712E0));
#3582=CARTESIAN_POINT('',(-7.030630926462E0,4.579315706021E0,
-9.488551715498E0));
#3583=CARTESIAN_POINT('',(-7.056919988962E0,2.956794442950E0,
-1.011237423525E1));
#3584=CARTESIAN_POINT('',(-7.083209051462E0,1.253782926390E0,
-1.046091652233E1));
#3585=CARTESIAN_POINT('',(-7.109498113962E0,-4.833592683596E-1,
-1.052469049412E1));
#3586=CARTESIAN_POINT('',(-7.135787176462E0,-2.207343450098E0,
-1.030196006313E1));
#3587=CARTESIAN_POINT('',(-7.162076238962E0,-3.871239109649E0,
-9.798788398481E0));
#3588=CARTESIAN_POINT('',(-7.188365301462E0,-5.429751467660E0,
-9.028872875329E0));
#3589=CARTESIAN_POINT('',(-7.214654363962E0,-6.840454494730E0,
-8.013172204931E0));
#3590=CARTESIAN_POINT('',(-7.240943426462E0,-8.064945838469E0,
-6.779335895774E0));
#3591=CARTESIAN_POINT('',(-7.267232488962E0,-9.069892217898E0,
-5.360951576874E0));
#3592=CARTESIAN_POINT('',(-7.293521551462E0,-9.827936827328E0,
-3.796630672656E0));
#3593=CARTESIAN_POINT('',(-7.319810613962E0,-1.031844404821E1,
-2.128957319199E0));
#3594=CARTESIAN_POINT('',(-7.346099676462E0,-1.052806119630E1,
-4.033291345055E-1));
#3595=CARTESIAN_POINT('',(-7.372388738962E0,-1.045108201200E1,
1.333278600551E0));
#3596=CARTESIAN_POINT('',(-7.398677801462E0,-1.008960199908E1,
3.033591709045E0));
#3597=CARTESIAN_POINT('',(-7.424966863962E0,-9.453461382663E0,
4.651324021847E0));
#3598=CARTESIAN_POINT('',(-7.451255926462E0,-8.559977239588E0,
6.142437386276E0));
#3599=CARTESIAN_POINT('',(-7.477544988962E0,-7.433472092708E0,
7.466340479414E0));
#3600=CARTESIAN_POINT('',(-7.503834051462E0,-6.104611801897E0,
8.586993791830E0));
#3601=CARTESIAN_POINT('',(-7.530123113962E0,-4.609570775599E0,
9.473890701658E0));
#3602=CARTESIAN_POINT('',(-7.556412176461E0,-2.989047227574E0,
1.010288793203E1));
#3603=CARTESIAN_POINT('',(-7.582701238961E0,-1.287155285580E0,
1.045686278501E1));
#3604=CARTESIAN_POINT('',(-7.608990301461E0,4.497758889120E-1,
1.052617926058E1));
#3605=CARTESIAN_POINT('',(-7.635279363961E0,2.174463279496E0,1.030895037182E1));
#3606=CARTESIAN_POINT('',(-7.661568426461E0,3.839957160139E0,9.811089515537E0));
#3607=CARTESIAN_POINT('',(-7.687857488961E0,5.400919168200E0,9.046149499511E0));
#3608=CARTESIAN_POINT('',(-7.714146551461E0,6.814856513242E0,8.034953608618E0));
#3609=CARTESIAN_POINT('',(-7.740435613961E0,8.043278723830E0,6.805028752605E0));
#3610=CARTESIAN_POINT('',(-7.766724676461E0,9.052745443102E0,5.389856126480E0));
#3611=CARTESIAN_POINT('',(-7.793013738961E0,9.815776749819E0,3.827959782012E0));
#3612=CARTESIAN_POINT('',(-7.819302801461E0,1.031160122393E1,2.161857921280E0));
#3613=CARTESIAN_POINT('',(-7.845591863961E0,1.052672139241E1,
4.369054602491E-1));
#3614=CARTESIAN_POINT('',(-7.871880926461E0,1.045528116331E1,
-1.299940629724E0));
#3615=CARTESIAN_POINT('',(-7.898169988960E0,1.009922524312E1,
-3.001399592682E0));
#3616=CARTESIAN_POINT('',(-7.924459051460E0,9.468246205957E0,
-4.621153972875E0));
#3617=CARTESIAN_POINT('',(-7.950748113960E0,8.579520625239E0,
-6.115110480114E0));
#3618=CARTESIAN_POINT('',(-7.977037176460E0,7.457241562201E0,
-7.442600298095E0));
#3619=CARTESIAN_POINT('',(-8.003326238960E0,6.131959722346E0,
-8.567486213112E0));
#3620=CARTESIAN_POINT('',(-8.029615301460E0,4.639752765271E0,
-9.459146228782E0));
#3621=CARTESIAN_POINT('',(-8.055904363960E0,3.021239594683E0,
-1.009330762153E1));
#3622=CARTESIAN_POINT('',(-8.073430405626E0,1.887405235794E0,
-1.033290654305E1));
#3623=CARTESIAN_POINT('',(-8.082193426460E0,1.314492834397E0,
-1.040528221200E1));
#3624=CARTESIAN_POINT('',(-4.865E0,6.766526206168E0,7.675117408799E0));
#3625=CARTESIAN_POINT('',(-4.873763020833E0,7.189116373103E0,7.302554060679E0));
#3626=CARTESIAN_POINT('',(-4.891289062500E0,7.972610802266E0,6.487470744706E0));
#3627=CARTESIAN_POINT('',(-4.917578125E0,8.930825088862E0,5.088238238551E0));
#3628=CARTESIAN_POINT('',(-4.943867187500E0,9.645921188100E0,3.550493872861E0));
#3629=CARTESIAN_POINT('',(-4.97015625E0,1.009843430561E1,1.916097016600E0));
#3630=CARTESIAN_POINT('',(-4.996445312500E0,1.027604564647E1,
2.295399642302E-1));
#3631=CARTESIAN_POINT('',(-5.022734375E0,1.017392041132E1,-1.463265583802E0));
#3632=CARTESIAN_POINT('',(-5.049023437500E0,9.794838695357E0,
-3.116237711544E0));
#3633=CARTESIAN_POINT('',(-5.075312500001E0,9.149119995351E0,
-4.684378906105E0));
#3634=CARTESIAN_POINT('',(-5.101601562501E0,8.254342235997E0,
-6.125000942639E0));
#3635=CARTESIAN_POINT('',(-5.127890625001E0,7.134863271077E0,
-7.398886961895E0));
#3636=CARTESIAN_POINT('',(-5.154179687501E0,5.821157803146E0,
-8.471359033736E0));
#3637=CARTESIAN_POINT('',(-5.180468750001E0,4.348987794369E0,
-9.313222164704E0));
#3638=CARTESIAN_POINT('',(-5.206757812501E0,2.758428945910E0,
-9.901559046599E0));
#3639=CARTESIAN_POINT('',(-5.233046875001E0,1.092779748879E0,
-1.022035391280E1));
#3640=CARTESIAN_POINT('',(-5.259335937501E0,-6.026171955437E-1,
-1.026092851932E1));
#3641=CARTESIAN_POINT('',(-5.285625000001E0,-2.281609500449E0,
-1.002217838259E1));
#3642=CARTESIAN_POINT('',(-5.311914062501E0,-3.898491361043E0,
-9.510602842937E0));
#3643=CARTESIAN_POINT('',(-5.338203125001E0,-5.409247764966E0,
-8.740128135786E0));
#3644=CARTESIAN_POINT('',(-5.364492187501E0,-6.772752675028E0,
-7.731728286841E0));
#3645=CARTESIAN_POINT('',(-5.390781250001E0,-7.951888567304E0,
-6.512854151530E0));
#3646=CARTESIAN_POINT('',(-5.417070312501E0,-8.914556848410E0,
-5.116686141546E0));
#3647=CARTESIAN_POINT('',(-5.443359375001E0,-9.634551646330E0,
-3.581230980955E0));
#3648=CARTESIAN_POINT('',(-5.469648437501E0,-1.009227318842E1,
-1.948287080173E0));
#3649=CARTESIAN_POINT('',(-5.495937500001E0,-1.027526134697E1,
-2.623066925961E-1));
#3650=CARTESIAN_POINT('',(-5.522226562502E0,-1.017853482828E1,
1.430814171557E0));
#3651=CARTESIAN_POINT('',(-5.548515625002E0,-9.804726771780E0,
3.084985133042E0));
#3652=CARTESIAN_POINT('',(-5.574804687502E0,-9.164013068023E0,
4.655176122044E0));
#3653=CARTESIAN_POINT('',(-5.601093750002E0,-8.273835347107E0,
6.098643192263E0));
#3654=CARTESIAN_POINT('',(-5.627382812502E0,-7.158426178281E0,
7.376092101429E0));
#3655=CARTESIAN_POINT('',(-5.653671875002E0,-5.848149406016E0,
8.452747983132E0));
#3656=CARTESIAN_POINT('',(-5.679960937502E0,-4.378673580014E0,
9.299301991311E0));
#3657=CARTESIAN_POINT('',(-5.706250000002E0,-2.790000980213E0,
9.892709147779E0));
#3658=CARTESIAN_POINT('',(-5.732539062502E0,-1.125378668829E0,
1.021681567377E1));
#3659=CARTESIAN_POINT('',(-5.758828125002E0,5.698787870775E-1,
1.026279872832E1));
#3660=CARTESIAN_POINT('',(-5.785117187502E0,2.249622874496E0,1.002940658285E1));
#3661=CARTESIAN_POINT('',(-5.811406250002E0,3.868127394757E0,9.522992694160E0));
#3662=CARTESIAN_POINT('',(-5.837695312502E0,5.381333227170E0,8.757342748155E0));
#3663=CARTESIAN_POINT('',(-5.863984375002E0,6.748047710928E0,7.753299382772E0));
#3664=CARTESIAN_POINT('',(-5.890273437502E0,7.931065995625E0,6.538194805921E0));
#3665=CARTESIAN_POINT('',(-5.916562500002E0,8.898183834908E0,5.145106753857E0));
#3666=CARTESIAN_POINT('',(-5.942851562502E0,9.623074252918E0,3.611958044402E0));
#3667=CARTESIAN_POINT('',(-5.969140625002E0,1.008600421890E1,1.980484237101E0));
#3668=CARTESIAN_POINT('',(-5.995429687502E0,1.027437182062E1,
2.950975028063E-1));
#3669=CARTESIAN_POINT('',(-6.021718750002E0,1.018304931369E1,
-1.398322369454E0));
#3670=CARTESIAN_POINT('',(-6.048007812502E0,9.814522708329E0,
-3.053676916983E0));
#3671=CARTESIAN_POINT('',(-6.074296875002E0,9.178824093725E0,
-4.625903900419E0));
#3672=CARTESIAN_POINT('',(-6.100585937502E0,8.293258542400E0,
-6.072203992324E0));
#3673=CARTESIAN_POINT('',(-6.126875000002E0,7.181933028793E0,
-7.353205864361E0));
#3674=CARTESIAN_POINT('',(-6.153164062502E0,5.875100185954E0,
-8.434037956949E0));
#3675=CARTESIAN_POINT('',(-6.179453125003E0,4.408334764676E0,
-9.285277755652E0));
#3676=CARTESIAN_POINT('',(-6.205742187503E0,2.821565213606E0,
-9.883752733023E0));
#3677=CARTESIAN_POINT('',(-6.232031250003E0,1.157986742757E0,
-1.021317115265E1));
#3678=CARTESIAN_POINT('',(-6.258320312503E0,-5.371145408902E-1,
-1.026456556360E1));
#3679=CARTESIAN_POINT('',(-6.284609375003E0,-2.217594416215E0,
-1.003653691255E1));
#3680=CARTESIAN_POINT('',(-6.310898437503E0,-3.837706690288E0,
-9.535292628219E0));
#3681=CARTESIAN_POINT('',(-6.337187500003E0,-5.353348505415E0,
-8.774477641614E0));
#3682=CARTESIAN_POINT('',(-6.363476562503E0,-6.723260911046E0,
-7.774802941893E0));
#3683=CARTESIAN_POINT('',(-6.389765625003E0,-7.910152018504E0,
-6.563481779485E0));
#3684=CARTESIAN_POINT('',(-6.416054687503E0,-8.881712163927E0,
-5.173488864139E0));
#3685=CARTESIAN_POINT('',(-6.442343750003E0,-9.611493444619E0,
-3.642662724110E0));
#3686=CARTESIAN_POINT('',(-6.468632812503E0,-1.007962968599E1,
-2.012675662120E0));
#3687=CARTESIAN_POINT('',(-6.494921875003E0,-1.027337724011E1,
-3.278993480542E-1));
#3688=CARTESIAN_POINT('',(-6.521210937503E0,-1.018746189429E1,
1.365803070697E0));
#3689=CARTESIAN_POINT('',(-6.547500000003E0,-9.824222445945E0,
3.022325459982E0));
#3690=CARTESIAN_POINT('',(-6.573789062503E0,-9.193547035647E0,
4.596573804213E0));
#3691=CARTESIAN_POINT('',(-6.600078125003E0,-8.312603971175E0,
6.045693759706E0));
#3692=CARTESIAN_POINT('',(-6.626367187503E0,-7.205374370356E0,
7.330237239482E0));
#3693=CARTESIAN_POINT('',(-6.652656250003E0,-5.901999344981E0,
8.415236272683E0));
#3694=CARTESIAN_POINT('',(-6.678945312503E0,-4.437959496855E0,
9.271154905918E0));
#3695=CARTESIAN_POINT('',(-6.705234375003E0,-2.853109061789E0,
9.874693233803E0));
#3696=CARTESIAN_POINT('',(-6.731523437503E0,-1.190590994111E0,
1.020942167132E1));
#3697=CARTESIAN_POINT('',(-6.757812500003E0,5.043374746338E-1,
1.026622820175E1));
#3698=CARTESIAN_POINT('',(-6.784101562503E0,2.185536832089E0,1.004356642524E1));
#3699=CARTESIAN_POINT('',(-6.810390625003E0,3.807241299102E0,9.547497655395E0));
#3700=CARTESIAN_POINT('',(-6.836679687503E0,5.325304670036E0,8.791525918206E0));
#3701=CARTESIAN_POINT('',(-6.862968750003E0,6.698402065027E0,7.796230344682E0));
#3702=CARTESIAN_POINT('',(-6.889257812503E0,7.889154879979E0,6.588704964392E0));
#3703=CARTESIAN_POINT('',(-6.915546875003E0,8.865148310821E0,5.201821149788E0));
#3704=CARTESIAN_POINT('',(-6.941835937503E0,9.599813752883E0,3.673332789103E0));
#3705=CARTESIAN_POINT('',(-6.968125000003E0,1.007315205462E1,2.044848546864E0));
#3706=CARTESIAN_POINT('',(-6.994414062503E0,1.027227793718E1,
3.606991891903E-1));
#3707=CARTESIAN_POINT('',(-7.020703125003E0,1.019177075961E1,
-1.333269192369E0));
#3708=CARTESIAN_POINT('',(-7.046992187503E0,9.833822080984E0,
-2.990943207513E0));
#3709=CARTESIAN_POINT('',(-7.073281250003E0,9.208176002604E0,
-4.567197470514E0));
#3710=CARTESIAN_POINT('',(-7.099570312503E0,8.331863914135E0,
-6.019123008201E0));
#3711=CARTESIAN_POINT('',(-7.125859375003E0,7.228740864451E0,
-7.307195332784E0));
#3712=CARTESIAN_POINT('',(-7.152148437503E0,5.928836178064E0,
-8.396350382114E0));
#3713=CARTESIAN_POINT('',(-7.178437500003E0,4.467535994697E0,
-9.256939038028E0));
#3714=CARTESIAN_POINT('',(-7.204726562503E0,2.884619984909E0,
-9.865534238751E0));
#3715=CARTESIAN_POINT('',(-7.231015625003E0,1.223178464376E0,
-1.020556871403E1));
#3716=CARTESIAN_POINT('',(-7.257304687503E0,-4.715606148156E-1,
-1.026778598246E1));
#3717=CARTESIAN_POINT('',(-7.283593750002E0,-2.153462864114E0,
-1.005049233392E1));
#3718=CARTESIAN_POINT('',(-7.309882812502E0,-3.776743333877E0,
-9.559602937415E0));
#3719=CARTESIAN_POINT('',(-7.336171875002E0,-5.297212876616E0,
-8.808480819314E0));
#3720=CARTESIAN_POINT('',(-7.362460937502E0,-6.673481069477E0,
-7.817573095072E0));
#3721=CARTESIAN_POINT('',(-7.388750000002E0,-7.868082949874E0,
-6.613854357035E0));
#3722=CARTESIAN_POINT('',(-7.415039062502E0,-8.848498892137E0,
-5.230092370355E0));
#3723=CARTESIAN_POINT('',(-7.441328125002E0,-9.588039861929E0,
-3.703956066265E0));
#3724=CARTESIAN_POINT('',(-7.467617187502E0,-1.006657394991E1,
-2.076990114962E0));
#3725=CARTESIAN_POINT('',(-7.493906250002E0,-1.027107440681E1,
-3.934839923232E-1));
#3726=CARTESIAN_POINT('',(-7.520195312502E0,-1.019597426112E1,
1.300733673175E0));
#3727=CARTESIAN_POINT('',(-7.546484375002E0,-9.843317865979E0,
2.959542652967E0));
#3728=CARTESIAN_POINT('',(-7.572773437502E0,-9.222705249605E0,
4.537786609312E0));
#3729=CARTESIAN_POINT('',(-7.599062500002E0,-8.351030784219E0,
5.992502347517E0));
#3730=CARTESIAN_POINT('',(-7.625351562502E0,-7.252023287252E0,
7.284089366579E0));
#3731=CARTESIAN_POINT('',(-7.651640625002E0,-5.955600074213E0,
8.377387870593E0));
#3732=CARTESIAN_POINT('',(-7.677929687502E0,-4.497052547177E0,
9.242635895102E0));
#3733=CARTESIAN_POINT('',(-7.704218750002E0,-2.916085488816E0,
9.856279493329E0));
#3734=CARTESIAN_POINT('',(-7.730507812502E0,-1.255736214372E0,
1.020161392721E1));
#3735=CARTESIAN_POINT('',(-7.756796875002E0,4.387969955028E-1,
1.026923840857E1));
#3736=CARTESIAN_POINT('',(-7.783085937502E0,2.121385288531E0,1.005731201129E1));
#3737=CARTESIAN_POINT('',(-7.809375000001E0,3.746224967293E0,9.571603787923E0));
#3738=CARTESIAN_POINT('',(-7.835664062501E0,5.269084364865E0,8.825335726325E0));
#3739=CARTESIAN_POINT('',(-7.861953125001E0,6.648507926974E0,7.838822821283E0));
#3740=CARTESIAN_POINT('',(-7.888242187501E0,7.846944722950E0,6.638920059002E0));
#3741=CARTESIAN_POINT('',(-7.914531250001E0,8.831770664928E0,5.258291368648E0));
#3742=CARTESIAN_POINT('',(-7.940820312501E0,9.576176608235E0,3.734520441537E0));
#3743=CARTESIAN_POINT('',(-7.967109375001E0,1.005989815689E1,2.109087623297E0));
#3744=CARTESIAN_POINT('',(-7.993398437501E0,1.026976730714E1,
4.262407301109E-1));
#3745=CARTESIAN_POINT('',(-8.019687500001E0,1.020007091242E1,
-1.268209472132E0));
#3746=CARTESIAN_POINT('',(-8.045976562501E0,9.852706209544E0,
-2.928136336427E0));
#3747=CARTESIAN_POINT('',(-8.072265625001E0,9.237129179834E0,
-4.508353002110E0));
#3748=CARTESIAN_POINT('',(-8.098554687501E0,8.370097121737E0,
-5.965842482870E0));
#3749=CARTESIAN_POINT('',(-8.12484375E0,7.275212551184E0,-7.260928675906E0));
#3750=CARTESIAN_POINT('',(-8.151132812500E0,5.982280440195E0,
-8.358356465970E0));
#3751=CARTESIAN_POINT('',(-8.177421875E0,4.526497803610E0,-9.228251330350E0));
#3752=CARTESIAN_POINT('',(-8.203710937500E0,2.947492049980E0,
-9.846933035313E0));
#3753=CARTESIAN_POINT('',(-8.221236979167E0,1.841334244853E0,
-1.008068341962E1));
#3754=CARTESIAN_POINT('',(-8.23E0,1.282406461891E0,-1.015129242038E1));
#3755=B_SPLINE_SURFACE_WITH_KNOTS('',3,3,((#3231,#3232,#3233,#3234,#3235,#3236,
#3237,#3238,#3239,#3240,#3241,#3242,#3243,#3244,#3245,#3246,#3247,#3248,#3249,
#3250,#3251,#3252,#3253,#3254,#3255,#3256,#3257,#3258,#3259,#3260,#3261,#3262,
#3263,#3264,#3265,#3266,#3267,#3268,#3269,#3270,#3271,#3272,#3273,#3274,#3275,
#3276,#3277,#3278,#3279,#3280,#3281,#3282,#3283,#3284,#3285,#3286,#3287,#3288,
#3289,#3290,#3291,#3292,#3293,#3294,#3295,#3296,#3297,#3298,#3299,#3300,#3301,
#3302,#3303,#3304,#3305,#3306,#3307,#3308,#3309,#3310,#3311,#3312,#3313,#3314,
#3315,#3316,#3317,#3318,#3319,#3320,#3321,#3322,#3323,#3324,#3325,#3326,#3327,
#3328,#3329,#3330,#3331,#3332,#3333,#3334,#3335,#3336,#3337,#3338,#3339,#3340,
#3341,#3342,#3343,#3344,#3345,#3346,#3347,#3348,#3349,#3350,#3351,#3352,#3353,
#3354,#3355,#3356,#3357,#3358,#3359,#3360,#3361),(#3362,#3363,#3364,#3365,#3366,
#3367,#3368,#3369,#3370,#3371,#3372,#3373,#3374,#3375,#3376,#3377,#3378,#3379,
#3380,#3381,#3382,#3383,#3384,#3385,#3386,#3387,#3388,#3389,#3390,#3391,#3392,
#3393,#3394,#3395,#3396,#3397,#3398,#3399,#3400,#3401,#3402,#3403,#3404,#3405,
#3406,#3407,#3408,#3409,#3410,#3411,#3412,#3413,#3414,#3415,#3416,#3417,#3418,
#3419,#3420,#3421,#3422,#3423,#3424,#3425,#3426,#3427,#3428,#3429,#3430,#3431,
#3432,#3433,#3434,#3435,#3436,#3437,#3438,#3439,#3440,#3441,#3442,#3443,#3444,
#3445,#3446,#3447,#3448,#3449,#3450,#3451,#3452,#3453,#3454,#3455,#3456,#3457,
#3458,#3459,#3460,#3461,#3462,#3463,#3464,#3465,#3466,#3467,#3468,#3469,#3470,
#3471,#3472,#3473,#3474,#3475,#3476,#3477,#3478,#3479,#3480,#3481,#3482,#3483,
#3484,#3485,#3486,#3487,#3488,#3489,#3490,#3491,#3492),(#3493,#3494,#3495,#3496,
#3497,#3498,#3499,#3500,#3501,#3502,#3503,#3504,#3505,#3506,#3507,#3508,#3509,
#3510,#3511,#3512,#3513,#3514,#3515,#3516,#3517,#3518,#3519,#3520,#3521,#3522,
#3523,#3524,#3525,#3526,#3527,#3528,#3529,#3530,#3531,#3532,#3533,#3534,#3535,
#3536,#3537,#3538,#3539,#3540,#3541,#3542,#3543,#3544,#3545,#3546,#3547,#3548,
#3549,#3550,#3551,#3552,#3553,#3554,#3555,#3556,#3557,#3558,#3559,#3560,#3561,
#3562,#3563,#3564,#3565,#3566,#3567,#3568,#3569,#3570,#3571,#3572,#3573,#3574,
#3575,#3576,#3577,#3578,#3579,#3580,#3581,#3582,#3583,#3584,#3585,#3586,#3587,
#3588,#3589,#3590,#3591,#3592,#3593,#3594,#3595,#3596,#3597,#3598,#3599,#3600,
#3601,#3602,#3603,#3604,#3605,#3606,#3607,#3608,#3609,#3610,#3611,#3612,#3613,
#3614,#3615,#3616,#3617,#3618,#3619,#3620,#3621,#3622,#3623),(#3624,#3625,#3626,
#3627,#3628,#3629,#3630,#3631,#3632,#3633,#3634,#3635,#3636,#3637,#3638,#3639,
#3640,#3641,#3642,#3643,#3644,#3645,#3646,#3647,#3648,#3649,#3650,#3651,#3652,
#3653,#3654,#3655,#3656,#3657,#3658,#3659,#3660,#3661,#3662,#3663,#3664,#3665,
#3666,#3667,#3668,#3669,#3670,#3671,#3672,#3673,#3674,#3675,#3676,#3677,#3678,
#3679,#3680,#3681,#3682,#3683,#3684,#3685,#3686,#3687,#3688,#3689,#3690,#3691,
#3692,#3693,#3694,#3695,#3696,#3697,#3698,#3699,#3700,#3701,#3702,#3703,#3704,
#3705,#3706,#3707,#3708,#3709,#3710,#3711,#3712,#3713,#3714,#3715,#3716,#3717,
#3718,#3719,#3720,#3721,#3722,#3723,#3724,#3725,#3726,#3727,#3728,#3729,#3730,
#3731,#3732,#3733,#3734,#3735,#3736,#3737,#3738,#3739,#3740,#3741,#3742,#3743,
#3744,#3745,#3746,#3747,#3748,#3749,#3750,#3751,#3752,#3753,#3754)),
.UNSPECIFIED.,.F.,.F.,.F.,(4,4),(4,1,1,1,1,1,1,1,1,1,1,1,1,1,1,1,1,1,1,1,1,1,1,
1,1,1,1,1,1,1,1,1,1,1,1,1,1,1,1,1,1,1,1,1,1,1,1,1,1,1,1,1,1,1,1,1,1,1,1,1,1,1,1,
1,1,1,1,1,1,1,1,1,1,1,1,1,1,1,1,1,1,1,1,1,1,1,1,1,1,1,1,1,1,1,1,1,1,1,1,1,1,1,1,
1,1,1,1,1,1,1,1,1,1,1,1,1,1,1,1,1,1,1,1,1,1,1,1,1,4),(1.131605587585E-1,1.E0),(
0.E0,7.8125E-3,1.5625E-2,2.34375E-2,3.125E-2,3.90625E-2,4.6875E-2,5.46875E-2,
6.25E-2,7.03125E-2,7.8125E-2,8.59375E-2,9.375E-2,1.015625E-1,1.09375E-1,
1.171875E-1,1.25E-1,1.328125E-1,1.40625E-1,1.484375E-1,1.5625E-1,1.640625E-1,
1.71875E-1,1.796875E-1,1.875E-1,1.953125E-1,2.03125E-1,2.109375E-1,2.1875E-1,
2.265625E-1,2.34375E-1,2.421875E-1,2.5E-1,2.578125E-1,2.65625E-1,2.734375E-1,
2.8125E-1,2.890625E-1,2.96875E-1,3.046875E-1,3.125E-1,3.203125E-1,3.28125E-1,
3.359375E-1,3.4375E-1,3.515625E-1,3.59375E-1,3.671875E-1,3.75E-1,3.828125E-1,
3.90625E-1,3.984375E-1,4.0625E-1,4.140625E-1,4.21875E-1,4.296875E-1,4.375E-1,
4.453125E-1,4.53125E-1,4.609375E-1,4.6875E-1,4.765625E-1,4.84375E-1,4.921875E-1,
5.E-1,5.078125E-1,5.15625E-1,5.234375E-1,5.3125E-1,5.390625E-1,5.46875E-1,
5.546875E-1,5.625E-1,5.703125E-1,5.78125E-1,5.859375E-1,5.9375E-1,6.015625E-1,
6.09375E-1,6.171875E-1,6.25E-1,6.328125E-1,6.40625E-1,6.484375E-1,6.5625E-1,
6.640625E-1,6.71875E-1,6.796875E-1,6.875E-1,6.953125E-1,7.03125E-1,7.109375E-1,
7.1875E-1,7.265625E-1,7.34375E-1,7.421875E-1,7.5E-1,7.578125E-1,7.65625E-1,
7.734375E-1,7.8125E-1,7.890625E-1,7.96875E-1,8.046875E-1,8.125E-1,8.203125E-1,
8.28125E-1,8.359375E-1,8.4375E-1,8.515625E-1,8.59375E-1,8.671875E-1,8.75E-1,
8.828125E-1,8.90625E-1,8.984375E-1,9.0625E-1,9.140625E-1,9.21875E-1,9.296875E-1,
9.375E-1,9.453125E-1,9.53125E-1,9.609375E-1,9.6875E-1,9.765625E-1,9.84375E-1,
9.921875E-1,1.E0),.UNSPECIFIED.);
#3756=ORIENTED_EDGE('',*,*,#2236,.T.);
#3757=ORIENTED_EDGE('',*,*,#2486,.T.);
#3758=ORIENTED_EDGE('',*,*,#2370,.T.);
#3759=ORIENTED_EDGE('',*,*,#2475,.F.);
#3760=ORIENTED_EDGE('',*,*,#2416,.T.);
#3761=ORIENTED_EDGE('',*,*,#2628,.T.);
#3762=ORIENTED_EDGE('',*,*,#2400,.T.);
#3763=ORIENTED_EDGE('',*,*,#2611,.T.);
#3764=ORIENTED_EDGE('',*,*,#2942,.T.);
#3766=ORIENTED_EDGE('',*,*,#3765,.T.);
#3768=ORIENTED_EDGE('',*,*,#3767,.F.);
#3769=EDGE_LOOP('',(#3756,#3757,#3758,#3759,#3760,#3761,#3762,#3763,#3764,#3766,
#3768));
#3770=FACE_OUTER_BOUND('',#3769,.F.);
#3771=ADVANCED_FACE('',(#3770),#3755,.F.);
#3772=CARTESIAN_POINT('',(-4.865E0,6.766526206168E0,7.675117408799E0));
#3773=CARTESIAN_POINT('',(-4.873763020833E0,7.189116373103E0,7.302554060679E0));
#3774=CARTESIAN_POINT('',(-4.891289062500E0,7.972610802266E0,6.487470744706E0));
#3775=CARTESIAN_POINT('',(-4.917578125E0,8.930825088862E0,5.088238238551E0));
#3776=CARTESIAN_POINT('',(-4.943867187500E0,9.645921188100E0,3.550493872861E0));
#3777=CARTESIAN_POINT('',(-4.97015625E0,1.009843430561E1,1.916097016600E0));
#3778=CARTESIAN_POINT('',(-4.996445312500E0,1.027604564647E1,
2.295399642302E-1));
#3779=CARTESIAN_POINT('',(-5.022734375E0,1.017392041132E1,-1.463265583802E0));
#3780=CARTESIAN_POINT('',(-5.049023437500E0,9.794838695357E0,
-3.116237711544E0));
#3781=CARTESIAN_POINT('',(-5.075312500001E0,9.149119995351E0,
-4.684378906105E0));
#3782=CARTESIAN_POINT('',(-5.101601562501E0,8.254342235997E0,
-6.125000942639E0));
#3783=CARTESIAN_POINT('',(-5.127890625001E0,7.134863271077E0,
-7.398886961895E0));
#3784=CARTESIAN_POINT('',(-5.154179687501E0,5.821157803146E0,
-8.471359033736E0));
#3785=CARTESIAN_POINT('',(-5.180468750001E0,4.348987794369E0,
-9.313222164704E0));
#3786=CARTESIAN_POINT('',(-5.206757812501E0,2.758428945910E0,
-9.901559046599E0));
#3787=CARTESIAN_POINT('',(-5.233046875001E0,1.092779748879E0,
-1.022035391280E1));
#3788=CARTESIAN_POINT('',(-5.259335937501E0,-6.026171955437E-1,
-1.026092851932E1));
#3789=CARTESIAN_POINT('',(-5.285625000001E0,-2.281609500449E0,
-1.002217838259E1));
#3790=CARTESIAN_POINT('',(-5.311914062501E0,-3.898491361043E0,
-9.510602842937E0));
#3791=CARTESIAN_POINT('',(-5.338203125001E0,-5.409247764966E0,
-8.740128135786E0));
#3792=CARTESIAN_POINT('',(-5.364492187501E0,-6.772752675028E0,
-7.731728286841E0));
#3793=CARTESIAN_POINT('',(-5.390781250001E0,-7.951888567304E0,
-6.512854151530E0));
#3794=CARTESIAN_POINT('',(-5.417070312501E0,-8.914556848410E0,
-5.116686141546E0));
#3795=CARTESIAN_POINT('',(-5.443359375001E0,-9.634551646330E0,
-3.581230980955E0));
#3796=CARTESIAN_POINT('',(-5.469648437501E0,-1.009227318842E1,
-1.948287080173E0));
#3797=CARTESIAN_POINT('',(-5.495937500001E0,-1.027526134697E1,
-2.623066925961E-1));
#3798=CARTESIAN_POINT('',(-5.522226562502E0,-1.017853482828E1,
1.430814171557E0));
#3799=CARTESIAN_POINT('',(-5.548515625002E0,-9.804726771780E0,
3.084985133042E0));
#3800=CARTESIAN_POINT('',(-5.574804687502E0,-9.164013068023E0,
4.655176122044E0));
#3801=CARTESIAN_POINT('',(-5.601093750002E0,-8.273835347107E0,
6.098643192263E0));
#3802=CARTESIAN_POINT('',(-5.627382812502E0,-7.158426178281E0,
7.376092101429E0));
#3803=CARTESIAN_POINT('',(-5.653671875002E0,-5.848149406016E0,
8.452747983132E0));
#3804=CARTESIAN_POINT('',(-5.679960937502E0,-4.378673580014E0,
9.299301991311E0));
#3805=CARTESIAN_POINT('',(-5.706250000002E0,-2.790000980213E0,
9.892709147779E0));
#3806=CARTESIAN_POINT('',(-5.732539062502E0,-1.125378668829E0,
1.021681567377E1));
#3807=CARTESIAN_POINT('',(-5.758828125002E0,5.698787870775E-1,
1.026279872832E1));
#3808=CARTESIAN_POINT('',(-5.785117187502E0,2.249622874496E0,1.002940658285E1));
#3809=CARTESIAN_POINT('',(-5.811406250002E0,3.868127394757E0,9.522992694160E0));
#3810=CARTESIAN_POINT('',(-5.837695312502E0,5.381333227170E0,8.757342748155E0));
#3811=CARTESIAN_POINT('',(-5.863984375002E0,6.748047710928E0,7.753299382772E0));
#3812=CARTESIAN_POINT('',(-5.890273437502E0,7.931065995625E0,6.538194805921E0));
#3813=CARTESIAN_POINT('',(-5.916562500002E0,8.898183834908E0,5.145106753857E0));
#3814=CARTESIAN_POINT('',(-5.942851562502E0,9.623074252918E0,3.611958044402E0));
#3815=CARTESIAN_POINT('',(-5.969140625002E0,1.008600421890E1,1.980484237101E0));
#3816=CARTESIAN_POINT('',(-5.995429687502E0,1.027437182062E1,
2.950975028063E-1));
#3817=CARTESIAN_POINT('',(-6.021718750002E0,1.018304931369E1,
-1.398322369454E0));
#3818=CARTESIAN_POINT('',(-6.048007812502E0,9.814522708329E0,
-3.053676916983E0));
#3819=CARTESIAN_POINT('',(-6.074296875002E0,9.178824093725E0,
-4.625903900419E0));
#3820=CARTESIAN_POINT('',(-6.100585937502E0,8.293258542400E0,
-6.072203992324E0));
#3821=CARTESIAN_POINT('',(-6.126875000002E0,7.181933028793E0,
-7.353205864361E0));
#3822=CARTESIAN_POINT('',(-6.153164062502E0,5.875100185954E0,
-8.434037956949E0));
#3823=CARTESIAN_POINT('',(-6.179453125003E0,4.408334764676E0,
-9.285277755652E0));
#3824=CARTESIAN_POINT('',(-6.205742187503E0,2.821565213606E0,
-9.883752733023E0));
#3825=CARTESIAN_POINT('',(-6.232031250003E0,1.157986742757E0,
-1.021317115265E1));
#3826=CARTESIAN_POINT('',(-6.258320312503E0,-5.371145408902E-1,
-1.026456556360E1));
#3827=CARTESIAN_POINT('',(-6.284609375003E0,-2.217594416215E0,
-1.003653691255E1));
#3828=CARTESIAN_POINT('',(-6.310898437503E0,-3.837706690288E0,
-9.535292628219E0));
#3829=CARTESIAN_POINT('',(-6.337187500003E0,-5.353348505415E0,
-8.774477641614E0));
#3830=CARTESIAN_POINT('',(-6.363476562503E0,-6.723260911046E0,
-7.774802941893E0));
#3831=CARTESIAN_POINT('',(-6.389765625003E0,-7.910152018504E0,
-6.563481779485E0));
#3832=CARTESIAN_POINT('',(-6.416054687503E0,-8.881712163927E0,
-5.173488864139E0));
#3833=CARTESIAN_POINT('',(-6.442343750003E0,-9.611493444619E0,
-3.642662724110E0));
#3834=CARTESIAN_POINT('',(-6.468632812503E0,-1.007962968599E1,
-2.012675662120E0));
#3835=CARTESIAN_POINT('',(-6.494921875003E0,-1.027337724011E1,
-3.278993480542E-1));
#3836=CARTESIAN_POINT('',(-6.521210937503E0,-1.018746189429E1,
1.365803070697E0));
#3837=CARTESIAN_POINT('',(-6.547500000003E0,-9.824222445945E0,
3.022325459982E0));
#3838=CARTESIAN_POINT('',(-6.573789062503E0,-9.193547035647E0,
4.596573804213E0));
#3839=CARTESIAN_POINT('',(-6.600078125003E0,-8.312603971175E0,
6.045693759706E0));
#3840=CARTESIAN_POINT('',(-6.626367187503E0,-7.205374370356E0,
7.330237239482E0));
#3841=CARTESIAN_POINT('',(-6.652656250003E0,-5.901999344981E0,
8.415236272683E0));
#3842=CARTESIAN_POINT('',(-6.678945312503E0,-4.437959496855E0,
9.271154905918E0));
#3843=CARTESIAN_POINT('',(-6.705234375003E0,-2.853109061789E0,
9.874693233803E0));
#3844=CARTESIAN_POINT('',(-6.731523437503E0,-1.190590994111E0,
1.020942167132E1));
#3845=CARTESIAN_POINT('',(-6.757812500003E0,5.043374746338E-1,
1.026622820175E1));
#3846=CARTESIAN_POINT('',(-6.784101562503E0,2.185536832089E0,1.004356642524E1));
#3847=CARTESIAN_POINT('',(-6.810390625003E0,3.807241299102E0,9.547497655395E0));
#3848=CARTESIAN_POINT('',(-6.836679687503E0,5.325304670036E0,8.791525918206E0));
#3849=CARTESIAN_POINT('',(-6.862968750003E0,6.698402065027E0,7.796230344682E0));
#3850=CARTESIAN_POINT('',(-6.889257812503E0,7.889154879979E0,6.588704964392E0));
#3851=CARTESIAN_POINT('',(-6.915546875003E0,8.865148310821E0,5.201821149788E0));
#3852=CARTESIAN_POINT('',(-6.941835937503E0,9.599813752883E0,3.673332789103E0));
#3853=CARTESIAN_POINT('',(-6.968125000003E0,1.007315205462E1,2.044848546864E0));
#3854=CARTESIAN_POINT('',(-6.994414062503E0,1.027227793718E1,
3.606991891903E-1));
#3855=CARTESIAN_POINT('',(-7.020703125003E0,1.019177075961E1,
-1.333269192369E0));
#3856=CARTESIAN_POINT('',(-7.046992187503E0,9.833822080984E0,
-2.990943207513E0));
#3857=CARTESIAN_POINT('',(-7.073281250003E0,9.208176002604E0,
-4.567197470514E0));
#3858=CARTESIAN_POINT('',(-7.099570312503E0,8.331863914135E0,
-6.019123008201E0));
#3859=CARTESIAN_POINT('',(-7.125859375003E0,7.228740864451E0,
-7.307195332784E0));
#3860=CARTESIAN_POINT('',(-7.152148437503E0,5.928836178064E0,
-8.396350382114E0));
#3861=CARTESIAN_POINT('',(-7.178437500003E0,4.467535994697E0,
-9.256939038028E0));
#3862=CARTESIAN_POINT('',(-7.204726562503E0,2.884619984909E0,
-9.865534238751E0));
#3863=CARTESIAN_POINT('',(-7.231015625003E0,1.223178464376E0,
-1.020556871403E1));
#3864=CARTESIAN_POINT('',(-7.257304687503E0,-4.715606148156E-1,
-1.026778598246E1));
#3865=CARTESIAN_POINT('',(-7.283593750002E0,-2.153462864114E0,
-1.005049233392E1));
#3866=CARTESIAN_POINT('',(-7.309882812502E0,-3.776743333877E0,
-9.559602937415E0));
#3867=CARTESIAN_POINT('',(-7.336171875002E0,-5.297212876616E0,
-8.808480819314E0));
#3868=CARTESIAN_POINT('',(-7.362460937502E0,-6.673481069477E0,
-7.817573095072E0));
#3869=CARTESIAN_POINT('',(-7.388750000002E0,-7.868082949874E0,
-6.613854357035E0));
#3870=CARTESIAN_POINT('',(-7.415039062502E0,-8.848498892137E0,
-5.230092370355E0));
#3871=CARTESIAN_POINT('',(-7.441328125002E0,-9.588039861929E0,
-3.703956066265E0));
#3872=CARTESIAN_POINT('',(-7.467617187502E0,-1.006657394991E1,
-2.076990114962E0));
#3873=CARTESIAN_POINT('',(-7.493906250002E0,-1.027107440681E1,
-3.934839923232E-1));
#3874=CARTESIAN_POINT('',(-7.520195312502E0,-1.019597426112E1,
1.300733673175E0));
#3875=CARTESIAN_POINT('',(-7.546484375002E0,-9.843317865979E0,
2.959542652967E0));
#3876=CARTESIAN_POINT('',(-7.572773437502E0,-9.222705249605E0,
4.537786609312E0));
#3877=CARTESIAN_POINT('',(-7.599062500002E0,-8.351030784219E0,
5.992502347517E0));
#3878=CARTESIAN_POINT('',(-7.625351562502E0,-7.252023287252E0,
7.284089366579E0));
#3879=CARTESIAN_POINT('',(-7.651640625002E0,-5.955600074213E0,
8.377387870593E0));
#3880=CARTESIAN_POINT('',(-7.677929687502E0,-4.497052547177E0,
9.242635895102E0));
#3881=CARTESIAN_POINT('',(-7.704218750002E0,-2.916085488816E0,
9.856279493329E0));
#3882=CARTESIAN_POINT('',(-7.730507812502E0,-1.255736214372E0,
1.020161392721E1));
#3883=CARTESIAN_POINT('',(-7.756796875002E0,4.387969955028E-1,
1.026923840857E1));
#3884=CARTESIAN_POINT('',(-7.783085937502E0,2.121385288531E0,1.005731201129E1));
#3885=CARTESIAN_POINT('',(-7.809375000001E0,3.746224967293E0,9.571603787923E0));
#3886=CARTESIAN_POINT('',(-7.835664062501E0,5.269084364865E0,8.825335726325E0));
#3887=CARTESIAN_POINT('',(-7.861953125001E0,6.648507926974E0,7.838822821283E0));
#3888=CARTESIAN_POINT('',(-7.888242187501E0,7.846944722950E0,6.638920059002E0));
#3889=CARTESIAN_POINT('',(-7.914531250001E0,8.831770664928E0,5.258291368648E0));
#3890=CARTESIAN_POINT('',(-7.940820312501E0,9.576176608235E0,3.734520441537E0));
#3891=CARTESIAN_POINT('',(-7.967109375001E0,1.005989815689E1,2.109087623297E0));
#3892=CARTESIAN_POINT('',(-7.993398437501E0,1.026976730714E1,
4.262407301109E-1));
#3893=CARTESIAN_POINT('',(-8.019687500001E0,1.020007091242E1,
-1.268209472132E0));
#3894=CARTESIAN_POINT('',(-8.045976562501E0,9.852706209544E0,
-2.928136336427E0));
#3895=CARTESIAN_POINT('',(-8.072265625001E0,9.237129179834E0,
-4.508353002110E0));
#3896=CARTESIAN_POINT('',(-8.098554687501E0,8.370097121737E0,
-5.965842482870E0));
#3897=CARTESIAN_POINT('',(-8.12484375E0,7.275212551184E0,-7.260928675906E0));
#3898=CARTESIAN_POINT('',(-8.151132812500E0,5.982280440195E0,
-8.358356465970E0));
#3899=CARTESIAN_POINT('',(-8.177421875E0,4.526497803610E0,-9.228251330350E0));
#3900=CARTESIAN_POINT('',(-8.203710937500E0,2.947492049980E0,
-9.846933035313E0));
#3901=CARTESIAN_POINT('',(-8.221236979167E0,1.841334244853E0,
-1.008068341962E1));
#3902=CARTESIAN_POINT('',(-8.23E0,1.282406461891E0,-1.015129242038E1));
#3903=CARTESIAN_POINT('',(-5.012806573540E0,6.935827661577E0,7.867152214866E0));
#3904=CARTESIAN_POINT('',(-5.021569594374E0,7.368991219958E0,7.485267168263E0));
#3905=CARTESIAN_POINT('',(-5.039095636040E0,8.172089023603E0,6.649790109996E0));
#3906=CARTESIAN_POINT('',(-5.065384698540E0,9.154278252197E0,5.215548192434E0));
#3907=CARTESIAN_POINT('',(-5.091673761040E0,9.887266369683E0,3.639328787821E0));
#3908=CARTESIAN_POINT('',(-5.117962823541E0,1.035110156399E1,1.964038604903E0));
#3909=CARTESIAN_POINT('',(-5.144251886041E0,1.053315681856E1,
2.352831548771E-1));
#3910=CARTESIAN_POINT('',(-5.170540948541E0,1.042847636520E1,
-1.499877130916E0));
#3911=CARTESIAN_POINT('',(-5.196830011041E0,1.003990985833E1,
-3.194207346759E0));
#3912=CARTESIAN_POINT('',(-5.223119073541E0,9.378034993052E0,
-4.801584122242E0));
#3913=CARTESIAN_POINT('',(-5.249408136041E0,8.460869501454E0,
-6.278251154399E0));
#3914=CARTESIAN_POINT('',(-5.275697198541E0,7.313380681508E0,
-7.584010360947E0));
#3915=CARTESIAN_POINT('',(-5.301986261041E0,5.966805726203E0,
-8.683316154718E0));
#3916=CARTESIAN_POINT('',(-5.328275323541E0,4.457801377692E0,
-9.546243070705E0));
#3917=CARTESIAN_POINT('',(-5.354564386041E0,2.827446048772E0,
-1.014930039960E1));
#3918=CARTESIAN_POINT('',(-5.380853448541E0,1.120121577802E0,
-1.047607165326E1));
#3919=CARTESIAN_POINT('',(-5.407142511041E0,-6.176949422562E-1,
-1.051766145425E1));
#3920=CARTESIAN_POINT('',(-5.433431573541E0,-2.338696371516E0,
-1.027293768431E1));
#3921=CARTESIAN_POINT('',(-5.459720636041E0,-3.996033325888E0,
-9.748562300134E0));
#3922=CARTESIAN_POINT('',(-5.486009698541E0,-5.544589518086E0,
-8.958809977661E0));
#3923=CARTESIAN_POINT('',(-5.512298761041E0,-6.942209919422E0,
-7.925179521923E0));
#3924=CARTESIAN_POINT('',(-5.538587823541E0,-8.150848309228E0,
-6.675808620800E0));
#3925=CARTESIAN_POINT('',(-5.564876886042E0,-9.137602973228E0,
-5.244707874448E0));
#3926=CARTESIAN_POINT('',(-5.591165948542E0,-9.875612356988E0,
-3.670834951850E0));
#3927=CARTESIAN_POINT('',(-5.617455011042E0,-1.034478629294E1,
-1.997034077995E0));
#3928=CARTESIAN_POINT('',(-5.643744073542E0,-1.053235289553E1,
-2.688697211676E-1));
#3929=CARTESIAN_POINT('',(-5.670033136042E0,-1.043320623690E1,
1.466613770093E0));
#3930=CARTESIAN_POINT('',(-5.696322198542E0,-1.005004533876E1,
3.162172815027E0));
#3931=CARTESIAN_POINT('',(-5.722611261042E0,-9.393300696939E0,
4.771650671708E0));
#3932=CARTESIAN_POINT('',(-5.748900323542E0,-8.480850338760E0,
6.251233921541E0));
#3933=CARTESIAN_POINT('',(-5.775189386042E0,-7.337533142993E0,
7.560645163067E0));
#3934=CARTESIAN_POINT('',(-5.801478448542E0,-5.994472670824E0,
8.664239447460E0));
#3935=CARTESIAN_POINT('',(-5.827767511042E0,-4.488229914723E0,
9.531974608464E0));
#3936=CARTESIAN_POINT('',(-5.854056573542E0,-2.859808029229E0,
1.014022907242E1));
#3937=CARTESIAN_POINT('',(-5.880345636042E0,-1.153536137035E0,
1.047244488595E1));
#3938=CARTESIAN_POINT('',(-5.906634698542E0,5.841374044417E-1,
1.051957845670E1));
#3939=CARTESIAN_POINT('',(-5.932923761042E0,2.305909426143E0,1.028034673732E1));
#3940=CARTESIAN_POINT('',(-5.959212823542E0,3.964909639840E0,9.761262150873E0));
#3941=CARTESIAN_POINT('',(-5.985501886042E0,5.515976546304E0,8.976455307186E0));
#3942=CARTESIAN_POINT('',(-6.011790948542E0,6.916886826276E0,7.947290336141E0));
#3943=CARTESIAN_POINT('',(-6.038080011042E0,8.129504747667E0,6.701783309485E0));
#3944=CARTESIAN_POINT('',(-6.064369073542E0,9.120820299743E0,5.273839582952E0));
#3945=CARTESIAN_POINT('',(-6.090658136042E0,9.863847794155E0,3.702330819910E0));
#3946=CARTESIAN_POINT('',(-6.116947198543E0,1.033836047106E1,2.030036821920E0));
#3947=CARTESIAN_POINT('',(-6.143236261043E0,1.053144111284E1,
3.024809718406E-1));
#3948=CARTESIAN_POINT('',(-6.169525323543E0,1.043783367671E1,
-1.433309008842E0));
#3949=CARTESIAN_POINT('',(-6.195814386043E0,1.006008637395E1,
-3.130081253661E0));
#3950=CARTESIAN_POINT('',(-6.222103448543E0,9.408482301005E0,
-4.741646046250E0));
#3951=CARTESIAN_POINT('',(-6.248392511043E0,8.500759510923E0,
-6.224133201215E0));
#3952=CARTESIAN_POINT('',(-6.274681573543E0,7.361628145221E0,
-7.537186302303E0));
#3953=CARTESIAN_POINT('',(-6.300970636043E0,6.022097771104E0,
-8.645061288210E0));
#3954=CARTESIAN_POINT('',(-6.327259698543E0,4.518633235243E0,
-9.517599480273E0));
#3955=CARTESIAN_POINT('',(-6.353548761043E0,2.892162013595E0,
-1.013104856424E1));
#3956=CARTESIAN_POINT('',(-6.379837823543E0,1.186960079285E0,
-1.046870917730E1));
#3957=CARTESIAN_POINT('',(-6.406126886043E0,-5.505533824352E-1,
-1.052138949897E1));
#3958=CARTESIAN_POINT('',(-6.432415948543E0,-2.273079601779E0,
-1.028765547099E1));
#3959=CARTESIAN_POINT('',(-6.458705011043E0,-3.933727795993E0,
-9.773869834680E0));
#3960=CARTESIAN_POINT('',(-6.484994073543E0,-5.487291634528E0,
-8.994018923199E0));
#3961=CARTESIAN_POINT('',(-6.511283136043E0,-6.891479849784E0,
-7.969331923749E0));
#3962=CARTESIAN_POINT('',(-6.537572198543E0,-8.108067493659E0,
-6.727702974226E0));
#3963=CARTESIAN_POINT('',(-6.563861261043E0,-9.103936500325E0,
-5.302931826090E0));
#3964=CARTESIAN_POINT('',(-6.590150323543E0,-9.851977228950E0,
-3.733803744180E0));
#3965=CARTESIAN_POINT('',(-6.616439386043E0,-1.033182644454E1,
-2.063033690521E0));
#3966=CARTESIAN_POINT('',(-6.642728448543E0,-1.053042164750E1,
-3.361035336528E-1));
#3967=CARTESIAN_POINT('',(-6.669017511043E0,-1.044235666201E1,
1.399976062957E0));
#3968=CARTESIAN_POINT('',(-6.695306573543E0,-1.007002880325E1,
3.097945369446E0));
#3969=CARTESIAN_POINT('',(-6.721595636043E0,-9.423573617394E0,
4.711582098165E0));
#3970=CARTESIAN_POINT('',(-6.747884698543E0,-8.520588970817E0,
6.196959670942E0));
#3971=CARTESIAN_POINT('',(-6.774173761043E0,-7.385655999438E0,
7.513642992350E0));
#3972=CARTESIAN_POINT('',(-6.800462823543E0,-6.049669958895E0,
8.625789177552E0));
#3973=CARTESIAN_POINT('',(-6.826751886043E0,-4.548999191223E0,
9.503123270641E0));
#3974=CARTESIAN_POINT('',(-6.853040948543E0,-2.924495102703E0,
1.012176239237E1));
#3975=CARTESIAN_POINT('',(-6.879330011043E0,-1.220380103317E0,
1.046486588230E1));
#3976=CARTESIAN_POINT('',(-6.905619073543E0,5.169562195957E-1,
1.052309373706E1));
#3977=CARTESIAN_POINT('',(-6.931908136043E0,2.240219922829E0,1.029486086517E1));
#3978=CARTESIAN_POINT('',(-6.958197198543E0,3.902500147349E0,9.786380236993E0));
#3979=CARTESIAN_POINT('',(-6.984486261043E0,5.458546130080E0,9.011493755154E0));
#3980=CARTESIAN_POINT('',(-7.010775323543E0,6.865999024526E0,7.991295449559E0));
#3981=CARTESIAN_POINT('',(-7.037064386043E0,8.086544997513E0,6.753557254290E0));
#3982=CARTESIAN_POINT('',(-7.063353448543E0,9.086958212345E0,5.331972997960E0));
#3983=CARTESIAN_POINT('',(-7.089642511043E0,9.840005306201E0,3.765241187659E0));
#3984=CARTESIAN_POINT('',(-7.115931573543E0,1.032518673999E1,2.096011554961E0));
#3985=CARTESIAN_POINT('',(-7.142220636043E0,1.052929483952E1,
3.697240412095E-1));
#3986=CARTESIAN_POINT('',(-7.168509698543E0,1.044677333704E1,
-1.366628172714E0));
#3987=CARTESIAN_POINT('',(-7.194798761043E0,1.007986862537E1,
-3.065777919247E0));
#3988=CARTESIAN_POINT('',(-7.221087823543E0,9.438568607525E0,
-4.681470755704E0));
#3989=CARTESIAN_POINT('',(-7.247376886043E0,8.540330806002E0,
-6.169724107574E0));
#3990=CARTESIAN_POINT('',(-7.273665948543E0,7.409607133470E0,
-7.490024567033E0));
#3991=CARTESIAN_POINT('',(-7.299955011043E0,6.077178261320E0,
-8.606430753712E0));
#3992=CARTESIAN_POINT('',(-7.326244073543E0,4.579315706021E0,
-9.488551715498E0));
#3993=CARTESIAN_POINT('',(-7.352533136043E0,2.956794442950E0,
-1.011237423525E1));
#3994=CARTESIAN_POINT('',(-7.378822198543E0,1.253782926390E0,
-1.046091652233E1));
#3995=CARTESIAN_POINT('',(-7.405111261043E0,-4.833592683596E-1,
-1.052469049412E1));
#3996=CARTESIAN_POINT('',(-7.431400323543E0,-2.207343450098E0,
-1.030196006313E1));
#3997=CARTESIAN_POINT('',(-7.457689386043E0,-3.871239109649E0,
-9.798788398481E0));
#3998=CARTESIAN_POINT('',(-7.483978448543E0,-5.429751467660E0,
-9.028872875329E0));
#3999=CARTESIAN_POINT('',(-7.510267511043E0,-6.840454494730E0,
-8.013172204931E0));
#4000=CARTESIAN_POINT('',(-7.536556573543E0,-8.064945838469E0,
-6.779335895774E0));
#4001=CARTESIAN_POINT('',(-7.562845636043E0,-9.069892217898E0,
-5.360951576874E0));
#4002=CARTESIAN_POINT('',(-7.589134698542E0,-9.827936827328E0,
-3.796630672656E0));
#4003=CARTESIAN_POINT('',(-7.615423761042E0,-1.031844404821E1,
-2.128957319199E0));
#4004=CARTESIAN_POINT('',(-7.641712823542E0,-1.052806119630E1,
-4.033291345055E-1));
#4005=CARTESIAN_POINT('',(-7.668001886042E0,-1.045108201200E1,
1.333278600551E0));
#4006=CARTESIAN_POINT('',(-7.694290948542E0,-1.008960199908E1,
3.033591709045E0));
#4007=CARTESIAN_POINT('',(-7.720580011042E0,-9.453461382663E0,
4.651324021847E0));
#4008=CARTESIAN_POINT('',(-7.746869073542E0,-8.559977239588E0,
6.142437386276E0));
#4009=CARTESIAN_POINT('',(-7.773158136042E0,-7.433472092708E0,
7.466340479414E0));
#4010=CARTESIAN_POINT('',(-7.799447198542E0,-6.104611801897E0,
8.586993791830E0));
#4011=CARTESIAN_POINT('',(-7.825736261042E0,-4.609570775599E0,
9.473890701658E0));
#4012=CARTESIAN_POINT('',(-7.852025323542E0,-2.989047227574E0,
1.010288793203E1));
#4013=CARTESIAN_POINT('',(-7.878314386042E0,-1.287155285580E0,
1.045686278501E1));
#4014=CARTESIAN_POINT('',(-7.904603448542E0,4.497758889121E-1,
1.052617926058E1));
#4015=CARTESIAN_POINT('',(-7.930892511042E0,2.174463279496E0,1.030895037182E1));
#4016=CARTESIAN_POINT('',(-7.957181573542E0,3.839957160139E0,9.811089515537E0));
#4017=CARTESIAN_POINT('',(-7.983470636042E0,5.400919168200E0,9.046149499511E0));
#4018=CARTESIAN_POINT('',(-8.009759698542E0,6.814856513242E0,8.034953608618E0));
#4019=CARTESIAN_POINT('',(-8.036048761041E0,8.043278723830E0,6.805028752605E0));
#4020=CARTESIAN_POINT('',(-8.062337823541E0,9.052745443102E0,5.389856126480E0));
#4021=CARTESIAN_POINT('',(-8.088626886041E0,9.815776749819E0,3.827959782012E0));
#4022=CARTESIAN_POINT('',(-8.114915948541E0,1.031160122393E1,2.161857921280E0));
#4023=CARTESIAN_POINT('',(-8.141205011041E0,1.052672139241E1,
4.369054602491E-1));
#4024=CARTESIAN_POINT('',(-8.167494073541E0,1.045528116331E1,
-1.299940629724E0));
#4025=CARTESIAN_POINT('',(-8.193783136041E0,1.009922524312E1,
-3.001399592682E0));
#4026=CARTESIAN_POINT('',(-8.220072198541E0,9.468246205957E0,
-4.621153972875E0));
#4027=CARTESIAN_POINT('',(-8.246361261041E0,8.579520625239E0,
-6.115110480114E0));
#4028=CARTESIAN_POINT('',(-8.272650323541E0,7.457241562201E0,
-7.442600298095E0));
#4029=CARTESIAN_POINT('',(-8.298939386041E0,6.131959722346E0,
-8.567486213112E0));
#4030=CARTESIAN_POINT('',(-8.325228448540E0,4.639752765271E0,
-9.459146228782E0));
#4031=CARTESIAN_POINT('',(-8.351517511040E0,3.021239594683E0,
-1.009330762153E1));
#4032=CARTESIAN_POINT('',(-8.369043552707E0,1.887405235794E0,
-1.033290654305E1));
#4033=CARTESIAN_POINT('',(-8.377806573540E0,1.314492834397E0,
-1.040528221200E1));
#4034=CARTESIAN_POINT('',(-5.160613147080E0,7.105129116987E0,8.059187020933E0));
#4035=CARTESIAN_POINT('',(-5.169376167914E0,7.548866066813E0,7.667980275848E0));
#4036=CARTESIAN_POINT('',(-5.186902209581E0,8.371567244940E0,6.812109475287E0));
#4037=CARTESIAN_POINT('',(-5.213191272081E0,9.377731415531E0,5.342858146318E0));
#4038=CARTESIAN_POINT('',(-5.239480334581E0,1.012861155127E1,3.728163702781E0));
#4039=CARTESIAN_POINT('',(-5.265769397081E0,1.060376882238E1,2.011980193206E0));
#4040=CARTESIAN_POINT('',(-5.292058459581E0,1.079026799064E1,
2.410263455239E-1));
#4041=CARTESIAN_POINT('',(-5.318347522081E0,1.068303231908E1,
-1.536488678029E0));
#4042=CARTESIAN_POINT('',(-5.344636584581E0,1.028498102130E1,
-3.272176981974E0));
#4043=CARTESIAN_POINT('',(-5.370925647081E0,9.606949990754E0,
-4.918789338380E0));
#4044=CARTESIAN_POINT('',(-5.397214709581E0,8.667396766912E0,
-6.431501366159E0));
#4045=CARTESIAN_POINT('',(-5.423503772081E0,7.491898091940E0,
-7.769133759999E0));
#4046=CARTESIAN_POINT('',(-5.449792834581E0,6.112453649261E0,
-8.895273275700E0));
#4047=CARTESIAN_POINT('',(-5.476081897081E0,4.566614961016E0,
-9.779263976706E0));
#4048=CARTESIAN_POINT('',(-5.502370959581E0,2.896463151633E0,
-1.039704175260E1));
#4049=CARTESIAN_POINT('',(-5.528660022081E0,1.147463406724E0,
-1.073178939373E1));
#4050=CARTESIAN_POINT('',(-5.554949084581E0,-6.327726889690E-1,
-1.077439438918E1));
#4051=CARTESIAN_POINT('',(-5.581238147081E0,-2.395783242583E0,
-1.052369698604E1));
#4052=CARTESIAN_POINT('',(-5.607527209582E0,-4.093575290734E0,
-9.986521757332E0));
#4053=CARTESIAN_POINT('',(-5.633816272082E0,-5.679931271208E0,
-9.177491819535E0));
#4054=CARTESIAN_POINT('',(-5.660105334582E0,-7.111667163816E0,
-8.118630757005E0));
#4055=CARTESIAN_POINT('',(-5.686394397082E0,-8.349808051153E0,
-6.838763090070E0));
#4056=CARTESIAN_POINT('',(-5.712683459582E0,-9.360649098047E0,
-5.372729607350E0));
#4057=CARTESIAN_POINT('',(-5.738972522082E0,-1.011667306765E1,
-3.760438922744E0));
#4058=CARTESIAN_POINT('',(-5.765261584582E0,-1.059729939747E1,
-2.045781075815E0));
#4059=CARTESIAN_POINT('',(-5.791550647082E0,-1.078944444410E1,
-2.754327497384E-1));
#4060=CARTESIAN_POINT('',(-5.817839709582E0,-1.068787764552E1,
1.502413368630E0));
#4061=CARTESIAN_POINT('',(-5.844128772082E0,-1.029536390575E1,
3.239360497012E0));
#4062=CARTESIAN_POINT('',(-5.870417834582E0,-9.622588325856E0,
4.888125221372E0));
#4063=CARTESIAN_POINT('',(-5.896706897082E0,-8.687865330412E0,
6.403824650819E0));
#4064=CARTESIAN_POINT('',(-5.922995959582E0,-7.516640107704E0,
7.745198224708E0));
#4065=CARTESIAN_POINT('',(-5.949285022082E0,-6.140795935631E0,
8.875730911789E0));
#4066=CARTESIAN_POINT('',(-5.975574084582E0,-4.597786249431E0,
9.764647225618E0));
#4067=CARTESIAN_POINT('',(-6.001863147082E0,-2.929615078245E0,
1.038774899707E1));
#4068=CARTESIAN_POINT('',(-6.028152209582E0,-1.181693605241E0,
1.072807409812E1));
#4069=CARTESIAN_POINT('',(-6.054441272082E0,5.983960218073E-1,
1.077635818508E1));
#4070=CARTESIAN_POINT('',(-6.080730334582E0,2.362195977791E0,1.053128689178E1));
#4071=CARTESIAN_POINT('',(-6.107019397083E0,4.061691884924E0,9.999531607587E0));
#4072=CARTESIAN_POINT('',(-6.133308459583E0,5.650619865440E0,9.195567866218E0));
#4073=CARTESIAN_POINT('',(-6.159597522083E0,7.085725941627E0,8.141281289510E0));
#4074=CARTESIAN_POINT('',(-6.185886584583E0,8.327943499711E0,6.865371813049E0));
#4075=CARTESIAN_POINT('',(-6.212175647083E0,9.343456764580E0,5.402572412047E0));
#4076=CARTESIAN_POINT('',(-6.238464709583E0,1.010462133539E1,3.792703595416E0));
#4077=CARTESIAN_POINT('',(-6.264753772083E0,1.059071672322E1,2.079589406737E0));
#4078=CARTESIAN_POINT('',(-6.291042834583E0,1.078851040507E1,
3.098644408731E-1));
#4079=CARTESIAN_POINT('',(-6.317331897083E0,1.069261803974E1,
-1.468295648231E0));
#4080=CARTESIAN_POINT('',(-6.343620959583E0,1.030565003956E1,
-3.206485590342E0));
#4081=CARTESIAN_POINT('',(-6.369910022083E0,9.638140508285E0,
-4.857388192084E0));
#4082=CARTESIAN_POINT('',(-6.396199084583E0,8.708260479447E0,
-6.376062410109E0));
#4083=CARTESIAN_POINT('',(-6.422488147083E0,7.541323261649E0,
-7.721166740249E0));
#4084=CARTESIAN_POINT('',(-6.448777209583E0,6.169095356253E0,
-8.856084619474E0));
#4085=CARTESIAN_POINT('',(-6.475066272083E0,4.628931705809E0,
-9.749921204898E0));
#4086=CARTESIAN_POINT('',(-6.501355334583E0,2.962758813582E0,
-1.037834439546E1));
#4087=CARTESIAN_POINT('',(-6.527644397083E0,1.215933415810E0,
-1.072424720196E1));
#4088=CARTESIAN_POINT('',(-6.553933459583E0,-5.639922239827E-1,
-1.077821343435E1));
#4089=CARTESIAN_POINT('',(-6.580222522083E0,-2.328564787346E0,
-1.053877402944E1));
#4090=CARTESIAN_POINT('',(-6.606511584583E0,-4.029748901702E0,
-1.001244704114E1));
#4091=CARTESIAN_POINT('',(-6.632800647083E0,-5.621234763645E0,
-9.213560204786E0));
#4092=CARTESIAN_POINT('',(-6.659089709583E0,-7.059698788525E0,
-8.163860905605E0));
#4093=CARTESIAN_POINT('',(-6.685378772083E0,-8.305982968818E0,
-6.891924168966E0));
#4094=CARTESIAN_POINT('',(-6.711667834583E0,-9.326160836726E0,
-5.432374788040E0));
#4095=CARTESIAN_POINT('',(-6.737956897083E0,-1.009246101328E1,
-3.824944764248E0));
#4096=CARTESIAN_POINT('',(-6.764245959583E0,-1.058402320309E1,
-2.113391718919E0));
#4097=CARTESIAN_POINT('',(-6.790535022083E0,-1.078746605489E1,
-3.443077192486E-1));
#4098=CARTESIAN_POINT('',(-6.816824084583E0,-1.069725142974E1,
1.434149055221E0));
#4099=CARTESIAN_POINT('',(-6.843113147083E0,-1.031583516056E1,
3.173565278914E0));
#4100=CARTESIAN_POINT('',(-6.869402209583E0,-9.653600199144E0,
4.826590392121E0));
#4101=CARTESIAN_POINT('',(-6.895691272083E0,-8.728573970459E0,
6.348225582183E0));
#4102=CARTESIAN_POINT('',(-6.921980334583E0,-7.565937628520E0,
7.697048745222E0));
#4103=CARTESIAN_POINT('',(-6.948269397083E0,-6.197340572808E0,
8.836342082426E0));
#4104=CARTESIAN_POINT('',(-6.974558459583E0,-4.660038885590E0,
9.735091635369E0));
#4105=CARTESIAN_POINT('',(-7.000847522083E0,-2.995881143616E0,
1.036883155095E1));
#4106=CARTESIAN_POINT('',(-7.027136584583E0,-1.250169212520E0,
1.072031009329E1));
#4107=CARTESIAN_POINT('',(-7.053425647083E0,5.295749645611E-1,
1.077995927237E1));
#4108=CARTESIAN_POINT('',(-7.079714709583E0,2.294903013572E0,1.054615530511E1));
#4109=CARTESIAN_POINT('',(-7.106003772083E0,3.997758995601E0,1.002526281859E1));
#4110=CARTESIAN_POINT('',(-7.132292834583E0,5.591787590129E0,9.231461592103E0));
#4111=CARTESIAN_POINT('',(-7.158581897083E0,7.033595984031E0,8.186360554437E0));
#4112=CARTESIAN_POINT('',(-7.184870959583E0,8.283935115052E0,6.918409544186E0));
#4113=CARTESIAN_POINT('',(-7.211160022083E0,9.308768113873E0,5.462124846131E0));
#4114=CARTESIAN_POINT('',(-7.237449084583E0,1.008019685952E1,3.857149586214E0));
#4115=CARTESIAN_POINT('',(-7.263738147083E0,1.057722142536E1,2.147174563056E0));
#4116=CARTESIAN_POINT('',(-7.290027209583E0,1.078631174187E1,
3.787488932251E-1));
#4117=CARTESIAN_POINT('',(-7.316316272083E0,1.070177591447E1,
-1.399987153064E0));
#4118=CARTESIAN_POINT('',(-7.342605334583E0,1.032591516977E1,
-3.140612630986E0));
#4119=CARTESIAN_POINT('',(-7.368894397083E0,9.668961212448E0,
-4.795744040899E0));
#4120=CARTESIAN_POINT('',(-7.395183459583E0,8.748797697870E0,
-6.320325206951E0));
#4121=CARTESIAN_POINT('',(-7.421472522083E0,7.590473402489E0,
-7.672853801288E0));
#4122=CARTESIAN_POINT('',(-7.447761584583E0,6.225520344576E0,
-8.816511125315E0));
#4123=CARTESIAN_POINT('',(-7.474050647083E0,4.691095417344E0,
-9.720164392972E0));
#4124=CARTESIAN_POINT('',(-7.500339709583E0,3.028968900988E0,
-1.035921423175E1));
#4125=CARTESIAN_POINT('',(-7.526628772083E0,1.284387388401E0,
-1.071626433063E1));
#4126=CARTESIAN_POINT('',(-7.552917834583E0,-4.951579219073E-1,
-1.078159500579E1));
#4127=CARTESIAN_POINT('',(-7.579206897083E0,-2.261224036086E0,
-1.055342779234E1));
#4128=CARTESIAN_POINT('',(-7.605495959583E0,-3.965734885426E0,
-1.003797385955E1));
#4129=CARTESIAN_POINT('',(-7.631785022083E0,-5.562290058708E0,
-9.249264931345E0));
#4130=CARTESIAN_POINT('',(-7.658074084583E0,-7.007427919988E0,
-8.208771314791E0));
#4131=CARTESIAN_POINT('',(-7.684363147083E0,-8.261808727069E0,
-6.944817434512E0));
#4132=CARTESIAN_POINT('',(-7.710652209583E0,-9.291285543663E0,
-5.491810783391E0));
#4133=CARTESIAN_POINT('',(-7.736941272083E0,-1.006783379273E1,
-3.889305279046E0));
#4134=CARTESIAN_POINT('',(-7.763230334583E0,-1.057031414652E1,
-2.180924523434E0));
#4135=CARTESIAN_POINT('',(-7.789519397083E0,-1.078504798578E1,
-4.131742766846E-1));
#4136=CARTESIAN_POINT('',(-7.815808459583E0,-1.070618976289E1,
1.365823527931E0));
#4137=CARTESIAN_POINT('',(-7.842097522083E0,-1.033588613218E1,
3.107640765127E0));
#4138=CARTESIAN_POINT('',(-7.868386584582E0,-9.684217515723E0,
4.764861434386E0));
#4139=CARTESIAN_POINT('',(-7.894675647082E0,-8.768923694957E0,
6.292372425038E0));
#4140=CARTESIAN_POINT('',(-7.920964709582E0,-7.614920898164E0,
7.648591592252E0));
#4141=CARTESIAN_POINT('',(-7.947253772082E0,-6.253623529580E0,
8.796599713072E0));
#4142=CARTESIAN_POINT('',(-7.973542834582E0,-4.722089004020E0,
9.705145508217E0));
#4143=CARTESIAN_POINT('',(-7.999831897082E0,-3.062008966330E0,
1.034949637074E1));
#4144=CARTESIAN_POINT('',(-8.026120959582E0,-1.318574356786E0,
1.071211164282E1));
#4145=CARTESIAN_POINT('',(-8.052410022082E0,4.607547823240E-1,
1.078312011258E1));
#4146=CARTESIAN_POINT('',(-8.078699084582E0,2.227541270463E0,1.056058873236E1));
#4147=CARTESIAN_POINT('',(-8.104988147082E0,3.933689352989E0,1.005057524315E1));
#4148=CARTESIAN_POINT('',(-8.131277209582E0,5.532753971537E0,9.266963272698E0));
#4149=CARTESIAN_POINT('',(-8.157566272082E0,6.981205099513E0,8.231084395954E0));
#4150=CARTESIAN_POINT('',(-8.183855334582E0,8.239612724712E0,6.971137446207E0));
#4151=CARTESIAN_POINT('',(-8.210144397082E0,9.273720221279E0,5.521420884312E0));
#4152=CARTESIAN_POINT('',(-8.236433459582E0,1.005537689141E1,3.921399122485E0));
#4153=CARTESIAN_POINT('',(-8.262722522081E0,1.056330429096E1,2.214628219262E0));
#4154=CARTESIAN_POINT('',(-8.289011584581E0,1.078367547769E1,
4.475701903860E-1));
#4155=CARTESIAN_POINT('',(-8.315300647081E0,1.071049141420E1,
-1.331671787317E0));
#4156=CARTESIAN_POINT('',(-8.341589709581E0,1.034574427669E1,
-3.074662848938E0));
#4157=CARTESIAN_POINT('',(-8.367878772081E0,9.699363232080E0,
-4.733954943640E0));
#4158=CARTESIAN_POINT('',(-8.394167834581E0,8.788944128741E0,
-6.264378477359E0));
#4159=CARTESIAN_POINT('',(-8.420456897081E0,7.639270573218E0,
-7.624271920284E0));
#4160=CARTESIAN_POINT('',(-8.446745959581E0,6.281639004496E0,
-8.776615960254E0));
#4161=CARTESIAN_POINT('',(-8.473035022081E0,4.753007726933E0,
-9.690041127216E0));
#4162=CARTESIAN_POINT('',(-8.499324084581E0,3.094987139385E0,
-1.033968220776E1));
#4163=CARTESIAN_POINT('',(-8.516850126247E0,1.933476226736E0,
-1.058512966648E1));
#4164=CARTESIAN_POINT('',(-8.525613147081E0,1.346579206904E0,
-1.065927200361E1));
#4165=CARTESIAN_POINT('',(-5.308419720621E0,7.274430572397E0,8.251221827E0));
#4166=CARTESIAN_POINT('',(-5.317182741454E0,7.728740913668E0,7.850693383433E0));
#4167=CARTESIAN_POINT('',(-5.334708783121E0,8.571045466278E0,6.974428840577E0));
#4168=CARTESIAN_POINT('',(-5.360997845621E0,9.601184578866E0,5.470168100201E0));
#4169=CARTESIAN_POINT('',(-5.387286908121E0,1.036995673285E1,3.816998617741E0));
#4170=CARTESIAN_POINT('',(-5.413575970621E0,1.085643608076E1,2.059921781509E0));
#4171=CARTESIAN_POINT('',(-5.439865033121E0,1.104737916273E1,
2.467695361708E-1));
#4172=CARTESIAN_POINT('',(-5.466154095621E0,1.093758827295E1,
-1.573100225142E0));
#4173=CARTESIAN_POINT('',(-5.492443158121E0,1.053005218427E1,
-3.350146617189E0));
#4174=CARTESIAN_POINT('',(-5.518732220621E0,9.835864988455E0,
-5.035994554518E0));
#4175=CARTESIAN_POINT('',(-5.545021283121E0,8.873924032369E0,
-6.584751577919E0));
#4176=CARTESIAN_POINT('',(-5.571310345621E0,7.670415502372E0,
-7.954257159051E0));
#4177=CARTESIAN_POINT('',(-5.597599408121E0,6.258101572318E0,
-9.107230396683E0));
#4178=CARTESIAN_POINT('',(-5.623888470622E0,4.675428544339E0,
-1.001228488271E1));
#4179=CARTESIAN_POINT('',(-5.650177533122E0,2.965480254495E0,
-1.064478310559E1));
#4180=CARTESIAN_POINT('',(-5.676466595622E0,1.174805235646E0,
-1.098750713419E1));
#4181=CARTESIAN_POINT('',(-5.702755658122E0,-6.478504356816E-1,
-1.103112732411E1));
#4182=CARTESIAN_POINT('',(-5.729044720622E0,-2.452870113650E0,
-1.077445628776E1));
#4183=CARTESIAN_POINT('',(-5.755333783122E0,-4.191117255579E0,
-1.022448121453E1));
#4184=CARTESIAN_POINT('',(-5.781622845622E0,-5.815273024328E0,
-9.396173661410E0));
#4185=CARTESIAN_POINT('',(-5.807911908122E0,-7.281124408209E0,
-8.312081992086E0));
#4186=CARTESIAN_POINT('',(-5.834200970622E0,-8.548767793077E0,
-7.001717559339E0));
#4187=CARTESIAN_POINT('',(-5.860490033122E0,-9.583695222866E0,
-5.500751340251E0));
#4188=CARTESIAN_POINT('',(-5.886779095622E0,-1.035773377830E1,
-3.850042893639E0));
#4189=CARTESIAN_POINT('',(-5.913068158122E0,-1.084981250200E1,
-2.094528073636E0));
#4190=CARTESIAN_POINT('',(-5.939357220622E0,-1.104653599267E1,
-2.819957783097E-1));
#4191=CARTESIAN_POINT('',(-5.965646283122E0,-1.094254905414E1,
1.538212967166E0));
#4192=CARTESIAN_POINT('',(-5.991935345622E0,-1.054068247273E1,
3.316548178997E0));
#4193=CARTESIAN_POINT('',(-6.018224408122E0,-9.851875954772E0,
5.004599771036E0));
#4194=CARTESIAN_POINT('',(-6.044513470622E0,-8.894880322065E0,
6.556415380097E0));
#4195=CARTESIAN_POINT('',(-6.070802533122E0,-7.695747072415E0,
7.929751286347E0));
#4196=CARTESIAN_POINT('',(-6.097091595622E0,-6.287119200438E0,
9.087222376117E0));
#4197=CARTESIAN_POINT('',(-6.123380658123E0,-4.707342584140E0,
9.997319842772E0));
#4198=CARTESIAN_POINT('',(-6.149669720623E0,-2.999422127261E0,
1.063526892172E1));
#4199=CARTESIAN_POINT('',(-6.175958783123E0,-1.209851073447E0,
1.098370331029E1));
#4200=CARTESIAN_POINT('',(-6.202247845623E0,6.126546391719E-1,
1.103313791345E1));
#4201=CARTESIAN_POINT('',(-6.228536908123E0,2.418482529439E0,1.078222704625E1));
#4202=CARTESIAN_POINT('',(-6.254825970623E0,4.158474130007E0,1.023780106430E1));
#4203=CARTESIAN_POINT('',(-6.281115033123E0,5.785263184574E0,9.414680425249E0));
#4204=CARTESIAN_POINT('',(-6.307404095623E0,7.254565056977E0,8.335272242879E0));
#4205=CARTESIAN_POINT('',(-6.333693158123E0,8.526382251753E0,7.028960316613E0));
#4206=CARTESIAN_POINT('',(-6.359982220623E0,9.566093229415E0,5.531305241142E0));
#4207=CARTESIAN_POINT('',(-6.386271283123E0,1.034539487663E1,3.883076370924E0));
#4208=CARTESIAN_POINT('',(-6.412560345623E0,1.084307297538E1,2.129141991555E0));
#4209=CARTESIAN_POINT('',(-6.438849408123E0,1.104557969730E1,
3.172479099070E-1));
#4210=CARTESIAN_POINT('',(-6.465138470623E0,1.094740240276E1,
-1.503282287619E0));
#4211=CARTESIAN_POINT('',(-6.491427533123E0,1.055121370518E1,
-3.282889927020E0));
#4212=CARTESIAN_POINT('',(-6.517716595623E0,9.867798715564E0,
-4.973130337916E0));
#4213=CARTESIAN_POINT('',(-6.544005658123E0,8.915761447970E0,
-6.527991619001E0));
#4214=CARTESIAN_POINT('',(-6.570294720623E0,7.721018378077E0,
-7.905147178193E0));
#4215=CARTESIAN_POINT('',(-6.596583783123E0,6.316092941403E0,
-9.067107950736E0));
#4216=CARTESIAN_POINT('',(-6.622872845623E0,4.739230176376E0,
-9.982242929520E0));
#4217=CARTESIAN_POINT('',(-6.649161908123E0,3.033355613571E0,
-1.062564022668E1));
#4218=CARTESIAN_POINT('',(-6.675450970623E0,1.244906752337E0,
-1.097978522661E1));
#4219=CARTESIAN_POINT('',(-6.701740033123E0,-5.774310655282E-1,
-1.103503736972E1));
#4220=CARTESIAN_POINT('',(-6.728029095623E0,-2.384049972911E0,
-1.078989258788E1));
#4221=CARTESIAN_POINT('',(-6.754318158123E0,-4.125770007408E0,
-1.025102424760E1));
#4222=CARTESIAN_POINT('',(-6.780607220623E0,-5.755177892759E0,
-9.433101486372E0));
#4223=CARTESIAN_POINT('',(-6.806896283123E0,-7.227917727263E0,
-8.358389887460E0));
#4224=CARTESIAN_POINT('',(-6.833185345623E0,-8.503898443974E0,
-7.056145363706E0));
#4225=CARTESIAN_POINT('',(-6.859474408123E0,-9.548385173125E0,
-5.561817749991E0));
#4226=CARTESIAN_POINT('',(-6.885763470623E0,-1.033294479762E1,
-3.916085784317E0));
#4227=CARTESIAN_POINT('',(-6.912052533123E0,-1.083621996164E1,
-2.163749747319E0));
#4228=CARTESIAN_POINT('',(-6.938341595624E0,-1.104451046228E1,
-3.525119048465E-1));
#4229=CARTESIAN_POINT('',(-6.964630658124E0,-1.095214619747E1,
1.468322047482E0));
#4230=CARTESIAN_POINT('',(-6.990919720624E0,-1.056164151787E1,
3.249185188379E0));
#4231=CARTESIAN_POINT('',(-7.017208783124E0,-9.883626780892E0,
4.941598686074E0));
#4232=CARTESIAN_POINT('',(-7.043497845624E0,-8.936558970101E0,
6.499491493420E0));
#4233=CARTESIAN_POINT('',(-7.069786908124E0,-7.746219257601E0,
7.880454498091E0));
#4234=CARTESIAN_POINT('',(-7.096075970624E0,-6.345011186722E0,
9.046894987296E0));
#4235=CARTESIAN_POINT('',(-7.122365033124E0,-4.771078579957E0,
9.967060000093E0));
#4236=CARTESIAN_POINT('',(-7.148654095624E0,-3.067267184530E0,
1.061590070952E1));
#4237=CARTESIAN_POINT('',(-7.174943158124E0,-1.279958321725E0,
1.097575430428E1));
#4238=CARTESIAN_POINT('',(-7.201232220624E0,5.421937095239E-1,
1.103682480768E1));
#4239=CARTESIAN_POINT('',(-7.227521283124E0,2.349586104313E0,1.079744974505E1));
#4240=CARTESIAN_POINT('',(-7.253810345624E0,4.093017843849E0,1.026414540019E1));
#4241=CARTESIAN_POINT('',(-7.280099408124E0,5.725029050174E0,9.451429429051E0));
#4242=CARTESIAN_POINT('',(-7.306388470624E0,7.201192943532E0,8.381425659315E0));
#4243=CARTESIAN_POINT('',(-7.332677533124E0,8.481325232587E0,7.083261834083E0));
#4244=CARTESIAN_POINT('',(-7.358966595624E0,9.530578015397E0,5.592276694304E0));
#4245=CARTESIAN_POINT('',(-7.385255658124E0,1.032038841284E1,3.949057984770E0));
#4246=CARTESIAN_POINT('',(-7.411544720624E0,1.082925611073E1,2.198337571152E0));
#4247=CARTESIAN_POINT('',(-7.437833783123E0,1.104332864422E1,
3.877737452434E-1));
#4248=CARTESIAN_POINT('',(-7.464122845623E0,1.095677849190E1,
-1.433346133411E0));
#4249=CARTESIAN_POINT('',(-7.490411908123E0,1.057196171416E1,
-3.215447342721E0));
#4250=CARTESIAN_POINT('',(-7.516700970623E0,9.899353817370E0,
-4.910017326090E0));
#4251=CARTESIAN_POINT('',(-7.542990033123E0,8.957264589738E0,
-6.470926306324E0));
#4252=CARTESIAN_POINT('',(-7.569279095623E0,7.771339671508E0,
-7.855683035539E0));
#4253=CARTESIAN_POINT('',(-7.595568158123E0,6.373862427832E0,
-9.026591496915E0));
#4254=CARTESIAN_POINT('',(-7.621857220623E0,4.802875128668E0,
-9.951777070442E0));
#4255=CARTESIAN_POINT('',(-7.648146283123E0,3.101143359028E0,
-1.060605422824E1));
#4256=CARTESIAN_POINT('',(-7.674435345623E0,1.314991850414E0,
-1.097161213894E1));
#4257=CARTESIAN_POINT('',(-7.700724408123E0,-5.069565754521E-1,
-1.103849951746E1));
#4258=CARTESIAN_POINT('',(-7.727013470623E0,-2.315104622072E0,
-1.080489552155E1));
#4259=CARTESIAN_POINT('',(-7.753302533123E0,-4.060230661199E0,
-1.027715932062E1));
#4260=CARTESIAN_POINT('',(-7.779591595623E0,-5.694828649753E0,
-9.469656987361E0));
#4261=CARTESIAN_POINT('',(-7.805880658123E0,-7.174401345243E0,
-8.404370424650E0));
#4262=CARTESIAN_POINT('',(-7.832169720623E0,-8.458671615665E0,
-7.110298973251E0));
#4263=CARTESIAN_POINT('',(-7.858458783123E0,-9.512678869425E0,
-5.622669989910E0));
#4264=CARTESIAN_POINT('',(-7.884747845623E0,-1.030773075813E1,
-3.981979885436E0));
#4265=CARTESIAN_POINT('',(-7.911036908123E0,-1.082218424482E1,
-2.232891727671E0));
#4266=CARTESIAN_POINT('',(-7.937325970623E0,-1.104203477527E1,
-4.230194188661E-1));
#4267=CARTESIAN_POINT('',(-7.963615033123E0,-1.096129751377E1,
1.398368455309E0));
#4268=CARTESIAN_POINT('',(-7.989904095623E0,-1.058217026528E1,
3.181689821206E0));
#4269=CARTESIAN_POINT('',(-8.016193158123E0,-9.914973648781E0,
4.878398846921E0));
#4270=CARTESIAN_POINT('',(-8.042482220623E0,-8.977870150326E0,
6.442307463798E0));
#4271=CARTESIAN_POINT('',(-8.068771283123E0,-7.796369703620E0,
7.830842705087E0));
#4272=CARTESIAN_POINT('',(-8.095060345623E0,-6.402635257265E0,
9.006205634311E0));
#4273=CARTESIAN_POINT('',(-8.121349408123E0,-4.834607232441E0,
9.936400314774E0));
#4274=CARTESIAN_POINT('',(-8.147638470622E0,-3.134970705088E0,
1.059610480944E1));
#4275=CARTESIAN_POINT('',(-8.173927533122E0,-1.349993427994E0,
1.096736050062E1));
#4276=CARTESIAN_POINT('',(-8.200216595622E0,4.717336757339E-1,
1.104006096459E1));
#4277=CARTESIAN_POINT('',(-8.226505658122E0,2.280619261429E0,1.081222709289E1));
#4278=CARTESIAN_POINT('',(-8.252794720622E0,4.027421545836E0,1.029006097077E1));
#4279=CARTESIAN_POINT('',(-8.279083783122E0,5.664588774873E0,9.487777045884E0));
#4280=CARTESIAN_POINT('',(-8.305372845622E0,7.147553685781E0,8.427215183290E0));
#4281=CARTESIAN_POINT('',(-8.331661908122E0,8.435946725593E0,7.137246139810E0));
#4282=CARTESIAN_POINT('',(-8.357950970622E0,9.494694999453E0,5.652985642144E0));
#4283=CARTESIAN_POINT('',(-8.384240033122E0,1.029497703299E1,4.014838462960E0));
#4284=CARTESIAN_POINT('',(-8.410529095622E0,1.081500735799E1,2.267398517245E0));
#4285=CARTESIAN_POINT('',(-8.436818158122E0,1.104062956297E1,
4.582349205240E-1));
#4286=CARTESIAN_POINT('',(-8.463107220622E0,1.096570166510E1,
-1.363402944909E0));
#4287=CARTESIAN_POINT('',(-8.489396283121E0,1.059226331027E1,
-3.147926105193E0));
#4288=CARTESIAN_POINT('',(-8.515685345621E0,9.930480258203E0,
-4.846755914405E0));
#4289=CARTESIAN_POINT('',(-8.541974408121E0,8.998367632242E0,
-6.413646474604E0));
#4290=CARTESIAN_POINT('',(-8.568263470621E0,7.821299584235E0,
-7.805943542473E0));
#4291=CARTESIAN_POINT('',(-8.594552533121E0,6.431318286647E0,
-8.985745707396E0));
#4292=CARTESIAN_POINT('',(-8.620841595621E0,4.866262688594E0,
-9.920936025648E0));
#4293=CARTESIAN_POINT('',(-8.647130658121E0,3.168734684087E0,
-1.058605679398E1));
#4294=CARTESIAN_POINT('',(-8.664656699787E0,1.979547217677E0,
-1.083735278990E1));
#4295=CARTESIAN_POINT('',(-8.673419720621E0,1.378665579410E0,
-1.091326179523E1));
#4296=B_SPLINE_SURFACE_WITH_KNOTS('',3,3,((#3772,#3773,#3774,#3775,#3776,#3777,
#3778,#3779,#3780,#3781,#3782,#3783,#3784,#3785,#3786,#3787,#3788,#3789,#3790,
#3791,#3792,#3793,#3794,#3795,#3796,#3797,#3798,#3799,#3800,#3801,#3802,#3803,
#3804,#3805,#3806,#3807,#3808,#3809,#3810,#3811,#3812,#3813,#3814,#3815,#3816,
#3817,#3818,#3819,#3820,#3821,#3822,#3823,#3824,#3825,#3826,#3827,#3828,#3829,
#3830,#3831,#3832,#3833,#3834,#3835,#3836,#3837,#3838,#3839,#3840,#3841,#3842,
#3843,#3844,#3845,#3846,#3847,#3848,#3849,#3850,#3851,#3852,#3853,#3854,#3855,
#3856,#3857,#3858,#3859,#3860,#3861,#3862,#3863,#3864,#3865,#3866,#3867,#3868,
#3869,#3870,#3871,#3872,#3873,#3874,#3875,#3876,#3877,#3878,#3879,#3880,#3881,
#3882,#3883,#3884,#3885,#3886,#3887,#3888,#3889,#3890,#3891,#3892,#3893,#3894,
#3895,#3896,#3897,#3898,#3899,#3900,#3901,#3902),(#3903,#3904,#3905,#3906,#3907,
#3908,#3909,#3910,#3911,#3912,#3913,#3914,#3915,#3916,#3917,#3918,#3919,#3920,
#3921,#3922,#3923,#3924,#3925,#3926,#3927,#3928,#3929,#3930,#3931,#3932,#3933,
#3934,#3935,#3936,#3937,#3938,#3939,#3940,#3941,#3942,#3943,#3944,#3945,#3946,
#3947,#3948,#3949,#3950,#3951,#3952,#3953,#3954,#3955,#3956,#3957,#3958,#3959,
#3960,#3961,#3962,#3963,#3964,#3965,#3966,#3967,#3968,#3969,#3970,#3971,#3972,
#3973,#3974,#3975,#3976,#3977,#3978,#3979,#3980,#3981,#3982,#3983,#3984,#3985,
#3986,#3987,#3988,#3989,#3990,#3991,#3992,#3993,#3994,#3995,#3996,#3997,#3998,
#3999,#4000,#4001,#4002,#4003,#4004,#4005,#4006,#4007,#4008,#4009,#4010,#4011,
#4012,#4013,#4014,#4015,#4016,#4017,#4018,#4019,#4020,#4021,#4022,#4023,#4024,
#4025,#4026,#4027,#4028,#4029,#4030,#4031,#4032,#4033),(#4034,#4035,#4036,#4037,
#4038,#4039,#4040,#4041,#4042,#4043,#4044,#4045,#4046,#4047,#4048,#4049,#4050,
#4051,#4052,#4053,#4054,#4055,#4056,#4057,#4058,#4059,#4060,#4061,#4062,#4063,
#4064,#4065,#4066,#4067,#4068,#4069,#4070,#4071,#4072,#4073,#4074,#4075,#4076,
#4077,#4078,#4079,#4080,#4081,#4082,#4083,#4084,#4085,#4086,#4087,#4088,#4089,
#4090,#4091,#4092,#4093,#4094,#4095,#4096,#4097,#4098,#4099,#4100,#4101,#4102,
#4103,#4104,#4105,#4106,#4107,#4108,#4109,#4110,#4111,#4112,#4113,#4114,#4115,
#4116,#4117,#4118,#4119,#4120,#4121,#4122,#4123,#4124,#4125,#4126,#4127,#4128,
#4129,#4130,#4131,#4132,#4133,#4134,#4135,#4136,#4137,#4138,#4139,#4140,#4141,
#4142,#4143,#4144,#4145,#4146,#4147,#4148,#4149,#4150,#4151,#4152,#4153,#4154,
#4155,#4156,#4157,#4158,#4159,#4160,#4161,#4162,#4163,#4164),(#4165,#4166,#4167,
#4168,#4169,#4170,#4171,#4172,#4173,#4174,#4175,#4176,#4177,#4178,#4179,#4180,
#4181,#4182,#4183,#4184,#4185,#4186,#4187,#4188,#4189,#4190,#4191,#4192,#4193,
#4194,#4195,#4196,#4197,#4198,#4199,#4200,#4201,#4202,#4203,#4204,#4205,#4206,
#4207,#4208,#4209,#4210,#4211,#4212,#4213,#4214,#4215,#4216,#4217,#4218,#4219,
#4220,#4221,#4222,#4223,#4224,#4225,#4226,#4227,#4228,#4229,#4230,#4231,#4232,
#4233,#4234,#4235,#4236,#4237,#4238,#4239,#4240,#4241,#4242,#4243,#4244,#4245,
#4246,#4247,#4248,#4249,#4250,#4251,#4252,#4253,#4254,#4255,#4256,#4257,#4258,
#4259,#4260,#4261,#4262,#4263,#4264,#4265,#4266,#4267,#4268,#4269,#4270,#4271,
#4272,#4273,#4274,#4275,#4276,#4277,#4278,#4279,#4280,#4281,#4282,#4283,#4284,
#4285,#4286,#4287,#4288,#4289,#4290,#4291,#4292,#4293,#4294,#4295)),
.UNSPECIFIED.,.F.,.F.,.F.,(4,4),(4,1,1,1,1,1,1,1,1,1,1,1,1,1,1,1,1,1,1,1,1,1,1,
1,1,1,1,1,1,1,1,1,1,1,1,1,1,1,1,1,1,1,1,1,1,1,1,1,1,1,1,1,1,1,1,1,1,1,1,1,1,1,1,
1,1,1,1,1,1,1,1,1,1,1,1,1,1,1,1,1,1,1,1,1,1,1,1,1,1,1,1,1,1,1,1,1,1,1,1,1,1,1,1,
1,1,1,1,1,1,1,1,1,1,1,1,1,1,1,1,1,1,1,1,1,1,1,1,1,4),(0.E0,8.868394412415E-1),(
0.E0,7.8125E-3,1.5625E-2,2.34375E-2,3.125E-2,3.90625E-2,4.6875E-2,5.46875E-2,
6.25E-2,7.03125E-2,7.8125E-2,8.59375E-2,9.375E-2,1.015625E-1,1.09375E-1,
1.171875E-1,1.25E-1,1.328125E-1,1.40625E-1,1.484375E-1,1.5625E-1,1.640625E-1,
1.71875E-1,1.796875E-1,1.875E-1,1.953125E-1,2.03125E-1,2.109375E-1,2.1875E-1,
2.265625E-1,2.34375E-1,2.421875E-1,2.5E-1,2.578125E-1,2.65625E-1,2.734375E-1,
2.8125E-1,2.890625E-1,2.96875E-1,3.046875E-1,3.125E-1,3.203125E-1,3.28125E-1,
3.359375E-1,3.4375E-1,3.515625E-1,3.59375E-1,3.671875E-1,3.75E-1,3.828125E-1,
3.90625E-1,3.984375E-1,4.0625E-1,4.140625E-1,4.21875E-1,4.296875E-1,4.375E-1,
4.453125E-1,4.53125E-1,4.609375E-1,4.6875E-1,4.765625E-1,4.84375E-1,4.921875E-1,
5.E-1,5.078125E-1,5.15625E-1,5.234375E-1,5.3125E-1,5.390625E-1,5.46875E-1,
5.546875E-1,5.625E-1,5.703125E-1,5.78125E-1,5.859375E-1,5.9375E-1,6.015625E-1,
6.09375E-1,6.171875E-1,6.25E-1,6.328125E-1,6.40625E-1,6.484375E-1,6.5625E-1,
6.640625E-1,6.71875E-1,6.796875E-1,6.875E-1,6.953125E-1,7.03125E-1,7.109375E-1,
7.1875E-1,7.265625E-1,7.34375E-1,7.421875E-1,7.5E-1,7.578125E-1,7.65625E-1,
7.734375E-1,7.8125E-1,7.890625E-1,7.96875E-1,8.046875E-1,8.125E-1,8.203125E-1,
8.28125E-1,8.359375E-1,8.4375E-1,8.515625E-1,8.59375E-1,8.671875E-1,8.75E-1,
8.828125E-1,8.90625E-1,8.984375E-1,9.0625E-1,9.140625E-1,9.21875E-1,9.296875E-1,
9.375E-1,9.453125E-1,9.53125E-1,9.609375E-1,9.6875E-1,9.765625E-1,9.84375E-1,
9.921875E-1,1.E0),.UNSPECIFIED.);
#4297=ORIENTED_EDGE('',*,*,#2472,.F.);
#4298=ORIENTED_EDGE('',*,*,#2374,.T.);
#4299=ORIENTED_EDGE('',*,*,#2489,.T.);
#4300=ORIENTED_EDGE('',*,*,#2242,.T.);
#4301=ORIENTED_EDGE('',*,*,#2500,.T.);
#4302=ORIENTED_EDGE('',*,*,#2254,.T.);
#4304=ORIENTED_EDGE('',*,*,#4303,.F.);
#4305=ORIENTED_EDGE('',*,*,#3765,.F.);
#4306=ORIENTED_EDGE('',*,*,#3222,.T.);
#4307=ORIENTED_EDGE('',*,*,#2631,.T.);
#4308=ORIENTED_EDGE('',*,*,#2420,.T.);
#4309=EDGE_LOOP('',(#4297,#4298,#4299,#4300,#4301,#4302,#4304,#4305,#4306,#4307,
#4308));
#4310=FACE_OUTER_BOUND('',#4309,.F.);
#4311=ADVANCED_FACE('',(#4310),#4296,.F.);
#4312=CARTESIAN_POINT('',(-7.786580279385E0,1.378665579409E0,
-1.091326179522E1));
#4313=CARTESIAN_POINT('',(-7.795343300218E0,7.777839409627E-1,
-1.098917079912E1));
#4314=CARTESIAN_POINT('',(-7.812869341885E0,-4.365377874185E-1,
-1.104150862868E1));
#4315=CARTESIAN_POINT('',(-7.839158404385E0,-2.246143638479E0,
-1.081944190414E1));
#4316=CARTESIAN_POINT('',(-7.865447466885E0,-3.994602514413E0,
-1.030284581272E1));
#4317=CARTESIAN_POINT('',(-7.891736529385E0,-5.634319864474E0,
-9.505783596642E0));
#4318=CARTESIAN_POINT('',(-7.918025591885E0,-7.120658360335E0,
-8.449953022605E0));
#4319=CARTESIAN_POINT('',(-7.944314654385E0,-8.413156795470E0,
-7.164096194334E0));
#4320=CARTESIAN_POINT('',(-7.970603716886E0,-9.476630514396E0,
-5.683216998639E0));
#4321=CARTESIAN_POINT('',(-7.996892779386E0,-1.028212948454E1,
-4.047628254564E0));
#4322=CARTESIAN_POINT('',(-8.023181841886E0,-1.080772630396E1,
-2.301854298985E0));
#4323=CARTESIAN_POINT('',(-8.049470904386E0,-1.103911312937E1,
-4.934189378022E-1));
#4324=CARTESIAN_POINT('',(-8.075759966886E0,-1.096999115838E1,
1.328448257376E0));
#4325=CARTESIAN_POINT('',(-8.102049029386E0,-1.060224209462E1,
3.114152085643E0));
#4326=CARTESIAN_POINT('',(-8.128338091886E0,-9.945876919952E0,
4.815081805944E0));
#4327=CARTESIAN_POINT('',(-8.154627154386E0,-9.018763370711E0,
6.384934426332E0));
#4328=CARTESIAN_POINT('',(-8.180916216887E0,-7.846139536161E0,
7.780975170672E0));
#4329=CARTESIAN_POINT('',(-8.207205279387E0,-6.459926820341E0,
8.965200810183E0));
#4330=CARTESIAN_POINT('',(-8.233494341887E0,-4.897860970054E0,
9.905374191525E0));
#4331=CARTESIAN_POINT('',(-8.259783404387E0,-3.202464824378E0,
1.057590179944E1));
#4332=CARTESIAN_POINT('',(-8.286072466887E0,-1.419890749753E0,
1.095853046487E1));
#4333=CARTESIAN_POINT('',(-8.312361529387E0,4.013357279193E-1,
1.104284425291E1));
#4334=CARTESIAN_POINT('',(-8.338650591887E0,2.211636893070E0,1.082654800410E1));
#4335=CARTESIAN_POINT('',(-8.364939654387E0,3.961732452535E0,1.031552981090E1));
#4336=CARTESIAN_POINT('',(-8.391228716887E0,5.603981050565E0,9.523700728423E0));
#4337=CARTESIAN_POINT('',(-8.417517779387E0,7.093677167907E0,8.472616083221E0));
#4338=CARTESIAN_POINT('',(-8.443806841887E0,8.390268100620E0,7.190888688757E0));
#4339=CARTESIAN_POINT('',(-8.470095904388E0,9.458457889947E0,5.713409941403E0));
#4340=CARTESIAN_POINT('',(-8.496384966888E0,1.026916815198E1,4.080400000334E0));
#4341=CARTESIAN_POINT('',(-8.522674029388E0,1.080032965136E1,2.336312907571E0));
#4342=CARTESIAN_POINT('',(-8.548963091888E0,1.103748307083E1,
5.286264531598E-1));
#4343=CARTESIAN_POINT('',(-8.575252154388E0,1.097417262244E1,
-1.293450272039E0));
#4344=CARTESIAN_POINT('',(-8.601541216888E0,1.061212178567E1,
-3.080316452765E0));
#4345=CARTESIAN_POINT('',(-8.627830279388E0,9.961186388446E0,
-4.783329788889E0));
#4346=CARTESIAN_POINT('',(-8.654119341888E0,9.039086308593E0,
-6.356130641681E0));
#4347=CARTESIAN_POINT('',(-8.680408404388E0,7.870923099240E0,
-7.755904040790E0));
#4348=CARTESIAN_POINT('',(-8.706697466888E0,6.488496669663E0,
-8.944545197478E0));
#4349=CARTESIAN_POINT('',(-8.732986529388E0,4.929439622964E0,
-9.889696796442E0));
#4350=CARTESIAN_POINT('',(-8.759275591888E0,3.236192815786E0,
-1.056562982899E1));
#4351=CARTESIAN_POINT('',(-8.785564654388E0,1.454850027565E0,
-1.095394398954E1));
#4352=CARTESIAN_POINT('',(-8.811853716888E0,-3.660968101526E-1,
-1.104406856919E1));
#4353=CARTESIAN_POINT('',(-8.838142779388E0,-2.177077666786E0,
-1.083355021114E1));
#4354=CARTESIAN_POINT('',(-8.864431841888E0,-3.928793813585E0,
-1.032811969461E1));
#4355=CARTESIAN_POINT('',(-8.890720904388E0,-5.573559838751E0,
-9.541535929470E0));
#4356=CARTESIAN_POINT('',(-8.917009966888E0,-7.066601744383E0,
-8.495211408311E0));
#4357=CARTESIAN_POINT('',(-8.943299029388E0,-8.367275788331E0,
-7.217629312052E0));
#4358=CARTESIAN_POINT('',(-8.969588091888E0,-9.440174891588E0,
-5.743568136743E0));
#4359=CARTESIAN_POINT('',(-8.995877154388E0,-1.025609249252E1,
-4.113154948882E0));
#4360=CARTESIAN_POINT('',(-9.022166216888E0,-1.079281760987E1,
-2.370773041626E0));
#4361=CARTESIAN_POINT('',(-9.048455279388E0,-1.103573947124E1,
-5.638537278341E-1));
#4362=CARTESIAN_POINT('',(-9.074744341888E0,-1.097824524798E1,
1.258414840146E0));
#4363=CARTESIAN_POINT('',(-9.101033404388E0,-1.062190006922E1,
3.046426675317E0));
#4364=CARTESIAN_POINT('',(-9.127322466888E0,-9.976404414801E0,
4.751508334991E0));
#4365=CARTESIAN_POINT('',(-9.153611529388E0,-9.059330046997E0,
6.327243913745E0));
#4366=CARTESIAN_POINT('',(-9.179900591888E0,-7.895641669537E0,
7.730738581323E0));
#4367=CARTESIAN_POINT('',(-9.206189654388E0,-6.517017335410E0,
8.923786269363E0));
#4368=CARTESIAN_POINT('',(-9.232478716888E0,-4.960986103378E0,
9.873909720118E0));
#4369=CARTESIAN_POINT('',(-9.258767779388E0,-3.269906418016E0,
1.055524458489E1));
#4370=CARTESIAN_POINT('',(-9.285056841888E0,-1.489813023905E0,
1.094924350522E1));
#4371=CARTESIAN_POINT('',(-9.311345904388E0,3.308361966194E-1,
1.104518101029E1));
#4372=CARTESIAN_POINT('',(-9.337634966888E0,2.142479348478E0,1.084044548622E1));
#4373=CARTESIAN_POINT('',(-9.363924029388E0,3.895799702291E0,1.034061026924E1));
#4374=CARTESIAN_POINT('',(-9.390213091888E0,5.543068198822E0,9.559281927487E0));
#4375=CARTESIAN_POINT('',(-9.416502154388E0,7.039442733669E0,8.517729861515E0));
#4376=CARTESIAN_POINT('',(-9.442791216888E0,8.344188852980E0,7.244307306541E0));
#4377=CARTESIAN_POINT('',(-9.469080279388E0,9.421788630335E0,5.773679498004E0));
#4378=CARTESIAN_POINT('',(-9.495369341888E0,1.024290753887E1,4.145880011335E0));
#4379=CARTESIAN_POINT('',(-9.521658404388E0,1.078519299835E1,2.405220964350E0));
#4380=CARTESIAN_POINT('',(-9.547947466888E0,1.103388285921E1,
5.990867488117E-1));
#4381=CARTESIAN_POINT('',(-9.574236529388E0,1.098220725910E1,
-1.223355871715E0));
#4382=CARTESIAN_POINT('',(-9.600525591888E0,1.063157291296E1,
-3.012496183909E0));
#4383=CARTESIAN_POINT('',(-9.626814654388E0,9.991524819397E0,
-4.719630032011E0));
#4384=CARTESIAN_POINT('',(-9.653103716888E0,9.079486426245E0,
-6.298285646811E0));
#4385=CARTESIAN_POINT('',(-9.679392779388E0,7.920285328142E0,
-7.705488704484E0));
#4386=CARTESIAN_POINT('',(-9.705681841888E0,6.545477407858E0,
-8.902932177755E0));
#4387=CARTESIAN_POINT('',(-9.731970904387E0,4.992487819527E0,
-9.858019133588E0));
#4388=CARTESIAN_POINT('',(-9.758259966887E0,3.303592198003E0,
-1.054475009030E1));
#4389=CARTESIAN_POINT('',(-9.784549029387E0,1.524765827924E0,
-1.094443077837E1));
#4390=CARTESIAN_POINT('',(-9.810838091887E0,-2.955678995149E-1,
-1.104618103816E1));
#4391=CARTESIAN_POINT('',(-9.837127154387E0,-2.107855672507E0,
-1.084723100137E1));
#4392=CARTESIAN_POINT('',(-9.863416216887E0,-3.862763203521E0,
-1.035299649341E1));
#4393=CARTESIAN_POINT('',(-9.889705279387E0,-5.512518212069E0,
-9.576931604125E0));
#4394=CARTESIAN_POINT('',(-9.915994341887E0,-7.012210886555E0,
-8.540162440151E0));
#4395=CARTESIAN_POINT('',(-9.942283404387E0,-8.321016423940E0,
-7.270912028843E0));
#4396=CARTESIAN_POINT('',(-9.968572466887E0,-9.403306367100E0,
-5.803732029122E0));
#4397=CARTESIAN_POINT('',(-9.994861529387E0,-1.022961848698E1,
-4.178562163574E0));
#4398=CARTESIAN_POINT('',(-1.002115059189E1,-1.077745880725E1,
-2.439642976012E0));
#4399=CARTESIAN_POINT('',(-1.004743965439E1,-1.103191393872E1,
-6.343115114752E-1));
#4400=CARTESIAN_POINT('',(-1.007372871689E1,-1.098605705430E1,
1.188287297275E0));
#4401=CARTESIAN_POINT('',(-1.010001777939E1,-1.064113645319E1,
2.978538458012E0));
#4402=CARTESIAN_POINT('',(-1.012630684189E1,-1.000654158095E1,
4.687707543601E0));
#4403=CARTESIAN_POINT('',(-1.015259590439E1,-9.099547430396E0,
6.269267346025E0));
#4404=CARTESIAN_POINT('',(-1.017888496689E1,-7.944844281369E0,
7.680164445580E0));
#4405=CARTESIAN_POINT('',(-1.020517402939E1,-6.573865580605E0,
8.881991216556E0));
#4406=CARTESIAN_POINT('',(-1.023146309189E1,-5.023932258251E0,
9.842031364916E0));
#4407=CARTESIAN_POINT('',(-1.025775215439E1,-3.337236774442E0,
1.053415053621E1));
#4408=CARTESIAN_POINT('',(-1.028404121689E1,-1.559694552280E0,
1.093950774948E1));
#4409=CARTESIAN_POINT('',(-1.031033027939E1,2.603059364173E-1,
1.104706829028E1));
#4410=CARTESIAN_POINT('',(-1.033661934189E1,2.073220407363E0,1.085390410086E1));
#4411=CARTESIAN_POINT('',(-1.036290840439E1,3.829697464091E0,1.036527349006E1));
#4412=CARTESIAN_POINT('',(-1.038919746689E1,5.481922047870E0,9.594477992963E0));
#4413=CARTESIAN_POINT('',(-1.041548652939E1,6.984917065672E0,8.562500276946E0));
#4414=CARTESIAN_POINT('',(-1.044177559189E1,8.297767763136E0,7.297432950781E0));
#4415=CARTESIAN_POINT('',(-1.046806465439E1,9.384735512467E0,5.833713825913E0));
#4416=CARTESIAN_POINT('',(-1.049435371689E1,1.021623069556E1,4.211188447539E0));
#4417=CARTESIAN_POINT('',(-1.052064277939E1,1.076961819836E1,2.474025415330E0));
#4418=CARTESIAN_POINT('',(-1.054693184189E1,1.102983358909E1,
6.695140209980E-1));
#4419=CARTESIAN_POINT('',(-1.057322090439E1,1.098979320661E1,
-1.153223066486E0));
#4420=CARTESIAN_POINT('',(-1.059950996689E1,1.065058699532E1,
-2.944567024632E0));
#4421=CARTESIAN_POINT('',(-1.062579902939E1,1.002144883714E1,
-4.655753608057E0));
#4422=CARTESIAN_POINT('',(-1.065208809189E1,9.119505188052E0,
-6.240200616262E0));
#4423=CARTESIAN_POINT('',(-1.067837715439E1,7.969308861743E0,
-7.654775962020E0));
#4424=CARTESIAN_POINT('',(-1.070466621689E1,6.602170651698E0,
-8.860971820836E0));
#4425=CARTESIAN_POINT('',(-1.073095527939E1,5.055306986243E0,
-9.825952898559E0));
#4426=CARTESIAN_POINT('',(-1.075724434189E1,3.370826819119E0,
-1.052345028098E1));
#4427=CARTESIAN_POINT('',(-1.078353340439E1,1.594585334520E0,
-1.093447653285E1));
#4428=CARTESIAN_POINT('',(-1.080982246689E1,-2.250643288925E-1,
-1.104784257966E1));
#4429=CARTESIAN_POINT('',(-1.083611152939E1,-2.038587354288E0,
-1.086046230147E1));
#4430=CARTESIAN_POINT('',(-1.086240059189E1,-3.796615691444E0,
-1.037743654690E1));
#4431=CARTESIAN_POINT('',(-1.088868965438E1,-5.451291962466E0,
-9.611914280162E0));
#4432=CARTESIAN_POINT('',(-1.091497871688E1,-6.957572244353E0,
-8.584734640841E0));
#4433=CARTESIAN_POINT('',(-1.094126777938E1,-8.274452264141E0,
-7.323859660482E0));
#4434=CARTESIAN_POINT('',(-1.096755684188E1,-9.366083625643E0,
-5.863613076860E0));
#4435=CARTESIAN_POINT('',(-1.099384590438E1,-1.020274968633E1,
-4.243745973820E0));
#4436=CARTESIAN_POINT('',(-1.102013496688E1,-1.076167450105E1,
-2.508354655831E0));
#4437=CARTESIAN_POINT('',(-1.104642402938E1,-1.102764287742E1,
-7.046803122879E-1));
#4438=CARTESIAN_POINT('',(-1.107271309188E1,-1.099341441662E1,
1.118177215994E0));
#4439=CARTESIAN_POINT('',(-1.109900215438E1,-1.065992118967E1,
2.910595198461E0));
#4440=CARTESIAN_POINT('',(-1.112529121688E1,-1.003624022953E1,
4.623782001602E0));
#4441=CARTESIAN_POINT('',(-1.114281725855E1,-9.438316356203E0,
5.681989707824E0));
#4442=CARTESIAN_POINT('',(-1.115158027938E1,-9.097886384344E0,
6.182917202128E0));
#4443=CARTESIAN_POINT('',(-7.934386852923E0,1.346579206903E0,
-1.065927200361E1));
#4444=CARTESIAN_POINT('',(-7.943149873756E0,7.596821868959E-1,
-1.073341433935E1));
#4445=CARTESIAN_POINT('',(-7.960675915423E0,-4.263780254942E-1,
-1.078453408447E1));
#4446=CARTESIAN_POINT('',(-7.986964977923E0,-2.193868015904E0,
-1.056763562970E1));
#4447=CARTESIAN_POINT('',(-8.013254040424E0,-3.901634135275E0,
-1.006306253710E1));
#4448=CARTESIAN_POINT('',(-8.039543102924E0,-5.503189524608E0,
-9.284550748010E0));
#4449=CARTESIAN_POINT('',(-8.065832165424E0,-6.954935722409E0,
-8.253293046183E0));
#4450=CARTESIAN_POINT('',(-8.092121227924E0,-8.217353196017E0,
-6.997362606006E0));
#4451=CARTESIAN_POINT('',(-8.118410290424E0,-9.256076160006E0,
-5.550948651352E0));
#4452=CARTESIAN_POINT('',(-8.144699352924E0,-1.004282835037E1,
-3.953425780895E0));
#4453=CARTESIAN_POINT('',(-8.170988415424E0,-1.055619269253E1,
-2.248282094388E0));
#4454=CARTESIAN_POINT('',(-8.197277477925E0,-1.078219433681E1,
-4.819353524598E-1));
#4455=CARTESIAN_POINT('',(-8.223566540425E0,-1.071468107597E1,
1.297530617683E0));
#4456=CARTESIAN_POINT('',(-8.249855602925E0,-1.035549081982E1,
3.041674869013E0));
#4457=CARTESIAN_POINT('',(-8.276144665425E0,-9.714401559634E0,
4.703018002524E0));
#4458=CARTESIAN_POINT('',(-8.302433727925E0,-8.808865187005E0,
6.236334658927E0));
#4459=CARTESIAN_POINT('',(-8.328722790425E0,-7.663532412540E0,
7.599884649871E0));
#4460=CARTESIAN_POINT('',(-8.355011852925E0,-6.309581717501E0,
8.756549214697E0));
#4461=CARTESIAN_POINT('',(-8.381300915425E0,-4.783870605810E0,
9.674841471432E0));
#4462=CARTESIAN_POINT('',(-8.407589977925E0,-3.127932261278E0,
1.032976355548E1));
#4463=CARTESIAN_POINT('',(-8.433879040425E0,-1.386844923271E0,
1.070348711291E1));
#4464=CARTESIAN_POINT('',(-8.460168102926E0,3.919952411048E-1,
1.078583862405E1));
#4465=CARTESIAN_POINT('',(-8.486457165426E0,2.160164363213E0,1.057457634585E1));
#4466=CARTESIAN_POINT('',(-8.512746227926E0,3.869529074761E0,1.007545133425E1));
#4467=CARTESIAN_POINT('',(-8.539035290426E0,5.473556801066E0,9.302050885436E0));
#4468=CARTESIAN_POINT('',(-8.565324352926E0,6.928582476746E0,8.275428658071E0));
#4469=CARTESIAN_POINT('',(-8.591613415426E0,8.194997201192E0,7.023531545327E0));
#4470=CARTESIAN_POINT('',(-8.617902477926E0,9.238326476121E0,5.580438898681E0));
#4471=CARTESIAN_POINT('',(-8.644191540426E0,1.003016867337E1,3.985434813461E0));
#4472=CARTESIAN_POINT('',(-8.670480602926E0,1.054896818593E1,2.281938730569E0));
#4473=CARTESIAN_POINT('',(-8.696769665426E0,1.078060221543E1,
5.163234657307E-1));
#4474=CARTESIAN_POINT('',(-8.723058727926E0,1.071876522273E1,
-1.263347157936E0));
#4475=CARTESIAN_POINT('',(-8.749347790426E0,1.036514057588E1,
-3.008626709715E0));
#4476=CARTESIAN_POINT('',(-8.775636852926E0,9.729354723222E0,
-4.672004966019E0));
#4477=CARTESIAN_POINT('',(-8.801925915426E0,8.828715139005E0,
-6.208201239140E0));
#4478=CARTESIAN_POINT('',(-8.828214977926E0,7.687739175379E0,
-7.575397012914E0));
#4479=CARTESIAN_POINT('',(-8.854504040426E0,6.337486646453E0,
-8.736374330381E0));
#4480=CARTESIAN_POINT('',(-8.880793102926E0,4.814714312961E0,
-9.659528944194E0));
#4481=CARTESIAN_POINT('',(-8.907082165427E0,3.160875284298E0,
-1.031973064973E1));
#4482=CARTESIAN_POINT('',(-8.933371227927E0,1.420990576352E0,
-1.069900738090E1));
#4483=CARTESIAN_POINT('',(-8.959660290427E0,-3.575764562687E-1,
-1.078703444621E1));
#4484=CARTESIAN_POINT('',(-8.985949352927E0,-2.126409451060E0,
-1.058141558703E1));
#4485=CARTESIAN_POINT('',(-9.012238415427E0,-3.837357033205E0,
-1.008774820731E1));
#4486=CARTESIAN_POINT('',(-9.038527477927E0,-5.443843597306E0,
-9.319470998943E0));
#4487=CARTESIAN_POINT('',(-9.064816540427E0,-6.902137193075E0,
-8.297498110877E0));
#4488=CARTESIAN_POINT('',(-9.091105602927E0,-8.172540000468E0,
-7.049649820741E0));
#4489=CARTESIAN_POINT('',(-9.117394665427E0,-9.220468987113E0,
-5.609895207281E0));
#4490=CARTESIAN_POINT('',(-9.143683727927E0,-1.001739733027E1,
-4.017427439734E0));
#4491=CARTESIAN_POINT('',(-9.169972790427E0,-1.054163097593E1,
-2.315596856714E0));
#4492=CARTESIAN_POINT('',(-9.196261852927E0,-1.077889919551E1,
-5.507308784499E-1));
#4493=CARTESIAN_POINT('',(-9.222550915427E0,-1.072274306402E1,
1.229127123145E0));
#4494=CARTESIAN_POINT('',(-9.248839977927E0,-1.037469128456E1,
2.975525665981E0));
#4495=CARTESIAN_POINT('',(-9.275129040427E0,-9.744218572851E0,
4.640924108708E0));
#4496=CARTESIAN_POINT('',(-9.301418102927E0,-8.848487734776E0,
6.179986806449E0));
#4497=CARTESIAN_POINT('',(-9.327707165427E0,-7.711882458046E0,
7.550817241752E0));
#4498=CARTESIAN_POINT('',(-9.353996227927E0,-6.365343536503E0,
8.716098535166E0));
#4499=CARTESIAN_POINT('',(-9.380285290427E0,-4.845526596383E0,
9.644109288381E0));
#4500=CARTESIAN_POINT('',(-9.406574352927E0,-3.193804253028E0,
1.030958710660E1));
#4501=CARTESIAN_POINT('',(-9.432863415427E0,-1.455139861419E0,
1.069441629330E1));
#4502=CARTESIAN_POINT('',(-9.459152477927E0,3.231364806025E-1,
1.078812099691E1));
#4503=CARTESIAN_POINT('',(-9.485441540427E0,2.092616356692E0,1.058815038493E1));
#4504=CARTESIAN_POINT('',(-9.511730602926E0,3.805130810340E0,1.009994808256E1));
#4505=CARTESIAN_POINT('',(-9.538019665426E0,5.414061604540E0,9.336803985486E0));
#4506=CARTESIAN_POINT('',(-9.564308727926E0,6.875610267580E0,8.319492480874E0));
#4507=CARTESIAN_POINT('',(-9.590597790426E0,8.149990378893E0,7.075706924943E0));
#4508=CARTESIAN_POINT('',(-9.616886852926E0,9.202510638500E0,5.639305771795E0));
#4509=CARTESIAN_POINT('',(-9.643175915426E0,1.000451923662E1,4.049390875467E0));
#4510=CARTESIAN_POINT('',(-9.669464977926E0,1.053418381581E1,2.349243055730E0));
#4511=CARTESIAN_POINT('',(-9.695754040426E0,1.077708579334E1,
5.851439037358E-1));
#4512=CARTESIAN_POINT('',(-9.722043102926E0,1.072661286528E1,
-1.194884099594E0));
#4513=CARTESIAN_POINT('',(-9.748332165426E0,1.038413900737E1,
-2.942384855843E0));
#4514=CARTESIAN_POINT('',(-9.774621227926E0,9.758987072720E0,
-4.609787725392E0));
#4515=CARTESIAN_POINT('',(-9.800910290426E0,8.868175004545E0,
-6.151702499722E0));
#4516=CARTESIAN_POINT('',(-9.827199352926E0,7.735952572478E0,
-7.526155017907E0));
#4517=CARTESIAN_POINT('',(-9.853488415426E0,6.393141243472E0,
-8.695729791246E0));
#4518=CARTESIAN_POINT('',(-9.879777477926E0,4.876295157361E0,
-9.628588531406E0));
#4519=CARTESIAN_POINT('',(-9.906066540426E0,3.226706047035E0,
-1.029933685563E1));
#4520=CARTESIAN_POINT('',(-9.932355602926E0,1.489279191376E0,
-1.068971557545E1));
#4521=CARTESIAN_POINT('',(-9.958644665426E0,-2.886890001886E-1,
-1.078909775063E1));
#4522=CARTESIAN_POINT('',(-9.984933727926E0,-2.058798494822E0,
-1.059477797740E1));
#4523=CARTESIAN_POINT('',(-1.001122279043E1,-3.772863186503E0,
-1.011204603595E1));
#4524=CARTESIAN_POINT('',(-1.003751185293E1,-5.384222622884E0,
-9.354042892386E0));
#4525=CARTESIAN_POINT('',(-1.006380091543E1,-6.849012200843E0,
-8.341402974905E0));
#4526=CARTESIAN_POINT('',(-1.009008997793E1,-8.127357253366E0,
-7.101692462257E0));
#4527=CARTESIAN_POINT('',(-1.011637904043E1,-9.184458522207E0,
-5.668658875348E0));
#4528=CARTESIAN_POINT('',(-1.014266810293E1,-9.991539467477E0,
-4.081312399656E0));
#4529=CARTESIAN_POINT('',(-1.016895716543E1,-1.052662962640E1,
-2.382863946726E0));
#4530=CARTESIAN_POINT('',(-1.019524622793E1,-1.077516269652E1,
-6.195488629074E-1));
#4531=CARTESIAN_POINT('',(-1.022153529043E1,-1.073037306227E1,
1.160631693600E0));
#4532=CARTESIAN_POINT('',(-1.024782435293E1,-1.039347997056E1,
2.909217445059E0));
#4533=CARTESIAN_POINT('',(-1.027411341543E1,-9.773654341684E0,
4.578608184997E0));
#4534=CARTESIAN_POINT('',(-1.030040247793E1,-8.887769118928E0,
6.123359556341E0));
#4535=CARTESIAN_POINT('',(-1.032669154043E1,-7.759939952922E0,
7.501420143126E0));
#4536=CARTESIAN_POINT('',(-1.035298060292E1,-6.420868724099E0,
8.675276199495E0));
#4537=CARTESIAN_POINT('',(-1.037926966542E1,-4.907007773960E0,
9.612972854058E0));
#4538=CARTESIAN_POINT('',(-1.040555872792E1,-3.259567596445E0,
1.028898399025E1));
#4539=CARTESIAN_POINT('',(-1.043184779042E1,-1.523395002087E0,
1.068490712267E1));
#4540=CARTESIAN_POINT('',(-1.045813685292E1,2.542477063673E-1,
1.078996435329E1));
#4541=CARTESIAN_POINT('',(-1.048442591542E1,2.024969313499E0,1.060129577051E1));
#4542=CARTESIAN_POINT('',(-1.051071497792E1,3.740567002539E0,1.012403730392E1));
#4543=CARTESIAN_POINT('',(-1.053700404042E1,5.354338538494E0,9.371180915354E0));
#4544=CARTESIAN_POINT('',(-1.056329310292E1,6.822353602683E0,8.363220932070E0));
#4545=CARTESIAN_POINT('',(-1.058958216542E1,8.104649670255E0,7.127596149535E0));
#4546=CARTESIAN_POINT('',(-1.061587122792E1,9.166319876347E0,5.697942890810E0));
#4547=CARTESIAN_POINT('',(-1.064216029042E1,9.978463256815E0,4.113179355821E0));
#4548=CARTESIAN_POINT('',(-1.066844935292E1,1.051897149591E1,2.416446186363E0));
#4549=CARTESIAN_POINT('',(-1.069473841542E1,1.077313076390E1,
6.539320868467E-1));
#4550=CARTESIAN_POINT('',(-1.072102747792E1,1.073402226124E1,
-1.126383530164E0));
#4551=CARTESIAN_POINT('',(-1.074731654042E1,1.040271056550E1,
-2.876036645813E0));
#4552=CARTESIAN_POINT('',(-1.077360560292E1,9.788214653856E0,
-4.547397929352E0));
#4553=CARTESIAN_POINT('',(-1.079989466542E1,8.907262389724E0,
-6.094969311095E0));
#4554=CARTESIAN_POINT('',(-1.082618372792E1,7.783835156900E0,
-7.476622538423E0));
#4555=CARTESIAN_POINT('',(-1.085247279042E1,6.448515037138E0,
-8.654745998668E0));
#4556=CARTESIAN_POINT('',(-1.087876185292E1,4.937652302239E0,
-9.597268589878E0));
#4557=CARTESIAN_POINT('',(-1.090505091542E1,3.292375883238E0,
-1.027853276740E1));
#4558=CARTESIAN_POINT('',(-1.093133997792E1,1.557473753728E0,
-1.067999300005E1));
#4559=CARTESIAN_POINT('',(-1.095762904042E1,-2.198262943735E-1,
-1.079072062225E1));
#4560=CARTESIAN_POINT('',(-1.098391810292E1,-1.991142292764E0,
-1.060770133885E1));
#4561=CARTESIAN_POINT('',(-1.101020716542E1,-3.708255158507E0,
-1.013591728387E1));
#4562=CARTESIAN_POINT('',(-1.103649622792E1,-5.324421322364E0,
-9.388211399134E0));
#4563=CARTESIAN_POINT('',(-1.106278529042E1,-6.795645191046E0,
-8.384937824511E0));
#4564=CARTESIAN_POINT('',(-1.108907435292E1,-8.081876804511E0,
-7.153407817224E0));
#4565=CARTESIAN_POINT('',(-1.111536341542E1,-9.148102084200E0,
-5.727146281558E0));
#4566=CARTESIAN_POINT('',(-1.114165247792E1,-9.965295997844E0,
-4.144979154535E0));
#4567=CARTESIAN_POINT('',(-1.116794154042E1,-1.051121267624E1,
-2.449976465306E0));
#4568=CARTESIAN_POINT('',(-1.119423060292E1,-1.077099103776E1,
-6.882799354777E-1));
#4569=CARTESIAN_POINT('',(-1.122051966542E1,-1.073755919303E1,
1.092153319253E0));
#4570=CARTESIAN_POINT('',(-1.124680872792E1,-1.041182752048E1,
2.842855462917E0));
#4571=CARTESIAN_POINT('',(-1.127309779042E1,-9.802661798786E0,
4.516170414060E0));
#4572=CARTESIAN_POINT('',(-1.129062383209E1,-9.218653706350E0,
5.549749923889E0));
#4573=CARTESIAN_POINT('',(-1.129938685292E1,-8.886146731229E0,
6.039019082465E0));
#4574=CARTESIAN_POINT('',(-8.082193426462E0,1.314492834397E0,
-1.040528221199E1));
#4575=CARTESIAN_POINT('',(-8.090956447295E0,7.415804328290E-1,
-1.047765787959E1));
#4576=CARTESIAN_POINT('',(-8.108482488962E0,-4.162182635699E-1,
-1.052755954026E1));
#4577=CARTESIAN_POINT('',(-8.134771551462E0,-2.141592393329E0,
-1.031582935527E1));
#4578=CARTESIAN_POINT('',(-8.161060613962E0,-3.808665756137E0,
-9.823279261474E0));
#4579=CARTESIAN_POINT('',(-8.187349676462E0,-5.372059184742E0,
-9.063317899379E0));
#4580=CARTESIAN_POINT('',(-8.213638738962E0,-6.789213084483E0,
-8.056633069760E0));
#4581=CARTESIAN_POINT('',(-8.239927801462E0,-8.021549596563E0,
-6.830629017677E0));
#4582=CARTESIAN_POINT('',(-8.266216863963E0,-9.035521805616E0,
-5.418680304064E0));
#4583=CARTESIAN_POINT('',(-8.292505926463E0,-9.803527216201E0,
-3.859223307227E0));
#4584=CARTESIAN_POINT('',(-8.318794988963E0,-1.030465908111E1,
-2.194709889790E0));
#4585=CARTESIAN_POINT('',(-8.345084051463E0,-1.052527554425E1,
-4.704517671175E-1));
#4586=CARTESIAN_POINT('',(-8.371373113963E0,-1.045937099356E1,
1.266612977990E0));
#4587=CARTESIAN_POINT('',(-8.397662176463E0,-1.010873954502E1,
2.969197652382E0));
#4588=CARTESIAN_POINT('',(-8.423951238963E0,-9.482926199316E0,
4.590954199105E0));
#4589=CARTESIAN_POINT('',(-8.450240301463E0,-8.598967003299E0,
6.087734891522E0));
#4590=CARTESIAN_POINT('',(-8.476529363964E0,-7.480925288919E0,
7.418794129070E0));
#4591=CARTESIAN_POINT('',(-8.502818426464E0,-6.159236614660E0,
8.547897619210E0));
#4592=CARTESIAN_POINT('',(-8.529107488964E0,-4.669880241566E0,
9.444308751339E0));
#4593=CARTESIAN_POINT('',(-8.555396551464E0,-3.053399698177E0,
1.008362531152E1));
#4594=CARTESIAN_POINT('',(-8.581685613964E0,-1.353799096788E0,
1.044844376094E1));
#4595=CARTESIAN_POINT('',(-8.607974676464E0,3.826547542901E-1,
1.052883299519E1));
#4596=CARTESIAN_POINT('',(-8.634263738964E0,2.108691833356E0,1.032260468761E1));
#4597=CARTESIAN_POINT('',(-8.660552801464E0,3.777325696988E0,9.835372857603E0));
#4598=CARTESIAN_POINT('',(-8.686841863964E0,5.343132551567E0,9.080401042450E0));
#4599=CARTESIAN_POINT('',(-8.713130926464E0,6.763487785585E0,8.078241232922E0));
#4600=CARTESIAN_POINT('',(-8.739419988964E0,7.999726301764E0,6.856174401896E0));
#4601=CARTESIAN_POINT('',(-8.765709051464E0,9.018195062295E0,5.447467855959E0));
#4602=CARTESIAN_POINT('',(-8.791998113965E0,9.791169194766E0,3.890469626588E0));
#4603=CARTESIAN_POINT('',(-8.818287176465E0,1.029760672049E1,2.227564553566E0));
#4604=CARTESIAN_POINT('',(-8.844576238965E0,1.052372136004E1,
5.040204783019E-1));
#4605=CARTESIAN_POINT('',(-8.870865301465E0,1.046335782302E1,
-1.233244043832E0));
#4606=CARTESIAN_POINT('',(-8.897154363965E0,1.011815936609E1,
-2.936936966664E0));
#4607=CARTESIAN_POINT('',(-8.923443426465E0,9.497523057999E0,
-4.560680143148E0));
#4608=CARTESIAN_POINT('',(-8.949732488965E0,8.618343969417E0,
-6.060271836599E0));
#4609=CARTESIAN_POINT('',(-8.976021551465E0,7.504555251518E0,
-7.394889985038E0));
#4610=CARTESIAN_POINT('',(-9.002310613965E0,6.186476623242E0,
-8.528203463283E0));
#4611=CARTESIAN_POINT('',(-9.028599676465E0,4.699989002959E0,
-9.429361091945E0));
#4612=CARTESIAN_POINT('',(-9.054888738965E0,3.085557752811E0,
-1.007383147047E1));
#4613=CARTESIAN_POINT('',(-9.081177801465E0,1.387131125140E0,
-1.044407077227E1));
#4614=CARTESIAN_POINT('',(-9.107466863965E0,-3.490561023843E-1,
-1.053000032322E1));
#4615=CARTESIAN_POINT('',(-9.133755926465E0,-2.075741235334E0,
-1.032928096292E1));
#4616=CARTESIAN_POINT('',(-9.160044988965E0,-3.745920252824E0,
-9.847376720014E0));
#4617=CARTESIAN_POINT('',(-9.186334051465E0,-5.314127355860E0,
-9.097406068415E0));
#4618=CARTESIAN_POINT('',(-9.212623113965E0,-6.737672641766E0,
-8.099784813444E0));
#4619=CARTESIAN_POINT('',(-9.238912176465E0,-7.977804212606E0,
-6.881670329431E0));
#4620=CARTESIAN_POINT('',(-9.265201238965E0,-9.000763082637E0,
-5.476222277819E0));
#4621=CARTESIAN_POINT('',(-9.291490301465E0,-9.778702168016E0,
-3.921699930588E0));
#4622=CARTESIAN_POINT('',(-9.317779363965E0,-1.029044434199E1,
-2.260420671804E0));
#4623=CARTESIAN_POINT('',(-9.344068426465E0,-1.052205891978E1,
-5.376080290665E-1));
#4624=CARTESIAN_POINT('',(-9.370357488965E0,-1.046724088006E1,
1.199839406144E0));
#4625=CARTESIAN_POINT('',(-9.396646551465E0,-1.012748249989E1,
2.904624656644E0));
#4626=CARTESIAN_POINT('',(-9.422935613965E0,-9.512032730900E0,
4.530339882424E0));
#4627=CARTESIAN_POINT('',(-9.449224676465E0,-8.637645422555E0,
6.032729699152E0));
#4628=CARTESIAN_POINT('',(-9.475513738965E0,-7.528123246555E0,
7.370895902181E0));
#4629=CARTESIAN_POINT('',(-9.501802801465E0,-6.213669737596E0,
8.508410800969E0));
#4630=CARTESIAN_POINT('',(-9.528091863965E0,-4.730067089389E0,
9.414308856642E0));
#4631=CARTESIAN_POINT('',(-9.554380926465E0,-3.117702088041E0,
1.006392962831E1));
#4632=CARTESIAN_POINT('',(-9.580669988965E0,-1.420466698934E0,
1.043958908139E1));
#4633=CARTESIAN_POINT('',(-9.606959051465E0,3.154367645847E-1,
1.053106098353E1));
#4634=CARTESIAN_POINT('',(-9.633248113965E0,2.042753364905E0,1.033585528364E1));
#4635=CARTESIAN_POINT('',(-9.659537176465E0,3.714461918387E0,9.859285895885E0));
#4636=CARTESIAN_POINT('',(-9.685826238965E0,5.285055010257E0,9.114326043486E0));
#4637=CARTESIAN_POINT('',(-9.712115301465E0,6.711777801489E0,8.121255100234E0));
#4638=CARTESIAN_POINT('',(-9.738404363965E0,7.955791904806E0,6.907106543345E0));
#4639=CARTESIAN_POINT('',(-9.764693426465E0,8.983232646663E0,5.504932045585E0));
#4640=CARTESIAN_POINT('',(-9.790982488965E0,9.766130934379E0,3.952901739600E0));
#4641=CARTESIAN_POINT('',(-9.817271551465E0,1.028317463326E1,2.293265147112E0));
#4642=CARTESIAN_POINT('',(-9.843560613965E0,1.052028872747E1,
5.712010586610E-1));
#4643=CARTESIAN_POINT('',(-9.869849676465E0,1.047101847146E1,
-1.166412327472E0));
#4644=CARTESIAN_POINT('',(-9.896138738965E0,1.013670510179E1,
-2.872273527777E0));
#4645=CARTESIAN_POINT('',(-9.922427801465E0,9.526449326043E0,
-4.499945418772E0));
#4646=CARTESIAN_POINT('',(-9.948716863965E0,8.656863582844E0,
-6.005119352632E0));
#4647=CARTESIAN_POINT('',(-9.975005926465E0,7.551619816814E0,
-7.346821331328E0));
#4648=CARTESIAN_POINT('',(-1.000129498896E1,6.240805079088E0,
-8.488527404736E0));
#4649=CARTESIAN_POINT('',(-1.002758405146E1,4.760102495196E0,
-9.399157929224E0));
#4650=CARTESIAN_POINT('',(-1.005387311396E1,3.149819896068E0,
-1.005392362095E1));
#4651=CARTESIAN_POINT('',(-1.008016217646E1,1.453792554828E0,
-1.043500037253E1));
#4652=CARTESIAN_POINT('',(-1.010645123896E1,-2.818101008611E-1,
-1.053201446310E1));
#4653=CARTESIAN_POINT('',(-1.013274030146E1,-2.009741317135E0,
-1.034232495343E1));
#4654=CARTESIAN_POINT('',(-1.015902936396E1,-3.682963169484E0,
-9.871095578493E0));
#4655=CARTESIAN_POINT('',(-1.018531842646E1,-5.255927033698E0,
-9.131154180647E0));
#4656=CARTESIAN_POINT('',(-1.021160748896E1,-6.685813515129E0,
-8.142643509660E0));
#4657=CARTESIAN_POINT('',(-1.023789655146E1,-7.933698082791E0,
-6.932472895671E0));
#4658=CARTESIAN_POINT('',(-1.026418561396E1,-8.965610677312E0,
-5.533585721575E0));
#4659=CARTESIAN_POINT('',(-1.029047467646E1,-9.753460447974E0,
-3.984062635739E0));
#4660=CARTESIAN_POINT('',(-1.031676373896E1,-1.027580044554E1,
-2.326084917441E0));
#4661=CARTESIAN_POINT('',(-1.034305280146E1,-1.051841145432E1,
-6.047862143409E-1));
#4662=CARTESIAN_POINT('',(-1.036934186396E1,-1.047468907024E1,
1.132976089923E0));
#4663=CARTESIAN_POINT('',(-1.039563092646E1,-1.014582348793E1,
2.839896432105E0));
#4664=CARTESIAN_POINT('',(-1.042191998896E1,-9.540767102416E0,
4.469508826391E0));
#4665=CARTESIAN_POINT('',(-1.044820905146E1,-8.675990807460E0,
5.977451766656E0));
#4666=CARTESIAN_POINT('',(-1.047449811396E1,-7.575035624476E0,
7.322675840672E0));
#4667=CARTESIAN_POINT('',(-1.050078717646E1,-6.267871867594E0,
8.468561182432E0));
#4668=CARTESIAN_POINT('',(-1.052707623896E1,-4.790083289670E0,
9.383914343200E0));
#4669=CARTESIAN_POINT('',(-1.055336530146E1,-3.181898418450E0,
1.004381744429E1));
#4670=CARTESIAN_POINT('',(-1.057965436396E1,-1.487095451895E0,
1.043030649586E1));
#4671=CARTESIAN_POINT('',(-1.060594342646E1,2.481894763162E-1,
1.053286041630E1));
#4672=CARTESIAN_POINT('',(-1.063223248896E1,1.976718219635E0,1.034868744016E1));
#4673=CARTESIAN_POINT('',(-1.065852155146E1,3.651436540986E0,9.882801117793E0));
#4674=CARTESIAN_POINT('',(-1.068481061396E1,5.226755029117E0,9.147883837745E0));
#4675=CARTESIAN_POINT('',(-1.071109967646E1,6.659790139693E0,8.163941587194E0));
#4676=CARTESIAN_POINT('',(-1.073738873896E1,7.911531577373E0,6.957759348289E0));
#4677=CARTESIAN_POINT('',(-1.076367780146E1,8.947904240227E0,5.562171955708E0));
#4678=CARTESIAN_POINT('',(-1.078996686396E1,9.740695818068E0,4.015170264105E0));
#4679=CARTESIAN_POINT('',(-1.081625592646E1,1.026832479346E1,2.358866957398E0));
#4680=CARTESIAN_POINT('',(-1.084254498896E1,1.051642793872E1,
6.383501526963E-1));
#4681=CARTESIAN_POINT('',(-1.086883405146E1,1.047825131587E1,
-1.099543993841E0));
#4682=CARTESIAN_POINT('',(-1.089512311396E1,1.015483413568E1,
-2.807506266993E0));
#4683=CARTESIAN_POINT('',(-1.092141217646E1,9.554980470570E0,
-4.439042250646E0));
#4684=CARTESIAN_POINT('',(-1.094770123896E1,8.695019591395E0,
-5.949738005928E0));
#4685=CARTESIAN_POINT('',(-1.097399030146E1,7.598361452057E0,
-7.298469114824E0));
#4686=CARTESIAN_POINT('',(-1.100027936396E1,6.294859422577E0,
-8.448520176500E0));
#4687=CARTESIAN_POINT('',(-1.102656842646E1,4.819997618236E0,
-9.368584281196E0));
#4688=CARTESIAN_POINT('',(-1.105285748896E1,3.213924947359E0,
-1.003361525382E1));
#4689=CARTESIAN_POINT('',(-1.107914655146E1,1.520362172936E0,
-1.042550946726E1));
#4690=CARTESIAN_POINT('',(-1.110543561396E1,-2.145882598539E-1,
-1.053359866483E1));
#4691=CARTESIAN_POINT('',(-1.113172467646E1,-1.943697231240E0,
-1.035494037622E1));
#4692=CARTESIAN_POINT('',(-1.115801373896E1,-3.619894625570E0,
-9.894398020841E0));
#4693=CARTESIAN_POINT('',(-1.118430280146E1,-5.197550682261E0,
-9.164508518105E0));
#4694=CARTESIAN_POINT('',(-1.121059186396E1,-6.633718137738E0,
-8.185141008180E0));
#4695=CARTESIAN_POINT('',(-1.123688092646E1,-7.889301344881E0,
-6.982955973965E0));
#4696=CARTESIAN_POINT('',(-1.126316998896E1,-8.930120542756E0,
-5.590679486257E0));
#4697=CARTESIAN_POINT('',(-1.128945905146E1,-9.727842309356E0,
-4.046212335250E0));
#4698=CARTESIAN_POINT('',(-1.131574811396E1,-1.026075085142E1,
-2.391598274783E0));
#4699=CARTESIAN_POINT('',(-1.134203717646E1,-1.051433919811E1,
-6.718795586678E-1));
#4700=CARTESIAN_POINT('',(-1.136832623896E1,-1.048170396943E1,
1.066129422510E0));
#4701=CARTESIAN_POINT('',(-1.139461530146E1,-1.016373385130E1,
2.775115727374E0));
#4702=CARTESIAN_POINT('',(-1.142090436396E1,-9.569083368039E0,
4.408558826517E0));
#4703=CARTESIAN_POINT('',(-1.143843040563E1,-8.998991056497E0,
5.417510139953E0));
#4704=CARTESIAN_POINT('',(-1.144719342646E1,-8.674407078115E0,
5.895120962802E0));
#4705=CARTESIAN_POINT('',(-8.23E0,1.282406461891E0,-1.015129242038E1));
#4706=CARTESIAN_POINT('',(-8.238763020833E0,7.234786787622E-1,
-1.022190141982E1));
#4707=CARTESIAN_POINT('',(-8.256289062500E0,-4.060585016456E-1,
-1.027058499605E1));
#4708=CARTESIAN_POINT('',(-8.282578125E0,-2.089316770755E0,-1.006402308083E1));
#4709=CARTESIAN_POINT('',(-8.308867187500E0,-3.715697376999E0,
-9.583495985852E0));
#4710=CARTESIAN_POINT('',(-8.335156250001E0,-5.240928844876E0,
-8.842085050747E0));
#4711=CARTESIAN_POINT('',(-8.361445312501E0,-6.623490446557E0,
-7.859973093338E0));
#4712=CARTESIAN_POINT('',(-8.387734375001E0,-7.825745997110E0,
-6.663895429349E0));
#4713=CARTESIAN_POINT('',(-8.414023437501E0,-8.814967451226E0,
-5.286411956777E0));
#4714=CARTESIAN_POINT('',(-8.440312500001E0,-9.564226082029E0,
-3.765020833559E0));
#4715=CARTESIAN_POINT('',(-8.466601562501E0,-1.005312546969E1,
-2.141137685193E0));
#4716=CARTESIAN_POINT('',(-8.492890625001E0,-1.026835675169E1,
-4.589681817750E-1));
#4717=CARTESIAN_POINT('',(-8.519179687502E0,-1.020406091115E1,
1.235695338297E0));
#4718=CARTESIAN_POINT('',(-8.545468750002E0,-9.861988270213E0,
2.896720435751E0));
#4719=CARTESIAN_POINT('',(-8.571757812502E0,-9.251450838998E0,
4.478890395685E0));
#4720=CARTESIAN_POINT('',(-8.598046875002E0,-8.389068819594E0,
5.939135124117E0));
#4721=CARTESIAN_POINT('',(-8.624335937502E0,-7.298318165298E0,
7.237703608269E0));
#4722=CARTESIAN_POINT('',(-8.650625000002E0,-6.008891511820E0,
8.339246023723E0));
#4723=CARTESIAN_POINT('',(-8.676914062502E0,-4.555889877322E0,
9.213776031245E0));
#4724=CARTESIAN_POINT('',(-8.703203125002E0,-2.978867135076E0,
9.837487067557E0));
#4725=CARTESIAN_POINT('',(-8.729492187502E0,-1.320753270306E0,
1.019340040897E1));
#4726=CARTESIAN_POINT('',(-8.755781250003E0,3.733142674757E-1,
1.027182736633E1));
#4727=CARTESIAN_POINT('',(-8.782070312503E0,2.057219303499E0,1.007063302936E1));
#4728=CARTESIAN_POINT('',(-8.808359375003E0,3.685122319215E0,9.595294380958E0));
#4729=CARTESIAN_POINT('',(-8.834648437503E0,5.212708302067E0,8.858751199463E0));
#4730=CARTESIAN_POINT('',(-8.860937500003E0,6.598393094424E0,7.881053807772E0));
#4731=CARTESIAN_POINT('',(-8.887226562503E0,7.804455402336E0,6.688817258465E0));
#4732=CARTESIAN_POINT('',(-8.913515625003E0,8.798063648468E0,5.314496813237E0));
#4733=CARTESIAN_POINT('',(-8.939804687503E0,9.552169716160E0,3.795504439715E0));
#4734=CARTESIAN_POINT('',(-8.966093750003E0,1.004624525506E1,2.173190376563E0));
#4735=CARTESIAN_POINT('',(-8.992382812503E0,1.026684050465E1,
4.917174908727E-1));
#4736=CARTESIAN_POINT('',(-9.018671875003E0,1.020795042331E1,
-1.203140929730E0));
#4737=CARTESIAN_POINT('',(-9.044960937503E0,9.871178156308E0,
-2.865247223614E0));
#4738=CARTESIAN_POINT('',(-9.071250000003E0,9.265691392775E0,
-4.449355320277E0));
#4739=CARTESIAN_POINT('',(-9.097539062503E0,8.407972799829E0,
-5.912342434058E0));
#4740=CARTESIAN_POINT('',(-9.123828125003E0,7.321371327658E0,
-7.214382957163E0));
#4741=CARTESIAN_POINT('',(-9.150117187503E0,6.035466600032E0,
-8.320032596186E0));
#4742=CARTESIAN_POINT('',(-9.176406250003E0,4.585263692956E0,
-9.199193239696E0));
#4743=CARTESIAN_POINT('',(-9.202695312503E0,3.010240221323E0,
-9.827932291207E0));
#4744=CARTESIAN_POINT('',(-9.228984375004E0,1.353271673927E0,
-1.018913416363E1));
#4745=CARTESIAN_POINT('',(-9.255273437504E0,-3.405357485006E-1,
-1.027296620024E1));
#4746=CARTESIAN_POINT('',(-9.281562500004E0,-2.025073019608E0,
-1.007714633881E1));
#4747=CARTESIAN_POINT('',(-9.307851562504E0,-3.654483472444E0,
-9.607005232717E0));
#4748=CARTESIAN_POINT('',(-9.334140625004E0,-5.184411114416E0,
-8.875341137888E0));
#4749=CARTESIAN_POINT('',(-9.360429687504E0,-6.573208090457E0,
-7.902071516010E0));
#4750=CARTESIAN_POINT('',(-9.386718750004E0,-7.783068424744E0,
-6.713690838121E0));
#4751=CARTESIAN_POINT('',(-9.413007812504E0,-8.781057178162E0,
-5.342549348357E0));
#4752=CARTESIAN_POINT('',(-9.439296875004E0,-9.540007005762E0,
-3.825972421440E0));
#4753=CARTESIAN_POINT('',(-9.465585937504E0,-1.003925770805E1,
-2.205244486892E0));
#4754=CARTESIAN_POINT('',(-9.491875000004E0,-1.026521864405E1,
-5.244851796821E-1));
#4755=CARTESIAN_POINT('',(-9.518164062504E0,-1.021173869610E1,
1.170551689143E0));
#4756=CARTESIAN_POINT('',(-9.544453125004E0,-9.880273715232E0,
2.833723647309E0));
#4757=CARTESIAN_POINT('',(-9.570742187504E0,-9.279846888950E0,
4.419755656141E0));
#4758=CARTESIAN_POINT('',(-9.597031250004E0,-8.426803110334E0,
5.885472591855E0));
#4759=CARTESIAN_POINT('',(-9.623320312504E0,-7.344364035064E0,
7.190974562611E0));
#4760=CARTESIAN_POINT('',(-9.649609375004E0,-6.061995938689E0,
8.300723066772E0));
#4761=CARTESIAN_POINT('',(-9.675898437504E0,-4.614607582393E0,
9.184508424905E0));
#4762=CARTESIAN_POINT('',(-9.702187500004E0,-3.041599923052E0,
9.818272150022E0));
#4763=CARTESIAN_POINT('',(-9.728476562504E0,-1.385793536448E0,
1.018476186947E1));
#4764=CARTESIAN_POINT('',(-9.754765625004E0,3.077370485681E-1,
1.027400097015E1));
#4765=CARTESIAN_POINT('',(-9.781054687503E0,1.992890373119E0,1.008356018235E1));
#4766=CARTESIAN_POINT('',(-9.807343750003E0,3.623793026436E0,9.618623709208E0));
#4767=CARTESIAN_POINT('',(-9.833632812503E0,5.156048415975E0,8.891848101485E0));
#4768=CARTESIAN_POINT('',(-9.859921875003E0,6.547945335400E0,7.923017719593E0));
#4769=CARTESIAN_POINT('',(-9.886210937503E0,7.761593430719E0,6.738506161747E0));
#4770=CARTESIAN_POINT('',(-9.912500000003E0,8.763954654828E0,5.370558319375E0));
#4771=CARTESIAN_POINT('',(-9.938789062503E0,9.527742632137E0,3.856412603732E0));
#4772=CARTESIAN_POINT('',(-9.965078125003E0,1.003216545071E1,2.237287238493E0));
#4773=CARTESIAN_POINT('',(-9.991367187503E0,1.026349166160E1,
5.572582135849E-1));
#4774=CARTESIAN_POINT('',(-1.001765625E1,1.021542407764E1,-1.137940555351E0));
#4775=CARTESIAN_POINT('',(-1.004394531250E1,9.889271196201E0,
-2.802162199712E0));
#4776=CARTESIAN_POINT('',(-1.007023437500E1,9.293911579366E0,
-4.390103112154E0));
#4777=CARTESIAN_POINT('',(-1.009652343750E1,8.445552161143E0,
-5.858536205543E0));
#4778=CARTESIAN_POINT('',(-1.01228125E1,7.367287061150E0,-7.167487644751E0));
#4779=CARTESIAN_POINT('',(-1.014910156250E1,6.088468914702E0,
-8.281325018228E0));
#4780=CARTESIAN_POINT('',(-1.017539062500E1,4.643909833030E0,
-9.169727327042E0));
#4781=CARTESIAN_POINT('',(-1.020167968750E1,3.072933745101E0,
-9.808510386275E0));
#4782=CARTESIAN_POINT('',(-1.022796875E1,1.418305918280E0,-1.018028516961E1));
#4783=CARTESIAN_POINT('',(-1.025425781250E1,-2.749312015353E-1,
-1.027493117557E1));
#4784=CARTESIAN_POINT('',(-1.028054687500E1,-1.960684139451E0,
-1.008987192946E1));
#4785=CARTESIAN_POINT('',(-1.030683593750E1,-3.593063152466E0,
-9.630145121035E0));
#4786=CARTESIAN_POINT('',(-1.0333125E1,-5.127631444514E0,-8.908265468908E0));
#4787=CARTESIAN_POINT('',(-1.035941406250E1,-6.522614829417E0,
-7.943884044415E0));
#4788=CARTESIAN_POINT('',(-1.038570312500E1,-7.740038912217E0,
-6.763253329085E0));
#4789=CARTESIAN_POINT('',(-1.041199218750E1,-8.746762832419E0,
-5.398512567801E0));
#4790=CARTESIAN_POINT('',(-1.043828125E1,-9.515381428472E0,-3.886812871821E0));
#4791=CARTESIAN_POINT('',(-1.046457031250E1,-1.002497126469E1,
-2.269305888154E0));
#4792=CARTESIAN_POINT('',(-1.049085937500E1,-1.026166021212E1,
-5.900235657727E-1));
#4793=CARTESIAN_POINT('',(-1.051714843750E1,-1.021900507821E1,
1.105320486248E0));
#4794=CARTESIAN_POINT('',(-1.05434375E1,-9.898167005296E0,2.770575419153E0));
#4795=CARTESIAN_POINT('',(-1.056972656250E1,-9.307879863148E0,
4.360409467787E0));
#4796=CARTESIAN_POINT('',(-1.059601562500E1,-8.464212495991E0,
5.831543976973E0));
#4797=CARTESIAN_POINT('',(-1.062230468750E1,-7.390131296029E0,
7.143931538218E0));
#4798=CARTESIAN_POINT('',(-1.064859375E1,-6.114875011087E0,8.261846165371E0));
#4799=CARTESIAN_POINT('',(-1.067488281250E1,-4.673158805379E0,
9.154855832342E0));
#4800=CARTESIAN_POINT('',(-1.070117187500E1,-3.104229240453E0,
9.798650898331E0));
#4801=CARTESIAN_POINT('',(-1.072746093750E1,-1.450795901702E0,
1.017570586904E1));
#4802=CARTESIAN_POINT('',(-1.075375E1,2.421312462666E-1,1.027575647931E1));
#4803=CARTESIAN_POINT('',(-1.078003906250E1,1.928467125772E0,1.009607910982E1));
#4804=CARTESIAN_POINT('',(-1.080632812500E1,3.562306079435E0,9.641564931661E0));
#4805=CARTESIAN_POINT('',(-1.083261718750E1,5.099171519741E0,8.924586760136E0));
#4806=CARTESIAN_POINT('',(-1.085890625E1,6.497226676704E0,7.964662242318E0));
#4807=CARTESIAN_POINT('',(-1.088519531250E1,7.718413484492E0,6.787922547042E0));
#4808=CARTESIAN_POINT('',(-1.091148437500E1,8.729488604107E0,5.426401020604E0));
#4809=CARTESIAN_POINT('',(-1.093777343750E1,9.502928379321E0,3.917161172387E0));
#4810=CARTESIAN_POINT('',(-1.09640625E1,1.001767809101E1,2.301287728431E0));
#4811=CARTESIAN_POINT('',(-1.099035156250E1,1.025972511354E1,
6.227682185446E-1));
#4812=CARTESIAN_POINT('',(-1.101664062500E1,1.022248037050E1,
-1.072704457520E0));
#4813=CARTESIAN_POINT('',(-1.104292968750E1,9.906957705859E0,
-2.738975888174E0));
#4814=CARTESIAN_POINT('',(-1.106921875E1,9.321746287285E0,-4.330686571941E0));
#4815=CARTESIAN_POINT('',(-1.109550781250E1,8.482776793066E0,
-5.804506700762E0));
#4816=CARTESIAN_POINT('',(-1.112179687500E1,7.412887747214E0,
-7.120315691228E0));
#4817=CARTESIAN_POINT('',(-1.114808593750E1,6.141203808016E0,
-8.242294354332E0));
#4818=CARTESIAN_POINT('',(-1.1174375E1,4.702342934232E0,-9.139899972516E0));
#4819=CARTESIAN_POINT('',(-1.120066406250E1,3.135474011478E0,
-9.788697740247E0));
#4820=CARTESIAN_POINT('',(-1.122695312500E1,1.483250592144E0,
-1.017102593446E1));
#4821=CARTESIAN_POINT('',(-1.125324218750E1,-2.093502253351E-1,
-1.027647670742E1));
#4822=CARTESIAN_POINT('',(-1.127953125E1,-1.896252169716E0,-1.010217941359E1));
#4823=CARTESIAN_POINT('',(-1.130582031250E1,-3.531534092633E0,
-9.652878757813E0));
#4824=CARTESIAN_POINT('',(-1.133210937500E1,-5.070680042159E0,
-8.940805637077E0));
#4825=CARTESIAN_POINT('',(-1.135839843750E1,-6.471791084431E0,
-7.985344191849E0));
#4826=CARTESIAN_POINT('',(-1.13846875E1,-7.696725885252E0,-6.812504130707E0));
#4827=CARTESIAN_POINT('',(-1.141097656250E1,-8.712139001313E0,
-5.454212690955E0));
#4828=CARTESIAN_POINT('',(-1.143726562500E1,-9.490388620869E0,
-3.947445515964E0));
#4829=CARTESIAN_POINT('',(-1.146355468750E1,-1.001028902661E1,
-2.333220084258E0));
#4830=CARTESIAN_POINT('',(-1.148984375E1,-1.025768735845E1,-6.554791818575E-1));
#4831=CARTESIAN_POINT('',(-1.151613281250E1,-1.022584874583E1,
1.040105525769E0));
#4832=CARTESIAN_POINT('',(-1.154242187500E1,-9.915640182109E0,
2.707375991831E0));
#4833=CARTESIAN_POINT('',(-1.156871093750E1,-9.335504937291E0,
4.300947238975E0));
#4834=CARTESIAN_POINT('',(-1.158623697917E1,-8.779328406644E0,
5.285270356018E0));
#4835=CARTESIAN_POINT('',(-1.1595E1,-8.462667425E0,5.751222843139E0));
#4836=B_SPLINE_SURFACE_WITH_KNOTS('',3,3,((#4312,#4313,#4314,#4315,#4316,#4317,
#4318,#4319,#4320,#4321,#4322,#4323,#4324,#4325,#4326,#4327,#4328,#4329,#4330,
#4331,#4332,#4333,#4334,#4335,#4336,#4337,#4338,#4339,#4340,#4341,#4342,#4343,
#4344,#4345,#4346,#4347,#4348,#4349,#4350,#4351,#4352,#4353,#4354,#4355,#4356,
#4357,#4358,#4359,#4360,#4361,#4362,#4363,#4364,#4365,#4366,#4367,#4368,#4369,
#4370,#4371,#4372,#4373,#4374,#4375,#4376,#4377,#4378,#4379,#4380,#4381,#4382,
#4383,#4384,#4385,#4386,#4387,#4388,#4389,#4390,#4391,#4392,#4393,#4394,#4395,
#4396,#4397,#4398,#4399,#4400,#4401,#4402,#4403,#4404,#4405,#4406,#4407,#4408,
#4409,#4410,#4411,#4412,#4413,#4414,#4415,#4416,#4417,#4418,#4419,#4420,#4421,
#4422,#4423,#4424,#4425,#4426,#4427,#4428,#4429,#4430,#4431,#4432,#4433,#4434,
#4435,#4436,#4437,#4438,#4439,#4440,#4441,#4442),(#4443,#4444,#4445,#4446,#4447,
#4448,#4449,#4450,#4451,#4452,#4453,#4454,#4455,#4456,#4457,#4458,#4459,#4460,
#4461,#4462,#4463,#4464,#4465,#4466,#4467,#4468,#4469,#4470,#4471,#4472,#4473,
#4474,#4475,#4476,#4477,#4478,#4479,#4480,#4481,#4482,#4483,#4484,#4485,#4486,
#4487,#4488,#4489,#4490,#4491,#4492,#4493,#4494,#4495,#4496,#4497,#4498,#4499,
#4500,#4501,#4502,#4503,#4504,#4505,#4506,#4507,#4508,#4509,#4510,#4511,#4512,
#4513,#4514,#4515,#4516,#4517,#4518,#4519,#4520,#4521,#4522,#4523,#4524,#4525,
#4526,#4527,#4528,#4529,#4530,#4531,#4532,#4533,#4534,#4535,#4536,#4537,#4538,
#4539,#4540,#4541,#4542,#4543,#4544,#4545,#4546,#4547,#4548,#4549,#4550,#4551,
#4552,#4553,#4554,#4555,#4556,#4557,#4558,#4559,#4560,#4561,#4562,#4563,#4564,
#4565,#4566,#4567,#4568,#4569,#4570,#4571,#4572,#4573),(#4574,#4575,#4576,#4577,
#4578,#4579,#4580,#4581,#4582,#4583,#4584,#4585,#4586,#4587,#4588,#4589,#4590,
#4591,#4592,#4593,#4594,#4595,#4596,#4597,#4598,#4599,#4600,#4601,#4602,#4603,
#4604,#4605,#4606,#4607,#4608,#4609,#4610,#4611,#4612,#4613,#4614,#4615,#4616,
#4617,#4618,#4619,#4620,#4621,#4622,#4623,#4624,#4625,#4626,#4627,#4628,#4629,
#4630,#4631,#4632,#4633,#4634,#4635,#4636,#4637,#4638,#4639,#4640,#4641,#4642,
#4643,#4644,#4645,#4646,#4647,#4648,#4649,#4650,#4651,#4652,#4653,#4654,#4655,
#4656,#4657,#4658,#4659,#4660,#4661,#4662,#4663,#4664,#4665,#4666,#4667,#4668,
#4669,#4670,#4671,#4672,#4673,#4674,#4675,#4676,#4677,#4678,#4679,#4680,#4681,
#4682,#4683,#4684,#4685,#4686,#4687,#4688,#4689,#4690,#4691,#4692,#4693,#4694,
#4695,#4696,#4697,#4698,#4699,#4700,#4701,#4702,#4703,#4704),(#4705,#4706,#4707,
#4708,#4709,#4710,#4711,#4712,#4713,#4714,#4715,#4716,#4717,#4718,#4719,#4720,
#4721,#4722,#4723,#4724,#4725,#4726,#4727,#4728,#4729,#4730,#4731,#4732,#4733,
#4734,#4735,#4736,#4737,#4738,#4739,#4740,#4741,#4742,#4743,#4744,#4745,#4746,
#4747,#4748,#4749,#4750,#4751,#4752,#4753,#4754,#4755,#4756,#4757,#4758,#4759,
#4760,#4761,#4762,#4763,#4764,#4765,#4766,#4767,#4768,#4769,#4770,#4771,#4772,
#4773,#4774,#4775,#4776,#4777,#4778,#4779,#4780,#4781,#4782,#4783,#4784,#4785,
#4786,#4787,#4788,#4789,#4790,#4791,#4792,#4793,#4794,#4795,#4796,#4797,#4798,
#4799,#4800,#4801,#4802,#4803,#4804,#4805,#4806,#4807,#4808,#4809,#4810,#4811,
#4812,#4813,#4814,#4815,#4816,#4817,#4818,#4819,#4820,#4821,#4822,#4823,#4824,
#4825,#4826,#4827,#4828,#4829,#4830,#4831,#4832,#4833,#4834,#4835)),
.UNSPECIFIED.,.F.,.F.,.F.,(4,4),(4,1,1,1,1,1,1,1,1,1,1,1,1,1,1,1,1,1,1,1,1,1,1,
1,1,1,1,1,1,1,1,1,1,1,1,1,1,1,1,1,1,1,1,1,1,1,1,1,1,1,1,1,1,1,1,1,1,1,1,1,1,1,1,
1,1,1,1,1,1,1,1,1,1,1,1,1,1,1,1,1,1,1,1,1,1,1,1,1,1,1,1,1,1,1,1,1,1,1,1,1,1,1,1,
1,1,1,1,1,1,1,1,1,1,1,1,1,1,1,1,1,1,1,1,1,1,1,1,1,4),(1.131605587691E-1,1.E0),(
0.E0,7.8125E-3,1.5625E-2,2.34375E-2,3.125E-2,3.90625E-2,4.6875E-2,5.46875E-2,
6.25E-2,7.03125E-2,7.8125E-2,8.59375E-2,9.375E-2,1.015625E-1,1.09375E-1,
1.171875E-1,1.25E-1,1.328125E-1,1.40625E-1,1.484375E-1,1.5625E-1,1.640625E-1,
1.71875E-1,1.796875E-1,1.875E-1,1.953125E-1,2.03125E-1,2.109375E-1,2.1875E-1,
2.265625E-1,2.34375E-1,2.421875E-1,2.5E-1,2.578125E-1,2.65625E-1,2.734375E-1,
2.8125E-1,2.890625E-1,2.96875E-1,3.046875E-1,3.125E-1,3.203125E-1,3.28125E-1,
3.359375E-1,3.4375E-1,3.515625E-1,3.59375E-1,3.671875E-1,3.75E-1,3.828125E-1,
3.90625E-1,3.984375E-1,4.0625E-1,4.140625E-1,4.21875E-1,4.296875E-1,4.375E-1,
4.453125E-1,4.53125E-1,4.609375E-1,4.6875E-1,4.765625E-1,4.84375E-1,4.921875E-1,
5.E-1,5.078125E-1,5.15625E-1,5.234375E-1,5.3125E-1,5.390625E-1,5.46875E-1,
5.546875E-1,5.625E-1,5.703125E-1,5.78125E-1,5.859375E-1,5.9375E-1,6.015625E-1,
6.09375E-1,6.171875E-1,6.25E-1,6.328125E-1,6.40625E-1,6.484375E-1,6.5625E-1,
6.640625E-1,6.71875E-1,6.796875E-1,6.875E-1,6.953125E-1,7.03125E-1,7.109375E-1,
7.1875E-1,7.265625E-1,7.34375E-1,7.421875E-1,7.5E-1,7.578125E-1,7.65625E-1,
7.734375E-1,7.8125E-1,7.890625E-1,7.96875E-1,8.046875E-1,8.125E-1,8.203125E-1,
8.28125E-1,8.359375E-1,8.4375E-1,8.515625E-1,8.59375E-1,8.671875E-1,8.75E-1,
8.828125E-1,8.90625E-1,8.984375E-1,9.0625E-1,9.140625E-1,9.21875E-1,9.296875E-1,
9.375E-1,9.453125E-1,9.53125E-1,9.609375E-1,9.6875E-1,9.765625E-1,9.84375E-1,
9.921875E-1,1.E0),.UNSPECIFIED.);
#4837=ORIENTED_EDGE('',*,*,#2238,.T.);
#4838=ORIENTED_EDGE('',*,*,#3767,.T.);
#4840=ORIENTED_EDGE('',*,*,#4839,.T.);
#4842=ORIENTED_EDGE('',*,*,#4841,.F.);
#4843=ORIENTED_EDGE('',*,*,#2514,.T.);
#4844=ORIENTED_EDGE('',*,*,#2288,.T.);
#4845=ORIENTED_EDGE('',*,*,#2544,.T.);
#4846=ORIENTED_EDGE('',*,*,#2272,.T.);
#4847=ORIENTED_EDGE('',*,*,#2530,.T.);
#4848=ORIENTED_EDGE('',*,*,#2258,.T.);
#4849=ORIENTED_EDGE('',*,*,#2503,.T.);
#4850=EDGE_LOOP('',(#4837,#4838,#4840,#4842,#4843,#4844,#4845,#4846,#4847,#4848,
#4849));
#4851=FACE_OUTER_BOUND('',#4850,.F.);
#4852=ADVANCED_FACE('',(#4851),#4836,.F.);
#4853=CARTESIAN_POINT('',(-8.23E0,1.282406461891E0,-1.015129242038E1));
#4854=CARTESIAN_POINT('',(-8.238763020833E0,7.234786787622E-1,
-1.022190141982E1));
#4855=CARTESIAN_POINT('',(-8.256289062500E0,-4.060585016456E-1,
-1.027058499605E1));
#4856=CARTESIAN_POINT('',(-8.282578125E0,-2.089316770755E0,-1.006402308083E1));
#4857=CARTESIAN_POINT('',(-8.308867187500E0,-3.715697376999E0,
-9.583495985852E0));
#4858=CARTESIAN_POINT('',(-8.335156250001E0,-5.240928844876E0,
-8.842085050747E0));
#4859=CARTESIAN_POINT('',(-8.361445312501E0,-6.623490446557E0,
-7.859973093338E0));
#4860=CARTESIAN_POINT('',(-8.387734375001E0,-7.825745997110E0,
-6.663895429349E0));
#4861=CARTESIAN_POINT('',(-8.414023437501E0,-8.814967451226E0,
-5.286411956777E0));
#4862=CARTESIAN_POINT('',(-8.440312500001E0,-9.564226082029E0,
-3.765020833559E0));
#4863=CARTESIAN_POINT('',(-8.466601562501E0,-1.005312546969E1,
-2.141137685193E0));
#4864=CARTESIAN_POINT('',(-8.492890625001E0,-1.026835675169E1,
-4.589681817750E-1));
#4865=CARTESIAN_POINT('',(-8.519179687502E0,-1.020406091115E1,
1.235695338297E0));
#4866=CARTESIAN_POINT('',(-8.545468750002E0,-9.861988270213E0,
2.896720435751E0));
#4867=CARTESIAN_POINT('',(-8.571757812502E0,-9.251450838998E0,
4.478890395685E0));
#4868=CARTESIAN_POINT('',(-8.598046875002E0,-8.389068819594E0,
5.939135124117E0));
#4869=CARTESIAN_POINT('',(-8.624335937502E0,-7.298318165298E0,
7.237703608269E0));
#4870=CARTESIAN_POINT('',(-8.650625000002E0,-6.008891511820E0,
8.339246023723E0));
#4871=CARTESIAN_POINT('',(-8.676914062502E0,-4.555889877322E0,
9.213776031245E0));
#4872=CARTESIAN_POINT('',(-8.703203125002E0,-2.978867135076E0,
9.837487067557E0));
#4873=CARTESIAN_POINT('',(-8.729492187502E0,-1.320753270306E0,
1.019340040897E1));
#4874=CARTESIAN_POINT('',(-8.755781250003E0,3.733142674757E-1,
1.027182736633E1));
#4875=CARTESIAN_POINT('',(-8.782070312503E0,2.057219303499E0,1.007063302936E1));
#4876=CARTESIAN_POINT('',(-8.808359375003E0,3.685122319215E0,9.595294380958E0));
#4877=CARTESIAN_POINT('',(-8.834648437503E0,5.212708302067E0,8.858751199463E0));
#4878=CARTESIAN_POINT('',(-8.860937500003E0,6.598393094424E0,7.881053807772E0));
#4879=CARTESIAN_POINT('',(-8.887226562503E0,7.804455402336E0,6.688817258465E0));
#4880=CARTESIAN_POINT('',(-8.913515625003E0,8.798063648468E0,5.314496813237E0));
#4881=CARTESIAN_POINT('',(-8.939804687503E0,9.552169716160E0,3.795504439715E0));
#4882=CARTESIAN_POINT('',(-8.966093750003E0,1.004624525506E1,2.173190376563E0));
#4883=CARTESIAN_POINT('',(-8.992382812503E0,1.026684050465E1,
4.917174908727E-1));
#4884=CARTESIAN_POINT('',(-9.018671875003E0,1.020795042331E1,
-1.203140929730E0));
#4885=CARTESIAN_POINT('',(-9.044960937503E0,9.871178156308E0,
-2.865247223614E0));
#4886=CARTESIAN_POINT('',(-9.071250000003E0,9.265691392775E0,
-4.449355320277E0));
#4887=CARTESIAN_POINT('',(-9.097539062503E0,8.407972799829E0,
-5.912342434058E0));
#4888=CARTESIAN_POINT('',(-9.123828125003E0,7.321371327658E0,
-7.214382957163E0));
#4889=CARTESIAN_POINT('',(-9.150117187503E0,6.035466600032E0,
-8.320032596186E0));
#4890=CARTESIAN_POINT('',(-9.176406250003E0,4.585263692956E0,
-9.199193239696E0));
#4891=CARTESIAN_POINT('',(-9.202695312503E0,3.010240221323E0,
-9.827932291207E0));
#4892=CARTESIAN_POINT('',(-9.228984375004E0,1.353271673927E0,
-1.018913416363E1));
#4893=CARTESIAN_POINT('',(-9.255273437504E0,-3.405357485006E-1,
-1.027296620024E1));
#4894=CARTESIAN_POINT('',(-9.281562500004E0,-2.025073019608E0,
-1.007714633881E1));
#4895=CARTESIAN_POINT('',(-9.307851562504E0,-3.654483472444E0,
-9.607005232717E0));
#4896=CARTESIAN_POINT('',(-9.334140625004E0,-5.184411114416E0,
-8.875341137888E0));
#4897=CARTESIAN_POINT('',(-9.360429687504E0,-6.573208090457E0,
-7.902071516010E0));
#4898=CARTESIAN_POINT('',(-9.386718750004E0,-7.783068424744E0,
-6.713690838121E0));
#4899=CARTESIAN_POINT('',(-9.413007812504E0,-8.781057178162E0,
-5.342549348357E0));
#4900=CARTESIAN_POINT('',(-9.439296875004E0,-9.540007005762E0,
-3.825972421440E0));
#4901=CARTESIAN_POINT('',(-9.465585937504E0,-1.003925770805E1,
-2.205244486892E0));
#4902=CARTESIAN_POINT('',(-9.491875000004E0,-1.026521864405E1,
-5.244851796821E-1));
#4903=CARTESIAN_POINT('',(-9.518164062504E0,-1.021173869610E1,
1.170551689143E0));
#4904=CARTESIAN_POINT('',(-9.544453125004E0,-9.880273715232E0,
2.833723647309E0));
#4905=CARTESIAN_POINT('',(-9.570742187504E0,-9.279846888950E0,
4.419755656141E0));
#4906=CARTESIAN_POINT('',(-9.597031250004E0,-8.426803110334E0,
5.885472591855E0));
#4907=CARTESIAN_POINT('',(-9.623320312504E0,-7.344364035064E0,
7.190974562611E0));
#4908=CARTESIAN_POINT('',(-9.649609375004E0,-6.061995938689E0,
8.300723066772E0));
#4909=CARTESIAN_POINT('',(-9.675898437504E0,-4.614607582393E0,
9.184508424905E0));
#4910=CARTESIAN_POINT('',(-9.702187500004E0,-3.041599923052E0,
9.818272150022E0));
#4911=CARTESIAN_POINT('',(-9.728476562504E0,-1.385793536448E0,
1.018476186947E1));
#4912=CARTESIAN_POINT('',(-9.754765625004E0,3.077370485681E-1,
1.027400097015E1));
#4913=CARTESIAN_POINT('',(-9.781054687503E0,1.992890373119E0,1.008356018235E1));
#4914=CARTESIAN_POINT('',(-9.807343750003E0,3.623793026436E0,9.618623709208E0));
#4915=CARTESIAN_POINT('',(-9.833632812503E0,5.156048415975E0,8.891848101485E0));
#4916=CARTESIAN_POINT('',(-9.859921875003E0,6.547945335400E0,7.923017719593E0));
#4917=CARTESIAN_POINT('',(-9.886210937503E0,7.761593430719E0,6.738506161747E0));
#4918=CARTESIAN_POINT('',(-9.912500000003E0,8.763954654828E0,5.370558319375E0));
#4919=CARTESIAN_POINT('',(-9.938789062503E0,9.527742632137E0,3.856412603732E0));
#4920=CARTESIAN_POINT('',(-9.965078125003E0,1.003216545071E1,2.237287238493E0));
#4921=CARTESIAN_POINT('',(-9.991367187503E0,1.026349166160E1,
5.572582135849E-1));
#4922=CARTESIAN_POINT('',(-1.001765625E1,1.021542407764E1,-1.137940555351E0));
#4923=CARTESIAN_POINT('',(-1.004394531250E1,9.889271196201E0,
-2.802162199712E0));
#4924=CARTESIAN_POINT('',(-1.007023437500E1,9.293911579366E0,
-4.390103112154E0));
#4925=CARTESIAN_POINT('',(-1.009652343750E1,8.445552161143E0,
-5.858536205543E0));
#4926=CARTESIAN_POINT('',(-1.01228125E1,7.367287061150E0,-7.167487644751E0));
#4927=CARTESIAN_POINT('',(-1.014910156250E1,6.088468914702E0,
-8.281325018228E0));
#4928=CARTESIAN_POINT('',(-1.017539062500E1,4.643909833030E0,
-9.169727327042E0));
#4929=CARTESIAN_POINT('',(-1.020167968750E1,3.072933745101E0,
-9.808510386275E0));
#4930=CARTESIAN_POINT('',(-1.022796875E1,1.418305918280E0,-1.018028516961E1));
#4931=CARTESIAN_POINT('',(-1.025425781250E1,-2.749312015353E-1,
-1.027493117557E1));
#4932=CARTESIAN_POINT('',(-1.028054687500E1,-1.960684139451E0,
-1.008987192946E1));
#4933=CARTESIAN_POINT('',(-1.030683593750E1,-3.593063152466E0,
-9.630145121035E0));
#4934=CARTESIAN_POINT('',(-1.0333125E1,-5.127631444514E0,-8.908265468908E0));
#4935=CARTESIAN_POINT('',(-1.035941406250E1,-6.522614829417E0,
-7.943884044415E0));
#4936=CARTESIAN_POINT('',(-1.038570312500E1,-7.740038912217E0,
-6.763253329085E0));
#4937=CARTESIAN_POINT('',(-1.041199218750E1,-8.746762832419E0,
-5.398512567801E0));
#4938=CARTESIAN_POINT('',(-1.043828125E1,-9.515381428472E0,-3.886812871821E0));
#4939=CARTESIAN_POINT('',(-1.046457031250E1,-1.002497126469E1,
-2.269305888154E0));
#4940=CARTESIAN_POINT('',(-1.049085937500E1,-1.026166021212E1,
-5.900235657727E-1));
#4941=CARTESIAN_POINT('',(-1.051714843750E1,-1.021900507821E1,
1.105320486248E0));
#4942=CARTESIAN_POINT('',(-1.05434375E1,-9.898167005296E0,2.770575419153E0));
#4943=CARTESIAN_POINT('',(-1.056972656250E1,-9.307879863148E0,
4.360409467787E0));
#4944=CARTESIAN_POINT('',(-1.059601562500E1,-8.464212495991E0,
5.831543976973E0));
#4945=CARTESIAN_POINT('',(-1.062230468750E1,-7.390131296029E0,
7.143931538218E0));
#4946=CARTESIAN_POINT('',(-1.064859375E1,-6.114875011087E0,8.261846165371E0));
#4947=CARTESIAN_POINT('',(-1.067488281250E1,-4.673158805379E0,
9.154855832342E0));
#4948=CARTESIAN_POINT('',(-1.070117187500E1,-3.104229240453E0,
9.798650898331E0));
#4949=CARTESIAN_POINT('',(-1.072746093750E1,-1.450795901702E0,
1.017570586904E1));
#4950=CARTESIAN_POINT('',(-1.075375E1,2.421312462666E-1,1.027575647931E1));
#4951=CARTESIAN_POINT('',(-1.078003906250E1,1.928467125772E0,1.009607910982E1));
#4952=CARTESIAN_POINT('',(-1.080632812500E1,3.562306079435E0,9.641564931661E0));
#4953=CARTESIAN_POINT('',(-1.083261718750E1,5.099171519741E0,8.924586760136E0));
#4954=CARTESIAN_POINT('',(-1.085890625E1,6.497226676704E0,7.964662242318E0));
#4955=CARTESIAN_POINT('',(-1.088519531250E1,7.718413484492E0,6.787922547042E0));
#4956=CARTESIAN_POINT('',(-1.091148437500E1,8.729488604107E0,5.426401020604E0));
#4957=CARTESIAN_POINT('',(-1.093777343750E1,9.502928379321E0,3.917161172387E0));
#4958=CARTESIAN_POINT('',(-1.09640625E1,1.001767809101E1,2.301287728431E0));
#4959=CARTESIAN_POINT('',(-1.099035156250E1,1.025972511354E1,
6.227682185446E-1));
#4960=CARTESIAN_POINT('',(-1.101664062500E1,1.022248037050E1,
-1.072704457520E0));
#4961=CARTESIAN_POINT('',(-1.104292968750E1,9.906957705859E0,
-2.738975888174E0));
#4962=CARTESIAN_POINT('',(-1.106921875E1,9.321746287285E0,-4.330686571941E0));
#4963=CARTESIAN_POINT('',(-1.109550781250E1,8.482776793066E0,
-5.804506700762E0));
#4964=CARTESIAN_POINT('',(-1.112179687500E1,7.412887747214E0,
-7.120315691228E0));
#4965=CARTESIAN_POINT('',(-1.114808593750E1,6.141203808016E0,
-8.242294354332E0));
#4966=CARTESIAN_POINT('',(-1.1174375E1,4.702342934232E0,-9.139899972516E0));
#4967=CARTESIAN_POINT('',(-1.120066406250E1,3.135474011478E0,
-9.788697740247E0));
#4968=CARTESIAN_POINT('',(-1.122695312500E1,1.483250592144E0,
-1.017102593446E1));
#4969=CARTESIAN_POINT('',(-1.125324218750E1,-2.093502253351E-1,
-1.027647670742E1));
#4970=CARTESIAN_POINT('',(-1.127953125E1,-1.896252169716E0,-1.010217941359E1));
#4971=CARTESIAN_POINT('',(-1.130582031250E1,-3.531534092633E0,
-9.652878757813E0));
#4972=CARTESIAN_POINT('',(-1.133210937500E1,-5.070680042159E0,
-8.940805637077E0));
#4973=CARTESIAN_POINT('',(-1.135839843750E1,-6.471791084431E0,
-7.985344191849E0));
#4974=CARTESIAN_POINT('',(-1.13846875E1,-7.696725885252E0,-6.812504130707E0));
#4975=CARTESIAN_POINT('',(-1.141097656250E1,-8.712139001313E0,
-5.454212690955E0));
#4976=CARTESIAN_POINT('',(-1.143726562500E1,-9.490388620869E0,
-3.947445515964E0));
#4977=CARTESIAN_POINT('',(-1.146355468750E1,-1.001028902661E1,
-2.333220084258E0));
#4978=CARTESIAN_POINT('',(-1.148984375E1,-1.025768735845E1,-6.554791818575E-1));
#4979=CARTESIAN_POINT('',(-1.151613281250E1,-1.022584874583E1,
1.040105525769E0));
#4980=CARTESIAN_POINT('',(-1.154242187500E1,-9.915640182109E0,
2.707375991831E0));
#4981=CARTESIAN_POINT('',(-1.156871093750E1,-9.335504937291E0,
4.300947238975E0));
#4982=CARTESIAN_POINT('',(-1.158623697917E1,-8.779328406644E0,
5.285270356018E0));
#4983=CARTESIAN_POINT('',(-1.1595E1,-8.462667425E0,5.751222843139E0));
#4984=CARTESIAN_POINT('',(-8.377806573538E0,1.314492834397E0,
-1.040528221199E1));
#4985=CARTESIAN_POINT('',(-8.386569594372E0,7.415804328290E-1,
-1.047765787959E1));
#4986=CARTESIAN_POINT('',(-8.404095636039E0,-4.162182635699E-1,
-1.052755954026E1));
#4987=CARTESIAN_POINT('',(-8.430384698539E0,-2.141592393329E0,
-1.031582935527E1));
#4988=CARTESIAN_POINT('',(-8.456673761039E0,-3.808665756137E0,
-9.823279261474E0));
#4989=CARTESIAN_POINT('',(-8.482962823539E0,-5.372059184742E0,
-9.063317899379E0));
#4990=CARTESIAN_POINT('',(-8.509251886039E0,-6.789213084483E0,
-8.056633069760E0));
#4991=CARTESIAN_POINT('',(-8.535540948539E0,-8.021549596563E0,
-6.830629017677E0));
#4992=CARTESIAN_POINT('',(-8.561830011040E0,-9.035521805616E0,
-5.418680304064E0));
#4993=CARTESIAN_POINT('',(-8.588119073540E0,-9.803527216201E0,
-3.859223307227E0));
#4994=CARTESIAN_POINT('',(-8.614408136040E0,-1.030465908111E1,
-2.194709889790E0));
#4995=CARTESIAN_POINT('',(-8.640697198540E0,-1.052527554425E1,
-4.704517671175E-1));
#4996=CARTESIAN_POINT('',(-8.666986261040E0,-1.045937099356E1,
1.266612977990E0));
#4997=CARTESIAN_POINT('',(-8.693275323540E0,-1.010873954502E1,
2.969197652382E0));
#4998=CARTESIAN_POINT('',(-8.719564386040E0,-9.482926199316E0,
4.590954199105E0));
#4999=CARTESIAN_POINT('',(-8.745853448540E0,-8.598967003299E0,
6.087734891522E0));
#5000=CARTESIAN_POINT('',(-8.772142511041E0,-7.480925288919E0,
7.418794129070E0));
#5001=CARTESIAN_POINT('',(-8.798431573541E0,-6.159236614660E0,
8.547897619210E0));
#5002=CARTESIAN_POINT('',(-8.824720636041E0,-4.669880241566E0,
9.444308751339E0));
#5003=CARTESIAN_POINT('',(-8.851009698541E0,-3.053399698177E0,
1.008362531152E1));
#5004=CARTESIAN_POINT('',(-8.877298761041E0,-1.353799096788E0,
1.044844376094E1));
#5005=CARTESIAN_POINT('',(-8.903587823541E0,3.826547542901E-1,
1.052883299519E1));
#5006=CARTESIAN_POINT('',(-8.929876886041E0,2.108691833356E0,1.032260468761E1));
#5007=CARTESIAN_POINT('',(-8.956165948541E0,3.777325696988E0,9.835372857603E0));
#5008=CARTESIAN_POINT('',(-8.982455011041E0,5.343132551567E0,9.080401042450E0));
#5009=CARTESIAN_POINT('',(-9.008744073541E0,6.763487785585E0,8.078241232922E0));
#5010=CARTESIAN_POINT('',(-9.035033136041E0,7.999726301764E0,6.856174401896E0));
#5011=CARTESIAN_POINT('',(-9.061322198541E0,9.018195062295E0,5.447467855959E0));
#5012=CARTESIAN_POINT('',(-9.087611261042E0,9.791169194766E0,3.890469626588E0));
#5013=CARTESIAN_POINT('',(-9.113900323542E0,1.029760672049E1,2.227564553566E0));
#5014=CARTESIAN_POINT('',(-9.140189386042E0,1.052372136004E1,
5.040204783019E-1));
#5015=CARTESIAN_POINT('',(-9.166478448542E0,1.046335782302E1,
-1.233244043832E0));
#5016=CARTESIAN_POINT('',(-9.192767511042E0,1.011815936609E1,
-2.936936966664E0));
#5017=CARTESIAN_POINT('',(-9.219056573542E0,9.497523057999E0,
-4.560680143148E0));
#5018=CARTESIAN_POINT('',(-9.245345636042E0,8.618343969417E0,
-6.060271836599E0));
#5019=CARTESIAN_POINT('',(-9.271634698542E0,7.504555251518E0,
-7.394889985038E0));
#5020=CARTESIAN_POINT('',(-9.297923761042E0,6.186476623242E0,
-8.528203463283E0));
#5021=CARTESIAN_POINT('',(-9.324212823542E0,4.699989002959E0,
-9.429361091945E0));
#5022=CARTESIAN_POINT('',(-9.350501886042E0,3.085557752811E0,
-1.007383147047E1));
#5023=CARTESIAN_POINT('',(-9.376790948542E0,1.387131125140E0,
-1.044407077227E1));
#5024=CARTESIAN_POINT('',(-9.403080011042E0,-3.490561023843E-1,
-1.053000032322E1));
#5025=CARTESIAN_POINT('',(-9.429369073542E0,-2.075741235334E0,
-1.032928096292E1));
#5026=CARTESIAN_POINT('',(-9.455658136042E0,-3.745920252824E0,
-9.847376720014E0));
#5027=CARTESIAN_POINT('',(-9.481947198542E0,-5.314127355860E0,
-9.097406068415E0));
#5028=CARTESIAN_POINT('',(-9.508236261042E0,-6.737672641766E0,
-8.099784813444E0));
#5029=CARTESIAN_POINT('',(-9.534525323542E0,-7.977804212606E0,
-6.881670329431E0));
#5030=CARTESIAN_POINT('',(-9.560814386042E0,-9.000763082637E0,
-5.476222277819E0));
#5031=CARTESIAN_POINT('',(-9.587103448542E0,-9.778702168016E0,
-3.921699930588E0));
#5032=CARTESIAN_POINT('',(-9.613392511042E0,-1.029044434199E1,
-2.260420671804E0));
#5033=CARTESIAN_POINT('',(-9.639681573542E0,-1.052205891978E1,
-5.376080290665E-1));
#5034=CARTESIAN_POINT('',(-9.665970636042E0,-1.046724088006E1,
1.199839406144E0));
#5035=CARTESIAN_POINT('',(-9.692259698542E0,-1.012748249989E1,
2.904624656644E0));
#5036=CARTESIAN_POINT('',(-9.718548761042E0,-9.512032730900E0,
4.530339882424E0));
#5037=CARTESIAN_POINT('',(-9.744837823542E0,-8.637645422555E0,
6.032729699152E0));
#5038=CARTESIAN_POINT('',(-9.771126886042E0,-7.528123246555E0,
7.370895902181E0));
#5039=CARTESIAN_POINT('',(-9.797415948542E0,-6.213669737596E0,
8.508410800969E0));
#5040=CARTESIAN_POINT('',(-9.823705011042E0,-4.730067089389E0,
9.414308856642E0));
#5041=CARTESIAN_POINT('',(-9.849994073542E0,-3.117702088041E0,
1.006392962831E1));
#5042=CARTESIAN_POINT('',(-9.876283136042E0,-1.420466698934E0,
1.043958908139E1));
#5043=CARTESIAN_POINT('',(-9.902572198542E0,3.154367645847E-1,
1.053106098353E1));
#5044=CARTESIAN_POINT('',(-9.928861261042E0,2.042753364905E0,1.033585528364E1));
#5045=CARTESIAN_POINT('',(-9.955150323542E0,3.714461918387E0,9.859285895885E0));
#5046=CARTESIAN_POINT('',(-9.981439386042E0,5.285055010257E0,9.114326043486E0));
#5047=CARTESIAN_POINT('',(-1.000772844854E1,6.711777801489E0,8.121255100234E0));
#5048=CARTESIAN_POINT('',(-1.003401751104E1,7.955791904806E0,6.907106543345E0));
#5049=CARTESIAN_POINT('',(-1.006030657354E1,8.983232646663E0,5.504932045585E0));
#5050=CARTESIAN_POINT('',(-1.008659563604E1,9.766130934379E0,3.952901739600E0));
#5051=CARTESIAN_POINT('',(-1.011288469854E1,1.028317463326E1,2.293265147112E0));
#5052=CARTESIAN_POINT('',(-1.013917376104E1,1.052028872747E1,
5.712010586610E-1));
#5053=CARTESIAN_POINT('',(-1.016546282354E1,1.047101847146E1,
-1.166412327472E0));
#5054=CARTESIAN_POINT('',(-1.019175188604E1,1.013670510179E1,
-2.872273527777E0));
#5055=CARTESIAN_POINT('',(-1.021804094854E1,9.526449326043E0,
-4.499945418772E0));
#5056=CARTESIAN_POINT('',(-1.024433001104E1,8.656863582844E0,
-6.005119352632E0));
#5057=CARTESIAN_POINT('',(-1.027061907354E1,7.551619816814E0,
-7.346821331328E0));
#5058=CARTESIAN_POINT('',(-1.029690813604E1,6.240805079088E0,
-8.488527404736E0));
#5059=CARTESIAN_POINT('',(-1.032319719854E1,4.760102495196E0,
-9.399157929224E0));
#5060=CARTESIAN_POINT('',(-1.034948626104E1,3.149819896068E0,
-1.005392362095E1));
#5061=CARTESIAN_POINT('',(-1.037577532354E1,1.453792554828E0,
-1.043500037253E1));
#5062=CARTESIAN_POINT('',(-1.040206438604E1,-2.818101008611E-1,
-1.053201446310E1));
#5063=CARTESIAN_POINT('',(-1.042835344854E1,-2.009741317135E0,
-1.034232495343E1));
#5064=CARTESIAN_POINT('',(-1.045464251104E1,-3.682963169484E0,
-9.871095578493E0));
#5065=CARTESIAN_POINT('',(-1.048093157354E1,-5.255927033698E0,
-9.131154180647E0));
#5066=CARTESIAN_POINT('',(-1.050722063604E1,-6.685813515129E0,
-8.142643509660E0));
#5067=CARTESIAN_POINT('',(-1.053350969854E1,-7.933698082791E0,
-6.932472895671E0));
#5068=CARTESIAN_POINT('',(-1.055979876104E1,-8.965610677312E0,
-5.533585721575E0));
#5069=CARTESIAN_POINT('',(-1.058608782354E1,-9.753460447974E0,
-3.984062635739E0));
#5070=CARTESIAN_POINT('',(-1.061237688604E1,-1.027580044554E1,
-2.326084917441E0));
#5071=CARTESIAN_POINT('',(-1.063866594854E1,-1.051841145432E1,
-6.047862143409E-1));
#5072=CARTESIAN_POINT('',(-1.066495501104E1,-1.047468907024E1,
1.132976089923E0));
#5073=CARTESIAN_POINT('',(-1.069124407354E1,-1.014582348793E1,
2.839896432105E0));
#5074=CARTESIAN_POINT('',(-1.071753313604E1,-9.540767102416E0,
4.469508826391E0));
#5075=CARTESIAN_POINT('',(-1.074382219854E1,-8.675990807460E0,
5.977451766656E0));
#5076=CARTESIAN_POINT('',(-1.077011126104E1,-7.575035624476E0,
7.322675840672E0));
#5077=CARTESIAN_POINT('',(-1.079640032354E1,-6.267871867594E0,
8.468561182432E0));
#5078=CARTESIAN_POINT('',(-1.082268938604E1,-4.790083289670E0,
9.383914343200E0));
#5079=CARTESIAN_POINT('',(-1.084897844854E1,-3.181898418450E0,
1.004381744429E1));
#5080=CARTESIAN_POINT('',(-1.087526751104E1,-1.487095451895E0,
1.043030649586E1));
#5081=CARTESIAN_POINT('',(-1.090155657354E1,2.481894763162E-1,
1.053286041630E1));
#5082=CARTESIAN_POINT('',(-1.092784563604E1,1.976718219635E0,1.034868744016E1));
#5083=CARTESIAN_POINT('',(-1.095413469854E1,3.651436540986E0,9.882801117793E0));
#5084=CARTESIAN_POINT('',(-1.098042376104E1,5.226755029117E0,9.147883837745E0));
#5085=CARTESIAN_POINT('',(-1.100671282354E1,6.659790139693E0,8.163941587194E0));
#5086=CARTESIAN_POINT('',(-1.103300188604E1,7.911531577373E0,6.957759348289E0));
#5087=CARTESIAN_POINT('',(-1.105929094854E1,8.947904240227E0,5.562171955708E0));
#5088=CARTESIAN_POINT('',(-1.108558001104E1,9.740695818068E0,4.015170264105E0));
#5089=CARTESIAN_POINT('',(-1.111186907354E1,1.026832479346E1,2.358866957398E0));
#5090=CARTESIAN_POINT('',(-1.113815813604E1,1.051642793872E1,
6.383501526963E-1));
#5091=CARTESIAN_POINT('',(-1.116444719854E1,1.047825131587E1,
-1.099543993841E0));
#5092=CARTESIAN_POINT('',(-1.119073626104E1,1.015483413568E1,
-2.807506266993E0));
#5093=CARTESIAN_POINT('',(-1.121702532354E1,9.554980470570E0,
-4.439042250646E0));
#5094=CARTESIAN_POINT('',(-1.124331438604E1,8.695019591395E0,
-5.949738005928E0));
#5095=CARTESIAN_POINT('',(-1.126960344854E1,7.598361452057E0,
-7.298469114824E0));
#5096=CARTESIAN_POINT('',(-1.129589251104E1,6.294859422577E0,
-8.448520176500E0));
#5097=CARTESIAN_POINT('',(-1.132218157354E1,4.819997618236E0,
-9.368584281196E0));
#5098=CARTESIAN_POINT('',(-1.134847063604E1,3.213924947359E0,
-1.003361525382E1));
#5099=CARTESIAN_POINT('',(-1.137475969854E1,1.520362172936E0,
-1.042550946726E1));
#5100=CARTESIAN_POINT('',(-1.140104876104E1,-2.145882598539E-1,
-1.053359866483E1));
#5101=CARTESIAN_POINT('',(-1.142733782354E1,-1.943697231240E0,
-1.035494037622E1));
#5102=CARTESIAN_POINT('',(-1.145362688604E1,-3.619894625570E0,
-9.894398020841E0));
#5103=CARTESIAN_POINT('',(-1.147991594854E1,-5.197550682261E0,
-9.164508518105E0));
#5104=CARTESIAN_POINT('',(-1.150620501104E1,-6.633718137738E0,
-8.185141008180E0));
#5105=CARTESIAN_POINT('',(-1.153249407354E1,-7.889301344881E0,
-6.982955973965E0));
#5106=CARTESIAN_POINT('',(-1.155878313604E1,-8.930120542756E0,
-5.590679486257E0));
#5107=CARTESIAN_POINT('',(-1.158507219854E1,-9.727842309356E0,
-4.046212335250E0));
#5108=CARTESIAN_POINT('',(-1.161136126104E1,-1.026075085142E1,
-2.391598274783E0));
#5109=CARTESIAN_POINT('',(-1.163765032354E1,-1.051433919811E1,
-6.718795586678E-1));
#5110=CARTESIAN_POINT('',(-1.166393938604E1,-1.048170396943E1,
1.066129422510E0));
#5111=CARTESIAN_POINT('',(-1.169022844854E1,-1.016373385130E1,
2.775115727374E0));
#5112=CARTESIAN_POINT('',(-1.171651751104E1,-9.569083368039E0,
4.408558826517E0));
#5113=CARTESIAN_POINT('',(-1.173404355271E1,-8.998991056497E0,
5.417510139953E0));
#5114=CARTESIAN_POINT('',(-1.174280657354E1,-8.674407078115E0,
5.895120962802E0));
#5115=CARTESIAN_POINT('',(-8.525613147077E0,1.346579206903E0,
-1.065927200361E1));
#5116=CARTESIAN_POINT('',(-8.534376167910E0,7.596821868959E-1,
-1.073341433935E1));
#5117=CARTESIAN_POINT('',(-8.551902209577E0,-4.263780254942E-1,
-1.078453408447E1));
#5118=CARTESIAN_POINT('',(-8.578191272077E0,-2.193868015904E0,
-1.056763562970E1));
#5119=CARTESIAN_POINT('',(-8.604480334577E0,-3.901634135275E0,
-1.006306253710E1));
#5120=CARTESIAN_POINT('',(-8.630769397078E0,-5.503189524608E0,
-9.284550748010E0));
#5121=CARTESIAN_POINT('',(-8.657058459578E0,-6.954935722409E0,
-8.253293046183E0));
#5122=CARTESIAN_POINT('',(-8.683347522078E0,-8.217353196017E0,
-6.997362606006E0));
#5123=CARTESIAN_POINT('',(-8.709636584578E0,-9.256076160006E0,
-5.550948651352E0));
#5124=CARTESIAN_POINT('',(-8.735925647078E0,-1.004282835037E1,
-3.953425780895E0));
#5125=CARTESIAN_POINT('',(-8.762214709578E0,-1.055619269253E1,
-2.248282094388E0));
#5126=CARTESIAN_POINT('',(-8.788503772078E0,-1.078219433681E1,
-4.819353524598E-1));
#5127=CARTESIAN_POINT('',(-8.814792834579E0,-1.071468107597E1,
1.297530617683E0));
#5128=CARTESIAN_POINT('',(-8.841081897079E0,-1.035549081982E1,
3.041674869013E0));
#5129=CARTESIAN_POINT('',(-8.867370959579E0,-9.714401559634E0,
4.703018002524E0));
#5130=CARTESIAN_POINT('',(-8.893660022079E0,-8.808865187005E0,
6.236334658927E0));
#5131=CARTESIAN_POINT('',(-8.919949084579E0,-7.663532412540E0,
7.599884649871E0));
#5132=CARTESIAN_POINT('',(-8.946238147079E0,-6.309581717501E0,
8.756549214697E0));
#5133=CARTESIAN_POINT('',(-8.972527209579E0,-4.783870605810E0,
9.674841471432E0));
#5134=CARTESIAN_POINT('',(-8.998816272079E0,-3.127932261278E0,
1.032976355548E1));
#5135=CARTESIAN_POINT('',(-9.025105334579E0,-1.386844923271E0,
1.070348711291E1));
#5136=CARTESIAN_POINT('',(-9.051394397080E0,3.919952411048E-1,
1.078583862405E1));
#5137=CARTESIAN_POINT('',(-9.077683459580E0,2.160164363213E0,1.057457634585E1));
#5138=CARTESIAN_POINT('',(-9.103972522080E0,3.869529074761E0,1.007545133425E1));
#5139=CARTESIAN_POINT('',(-9.130261584580E0,5.473556801066E0,9.302050885436E0));
#5140=CARTESIAN_POINT('',(-9.156550647080E0,6.928582476746E0,8.275428658071E0));
#5141=CARTESIAN_POINT('',(-9.182839709580E0,8.194997201192E0,7.023531545327E0));
#5142=CARTESIAN_POINT('',(-9.209128772080E0,9.238326476121E0,5.580438898681E0));
#5143=CARTESIAN_POINT('',(-9.235417834580E0,1.003016867337E1,3.985434813461E0));
#5144=CARTESIAN_POINT('',(-9.261706897080E0,1.054896818593E1,2.281938730568E0));
#5145=CARTESIAN_POINT('',(-9.287995959580E0,1.078060221543E1,
5.163234657307E-1));
#5146=CARTESIAN_POINT('',(-9.314285022080E0,1.071876522273E1,
-1.263347157936E0));
#5147=CARTESIAN_POINT('',(-9.340574084580E0,1.036514057588E1,
-3.008626709715E0));
#5148=CARTESIAN_POINT('',(-9.366863147080E0,9.729354723222E0,
-4.672004966019E0));
#5149=CARTESIAN_POINT('',(-9.393152209580E0,8.828715139005E0,
-6.208201239140E0));
#5150=CARTESIAN_POINT('',(-9.419441272080E0,7.687739175379E0,
-7.575397012914E0));
#5151=CARTESIAN_POINT('',(-9.445730334580E0,6.337486646453E0,
-8.736374330381E0));
#5152=CARTESIAN_POINT('',(-9.472019397080E0,4.814714312961E0,
-9.659528944194E0));
#5153=CARTESIAN_POINT('',(-9.498308459580E0,3.160875284298E0,
-1.031973064973E1));
#5154=CARTESIAN_POINT('',(-9.524597522080E0,1.420990576352E0,
-1.069900738090E1));
#5155=CARTESIAN_POINT('',(-9.550886584581E0,-3.575764562687E-1,
-1.078703444621E1));
#5156=CARTESIAN_POINT('',(-9.577175647081E0,-2.126409451060E0,
-1.058141558703E1));
#5157=CARTESIAN_POINT('',(-9.603464709581E0,-3.837357033205E0,
-1.008774820731E1));
#5158=CARTESIAN_POINT('',(-9.629753772081E0,-5.443843597306E0,
-9.319470998943E0));
#5159=CARTESIAN_POINT('',(-9.656042834581E0,-6.902137193075E0,
-8.297498110877E0));
#5160=CARTESIAN_POINT('',(-9.682331897081E0,-8.172540000468E0,
-7.049649820741E0));
#5161=CARTESIAN_POINT('',(-9.708620959581E0,-9.220468987113E0,
-5.609895207281E0));
#5162=CARTESIAN_POINT('',(-9.734910022081E0,-1.001739733027E1,
-4.017427439734E0));
#5163=CARTESIAN_POINT('',(-9.761199084581E0,-1.054163097593E1,
-2.315596856714E0));
#5164=CARTESIAN_POINT('',(-9.787488147081E0,-1.077889919551E1,
-5.507308784499E-1));
#5165=CARTESIAN_POINT('',(-9.813777209581E0,-1.072274306402E1,
1.229127123145E0));
#5166=CARTESIAN_POINT('',(-9.840066272081E0,-1.037469128456E1,
2.975525665981E0));
#5167=CARTESIAN_POINT('',(-9.866355334581E0,-9.744218572851E0,
4.640924108708E0));
#5168=CARTESIAN_POINT('',(-9.892644397081E0,-8.848487734776E0,
6.179986806449E0));
#5169=CARTESIAN_POINT('',(-9.918933459581E0,-7.711882458046E0,
7.550817241752E0));
#5170=CARTESIAN_POINT('',(-9.945222522081E0,-6.365343536503E0,
8.716098535166E0));
#5171=CARTESIAN_POINT('',(-9.971511584581E0,-4.845526596383E0,
9.644109288381E0));
#5172=CARTESIAN_POINT('',(-9.997800647081E0,-3.193804253028E0,
1.030958710660E1));
#5173=CARTESIAN_POINT('',(-1.002408970958E1,-1.455139861419E0,
1.069441629330E1));
#5174=CARTESIAN_POINT('',(-1.005037877208E1,3.231364806025E-1,
1.078812099691E1));
#5175=CARTESIAN_POINT('',(-1.007666783458E1,2.092616356692E0,1.058815038493E1));
#5176=CARTESIAN_POINT('',(-1.010295689708E1,3.805130810340E0,1.009994808256E1));
#5177=CARTESIAN_POINT('',(-1.012924595958E1,5.414061604540E0,9.336803985486E0));
#5178=CARTESIAN_POINT('',(-1.015553502208E1,6.875610267580E0,8.319492480874E0));
#5179=CARTESIAN_POINT('',(-1.018182408458E1,8.149990378893E0,7.075706924943E0));
#5180=CARTESIAN_POINT('',(-1.020811314708E1,9.202510638500E0,5.639305771795E0));
#5181=CARTESIAN_POINT('',(-1.023440220958E1,1.000451923662E1,4.049390875467E0));
#5182=CARTESIAN_POINT('',(-1.026069127208E1,1.053418381581E1,2.349243055730E0));
#5183=CARTESIAN_POINT('',(-1.028698033458E1,1.077708579334E1,
5.851439037358E-1));
#5184=CARTESIAN_POINT('',(-1.031326939708E1,1.072661286528E1,
-1.194884099594E0));
#5185=CARTESIAN_POINT('',(-1.033955845958E1,1.038413900737E1,
-2.942384855843E0));
#5186=CARTESIAN_POINT('',(-1.036584752208E1,9.758987072720E0,
-4.609787725392E0));
#5187=CARTESIAN_POINT('',(-1.039213658458E1,8.868175004545E0,
-6.151702499722E0));
#5188=CARTESIAN_POINT('',(-1.041842564708E1,7.735952572478E0,
-7.526155017907E0));
#5189=CARTESIAN_POINT('',(-1.044471470958E1,6.393141243472E0,
-8.695729791246E0));
#5190=CARTESIAN_POINT('',(-1.047100377208E1,4.876295157361E0,
-9.628588531407E0));
#5191=CARTESIAN_POINT('',(-1.049729283458E1,3.226706047035E0,
-1.029933685563E1));
#5192=CARTESIAN_POINT('',(-1.052358189708E1,1.489279191376E0,
-1.068971557545E1));
#5193=CARTESIAN_POINT('',(-1.054987095958E1,-2.886890001886E-1,
-1.078909775063E1));
#5194=CARTESIAN_POINT('',(-1.057616002208E1,-2.058798494822E0,
-1.059477797740E1));
#5195=CARTESIAN_POINT('',(-1.060244908458E1,-3.772863186503E0,
-1.011204603595E1));
#5196=CARTESIAN_POINT('',(-1.062873814708E1,-5.384222622884E0,
-9.354042892386E0));
#5197=CARTESIAN_POINT('',(-1.065502720958E1,-6.849012200843E0,
-8.341402974905E0));
#5198=CARTESIAN_POINT('',(-1.068131627208E1,-8.127357253366E0,
-7.101692462257E0));
#5199=CARTESIAN_POINT('',(-1.070760533458E1,-9.184458522207E0,
-5.668658875348E0));
#5200=CARTESIAN_POINT('',(-1.073389439708E1,-9.991539467477E0,
-4.081312399656E0));
#5201=CARTESIAN_POINT('',(-1.076018345958E1,-1.052662962640E1,
-2.382863946726E0));
#5202=CARTESIAN_POINT('',(-1.078647252208E1,-1.077516269652E1,
-6.195488629074E-1));
#5203=CARTESIAN_POINT('',(-1.081276158458E1,-1.073037306227E1,
1.160631693600E0));
#5204=CARTESIAN_POINT('',(-1.083905064708E1,-1.039347997056E1,
2.909217445059E0));
#5205=CARTESIAN_POINT('',(-1.086533970958E1,-9.773654341684E0,
4.578608184997E0));
#5206=CARTESIAN_POINT('',(-1.089162877208E1,-8.887769118928E0,
6.123359556341E0));
#5207=CARTESIAN_POINT('',(-1.091791783458E1,-7.759939952922E0,
7.501420143126E0));
#5208=CARTESIAN_POINT('',(-1.094420689708E1,-6.420868724099E0,
8.675276199495E0));
#5209=CARTESIAN_POINT('',(-1.097049595958E1,-4.907007773960E0,
9.612972854058E0));
#5210=CARTESIAN_POINT('',(-1.099678502208E1,-3.259567596445E0,
1.028898399025E1));
#5211=CARTESIAN_POINT('',(-1.102307408458E1,-1.523395002087E0,
1.068490712267E1));
#5212=CARTESIAN_POINT('',(-1.104936314708E1,2.542477063674E-1,
1.078996435329E1));
#5213=CARTESIAN_POINT('',(-1.107565220958E1,2.024969313499E0,1.060129577051E1));
#5214=CARTESIAN_POINT('',(-1.110194127208E1,3.740567002539E0,1.012403730392E1));
#5215=CARTESIAN_POINT('',(-1.112823033458E1,5.354338538494E0,9.371180915354E0));
#5216=CARTESIAN_POINT('',(-1.115451939708E1,6.822353602683E0,8.363220932070E0));
#5217=CARTESIAN_POINT('',(-1.118080845958E1,8.104649670255E0,7.127596149535E0));
#5218=CARTESIAN_POINT('',(-1.120709752208E1,9.166319876347E0,5.697942890810E0));
#5219=CARTESIAN_POINT('',(-1.123338658458E1,9.978463256815E0,4.113179355821E0));
#5220=CARTESIAN_POINT('',(-1.125967564708E1,1.051897149591E1,2.416446186363E0));
#5221=CARTESIAN_POINT('',(-1.128596470958E1,1.077313076390E1,
6.539320868467E-1));
#5222=CARTESIAN_POINT('',(-1.131225377208E1,1.073402226124E1,
-1.126383530164E0));
#5223=CARTESIAN_POINT('',(-1.133854283458E1,1.040271056550E1,
-2.876036645813E0));
#5224=CARTESIAN_POINT('',(-1.136483189708E1,9.788214653856E0,
-4.547397929352E0));
#5225=CARTESIAN_POINT('',(-1.139112095958E1,8.907262389724E0,
-6.094969311095E0));
#5226=CARTESIAN_POINT('',(-1.141741002208E1,7.783835156900E0,
-7.476622538423E0));
#5227=CARTESIAN_POINT('',(-1.144369908458E1,6.448515037138E0,
-8.654745998668E0));
#5228=CARTESIAN_POINT('',(-1.146998814708E1,4.937652302239E0,
-9.597268589878E0));
#5229=CARTESIAN_POINT('',(-1.149627720958E1,3.292375883239E0,
-1.027853276740E1));
#5230=CARTESIAN_POINT('',(-1.152256627208E1,1.557473753728E0,
-1.067999300005E1));
#5231=CARTESIAN_POINT('',(-1.154885533458E1,-2.198262943735E-1,
-1.079072062225E1));
#5232=CARTESIAN_POINT('',(-1.157514439708E1,-1.991142292764E0,
-1.060770133885E1));
#5233=CARTESIAN_POINT('',(-1.160143345958E1,-3.708255158507E0,
-1.013591728387E1));
#5234=CARTESIAN_POINT('',(-1.162772252208E1,-5.324421322364E0,
-9.388211399134E0));
#5235=CARTESIAN_POINT('',(-1.165401158458E1,-6.795645191046E0,
-8.384937824511E0));
#5236=CARTESIAN_POINT('',(-1.168030064708E1,-8.081876804511E0,
-7.153407817224E0));
#5237=CARTESIAN_POINT('',(-1.170658970958E1,-9.148102084200E0,
-5.727146281558E0));
#5238=CARTESIAN_POINT('',(-1.173287877208E1,-9.965295997844E0,
-4.144979154535E0));
#5239=CARTESIAN_POINT('',(-1.175916783458E1,-1.051121267624E1,
-2.449976465306E0));
#5240=CARTESIAN_POINT('',(-1.178545689708E1,-1.077099103776E1,
-6.882799354777E-1));
#5241=CARTESIAN_POINT('',(-1.181174595958E1,-1.073755919303E1,
1.092153319253E0));
#5242=CARTESIAN_POINT('',(-1.183803502208E1,-1.041182752048E1,
2.842855462917E0));
#5243=CARTESIAN_POINT('',(-1.186432408458E1,-9.802661798786E0,
4.516170414060E0));
#5244=CARTESIAN_POINT('',(-1.188185012624E1,-9.218653706350E0,
5.549749923889E0));
#5245=CARTESIAN_POINT('',(-1.189061314708E1,-8.886146731229E0,
6.039019082465E0));
#5246=CARTESIAN_POINT('',(-8.673419720615E0,1.378665579409E0,
-1.091326179522E1));
#5247=CARTESIAN_POINT('',(-8.682182741449E0,7.777839409627E-1,
-1.098917079912E1));
#5248=CARTESIAN_POINT('',(-8.699708783116E0,-4.365377874185E-1,
-1.104150862868E1));
#5249=CARTESIAN_POINT('',(-8.725997845616E0,-2.246143638479E0,
-1.081944190414E1));
#5250=CARTESIAN_POINT('',(-8.752286908116E0,-3.994602514413E0,
-1.030284581272E1));
#5251=CARTESIAN_POINT('',(-8.778575970616E0,-5.634319864474E0,
-9.505783596642E0));
#5252=CARTESIAN_POINT('',(-8.804865033116E0,-7.120658360335E0,
-8.449953022605E0));
#5253=CARTESIAN_POINT('',(-8.831154095616E0,-8.413156795470E0,
-7.164096194334E0));
#5254=CARTESIAN_POINT('',(-8.857443158117E0,-9.476630514396E0,
-5.683216998639E0));
#5255=CARTESIAN_POINT('',(-8.883732220617E0,-1.028212948454E1,
-4.047628254564E0));
#5256=CARTESIAN_POINT('',(-8.910021283117E0,-1.080772630396E1,
-2.301854298985E0));
#5257=CARTESIAN_POINT('',(-8.936310345617E0,-1.103911312937E1,
-4.934189378022E-1));
#5258=CARTESIAN_POINT('',(-8.962599408117E0,-1.096999115838E1,
1.328448257376E0));
#5259=CARTESIAN_POINT('',(-8.988888470617E0,-1.060224209462E1,
3.114152085643E0));
#5260=CARTESIAN_POINT('',(-9.015177533117E0,-9.945876919952E0,
4.815081805944E0));
#5261=CARTESIAN_POINT('',(-9.041466595617E0,-9.018763370711E0,
6.384934426332E0));
#5262=CARTESIAN_POINT('',(-9.067755658118E0,-7.846139536161E0,
7.780975170672E0));
#5263=CARTESIAN_POINT('',(-9.094044720618E0,-6.459926820341E0,
8.965200810183E0));
#5264=CARTESIAN_POINT('',(-9.120333783118E0,-4.897860970054E0,
9.905374191525E0));
#5265=CARTESIAN_POINT('',(-9.146622845618E0,-3.202464824378E0,
1.057590179944E1));
#5266=CARTESIAN_POINT('',(-9.172911908118E0,-1.419890749753E0,
1.095853046487E1));
#5267=CARTESIAN_POINT('',(-9.199200970618E0,4.013357279193E-1,
1.104284425291E1));
#5268=CARTESIAN_POINT('',(-9.225490033118E0,2.211636893070E0,1.082654800410E1));
#5269=CARTESIAN_POINT('',(-9.251779095618E0,3.961732452535E0,1.031552981090E1));
#5270=CARTESIAN_POINT('',(-9.278068158118E0,5.603981050565E0,9.523700728423E0));
#5271=CARTESIAN_POINT('',(-9.304357220618E0,7.093677167907E0,8.472616083221E0));
#5272=CARTESIAN_POINT('',(-9.330646283118E0,8.390268100620E0,7.190888688757E0));
#5273=CARTESIAN_POINT('',(-9.356935345618E0,9.458457889947E0,5.713409941403E0));
#5274=CARTESIAN_POINT('',(-9.383224408119E0,1.026916815198E1,4.080400000334E0));
#5275=CARTESIAN_POINT('',(-9.409513470619E0,1.080032965136E1,2.336312907571E0));
#5276=CARTESIAN_POINT('',(-9.435802533119E0,1.103748307083E1,
5.286264531598E-1));
#5277=CARTESIAN_POINT('',(-9.462091595619E0,1.097417262244E1,
-1.293450272039E0));
#5278=CARTESIAN_POINT('',(-9.488380658119E0,1.061212178567E1,
-3.080316452765E0));
#5279=CARTESIAN_POINT('',(-9.514669720619E0,9.961186388446E0,
-4.783329788889E0));
#5280=CARTESIAN_POINT('',(-9.540958783119E0,9.039086308593E0,
-6.356130641681E0));
#5281=CARTESIAN_POINT('',(-9.567247845619E0,7.870923099240E0,
-7.755904040790E0));
#5282=CARTESIAN_POINT('',(-9.593536908119E0,6.488496669663E0,
-8.944545197478E0));
#5283=CARTESIAN_POINT('',(-9.619825970619E0,4.929439622964E0,
-9.889696796442E0));
#5284=CARTESIAN_POINT('',(-9.646115033119E0,3.236192815786E0,
-1.056562982899E1));
#5285=CARTESIAN_POINT('',(-9.672404095619E0,1.454850027565E0,
-1.095394398954E1));
#5286=CARTESIAN_POINT('',(-9.698693158119E0,-3.660968101526E-1,
-1.104406856919E1));
#5287=CARTESIAN_POINT('',(-9.724982220619E0,-2.177077666786E0,
-1.083355021114E1));
#5288=CARTESIAN_POINT('',(-9.751271283119E0,-3.928793813585E0,
-1.032811969461E1));
#5289=CARTESIAN_POINT('',(-9.777560345619E0,-5.573559838751E0,
-9.541535929470E0));
#5290=CARTESIAN_POINT('',(-9.803849408119E0,-7.066601744383E0,
-8.495211408311E0));
#5291=CARTESIAN_POINT('',(-9.830138470619E0,-8.367275788331E0,
-7.217629312052E0));
#5292=CARTESIAN_POINT('',(-9.856427533119E0,-9.440174891588E0,
-5.743568136743E0));
#5293=CARTESIAN_POINT('',(-9.882716595619E0,-1.025609249252E1,
-4.113154948882E0));
#5294=CARTESIAN_POINT('',(-9.909005658119E0,-1.079281760987E1,
-2.370773041626E0));
#5295=CARTESIAN_POINT('',(-9.935294720619E0,-1.103573947124E1,
-5.638537278341E-1));
#5296=CARTESIAN_POINT('',(-9.961583783119E0,-1.097824524798E1,
1.258414840146E0));
#5297=CARTESIAN_POINT('',(-9.987872845619E0,-1.062190006922E1,
3.046426675317E0));
#5298=CARTESIAN_POINT('',(-1.001416190812E1,-9.976404414801E0,
4.751508334991E0));
#5299=CARTESIAN_POINT('',(-1.004045097062E1,-9.059330046997E0,
6.327243913745E0));
#5300=CARTESIAN_POINT('',(-1.006674003312E1,-7.895641669537E0,
7.730738581323E0));
#5301=CARTESIAN_POINT('',(-1.009302909562E1,-6.517017335410E0,
8.923786269363E0));
#5302=CARTESIAN_POINT('',(-1.011931815812E1,-4.960986103378E0,
9.873909720118E0));
#5303=CARTESIAN_POINT('',(-1.014560722062E1,-3.269906418016E0,
1.055524458489E1));
#5304=CARTESIAN_POINT('',(-1.017189628312E1,-1.489813023905E0,
1.094924350522E1));
#5305=CARTESIAN_POINT('',(-1.019818534562E1,3.308361966194E-1,
1.104518101029E1));
#5306=CARTESIAN_POINT('',(-1.022447440812E1,2.142479348478E0,1.084044548622E1));
#5307=CARTESIAN_POINT('',(-1.025076347062E1,3.895799702291E0,1.034061026924E1));
#5308=CARTESIAN_POINT('',(-1.027705253312E1,5.543068198822E0,9.559281927487E0));
#5309=CARTESIAN_POINT('',(-1.030334159562E1,7.039442733669E0,8.517729861515E0));
#5310=CARTESIAN_POINT('',(-1.032963065812E1,8.344188852980E0,7.244307306541E0));
#5311=CARTESIAN_POINT('',(-1.035591972062E1,9.421788630335E0,5.773679498004E0));
#5312=CARTESIAN_POINT('',(-1.038220878312E1,1.024290753887E1,4.145880011335E0));
#5313=CARTESIAN_POINT('',(-1.040849784562E1,1.078519299835E1,2.405220964350E0));
#5314=CARTESIAN_POINT('',(-1.043478690812E1,1.103388285921E1,
5.990867488117E-1));
#5315=CARTESIAN_POINT('',(-1.046107597062E1,1.098220725910E1,
-1.223355871715E0));
#5316=CARTESIAN_POINT('',(-1.048736503312E1,1.063157291296E1,
-3.012496183909E0));
#5317=CARTESIAN_POINT('',(-1.051365409562E1,9.991524819397E0,
-4.719630032011E0));
#5318=CARTESIAN_POINT('',(-1.053994315812E1,9.079486426245E0,
-6.298285646811E0));
#5319=CARTESIAN_POINT('',(-1.056623222062E1,7.920285328142E0,
-7.705488704484E0));
#5320=CARTESIAN_POINT('',(-1.059252128312E1,6.545477407858E0,
-8.902932177755E0));
#5321=CARTESIAN_POINT('',(-1.061881034562E1,4.992487819527E0,
-9.858019133588E0));
#5322=CARTESIAN_POINT('',(-1.064509940812E1,3.303592198003E0,
-1.054475009030E1));
#5323=CARTESIAN_POINT('',(-1.067138847062E1,1.524765827924E0,
-1.094443077837E1));
#5324=CARTESIAN_POINT('',(-1.069767753312E1,-2.955678995149E-1,
-1.104618103816E1));
#5325=CARTESIAN_POINT('',(-1.072396659562E1,-2.107855672507E0,
-1.084723100137E1));
#5326=CARTESIAN_POINT('',(-1.075025565812E1,-3.862763203521E0,
-1.035299649341E1));
#5327=CARTESIAN_POINT('',(-1.077654472062E1,-5.512518212069E0,
-9.576931604125E0));
#5328=CARTESIAN_POINT('',(-1.080283378312E1,-7.012210886555E0,
-8.540162440151E0));
#5329=CARTESIAN_POINT('',(-1.082912284562E1,-8.321016423940E0,
-7.270912028843E0));
#5330=CARTESIAN_POINT('',(-1.085541190812E1,-9.403306367100E0,
-5.803732029122E0));
#5331=CARTESIAN_POINT('',(-1.088170097062E1,-1.022961848698E1,
-4.178562163574E0));
#5332=CARTESIAN_POINT('',(-1.090799003312E1,-1.077745880725E1,
-2.439642976012E0));
#5333=CARTESIAN_POINT('',(-1.093427909562E1,-1.103191393872E1,
-6.343115114752E-1));
#5334=CARTESIAN_POINT('',(-1.096056815812E1,-1.098605705430E1,
1.188287297275E0));
#5335=CARTESIAN_POINT('',(-1.098685722062E1,-1.064113645320E1,
2.978538458012E0));
#5336=CARTESIAN_POINT('',(-1.101314628312E1,-1.000654158095E1,
4.687707543601E0));
#5337=CARTESIAN_POINT('',(-1.103943534562E1,-9.099547430396E0,
6.269267346025E0));
#5338=CARTESIAN_POINT('',(-1.106572440812E1,-7.944844281369E0,
7.680164445580E0));
#5339=CARTESIAN_POINT('',(-1.109201347062E1,-6.573865580605E0,
8.881991216556E0));
#5340=CARTESIAN_POINT('',(-1.111830253312E1,-5.023932258251E0,
9.842031364916E0));
#5341=CARTESIAN_POINT('',(-1.114459159562E1,-3.337236774442E0,
1.053415053621E1));
#5342=CARTESIAN_POINT('',(-1.117088065812E1,-1.559694552280E0,
1.093950774948E1));
#5343=CARTESIAN_POINT('',(-1.119716972062E1,2.603059364174E-1,
1.104706829028E1));
#5344=CARTESIAN_POINT('',(-1.122345878312E1,2.073220407363E0,1.085390410086E1));
#5345=CARTESIAN_POINT('',(-1.124974784562E1,3.829697464091E0,1.036527349006E1));
#5346=CARTESIAN_POINT('',(-1.127603690812E1,5.481922047870E0,9.594477992963E0));
#5347=CARTESIAN_POINT('',(-1.130232597062E1,6.984917065672E0,8.562500276946E0));
#5348=CARTESIAN_POINT('',(-1.132861503312E1,8.297767763136E0,7.297432950781E0));
#5349=CARTESIAN_POINT('',(-1.135490409562E1,9.384735512467E0,5.833713825913E0));
#5350=CARTESIAN_POINT('',(-1.138119315812E1,1.021623069556E1,4.211188447539E0));
#5351=CARTESIAN_POINT('',(-1.140748222062E1,1.076961819836E1,2.474025415330E0));
#5352=CARTESIAN_POINT('',(-1.143377128312E1,1.102983358909E1,
6.695140209981E-1));
#5353=CARTESIAN_POINT('',(-1.146006034562E1,1.098979320661E1,
-1.153223066486E0));
#5354=CARTESIAN_POINT('',(-1.148634940812E1,1.065058699532E1,
-2.944567024632E0));
#5355=CARTESIAN_POINT('',(-1.151263847062E1,1.002144883714E1,
-4.655753608057E0));
#5356=CARTESIAN_POINT('',(-1.153892753312E1,9.119505188052E0,
-6.240200616262E0));
#5357=CARTESIAN_POINT('',(-1.156521659562E1,7.969308861743E0,
-7.654775962020E0));
#5358=CARTESIAN_POINT('',(-1.159150565812E1,6.602170651698E0,
-8.860971820836E0));
#5359=CARTESIAN_POINT('',(-1.161779472062E1,5.055306986243E0,
-9.825952898559E0));
#5360=CARTESIAN_POINT('',(-1.164408378312E1,3.370826819119E0,
-1.052345028098E1));
#5361=CARTESIAN_POINT('',(-1.167037284562E1,1.594585334520E0,
-1.093447653285E1));
#5362=CARTESIAN_POINT('',(-1.169666190812E1,-2.250643288925E-1,
-1.104784257966E1));
#5363=CARTESIAN_POINT('',(-1.172295097062E1,-2.038587354288E0,
-1.086046230147E1));
#5364=CARTESIAN_POINT('',(-1.174924003312E1,-3.796615691444E0,
-1.037743654690E1));
#5365=CARTESIAN_POINT('',(-1.177552909562E1,-5.451291962466E0,
-9.611914280162E0));
#5366=CARTESIAN_POINT('',(-1.180181815812E1,-6.957572244353E0,
-8.584734640841E0));
#5367=CARTESIAN_POINT('',(-1.182810722062E1,-8.274452264141E0,
-7.323859660482E0));
#5368=CARTESIAN_POINT('',(-1.185439628312E1,-9.366083625643E0,
-5.863613076860E0));
#5369=CARTESIAN_POINT('',(-1.188068534562E1,-1.020274968633E1,
-4.243745973820E0));
#5370=CARTESIAN_POINT('',(-1.190697440812E1,-1.076167450105E1,
-2.508354655831E0));
#5371=CARTESIAN_POINT('',(-1.193326347062E1,-1.102764287742E1,
-7.046803122879E-1));
#5372=CARTESIAN_POINT('',(-1.195955253312E1,-1.099341441662E1,
1.118177215995E0));
#5373=CARTESIAN_POINT('',(-1.198584159562E1,-1.065992118967E1,
2.910595198461E0));
#5374=CARTESIAN_POINT('',(-1.201213065812E1,-1.003624022953E1,
4.623782001602E0));
#5375=CARTESIAN_POINT('',(-1.202965669978E1,-9.438316356203E0,
5.681989707824E0));
#5376=CARTESIAN_POINT('',(-1.203841972062E1,-9.097886384344E0,
6.182917202128E0));
#5377=B_SPLINE_SURFACE_WITH_KNOTS('',3,3,((#4853,#4854,#4855,#4856,#4857,#4858,
#4859,#4860,#4861,#4862,#4863,#4864,#4865,#4866,#4867,#4868,#4869,#4870,#4871,
#4872,#4873,#4874,#4875,#4876,#4877,#4878,#4879,#4880,#4881,#4882,#4883,#4884,
#4885,#4886,#4887,#4888,#4889,#4890,#4891,#4892,#4893,#4894,#4895,#4896,#4897,
#4898,#4899,#4900,#4901,#4902,#4903,#4904,#4905,#4906,#4907,#4908,#4909,#4910,
#4911,#4912,#4913,#4914,#4915,#4916,#4917,#4918,#4919,#4920,#4921,#4922,#4923,
#4924,#4925,#4926,#4927,#4928,#4929,#4930,#4931,#4932,#4933,#4934,#4935,#4936,
#4937,#4938,#4939,#4940,#4941,#4942,#4943,#4944,#4945,#4946,#4947,#4948,#4949,
#4950,#4951,#4952,#4953,#4954,#4955,#4956,#4957,#4958,#4959,#4960,#4961,#4962,
#4963,#4964,#4965,#4966,#4967,#4968,#4969,#4970,#4971,#4972,#4973,#4974,#4975,
#4976,#4977,#4978,#4979,#4980,#4981,#4982,#4983),(#4984,#4985,#4986,#4987,#4988,
#4989,#4990,#4991,#4992,#4993,#4994,#4995,#4996,#4997,#4998,#4999,#5000,#5001,
#5002,#5003,#5004,#5005,#5006,#5007,#5008,#5009,#5010,#5011,#5012,#5013,#5014,
#5015,#5016,#5017,#5018,#5019,#5020,#5021,#5022,#5023,#5024,#5025,#5026,#5027,
#5028,#5029,#5030,#5031,#5032,#5033,#5034,#5035,#5036,#5037,#5038,#5039,#5040,
#5041,#5042,#5043,#5044,#5045,#5046,#5047,#5048,#5049,#5050,#5051,#5052,#5053,
#5054,#5055,#5056,#5057,#5058,#5059,#5060,#5061,#5062,#5063,#5064,#5065,#5066,
#5067,#5068,#5069,#5070,#5071,#5072,#5073,#5074,#5075,#5076,#5077,#5078,#5079,
#5080,#5081,#5082,#5083,#5084,#5085,#5086,#5087,#5088,#5089,#5090,#5091,#5092,
#5093,#5094,#5095,#5096,#5097,#5098,#5099,#5100,#5101,#5102,#5103,#5104,#5105,
#5106,#5107,#5108,#5109,#5110,#5111,#5112,#5113,#5114),(#5115,#5116,#5117,#5118,
#5119,#5120,#5121,#5122,#5123,#5124,#5125,#5126,#5127,#5128,#5129,#5130,#5131,
#5132,#5133,#5134,#5135,#5136,#5137,#5138,#5139,#5140,#5141,#5142,#5143,#5144,
#5145,#5146,#5147,#5148,#5149,#5150,#5151,#5152,#5153,#5154,#5155,#5156,#5157,
#5158,#5159,#5160,#5161,#5162,#5163,#5164,#5165,#5166,#5167,#5168,#5169,#5170,
#5171,#5172,#5173,#5174,#5175,#5176,#5177,#5178,#5179,#5180,#5181,#5182,#5183,
#5184,#5185,#5186,#5187,#5188,#5189,#5190,#5191,#5192,#5193,#5194,#5195,#5196,
#5197,#5198,#5199,#5200,#5201,#5202,#5203,#5204,#5205,#5206,#5207,#5208,#5209,
#5210,#5211,#5212,#5213,#5214,#5215,#5216,#5217,#5218,#5219,#5220,#5221,#5222,
#5223,#5224,#5225,#5226,#5227,#5228,#5229,#5230,#5231,#5232,#5233,#5234,#5235,
#5236,#5237,#5238,#5239,#5240,#5241,#5242,#5243,#5244,#5245),(#5246,#5247,#5248,
#5249,#5250,#5251,#5252,#5253,#5254,#5255,#5256,#5257,#5258,#5259,#5260,#5261,
#5262,#5263,#5264,#5265,#5266,#5267,#5268,#5269,#5270,#5271,#5272,#5273,#5274,
#5275,#5276,#5277,#5278,#5279,#5280,#5281,#5282,#5283,#5284,#5285,#5286,#5287,
#5288,#5289,#5290,#5291,#5292,#5293,#5294,#5295,#5296,#5297,#5298,#5299,#5300,
#5301,#5302,#5303,#5304,#5305,#5306,#5307,#5308,#5309,#5310,#5311,#5312,#5313,
#5314,#5315,#5316,#5317,#5318,#5319,#5320,#5321,#5322,#5323,#5324,#5325,#5326,
#5327,#5328,#5329,#5330,#5331,#5332,#5333,#5334,#5335,#5336,#5337,#5338,#5339,
#5340,#5341,#5342,#5343,#5344,#5345,#5346,#5347,#5348,#5349,#5350,#5351,#5352,
#5353,#5354,#5355,#5356,#5357,#5358,#5359,#5360,#5361,#5362,#5363,#5364,#5365,
#5366,#5367,#5368,#5369,#5370,#5371,#5372,#5373,#5374,#5375,#5376)),
.UNSPECIFIED.,.F.,.F.,.F.,(4,4),(4,1,1,1,1,1,1,1,1,1,1,1,1,1,1,1,1,1,1,1,1,1,1,
1,1,1,1,1,1,1,1,1,1,1,1,1,1,1,1,1,1,1,1,1,1,1,1,1,1,1,1,1,1,1,1,1,1,1,1,1,1,1,1,
1,1,1,1,1,1,1,1,1,1,1,1,1,1,1,1,1,1,1,1,1,1,1,1,1,1,1,1,1,1,1,1,1,1,1,1,1,1,1,1,
1,1,1,1,1,1,1,1,1,1,1,1,1,1,1,1,1,1,1,1,1,1,1,1,1,4),(0.E0,8.868394412309E-1),(
0.E0,7.8125E-3,1.5625E-2,2.34375E-2,3.125E-2,3.90625E-2,4.6875E-2,5.46875E-2,
6.25E-2,7.03125E-2,7.8125E-2,8.59375E-2,9.375E-2,1.015625E-1,1.09375E-1,
1.171875E-1,1.25E-1,1.328125E-1,1.40625E-1,1.484375E-1,1.5625E-1,1.640625E-1,
1.71875E-1,1.796875E-1,1.875E-1,1.953125E-1,2.03125E-1,2.109375E-1,2.1875E-1,
2.265625E-1,2.34375E-1,2.421875E-1,2.5E-1,2.578125E-1,2.65625E-1,2.734375E-1,
2.8125E-1,2.890625E-1,2.96875E-1,3.046875E-1,3.125E-1,3.203125E-1,3.28125E-1,
3.359375E-1,3.4375E-1,3.515625E-1,3.59375E-1,3.671875E-1,3.75E-1,3.828125E-1,
3.90625E-1,3.984375E-1,4.0625E-1,4.140625E-1,4.21875E-1,4.296875E-1,4.375E-1,
4.453125E-1,4.53125E-1,4.609375E-1,4.6875E-1,4.765625E-1,4.84375E-1,4.921875E-1,
5.E-1,5.078125E-1,5.15625E-1,5.234375E-1,5.3125E-1,5.390625E-1,5.46875E-1,
5.546875E-1,5.625E-1,5.703125E-1,5.78125E-1,5.859375E-1,5.9375E-1,6.015625E-1,
6.09375E-1,6.171875E-1,6.25E-1,6.328125E-1,6.40625E-1,6.484375E-1,6.5625E-1,
6.640625E-1,6.71875E-1,6.796875E-1,6.875E-1,6.953125E-1,7.03125E-1,7.109375E-1,
7.1875E-1,7.265625E-1,7.34375E-1,7.421875E-1,7.5E-1,7.578125E-1,7.65625E-1,
7.734375E-1,7.8125E-1,7.890625E-1,7.96875E-1,8.046875E-1,8.125E-1,8.203125E-1,
8.28125E-1,8.359375E-1,8.4375E-1,8.515625E-1,8.59375E-1,8.671875E-1,8.75E-1,
8.828125E-1,8.90625E-1,8.984375E-1,9.0625E-1,9.140625E-1,9.21875E-1,9.296875E-1,
9.375E-1,9.453125E-1,9.53125E-1,9.609375E-1,9.6875E-1,9.765625E-1,9.84375E-1,
9.921875E-1,1.E0),.UNSPECIFIED.);
#5378=ORIENTED_EDGE('',*,*,#2292,.T.);
#5379=ORIENTED_EDGE('',*,*,#2519,.T.);
#5380=ORIENTED_EDGE('',*,*,#2304,.T.);
#5381=ORIENTED_EDGE('',*,*,#2558,.T.);
#5383=ORIENTED_EDGE('',*,*,#5382,.F.);
#5384=ORIENTED_EDGE('',*,*,#4839,.F.);
#5385=ORIENTED_EDGE('',*,*,#4303,.T.);
#5386=ORIENTED_EDGE('',*,*,#2262,.T.);
#5387=ORIENTED_EDGE('',*,*,#2533,.T.);
#5388=ORIENTED_EDGE('',*,*,#2276,.T.);
#5389=ORIENTED_EDGE('',*,*,#2547,.T.);
#5390=EDGE_LOOP('',(#5378,#5379,#5380,#5381,#5383,#5384,#5385,#5386,#5387,#5388,
#5389));
#5391=FACE_OUTER_BOUND('',#5390,.F.);
#5392=ADVANCED_FACE('',(#5391),#5377,.F.);
#5393=CARTESIAN_POINT('',(-1.115158027938E1,-9.097886384347E0,
6.182917202130E0));
#5394=CARTESIAN_POINT('',(-1.116034330022E1,-8.757456411301E0,
6.683844695633E0));
#5395=CARTESIAN_POINT('',(-1.117786934188E1,-7.993670229315E0,
7.629332493878E0));
#5396=CARTESIAN_POINT('',(-1.120415840438E1,-6.630381700173E0,
8.839882514593E0));
#5397=CARTESIAN_POINT('',(-1.123044746688E1,-5.086600652785E0,
9.809789747389E0));
#5398=CARTESIAN_POINT('',(-1.125673652938E1,-3.404350921948E0,
1.051265318184E1));
#5399=CARTESIAN_POINT('',(-1.128302559188E1,-1.629427437509E0,
1.092933885442E1));
#5400=CARTESIAN_POINT('',(-1.130931465438E1,1.898525544053E-1,
1.104850386046E1));
#5401=CARTESIAN_POINT('',(-1.133560371688E1,2.003964220668E0,1.086690428606E1));
#5402=CARTESIAN_POINT('',(-1.136189277938E1,3.763523469427E0,1.038948373690E1));
#5403=CARTESIAN_POINT('',(-1.138818184188E1,5.420631251633E0,9.629238698302E0));
#5404=CARTESIAN_POINT('',(-1.141447090438E1,6.930177487893E0,8.606864755388E0));
#5405=CARTESIAN_POINT('',(-1.144075996688E1,8.251069058826E0,7.350193206583E0));
#5406=CARTESIAN_POINT('',(-1.146704902938E1,9.347348448165E0,5.893433433422E0));
#5407=CARTESIAN_POINT('',(-1.149333809188E1,1.018917258203E1,4.276241644065E0));
#5408=CARTESIAN_POINT('',(-1.151962715438E1,1.075362521966E1,2.542641343301E0));
#5409=CARTESIAN_POINT('',(-1.154591621688E1,1.102534078029E1,
7.398249157844E-1));
#5410=CARTESIAN_POINT('',(-1.157220527938E1,1.099692262460E1,
-1.083131053844E0));
#5411=CARTESIAN_POINT('',(-1.159849434188E1,1.066914440410E1,
-2.876601752180E0));
#5412=CARTESIAN_POINT('',(-1.162478340438E1,1.005092899773E1,
-4.591765031599E0));
#5413=CARTESIAN_POINT('',(-1.165107246688E1,9.159105608862E0,
-6.181930453880E0));
#5414=CARTESIAN_POINT('',(-1.167736152938E1,8.017951635463E0,
-7.603810303525E0));
#5415=CARTESIAN_POINT('',(-1.170365059188E1,6.658531784588E0,
-8.818697971107E0));
#5416=CARTESIAN_POINT('',(-1.172993965438E1,5.117852422157E0,
-9.793521628609E0));
#5417=CARTESIAN_POINT('',(-1.175622871688E1,3.437854178450E0,
-1.050174451353E1));
#5418=CARTESIAN_POINT('',(-1.178251777938E1,1.664270232839E0,
-1.092408731420E1));
#5419=CARTESIAN_POINT('',(-1.180880684188E1,-1.546186422715E-1,
-1.104905299154E1));
#5420=CARTESIAN_POINT('',(-1.183509590438E1,-1.969298387906E0,
-1.087323975059E1));
#5421=CARTESIAN_POINT('',(-1.186138496688E1,-3.730369537139E0,
-1.040143364218E1));
#5422=CARTESIAN_POINT('',(-1.188767402938E1,-5.389891973764E0,
-9.646478274029E0));
#5423=CARTESIAN_POINT('',(-1.191396309188E1,-6.902689963836E0,
-8.628925178085E0));
#5424=CARTESIAN_POINT('',(-1.194025215438E1,-8.227581934408E0,
-7.376474352024E0));
#5425=CARTESIAN_POINT('',(-1.196654121688E1,-9.328501522309E0,
-5.923220204529E0));
#5426=CARTESIAN_POINT('',(-1.199283027938E1,-1.017547937572E1,
-4.308723431475E0));
#5427=CARTESIAN_POINT('',(-1.201911934188E1,-1.074545898190E1,
-2.576934088527E0));
#5428=CARTESIAN_POINT('',(-1.204540840438E1,-1.102292431257E1,
-7.749951764599E-1));
#5429=CARTESIAN_POINT('',(-1.207169746688E1,-1.100032220120E1,
1.048040691846E0));
#5430=CARTESIAN_POINT('',(-1.209798652938E1,-1.067826795436E1,
2.842546607686E0));
#5431=CARTESIAN_POINT('',(-1.212427559188E1,-1.006552859990E1,
4.559672315956E0));
#5432=CARTESIAN_POINT('',(-1.215056465438E1,-9.178784228161E0,
6.152674022051E0));
#5433=CARTESIAN_POINT('',(-1.217685371688E1,-8.042173923096E0,
7.578186856112E0));
#5434=CARTESIAN_POINT('',(-1.220314277938E1,-6.686638643991E0,
8.797405355511E0));
#5435=CARTESIAN_POINT('',(-1.222943184188E1,-5.149078946055E0,
9.777139830397E0));
#5436=CARTESIAN_POINT('',(-1.225572090438E1,-3.471350468510E0,
1.049071985587E1));
#5437=CARTESIAN_POINT('',(-1.228200996688E1,-1.699124535142E0,
1.091872029588E1));
#5438=CARTESIAN_POINT('',(-1.230829902938E1,1.193551158056E-1,
1.104949009505E1));
#5439=CARTESIAN_POINT('',(-1.233458809188E1,1.934585627997E0,1.087946944355E1));
#5440=CARTESIAN_POINT('',(-1.236087715438E1,3.697152598908E0,1.041328668141E1));
#5441=CARTESIAN_POINT('',(-1.238716621688E1,5.359075243582E0,9.663632304080E0));
#5442=CARTESIAN_POINT('',(-1.241345527938E1,6.875112532056E0,8.650913499454E0));
#5443=CARTESIAN_POINT('',(-1.243974434188E1,8.203994744709E0,7.402698620335E0));
#5444=CARTESIAN_POINT('',(-1.246603340438E1,9.309546920036E0,5.952966715199E0));
#5445=CARTESIAN_POINT('',(-1.249232246688E1,1.016167361230E1,4.341182546532E0));
#5446=CARTESIAN_POINT('',(-1.251861152938E1,1.073717815192E1,2.611222276724E0));
#5447=CARTESIAN_POINT('',(-1.254490059188E1,1.102039410668E1,
8.101790666027E-1));
#5448=CARTESIAN_POINT('',(-1.257118965438E1,1.100361175409E1,
-1.012918899287E0));
#5449=CARTESIAN_POINT('',(-1.259747871688E1,1.068728795546E1,
-2.808443062631E0));
#5450=CARTESIAN_POINT('',(-1.262376777938E1,1.008003371851E1,
-4.527515484581E0));
#5451=CARTESIAN_POINT('',(-1.265005684188E1,9.198379787164E0,
-6.123339405419E0));
#5452=CARTESIAN_POINT('',(-1.267634590438E1,8.066326639585E0,
-7.552473150081E0));
#5453=CARTESIAN_POINT('',(-1.270263496688E1,6.714691144575E0,
-8.776012701189E0));
#5454=CARTESIAN_POINT('',(-1.272892402938E1,5.180267661633E0,
-9.760650747494E0));
#5455=CARTESIAN_POINT('',(-1.275521309188E1,3.504826421338E0,
-1.047958337828E1));
#5456=CARTESIAN_POINT('',(-1.278150215438E1,1.733976452192E0,
-1.091323974160E1));
#5457=CARTESIAN_POINT('',(-1.280779121688E1,-8.407599254622E-2,
-1.104981480357E1));
#5458=CARTESIAN_POINT('',(-1.283408027938E1,-1.899839709871E0,
-1.088559070594E1));
#5459=CARTESIAN_POINT('',(-1.286036934188E1,-3.663885801014E0,
-1.042503797381E1));
#5460=CARTESIAN_POINT('',(-1.288665840438E1,-5.328193229362E0,
-9.680693818612E0));
#5461=CARTESIAN_POINT('',(-1.291294746688E1,-6.847456053442E0,
-8.672820849038E0));
#5462=CARTESIAN_POINT('',(-1.293923652938E1,-8.180316749368E0,
-7.428855480544E0));
#5463=CARTESIAN_POINT('',(-1.296552559188E1,-9.290492049168E0,
-5.982661058921E0));
#5464=CARTESIAN_POINT('',(-1.299181465438E1,-1.014776064732E1,
-4.373606029400E0));
#5465=CARTESIAN_POINT('',(-1.301810371688E1,-1.072878588809E1,
-2.645492245441E0));
#5466=CARTESIAN_POINT('',(-1.304439277938E1,-1.101775103840E1,
-8.453625908658E-1));
#5467=CARTESIAN_POINT('',(-1.307068184188E1,-1.100678985273E1,
9.777796256831E-1));
#5468=CARTESIAN_POINT('',(-1.309697090438E1,-1.069620070927E1,
2.774304643219E0));
#5469=CARTESIAN_POINT('',(-1.312325996688E1,-1.009443848795E1,
4.495307274336E0));
#5470=CARTESIAN_POINT('',(-1.314954902938E1,-9.217884411502E0,
6.093938206842E0));
#5471=CARTESIAN_POINT('',(-1.317583809188E1,-8.090400114902E0,
7.526679340314E0));
#5472=CARTESIAN_POINT('',(-1.320212715438E1,-6.742678082339E0,
8.754528440252E0));
#5473=CARTESIAN_POINT('',(-1.322841621688E1,-5.211406134116E0,
9.744060861074E0));
#5474=CARTESIAN_POINT('',(-1.325470527938E1,-3.538268707882E0,
1.046833943562E1));
#5475=CARTESIAN_POINT('',(-1.328099434188E1,-1.768812121356E0,
1.090764776205E1));
#5476=CARTESIAN_POINT('',(-1.330728340438E1,4.879529357297E-2,
1.105002692657E1));
#5477=CARTESIAN_POINT('',(-1.333357246688E1,1.865074433637E0,1.089160105110E1));
#5478=CARTESIAN_POINT('',(-1.335986152938E1,3.630582349151E0,1.043668280394E1));
#5479=CARTESIAN_POINT('',(-1.338615059188E1,5.297258185033E0,9.697656000992E0));
#5480=CARTESIAN_POINT('',(-1.341243965438E1,6.819731498561E0,8.694638493483E0));
#5481=CARTESIAN_POINT('',(-1.343872871688E1,8.156557338725E0,7.454934518908E0));
#5482=CARTESIAN_POINT('',(-1.346501777938E1,9.271344465708E0,6.012291423373E0));
#5483=CARTESIAN_POINT('',(-1.349130684188E1,1.013374599799E1,4.405980988827E0));
#5484=CARTESIAN_POINT('',(-1.351759590438E1,1.072028551953E1,2.679730373343E0));
#5485=CARTESIAN_POINT('',(-1.354388496688E1,1.101499615863E1,
8.805317664328E-1));
#5486=CARTESIAN_POINT('',(-1.357017402938E1,1.100985524140E1,
-9.426368369474E-1));
#5487=CARTESIAN_POINT('',(-1.359646309188E1,1.070500268743E1,
-2.740144920531E0));
#5488=CARTESIAN_POINT('',(-1.362275215438E1,1.010873720270E1,
-4.463060494230E0));
#5489=CARTESIAN_POINT('',(-1.364904121688E1,9.237290372891E0,
-6.064482126635E0));
#5490=CARTESIAN_POINT('',(-1.367533027938E1,8.114384807128E0,
-7.500815701810E0));
#5491=CARTESIAN_POINT('',(-1.370161934188E1,6.770588359935E0,
-8.732961144340E0));
#5492=CARTESIAN_POINT('',(-1.372790840438E1,5.242482011024E0,
-9.727376807456E0));
#5493=CARTESIAN_POINT('',(-1.375419746688E1,3.571664054800E0,
-1.045699254930E1));
#5494=CARTESIAN_POINT('',(-1.378048652938E1,1.803617707608E0,
-1.090194664140E1));
#5495=CARTESIAN_POINT('',(-1.380677559188E1,-1.352704120722E-2,
-1.105012644911E1));
#5496=CARTESIAN_POINT('',(-1.383306465438E1,-1.830303629457E0,
-1.089749816543E1));
#5497=CARTESIAN_POINT('',(-1.385935371688E1,-3.597255507072E0,
-1.044821662211E1));
#5498=CARTESIAN_POINT('',(-1.388564277938E1,-5.266282449007E0,
-9.714512188550E0));
#5499=CARTESIAN_POINT('',(-1.391193184188E1,-6.791949946596E0,
-8.716357837438E0));
#5500=CARTESIAN_POINT('',(-1.393822090438E1,-8.132726032914E0,
-7.480925439985E0));
#5501=CARTESIAN_POINT('',(-1.396450996688E1,-9.252111873117E0,
-6.041846091612E0));
#5502=CARTESIAN_POINT('',(-1.399079902938E1,-1.011963534262E1,
-4.438294603435E0));
#5503=CARTESIAN_POINT('',(-1.401708809188E1,-1.071168054572E1,
-2.713923081567E0));
#5504=CARTESIAN_POINT('',(-1.404337715438E1,-1.101213069335E1,
-9.156726244102E-1));
#5505=CARTESIAN_POINT('',(-1.406966621688E1,-1.101280683935E1,
9.075045139987E-1));
#5506=CARTESIAN_POINT('',(-1.409595527938E1,-1.071369053173E1,
2.705977509176E0));
#5507=CARTESIAN_POINT('',(-1.412224434188E1,-1.012292431790E1,
4.430788024135E0));
#5508=CARTESIAN_POINT('',(-1.414853340438E1,-9.256590089891E0,
6.034982961390E0));
#5509=CARTESIAN_POINT('',(-1.417482246688E1,-8.138271303379E0,
7.474892628648E0));
#5510=CARTESIAN_POINT('',(-1.420111152938E1,-6.798410987747E0,
8.711319523732E0));
#5511=CARTESIAN_POINT('',(-1.422740059188E1,-5.273483023384E0,
9.710605377396E0));
#5512=CARTESIAN_POINT('',(-1.425368965438E1,-3.604999245761E0,
1.044554740678E1));
#5513=CARTESIAN_POINT('',(-1.427997871688E1,-1.838379404893E0,
1.089613883689E1));
#5514=CARTESIAN_POINT('',(-1.430626777938E1,-2.171474241188E-2,
1.105011353191E1));
#5515=CARTESIAN_POINT('',(-1.433255684188E1,1.795541156274E0,1.090327990808E1));
#5516=CARTESIAN_POINT('',(-1.435884590438E1,3.563918594840E0,1.045963504629E1));
#5517=CARTESIAN_POINT('',(-1.438513496688E1,5.235278444403E0,9.731255867341E0));
#5518=CARTESIAN_POINT('',(-1.441142402938E1,6.764122578597E0,8.737970446062E0));
#5519=CARTESIAN_POINT('',(-1.443771309188E1,8.108832501662E0,7.506817986472E0));
#5520=CARTESIAN_POINT('',(-1.446400215438E1,9.232802043724E0,6.071313745862E0));
#5521=CARTESIAN_POINT('',(-1.449029121688E1,1.010543480999E1,4.470532993315E0));
#5522=CARTESIAN_POINT('',(-1.450781725855E1,1.050379397240E1,3.322218365032E0));
#5523=CARTESIAN_POINT('',(-1.451658027938E1,1.065441485126E1,2.735588779056E0));
#5524=CARTESIAN_POINT('',(-1.129938685292E1,-8.886146731231E0,
6.039019082466E0));
#5525=CARTESIAN_POINT('',(-1.130814987375E1,-8.553639754951E0,
6.528288240260E0));
#5526=CARTESIAN_POINT('',(-1.132567591542E1,-7.807629550197E0,
7.451771228820E0));
#5527=CARTESIAN_POINT('',(-1.135196497792E1,-6.476069515792E0,
8.634147514380E0));
#5528=CARTESIAN_POINT('',(-1.137825404042E1,-4.968217655651E0,
9.581481611796E0));
#5529=CARTESIAN_POINT('',(-1.140454310292E1,-3.325119762881E0,
1.026798695454E1));
#5530=CARTESIAN_POINT('',(-1.143083216542E1,-1.591504959054E0,
1.067497489338E1));
#5531=CARTESIAN_POINT('',(-1.145712122792E1,1.854340210982E-1,
1.079136651272E1));
#5532=CARTESIAN_POINT('',(-1.148341029042E1,1.957324960623E0,1.061399339591E1));
#5533=CARTESIAN_POINT('',(-1.150969935292E1,3.675933108299E0,1.014768409360E1));
#5534=CARTESIAN_POINT('',(-1.153598841542E1,5.294474193565E0,9.405132617437E0));
#5535=CARTESIAN_POINT('',(-1.156227747792E1,6.768888006432E0,8.406552893849E0));
#5536=CARTESIAN_POINT('',(-1.158856654042E1,8.059037808210E0,7.179128489554E0));
#5537=CARTESIAN_POINT('',(-1.161485560292E1,9.129802939862E0,5.756272614070E0));
#5538=CARTESIAN_POINT('',(-1.164114466542E1,9.952034880272E0,4.176718536817E0));
#5539=CARTESIAN_POINT('',(-1.166743372792E1,1.050335072979E1,2.483465181577E0));
#5540=CARTESIAN_POINT('',(-1.169372279042E1,1.076874251849E1,
7.226066010665E-1));
#5541=CARTESIAN_POINT('',(-1.172001185292E1,1.074098575272E1,
-1.057922803935E0));
#5542=CARTESIAN_POINT('',(-1.174630091542E1,1.042083607844E1,
-2.809653163087E0));
#5543=CARTESIAN_POINT('',(-1.177258997792E1,9.817008707941E0,
-4.484898590987E0));
#5544=CARTESIAN_POINT('',(-1.179887904042E1,8.945941170163E0,
-6.038055299301E0));
#5545=CARTESIAN_POINT('',(-1.182516810292E1,7.831345843055E0,
-7.426843029148E0));
#5546=CARTESIAN_POINT('',(-1.185145716542E1,6.503564449235E0,
-8.613456009353E0));
#5547=CARTESIAN_POINT('',(-1.187774622792E1,4.998742086988E0,
-9.565592109068E0));
#5548=CARTESIAN_POINT('',(-1.190403529042E1,3.357843281363E0,
-1.025733216912E1));
#5549=CARTESIAN_POINT('',(-1.193032435292E1,1.625536840609E0,
-1.066984557488E1));
#5550=CARTESIAN_POINT('',(-1.195661341542E1,-1.510201253962E-1,
-1.079190286361E1));
#5551=CARTESIAN_POINT('',(-1.198290247792E1,-1.923465923098E0,
-1.062018141201E1));
#5552=CARTESIAN_POINT('',(-1.200919154042E1,-3.643550784033E0,
-1.015935588277E1));
#5553=CARTESIAN_POINT('',(-1.203548060292E1,-5.264450326260E0,
-9.421970967910E0));
#5554=CARTESIAN_POINT('',(-1.206176966542E1,-6.742040213250E0,
-8.428099893312E0));
#5555=CARTESIAN_POINT('',(-1.208805872792E1,-8.036097311367E0,
-7.204797980774E0));
#5556=CARTESIAN_POINT('',(-1.211434779042E1,-9.111394647923E0,
-5.785366142778E0));
#5557=CARTESIAN_POINT('',(-1.214063685292E1,-9.938660362791E0,
-4.208444359369E0));
#5558=CARTESIAN_POINT('',(-1.216692591542E1,-1.049537454896E1,
-2.516959814618E0));
#5559=CARTESIAN_POINT('',(-1.219321497792E1,-1.076638229043E1,
-7.569583267026E-1));
#5560=CARTESIAN_POINT('',(-1.221950404042E1,-1.074430620928E1,
1.023649117454E0));
#5561=CARTESIAN_POINT('',(-1.224579310292E1,-1.042974729176E1,
2.776390600976E0));
#5562=CARTESIAN_POINT('',(-1.227208216542E1,-9.831268526282E0,
4.453552785142E0));
#5563=CARTESIAN_POINT('',(-1.229837122792E1,-8.965161799128E0,
6.009479767019E0));
#5564=CARTESIAN_POINT('',(-1.232466029042E1,-7.855004393292E0,
7.401815929022E0));
#5565=CARTESIAN_POINT('',(-1.235094935292E1,-6.531017163664E0,
8.592658947433E0));
#5566=CARTESIAN_POINT('',(-1.237723841542E1,-5.029241860403E0,
9.549591572626E0));
#5567=CARTESIAN_POINT('',(-1.240352747792E1,-3.390559995537E0,
1.024656409382E1));
#5568=CARTESIAN_POINT('',(-1.242981654042E1,-1.659579961330E0,
1.066460346586E1));
#5569=CARTESIAN_POINT('',(-1.245610560292E1,1.165773045911E-1,
1.079232979418E1));
#5570=CARTESIAN_POINT('',(-1.248239466542E1,1.889561050584E0,1.062626611821E1));
#5571=CARTESIAN_POINT('',(-1.250868372792E1,3.611106920193E0,1.017093306029E1));
#5572=CARTESIAN_POINT('',(-1.253497279042E1,5.234350809228E0,9.438725763652E0));
#5573=CARTESIAN_POINT('',(-1.256126185292E1,6.715104604810E0,8.449576469497E0));
#5574=CARTESIAN_POINT('',(-1.258755091542E1,8.013059078112E0,7.230411918593E0));
#5575=CARTESIAN_POINT('',(-1.261383997792E1,9.092881185573E0,5.814420348051E0));
#5576=CARTESIAN_POINT('',(-1.264012904042E1,9.925175907792E0,4.240148037232E0));
#5577=CARTESIAN_POINT('',(-1.266641810292E1,1.048728644287E1,2.550449996689E0));
#5578=CARTESIAN_POINT('',(-1.269270716542E1,1.076391097128E1,
7.913233646005E-1));
#5579=CARTESIAN_POINT('',(-1.271899622792E1,1.074751920277E1,
-9.893447319118E-1));
#5580=CARTESIAN_POINT('',(-1.274528529042E1,1.043855736587E1,
-2.743080764756E0));
#5581=CARTESIAN_POINT('',(-1.277157435292E1,9.845436060026E0,
-4.422144355761E0));
#5582=CARTESIAN_POINT('',(-1.279786341542E1,8.984301300901E0,
-5.980827869568E0));
#5583=CARTESIAN_POINT('',(-1.282415247792E1,7.878594991549E0,
-7.376700670912E0));
#5584=CARTESIAN_POINT('',(-1.285044154042E1,6.558416784392E0,
-8.571764175037E0));
#5585=CARTESIAN_POINT('',(-1.287673060292E1,5.059704705429E0,
-9.533486248383E0));
#5586=CARTESIAN_POINT('',(-1.290301966542E1,3.423256845799E0,
-1.023568680103E1));
#5587=CARTESIAN_POINT('',(-1.292930872792E1,1.693620752310E0,
-1.065925046325E1));
#5588=CARTESIAN_POINT('',(-1.295559779042E1,-8.211924998437E-2,
-1.079264694561E1));
#5589=CARTESIAN_POINT('',(-1.298188685292E1,-1.855623791562E0,
-1.063224491740E1));
#5590=CARTESIAN_POINT('',(-1.300817591542E1,-3.578614357098E0,
-1.018241085900E1));
#5591=CARTESIAN_POINT('',(-1.303446497792E1,-5.204187527546E0,
-9.455390197037E0));
#5592=CARTESIAN_POINT('',(-1.306075404042E1,-6.688091789233E0,
-8.470973958395E0));
#5593=CARTESIAN_POINT('',(-1.308704310292E1,-7.989932152581E0,
-7.255960017132E0));
#5594=CARTESIAN_POINT('',(-1.311333216542E1,-9.074269788230E0,
-5.843423600483E0));
#5595=CARTESIAN_POINT('',(-1.313962122792E1,-9.911586746196E0,
-4.271816912193E0));
#5596=CARTESIAN_POINT('',(-1.316591029042E1,-1.047908949639E1,
-2.583922383311E0));
#5597=CARTESIAN_POINT('',(-1.319219935292E1,-1.076132941645E1,
-8.256880451340E-1));
#5598=CARTESIAN_POINT('',(-1.321848841542E1,-1.075062333592E1,
9.550232721702E-1));
#5599=CARTESIAN_POINT('',(-1.324477747792E1,-1.044726268870E1,
2.709736865827E0));
#5600=CARTESIAN_POINT('',(-1.327106654042E1,-9.859505580069E0,
4.390685743277E0));
#5601=CARTESIAN_POINT('',(-1.329735560292E1,-9.003351984376E0,
5.952110939768E0));
#5602=CARTESIAN_POINT('',(-1.332364466542E1,-7.902108192853E0,
7.351507173360E0));
#5603=CARTESIAN_POINT('',(-1.334993372792E1,-6.585752368178E0,
8.550779928034E0));
#5604=CARTESIAN_POINT('',(-1.337622279042E1,-5.090118476691E0,
9.517282466674E0));
#5605=CARTESIAN_POINT('',(-1.340251185292E1,-3.455920813308E0,
1.022470454426E1));
#5606=CARTESIAN_POINT('',(-1.342880091542E1,-1.727645673550E0,
1.065378862864E1));
#5607=CARTESIAN_POINT('',(-1.345508997792E1,4.765965633647E-2,
1.079285413176E1));
#5608=CARTESIAN_POINT('',(-1.348137904042E1,1.821667624962E0,1.063811538080E1));
#5609=CARTESIAN_POINT('',(-1.350766810292E1,3.546085993100E0,1.019378467318E1));
#5610=CARTESIAN_POINT('',(-1.353395716542E1,5.173972449951E0,9.471957610075E0));
#5611=CARTESIAN_POINT('',(-1.356024622792E1,6.661012481763E0,8.492283829905E0));
#5612=CARTESIAN_POINT('',(-1.358653529042E1,7.966725706566E0,7.281432105013E0));
#5613=CARTESIAN_POINT('',(-1.361282435292E1,9.055567836042E0,5.872364362666E0));
#5614=CARTESIAN_POINT('',(-1.363911341542E1,9.897898266797E0,4.303438393021E0));
#5615=CARTESIAN_POINT('',(-1.366540247792E1,1.047078696114E1,2.617363670164E0));
#5616=CARTESIAN_POINT('',(-1.369169154042E1,1.075863865237E1,
8.600387109153E-1));
#5617=CARTESIAN_POINT('',(-1.371798060292E1,1.075361738227E1,
-9.206983791063E-1));
#5618=CARTESIAN_POINT('',(-1.374426966542E1,1.045585981404E1,
-2.676372159423E0));
#5619=CARTESIAN_POINT('',(-1.377055872792E1,9.873471513687E0,
-4.359189458587E0));
#5620=CARTESIAN_POINT('',(-1.379684779042E1,9.022306301134E0,
-5.923340405625E0));
#5621=CARTESIAN_POINT('',(-1.382313685292E1,7.925534677359E0,
-7.326245472231E0));
#5622=CARTESIAN_POINT('',(-1.384942591542E1,6.613013075946E0,
-8.529714578570E0));
#5623=CARTESIAN_POINT('',(-1.387571497792E1,5.120471109198E0,
-9.500986709367E0));
#5624=CARTESIAN_POINT('',(-1.390200404042E1,3.488538933640E0,
-1.021362173969E1));
#5625=CARTESIAN_POINT('',(-1.392829310292E1,1.761641212012E0,
-1.064822019301E1));
#5626=CARTESIAN_POINT('',(-1.395458216542E1,-1.321221962044E-2,
-1.079295133806E1));
#5627=CARTESIAN_POINT('',(-1.398087122792E1,-1.787706059072E0,
-1.064387524865E1));
#5628=CARTESIAN_POINT('',(-1.400716029042E1,-3.513534783260E0,
-1.020505005904E1));
#5629=CARTESIAN_POINT('',(-1.403344935292E1,-5.143717627699E0,
-9.488421495163E0));
#5630=CARTESIAN_POINT('',(-1.405973841542E1,-6.633877503730E0,
-8.513497688722E0));
#5631=CARTESIAN_POINT('',(-1.408602747792E1,-7.943449038636E0,
-7.306818126404E0));
#5632=CARTESIAN_POINT('',(-1.411231654042E1,-9.036782853183E0,
-5.901231190352E0));
#5633=CARTESIAN_POINT('',(-1.413860560292E1,-9.884116015754E0,
-4.334999956739E0));
#5634=CARTESIAN_POINT('',(-1.416489466542E1,-1.046238225519E1,
-2.650760594415E0));
#5635=CARTESIAN_POINT('',(-1.419118372792E1,-1.075583987650E1,
-8.943617181559E-1));
#5636=CARTESIAN_POINT('',(-1.421747279042E1,-1.075650028622E1,
8.863837082545E-1));
#5637=CARTESIAN_POINT('',(-1.424376185292E1,-1.046434546180E1,
2.642999943296E0));
#5638=CARTESIAN_POINT('',(-1.427005091542E1,-9.887328445076E0,
4.327668081806E0));
#5639=CARTESIAN_POINT('',(-1.429633997792E1,-9.041156846183E0,
5.894527789185E0));
#5640=CARTESIAN_POINT('',(-1.432262904042E1,-7.948865251255E0,
7.300925719696E0));
#5641=CARTESIAN_POINT('',(-1.434891810292E1,-6.640188173846E0,
8.508576634206E0));
#5642=CARTESIAN_POINT('',(-1.437520716542E1,-5.150750619515E0,
9.484605609175E0));
#5643=CARTESIAN_POINT('',(-1.440149622792E1,-3.521098298054E0,
1.020244296570E1));
#5644=CARTESIAN_POINT('',(-1.442778529042E1,-1.795593882956E0,
1.064254755644E1));
#5645=CARTESIAN_POINT('',(-1.445407435292E1,-2.120936436853E-2,
1.079293872148E1));
#5646=CARTESIAN_POINT('',(-1.448036341542E1,1.753752630288E0,1.064952242991E1));
#5647=CARTESIAN_POINT('',(-1.450665247792E1,3.480973737636E0,1.021620273654E1));
#5648=CARTESIAN_POINT('',(-1.453294154042E1,5.113435194779E0,9.504775489956E0));
#5649=CARTESIAN_POINT('',(-1.455923060292E1,6.606697775965E0,8.534607296312E0));
#5650=CARTESIAN_POINT('',(-1.458551966542E1,7.920111593471E0,7.332108062726E0));
#5651=CARTESIAN_POINT('',(-1.461180872792E1,9.017922431094E0,5.930013029168E0));
#5652=CARTESIAN_POINT('',(-1.463809779042E1,9.870245979218E0,4.366488046472E0));
#5653=CARTESIAN_POINT('',(-1.465562383209E1,1.025933392991E1,3.244898717977E0));
#5654=CARTESIAN_POINT('',(-1.466438685292E1,1.040644933384E1,2.671922055306E0));
#5655=CARTESIAN_POINT('',(-1.144719342646E1,-8.674407078116E0,
5.895120962802E0));
#5656=CARTESIAN_POINT('',(-1.145595644729E1,-8.349823098602E0,
6.372731784888E0));
#5657=CARTESIAN_POINT('',(-1.147348248896E1,-7.621588871080E0,
7.274209963762E0));
#5658=CARTESIAN_POINT('',(-1.149977155146E1,-6.321757331411E0,
8.428412514167E0));
#5659=CARTESIAN_POINT('',(-1.152606061396E1,-4.849834658518E0,
9.353173476203E0));
#5660=CARTESIAN_POINT('',(-1.155234967646E1,-3.245888603813E0,
1.002332072725E1));
#5661=CARTESIAN_POINT('',(-1.157863873896E1,-1.553582480599E0,
1.042061093234E1));
#5662=CARTESIAN_POINT('',(-1.160492780146E1,1.810154877911E-1,
1.053422916499E1));
#5663=CARTESIAN_POINT('',(-1.163121686396E1,1.910685700577E0,1.036108250575E1));
#5664=CARTESIAN_POINT('',(-1.165750592646E1,3.588342747170E0,9.905884450300E0));
#5665=CARTESIAN_POINT('',(-1.168379498896E1,5.168317135497E0,9.181026536573E0));
#5666=CARTESIAN_POINT('',(-1.171008405146E1,6.607598524972E0,8.206241032310E0));
#5667=CARTESIAN_POINT('',(-1.173637311396E1,7.867006557594E0,7.008063772526E0));
#5668=CARTESIAN_POINT('',(-1.176266217646E1,8.912257431559E0,5.619111794717E0));
#5669=CARTESIAN_POINT('',(-1.178895123896E1,9.714897178512E0,4.077195429571E0));
#5670=CARTESIAN_POINT('',(-1.181524030146E1,1.025307623992E1,2.424289019854E0));
#5671=CARTESIAN_POINT('',(-1.184152936396E1,1.051214425669E1,
7.053882863492E-1));
#5672=CARTESIAN_POINT('',(-1.186781842646E1,1.048504888085E1,
-1.032714554026E0));
#5673=CARTESIAN_POINT('',(-1.189410748896E1,1.017252775278E1,
-2.742704573994E0));
#5674=CARTESIAN_POINT('',(-1.192039655146E1,9.583088418155E0,
-4.378032150375E0));
#5675=CARTESIAN_POINT('',(-1.194668561396E1,8.732776731463E0,
-5.894180144720E0));
#5676=CARTESIAN_POINT('',(-1.197297467646E1,7.644740050647E0,
-7.249875754770E0));
#5677=CARTESIAN_POINT('',(-1.199926373896E1,6.348597113883E0,
-8.408214047599E0));
#5678=CARTESIAN_POINT('',(-1.202555280146E1,4.879631751821E0,
-9.337662589526E0));
#5679=CARTESIAN_POINT('',(-1.205184186396E1,3.277832384277E0,
-1.001291982470E1));
#5680=CARTESIAN_POINT('',(-1.207813092646E1,1.586803448380E0,
-1.041560383556E1));
#5681=CARTESIAN_POINT('',(-1.210441998896E1,-1.474216085195E-1,
-1.053475273567E1));
#5682=CARTESIAN_POINT('',(-1.213070905146E1,-1.877633458288E0,
-1.036712307343E1));
#5683=CARTESIAN_POINT('',(-1.215699811396E1,-3.556732030925E0,
-9.917278123362E0));
#5684=CARTESIAN_POINT('',(-1.218328717646E1,-5.139008678753E0,
-9.197463661790E0));
#5685=CARTESIAN_POINT('',(-1.220957623896E1,-6.581390462661E0,
-8.227274608540E0));
#5686=CARTESIAN_POINT('',(-1.223586530146E1,-7.844612688324E0,
-7.033121609524E0));
#5687=CARTESIAN_POINT('',(-1.226215436396E1,-8.894287773535E0,
-5.647512081028E0));
#5688=CARTESIAN_POINT('',(-1.228844342646E1,-9.701841349857E0,
-4.108165287264E0));
#5689=CARTESIAN_POINT('',(-1.231473248896E1,-1.024529011602E1,
-2.456985540712E0));
#5690=CARTESIAN_POINT('',(-1.234102155146E1,-1.050984026828E1,
-7.389214769473E-1));
#5691=CARTESIAN_POINT('',(-1.236731061396E1,-1.048829021737E1,
9.992575430603E-1));
#5692=CARTESIAN_POINT('',(-1.239359967646E1,-1.018122662916E1,
2.710234594264E0));
#5693=CARTESIAN_POINT('',(-1.241988873896E1,-9.597008452663E0,
4.347433254324E0));
#5694=CARTESIAN_POINT('',(-1.244617780146E1,-8.751539370094E0,
5.866285511984E0));
#5695=CARTESIAN_POINT('',(-1.247246686396E1,-7.667834863488E0,
7.225445001929E0));
#5696=CARTESIAN_POINT('',(-1.249875592646E1,-6.375395683337E0,
8.387912539351E0));
#5697=CARTESIAN_POINT('',(-1.252504498896E1,-4.909404774752E0,
9.322043314851E0));
#5698=CARTESIAN_POINT('',(-1.255133405146E1,-3.309769522568E0,
1.000240833176E1));
#5699=CARTESIAN_POINT('',(-1.257762311396E1,-1.620035387520E0,
1.041048663583E1));
#5700=CARTESIAN_POINT('',(-1.260391217646E1,1.137994933731E-1,
1.053516949332E1));
#5701=CARTESIAN_POINT('',(-1.263020123896E1,1.844536473168E0,1.037306279287E1));
#5702=CARTESIAN_POINT('',(-1.265649030146E1,3.525061241473E0,9.928579439180E0));
#5703=CARTESIAN_POINT('',(-1.268277936396E1,5.109626374869E0,9.213819223225E0));
#5704=CARTESIAN_POINT('',(-1.270906842646E1,6.555096677560E0,8.248239439541E0));
#5705=CARTESIAN_POINT('',(-1.273535748896E1,7.822123411510E0,7.058125216852E0));
#5706=CARTESIAN_POINT('',(-1.276164655146E1,8.876215451106E0,5.675873980904E0));
#5707=CARTESIAN_POINT('',(-1.278793561396E1,9.688678203283E0,4.139113527935E0));
#5708=CARTESIAN_POINT('',(-1.281422467646E1,1.023739473381E1,2.489677716658E0));
#5709=CARTESIAN_POINT('',(-1.284051373896E1,1.050742783588E1,
7.724676626024E-1));
#5710=CARTESIAN_POINT('',(-1.286680280146E1,1.049142665144E1,
-9.657705645323E-1));
#5711=CARTESIAN_POINT('',(-1.289309186396E1,1.018982677627E1,
-2.677718466876E0));
#5712=CARTESIAN_POINT('',(-1.291938092646E1,9.610838401537E0,
-4.316773226936E0));
#5713=CARTESIAN_POINT('',(-1.294566998896E1,8.770222814638E0,
-5.838316333712E0));
#5714=CARTESIAN_POINT('',(-1.297195905146E1,7.690863343514E0,
-7.200928191737E0));
#5715=CARTESIAN_POINT('',(-1.299824811396E1,6.402142424212E0,
-8.367515648879E0));
#5716=CARTESIAN_POINT('',(-1.302453717646E1,4.939141749227E0,
-9.306321749266E0));
#5717=CARTESIAN_POINT('',(-1.305082623896E1,3.341687270263E0,
-9.991790223780E0));
#5718=CARTESIAN_POINT('',(-1.307711530146E1,1.653265052433E0,
-1.040526118490E1));
#5719=CARTESIAN_POINT('',(-1.310340436396E1,-8.016250741715E-2,
-1.053547908763E1));
#5720=CARTESIAN_POINT('',(-1.312969342646E1,-1.811407873247E0,
-1.037889912887E1));
#5721=CARTESIAN_POINT('',(-1.315598248896E1,-3.493342913175E0,
-9.939783744187E0));
#5722=CARTESIAN_POINT('',(-1.318227155146E1,-5.080181825723E0,
-9.230086575461E0));
#5723=CARTESIAN_POINT('',(-1.320856061396E1,-6.528727525018E0,
-8.269127067752E0));
#5724=CARTESIAN_POINT('',(-1.323484967646E1,-7.799547555787E0,
-7.083064553722E0));
#5725=CARTESIAN_POINT('',(-1.326113873896E1,-8.858047527286E0,
-5.704186142048E0));
#5726=CARTESIAN_POINT('',(-1.328742780146E1,-9.675412845066E0,
-4.170027794989E0));
#5727=CARTESIAN_POINT('',(-1.331371686396E1,-1.022939310468E1,
-2.522352521186E0));
#5728=CARTESIAN_POINT('',(-1.334000592646E1,-1.050490779449E1,
-8.060134994078E-1));
#5729=CARTESIAN_POINT('',(-1.336629498896E1,-1.049445681912E1,
9.322669186509E-1));
#5730=CARTESIAN_POINT('',(-1.339258405146E1,-1.019832466814E1,
2.645169088427E0));
#5731=CARTESIAN_POINT('',(-1.341887311396E1,-9.624572672188E0,
4.286064212210E0));
#5732=CARTESIAN_POINT('',(-1.344516217646E1,-8.788819557250E0,
5.810283672686E0));
#5733=CARTESIAN_POINT('',(-1.347145123896E1,-7.713816270806E0,
7.176335006398E0));
#5734=CARTESIAN_POINT('',(-1.349774030146E1,-6.428826654020E0,
8.347031415808E0));
#5735=CARTESIAN_POINT('',(-1.352402936396E1,-4.968830819270E0,
9.290504072267E0));
#5736=CARTESIAN_POINT('',(-1.355031842646E1,-3.373572918739E0,
9.981069652903E0));
#5737=CARTESIAN_POINT('',(-1.357660748896E1,-1.686479225749E0,
1.039992949521E1));
#5738=CARTESIAN_POINT('',(-1.360289655146E1,4.652401909353E-2,
1.053568133694E1));
#5739=CARTESIAN_POINT('',(-1.362918561396E1,1.778260816280E0,1.038462971050E1));
#5740=CARTESIAN_POINT('',(-1.365547467646E1,3.461589637043E0,9.950886542426E0));
#5741=CARTESIAN_POINT('',(-1.368176373896E1,5.050686714862E0,9.246259219159E0));
#5742=CARTESIAN_POINT('',(-1.370805280146E1,6.502293464957E0,8.289929166328E0));
#5743=CARTESIAN_POINT('',(-1.373434186396E1,7.776894074400E0,7.107929691120E0));
#5744=CARTESIAN_POINT('',(-1.376063092646E1,8.839791206369E0,5.732437301962E0));
#5745=CARTESIAN_POINT('',(-1.378691998896E1,9.662050535598E0,4.200895797220E0));
#5746=CARTESIAN_POINT('',(-1.381320905146E1,1.022128840276E1,2.554996966991E0));
#5747=CARTESIAN_POINT('',(-1.383949811396E1,1.050228114611E1,
8.395456554039E-1));
#5748=CARTESIAN_POINT('',(-1.386578717646E1,1.049737952315E1,
-8.987599212585E-1));
#5749=CARTESIAN_POINT('',(-1.389207623896E1,1.020671694064E1,
-2.612599398308E0));
#5750=CARTESIAN_POINT('',(-1.391836530146E1,9.638205824677E0,
-4.255318422937E0));
#5751=CARTESIAN_POINT('',(-1.394465436396E1,8.807322229378E0,
-5.782198684608E0));
#5752=CARTESIAN_POINT('',(-1.397094342646E1,7.736684547592E0,
-7.151675242644E0));
#5753=CARTESIAN_POINT('',(-1.399723248896E1,6.455437791959E0,
-8.326468012792E0));
#5754=CARTESIAN_POINT('',(-1.402352155146E1,4.998460207374E0,
-9.274596611273E0));
#5755=CARTESIAN_POINT('',(-1.404981061396E1,3.405413812485E0,
-9.970250930085E0));
#5756=CARTESIAN_POINT('',(-1.407609967646E1,1.719664716421E0,
-1.039449374461E1));
#5757=CARTESIAN_POINT('',(-1.410238873896E1,-1.289739802792E-2,
-1.053577622700E1));
#5758=CARTESIAN_POINT('',(-1.412867780146E1,-1.745108488681E0,
-1.039025233186E1));
#5759=CARTESIAN_POINT('',(-1.415496686396E1,-3.429814059442E0,
-9.961883495975E0));
#5760=CARTESIAN_POINT('',(-1.418125592646E1,-5.021152806385E0,
-9.262330801776E0));
#5761=CARTESIAN_POINT('',(-1.420754498896E1,-6.475805060859E0,
-8.310637540007E0));
#5762=CARTESIAN_POINT('',(-1.423383405146E1,-7.754172044353E0,
-7.132710812825E0));
#5763=CARTESIAN_POINT('',(-1.426012311396E1,-8.821453833243E0,
-5.760616289094E0));
#5764=CARTESIAN_POINT('',(-1.428641217646E1,-9.648596688887E0,
-4.231705310047E0));
#5765=CARTESIAN_POINT('',(-1.431270123896E1,-1.021308396465E1,
-2.587598107267E0));
#5766=CARTESIAN_POINT('',(-1.433899030146E1,-1.049954905964E1,
-8.730508119059E-1));
#5767=CARTESIAN_POINT('',(-1.436527936396E1,-1.050019373308E1,
8.652629025058E-1));
#5768=CARTESIAN_POINT('',(-1.439156842646E1,-1.021500039186E1,
2.580022377411E0));
#5769=CARTESIAN_POINT('',(-1.441785748896E1,-9.651732572249E0,
4.224548139472E0));
#5770=CARTESIAN_POINT('',(-1.444414655146E1,-8.825723602475E0,
5.754072616976E0));
#5771=CARTESIAN_POINT('',(-1.447043561396E1,-7.759459199131E0,
7.126958810741E0));
#5772=CARTESIAN_POINT('',(-1.449672467646E1,-6.481965359947E0,
8.305833744676E0));
#5773=CARTESIAN_POINT('',(-1.452301373896E1,-5.028018215648E0,
9.258605840951E0));
#5774=CARTESIAN_POINT('',(-1.454930280146E1,-3.437197350350E0,
9.959338524610E0));
#5775=CARTESIAN_POINT('',(-1.457559186396E1,-1.752808361021E0,
1.038895627598E1));
#5776=CARTESIAN_POINT('',(-1.460188092646E1,-2.070398632759E-2,
1.053576391106E1));
#5777=CARTESIAN_POINT('',(-1.462816998896E1,1.711964104300E0,1.039576495174E1));
#5778=CARTESIAN_POINT('',(-1.465445905146E1,3.398028880430E0,9.972770426785E0));
#5779=CARTESIAN_POINT('',(-1.468074811396E1,4.991591945152E0,9.278295112571E0));
#5780=CARTESIAN_POINT('',(-1.470703717646E1,6.449272973331E0,8.331244146563E0));
#5781=CARTESIAN_POINT('',(-1.473332623896E1,7.731390685278E0,7.157398138981E0));
#5782=CARTESIAN_POINT('',(-1.475961530146E1,8.803042818463E0,5.788712312475E0));
#5783=CARTESIAN_POINT('',(-1.478590436396E1,9.635057148444E0,4.262443099629E0));
#5784=CARTESIAN_POINT('',(-1.480343040563E1,1.001487388742E1,3.167579070922E0));
#5785=CARTESIAN_POINT('',(-1.481219342646E1,1.015848381641E1,2.608255331556E0));
#5786=CARTESIAN_POINT('',(-1.1595E1,-8.462667425E0,5.751222843139E0));
#5787=CARTESIAN_POINT('',(-1.160376302083E1,-8.146006442253E0,
6.217175329515E0));
#5788=CARTESIAN_POINT('',(-1.162128906250E1,-7.435548191963E0,
7.096648698704E0));
#5789=CARTESIAN_POINT('',(-1.164757812500E1,-6.167445147030E0,
8.222677513954E0));
#5790=CARTESIAN_POINT('',(-1.167386718750E1,-4.731451661385E0,
9.124865340609E0));
#5791=CARTESIAN_POINT('',(-1.170015625E1,-3.166657444746E0,9.778654499947E0));
#5792=CARTESIAN_POINT('',(-1.172644531250E1,-1.515660002144E0,
1.016624697130E1));
#5793=CARTESIAN_POINT('',(-1.175273437500E1,1.765969544840E-1,
1.027709181725E1));
#5794=CARTESIAN_POINT('',(-1.177902343750E1,1.864046440532E0,1.010817161560E1));
#5795=CARTESIAN_POINT('',(-1.18053125E1,3.500752386042E0,9.664084807002E0));
#5796=CARTESIAN_POINT('',(-1.183160156250E1,5.042160077428E0,8.956920455709E0));
#5797=CARTESIAN_POINT('',(-1.185789062500E1,6.446309043512E0,8.005929170771E0));
#5798=CARTESIAN_POINT('',(-1.188417968750E1,7.674975306978E0,6.836999055498E0));
#5799=CARTESIAN_POINT('',(-1.191046875E1,8.694711923256E0,5.481950975365E0));
#5800=CARTESIAN_POINT('',(-1.193675781250E1,9.477759476752E0,3.977672322323E0));
#5801=CARTESIAN_POINT('',(-1.196304687500E1,1.000280175004E1,2.365112858129E0));
#5802=CARTESIAN_POINT('',(-1.198933593750E1,1.025554599488E1,
6.881699716311E-1));
#5803=CARTESIAN_POINT('',(-1.2015625E1,1.022911200897E1,-1.007506304117E0));
#5804=CARTESIAN_POINT('',(-1.204191406250E1,9.924219427113E0,
-2.675755984901E0));
#5805=CARTESIAN_POINT('',(-1.206820312500E1,9.349168128368E0,
-4.271165709764E0));
#5806=CARTESIAN_POINT('',(-1.209449218750E1,8.519612292764E0,
-5.750304990141E0));
#5807=CARTESIAN_POINT('',(-1.212078125E1,7.458134258239E0,-7.072908480394E0));
#5808=CARTESIAN_POINT('',(-1.214707031250E1,6.193629778530E0,
-8.202972085845E0));
#5809=CARTESIAN_POINT('',(-1.217335937500E1,4.760521416652E0,
-9.109733069985E0));
#5810=CARTESIAN_POINT('',(-1.219964843750E1,3.197821487190E0,
-9.768507480289E0));
#5811=CARTESIAN_POINT('',(-1.22259375E1,1.548070056150E0,-1.016136209623E1));
#5812=CARTESIAN_POINT('',(-1.225222656250E1,-1.438230916447E-1,
-1.027760260773E1));
#5813=CARTESIAN_POINT('',(-1.227851562500E1,-1.831800993480E0,
-1.011406473485E1));
#5814=CARTESIAN_POINT('',(-1.230480468750E1,-3.469913277819E0,
-9.675200363950E0));
#5815=CARTESIAN_POINT('',(-1.233109375E1,-5.013567031250E0,-8.972956355671E0));
#5816=CARTESIAN_POINT('',(-1.235738281250E1,-6.420740712075E0,
-8.026449323767E0));
#5817=CARTESIAN_POINT('',(-1.238367187500E1,-7.653128065284E0,
-6.861445238273E0));
#5818=CARTESIAN_POINT('',(-1.240996093750E1,-8.677180899149E0,
-5.509658019277E0));
#5819=CARTESIAN_POINT('',(-1.243625E1,-9.465022336926E0,-4.007886215158E0));
#5820=CARTESIAN_POINT('',(-1.246253906250E1,-9.995205683076E0,
-2.397011266803E0));
#5821=CARTESIAN_POINT('',(-1.248882812500E1,-1.025329824614E1,
-7.208846271893E-1));
#5822=CARTESIAN_POINT('',(-1.251511718750E1,-1.023227422545E1,
9.748659686696E-1));
#5823=CARTESIAN_POINT('',(-1.254140625E1,-9.932705966551E0,2.644078587556E0));
#5824=CARTESIAN_POINT('',(-1.256769531250E1,-9.362748379045E0,
4.241313723511E0));
#5825=CARTESIAN_POINT('',(-1.259398437500E1,-8.537916941061E0,
5.723091256953E0));
#5826=CARTESIAN_POINT('',(-1.262027343750E1,-7.480665333684E0,
7.049074074840E0));
#5827=CARTESIAN_POINT('',(-1.26465625E1,-6.219774203009E0,8.183166131273E0));
#5828=CARTESIAN_POINT('',(-1.267285156250E1,-4.789567689099E0,
9.094495057081E0));
#5829=CARTESIAN_POINT('',(-1.269914062500E1,-3.228979049595E0,
9.758252569715E0));
#5830=CARTESIAN_POINT('',(-1.272542968750E1,-1.580490813707E0,
1.015636980581E1));
#5831=CARTESIAN_POINT('',(-1.275171875E1,1.110216821596E-1,1.027800919245E1));
#5832=CARTESIAN_POINT('',(-1.277800781250E1,1.799511895756E0,1.011985946754E1));
#5833=CARTESIAN_POINT('',(-1.280429687500E1,3.439015562759E0,9.686225818068E0));
#5834=CARTESIAN_POINT('',(-1.283058593750E1,4.984901940516E0,8.988912682798E0));
#5835=CARTESIAN_POINT('',(-1.2856875E1,6.395088750315E0,8.046902409585E0));
#5836=CARTESIAN_POINT('',(-1.288316406250E1,7.631187744915E0,6.885838515109E0));
#5837=CARTESIAN_POINT('',(-1.290945312500E1,8.659549716645E0,5.537327613756E0));
#5838=CARTESIAN_POINT('',(-1.293574218750E1,9.452180498778E0,4.038079018635E0));
#5839=CARTESIAN_POINT('',(-1.296203125E1,9.987503024762E0,2.428905436623E0));
#5840=CARTESIAN_POINT('',(-1.298832031250E1,1.025094470048E1,
7.536119605990E-1));
#5841=CARTESIAN_POINT('',(-1.301460937500E1,1.023533410011E1,
-9.421963971590E-1));
#5842=CARTESIAN_POINT('',(-1.304089843750E1,9.941096186677E0,
-2.612356169002E0));
#5843=CARTESIAN_POINT('',(-1.30671875E1,9.376240743050E0,-4.211402098117E0));
#5844=CARTESIAN_POINT('',(-1.309347656250E1,8.556144328374E0,
-5.695804797863E0));
#5845=CARTESIAN_POINT('',(-1.311976562500E1,7.503131695477E0,
-7.025155712570E0));
#5846=CARTESIAN_POINT('',(-1.314605468750E1,6.245868064029E0,
-8.163267122729E0));
#5847=CARTESIAN_POINT('',(-1.317234375E1,4.818578793021E0,-9.079157250157E0));
#5848=CARTESIAN_POINT('',(-1.319863281250E1,3.260117694723E0,
-9.747893646535E0));
#5849=CARTESIAN_POINT('',(-1.322492187500E1,1.612909352550E0,
-1.015127190655E1));
#5850=CARTESIAN_POINT('',(-1.325121093750E1,-7.820576485698E-2,
-1.027831122967E1));
#5851=CARTESIAN_POINT('',(-1.32775E1,-1.767191954939E0,-1.012555334033E1));
#5852=CARTESIAN_POINT('',(-1.330378906250E1,-3.408071469261E0,
-9.697156629378E0));
#5853=CARTESIAN_POINT('',(-1.333007812500E1,-4.956176123909E0,
-9.004782953887E0));
#5854=CARTESIAN_POINT('',(-1.335636718750E1,-6.369363260811E0,
-8.067280177109E0));
#5855=CARTESIAN_POINT('',(-1.338265625E1,-7.609162959001E0,-6.910169090309E0));
#5856=CARTESIAN_POINT('',(-1.340894531250E1,-8.641825266350E0,
-5.564948683609E0));
#5857=CARTESIAN_POINT('',(-1.343523437500E1,-9.439238943943E0,
-4.068238677780E0));
#5858=CARTESIAN_POINT('',(-1.346152343750E1,-9.979696712975E0,
-2.460782659055E0));
#5859=CARTESIAN_POINT('',(-1.34878125E1,-1.024848617254E1,-7.863389536742E-1));
#5860=CARTESIAN_POINT('',(-1.351410156250E1,-1.023829030232E1,
9.095105651400E-1));
#5861=CARTESIAN_POINT('',(-1.354039062500E1,-9.949386647573E0,
2.580601311036E0));
#5862=CARTESIAN_POINT('',(-1.356667968750E1,-9.389639764309E0,
4.181442681153E0));
#5863=CARTESIAN_POINT('',(-1.359296875E1,-8.574287130124E0,5.668456405614E0));
#5864=CARTESIAN_POINT('',(-1.361925781250E1,-7.525524348756E0,
7.001162839446E0));
#5865=CARTESIAN_POINT('',(-1.364554687500E1,-6.271900939858E0,
8.143282903591E0));
#5866=CARTESIAN_POINT('',(-1.367183593750E1,-4.847543161845E0,
9.063725677869E0));
#5867=CARTESIAN_POINT('',(-1.3698125E1,-3.291225024164E0,9.737434761550E0));
#5868=CARTESIAN_POINT('',(-1.372441406250E1,-1.645312777941E0,
1.014607036180E1));
#5869=CARTESIAN_POINT('',(-1.375070312500E1,4.538838185904E-2,
1.027850854213E1));
#5870=CARTESIAN_POINT('',(-1.377699218750E1,1.734854007607E0,1.013114404020E1));
#5871=CARTESIAN_POINT('',(-1.380328125E1,3.377093280995E0,9.707988411670E0));
#5872=CARTESIAN_POINT('',(-1.382957031250E1,4.927400979783E0,9.020560828243E0));
#5873=CARTESIAN_POINT('',(-1.385585937500E1,6.343574448161E0,8.087574502750E0));
#5874=CARTESIAN_POINT('',(-1.388214843750E1,7.587062442243E0,6.934427277224E0));
#5875=CARTESIAN_POINT('',(-1.39084375E1,8.624014576705E0,5.592510241254E0));
#5876=CARTESIAN_POINT('',(-1.393472656250E1,9.426202804408E0,4.098353201412E0));
#5877=CARTESIAN_POINT('',(-1.396101562500E1,9.971789844376E0,2.492630263812E0));
#5878=CARTESIAN_POINT('',(-1.398730468750E1,1.024592363985E1,
8.190525998845E-1));
#5879=CARTESIAN_POINT('',(-1.401359375E1,1.024114166402E1,-8.768214634195E-1));
#5880=CARTESIAN_POINT('',(-1.403988281250E1,9.957574067240E0,
-2.548826637202E0));
#5881=CARTESIAN_POINT('',(-1.406617187500E1,9.402940135669E0,
-4.151447387297E0));
#5882=CARTESIAN_POINT('',(-1.409246093750E1,8.592338157622E0,
-5.641056963601E0));
#5883=CARTESIAN_POINT('',(-1.411875E1,7.547834417823E0,-6.977105013067E0));
#5884=CARTESIAN_POINT('',(-1.414503906250E1,6.297862507969E0,
-8.123221447023E0));
#5885=CARTESIAN_POINT('',(-1.417132812500E1,4.876449305547E0,
-9.048206513186E0));
#5886=CARTESIAN_POINT('',(-1.419761718750E1,3.322288691323E0,
-9.726880120484E0));
#5887=CARTESIAN_POINT('',(-1.422390625E1,1.677688220823E0,-1.014076729623E1));
#5888=CARTESIAN_POINT('',(-1.425019531250E1,-1.258257644294E-2,
-1.027860111595E1));
#5889=CARTESIAN_POINT('',(-1.427648437500E1,-1.702510918297E0,
-1.013662941507E1));
#5890=CARTESIAN_POINT('',(-1.430277343750E1,-3.346093335633E0,
-9.718716932910E0));
#5891=CARTESIAN_POINT('',(-1.43290625E1,-4.898587985079E0,-9.036240108389E0));
#5892=CARTESIAN_POINT('',(-1.435535156250E1,-6.317732617995E0,
-8.107777391291E0));
#5893=CARTESIAN_POINT('',(-1.438164062500E1,-7.564895050077E0,
-6.958603499244E0));
#5894=CARTESIAN_POINT('',(-1.440792968750E1,-8.606124813311E0,
-5.620001387834E0));
#5895=CARTESIAN_POINT('',(-1.443421875E1,-9.413077362026E0,-4.128410663350E0));
#5896=CARTESIAN_POINT('',(-1.446050781250E1,-9.963785674126E0,
-2.524435620113E0));
#5897=CARTESIAN_POINT('',(-1.448679687500E1,-1.024325824279E1,
-8.517399056503E-1));
#5898=CARTESIAN_POINT('',(-1.451308593750E1,-1.024388717994E1,
8.441420967630E-1));
#5899=CARTESIAN_POINT('',(-1.4539375E1,-9.965655321921E0,2.517044811532E0));
#5900=CARTESIAN_POINT('',(-1.456566406250E1,-9.416136699424E0,
4.121428197145E0));
#5901=CARTESIAN_POINT('',(-1.459195312500E1,-8.610290358767E0,
5.613617444772E0));
#5902=CARTESIAN_POINT('',(-1.461824218750E1,-7.570053147007E0,
6.952991901791E0));
#5903=CARTESIAN_POINT('',(-1.464453125E1,-6.323742546046E0,8.103090855151E0));
#5904=CARTESIAN_POINT('',(-1.467082031250E1,-4.905285811779E0,
9.032606072731E0));
#5905=CARTESIAN_POINT('',(-1.469710937500E1,-3.353296402643E0,
9.716234083526E0));
#5906=CARTESIAN_POINT('',(-1.472339843750E1,-1.710022839082E0,
1.013536499553E1));
#5907=CARTESIAN_POINT('',(-1.47496875E1,-2.019860828349E-2,1.027858910064E1));
#5908=CARTESIAN_POINT('',(-1.477597656250E1,1.670175578314E0,1.014200747357E1));
#5909=CARTESIAN_POINT('',(-1.480226562500E1,3.315084023226E0,9.729338117032E0));
#5910=CARTESIAN_POINT('',(-1.482855468750E1,4.869748695528E0,9.051814735186E0));
#5911=CARTESIAN_POINT('',(-1.485484375E1,6.291848170699E0,8.127880996814E0));
#5912=CARTESIAN_POINT('',(-1.488113281250E1,7.542669777087E0,6.982688215235E0));
#5913=CARTESIAN_POINT('',(-1.490742187500E1,8.588163205832E0,5.647411595782E0));
#5914=CARTESIAN_POINT('',(-1.493371093750E1,9.399868317670E0,4.158398152786E0));
#5915=CARTESIAN_POINT('',(-1.495123697917E1,9.770413844926E0,3.090259423867E0));
#5916=CARTESIAN_POINT('',(-1.496E1,9.910518298991E0,2.544588607805E0));
#5917=B_SPLINE_SURFACE_WITH_KNOTS('',3,3,((#5393,#5394,#5395,#5396,#5397,#5398,
#5399,#5400,#5401,#5402,#5403,#5404,#5405,#5406,#5407,#5408,#5409,#5410,#5411,
#5412,#5413,#5414,#5415,#5416,#5417,#5418,#5419,#5420,#5421,#5422,#5423,#5424,
#5425,#5426,#5427,#5428,#5429,#5430,#5431,#5432,#5433,#5434,#5435,#5436,#5437,
#5438,#5439,#5440,#5441,#5442,#5443,#5444,#5445,#5446,#5447,#5448,#5449,#5450,
#5451,#5452,#5453,#5454,#5455,#5456,#5457,#5458,#5459,#5460,#5461,#5462,#5463,
#5464,#5465,#5466,#5467,#5468,#5469,#5470,#5471,#5472,#5473,#5474,#5475,#5476,
#5477,#5478,#5479,#5480,#5481,#5482,#5483,#5484,#5485,#5486,#5487,#5488,#5489,
#5490,#5491,#5492,#5493,#5494,#5495,#5496,#5497,#5498,#5499,#5500,#5501,#5502,
#5503,#5504,#5505,#5506,#5507,#5508,#5509,#5510,#5511,#5512,#5513,#5514,#5515,
#5516,#5517,#5518,#5519,#5520,#5521,#5522,#5523),(#5524,#5525,#5526,#5527,#5528,
#5529,#5530,#5531,#5532,#5533,#5534,#5535,#5536,#5537,#5538,#5539,#5540,#5541,
#5542,#5543,#5544,#5545,#5546,#5547,#5548,#5549,#5550,#5551,#5552,#5553,#5554,
#5555,#5556,#5557,#5558,#5559,#5560,#5561,#5562,#5563,#5564,#5565,#5566,#5567,
#5568,#5569,#5570,#5571,#5572,#5573,#5574,#5575,#5576,#5577,#5578,#5579,#5580,
#5581,#5582,#5583,#5584,#5585,#5586,#5587,#5588,#5589,#5590,#5591,#5592,#5593,
#5594,#5595,#5596,#5597,#5598,#5599,#5600,#5601,#5602,#5603,#5604,#5605,#5606,
#5607,#5608,#5609,#5610,#5611,#5612,#5613,#5614,#5615,#5616,#5617,#5618,#5619,
#5620,#5621,#5622,#5623,#5624,#5625,#5626,#5627,#5628,#5629,#5630,#5631,#5632,
#5633,#5634,#5635,#5636,#5637,#5638,#5639,#5640,#5641,#5642,#5643,#5644,#5645,
#5646,#5647,#5648,#5649,#5650,#5651,#5652,#5653,#5654),(#5655,#5656,#5657,#5658,
#5659,#5660,#5661,#5662,#5663,#5664,#5665,#5666,#5667,#5668,#5669,#5670,#5671,
#5672,#5673,#5674,#5675,#5676,#5677,#5678,#5679,#5680,#5681,#5682,#5683,#5684,
#5685,#5686,#5687,#5688,#5689,#5690,#5691,#5692,#5693,#5694,#5695,#5696,#5697,
#5698,#5699,#5700,#5701,#5702,#5703,#5704,#5705,#5706,#5707,#5708,#5709,#5710,
#5711,#5712,#5713,#5714,#5715,#5716,#5717,#5718,#5719,#5720,#5721,#5722,#5723,
#5724,#5725,#5726,#5727,#5728,#5729,#5730,#5731,#5732,#5733,#5734,#5735,#5736,
#5737,#5738,#5739,#5740,#5741,#5742,#5743,#5744,#5745,#5746,#5747,#5748,#5749,
#5750,#5751,#5752,#5753,#5754,#5755,#5756,#5757,#5758,#5759,#5760,#5761,#5762,
#5763,#5764,#5765,#5766,#5767,#5768,#5769,#5770,#5771,#5772,#5773,#5774,#5775,
#5776,#5777,#5778,#5779,#5780,#5781,#5782,#5783,#5784,#5785),(#5786,#5787,#5788,
#5789,#5790,#5791,#5792,#5793,#5794,#5795,#5796,#5797,#5798,#5799,#5800,#5801,
#5802,#5803,#5804,#5805,#5806,#5807,#5808,#5809,#5810,#5811,#5812,#5813,#5814,
#5815,#5816,#5817,#5818,#5819,#5820,#5821,#5822,#5823,#5824,#5825,#5826,#5827,
#5828,#5829,#5830,#5831,#5832,#5833,#5834,#5835,#5836,#5837,#5838,#5839,#5840,
#5841,#5842,#5843,#5844,#5845,#5846,#5847,#5848,#5849,#5850,#5851,#5852,#5853,
#5854,#5855,#5856,#5857,#5858,#5859,#5860,#5861,#5862,#5863,#5864,#5865,#5866,
#5867,#5868,#5869,#5870,#5871,#5872,#5873,#5874,#5875,#5876,#5877,#5878,#5879,
#5880,#5881,#5882,#5883,#5884,#5885,#5886,#5887,#5888,#5889,#5890,#5891,#5892,
#5893,#5894,#5895,#5896,#5897,#5898,#5899,#5900,#5901,#5902,#5903,#5904,#5905,
#5906,#5907,#5908,#5909,#5910,#5911,#5912,#5913,#5914,#5915,#5916)),
.UNSPECIFIED.,.F.,.F.,.F.,(4,4),(4,1,1,1,1,1,1,1,1,1,1,1,1,1,1,1,1,1,1,1,1,1,1,
1,1,1,1,1,1,1,1,1,1,1,1,1,1,1,1,1,1,1,1,1,1,1,1,1,1,1,1,1,1,1,1,1,1,1,1,1,1,1,1,
1,1,1,1,1,1,1,1,1,1,1,1,1,1,1,1,1,1,1,1,1,1,1,1,1,1,1,1,1,1,1,1,1,1,1,1,1,1,1,1,
1,1,1,1,1,1,1,1,1,1,1,1,1,1,1,1,1,1,1,1,1,1,1,1,1,4),(1.131605587644E-1,1.E0),(
0.E0,7.8125E-3,1.5625E-2,2.34375E-2,3.125E-2,3.90625E-2,4.6875E-2,5.46875E-2,
6.25E-2,7.03125E-2,7.8125E-2,8.59375E-2,9.375E-2,1.015625E-1,1.09375E-1,
1.171875E-1,1.25E-1,1.328125E-1,1.40625E-1,1.484375E-1,1.5625E-1,1.640625E-1,
1.71875E-1,1.796875E-1,1.875E-1,1.953125E-1,2.03125E-1,2.109375E-1,2.1875E-1,
2.265625E-1,2.34375E-1,2.421875E-1,2.5E-1,2.578125E-1,2.65625E-1,2.734375E-1,
2.8125E-1,2.890625E-1,2.96875E-1,3.046875E-1,3.125E-1,3.203125E-1,3.28125E-1,
3.359375E-1,3.4375E-1,3.515625E-1,3.59375E-1,3.671875E-1,3.75E-1,3.828125E-1,
3.90625E-1,3.984375E-1,4.0625E-1,4.140625E-1,4.21875E-1,4.296875E-1,4.375E-1,
4.453125E-1,4.53125E-1,4.609375E-1,4.6875E-1,4.765625E-1,4.84375E-1,4.921875E-1,
5.E-1,5.078125E-1,5.15625E-1,5.234375E-1,5.3125E-1,5.390625E-1,5.46875E-1,
5.546875E-1,5.625E-1,5.703125E-1,5.78125E-1,5.859375E-1,5.9375E-1,6.015625E-1,
6.09375E-1,6.171875E-1,6.25E-1,6.328125E-1,6.40625E-1,6.484375E-1,6.5625E-1,
6.640625E-1,6.71875E-1,6.796875E-1,6.875E-1,6.953125E-1,7.03125E-1,7.109375E-1,
7.1875E-1,7.265625E-1,7.34375E-1,7.421875E-1,7.5E-1,7.578125E-1,7.65625E-1,
7.734375E-1,7.8125E-1,7.890625E-1,7.96875E-1,8.046875E-1,8.125E-1,8.203125E-1,
8.28125E-1,8.359375E-1,8.4375E-1,8.515625E-1,8.59375E-1,8.671875E-1,8.75E-1,
8.828125E-1,8.90625E-1,8.984375E-1,9.0625E-1,9.140625E-1,9.21875E-1,9.296875E-1,
9.375E-1,9.453125E-1,9.53125E-1,9.609375E-1,9.6875E-1,9.765625E-1,9.84375E-1,
9.921875E-1,1.E0),.UNSPECIFIED.);
#5918=ORIENTED_EDGE('',*,*,#2308,.T.);
#5919=ORIENTED_EDGE('',*,*,#2516,.T.);
#5920=ORIENTED_EDGE('',*,*,#4841,.T.);
#5922=ORIENTED_EDGE('',*,*,#5921,.T.);
#5924=ORIENTED_EDGE('',*,*,#5923,.F.);
#5925=ORIENTED_EDGE('',*,*,#2588,.T.);
#5926=ORIENTED_EDGE('',*,*,#2336,.T.);
#5927=ORIENTED_EDGE('',*,*,#2574,.T.);
#5928=ORIENTED_EDGE('',*,*,#2320,.T.);
#5929=ORIENTED_EDGE('',*,*,#2561,.T.);
#5930=EDGE_LOOP('',(#5918,#5919,#5920,#5922,#5924,#5925,#5926,#5927,#5928,
#5929));
#5931=FACE_OUTER_BOUND('',#5930,.F.);
#5932=ADVANCED_FACE('',(#5931),#5917,.F.);
#5933=CARTESIAN_POINT('',(-1.1595E1,-8.462667425E0,5.751222843139E0));
#5934=CARTESIAN_POINT('',(-1.160376302083E1,-8.146006442253E0,
6.217175329515E0));
#5935=CARTESIAN_POINT('',(-1.162128906250E1,-7.435548191963E0,
7.096648698704E0));
#5936=CARTESIAN_POINT('',(-1.164757812500E1,-6.167445147030E0,
8.222677513954E0));
#5937=CARTESIAN_POINT('',(-1.167386718750E1,-4.731451661385E0,
9.124865340609E0));
#5938=CARTESIAN_POINT('',(-1.170015625E1,-3.166657444746E0,9.778654499947E0));
#5939=CARTESIAN_POINT('',(-1.172644531250E1,-1.515660002144E0,
1.016624697130E1));
#5940=CARTESIAN_POINT('',(-1.175273437500E1,1.765969544840E-1,
1.027709181725E1));
#5941=CARTESIAN_POINT('',(-1.177902343750E1,1.864046440532E0,1.010817161560E1));
#5942=CARTESIAN_POINT('',(-1.18053125E1,3.500752386042E0,9.664084807002E0));
#5943=CARTESIAN_POINT('',(-1.183160156250E1,5.042160077428E0,8.956920455709E0));
#5944=CARTESIAN_POINT('',(-1.185789062500E1,6.446309043512E0,8.005929170771E0));
#5945=CARTESIAN_POINT('',(-1.188417968750E1,7.674975306978E0,6.836999055498E0));
#5946=CARTESIAN_POINT('',(-1.191046875E1,8.694711923256E0,5.481950975365E0));
#5947=CARTESIAN_POINT('',(-1.193675781250E1,9.477759476752E0,3.977672322323E0));
#5948=CARTESIAN_POINT('',(-1.196304687500E1,1.000280175004E1,2.365112858129E0));
#5949=CARTESIAN_POINT('',(-1.198933593750E1,1.025554599488E1,
6.881699716311E-1));
#5950=CARTESIAN_POINT('',(-1.2015625E1,1.022911200897E1,-1.007506304117E0));
#5951=CARTESIAN_POINT('',(-1.204191406250E1,9.924219427113E0,
-2.675755984901E0));
#5952=CARTESIAN_POINT('',(-1.206820312500E1,9.349168128368E0,
-4.271165709764E0));
#5953=CARTESIAN_POINT('',(-1.209449218750E1,8.519612292764E0,
-5.750304990141E0));
#5954=CARTESIAN_POINT('',(-1.212078125E1,7.458134258239E0,-7.072908480394E0));
#5955=CARTESIAN_POINT('',(-1.214707031250E1,6.193629778530E0,
-8.202972085845E0));
#5956=CARTESIAN_POINT('',(-1.217335937500E1,4.760521416652E0,
-9.109733069985E0));
#5957=CARTESIAN_POINT('',(-1.219964843750E1,3.197821487190E0,
-9.768507480289E0));
#5958=CARTESIAN_POINT('',(-1.22259375E1,1.548070056150E0,-1.016136209623E1));
#5959=CARTESIAN_POINT('',(-1.225222656250E1,-1.438230916447E-1,
-1.027760260773E1));
#5960=CARTESIAN_POINT('',(-1.227851562500E1,-1.831800993480E0,
-1.011406473485E1));
#5961=CARTESIAN_POINT('',(-1.230480468750E1,-3.469913277819E0,
-9.675200363950E0));
#5962=CARTESIAN_POINT('',(-1.233109375E1,-5.013567031250E0,-8.972956355671E0));
#5963=CARTESIAN_POINT('',(-1.235738281250E1,-6.420740712075E0,
-8.026449323767E0));
#5964=CARTESIAN_POINT('',(-1.238367187500E1,-7.653128065284E0,
-6.861445238273E0));
#5965=CARTESIAN_POINT('',(-1.240996093750E1,-8.677180899149E0,
-5.509658019277E0));
#5966=CARTESIAN_POINT('',(-1.243625E1,-9.465022336926E0,-4.007886215158E0));
#5967=CARTESIAN_POINT('',(-1.246253906250E1,-9.995205683076E0,
-2.397011266803E0));
#5968=CARTESIAN_POINT('',(-1.248882812500E1,-1.025329824614E1,
-7.208846271893E-1));
#5969=CARTESIAN_POINT('',(-1.251511718750E1,-1.023227422545E1,
9.748659686696E-1));
#5970=CARTESIAN_POINT('',(-1.254140625E1,-9.932705966551E0,2.644078587556E0));
#5971=CARTESIAN_POINT('',(-1.256769531250E1,-9.362748379045E0,
4.241313723511E0));
#5972=CARTESIAN_POINT('',(-1.259398437500E1,-8.537916941061E0,
5.723091256953E0));
#5973=CARTESIAN_POINT('',(-1.262027343750E1,-7.480665333684E0,
7.049074074840E0));
#5974=CARTESIAN_POINT('',(-1.26465625E1,-6.219774203009E0,8.183166131273E0));
#5975=CARTESIAN_POINT('',(-1.267285156250E1,-4.789567689099E0,
9.094495057081E0));
#5976=CARTESIAN_POINT('',(-1.269914062500E1,-3.228979049595E0,
9.758252569715E0));
#5977=CARTESIAN_POINT('',(-1.272542968750E1,-1.580490813707E0,
1.015636980581E1));
#5978=CARTESIAN_POINT('',(-1.275171875E1,1.110216821596E-1,1.027800919245E1));
#5979=CARTESIAN_POINT('',(-1.277800781250E1,1.799511895756E0,1.011985946754E1));
#5980=CARTESIAN_POINT('',(-1.280429687500E1,3.439015562759E0,9.686225818068E0));
#5981=CARTESIAN_POINT('',(-1.283058593750E1,4.984901940516E0,8.988912682798E0));
#5982=CARTESIAN_POINT('',(-1.2856875E1,6.395088750315E0,8.046902409585E0));
#5983=CARTESIAN_POINT('',(-1.288316406250E1,7.631187744915E0,6.885838515109E0));
#5984=CARTESIAN_POINT('',(-1.290945312500E1,8.659549716645E0,5.537327613756E0));
#5985=CARTESIAN_POINT('',(-1.293574218750E1,9.452180498778E0,4.038079018635E0));
#5986=CARTESIAN_POINT('',(-1.296203125E1,9.987503024762E0,2.428905436623E0));
#5987=CARTESIAN_POINT('',(-1.298832031250E1,1.025094470048E1,
7.536119605990E-1));
#5988=CARTESIAN_POINT('',(-1.301460937500E1,1.023533410011E1,
-9.421963971590E-1));
#5989=CARTESIAN_POINT('',(-1.304089843750E1,9.941096186677E0,
-2.612356169002E0));
#5990=CARTESIAN_POINT('',(-1.30671875E1,9.376240743050E0,-4.211402098117E0));
#5991=CARTESIAN_POINT('',(-1.309347656250E1,8.556144328374E0,
-5.695804797863E0));
#5992=CARTESIAN_POINT('',(-1.311976562500E1,7.503131695477E0,
-7.025155712570E0));
#5993=CARTESIAN_POINT('',(-1.314605468750E1,6.245868064029E0,
-8.163267122729E0));
#5994=CARTESIAN_POINT('',(-1.317234375E1,4.818578793021E0,-9.079157250157E0));
#5995=CARTESIAN_POINT('',(-1.319863281250E1,3.260117694723E0,
-9.747893646535E0));
#5996=CARTESIAN_POINT('',(-1.322492187500E1,1.612909352550E0,
-1.015127190655E1));
#5997=CARTESIAN_POINT('',(-1.325121093750E1,-7.820576485699E-2,
-1.027831122967E1));
#5998=CARTESIAN_POINT('',(-1.32775E1,-1.767191954939E0,-1.012555334033E1));
#5999=CARTESIAN_POINT('',(-1.330378906250E1,-3.408071469261E0,
-9.697156629378E0));
#6000=CARTESIAN_POINT('',(-1.333007812500E1,-4.956176123909E0,
-9.004782953887E0));
#6001=CARTESIAN_POINT('',(-1.335636718750E1,-6.369363260811E0,
-8.067280177109E0));
#6002=CARTESIAN_POINT('',(-1.338265625E1,-7.609162959001E0,-6.910169090309E0));
#6003=CARTESIAN_POINT('',(-1.340894531250E1,-8.641825266350E0,
-5.564948683609E0));
#6004=CARTESIAN_POINT('',(-1.343523437500E1,-9.439238943943E0,
-4.068238677780E0));
#6005=CARTESIAN_POINT('',(-1.346152343750E1,-9.979696712975E0,
-2.460782659055E0));
#6006=CARTESIAN_POINT('',(-1.34878125E1,-1.024848617254E1,-7.863389536742E-1));
#6007=CARTESIAN_POINT('',(-1.351410156250E1,-1.023829030232E1,
9.095105651400E-1));
#6008=CARTESIAN_POINT('',(-1.354039062500E1,-9.949386647573E0,
2.580601311036E0));
#6009=CARTESIAN_POINT('',(-1.356667968750E1,-9.389639764309E0,
4.181442681153E0));
#6010=CARTESIAN_POINT('',(-1.359296875E1,-8.574287130124E0,5.668456405614E0));
#6011=CARTESIAN_POINT('',(-1.361925781250E1,-7.525524348756E0,
7.001162839446E0));
#6012=CARTESIAN_POINT('',(-1.364554687500E1,-6.271900939858E0,
8.143282903591E0));
#6013=CARTESIAN_POINT('',(-1.367183593750E1,-4.847543161845E0,
9.063725677869E0));
#6014=CARTESIAN_POINT('',(-1.3698125E1,-3.291225024164E0,9.737434761550E0));
#6015=CARTESIAN_POINT('',(-1.372441406250E1,-1.645312777941E0,
1.014607036180E1));
#6016=CARTESIAN_POINT('',(-1.375070312500E1,4.538838185904E-2,
1.027850854213E1));
#6017=CARTESIAN_POINT('',(-1.377699218750E1,1.734854007607E0,1.013114404020E1));
#6018=CARTESIAN_POINT('',(-1.380328125E1,3.377093280995E0,9.707988411670E0));
#6019=CARTESIAN_POINT('',(-1.382957031250E1,4.927400979783E0,9.020560828243E0));
#6020=CARTESIAN_POINT('',(-1.385585937500E1,6.343574448161E0,8.087574502750E0));
#6021=CARTESIAN_POINT('',(-1.388214843750E1,7.587062442243E0,6.934427277224E0));
#6022=CARTESIAN_POINT('',(-1.39084375E1,8.624014576705E0,5.592510241254E0));
#6023=CARTESIAN_POINT('',(-1.393472656250E1,9.426202804408E0,4.098353201412E0));
#6024=CARTESIAN_POINT('',(-1.396101562500E1,9.971789844376E0,2.492630263812E0));
#6025=CARTESIAN_POINT('',(-1.398730468750E1,1.024592363985E1,
8.190525998845E-1));
#6026=CARTESIAN_POINT('',(-1.401359375E1,1.024114166402E1,-8.768214634195E-1));
#6027=CARTESIAN_POINT('',(-1.403988281250E1,9.957574067240E0,
-2.548826637202E0));
#6028=CARTESIAN_POINT('',(-1.406617187500E1,9.402940135669E0,
-4.151447387297E0));
#6029=CARTESIAN_POINT('',(-1.409246093750E1,8.592338157622E0,
-5.641056963601E0));
#6030=CARTESIAN_POINT('',(-1.411875E1,7.547834417823E0,-6.977105013067E0));
#6031=CARTESIAN_POINT('',(-1.414503906250E1,6.297862507969E0,
-8.123221447023E0));
#6032=CARTESIAN_POINT('',(-1.417132812500E1,4.876449305547E0,
-9.048206513186E0));
#6033=CARTESIAN_POINT('',(-1.419761718750E1,3.322288691323E0,
-9.726880120484E0));
#6034=CARTESIAN_POINT('',(-1.422390625E1,1.677688220823E0,-1.014076729623E1));
#6035=CARTESIAN_POINT('',(-1.425019531250E1,-1.258257644294E-2,
-1.027860111595E1));
#6036=CARTESIAN_POINT('',(-1.427648437500E1,-1.702510918297E0,
-1.013662941507E1));
#6037=CARTESIAN_POINT('',(-1.430277343750E1,-3.346093335633E0,
-9.718716932910E0));
#6038=CARTESIAN_POINT('',(-1.43290625E1,-4.898587985079E0,-9.036240108389E0));
#6039=CARTESIAN_POINT('',(-1.435535156250E1,-6.317732617995E0,
-8.107777391291E0));
#6040=CARTESIAN_POINT('',(-1.438164062500E1,-7.564895050077E0,
-6.958603499244E0));
#6041=CARTESIAN_POINT('',(-1.440792968750E1,-8.606124813311E0,
-5.620001387834E0));
#6042=CARTESIAN_POINT('',(-1.443421875E1,-9.413077362026E0,-4.128410663350E0));
#6043=CARTESIAN_POINT('',(-1.446050781250E1,-9.963785674126E0,
-2.524435620113E0));
#6044=CARTESIAN_POINT('',(-1.448679687500E1,-1.024325824279E1,
-8.517399056503E-1));
#6045=CARTESIAN_POINT('',(-1.451308593750E1,-1.024388717994E1,
8.441420967630E-1));
#6046=CARTESIAN_POINT('',(-1.4539375E1,-9.965655321921E0,2.517044811532E0));
#6047=CARTESIAN_POINT('',(-1.456566406250E1,-9.416136699424E0,
4.121428197145E0));
#6048=CARTESIAN_POINT('',(-1.459195312500E1,-8.610290358767E0,
5.613617444772E0));
#6049=CARTESIAN_POINT('',(-1.461824218750E1,-7.570053147007E0,
6.952991901791E0));
#6050=CARTESIAN_POINT('',(-1.464453125E1,-6.323742546046E0,8.103090855151E0));
#6051=CARTESIAN_POINT('',(-1.467082031250E1,-4.905285811779E0,
9.032606072731E0));
#6052=CARTESIAN_POINT('',(-1.469710937500E1,-3.353296402643E0,
9.716234083526E0));
#6053=CARTESIAN_POINT('',(-1.472339843750E1,-1.710022839082E0,
1.013536499553E1));
#6054=CARTESIAN_POINT('',(-1.47496875E1,-2.019860828349E-2,1.027858910064E1));
#6055=CARTESIAN_POINT('',(-1.477597656250E1,1.670175578314E0,1.014200747357E1));
#6056=CARTESIAN_POINT('',(-1.480226562500E1,3.315084023226E0,9.729338117032E0));
#6057=CARTESIAN_POINT('',(-1.482855468750E1,4.869748695528E0,9.051814735186E0));
#6058=CARTESIAN_POINT('',(-1.485484375E1,6.291848170699E0,8.127880996814E0));
#6059=CARTESIAN_POINT('',(-1.488113281250E1,7.542669777087E0,6.982688215235E0));
#6060=CARTESIAN_POINT('',(-1.490742187500E1,8.588163205832E0,5.647411595782E0));
#6061=CARTESIAN_POINT('',(-1.493371093750E1,9.399868317670E0,4.158398152786E0));
#6062=CARTESIAN_POINT('',(-1.495123697917E1,9.770413844926E0,3.090259423867E0));
#6063=CARTESIAN_POINT('',(-1.496E1,9.910518298991E0,2.544588607805E0));
#6064=CARTESIAN_POINT('',(-1.174280657354E1,-8.674407078116E0,
5.895120962802E0));
#6065=CARTESIAN_POINT('',(-1.175156959437E1,-8.349823098602E0,
6.372731784888E0));
#6066=CARTESIAN_POINT('',(-1.176909563604E1,-7.621588871080E0,
7.274209963762E0));
#6067=CARTESIAN_POINT('',(-1.179538469854E1,-6.321757331411E0,
8.428412514167E0));
#6068=CARTESIAN_POINT('',(-1.182167376104E1,-4.849834658518E0,
9.353173476203E0));
#6069=CARTESIAN_POINT('',(-1.184796282354E1,-3.245888603813E0,
1.002332072725E1));
#6070=CARTESIAN_POINT('',(-1.187425188604E1,-1.553582480599E0,
1.042061093234E1));
#6071=CARTESIAN_POINT('',(-1.190054094854E1,1.810154877911E-1,
1.053422916499E1));
#6072=CARTESIAN_POINT('',(-1.192683001104E1,1.910685700577E0,1.036108250575E1));
#6073=CARTESIAN_POINT('',(-1.195311907354E1,3.588342747170E0,9.905884450300E0));
#6074=CARTESIAN_POINT('',(-1.197940813604E1,5.168317135497E0,9.181026536573E0));
#6075=CARTESIAN_POINT('',(-1.200569719854E1,6.607598524972E0,8.206241032310E0));
#6076=CARTESIAN_POINT('',(-1.203198626104E1,7.867006557594E0,7.008063772526E0));
#6077=CARTESIAN_POINT('',(-1.205827532354E1,8.912257431559E0,5.619111794717E0));
#6078=CARTESIAN_POINT('',(-1.208456438604E1,9.714897178512E0,4.077195429571E0));
#6079=CARTESIAN_POINT('',(-1.211085344854E1,1.025307623992E1,2.424289019854E0));
#6080=CARTESIAN_POINT('',(-1.213714251104E1,1.051214425669E1,
7.053882863492E-1));
#6081=CARTESIAN_POINT('',(-1.216343157354E1,1.048504888085E1,
-1.032714554026E0));
#6082=CARTESIAN_POINT('',(-1.218972063604E1,1.017252775278E1,
-2.742704573994E0));
#6083=CARTESIAN_POINT('',(-1.221600969854E1,9.583088418155E0,
-4.378032150375E0));
#6084=CARTESIAN_POINT('',(-1.224229876104E1,8.732776731463E0,
-5.894180144720E0));
#6085=CARTESIAN_POINT('',(-1.226858782354E1,7.644740050647E0,
-7.249875754770E0));
#6086=CARTESIAN_POINT('',(-1.229487688604E1,6.348597113883E0,
-8.408214047599E0));
#6087=CARTESIAN_POINT('',(-1.232116594854E1,4.879631751821E0,
-9.337662589526E0));
#6088=CARTESIAN_POINT('',(-1.234745501104E1,3.277832384277E0,
-1.001291982470E1));
#6089=CARTESIAN_POINT('',(-1.237374407354E1,1.586803448380E0,
-1.041560383556E1));
#6090=CARTESIAN_POINT('',(-1.240003313604E1,-1.474216085195E-1,
-1.053475273567E1));
#6091=CARTESIAN_POINT('',(-1.242632219854E1,-1.877633458288E0,
-1.036712307343E1));
#6092=CARTESIAN_POINT('',(-1.245261126104E1,-3.556732030925E0,
-9.917278123362E0));
#6093=CARTESIAN_POINT('',(-1.247890032354E1,-5.139008678753E0,
-9.197463661790E0));
#6094=CARTESIAN_POINT('',(-1.250518938604E1,-6.581390462661E0,
-8.227274608540E0));
#6095=CARTESIAN_POINT('',(-1.253147844854E1,-7.844612688324E0,
-7.033121609524E0));
#6096=CARTESIAN_POINT('',(-1.255776751104E1,-8.894287773535E0,
-5.647512081028E0));
#6097=CARTESIAN_POINT('',(-1.258405657354E1,-9.701841349857E0,
-4.108165287264E0));
#6098=CARTESIAN_POINT('',(-1.261034563604E1,-1.024529011602E1,
-2.456985540712E0));
#6099=CARTESIAN_POINT('',(-1.263663469854E1,-1.050984026828E1,
-7.389214769473E-1));
#6100=CARTESIAN_POINT('',(-1.266292376104E1,-1.048829021737E1,
9.992575430603E-1));
#6101=CARTESIAN_POINT('',(-1.268921282354E1,-1.018122662916E1,
2.710234594264E0));
#6102=CARTESIAN_POINT('',(-1.271550188604E1,-9.597008452663E0,
4.347433254324E0));
#6103=CARTESIAN_POINT('',(-1.274179094854E1,-8.751539370094E0,
5.866285511984E0));
#6104=CARTESIAN_POINT('',(-1.276808001104E1,-7.667834863488E0,
7.225445001929E0));
#6105=CARTESIAN_POINT('',(-1.279436907354E1,-6.375395683337E0,
8.387912539351E0));
#6106=CARTESIAN_POINT('',(-1.282065813604E1,-4.909404774752E0,
9.322043314851E0));
#6107=CARTESIAN_POINT('',(-1.284694719854E1,-3.309769522568E0,
1.000240833176E1));
#6108=CARTESIAN_POINT('',(-1.287323626104E1,-1.620035387520E0,
1.041048663583E1));
#6109=CARTESIAN_POINT('',(-1.289952532354E1,1.137994933731E-1,
1.053516949332E1));
#6110=CARTESIAN_POINT('',(-1.292581438604E1,1.844536473168E0,1.037306279287E1));
#6111=CARTESIAN_POINT('',(-1.295210344854E1,3.525061241473E0,9.928579439180E0));
#6112=CARTESIAN_POINT('',(-1.297839251104E1,5.109626374869E0,9.213819223225E0));
#6113=CARTESIAN_POINT('',(-1.300468157354E1,6.555096677560E0,8.248239439541E0));
#6114=CARTESIAN_POINT('',(-1.303097063604E1,7.822123411510E0,7.058125216852E0));
#6115=CARTESIAN_POINT('',(-1.305725969854E1,8.876215451106E0,5.675873980904E0));
#6116=CARTESIAN_POINT('',(-1.308354876104E1,9.688678203283E0,4.139113527935E0));
#6117=CARTESIAN_POINT('',(-1.310983782354E1,1.023739473381E1,2.489677716658E0));
#6118=CARTESIAN_POINT('',(-1.313612688604E1,1.050742783588E1,
7.724676626024E-1));
#6119=CARTESIAN_POINT('',(-1.316241594854E1,1.049142665144E1,
-9.657705645323E-1));
#6120=CARTESIAN_POINT('',(-1.318870501104E1,1.018982677627E1,
-2.677718466876E0));
#6121=CARTESIAN_POINT('',(-1.321499407354E1,9.610838401537E0,
-4.316773226936E0));
#6122=CARTESIAN_POINT('',(-1.324128313604E1,8.770222814638E0,
-5.838316333712E0));
#6123=CARTESIAN_POINT('',(-1.326757219854E1,7.690863343514E0,
-7.200928191737E0));
#6124=CARTESIAN_POINT('',(-1.329386126104E1,6.402142424212E0,
-8.367515648879E0));
#6125=CARTESIAN_POINT('',(-1.332015032354E1,4.939141749227E0,
-9.306321749266E0));
#6126=CARTESIAN_POINT('',(-1.334643938604E1,3.341687270263E0,
-9.991790223780E0));
#6127=CARTESIAN_POINT('',(-1.337272844854E1,1.653265052433E0,
-1.040526118490E1));
#6128=CARTESIAN_POINT('',(-1.339901751104E1,-8.016250741715E-2,
-1.053547908763E1));
#6129=CARTESIAN_POINT('',(-1.342530657354E1,-1.811407873247E0,
-1.037889912887E1));
#6130=CARTESIAN_POINT('',(-1.345159563604E1,-3.493342913175E0,
-9.939783744187E0));
#6131=CARTESIAN_POINT('',(-1.347788469854E1,-5.080181825723E0,
-9.230086575462E0));
#6132=CARTESIAN_POINT('',(-1.350417376104E1,-6.528727525018E0,
-8.269127067752E0));
#6133=CARTESIAN_POINT('',(-1.353046282354E1,-7.799547555787E0,
-7.083064553722E0));
#6134=CARTESIAN_POINT('',(-1.355675188604E1,-8.858047527286E0,
-5.704186142048E0));
#6135=CARTESIAN_POINT('',(-1.358304094854E1,-9.675412845066E0,
-4.170027794989E0));
#6136=CARTESIAN_POINT('',(-1.360933001104E1,-1.022939310468E1,
-2.522352521186E0));
#6137=CARTESIAN_POINT('',(-1.363561907354E1,-1.050490779449E1,
-8.060134994078E-1));
#6138=CARTESIAN_POINT('',(-1.366190813604E1,-1.049445681912E1,
9.322669186509E-1));
#6139=CARTESIAN_POINT('',(-1.368819719854E1,-1.019832466814E1,
2.645169088427E0));
#6140=CARTESIAN_POINT('',(-1.371448626104E1,-9.624572672188E0,
4.286064212210E0));
#6141=CARTESIAN_POINT('',(-1.374077532354E1,-8.788819557250E0,
5.810283672686E0));
#6142=CARTESIAN_POINT('',(-1.376706438604E1,-7.713816270806E0,
7.176335006398E0));
#6143=CARTESIAN_POINT('',(-1.379335344854E1,-6.428826654020E0,
8.347031415808E0));
#6144=CARTESIAN_POINT('',(-1.381964251104E1,-4.968830819270E0,
9.290504072267E0));
#6145=CARTESIAN_POINT('',(-1.384593157354E1,-3.373572918739E0,
9.981069652903E0));
#6146=CARTESIAN_POINT('',(-1.387222063604E1,-1.686479225749E0,
1.039992949521E1));
#6147=CARTESIAN_POINT('',(-1.389850969854E1,4.652401909353E-2,
1.053568133694E1));
#6148=CARTESIAN_POINT('',(-1.392479876104E1,1.778260816280E0,1.038462971050E1));
#6149=CARTESIAN_POINT('',(-1.395108782354E1,3.461589637043E0,9.950886542426E0));
#6150=CARTESIAN_POINT('',(-1.397737688604E1,5.050686714862E0,9.246259219159E0));
#6151=CARTESIAN_POINT('',(-1.400366594854E1,6.502293464957E0,8.289929166328E0));
#6152=CARTESIAN_POINT('',(-1.402995501104E1,7.776894074400E0,7.107929691120E0));
#6153=CARTESIAN_POINT('',(-1.405624407354E1,8.839791206369E0,5.732437301962E0));
#6154=CARTESIAN_POINT('',(-1.408253313604E1,9.662050535598E0,4.200895797219E0));
#6155=CARTESIAN_POINT('',(-1.410882219854E1,1.022128840276E1,2.554996966991E0));
#6156=CARTESIAN_POINT('',(-1.413511126104E1,1.050228114611E1,
8.395456554039E-1));
#6157=CARTESIAN_POINT('',(-1.416140032354E1,1.049737952315E1,
-8.987599212585E-1));
#6158=CARTESIAN_POINT('',(-1.418768938604E1,1.020671694064E1,
-2.612599398308E0));
#6159=CARTESIAN_POINT('',(-1.421397844854E1,9.638205824677E0,
-4.255318422937E0));
#6160=CARTESIAN_POINT('',(-1.424026751104E1,8.807322229378E0,
-5.782198684608E0));
#6161=CARTESIAN_POINT('',(-1.426655657354E1,7.736684547592E0,
-7.151675242644E0));
#6162=CARTESIAN_POINT('',(-1.429284563604E1,6.455437791959E0,
-8.326468012792E0));
#6163=CARTESIAN_POINT('',(-1.431913469854E1,4.998460207374E0,
-9.274596611273E0));
#6164=CARTESIAN_POINT('',(-1.434542376104E1,3.405413812485E0,
-9.970250930085E0));
#6165=CARTESIAN_POINT('',(-1.437171282354E1,1.719664716421E0,
-1.039449374461E1));
#6166=CARTESIAN_POINT('',(-1.439800188604E1,-1.289739802791E-2,
-1.053577622700E1));
#6167=CARTESIAN_POINT('',(-1.442429094854E1,-1.745108488681E0,
-1.039025233186E1));
#6168=CARTESIAN_POINT('',(-1.445058001104E1,-3.429814059442E0,
-9.961883495975E0));
#6169=CARTESIAN_POINT('',(-1.447686907354E1,-5.021152806385E0,
-9.262330801776E0));
#6170=CARTESIAN_POINT('',(-1.450315813604E1,-6.475805060859E0,
-8.310637540007E0));
#6171=CARTESIAN_POINT('',(-1.452944719854E1,-7.754172044353E0,
-7.132710812825E0));
#6172=CARTESIAN_POINT('',(-1.455573626104E1,-8.821453833243E0,
-5.760616289094E0));
#6173=CARTESIAN_POINT('',(-1.458202532354E1,-9.648596688887E0,
-4.231705310047E0));
#6174=CARTESIAN_POINT('',(-1.460831438604E1,-1.021308396465E1,
-2.587598107267E0));
#6175=CARTESIAN_POINT('',(-1.463460344854E1,-1.049954905964E1,
-8.730508119059E-1));
#6176=CARTESIAN_POINT('',(-1.466089251104E1,-1.050019373308E1,
8.652629025058E-1));
#6177=CARTESIAN_POINT('',(-1.468718157354E1,-1.021500039186E1,
2.580022377411E0));
#6178=CARTESIAN_POINT('',(-1.471347063604E1,-9.651732572249E0,
4.224548139472E0));
#6179=CARTESIAN_POINT('',(-1.473975969854E1,-8.825723602475E0,
5.754072616976E0));
#6180=CARTESIAN_POINT('',(-1.476604876104E1,-7.759459199131E0,
7.126958810741E0));
#6181=CARTESIAN_POINT('',(-1.479233782354E1,-6.481965359947E0,
8.305833744676E0));
#6182=CARTESIAN_POINT('',(-1.481862688604E1,-5.028018215648E0,
9.258605840951E0));
#6183=CARTESIAN_POINT('',(-1.484491594854E1,-3.437197350350E0,
9.959338524610E0));
#6184=CARTESIAN_POINT('',(-1.487120501104E1,-1.752808361021E0,
1.038895627598E1));
#6185=CARTESIAN_POINT('',(-1.489749407354E1,-2.070398632759E-2,
1.053576391106E1));
#6186=CARTESIAN_POINT('',(-1.492378313604E1,1.711964104300E0,1.039576495174E1));
#6187=CARTESIAN_POINT('',(-1.495007219854E1,3.398028880430E0,9.972770426785E0));
#6188=CARTESIAN_POINT('',(-1.497636126104E1,4.991591945152E0,9.278295112571E0));
#6189=CARTESIAN_POINT('',(-1.500265032354E1,6.449272973331E0,8.331244146563E0));
#6190=CARTESIAN_POINT('',(-1.502893938604E1,7.731390685278E0,7.157398138981E0));
#6191=CARTESIAN_POINT('',(-1.505522844854E1,8.803042818463E0,5.788712312475E0));
#6192=CARTESIAN_POINT('',(-1.508151751104E1,9.635057148444E0,4.262443099629E0));
#6193=CARTESIAN_POINT('',(-1.509904355271E1,1.001487388742E1,3.167579070922E0));
#6194=CARTESIAN_POINT('',(-1.510780657354E1,1.015848381641E1,2.608255331556E0));
#6195=CARTESIAN_POINT('',(-1.189061314708E1,-8.886146731231E0,
6.039019082466E0));
#6196=CARTESIAN_POINT('',(-1.189937616791E1,-8.553639754951E0,
6.528288240260E0));
#6197=CARTESIAN_POINT('',(-1.191690220958E1,-7.807629550197E0,
7.451771228820E0));
#6198=CARTESIAN_POINT('',(-1.194319127208E1,-6.476069515792E0,
8.634147514380E0));
#6199=CARTESIAN_POINT('',(-1.196948033458E1,-4.968217655651E0,
9.581481611796E0));
#6200=CARTESIAN_POINT('',(-1.199576939708E1,-3.325119762881E0,
1.026798695454E1));
#6201=CARTESIAN_POINT('',(-1.202205845958E1,-1.591504959054E0,
1.067497489338E1));
#6202=CARTESIAN_POINT('',(-1.204834752208E1,1.854340210982E-1,
1.079136651272E1));
#6203=CARTESIAN_POINT('',(-1.207463658458E1,1.957324960623E0,1.061399339591E1));
#6204=CARTESIAN_POINT('',(-1.210092564708E1,3.675933108299E0,1.014768409360E1));
#6205=CARTESIAN_POINT('',(-1.212721470958E1,5.294474193565E0,9.405132617437E0));
#6206=CARTESIAN_POINT('',(-1.215350377208E1,6.768888006432E0,8.406552893849E0));
#6207=CARTESIAN_POINT('',(-1.217979283458E1,8.059037808210E0,7.179128489554E0));
#6208=CARTESIAN_POINT('',(-1.220608189708E1,9.129802939862E0,5.756272614070E0));
#6209=CARTESIAN_POINT('',(-1.223237095958E1,9.952034880272E0,4.176718536817E0));
#6210=CARTESIAN_POINT('',(-1.225866002208E1,1.050335072979E1,2.483465181577E0));
#6211=CARTESIAN_POINT('',(-1.228494908458E1,1.076874251849E1,
7.226066010665E-1));
#6212=CARTESIAN_POINT('',(-1.231123814708E1,1.074098575272E1,
-1.057922803935E0));
#6213=CARTESIAN_POINT('',(-1.233752720958E1,1.042083607844E1,
-2.809653163087E0));
#6214=CARTESIAN_POINT('',(-1.236381627208E1,9.817008707941E0,
-4.484898590987E0));
#6215=CARTESIAN_POINT('',(-1.239010533458E1,8.945941170163E0,
-6.038055299301E0));
#6216=CARTESIAN_POINT('',(-1.241639439708E1,7.831345843055E0,
-7.426843029148E0));
#6217=CARTESIAN_POINT('',(-1.244268345958E1,6.503564449235E0,
-8.613456009353E0));
#6218=CARTESIAN_POINT('',(-1.246897252208E1,4.998742086988E0,
-9.565592109068E0));
#6219=CARTESIAN_POINT('',(-1.249526158458E1,3.357843281363E0,
-1.025733216912E1));
#6220=CARTESIAN_POINT('',(-1.252155064708E1,1.625536840609E0,
-1.066984557488E1));
#6221=CARTESIAN_POINT('',(-1.254783970958E1,-1.510201253962E-1,
-1.079190286361E1));
#6222=CARTESIAN_POINT('',(-1.257412877208E1,-1.923465923098E0,
-1.062018141201E1));
#6223=CARTESIAN_POINT('',(-1.260041783458E1,-3.643550784033E0,
-1.015935588277E1));
#6224=CARTESIAN_POINT('',(-1.262670689708E1,-5.264450326260E0,
-9.421970967910E0));
#6225=CARTESIAN_POINT('',(-1.265299595958E1,-6.742040213250E0,
-8.428099893312E0));
#6226=CARTESIAN_POINT('',(-1.267928502208E1,-8.036097311367E0,
-7.204797980774E0));
#6227=CARTESIAN_POINT('',(-1.270557408458E1,-9.111394647923E0,
-5.785366142778E0));
#6228=CARTESIAN_POINT('',(-1.273186314708E1,-9.938660362791E0,
-4.208444359369E0));
#6229=CARTESIAN_POINT('',(-1.275815220958E1,-1.049537454896E1,
-2.516959814618E0));
#6230=CARTESIAN_POINT('',(-1.278444127208E1,-1.076638229043E1,
-7.569583267025E-1));
#6231=CARTESIAN_POINT('',(-1.281073033458E1,-1.074430620928E1,
1.023649117454E0));
#6232=CARTESIAN_POINT('',(-1.283701939708E1,-1.042974729176E1,
2.776390600976E0));
#6233=CARTESIAN_POINT('',(-1.286330845958E1,-9.831268526282E0,
4.453552785142E0));
#6234=CARTESIAN_POINT('',(-1.288959752208E1,-8.965161799128E0,
6.009479767019E0));
#6235=CARTESIAN_POINT('',(-1.291588658458E1,-7.855004393292E0,
7.401815929022E0));
#6236=CARTESIAN_POINT('',(-1.294217564708E1,-6.531017163664E0,
8.592658947433E0));
#6237=CARTESIAN_POINT('',(-1.296846470958E1,-5.029241860403E0,
9.549591572626E0));
#6238=CARTESIAN_POINT('',(-1.299475377208E1,-3.390559995537E0,
1.024656409382E1));
#6239=CARTESIAN_POINT('',(-1.302104283458E1,-1.659579961330E0,
1.066460346586E1));
#6240=CARTESIAN_POINT('',(-1.304733189708E1,1.165773045911E-1,
1.079232979418E1));
#6241=CARTESIAN_POINT('',(-1.307362095958E1,1.889561050584E0,1.062626611821E1));
#6242=CARTESIAN_POINT('',(-1.309991002208E1,3.611106920193E0,1.017093306029E1));
#6243=CARTESIAN_POINT('',(-1.312619908458E1,5.234350809228E0,9.438725763652E0));
#6244=CARTESIAN_POINT('',(-1.315248814708E1,6.715104604810E0,8.449576469497E0));
#6245=CARTESIAN_POINT('',(-1.317877720958E1,8.013059078112E0,7.230411918593E0));
#6246=CARTESIAN_POINT('',(-1.320506627208E1,9.092881185573E0,5.814420348051E0));
#6247=CARTESIAN_POINT('',(-1.323135533458E1,9.925175907792E0,4.240148037232E0));
#6248=CARTESIAN_POINT('',(-1.325764439708E1,1.048728644287E1,2.550449996689E0));
#6249=CARTESIAN_POINT('',(-1.328393345958E1,1.076391097128E1,
7.913233646005E-1));
#6250=CARTESIAN_POINT('',(-1.331022252208E1,1.074751920277E1,
-9.893447319118E-1));
#6251=CARTESIAN_POINT('',(-1.333651158458E1,1.043855736587E1,
-2.743080764756E0));
#6252=CARTESIAN_POINT('',(-1.336280064708E1,9.845436060026E0,
-4.422144355761E0));
#6253=CARTESIAN_POINT('',(-1.338908970958E1,8.984301300901E0,
-5.980827869568E0));
#6254=CARTESIAN_POINT('',(-1.341537877208E1,7.878594991549E0,
-7.376700670912E0));
#6255=CARTESIAN_POINT('',(-1.344166783458E1,6.558416784392E0,
-8.571764175037E0));
#6256=CARTESIAN_POINT('',(-1.346795689708E1,5.059704705429E0,
-9.533486248383E0));
#6257=CARTESIAN_POINT('',(-1.349424595958E1,3.423256845799E0,
-1.023568680103E1));
#6258=CARTESIAN_POINT('',(-1.352053502208E1,1.693620752310E0,
-1.065925046325E1));
#6259=CARTESIAN_POINT('',(-1.354682408458E1,-8.211924998436E-2,
-1.079264694561E1));
#6260=CARTESIAN_POINT('',(-1.357311314708E1,-1.855623791562E0,
-1.063224491740E1));
#6261=CARTESIAN_POINT('',(-1.359940220958E1,-3.578614357098E0,
-1.018241085900E1));
#6262=CARTESIAN_POINT('',(-1.362569127208E1,-5.204187527546E0,
-9.455390197037E0));
#6263=CARTESIAN_POINT('',(-1.365198033458E1,-6.688091789233E0,
-8.470973958395E0));
#6264=CARTESIAN_POINT('',(-1.367826939708E1,-7.989932152581E0,
-7.255960017132E0));
#6265=CARTESIAN_POINT('',(-1.370455845958E1,-9.074269788230E0,
-5.843423600483E0));
#6266=CARTESIAN_POINT('',(-1.373084752208E1,-9.911586746196E0,
-4.271816912193E0));
#6267=CARTESIAN_POINT('',(-1.375713658458E1,-1.047908949639E1,
-2.583922383311E0));
#6268=CARTESIAN_POINT('',(-1.378342564708E1,-1.076132941645E1,
-8.256880451339E-1));
#6269=CARTESIAN_POINT('',(-1.380971470958E1,-1.075062333592E1,
9.550232721702E-1));
#6270=CARTESIAN_POINT('',(-1.383600377208E1,-1.044726268870E1,
2.709736865827E0));
#6271=CARTESIAN_POINT('',(-1.386229283458E1,-9.859505580069E0,
4.390685743277E0));
#6272=CARTESIAN_POINT('',(-1.388858189708E1,-9.003351984376E0,
5.952110939768E0));
#6273=CARTESIAN_POINT('',(-1.391487095958E1,-7.902108192853E0,
7.351507173360E0));
#6274=CARTESIAN_POINT('',(-1.394116002208E1,-6.585752368178E0,
8.550779928034E0));
#6275=CARTESIAN_POINT('',(-1.396744908458E1,-5.090118476691E0,
9.517282466674E0));
#6276=CARTESIAN_POINT('',(-1.399373814708E1,-3.455920813308E0,
1.022470454426E1));
#6277=CARTESIAN_POINT('',(-1.402002720958E1,-1.727645673550E0,
1.065378862864E1));
#6278=CARTESIAN_POINT('',(-1.404631627208E1,4.765965633647E-2,
1.079285413176E1));
#6279=CARTESIAN_POINT('',(-1.407260533458E1,1.821667624962E0,1.063811538080E1));
#6280=CARTESIAN_POINT('',(-1.409889439708E1,3.546085993100E0,1.019378467318E1));
#6281=CARTESIAN_POINT('',(-1.412518345958E1,5.173972449951E0,9.471957610075E0));
#6282=CARTESIAN_POINT('',(-1.415147252208E1,6.661012481763E0,8.492283829905E0));
#6283=CARTESIAN_POINT('',(-1.417776158458E1,7.966725706566E0,7.281432105013E0));
#6284=CARTESIAN_POINT('',(-1.420405064708E1,9.055567836042E0,5.872364362666E0));
#6285=CARTESIAN_POINT('',(-1.423033970958E1,9.897898266797E0,4.303438393021E0));
#6286=CARTESIAN_POINT('',(-1.425662877208E1,1.047078696114E1,2.617363670164E0));
#6287=CARTESIAN_POINT('',(-1.428291783458E1,1.075863865237E1,
8.600387109154E-1));
#6288=CARTESIAN_POINT('',(-1.430920689708E1,1.075361738227E1,
-9.206983791063E-1));
#6289=CARTESIAN_POINT('',(-1.433549595958E1,1.045585981404E1,
-2.676372159423E0));
#6290=CARTESIAN_POINT('',(-1.436178502208E1,9.873471513687E0,
-4.359189458587E0));
#6291=CARTESIAN_POINT('',(-1.438807408458E1,9.022306301134E0,
-5.923340405625E0));
#6292=CARTESIAN_POINT('',(-1.441436314708E1,7.925534677359E0,
-7.326245472231E0));
#6293=CARTESIAN_POINT('',(-1.444065220958E1,6.613013075946E0,
-8.529714578570E0));
#6294=CARTESIAN_POINT('',(-1.446694127208E1,5.120471109198E0,
-9.500986709367E0));
#6295=CARTESIAN_POINT('',(-1.449323033458E1,3.488538933640E0,
-1.021362173969E1));
#6296=CARTESIAN_POINT('',(-1.451951939708E1,1.761641212012E0,
-1.064822019301E1));
#6297=CARTESIAN_POINT('',(-1.454580845958E1,-1.321221962042E-2,
-1.079295133806E1));
#6298=CARTESIAN_POINT('',(-1.457209752208E1,-1.787706059072E0,
-1.064387524865E1));
#6299=CARTESIAN_POINT('',(-1.459838658458E1,-3.513534783260E0,
-1.020505005904E1));
#6300=CARTESIAN_POINT('',(-1.462467564708E1,-5.143717627699E0,
-9.488421495163E0));
#6301=CARTESIAN_POINT('',(-1.465096470958E1,-6.633877503730E0,
-8.513497688722E0));
#6302=CARTESIAN_POINT('',(-1.467725377208E1,-7.943449038636E0,
-7.306818126404E0));
#6303=CARTESIAN_POINT('',(-1.470354283458E1,-9.036782853183E0,
-5.901231190352E0));
#6304=CARTESIAN_POINT('',(-1.472983189708E1,-9.884116015754E0,
-4.334999956739E0));
#6305=CARTESIAN_POINT('',(-1.475612095958E1,-1.046238225519E1,
-2.650760594415E0));
#6306=CARTESIAN_POINT('',(-1.478241002208E1,-1.075583987650E1,
-8.943617181559E-1));
#6307=CARTESIAN_POINT('',(-1.480869908458E1,-1.075650028622E1,
8.863837082545E-1));
#6308=CARTESIAN_POINT('',(-1.483498814708E1,-1.046434546180E1,
2.642999943296E0));
#6309=CARTESIAN_POINT('',(-1.486127720958E1,-9.887328445076E0,
4.327668081806E0));
#6310=CARTESIAN_POINT('',(-1.488756627208E1,-9.041156846183E0,
5.894527789185E0));
#6311=CARTESIAN_POINT('',(-1.491385533458E1,-7.948865251255E0,
7.300925719696E0));
#6312=CARTESIAN_POINT('',(-1.494014439708E1,-6.640188173846E0,
8.508576634206E0));
#6313=CARTESIAN_POINT('',(-1.496643345958E1,-5.150750619515E0,
9.484605609175E0));
#6314=CARTESIAN_POINT('',(-1.499272252208E1,-3.521098298054E0,
1.020244296570E1));
#6315=CARTESIAN_POINT('',(-1.501901158458E1,-1.795593882955E0,
1.064254755644E1));
#6316=CARTESIAN_POINT('',(-1.504530064708E1,-2.120936436848E-2,
1.079293872148E1));
#6317=CARTESIAN_POINT('',(-1.507158970958E1,1.753752630288E0,1.064952242991E1));
#6318=CARTESIAN_POINT('',(-1.509787877208E1,3.480973737636E0,1.021620273654E1));
#6319=CARTESIAN_POINT('',(-1.512416783458E1,5.113435194779E0,9.504775489956E0));
#6320=CARTESIAN_POINT('',(-1.515045689708E1,6.606697775965E0,8.534607296312E0));
#6321=CARTESIAN_POINT('',(-1.517674595958E1,7.920111593471E0,7.332108062726E0));
#6322=CARTESIAN_POINT('',(-1.520303502208E1,9.017922431094E0,5.930013029168E0));
#6323=CARTESIAN_POINT('',(-1.522932408458E1,9.870245979218E0,4.366488046472E0));
#6324=CARTESIAN_POINT('',(-1.524685012625E1,1.025933392991E1,3.244898717977E0));
#6325=CARTESIAN_POINT('',(-1.525561314708E1,1.040644933384E1,2.671922055306E0));
#6326=CARTESIAN_POINT('',(-1.203841972062E1,-9.097886384347E0,
6.182917202130E0));
#6327=CARTESIAN_POINT('',(-1.204718274145E1,-8.757456411301E0,
6.683844695633E0));
#6328=CARTESIAN_POINT('',(-1.206470878312E1,-7.993670229315E0,
7.629332493878E0));
#6329=CARTESIAN_POINT('',(-1.209099784562E1,-6.630381700173E0,
8.839882514593E0));
#6330=CARTESIAN_POINT('',(-1.211728690812E1,-5.086600652785E0,
9.809789747389E0));
#6331=CARTESIAN_POINT('',(-1.214357597062E1,-3.404350921948E0,
1.051265318184E1));
#6332=CARTESIAN_POINT('',(-1.216986503312E1,-1.629427437509E0,
1.092933885442E1));
#6333=CARTESIAN_POINT('',(-1.219615409562E1,1.898525544053E-1,
1.104850386046E1));
#6334=CARTESIAN_POINT('',(-1.222244315812E1,2.003964220668E0,1.086690428606E1));
#6335=CARTESIAN_POINT('',(-1.224873222062E1,3.763523469427E0,1.038948373690E1));
#6336=CARTESIAN_POINT('',(-1.227502128312E1,5.420631251633E0,9.629238698302E0));
#6337=CARTESIAN_POINT('',(-1.230131034562E1,6.930177487893E0,8.606864755388E0));
#6338=CARTESIAN_POINT('',(-1.232759940812E1,8.251069058826E0,7.350193206583E0));
#6339=CARTESIAN_POINT('',(-1.235388847062E1,9.347348448165E0,5.893433433422E0));
#6340=CARTESIAN_POINT('',(-1.238017753312E1,1.018917258203E1,4.276241644065E0));
#6341=CARTESIAN_POINT('',(-1.240646659562E1,1.075362521966E1,2.542641343301E0));
#6342=CARTESIAN_POINT('',(-1.243275565812E1,1.102534078029E1,
7.398249157844E-1));
#6343=CARTESIAN_POINT('',(-1.245904472062E1,1.099692262460E1,
-1.083131053844E0));
#6344=CARTESIAN_POINT('',(-1.248533378312E1,1.066914440410E1,
-2.876601752180E0));
#6345=CARTESIAN_POINT('',(-1.251162284562E1,1.005092899773E1,
-4.591765031599E0));
#6346=CARTESIAN_POINT('',(-1.253791190812E1,9.159105608862E0,
-6.181930453880E0));
#6347=CARTESIAN_POINT('',(-1.256420097062E1,8.017951635463E0,
-7.603810303525E0));
#6348=CARTESIAN_POINT('',(-1.259049003312E1,6.658531784588E0,
-8.818697971107E0));
#6349=CARTESIAN_POINT('',(-1.261677909562E1,5.117852422157E0,
-9.793521628609E0));
#6350=CARTESIAN_POINT('',(-1.264306815812E1,3.437854178450E0,
-1.050174451353E1));
#6351=CARTESIAN_POINT('',(-1.266935722062E1,1.664270232839E0,
-1.092408731420E1));
#6352=CARTESIAN_POINT('',(-1.269564628312E1,-1.546186422714E-1,
-1.104905299154E1));
#6353=CARTESIAN_POINT('',(-1.272193534562E1,-1.969298387906E0,
-1.087323975059E1));
#6354=CARTESIAN_POINT('',(-1.274822440812E1,-3.730369537139E0,
-1.040143364218E1));
#6355=CARTESIAN_POINT('',(-1.277451347062E1,-5.389891973764E0,
-9.646478274029E0));
#6356=CARTESIAN_POINT('',(-1.280080253312E1,-6.902689963836E0,
-8.628925178085E0));
#6357=CARTESIAN_POINT('',(-1.282709159562E1,-8.227581934408E0,
-7.376474352024E0));
#6358=CARTESIAN_POINT('',(-1.285338065812E1,-9.328501522309E0,
-5.923220204529E0));
#6359=CARTESIAN_POINT('',(-1.287966972062E1,-1.017547937572E1,
-4.308723431475E0));
#6360=CARTESIAN_POINT('',(-1.290595878312E1,-1.074545898190E1,
-2.576934088527E0));
#6361=CARTESIAN_POINT('',(-1.293224784562E1,-1.102292431257E1,
-7.749951764599E-1));
#6362=CARTESIAN_POINT('',(-1.295853690812E1,-1.100032220120E1,
1.048040691846E0));
#6363=CARTESIAN_POINT('',(-1.298482597062E1,-1.067826795436E1,
2.842546607686E0));
#6364=CARTESIAN_POINT('',(-1.301111503312E1,-1.006552859990E1,
4.559672315956E0));
#6365=CARTESIAN_POINT('',(-1.303740409562E1,-9.178784228161E0,
6.152674022051E0));
#6366=CARTESIAN_POINT('',(-1.306369315812E1,-8.042173923096E0,
7.578186856112E0));
#6367=CARTESIAN_POINT('',(-1.308998222062E1,-6.686638643991E0,
8.797405355511E0));
#6368=CARTESIAN_POINT('',(-1.311627128312E1,-5.149078946055E0,
9.777139830397E0));
#6369=CARTESIAN_POINT('',(-1.314256034562E1,-3.471350468510E0,
1.049071985587E1));
#6370=CARTESIAN_POINT('',(-1.316884940812E1,-1.699124535142E0,
1.091872029588E1));
#6371=CARTESIAN_POINT('',(-1.319513847062E1,1.193551158056E-1,
1.104949009505E1));
#6372=CARTESIAN_POINT('',(-1.322142753312E1,1.934585627997E0,1.087946944355E1));
#6373=CARTESIAN_POINT('',(-1.324771659562E1,3.697152598908E0,1.041328668141E1));
#6374=CARTESIAN_POINT('',(-1.327400565812E1,5.359075243582E0,9.663632304080E0));
#6375=CARTESIAN_POINT('',(-1.330029472062E1,6.875112532056E0,8.650913499454E0));
#6376=CARTESIAN_POINT('',(-1.332658378312E1,8.203994744709E0,7.402698620335E0));
#6377=CARTESIAN_POINT('',(-1.335287284562E1,9.309546920036E0,5.952966715199E0));
#6378=CARTESIAN_POINT('',(-1.337916190812E1,1.016167361230E1,4.341182546532E0));
#6379=CARTESIAN_POINT('',(-1.340545097062E1,1.073717815192E1,2.611222276724E0));
#6380=CARTESIAN_POINT('',(-1.343174003312E1,1.102039410668E1,
8.101790666027E-1));
#6381=CARTESIAN_POINT('',(-1.345802909562E1,1.100361175409E1,
-1.012918899287E0));
#6382=CARTESIAN_POINT('',(-1.348431815812E1,1.068728795546E1,
-2.808443062631E0));
#6383=CARTESIAN_POINT('',(-1.351060722062E1,1.008003371851E1,
-4.527515484581E0));
#6384=CARTESIAN_POINT('',(-1.353689628312E1,9.198379787164E0,
-6.123339405419E0));
#6385=CARTESIAN_POINT('',(-1.356318534562E1,8.066326639585E0,
-7.552473150081E0));
#6386=CARTESIAN_POINT('',(-1.358947440812E1,6.714691144575E0,
-8.776012701189E0));
#6387=CARTESIAN_POINT('',(-1.361576347062E1,5.180267661633E0,
-9.760650747494E0));
#6388=CARTESIAN_POINT('',(-1.364205253312E1,3.504826421338E0,
-1.047958337828E1));
#6389=CARTESIAN_POINT('',(-1.366834159562E1,1.733976452192E0,
-1.091323974160E1));
#6390=CARTESIAN_POINT('',(-1.369463065812E1,-8.407599254621E-2,
-1.104981480357E1));
#6391=CARTESIAN_POINT('',(-1.372091972062E1,-1.899839709871E0,
-1.088559070594E1));
#6392=CARTESIAN_POINT('',(-1.374720878312E1,-3.663885801014E0,
-1.042503797381E1));
#6393=CARTESIAN_POINT('',(-1.377349784562E1,-5.328193229362E0,
-9.680693818612E0));
#6394=CARTESIAN_POINT('',(-1.379978690812E1,-6.847456053442E0,
-8.672820849038E0));
#6395=CARTESIAN_POINT('',(-1.382607597062E1,-8.180316749368E0,
-7.428855480544E0));
#6396=CARTESIAN_POINT('',(-1.385236503312E1,-9.290492049168E0,
-5.982661058921E0));
#6397=CARTESIAN_POINT('',(-1.387865409562E1,-1.014776064732E1,
-4.373606029400E0));
#6398=CARTESIAN_POINT('',(-1.390494315812E1,-1.072878588809E1,
-2.645492245441E0));
#6399=CARTESIAN_POINT('',(-1.393123222062E1,-1.101775103840E1,
-8.453625908657E-1));
#6400=CARTESIAN_POINT('',(-1.395752128312E1,-1.100678985273E1,
9.777796256831E-1));
#6401=CARTESIAN_POINT('',(-1.398381034562E1,-1.069620070927E1,
2.774304643219E0));
#6402=CARTESIAN_POINT('',(-1.401009940812E1,-1.009443848795E1,
4.495307274336E0));
#6403=CARTESIAN_POINT('',(-1.403638847062E1,-9.217884411502E0,
6.093938206842E0));
#6404=CARTESIAN_POINT('',(-1.406267753312E1,-8.090400114902E0,
7.526679340314E0));
#6405=CARTESIAN_POINT('',(-1.408896659562E1,-6.742678082339E0,
8.754528440252E0));
#6406=CARTESIAN_POINT('',(-1.411525565812E1,-5.211406134116E0,
9.744060861074E0));
#6407=CARTESIAN_POINT('',(-1.414154472062E1,-3.538268707882E0,
1.046833943562E1));
#6408=CARTESIAN_POINT('',(-1.416783378312E1,-1.768812121356E0,
1.090764776205E1));
#6409=CARTESIAN_POINT('',(-1.419412284562E1,4.879529357297E-2,
1.105002692657E1));
#6410=CARTESIAN_POINT('',(-1.422041190812E1,1.865074433637E0,1.089160105110E1));
#6411=CARTESIAN_POINT('',(-1.424670097062E1,3.630582349151E0,1.043668280394E1));
#6412=CARTESIAN_POINT('',(-1.427299003312E1,5.297258185033E0,9.697656000992E0));
#6413=CARTESIAN_POINT('',(-1.429927909562E1,6.819731498561E0,8.694638493483E0));
#6414=CARTESIAN_POINT('',(-1.432556815812E1,8.156557338725E0,7.454934518908E0));
#6415=CARTESIAN_POINT('',(-1.435185722062E1,9.271344465708E0,6.012291423373E0));
#6416=CARTESIAN_POINT('',(-1.437814628312E1,1.013374599799E1,4.405980988827E0));
#6417=CARTESIAN_POINT('',(-1.440443534562E1,1.072028551953E1,2.679730373343E0));
#6418=CARTESIAN_POINT('',(-1.443072440812E1,1.101499615863E1,
8.805317664328E-1));
#6419=CARTESIAN_POINT('',(-1.445701347062E1,1.100985524140E1,
-9.426368369474E-1));
#6420=CARTESIAN_POINT('',(-1.448330253312E1,1.070500268743E1,
-2.740144920531E0));
#6421=CARTESIAN_POINT('',(-1.450959159562E1,1.010873720270E1,
-4.463060494230E0));
#6422=CARTESIAN_POINT('',(-1.453588065812E1,9.237290372891E0,
-6.064482126635E0));
#6423=CARTESIAN_POINT('',(-1.456216972062E1,8.114384807128E0,
-7.500815701810E0));
#6424=CARTESIAN_POINT('',(-1.458845878312E1,6.770588359935E0,
-8.732961144340E0));
#6425=CARTESIAN_POINT('',(-1.461474784562E1,5.242482011024E0,
-9.727376807456E0));
#6426=CARTESIAN_POINT('',(-1.464103690812E1,3.571664054800E0,
-1.045699254930E1));
#6427=CARTESIAN_POINT('',(-1.466732597062E1,1.803617707608E0,
-1.090194664140E1));
#6428=CARTESIAN_POINT('',(-1.469361503312E1,-1.352704120720E-2,
-1.105012644911E1));
#6429=CARTESIAN_POINT('',(-1.471990409562E1,-1.830303629457E0,
-1.089749816543E1));
#6430=CARTESIAN_POINT('',(-1.474619315812E1,-3.597255507072E0,
-1.044821662211E1));
#6431=CARTESIAN_POINT('',(-1.477248222062E1,-5.266282449007E0,
-9.714512188550E0));
#6432=CARTESIAN_POINT('',(-1.479877128312E1,-6.791949946596E0,
-8.716357837438E0));
#6433=CARTESIAN_POINT('',(-1.482506034562E1,-8.132726032914E0,
-7.480925439985E0));
#6434=CARTESIAN_POINT('',(-1.485134940812E1,-9.252111873117E0,
-6.041846091612E0));
#6435=CARTESIAN_POINT('',(-1.487763847062E1,-1.011963534262E1,
-4.438294603435E0));
#6436=CARTESIAN_POINT('',(-1.490392753312E1,-1.071168054572E1,
-2.713923081567E0));
#6437=CARTESIAN_POINT('',(-1.493021659562E1,-1.101213069335E1,
-9.156726244102E-1));
#6438=CARTESIAN_POINT('',(-1.495650565812E1,-1.101280683935E1,
9.075045139987E-1));
#6439=CARTESIAN_POINT('',(-1.498279472062E1,-1.071369053173E1,
2.705977509176E0));
#6440=CARTESIAN_POINT('',(-1.500908378312E1,-1.012292431790E1,
4.430788024135E0));
#6441=CARTESIAN_POINT('',(-1.503537284562E1,-9.256590089891E0,
6.034982961390E0));
#6442=CARTESIAN_POINT('',(-1.506166190812E1,-8.138271303379E0,
7.474892628648E0));
#6443=CARTESIAN_POINT('',(-1.508795097062E1,-6.798410987747E0,
8.711319523732E0));
#6444=CARTESIAN_POINT('',(-1.511424003312E1,-5.273483023384E0,
9.710605377396E0));
#6445=CARTESIAN_POINT('',(-1.514052909562E1,-3.604999245761E0,
1.044554740678E1));
#6446=CARTESIAN_POINT('',(-1.516681815812E1,-1.838379404893E0,
1.089613883689E1));
#6447=CARTESIAN_POINT('',(-1.519310722062E1,-2.171474241183E-2,
1.105011353191E1));
#6448=CARTESIAN_POINT('',(-1.521939628312E1,1.795541156274E0,1.090327990808E1));
#6449=CARTESIAN_POINT('',(-1.524568534562E1,3.563918594840E0,1.045963504629E1));
#6450=CARTESIAN_POINT('',(-1.527197440812E1,5.235278444403E0,9.731255867341E0));
#6451=CARTESIAN_POINT('',(-1.529826347062E1,6.764122578597E0,8.737970446062E0));
#6452=CARTESIAN_POINT('',(-1.532455253312E1,8.108832501662E0,7.506817986472E0));
#6453=CARTESIAN_POINT('',(-1.535084159562E1,9.232802043724E0,6.071313745862E0));
#6454=CARTESIAN_POINT('',(-1.537713065812E1,1.010543480999E1,4.470532993315E0));
#6455=CARTESIAN_POINT('',(-1.539465669978E1,1.050379397240E1,3.322218365032E0));
#6456=CARTESIAN_POINT('',(-1.540341972062E1,1.065441485126E1,2.735588779056E0));
#6457=B_SPLINE_SURFACE_WITH_KNOTS('',3,3,((#5933,#5934,#5935,#5936,#5937,#5938,
#5939,#5940,#5941,#5942,#5943,#5944,#5945,#5946,#5947,#5948,#5949,#5950,#5951,
#5952,#5953,#5954,#5955,#5956,#5957,#5958,#5959,#5960,#5961,#5962,#5963,#5964,
#5965,#5966,#5967,#5968,#5969,#5970,#5971,#5972,#5973,#5974,#5975,#5976,#5977,
#5978,#5979,#5980,#5981,#5982,#5983,#5984,#5985,#5986,#5987,#5988,#5989,#5990,
#5991,#5992,#5993,#5994,#5995,#5996,#5997,#5998,#5999,#6000,#6001,#6002,#6003,
#6004,#6005,#6006,#6007,#6008,#6009,#6010,#6011,#6012,#6013,#6014,#6015,#6016,
#6017,#6018,#6019,#6020,#6021,#6022,#6023,#6024,#6025,#6026,#6027,#6028,#6029,
#6030,#6031,#6032,#6033,#6034,#6035,#6036,#6037,#6038,#6039,#6040,#6041,#6042,
#6043,#6044,#6045,#6046,#6047,#6048,#6049,#6050,#6051,#6052,#6053,#6054,#6055,
#6056,#6057,#6058,#6059,#6060,#6061,#6062,#6063),(#6064,#6065,#6066,#6067,#6068,
#6069,#6070,#6071,#6072,#6073,#6074,#6075,#6076,#6077,#6078,#6079,#6080,#6081,
#6082,#6083,#6084,#6085,#6086,#6087,#6088,#6089,#6090,#6091,#6092,#6093,#6094,
#6095,#6096,#6097,#6098,#6099,#6100,#6101,#6102,#6103,#6104,#6105,#6106,#6107,
#6108,#6109,#6110,#6111,#6112,#6113,#6114,#6115,#6116,#6117,#6118,#6119,#6120,
#6121,#6122,#6123,#6124,#6125,#6126,#6127,#6128,#6129,#6130,#6131,#6132,#6133,
#6134,#6135,#6136,#6137,#6138,#6139,#6140,#6141,#6142,#6143,#6144,#6145,#6146,
#6147,#6148,#6149,#6150,#6151,#6152,#6153,#6154,#6155,#6156,#6157,#6158,#6159,
#6160,#6161,#6162,#6163,#6164,#6165,#6166,#6167,#6168,#6169,#6170,#6171,#6172,
#6173,#6174,#6175,#6176,#6177,#6178,#6179,#6180,#6181,#6182,#6183,#6184,#6185,
#6186,#6187,#6188,#6189,#6190,#6191,#6192,#6193,#6194),(#6195,#6196,#6197,#6198,
#6199,#6200,#6201,#6202,#6203,#6204,#6205,#6206,#6207,#6208,#6209,#6210,#6211,
#6212,#6213,#6214,#6215,#6216,#6217,#6218,#6219,#6220,#6221,#6222,#6223,#6224,
#6225,#6226,#6227,#6228,#6229,#6230,#6231,#6232,#6233,#6234,#6235,#6236,#6237,
#6238,#6239,#6240,#6241,#6242,#6243,#6244,#6245,#6246,#6247,#6248,#6249,#6250,
#6251,#6252,#6253,#6254,#6255,#6256,#6257,#6258,#6259,#6260,#6261,#6262,#6263,
#6264,#6265,#6266,#6267,#6268,#6269,#6270,#6271,#6272,#6273,#6274,#6275,#6276,
#6277,#6278,#6279,#6280,#6281,#6282,#6283,#6284,#6285,#6286,#6287,#6288,#6289,
#6290,#6291,#6292,#6293,#6294,#6295,#6296,#6297,#6298,#6299,#6300,#6301,#6302,
#6303,#6304,#6305,#6306,#6307,#6308,#6309,#6310,#6311,#6312,#6313,#6314,#6315,
#6316,#6317,#6318,#6319,#6320,#6321,#6322,#6323,#6324,#6325),(#6326,#6327,#6328,
#6329,#6330,#6331,#6332,#6333,#6334,#6335,#6336,#6337,#6338,#6339,#6340,#6341,
#6342,#6343,#6344,#6345,#6346,#6347,#6348,#6349,#6350,#6351,#6352,#6353,#6354,
#6355,#6356,#6357,#6358,#6359,#6360,#6361,#6362,#6363,#6364,#6365,#6366,#6367,
#6368,#6369,#6370,#6371,#6372,#6373,#6374,#6375,#6376,#6377,#6378,#6379,#6380,
#6381,#6382,#6383,#6384,#6385,#6386,#6387,#6388,#6389,#6390,#6391,#6392,#6393,
#6394,#6395,#6396,#6397,#6398,#6399,#6400,#6401,#6402,#6403,#6404,#6405,#6406,
#6407,#6408,#6409,#6410,#6411,#6412,#6413,#6414,#6415,#6416,#6417,#6418,#6419,
#6420,#6421,#6422,#6423,#6424,#6425,#6426,#6427,#6428,#6429,#6430,#6431,#6432,
#6433,#6434,#6435,#6436,#6437,#6438,#6439,#6440,#6441,#6442,#6443,#6444,#6445,
#6446,#6447,#6448,#6449,#6450,#6451,#6452,#6453,#6454,#6455,#6456)),
.UNSPECIFIED.,.F.,.F.,.F.,(4,4),(4,1,1,1,1,1,1,1,1,1,1,1,1,1,1,1,1,1,1,1,1,1,1,
1,1,1,1,1,1,1,1,1,1,1,1,1,1,1,1,1,1,1,1,1,1,1,1,1,1,1,1,1,1,1,1,1,1,1,1,1,1,1,1,
1,1,1,1,1,1,1,1,1,1,1,1,1,1,1,1,1,1,1,1,1,1,1,1,1,1,1,1,1,1,1,1,1,1,1,1,1,1,1,1,
1,1,1,1,1,1,1,1,1,1,1,1,1,1,1,1,1,1,1,1,1,1,1,1,1,4),(0.E0,8.868394412356E-1),(
0.E0,7.8125E-3,1.5625E-2,2.34375E-2,3.125E-2,3.90625E-2,4.6875E-2,5.46875E-2,
6.25E-2,7.03125E-2,7.8125E-2,8.59375E-2,9.375E-2,1.015625E-1,1.09375E-1,
1.171875E-1,1.25E-1,1.328125E-1,1.40625E-1,1.484375E-1,1.5625E-1,1.640625E-1,
1.71875E-1,1.796875E-1,1.875E-1,1.953125E-1,2.03125E-1,2.109375E-1,2.1875E-1,
2.265625E-1,2.34375E-1,2.421875E-1,2.5E-1,2.578125E-1,2.65625E-1,2.734375E-1,
2.8125E-1,2.890625E-1,2.96875E-1,3.046875E-1,3.125E-1,3.203125E-1,3.28125E-1,
3.359375E-1,3.4375E-1,3.515625E-1,3.59375E-1,3.671875E-1,3.75E-1,3.828125E-1,
3.90625E-1,3.984375E-1,4.0625E-1,4.140625E-1,4.21875E-1,4.296875E-1,4.375E-1,
4.453125E-1,4.53125E-1,4.609375E-1,4.6875E-1,4.765625E-1,4.84375E-1,4.921875E-1,
5.E-1,5.078125E-1,5.15625E-1,5.234375E-1,5.3125E-1,5.390625E-1,5.46875E-1,
5.546875E-1,5.625E-1,5.703125E-1,5.78125E-1,5.859375E-1,5.9375E-1,6.015625E-1,
6.09375E-1,6.171875E-1,6.25E-1,6.328125E-1,6.40625E-1,6.484375E-1,6.5625E-1,
6.640625E-1,6.71875E-1,6.796875E-1,6.875E-1,6.953125E-1,7.03125E-1,7.109375E-1,
7.1875E-1,7.265625E-1,7.34375E-1,7.421875E-1,7.5E-1,7.578125E-1,7.65625E-1,
7.734375E-1,7.8125E-1,7.890625E-1,7.96875E-1,8.046875E-1,8.125E-1,8.203125E-1,
8.28125E-1,8.359375E-1,8.4375E-1,8.515625E-1,8.59375E-1,8.671875E-1,8.75E-1,
8.828125E-1,8.90625E-1,8.984375E-1,9.0625E-1,9.140625E-1,9.21875E-1,9.296875E-1,
9.375E-1,9.453125E-1,9.53125E-1,9.609375E-1,9.6875E-1,9.765625E-1,9.84375E-1,
9.921875E-1,1.E0),.UNSPECIFIED.);
#6458=ORIENTED_EDGE('',*,*,#2324,.T.);
#6459=ORIENTED_EDGE('',*,*,#2577,.T.);
#6460=ORIENTED_EDGE('',*,*,#2340,.T.);
#6461=ORIENTED_EDGE('',*,*,#2598,.T.);
#6462=ORIENTED_EDGE('',*,*,#2352,.T.);
#6463=ORIENTED_EDGE('',*,*,#2592,.T.);
#6465=ORIENTED_EDGE('',*,*,#6464,.F.);
#6466=ORIENTED_EDGE('',*,*,#5921,.F.);
#6467=ORIENTED_EDGE('',*,*,#5382,.T.);
#6468=ORIENTED_EDGE('',*,*,#2564,.T.);
#6469=EDGE_LOOP('',(#6458,#6459,#6460,#6461,#6462,#6463,#6465,#6466,#6467,
#6468));
#6470=FACE_OUTER_BOUND('',#6469,.F.);
#6471=ADVANCED_FACE('',(#6470),#6457,.F.);
#6472=CARTESIAN_POINT('',(-1.546E1,1.065441477242E1,2.735588758812E0));
#6473=DIRECTION('',(0.E0,2.486898871647E-1,-9.685831611287E-1));
#6474=DIRECTION('',(0.E0,-9.685831611287E-1,-2.486898871647E-1));
#6475=AXIS2_PLACEMENT_3D('',#6472,#6473,#6474);
#6476=PLANE('',#6475);
#6477=ORIENTED_EDGE('',*,*,#2590,.F.);
#6478=ORIENTED_EDGE('',*,*,#5923,.T.);
#6479=ORIENTED_EDGE('',*,*,#6464,.T.);
#6480=EDGE_LOOP('',(#6477,#6478,#6479));
#6481=FACE_OUTER_BOUND('',#6480,.F.);
#6482=ADVANCED_FACE('',(#6481),#6476,.F.);
#6483=CARTESIAN_POINT('',(-2.664744237899E0,0.E0,0.E0));
#6484=DIRECTION('',(-1.E0,0.E0,0.E0));
#6485=DIRECTION('',(0.E0,-1.E0,0.E0));
#6486=AXIS2_PLACEMENT_3D('',#6483,#6484,#6485);
#6487=CONICAL_SURFACE('',#6486,9.751370794079E0,6.E1);
#6488=ORIENTED_EDGE('',*,*,#2936,.F.);
#6489=ORIENTED_EDGE('',*,*,#2643,.T.);
#6491=ORIENTED_EDGE('',*,*,#6490,.T.);
#6493=ORIENTED_EDGE('',*,*,#6492,.F.);
#6495=ORIENTED_EDGE('',*,*,#6494,.F.);
#6496=EDGE_LOOP('',(#6488,#6489,#6491,#6493,#6495));
#6497=FACE_OUTER_BOUND('',#6496,.F.);
#6498=ADVANCED_FACE('',(#6497),#6487,.T.);
#6499=CARTESIAN_POINT('',(-2.E0,0.E0,0.E0));
#6500=DIRECTION('',(-1.E0,0.E0,0.E0));
#6501=DIRECTION('',(0.E0,-1.E0,0.E0));
#6502=AXIS2_PLACEMENT_3D('',#6499,#6500,#6501);
#6503=TOROIDAL_SURFACE('',#6502,9.4E0,4.E-1);
#6505=ORIENTED_EDGE('',*,*,#6504,.F.);
#6506=ORIENTED_EDGE('',*,*,#6492,.T.);
#6508=ORIENTED_EDGE('',*,*,#6507,.T.);
#6509=ORIENTED_EDGE('',*,*,#2434,.F.);
#6510=EDGE_LOOP('',(#6505,#6506,#6508,#6509));
#6511=FACE_OUTER_BOUND('',#6510,.F.);
#6512=ADVANCED_FACE('',(#6511),#6503,.F.);
#6513=CARTESIAN_POINT('',(-2.664744237899E0,0.E0,0.E0));
#6514=DIRECTION('',(-1.E0,0.E0,0.E0));
#6515=DIRECTION('',(0.E0,-1.E0,0.E0));
#6516=AXIS2_PLACEMENT_3D('',#6513,#6514,#6515);
#6517=CONICAL_SURFACE('',#6516,9.751370794079E0,6.E1);
#6518=ORIENTED_EDGE('',*,*,#2938,.F.);
#6519=ORIENTED_EDGE('',*,*,#6494,.T.);
#6521=ORIENTED_EDGE('',*,*,#6520,.T.);
#6522=ORIENTED_EDGE('',*,*,#6490,.F.);
#6523=ORIENTED_EDGE('',*,*,#2641,.F.);
#6524=ORIENTED_EDGE('',*,*,#3225,.F.);
#6525=EDGE_LOOP('',(#6518,#6519,#6521,#6522,#6523,#6524));
#6526=FACE_OUTER_BOUND('',#6525,.F.);
#6527=ADVANCED_FACE('',(#6526),#6517,.T.);
#6528=CARTESIAN_POINT('',(-2.E0,0.E0,0.E0));
#6529=DIRECTION('',(-1.E0,0.E0,0.E0));
#6530=DIRECTION('',(0.E0,-1.E0,0.E0));
#6531=AXIS2_PLACEMENT_3D('',#6528,#6529,#6530);
#6532=TOROIDAL_SURFACE('',#6531,9.4E0,4.E-1);
#6533=ORIENTED_EDGE('',*,*,#6504,.T.);
#6534=ORIENTED_EDGE('',*,*,#2661,.T.);
#6535=ORIENTED_EDGE('',*,*,#6507,.F.);
#6536=ORIENTED_EDGE('',*,*,#6520,.F.);
#6537=EDGE_LOOP('',(#6533,#6534,#6535,#6536));
#6538=FACE_OUTER_BOUND('',#6537,.F.);
#6539=ADVANCED_FACE('',(#6538),#6532,.F.);
#6540=OPEN_SHELL('',(#2177,#2189,#2204,#2219,#2230,#2248,#2266,#2282,#2298,
#2314,#2330,#2346,#2362,#2378,#2394,#2410,#2426,#2441,#2454,#2466,#2480,#2494,
#2508,#2524,#2538,#2552,#2568,#2582,#2603,#2619,#2635,#2652,#2665,#2948,#3230,
#3771,#4311,#4852,#5392,#5932,#6471,#6482,#6498,#6512,#6527,#6539));
#6541=CARTESIAN_POINT('',(-1.751367867510E1,0.E0,0.E0));
#6542=DIRECTION('',(1.E0,0.E0,0.E0));
#6543=DIRECTION('',(0.E0,-1.E0,0.E0));
#6544=AXIS2_PLACEMENT_3D('',#6541,#6542,#6543);
#6546=CARTESIAN_POINT('',(-1.751367867510E1,0.E0,0.E0));
#6547=DIRECTION('',(1.E0,0.E0,0.E0));
#6548=DIRECTION('',(0.E0,1.E0,0.E0));
#6549=AXIS2_PLACEMENT_3D('',#6546,#6547,#6548);
#6551=CARTESIAN_POINT('',(1.090040890341E0,0.E0,0.E0));
#6552=DIRECTION('',(0.E0,0.E0,1.E0));
#6553=DIRECTION('',(-1.E0,0.E0,0.E0));
#6554=AXIS2_PLACEMENT_3D('',#6551,#6552,#6553);
#6556=CARTESIAN_POINT('',(1.090040890341E0,0.E0,0.E0));
#6557=DIRECTION('',(0.E0,0.E0,-1.E0));
#6558=DIRECTION('',(-1.E0,0.E0,0.E0));
#6559=AXIS2_PLACEMENT_3D('',#6556,#6557,#6558);
#6561=CARTESIAN_POINT('',(-1.751367867510E1,7.341772151899E0,0.E0));
#6562=CARTESIAN_POINT('',(-1.751367867510E1,-7.341772151899E0,0.E0));
#6563=VERTEX_POINT('',#6561);
#6564=VERTEX_POINT('',#6562);
#6565=CARTESIAN_POINT('',(-1.890995910966E1,0.E0,0.E0));
#6566=VERTEX_POINT('',#6565);
#6567=CARTESIAN_POINT('',(1.090040890341E0,0.E0,0.E0));
#6568=DIRECTION('',(1.E0,0.E0,0.E0));
#6569=DIRECTION('',(0.E0,-1.E0,0.E0));
#6570=AXIS2_PLACEMENT_3D('',#6567,#6568,#6569);
#6571=SPHERICAL_SURFACE('',#6570,2.E1);
#6573=ORIENTED_EDGE('',*,*,#6572,.T.);
#6575=ORIENTED_EDGE('',*,*,#6574,.F.);
#6577=ORIENTED_EDGE('',*,*,#6576,.T.);
#6578=EDGE_LOOP('',(#6573,#6575,#6577));
#6579=FACE_OUTER_BOUND('',#6578,.F.);
#6580=ADVANCED_FACE('',(#6579),#6571,.T.);
#6581=CARTESIAN_POINT('',(1.090040890341E0,0.E0,0.E0));
#6582=DIRECTION('',(1.E0,0.E0,0.E0));
#6583=DIRECTION('',(0.E0,-1.E0,0.E0));
#6584=AXIS2_PLACEMENT_3D('',#6581,#6582,#6583);
#6585=SPHERICAL_SURFACE('',#6584,2.E1);
#6587=ORIENTED_EDGE('',*,*,#6586,.T.);
#6588=ORIENTED_EDGE('',*,*,#6576,.F.);
#6589=ORIENTED_EDGE('',*,*,#6574,.T.);
#6590=EDGE_LOOP('',(#6587,#6588,#6589));
#6591=FACE_OUTER_BOUND('',#6590,.F.);
#6592=ADVANCED_FACE('',(#6591),#6585,.T.);
#6593=OPEN_SHELL('',(#6580,#6592));
#6594=DIRECTION('',(1.E0,0.E0,0.E0));
#6595=VECTOR('',#6594,4.3E0);
#6596=CARTESIAN_POINT('',(1.05E0,6.911765331665E0,-2.5E0));
#6597=LINE('',#6596,#6595);
#6598=CARTESIAN_POINT('',(-9.E-1,0.E0,0.E0));
#6599=DIRECTION('',(-1.E0,0.E0,0.E0));
#6600=DIRECTION('',(0.E0,0.E0,1.E0));
#6601=AXIS2_PLACEMENT_3D('',#6598,#6599,#6600);
#6603=DIRECTION('',(-1.E0,0.E0,0.E0));
#6604=VECTOR('',#6603,4.E0);
#6605=CARTESIAN_POINT('',(5.05E0,5.454356057318E0,-2.5E0));
#6606=LINE('',#6605,#6604);
#6607=CARTESIAN_POINT('',(1.05E0,0.E0,0.E0));
#6608=DIRECTION('',(-1.E0,0.E0,0.E0));
#6609=DIRECTION('',(0.E0,9.090593428863E-1,-4.166666666667E-1));
#6610=AXIS2_PLACEMENT_3D('',#6607,#6608,#6609);
#6612=CARTESIAN_POINT('',(5.05E0,0.E0,0.E0));
#6613=DIRECTION('',(1.E0,0.E0,0.E0));
#6614=DIRECTION('',(0.E0,-8.660254037844E-1,-5.E-1));
#6615=AXIS2_PLACEMENT_3D('',#6612,#6613,#6614);
#6617=DIRECTION('',(0.E0,-1.E0,0.E0));
#6618=VECTOR('',#6617,3.734169163535E-1);
#6619=CARTESIAN_POINT('',(1.05E0,-6.538348415311E0,-2.5E0));
#6620=LINE('',#6619,#6618);
#6621=CARTESIAN_POINT('',(1.05E0,0.E0,0.E0));
#6622=DIRECTION('',(-1.E0,0.E0,0.E0));
#6623=DIRECTION('',(0.E0,-9.035079029053E-1,-4.285714285714E-1));
#6624=AXIS2_PLACEMENT_3D('',#6621,#6622,#6623);
#6626=DIRECTION('',(0.E0,-1.E0,0.E0));
#6627=VECTOR('',#6626,1.128402897630E0);
#6628=CARTESIAN_POINT('',(1.05E0,-5.196152422707E0,-3.E0));
#6629=LINE('',#6628,#6627);
#6630=DIRECTION('',(0.E0,-1.E0,0.E0));
#6631=VECTOR('',#6630,1.457409274347E0);
#6632=CARTESIAN_POINT('',(1.05E0,6.911765331665E0,-2.5E0));
#6633=LINE('',#6632,#6631);
#6634=CARTESIAN_POINT('',(1.05E0,0.E0,0.E0));
#6635=DIRECTION('',(-1.E0,0.E0,0.E0));
#6636=DIRECTION('',(0.E0,9.403762356006E-1,-3.401360544218E-1));
#6637=AXIS2_PLACEMENT_3D('',#6634,#6635,#6636);
#6639=CARTESIAN_POINT('',(1.05E0,0.E0,0.E0));
#6640=DIRECTION('',(-1.E0,0.E0,0.E0));
#6641=DIRECTION('',(0.E0,0.E0,-1.E0));
#6642=AXIS2_PLACEMENT_3D('',#6639,#6640,#6641);
#6644=DIRECTION('',(0.E0,8.660254037844E-1,5.E-1));
#6645=VECTOR('',#6644,3.623037399752E0);
#6646=CARTESIAN_POINT('',(1.05E0,-4.428821213523E0,4.047905959709E0));
#6647=LINE('',#6646,#6645);
#6648=DIRECTION('',(0.E0,1.E0,0.E0));
#6649=VECTOR('',#6648,1.128402897630E0);
#6650=CARTESIAN_POINT('',(1.05E0,-6.324555320337E0,3.E0));
#6651=LINE('',#6650,#6649);
#6652=CARTESIAN_POINT('',(1.05E0,0.E0,0.E0));
#6653=DIRECTION('',(-1.E0,0.E0,0.E0));
#6654=DIRECTION('',(0.E0,-9.340497736159E-1,3.571428571429E-1));
#6655=AXIS2_PLACEMENT_3D('',#6652,#6653,#6654);
#6657=DIRECTION('',(0.E0,1.E0,0.E0));
#6658=VECTOR('',#6657,3.734169163535E-1);
#6659=CARTESIAN_POINT('',(1.05E0,-6.911765331665E0,2.5E0));
#6660=LINE('',#6659,#6658);
#6661=CARTESIAN_POINT('',(1.05E0,0.E0,0.E0));
#6662=DIRECTION('',(-1.E0,0.E0,0.E0));
#6663=DIRECTION('',(0.E0,-9.403762356006E-1,3.401360544218E-1));
#6664=AXIS2_PLACEMENT_3D('',#6661,#6662,#6663);
#6666=CARTESIAN_POINT('',(1.05E0,0.E0,0.E0));
#6667=DIRECTION('',(-1.E0,0.E0,0.E0));
#6668=DIRECTION('',(0.E0,0.E0,1.E0));
#6669=AXIS2_PLACEMENT_3D('',#6666,#6667,#6668);
#6671=DIRECTION('',(0.E0,1.E0,0.E0));
#6672=VECTOR('',#6671,1.457409274347E0);
#6673=CARTESIAN_POINT('',(1.05E0,5.454356057318E0,2.5E0));
#6674=LINE('',#6673,#6672);
#6675=DIRECTION('',(1.E0,0.E0,0.E0));
#6676=VECTOR('',#6675,4.3E0);
#6677=CARTESIAN_POINT('',(1.05E0,-6.911765331665E0,-2.5E0));
#6678=LINE('',#6677,#6676);
#6679=DIRECTION('',(-1.E0,0.E0,0.E0));
#6680=VECTOR('',#6679,4.E0);
#6681=CARTESIAN_POINT('',(5.05E0,-6.538348415311E0,-2.5E0));
#6682=LINE('',#6681,#6680);
#6683=DIRECTION('',(1.E0,0.E0,0.E0));
#6684=VECTOR('',#6683,1.95E0);
#6685=CARTESIAN_POINT('',(-9.E-1,0.E0,-7.35E0));
#6686=LINE('',#6685,#6684);
#6687=CARTESIAN_POINT('',(-9.E-1,0.E0,0.E0));
#6688=DIRECTION('',(-1.E0,0.E0,0.E0));
#6689=DIRECTION('',(0.E0,0.E0,-1.E0));
#6690=AXIS2_PLACEMENT_3D('',#6687,#6688,#6689);
#6692=DIRECTION('',(1.E0,0.E0,0.E0));
#6693=VECTOR('',#6692,1.95E0);
#6694=CARTESIAN_POINT('',(-9.E-1,0.E0,7.35E0));
#6695=LINE('',#6694,#6693);
#6696=DIRECTION('',(-1.E0,0.E0,0.E0));
#6697=VECTOR('',#6696,4.3E0);
#6698=CARTESIAN_POINT('',(5.35E0,-6.911765331665E0,2.5E0));
#6699=LINE('',#6698,#6697);
#6700=DIRECTION('',(-1.E0,0.E0,0.E0));
#6701=VECTOR('',#6700,4.E0);
#6702=CARTESIAN_POINT('',(5.05E0,-6.538348415311E0,2.5E0));
#6703=LINE('',#6702,#6701);
#6704=DIRECTION('',(0.E0,-1.E0,0.E0));
#6705=VECTOR('',#6704,1.986259851037E0);
#6706=CARTESIAN_POINT('',(5.05E0,6.697947446793E0,-2.2E0));
#6707=LINE('',#6706,#6705);
#6708=DIRECTION('',(0.E0,1.E0,0.E0));
#6709=VECTOR('',#6708,1.986259851037E0);
#6710=CARTESIAN_POINT('',(5.05E0,4.711687595756E0,2.2E0));
#6711=LINE('',#6710,#6709);
#6712=CARTESIAN_POINT('',(5.05E0,0.E0,0.E0));
#6713=DIRECTION('',(1.E0,0.E0,0.E0));
#6714=DIRECTION('',(0.E0,9.500634676302E-1,-3.120567375887E-1));
#6715=AXIS2_PLACEMENT_3D('',#6712,#6713,#6714);
#6717=DIRECTION('',(0.E0,1.E0,0.E0));
#6718=VECTOR('',#6717,8.947508112467E-1);
#6719=CARTESIAN_POINT('',(5.05E0,4.559605246071E0,-2.5E0));
#6720=LINE('',#6719,#6718);
#6721=DIRECTION('',(0.E0,-1.E0,0.E0));
#6722=VECTOR('',#6721,1.128402897630E0);
#6723=CARTESIAN_POINT('',(5.05E0,-5.196152422707E0,-3.E0));
#6724=LINE('',#6723,#6722);
#6725=CARTESIAN_POINT('',(5.05E0,0.E0,0.E0));
#6726=DIRECTION('',(1.E0,0.E0,0.E0));
#6727=DIRECTION('',(0.E0,-9.340497736159E-1,-3.571428571429E-1));
#6728=AXIS2_PLACEMENT_3D('',#6725,#6726,#6727);
#6730=DIRECTION('',(0.E0,1.E0,0.E0));
#6731=VECTOR('',#6730,1.978743169240E0);
#6732=CARTESIAN_POINT('',(5.05E0,-6.538348415311E0,-2.5E0));
#6733=LINE('',#6732,#6731);
#6734=DIRECTION('',(0.E0,1.E0,0.E0));
#6735=VECTOR('',#6734,1.986259851037E0);
#6736=CARTESIAN_POINT('',(5.05E0,-6.697947446793E0,2.2E0));
#6737=LINE('',#6736,#6735);
#6738=DIRECTION('',(0.E0,-1.E0,0.E0));
#6739=VECTOR('',#6738,1.986259851037E0);
#6740=CARTESIAN_POINT('',(5.05E0,-4.711687595756E0,-2.2E0));
#6741=LINE('',#6740,#6739);
#6742=CARTESIAN_POINT('',(5.05E0,0.E0,0.E0));
#6743=DIRECTION('',(1.E0,0.E0,0.E0));
#6744=DIRECTION('',(0.E0,-9.500634676302E-1,3.120567375887E-1));
#6745=AXIS2_PLACEMENT_3D('',#6742,#6743,#6744);
#6747=DIRECTION('',(0.E0,-8.660254037844E-1,-5.E-1));
#6748=VECTOR('',#6747,3.623037399752E0);
#6749=CARTESIAN_POINT('',(5.05E0,-1.291178786477E0,5.859424659585E0));
#6750=LINE('',#6749,#6748);
#6751=DIRECTION('',(0.E0,-1.E0,0.E0));
#6752=VECTOR('',#6751,8.947508112467E-1);
#6753=CARTESIAN_POINT('',(5.05E0,5.454356057318E0,2.5E0));
#6754=LINE('',#6753,#6752);
#6755=DIRECTION('',(0.E0,-1.E0,0.E0));
#6756=VECTOR('',#6755,1.978743169240E0);
#6757=CARTESIAN_POINT('',(5.05E0,-4.559605246071E0,2.5E0));
#6758=LINE('',#6757,#6756);
#6759=CARTESIAN_POINT('',(5.05E0,0.E0,0.E0));
#6760=DIRECTION('',(1.E0,0.E0,0.E0));
#6761=DIRECTION('',(0.E0,-9.035079029053E-1,4.285714285714E-1));
#6762=AXIS2_PLACEMENT_3D('',#6759,#6760,#6761);
#6764=DIRECTION('',(0.E0,1.E0,0.E0));
#6765=VECTOR('',#6764,1.128402897630E0);
#6766=CARTESIAN_POINT('',(5.05E0,-6.324555320337E0,3.E0));
#6767=LINE('',#6766,#6765);
#6768=DIRECTION('',(1.E0,0.E0,0.E0));
#6769=VECTOR('',#6768,3.E-1);
#6770=CARTESIAN_POINT('',(5.05E0,6.697947446793E0,-2.2E0));
#6771=LINE('',#6770,#6769);
#6772=DIRECTION('',(1.E0,0.E0,0.E0));
#6773=VECTOR('',#6772,3.E-1);
#6774=CARTESIAN_POINT('',(5.05E0,6.697947446793E0,2.2E0));
#6775=LINE('',#6774,#6773);
#6776=CARTESIAN_POINT('',(5.05E0,-4.711687595756E0,2.2E0));
#6777=CARTESIAN_POINT('',(5.05E0,-4.693432858615E0,2.2E0));
#6778=CARTESIAN_POINT('',(5.053938920730E0,-4.657906964595E0,2.2E0));
#6779=CARTESIAN_POINT('',(5.072056652226E0,-4.605704163905E0,2.2E0));
#6780=CARTESIAN_POINT('',(5.101299381201E0,-4.560181498261E0,2.2E0));
#6781=CARTESIAN_POINT('',(5.140711735477E0,-4.523090422268E0,2.2E0));
#6782=CARTESIAN_POINT('',(5.190240379284E0,-4.497116176936E0,2.2E0));
#6783=CARTESIAN_POINT('',(5.229049699313E0,-4.489988864129E0,2.2E0));
#6784=CARTESIAN_POINT('',(5.25E0,-4.489988864129E0,2.2E0));
#6786=CARTESIAN_POINT('',(5.25E0,0.E0,0.E0));
#6787=DIRECTION('',(-1.E0,0.E0,0.E0));
#6788=DIRECTION('',(0.E0,-8.979977728257E-1,-4.4E-1));
#6789=AXIS2_PLACEMENT_3D('',#6786,#6787,#6788);
#6791=CARTESIAN_POINT('',(5.25E0,-4.489988864129E0,-2.2E0));
#6792=CARTESIAN_POINT('',(5.229558814452E0,-4.489988864129E0,-2.2E0));
#6793=CARTESIAN_POINT('',(5.191459967847E0,-4.496693469813E0,-2.2E0));
#6794=CARTESIAN_POINT('',(5.141177210205E0,-4.522720592678E0,-2.2E0));
#6795=CARTESIAN_POINT('',(5.102001305051E0,-4.559409472031E0,-2.2E0));
#6796=CARTESIAN_POINT('',(5.072492085265E0,-4.604718867496E0,-2.2E0));
#6797=CARTESIAN_POINT('',(5.053972068355E0,-4.657549729655E0,-2.2E0));
#6798=CARTESIAN_POINT('',(5.05E0,-4.693303787892E0,-2.2E0));
#6799=CARTESIAN_POINT('',(5.05E0,-4.711687595756E0,-2.2E0));
#6801=CARTESIAN_POINT('',(5.05E0,0.E0,0.E0));
#6802=DIRECTION('',(-1.E0,0.E0,0.E0));
#6803=DIRECTION('',(0.E0,-9.060937684146E-1,-4.230769230769E-1));
#6804=AXIS2_PLACEMENT_3D('',#6801,#6802,#6803);
#6806=CARTESIAN_POINT('',(5.05E0,4.711687595756E0,-2.2E0));
#6807=CARTESIAN_POINT('',(5.05E0,4.693432858615E0,-2.2E0));
#6808=CARTESIAN_POINT('',(5.053938920730E0,4.657906964595E0,-2.2E0));
#6809=CARTESIAN_POINT('',(5.072056652226E0,4.605704163905E0,-2.2E0));
#6810=CARTESIAN_POINT('',(5.101299381201E0,4.560181498261E0,-2.2E0));
#6811=CARTESIAN_POINT('',(5.140711735477E0,4.523090422268E0,-2.2E0));
#6812=CARTESIAN_POINT('',(5.190240379284E0,4.497116176936E0,-2.2E0));
#6813=CARTESIAN_POINT('',(5.229049699313E0,4.489988864129E0,-2.2E0));
#6814=CARTESIAN_POINT('',(5.25E0,4.489988864129E0,-2.2E0));
#6816=CARTESIAN_POINT('',(5.25E0,0.E0,0.E0));
#6817=DIRECTION('',(-1.E0,0.E0,0.E0));
#6818=DIRECTION('',(0.E0,8.979977728257E-1,4.4E-1));
#6819=AXIS2_PLACEMENT_3D('',#6816,#6817,#6818);
#6821=CARTESIAN_POINT('',(5.25E0,4.489988864129E0,2.2E0));
#6822=CARTESIAN_POINT('',(5.229558814452E0,4.489988864129E0,2.2E0));
#6823=CARTESIAN_POINT('',(5.191459967847E0,4.496693469813E0,2.2E0));
#6824=CARTESIAN_POINT('',(5.141177210205E0,4.522720592678E0,2.2E0));
#6825=CARTESIAN_POINT('',(5.102001305051E0,4.559409472031E0,2.2E0));
#6826=CARTESIAN_POINT('',(5.072492085265E0,4.604718867496E0,2.2E0));
#6827=CARTESIAN_POINT('',(5.053972068355E0,4.657549729655E0,2.2E0));
#6828=CARTESIAN_POINT('',(5.05E0,4.693303787892E0,2.2E0));
#6829=CARTESIAN_POINT('',(5.05E0,4.711687595756E0,2.2E0));
#6831=CARTESIAN_POINT('',(5.05E0,0.E0,0.E0));
#6832=DIRECTION('',(-1.E0,0.E0,0.E0));
#6833=DIRECTION('',(0.E0,9.060937684146E-1,4.230769230769E-1));
#6834=AXIS2_PLACEMENT_3D('',#6831,#6832,#6833);
#6836=CARTESIAN_POINT('',(5.05E0,0.E0,0.E0));
#6837=DIRECTION('',(-1.E0,0.E0,0.E0));
#6838=DIRECTION('',(0.E0,8.768471627060E-1,-4.807692307692E-1));
#6839=AXIS2_PLACEMENT_3D('',#6836,#6837,#6838);
#6841=CARTESIAN_POINT('',(5.05E0,-4.559605246071E0,-2.5E0));
#6842=CARTESIAN_POINT('',(5.05E0,-4.540768127356E0,-2.5E0));
#6843=CARTESIAN_POINT('',(5.053923783408E0,-4.504047818007E0,-2.5E0));
#6844=CARTESIAN_POINT('',(5.072114508334E0,-4.449835440288E0,-2.5E0));
#6845=CARTESIAN_POINT('',(5.101581109203E0,-4.402472001529E0,-2.5E0));
#6846=CARTESIAN_POINT('',(5.141371843643E0,-4.363928730035E0,-2.5E0));
#6847=CARTESIAN_POINT('',(5.190995292996E0,-4.337287417218E0,-2.5E0));
#6848=CARTESIAN_POINT('',(5.229368935376E0,-4.330127018922E0,-2.5E0));
#6849=CARTESIAN_POINT('',(5.25E0,-4.330127018922E0,-2.5E0));
#6851=CARTESIAN_POINT('',(5.25E0,0.E0,0.E0));
#6852=DIRECTION('',(-1.E0,0.E0,0.E0));
#6853=DIRECTION('',(0.E0,0.E0,-1.E0));
#6854=AXIS2_PLACEMENT_3D('',#6851,#6852,#6853);
#6856=CARTESIAN_POINT('',(5.25E0,0.E0,0.E0));
#6857=DIRECTION('',(-1.E0,0.E0,0.E0));
#6858=DIRECTION('',(0.E0,8.660254037844E-1,-5.E-1));
#6859=AXIS2_PLACEMENT_3D('',#6856,#6857,#6858);
#6861=CARTESIAN_POINT('',(5.25E0,4.330127018922E0,-2.5E0));
#6862=CARTESIAN_POINT('',(5.229809018700E0,4.330127018922E0,-2.5E0));
#6863=CARTESIAN_POINT('',(5.192018339757E0,4.336877686872E0,-2.5E0));
#6864=CARTESIAN_POINT('',(5.141244240659E0,4.363942252196E0,-2.5E0));
#6865=CARTESIAN_POINT('',(5.101800610813E0,4.402293890470E0,-2.5E0));
#6866=CARTESIAN_POINT('',(5.072329230030E0,4.449338155392E0,-2.5E0));
#6867=CARTESIAN_POINT('',(5.053924320498E0,4.503927168062E0,-2.5E0));
#6868=CARTESIAN_POINT('',(5.05E0,4.540721775701E0,-2.5E0));
#6869=CARTESIAN_POINT('',(5.05E0,4.559605246071E0,-2.5E0));
#6871=CARTESIAN_POINT('',(5.25E0,0.E0,0.E0));
#6872=DIRECTION('',(-1.E0,0.E0,0.E0));
#6873=DIRECTION('',(0.E0,0.E0,1.E0));
#6874=AXIS2_PLACEMENT_3D('',#6871,#6872,#6873);
#6876=CARTESIAN_POINT('',(5.25E0,0.E0,0.E0));
#6877=DIRECTION('',(-1.E0,0.E0,0.E0));
#6878=DIRECTION('',(0.E0,-8.660254037844E-1,5.E-1));
#6879=AXIS2_PLACEMENT_3D('',#6876,#6877,#6878);
#6881=CARTESIAN_POINT('',(5.25E0,-4.330127018922E0,2.5E0));
#6882=CARTESIAN_POINT('',(5.229809018700E0,-4.330127018922E0,2.5E0));
#6883=CARTESIAN_POINT('',(5.192018339757E0,-4.336877686872E0,2.5E0));
#6884=CARTESIAN_POINT('',(5.141244240659E0,-4.363942252196E0,2.5E0));
#6885=CARTESIAN_POINT('',(5.101800610813E0,-4.402293890470E0,2.5E0));
#6886=CARTESIAN_POINT('',(5.072329230030E0,-4.449338155392E0,2.5E0));
#6887=CARTESIAN_POINT('',(5.053924320498E0,-4.503927168062E0,2.5E0));
#6888=CARTESIAN_POINT('',(5.05E0,-4.540721775701E0,2.5E0));
#6889=CARTESIAN_POINT('',(5.05E0,-4.559605246071E0,2.5E0));
#6891=CARTESIAN_POINT('',(5.05E0,0.E0,0.E0));
#6892=DIRECTION('',(-1.E0,0.E0,0.E0));
#6893=DIRECTION('',(0.E0,-8.768471627060E-1,4.807692307692E-1));
#6894=AXIS2_PLACEMENT_3D('',#6891,#6892,#6893);
#6896=CARTESIAN_POINT('',(5.05E0,4.559605246071E0,2.5E0));
#6897=CARTESIAN_POINT('',(5.05E0,4.540768127356E0,2.5E0));
#6898=CARTESIAN_POINT('',(5.053923783408E0,4.504047818007E0,2.5E0));
#6899=CARTESIAN_POINT('',(5.072114508334E0,4.449835440288E0,2.5E0));
#6900=CARTESIAN_POINT('',(5.101581109203E0,4.402472001529E0,2.5E0));
#6901=CARTESIAN_POINT('',(5.141371843643E0,4.363928730035E0,2.5E0));
#6902=CARTESIAN_POINT('',(5.190995292996E0,4.337287417218E0,2.5E0));
#6903=CARTESIAN_POINT('',(5.229368935376E0,4.330127018922E0,2.5E0));
#6904=CARTESIAN_POINT('',(5.25E0,4.330127018922E0,2.5E0));
#6906=DIRECTION('',(1.E0,0.E0,0.E0));
#6907=VECTOR('',#6906,3.E-1);
#6908=CARTESIAN_POINT('',(5.05E0,-6.697947446793E0,2.2E0));
#6909=LINE('',#6908,#6907);
#6910=DIRECTION('',(1.E0,0.E0,0.E0));
#6911=VECTOR('',#6910,3.E-1);
#6912=CARTESIAN_POINT('',(5.05E0,-6.697947446793E0,-2.2E0));
#6913=LINE('',#6912,#6911);
#6914=CARTESIAN_POINT('',(5.35E0,0.E0,0.E0));
#6915=DIRECTION('',(-1.E0,0.E0,0.E0));
#6916=DIRECTION('',(0.E0,-8.660254037844E-1,-5.E-1));
#6917=AXIS2_PLACEMENT_3D('',#6914,#6915,#6916);
#6919=DIRECTION('',(-1.E0,1.776356839400E-14,-1.776356839400E-14));
#6920=VECTOR('',#6919,1.E-1);
#6921=CARTESIAN_POINT('',(5.35E0,-4.489988864129E0,-2.2E0));
#6922=LINE('',#6921,#6920);
#6923=DIRECTION('',(-1.E0,0.E0,0.E0));
#6924=VECTOR('',#6923,1.E-1);
#6925=CARTESIAN_POINT('',(5.35E0,-4.489988864129E0,2.2E0));
#6926=LINE('',#6925,#6924);
#6927=CARTESIAN_POINT('',(5.35E0,0.E0,0.E0));
#6928=DIRECTION('',(-1.E0,0.E0,0.E0));
#6929=DIRECTION('',(0.E0,-8.979977728257E-1,4.4E-1));
#6930=AXIS2_PLACEMENT_3D('',#6927,#6928,#6929);
#6932=DIRECTION('',(-1.E0,0.E0,0.E0));
#6933=VECTOR('',#6932,1.E-1);
#6934=CARTESIAN_POINT('',(5.35E0,-4.330127018922E0,2.5E0));
#6935=LINE('',#6934,#6933);
#6936=DIRECTION('',(1.E0,2.609315823585E-13,0.E0));
#6937=VECTOR('',#6936,2.25E0);
#6938=CARTESIAN_POINT('',(5.25E0,0.E0,5.E0));
#6939=LINE('',#6938,#6937);
#6940=DIRECTION('',(1.E0,-2.609956645663E-13,0.E0));
#6941=VECTOR('',#6940,2.25E0);
#6942=CARTESIAN_POINT('',(5.25E0,1.141957906337E-14,-5.E0));
#6943=LINE('',#6942,#6941);
#6944=DIRECTION('',(-1.E0,1.776356839400E-14,0.E0));
#6945=VECTOR('',#6944,1.E-1);
#6946=CARTESIAN_POINT('',(5.35E0,-4.330127018922E0,-2.5E0));
#6947=LINE('',#6946,#6945);
#6948=DIRECTION('',(0.E0,-1.E0,0.E0));
#6949=VECTOR('',#6948,2.207958582664E0);
#6950=CARTESIAN_POINT('',(5.35E0,6.697947446793E0,-2.2E0));
#6951=LINE('',#6950,#6949);
#6952=CARTESIAN_POINT('',(5.35E0,0.E0,0.E0));
#6953=DIRECTION('',(-1.E0,0.E0,0.E0));
#6954=DIRECTION('',(0.E0,9.500634676302E-1,3.120567375887E-1));
#6955=AXIS2_PLACEMENT_3D('',#6952,#6953,#6954);
#6957=DIRECTION('',(0.E0,1.E0,0.E0));
#6958=VECTOR('',#6957,2.207958582664E0);
#6959=CARTESIAN_POINT('',(5.35E0,4.489988864129E0,2.2E0));
#6960=LINE('',#6959,#6958);
#6961=DIRECTION('',(0.E0,-1.E0,0.E0));
#6962=VECTOR('',#6961,2.581638312742E0);
#6963=CARTESIAN_POINT('',(5.35E0,6.911765331665E0,2.5E0));
#6964=LINE('',#6963,#6962);
#6965=CARTESIAN_POINT('',(5.35E0,0.E0,0.E0));
#6966=DIRECTION('',(1.E0,0.E0,0.E0));
#6967=DIRECTION('',(0.E0,9.403762356006E-1,-3.401360544218E-1));
#6968=AXIS2_PLACEMENT_3D('',#6965,#6966,#6967);
#6970=DIRECTION('',(0.E0,1.E0,0.E0));
#6971=VECTOR('',#6970,2.581638312742E0);
#6972=CARTESIAN_POINT('',(5.35E0,4.330127018922E0,-2.5E0));
#6973=LINE('',#6972,#6971);
#6974=DIRECTION('',(0.E0,1.E0,0.E0));
#6975=VECTOR('',#6974,2.207958582664E0);
#6976=CARTESIAN_POINT('',(5.35E0,-6.697947446793E0,2.2E0));
#6977=LINE('',#6976,#6975);
#6978=CARTESIAN_POINT('',(5.35E0,0.E0,0.E0));
#6979=DIRECTION('',(-1.E0,0.E0,0.E0));
#6980=DIRECTION('',(0.E0,-9.500634676302E-1,-3.120567375887E-1));
#6981=AXIS2_PLACEMENT_3D('',#6978,#6979,#6980);
#6983=DIRECTION('',(0.E0,-1.E0,0.E0));
#6984=VECTOR('',#6983,2.207958582664E0);
#6985=CARTESIAN_POINT('',(5.35E0,-4.489988864129E0,-2.2E0));
#6986=LINE('',#6985,#6984);
#6987=DIRECTION('',(0.E0,1.E0,0.E0));
#6988=VECTOR('',#6987,2.581638312742E0);
#6989=CARTESIAN_POINT('',(5.35E0,-6.911765331665E0,-2.5E0));
#6990=LINE('',#6989,#6988);
#6991=CARTESIAN_POINT('',(5.35E0,0.E0,0.E0));
#6992=DIRECTION('',(1.E0,0.E0,0.E0));
#6993=DIRECTION('',(0.E0,-9.403762356006E-1,3.401360544218E-1));
#6994=AXIS2_PLACEMENT_3D('',#6991,#6992,#6993);
#6996=DIRECTION('',(0.E0,-1.E0,0.E0));
#6997=VECTOR('',#6996,2.581638312742E0);
#6998=CARTESIAN_POINT('',(5.35E0,-4.330127018922E0,2.5E0));
#6999=LINE('',#6998,#6997);
#7000=CARTESIAN_POINT('',(5.35E0,0.E0,0.E0));
#7001=DIRECTION('',(-1.E0,0.E0,0.E0));
#7002=DIRECTION('',(0.E0,8.660254037844E-1,5.E-1));
#7003=AXIS2_PLACEMENT_3D('',#7000,#7001,#7002);
#7005=DIRECTION('',(-1.E0,0.E0,0.E0));
#7006=VECTOR('',#7005,1.E-1);
#7007=CARTESIAN_POINT('',(5.35E0,4.489988864129E0,2.2E0));
#7008=LINE('',#7007,#7006);
#7009=DIRECTION('',(-1.E0,0.E0,0.E0));
#7010=VECTOR('',#7009,1.E-1);
#7011=CARTESIAN_POINT('',(5.35E0,4.489988864129E0,-2.2E0));
#7012=LINE('',#7011,#7010);
#7013=CARTESIAN_POINT('',(5.35E0,0.E0,0.E0));
#7014=DIRECTION('',(-1.E0,0.E0,0.E0));
#7015=DIRECTION('',(0.E0,8.979977728257E-1,-4.4E-1));
#7016=AXIS2_PLACEMENT_3D('',#7013,#7014,#7015);
#7018=DIRECTION('',(-1.E0,-1.776356839400E-14,0.E0));
#7019=VECTOR('',#7018,1.E-1);
#7020=CARTESIAN_POINT('',(5.35E0,4.330127018922E0,-2.5E0));
#7021=LINE('',#7020,#7019);
#7022=DIRECTION('',(-1.E0,0.E0,0.E0));
#7023=VECTOR('',#7022,1.E-1);
#7024=CARTESIAN_POINT('',(5.35E0,4.330127018922E0,2.5E0));
#7025=LINE('',#7024,#7023);
#7026=CARTESIAN_POINT('',(7.7E0,0.E0,0.E0));
#7027=DIRECTION('',(1.E0,0.E0,0.E0));
#7028=DIRECTION('',(0.E0,0.E0,-1.E0));
#7029=AXIS2_PLACEMENT_3D('',#7026,#7027,#7028);
#7031=CARTESIAN_POINT('',(7.5E0,0.E0,0.E0));
#7032=DIRECTION('',(1.E0,0.E0,0.E0));
#7033=DIRECTION('',(0.E0,0.E0,-1.E0));
#7034=AXIS2_PLACEMENT_3D('',#7031,#7032,#7033);
#7036=CARTESIAN_POINT('',(7.5E0,0.E0,-4.8E0));
#7037=DIRECTION('',(0.E0,1.E0,0.E0));
#7038=DIRECTION('',(1.E0,0.E0,0.E0));
#7039=AXIS2_PLACEMENT_3D('',#7036,#7037,#7038);
#7041=CARTESIAN_POINT('',(7.7E0,0.E0,0.E0));
#7042=DIRECTION('',(1.E0,0.E0,0.E0));
#7043=DIRECTION('',(0.E0,0.E0,1.E0));
#7044=AXIS2_PLACEMENT_3D('',#7041,#7042,#7043);
#7046=CARTESIAN_POINT('',(7.5E0,0.E0,0.E0));
#7047=DIRECTION('',(1.E0,0.E0,0.E0));
#7048=DIRECTION('',(0.E0,0.E0,1.E0));
#7049=AXIS2_PLACEMENT_3D('',#7046,#7047,#7048);
#7051=CARTESIAN_POINT('',(7.5E0,0.E0,4.8E0));
#7052=DIRECTION('',(0.E0,-1.E0,0.E0));
#7053=DIRECTION('',(1.E0,0.E0,0.E0));
#7054=AXIS2_PLACEMENT_3D('',#7051,#7052,#7053);
#7056=DIRECTION('',(1.E0,0.E0,0.E0));
#7057=VECTOR('',#7056,4.3E0);
#7058=CARTESIAN_POINT('',(1.05E0,6.911765331665E0,2.5E0));
#7059=LINE('',#7058,#7057);
#7060=DIRECTION('',(-1.E0,0.E0,0.E0));
#7061=VECTOR('',#7060,4.E0);
#7062=CARTESIAN_POINT('',(5.05E0,5.454356057318E0,2.5E0));
#7063=LINE('',#7062,#7061);
#7064=DIRECTION('',(1.E0,0.E0,0.E0));
#7065=VECTOR('',#7064,4.E0);
#7066=CARTESIAN_POINT('',(1.05E0,-1.291178786477E0,5.859424659585E0));
#7067=LINE('',#7066,#7065);
#7068=CARTESIAN_POINT('',(1.05E0,0.E0,0.E0));
#7069=DIRECTION('',(-1.E0,0.E0,0.E0));
#7070=DIRECTION('',(0.E0,-2.151964644128E-1,9.765707765975E-1));
#7071=AXIS2_PLACEMENT_3D('',#7068,#7069,#7070);
#7073=CARTESIAN_POINT('',(5.05E0,0.E0,0.E0));
#7074=DIRECTION('',(1.E0,0.E0,0.E0));
#7075=DIRECTION('',(0.E0,9.090593428863E-1,4.166666666667E-1));
#7076=AXIS2_PLACEMENT_3D('',#7073,#7074,#7075);
#7078=DIRECTION('',(1.E0,0.E0,0.E0));
#7079=VECTOR('',#7078,4.E0);
#7080=CARTESIAN_POINT('',(1.05E0,-4.428821213523E0,4.047905959709E0));
#7081=LINE('',#7080,#7079);
#7082=CARTESIAN_POINT('',(5.05E0,0.E0,0.E0));
#7083=DIRECTION('',(1.E0,0.E0,0.E0));
#7084=DIRECTION('',(0.E0,-7.381368689205E-1,6.746509932848E-1));
#7085=AXIS2_PLACEMENT_3D('',#7082,#7083,#7084);
#7087=DIRECTION('',(-1.E0,0.E0,0.E0));
#7088=VECTOR('',#7087,4.E0);
#7089=CARTESIAN_POINT('',(5.05E0,-5.196152422707E0,3.E0));
#7090=LINE('',#7089,#7088);
#7091=CARTESIAN_POINT('',(1.05E0,0.E0,0.E0));
#7092=DIRECTION('',(-1.E0,0.E0,0.E0));
#7093=DIRECTION('',(0.E0,-8.660254037844E-1,5.E-1));
#7094=AXIS2_PLACEMENT_3D('',#7091,#7092,#7093);
#7096=DIRECTION('',(-1.E0,0.E0,0.E0));
#7097=VECTOR('',#7096,4.E0);
#7098=CARTESIAN_POINT('',(5.05E0,-6.324555320337E0,3.E0));
#7099=LINE('',#7098,#7097);
#7100=DIRECTION('',(-1.E0,0.E0,0.E0));
#7101=VECTOR('',#7100,4.E0);
#7102=CARTESIAN_POINT('',(5.05E0,-5.196152422707E0,-3.E0));
#7103=LINE('',#7102,#7101);
#7104=DIRECTION('',(-1.E0,0.E0,0.E0));
#7105=VECTOR('',#7104,4.E0);
#7106=CARTESIAN_POINT('',(5.05E0,-6.324555320337E0,-3.E0));
#7107=LINE('',#7106,#7105);
#7108=CARTESIAN_POINT('',(-9.E-1,0.E0,7.35E0));
#7109=CARTESIAN_POINT('',(-9.E-1,0.E0,-7.35E0));
#7110=VERTEX_POINT('',#7108);
#7111=VERTEX_POINT('',#7109);
#7112=CARTESIAN_POINT('',(7.7E0,0.E0,4.799999767831E0));
#7113=CARTESIAN_POINT('',(7.7E0,0.E0,-4.799999767831E0));
#7114=VERTEX_POINT('',#7112);
#7115=VERTEX_POINT('',#7113);
#7116=CARTESIAN_POINT('',(7.5E0,0.E0,5.E0));
#7117=CARTESIAN_POINT('',(7.5E0,0.E0,-5.E0));
#7118=VERTEX_POINT('',#7116);
#7119=VERTEX_POINT('',#7117);
#7120=CARTESIAN_POINT('',(5.25E0,0.E0,5.E0));
#7121=VERTEX_POINT('',#7120);
#7122=CARTESIAN_POINT('',(5.25E0,1.141957906337E-14,-5.E0));
#7123=VERTEX_POINT('',#7122);
#7124=CARTESIAN_POINT('',(1.05E0,-6.538348415311E0,-2.5E0));
#7125=CARTESIAN_POINT('',(1.05E0,-6.911765331665E0,-2.5E0));
#7126=VERTEX_POINT('',#7124);
#7127=VERTEX_POINT('',#7125);
#7128=CARTESIAN_POINT('',(1.05E0,6.911765331665E0,-2.5E0));
#7129=CARTESIAN_POINT('',(1.05E0,5.454356057318E0,-2.5E0));
#7130=VERTEX_POINT('',#7128);
#7131=VERTEX_POINT('',#7129);
#7132=CARTESIAN_POINT('',(1.05E0,5.454356057318E0,2.5E0));
#7133=CARTESIAN_POINT('',(1.05E0,6.911765331665E0,2.5E0));
#7134=VERTEX_POINT('',#7132);
#7135=VERTEX_POINT('',#7133);
#7136=CARTESIAN_POINT('',(1.05E0,-6.911765331665E0,2.5E0));
#7137=CARTESIAN_POINT('',(1.05E0,-6.538348415311E0,2.5E0));
#7138=VERTEX_POINT('',#7136);
#7139=VERTEX_POINT('',#7137);
#7140=CARTESIAN_POINT('',(1.05E0,0.E0,7.35E0));
#7141=VERTEX_POINT('',#7140);
#7142=CARTESIAN_POINT('',(1.05E0,0.E0,-7.35E0));
#7143=VERTEX_POINT('',#7142);
#7144=CARTESIAN_POINT('',(1.05E0,-5.196152422707E0,-3.E0));
#7145=VERTEX_POINT('',#7144);
#7146=CARTESIAN_POINT('',(5.35E0,6.911765331665E0,-2.5E0));
#7147=CARTESIAN_POINT('',(5.35E0,6.911765331665E0,2.5E0));
#7148=VERTEX_POINT('',#7146);
#7149=VERTEX_POINT('',#7147);
#7150=CARTESIAN_POINT('',(5.35E0,6.697947446793E0,2.2E0));
#7151=CARTESIAN_POINT('',(5.35E0,6.697947446793E0,-2.2E0));
#7152=VERTEX_POINT('',#7150);
#7153=VERTEX_POINT('',#7151);
#7154=CARTESIAN_POINT('',(5.35E0,-6.911765331665E0,2.5E0));
#7155=CARTESIAN_POINT('',(5.35E0,-6.911765331665E0,-2.5E0));
#7156=VERTEX_POINT('',#7154);
#7157=VERTEX_POINT('',#7155);
#7158=CARTESIAN_POINT('',(5.35E0,-6.697947446793E0,-2.2E0));
#7159=CARTESIAN_POINT('',(5.35E0,-6.697947446793E0,2.2E0));
#7160=VERTEX_POINT('',#7158);
#7161=VERTEX_POINT('',#7159);
#7162=CARTESIAN_POINT('',(5.05E0,6.697947446793E0,-2.2E0));
#7163=CARTESIAN_POINT('',(5.05E0,4.711687595756E0,-2.2E0));
#7164=VERTEX_POINT('',#7162);
#7165=VERTEX_POINT('',#7163);
#7166=CARTESIAN_POINT('',(5.05E0,4.559605246071E0,-2.5E0));
#7167=CARTESIAN_POINT('',(5.05E0,5.454356057318E0,-2.5E0));
#7168=VERTEX_POINT('',#7166);
#7169=VERTEX_POINT('',#7167);
#7170=CARTESIAN_POINT('',(5.05E0,5.454356057318E0,2.5E0));
#7171=CARTESIAN_POINT('',(5.05E0,4.559605246071E0,2.5E0));
#7172=VERTEX_POINT('',#7170);
#7173=VERTEX_POINT('',#7171);
#7174=CARTESIAN_POINT('',(5.05E0,4.711687595756E0,2.2E0));
#7175=CARTESIAN_POINT('',(5.05E0,6.697947446793E0,2.2E0));
#7176=VERTEX_POINT('',#7174);
#7177=VERTEX_POINT('',#7175);
#7178=CARTESIAN_POINT('',(5.05E0,-6.697947446793E0,2.2E0));
#7179=CARTESIAN_POINT('',(5.05E0,-4.711687595756E0,2.2E0));
#7180=VERTEX_POINT('',#7178);
#7181=VERTEX_POINT('',#7179);
#7182=CARTESIAN_POINT('',(5.05E0,-4.559605246071E0,2.5E0));
#7183=CARTESIAN_POINT('',(5.05E0,-6.538348415311E0,2.5E0));
#7184=VERTEX_POINT('',#7182);
#7185=VERTEX_POINT('',#7183);
#7186=CARTESIAN_POINT('',(5.05E0,-6.538348415311E0,-2.5E0));
#7187=CARTESIAN_POINT('',(5.05E0,-4.559605246071E0,-2.5E0));
#7188=VERTEX_POINT('',#7186);
#7189=VERTEX_POINT('',#7187);
#7190=CARTESIAN_POINT('',(5.05E0,-4.711687595756E0,-2.2E0));
#7191=CARTESIAN_POINT('',(5.05E0,-6.697947446793E0,-2.2E0));
#7192=VERTEX_POINT('',#7190);
#7193=VERTEX_POINT('',#7191);
#7194=CARTESIAN_POINT('',(5.05E0,-5.196152422707E0,-3.E0));
#7195=VERTEX_POINT('',#7194);
#7196=CARTESIAN_POINT('',(5.35E0,4.489988864129E0,-2.2E0));
#7197=VERTEX_POINT('',#7196);
#7198=CARTESIAN_POINT('',(5.35E0,4.330127018922E0,-2.5E0));
#7199=VERTEX_POINT('',#7198);
#7200=CARTESIAN_POINT('',(5.35E0,4.330127018922E0,2.5E0));
#7201=VERTEX_POINT('',#7200);
#7202=CARTESIAN_POINT('',(5.35E0,4.489988864129E0,2.2E0));
#7203=VERTEX_POINT('',#7202);
#7204=CARTESIAN_POINT('',(5.35E0,-4.489988864129E0,2.2E0));
#7205=VERTEX_POINT('',#7204);
#7206=CARTESIAN_POINT('',(5.35E0,-4.330127018922E0,2.5E0));
#7207=VERTEX_POINT('',#7206);
#7208=CARTESIAN_POINT('',(5.35E0,-4.330127018922E0,-2.5E0));
#7209=VERTEX_POINT('',#7208);
#7210=CARTESIAN_POINT('',(5.35E0,-4.489988864129E0,-2.2E0));
#7211=VERTEX_POINT('',#7210);
#7212=CARTESIAN_POINT('',(5.25E0,4.489988864129E0,-2.2E0));
#7213=VERTEX_POINT('',#7212);
#7214=CARTESIAN_POINT('',(5.25E0,4.330127018922E0,-2.5E0));
#7215=VERTEX_POINT('',#7214);
#7216=CARTESIAN_POINT('',(5.25E0,4.330127018922E0,2.5E0));
#7217=VERTEX_POINT('',#7216);
#7218=CARTESIAN_POINT('',(5.25E0,4.489988864129E0,2.2E0));
#7219=VERTEX_POINT('',#7218);
#7220=CARTESIAN_POINT('',(5.25E0,-4.489988864129E0,2.2E0));
#7221=VERTEX_POINT('',#7220);
#7222=CARTESIAN_POINT('',(5.25E0,-4.330127018922E0,2.5E0));
#7223=VERTEX_POINT('',#7222);
#7224=CARTESIAN_POINT('',(5.25E0,-4.330127018922E0,-2.5E0));
#7225=VERTEX_POINT('',#7224);
#7226=CARTESIAN_POINT('',(5.25E0,-4.489988864129E0,-2.2E0));
#7227=VERTEX_POINT('',#7226);
#7228=CARTESIAN_POINT('',(5.05E0,-1.291178786477E0,5.859424659585E0));
#7229=CARTESIAN_POINT('',(5.05E0,-4.428821213523E0,4.047905959709E0));
#7230=VERTEX_POINT('',#7228);
#7231=VERTEX_POINT('',#7229);
#7232=CARTESIAN_POINT('',(1.05E0,-1.291178786477E0,5.859424659585E0));
#7233=VERTEX_POINT('',#7232);
#7234=CARTESIAN_POINT('',(1.05E0,-4.428821213523E0,4.047905959709E0));
#7235=VERTEX_POINT('',#7234);
#7236=CARTESIAN_POINT('',(1.05E0,-5.196152422707E0,3.E0));
#7237=VERTEX_POINT('',#7236);
#7238=CARTESIAN_POINT('',(5.05E0,-5.196152422707E0,3.E0));
#7239=VERTEX_POINT('',#7238);
#7240=CARTESIAN_POINT('',(1.05E0,-6.324555320337E0,3.E0));
#7241=VERTEX_POINT('',#7240);
#7242=CARTESIAN_POINT('',(1.05E0,-6.324555320337E0,-3.E0));
#7243=VERTEX_POINT('',#7242);
#7244=CARTESIAN_POINT('',(5.05E0,-6.324555320337E0,3.E0));
#7245=VERTEX_POINT('',#7244);
#7246=CARTESIAN_POINT('',(5.05E0,-6.324555320337E0,-3.E0));
#7247=VERTEX_POINT('',#7246);
#7248=CARTESIAN_POINT('',(8.205E0,0.E0,0.E0));
#7249=DIRECTION('',(-1.E0,0.E0,0.E0));
#7250=DIRECTION('',(0.E0,0.E0,-1.E0));
#7251=AXIS2_PLACEMENT_3D('',#7248,#7249,#7250);
#7252=CYLINDRICAL_SURFACE('',#7251,7.35E0);
#7254=ORIENTED_EDGE('',*,*,#7253,.T.);
#7256=ORIENTED_EDGE('',*,*,#7255,.T.);
#7258=ORIENTED_EDGE('',*,*,#7257,.F.);
#7260=ORIENTED_EDGE('',*,*,#7259,.F.);
#7262=ORIENTED_EDGE('',*,*,#7261,.F.);
#7264=ORIENTED_EDGE('',*,*,#7263,.T.);
#7266=ORIENTED_EDGE('',*,*,#7265,.T.);
#7268=ORIENTED_EDGE('',*,*,#7267,.F.);
#7269=EDGE_LOOP('',(#7254,#7256,#7258,#7260,#7262,#7264,#7266,#7268));
#7270=FACE_OUTER_BOUND('',#7269,.F.);
#7271=ADVANCED_FACE('',(#7270),#7252,.T.);
#7272=CARTESIAN_POINT('',(5.05E0,6.911765331665E0,-2.5E0));
#7273=DIRECTION('',(0.E0,0.E0,1.E0));
#7274=DIRECTION('',(0.E0,-1.E0,0.E0));
#7275=AXIS2_PLACEMENT_3D('',#7272,#7273,#7274);
#7276=PLANE('',#7275);
#7278=ORIENTED_EDGE('',*,*,#7277,.F.);
#7280=ORIENTED_EDGE('',*,*,#7279,.F.);
#7282=ORIENTED_EDGE('',*,*,#7281,.F.);
#7284=ORIENTED_EDGE('',*,*,#7283,.F.);
#7286=ORIENTED_EDGE('',*,*,#7285,.T.);
#7287=ORIENTED_EDGE('',*,*,#7253,.F.);
#7289=ORIENTED_EDGE('',*,*,#7288,.T.);
#7290=EDGE_LOOP('',(#7278,#7280,#7282,#7284,#7286,#7287,#7289));
#7291=FACE_OUTER_BOUND('',#7290,.F.);
#7292=ADVANCED_FACE('',(#7291),#7276,.F.);
#7293=CARTESIAN_POINT('',(5.05E0,0.E0,0.E0));
#7294=DIRECTION('',(1.E0,0.E0,0.E0));
#7295=DIRECTION('',(0.E0,0.E0,1.E0));
#7296=AXIS2_PLACEMENT_3D('',#7293,#7294,#7295);
#7297=CYLINDRICAL_SURFACE('',#7296,6.E0);
#7298=ORIENTED_EDGE('',*,*,#7277,.T.);
#7300=ORIENTED_EDGE('',*,*,#7299,.T.);
#7302=ORIENTED_EDGE('',*,*,#7301,.F.);
#7304=ORIENTED_EDGE('',*,*,#7303,.T.);
#7305=EDGE_LOOP('',(#7298,#7300,#7302,#7304));
#7306=FACE_OUTER_BOUND('',#7305,.F.);
#7307=ADVANCED_FACE('',(#7306),#7297,.T.);
#7308=CARTESIAN_POINT('',(1.05E0,0.E0,0.E0));
#7309=DIRECTION('',(1.E0,0.E0,0.E0));
#7310=DIRECTION('',(0.E0,0.E0,1.E0));
#7311=AXIS2_PLACEMENT_3D('',#7308,#7309,#7310);
#7312=PLANE('',#7311);
#7314=ORIENTED_EDGE('',*,*,#7313,.F.);
#7316=ORIENTED_EDGE('',*,*,#7315,.F.);
#7318=ORIENTED_EDGE('',*,*,#7317,.F.);
#7319=ORIENTED_EDGE('',*,*,#7299,.F.);
#7320=ORIENTED_EDGE('',*,*,#7288,.F.);
#7321=ORIENTED_EDGE('',*,*,#7267,.T.);
#7323=ORIENTED_EDGE('',*,*,#7322,.T.);
#7324=EDGE_LOOP('',(#7314,#7316,#7318,#7319,#7320,#7321,#7323));
#7325=FACE_OUTER_BOUND('',#7324,.F.);
#7326=ADVANCED_FACE('',(#7325),#7312,.T.);
#7327=CARTESIAN_POINT('',(1.05E0,0.E0,0.E0));
#7328=DIRECTION('',(1.E0,0.E0,0.E0));
#7329=DIRECTION('',(0.E0,0.E0,1.E0));
#7330=AXIS2_PLACEMENT_3D('',#7327,#7328,#7329);
#7331=PLANE('',#7330);
#7333=ORIENTED_EDGE('',*,*,#7332,.F.);
#7335=ORIENTED_EDGE('',*,*,#7334,.F.);
#7337=ORIENTED_EDGE('',*,*,#7336,.F.);
#7339=ORIENTED_EDGE('',*,*,#7338,.F.);
#7341=ORIENTED_EDGE('',*,*,#7340,.F.);
#7343=ORIENTED_EDGE('',*,*,#7342,.F.);
#7345=ORIENTED_EDGE('',*,*,#7344,.T.);
#7346=ORIENTED_EDGE('',*,*,#7259,.T.);
#7348=ORIENTED_EDGE('',*,*,#7347,.F.);
#7349=EDGE_LOOP('',(#7333,#7335,#7337,#7339,#7341,#7343,#7345,#7346,#7348));
#7350=FACE_OUTER_BOUND('',#7349,.F.);
#7351=ADVANCED_FACE('',(#7350),#7331,.T.);
#7352=CARTESIAN_POINT('',(5.05E0,-6.538348415311E0,-2.5E0));
#7353=DIRECTION('',(0.E0,0.E0,1.E0));
#7354=DIRECTION('',(0.E0,-1.E0,0.E0));
#7355=AXIS2_PLACEMENT_3D('',#7352,#7353,#7354);
#7356=PLANE('',#7355);
#7358=ORIENTED_EDGE('',*,*,#7357,.T.);
#7360=ORIENTED_EDGE('',*,*,#7359,.T.);
#7362=ORIENTED_EDGE('',*,*,#7361,.T.);
#7364=ORIENTED_EDGE('',*,*,#7363,.F.);
#7366=ORIENTED_EDGE('',*,*,#7365,.F.);
#7368=ORIENTED_EDGE('',*,*,#7367,.T.);
#7369=ORIENTED_EDGE('',*,*,#7313,.T.);
#7370=EDGE_LOOP('',(#7358,#7360,#7362,#7364,#7366,#7368,#7369));
#7371=FACE_OUTER_BOUND('',#7370,.F.);
#7372=ADVANCED_FACE('',(#7371),#7356,.F.);
#7373=CARTESIAN_POINT('',(8.205E0,0.E0,0.E0));
#7374=DIRECTION('',(-1.E0,0.E0,0.E0));
#7375=DIRECTION('',(0.E0,0.E0,-1.E0));
#7376=AXIS2_PLACEMENT_3D('',#7373,#7374,#7375);
#7377=CYLINDRICAL_SURFACE('',#7376,7.35E0);
#7379=ORIENTED_EDGE('',*,*,#7378,.F.);
#7381=ORIENTED_EDGE('',*,*,#7380,.T.);
#7382=ORIENTED_EDGE('',*,*,#7357,.F.);
#7383=ORIENTED_EDGE('',*,*,#7322,.F.);
#7384=ORIENTED_EDGE('',*,*,#7265,.F.);
#7386=ORIENTED_EDGE('',*,*,#7385,.T.);
#7387=ORIENTED_EDGE('',*,*,#7261,.T.);
#7388=ORIENTED_EDGE('',*,*,#7344,.F.);
#7389=EDGE_LOOP('',(#7379,#7381,#7382,#7383,#7384,#7386,#7387,#7388));
#7390=FACE_OUTER_BOUND('',#7389,.F.);
#7391=ADVANCED_FACE('',(#7390),#7377,.T.);
#7392=CARTESIAN_POINT('',(5.05E0,-6.911765331665E0,2.5E0));
#7393=DIRECTION('',(0.E0,0.E0,-1.E0));
#7394=DIRECTION('',(0.E0,1.E0,0.E0));
#7395=AXIS2_PLACEMENT_3D('',#7392,#7393,#7394);
#7396=PLANE('',#7395);
#7398=ORIENTED_EDGE('',*,*,#7397,.F.);
#7400=ORIENTED_EDGE('',*,*,#7399,.F.);
#7402=ORIENTED_EDGE('',*,*,#7401,.F.);
#7404=ORIENTED_EDGE('',*,*,#7403,.F.);
#7406=ORIENTED_EDGE('',*,*,#7405,.T.);
#7407=ORIENTED_EDGE('',*,*,#7378,.T.);
#7408=ORIENTED_EDGE('',*,*,#7342,.T.);
#7409=EDGE_LOOP('',(#7398,#7400,#7402,#7404,#7406,#7407,#7408));
#7410=FACE_OUTER_BOUND('',#7409,.F.);
#7411=ADVANCED_FACE('',(#7410),#7396,.F.);
#7412=CARTESIAN_POINT('',(5.05E0,0.E0,0.E0));
#7413=DIRECTION('',(1.E0,0.E0,0.E0));
#7414=DIRECTION('',(0.E0,0.E0,1.E0));
#7415=AXIS2_PLACEMENT_3D('',#7412,#7413,#7414);
#7416=CYLINDRICAL_SURFACE('',#7415,7.E0);
#7418=ORIENTED_EDGE('',*,*,#7417,.T.);
#7419=ORIENTED_EDGE('',*,*,#7397,.T.);
#7420=ORIENTED_EDGE('',*,*,#7340,.T.);
#7422=ORIENTED_EDGE('',*,*,#7421,.F.);
#7423=EDGE_LOOP('',(#7418,#7419,#7420,#7422));
#7424=FACE_OUTER_BOUND('',#7423,.F.);
#7425=ADVANCED_FACE('',(#7424),#7416,.T.);
#7426=CARTESIAN_POINT('',(5.05E0,0.E0,0.E0));
#7427=DIRECTION('',(-1.E0,0.E0,0.E0));
#7428=DIRECTION('',(0.E0,0.E0,-1.E0));
#7429=AXIS2_PLACEMENT_3D('',#7426,#7427,#7428);
#7430=PLANE('',#7429);
#7432=ORIENTED_EDGE('',*,*,#7431,.T.);
#7434=ORIENTED_EDGE('',*,*,#7433,.F.);
#7436=ORIENTED_EDGE('',*,*,#7435,.T.);
#7438=ORIENTED_EDGE('',*,*,#7437,.F.);
#7439=EDGE_LOOP('',(#7432,#7434,#7436,#7438));
#7440=FACE_OUTER_BOUND('',#7439,.F.);
#7441=ADVANCED_FACE('',(#7440),#7430,.F.);
#7442=CARTESIAN_POINT('',(5.05E0,0.E0,0.E0));
#7443=DIRECTION('',(-1.E0,0.E0,0.E0));
#7444=DIRECTION('',(0.E0,0.E0,-1.E0));
#7445=AXIS2_PLACEMENT_3D('',#7442,#7443,#7444);
#7446=PLANE('',#7445);
#7447=ORIENTED_EDGE('',*,*,#7279,.T.);
#7448=ORIENTED_EDGE('',*,*,#7303,.F.);
#7450=ORIENTED_EDGE('',*,*,#7449,.T.);
#7452=ORIENTED_EDGE('',*,*,#7451,.F.);
#7453=ORIENTED_EDGE('',*,*,#7365,.T.);
#7455=ORIENTED_EDGE('',*,*,#7454,.F.);
#7456=EDGE_LOOP('',(#7447,#7448,#7450,#7452,#7453,#7455));
#7457=FACE_OUTER_BOUND('',#7456,.F.);
#7458=ADVANCED_FACE('',(#7457),#7446,.F.);
#7459=CARTESIAN_POINT('',(5.05E0,0.E0,0.E0));
#7460=DIRECTION('',(-1.E0,0.E0,0.E0));
#7461=DIRECTION('',(0.E0,0.E0,-1.E0));
#7462=AXIS2_PLACEMENT_3D('',#7459,#7460,#7461);
#7463=PLANE('',#7462);
#7465=ORIENTED_EDGE('',*,*,#7464,.T.);
#7467=ORIENTED_EDGE('',*,*,#7466,.F.);
#7469=ORIENTED_EDGE('',*,*,#7468,.T.);
#7471=ORIENTED_EDGE('',*,*,#7470,.F.);
#7472=EDGE_LOOP('',(#7465,#7467,#7469,#7471));
#7473=FACE_OUTER_BOUND('',#7472,.F.);
#7474=ADVANCED_FACE('',(#7473),#7463,.F.);
#7475=CARTESIAN_POINT('',(5.05E0,0.E0,0.E0));
#7476=DIRECTION('',(-1.E0,0.E0,0.E0));
#7477=DIRECTION('',(0.E0,0.E0,-1.E0));
#7478=AXIS2_PLACEMENT_3D('',#7475,#7476,#7477);
#7479=PLANE('',#7478);
#7481=ORIENTED_EDGE('',*,*,#7480,.F.);
#7483=ORIENTED_EDGE('',*,*,#7482,.F.);
#7485=ORIENTED_EDGE('',*,*,#7484,.T.);
#7487=ORIENTED_EDGE('',*,*,#7486,.F.);
#7488=ORIENTED_EDGE('',*,*,#7399,.T.);
#7489=ORIENTED_EDGE('',*,*,#7417,.F.);
#7491=ORIENTED_EDGE('',*,*,#7490,.T.);
#7493=ORIENTED_EDGE('',*,*,#7492,.F.);
#7494=EDGE_LOOP('',(#7481,#7483,#7485,#7487,#7488,#7489,#7491,#7493));
#7495=FACE_OUTER_BOUND('',#7494,.F.);
#7496=ADVANCED_FACE('',(#7495),#7479,.F.);
#7497=CARTESIAN_POINT('',(5.05E0,6.697947446793E0,-2.2E0));
#7498=DIRECTION('',(0.E0,0.E0,1.E0));
#7499=DIRECTION('',(0.E0,-1.E0,0.E0));
#7500=AXIS2_PLACEMENT_3D('',#7497,#7498,#7499);
#7501=PLANE('',#7500);
#7502=ORIENTED_EDGE('',*,*,#7431,.F.);
#7504=ORIENTED_EDGE('',*,*,#7503,.T.);
#7506=ORIENTED_EDGE('',*,*,#7505,.T.);
#7508=ORIENTED_EDGE('',*,*,#7507,.T.);
#7510=ORIENTED_EDGE('',*,*,#7509,.F.);
#7511=EDGE_LOOP('',(#7502,#7504,#7506,#7508,#7510));
#7512=FACE_OUTER_BOUND('',#7511,.F.);
#7513=ADVANCED_FACE('',(#7512),#7501,.T.);
#7514=CARTESIAN_POINT('',(5.05E0,0.E0,0.E0));
#7515=DIRECTION('',(1.E0,0.E0,0.E0));
#7516=DIRECTION('',(0.E0,1.E0,0.E0));
#7517=AXIS2_PLACEMENT_3D('',#7514,#7515,#7516);
#7518=CYLINDRICAL_SURFACE('',#7517,7.05E0);
#7519=ORIENTED_EDGE('',*,*,#7437,.T.);
#7521=ORIENTED_EDGE('',*,*,#7520,.T.);
#7523=ORIENTED_EDGE('',*,*,#7522,.T.);
#7524=ORIENTED_EDGE('',*,*,#7503,.F.);
#7525=EDGE_LOOP('',(#7519,#7521,#7523,#7524));
#7526=FACE_OUTER_BOUND('',#7525,.F.);
#7527=ADVANCED_FACE('',(#7526),#7518,.F.);
#7528=CARTESIAN_POINT('',(5.05E0,4.489988864129E0,2.2E0));
#7529=DIRECTION('',(0.E0,0.E0,-1.E0));
#7530=DIRECTION('',(0.E0,1.E0,0.E0));
#7531=AXIS2_PLACEMENT_3D('',#7528,#7529,#7530);
#7532=PLANE('',#7531);
#7533=ORIENTED_EDGE('',*,*,#7435,.F.);
#7535=ORIENTED_EDGE('',*,*,#7534,.F.);
#7537=ORIENTED_EDGE('',*,*,#7536,.F.);
#7539=ORIENTED_EDGE('',*,*,#7538,.T.);
#7540=ORIENTED_EDGE('',*,*,#7520,.F.);
#7541=EDGE_LOOP('',(#7533,#7535,#7537,#7539,#7540));
#7542=FACE_OUTER_BOUND('',#7541,.F.);
#7543=ADVANCED_FACE('',(#7542),#7532,.T.);
#7544=CARTESIAN_POINT('',(5.25E0,0.E0,0.E0));
#7545=DIRECTION('',(-1.E0,0.E0,0.E0));
#7546=DIRECTION('',(0.E0,-8.280040376947E-3,9.999657198781E-1));
#7547=AXIS2_PLACEMENT_3D('',#7544,#7545,#7546);
#7548=TOROIDAL_SURFACE('',#7547,5.2E0,2.E-1);
#7550=ORIENTED_EDGE('',*,*,#7549,.T.);
#7552=ORIENTED_EDGE('',*,*,#7551,.F.);
#7554=ORIENTED_EDGE('',*,*,#7553,.T.);
#7555=ORIENTED_EDGE('',*,*,#7466,.T.);
#7556=EDGE_LOOP('',(#7550,#7552,#7554,#7555));
#7557=FACE_OUTER_BOUND('',#7556,.F.);
#7558=ADVANCED_FACE('',(#7557),#7548,.F.);
#7559=CARTESIAN_POINT('',(5.25E0,0.E0,0.E0));
#7560=DIRECTION('',(-1.E0,0.E0,0.E0));
#7561=DIRECTION('',(0.E0,-8.280040376947E-3,9.999657198781E-1));
#7562=AXIS2_PLACEMENT_3D('',#7559,#7560,#7561);
#7563=TOROIDAL_SURFACE('',#7562,5.2E0,2.E-1);
#7564=ORIENTED_EDGE('',*,*,#7509,.T.);
#7566=ORIENTED_EDGE('',*,*,#7565,.F.);
#7567=ORIENTED_EDGE('',*,*,#7534,.T.);
#7568=ORIENTED_EDGE('',*,*,#7433,.T.);
#7569=EDGE_LOOP('',(#7564,#7566,#7567,#7568));
#7570=FACE_OUTER_BOUND('',#7569,.F.);
#7571=ADVANCED_FACE('',(#7570),#7563,.F.);
#7572=CARTESIAN_POINT('',(5.25E0,0.E0,0.E0));
#7573=DIRECTION('',(-1.E0,0.E0,0.E0));
#7574=DIRECTION('',(0.E0,-8.280040376947E-3,9.999657198781E-1));
#7575=AXIS2_PLACEMENT_3D('',#7572,#7573,#7574);
#7576=TOROIDAL_SURFACE('',#7575,5.2E0,2.E-1);
#7577=ORIENTED_EDGE('',*,*,#7454,.T.);
#7578=ORIENTED_EDGE('',*,*,#7363,.T.);
#7580=ORIENTED_EDGE('',*,*,#7579,.F.);
#7582=ORIENTED_EDGE('',*,*,#7581,.F.);
#7583=ORIENTED_EDGE('',*,*,#7281,.T.);
#7584=EDGE_LOOP('',(#7577,#7578,#7580,#7582,#7583));
#7585=FACE_OUTER_BOUND('',#7584,.F.);
#7586=ADVANCED_FACE('',(#7585),#7576,.F.);
#7587=CARTESIAN_POINT('',(5.25E0,0.E0,0.E0));
#7588=DIRECTION('',(-1.E0,0.E0,0.E0));
#7589=DIRECTION('',(0.E0,-8.280040376947E-3,9.999657198781E-1));
#7590=AXIS2_PLACEMENT_3D('',#7587,#7588,#7589);
#7591=TOROIDAL_SURFACE('',#7590,5.2E0,2.E-1);
#7593=ORIENTED_EDGE('',*,*,#7592,.F.);
#7595=ORIENTED_EDGE('',*,*,#7594,.F.);
#7596=ORIENTED_EDGE('',*,*,#7401,.T.);
#7597=ORIENTED_EDGE('',*,*,#7486,.T.);
#7599=ORIENTED_EDGE('',*,*,#7598,.T.);
#7600=EDGE_LOOP('',(#7593,#7595,#7596,#7597,#7599));
#7601=FACE_OUTER_BOUND('',#7600,.F.);
#7602=ADVANCED_FACE('',(#7601),#7591,.F.);
#7603=CARTESIAN_POINT('',(5.05E0,-6.697947446793E0,2.2E0));
#7604=DIRECTION('',(0.E0,0.E0,-1.E0));
#7605=DIRECTION('',(0.E0,1.E0,0.E0));
#7606=AXIS2_PLACEMENT_3D('',#7603,#7604,#7605);
#7607=PLANE('',#7606);
#7608=ORIENTED_EDGE('',*,*,#7464,.F.);
#7610=ORIENTED_EDGE('',*,*,#7609,.T.);
#7612=ORIENTED_EDGE('',*,*,#7611,.T.);
#7614=ORIENTED_EDGE('',*,*,#7613,.T.);
#7615=ORIENTED_EDGE('',*,*,#7549,.F.);
#7616=EDGE_LOOP('',(#7608,#7610,#7612,#7614,#7615));
#7617=FACE_OUTER_BOUND('',#7616,.F.);
#7618=ADVANCED_FACE('',(#7617),#7607,.T.);
#7619=CARTESIAN_POINT('',(5.05E0,0.E0,0.E0));
#7620=DIRECTION('',(1.E0,0.E0,0.E0));
#7621=DIRECTION('',(0.E0,1.E0,0.E0));
#7622=AXIS2_PLACEMENT_3D('',#7619,#7620,#7621);
#7623=CYLINDRICAL_SURFACE('',#7622,7.05E0);
#7624=ORIENTED_EDGE('',*,*,#7470,.T.);
#7626=ORIENTED_EDGE('',*,*,#7625,.T.);
#7628=ORIENTED_EDGE('',*,*,#7627,.T.);
#7629=ORIENTED_EDGE('',*,*,#7609,.F.);
#7630=EDGE_LOOP('',(#7624,#7626,#7628,#7629));
#7631=FACE_OUTER_BOUND('',#7630,.F.);
#7632=ADVANCED_FACE('',(#7631),#7623,.F.);
#7633=CARTESIAN_POINT('',(5.05E0,-4.489988864129E0,-2.2E0));
#7634=DIRECTION('',(0.E0,0.E0,1.E0));
#7635=DIRECTION('',(0.E0,-1.E0,0.E0));
#7636=AXIS2_PLACEMENT_3D('',#7633,#7634,#7635);
#7637=PLANE('',#7636);
#7638=ORIENTED_EDGE('',*,*,#7468,.F.);
#7639=ORIENTED_EDGE('',*,*,#7553,.F.);
#7641=ORIENTED_EDGE('',*,*,#7640,.F.);
#7643=ORIENTED_EDGE('',*,*,#7642,.T.);
#7644=ORIENTED_EDGE('',*,*,#7625,.F.);
#7645=EDGE_LOOP('',(#7638,#7639,#7641,#7643,#7644));
#7646=FACE_OUTER_BOUND('',#7645,.F.);
#7647=ADVANCED_FACE('',(#7646),#7637,.T.);
#7648=CARTESIAN_POINT('',(8.205E0,0.E0,0.E0));
#7649=DIRECTION('',(-1.E0,0.E0,0.E0));
#7650=DIRECTION('',(0.E0,0.E0,-1.E0));
#7651=AXIS2_PLACEMENT_3D('',#7648,#7649,#7650);
#7652=CYLINDRICAL_SURFACE('',#7651,5.E0);
#7654=ORIENTED_EDGE('',*,*,#7653,.T.);
#7655=ORIENTED_EDGE('',*,*,#7640,.T.);
#7656=ORIENTED_EDGE('',*,*,#7551,.T.);
#7657=ORIENTED_EDGE('',*,*,#7613,.F.);
#7659=ORIENTED_EDGE('',*,*,#7658,.T.);
#7660=ORIENTED_EDGE('',*,*,#7403,.T.);
#7661=ORIENTED_EDGE('',*,*,#7594,.T.);
#7663=ORIENTED_EDGE('',*,*,#7662,.T.);
#7665=ORIENTED_EDGE('',*,*,#7664,.T.);
#7667=ORIENTED_EDGE('',*,*,#7666,.F.);
#7668=ORIENTED_EDGE('',*,*,#7579,.T.);
#7669=ORIENTED_EDGE('',*,*,#7361,.F.);
#7670=EDGE_LOOP('',(#7654,#7655,#7656,#7657,#7659,#7660,#7661,#7663,#7665,#7667,
#7668,#7669));
#7671=FACE_OUTER_BOUND('',#7670,.F.);
#7672=ADVANCED_FACE('',(#7671),#7652,.T.);
#7673=CARTESIAN_POINT('',(5.35E0,0.E0,0.E0));
#7674=DIRECTION('',(1.E0,0.E0,0.E0));
#7675=DIRECTION('',(0.E0,1.E0,0.E0));
#7676=AXIS2_PLACEMENT_3D('',#7673,#7674,#7675);
#7677=PLANE('',#7676);
#7678=ORIENTED_EDGE('',*,*,#7505,.F.);
#7679=ORIENTED_EDGE('',*,*,#7522,.F.);
#7680=ORIENTED_EDGE('',*,*,#7538,.F.);
#7682=ORIENTED_EDGE('',*,*,#7681,.F.);
#7684=ORIENTED_EDGE('',*,*,#7683,.F.);
#7685=ORIENTED_EDGE('',*,*,#7255,.F.);
#7686=ORIENTED_EDGE('',*,*,#7285,.F.);
#7688=ORIENTED_EDGE('',*,*,#7687,.F.);
#7689=EDGE_LOOP('',(#7678,#7679,#7680,#7682,#7684,#7685,#7686,#7688));
#7690=FACE_OUTER_BOUND('',#7689,.F.);
#7691=ADVANCED_FACE('',(#7690),#7677,.T.);
#7692=CARTESIAN_POINT('',(5.35E0,0.E0,0.E0));
#7693=DIRECTION('',(1.E0,0.E0,0.E0));
#7694=DIRECTION('',(0.E0,1.E0,0.E0));
#7695=AXIS2_PLACEMENT_3D('',#7692,#7693,#7694);
#7696=PLANE('',#7695);
#7697=ORIENTED_EDGE('',*,*,#7611,.F.);
#7698=ORIENTED_EDGE('',*,*,#7627,.F.);
#7699=ORIENTED_EDGE('',*,*,#7642,.F.);
#7700=ORIENTED_EDGE('',*,*,#7653,.F.);
#7701=ORIENTED_EDGE('',*,*,#7359,.F.);
#7702=ORIENTED_EDGE('',*,*,#7380,.F.);
#7703=ORIENTED_EDGE('',*,*,#7405,.F.);
#7704=ORIENTED_EDGE('',*,*,#7658,.F.);
#7705=EDGE_LOOP('',(#7697,#7698,#7699,#7700,#7701,#7702,#7703,#7704));
#7706=FACE_OUTER_BOUND('',#7705,.F.);
#7707=ADVANCED_FACE('',(#7706),#7696,.T.);
#7708=CARTESIAN_POINT('',(8.205E0,0.E0,0.E0));
#7709=DIRECTION('',(-1.E0,0.E0,0.E0));
#7710=DIRECTION('',(0.E0,0.E0,-1.E0));
#7711=AXIS2_PLACEMENT_3D('',#7708,#7709,#7710);
#7712=CYLINDRICAL_SURFACE('',#7711,5.E0);
#7713=ORIENTED_EDGE('',*,*,#7681,.T.);
#7714=ORIENTED_EDGE('',*,*,#7536,.T.);
#7715=ORIENTED_EDGE('',*,*,#7565,.T.);
#7716=ORIENTED_EDGE('',*,*,#7507,.F.);
#7717=ORIENTED_EDGE('',*,*,#7687,.T.);
#7718=ORIENTED_EDGE('',*,*,#7283,.T.);
#7719=ORIENTED_EDGE('',*,*,#7581,.T.);
#7720=ORIENTED_EDGE('',*,*,#7666,.T.);
#7722=ORIENTED_EDGE('',*,*,#7721,.T.);
#7723=ORIENTED_EDGE('',*,*,#7662,.F.);
#7724=ORIENTED_EDGE('',*,*,#7592,.T.);
#7726=ORIENTED_EDGE('',*,*,#7725,.F.);
#7727=EDGE_LOOP('',(#7713,#7714,#7715,#7716,#7717,#7718,#7719,#7720,#7722,#7723,
#7724,#7726));
#7728=FACE_OUTER_BOUND('',#7727,.F.);
#7729=ADVANCED_FACE('',(#7728),#7712,.T.);
#7730=CARTESIAN_POINT('',(7.5E0,0.E0,0.E0));
#7731=DIRECTION('',(-1.E0,0.E0,0.E0));
#7732=DIRECTION('',(0.E0,-1.122097485172E-2,-9.999370428799E-1));
#7733=AXIS2_PLACEMENT_3D('',#7730,#7731,#7732);
#7734=TOROIDAL_SURFACE('',#7733,4.8E0,2.E-1);
#7736=ORIENTED_EDGE('',*,*,#7735,.T.);
#7738=ORIENTED_EDGE('',*,*,#7737,.T.);
#7739=ORIENTED_EDGE('',*,*,#7721,.F.);
#7741=ORIENTED_EDGE('',*,*,#7740,.F.);
#7742=EDGE_LOOP('',(#7736,#7738,#7739,#7741));
#7743=FACE_OUTER_BOUND('',#7742,.F.);
#7744=ADVANCED_FACE('',(#7743),#7734,.T.);
#7745=CARTESIAN_POINT('',(7.7E0,0.E0,0.E0));
#7746=DIRECTION('',(-1.E0,0.E0,0.E0));
#7747=DIRECTION('',(0.E0,0.E0,-1.E0));
#7748=AXIS2_PLACEMENT_3D('',#7745,#7746,#7747);
#7749=PLANE('',#7748);
#7751=ORIENTED_EDGE('',*,*,#7750,.F.);
#7752=ORIENTED_EDGE('',*,*,#7735,.F.);
#7753=EDGE_LOOP('',(#7751,#7752));
#7754=FACE_OUTER_BOUND('',#7753,.F.);
#7755=ADVANCED_FACE('',(#7754),#7749,.F.);
#7756=CARTESIAN_POINT('',(7.5E0,0.E0,0.E0));
#7757=DIRECTION('',(-1.E0,0.E0,0.E0));
#7758=DIRECTION('',(0.E0,1.122097485172E-2,9.999370428799E-1));
#7759=AXIS2_PLACEMENT_3D('',#7756,#7757,#7758);
#7760=TOROIDAL_SURFACE('',#7759,4.8E0,2.E-1);
#7761=ORIENTED_EDGE('',*,*,#7750,.T.);
#7762=ORIENTED_EDGE('',*,*,#7740,.T.);
#7763=ORIENTED_EDGE('',*,*,#7664,.F.);
#7764=ORIENTED_EDGE('',*,*,#7737,.F.);
#7765=EDGE_LOOP('',(#7761,#7762,#7763,#7764));
#7766=FACE_OUTER_BOUND('',#7765,.F.);
#7767=ADVANCED_FACE('',(#7766),#7760,.T.);
#7768=CARTESIAN_POINT('',(5.05E0,5.454356057318E0,2.5E0));
#7769=DIRECTION('',(0.E0,0.E0,-1.E0));
#7770=DIRECTION('',(0.E0,1.E0,0.E0));
#7771=AXIS2_PLACEMENT_3D('',#7768,#7769,#7770);
#7772=PLANE('',#7771);
#7773=ORIENTED_EDGE('',*,*,#7257,.T.);
#7774=ORIENTED_EDGE('',*,*,#7683,.T.);
#7775=ORIENTED_EDGE('',*,*,#7725,.T.);
#7776=ORIENTED_EDGE('',*,*,#7598,.F.);
#7777=ORIENTED_EDGE('',*,*,#7484,.F.);
#7779=ORIENTED_EDGE('',*,*,#7778,.T.);
#7780=ORIENTED_EDGE('',*,*,#7347,.T.);
#7781=EDGE_LOOP('',(#7773,#7774,#7775,#7776,#7777,#7779,#7780));
#7782=FACE_OUTER_BOUND('',#7781,.F.);
#7783=ADVANCED_FACE('',(#7782),#7772,.F.);
#7784=CARTESIAN_POINT('',(5.05E0,0.E0,0.E0));
#7785=DIRECTION('',(1.E0,0.E0,0.E0));
#7786=DIRECTION('',(0.E0,0.E0,1.E0));
#7787=AXIS2_PLACEMENT_3D('',#7784,#7785,#7786);
#7788=CYLINDRICAL_SURFACE('',#7787,6.E0);
#7790=ORIENTED_EDGE('',*,*,#7789,.F.);
#7791=ORIENTED_EDGE('',*,*,#7332,.T.);
#7792=ORIENTED_EDGE('',*,*,#7778,.F.);
#7793=ORIENTED_EDGE('',*,*,#7482,.T.);
#7794=EDGE_LOOP('',(#7790,#7791,#7792,#7793));
#7795=FACE_OUTER_BOUND('',#7794,.F.);
#7796=ADVANCED_FACE('',(#7795),#7788,.T.);
#7797=CARTESIAN_POINT('',(5.05E0,0.E0,0.E0));
#7798=DIRECTION('',(1.E0,0.E0,0.E0));
#7799=DIRECTION('',(0.E0,0.E0,1.E0));
#7800=AXIS2_PLACEMENT_3D('',#7797,#7798,#7799);
#7801=CYLINDRICAL_SURFACE('',#7800,6.E0);
#7803=ORIENTED_EDGE('',*,*,#7802,.T.);
#7804=ORIENTED_EDGE('',*,*,#7492,.T.);
#7806=ORIENTED_EDGE('',*,*,#7805,.T.);
#7807=ORIENTED_EDGE('',*,*,#7336,.T.);
#7808=EDGE_LOOP('',(#7803,#7804,#7806,#7807));
#7809=FACE_OUTER_BOUND('',#7808,.F.);
#7810=ADVANCED_FACE('',(#7809),#7801,.T.);
#7811=CARTESIAN_POINT('',(5.05E0,-4.856921938165E0,3.800741891097E0));
#7812=DIRECTION('',(0.E0,5.E-1,-8.660254037844E-1));
#7813=DIRECTION('',(0.E0,8.660254037844E-1,5.E-1));
#7814=AXIS2_PLACEMENT_3D('',#7811,#7812,#7813);
#7815=PLANE('',#7814);
#7816=ORIENTED_EDGE('',*,*,#7480,.T.);
#7817=ORIENTED_EDGE('',*,*,#7802,.F.);
#7818=ORIENTED_EDGE('',*,*,#7334,.T.);
#7819=ORIENTED_EDGE('',*,*,#7789,.T.);
#7820=EDGE_LOOP('',(#7816,#7817,#7818,#7819));
#7821=FACE_OUTER_BOUND('',#7820,.F.);
#7822=ADVANCED_FACE('',(#7821),#7815,.F.);
#7823=CARTESIAN_POINT('',(5.05E0,-6.324555320337E0,3.E0));
#7824=DIRECTION('',(0.E0,0.E0,-1.E0));
#7825=DIRECTION('',(0.E0,1.E0,0.E0));
#7826=AXIS2_PLACEMENT_3D('',#7823,#7824,#7825);
#7827=PLANE('',#7826);
#7828=ORIENTED_EDGE('',*,*,#7490,.F.);
#7829=ORIENTED_EDGE('',*,*,#7421,.T.);
#7830=ORIENTED_EDGE('',*,*,#7338,.T.);
#7831=ORIENTED_EDGE('',*,*,#7805,.F.);
#7832=EDGE_LOOP('',(#7828,#7829,#7830,#7831));
#7833=FACE_OUTER_BOUND('',#7832,.F.);
#7834=ADVANCED_FACE('',(#7833),#7827,.F.);
#7835=CARTESIAN_POINT('',(5.05E0,-5.196152422707E0,-3.E0));
#7836=DIRECTION('',(0.E0,0.E0,1.E0));
#7837=DIRECTION('',(0.E0,-1.E0,0.E0));
#7838=AXIS2_PLACEMENT_3D('',#7835,#7836,#7837);
#7839=PLANE('',#7838);
#7840=ORIENTED_EDGE('',*,*,#7449,.F.);
#7841=ORIENTED_EDGE('',*,*,#7301,.T.);
#7842=ORIENTED_EDGE('',*,*,#7317,.T.);
#7844=ORIENTED_EDGE('',*,*,#7843,.F.);
#7845=EDGE_LOOP('',(#7840,#7841,#7842,#7844));
#7846=FACE_OUTER_BOUND('',#7845,.F.);
#7847=ADVANCED_FACE('',(#7846),#7839,.F.);
#7848=CARTESIAN_POINT('',(5.05E0,0.E0,0.E0));
#7849=DIRECTION('',(1.E0,0.E0,0.E0));
#7850=DIRECTION('',(0.E0,0.E0,1.E0));
#7851=AXIS2_PLACEMENT_3D('',#7848,#7849,#7850);
#7852=CYLINDRICAL_SURFACE('',#7851,7.E0);
#7853=ORIENTED_EDGE('',*,*,#7451,.T.);
#7854=ORIENTED_EDGE('',*,*,#7843,.T.);
#7855=ORIENTED_EDGE('',*,*,#7315,.T.);
#7856=ORIENTED_EDGE('',*,*,#7367,.F.);
#7857=EDGE_LOOP('',(#7853,#7854,#7855,#7856));
#7858=FACE_OUTER_BOUND('',#7857,.F.);
#7859=ADVANCED_FACE('',(#7858),#7852,.T.);
#7860=OPEN_SHELL('',(#7271,#7292,#7307,#7326,#7351,#7372,#7391,#7411,#7425,
#7441,#7458,#7474,#7496,#7513,#7527,#7543,#7558,#7571,#7586,#7602,#7618,#7632,
#7647,#7672,#7691,#7707,#7729,#7744,#7755,#7767,#7783,#7796,#7810,#7822,#7834,
#7847,#7859));
#7861=CARTESIAN_POINT('',(7.2E0,0.E0,0.E0));
#7862=DIRECTION('',(-1.E0,0.E0,0.E0));
#7863=DIRECTION('',(0.E0,1.E0,0.E0));
#7864=AXIS2_PLACEMENT_3D('',#7861,#7862,#7863);
#7866=DIRECTION('',(1.E0,0.E0,0.E0));
#7867=VECTOR('',#7866,1.E0);
#7868=CARTESIAN_POINT('',(7.2E0,4.25E0,0.E0));
#7869=LINE('',#7868,#7867);
#7870=DIRECTION('',(-1.E0,0.E0,0.E0));
#7871=VECTOR('',#7870,1.E0);
#7872=CARTESIAN_POINT('',(8.2E0,-4.25E0,0.E0));
#7873=LINE('',#7872,#7871);
#7874=CARTESIAN_POINT('',(7.2E0,0.E0,0.E0));
#7875=DIRECTION('',(-1.E0,0.E0,0.E0));
#7876=DIRECTION('',(0.E0,-1.E0,0.E0));
#7877=AXIS2_PLACEMENT_3D('',#7874,#7875,#7876);
#7879=CARTESIAN_POINT('',(8.2E0,0.E0,0.E0));
#7880=DIRECTION('',(1.E0,0.E0,0.E0));
#7881=DIRECTION('',(0.E0,-1.E0,0.E0));
#7882=AXIS2_PLACEMENT_3D('',#7879,#7880,#7881);
#7884=CARTESIAN_POINT('',(8.2E0,0.E0,0.E0));
#7885=DIRECTION('',(1.E0,0.E0,0.E0));
#7886=DIRECTION('',(0.E0,1.E0,0.E0));
#7887=AXIS2_PLACEMENT_3D('',#7884,#7885,#7886);
#7889=CARTESIAN_POINT('',(7.2E0,-4.25E0,0.E0));
#7890=CARTESIAN_POINT('',(7.2E0,4.25E0,0.E0));
#7891=VERTEX_POINT('',#7889);
#7892=VERTEX_POINT('',#7890);
#7893=CARTESIAN_POINT('',(8.2E0,-4.25E0,0.E0));
#7894=CARTESIAN_POINT('',(8.2E0,4.25E0,0.E0));
#7895=VERTEX_POINT('',#7893);
#7896=VERTEX_POINT('',#7894);
#7897=CARTESIAN_POINT('',(7.2E0,0.E0,0.E0));
#7898=DIRECTION('',(1.E0,0.E0,0.E0));
#7899=DIRECTION('',(0.E0,-1.E0,0.E0));
#7900=AXIS2_PLACEMENT_3D('',#7897,#7898,#7899);
#7901=CYLINDRICAL_SURFACE('',#7900,4.25E0);
#7903=ORIENTED_EDGE('',*,*,#7902,.F.);
#7905=ORIENTED_EDGE('',*,*,#7904,.T.);
#7907=ORIENTED_EDGE('',*,*,#7906,.F.);
#7909=ORIENTED_EDGE('',*,*,#7908,.T.);
#7910=EDGE_LOOP('',(#7903,#7905,#7907,#7909));
#7911=FACE_OUTER_BOUND('',#7910,.F.);
#7912=ADVANCED_FACE('',(#7911),#7901,.T.);
#7913=CARTESIAN_POINT('',(7.2E0,0.E0,0.E0));
#7914=DIRECTION('',(1.E0,0.E0,0.E0));
#7915=DIRECTION('',(0.E0,-1.E0,0.E0));
#7916=AXIS2_PLACEMENT_3D('',#7913,#7914,#7915);
#7917=CYLINDRICAL_SURFACE('',#7916,4.25E0);
#7918=ORIENTED_EDGE('',*,*,#7906,.T.);
#7920=ORIENTED_EDGE('',*,*,#7919,.T.);
#7921=ORIENTED_EDGE('',*,*,#7902,.T.);
#7923=ORIENTED_EDGE('',*,*,#7922,.T.);
#7924=EDGE_LOOP('',(#7918,#7920,#7921,#7923));
#7925=FACE_OUTER_BOUND('',#7924,.F.);
#7926=ADVANCED_FACE('',(#7925),#7917,.T.);
#7927=CARTESIAN_POINT('',(8.2E0,0.E0,0.E0));
#7928=DIRECTION('',(1.E0,0.E0,0.E0));
#7929=DIRECTION('',(0.E0,-1.E0,0.E0));
#7930=AXIS2_PLACEMENT_3D('',#7927,#7928,#7929);
#7931=PLANE('',#7930);
#7932=ORIENTED_EDGE('',*,*,#7904,.F.);
#7933=ORIENTED_EDGE('',*,*,#7919,.F.);
#7934=EDGE_LOOP('',(#7932,#7933));
#7935=FACE_OUTER_BOUND('',#7934,.F.);
#7936=ADVANCED_FACE('',(#7935),#7931,.T.);
#7937=OPEN_SHELL('',(#7912,#7926,#7936));
#7938=CARTESIAN_POINT('',(-2.138309518948E0,9.794041155677E-1,2.29E0));
#7939=DIRECTION('',(0.E0,0.E0,1.E0));
#7940=DIRECTION('',(-9.743240273445E-1,2.251503713949E-1,0.E0));
#7941=AXIS2_PLACEMENT_3D('',#7938,#7939,#7940);
#7943=CARTESIAN_POINT('',(-3.466190378969E0,0.E0,2.29E0));
#7944=DIRECTION('',(0.E0,0.E0,-1.E0));
#7945=DIRECTION('',(8.047762788004E-1,5.935782518592E-1,0.E0));
#7946=AXIS2_PLACEMENT_3D('',#7943,#7944,#7945);
#7948=CARTESIAN_POINT('',(-2.138309518948E0,-9.794041155677E-1,2.29E0));
#7949=DIRECTION('',(0.E0,0.E0,1.E0));
#7950=DIRECTION('',(-8.047762788004E-1,5.935782518592E-1,0.E0));
#7951=AXIS2_PLACEMENT_3D('',#7948,#7949,#7950);
#7953=CARTESIAN_POINT('',(2.1E0,0.E0,2.29E0));
#7954=DIRECTION('',(0.E0,0.E0,1.E0));
#7955=DIRECTION('',(-9.743240273445E-1,-2.251503713949E-1,0.E0));
#7956=AXIS2_PLACEMENT_3D('',#7953,#7954,#7955);
#7958=DIRECTION('',(1.E0,0.E0,0.E0));
#7959=VECTOR('',#7958,5.255572852781E-1);
#7960=CARTESIAN_POINT('',(-1.825557285278E0,-2.2E0,2.29E0));
#7961=LINE('',#7960,#7959);
#7962=DIRECTION('',(0.E0,1.E0,0.E0));
#7963=VECTOR('',#7962,4.5E-1);
#7964=CARTESIAN_POINT('',(-1.3E0,-2.2E0,2.29E0));
#7965=LINE('',#7964,#7963);
#7966=DIRECTION('',(1.E0,0.E0,0.E0));
#7967=VECTOR('',#7966,9.9E0);
#7968=CARTESIAN_POINT('',(-1.3E0,-1.75E0,2.29E0));
#7969=LINE('',#7968,#7967);
#7970=DIRECTION('',(0.E0,1.E0,0.E0));
#7971=VECTOR('',#7970,3.5E-1);
#7972=CARTESIAN_POINT('',(8.6E0,-1.75E0,2.29E0));
#7973=LINE('',#7972,#7971);
#7974=DIRECTION('',(1.E0,0.E0,0.E0));
#7975=VECTOR('',#7974,2.3E0);
#7976=CARTESIAN_POINT('',(8.6E0,-1.4E0,2.29E0));
#7977=LINE('',#7976,#7975);
#7978=DIRECTION('',(0.E0,1.E0,0.E0));
#7979=VECTOR('',#7978,1.8E0);
#7980=CARTESIAN_POINT('',(1.14E1,-9.E-1,2.29E0));
#7981=LINE('',#7980,#7979);
#7982=DIRECTION('',(-1.E0,0.E0,0.E0));
#7983=VECTOR('',#7982,2.3E0);
#7984=CARTESIAN_POINT('',(1.09E1,1.4E0,2.29E0));
#7985=LINE('',#7984,#7983);
#7986=DIRECTION('',(0.E0,1.E0,0.E0));
#7987=VECTOR('',#7986,3.5E-1);
#7988=CARTESIAN_POINT('',(8.6E0,1.4E0,2.29E0));
#7989=LINE('',#7988,#7987);
#7990=DIRECTION('',(-1.E0,0.E0,0.E0));
#7991=VECTOR('',#7990,9.9E0);
#7992=CARTESIAN_POINT('',(8.6E0,1.75E0,2.29E0));
#7993=LINE('',#7992,#7991);
#7994=DIRECTION('',(0.E0,1.E0,0.E0));
#7995=VECTOR('',#7994,4.5E-1);
#7996=CARTESIAN_POINT('',(-1.3E0,1.75E0,2.29E0));
#7997=LINE('',#7996,#7995);
#7998=DIRECTION('',(-1.E0,0.E0,0.E0));
#7999=VECTOR('',#7998,5.255572852781E-1);
#8000=CARTESIAN_POINT('',(-1.3E0,2.2E0,2.29E0));
#8001=LINE('',#8000,#7999);
#8002=CARTESIAN_POINT('',(2.1E0,0.E0,2.29E0));
#8003=DIRECTION('',(0.E0,0.E0,1.E0));
#8004=DIRECTION('',(-8.723460633951E-1,4.888888888889E-1,0.E0));
#8005=AXIS2_PLACEMENT_3D('',#8002,#8003,#8004);
#8007=DIRECTION('',(0.E0,0.E0,1.E0));
#8008=VECTOR('',#8007,5.E-1);
#8009=CARTESIAN_POINT('',(-1.3E0,-1.75E0,2.29E0));
#8010=LINE('',#8009,#8008);
#8011=CARTESIAN_POINT('',(-2.138309518948E0,9.794041155677E-1,2.79E0));
#8012=DIRECTION('',(0.E0,0.E0,-1.E0));
#8013=DIRECTION('',(-8.047762788004E-1,-5.935782518592E-1,0.E0));
#8014=AXIS2_PLACEMENT_3D('',#8011,#8012,#8013);
#8016=CARTESIAN_POINT('',(2.1E0,0.E0,2.79E0));
#8017=DIRECTION('',(0.E0,0.E0,-1.E0));
#8018=DIRECTION('',(-9.743240273445E-1,2.251503713949E-1,0.E0));
#8019=AXIS2_PLACEMENT_3D('',#8016,#8017,#8018);
#8021=DIRECTION('',(1.E0,0.E0,0.E0));
#8022=VECTOR('',#8021,5.255572852781E-1);
#8023=CARTESIAN_POINT('',(-1.825557285278E0,2.2E0,2.79E0));
#8024=LINE('',#8023,#8022);
#8025=DIRECTION('',(0.E0,-1.E0,0.E0));
#8026=VECTOR('',#8025,4.5E-1);
#8027=CARTESIAN_POINT('',(-1.3E0,2.2E0,2.79E0));
#8028=LINE('',#8027,#8026);
#8029=DIRECTION('',(-1.E0,0.E0,0.E0));
#8030=VECTOR('',#8029,9.9E0);
#8031=CARTESIAN_POINT('',(8.6E0,1.75E0,2.79E0));
#8032=LINE('',#8031,#8030);
#8033=DIRECTION('',(0.E0,1.E0,0.E0));
#8034=VECTOR('',#8033,3.5E-1);
#8035=CARTESIAN_POINT('',(8.6E0,1.4E0,2.79E0));
#8036=LINE('',#8035,#8034);
#8037=DIRECTION('',(-1.E0,0.E0,0.E0));
#8038=VECTOR('',#8037,2.3E0);
#8039=CARTESIAN_POINT('',(1.09E1,1.4E0,2.79E0));
#8040=LINE('',#8039,#8038);
#8041=DIRECTION('',(0.E0,1.E0,0.E0));
#8042=VECTOR('',#8041,1.8E0);
#8043=CARTESIAN_POINT('',(1.14E1,-9.E-1,2.79E0));
#8044=LINE('',#8043,#8042);
#8045=DIRECTION('',(1.E0,0.E0,0.E0));
#8046=VECTOR('',#8045,2.3E0);
#8047=CARTESIAN_POINT('',(8.6E0,-1.4E0,2.79E0));
#8048=LINE('',#8047,#8046);
#8049=DIRECTION('',(0.E0,1.E0,0.E0));
#8050=VECTOR('',#8049,3.5E-1);
#8051=CARTESIAN_POINT('',(8.6E0,-1.75E0,2.79E0));
#8052=LINE('',#8051,#8050);
#8053=DIRECTION('',(1.E0,0.E0,0.E0));
#8054=VECTOR('',#8053,9.9E0);
#8055=CARTESIAN_POINT('',(-1.3E0,-1.75E0,2.79E0));
#8056=LINE('',#8055,#8054);
#8057=DIRECTION('',(0.E0,-1.E0,0.E0));
#8058=VECTOR('',#8057,4.5E-1);
#8059=CARTESIAN_POINT('',(-1.3E0,-1.75E0,2.79E0));
#8060=LINE('',#8059,#8058);
#8061=DIRECTION('',(-1.E0,0.E0,0.E0));
#8062=VECTOR('',#8061,5.255572852781E-1);
#8063=CARTESIAN_POINT('',(-1.3E0,-2.2E0,2.79E0));
#8064=LINE('',#8063,#8062);
#8065=CARTESIAN_POINT('',(2.1E0,0.E0,2.79E0));
#8066=DIRECTION('',(0.E0,0.E0,-1.E0));
#8067=DIRECTION('',(-8.723460633951E-1,-4.888888888889E-1,0.E0));
#8068=AXIS2_PLACEMENT_3D('',#8065,#8066,#8067);
#8070=CARTESIAN_POINT('',(-2.138309518948E0,-9.794041155677E-1,2.79E0));
#8071=DIRECTION('',(0.E0,0.E0,-1.E0));
#8072=DIRECTION('',(-9.743240273445E-1,-2.251503713949E-1,0.E0));
#8073=AXIS2_PLACEMENT_3D('',#8070,#8071,#8072);
#8075=CARTESIAN_POINT('',(-3.466190378969E0,0.E0,2.79E0));
#8076=DIRECTION('',(0.E0,0.E0,1.E0));
#8077=DIRECTION('',(8.047762788004E-1,-5.935782518592E-1,0.E0));
#8078=AXIS2_PLACEMENT_3D('',#8075,#8076,#8077);
#8080=DIRECTION('',(0.E0,0.E0,1.E0));
#8081=VECTOR('',#8080,5.E-1);
#8082=CARTESIAN_POINT('',(8.6E0,1.75E0,2.29E0));
#8083=LINE('',#8082,#8081);
#8084=DIRECTION('',(0.E0,0.E0,-1.E0));
#8085=VECTOR('',#8084,5.E-1);
#8086=CARTESIAN_POINT('',(-1.3E0,1.75E0,2.79E0));
#8087=LINE('',#8086,#8085);
#8088=DIRECTION('',(0.E0,0.E0,1.E0));
#8089=VECTOR('',#8088,5.E-1);
#8090=CARTESIAN_POINT('',(8.6E0,1.4E0,2.29E0));
#8091=LINE('',#8090,#8089);
#8092=DIRECTION('',(0.E0,0.E0,1.E0));
#8093=VECTOR('',#8092,5.E-1);
#8094=CARTESIAN_POINT('',(1.09E1,1.4E0,2.29E0));
#8095=LINE('',#8094,#8093);
#8096=DIRECTION('',(7.071067811865E-1,-7.071067811865E-1,0.E0));
#8097=VECTOR('',#8096,7.071067811865E-1);
#8098=CARTESIAN_POINT('',(1.09E1,1.4E0,2.29E0));
#8099=LINE('',#8098,#8097);
#8100=DIRECTION('',(0.E0,0.E0,1.E0));
#8101=VECTOR('',#8100,5.E-1);
#8102=CARTESIAN_POINT('',(1.14E1,9.E-1,2.29E0));
#8103=LINE('',#8102,#8101);
#8104=DIRECTION('',(7.071067811865E-1,-7.071067811865E-1,0.E0));
#8105=VECTOR('',#8104,7.071067811865E-1);
#8106=CARTESIAN_POINT('',(1.09E1,1.4E0,2.79E0));
#8107=LINE('',#8106,#8105);
#8108=DIRECTION('',(0.E0,0.E0,1.E0));
#8109=VECTOR('',#8108,5.E-1);
#8110=CARTESIAN_POINT('',(1.14E1,-9.E-1,2.29E0));
#8111=LINE('',#8110,#8109);
#8112=DIRECTION('',(-7.071067811865E-1,-7.071067811865E-1,0.E0));
#8113=VECTOR('',#8112,7.071067811865E-1);
#8114=CARTESIAN_POINT('',(1.14E1,-9.E-1,2.29E0));
#8115=LINE('',#8114,#8113);
#8116=DIRECTION('',(0.E0,0.E0,1.E0));
#8117=VECTOR('',#8116,5.E-1);
#8118=CARTESIAN_POINT('',(1.09E1,-1.4E0,2.29E0));
#8119=LINE('',#8118,#8117);
#8120=DIRECTION('',(-7.071067811865E-1,-7.071067811865E-1,0.E0));
#8121=VECTOR('',#8120,7.071067811865E-1);
#8122=CARTESIAN_POINT('',(1.14E1,-9.E-1,2.79E0));
#8123=LINE('',#8122,#8121);
#8124=DIRECTION('',(0.E0,0.E0,1.E0));
#8125=VECTOR('',#8124,5.E-1);
#8126=CARTESIAN_POINT('',(8.6E0,-1.4E0,2.29E0));
#8127=LINE('',#8126,#8125);
#8128=DIRECTION('',(0.E0,0.E0,1.E0));
#8129=VECTOR('',#8128,5.E-1);
#8130=CARTESIAN_POINT('',(8.6E0,-1.75E0,2.29E0));
#8131=LINE('',#8130,#8129);
#8132=CARTESIAN_POINT('',(-1.825557285278E0,-2.2E0,2.29E0));
#8133=CARTESIAN_POINT('',(-1.3E0,-2.2E0,2.29E0));
#8134=VERTEX_POINT('',#8132);
#8135=VERTEX_POINT('',#8133);
#8136=CARTESIAN_POINT('',(-1.3E0,-1.75E0,2.29E0));
#8137=VERTEX_POINT('',#8136);
#8138=CARTESIAN_POINT('',(8.6E0,-1.75E0,2.29E0));
#8139=VERTEX_POINT('',#8138);
#8140=CARTESIAN_POINT('',(8.6E0,-1.4E0,2.29E0));
#8141=VERTEX_POINT('',#8140);
#8142=CARTESIAN_POINT('',(8.6E0,1.4E0,2.29E0));
#8143=CARTESIAN_POINT('',(8.6E0,1.75E0,2.29E0));
#8144=VERTEX_POINT('',#8142);
#8145=VERTEX_POINT('',#8143);
#8146=CARTESIAN_POINT('',(-1.3E0,1.75E0,2.29E0));
#8147=VERTEX_POINT('',#8146);
#8148=CARTESIAN_POINT('',(-1.3E0,2.2E0,2.29E0));
#8149=VERTEX_POINT('',#8148);
#8150=CARTESIAN_POINT('',(-1.825557285278E0,2.2E0,2.29E0));
#8151=VERTEX_POINT('',#8150);
#8152=CARTESIAN_POINT('',(-1.825557285278E0,-2.2E0,2.79E0));
#8153=CARTESIAN_POINT('',(-1.3E0,-2.2E0,2.79E0));
#8154=VERTEX_POINT('',#8152);
#8155=VERTEX_POINT('',#8153);
#8156=CARTESIAN_POINT('',(-1.3E0,-1.75E0,2.79E0));
#8157=VERTEX_POINT('',#8156);
#8158=CARTESIAN_POINT('',(8.6E0,-1.75E0,2.79E0));
#8159=VERTEX_POINT('',#8158);
#8160=CARTESIAN_POINT('',(8.6E0,-1.4E0,2.79E0));
#8161=VERTEX_POINT('',#8160);
#8162=CARTESIAN_POINT('',(8.6E0,1.4E0,2.79E0));
#8163=CARTESIAN_POINT('',(8.6E0,1.75E0,2.79E0));
#8164=VERTEX_POINT('',#8162);
#8165=VERTEX_POINT('',#8163);
#8166=CARTESIAN_POINT('',(-1.3E0,1.75E0,2.79E0));
#8167=VERTEX_POINT('',#8166);
#8168=CARTESIAN_POINT('',(-1.3E0,2.2E0,2.79E0));
#8169=VERTEX_POINT('',#8168);
#8170=CARTESIAN_POINT('',(-1.825557285278E0,2.2E0,2.79E0));
#8171=VERTEX_POINT('',#8170);
#8172=CARTESIAN_POINT('',(1.14E1,-9.E-1,2.29E0));
#8173=CARTESIAN_POINT('',(1.14E1,-9.E-1,2.79E0));
#8174=VERTEX_POINT('',#8172);
#8175=VERTEX_POINT('',#8173);
#8176=CARTESIAN_POINT('',(1.09E1,-1.4E0,2.29E0));
#8177=CARTESIAN_POINT('',(1.09E1,-1.4E0,2.79E0));
#8178=VERTEX_POINT('',#8176);
#8179=VERTEX_POINT('',#8177);
#8180=CARTESIAN_POINT('',(1.09E1,1.4E0,2.29E0));
#8181=CARTESIAN_POINT('',(1.09E1,1.4E0,2.79E0));
#8182=VERTEX_POINT('',#8180);
#8183=VERTEX_POINT('',#8181);
#8184=CARTESIAN_POINT('',(1.14E1,9.E-1,2.29E0));
#8185=CARTESIAN_POINT('',(1.14E1,9.E-1,2.79E0));
#8186=VERTEX_POINT('',#8184);
#8187=VERTEX_POINT('',#8185);
#8188=CARTESIAN_POINT('',(-2.284458123050E0,1.013176671277E0,2.79E0));
#8189=CARTESIAN_POINT('',(-2.259025960769E0,8.903673777888E-1,2.79E0));
#8190=VERTEX_POINT('',#8188);
#8191=VERTEX_POINT('',#8189);
#8192=CARTESIAN_POINT('',(-2.259025960769E0,8.903673777888E-1,2.29E0));
#8193=CARTESIAN_POINT('',(-2.284458123050E0,1.013176671277E0,2.29E0));
#8194=VERTEX_POINT('',#8192);
#8195=VERTEX_POINT('',#8193);
#8196=CARTESIAN_POINT('',(-2.284458123050E0,-1.013176671277E0,2.29E0));
#8197=CARTESIAN_POINT('',(-2.259025960769E0,-8.903673777888E-1,2.29E0));
#8198=VERTEX_POINT('',#8196);
#8199=VERTEX_POINT('',#8197);
#8200=CARTESIAN_POINT('',(-2.259025960769E0,-8.903673777888E-1,2.79E0));
#8201=CARTESIAN_POINT('',(-2.284458123050E0,-1.013176671277E0,2.79E0));
#8202=VERTEX_POINT('',#8200);
#8203=VERTEX_POINT('',#8201);
#8204=CARTESIAN_POINT('',(-1.3E0,0.E0,2.29E0));
#8205=DIRECTION('',(0.E0,0.E0,1.E0));
#8206=DIRECTION('',(0.E0,1.E0,0.E0));
#8207=AXIS2_PLACEMENT_3D('',#8204,#8205,#8206);
#8208=PLANE('',#8207);
#8210=ORIENTED_EDGE('',*,*,#8209,.T.);
#8212=ORIENTED_EDGE('',*,*,#8211,.T.);
#8214=ORIENTED_EDGE('',*,*,#8213,.T.);
#8216=ORIENTED_EDGE('',*,*,#8215,.T.);
#8218=ORIENTED_EDGE('',*,*,#8217,.T.);
#8220=ORIENTED_EDGE('',*,*,#8219,.T.);
#8222=ORIENTED_EDGE('',*,*,#8221,.T.);
#8224=ORIENTED_EDGE('',*,*,#8223,.T.);
#8226=ORIENTED_EDGE('',*,*,#8225,.T.);
#8228=ORIENTED_EDGE('',*,*,#8227,.F.);
#8230=ORIENTED_EDGE('',*,*,#8229,.T.);
#8232=ORIENTED_EDGE('',*,*,#8231,.F.);
#8234=ORIENTED_EDGE('',*,*,#8233,.T.);
#8236=ORIENTED_EDGE('',*,*,#8235,.T.);
#8238=ORIENTED_EDGE('',*,*,#8237,.T.);
#8240=ORIENTED_EDGE('',*,*,#8239,.T.);
#8242=ORIENTED_EDGE('',*,*,#8241,.T.);
#8244=ORIENTED_EDGE('',*,*,#8243,.T.);
#8245=EDGE_LOOP('',(#8210,#8212,#8214,#8216,#8218,#8220,#8222,#8224,#8226,#8228,
#8230,#8232,#8234,#8236,#8238,#8240,#8242,#8244));
#8246=FACE_OUTER_BOUND('',#8245,.F.);
#8247=ADVANCED_FACE('',(#8246),#8208,.F.);
#8248=CARTESIAN_POINT('',(-1.3E0,-1.75E0,2.29E0));
#8249=DIRECTION('',(0.E0,-1.E0,0.E0));
#8250=DIRECTION('',(1.E0,0.E0,0.E0));
#8251=AXIS2_PLACEMENT_3D('',#8248,#8249,#8250);
#8252=PLANE('',#8251);
#8253=ORIENTED_EDGE('',*,*,#8221,.F.);
#8255=ORIENTED_EDGE('',*,*,#8254,.T.);
#8257=ORIENTED_EDGE('',*,*,#8256,.T.);
#8259=ORIENTED_EDGE('',*,*,#8258,.F.);
#8260=EDGE_LOOP('',(#8253,#8255,#8257,#8259));
#8261=FACE_OUTER_BOUND('',#8260,.F.);
#8262=ADVANCED_FACE('',(#8261),#8252,.T.);
#8263=CARTESIAN_POINT('',(-1.3E0,0.E0,2.79E0));
#8264=DIRECTION('',(0.E0,0.E0,1.E0));
#8265=DIRECTION('',(0.E0,1.E0,0.E0));
#8266=AXIS2_PLACEMENT_3D('',#8263,#8264,#8265);
#8267=PLANE('',#8266);
#8269=ORIENTED_EDGE('',*,*,#8268,.T.);
#8271=ORIENTED_EDGE('',*,*,#8270,.T.);
#8273=ORIENTED_EDGE('',*,*,#8272,.T.);
#8275=ORIENTED_EDGE('',*,*,#8274,.T.);
#8277=ORIENTED_EDGE('',*,*,#8276,.F.);
#8279=ORIENTED_EDGE('',*,*,#8278,.F.);
#8281=ORIENTED_EDGE('',*,*,#8280,.F.);
#8283=ORIENTED_EDGE('',*,*,#8282,.T.);
#8285=ORIENTED_EDGE('',*,*,#8284,.F.);
#8287=ORIENTED_EDGE('',*,*,#8286,.T.);
#8289=ORIENTED_EDGE('',*,*,#8288,.F.);
#8291=ORIENTED_EDGE('',*,*,#8290,.F.);
#8292=ORIENTED_EDGE('',*,*,#8256,.F.);
#8294=ORIENTED_EDGE('',*,*,#8293,.T.);
#8296=ORIENTED_EDGE('',*,*,#8295,.T.);
#8298=ORIENTED_EDGE('',*,*,#8297,.T.);
#8300=ORIENTED_EDGE('',*,*,#8299,.T.);
#8302=ORIENTED_EDGE('',*,*,#8301,.T.);
#8303=EDGE_LOOP('',(#8269,#8271,#8273,#8275,#8277,#8279,#8281,#8283,#8285,#8287,
#8289,#8291,#8292,#8294,#8296,#8298,#8300,#8302));
#8304=FACE_OUTER_BOUND('',#8303,.F.);
#8305=ADVANCED_FACE('',(#8304),#8267,.T.);
#8306=CARTESIAN_POINT('',(8.6E0,1.75E0,2.29E0));
#8307=DIRECTION('',(0.E0,1.E0,0.E0));
#8308=DIRECTION('',(-1.E0,0.E0,0.E0));
#8309=AXIS2_PLACEMENT_3D('',#8306,#8307,#8308);
#8310=PLANE('',#8309);
#8311=ORIENTED_EDGE('',*,*,#8237,.F.);
#8313=ORIENTED_EDGE('',*,*,#8312,.T.);
#8314=ORIENTED_EDGE('',*,*,#8276,.T.);
#8316=ORIENTED_EDGE('',*,*,#8315,.T.);
#8317=EDGE_LOOP('',(#8311,#8313,#8314,#8316));
#8318=FACE_OUTER_BOUND('',#8317,.F.);
#8319=ADVANCED_FACE('',(#8318),#8310,.T.);
#8320=CARTESIAN_POINT('',(8.6E0,1.4E0,2.29E0));
#8321=DIRECTION('',(1.E0,0.E0,0.E0));
#8322=DIRECTION('',(0.E0,1.E0,0.E0));
#8323=AXIS2_PLACEMENT_3D('',#8320,#8321,#8322);
#8324=PLANE('',#8323);
#8325=ORIENTED_EDGE('',*,*,#8235,.F.);
#8327=ORIENTED_EDGE('',*,*,#8326,.T.);
#8328=ORIENTED_EDGE('',*,*,#8278,.T.);
#8329=ORIENTED_EDGE('',*,*,#8312,.F.);
#8330=EDGE_LOOP('',(#8325,#8327,#8328,#8329));
#8331=FACE_OUTER_BOUND('',#8330,.F.);
#8332=ADVANCED_FACE('',(#8331),#8324,.T.);
#8333=CARTESIAN_POINT('',(1.14E1,1.4E0,2.29E0));
#8334=DIRECTION('',(0.E0,1.E0,0.E0));
#8335=DIRECTION('',(-1.E0,0.E0,0.E0));
#8336=AXIS2_PLACEMENT_3D('',#8333,#8334,#8335);
#8337=PLANE('',#8336);
#8338=ORIENTED_EDGE('',*,*,#8233,.F.);
#8340=ORIENTED_EDGE('',*,*,#8339,.T.);
#8341=ORIENTED_EDGE('',*,*,#8280,.T.);
#8342=ORIENTED_EDGE('',*,*,#8326,.F.);
#8343=EDGE_LOOP('',(#8338,#8340,#8341,#8342));
#8344=FACE_OUTER_BOUND('',#8343,.F.);
#8345=ADVANCED_FACE('',(#8344),#8337,.T.);
#8346=CARTESIAN_POINT('',(1.09E1,1.4E0,2.29E0));
#8347=DIRECTION('',(7.071067811865E-1,7.071067811865E-1,0.E0));
#8348=DIRECTION('',(0.E0,0.E0,1.E0));
#8349=AXIS2_PLACEMENT_3D('',#8346,#8347,#8348);
#8350=PLANE('',#8349);
#8351=ORIENTED_EDGE('',*,*,#8339,.F.);
#8352=ORIENTED_EDGE('',*,*,#8231,.T.);
#8354=ORIENTED_EDGE('',*,*,#8353,.T.);
#8355=ORIENTED_EDGE('',*,*,#8282,.F.);
#8356=EDGE_LOOP('',(#8351,#8352,#8354,#8355));
#8357=FACE_OUTER_BOUND('',#8356,.F.);
#8358=ADVANCED_FACE('',(#8357),#8350,.T.);
#8359=CARTESIAN_POINT('',(1.14E1,-1.4E0,2.29E0));
#8360=DIRECTION('',(1.E0,0.E0,0.E0));
#8361=DIRECTION('',(0.E0,1.E0,0.E0));
#8362=AXIS2_PLACEMENT_3D('',#8359,#8360,#8361);
#8363=PLANE('',#8362);
#8364=ORIENTED_EDGE('',*,*,#8229,.F.);
#8366=ORIENTED_EDGE('',*,*,#8365,.T.);
#8367=ORIENTED_EDGE('',*,*,#8284,.T.);
#8368=ORIENTED_EDGE('',*,*,#8353,.F.);
#8369=EDGE_LOOP('',(#8364,#8366,#8367,#8368));
#8370=FACE_OUTER_BOUND('',#8369,.F.);
#8371=ADVANCED_FACE('',(#8370),#8363,.T.);
#8372=CARTESIAN_POINT('',(1.14E1,-9.E-1,2.29E0));
#8373=DIRECTION('',(7.071067811865E-1,-7.071067811865E-1,0.E0));
#8374=DIRECTION('',(0.E0,0.E0,1.E0));
#8375=AXIS2_PLACEMENT_3D('',#8372,#8373,#8374);
#8376=PLANE('',#8375);
#8377=ORIENTED_EDGE('',*,*,#8365,.F.);
#8378=ORIENTED_EDGE('',*,*,#8227,.T.);
#8380=ORIENTED_EDGE('',*,*,#8379,.T.);
#8381=ORIENTED_EDGE('',*,*,#8286,.F.);
#8382=EDGE_LOOP('',(#8377,#8378,#8380,#8381));
#8383=FACE_OUTER_BOUND('',#8382,.F.);
#8384=ADVANCED_FACE('',(#8383),#8376,.T.);
#8385=CARTESIAN_POINT('',(8.6E0,-1.4E0,2.29E0));
#8386=DIRECTION('',(0.E0,-1.E0,0.E0));
#8387=DIRECTION('',(1.E0,0.E0,0.E0));
#8388=AXIS2_PLACEMENT_3D('',#8385,#8386,#8387);
#8389=PLANE('',#8388);
#8390=ORIENTED_EDGE('',*,*,#8225,.F.);
#8392=ORIENTED_EDGE('',*,*,#8391,.T.);
#8393=ORIENTED_EDGE('',*,*,#8288,.T.);
#8394=ORIENTED_EDGE('',*,*,#8379,.F.);
#8395=EDGE_LOOP('',(#8390,#8392,#8393,#8394));
#8396=FACE_OUTER_BOUND('',#8395,.F.);
#8397=ADVANCED_FACE('',(#8396),#8389,.T.);
#8398=CARTESIAN_POINT('',(8.6E0,-1.75E0,2.29E0));
#8399=DIRECTION('',(1.E0,0.E0,0.E0));
#8400=DIRECTION('',(0.E0,1.E0,0.E0));
#8401=AXIS2_PLACEMENT_3D('',#8398,#8399,#8400);
#8402=PLANE('',#8401);
#8403=ORIENTED_EDGE('',*,*,#8223,.F.);
#8404=ORIENTED_EDGE('',*,*,#8258,.T.);
#8405=ORIENTED_EDGE('',*,*,#8290,.T.);
#8406=ORIENTED_EDGE('',*,*,#8391,.F.);
#8407=EDGE_LOOP('',(#8403,#8404,#8405,#8406));
#8408=FACE_OUTER_BOUND('',#8407,.F.);
#8409=ADVANCED_FACE('',(#8408),#8402,.T.);
#8410=OPEN_SHELL('',(#8247,#8262,#8305,#8319,#8332,#8345,#8358,#8371,#8384,
#8397,#8409));
#8411=CARTESIAN_POINT('',(-2.138309518948E0,-9.794041155677E-1,-2.29E0));
#8412=DIRECTION('',(0.E0,0.E0,-1.E0));
#8413=DIRECTION('',(-9.743240273445E-1,-2.251503713949E-1,0.E0));
#8414=AXIS2_PLACEMENT_3D('',#8411,#8412,#8413);
#8416=CARTESIAN_POINT('',(-3.466190378969E0,0.E0,-2.29E0));
#8417=DIRECTION('',(0.E0,0.E0,1.E0));
#8418=DIRECTION('',(8.047762788004E-1,-5.935782518592E-1,0.E0));
#8419=AXIS2_PLACEMENT_3D('',#8416,#8417,#8418);
#8421=CARTESIAN_POINT('',(-2.138309518948E0,9.794041155677E-1,-2.29E0));
#8422=DIRECTION('',(0.E0,0.E0,-1.E0));
#8423=DIRECTION('',(-8.047762788004E-1,-5.935782518592E-1,0.E0));
#8424=AXIS2_PLACEMENT_3D('',#8421,#8422,#8423);
#8426=CARTESIAN_POINT('',(2.1E0,0.E0,-2.29E0));
#8427=DIRECTION('',(0.E0,0.E0,-1.E0));
#8428=DIRECTION('',(-9.743240273445E-1,2.251503713949E-1,0.E0));
#8429=AXIS2_PLACEMENT_3D('',#8426,#8427,#8428);
#8431=DIRECTION('',(1.E0,0.E0,0.E0));
#8432=VECTOR('',#8431,5.255572852781E-1);
#8433=CARTESIAN_POINT('',(-1.825557285278E0,2.2E0,-2.29E0));
#8434=LINE('',#8433,#8432);
#8435=DIRECTION('',(0.E0,-1.E0,0.E0));
#8436=VECTOR('',#8435,4.5E-1);
#8437=CARTESIAN_POINT('',(-1.3E0,2.2E0,-2.29E0));
#8438=LINE('',#8437,#8436);
#8439=DIRECTION('',(1.E0,0.E0,0.E0));
#8440=VECTOR('',#8439,9.9E0);
#8441=CARTESIAN_POINT('',(-1.3E0,1.75E0,-2.29E0));
#8442=LINE('',#8441,#8440);
#8443=DIRECTION('',(0.E0,-1.E0,0.E0));
#8444=VECTOR('',#8443,3.5E-1);
#8445=CARTESIAN_POINT('',(8.6E0,1.75E0,-2.29E0));
#8446=LINE('',#8445,#8444);
#8447=DIRECTION('',(1.E0,0.E0,0.E0));
#8448=VECTOR('',#8447,2.3E0);
#8449=CARTESIAN_POINT('',(8.6E0,1.4E0,-2.29E0));
#8450=LINE('',#8449,#8448);
#8451=DIRECTION('',(0.E0,-1.E0,0.E0));
#8452=VECTOR('',#8451,1.8E0);
#8453=CARTESIAN_POINT('',(1.14E1,9.E-1,-2.29E0));
#8454=LINE('',#8453,#8452);
#8455=DIRECTION('',(-1.E0,0.E0,0.E0));
#8456=VECTOR('',#8455,2.3E0);
#8457=CARTESIAN_POINT('',(1.09E1,-1.4E0,-2.29E0));
#8458=LINE('',#8457,#8456);
#8459=DIRECTION('',(0.E0,-1.E0,0.E0));
#8460=VECTOR('',#8459,3.5E-1);
#8461=CARTESIAN_POINT('',(8.6E0,-1.4E0,-2.29E0));
#8462=LINE('',#8461,#8460);
#8463=DIRECTION('',(-1.E0,0.E0,0.E0));
#8464=VECTOR('',#8463,9.9E0);
#8465=CARTESIAN_POINT('',(8.6E0,-1.75E0,-2.29E0));
#8466=LINE('',#8465,#8464);
#8467=DIRECTION('',(0.E0,-1.E0,0.E0));
#8468=VECTOR('',#8467,4.5E-1);
#8469=CARTESIAN_POINT('',(-1.3E0,-1.75E0,-2.29E0));
#8470=LINE('',#8469,#8468);
#8471=DIRECTION('',(-1.E0,0.E0,0.E0));
#8472=VECTOR('',#8471,5.255572852781E-1);
#8473=CARTESIAN_POINT('',(-1.3E0,-2.2E0,-2.29E0));
#8474=LINE('',#8473,#8472);
#8475=CARTESIAN_POINT('',(2.1E0,0.E0,-2.29E0));
#8476=DIRECTION('',(0.E0,0.E0,-1.E0));
#8477=DIRECTION('',(-8.723460633951E-1,-4.888888888889E-1,0.E0));
#8478=AXIS2_PLACEMENT_3D('',#8475,#8476,#8477);
#8480=DIRECTION('',(0.E0,0.E0,-1.E0));
#8481=VECTOR('',#8480,5.E-1);
#8482=CARTESIAN_POINT('',(-1.3E0,1.75E0,-2.29E0));
#8483=LINE('',#8482,#8481);
#8484=CARTESIAN_POINT('',(-2.138309518948E0,-9.794041155677E-1,-2.79E0));
#8485=DIRECTION('',(0.E0,0.E0,1.E0));
#8486=DIRECTION('',(-8.047762788004E-1,5.935782518592E-1,0.E0));
#8487=AXIS2_PLACEMENT_3D('',#8484,#8485,#8486);
#8489=CARTESIAN_POINT('',(2.1E0,0.E0,-2.79E0));
#8490=DIRECTION('',(0.E0,0.E0,1.E0));
#8491=DIRECTION('',(-9.743240273445E-1,-2.251503713949E-1,0.E0));
#8492=AXIS2_PLACEMENT_3D('',#8489,#8490,#8491);
#8494=DIRECTION('',(1.E0,0.E0,0.E0));
#8495=VECTOR('',#8494,5.255572852781E-1);
#8496=CARTESIAN_POINT('',(-1.825557285278E0,-2.2E0,-2.79E0));
#8497=LINE('',#8496,#8495);
#8498=DIRECTION('',(0.E0,1.E0,0.E0));
#8499=VECTOR('',#8498,4.5E-1);
#8500=CARTESIAN_POINT('',(-1.3E0,-2.2E0,-2.79E0));
#8501=LINE('',#8500,#8499);
#8502=DIRECTION('',(-1.E0,0.E0,0.E0));
#8503=VECTOR('',#8502,9.9E0);
#8504=CARTESIAN_POINT('',(8.6E0,-1.75E0,-2.79E0));
#8505=LINE('',#8504,#8503);
#8506=DIRECTION('',(0.E0,-1.E0,0.E0));
#8507=VECTOR('',#8506,3.5E-1);
#8508=CARTESIAN_POINT('',(8.6E0,-1.4E0,-2.79E0));
#8509=LINE('',#8508,#8507);
#8510=DIRECTION('',(-1.E0,0.E0,0.E0));
#8511=VECTOR('',#8510,2.3E0);
#8512=CARTESIAN_POINT('',(1.09E1,-1.4E0,-2.79E0));
#8513=LINE('',#8512,#8511);
#8514=DIRECTION('',(0.E0,-1.E0,0.E0));
#8515=VECTOR('',#8514,1.8E0);
#8516=CARTESIAN_POINT('',(1.14E1,9.E-1,-2.79E0));
#8517=LINE('',#8516,#8515);
#8518=DIRECTION('',(1.E0,0.E0,0.E0));
#8519=VECTOR('',#8518,2.3E0);
#8520=CARTESIAN_POINT('',(8.6E0,1.4E0,-2.79E0));
#8521=LINE('',#8520,#8519);
#8522=DIRECTION('',(0.E0,-1.E0,0.E0));
#8523=VECTOR('',#8522,3.5E-1);
#8524=CARTESIAN_POINT('',(8.6E0,1.75E0,-2.79E0));
#8525=LINE('',#8524,#8523);
#8526=DIRECTION('',(1.E0,0.E0,0.E0));
#8527=VECTOR('',#8526,9.9E0);
#8528=CARTESIAN_POINT('',(-1.3E0,1.75E0,-2.79E0));
#8529=LINE('',#8528,#8527);
#8530=DIRECTION('',(0.E0,1.E0,0.E0));
#8531=VECTOR('',#8530,4.5E-1);
#8532=CARTESIAN_POINT('',(-1.3E0,1.75E0,-2.79E0));
#8533=LINE('',#8532,#8531);
#8534=DIRECTION('',(-1.E0,0.E0,0.E0));
#8535=VECTOR('',#8534,5.255572852781E-1);
#8536=CARTESIAN_POINT('',(-1.3E0,2.2E0,-2.79E0));
#8537=LINE('',#8536,#8535);
#8538=CARTESIAN_POINT('',(2.1E0,0.E0,-2.79E0));
#8539=DIRECTION('',(0.E0,0.E0,1.E0));
#8540=DIRECTION('',(-8.723460633951E-1,4.888888888889E-1,0.E0));
#8541=AXIS2_PLACEMENT_3D('',#8538,#8539,#8540);
#8543=CARTESIAN_POINT('',(-2.138309518948E0,9.794041155677E-1,-2.79E0));
#8544=DIRECTION('',(0.E0,0.E0,1.E0));
#8545=DIRECTION('',(-9.743240273445E-1,2.251503713949E-1,0.E0));
#8546=AXIS2_PLACEMENT_3D('',#8543,#8544,#8545);
#8548=CARTESIAN_POINT('',(-3.466190378969E0,0.E0,-2.79E0));
#8549=DIRECTION('',(0.E0,0.E0,-1.E0));
#8550=DIRECTION('',(8.047762788004E-1,5.935782518592E-1,0.E0));
#8551=AXIS2_PLACEMENT_3D('',#8548,#8549,#8550);
#8553=DIRECTION('',(0.E0,0.E0,-1.E0));
#8554=VECTOR('',#8553,5.E-1);
#8555=CARTESIAN_POINT('',(8.6E0,-1.75E0,-2.29E0));
#8556=LINE('',#8555,#8554);
#8557=DIRECTION('',(0.E0,0.E0,1.E0));
#8558=VECTOR('',#8557,5.E-1);
#8559=CARTESIAN_POINT('',(-1.3E0,-1.75E0,-2.79E0));
#8560=LINE('',#8559,#8558);
#8561=DIRECTION('',(0.E0,0.E0,-1.E0));
#8562=VECTOR('',#8561,5.E-1);
#8563=CARTESIAN_POINT('',(8.6E0,-1.4E0,-2.29E0));
#8564=LINE('',#8563,#8562);
#8565=DIRECTION('',(0.E0,0.E0,-1.E0));
#8566=VECTOR('',#8565,5.E-1);
#8567=CARTESIAN_POINT('',(1.09E1,-1.4E0,-2.29E0));
#8568=LINE('',#8567,#8566);
#8569=DIRECTION('',(7.071067811865E-1,7.071067811865E-1,0.E0));
#8570=VECTOR('',#8569,7.071067811865E-1);
#8571=CARTESIAN_POINT('',(1.09E1,-1.4E0,-2.29E0));
#8572=LINE('',#8571,#8570);
#8573=DIRECTION('',(0.E0,0.E0,-1.E0));
#8574=VECTOR('',#8573,5.E-1);
#8575=CARTESIAN_POINT('',(1.14E1,-9.E-1,-2.29E0));
#8576=LINE('',#8575,#8574);
#8577=DIRECTION('',(7.071067811865E-1,7.071067811865E-1,0.E0));
#8578=VECTOR('',#8577,7.071067811865E-1);
#8579=CARTESIAN_POINT('',(1.09E1,-1.4E0,-2.79E0));
#8580=LINE('',#8579,#8578);
#8581=DIRECTION('',(0.E0,0.E0,-1.E0));
#8582=VECTOR('',#8581,5.E-1);
#8583=CARTESIAN_POINT('',(1.14E1,9.E-1,-2.29E0));
#8584=LINE('',#8583,#8582);
#8585=DIRECTION('',(-7.071067811865E-1,7.071067811865E-1,0.E0));
#8586=VECTOR('',#8585,7.071067811865E-1);
#8587=CARTESIAN_POINT('',(1.14E1,9.E-1,-2.29E0));
#8588=LINE('',#8587,#8586);
#8589=DIRECTION('',(0.E0,0.E0,-1.E0));
#8590=VECTOR('',#8589,5.E-1);
#8591=CARTESIAN_POINT('',(1.09E1,1.4E0,-2.29E0));
#8592=LINE('',#8591,#8590);
#8593=DIRECTION('',(-7.071067811865E-1,7.071067811865E-1,0.E0));
#8594=VECTOR('',#8593,7.071067811865E-1);
#8595=CARTESIAN_POINT('',(1.14E1,9.E-1,-2.79E0));
#8596=LINE('',#8595,#8594);
#8597=DIRECTION('',(0.E0,0.E0,-1.E0));
#8598=VECTOR('',#8597,5.E-1);
#8599=CARTESIAN_POINT('',(8.6E0,1.4E0,-2.29E0));
#8600=LINE('',#8599,#8598);
#8601=DIRECTION('',(0.E0,0.E0,-1.E0));
#8602=VECTOR('',#8601,5.E-1);
#8603=CARTESIAN_POINT('',(8.6E0,1.75E0,-2.29E0));
#8604=LINE('',#8603,#8602);
#8605=CARTESIAN_POINT('',(-1.825557285278E0,2.2E0,-2.29E0));
#8606=CARTESIAN_POINT('',(-1.3E0,2.2E0,-2.29E0));
#8607=VERTEX_POINT('',#8605);
#8608=VERTEX_POINT('',#8606);
#8609=CARTESIAN_POINT('',(-1.3E0,1.75E0,-2.29E0));
#8610=VERTEX_POINT('',#8609);
#8611=CARTESIAN_POINT('',(8.6E0,1.75E0,-2.29E0));
#8612=VERTEX_POINT('',#8611);
#8613=CARTESIAN_POINT('',(8.6E0,1.4E0,-2.29E0));
#8614=VERTEX_POINT('',#8613);
#8615=CARTESIAN_POINT('',(8.6E0,-1.4E0,-2.29E0));
#8616=CARTESIAN_POINT('',(8.6E0,-1.75E0,-2.29E0));
#8617=VERTEX_POINT('',#8615);
#8618=VERTEX_POINT('',#8616);
#8619=CARTESIAN_POINT('',(-1.3E0,-1.75E0,-2.29E0));
#8620=VERTEX_POINT('',#8619);
#8621=CARTESIAN_POINT('',(-1.3E0,-2.2E0,-2.29E0));
#8622=VERTEX_POINT('',#8621);
#8623=CARTESIAN_POINT('',(-1.825557285278E0,-2.2E0,-2.29E0));
#8624=VERTEX_POINT('',#8623);
#8625=CARTESIAN_POINT('',(-1.825557285278E0,2.2E0,-2.79E0));
#8626=CARTESIAN_POINT('',(-1.3E0,2.2E0,-2.79E0));
#8627=VERTEX_POINT('',#8625);
#8628=VERTEX_POINT('',#8626);
#8629=CARTESIAN_POINT('',(-1.3E0,1.75E0,-2.79E0));
#8630=VERTEX_POINT('',#8629);
#8631=CARTESIAN_POINT('',(8.6E0,1.75E0,-2.79E0));
#8632=VERTEX_POINT('',#8631);
#8633=CARTESIAN_POINT('',(8.6E0,1.4E0,-2.79E0));
#8634=VERTEX_POINT('',#8633);
#8635=CARTESIAN_POINT('',(8.6E0,-1.4E0,-2.79E0));
#8636=CARTESIAN_POINT('',(8.6E0,-1.75E0,-2.79E0));
#8637=VERTEX_POINT('',#8635);
#8638=VERTEX_POINT('',#8636);
#8639=CARTESIAN_POINT('',(-1.3E0,-1.75E0,-2.79E0));
#8640=VERTEX_POINT('',#8639);
#8641=CARTESIAN_POINT('',(-1.3E0,-2.2E0,-2.79E0));
#8642=VERTEX_POINT('',#8641);
#8643=CARTESIAN_POINT('',(-1.825557285278E0,-2.2E0,-2.79E0));
#8644=VERTEX_POINT('',#8643);
#8645=CARTESIAN_POINT('',(1.14E1,9.E-1,-2.29E0));
#8646=CARTESIAN_POINT('',(1.14E1,9.E-1,-2.79E0));
#8647=VERTEX_POINT('',#8645);
#8648=VERTEX_POINT('',#8646);
#8649=CARTESIAN_POINT('',(1.09E1,1.4E0,-2.29E0));
#8650=CARTESIAN_POINT('',(1.09E1,1.4E0,-2.79E0));
#8651=VERTEX_POINT('',#8649);
#8652=VERTEX_POINT('',#8650);
#8653=CARTESIAN_POINT('',(1.09E1,-1.4E0,-2.29E0));
#8654=CARTESIAN_POINT('',(1.09E1,-1.4E0,-2.79E0));
#8655=VERTEX_POINT('',#8653);
#8656=VERTEX_POINT('',#8654);
#8657=CARTESIAN_POINT('',(1.14E1,-9.E-1,-2.29E0));
#8658=CARTESIAN_POINT('',(1.14E1,-9.E-1,-2.79E0));
#8659=VERTEX_POINT('',#8657);
#8660=VERTEX_POINT('',#8658);
#8661=CARTESIAN_POINT('',(-2.284458123050E0,-1.013176671277E0,-2.79E0));
#8662=CARTESIAN_POINT('',(-2.259025960769E0,-8.903673777888E-1,-2.79E0));
#8663=VERTEX_POINT('',#8661);
#8664=VERTEX_POINT('',#8662);
#8665=CARTESIAN_POINT('',(-2.259025960769E0,-8.903673777888E-1,-2.29E0));
#8666=CARTESIAN_POINT('',(-2.284458123050E0,-1.013176671277E0,-2.29E0));
#8667=VERTEX_POINT('',#8665);
#8668=VERTEX_POINT('',#8666);
#8669=CARTESIAN_POINT('',(-2.284458123050E0,1.013176671277E0,-2.29E0));
#8670=CARTESIAN_POINT('',(-2.259025960769E0,8.903673777888E-1,-2.29E0));
#8671=VERTEX_POINT('',#8669);
#8672=VERTEX_POINT('',#8670);
#8673=CARTESIAN_POINT('',(-2.259025960769E0,8.903673777888E-1,-2.79E0));
#8674=CARTESIAN_POINT('',(-2.284458123050E0,1.013176671277E0,-2.79E0));
#8675=VERTEX_POINT('',#8673);
#8676=VERTEX_POINT('',#8674);
#8677=CARTESIAN_POINT('',(-1.3E0,0.E0,-2.29E0));
#8678=DIRECTION('',(0.E0,0.E0,-1.E0));
#8679=DIRECTION('',(0.E0,-1.E0,0.E0));
#8680=AXIS2_PLACEMENT_3D('',#8677,#8678,#8679);
#8681=PLANE('',#8680);
#8683=ORIENTED_EDGE('',*,*,#8682,.T.);
#8685=ORIENTED_EDGE('',*,*,#8684,.T.);
#8687=ORIENTED_EDGE('',*,*,#8686,.T.);
#8689=ORIENTED_EDGE('',*,*,#8688,.T.);
#8691=ORIENTED_EDGE('',*,*,#8690,.T.);
#8693=ORIENTED_EDGE('',*,*,#8692,.T.);
#8695=ORIENTED_EDGE('',*,*,#8694,.T.);
#8697=ORIENTED_EDGE('',*,*,#8696,.T.);
#8699=ORIENTED_EDGE('',*,*,#8698,.T.);
#8701=ORIENTED_EDGE('',*,*,#8700,.F.);
#8703=ORIENTED_EDGE('',*,*,#8702,.T.);
#8705=ORIENTED_EDGE('',*,*,#8704,.F.);
#8707=ORIENTED_EDGE('',*,*,#8706,.T.);
#8709=ORIENTED_EDGE('',*,*,#8708,.T.);
#8711=ORIENTED_EDGE('',*,*,#8710,.T.);
#8713=ORIENTED_EDGE('',*,*,#8712,.T.);
#8715=ORIENTED_EDGE('',*,*,#8714,.T.);
#8717=ORIENTED_EDGE('',*,*,#8716,.T.);
#8718=EDGE_LOOP('',(#8683,#8685,#8687,#8689,#8691,#8693,#8695,#8697,#8699,#8701,
#8703,#8705,#8707,#8709,#8711,#8713,#8715,#8717));
#8719=FACE_OUTER_BOUND('',#8718,.F.);
#8720=ADVANCED_FACE('',(#8719),#8681,.F.);
#8721=CARTESIAN_POINT('',(-1.3E0,1.75E0,-2.29E0));
#8722=DIRECTION('',(0.E0,1.E0,0.E0));
#8723=DIRECTION('',(1.E0,0.E0,0.E0));
#8724=AXIS2_PLACEMENT_3D('',#8721,#8722,#8723);
#8725=PLANE('',#8724);
#8726=ORIENTED_EDGE('',*,*,#8694,.F.);
#8728=ORIENTED_EDGE('',*,*,#8727,.T.);
#8730=ORIENTED_EDGE('',*,*,#8729,.T.);
#8732=ORIENTED_EDGE('',*,*,#8731,.F.);
#8733=EDGE_LOOP('',(#8726,#8728,#8730,#8732));
#8734=FACE_OUTER_BOUND('',#8733,.F.);
#8735=ADVANCED_FACE('',(#8734),#8725,.T.);
#8736=CARTESIAN_POINT('',(-1.3E0,0.E0,-2.79E0));
#8737=DIRECTION('',(0.E0,0.E0,-1.E0));
#8738=DIRECTION('',(0.E0,-1.E0,0.E0));
#8739=AXIS2_PLACEMENT_3D('',#8736,#8737,#8738);
#8740=PLANE('',#8739);
#8742=ORIENTED_EDGE('',*,*,#8741,.T.);
#8744=ORIENTED_EDGE('',*,*,#8743,.T.);
#8746=ORIENTED_EDGE('',*,*,#8745,.T.);
#8748=ORIENTED_EDGE('',*,*,#8747,.T.);
#8750=ORIENTED_EDGE('',*,*,#8749,.F.);
#8752=ORIENTED_EDGE('',*,*,#8751,.F.);
#8754=ORIENTED_EDGE('',*,*,#8753,.F.);
#8756=ORIENTED_EDGE('',*,*,#8755,.T.);
#8758=ORIENTED_EDGE('',*,*,#8757,.F.);
#8760=ORIENTED_EDGE('',*,*,#8759,.T.);
#8762=ORIENTED_EDGE('',*,*,#8761,.F.);
#8764=ORIENTED_EDGE('',*,*,#8763,.F.);
#8765=ORIENTED_EDGE('',*,*,#8729,.F.);
#8767=ORIENTED_EDGE('',*,*,#8766,.T.);
#8769=ORIENTED_EDGE('',*,*,#8768,.T.);
#8771=ORIENTED_EDGE('',*,*,#8770,.T.);
#8773=ORIENTED_EDGE('',*,*,#8772,.T.);
#8775=ORIENTED_EDGE('',*,*,#8774,.T.);
#8776=EDGE_LOOP('',(#8742,#8744,#8746,#8748,#8750,#8752,#8754,#8756,#8758,#8760,
#8762,#8764,#8765,#8767,#8769,#8771,#8773,#8775));
#8777=FACE_OUTER_BOUND('',#8776,.F.);
#8778=ADVANCED_FACE('',(#8777),#8740,.T.);
#8779=CARTESIAN_POINT('',(8.6E0,-1.75E0,-2.29E0));
#8780=DIRECTION('',(0.E0,-1.E0,0.E0));
#8781=DIRECTION('',(-1.E0,0.E0,0.E0));
#8782=AXIS2_PLACEMENT_3D('',#8779,#8780,#8781);
#8783=PLANE('',#8782);
#8784=ORIENTED_EDGE('',*,*,#8710,.F.);
#8786=ORIENTED_EDGE('',*,*,#8785,.T.);
#8787=ORIENTED_EDGE('',*,*,#8749,.T.);
#8789=ORIENTED_EDGE('',*,*,#8788,.T.);
#8790=EDGE_LOOP('',(#8784,#8786,#8787,#8789));
#8791=FACE_OUTER_BOUND('',#8790,.F.);
#8792=ADVANCED_FACE('',(#8791),#8783,.T.);
#8793=CARTESIAN_POINT('',(8.6E0,-1.4E0,-2.29E0));
#8794=DIRECTION('',(1.E0,0.E0,0.E0));
#8795=DIRECTION('',(0.E0,-1.E0,0.E0));
#8796=AXIS2_PLACEMENT_3D('',#8793,#8794,#8795);
#8797=PLANE('',#8796);
#8798=ORIENTED_EDGE('',*,*,#8708,.F.);
#8800=ORIENTED_EDGE('',*,*,#8799,.T.);
#8801=ORIENTED_EDGE('',*,*,#8751,.T.);
#8802=ORIENTED_EDGE('',*,*,#8785,.F.);
#8803=EDGE_LOOP('',(#8798,#8800,#8801,#8802));
#8804=FACE_OUTER_BOUND('',#8803,.F.);
#8805=ADVANCED_FACE('',(#8804),#8797,.T.);
#8806=CARTESIAN_POINT('',(1.14E1,-1.4E0,-2.29E0));
#8807=DIRECTION('',(0.E0,-1.E0,0.E0));
#8808=DIRECTION('',(-1.E0,0.E0,0.E0));
#8809=AXIS2_PLACEMENT_3D('',#8806,#8807,#8808);
#8810=PLANE('',#8809);
#8811=ORIENTED_EDGE('',*,*,#8706,.F.);
#8813=ORIENTED_EDGE('',*,*,#8812,.T.);
#8814=ORIENTED_EDGE('',*,*,#8753,.T.);
#8815=ORIENTED_EDGE('',*,*,#8799,.F.);
#8816=EDGE_LOOP('',(#8811,#8813,#8814,#8815));
#8817=FACE_OUTER_BOUND('',#8816,.F.);
#8818=ADVANCED_FACE('',(#8817),#8810,.T.);
#8819=CARTESIAN_POINT('',(1.09E1,-1.4E0,-2.29E0));
#8820=DIRECTION('',(7.071067811865E-1,-7.071067811865E-1,0.E0));
#8821=DIRECTION('',(0.E0,0.E0,-1.E0));
#8822=AXIS2_PLACEMENT_3D('',#8819,#8820,#8821);
#8823=PLANE('',#8822);
#8824=ORIENTED_EDGE('',*,*,#8812,.F.);
#8825=ORIENTED_EDGE('',*,*,#8704,.T.);
#8827=ORIENTED_EDGE('',*,*,#8826,.T.);
#8828=ORIENTED_EDGE('',*,*,#8755,.F.);
#8829=EDGE_LOOP('',(#8824,#8825,#8827,#8828));
#8830=FACE_OUTER_BOUND('',#8829,.F.);
#8831=ADVANCED_FACE('',(#8830),#8823,.T.);
#8832=CARTESIAN_POINT('',(1.14E1,1.4E0,-2.29E0));
#8833=DIRECTION('',(1.E0,0.E0,0.E0));
#8834=DIRECTION('',(0.E0,-1.E0,0.E0));
#8835=AXIS2_PLACEMENT_3D('',#8832,#8833,#8834);
#8836=PLANE('',#8835);
#8837=ORIENTED_EDGE('',*,*,#8702,.F.);
#8839=ORIENTED_EDGE('',*,*,#8838,.T.);
#8840=ORIENTED_EDGE('',*,*,#8757,.T.);
#8841=ORIENTED_EDGE('',*,*,#8826,.F.);
#8842=EDGE_LOOP('',(#8837,#8839,#8840,#8841));
#8843=FACE_OUTER_BOUND('',#8842,.F.);
#8844=ADVANCED_FACE('',(#8843),#8836,.T.);
#8845=CARTESIAN_POINT('',(1.14E1,9.E-1,-2.29E0));
#8846=DIRECTION('',(7.071067811865E-1,7.071067811865E-1,0.E0));
#8847=DIRECTION('',(0.E0,0.E0,-1.E0));
#8848=AXIS2_PLACEMENT_3D('',#8845,#8846,#8847);
#8849=PLANE('',#8848);
#8850=ORIENTED_EDGE('',*,*,#8838,.F.);
#8851=ORIENTED_EDGE('',*,*,#8700,.T.);
#8853=ORIENTED_EDGE('',*,*,#8852,.T.);
#8854=ORIENTED_EDGE('',*,*,#8759,.F.);
#8855=EDGE_LOOP('',(#8850,#8851,#8853,#8854));
#8856=FACE_OUTER_BOUND('',#8855,.F.);
#8857=ADVANCED_FACE('',(#8856),#8849,.T.);
#8858=CARTESIAN_POINT('',(8.6E0,1.4E0,-2.29E0));
#8859=DIRECTION('',(0.E0,1.E0,0.E0));
#8860=DIRECTION('',(1.E0,0.E0,0.E0));
#8861=AXIS2_PLACEMENT_3D('',#8858,#8859,#8860);
#8862=PLANE('',#8861);
#8863=ORIENTED_EDGE('',*,*,#8698,.F.);
#8865=ORIENTED_EDGE('',*,*,#8864,.T.);
#8866=ORIENTED_EDGE('',*,*,#8761,.T.);
#8867=ORIENTED_EDGE('',*,*,#8852,.F.);
#8868=EDGE_LOOP('',(#8863,#8865,#8866,#8867));
#8869=FACE_OUTER_BOUND('',#8868,.F.);
#8870=ADVANCED_FACE('',(#8869),#8862,.T.);
#8871=CARTESIAN_POINT('',(8.6E0,1.75E0,-2.29E0));
#8872=DIRECTION('',(1.E0,0.E0,0.E0));
#8873=DIRECTION('',(0.E0,-1.E0,0.E0));
#8874=AXIS2_PLACEMENT_3D('',#8871,#8872,#8873);
#8875=PLANE('',#8874);
#8876=ORIENTED_EDGE('',*,*,#8696,.F.);
#8877=ORIENTED_EDGE('',*,*,#8731,.T.);
#8878=ORIENTED_EDGE('',*,*,#8763,.T.);
#8879=ORIENTED_EDGE('',*,*,#8864,.F.);
#8880=EDGE_LOOP('',(#8876,#8877,#8878,#8879));
#8881=FACE_OUTER_BOUND('',#8880,.F.);
#8882=ADVANCED_FACE('',(#8881),#8875,.T.);
#8883=OPEN_SHELL('',(#8720,#8735,#8778,#8792,#8805,#8818,#8831,#8844,#8857,
#8870,#8882));
#8884=CARTESIAN_POINT('',(7.9E0,2.3E0,2.54E0));
#8885=CARTESIAN_POINT('',(7.9E0,2.3E0,2.425462767838E0));
#8886=CARTESIAN_POINT('',(7.9E0,2.179190892690E0,2.196473621759E0));
#8887=CARTESIAN_POINT('',(7.9E0,1.668794978313E0,1.905157581067E0));
#8888=CARTESIAN_POINT('',(7.9E0,9.037027744334E-1,1.710585452745E0));
#8889=CARTESIAN_POINT('',(7.9E0,0.E0,1.642207273628E0));
#8890=CARTESIAN_POINT('',(7.9E0,-9.037027744334E-1,1.710585452745E0));
#8891=CARTESIAN_POINT('',(7.9E0,-1.668794978313E0,1.905157581067E0));
#8892=CARTESIAN_POINT('',(7.9E0,-2.179190892690E0,2.196473621759E0));
#8893=CARTESIAN_POINT('',(7.9E0,-2.3E0,2.425462767838E0));
#8894=CARTESIAN_POINT('',(7.9E0,-2.3E0,2.54E0));
#8896=CARTESIAN_POINT('',(8.290223662233E0,-1.438220273450E0,2.54E0));
#8897=CARTESIAN_POINT('',(8.266899874957E0,-1.572030591157E0,2.54E0));
#8898=CARTESIAN_POINT('',(8.213704716432E0,-1.815408311938E0,2.54E0));
#8899=CARTESIAN_POINT('',(8.118247924622E0,-2.090010446487E0,2.54E0));
#8900=CARTESIAN_POINT('',(8.011912516741E0,-2.260976963875E0,2.54E0));
#8901=CARTESIAN_POINT('',(7.937307713635E0,-2.3E0,2.54E0));
#8902=CARTESIAN_POINT('',(7.9E0,-2.3E0,2.54E0));
#8904=CARTESIAN_POINT('',(8.290223662233E0,1.438220273450E0,2.54E0));
#8905=CARTESIAN_POINT('',(8.325411084188E0,1.236347393392E0,2.54E0));
#8906=CARTESIAN_POINT('',(8.380798264850E0,7.771960641515E-1,2.54E0));
#8907=CARTESIAN_POINT('',(8.409600867575E0,7.999156892424E-14,2.54E0));
#8908=CARTESIAN_POINT('',(8.380798264850E0,-7.771960641513E-1,2.54E0));
#8909=CARTESIAN_POINT('',(8.325411084188E0,-1.236347393392E0,2.54E0));
#8910=CARTESIAN_POINT('',(8.290223662233E0,-1.438220273450E0,2.54E0));
#8912=CARTESIAN_POINT('',(7.9E0,2.3E0,2.54E0));
#8913=CARTESIAN_POINT('',(7.937307713635E0,2.3E0,2.54E0));
#8914=CARTESIAN_POINT('',(8.011912516741E0,2.260976963875E0,2.54E0));
#8915=CARTESIAN_POINT('',(8.118247924622E0,2.090010446487E0,2.54E0));
#8916=CARTESIAN_POINT('',(8.213704716432E0,1.815408311938E0,2.54E0));
#8917=CARTESIAN_POINT('',(8.266899874957E0,1.572030591158E0,2.54E0));
#8918=CARTESIAN_POINT('',(8.290223662233E0,1.438220273450E0,2.54E0));
#8920=CARTESIAN_POINT('',(7.9E0,-2.3E0,2.54E0));
#8921=CARTESIAN_POINT('',(7.9E0,-2.3E0,2.654537232162E0));
#8922=CARTESIAN_POINT('',(7.9E0,-2.179190892690E0,2.883526378241E0));
#8923=CARTESIAN_POINT('',(7.9E0,-1.668794978313E0,3.174842418933E0));
#8924=CARTESIAN_POINT('',(7.9E0,-9.037027744334E-1,3.369414547255E0));
#8925=CARTESIAN_POINT('',(7.9E0,0.E0,3.437792726372E0));
#8926=CARTESIAN_POINT('',(7.9E0,9.037027744334E-1,3.369414547255E0));
#8927=CARTESIAN_POINT('',(7.9E0,1.668794978313E0,3.174842418933E0));
#8928=CARTESIAN_POINT('',(7.9E0,2.179190892690E0,2.883526378241E0));
#8929=CARTESIAN_POINT('',(7.9E0,2.3E0,2.654537232162E0));
#8930=CARTESIAN_POINT('',(7.9E0,2.3E0,2.54E0));
#8932=VERTEX_POINT('',#8904);
#8933=VERTEX_POINT('',#8910);
#8934=VERTEX_POINT('',#8884);
#8935=VERTEX_POINT('',#8894);
#8936=CARTESIAN_POINT('',(7.9E0,2.3E0,2.54E0));
#8937=CARTESIAN_POINT('',(7.9E0,2.3E0,2.54E0));
#8938=CARTESIAN_POINT('',(7.9E0,2.3E0,2.54E0));
#8939=CARTESIAN_POINT('',(7.9E0,2.3E0,2.54E0));
#8940=CARTESIAN_POINT('',(7.9E0,2.3E0,2.54E0));
#8941=CARTESIAN_POINT('',(7.9E0,2.3E0,2.54E0));
#8942=CARTESIAN_POINT('',(7.978539816340E0,2.3E0,2.54E0));
#8943=CARTESIAN_POINT('',(7.978153792831E0,2.3E0,2.507062851272E0));
#8944=CARTESIAN_POINT('',(7.969380521002E0,2.3E0,2.474050621368E0));
#8945=CARTESIAN_POINT('',(7.952167822419E0,2.3E0,2.443928398848E0));
#8946=CARTESIAN_POINT('',(7.928180639277E0,2.3E0,2.419609832552E0));
#8947=CARTESIAN_POINT('',(7.9E0,2.3E0,2.402555321405E0));
#8948=CARTESIAN_POINT('',(8.135582835480E0,2.156291965566E0,2.54E0));
#8949=CARTESIAN_POINT('',(8.134049039169E0,2.156291965566E0,2.441337573879E0));
#8950=CARTESIAN_POINT('',(8.107563179103E0,2.156291965566E0,2.342451781263E0));
#8951=CARTESIAN_POINT('',(8.055970024444E0,2.156291965566E0,2.252163760609E0));
#8952=CARTESIAN_POINT('',(7.984222778223E0,2.156291965566E0,2.179141617225E0));
#8953=CARTESIAN_POINT('',(7.9E0,2.156291965566E0,2.127730037910E0));
#8954=CARTESIAN_POINT('',(8.347062101810E0,1.520983837068E0,2.54E0));
#8955=CARTESIAN_POINT('',(8.346325407807E0,1.520983837068E0,2.351996731574E0));
#8956=CARTESIAN_POINT('',(8.297047514147E0,1.520983837068E0,2.163558930849E0));
#8957=CARTESIAN_POINT('',(8.198926438147E0,1.520983837068E0,1.991847047850E0));
#8958=CARTESIAN_POINT('',(8.061598032766E0,1.520983837068E0,1.853723825251E0));
#8959=CARTESIAN_POINT('',(7.9E0,1.520983837068E0,1.757641321832E0));
#8960=CARTESIAN_POINT('',(8.483795644932E0,0.E0,2.54E0));
#8961=CARTESIAN_POINT('',(8.489037461281E0,0.E0,2.292290128186E0));
#8962=CARTESIAN_POINT('',(8.427495812876E0,0.E0,2.043982422517E0));
#8963=CARTESIAN_POINT('',(8.298755228941E0,0.E0,1.818686400632E0));
#8964=CARTESIAN_POINT('',(8.116072811710E0,0.E0,1.639601991436E0));
#8965=CARTESIAN_POINT('',(7.9E0,0.E0,1.518357621370E0));
#8966=CARTESIAN_POINT('',(8.347062101810E0,-1.520983837068E0,2.54E0));
#8967=CARTESIAN_POINT('',(8.346325407807E0,-1.520983837068E0,2.351996731574E0));
#8968=CARTESIAN_POINT('',(8.297047514147E0,-1.520983837068E0,2.163558930849E0));
#8969=CARTESIAN_POINT('',(8.198926438147E0,-1.520983837068E0,1.991847047850E0));
#8970=CARTESIAN_POINT('',(8.061598032766E0,-1.520983837068E0,1.853723825251E0));
#8971=CARTESIAN_POINT('',(7.9E0,-1.520983837068E0,1.757641321832E0));
#8972=CARTESIAN_POINT('',(8.135582835480E0,-2.156291965566E0,2.54E0));
#8973=CARTESIAN_POINT('',(8.134049039169E0,-2.156291965566E0,2.441337573879E0));
#8974=CARTESIAN_POINT('',(8.107563179103E0,-2.156291965566E0,2.342451781263E0));
#8975=CARTESIAN_POINT('',(8.055970024444E0,-2.156291965566E0,2.252163760609E0));
#8976=CARTESIAN_POINT('',(7.984222778223E0,-2.156291965566E0,2.179141617225E0));
#8977=CARTESIAN_POINT('',(7.9E0,-2.156291965566E0,2.127730037910E0));
#8978=CARTESIAN_POINT('',(7.978539816340E0,-2.3E0,2.54E0));
#8979=CARTESIAN_POINT('',(7.978153792831E0,-2.3E0,2.507062851272E0));
#8980=CARTESIAN_POINT('',(7.969380521002E0,-2.3E0,2.474050621368E0));
#8981=CARTESIAN_POINT('',(7.952167822419E0,-2.3E0,2.443928398848E0));
#8982=CARTESIAN_POINT('',(7.928180639277E0,-2.3E0,2.419609832552E0));
#8983=CARTESIAN_POINT('',(7.9E0,-2.3E0,2.402555321405E0));
#8984=CARTESIAN_POINT('',(7.9E0,-2.3E0,2.54E0));
#8985=CARTESIAN_POINT('',(7.9E0,-2.3E0,2.54E0));
#8986=CARTESIAN_POINT('',(7.9E0,-2.3E0,2.54E0));
#8987=CARTESIAN_POINT('',(7.9E0,-2.3E0,2.54E0));
#8988=CARTESIAN_POINT('',(7.9E0,-2.3E0,2.54E0));
#8989=CARTESIAN_POINT('',(7.9E0,-2.3E0,2.54E0));
#8990=B_SPLINE_SURFACE_WITH_KNOTS('',5,5,((#8936,#8937,#8938,#8939,#8940,#8941),
(#8942,#8943,#8944,#8945,#8946,#8947),(#8948,#8949,#8950,#8951,#8952,#8953),(
#8954,#8955,#8956,#8957,#8958,#8959),(#8960,#8961,#8962,#8963,#8964,#8965),(
#8966,#8967,#8968,#8969,#8970,#8971),(#8972,#8973,#8974,#8975,#8976,#8977),(
#8978,#8979,#8980,#8981,#8982,#8983),(#8984,#8985,#8986,#8987,#8988,#8989)),
.UNSPECIFIED.,.F.,.F.,.F.,(6,1,1,1,6),(6,6),(0.E0,2.5E-1,5.E-1,7.5E-1,1.E0),(
0.E0,1.E0),.UNSPECIFIED.);
#8992=ORIENTED_EDGE('',*,*,#8991,.T.);
#8994=ORIENTED_EDGE('',*,*,#8993,.F.);
#8996=ORIENTED_EDGE('',*,*,#8995,.F.);
#8998=ORIENTED_EDGE('',*,*,#8997,.F.);
#8999=EDGE_LOOP('',(#8992,#8994,#8996,#8998));
#9000=FACE_OUTER_BOUND('',#8999,.F.);
#9001=ADVANCED_FACE('',(#9000),#8990,.T.);
#9002=CARTESIAN_POINT('',(7.9E0,2.3E0,2.54E0));
#9003=CARTESIAN_POINT('',(7.9E0,2.3E0,2.54E0));
#9004=CARTESIAN_POINT('',(7.9E0,2.3E0,2.54E0));
#9005=CARTESIAN_POINT('',(7.9E0,2.3E0,2.54E0));
#9006=CARTESIAN_POINT('',(7.9E0,2.3E0,2.54E0));
#9007=CARTESIAN_POINT('',(7.9E0,2.3E0,2.54E0));
#9008=CARTESIAN_POINT('',(7.978539816340E0,2.3E0,2.54E0));
#9009=CARTESIAN_POINT('',(7.978153792831E0,2.3E0,2.572937148728E0));
#9010=CARTESIAN_POINT('',(7.969380521002E0,2.3E0,2.605949378632E0));
#9011=CARTESIAN_POINT('',(7.952167822419E0,2.3E0,2.636071601152E0));
#9012=CARTESIAN_POINT('',(7.928180639277E0,2.3E0,2.660390167448E0));
#9013=CARTESIAN_POINT('',(7.9E0,2.3E0,2.677444678595E0));
#9014=CARTESIAN_POINT('',(8.135582835480E0,2.156291965566E0,2.54E0));
#9015=CARTESIAN_POINT('',(8.134049039169E0,2.156291965566E0,2.638662426121E0));
#9016=CARTESIAN_POINT('',(8.107563179103E0,2.156291965566E0,2.737548218737E0));
#9017=CARTESIAN_POINT('',(8.055970024444E0,2.156291965566E0,2.827836239391E0));
#9018=CARTESIAN_POINT('',(7.984222778223E0,2.156291965566E0,2.900858382775E0));
#9019=CARTESIAN_POINT('',(7.9E0,2.156291965566E0,2.952269962090E0));
#9020=CARTESIAN_POINT('',(8.347062101810E0,1.520983837068E0,2.54E0));
#9021=CARTESIAN_POINT('',(8.346325407807E0,1.520983837068E0,2.728003268426E0));
#9022=CARTESIAN_POINT('',(8.297047514147E0,1.520983837068E0,2.916441069151E0));
#9023=CARTESIAN_POINT('',(8.198926438147E0,1.520983837068E0,3.088152952150E0));
#9024=CARTESIAN_POINT('',(8.061598032766E0,1.520983837068E0,3.226276174749E0));
#9025=CARTESIAN_POINT('',(7.9E0,1.520983837068E0,3.322358678168E0));
#9026=CARTESIAN_POINT('',(8.483795644932E0,0.E0,2.54E0));
#9027=CARTESIAN_POINT('',(8.489037461281E0,0.E0,2.787709871814E0));
#9028=CARTESIAN_POINT('',(8.427495812876E0,0.E0,3.036017577483E0));
#9029=CARTESIAN_POINT('',(8.298755228941E0,0.E0,3.261313599368E0));
#9030=CARTESIAN_POINT('',(8.116072811710E0,0.E0,3.440398008564E0));
#9031=CARTESIAN_POINT('',(7.9E0,0.E0,3.561642378630E0));
#9032=CARTESIAN_POINT('',(8.347062101810E0,-1.520983837068E0,2.54E0));
#9033=CARTESIAN_POINT('',(8.346325407807E0,-1.520983837068E0,2.728003268426E0));
#9034=CARTESIAN_POINT('',(8.297047514147E0,-1.520983837068E0,2.916441069151E0));
#9035=CARTESIAN_POINT('',(8.198926438147E0,-1.520983837068E0,3.088152952150E0));
#9036=CARTESIAN_POINT('',(8.061598032766E0,-1.520983837068E0,3.226276174749E0));
#9037=CARTESIAN_POINT('',(7.9E0,-1.520983837068E0,3.322358678168E0));
#9038=CARTESIAN_POINT('',(8.135582835480E0,-2.156291965566E0,2.54E0));
#9039=CARTESIAN_POINT('',(8.134049039169E0,-2.156291965566E0,2.638662426121E0));
#9040=CARTESIAN_POINT('',(8.107563179103E0,-2.156291965566E0,2.737548218737E0));
#9041=CARTESIAN_POINT('',(8.055970024444E0,-2.156291965566E0,2.827836239391E0));
#9042=CARTESIAN_POINT('',(7.984222778223E0,-2.156291965566E0,2.900858382775E0));
#9043=CARTESIAN_POINT('',(7.9E0,-2.156291965566E0,2.952269962090E0));
#9044=CARTESIAN_POINT('',(7.978539816340E0,-2.3E0,2.54E0));
#9045=CARTESIAN_POINT('',(7.978153792831E0,-2.3E0,2.572937148728E0));
#9046=CARTESIAN_POINT('',(7.969380521002E0,-2.3E0,2.605949378632E0));
#9047=CARTESIAN_POINT('',(7.952167822419E0,-2.3E0,2.636071601152E0));
#9048=CARTESIAN_POINT('',(7.928180639277E0,-2.3E0,2.660390167448E0));
#9049=CARTESIAN_POINT('',(7.9E0,-2.3E0,2.677444678595E0));
#9050=CARTESIAN_POINT('',(7.9E0,-2.3E0,2.54E0));
#9051=CARTESIAN_POINT('',(7.9E0,-2.3E0,2.54E0));
#9052=CARTESIAN_POINT('',(7.9E0,-2.3E0,2.54E0));
#9053=CARTESIAN_POINT('',(7.9E0,-2.3E0,2.54E0));
#9054=CARTESIAN_POINT('',(7.9E0,-2.3E0,2.54E0));
#9055=CARTESIAN_POINT('',(7.9E0,-2.3E0,2.54E0));
#9056=B_SPLINE_SURFACE_WITH_KNOTS('',5,5,((#9002,#9003,#9004,#9005,#9006,#9007),
(#9008,#9009,#9010,#9011,#9012,#9013),(#9014,#9015,#9016,#9017,#9018,#9019),(
#9020,#9021,#9022,#9023,#9024,#9025),(#9026,#9027,#9028,#9029,#9030,#9031),(
#9032,#9033,#9034,#9035,#9036,#9037),(#9038,#9039,#9040,#9041,#9042,#9043),(
#9044,#9045,#9046,#9047,#9048,#9049),(#9050,#9051,#9052,#9053,#9054,#9055)),
.UNSPECIFIED.,.F.,.F.,.F.,(6,1,1,1,6),(6,6),(0.E0,2.5E-1,5.E-1,7.5E-1,1.E0),(
-1.173627804939E-14,1.E0),.UNSPECIFIED.);
#9058=ORIENTED_EDGE('',*,*,#9057,.T.);
#9059=ORIENTED_EDGE('',*,*,#8997,.T.);
#9060=ORIENTED_EDGE('',*,*,#8995,.T.);
#9061=ORIENTED_EDGE('',*,*,#8993,.T.);
#9062=EDGE_LOOP('',(#9058,#9059,#9060,#9061));
#9063=FACE_OUTER_BOUND('',#9062,.F.);
#9064=ADVANCED_FACE('',(#9063),#9056,.F.);
#9065=OPEN_SHELL('',(#9001,#9064));
#9066=CARTESIAN_POINT('',(7.9E0,2.3E0,-2.54E0));
#9067=CARTESIAN_POINT('',(7.9E0,2.3E0,-2.654537232162E0));
#9068=CARTESIAN_POINT('',(7.9E0,2.179190892690E0,-2.883526378241E0));
#9069=CARTESIAN_POINT('',(7.9E0,1.668794978313E0,-3.174842418933E0));
#9070=CARTESIAN_POINT('',(7.9E0,9.037027744334E-1,-3.369414547255E0));
#9071=CARTESIAN_POINT('',(7.9E0,0.E0,-3.437792726372E0));
#9072=CARTESIAN_POINT('',(7.9E0,-9.037027744334E-1,-3.369414547255E0));
#9073=CARTESIAN_POINT('',(7.9E0,-1.668794978313E0,-3.174842418933E0));
#9074=CARTESIAN_POINT('',(7.9E0,-2.179190892690E0,-2.883526378241E0));
#9075=CARTESIAN_POINT('',(7.9E0,-2.3E0,-2.654537232162E0));
#9076=CARTESIAN_POINT('',(7.9E0,-2.3E0,-2.54E0));
#9078=CARTESIAN_POINT('',(8.290223662233E0,-1.438220273450E0,-2.54E0));
#9079=CARTESIAN_POINT('',(8.266899874957E0,-1.572030591157E0,-2.54E0));
#9080=CARTESIAN_POINT('',(8.213704716432E0,-1.815408311938E0,-2.54E0));
#9081=CARTESIAN_POINT('',(8.118247924622E0,-2.090010446487E0,-2.54E0));
#9082=CARTESIAN_POINT('',(8.011912516741E0,-2.260976963875E0,-2.54E0));
#9083=CARTESIAN_POINT('',(7.937307713635E0,-2.3E0,-2.54E0));
#9084=CARTESIAN_POINT('',(7.9E0,-2.3E0,-2.54E0));
#9086=CARTESIAN_POINT('',(8.290223662233E0,1.438220273450E0,-2.54E0));
#9087=CARTESIAN_POINT('',(8.325411084188E0,1.236347393392E0,-2.54E0));
#9088=CARTESIAN_POINT('',(8.380798264850E0,7.771960641515E-1,-2.54E0));
#9089=CARTESIAN_POINT('',(8.409600867575E0,7.999156892424E-14,-2.54E0));
#9090=CARTESIAN_POINT('',(8.380798264850E0,-7.771960641513E-1,-2.54E0));
#9091=CARTESIAN_POINT('',(8.325411084188E0,-1.236347393392E0,-2.54E0));
#9092=CARTESIAN_POINT('',(8.290223662233E0,-1.438220273450E0,-2.54E0));
#9094=CARTESIAN_POINT('',(7.9E0,2.3E0,-2.54E0));
#9095=CARTESIAN_POINT('',(7.937307713635E0,2.3E0,-2.54E0));
#9096=CARTESIAN_POINT('',(8.011912516741E0,2.260976963875E0,-2.54E0));
#9097=CARTESIAN_POINT('',(8.118247924622E0,2.090010446487E0,-2.54E0));
#9098=CARTESIAN_POINT('',(8.213704716432E0,1.815408311938E0,-2.54E0));
#9099=CARTESIAN_POINT('',(8.266899874957E0,1.572030591158E0,-2.54E0));
#9100=CARTESIAN_POINT('',(8.290223662233E0,1.438220273450E0,-2.54E0));
#9102=CARTESIAN_POINT('',(7.9E0,-2.3E0,-2.54E0));
#9103=CARTESIAN_POINT('',(7.9E0,-2.3E0,-2.425462767838E0));
#9104=CARTESIAN_POINT('',(7.9E0,-2.179190892690E0,-2.196473621759E0));
#9105=CARTESIAN_POINT('',(7.9E0,-1.668794978313E0,-1.905157581067E0));
#9106=CARTESIAN_POINT('',(7.9E0,-9.037027744334E-1,-1.710585452745E0));
#9107=CARTESIAN_POINT('',(7.9E0,0.E0,-1.642207273628E0));
#9108=CARTESIAN_POINT('',(7.9E0,9.037027744334E-1,-1.710585452745E0));
#9109=CARTESIAN_POINT('',(7.9E0,1.668794978313E0,-1.905157581067E0));
#9110=CARTESIAN_POINT('',(7.9E0,2.179190892690E0,-2.196473621759E0));
#9111=CARTESIAN_POINT('',(7.9E0,2.3E0,-2.425462767838E0));
#9112=CARTESIAN_POINT('',(7.9E0,2.3E0,-2.54E0));
#9114=VERTEX_POINT('',#9086);
#9115=VERTEX_POINT('',#9092);
#9116=VERTEX_POINT('',#9066);
#9117=VERTEX_POINT('',#9076);
#9118=CARTESIAN_POINT('',(7.9E0,2.3E0,-2.54E0));
#9119=CARTESIAN_POINT('',(7.9E0,2.3E0,-2.54E0));
#9120=CARTESIAN_POINT('',(7.9E0,2.3E0,-2.54E0));
#9121=CARTESIAN_POINT('',(7.9E0,2.3E0,-2.54E0));
#9122=CARTESIAN_POINT('',(7.9E0,2.3E0,-2.54E0));
#9123=CARTESIAN_POINT('',(7.9E0,2.3E0,-2.54E0));
#9124=CARTESIAN_POINT('',(7.978539816340E0,2.3E0,-2.54E0));
#9125=CARTESIAN_POINT('',(7.978153792831E0,2.3E0,-2.572937148728E0));
#9126=CARTESIAN_POINT('',(7.969380521002E0,2.3E0,-2.605949378632E0));
#9127=CARTESIAN_POINT('',(7.952167822419E0,2.3E0,-2.636071601152E0));
#9128=CARTESIAN_POINT('',(7.928180639277E0,2.3E0,-2.660390167448E0));
#9129=CARTESIAN_POINT('',(7.9E0,2.3E0,-2.677444678595E0));
#9130=CARTESIAN_POINT('',(8.135582835480E0,2.156291965566E0,-2.54E0));
#9131=CARTESIAN_POINT('',(8.134049039169E0,2.156291965566E0,-2.638662426121E0));
#9132=CARTESIAN_POINT('',(8.107563179103E0,2.156291965566E0,-2.737548218737E0));
#9133=CARTESIAN_POINT('',(8.055970024444E0,2.156291965566E0,-2.827836239391E0));
#9134=CARTESIAN_POINT('',(7.984222778223E0,2.156291965566E0,-2.900858382775E0));
#9135=CARTESIAN_POINT('',(7.9E0,2.156291965566E0,-2.952269962090E0));
#9136=CARTESIAN_POINT('',(8.347062101810E0,1.520983837068E0,-2.54E0));
#9137=CARTESIAN_POINT('',(8.346325407807E0,1.520983837068E0,-2.728003268426E0));
#9138=CARTESIAN_POINT('',(8.297047514147E0,1.520983837068E0,-2.916441069151E0));
#9139=CARTESIAN_POINT('',(8.198926438147E0,1.520983837068E0,-3.088152952150E0));
#9140=CARTESIAN_POINT('',(8.061598032766E0,1.520983837068E0,-3.226276174749E0));
#9141=CARTESIAN_POINT('',(7.9E0,1.520983837068E0,-3.322358678168E0));
#9142=CARTESIAN_POINT('',(8.483795644932E0,0.E0,-2.54E0));
#9143=CARTESIAN_POINT('',(8.489037461281E0,0.E0,-2.787709871814E0));
#9144=CARTESIAN_POINT('',(8.427495812876E0,0.E0,-3.036017577483E0));
#9145=CARTESIAN_POINT('',(8.298755228941E0,0.E0,-3.261313599368E0));
#9146=CARTESIAN_POINT('',(8.116072811710E0,0.E0,-3.440398008564E0));
#9147=CARTESIAN_POINT('',(7.9E0,0.E0,-3.561642378630E0));
#9148=CARTESIAN_POINT('',(8.347062101810E0,-1.520983837068E0,-2.54E0));
#9149=CARTESIAN_POINT('',(8.346325407807E0,-1.520983837068E0,
-2.728003268426E0));
#9150=CARTESIAN_POINT('',(8.297047514147E0,-1.520983837068E0,
-2.916441069151E0));
#9151=CARTESIAN_POINT('',(8.198926438147E0,-1.520983837068E0,
-3.088152952150E0));
#9152=CARTESIAN_POINT('',(8.061598032766E0,-1.520983837068E0,
-3.226276174749E0));
#9153=CARTESIAN_POINT('',(7.9E0,-1.520983837068E0,-3.322358678168E0));
#9154=CARTESIAN_POINT('',(8.135582835480E0,-2.156291965566E0,-2.54E0));
#9155=CARTESIAN_POINT('',(8.134049039169E0,-2.156291965566E0,
-2.638662426121E0));
#9156=CARTESIAN_POINT('',(8.107563179103E0,-2.156291965566E0,
-2.737548218737E0));
#9157=CARTESIAN_POINT('',(8.055970024444E0,-2.156291965566E0,
-2.827836239391E0));
#9158=CARTESIAN_POINT('',(7.984222778223E0,-2.156291965566E0,
-2.900858382775E0));
#9159=CARTESIAN_POINT('',(7.9E0,-2.156291965566E0,-2.952269962090E0));
#9160=CARTESIAN_POINT('',(7.978539816340E0,-2.3E0,-2.54E0));
#9161=CARTESIAN_POINT('',(7.978153792831E0,-2.3E0,-2.572937148728E0));
#9162=CARTESIAN_POINT('',(7.969380521002E0,-2.3E0,-2.605949378632E0));
#9163=CARTESIAN_POINT('',(7.952167822419E0,-2.3E0,-2.636071601152E0));
#9164=CARTESIAN_POINT('',(7.928180639277E0,-2.3E0,-2.660390167448E0));
#9165=CARTESIAN_POINT('',(7.9E0,-2.3E0,-2.677444678595E0));
#9166=CARTESIAN_POINT('',(7.9E0,-2.3E0,-2.54E0));
#9167=CARTESIAN_POINT('',(7.9E0,-2.3E0,-2.54E0));
#9168=CARTESIAN_POINT('',(7.9E0,-2.3E0,-2.54E0));
#9169=CARTESIAN_POINT('',(7.9E0,-2.3E0,-2.54E0));
#9170=CARTESIAN_POINT('',(7.9E0,-2.3E0,-2.54E0));
#9171=CARTESIAN_POINT('',(7.9E0,-2.3E0,-2.54E0));
#9172=B_SPLINE_SURFACE_WITH_KNOTS('',5,5,((#9118,#9119,#9120,#9121,#9122,#9123),
(#9124,#9125,#9126,#9127,#9128,#9129),(#9130,#9131,#9132,#9133,#9134,#9135),(
#9136,#9137,#9138,#9139,#9140,#9141),(#9142,#9143,#9144,#9145,#9146,#9147),(
#9148,#9149,#9150,#9151,#9152,#9153),(#9154,#9155,#9156,#9157,#9158,#9159),(
#9160,#9161,#9162,#9163,#9164,#9165),(#9166,#9167,#9168,#9169,#9170,#9171)),
.UNSPECIFIED.,.F.,.F.,.F.,(6,1,1,1,6),(6,6),(0.E0,2.5E-1,5.E-1,7.5E-1,1.E0),(
0.E0,1.E0),.UNSPECIFIED.);
#9174=ORIENTED_EDGE('',*,*,#9173,.T.);
#9176=ORIENTED_EDGE('',*,*,#9175,.F.);
#9178=ORIENTED_EDGE('',*,*,#9177,.F.);
#9180=ORIENTED_EDGE('',*,*,#9179,.F.);
#9181=EDGE_LOOP('',(#9174,#9176,#9178,#9180));
#9182=FACE_OUTER_BOUND('',#9181,.F.);
#9183=ADVANCED_FACE('',(#9182),#9172,.T.);
#9184=CARTESIAN_POINT('',(7.9E0,2.3E0,-2.54E0));
#9185=CARTESIAN_POINT('',(7.9E0,2.3E0,-2.54E0));
#9186=CARTESIAN_POINT('',(7.9E0,2.3E0,-2.54E0));
#9187=CARTESIAN_POINT('',(7.9E0,2.3E0,-2.54E0));
#9188=CARTESIAN_POINT('',(7.9E0,2.3E0,-2.54E0));
#9189=CARTESIAN_POINT('',(7.9E0,2.3E0,-2.54E0));
#9190=CARTESIAN_POINT('',(7.978539816340E0,2.3E0,-2.54E0));
#9191=CARTESIAN_POINT('',(7.978153792831E0,2.3E0,-2.507062851272E0));
#9192=CARTESIAN_POINT('',(7.969380521002E0,2.3E0,-2.474050621368E0));
#9193=CARTESIAN_POINT('',(7.952167822419E0,2.3E0,-2.443928398848E0));
#9194=CARTESIAN_POINT('',(7.928180639277E0,2.3E0,-2.419609832552E0));
#9195=CARTESIAN_POINT('',(7.9E0,2.3E0,-2.402555321405E0));
#9196=CARTESIAN_POINT('',(8.135582835480E0,2.156291965566E0,-2.54E0));
#9197=CARTESIAN_POINT('',(8.134049039169E0,2.156291965566E0,-2.441337573879E0));
#9198=CARTESIAN_POINT('',(8.107563179103E0,2.156291965566E0,-2.342451781263E0));
#9199=CARTESIAN_POINT('',(8.055970024444E0,2.156291965566E0,-2.252163760609E0));
#9200=CARTESIAN_POINT('',(7.984222778223E0,2.156291965566E0,-2.179141617224E0));
#9201=CARTESIAN_POINT('',(7.9E0,2.156291965566E0,-2.127730037910E0));
#9202=CARTESIAN_POINT('',(8.347062101810E0,1.520983837068E0,-2.54E0));
#9203=CARTESIAN_POINT('',(8.346325407807E0,1.520983837068E0,-2.351996731574E0));
#9204=CARTESIAN_POINT('',(8.297047514147E0,1.520983837068E0,-2.163558930849E0));
#9205=CARTESIAN_POINT('',(8.198926438147E0,1.520983837068E0,-1.991847047850E0));
#9206=CARTESIAN_POINT('',(8.061598032766E0,1.520983837068E0,-1.853723825251E0));
#9207=CARTESIAN_POINT('',(7.9E0,1.520983837068E0,-1.757641321832E0));
#9208=CARTESIAN_POINT('',(8.483795644932E0,0.E0,-2.54E0));
#9209=CARTESIAN_POINT('',(8.489037461281E0,0.E0,-2.292290128186E0));
#9210=CARTESIAN_POINT('',(8.427495812876E0,0.E0,-2.043982422517E0));
#9211=CARTESIAN_POINT('',(8.298755228941E0,0.E0,-1.818686400632E0));
#9212=CARTESIAN_POINT('',(8.116072811710E0,0.E0,-1.639601991436E0));
#9213=CARTESIAN_POINT('',(7.9E0,0.E0,-1.518357621370E0));
#9214=CARTESIAN_POINT('',(8.347062101810E0,-1.520983837068E0,-2.54E0));
#9215=CARTESIAN_POINT('',(8.346325407807E0,-1.520983837068E0,
-2.351996731574E0));
#9216=CARTESIAN_POINT('',(8.297047514147E0,-1.520983837068E0,
-2.163558930849E0));
#9217=CARTESIAN_POINT('',(8.198926438147E0,-1.520983837068E0,
-1.991847047850E0));
#9218=CARTESIAN_POINT('',(8.061598032766E0,-1.520983837068E0,
-1.853723825251E0));
#9219=CARTESIAN_POINT('',(7.9E0,-1.520983837068E0,-1.757641321832E0));
#9220=CARTESIAN_POINT('',(8.135582835480E0,-2.156291965566E0,-2.54E0));
#9221=CARTESIAN_POINT('',(8.134049039169E0,-2.156291965566E0,
-2.441337573879E0));
#9222=CARTESIAN_POINT('',(8.107563179103E0,-2.156291965566E0,
-2.342451781263E0));
#9223=CARTESIAN_POINT('',(8.055970024444E0,-2.156291965566E0,
-2.252163760609E0));
#9224=CARTESIAN_POINT('',(7.984222778223E0,-2.156291965566E0,
-2.179141617225E0));
#9225=CARTESIAN_POINT('',(7.9E0,-2.156291965566E0,-2.127730037910E0));
#9226=CARTESIAN_POINT('',(7.978539816340E0,-2.3E0,-2.54E0));
#9227=CARTESIAN_POINT('',(7.978153792831E0,-2.3E0,-2.507062851272E0));
#9228=CARTESIAN_POINT('',(7.969380521002E0,-2.3E0,-2.474050621368E0));
#9229=CARTESIAN_POINT('',(7.952167822419E0,-2.3E0,-2.443928398848E0));
#9230=CARTESIAN_POINT('',(7.928180639277E0,-2.3E0,-2.419609832552E0));
#9231=CARTESIAN_POINT('',(7.9E0,-2.3E0,-2.402555321405E0));
#9232=CARTESIAN_POINT('',(7.9E0,-2.3E0,-2.54E0));
#9233=CARTESIAN_POINT('',(7.9E0,-2.3E0,-2.54E0));
#9234=CARTESIAN_POINT('',(7.9E0,-2.3E0,-2.54E0));
#9235=CARTESIAN_POINT('',(7.9E0,-2.3E0,-2.54E0));
#9236=CARTESIAN_POINT('',(7.9E0,-2.3E0,-2.54E0));
#9237=CARTESIAN_POINT('',(7.9E0,-2.3E0,-2.54E0));
#9238=B_SPLINE_SURFACE_WITH_KNOTS('',5,5,((#9184,#9185,#9186,#9187,#9188,#9189),
(#9190,#9191,#9192,#9193,#9194,#9195),(#9196,#9197,#9198,#9199,#9200,#9201),(
#9202,#9203,#9204,#9205,#9206,#9207),(#9208,#9209,#9210,#9211,#9212,#9213),(
#9214,#9215,#9216,#9217,#9218,#9219),(#9220,#9221,#9222,#9223,#9224,#9225),(
#9226,#9227,#9228,#9229,#9230,#9231),(#9232,#9233,#9234,#9235,#9236,#9237)),
.UNSPECIFIED.,.F.,.F.,.F.,(6,1,1,1,6),(6,6),(0.E0,2.5E-1,5.E-1,7.5E-1,1.E0),(
-1.173627804939E-14,1.E0),.UNSPECIFIED.);
#9240=ORIENTED_EDGE('',*,*,#9239,.T.);
#9241=ORIENTED_EDGE('',*,*,#9179,.T.);
#9242=ORIENTED_EDGE('',*,*,#9177,.T.);
#9243=ORIENTED_EDGE('',*,*,#9175,.T.);
#9244=EDGE_LOOP('',(#9240,#9241,#9242,#9243));
#9245=FACE_OUTER_BOUND('',#9244,.F.);
#9246=ADVANCED_FACE('',(#9245),#9238,.F.);
#9247=OPEN_SHELL('',(#9183,#9246));
#9248=SHELL_BASED_SURFACE_MODEL('',(#6540,#6593,#7860,#7937,#8410,#8883,#9065,
#9247));
#9250=DIMENSIONAL_EXPONENTS(0.E0,0.E0,0.E0,0.E0,0.E0,0.E0,0.E0);
#9252=PLANE_ANGLE_MEASURE_WITH_UNIT(PLANE_ANGLE_MEASURE(1.745329251994E-2),
#9251);
#9253=(CONVERSION_BASED_UNIT('DEGREE',#9252)NAMED_UNIT(*)PLANE_ANGLE_UNIT());
#9255=UNCERTAINTY_MEASURE_WITH_UNIT(LENGTH_MEASURE(1.449588392270E-3),#9249,
'closure',
'Maximum model space distance between geometric entities at asserted connectivities');
#9256=(GEOMETRIC_REPRESENTATION_CONTEXT(3)GLOBAL_UNCERTAINTY_ASSIGNED_CONTEXT((
#9255))GLOBAL_UNIT_ASSIGNED_CONTEXT((#9249,#9253,#9254))REPRESENTATION_CONTEXT(
'ID1','3'));
#9258=APPLICATION_CONTEXT(
'CONFIGURATION CONTROLLED 3D DESIGNS OF MECHANICAL PARTS AND ASSEMBLIES');
#9259=APPLICATION_PROTOCOL_DEFINITION('international standard',
'config_control_design',1994,#9258);
#9260=DESIGN_CONTEXT('',#9258,'design');
#9261=MECHANICAL_CONTEXT('',#9258,'mechanical');
#9262=PRODUCT('AV031001A200K','AV031001A200K','NOT SPECIFIED',(#9261));
#9263=PRODUCT_DEFINITION_FORMATION_WITH_SPECIFIED_SOURCE('1','LAST_VERSION',
#9262,.MADE.);
#9267=PRODUCT_CATEGORY('part','');
#9268=PRODUCT_RELATED_PRODUCT_CATEGORY('detail','',(#9262));
#9269=PRODUCT_CATEGORY_RELATIONSHIP('','',#9267,#9268);
#9270=SECURITY_CLASSIFICATION_LEVEL('unclassified');
#9271=SECURITY_CLASSIFICATION('','',#9270);
#9272=CC_DESIGN_SECURITY_CLASSIFICATION(#9271,(#9263));
#9273=APPROVAL_STATUS('approved');
#9274=APPROVAL(#9273,'');
#9275=CC_DESIGN_APPROVAL(#9274,(#9271,#9263,#9264));
#9276=CALENDAR_DATE(115,15,7);
#9277=COORDINATED_UNIVERSAL_TIME_OFFSET(2,0,.AHEAD.);
#9278=LOCAL_TIME(12,3,4.9E1,#9277);
#9279=DATE_AND_TIME(#9276,#9278);
#9280=APPROVAL_DATE_TIME(#9279,#9274);
#9281=DATE_TIME_ROLE('creation_date');
#9282=CC_DESIGN_DATE_AND_TIME_ASSIGNMENT(#9279,#9281,(#9264));
#9283=DATE_TIME_ROLE('classification_date');
#9284=CC_DESIGN_DATE_AND_TIME_ASSIGNMENT(#9279,#9283,(#9271));
#9285=PERSON('UNSPECIFIED','UNSPECIFIED',$,$,$,$);
#9286=ORGANIZATION('UNSPECIFIED','UNSPECIFIED','UNSPECIFIED');
#9287=PERSON_AND_ORGANIZATION(#9285,#9286);
#9288=APPROVAL_ROLE('approver');
#9289=APPROVAL_PERSON_ORGANIZATION(#9287,#9274,#9288);
#9290=PERSON_AND_ORGANIZATION_ROLE('creator');
#9291=CC_DESIGN_PERSON_AND_ORGANIZATION_ASSIGNMENT(#9287,#9290,(#9263,#9264));
#9292=PERSON_AND_ORGANIZATION_ROLE('design_supplier');
#9293=CC_DESIGN_PERSON_AND_ORGANIZATION_ASSIGNMENT(#9287,#9292,(#9263));
#9294=PERSON_AND_ORGANIZATION_ROLE('classification_officer');
#9295=CC_DESIGN_PERSON_AND_ORGANIZATION_ASSIGNMENT(#9287,#9294,(#9271));
#9296=PERSON_AND_ORGANIZATION_ROLE('design_owner');
#9297=CC_DESIGN_PERSON_AND_ORGANIZATION_ASSIGNMENT(#9287,#9296,(#9262));
#5=CIRCLE('',#4,9.E0);
#10=CIRCLE('',#9,9.E0);
#15=CIRCLE('',#14,8.05E0);
#20=CIRCLE('',#19,1.25E1);
#25=CIRCLE('',#24,1.25E1);
#30=CIRCLE('',#29,1.25E1);
#44=B_SPLINE_CURVE_WITH_KNOTS('',3,(#31,#32,#33,#34,#35,#36,#37,#38,#39,#40,#41,
#42,#43),.UNSPECIFIED.,.F.,.F.,(4,1,1,1,1,1,1,1,1,1,4),(0.E0,1.E-1,2.E-1,3.E-1,
4.E-1,5.E-1,6.E-1,7.E-1,8.E-1,9.E-1,1.E0),.UNSPECIFIED.);
#60=B_SPLINE_CURVE_WITH_KNOTS('',3,(#45,#46,#47,#48,#49,#50,#51,#52,#53,#54,#55,
#56,#57,#58,#59),.UNSPECIFIED.,.F.,.F.,(4,1,1,1,1,1,1,1,1,1,1,1,4),(0.E0,
8.333333333333E-2,1.666666666667E-1,2.5E-1,3.333333333333E-1,4.166666666667E-1,
5.E-1,5.833333333333E-1,6.666666666667E-1,7.5E-1,8.333333333333E-1,
9.166666666667E-1,1.E0),.UNSPECIFIED.);
#86=B_SPLINE_CURVE_WITH_KNOTS('',3,(#61,#62,#63,#64,#65,#66,#67,#68,#69,#70,#71,
#72,#73,#74,#75,#76,#77,#78,#79,#80,#81,#82,#83,#84,#85),.UNSPECIFIED.,.F.,.F.,(
4,1,1,1,1,1,1,1,1,1,1,1,1,1,1,1,1,1,1,1,1,1,4),(0.E0,4.545454545455E-2,
9.090909090909E-2,1.363636363636E-1,1.818181818182E-1,2.272727272727E-1,
2.727272727273E-1,3.181818181818E-1,3.636363636364E-1,4.090909090909E-1,
4.545454545455E-1,5.E-1,5.454545454545E-1,5.909090909091E-1,6.363636363636E-1,
6.818181818182E-1,7.272727272727E-1,7.727272727273E-1,8.181818181818E-1,
8.636363636364E-1,9.090909090909E-1,9.545454545455E-1,1.E0),.UNSPECIFIED.);
#100=B_SPLINE_CURVE_WITH_KNOTS('',3,(#87,#88,#89,#90,#91,#92,#93,#94,#95,#96,
#97,#98,#99),.UNSPECIFIED.,.F.,.F.,(4,1,1,1,1,1,1,1,1,1,4),(0.E0,1.E-1,2.E-1,
3.E-1,4.E-1,5.E-1,6.E-1,7.E-1,8.E-1,9.E-1,1.E0),.UNSPECIFIED.);
#126=B_SPLINE_CURVE_WITH_KNOTS('',3,(#101,#102,#103,#104,#105,#106,#107,#108,
#109,#110,#111,#112,#113,#114,#115,#116,#117,#118,#119,#120,#121,#122,#123,#124,
#125),.UNSPECIFIED.,.F.,.F.,(4,1,1,1,1,1,1,1,1,1,1,1,1,1,1,1,1,1,1,1,1,1,4),(
0.E0,4.545454545455E-2,9.090909090909E-2,1.363636363636E-1,1.818181818182E-1,
2.272727272727E-1,2.727272727273E-1,3.181818181818E-1,3.636363636364E-1,
4.090909090909E-1,4.545454545455E-1,5.E-1,5.454545454545E-1,5.909090909091E-1,
6.363636363636E-1,6.818181818182E-1,7.272727272727E-1,7.727272727273E-1,
8.181818181818E-1,8.636363636364E-1,9.090909090909E-1,9.545454545455E-1,1.E0),
.UNSPECIFIED.);
#142=B_SPLINE_CURVE_WITH_KNOTS('',3,(#127,#128,#129,#130,#131,#132,#133,#134,
#135,#136,#137,#138,#139,#140,#141),.UNSPECIFIED.,.F.,.F.,(4,1,1,1,1,1,1,1,1,1,
1,1,4),(0.E0,8.333333333333E-2,1.666666666667E-1,2.5E-1,3.333333333333E-1,
4.166666666667E-1,5.E-1,5.833333333333E-1,6.666666666667E-1,7.5E-1,
8.333333333333E-1,9.166666666667E-1,1.E0),.UNSPECIFIED.);
#168=B_SPLINE_CURVE_WITH_KNOTS('',3,(#143,#144,#145,#146,#147,#148,#149,#150,
#151,#152,#153,#154,#155,#156,#157,#158,#159,#160,#161,#162,#163,#164,#165,#166,
#167),.UNSPECIFIED.,.F.,.F.,(4,1,1,1,1,1,1,1,1,1,1,1,1,1,1,1,1,1,1,1,1,1,4),(
0.E0,4.545454545455E-2,9.090909090909E-2,1.363636363636E-1,1.818181818182E-1,
2.272727272727E-1,2.727272727273E-1,3.181818181818E-1,3.636363636364E-1,
4.090909090909E-1,4.545454545455E-1,5.E-1,5.454545454545E-1,5.909090909091E-1,
6.363636363636E-1,6.818181818182E-1,7.272727272727E-1,7.727272727273E-1,
8.181818181818E-1,8.636363636364E-1,9.090909090909E-1,9.545454545455E-1,1.E0),
.UNSPECIFIED.);
#194=B_SPLINE_CURVE_WITH_KNOTS('',3,(#169,#170,#171,#172,#173,#174,#175,#176,
#177,#178,#179,#180,#181,#182,#183,#184,#185,#186,#187,#188,#189,#190,#191,#192,
#193),.UNSPECIFIED.,.F.,.F.,(4,1,1,1,1,1,1,1,1,1,1,1,1,1,1,1,1,1,1,1,1,1,4),(
0.E0,4.545454545455E-2,9.090909090909E-2,1.363636363636E-1,1.818181818182E-1,
2.272727272727E-1,2.727272727273E-1,3.181818181818E-1,3.636363636364E-1,
4.090909090909E-1,4.545454545455E-1,5.E-1,5.454545454545E-1,5.909090909091E-1,
6.363636363636E-1,6.818181818182E-1,7.272727272727E-1,7.727272727273E-1,
8.181818181818E-1,8.636363636364E-1,9.090909090909E-1,9.545454545455E-1,1.E0),
.UNSPECIFIED.);
#220=B_SPLINE_CURVE_WITH_KNOTS('',3,(#195,#196,#197,#198,#199,#200,#201,#202,
#203,#204,#205,#206,#207,#208,#209,#210,#211,#212,#213,#214,#215,#216,#217,#218,
#219),.UNSPECIFIED.,.F.,.F.,(4,1,1,1,1,1,1,1,1,1,1,1,1,1,1,1,1,1,1,1,1,1,4),(
0.E0,4.545454545455E-2,9.090909090909E-2,1.363636363636E-1,1.818181818182E-1,
2.272727272727E-1,2.727272727273E-1,3.181818181818E-1,3.636363636364E-1,
4.090909090909E-1,4.545454545455E-1,5.E-1,5.454545454545E-1,5.909090909091E-1,
6.363636363636E-1,6.818181818182E-1,7.272727272727E-1,7.727272727273E-1,
8.181818181818E-1,8.636363636364E-1,9.090909090909E-1,9.545454545455E-1,1.E0),
.UNSPECIFIED.);
#246=B_SPLINE_CURVE_WITH_KNOTS('',3,(#221,#222,#223,#224,#225,#226,#227,#228,
#229,#230,#231,#232,#233,#234,#235,#236,#237,#238,#239,#240,#241,#242,#243,#244,
#245),.UNSPECIFIED.,.F.,.F.,(4,1,1,1,1,1,1,1,1,1,1,1,1,1,1,1,1,1,1,1,1,1,4),(
0.E0,4.545454545455E-2,9.090909090909E-2,1.363636363636E-1,1.818181818182E-1,
2.272727272727E-1,2.727272727273E-1,3.181818181818E-1,3.636363636364E-1,
4.090909090909E-1,4.545454545455E-1,5.E-1,5.454545454545E-1,5.909090909091E-1,
6.363636363636E-1,6.818181818182E-1,7.272727272727E-1,7.727272727273E-1,
8.181818181818E-1,8.636363636364E-1,9.090909090909E-1,9.545454545455E-1,1.E0),
.UNSPECIFIED.);
#272=B_SPLINE_CURVE_WITH_KNOTS('',3,(#247,#248,#249,#250,#251,#252,#253,#254,
#255,#256,#257,#258,#259,#260,#261,#262,#263,#264,#265,#266,#267,#268,#269,#270,
#271),.UNSPECIFIED.,.F.,.F.,(4,1,1,1,1,1,1,1,1,1,1,1,1,1,1,1,1,1,1,1,1,1,4),(
0.E0,4.545454545455E-2,9.090909090909E-2,1.363636363636E-1,1.818181818182E-1,
2.272727272727E-1,2.727272727273E-1,3.181818181818E-1,3.636363636364E-1,
4.090909090909E-1,4.545454545455E-1,5.E-1,5.454545454545E-1,5.909090909091E-1,
6.363636363636E-1,6.818181818182E-1,7.272727272727E-1,7.727272727273E-1,
8.181818181818E-1,8.636363636364E-1,9.090909090909E-1,9.545454545455E-1,1.E0),
.UNSPECIFIED.);
#298=B_SPLINE_CURVE_WITH_KNOTS('',3,(#273,#274,#275,#276,#277,#278,#279,#280,
#281,#282,#283,#284,#285,#286,#287,#288,#289,#290,#291,#292,#293,#294,#295,#296,
#297),.UNSPECIFIED.,.F.,.F.,(4,1,1,1,1,1,1,1,1,1,1,1,1,1,1,1,1,1,1,1,1,1,4),(
0.E0,4.545454545455E-2,9.090909090909E-2,1.363636363636E-1,1.818181818182E-1,
2.272727272727E-1,2.727272727273E-1,3.181818181818E-1,3.636363636364E-1,
4.090909090909E-1,4.545454545455E-1,5.E-1,5.454545454545E-1,5.909090909091E-1,
6.363636363636E-1,6.818181818182E-1,7.272727272727E-1,7.727272727273E-1,
8.181818181818E-1,8.636363636364E-1,9.090909090909E-1,9.545454545455E-1,1.E0),
.UNSPECIFIED.);
#324=B_SPLINE_CURVE_WITH_KNOTS('',3,(#299,#300,#301,#302,#303,#304,#305,#306,
#307,#308,#309,#310,#311,#312,#313,#314,#315,#316,#317,#318,#319,#320,#321,#322,
#323),.UNSPECIFIED.,.F.,.F.,(4,1,1,1,1,1,1,1,1,1,1,1,1,1,1,1,1,1,1,1,1,1,4),(
0.E0,4.545454545455E-2,9.090909090909E-2,1.363636363636E-1,1.818181818182E-1,
2.272727272727E-1,2.727272727273E-1,3.181818181818E-1,3.636363636364E-1,
4.090909090909E-1,4.545454545455E-1,5.E-1,5.454545454545E-1,5.909090909091E-1,
6.363636363636E-1,6.818181818182E-1,7.272727272727E-1,7.727272727273E-1,
8.181818181818E-1,8.636363636364E-1,9.090909090909E-1,9.545454545455E-1,1.E0),
.UNSPECIFIED.);
#350=B_SPLINE_CURVE_WITH_KNOTS('',3,(#325,#326,#327,#328,#329,#330,#331,#332,
#333,#334,#335,#336,#337,#338,#339,#340,#341,#342,#343,#344,#345,#346,#347,#348,
#349),.UNSPECIFIED.,.F.,.F.,(4,1,1,1,1,1,1,1,1,1,1,1,1,1,1,1,1,1,1,1,1,1,4),(
0.E0,4.545454545455E-2,9.090909090909E-2,1.363636363636E-1,1.818181818182E-1,
2.272727272727E-1,2.727272727273E-1,3.181818181818E-1,3.636363636364E-1,
4.090909090909E-1,4.545454545455E-1,5.E-1,5.454545454545E-1,5.909090909091E-1,
6.363636363636E-1,6.818181818182E-1,7.272727272727E-1,7.727272727273E-1,
8.181818181818E-1,8.636363636364E-1,9.090909090909E-1,9.545454545455E-1,1.E0),
.UNSPECIFIED.);
#376=B_SPLINE_CURVE_WITH_KNOTS('',3,(#351,#352,#353,#354,#355,#356,#357,#358,
#359,#360,#361,#362,#363,#364,#365,#366,#367,#368,#369,#370,#371,#372,#373,#374,
#375),.UNSPECIFIED.,.F.,.F.,(4,1,1,1,1,1,1,1,1,1,1,1,1,1,1,1,1,1,1,1,1,1,4),(
0.E0,4.545454545455E-2,9.090909090909E-2,1.363636363636E-1,1.818181818182E-1,
2.272727272727E-1,2.727272727273E-1,3.181818181818E-1,3.636363636364E-1,
4.090909090909E-1,4.545454545455E-1,5.E-1,5.454545454545E-1,5.909090909091E-1,
6.363636363636E-1,6.818181818182E-1,7.272727272727E-1,7.727272727273E-1,
8.181818181818E-1,8.636363636364E-1,9.090909090909E-1,9.545454545455E-1,1.E0),
.UNSPECIFIED.);
#402=B_SPLINE_CURVE_WITH_KNOTS('',3,(#377,#378,#379,#380,#381,#382,#383,#384,
#385,#386,#387,#388,#389,#390,#391,#392,#393,#394,#395,#396,#397,#398,#399,#400,
#401),.UNSPECIFIED.,.F.,.F.,(4,1,1,1,1,1,1,1,1,1,1,1,1,1,1,1,1,1,1,1,1,1,4),(
0.E0,4.545454545455E-2,9.090909090909E-2,1.363636363636E-1,1.818181818182E-1,
2.272727272727E-1,2.727272727273E-1,3.181818181818E-1,3.636363636364E-1,
4.090909090909E-1,4.545454545455E-1,5.E-1,5.454545454545E-1,5.909090909091E-1,
6.363636363636E-1,6.818181818182E-1,7.272727272727E-1,7.727272727273E-1,
8.181818181818E-1,8.636363636364E-1,9.090909090909E-1,9.545454545455E-1,1.E0),
.UNSPECIFIED.);
#428=B_SPLINE_CURVE_WITH_KNOTS('',3,(#403,#404,#405,#406,#407,#408,#409,#410,
#411,#412,#413,#414,#415,#416,#417,#418,#419,#420,#421,#422,#423,#424,#425,#426,
#427),.UNSPECIFIED.,.F.,.F.,(4,1,1,1,1,1,1,1,1,1,1,1,1,1,1,1,1,1,1,1,1,1,4),(
0.E0,4.545454545455E-2,9.090909090909E-2,1.363636363636E-1,1.818181818182E-1,
2.272727272727E-1,2.727272727273E-1,3.181818181818E-1,3.636363636364E-1,
4.090909090909E-1,4.545454545455E-1,5.E-1,5.454545454545E-1,5.909090909091E-1,
6.363636363636E-1,6.818181818182E-1,7.272727272727E-1,7.727272727273E-1,
8.181818181818E-1,8.636363636364E-1,9.090909090909E-1,9.545454545455E-1,1.E0),
.UNSPECIFIED.);
#433=CIRCLE('',#432,1.1E1);
#459=B_SPLINE_CURVE_WITH_KNOTS('',3,(#434,#435,#436,#437,#438,#439,#440,#441,
#442,#443,#444,#445,#446,#447,#448,#449,#450,#451,#452,#453,#454,#455,#456,#457,
#458),.UNSPECIFIED.,.F.,.F.,(4,1,1,1,1,1,1,1,1,1,1,1,1,1,1,1,1,1,1,1,1,1,4),(
0.E0,4.545454545455E-2,9.090909090909E-2,1.363636363636E-1,1.818181818182E-1,
2.272727272727E-1,2.727272727273E-1,3.181818181818E-1,3.636363636364E-1,
4.090909090909E-1,4.545454545455E-1,5.E-1,5.454545454545E-1,5.909090909091E-1,
6.363636363636E-1,6.818181818182E-1,7.272727272727E-1,7.727272727273E-1,
8.181818181818E-1,8.636363636364E-1,9.090909090909E-1,9.545454545455E-1,1.E0),
.UNSPECIFIED.);
#485=B_SPLINE_CURVE_WITH_KNOTS('',3,(#460,#461,#462,#463,#464,#465,#466,#467,
#468,#469,#470,#471,#472,#473,#474,#475,#476,#477,#478,#479,#480,#481,#482,#483,
#484),.UNSPECIFIED.,.F.,.F.,(4,1,1,1,1,1,1,1,1,1,1,1,1,1,1,1,1,1,1,1,1,1,4),(
0.E0,4.545454545455E-2,9.090909090909E-2,1.363636363636E-1,1.818181818182E-1,
2.272727272727E-1,2.727272727273E-1,3.181818181818E-1,3.636363636364E-1,
4.090909090909E-1,4.545454545455E-1,5.E-1,5.454545454545E-1,5.909090909091E-1,
6.363636363636E-1,6.818181818182E-1,7.272727272727E-1,7.727272727273E-1,
8.181818181818E-1,8.636363636364E-1,9.090909090909E-1,9.545454545455E-1,1.E0),
.UNSPECIFIED.);
#511=B_SPLINE_CURVE_WITH_KNOTS('',3,(#486,#487,#488,#489,#490,#491,#492,#493,
#494,#495,#496,#497,#498,#499,#500,#501,#502,#503,#504,#505,#506,#507,#508,#509,
#510),.UNSPECIFIED.,.F.,.F.,(4,1,1,1,1,1,1,1,1,1,1,1,1,1,1,1,1,1,1,1,1,1,4),(
0.E0,4.545454545455E-2,9.090909090909E-2,1.363636363636E-1,1.818181818182E-1,
2.272727272727E-1,2.727272727273E-1,3.181818181818E-1,3.636363636364E-1,
4.090909090909E-1,4.545454545455E-1,5.E-1,5.454545454545E-1,5.909090909091E-1,
6.363636363636E-1,6.818181818182E-1,7.272727272727E-1,7.727272727273E-1,
8.181818181818E-1,8.636363636364E-1,9.090909090909E-1,9.545454545455E-1,1.E0),
.UNSPECIFIED.);
#537=B_SPLINE_CURVE_WITH_KNOTS('',3,(#512,#513,#514,#515,#516,#517,#518,#519,
#520,#521,#522,#523,#524,#525,#526,#527,#528,#529,#530,#531,#532,#533,#534,#535,
#536),.UNSPECIFIED.,.F.,.F.,(4,1,1,1,1,1,1,1,1,1,1,1,1,1,1,1,1,1,1,1,1,1,4),(
0.E0,4.545454545455E-2,9.090909090909E-2,1.363636363636E-1,1.818181818182E-1,
2.272727272727E-1,2.727272727273E-1,3.181818181818E-1,3.636363636364E-1,
4.090909090909E-1,4.545454545455E-1,5.E-1,5.454545454545E-1,5.909090909091E-1,
6.363636363636E-1,6.818181818182E-1,7.272727272727E-1,7.727272727273E-1,
8.181818181818E-1,8.636363636364E-1,9.090909090909E-1,9.545454545455E-1,1.E0),
.UNSPECIFIED.);
#563=B_SPLINE_CURVE_WITH_KNOTS('',3,(#538,#539,#540,#541,#542,#543,#544,#545,
#546,#547,#548,#549,#550,#551,#552,#553,#554,#555,#556,#557,#558,#559,#560,#561,
#562),.UNSPECIFIED.,.F.,.F.,(4,1,1,1,1,1,1,1,1,1,1,1,1,1,1,1,1,1,1,1,1,1,4),(
0.E0,4.545454545455E-2,9.090909090909E-2,1.363636363636E-1,1.818181818182E-1,
2.272727272727E-1,2.727272727273E-1,3.181818181818E-1,3.636363636364E-1,
4.090909090909E-1,4.545454545455E-1,5.E-1,5.454545454545E-1,5.909090909091E-1,
6.363636363636E-1,6.818181818182E-1,7.272727272727E-1,7.727272727273E-1,
8.181818181818E-1,8.636363636364E-1,9.090909090909E-1,9.545454545455E-1,1.E0),
.UNSPECIFIED.);
#589=B_SPLINE_CURVE_WITH_KNOTS('',3,(#564,#565,#566,#567,#568,#569,#570,#571,
#572,#573,#574,#575,#576,#577,#578,#579,#580,#581,#582,#583,#584,#585,#586,#587,
#588),.UNSPECIFIED.,.F.,.F.,(4,1,1,1,1,1,1,1,1,1,1,1,1,1,1,1,1,1,1,1,1,1,4),(
0.E0,4.545454545455E-2,9.090909090909E-2,1.363636363636E-1,1.818181818182E-1,
2.272727272727E-1,2.727272727273E-1,3.181818181818E-1,3.636363636364E-1,
4.090909090909E-1,4.545454545455E-1,5.E-1,5.454545454545E-1,5.909090909091E-1,
6.363636363636E-1,6.818181818182E-1,7.272727272727E-1,7.727272727273E-1,
8.181818181818E-1,8.636363636364E-1,9.090909090909E-1,9.545454545455E-1,1.E0),
.UNSPECIFIED.);
#595=B_SPLINE_CURVE_WITH_KNOTS('',3,(#590,#591,#592,#593,#594),.UNSPECIFIED.,
.F.,.F.,(4,1,4),(0.E0,5.E-1,1.E0),.UNSPECIFIED.);
#600=CIRCLE('',#599,1.1E1);
#611=B_SPLINE_CURVE_WITH_KNOTS('',3,(#601,#602,#603,#604,#605,#606,#607,#608,
#609,#610),.UNSPECIFIED.,.F.,.F.,(4,1,1,1,1,1,1,4),(0.E0,1.428571428571E-1,
2.857142857143E-1,4.285714285714E-1,5.714285714286E-1,7.142857142857E-1,
8.571428571429E-1,1.E0),.UNSPECIFIED.);
#616=CIRCLE('',#615,9.E0);
#621=CIRCLE('',#620,3.5E1);
#626=CIRCLE('',#625,3.5E1);
#631=CIRCLE('',#630,8.05E0);
#644=CIRCLE('',#643,1.25E1);
#685=B_SPLINE_CURVE_WITH_KNOTS('',3,(#645,#646,#647,#648,#649,#650,#651,#652,
#653,#654,#655,#656,#657,#658,#659,#660,#661,#662,#663,#664,#665,#666,#667,#668,
#669,#670,#671,#672,#673,#674,#675,#676,#677,#678,#679,#680,#681,#682,#683,
#684),.UNSPECIFIED.,.F.,.F.,(4,1,1,1,1,1,1,1,1,1,1,1,1,1,1,1,1,1,1,1,1,1,1,1,1,
1,1,1,1,1,1,1,1,1,1,1,1,4),(0.E0,2.702702702703E-2,5.405405405405E-2,
8.108108108108E-2,1.081081081081E-1,1.351351351351E-1,1.621621621622E-1,
1.891891891892E-1,2.162162162162E-1,2.432432432432E-1,2.702702702703E-1,
2.972972972973E-1,3.243243243243E-1,3.513513513514E-1,3.783783783784E-1,
4.054054054054E-1,4.324324324324E-1,4.594594594595E-1,4.864864864865E-1,
5.135135135135E-1,5.405405405405E-1,5.675675675676E-1,5.945945945946E-1,
6.216216216216E-1,6.486486486486E-1,6.756756756757E-1,7.027027027027E-1,
7.297297297297E-1,7.567567567568E-1,7.837837837838E-1,8.108108108108E-1,
8.378378378378E-1,8.648648648649E-1,8.918918918919E-1,9.189189189189E-1,
9.459459459459E-1,9.729729729730E-1,1.E0),.UNSPECIFIED.);
#731=B_SPLINE_CURVE_WITH_KNOTS('',3,(#686,#687,#688,#689,#690,#691,#692,#693,
#694,#695,#696,#697,#698,#699,#700,#701,#702,#703,#704,#705,#706,#707,#708,#709,
#710,#711,#712,#713,#714,#715,#716,#717,#718,#719,#720,#721,#722,#723,#724,#725,
#726,#727,#728,#729,#730),.UNSPECIFIED.,.F.,.F.,(4,1,1,1,1,1,1,1,1,1,1,1,1,1,1,
1,1,1,1,1,1,1,1,1,1,1,1,1,1,1,1,1,1,1,1,1,1,1,1,1,1,1,4),(0.E0,
2.380952380952E-2,4.761904761905E-2,7.142857142857E-2,9.523809523810E-2,
1.190476190476E-1,1.428571428571E-1,1.666666666667E-1,1.904761904762E-1,
2.142857142857E-1,2.380952380952E-1,2.619047619048E-1,2.857142857143E-1,
3.095238095238E-1,3.333333333333E-1,3.571428571429E-1,3.809523809524E-1,
4.047619047619E-1,4.285714285714E-1,4.523809523810E-1,4.761904761905E-1,5.E-1,
5.238095238095E-1,5.476190476190E-1,5.714285714286E-1,5.952380952381E-1,
6.190476190476E-1,6.428571428571E-1,6.666666666667E-1,6.904761904762E-1,
7.142857142857E-1,7.380952380952E-1,7.619047619048E-1,7.857142857143E-1,
8.095238095238E-1,8.333333333333E-1,8.571428571429E-1,8.809523809524E-1,
9.047619047619E-1,9.285714285714E-1,9.523809523810E-1,9.761904761905E-1,1.E0),
.UNSPECIFIED.);
#761=B_SPLINE_CURVE_WITH_KNOTS('',3,(#736,#737,#738,#739,#740,#741,#742,#743,
#744,#745,#746,#747,#748,#749,#750,#751,#752,#753,#754,#755,#756,#757,#758,#759,
#760),.UNSPECIFIED.,.F.,.F.,(4,1,1,1,1,1,1,1,1,1,1,1,1,1,1,1,1,1,1,1,1,1,4),(
0.E0,4.545454545455E-2,9.090909090909E-2,1.363636363636E-1,1.818181818182E-1,
2.272727272727E-1,2.727272727273E-1,3.181818181818E-1,3.636363636364E-1,
4.090909090909E-1,4.545454545455E-1,5.E-1,5.454545454545E-1,5.909090909091E-1,
6.363636363636E-1,6.818181818182E-1,7.272727272727E-1,7.727272727273E-1,
8.181818181818E-1,8.636363636364E-1,9.090909090909E-1,9.545454545455E-1,1.E0),
.UNSPECIFIED.);
#791=B_SPLINE_CURVE_WITH_KNOTS('',3,(#766,#767,#768,#769,#770,#771,#772,#773,
#774,#775,#776,#777,#778,#779,#780,#781,#782,#783,#784,#785,#786,#787,#788,#789,
#790),.UNSPECIFIED.,.F.,.F.,(4,1,1,1,1,1,1,1,1,1,1,1,1,1,1,1,1,1,1,1,1,1,4),(
0.E0,4.545454545455E-2,9.090909090909E-2,1.363636363636E-1,1.818181818182E-1,
2.272727272727E-1,2.727272727273E-1,3.181818181818E-1,3.636363636364E-1,
4.090909090909E-1,4.545454545455E-1,5.E-1,5.454545454545E-1,5.909090909091E-1,
6.363636363636E-1,6.818181818182E-1,7.272727272727E-1,7.727272727273E-1,
8.181818181818E-1,8.636363636364E-1,9.090909090909E-1,9.545454545455E-1,1.E0),
.UNSPECIFIED.);
#821=B_SPLINE_CURVE_WITH_KNOTS('',3,(#796,#797,#798,#799,#800,#801,#802,#803,
#804,#805,#806,#807,#808,#809,#810,#811,#812,#813,#814,#815,#816,#817,#818,#819,
#820),.UNSPECIFIED.,.F.,.F.,(4,1,1,1,1,1,1,1,1,1,1,1,1,1,1,1,1,1,1,1,1,1,4),(
0.E0,4.545454545455E-2,9.090909090909E-2,1.363636363636E-1,1.818181818182E-1,
2.272727272727E-1,2.727272727273E-1,3.181818181818E-1,3.636363636364E-1,
4.090909090909E-1,4.545454545455E-1,5.E-1,5.454545454545E-1,5.909090909091E-1,
6.363636363636E-1,6.818181818182E-1,7.272727272727E-1,7.727272727273E-1,
8.181818181818E-1,8.636363636364E-1,9.090909090909E-1,9.545454545455E-1,1.E0),
.UNSPECIFIED.);
#851=B_SPLINE_CURVE_WITH_KNOTS('',3,(#826,#827,#828,#829,#830,#831,#832,#833,
#834,#835,#836,#837,#838,#839,#840,#841,#842,#843,#844,#845,#846,#847,#848,#849,
#850),.UNSPECIFIED.,.F.,.F.,(4,1,1,1,1,1,1,1,1,1,1,1,1,1,1,1,1,1,1,1,1,1,4),(
0.E0,4.545454545455E-2,9.090909090909E-2,1.363636363636E-1,1.818181818182E-1,
2.272727272727E-1,2.727272727273E-1,3.181818181818E-1,3.636363636364E-1,
4.090909090909E-1,4.545454545455E-1,5.E-1,5.454545454545E-1,5.909090909091E-1,
6.363636363636E-1,6.818181818182E-1,7.272727272727E-1,7.727272727273E-1,
8.181818181818E-1,8.636363636364E-1,9.090909090909E-1,9.545454545455E-1,1.E0),
.UNSPECIFIED.);
#864=B_SPLINE_CURVE_WITH_KNOTS('',3,(#856,#857,#858,#859,#860,#861,#862,#863),
.UNSPECIFIED.,.F.,.F.,(4,1,1,1,1,4),(0.E0,2.E-1,4.E-1,6.E-1,8.E-1,1.E0),
.UNSPECIFIED.);
#886=B_SPLINE_CURVE_WITH_KNOTS('',3,(#865,#866,#867,#868,#869,#870,#871,#872,
#873,#874,#875,#876,#877,#878,#879,#880,#881,#882,#883,#884,#885),.UNSPECIFIED.,
.F.,.F.,(4,1,1,1,1,1,1,1,1,1,1,1,1,1,1,1,1,1,4),(0.E0,5.555555555556E-2,
1.111111111111E-1,1.666666666667E-1,2.222222222222E-1,2.777777777778E-1,
3.333333333333E-1,3.888888888889E-1,4.444444444444E-1,5.E-1,5.555555555556E-1,
6.111111111111E-1,6.666666666667E-1,7.222222222222E-1,7.777777777778E-1,
8.333333333333E-1,8.888888888889E-1,9.444444444444E-1,1.E0),.UNSPECIFIED.);
#916=B_SPLINE_CURVE_WITH_KNOTS('',3,(#891,#892,#893,#894,#895,#896,#897,#898,
#899,#900,#901,#902,#903,#904,#905,#906,#907,#908,#909,#910,#911,#912,#913,#914,
#915),.UNSPECIFIED.,.F.,.F.,(4,1,1,1,1,1,1,1,1,1,1,1,1,1,1,1,1,1,1,1,1,1,4),(
0.E0,4.545454545455E-2,9.090909090909E-2,1.363636363636E-1,1.818181818182E-1,
2.272727272727E-1,2.727272727273E-1,3.181818181818E-1,3.636363636364E-1,
4.090909090909E-1,4.545454545455E-1,5.E-1,5.454545454545E-1,5.909090909091E-1,
6.363636363636E-1,6.818181818182E-1,7.272727272727E-1,7.727272727273E-1,
8.181818181818E-1,8.636363636364E-1,9.090909090909E-1,9.545454545455E-1,1.E0),
.UNSPECIFIED.);
#946=B_SPLINE_CURVE_WITH_KNOTS('',3,(#921,#922,#923,#924,#925,#926,#927,#928,
#929,#930,#931,#932,#933,#934,#935,#936,#937,#938,#939,#940,#941,#942,#943,#944,
#945),.UNSPECIFIED.,.F.,.F.,(4,1,1,1,1,1,1,1,1,1,1,1,1,1,1,1,1,1,1,1,1,1,4),(
0.E0,4.545454545455E-2,9.090909090909E-2,1.363636363636E-1,1.818181818182E-1,
2.272727272727E-1,2.727272727273E-1,3.181818181818E-1,3.636363636364E-1,
4.090909090909E-1,4.545454545455E-1,5.E-1,5.454545454545E-1,5.909090909091E-1,
6.363636363636E-1,6.818181818182E-1,7.272727272727E-1,7.727272727273E-1,
8.181818181818E-1,8.636363636364E-1,9.090909090909E-1,9.545454545455E-1,1.E0),
.UNSPECIFIED.);
#976=B_SPLINE_CURVE_WITH_KNOTS('',3,(#951,#952,#953,#954,#955,#956,#957,#958,
#959,#960,#961,#962,#963,#964,#965,#966,#967,#968,#969,#970,#971,#972,#973,#974,
#975),.UNSPECIFIED.,.F.,.F.,(4,1,1,1,1,1,1,1,1,1,1,1,1,1,1,1,1,1,1,1,1,1,4),(
0.E0,4.545454545455E-2,9.090909090909E-2,1.363636363636E-1,1.818181818182E-1,
2.272727272727E-1,2.727272727273E-1,3.181818181818E-1,3.636363636364E-1,
4.090909090909E-1,4.545454545455E-1,5.E-1,5.454545454545E-1,5.909090909091E-1,
6.363636363636E-1,6.818181818182E-1,7.272727272727E-1,7.727272727273E-1,
8.181818181818E-1,8.636363636364E-1,9.090909090909E-1,9.545454545455E-1,1.E0),
.UNSPECIFIED.);
#1006=B_SPLINE_CURVE_WITH_KNOTS('',3,(#981,#982,#983,#984,#985,#986,#987,#988,
#989,#990,#991,#992,#993,#994,#995,#996,#997,#998,#999,#1000,#1001,#1002,#1003,
#1004,#1005),.UNSPECIFIED.,.F.,.F.,(4,1,1,1,1,1,1,1,1,1,1,1,1,1,1,1,1,1,1,1,1,1,
4),(0.E0,4.545454545455E-2,9.090909090909E-2,1.363636363636E-1,
1.818181818182E-1,2.272727272727E-1,2.727272727273E-1,3.181818181818E-1,
3.636363636364E-1,4.090909090909E-1,4.545454545455E-1,5.E-1,5.454545454545E-1,
5.909090909091E-1,6.363636363636E-1,6.818181818182E-1,7.272727272727E-1,
7.727272727273E-1,8.181818181818E-1,8.636363636364E-1,9.090909090909E-1,
9.545454545455E-1,1.E0),.UNSPECIFIED.);
#1036=B_SPLINE_CURVE_WITH_KNOTS('',3,(#1011,#1012,#1013,#1014,#1015,#1016,#1017,
#1018,#1019,#1020,#1021,#1022,#1023,#1024,#1025,#1026,#1027,#1028,#1029,#1030,
#1031,#1032,#1033,#1034,#1035),.UNSPECIFIED.,.F.,.F.,(4,1,1,1,1,1,1,1,1,1,1,1,1,
1,1,1,1,1,1,1,1,1,4),(0.E0,4.545454545455E-2,9.090909090909E-2,
1.363636363636E-1,1.818181818182E-1,2.272727272727E-1,2.727272727273E-1,
3.181818181818E-1,3.636363636364E-1,4.090909090909E-1,4.545454545455E-1,5.E-1,
5.454545454545E-1,5.909090909091E-1,6.363636363636E-1,6.818181818182E-1,
7.272727272727E-1,7.727272727273E-1,8.181818181818E-1,8.636363636364E-1,
9.090909090909E-1,9.545454545455E-1,1.E0),.UNSPECIFIED.);
#1049=B_SPLINE_CURVE_WITH_KNOTS('',3,(#1041,#1042,#1043,#1044,#1045,#1046,#1047,
#1048),.UNSPECIFIED.,.F.,.F.,(4,1,1,1,1,4),(0.E0,2.E-1,4.E-1,6.E-1,8.E-1,1.E0),
.UNSPECIFIED.);
#1079=B_SPLINE_CURVE_WITH_KNOTS('',3,(#1054,#1055,#1056,#1057,#1058,#1059,#1060,
#1061,#1062,#1063,#1064,#1065,#1066,#1067,#1068,#1069,#1070,#1071,#1072,#1073,
#1074,#1075,#1076,#1077,#1078),.UNSPECIFIED.,.F.,.F.,(4,1,1,1,1,1,1,1,1,1,1,1,1,
1,1,1,1,1,1,1,1,1,4),(0.E0,4.545454545455E-2,9.090909090909E-2,
1.363636363636E-1,1.818181818182E-1,2.272727272727E-1,2.727272727273E-1,
3.181818181818E-1,3.636363636364E-1,4.090909090909E-1,4.545454545455E-1,5.E-1,
5.454545454545E-1,5.909090909091E-1,6.363636363636E-1,6.818181818182E-1,
7.272727272727E-1,7.727272727273E-1,8.181818181818E-1,8.636363636364E-1,
9.090909090909E-1,9.545454545455E-1,1.E0),.UNSPECIFIED.);
#1105=B_SPLINE_CURVE_WITH_KNOTS('',3,(#1084,#1085,#1086,#1087,#1088,#1089,#1090,
#1091,#1092,#1093,#1094,#1095,#1096,#1097,#1098,#1099,#1100,#1101,#1102,#1103,
#1104),.UNSPECIFIED.,.F.,.F.,(4,1,1,1,1,1,1,1,1,1,1,1,1,1,1,1,1,1,4),(0.E0,
5.555555555556E-2,1.111111111111E-1,1.666666666667E-1,2.222222222222E-1,
2.777777777778E-1,3.333333333333E-1,3.888888888889E-1,4.444444444444E-1,5.E-1,
5.555555555556E-1,6.111111111111E-1,6.666666666667E-1,7.222222222222E-1,
7.777777777778E-1,8.333333333333E-1,8.888888888889E-1,9.444444444444E-1,1.E0),
.UNSPECIFIED.);
#1131=B_SPLINE_CURVE_WITH_KNOTS('',3,(#1106,#1107,#1108,#1109,#1110,#1111,#1112,
#1113,#1114,#1115,#1116,#1117,#1118,#1119,#1120,#1121,#1122,#1123,#1124,#1125,
#1126,#1127,#1128,#1129,#1130),.UNSPECIFIED.,.F.,.F.,(4,1,1,1,1,1,1,1,1,1,1,1,1,
1,1,1,1,1,1,1,1,1,4),(0.E0,4.545454545455E-2,9.090909090909E-2,
1.363636363636E-1,1.818181818182E-1,2.272727272727E-1,2.727272727273E-1,
3.181818181818E-1,3.636363636364E-1,4.090909090909E-1,4.545454545455E-1,5.E-1,
5.454545454545E-1,5.909090909091E-1,6.363636363636E-1,6.818181818182E-1,
7.272727272727E-1,7.727272727273E-1,8.181818181818E-1,8.636363636364E-1,
9.090909090909E-1,9.545454545455E-1,1.E0),.UNSPECIFIED.);
#1161=B_SPLINE_CURVE_WITH_KNOTS('',3,(#1136,#1137,#1138,#1139,#1140,#1141,#1142,
#1143,#1144,#1145,#1146,#1147,#1148,#1149,#1150,#1151,#1152,#1153,#1154,#1155,
#1156,#1157,#1158,#1159,#1160),.UNSPECIFIED.,.F.,.F.,(4,1,1,1,1,1,1,1,1,1,1,1,1,
1,1,1,1,1,1,1,1,1,4),(0.E0,4.545454545455E-2,9.090909090909E-2,
1.363636363636E-1,1.818181818182E-1,2.272727272727E-1,2.727272727273E-1,
3.181818181818E-1,3.636363636364E-1,4.090909090909E-1,4.545454545455E-1,5.E-1,
5.454545454545E-1,5.909090909091E-1,6.363636363636E-1,6.818181818182E-1,
7.272727272727E-1,7.727272727273E-1,8.181818181818E-1,8.636363636364E-1,
9.090909090909E-1,9.545454545455E-1,1.E0),.UNSPECIFIED.);
#1189=B_SPLINE_CURVE_WITH_KNOTS('',3,(#1166,#1167,#1168,#1169,#1170,#1171,#1172,
#1173,#1174,#1175,#1176,#1177,#1178,#1179,#1180,#1181,#1182,#1183,#1184,#1185,
#1186,#1187,#1188),.UNSPECIFIED.,.F.,.F.,(4,1,1,1,1,1,1,1,1,1,1,1,1,1,1,1,1,1,1,
1,4),(0.E0,5.E-2,1.E-1,1.5E-1,2.E-1,2.5E-1,3.E-1,3.5E-1,4.E-1,4.5E-1,5.E-1,
5.5E-1,6.E-1,6.5E-1,7.E-1,7.5E-1,8.E-1,8.5E-1,9.E-1,9.5E-1,1.E0),.UNSPECIFIED.);
#1213=B_SPLINE_CURVE_WITH_KNOTS('',3,(#1190,#1191,#1192,#1193,#1194,#1195,#1196,
#1197,#1198,#1199,#1200,#1201,#1202,#1203,#1204,#1205,#1206,#1207,#1208,#1209,
#1210,#1211,#1212),.UNSPECIFIED.,.F.,.F.,(4,1,1,1,1,1,1,1,1,1,1,1,1,1,1,1,1,1,1,
1,4),(0.E0,5.E-2,1.E-1,1.5E-1,2.E-1,2.5E-1,3.E-1,3.5E-1,4.E-1,4.5E-1,5.E-1,
5.5E-1,6.E-1,6.5E-1,7.E-1,7.5E-1,8.E-1,8.5E-1,9.E-1,9.5E-1,1.E0),.UNSPECIFIED.);
#1222=CIRCLE('',#1221,1.1E1);
#1252=B_SPLINE_CURVE_WITH_KNOTS('',3,(#1227,#1228,#1229,#1230,#1231,#1232,#1233,
#1234,#1235,#1236,#1237,#1238,#1239,#1240,#1241,#1242,#1243,#1244,#1245,#1246,
#1247,#1248,#1249,#1250,#1251),.UNSPECIFIED.,.F.,.F.,(4,1,1,1,1,1,1,1,1,1,1,1,1,
1,1,1,1,1,1,1,1,1,4),(0.E0,4.545454545455E-2,9.090909090909E-2,
1.363636363636E-1,1.818181818182E-1,2.272727272727E-1,2.727272727273E-1,
3.181818181818E-1,3.636363636364E-1,4.090909090909E-1,4.545454545455E-1,5.E-1,
5.454545454545E-1,5.909090909091E-1,6.363636363636E-1,6.818181818182E-1,
7.272727272727E-1,7.727272727273E-1,8.181818181818E-1,8.636363636364E-1,
9.090909090909E-1,9.545454545455E-1,1.E0),.UNSPECIFIED.);
#1276=B_SPLINE_CURVE_WITH_KNOTS('',3,(#1257,#1258,#1259,#1260,#1261,#1262,#1263,
#1264,#1265,#1266,#1267,#1268,#1269,#1270,#1271,#1272,#1273,#1274,#1275),
.UNSPECIFIED.,.F.,.F.,(4,1,1,1,1,1,1,1,1,1,1,1,1,1,1,1,4),(0.E0,6.25E-2,1.25E-1,
1.875E-1,2.5E-1,3.125E-1,3.75E-1,4.375E-1,5.E-1,5.625E-1,6.25E-1,6.875E-1,
7.5E-1,8.125E-1,8.75E-1,9.375E-1,1.E0),.UNSPECIFIED.);
#1286=B_SPLINE_CURVE_WITH_KNOTS('',3,(#1277,#1278,#1279,#1280,#1281,#1282,#1283,
#1284,#1285),.UNSPECIFIED.,.F.,.F.,(4,1,1,1,1,1,4),(0.E0,1.666666666667E-1,
3.333333333333E-1,5.E-1,6.666666666667E-1,8.333333333333E-1,1.E0),
.UNSPECIFIED.);
#1316=B_SPLINE_CURVE_WITH_KNOTS('',3,(#1291,#1292,#1293,#1294,#1295,#1296,#1297,
#1298,#1299,#1300,#1301,#1302,#1303,#1304,#1305,#1306,#1307,#1308,#1309,#1310,
#1311,#1312,#1313,#1314,#1315),.UNSPECIFIED.,.F.,.F.,(4,1,1,1,1,1,1,1,1,1,1,1,1,
1,1,1,1,1,1,1,1,1,4),(0.E0,4.545454545455E-2,9.090909090909E-2,
1.363636363636E-1,1.818181818182E-1,2.272727272727E-1,2.727272727273E-1,
3.181818181818E-1,3.636363636364E-1,4.090909090909E-1,4.545454545455E-1,5.E-1,
5.454545454545E-1,5.909090909091E-1,6.363636363636E-1,6.818181818182E-1,
7.272727272727E-1,7.727272727273E-1,8.181818181818E-1,8.636363636364E-1,
9.090909090909E-1,9.545454545455E-1,1.E0),.UNSPECIFIED.);
#1340=B_SPLINE_CURVE_WITH_KNOTS('',3,(#1321,#1322,#1323,#1324,#1325,#1326,#1327,
#1328,#1329,#1330,#1331,#1332,#1333,#1334,#1335,#1336,#1337,#1338,#1339),
.UNSPECIFIED.,.F.,.F.,(4,1,1,1,1,1,1,1,1,1,1,1,1,1,1,1,4),(0.E0,6.25E-2,1.25E-1,
1.875E-1,2.5E-1,3.125E-1,3.75E-1,4.375E-1,5.E-1,5.625E-1,6.25E-1,6.875E-1,
7.5E-1,8.125E-1,8.75E-1,9.375E-1,1.E0),.UNSPECIFIED.);
#1370=B_SPLINE_CURVE_WITH_KNOTS('',3,(#1345,#1346,#1347,#1348,#1349,#1350,#1351,
#1352,#1353,#1354,#1355,#1356,#1357,#1358,#1359,#1360,#1361,#1362,#1363,#1364,
#1365,#1366,#1367,#1368,#1369),.UNSPECIFIED.,.F.,.F.,(4,1,1,1,1,1,1,1,1,1,1,1,1,
1,1,1,1,1,1,1,1,1,4),(0.E0,4.545454545455E-2,9.090909090909E-2,
1.363636363636E-1,1.818181818182E-1,2.272727272727E-1,2.727272727273E-1,
3.181818181818E-1,3.636363636364E-1,4.090909090909E-1,4.545454545455E-1,5.E-1,
5.454545454545E-1,5.909090909091E-1,6.363636363636E-1,6.818181818182E-1,
7.272727272727E-1,7.727272727273E-1,8.181818181818E-1,8.636363636364E-1,
9.090909090909E-1,9.545454545455E-1,1.E0),.UNSPECIFIED.);
#1384=B_SPLINE_CURVE_WITH_KNOTS('',3,(#1375,#1376,#1377,#1378,#1379,#1380,#1381,
#1382,#1383),.UNSPECIFIED.,.F.,.F.,(4,1,1,1,1,1,4),(0.E0,1.666666666667E-1,
3.333333333333E-1,5.E-1,6.666666666667E-1,8.333333333333E-1,1.E0),
.UNSPECIFIED.);
#1430=B_SPLINE_CURVE_WITH_KNOTS('',3,(#1385,#1386,#1387,#1388,#1389,#1390,#1391,
#1392,#1393,#1394,#1395,#1396,#1397,#1398,#1399,#1400,#1401,#1402,#1403,#1404,
#1405,#1406,#1407,#1408,#1409,#1410,#1411,#1412,#1413,#1414,#1415,#1416,#1417,
#1418,#1419,#1420,#1421,#1422,#1423,#1424,#1425,#1426,#1427,#1428,#1429),
.UNSPECIFIED.,.F.,.F.,(4,1,1,1,1,1,1,1,1,1,1,1,1,1,1,1,1,1,1,1,1,1,1,1,1,1,1,1,
1,1,1,1,1,1,1,1,1,1,1,1,1,1,4),(0.E0,2.380952380952E-2,4.761904761905E-2,
7.142857142857E-2,9.523809523810E-2,1.190476190476E-1,1.428571428571E-1,
1.666666666667E-1,1.904761904762E-1,2.142857142857E-1,2.380952380952E-1,
2.619047619048E-1,2.857142857143E-1,3.095238095238E-1,3.333333333333E-1,
3.571428571429E-1,3.809523809524E-1,4.047619047619E-1,4.285714285714E-1,
4.523809523810E-1,4.761904761905E-1,5.E-1,5.238095238095E-1,5.476190476190E-1,
5.714285714286E-1,5.952380952381E-1,6.190476190476E-1,6.428571428571E-1,
6.666666666667E-1,6.904761904762E-1,7.142857142857E-1,7.380952380952E-1,
7.619047619048E-1,7.857142857143E-1,8.095238095238E-1,8.333333333333E-1,
8.571428571429E-1,8.809523809524E-1,9.047619047619E-1,9.285714285714E-1,
9.523809523810E-1,9.761904761905E-1,1.E0),.UNSPECIFIED.);
#1441=B_SPLINE_CURVE_WITH_KNOTS('',3,(#1435,#1436,#1437,#1438,#1439,#1440),
.UNSPECIFIED.,.F.,.F.,(4,1,1,4),(0.E0,3.333333333333E-1,6.666666666667E-1,1.E0),
.UNSPECIFIED.);
#1454=CIRCLE('',#1453,9.E0);
#1540=B_SPLINE_CURVE_WITH_KNOTS('',3,(#1455,#1456,#1457,#1458,#1459,#1460,#1461,
#1462,#1463,#1464,#1465,#1466,#1467,#1468,#1469,#1470,#1471,#1472,#1473,#1474,
#1475,#1476,#1477,#1478,#1479,#1480,#1481,#1482,#1483,#1484,#1485,#1486,#1487,
#1488,#1489,#1490,#1491,#1492,#1493,#1494,#1495,#1496,#1497,#1498,#1499,#1500,
#1501,#1502,#1503,#1504,#1505,#1506,#1507,#1508,#1509,#1510,#1511,#1512,#1513,
#1514,#1515,#1516,#1517,#1518,#1519,#1520,#1521,#1522,#1523,#1524,#1525,#1526,
#1527,#1528,#1529,#1530,#1531,#1532,#1533,#1534,#1535,#1536,#1537,#1538,#1539),
.UNSPECIFIED.,.F.,.F.,(4,1,1,1,1,1,1,1,1,1,1,1,1,1,1,1,1,1,1,1,1,1,1,1,1,1,1,1,
1,1,1,1,1,1,1,1,1,1,1,1,1,1,1,1,1,1,1,1,1,1,1,1,1,1,1,1,1,1,1,1,1,1,1,1,1,1,1,1,
1,1,1,1,1,1,1,1,1,1,1,1,1,1,4),(0.E0,1.219512195122E-2,2.439024390244E-2,
3.658536585366E-2,4.878048780488E-2,6.097560975610E-2,7.317073170732E-2,
8.536585365854E-2,9.756097560976E-2,1.097560975610E-1,1.219512195122E-1,
1.341463414634E-1,1.463414634146E-1,1.585365853659E-1,1.707317073171E-1,
1.829268292683E-1,1.951219512195E-1,2.073170731707E-1,2.195121951220E-1,
2.317073170732E-1,2.439024390244E-1,2.560975609756E-1,2.682926829268E-1,
2.804878048780E-1,2.926829268293E-1,3.048780487805E-1,3.170731707317E-1,
3.292682926829E-1,3.414634146341E-1,3.536585365854E-1,3.658536585366E-1,
3.780487804878E-1,3.902439024390E-1,4.024390243902E-1,4.146341463415E-1,
4.268292682927E-1,4.390243902439E-1,4.512195121951E-1,4.634146341463E-1,
4.756097560976E-1,4.878048780488E-1,5.E-1,5.121951219512E-1,5.243902439024E-1,
5.365853658537E-1,5.487804878049E-1,5.609756097561E-1,5.731707317073E-1,
5.853658536585E-1,5.975609756098E-1,6.097560975610E-1,6.219512195122E-1,
6.341463414634E-1,6.463414634146E-1,6.585365853659E-1,6.707317073171E-1,
6.829268292683E-1,6.951219512195E-1,7.073170731707E-1,7.195121951220E-1,
7.317073170732E-1,7.439024390244E-1,7.560975609756E-1,7.682926829268E-1,
7.804878048780E-1,7.926829268293E-1,8.048780487805E-1,8.170731707317E-1,
8.292682926829E-1,8.414634146341E-1,8.536585365854E-1,8.658536585366E-1,
8.780487804878E-1,8.902439024390E-1,9.024390243902E-1,9.146341463415E-1,
9.268292682927E-1,9.390243902439E-1,9.512195121951E-1,9.634146341463E-1,
9.756097560976E-1,9.878048780488E-1,1.E0),.UNSPECIFIED.);
#1690=B_SPLINE_CURVE_WITH_KNOTS('',3,(#1545,#1546,#1547,#1548,#1549,#1550,#1551,
#1552,#1553,#1554,#1555,#1556,#1557,#1558,#1559,#1560,#1561,#1562,#1563,#1564,
#1565,#1566,#1567,#1568,#1569,#1570,#1571,#1572,#1573,#1574,#1575,#1576,#1577,
#1578,#1579,#1580,#1581,#1582,#1583,#1584,#1585,#1586,#1587,#1588,#1589,#1590,
#1591,#1592,#1593,#1594,#1595,#1596,#1597,#1598,#1599,#1600,#1601,#1602,#1603,
#1604,#1605,#1606,#1607,#1608,#1609,#1610,#1611,#1612,#1613,#1614,#1615,#1616,
#1617,#1618,#1619,#1620,#1621,#1622,#1623,#1624,#1625,#1626,#1627,#1628,#1629,
#1630,#1631,#1632,#1633,#1634,#1635,#1636,#1637,#1638,#1639,#1640,#1641,#1642,
#1643,#1644,#1645,#1646,#1647,#1648,#1649,#1650,#1651,#1652,#1653,#1654,#1655,
#1656,#1657,#1658,#1659,#1660,#1661,#1662,#1663,#1664,#1665,#1666,#1667,#1668,
#1669,#1670,#1671,#1672,#1673,#1674,#1675,#1676,#1677,#1678,#1679,#1680,#1681,
#1682,#1683,#1684,#1685,#1686,#1687,#1688,#1689),.UNSPECIFIED.,.F.,.F.,(4,1,1,1,
1,1,1,1,1,1,1,1,1,1,1,1,1,1,1,1,1,1,1,1,1,1,1,1,1,1,1,1,1,1,1,1,1,1,1,1,1,1,1,1,
1,1,1,1,1,1,1,1,1,1,1,1,1,1,1,1,1,1,1,1,1,1,1,1,1,1,1,1,1,1,1,1,1,1,1,1,1,1,1,1,
1,1,1,1,1,1,1,1,1,1,1,1,1,1,1,1,1,1,1,1,1,1,1,1,1,1,1,1,1,1,1,1,1,1,1,1,1,1,1,1,
1,1,1,1,1,1,1,1,1,1,1,1,1,1,1,1,1,1,4),(0.E0,7.042253521127E-3,
1.408450704225E-2,2.112676056338E-2,2.816901408451E-2,3.521126760563E-2,
4.225352112676E-2,4.929577464789E-2,5.633802816901E-2,6.338028169014E-2,
7.042253521127E-2,7.746478873239E-2,8.450704225352E-2,9.154929577465E-2,
9.859154929577E-2,1.056338028169E-1,1.126760563380E-1,1.197183098592E-1,
1.267605633803E-1,1.338028169014E-1,1.408450704225E-1,1.478873239437E-1,
1.549295774648E-1,1.619718309859E-1,1.690140845070E-1,1.760563380282E-1,
1.830985915493E-1,1.901408450704E-1,1.971830985915E-1,2.042253521127E-1,
2.112676056338E-1,2.183098591549E-1,2.253521126761E-1,2.323943661972E-1,
2.394366197183E-1,2.464788732394E-1,2.535211267606E-1,2.605633802817E-1,
2.676056338028E-1,2.746478873239E-1,2.816901408451E-1,2.887323943662E-1,
2.957746478873E-1,3.028169014085E-1,3.098591549296E-1,3.169014084507E-1,
3.239436619718E-1,3.309859154930E-1,3.380281690141E-1,3.450704225352E-1,
3.521126760563E-1,3.591549295775E-1,3.661971830986E-1,3.732394366197E-1,
3.802816901408E-1,3.873239436620E-1,3.943661971831E-1,4.014084507042E-1,
4.084507042254E-1,4.154929577465E-1,4.225352112676E-1,4.295774647887E-1,
4.366197183099E-1,4.436619718310E-1,4.507042253521E-1,4.577464788732E-1,
4.647887323944E-1,4.718309859155E-1,4.788732394366E-1,4.859154929577E-1,
4.929577464789E-1,5.E-1,5.070422535211E-1,5.140845070423E-1,5.211267605634E-1,
5.281690140845E-1,5.352112676056E-1,5.422535211268E-1,5.492957746479E-1,
5.563380281690E-1,5.633802816901E-1,5.704225352113E-1,5.774647887324E-1,
5.845070422535E-1,5.915492957746E-1,5.985915492958E-1,6.056338028169E-1,
6.126760563380E-1,6.197183098592E-1,6.267605633803E-1,6.338028169014E-1,
6.408450704225E-1,6.478873239437E-1,6.549295774648E-1,6.619718309859E-1,
6.690140845070E-1,6.760563380282E-1,6.830985915493E-1,6.901408450704E-1,
6.971830985915E-1,7.042253521127E-1,7.112676056338E-1,7.183098591549E-1,
7.253521126761E-1,7.323943661972E-1,7.394366197183E-1,7.464788732394E-1,
7.535211267606E-1,7.605633802817E-1,7.676056338028E-1,7.746478873239E-1,
7.816901408451E-1,7.887323943662E-1,7.957746478873E-1,8.028169014085E-1,
8.098591549296E-1,8.169014084507E-1,8.239436619718E-1,8.309859154930E-1,
8.380281690141E-1,8.450704225352E-1,8.521126760563E-1,8.591549295775E-1,
8.661971830986E-1,8.732394366197E-1,8.802816901408E-1,8.873239436620E-1,
8.943661971831E-1,9.014084507042E-1,9.084507042254E-1,9.154929577465E-1,
9.225352112676E-1,9.295774647887E-1,9.366197183099E-1,9.436619718310E-1,
9.507042253521E-1,9.577464788732E-1,9.647887323944E-1,9.718309859155E-1,
9.788732394366E-1,9.859154929577E-1,9.929577464789E-1,1.E0),.UNSPECIFIED.);
#1844=B_SPLINE_CURVE_WITH_KNOTS('',3,(#1699,#1700,#1701,#1702,#1703,#1704,#1705,
#1706,#1707,#1708,#1709,#1710,#1711,#1712,#1713,#1714,#1715,#1716,#1717,#1718,
#1719,#1720,#1721,#1722,#1723,#1724,#1725,#1726,#1727,#1728,#1729,#1730,#1731,
#1732,#1733,#1734,#1735,#1736,#1737,#1738,#1739,#1740,#1741,#1742,#1743,#1744,
#1745,#1746,#1747,#1748,#1749,#1750,#1751,#1752,#1753,#1754,#1755,#1756,#1757,
#1758,#1759,#1760,#1761,#1762,#1763,#1764,#1765,#1766,#1767,#1768,#1769,#1770,
#1771,#1772,#1773,#1774,#1775,#1776,#1777,#1778,#1779,#1780,#1781,#1782,#1783,
#1784,#1785,#1786,#1787,#1788,#1789,#1790,#1791,#1792,#1793,#1794,#1795,#1796,
#1797,#1798,#1799,#1800,#1801,#1802,#1803,#1804,#1805,#1806,#1807,#1808,#1809,
#1810,#1811,#1812,#1813,#1814,#1815,#1816,#1817,#1818,#1819,#1820,#1821,#1822,
#1823,#1824,#1825,#1826,#1827,#1828,#1829,#1830,#1831,#1832,#1833,#1834,#1835,
#1836,#1837,#1838,#1839,#1840,#1841,#1842,#1843),.UNSPECIFIED.,.F.,.F.,(4,1,1,1,
1,1,1,1,1,1,1,1,1,1,1,1,1,1,1,1,1,1,1,1,1,1,1,1,1,1,1,1,1,1,1,1,1,1,1,1,1,1,1,1,
1,1,1,1,1,1,1,1,1,1,1,1,1,1,1,1,1,1,1,1,1,1,1,1,1,1,1,1,1,1,1,1,1,1,1,1,1,1,1,1,
1,1,1,1,1,1,1,1,1,1,1,1,1,1,1,1,1,1,1,1,1,1,1,1,1,1,1,1,1,1,1,1,1,1,1,1,1,1,1,1,
1,1,1,1,1,1,1,1,1,1,1,1,1,1,1,1,1,1,4),(0.E0,7.042253521127E-3,
1.408450704225E-2,2.112676056338E-2,2.816901408451E-2,3.521126760563E-2,
4.225352112676E-2,4.929577464789E-2,5.633802816901E-2,6.338028169014E-2,
7.042253521127E-2,7.746478873239E-2,8.450704225352E-2,9.154929577465E-2,
9.859154929577E-2,1.056338028169E-1,1.126760563380E-1,1.197183098592E-1,
1.267605633803E-1,1.338028169014E-1,1.408450704225E-1,1.478873239437E-1,
1.549295774648E-1,1.619718309859E-1,1.690140845070E-1,1.760563380282E-1,
1.830985915493E-1,1.901408450704E-1,1.971830985915E-1,2.042253521127E-1,
2.112676056338E-1,2.183098591549E-1,2.253521126761E-1,2.323943661972E-1,
2.394366197183E-1,2.464788732394E-1,2.535211267606E-1,2.605633802817E-1,
2.676056338028E-1,2.746478873239E-1,2.816901408451E-1,2.887323943662E-1,
2.957746478873E-1,3.028169014085E-1,3.098591549296E-1,3.169014084507E-1,
3.239436619718E-1,3.309859154930E-1,3.380281690141E-1,3.450704225352E-1,
3.521126760563E-1,3.591549295775E-1,3.661971830986E-1,3.732394366197E-1,
3.802816901408E-1,3.873239436620E-1,3.943661971831E-1,4.014084507042E-1,
4.084507042254E-1,4.154929577465E-1,4.225352112676E-1,4.295774647887E-1,
4.366197183099E-1,4.436619718310E-1,4.507042253521E-1,4.577464788732E-1,
4.647887323944E-1,4.718309859155E-1,4.788732394366E-1,4.859154929577E-1,
4.929577464789E-1,5.E-1,5.070422535211E-1,5.140845070423E-1,5.211267605634E-1,
5.281690140845E-1,5.352112676056E-1,5.422535211268E-1,5.492957746479E-1,
5.563380281690E-1,5.633802816901E-1,5.704225352113E-1,5.774647887324E-1,
5.845070422535E-1,5.915492957746E-1,5.985915492958E-1,6.056338028169E-1,
6.126760563380E-1,6.197183098592E-1,6.267605633803E-1,6.338028169014E-1,
6.408450704225E-1,6.478873239437E-1,6.549295774648E-1,6.619718309859E-1,
6.690140845070E-1,6.760563380282E-1,6.830985915493E-1,6.901408450704E-1,
6.971830985915E-1,7.042253521127E-1,7.112676056338E-1,7.183098591549E-1,
7.253521126761E-1,7.323943661972E-1,7.394366197183E-1,7.464788732394E-1,
7.535211267606E-1,7.605633802817E-1,7.676056338028E-1,7.746478873239E-1,
7.816901408451E-1,7.887323943662E-1,7.957746478873E-1,8.028169014085E-1,
8.098591549296E-1,8.169014084507E-1,8.239436619718E-1,8.309859154930E-1,
8.380281690141E-1,8.450704225352E-1,8.521126760563E-1,8.591549295775E-1,
8.661971830986E-1,8.732394366197E-1,8.802816901408E-1,8.873239436620E-1,
8.943661971831E-1,9.014084507042E-1,9.084507042254E-1,9.154929577465E-1,
9.225352112676E-1,9.295774647887E-1,9.366197183099E-1,9.436619718310E-1,
9.507042253521E-1,9.577464788732E-1,9.647887323944E-1,9.718309859155E-1,
9.788732394366E-1,9.859154929577E-1,9.929577464789E-1,1.E0),.UNSPECIFIED.);
#1998=B_SPLINE_CURVE_WITH_KNOTS('',3,(#1853,#1854,#1855,#1856,#1857,#1858,#1859,
#1860,#1861,#1862,#1863,#1864,#1865,#1866,#1867,#1868,#1869,#1870,#1871,#1872,
#1873,#1874,#1875,#1876,#1877,#1878,#1879,#1880,#1881,#1882,#1883,#1884,#1885,
#1886,#1887,#1888,#1889,#1890,#1891,#1892,#1893,#1894,#1895,#1896,#1897,#1898,
#1899,#1900,#1901,#1902,#1903,#1904,#1905,#1906,#1907,#1908,#1909,#1910,#1911,
#1912,#1913,#1914,#1915,#1916,#1917,#1918,#1919,#1920,#1921,#1922,#1923,#1924,
#1925,#1926,#1927,#1928,#1929,#1930,#1931,#1932,#1933,#1934,#1935,#1936,#1937,
#1938,#1939,#1940,#1941,#1942,#1943,#1944,#1945,#1946,#1947,#1948,#1949,#1950,
#1951,#1952,#1953,#1954,#1955,#1956,#1957,#1958,#1959,#1960,#1961,#1962,#1963,
#1964,#1965,#1966,#1967,#1968,#1969,#1970,#1971,#1972,#1973,#1974,#1975,#1976,
#1977,#1978,#1979,#1980,#1981,#1982,#1983,#1984,#1985,#1986,#1987,#1988,#1989,
#1990,#1991,#1992,#1993,#1994,#1995,#1996,#1997),.UNSPECIFIED.,.F.,.F.,(4,1,1,1,
1,1,1,1,1,1,1,1,1,1,1,1,1,1,1,1,1,1,1,1,1,1,1,1,1,1,1,1,1,1,1,1,1,1,1,1,1,1,1,1,
1,1,1,1,1,1,1,1,1,1,1,1,1,1,1,1,1,1,1,1,1,1,1,1,1,1,1,1,1,1,1,1,1,1,1,1,1,1,1,1,
1,1,1,1,1,1,1,1,1,1,1,1,1,1,1,1,1,1,1,1,1,1,1,1,1,1,1,1,1,1,1,1,1,1,1,1,1,1,1,1,
1,1,1,1,1,1,1,1,1,1,1,1,1,1,1,1,1,1,4),(0.E0,7.042253521127E-3,
1.408450704225E-2,2.112676056338E-2,2.816901408451E-2,3.521126760563E-2,
4.225352112676E-2,4.929577464789E-2,5.633802816901E-2,6.338028169014E-2,
7.042253521127E-2,7.746478873239E-2,8.450704225352E-2,9.154929577465E-2,
9.859154929577E-2,1.056338028169E-1,1.126760563380E-1,1.197183098592E-1,
1.267605633803E-1,1.338028169014E-1,1.408450704225E-1,1.478873239437E-1,
1.549295774648E-1,1.619718309859E-1,1.690140845070E-1,1.760563380282E-1,
1.830985915493E-1,1.901408450704E-1,1.971830985915E-1,2.042253521127E-1,
2.112676056338E-1,2.183098591549E-1,2.253521126761E-1,2.323943661972E-1,
2.394366197183E-1,2.464788732394E-1,2.535211267606E-1,2.605633802817E-1,
2.676056338028E-1,2.746478873239E-1,2.816901408451E-1,2.887323943662E-1,
2.957746478873E-1,3.028169014085E-1,3.098591549296E-1,3.169014084507E-1,
3.239436619718E-1,3.309859154930E-1,3.380281690141E-1,3.450704225352E-1,
3.521126760563E-1,3.591549295775E-1,3.661971830986E-1,3.732394366197E-1,
3.802816901408E-1,3.873239436620E-1,3.943661971831E-1,4.014084507042E-1,
4.084507042254E-1,4.154929577465E-1,4.225352112676E-1,4.295774647887E-1,
4.366197183099E-1,4.436619718310E-1,4.507042253521E-1,4.577464788732E-1,
4.647887323944E-1,4.718309859155E-1,4.788732394366E-1,4.859154929577E-1,
4.929577464789E-1,5.E-1,5.070422535211E-1,5.140845070423E-1,5.211267605634E-1,
5.281690140845E-1,5.352112676056E-1,5.422535211268E-1,5.492957746479E-1,
5.563380281690E-1,5.633802816901E-1,5.704225352113E-1,5.774647887324E-1,
5.845070422535E-1,5.915492957746E-1,5.985915492958E-1,6.056338028169E-1,
6.126760563380E-1,6.197183098592E-1,6.267605633803E-1,6.338028169014E-1,
6.408450704225E-1,6.478873239437E-1,6.549295774648E-1,6.619718309859E-1,
6.690140845070E-1,6.760563380282E-1,6.830985915493E-1,6.901408450704E-1,
6.971830985915E-1,7.042253521127E-1,7.112676056338E-1,7.183098591549E-1,
7.253521126761E-1,7.323943661972E-1,7.394366197183E-1,7.464788732394E-1,
7.535211267606E-1,7.605633802817E-1,7.676056338028E-1,7.746478873239E-1,
7.816901408451E-1,7.887323943662E-1,7.957746478873E-1,8.028169014085E-1,
8.098591549296E-1,8.169014084507E-1,8.239436619718E-1,8.309859154930E-1,
8.380281690141E-1,8.450704225352E-1,8.521126760563E-1,8.591549295775E-1,
8.661971830986E-1,8.732394366197E-1,8.802816901408E-1,8.873239436620E-1,
8.943661971831E-1,9.014084507042E-1,9.084507042254E-1,9.154929577465E-1,
9.225352112676E-1,9.295774647887E-1,9.366197183099E-1,9.436619718310E-1,
9.507042253521E-1,9.577464788732E-1,9.647887323944E-1,9.718309859155E-1,
9.788732394366E-1,9.859154929577E-1,9.929577464789E-1,1.E0),.UNSPECIFIED.);
#2020=B_SPLINE_CURVE_WITH_KNOTS('',3,(#2015,#2016,#2017,#2018,#2019),
.UNSPECIFIED.,.F.,.F.,(4,1,4),(0.E0,5.E-1,1.E0),.UNSPECIFIED.);
#2025=CIRCLE('',#2024,1.030274158816E1);
#2030=CIRCLE('',#2029,9.2E0);
#2037=B_SPLINE_CURVE_WITH_KNOTS('',3,(#2031,#2032,#2033,#2034,#2035,#2036),
.UNSPECIFIED.,.F.,.F.,(4,1,1,4),(0.E0,3.333333333333E-1,6.666666666667E-1,1.E0),
.UNSPECIFIED.);
#2050=CIRCLE('',#2049,1.030274158816E1);
#2059=CIRCLE('',#2058,4.E-1);
#2064=CIRCLE('',#2063,4.E-1);
#2069=CIRCLE('',#2068,9.2E0);
#2171=EDGE_CURVE('',#2079,#2089,#5,.T.);
#2173=EDGE_CURVE('',#2079,#2089,#10,.T.);
#2183=EDGE_CURVE('',#2072,#2082,#631,.T.);
#2185=EDGE_CURVE('',#2072,#2082,#15,.T.);
#2195=EDGE_CURVE('',#2072,#2073,#621,.T.);
#2198=EDGE_CURVE('',#2082,#2083,#626,.T.);
#2200=EDGE_CURVE('',#2073,#2083,#20,.T.);
#2210=EDGE_CURVE('',#2073,#2075,#635,.T.);
#2213=EDGE_CURVE('',#2083,#2085,#639,.T.);
#2215=EDGE_CURVE('',#2075,#2085,#25,.T.);
#2226=EDGE_CURVE('',#2075,#2085,#30,.T.);
#2236=EDGE_CURVE('',#2098,#2099,#44,.T.);
#2238=EDGE_CURVE('',#2102,#2098,#60,.T.);
#2240=EDGE_CURVE('',#2102,#2137,#825,.T.);
#2242=EDGE_CURVE('',#2139,#2137,#86,.T.);
#2244=EDGE_CURVE('',#2099,#2139,#765,.T.);
#2254=EDGE_CURVE('',#2100,#2101,#100,.T.);
#2256=EDGE_CURVE('',#2104,#2100,#855,.T.);
#2258=EDGE_CURVE('',#2103,#2104,#126,.T.);
#2260=EDGE_CURVE('',#2103,#2115,#980,.T.);
#2262=EDGE_CURVE('',#2101,#2115,#142,.T.);
#2272=EDGE_CURVE('',#2105,#2106,#168,.T.);
#2274=EDGE_CURVE('',#2105,#2114,#1040,.T.);
#2276=EDGE_CURVE('',#2113,#2114,#194,.T.);
#2278=EDGE_CURVE('',#2106,#2113,#950,.T.);
#2288=EDGE_CURVE('',#2107,#2108,#220,.T.);
#2290=EDGE_CURVE('',#2107,#2110,#920,.T.);
#2292=EDGE_CURVE('',#2109,#2110,#246,.T.);
#2294=EDGE_CURVE('',#2108,#2109,#1010,.T.);
#2304=EDGE_CURVE('',#2111,#2112,#272,.T.);
#2306=EDGE_CURVE('',#2117,#2111,#890,.T.);
#2308=EDGE_CURVE('',#2116,#2117,#298,.T.);
#2310=EDGE_CURVE('',#2116,#2112,#1053,.T.);
#2320=EDGE_CURVE('',#2118,#2119,#324,.T.);
#2322=EDGE_CURVE('',#2118,#2123,#1165,.T.);
#2324=EDGE_CURVE('',#2122,#2123,#350,.T.);
#2326=EDGE_CURVE('',#2119,#2122,#1083,.T.);
#2336=EDGE_CURVE('',#2120,#2121,#376,.T.);
#2338=EDGE_CURVE('',#2120,#2125,#1256,.T.);
#2340=EDGE_CURVE('',#2124,#2125,#402,.T.);
#2342=EDGE_CURVE('',#2121,#2124,#1135,.T.);
#2352=EDGE_CURVE('',#2126,#2127,#428,.T.);
#2354=EDGE_CURVE('',#2092,#2126,#1226,.T.);
#2356=EDGE_CURVE('',#2092,#2093,#433,.T.);
#2358=EDGE_CURVE('',#2093,#2127,#1217,.T.);
#2368=EDGE_CURVE('',#2150,#2151,#735,.T.);
#2370=EDGE_CURVE('',#2136,#2150,#459,.T.);
#2372=EDGE_CURVE('',#2136,#2138,#795,.T.);
#2374=EDGE_CURVE('',#2151,#2138,#485,.T.);
#2384=EDGE_CURVE('',#2128,#2129,#511,.T.);
#2386=EDGE_CURVE('',#2155,#2128,#1434,.T.);
#2388=EDGE_CURVE('',#2145,#2155,#537,.T.);
#2390=EDGE_CURVE('',#2145,#2129,#1320,.T.);
#2400=EDGE_CURVE('',#2130,#2131,#563,.T.);
#2402=EDGE_CURVE('',#2130,#2146,#1344,.T.);
#2404=EDGE_CURVE('',#2153,#2146,#589,.T.);
#2406=EDGE_CURVE('',#2131,#2153,#1290,.T.);
#2416=EDGE_CURVE('',#2132,#2133,#595,.T.);
#2418=EDGE_CURVE('',#2132,#2135,#600,.T.);
#2420=EDGE_CURVE('',#2134,#2135,#611,.T.);
#2422=EDGE_CURVE('',#2133,#2134,#1374,.T.);
#2432=EDGE_CURVE('',#2078,#2079,#1445,.T.);
#2434=EDGE_CURVE('',#2078,#2088,#616,.T.);
#2436=EDGE_CURVE('',#2088,#2089,#1449,.T.);
#2448=EDGE_CURVE('',#2073,#2083,#644,.T.);
#2472=EDGE_CURVE('',#2151,#2135,#685,.T.);
#2475=EDGE_CURVE('',#2132,#2150,#731,.T.);
#2486=EDGE_CURVE('',#2099,#2136,#761,.T.);
#2489=EDGE_CURVE('',#2138,#2139,#791,.T.);
#2500=EDGE_CURVE('',#2137,#2100,#821,.T.);
#2503=EDGE_CURVE('',#2104,#2102,#851,.T.);
#2514=EDGE_CURVE('',#2140,#2107,#864,.T.);
#2516=EDGE_CURVE('',#2117,#2140,#886,.T.);
#2519=EDGE_CURVE('',#2110,#2111,#916,.T.);
#2530=EDGE_CURVE('',#2106,#2103,#946,.T.);
#2533=EDGE_CURVE('',#2115,#2113,#976,.T.);
#2544=EDGE_CURVE('',#2108,#2105,#1006,.T.);
#2547=EDGE_CURVE('',#2114,#2109,#1036,.T.);
#2558=EDGE_CURVE('',#2112,#2141,#1049,.T.);
#2561=EDGE_CURVE('',#2119,#2116,#1079,.T.);
#2564=EDGE_CURVE('',#2141,#2122,#1105,.T.);
#2574=EDGE_CURVE('',#2121,#2118,#1131,.T.);
#2577=EDGE_CURVE('',#2123,#2124,#1161,.T.);
#2588=EDGE_CURVE('',#2142,#2120,#1189,.T.);
#2590=EDGE_CURVE('',#2142,#2143,#2006,.T.);
#2592=EDGE_CURVE('',#2127,#2143,#1213,.T.);
#2595=EDGE_CURVE('',#2093,#2092,#1222,.T.);
#2598=EDGE_CURVE('',#2125,#2126,#1252,.T.);
#2609=EDGE_CURVE('',#2144,#2145,#1276,.T.);
#2611=EDGE_CURVE('',#2131,#2144,#1286,.T.);
#2614=EDGE_CURVE('',#2129,#2153,#1316,.T.);
#2625=EDGE_CURVE('',#2146,#2147,#1340,.T.);
#2628=EDGE_CURVE('',#2133,#2130,#1370,.T.);
#2631=EDGE_CURVE('',#2147,#2134,#1384,.T.);
#2641=EDGE_CURVE('',#2157,#2162,#2050,.T.);
#2643=EDGE_CURVE('',#2164,#2162,#2025,.T.);
#2645=EDGE_CURVE('',#2164,#2155,#1430,.T.);
#2648=EDGE_CURVE('',#2157,#2128,#1441,.T.);
#2661=EDGE_CURVE('',#2078,#2088,#1454,.T.);
#2936=EDGE_CURVE('',#2164,#2165,#2020,.T.);
#2938=EDGE_CURVE('',#2165,#2156,#2037,.T.);
#2940=EDGE_CURVE('',#2156,#2094,#1540,.T.);
#2942=EDGE_CURVE('',#2144,#2094,#1544,.T.);
#3222=EDGE_CURVE('',#2094,#2147,#1694,.T.);
#3225=EDGE_CURVE('',#2156,#2157,#2054,.T.);
#3765=EDGE_CURVE('',#2094,#2095,#1690,.T.);
#3767=EDGE_CURVE('',#2098,#2095,#1698,.T.);
#4303=EDGE_CURVE('',#2095,#2101,#1848,.T.);
#4839=EDGE_CURVE('',#2095,#2096,#1844,.T.);
#4841=EDGE_CURVE('',#2140,#2096,#1852,.T.);
#5382=EDGE_CURVE('',#2096,#2141,#2002,.T.);
#5921=EDGE_CURVE('',#2096,#2097,#1998,.T.);
#5923=EDGE_CURVE('',#2142,#2097,#2010,.T.);
#6464=EDGE_CURVE('',#2097,#2143,#2014,.T.);
#6490=EDGE_CURVE('',#2162,#2163,#2045,.T.);
#6492=EDGE_CURVE('',#2159,#2163,#2030,.T.);
#6494=EDGE_CURVE('',#2165,#2159,#2041,.T.);
#6504=EDGE_CURVE('',#2159,#2078,#2059,.T.);
#6507=EDGE_CURVE('',#2163,#2088,#2064,.T.);
#6520=EDGE_CURVE('',#2159,#2163,#2069,.T.);
#6545=CIRCLE('',#6544,7.341772151899E0);
#6550=CIRCLE('',#6549,7.341772151899E0);
#6555=CIRCLE('',#6554,2.E1);
#6560=CIRCLE('',#6559,2.E1);
#6572=EDGE_CURVE('',#6564,#6563,#6545,.T.);
#6574=EDGE_CURVE('',#6566,#6563,#6560,.T.);
#6576=EDGE_CURVE('',#6566,#6564,#6555,.T.);
#6586=EDGE_CURVE('',#6563,#6564,#6550,.T.);
#6602=CIRCLE('',#6601,7.35E0);
#6611=CIRCLE('',#6610,6.E0);
#6616=CIRCLE('',#6615,6.E0);
#6625=CIRCLE('',#6624,7.E0);
#6638=CIRCLE('',#6637,7.35E0);
#6643=CIRCLE('',#6642,7.35E0);
#6656=CIRCLE('',#6655,7.E0);
#6665=CIRCLE('',#6664,7.35E0);
#6670=CIRCLE('',#6669,7.35E0);
#6691=CIRCLE('',#6690,7.35E0);
#6716=CIRCLE('',#6715,7.05E0);
#6729=CIRCLE('',#6728,7.E0);
#6746=CIRCLE('',#6745,7.05E0);
#6763=CIRCLE('',#6762,7.E0);
#6785=B_SPLINE_CURVE_WITH_KNOTS('',3,(#6776,#6777,#6778,#6779,#6780,#6781,#6782,
#6783,#6784),.UNSPECIFIED.,.F.,.F.,(4,1,1,1,1,1,4),(0.E0,1.666666666667E-1,
3.333333333333E-1,5.E-1,6.666666666667E-1,8.333333333333E-1,1.E0),
.UNSPECIFIED.);
#6790=CIRCLE('',#6789,5.E0);
#6800=B_SPLINE_CURVE_WITH_KNOTS('',3,(#6791,#6792,#6793,#6794,#6795,#6796,#6797,
#6798,#6799),.UNSPECIFIED.,.F.,.F.,(4,1,1,1,1,1,4),(0.E0,1.666666666667E-1,
3.333333333333E-1,5.E-1,6.666666666667E-1,8.333333333333E-1,1.E0),
.UNSPECIFIED.);
#6805=CIRCLE('',#6804,5.2E0);
#6815=B_SPLINE_CURVE_WITH_KNOTS('',3,(#6806,#6807,#6808,#6809,#6810,#6811,#6812,
#6813,#6814),.UNSPECIFIED.,.F.,.F.,(4,1,1,1,1,1,4),(0.E0,1.666666666667E-1,
3.333333333333E-1,5.E-1,6.666666666667E-1,8.333333333333E-1,1.E0),
.UNSPECIFIED.);
#6820=CIRCLE('',#6819,5.E0);
#6830=B_SPLINE_CURVE_WITH_KNOTS('',3,(#6821,#6822,#6823,#6824,#6825,#6826,#6827,
#6828,#6829),.UNSPECIFIED.,.F.,.F.,(4,1,1,1,1,1,4),(0.E0,1.666666666667E-1,
3.333333333333E-1,5.E-1,6.666666666667E-1,8.333333333333E-1,1.E0),
.UNSPECIFIED.);
#6835=CIRCLE('',#6834,5.2E0);
#6840=CIRCLE('',#6839,5.2E0);
#6850=B_SPLINE_CURVE_WITH_KNOTS('',3,(#6841,#6842,#6843,#6844,#6845,#6846,#6847,
#6848,#6849),.UNSPECIFIED.,.F.,.F.,(4,1,1,1,1,1,4),(0.E0,1.666666666667E-1,
3.333333333333E-1,5.E-1,6.666666666667E-1,8.333333333333E-1,1.E0),
.UNSPECIFIED.);
#6855=CIRCLE('',#6854,5.E0);
#6860=CIRCLE('',#6859,5.E0);
#6870=B_SPLINE_CURVE_WITH_KNOTS('',3,(#6861,#6862,#6863,#6864,#6865,#6866,#6867,
#6868,#6869),.UNSPECIFIED.,.F.,.F.,(4,1,1,1,1,1,4),(0.E0,1.666666666667E-1,
3.333333333333E-1,5.E-1,6.666666666667E-1,8.333333333333E-1,1.E0),
.UNSPECIFIED.);
#6875=CIRCLE('',#6874,5.E0);
#6880=CIRCLE('',#6879,5.E0);
#6890=B_SPLINE_CURVE_WITH_KNOTS('',3,(#6881,#6882,#6883,#6884,#6885,#6886,#6887,
#6888,#6889),.UNSPECIFIED.,.F.,.F.,(4,1,1,1,1,1,4),(0.E0,1.666666666667E-1,
3.333333333333E-1,5.E-1,6.666666666667E-1,8.333333333333E-1,1.E0),
.UNSPECIFIED.);
#6895=CIRCLE('',#6894,5.2E0);
#6905=B_SPLINE_CURVE_WITH_KNOTS('',3,(#6896,#6897,#6898,#6899,#6900,#6901,#6902,
#6903,#6904),.UNSPECIFIED.,.F.,.F.,(4,1,1,1,1,1,4),(0.E0,1.666666666667E-1,
3.333333333333E-1,5.E-1,6.666666666667E-1,8.333333333333E-1,1.E0),
.UNSPECIFIED.);
#6918=CIRCLE('',#6917,5.E0);
#6931=CIRCLE('',#6930,5.E0);
#6956=CIRCLE('',#6955,7.05E0);
#6969=CIRCLE('',#6968,7.35E0);
#6982=CIRCLE('',#6981,7.05E0);
#6995=CIRCLE('',#6994,7.35E0);
#7004=CIRCLE('',#7003,5.E0);
#7017=CIRCLE('',#7016,5.E0);
#7030=CIRCLE('',#7029,4.799999767831E0);
#7035=CIRCLE('',#7034,5.E0);
#7040=CIRCLE('',#7039,2.E-1);
#7045=CIRCLE('',#7044,4.799999767831E0);
#7050=CIRCLE('',#7049,5.E0);
#7055=CIRCLE('',#7054,2.E-1);
#7072=CIRCLE('',#7071,6.E0);
#7077=CIRCLE('',#7076,6.E0);
#7086=CIRCLE('',#7085,6.E0);
#7095=CIRCLE('',#7094,6.E0);
#7253=EDGE_CURVE('',#7130,#7148,#6597,.T.);
#7255=EDGE_CURVE('',#7148,#7149,#6969,.T.);
#7257=EDGE_CURVE('',#7135,#7149,#7059,.T.);
#7259=EDGE_CURVE('',#7141,#7135,#6670,.T.);
#7261=EDGE_CURVE('',#7110,#7141,#6695,.T.);
#7263=EDGE_CURVE('',#7110,#7111,#6602,.T.);
#7265=EDGE_CURVE('',#7111,#7143,#6686,.T.);
#7267=EDGE_CURVE('',#7130,#7143,#6638,.T.);
#7277=EDGE_CURVE('',#7169,#7131,#6606,.T.);
#7279=EDGE_CURVE('',#7168,#7169,#6720,.T.);
#7281=EDGE_CURVE('',#7215,#7168,#6870,.T.);
#7283=EDGE_CURVE('',#7199,#7215,#7021,.T.);
#7285=EDGE_CURVE('',#7199,#7148,#6973,.T.);
#7288=EDGE_CURVE('',#7130,#7131,#6633,.T.);
#7299=EDGE_CURVE('',#7131,#7145,#6611,.T.);
#7301=EDGE_CURVE('',#7195,#7145,#7103,.T.);
#7303=EDGE_CURVE('',#7195,#7169,#6616,.T.);
#7313=EDGE_CURVE('',#7126,#7127,#6620,.T.);
#7315=EDGE_CURVE('',#7243,#7126,#6625,.T.);
#7317=EDGE_CURVE('',#7145,#7243,#6629,.T.);
#7322=EDGE_CURVE('',#7143,#7127,#6643,.T.);
#7332=EDGE_CURVE('',#7233,#7134,#7072,.T.);
#7334=EDGE_CURVE('',#7235,#7233,#6647,.T.);
#7336=EDGE_CURVE('',#7237,#7235,#7095,.T.);
#7338=EDGE_CURVE('',#7241,#7237,#6651,.T.);
#7340=EDGE_CURVE('',#7139,#7241,#6656,.T.);
#7342=EDGE_CURVE('',#7138,#7139,#6660,.T.);
#7344=EDGE_CURVE('',#7138,#7141,#6665,.T.);
#7347=EDGE_CURVE('',#7134,#7135,#6674,.T.);
#7357=EDGE_CURVE('',#7127,#7157,#6678,.T.);
#7359=EDGE_CURVE('',#7157,#7209,#6990,.T.);
#7361=EDGE_CURVE('',#7209,#7225,#6947,.T.);
#7363=EDGE_CURVE('',#7189,#7225,#6850,.T.);
#7365=EDGE_CURVE('',#7188,#7189,#6733,.T.);
#7367=EDGE_CURVE('',#7188,#7126,#6682,.T.);
#7378=EDGE_CURVE('',#7156,#7138,#6699,.T.);
#7380=EDGE_CURVE('',#7156,#7157,#6995,.T.);
#7385=EDGE_CURVE('',#7111,#7110,#6691,.T.);
#7397=EDGE_CURVE('',#7185,#7139,#6703,.T.);
#7399=EDGE_CURVE('',#7184,#7185,#6758,.T.);
#7401=EDGE_CURVE('',#7223,#7184,#6890,.T.);
#7403=EDGE_CURVE('',#7207,#7223,#6935,.T.);
#7405=EDGE_CURVE('',#7207,#7156,#6999,.T.);
#7417=EDGE_CURVE('',#7245,#7185,#6763,.T.);
#7421=EDGE_CURVE('',#7245,#7241,#7099,.T.);
#7431=EDGE_CURVE('',#7164,#7165,#6707,.T.);
#7433=EDGE_CURVE('',#7176,#7165,#6835,.T.);
#7435=EDGE_CURVE('',#7176,#7177,#6711,.T.);
#7437=EDGE_CURVE('',#7164,#7177,#6716,.T.);
#7449=EDGE_CURVE('',#7195,#7247,#6724,.T.);
#7451=EDGE_CURVE('',#7188,#7247,#6729,.T.);
#7454=EDGE_CURVE('',#7168,#7189,#6840,.T.);
#7464=EDGE_CURVE('',#7180,#7181,#6737,.T.);
#7466=EDGE_CURVE('',#7192,#7181,#6805,.T.);
#7468=EDGE_CURVE('',#7192,#7193,#6741,.T.);
#7470=EDGE_CURVE('',#7180,#7193,#6746,.T.);
#7480=EDGE_CURVE('',#7230,#7231,#6750,.T.);
#7482=EDGE_CURVE('',#7172,#7230,#7077,.T.);
#7484=EDGE_CURVE('',#7172,#7173,#6754,.T.);
#7486=EDGE_CURVE('',#7184,#7173,#6895,.T.);
#7490=EDGE_CURVE('',#7245,#7239,#6767,.T.);
#7492=EDGE_CURVE('',#7231,#7239,#7086,.T.);
#7503=EDGE_CURVE('',#7164,#7153,#6771,.T.);
#7505=EDGE_CURVE('',#7153,#7197,#6951,.T.);
#7507=EDGE_CURVE('',#7197,#7213,#7012,.T.);
#7509=EDGE_CURVE('',#7165,#7213,#6815,.T.);
#7520=EDGE_CURVE('',#7177,#7152,#6775,.T.);
#7522=EDGE_CURVE('',#7152,#7153,#6956,.T.);
#7534=EDGE_CURVE('',#7219,#7176,#6830,.T.);
#7536=EDGE_CURVE('',#7203,#7219,#7008,.T.);
#7538=EDGE_CURVE('',#7203,#7152,#6960,.T.);
#7549=EDGE_CURVE('',#7181,#7221,#6785,.T.);
#7551=EDGE_CURVE('',#7227,#7221,#6790,.T.);
#7553=EDGE_CURVE('',#7227,#7192,#6800,.T.);
#7565=EDGE_CURVE('',#7219,#7213,#6820,.T.);
#7579=EDGE_CURVE('',#7123,#7225,#6855,.T.);
#7581=EDGE_CURVE('',#7215,#7123,#6860,.T.);
#7592=EDGE_CURVE('',#7121,#7217,#6875,.T.);
#7594=EDGE_CURVE('',#7223,#7121,#6880,.T.);
#7598=EDGE_CURVE('',#7173,#7217,#6905,.T.);
#7609=EDGE_CURVE('',#7180,#7161,#6909,.T.);
#7611=EDGE_CURVE('',#7161,#7205,#6977,.T.);
#7613=EDGE_CURVE('',#7205,#7221,#6926,.T.);
#7625=EDGE_CURVE('',#7193,#7160,#6913,.T.);
#7627=EDGE_CURVE('',#7160,#7161,#6982,.T.);
#7640=EDGE_CURVE('',#7211,#7227,#6922,.T.);
#7642=EDGE_CURVE('',#7211,#7160,#6986,.T.);
#7653=EDGE_CURVE('',#7209,#7211,#6918,.T.);
#7658=EDGE_CURVE('',#7205,#7207,#6931,.T.);
#7662=EDGE_CURVE('',#7121,#7118,#6939,.T.);
#7664=EDGE_CURVE('',#7118,#7119,#7050,.T.);
#7666=EDGE_CURVE('',#7123,#7119,#6943,.T.);
#7681=EDGE_CURVE('',#7201,#7203,#7004,.T.);
#7683=EDGE_CURVE('',#7149,#7201,#6964,.T.);
#7687=EDGE_CURVE('',#7197,#7199,#7017,.T.);
#7721=EDGE_CURVE('',#7119,#7118,#7035,.T.);
#7725=EDGE_CURVE('',#7201,#7217,#7025,.T.);
#7735=EDGE_CURVE('',#7115,#7114,#7030,.T.);
#7737=EDGE_CURVE('',#7114,#7118,#7055,.T.);
#7740=EDGE_CURVE('',#7115,#7119,#7040,.T.);
#7750=EDGE_CURVE('',#7114,#7115,#7045,.T.);
#7778=EDGE_CURVE('',#7172,#7134,#7063,.T.);
#7789=EDGE_CURVE('',#7233,#7230,#7067,.T.);
#7802=EDGE_CURVE('',#7235,#7231,#7081,.T.);
#7805=EDGE_CURVE('',#7239,#7237,#7090,.T.);
#7843=EDGE_CURVE('',#7247,#7243,#7107,.T.);
#7865=CIRCLE('',#7864,4.25E0);
#7878=CIRCLE('',#7877,4.25E0);
#7883=CIRCLE('',#7882,4.25E0);
#7888=CIRCLE('',#7887,4.25E0);
#7902=EDGE_CURVE('',#7895,#7891,#7873,.T.);
#7904=EDGE_CURVE('',#7895,#7896,#7883,.T.);
#7906=EDGE_CURVE('',#7892,#7896,#7869,.T.);
#7908=EDGE_CURVE('',#7892,#7891,#7865,.T.);
#7919=EDGE_CURVE('',#7896,#7895,#7888,.T.);
#7922=EDGE_CURVE('',#7891,#7892,#7878,.T.);
#7942=CIRCLE('',#7941,1.5E-1);
#7947=CIRCLE('',#7946,1.5E0);
#7952=CIRCLE('',#7951,1.5E-1);
#7957=CIRCLE('',#7956,4.5E0);
#8006=CIRCLE('',#8005,4.5E0);
#8015=CIRCLE('',#8014,1.5E-1);
#8020=CIRCLE('',#8019,4.5E0);
#8069=CIRCLE('',#8068,4.5E0);
#8074=CIRCLE('',#8073,1.5E-1);
#8079=CIRCLE('',#8078,1.5E0);
#8209=EDGE_CURVE('',#8195,#8194,#7942,.T.);
#8211=EDGE_CURVE('',#8194,#8199,#7947,.T.);
#8213=EDGE_CURVE('',#8199,#8198,#7952,.T.);
#8215=EDGE_CURVE('',#8198,#8134,#7957,.T.);
#8217=EDGE_CURVE('',#8134,#8135,#7961,.T.);
#8219=EDGE_CURVE('',#8135,#8137,#7965,.T.);
#8221=EDGE_CURVE('',#8137,#8139,#7969,.T.);
#8223=EDGE_CURVE('',#8139,#8141,#7973,.T.);
#8225=EDGE_CURVE('',#8141,#8178,#7977,.T.);
#8227=EDGE_CURVE('',#8174,#8178,#8115,.T.);
#8229=EDGE_CURVE('',#8174,#8186,#7981,.T.);
#8231=EDGE_CURVE('',#8182,#8186,#8099,.T.);
#8233=EDGE_CURVE('',#8182,#8144,#7985,.T.);
#8235=EDGE_CURVE('',#8144,#8145,#7989,.T.);
#8237=EDGE_CURVE('',#8145,#8147,#7993,.T.);
#8239=EDGE_CURVE('',#8147,#8149,#7997,.T.);
#8241=EDGE_CURVE('',#8149,#8151,#8001,.T.);
#8243=EDGE_CURVE('',#8151,#8195,#8006,.T.);
#8254=EDGE_CURVE('',#8137,#8157,#8010,.T.);
#8256=EDGE_CURVE('',#8157,#8159,#8056,.T.);
#8258=EDGE_CURVE('',#8139,#8159,#8131,.T.);
#8268=EDGE_CURVE('',#8191,#8190,#8015,.T.);
#8270=EDGE_CURVE('',#8190,#8171,#8020,.T.);
#8272=EDGE_CURVE('',#8171,#8169,#8024,.T.);
#8274=EDGE_CURVE('',#8169,#8167,#8028,.T.);
#8276=EDGE_CURVE('',#8165,#8167,#8032,.T.);
#8278=EDGE_CURVE('',#8164,#8165,#8036,.T.);
#8280=EDGE_CURVE('',#8183,#8164,#8040,.T.);
#8282=EDGE_CURVE('',#8183,#8187,#8107,.T.);
#8284=EDGE_CURVE('',#8175,#8187,#8044,.T.);
#8286=EDGE_CURVE('',#8175,#8179,#8123,.T.);
#8288=EDGE_CURVE('',#8161,#8179,#8048,.T.);
#8290=EDGE_CURVE('',#8159,#8161,#8052,.T.);
#8293=EDGE_CURVE('',#8157,#8155,#8060,.T.);
#8295=EDGE_CURVE('',#8155,#8154,#8064,.T.);
#8297=EDGE_CURVE('',#8154,#8203,#8069,.T.);
#8299=EDGE_CURVE('',#8203,#8202,#8074,.T.);
#8301=EDGE_CURVE('',#8202,#8191,#8079,.T.);
#8312=EDGE_CURVE('',#8145,#8165,#8083,.T.);
#8315=EDGE_CURVE('',#8167,#8147,#8087,.T.);
#8326=EDGE_CURVE('',#8144,#8164,#8091,.T.);
#8339=EDGE_CURVE('',#8182,#8183,#8095,.T.);
#8353=EDGE_CURVE('',#8186,#8187,#8103,.T.);
#8365=EDGE_CURVE('',#8174,#8175,#8111,.T.);
#8379=EDGE_CURVE('',#8178,#8179,#8119,.T.);
#8391=EDGE_CURVE('',#8141,#8161,#8127,.T.);
#8415=CIRCLE('',#8414,1.5E-1);
#8420=CIRCLE('',#8419,1.5E0);
#8425=CIRCLE('',#8424,1.5E-1);
#8430=CIRCLE('',#8429,4.5E0);
#8479=CIRCLE('',#8478,4.5E0);
#8488=CIRCLE('',#8487,1.5E-1);
#8493=CIRCLE('',#8492,4.5E0);
#8542=CIRCLE('',#8541,4.5E0);
#8547=CIRCLE('',#8546,1.5E-1);
#8552=CIRCLE('',#8551,1.5E0);
#8682=EDGE_CURVE('',#8668,#8667,#8415,.T.);
#8684=EDGE_CURVE('',#8667,#8672,#8420,.T.);
#8686=EDGE_CURVE('',#8672,#8671,#8425,.T.);
#8688=EDGE_CURVE('',#8671,#8607,#8430,.T.);
#8690=EDGE_CURVE('',#8607,#8608,#8434,.T.);
#8692=EDGE_CURVE('',#8608,#8610,#8438,.T.);
#8694=EDGE_CURVE('',#8610,#8612,#8442,.T.);
#8696=EDGE_CURVE('',#8612,#8614,#8446,.T.);
#8698=EDGE_CURVE('',#8614,#8651,#8450,.T.);
#8700=EDGE_CURVE('',#8647,#8651,#8588,.T.);
#8702=EDGE_CURVE('',#8647,#8659,#8454,.T.);
#8704=EDGE_CURVE('',#8655,#8659,#8572,.T.);
#8706=EDGE_CURVE('',#8655,#8617,#8458,.T.);
#8708=EDGE_CURVE('',#8617,#8618,#8462,.T.);
#8710=EDGE_CURVE('',#8618,#8620,#8466,.T.);
#8712=EDGE_CURVE('',#8620,#8622,#8470,.T.);
#8714=EDGE_CURVE('',#8622,#8624,#8474,.T.);
#8716=EDGE_CURVE('',#8624,#8668,#8479,.T.);
#8727=EDGE_CURVE('',#8610,#8630,#8483,.T.);
#8729=EDGE_CURVE('',#8630,#8632,#8529,.T.);
#8731=EDGE_CURVE('',#8612,#8632,#8604,.T.);
#8741=EDGE_CURVE('',#8664,#8663,#8488,.T.);
#8743=EDGE_CURVE('',#8663,#8644,#8493,.T.);
#8745=EDGE_CURVE('',#8644,#8642,#8497,.T.);
#8747=EDGE_CURVE('',#8642,#8640,#8501,.T.);
#8749=EDGE_CURVE('',#8638,#8640,#8505,.T.);
#8751=EDGE_CURVE('',#8637,#8638,#8509,.T.);
#8753=EDGE_CURVE('',#8656,#8637,#8513,.T.);
#8755=EDGE_CURVE('',#8656,#8660,#8580,.T.);
#8757=EDGE_CURVE('',#8648,#8660,#8517,.T.);
#8759=EDGE_CURVE('',#8648,#8652,#8596,.T.);
#8761=EDGE_CURVE('',#8634,#8652,#8521,.T.);
#8763=EDGE_CURVE('',#8632,#8634,#8525,.T.);
#8766=EDGE_CURVE('',#8630,#8628,#8533,.T.);
#8768=EDGE_CURVE('',#8628,#8627,#8537,.T.);
#8770=EDGE_CURVE('',#8627,#8676,#8542,.T.);
#8772=EDGE_CURVE('',#8676,#8675,#8547,.T.);
#8774=EDGE_CURVE('',#8675,#8664,#8552,.T.);
#8785=EDGE_CURVE('',#8618,#8638,#8556,.T.);
#8788=EDGE_CURVE('',#8640,#8620,#8560,.T.);
#8799=EDGE_CURVE('',#8617,#8637,#8564,.T.);
#8812=EDGE_CURVE('',#8655,#8656,#8568,.T.);
#8826=EDGE_CURVE('',#8659,#8660,#8576,.T.);
#8838=EDGE_CURVE('',#8647,#8648,#8584,.T.);
#8852=EDGE_CURVE('',#8651,#8652,#8592,.T.);
#8864=EDGE_CURVE('',#8614,#8634,#8600,.T.);
#8895=B_SPLINE_CURVE_WITH_KNOTS('',3,(#8884,#8885,#8886,#8887,#8888,#8889,#8890,
#8891,#8892,#8893,#8894),.UNSPECIFIED.,.F.,.F.,(4,1,1,1,1,1,1,1,4),(0.E0,
1.25E-1,2.5E-1,3.75E-1,5.E-1,6.25E-1,7.5E-1,8.75E-1,1.E0),.UNSPECIFIED.);
#8903=B_SPLINE_CURVE_WITH_KNOTS('',3,(#8896,#8897,#8898,#8899,#8900,#8901,
#8902),.UNSPECIFIED.,.F.,.F.,(4,1,1,1,4),(0.E0,2.5E-1,5.E-1,7.5E-1,1.E0),
.UNSPECIFIED.);
#8911=B_SPLINE_CURVE_WITH_KNOTS('',3,(#8904,#8905,#8906,#8907,#8908,#8909,
#8910),.UNSPECIFIED.,.F.,.F.,(4,1,1,1,4),(0.E0,2.5E-1,5.E-1,7.5E-1,1.E0),
.UNSPECIFIED.);
#8919=B_SPLINE_CURVE_WITH_KNOTS('',3,(#8912,#8913,#8914,#8915,#8916,#8917,
#8918),.UNSPECIFIED.,.F.,.F.,(4,1,1,1,4),(0.E0,2.5E-1,5.E-1,7.5E-1,1.E0),
.UNSPECIFIED.);
#8931=B_SPLINE_CURVE_WITH_KNOTS('',3,(#8920,#8921,#8922,#8923,#8924,#8925,#8926,
#8927,#8928,#8929,#8930),.UNSPECIFIED.,.F.,.F.,(4,1,1,1,1,1,1,1,4),(0.E0,
1.25E-1,2.5E-1,3.75E-1,5.E-1,6.25E-1,7.5E-1,8.75E-1,1.E0),.UNSPECIFIED.);
#8991=EDGE_CURVE('',#8934,#8935,#8895,.T.);
#8993=EDGE_CURVE('',#8933,#8935,#8903,.T.);
#8995=EDGE_CURVE('',#8932,#8933,#8911,.T.);
#8997=EDGE_CURVE('',#8934,#8932,#8919,.T.);
#9057=EDGE_CURVE('',#8935,#8934,#8931,.T.);
#9077=B_SPLINE_CURVE_WITH_KNOTS('',3,(#9066,#9067,#9068,#9069,#9070,#9071,#9072,
#9073,#9074,#9075,#9076),.UNSPECIFIED.,.F.,.F.,(4,1,1,1,1,1,1,1,4),(0.E0,
1.25E-1,2.5E-1,3.75E-1,5.E-1,6.25E-1,7.5E-1,8.75E-1,1.E0),.UNSPECIFIED.);
#9085=B_SPLINE_CURVE_WITH_KNOTS('',3,(#9078,#9079,#9080,#9081,#9082,#9083,
#9084),.UNSPECIFIED.,.F.,.F.,(4,1,1,1,4),(0.E0,2.5E-1,5.E-1,7.5E-1,1.E0),
.UNSPECIFIED.);
#9093=B_SPLINE_CURVE_WITH_KNOTS('',3,(#9086,#9087,#9088,#9089,#9090,#9091,
#9092),.UNSPECIFIED.,.F.,.F.,(4,1,1,1,4),(0.E0,2.5E-1,5.E-1,7.5E-1,1.E0),
.UNSPECIFIED.);
#9101=B_SPLINE_CURVE_WITH_KNOTS('',3,(#9094,#9095,#9096,#9097,#9098,#9099,
#9100),.UNSPECIFIED.,.F.,.F.,(4,1,1,1,4),(0.E0,2.5E-1,5.E-1,7.5E-1,1.E0),
.UNSPECIFIED.);
#9113=B_SPLINE_CURVE_WITH_KNOTS('',3,(#9102,#9103,#9104,#9105,#9106,#9107,#9108,
#9109,#9110,#9111,#9112),.UNSPECIFIED.,.F.,.F.,(4,1,1,1,1,1,1,1,4),(0.E0,
1.25E-1,2.5E-1,3.75E-1,5.E-1,6.25E-1,7.5E-1,8.75E-1,1.E0),.UNSPECIFIED.);
#9173=EDGE_CURVE('',#9116,#9117,#9077,.T.);
#9175=EDGE_CURVE('',#9115,#9117,#9085,.T.);
#9177=EDGE_CURVE('',#9114,#9115,#9093,.T.);
#9179=EDGE_CURVE('',#9116,#9114,#9101,.T.);
#9239=EDGE_CURVE('',#9117,#9116,#9113,.T.);
#9249=(LENGTH_UNIT()NAMED_UNIT(*)SI_UNIT(.MILLI.,.METRE.));
#9251=(NAMED_UNIT(*)PLANE_ANGLE_UNIT()SI_UNIT($,.RADIAN.));
#9254=(NAMED_UNIT(*)SI_UNIT($,.STERADIAN.)SOLID_ANGLE_UNIT());
#9257=MANIFOLD_SURFACE_SHAPE_REPRESENTATION('',(#9248),#9256);
#9264=PRODUCT_DEFINITION('design','',#9263,#9260);
#9265=PRODUCT_DEFINITION_SHAPE('','SHAPE FOR AV031001A200K.',#9264);
#9266=SHAPE_DEFINITION_REPRESENTATION(#9265,#9257);
ENDSEC;
END-ISO-10303-21;
