ISO-10303-21;
HEADER;
FILE_DESCRIPTION((''),'2;1');
FILE_NAME('AV0611A840','2014-12-22T',('brevel'),(''),
'PRO/ENGINEER BY PARAMETRIC TECHNOLOGY CORPORATION, 2013410',
'PRO/ENGINEER BY PARAMETRIC TECHNOLOGY CORPORATION, 2013410','');
FILE_SCHEMA(('CONFIG_CONTROL_DESIGN'));
ENDSEC;
DATA;
#1=DIRECTION('',(0.E0,-1.E0,0.E0));
#2=VECTOR('',#1,4.6E0);
#3=CARTESIAN_POINT('',(0.E0,1.46E1,5.9E0));
#4=LINE('',#3,#2);
#5=CARTESIAN_POINT('',(0.E0,1.E1,0.E0));
#6=DIRECTION('',(0.E0,-1.E0,0.E0));
#7=DIRECTION('',(0.E0,0.E0,1.E0));
#8=AXIS2_PLACEMENT_3D('',#5,#6,#7);
#10=DIRECTION('',(0.E0,-1.E0,0.E0));
#11=VECTOR('',#10,4.6E0);
#12=CARTESIAN_POINT('',(0.E0,1.46E1,-5.9E0));
#13=LINE('',#12,#11);
#14=CARTESIAN_POINT('',(0.E0,1.E1,0.E0));
#15=DIRECTION('',(0.E0,-1.E0,0.E0));
#16=DIRECTION('',(0.E0,0.E0,-1.E0));
#17=AXIS2_PLACEMENT_3D('',#14,#15,#16);
#19=DIRECTION('',(0.E0,-7.071067811865E-1,-7.071067811865E-1));
#20=VECTOR('',#19,7.071067811865E-1);
#21=CARTESIAN_POINT('',(0.E0,1.51E1,-5.4E0));
#22=LINE('',#21,#20);
#23=CARTESIAN_POINT('',(0.E0,1.46E1,0.E0));
#24=DIRECTION('',(0.E0,-1.E0,0.E0));
#25=DIRECTION('',(0.E0,0.E0,-1.E0));
#26=AXIS2_PLACEMENT_3D('',#23,#24,#25);
#28=DIRECTION('',(0.E0,-7.071067811865E-1,7.071067811865E-1));
#29=VECTOR('',#28,7.071067811865E-1);
#30=CARTESIAN_POINT('',(0.E0,1.51E1,5.4E0));
#31=LINE('',#30,#29);
#32=CARTESIAN_POINT('',(0.E0,1.46E1,0.E0));
#33=DIRECTION('',(0.E0,-1.E0,0.E0));
#34=DIRECTION('',(0.E0,0.E0,1.E0));
#35=AXIS2_PLACEMENT_3D('',#32,#33,#34);
#37=CARTESIAN_POINT('',(0.E0,1.51E1,0.E0));
#38=DIRECTION('',(0.E0,-1.E0,0.E0));
#39=DIRECTION('',(0.E0,0.E0,1.E0));
#40=AXIS2_PLACEMENT_3D('',#37,#38,#39);
#42=CARTESIAN_POINT('',(0.E0,1.51E1,0.E0));
#43=DIRECTION('',(0.E0,-1.E0,0.E0));
#44=DIRECTION('',(0.E0,0.E0,-1.E0));
#45=AXIS2_PLACEMENT_3D('',#42,#43,#44);
#47=CARTESIAN_POINT('',(0.E0,1.35E1,0.E0));
#48=DIRECTION('',(0.E0,-1.E0,0.E0));
#49=DIRECTION('',(-1.E0,0.E0,0.E0));
#50=AXIS2_PLACEMENT_3D('',#47,#48,#49);
#52=CARTESIAN_POINT('',(0.E0,1.35E1,0.E0));
#53=DIRECTION('',(0.E0,-1.E0,0.E0));
#54=DIRECTION('',(1.E0,0.E0,0.E0));
#55=AXIS2_PLACEMENT_3D('',#52,#53,#54);
#57=DIRECTION('',(-9.015230574683E-1,-4.327310675848E-1,0.E0));
#58=VECTOR('',#57,2.773084924772E0);
#59=CARTESIAN_POINT('',(-6.5E0,1.35E1,0.E0));
#60=LINE('',#59,#58);
#61=CARTESIAN_POINT('',(0.E0,1.23E1,0.E0));
#62=DIRECTION('',(0.E0,-1.E0,0.E0));
#63=DIRECTION('',(-1.E0,0.E0,0.E0));
#64=AXIS2_PLACEMENT_3D('',#61,#62,#63);
#66=DIRECTION('',(9.015230574683E-1,-4.327310675848E-1,0.E0));
#67=VECTOR('',#66,2.773084924772E0);
#68=CARTESIAN_POINT('',(6.5E0,1.35E1,0.E0));
#69=LINE('',#68,#67);
#70=CARTESIAN_POINT('',(0.E0,1.23E1,0.E0));
#71=DIRECTION('',(0.E0,-1.E0,0.E0));
#72=DIRECTION('',(1.E0,0.E0,0.E0));
#73=AXIS2_PLACEMENT_3D('',#70,#71,#72);
#75=DIRECTION('',(9.473903143470E-14,-1.E0,0.E0));
#76=VECTOR('',#75,3.E-1);
#77=CARTESIAN_POINT('',(9.E0,1.23E1,0.E0));
#78=LINE('',#77,#76);
#79=DIRECTION('',(-9.473903143470E-14,-1.E0,0.E0));
#80=VECTOR('',#79,2.999999999999E-1);
#81=CARTESIAN_POINT('',(-9.E0,1.23E1,0.E0));
#82=LINE('',#81,#80);
#83=CARTESIAN_POINT('',(0.E0,1.2E1,0.E0));
#84=DIRECTION('',(0.E0,1.E0,0.E0));
#85=DIRECTION('',(-1.E0,0.E0,0.E0));
#86=AXIS2_PLACEMENT_3D('',#83,#84,#85);
#88=CARTESIAN_POINT('',(0.E0,1.2E1,0.E0));
#89=DIRECTION('',(0.E0,1.E0,0.E0));
#90=DIRECTION('',(1.E0,0.E0,0.E0));
#91=AXIS2_PLACEMENT_3D('',#88,#89,#90);
#93=CARTESIAN_POINT('',(0.E0,1.2E1,0.E0));
#94=DIRECTION('',(0.E0,1.E0,0.E0));
#95=DIRECTION('',(0.E0,0.E0,-1.E0));
#96=AXIS2_PLACEMENT_3D('',#93,#94,#95);
#98=CARTESIAN_POINT('',(0.E0,1.1E1,0.E0));
#99=DIRECTION('',(0.E0,-1.E0,0.E0));
#100=DIRECTION('',(0.E0,0.E0,1.E0));
#101=AXIS2_PLACEMENT_3D('',#98,#99,#100);
#103=DIRECTION('',(0.E0,1.E0,0.E0));
#104=VECTOR('',#103,1.E0);
#105=CARTESIAN_POINT('',(0.E0,1.1E1,-7.35E0));
#106=LINE('',#105,#104);
#107=CARTESIAN_POINT('',(0.E0,1.2E1,0.E0));
#108=DIRECTION('',(0.E0,1.E0,0.E0));
#109=DIRECTION('',(0.E0,0.E0,1.E0));
#110=AXIS2_PLACEMENT_3D('',#107,#108,#109);
#112=CARTESIAN_POINT('',(0.E0,1.1E1,0.E0));
#113=DIRECTION('',(0.E0,-1.E0,0.E0));
#114=DIRECTION('',(0.E0,0.E0,-1.E0));
#115=AXIS2_PLACEMENT_3D('',#112,#113,#114);
#117=DIRECTION('',(0.E0,1.E0,0.E0));
#118=VECTOR('',#117,1.E0);
#119=CARTESIAN_POINT('',(0.E0,1.1E1,7.35E0));
#120=LINE('',#119,#118);
#121=CARTESIAN_POINT('',(0.E0,1.1E1,0.E0));
#122=DIRECTION('',(0.E0,-1.E0,0.E0));
#123=DIRECTION('',(1.E0,0.E0,0.E0));
#124=AXIS2_PLACEMENT_3D('',#121,#122,#123);
#126=CARTESIAN_POINT('',(0.E0,1.1E1,0.E0));
#127=DIRECTION('',(0.E0,-1.E0,0.E0));
#128=DIRECTION('',(-1.E0,0.E0,0.E0));
#129=AXIS2_PLACEMENT_3D('',#126,#127,#128);
#131=CARTESIAN_POINT('',(8.000000524844E0,1.100000030302E1,1.420808282822E-14));
#132=CARTESIAN_POINT('',(8.000000524844E0,1.099226297884E1,3.889203328869E-1));
#133=CARTESIAN_POINT('',(7.943177007018E0,1.097678788683E1,1.166757603611E0));
#134=CARTESIAN_POINT('',(7.689284730224E0,1.095357609259E1,2.308742321144E0));
#135=CARTESIAN_POINT('',(7.272124532849E0,1.093036407227E1,3.401704499752E0));
#136=CARTESIAN_POINT('',(6.700554523552E0,1.090715211254E1,4.422438062711E0));
#137=CARTESIAN_POINT('',(5.986710786212E0,1.088394013657E1,5.349269400913E0));
#138=CARTESIAN_POINT('',(5.145750488407E0,1.086072816493E1,6.162519056658E0));
#139=CARTESIAN_POINT('',(4.195529834269E0,1.083751619215E1,6.844919182001E0));
#140=CARTESIAN_POINT('',(3.156224978608E0,1.081430421967E1,7.381980295737E0));
#141=CARTESIAN_POINT('',(2.049903608836E0,1.079109224711E1,7.762298911772E0));
#142=CARTESIAN_POINT('',(9.000563831231E-1,1.076788027457E1,7.977799678399E0));
#143=CARTESIAN_POINT('',(-2.689018506887E-1,1.074466830203E1,8.023906841190E0));
#144=CARTESIAN_POINT('',(-1.432150458449E0,1.072145632948E1,7.899641401098E0));
#145=CARTESIAN_POINT('',(-2.564990038686E0,1.069824435693E1,7.607641901521E0));
#146=CARTESIAN_POINT('',(-3.643366870534E0,1.067503238445E1,7.154108403834E0));
#147=CARTESIAN_POINT('',(-4.644383639985E0,1.065182041166E1,6.548670840644E0));
#148=CARTESIAN_POINT('',(-5.546785656362E0,1.062860844007E1,5.804184542517E0));
#149=CARTESIAN_POINT('',(-6.331412025214E0,1.060539646393E1,4.936457278161E0));
#150=CARTESIAN_POINT('',(-6.981602981258E0,1.058218450482E1,3.963913609818E0));
#151=CARTESIAN_POINT('',(-7.483551808560E0,1.055897248214E1,2.907203668511E0));
#152=CARTESIAN_POINT('',(-7.826604787622E0,1.053576069670E1,1.788764738565E0));
#153=CARTESIAN_POINT('',(-7.976379796859E0,1.051610259828E1,8.094280630180E-1));
#154=CARTESIAN_POINT('',(-7.999996656563E0,1.050418336390E1,2.102535893284E-1));
#155=CARTESIAN_POINT('',(-7.999997757578E0,1.050000050518E1,
-2.685912493063E-8));
#157=DIRECTION('',(8.518189539013E-1,4.999998480421E-1,-1.562197866227E-1));
#158=VECTOR('',#157,1.000001007447E0);
#159=CARTESIAN_POINT('',(7.016947826102E0,7.528867514501E0,-1.286876829886E0));
#160=LINE('',#159,#158);
#161=CARTESIAN_POINT('',(7.868767638165E0,8.028867866266E0,-1.443096773892E0));
#162=CARTESIAN_POINT('',(7.798611446350E0,8.036605190447E0,-1.825637143112E0));
#163=CARTESIAN_POINT('',(7.602406143516E0,8.052079323789E0,-2.580463915055E0));
#164=CARTESIAN_POINT('',(7.146680404801E0,8.075291503331E0,-3.657916460896E0));
#165=CARTESIAN_POINT('',(6.539206969195E0,8.098503420409E0,-4.657699025279E0));
#166=CARTESIAN_POINT('',(5.792886108080E0,8.121715407814E0,-5.558584357589E0));
#167=CARTESIAN_POINT('',(4.923564085272E0,8.144927376374E0,-6.341443512042E0));
#168=CARTESIAN_POINT('',(3.949699445413E0,8.168139349984E0,-6.989654033889E0));
#169=CARTESIAN_POINT('',(2.891970343475E0,8.191351322242E0,-7.489452365070E0));
#170=CARTESIAN_POINT('',(1.772835680671E0,8.214563294861E0,-7.830226232493E0));
#171=CARTESIAN_POINT('',(6.160581788594E-1,8.237775267384E0,-8.004739940896E0));
#172=CARTESIAN_POINT('',(-5.538001620464E-1,8.260987239932E0,
-8.009288019668E0));
#173=CARTESIAN_POINT('',(-1.711899595938E0,8.284199212473E0,-7.843773898763E0));
#174=CARTESIAN_POINT('',(-2.833650054544E0,8.307411185018E0,-7.511711959951E0));
#175=CARTESIAN_POINT('',(-3.895233272925E0,8.330623157553E0,-7.020152915267E0));
#176=CARTESIAN_POINT('',(-4.874108520825E0,8.353835130124E0,-6.379534098603E0));
#177=CARTESIAN_POINT('',(-5.749491230431E0,8.377047102562E0,-5.603457847830E0));
#178=CARTESIAN_POINT('',(-6.502794251837E0,8.400259075499E0,-4.708402687196E0));
#179=CARTESIAN_POINT('',(-7.118022761958E0,8.423471046572E0,-3.713373427390E0));
#180=CARTESIAN_POINT('',(-7.582112967711E0,8.446683024600E0,-2.639497669162E0));
#181=CARTESIAN_POINT('',(-7.885212912958E0,8.469894976672E0,-1.509577067318E0));
#182=CARTESIAN_POINT('',(-7.989086052698E0,8.487667364052E0,
-6.199080250029E-1));
#183=CARTESIAN_POINT('',(-7.999997624170E0,8.497702300433E0,
-1.154940066877E-1));
#184=CARTESIAN_POINT('',(-7.999995079078E0,8.499999980957E0,7.514740919946E-9));
#186=CARTESIAN_POINT('',(-7.999995079078E0,8.499999980957E0,7.514740919946E-9));
#187=CARTESIAN_POINT('',(-7.999989053700E0,8.505439624614E0,2.734263064673E-1));
#188=CARTESIAN_POINT('',(-7.966030078967E0,8.518616635818E0,9.357742994838E-1));
#189=CARTESIAN_POINT('',(-7.782035316601E0,8.539530905117E0,1.973656750225E0));
#190=CARTESIAN_POINT('',(-7.412587586640E0,8.562742884417E0,3.083655797277E0));
#191=CARTESIAN_POINT('',(-6.885748024919E0,8.585954855149E0,4.128179221952E0));
#192=CARTESIAN_POINT('',(-6.212702378275E0,8.609166828178E0,5.085048502732E0));
#193=CARTESIAN_POINT('',(-5.407741696110E0,8.632378800591E0,5.933946323457E0));
#194=CARTESIAN_POINT('',(-4.487957757360E0,8.655590773168E0,6.656847930143E0));
#195=CARTESIAN_POINT('',(-3.472880461274E0,8.678802745702E0,7.238403864395E0));
#196=CARTESIAN_POINT('',(-2.384063065564E0,8.702014718248E0,7.666265877248E0));
#197=CARTESIAN_POINT('',(-1.244624565156E0,8.725226690790E0,7.931349121887E0));
#198=CARTESIAN_POINT('',(-7.875879791020E-2,8.748438663333E0,8.028025053098E0));
#199=CARTESIAN_POINT('',(1.088779264609E0,8.771650635876E0,7.954240938921E0));
#200=CARTESIAN_POINT('',(2.233199142723E0,8.794862608419E0,7.711563446546E0));
#201=CARTESIAN_POINT('',(3.330201228549E0,8.818074580963E0,7.305145377076E0));
#202=CARTESIAN_POINT('',(4.356492739957E0,8.841286553503E0,6.743616255477E0));
#203=CARTESIAN_POINT('',(5.290282308915E0,8.864498526056E0,6.038899098770E0));
#204=CARTESIAN_POINT('',(6.111742643581E0,8.887710498563E0,5.205957253294E0));
#205=CARTESIAN_POINT('',(6.803431660656E0,8.910922471238E0,4.262476675548E0));
#206=CARTESIAN_POINT('',(7.350662323909E0,8.934134443284E0,3.228490406290E0));
#207=CARTESIAN_POINT('',(7.741816404319E0,8.957346417683E0,2.125953198299E0));
#208=CARTESIAN_POINT('',(7.956305934203E0,8.979301593891E0,1.040415283597E0));
#209=CARTESIAN_POINT('',(7.999993060756E0,8.993519466674E0,3.257467170643E-1));
#210=CARTESIAN_POINT('',(8.000000835376E0,9.000000001072E0,8.343619593243E-9));
#212=CARTESIAN_POINT('',(8.000000835376E0,9.000000001072E0,8.343619593243E-9));
#213=CARTESIAN_POINT('',(8.000002343132E0,9.001256790855E0,-6.317304348776E-2));
#214=CARTESIAN_POINT('',(7.994641728406E0,9.010250868176E0,-5.152655385675E-1));
#215=CARTESIAN_POINT('',(7.913315244616E0,9.026982345266E0,-1.354586000789E0));
#216=CARTESIAN_POINT('',(7.632437184295E0,9.050194303332E0,-2.490235563024E0));
#217=CARTESIAN_POINT('',(7.189505946689E0,9.073406279754E0,-3.573009678082E0));
#218=CARTESIAN_POINT('',(6.593917086625E0,9.096618251257E0,-4.579917629853E0));
#219=CARTESIAN_POINT('',(5.858319296646E0,9.119830224079E0,-5.489579628384E0));
#220=CARTESIAN_POINT('',(4.998330950539E0,9.143042196547E0,-6.282680705481E0));
#221=CARTESIAN_POINT('',(4.032212464966E0,9.166254169110E0,-6.942380848995E0));
#222=CARTESIAN_POINT('',(2.980477505078E0,9.189466141648E0,-7.454672564266E0));
#223=CARTESIAN_POINT('',(1.865457701691E0,9.212678114192E0,-7.808678298220E0));
#224=CARTESIAN_POINT('',(7.108284042828E-1,9.235890086735E0,-7.996881403462E0));
#225=CARTESIAN_POINT('',(-4.588940000361E-1,9.259102059278E0,
-8.015285740268E0));
#226=CARTESIAN_POINT('',(-1.618872651589E0,9.282314031821E0,-7.863500527083E0));
#227=CARTESIAN_POINT('',(-2.744477580437E0,9.305526004364E0,-7.544748638054E0));
#228=CARTESIAN_POINT('',(-3.811808679157E0,9.328737976906E0,-7.065798171298E0));
#229=CARTESIAN_POINT('',(-4.798203172213E0,9.351949949452E0,-6.436818741206E0));
#230=CARTESIAN_POINT('',(-5.682716834093E0,9.375161921984E0,-5.671165545166E0));
#231=CARTESIAN_POINT('',(-6.446568638645E0,9.398373894569E0,-4.785095793236E0));
#232=CARTESIAN_POINT('',(-7.073539770245E0,9.421585866954E0,-3.797423508514E0));
#233=CARTESIAN_POINT('',(-7.550317136608E0,9.444797840087E0,-2.729120077571E0));
#234=CARTESIAN_POINT('',(-7.866779269162E0,9.468009810430E0,-1.602868847088E0));
#235=CARTESIAN_POINT('',(-7.985228259620E0,9.486410538490E0,
-6.830814442987E-1));
#236=CARTESIAN_POINT('',(-7.999995941262E0,9.497073927335E0,
-1.470805666900E-1));
#237=CARTESIAN_POINT('',(-7.999993750820E0,9.500000000525E0,4.087837395177E-9));
#239=CARTESIAN_POINT('',(-7.999993750820E0,9.500000000525E0,4.087837395177E-9));
#240=CARTESIAN_POINT('',(-7.999990149143E0,9.504811251516E0,2.418400046037E-1));
#241=CARTESIAN_POINT('',(-7.971396082860E0,9.517359833295E0,8.726012894652E-1));
#242=CARTESIAN_POINT('',(-7.804866872775E0,9.537645728883E0,1.881342725534E0));
#243=CARTESIAN_POINT('',(-7.448592405967E0,9.560857702580E0,2.995639877365E0));
#244=CARTESIAN_POINT('',(-6.934161887974E0,9.584069674814E0,4.046330268163E0));
#245=CARTESIAN_POINT('',(-6.272497233759E0,9.607281647440E0,5.011104421720E0));
#246=CARTESIAN_POINT('',(-5.477647932256E0,9.630493619960E0,5.869477179616E0));
#247=CARTESIAN_POINT('',(-4.566491041144E0,9.653705592509E0,6.603222604585E0));
#248=CARTESIAN_POINT('',(-3.558373287221E0,9.676917565051E0,7.196760990312E0));
#249=CARTESIAN_POINT('',(-2.474700153583E0,9.700129537594E0,7.637489662906E0));
#250=CARTESIAN_POINT('',(-1.338481406889E0,9.723341510137E0,7.916050576194E0));
#251=CARTESIAN_POINT('',(-1.738425194392E-1,9.746553482680E0,8.026529011961E0));
#252=CARTESIAN_POINT('',(9.944875876416E-1,9.769765455223E0,7.966579167965E0));
#253=CARTESIAN_POINT('',(2.141701617168E0,9.792977427766E0,7.737473966633E0));
#254=CARTESIAN_POINT('',(3.243440632458E0,9.816189400309E0,7.344078026941E0));
#255=CARTESIAN_POINT('',(4.276311272447E0,9.839401372851E0,6.794744373363E0));
#256=CARTESIAN_POINT('',(5.218382470401E0,9.862613345397E0,6.101137075062E0));
#257=CARTESIAN_POINT('',(6.049651101782E0,9.885825317931E0,5.277983581318E0));
#258=CARTESIAN_POINT('',(6.752466777151E0,9.909037290509E0,4.342762011606E0));
#259=CARTESIAN_POINT('',(7.311906375886E0,9.932249262920E0,3.315330041190E0));
#260=CARTESIAN_POINT('',(7.716091803244E0,9.955461235956E0,2.217503258188E0));
#261=CARTESIAN_POINT('',(7.949932186529E0,9.978044811618E0,1.103587026492E0));
#262=CARTESIAN_POINT('',(7.999995301187E0,9.992891069056E0,3.573329645228E-1));
#263=CARTESIAN_POINT('',(8.000001100163E0,9.999999998147E0,1.797847250747E-9));
#265=DIRECTION('',(-8.660256780226E-1,4.999995250053E-1,-1.797848882195E-9));
#266=VECTOR('',#265,1.000000131984E0);
#267=CARTESIAN_POINT('',(8.000001100163E0,9.999999998147E0,1.797847250747E-9));
#268=LINE('',#267,#266);
#269=DIRECTION('',(8.660250479730E-1,5.000006162830E-1,1.607681565541E-14));
#270=VECTOR('',#269,1.000000195182E0);
#271=CARTESIAN_POINT('',(7.133975307838E0,1.049999958914E1,0.E0));
#272=LINE('',#271,#270);
#273=DIRECTION('',(-5.753184155912E-7,9.999999999998E-1,-1.797832494556E-9));
#274=VECTOR('',#273,1.000000304872E0);
#275=CARTESIAN_POINT('',(8.000001100163E0,9.999999998147E0,1.797847250747E-9));
#276=LINE('',#275,#274);
#277=DIRECTION('',(4.484849060823E-6,-9.999999999899E-1,-5.371830511594E-8));
#278=VECTOR('',#277,4.999994948219E-1);
#279=CARTESIAN_POINT('',(-8.E0,1.1E1,0.E0));
#280=LINE('',#279,#278);
#281=CARTESIAN_POINT('',(-7.999997757578E0,1.050000050518E1,
-2.685912493063E-8));
#282=CARTESIAN_POINT('',(-7.999998693186E0,1.049644603972E1,
-1.786671225506E-1));
#283=CARTESIAN_POINT('',(-7.980989520424E0,1.048515322018E1,
-7.462548412470E-1));
#284=CARTESIAN_POINT('',(-7.847243552499E0,1.046612481390E1,-1.695935753918E0));
#285=CARTESIAN_POINT('',(-7.517461548413E0,1.044291261010E1,-2.818359584876E0));
#286=CARTESIAN_POINT('',(-7.028064472206E0,1.041970069952E1,-3.880940808314E0));
#287=CARTESIAN_POINT('',(-6.389438534137E0,1.039648871037E1,-4.861117545584E0));
#288=CARTESIAN_POINT('',(-5.615145155664E0,1.037327674228E1,-5.738077572655E0));
#289=CARTESIAN_POINT('',(-4.721624628875E0,1.035006476855E1,-6.493200292018E0));
#290=CARTESIAN_POINT('',(-3.727849285625E0,1.032685279632E1,-7.110452089148E0));
#291=CARTESIAN_POINT('',(-2.654920053360E0,1.030364082369E1,-7.576726780765E0));
#292=CARTESIAN_POINT('',(-1.525618577915E0,1.028042885117E1,-7.882123898820E0));
#293=CARTESIAN_POINT('',(-3.639234547522E-1,1.025721687863E1,
-8.020158908680E0));
#294=CARTESIAN_POINT('',(8.054988998092E-1,1.023400490608E1,-7.987900895965E0));
#295=CARTESIAN_POINT('',(1.957817997205E0,1.021079293354E1,-7.786034799035E0));
#296=CARTESIAN_POINT('',(3.068566502938E0,1.018758096100E1,-7.418846865605E0));
#297=CARTESIAN_POINT('',(4.114159760997E0,1.016436898845E1,-6.894133642328E0));
#298=CARTESIAN_POINT('',(5.072396546312E0,1.014115701590E1,-6.223036429706E0));
#299=CARTESIAN_POINT('',(5.922930553436E0,1.011794504341E1,-5.419804717716E0));
#300=CARTESIAN_POINT('',(6.647702086251E0,1.009473307068E1,-4.501493623732E0));
#301=CARTESIAN_POINT('',(7.231322738036E0,1.007152109881E1,-3.487601762492E0));
#302=CARTESIAN_POINT('',(7.661397596036E0,1.004830912376E1,-2.399657217009E0));
#303=CARTESIAN_POINT('',(7.928805365321E0,1.002509716058E1,-1.260760477152E0));
#304=CARTESIAN_POINT('',(7.997501765192E0,1.000899409289E1,-4.520923804025E-1));
#305=CARTESIAN_POINT('',(8.000001612764E0,1.000062839324E1,-3.158651093941E-2));
#306=CARTESIAN_POINT('',(8.000001100163E0,9.999999998147E0,1.797847250747E-9));
#308=CARTESIAN_POINT('',(7.999998756060E0,7.999999963147E0,1.855780100669E-8));
#309=CARTESIAN_POINT('',(7.999990982712E0,7.993519428542E0,3.257467376841E-1));
#310=CARTESIAN_POINT('',(7.956307096778E0,7.979301615612E0,1.040415250237E0));
#311=CARTESIAN_POINT('',(7.741816070427E0,7.957346411493E0,2.125953204952E0));
#312=CARTESIAN_POINT('',(7.350662413375E0,7.934134444942E0,3.228490404508E0));
#313=CARTESIAN_POINT('',(6.803431636684E0,7.910922470794E0,4.262476676026E0));
#314=CARTESIAN_POINT('',(6.111742650005E0,7.887710498682E0,5.205957253166E0));
#315=CARTESIAN_POINT('',(5.290282307193E0,7.864498526024E0,6.038899098804E0));
#316=CARTESIAN_POINT('',(4.356492740418E0,7.841286553512E0,6.743616255468E0));
#317=CARTESIAN_POINT('',(3.330201228426E0,7.818074580960E0,7.305145377079E0));
#318=CARTESIAN_POINT('',(2.233199142757E0,7.794862608419E0,7.711563446546E0));
#319=CARTESIAN_POINT('',(1.088779264599E0,7.771650635876E0,7.954240938921E0));
#320=CARTESIAN_POINT('',(-7.875879790471E-2,7.748438663333E0,8.028025053098E0));
#321=CARTESIAN_POINT('',(-1.244624565168E0,7.725226690790E0,7.931349121887E0));
#322=CARTESIAN_POINT('',(-2.384063065520E0,7.702014718247E0,7.666265877250E0));
#323=CARTESIAN_POINT('',(-3.472880461436E0,7.678802745704E0,7.238403864386E0));
#324=CARTESIAN_POINT('',(-4.487957756756E0,7.655590773159E0,6.656847930174E0));
#325=CARTESIAN_POINT('',(-5.407741698364E0,7.632378800624E0,5.933946323339E0));
#326=CARTESIAN_POINT('',(-6.212702369861E0,7.609166828051E0,5.085048503173E0));
#327=CARTESIAN_POINT('',(-6.885748056319E0,7.585954855621E0,4.128179220307E0));
#328=CARTESIAN_POINT('',(-7.412587469453E0,7.562742882656E0,3.083655803417E0));
#329=CARTESIAN_POINT('',(-7.782035753950E0,7.539530911688E0,1.973656727310E0));
#330=CARTESIAN_POINT('',(-7.966028644980E0,7.518616615127E0,9.357744117184E-1));
#331=CARTESIAN_POINT('',(-7.999991181577E0,7.505439658153E0,2.734262706350E-1));
#332=CARTESIAN_POINT('',(-7.999997210842E0,7.500000015251E0,9.613249742679E-9));
#334=CARTESIAN_POINT('',(-7.999997210842E0,7.500000015251E0,9.613249742679E-9));
#335=CARTESIAN_POINT('',(-7.999999757577E0,7.497702333972E0,
-1.154940425204E-1));
#336=CARTESIAN_POINT('',(-7.989082581391E0,7.487667312585E0,
-6.199078051158E-1));
#337=CARTESIAN_POINT('',(-7.885214237994E0,7.469894996581E0,-1.509577136743E0));
#338=CARTESIAN_POINT('',(-7.582112612669E0,7.446683019266E0,-2.639497650559E0));
#339=CARTESIAN_POINT('',(-7.118022857092E0,7.423471048001E0,-3.713373432374E0));
#340=CARTESIAN_POINT('',(-6.502794226346E0,7.400259075116E0,-4.708402685860E0));
#341=CARTESIAN_POINT('',(-5.749491237262E0,7.377047102664E0,-5.603457848188E0));
#342=CARTESIAN_POINT('',(-4.874108518995E0,7.353835130097E0,-6.379534098508E0));
#343=CARTESIAN_POINT('',(-3.895233273415E0,7.330623157560E0,-7.020152915293E0));
#344=CARTESIAN_POINT('',(-2.833650054412E0,7.307411185016E0,-7.511711959944E0));
#345=CARTESIAN_POINT('',(-1.711899595972E0,7.284199212474E0,-7.843773898765E0));
#346=CARTESIAN_POINT('',(-5.538001620385E-1,7.260987239931E0,
-8.009288019667E0));
#347=CARTESIAN_POINT('',(6.160581788626E-1,7.237775267387E0,-8.004739940898E0));
#348=CARTESIAN_POINT('',(1.772835680651E0,7.214563294849E0,-7.830226232489E0));
#349=CARTESIAN_POINT('',(2.891970343555E0,7.191351322287E0,-7.489452365084E0));
#350=CARTESIAN_POINT('',(3.949699445114E0,7.168139349813E0,-6.989654033835E0));
#351=CARTESIAN_POINT('',(4.923564086387E0,7.144927377013E0,-6.341443512245E0));
#352=CARTESIAN_POINT('',(5.792886103918E0,7.121715405430E0,-5.558584356834E0));
#353=CARTESIAN_POINT('',(6.539206984725E0,7.098503429306E0,-4.657699028096E0));
#354=CARTESIAN_POINT('',(7.146680346840E0,7.075291470128E0,-3.657916450382E0));
#355=CARTESIAN_POINT('',(7.602406359827E0,7.052079447706E0,-2.580463954292E0));
#356=CARTESIAN_POINT('',(7.798610980265E0,7.036604923444E0,-1.825637058569E0));
#357=CARTESIAN_POINT('',(7.868767172080E0,7.028867599263E0,-1.443096689349E0));
#359=DIRECTION('',(-8.518190231766E-1,4.999997257605E-1,1.562198002620E-1));
#360=VECTOR('',#359,1.000000378956E0);
#361=CARTESIAN_POINT('',(7.868767172080E0,7.028867599263E0,-1.443096689349E0));
#362=LINE('',#361,#360);
#363=CARTESIAN_POINT('',(7.016947826102E0,7.528867514501E0,-1.286876829886E0));
#364=CARTESIAN_POINT('',(6.954386264830E0,7.536604838682E0,-1.628005989391E0));
#365=CARTESIAN_POINT('',(6.779421875190E0,7.552079487044E0,-2.301120565043E0));
#366=CARTESIAN_POINT('',(6.373029466337E0,7.575291459587E0,-3.261935371511E0));
#367=CARTESIAN_POINT('',(5.831317073967E0,7.598503432130E0,-4.153488319917E0));
#368=CARTESIAN_POINT('',(5.165787785225E0,7.621715404673E0,-4.956849948533E0));
#369=CARTESIAN_POINT('',(4.390572640137E0,7.644927377216E0,-5.654962115105E0));
#370=CARTESIAN_POINT('',(3.522131937816E0,7.668139349759E0,-6.233001789175E0));
#371=CARTESIAN_POINT('',(2.578905370546E0,7.691351322302E0,-6.678695364020E0));
#372=CARTESIAN_POINT('',(1.580920588613E0,7.714563294845E0,-6.982579378147E0));
#373=CARTESIAN_POINT('',(5.493679247326E-1,7.737775267388E0,-7.138201423461E0));
#374=CARTESIAN_POINT('',(-4.938495359364E-1,7.760987239931E0,
-7.142257158260E0));
#375=CARTESIAN_POINT('',(-1.526581028561E0,7.784199212474E0,-6.994660466530E0));
#376=CARTESIAN_POINT('',(-2.526898438053E0,7.807411185016E0,-6.698545287044E0));
#377=CARTESIAN_POINT('',(-3.473561901577E0,7.830623157559E0,-6.260199069896E0));
#378=CARTESIAN_POINT('',(-4.346470797136E0,7.853835130102E0,-5.688929274342E0));
#379=CARTESIAN_POINT('',(-5.127090542566E0,7.877047102645E0,-4.996865742357E0));
#380=CARTESIAN_POINT('',(-5.798846142604E0,7.900259075188E0,-4.198703144213E0));
#381=CARTESIAN_POINT('',(-6.347474127801E0,7.923471047731E0,-3.311388964727E0));
#382=CARTESIAN_POINT('',(-6.761325412530E0,7.946683020274E0,-2.353763655231E0));
#383=CARTESIAN_POINT('',(-7.031612641457E0,7.969894992817E0,-1.346160591948E0));
#384=CARTESIAN_POINT('',(-7.152596772537E0,7.993106965360E0,
-3.099743349051E-1));
#385=CARTESIAN_POINT('',(-7.121708934805E0,8.016318937903E0,7.327936453947E-1));
#386=CARTESIAN_POINT('',(-6.939604973525E0,8.039530910446E0,1.760002127907E0));
#387=CARTESIAN_POINT('',(-6.610151524552E0,8.062742882989E0,2.749840268321E0));
#388=CARTESIAN_POINT('',(-6.140343913571E0,8.085954855532E0,3.681290711405E0));
#389=CARTESIAN_POINT('',(-5.540157623490E0,8.109166828075E0,4.534575855104E0));
#390=CARTESIAN_POINT('',(-4.822336483778E0,8.132378800618E0,5.291577790795E0));
#391=CARTESIAN_POINT('',(-4.002122079163E0,8.155590773161E0,5.936223003079E0));
#392=CARTESIAN_POINT('',(-3.096930123189E0,8.178802745704E0,6.454823660713E0));
#393=CARTESIAN_POINT('',(-2.125980668219E0,8.202014718247E0,6.836368252016E0));
#394=CARTESIAN_POINT('',(-1.109890003699E0,8.225226690790E0,7.072755393657E0));
#395=CARTESIAN_POINT('',(-7.023290793846E-2,8.248438663333E0,7.158965848323E0));
#396=CARTESIAN_POINT('',(9.709154518121E-1,8.271650635876E0,7.093169098805E0));
#397=CARTESIAN_POINT('',(1.991448244111E0,8.294862608419E0,6.876762215595E0));
#398=CARTESIAN_POINT('',(2.969696370402E0,8.318074580962E0,6.514340192716E0));
#399=CARTESIAN_POINT('',(3.884888567651E0,8.341286553505E0,6.013598381647E0));
#400=CARTESIAN_POINT('',(4.717592447139E0,8.364498526048E0,5.385169094978E0));
#401=CARTESIAN_POINT('',(5.450127104765E0,8.387710498591E0,4.642395849206E0));
#402=CARTESIAN_POINT('',(6.066938541859E0,8.410922471133E0,3.801050040202E0));
#403=CARTESIAN_POINT('',(6.554929925157E0,8.434134443676E0,2.878996067224E0));
#404=CARTESIAN_POINT('',(6.903739673474E0,8.457346416219E0,1.895812015920E0));
#405=CARTESIAN_POINT('',(7.105961466434E0,8.480558388762E0,8.723739544282E-1));
#406=CARTESIAN_POINT('',(7.157301503783E0,8.503770361305E0,-1.695873307564E-1));
#407=CARTESIAN_POINT('',(7.056669676181E0,8.526982333848E0,-1.207947747246E0));
#408=CARTESIAN_POINT('',(6.806202711626E0,8.550194306391E0,-2.220659660341E0));
#409=CARTESIAN_POINT('',(6.411218806046E0,8.573406278934E0,-3.186220033177E0));
#410=CARTESIAN_POINT('',(5.880104701388E0,8.596618251477E0,-4.084127003354E0));
#411=CARTESIAN_POINT('',(5.224137608897E0,8.619830224020E0,-4.895315201509E0));
#412=CARTESIAN_POINT('',(4.457245758692E0,8.643042196563E0,-5.602560568654E0));
#413=CARTESIAN_POINT('',(3.595712659947E0,8.666254169106E0,-6.190846076742E0));
#414=CARTESIAN_POINT('',(2.657831351131E0,8.689466141649E0,-6.647680587074E0));
#415=CARTESIAN_POINT('',(1.663515981664E0,8.712678114192E0,-6.963364076189E0));
#416=CARTESIAN_POINT('',(6.338789723333E-1,8.735890086735E0,-7.131193597656E0));
#417=CARTESIAN_POINT('',(-4.092172673407E-1,8.759102059278E0,
-7.147605606560E0));
#418=CARTESIAN_POINT('',(-1.443624546342E0,8.782314031821E0,-7.012251624693E0));
#419=CARTESIAN_POINT('',(-2.447379167428E0,8.805526004364E0,-6.728005639835E0));
#420=CARTESIAN_POINT('',(-3.399168285017E0,8.828737976907E0,-6.300903082015E0));
#421=CARTESIAN_POINT('',(-4.278782443471E0,8.851949949450E0,-5.740012672482E0));
#422=CARTESIAN_POINT('',(-5.067544686952E0,8.875161921993E0,-5.057243866431E0));
#423=CARTESIAN_POINT('',(-5.748707129532E0,8.898373894536E0,-4.267093978070E0));
#424=CARTESIAN_POINT('',(-6.307806565115E0,8.921585867079E0,-3.386340357362E0));
#425=CARTESIAN_POINT('',(-6.732971566478E0,8.944797839622E0,-2.433684154488E0));
#426=CARTESIAN_POINT('',(-7.015174552747E0,8.968009812165E0,-1.429353236016E0));
#427=CARTESIAN_POINT('',(-7.148423473132E0,8.991221784708E0,
-3.946726841186E-1));
#428=CARTESIAN_POINT('',(-7.129889036885E0,9.014433757250E0,6.483880015231E-1));
#429=CARTESIAN_POINT('',(-6.959964787975E0,9.037645729793E0,1.677681384816E0));
#430=CARTESIAN_POINT('',(-6.642258748922E0,9.060857702336E0,2.671352352495E0));
#431=CARTESIAN_POINT('',(-6.183516811210E0,9.084069674879E0,3.608302166435E0));
#432=CARTESIAN_POINT('',(-5.593479498940E0,9.107281647422E0,4.468636455760E0));
#433=CARTESIAN_POINT('',(-4.884675147086E0,9.130493619965E0,5.234087636470E0));
#434=CARTESIAN_POINT('',(-4.072153885809E0,9.153705592508E0,5.888402789306E0));
#435=CARTESIAN_POINT('',(-3.173168079190E0,9.176917565051E0,6.417688759984E0));
#436=CARTESIAN_POINT('',(-2.206806003660E0,9.200129537594E0,6.810707154255E0));
#437=CARTESIAN_POINT('',(-1.193586544270E0,9.223341510137E0,7.059112964116E0));
#438=CARTESIAN_POINT('',(-1.550235146792E-1,9.246553482680E0,7.157631758390E0));
#439=CARTESIAN_POINT('',(8.868311483053E-1,9.269765455223E0,7.104171675376E0));
#440=CARTESIAN_POINT('',(1.909855616218E0,9.292977427766E0,6.899867839605E0));
#441=CARTESIAN_POINT('',(2.892327884446E0,9.316189400309E0,6.549058259603E0));
#442=CARTESIAN_POINT('',(3.813386998230E0,9.339401372852E0,6.059191718418E0));
#443=CARTESIAN_POINT('',(4.653475995890E0,9.362613345395E0,5.440669612693E0));
#444=CARTESIAN_POINT('',(5.394757164199E0,9.385825317938E0,4.706625098533E0));
#445=CARTESIAN_POINT('',(6.021490788748E0,9.409037290481E0,3.872644233574E0));
#446=CARTESIAN_POINT('',(6.520369357245E0,9.432249263024E0,2.956435036309E0));
#447=CARTESIAN_POINT('',(6.880800119558E0,9.455461235567E0,1.977451489544E0));
#448=CARTESIAN_POINT('',(7.095130004890E0,9.478673208110E0,9.564804715849E-1));
#449=CARTESIAN_POINT('',(7.158808120369E0,9.501885180653E0,-8.479961411133E-2));
#450=CARTESIAN_POINT('',(7.070482380721E0,9.525097153196E0,-1.124279139150E0));
#451=CARTESIAN_POINT('',(6.832028217262E0,9.548309125739E0,-2.139886706662E0));
#452=CARTESIAN_POINT('',(6.448508756634E0,9.571521098282E0,-3.110057795995E0));
#453=CARTESIAN_POINT('',(5.928067314812E0,9.594733070825E0,-4.014192644838E0));
#454=CARTESIAN_POINT('',(5.281754489074E0,9.617945043367E0,-4.833093646513E0));
#455=CARTESIAN_POINT('',(4.523293519304E0,9.641157015910E0,-5.549372975124E0));
#456=CARTESIAN_POINT('',(3.668788900754E0,9.664368988453E0,-6.147821783406E0));
#457=CARTESIAN_POINT('',(2.736384435304E0,9.687580960996E0,-6.615733134056E0));
#458=CARTESIAN_POINT('',(1.745877981885E0,9.710792933539E0,-6.943171807696E0));
#459=CARTESIAN_POINT('',(7.183010861021E-1,9.734004906082E0,-7.123185258613E0));
#460=CARTESIAN_POINT('',(-3.245275851713E-1,9.757216878625E0,
-7.151951239017E0));
#461=CARTESIAN_POINT('',(-1.360465522231E0,9.780428851168E0,-7.028858957301E0));
#462=CARTESIAN_POINT('',(-2.367516527184E0,9.803640823711E0,-6.756522047054E0));
#463=CARTESIAN_POINT('',(-3.324297761923E0,9.826852796254E0,-6.340723071455E0));
#464=CARTESIAN_POINT('',(-4.210493772571E0,9.850064768797E0,-5.790290741401E0));
#465=CARTESIAN_POINT('',(-5.007287850013E0,9.873276741340E0,-5.116912454393E0));
#466=CARTESIAN_POINT('',(-5.697761567398E0,9.896488713883E0,-4.334886134594E0));
#467=CARTESIAN_POINT('',(-6.267254011186E0,9.919700686426E0,-3.460816643234E0));
#468=CARTESIAN_POINT('',(-6.703673078130E0,9.942912658969E0,-2.513263205550E0));
#469=CARTESIAN_POINT('',(-6.997752228393E0,9.966124631512E0,-1.512345340469E0));
#470=CARTESIAN_POINT('',(-7.143247243133E0,9.989336604055E0,
-4.793156603802E-1));
#471=CARTESIAN_POINT('',(-7.137068808771E0,1.001254857660E1,5.638913881999E-1));
#472=CARTESIAN_POINT('',(-6.979348112764E0,1.003576054914E1,1.595125261436E0));
#473=CARTESIAN_POINT('',(-6.673434058090E0,1.005897252168E1,2.592489643400E0));
#474=CARTESIAN_POINT('',(-6.225822155575E0,1.008218449423E1,3.534807373248E0));
#475=CARTESIAN_POINT('',(-5.646016603911E0,1.010539646677E1,4.402070102482E0));
#476=CARTESIAN_POINT('',(-4.946328485839E0,1.012860843931E1,5.175863134685E0));
#477=CARTESIAN_POINT('',(-4.141614365402E0,1.015182041186E1,5.839756427036E0));
#478=CARTESIAN_POINT('',(-3.248960836700E0,1.017503238440E1,6.379653451435E0));
#479=CARTESIAN_POINT('',(-2.287321722125E0,1.019824435694E1,6.784090507821E0));
#480=CARTESIAN_POINT('',(-1.277115623517E0,1.022145632948E1,7.044480134331E0));
#481=CARTESIAN_POINT('',(-2.397923714744E-1,1.024466830203E1,7.155293445931E0));
#482=CARTESIAN_POINT('',(8.026224215496E-1,1.026788027457E1,7.114177529925E0));
#483=CARTESIAN_POINT('',(1.827995033761E0,1.029109224712E1,6.922005405601E0));
#484=CARTESIAN_POINT('',(2.814553602178E0,1.031430421964E1,6.582857487444E0));
#485=CARTESIAN_POINT('',(3.741350406875E0,1.033751619227E1,6.103934944693E0));
#486=CARTESIAN_POINT('',(4.588706658001E0,1.036072816448E1,5.495406799862E0));
#487=CARTESIAN_POINT('',(5.338630332384E0,1.038394013827E1,4.770194001804E0));
#488=CARTESIAN_POINT('',(5.975198221123E0,1.040715210616E1,3.943695099090E0));
#489=CARTESIAN_POINT('',(6.484893951615E0,1.043036409606E1,3.033459185633E0));
#490=CARTESIAN_POINT('',(6.856895271353E0,1.045357600382E1,2.058813633531E0));
#491=CARTESIAN_POINT('',(7.083302759611E0,1.047678821814E1,1.040452388013E0));
#492=CARTESIAN_POINT('',(7.133975307838E0,1.049226226496E1,3.468184718459E-1));
#493=CARTESIAN_POINT('',(7.133975307838E0,1.049999958914E1,0.E0));
#495=CARTESIAN_POINT('',(7.999998756060E0,7.999999963147E0,1.855780100669E-8));
#496=CARTESIAN_POINT('',(8.000001088622E0,8.001885147733E0,-9.475961964983E-2));
#497=CARTESIAN_POINT('',(7.991408648337E0,8.011507690113E0,-5.784386481237E-1));
#498=CARTESIAN_POINT('',(7.938923829980E0,8.021130542085E0,-1.060556404672E0));
#499=CARTESIAN_POINT('',(7.868767638165E0,8.028867866266E0,-1.443096773892E0));
#501=DIRECTION('',(8.096654652054E-1,4.999997983277E-1,-3.073142302692E-1));
#502=VECTOR('',#501,1.000004707633E0);
#503=CARTESIAN_POINT('',(6.669703831679E0,4.557735029002E0,-2.531533046837E0));
#504=LINE('',#503,#502);
#505=CARTESIAN_POINT('',(7.479373108492E0,5.057737181145E0,-2.838848723829E0));
#506=CARTESIAN_POINT('',(7.341362450521E0,5.065474505326E0,-3.202458519653E0));
#507=CARTESIAN_POINT('',(7.012210356445E0,5.080946002732E0,-3.909508315267E0));
#508=CARTESIAN_POINT('',(6.369603768667E0,5.104159241719E0,-4.887079665461E0));
#509=CARTESIAN_POINT('',(5.591747201413E0,5.127370874919E0,-5.760880979906E0));
#510=CARTESIAN_POINT('',(4.695161287051E0,5.150582938389E0,-6.512361353383E0));
#511=CARTESIAN_POINT('',(3.698882190475E0,5.173794886568E0,-7.125563806926E0));
#512=CARTESIAN_POINT('',(2.624064337831E0,5.197006865640E0,-7.587468325786E0));
#513=CARTESIAN_POINT('',(1.493529386184E0,5.220218836433E0,-7.888267183872E0));
#514=CARTESIAN_POINT('',(3.312821456751E-1,5.243430809445E0,-8.021573495491E0));
#515=CARTESIAN_POINT('',(-8.379992506315E-1,5.266642781862E0,
-7.984556747673E0));
#516=CARTESIAN_POINT('',(-1.989487305561E0,5.289854754442E0,-7.778002922558E0));
#517=CARTESIAN_POINT('',(-3.098732330190E0,5.313066726960E0,-7.406297802718E0));
#518=CARTESIAN_POINT('',(-4.142181593915E0,5.336278699562E0,-6.877333848811E0));
#519=CARTESIAN_POINT('',(-5.097679388183E0,5.359490671893E0,-6.202342617770E0));
#520=CARTESIAN_POINT('',(-5.944937591788E0,5.382702645227E0,-5.395656281142E0));
#521=CARTESIAN_POINT('',(-6.665965963708E0,5.405914614817E0,-4.474403311037E0));
#522=CARTESIAN_POINT('',(-7.245455951084E0,5.429126598382E0,-3.458144778957E0));
#523=CARTESIAN_POINT('',(-7.671098949048E0,5.452338529789E0,-2.368459051277E0));
#524=CARTESIAN_POINT('',(-7.933872986116E0,5.475550655854E0,-1.228483470867E0));
#525=CARTESIAN_POINT('',(-7.998392694928E0,5.491437410616E0,
-4.303882514812E-1));
#526=CARTESIAN_POINT('',(-8.000001721688E0,5.499587533521E0,
-2.073438229484E-2));
#527=CARTESIAN_POINT('',(-8.000001479019E0,5.500000032071E0,7.102391476303E-9));
#529=CARTESIAN_POINT('',(-8.000001479019E0,5.500000032071E0,7.102391476303E-9));
#530=CARTESIAN_POINT('',(-7.999997169888E0,5.507324857702E0,3.681850266276E-1));
#531=CARTESIAN_POINT('',(-7.947654160492E0,5.522386964112E0,1.125290657967E0));
#532=CARTESIAN_POINT('',(-7.707003686192E0,5.545186456324E0,2.248885781923E0));
#533=CARTESIAN_POINT('',(-7.298353992277E0,5.568398423897E0,3.345058627286E0));
#534=CARTESIAN_POINT('',(-6.734737850894E0,5.591610397771E0,4.370205432805E0));
#535=CARTESIAN_POINT('',(-6.028122082872E0,5.614822369958E0,5.302559127145E0));
#536=CARTESIAN_POINT('',(-5.193510484599E0,5.638034342596E0,6.122322930173E0));
#537=CARTESIAN_POINT('',(-4.248624430377E0,5.661246315114E0,6.812090695818E0));
#538=CARTESIAN_POINT('',(-3.213526812066E0,5.684458287663E0,7.357216500156E0));
#539=CARTESIAN_POINT('',(-2.110195982339E0,5.707670260205E0,7.746125619782E0));
#540=CARTESIAN_POINT('',(-9.620591013883E-1,5.730882232748E0,7.970560299431E0));
#541=CARTESIAN_POINT('',(2.065052990637E-1,5.754094205291E0,8.025755089889E0));
#542=CARTESIAN_POINT('',(1.370684947076E0,5.777306177834E0,7.910538033367E0));
#543=CARTESIAN_POINT('',(2.505760672537E0,5.800518150377E0,7.627355547828E0));
#544=CARTESIAN_POINT('',(3.587631273323E0,5.823730122921E0,7.182220481877E0));
#545=CARTESIAN_POINT('',(4.593325255198E0,5.846942095459E0,6.584584443282E0));
#546=CARTESIAN_POINT('',(5.501488602963E0,5.870154068022E0,5.847137111520E0));
#547=CARTESIAN_POINT('',(6.292838138492E0,5.893366040488E0,4.985536797373E0));
#548=CARTESIAN_POINT('',(6.950571165830E0,5.916578013315E0,4.018077963893E0));
#549=CARTESIAN_POINT('',(7.460721487315E0,5.939789984799E0,2.965302793473E0));
#550=CARTESIAN_POINT('',(7.812458776952E0,5.963001961294E0,1.849564954687E0));
#551=CARTESIAN_POINT('',(7.973151463226E0,5.983071951303E0,8.508971646245E-1));
#552=CARTESIAN_POINT('',(7.999991812978E0,5.995404651604E0,2.309878916E-1));
#553=CARTESIAN_POINT('',(7.999994537011E0,6.000000006005E0,6.453259875484E-9));
#555=CARTESIAN_POINT('',(7.999994537011E0,6.000000006005E0,6.453259875484E-9));
#556=CARTESIAN_POINT('',(7.999996399506E0,6.003141975785E0,-1.579327428952E-1));
#557=CARTESIAN_POINT('',(7.983814782313E0,6.014021243386E0,-7.047855961707E-1));
#558=CARTESIAN_POINT('',(7.860191633067E0,6.032637880914E0,-1.634869747446E0));
#559=CARTESIAN_POINT('',(7.539148257519E0,6.055849846980E0,-2.759823722155E0));
#560=CARTESIAN_POINT('',(7.058027490581E0,6.079061821259E0,-3.826178066630E0));
#561=CARTESIAN_POINT('',(6.427042147069E0,6.102273793337E0,-4.811290688055E0));
#562=CARTESIAN_POINT('',(5.659590788706E0,6.125485766004E0,-5.694244584693E0));
#563=CARTESIAN_POINT('',(4.771968597871E0,6.148697738514E0,-6.456291883358E0));
#564=CARTESIAN_POINT('',(3.783022621379E0,6.171909711066E0,-7.081251940983E0));
#565=CARTESIAN_POINT('',(2.713751256179E0,6.195121683606E0,-7.555854903331E0));
#566=CARTESIAN_POINT('',(1.586858476935E0,6.218333656150E0,-7.870023467293E0));
#567=CARTESIAN_POINT('',(4.262717358415E-1,6.241545628693E0,-8.017086853005E0));
#568=CARTESIAN_POINT('',(-7.433660854692E-1,6.264757601236E0,
-7.993922445481E0));
#569=CARTESIAN_POINT('',(-1.897219923185E0,6.287969573778E0,-7.801022097438E0));
#570=CARTESIAN_POINT('',(-3.010789856066E0,6.311181546325E0,-7.442481685747E0));
#571=CARTESIAN_POINT('',(-4.060431318254E0,6.334393518855E0,-6.925914143129E0));
#572=CARTESIAN_POINT('',(-5.023857136625E0,6.357605491444E0,-6.262287812001E0));
#573=CARTESIAN_POINT('',(-5.880610796634E0,6.380817463815E0,-5.465693551596E0));
#574=CARTESIAN_POINT('',(-6.612500650425E0,6.404029437001E0,-4.553045547685E0));
#575=CARTESIAN_POINT('',(-7.203986733133E0,6.427241407143E0,-3.543722161622E0));
#576=CARTESIAN_POINT('',(-7.642508669251E0,6.450453388648E0,-2.459154504381E0));
#577=CARTESIAN_POINT('',(-7.918760040310E0,6.473665327745E0,-1.322371248401E0));
#578=CARTESIAN_POINT('',(-7.995672321043E0,6.490180958150E0,
-4.935613970059E-1));
#579=CARTESIAN_POINT('',(-8.000000623689E0,6.498959096057E0,
-5.232089914304E-2));
#580=CARTESIAN_POINT('',(-7.999999467167E0,6.499999989289E0,9.705236582506E-9));
#582=CARTESIAN_POINT('',(-7.999999467167E0,6.499999989289E0,9.705236582506E-9));
#583=CARTESIAN_POINT('',(-7.999992026856E0,6.506696420237E0,3.365987522888E-1));
#584=CARTESIAN_POINT('',(-7.954159893270E0,6.521130201651E0,1.062119118899E0));
#585=CARTESIAN_POINT('',(-7.733100310973E0,6.543301269134E0,2.157441170513E0));
#586=CARTESIAN_POINT('',(-7.337463104290E0,6.566513244995E0,3.258377429169E0));
#587=CARTESIAN_POINT('',(-6.786029012513E0,6.589725216649E0,4.290128165035E0));
#588=CARTESIAN_POINT('',(-6.090506230319E0,6.612937189430E0,5.230786079014E0));
#589=CARTESIAN_POINT('',(-5.265663005498E0,6.636149161910E0,6.060378067981E0));
#590=CARTESIAN_POINT('',(-4.329013301919E0,6.659361134470E0,6.761289302371E0));
#591=CARTESIAN_POINT('',(-3.300445127283E0,6.682573107008E0,7.318637247726E0));
#592=CARTESIAN_POINT('',(-2.201798193972E0,6.705785079552E0,7.720587666385E0));
#593=CARTESIAN_POINT('',(-1.056400208378E0,6.728997052095E0,7.958605895580E0));
#594=CARTESIAN_POINT('',(1.114284530678E-1,6.752209024638E0,8.027638064915E0));
#595=CARTESIAN_POINT('',(1.276891140461E0,6.775420997181E0,7.926218405828E0));
#596=CARTESIAN_POINT('',(2.415241440769E0,6.798632969724E0,7.656500374443E0));
#597=CARTESIAN_POINT('',(3.502308622371E0,6.821844942266E0,7.224210926955E0));
#598=CARTESIAN_POINT('',(4.515010851550E0,6.845056914814E0,6.638528918511E0));
#599=CARTESIAN_POINT('',(5.431845305544E0,6.868268887338E0,5.911890207262E0));
#600=CARTESIAN_POINT('',(6.233344693733E0,6.891480859951E0,5.059723602973E0));
#601=CARTESIAN_POINT('',(6.902490798979E0,6.914692832234E0,4.100123262484E0));
#602=CARTESIAN_POINT('',(7.425075118611E0,6.937904805748E0,3.053464504429E0));
#603=CARTESIAN_POINT('',(7.790003200987E0,6.961116774667E0,1.941971139568E0));
#604=CARTESIAN_POINT('',(7.967915037911E0,6.981815182167E0,9.140702286476E-1));
#605=CARTESIAN_POINT('',(7.999991195584E0,6.994776231046E0,2.625742299751E-1));
#606=CARTESIAN_POINT('',(7.999996443236E0,6.999999978124E0,8.973884650691E-9));
#608=CARTESIAN_POINT('',(7.999988917539E0,5.000002641292E0,1.112630835140E-7));
#609=CARTESIAN_POINT('',(7.999986191623E0,4.995407287325E0,2.309879746502E-1));
#610=CARTESIAN_POINT('',(7.973155942012E0,4.983069847852E0,8.508971546341E-1));
#611=CARTESIAN_POINT('',(7.812457327099E0,4.963002641548E0,1.849564964886E0));
#612=CARTESIAN_POINT('',(7.460721875802E0,4.939789802525E0,2.965302790740E0));
#613=CARTESIAN_POINT('',(6.950571061736E0,4.916578062155E0,4.018077964626E0));
#614=CARTESIAN_POINT('',(6.292838166384E0,4.893366027401E0,4.985536797177E0));
#615=CARTESIAN_POINT('',(5.501488595489E0,4.870154071529E0,5.847137111572E0));
#616=CARTESIAN_POINT('',(4.593325257201E0,4.846942094519E0,6.584584443268E0));
#617=CARTESIAN_POINT('',(3.587631272787E0,4.823730123173E0,7.182220481881E0));
#618=CARTESIAN_POINT('',(2.505760672681E0,4.800518150309E0,7.627355547827E0));
#619=CARTESIAN_POINT('',(1.370684947037E0,4.777306177852E0,7.910538033367E0));
#620=CARTESIAN_POINT('',(2.065052990749E-1,4.754094205286E0,8.025755089889E0));
#621=CARTESIAN_POINT('',(-9.620591013943E-1,4.730882232749E0,7.970560299431E0));
#622=CARTESIAN_POINT('',(-2.110195982326E0,4.707670260205E0,7.746125619782E0));
#623=CARTESIAN_POINT('',(-3.213526812111E0,4.684458287662E0,7.357216500155E0));
#624=CARTESIAN_POINT('',(-4.248624430210E0,4.661246315118E0,6.812090695820E0));
#625=CARTESIAN_POINT('',(-5.193510485221E0,4.638034342579E0,6.122322930165E0));
#626=CARTESIAN_POINT('',(-6.028122080548E0,4.614822370023E0,5.302559127177E0));
#627=CARTESIAN_POINT('',(-6.734737859568E0,4.591610397529E0,4.370205432684E0));
#628=CARTESIAN_POINT('',(-7.298353959908E0,4.568398424802E0,3.345058627740E0));
#629=CARTESIAN_POINT('',(-7.707003806996E0,4.545186452945E0,2.248885780229E0));
#630=CARTESIAN_POINT('',(-7.947653719336E0,4.522386976481E0,1.125290666317E0));
#631=CARTESIAN_POINT('',(-7.999998066483E0,4.507324832708E0,3.681850184810E-1));
#632=CARTESIAN_POINT('',(-8.000002375920E0,4.500000007121E0,1.170074783756E-9));
#634=CARTESIAN_POINT('',(-8.000002375920E0,4.500000007121E0,1.170074783756E-9));
#635=CARTESIAN_POINT('',(-8.000002618606E0,4.499587508527E0,
-2.073439044143E-2));
#636=CARTESIAN_POINT('',(-7.998384340860E0,4.491437644293E0,
-4.303881321362E-1));
#637=CARTESIAN_POINT('',(-7.933876717700E0,4.475550551498E0,-1.228483523187E0));
#638=CARTESIAN_POINT('',(-7.671097949173E0,4.452338557751E0,-2.368459037258E0));
#639=CARTESIAN_POINT('',(-7.245456219E0,4.429126590890E0,-3.458144782714E0));
#640=CARTESIAN_POINT('',(-6.665965891921E0,4.405914616824E0,-4.474403310031E0));
#641=CARTESIAN_POINT('',(-5.944937611024E0,4.382702644689E0,-5.395656281412E0));
#642=CARTESIAN_POINT('',(-5.097679383028E0,4.359490672037E0,-6.202342617698E0));
#643=CARTESIAN_POINT('',(-4.142181595298E0,4.336278699523E0,-6.877333848830E0));
#644=CARTESIAN_POINT('',(-3.098732329814E0,4.313066726974E0,-7.406297802715E0));
#645=CARTESIAN_POINT('',(-1.989487305681E0,4.289854754426E0,-7.778002922552E0));
#646=CARTESIAN_POINT('',(-8.379992505275E-1,4.266642781910E0,
-7.984556747701E0));
#647=CARTESIAN_POINT('',(3.312821453789E-1,4.243430809267E0,-8.021573495385E0));
#648=CARTESIAN_POINT('',(1.493529387265E0,4.220218837099E0,-7.888267184269E0));
#649=CARTESIAN_POINT('',(2.624064333804E0,4.197006863157E0,-7.587468324304E0));
#650=CARTESIAN_POINT('',(3.698882205502E0,4.173794895835E0,-7.125563812456E0));
#651=CARTESIAN_POINT('',(4.695161230967E0,4.150582903805E0,-6.512361332743E0));
#652=CARTESIAN_POINT('',(5.591747410720E0,4.127371003989E0,-5.760881056934E0));
#653=CARTESIAN_POINT('',(6.369602987524E0,4.104158760024E0,-4.887079377988E0));
#654=CARTESIAN_POINT('',(7.012213271711E0,4.080947800442E0,-3.909509388129E0));
#655=CARTESIAN_POINT('',(7.341356168996E0,4.065470631800E0,-3.202456207956E0));
#656=CARTESIAN_POINT('',(7.479366826967E0,4.057733307619E0,-2.838846412132E0));
#658=DIRECTION('',(-8.096640511660E-1,5.000023734331E-1,3.073137660613E-1));
#659=VECTOR('',#658,9.999986959059E-1);
#660=CARTESIAN_POINT('',(7.479366826967E0,4.057733307619E0,-2.838846412132E0));
#661=LINE('',#660,#659);
#662=CARTESIAN_POINT('',(6.669703831679E0,4.557735029002E0,-2.531533046837E0));
#663=CARTESIAN_POINT('',(6.546633265682E0,4.565472353183E0,-2.855780927630E0));
#664=CARTESIAN_POINT('',(6.253117890312E0,4.580947001545E0,-3.486292223340E0));
#665=CARTESIAN_POINT('',(5.680073512977E0,4.604158974088E0,-4.358037612721E0));
#666=CARTESIAN_POINT('',(4.986422923286E0,4.627370946631E0,-5.137247363225E0));
#667=CARTESIAN_POINT('',(4.186895138127E0,4.650582919174E0,-5.807377545552E0));
#668=CARTESIAN_POINT('',(3.298466455759E0,4.673794891717E0,-6.354198900872E0));
#669=CARTESIAN_POINT('',(2.340001038445E0,4.697006864260E0,-6.766100784893E0));
#670=CARTESIAN_POINT('',(1.331850088046E0,4.720218836803E0,-7.034337212459E0));
#671=CARTESIAN_POINT('',(2.954198012856E-1,4.743430809346E0,-7.153212692254E0));
#672=CARTESIAN_POINT('',(-7.472831707141E-1,4.766642781889E0,
-7.120203125008E0));
#673=CARTESIAN_POINT('',(-1.774118986999E0,4.789854754431E0,-6.936009407349E0));
#674=CARTESIAN_POINT('',(-2.763284716189E0,4.813066726974E0,-6.604542547072E0));
#675=CARTESIAN_POINT('',(-3.693777280429E0,4.836278699517E0,-6.132840620904E0));
#676=CARTESIAN_POINT('',(-4.545839416424E0,4.859490672060E0,-5.530919333971E0));
#677=CARTESIAN_POINT('',(-5.301379183826E0,4.882702644603E0,-4.811559355148E0));
#678=CARTESIAN_POINT('',(-5.944354113634E0,4.905914617146E0,-3.990034943523E0));
#679=CARTESIAN_POINT('',(-6.461111839920E0,4.929126589689E0,-3.083789628179E0));
#680=CARTESIAN_POINT('',(-6.840679982190E0,4.952338562232E0,-2.112065827590E0));
#681=CARTESIAN_POINT('',(-7.074999123301E0,4.975550534775E0,-1.095496272976E0));
#682=CARTESIAN_POINT('',(-7.159093936049E0,4.998762507318E0,
-5.566591098070E-2));
#683=CARTESIAN_POINT('',(-7.091178824910E0,5.021974479861E0,9.853464121632E-1));
#684=CARTESIAN_POINT('',(-6.872695839810E0,5.045186452404E0,2.005436753496E0));
#685=CARTESIAN_POINT('',(-6.508284056899E0,5.068398424947E0,2.982945409076E0));
#686=CARTESIAN_POINT('',(-6.005681076476E0,5.091610397490E0,3.897116817144E0));
#687=CARTESIAN_POINT('',(-5.375558729570E0,5.114822370033E0,4.728540263522E0));
#688=CARTESIAN_POINT('',(-4.631296481634E0,5.138034342576E0,5.459562031704E0));
#689=CARTESIAN_POINT('',(-3.788697344706E0,5.161246315119E0,6.074660246387E0));
#690=CARTESIAN_POINT('',(-2.865652330109E0,5.184458287662E0,6.560774451370E0));
#691=CARTESIAN_POINT('',(-1.881760566402E0,5.207670260205E0,6.907582923827E0));
#692=CARTESIAN_POINT('',(-8.579131486658E-1,5.230882232748E0,7.107721836718E0));
#693=CARTESIAN_POINT('',(1.841504446920E-1,5.254094205291E0,7.156941615839E0));
#694=CARTESIAN_POINT('',(1.222303948961E0,5.277306177834E0,7.054197171554E0));
#695=CARTESIAN_POINT('',(2.234504122836E0,5.300518150377E0,6.801670089312E0));
#696=CARTESIAN_POINT('',(3.199258795274E0,5.323730122920E0,6.404722307772E0));
#697=CARTESIAN_POINT('',(4.096083211409E0,5.346942095463E0,5.871782268104E0));
#698=CARTESIAN_POINT('',(4.905934987884E0,5.370154068006E0,5.214165951854E0));
#699=CARTESIAN_POINT('',(5.611618442115E0,5.393366040548E0,4.445836607313E0));
#700=CARTESIAN_POINT('',(6.198149710346E0,5.416578013091E0,3.583108266150E0));
#701=CARTESIAN_POINT('',(6.653074901869E0,5.439789985634E0,2.644299345561E0));
#702=CARTESIAN_POINT('',(6.966734534024E0,5.463001958177E0,1.649343691065E0));
#703=CARTESIAN_POINT('',(7.132468633183E0,5.486213930720E0,6.193673186978E-1));
#704=CARTESIAN_POINT('',(7.146758146794E0,5.509425903263E0,-4.237601562827E-1));
#705=CARTESIAN_POINT('',(7.009299663851E0,5.532637875806E0,-1.457889879637E0));
#706=CARTESIAN_POINT('',(6.723011857266E0,5.555849848349E0,-2.461064047496E0));
#707=CARTESIAN_POINT('',(6.293973511319E0,5.579061820892E0,-3.411982139114E0));
#708=CARTESIAN_POINT('',(5.731294450088E0,5.602273793435E0,-4.290453193452E0));
#709=CARTESIAN_POINT('',(5.046922107429E0,5.625485765978E0,-5.077824526345E0));
#710=CARTESIAN_POINT('',(4.255387845642E0,5.648697738521E0,-5.757377785240E0));
#711=CARTESIAN_POINT('',(3.373498409260E0,5.671909711064E0,-6.314683932037E0));
#712=CARTESIAN_POINT('',(2.419979065379E0,5.695121683607E0,-6.737909616635E0));
#713=CARTESIAN_POINT('',(1.415076007746E0,5.718333656150E0,-7.018068435910E0));
#714=CARTESIAN_POINT('',(3.801264668353E-1,5.741545628693E0,-7.149211743124E0));
#715=CARTESIAN_POINT('',(-6.628943461955E-1,5.764757601236E0,
-7.128554956272E0));
#716=CARTESIAN_POINT('',(-1.691839841873E0,5.787969573779E0,-6.956536683456E0));
#717=CARTESIAN_POINT('',(-2.684862293673E0,5.811181546322E0,-6.636809409861E0));
#718=CARTESIAN_POINT('',(-3.620876733488E0,5.834393518865E0,-6.176161944096E0));
#719=CARTESIAN_POINT('',(-4.480008651356E0,5.857605491408E0,-5.584375270573E0));
#720=CARTESIAN_POINT('',(-5.244015993378E0,5.880817463951E0,-4.874014868669E0));
#721=CARTESIAN_POINT('',(-5.896676497501E0,5.904029436494E0,-4.060163908346E0));
#722=CARTESIAN_POINT('',(-6.424132142799E0,5.927241409037E0,-3.160102987352E0));
#723=CARTESIAN_POINT('',(-6.815183398549E0,5.950453381580E0,-2.192943210152E0));
#724=CARTESIAN_POINT('',(-7.061527025242E0,5.973665354123E0,-1.179220399495E0));
#725=CARTESIAN_POINT('',(-7.157932378291E0,5.996877326665E0,
-1.404590567590E-1));
#726=CARTESIAN_POINT('',(-7.102352470952E0,6.020089299208E0,9.012846704401E-1));
#727=CARTESIAN_POINT('',(-6.895967438249E0,6.043301271751E0,1.923891309150E0));
#728=CARTESIAN_POINT('',(-6.543159479017E0,6.066513244294E0,2.905647726578E0));
#729=CARTESIAN_POINT('',(-6.051419808137E0,6.089725216837E0,3.825708167713E0));
#730=CARTESIAN_POINT('',(-5.431189594646E0,6.112937189380E0,4.664536875813E0));
#731=CARTESIAN_POINT('',(-4.695638263111E0,6.136149161923E0,5.404322897535E0));
#732=CARTESIAN_POINT('',(-3.860383865609E0,6.159361134466E0,6.029358265103E0));
#733=CARTESIAN_POINT('',(-2.943161461704E0,6.182573107009E0,6.526371525523E0));
#734=CARTESIAN_POINT('',(-1.963446547744E0,6.205785079552E0,6.884809534981E0));
#735=CARTESIAN_POINT('',(-9.420415312466E-1,6.228997052095E0,7.097061535045E0));
#736=CARTESIAN_POINT('',(9.936596918879E-2,6.252209024638E0,7.158620752839E0));
#737=CARTESIAN_POINT('',(1.138663619754E0,6.275420997181E0,7.068180093904E0));
#738=CARTESIAN_POINT('',(2.153783885343E0,6.298632969724E0,6.827659895898E0));
#739=CARTESIAN_POINT('',(3.123172592245E0,6.321844942267E0,6.442167153828E0));
#740=CARTESIAN_POINT('',(4.026246590572E0,6.345056914810E0,5.919887082599E0));
#741=CARTESIAN_POINT('',(4.843830798816E0,6.368268887353E0,5.271909319331E0));
#742=CARTESIAN_POINT('',(5.558565350717E0,6.391480859896E0,4.511992455736E0));
#743=CARTESIAN_POINT('',(6.155274199446E0,6.414692832439E0,3.656271900235E0));
#744=CARTESIAN_POINT('',(6.621287352474E0,6.437904804982E0,2.722917272848E0));
#745=CARTESIAN_POINT('',(6.946709895089E0,6.461116777525E0,1.731746607414E0));
#746=CARTESIAN_POINT('',(7.124632090334E0,6.484328750068E0,7.038055528313E-1));
#747=CARTESIAN_POINT('',(7.151276094310E0,6.507540722611E0,-3.390794917975E-1));
#748=CARTESIAN_POINT('',(7.026076171598E0,6.530752695154E0,-1.374764819786E0));
#749=CARTESIAN_POINT('',(6.751690707585E0,6.553964667697E0,-2.381259596920E0));
#750=CARTESIAN_POINT('',(6.333945762648E0,6.577176640240E0,-3.337192795547E0));
#751=CARTESIAN_POINT('',(5.781711366687E0,6.600388612782E0,-4.222266968245E0));
#752=CARTESIAN_POINT('',(5.106713180695E0,6.623600585325E0,-5.017689226021E0));
#753=CARTESIAN_POINT('',(4.323283524346E0,6.646812557868E0,-5.706570270042E0));
#754=CARTESIAN_POINT('',(3.448057056090E0,6.670024530411E0,-6.274283004197E0));
#755=CARTESIAN_POINT('',(2.499617567397E0,6.693236502954E0,-6.708773114033E0));
#756=CARTESIAN_POINT('',(1.498103390822E0,6.716448475497E0,-7.000815017498E0));
#757=CARTESIAN_POINT('',(4.647798003128E-1,6.739660448040E0,-7.144207752861E0));
#758=CARTESIAN_POINT('',(-5.784125169798E-1,6.762872420583E0,
-7.135906644500E0));
#759=CARTESIAN_POINT('',(-1.609323330011E0,6.786084393126E0,-6.976087950871E0));
#760=CARTESIAN_POINT('',(-2.606063182431E0,6.809296365669E0,-6.668145121995E0));
#761=CARTESIAN_POINT('',(-3.547468174107E0,6.832508338212E0,-6.218616745910E0));
#762=CARTESIAN_POINT('',(-4.413549336825E0,6.855720310755E0,-5.637047714028E0));
#763=CARTESIAN_POINT('',(-5.185917062514E0,6.878932283298E0,-4.935786553280E0));
#764=CARTESIAN_POINT('',(-5.848171572061E0,6.902144255841E0,-4.129723228323E0));
#765=CARTESIAN_POINT('',(-6.386251133845E0,6.925356228384E0,-3.235972981079E0));
#766=CARTESIAN_POINT('',(-6.788730638213E0,6.948568200927E0,-2.273512920701E0));
#767=CARTESIAN_POINT('',(-7.047064188245E0,6.971780173470E0,-1.262779080273E0));
#768=CARTESIAN_POINT('',(-7.155766555832E0,6.994992146013E0,
-2.252324959985E-1));
#769=CARTESIAN_POINT('',(-7.112529650207E0,7.018204118556E0,8.170964776228E-1));
#770=CARTESIAN_POINT('',(-6.918271525916E0,7.041416091099E0,1.842075941029E0));
#771=CARTESIAN_POINT('',(-6.577116889653E0,7.064628063642E0,2.827942378948E0));
#772=CARTESIAN_POINT('',(-6.096309519858E0,7.087840036185E0,3.753762767798E0));
#773=CARTESIAN_POINT('',(-5.486058458671E0,7.111052008728E0,4.599879049155E0));
#774=CARTESIAN_POINT('',(-4.759321242087E0,7.134263981271E0,5.348325531738E0));
#775=CARTESIAN_POINT('',(-3.931528770993E0,7.157475953814E0,5.983210359135E0));
#776=CARTESIAN_POINT('',(-3.020257664954E0,7.180687926357E0,6.491052943560E0));
#777=CARTESIAN_POINT('',(-2.044857055674E0,7.203899898899E0,6.861070200827E0));
#778=CARTESIAN_POINT('',(-1.026037744507E0,7.227111871442E0,7.085405508908E0));
#779=CARTESIAN_POINT('',(1.456755254617E-2,7.250323843985E0,7.159295528558E0));
#780=CARTESIAN_POINT('',(1.054863534959E0,7.273535816528E0,7.081171343882E0));
#781=CARTESIAN_POINT('',(2.072761469931E0,7.296747789071E0,6.852691775326E0));
#782=CARTESIAN_POINT('',(3.046648205125E0,7.319959761614E0,6.478708157713E0));
#783=CARTESIAN_POINT('',(3.955845083575E0,7.343171734157E0,5.967161331351E0));
#784=CARTESIAN_POINT('',(4.781047015486E0,7.366383706700E0,5.328913032817E0));
#785=CARTESIAN_POINT('',(5.504732388103E0,7.389595679243E0,4.577515267766E0));
#786=CARTESIAN_POINT('',(6.111535094849E0,7.412807651786E0,3.728922554308E0));
#787=CARTESIAN_POINT('',(6.588570840966E0,7.436019624329E0,2.801153178216E0));
#788=CARTESIAN_POINT('',(6.925710585929E0,7.459231596872E0,1.813906535845E0));
#789=CARTESIAN_POINT('',(7.115796105014E0,7.482443569415E0,7.881451253338E-1));
#790=CARTESIAN_POINT('',(7.154790150570E0,7.505655541958E0,-2.543515637323E-1));
#791=CARTESIAN_POINT('',(7.079509387374E0,7.521130190320E0,-9.457476703812E-1));
#792=CARTESIAN_POINT('',(7.016947826102E0,7.528867514501E0,-1.286876829886E0));
#794=CARTESIAN_POINT('',(7.868767172080E0,7.028867599263E0,-1.443096689349E0));
#795=CARTESIAN_POINT('',(7.938923363895E0,7.021130275082E0,-1.060556320129E0));
#796=CARTESIAN_POINT('',(7.991413448231E0,7.011507696118E0,-5.784388503591E-1));
#797=CARTESIAN_POINT('',(7.999998774728E0,7.001885162079E0,-9.475959752146E-2));
#798=CARTESIAN_POINT('',(7.999996443236E0,6.999999978124E0,8.973884650691E-9));
#800=CARTESIAN_POINT('',(7.999988917539E0,5.000002641292E0,1.112630835140E-7));
#801=CARTESIAN_POINT('',(7.999989233704E0,5.003773003144E0,-1.895191335364E-1));
#802=CARTESIAN_POINT('',(7.979457218546E0,5.015275586904E0,-7.679592377275E-1));
#803=CARTESIAN_POINT('',(7.840271236760E0,5.034522976938E0,-1.727855850598E0));
#804=CARTESIAN_POINT('',(7.617383766463E0,5.049999856964E0,-2.475238928005E0));
#805=CARTESIAN_POINT('',(7.479373108492E0,5.057737181145E0,-2.838848723829E0));
#807=DIRECTION('',(7.409478684648E-1,4.999999999986E-1,-4.483260601602E-1));
#808=VECTOR('',#807,7.623833673032E-2);
#809=CARTESIAN_POINT('',(6.103636265855E0,1.586603159786E0,-3.693133236653E0));
#810=LINE('',#809,#808);
#811=CARTESIAN_POINT('',(-1.732453017247E0,1.826795403554E0,-6.988461235307E0));
#812=CARTESIAN_POINT('',(-1.851868330316E0,1.829513384229E0,-6.958857948579E0));
#813=CARTESIAN_POINT('',(-2.089255590520E0,1.834996521749E0,-6.893587427078E0));
#814=CARTESIAN_POINT('',(-2.440071943792E0,1.843366737043E0,-6.777727711469E0));
#815=CARTESIAN_POINT('',(-2.784811602168E0,1.851872641723E0,-6.644164296851E0));
#816=CARTESIAN_POINT('',(-3.122490521645E0,1.860531487503E0,-6.493263019220E0));
#817=CARTESIAN_POINT('',(-3.452412967067E0,1.869371613643E0,-6.325316668873E0));
#818=CARTESIAN_POINT('',(-3.773674182741E0,1.878372165445E0,-6.140753163057E0));
#819=CARTESIAN_POINT('',(-4.085638204932E0,1.887576021120E0,-5.939895894715E0));
#820=CARTESIAN_POINT('',(-4.387320945484E0,1.896995855478E0,-5.723345749522E0));
#821=CARTESIAN_POINT('',(-4.678379482709E0,1.906637473883E0,-5.491277379453E0));
#822=CARTESIAN_POINT('',(-4.957610192761E0,1.916543560421E0,-5.244552099975E0));
#823=CARTESIAN_POINT('',(-5.225092450942E0,1.926753826344E0,-4.983208037292E0));
#824=CARTESIAN_POINT('',(-5.480364248712E0,1.937324926980E0,-4.706668601103E0));
#825=CARTESIAN_POINT('',(-5.697833369405E0,1.947180633668E0,-4.446412133046E0));
#826=CARTESIAN_POINT('',(-5.877198810919E0,1.956010131842E0,-4.212510236991E0));
#827=CARTESIAN_POINT('',(-6.028048456724E0,1.964038887529E0,-4.000195935066E0));
#828=CARTESIAN_POINT('',(-6.155441089119E0,1.971355782849E0,-3.808102667597E0));
#829=CARTESIAN_POINT('',(-6.264104910880E0,1.978076508582E0,-3.633755926565E0));
#830=CARTESIAN_POINT('',(-6.357536965010E0,1.984273295651E0,-3.475113902025E0));
#831=CARTESIAN_POINT('',(-6.438341925224E0,1.990002390037E0,-3.330629993615E0));
#832=CARTESIAN_POINT('',(-6.508616827303E0,1.995314569363E0,-3.198889451429E0));
#833=CARTESIAN_POINT('',(-6.570055523155E0,2.000254883684E0,-3.078621081639E0));
#834=CARTESIAN_POINT('',(-6.624028833794E0,2.004862126996E0,-2.968701727945E0));
#835=CARTESIAN_POINT('',(-6.671662380996E0,2.009170607323E0,-2.868123057835E0));
#836=CARTESIAN_POINT('',(-6.713869600118E0,2.013208071809E0,-2.776013696356E0));
#837=CARTESIAN_POINT('',(-6.751369594601E0,2.016992313051E0,-2.691682017006E0));
#838=CARTESIAN_POINT('',(-6.784874597582E0,2.020551528887E0,-2.614252318955E0));
#839=CARTESIAN_POINT('',(-6.814936394533E0,2.023907006350E0,-2.543041241669E0));
#840=CARTESIAN_POINT('',(-6.841989711845E0,2.027074501836E0,-2.477511890849E0));
#841=CARTESIAN_POINT('',(-6.866405745660E0,2.030068394343E0,-2.417176953970E0));
#842=CARTESIAN_POINT('',(-6.888507945646E0,2.032902555964E0,-2.361580111818E0));
#843=CARTESIAN_POINT('',(-6.908567260529E0,2.035588780044E0,-2.310325177514E0));
#844=CARTESIAN_POINT('',(-6.926818414532E0,2.038137961140E0,-2.263049856038E0));
#845=CARTESIAN_POINT('',(-6.943463475363E0,2.040559915192E0,-2.219427721664E0));
#846=CARTESIAN_POINT('',(-6.958677645554E0,2.042863582569E0,-2.179162608198E0));
#847=CARTESIAN_POINT('',(-6.972613683480E0,2.045057178808E0,-2.141984538472E0));
#848=CARTESIAN_POINT('',(-6.985404038240E0,2.047148088522E0,-2.107650293682E0));
#849=CARTESIAN_POINT('',(-6.997159278372E0,2.049142139228E0,-2.075952944129E0));
#850=CARTESIAN_POINT('',(-7.007976981105E0,2.051044656982E0,-2.046702136382E0));
#851=CARTESIAN_POINT('',(-7.017944509378E0,2.052860713880E0,-2.019719713085E0));
#852=CARTESIAN_POINT('',(-7.027140035452E0,2.054595117804E0,-1.994839612668E0));
#853=CARTESIAN_POINT('',(-7.035632896702E0,2.056252266966E0,-1.971909114662E0));
#854=CARTESIAN_POINT('',(-7.043487844427E0,2.057836869987E0,-1.950779367227E0));
#855=CARTESIAN_POINT('',(-7.050751174065E0,2.059350849543E0,-1.931343958428E0));
#856=CARTESIAN_POINT('',(-7.057489792441E0,2.060801389350E0,-1.913435754277E0));
#857=CARTESIAN_POINT('',(-7.063745904723E0,2.062191524910E0,-1.896949741354E0));
#858=CARTESIAN_POINT('',(-7.069561544418E0,2.063524939882E0,-1.881777785905E0));
#859=CARTESIAN_POINT('',(-7.074973833860E0,2.064804958794E0,-1.867822270858E0));
#860=CARTESIAN_POINT('',(-7.080016701761E0,2.066034824888E0,-1.854992164695E0));
#861=CARTESIAN_POINT('',(-7.084720896870E0,2.067217636768E0,-1.843203513625E0));
#862=CARTESIAN_POINT('',(-7.089114454793E0,2.068356390185E0,-1.832378650987E0));
#863=CARTESIAN_POINT('',(-7.093222956093E0,2.069453983860E0,-1.822445889282E0));
#864=CARTESIAN_POINT('',(-7.097069812581E0,2.070513240185E0,-1.813339087599E0));
#865=CARTESIAN_POINT('',(-7.100676504895E0,2.071536922926E0,-1.804997307732E0));
#866=CARTESIAN_POINT('',(-7.104062801859E0,2.072527758344E0,-1.797364491599E0));
#867=CARTESIAN_POINT('',(-7.107246969682E0,2.073488462514E0,-1.790389157394E0));
#868=CARTESIAN_POINT('',(-7.110245935498E0,2.074421763849E0,-1.784024202799E0));
#869=CARTESIAN_POINT('',(-7.113075475238E0,2.075330442159E0,-1.778226674408E0));
#870=CARTESIAN_POINT('',(-7.115750367644E0,2.076217367552E0,-1.772957646735E0));
#871=CARTESIAN_POINT('',(-7.118284594788E0,2.077085568222E0,-1.768182081173E0));
#872=CARTESIAN_POINT('',(-7.120691435010E0,2.077938274581E0,-1.763868964508E0));
#873=CARTESIAN_POINT('',(-7.122983717788E0,2.078779047462E0,-1.759991353975E0));
#874=CARTESIAN_POINT('',(-7.125173613880E0,2.079611730969E0,-1.756527150109E0));
#875=CARTESIAN_POINT('',(-7.127274372643E0,2.080441272167E0,-1.753457827494E0));
#876=CARTESIAN_POINT('',(-7.129294647022E0,2.081271447553E0,-1.750776610544E0));
#877=CARTESIAN_POINT('',(-7.131252468884E0,2.082111043006E0,-1.748473710394E0));
#878=CARTESIAN_POINT('',(-7.133157773177E0,2.082966319992E0,-1.746556846616E0));
#879=CARTESIAN_POINT('',(-7.135042214429E0,2.083857361142E0,-1.745045856224E0));
#880=CARTESIAN_POINT('',(-7.136859654574E0,2.084764704582E0,-1.744001883451E0));
#881=CARTESIAN_POINT('',(-7.138660265273E0,2.085732053345E0,-1.743549811345E0));
#882=CARTESIAN_POINT('',(-7.139701198115E0,2.086316754766E0,-1.743524392108E0));
#883=CARTESIAN_POINT('',(-7.140182721570E0,2.086602932511E0,-1.743641985771E0));
#885=DIRECTION('',(-8.413036396541E-1,4.999995390076E-1,-2.054474309818E-1));
#886=VECTOR('',#885,7.505545888896E-1);
#887=CARTESIAN_POINT('',(-7.140182721570E0,2.086602932511E0,-1.743641985771E0));
#888=LINE('',#887,#886);
#889=CARTESIAN_POINT('',(-7.771627028962E0,2.461879880956E0,-1.897841497869E0));
#890=CARTESIAN_POINT('',(-7.848436333913E0,2.468321832362E0,-1.583275890362E0));
#891=CARTESIAN_POINT('',(-7.962252956743E0,2.481028379990E0,
-9.535984523597E-1));
#892=CARTESIAN_POINT('',(-7.999994164278E0,2.493736421961E0,
-3.148946989679E-1));
#893=CARTESIAN_POINT('',(-8.000001975583E0,2.500001060123E0,
-9.213107797849E-9));
#895=CARTESIAN_POINT('',(-8.000001975583E0,2.500001060123E0,
-9.213107797849E-9));
#896=CARTESIAN_POINT('',(-8.000003811859E0,2.501473746142E0,7.402517704121E-2));
#897=CARTESIAN_POINT('',(-7.993568978033E0,2.510679940964E0,5.369698450263E-1));
#898=CARTESIAN_POINT('',(-7.907738462246E0,2.527631140580E0,1.386778260550E0));
#899=CARTESIAN_POINT('',(-7.622239547305E0,2.550841694591E0,2.521275396308E0));
#900=CARTESIAN_POINT('',(-7.174906026688E0,2.574054047228E0,3.602238017108E0));
#901=CARTESIAN_POINT('',(-6.575224337847E0,2.597265917925E0,4.606713864401E0));
#902=CARTESIAN_POINT('',(-5.835930771276E0,2.620477917758E0,5.513374791051E0));
#903=CARTESIAN_POINT('',(-4.972721987574E0,2.643689882989E0,6.302969550552E0));
#904=CARTESIAN_POINT('',(-4.003926833210E0,2.666901857491E0,6.958732580946E0));
#905=CARTESIAN_POINT('',(-2.950115794012E0,2.690113829509E0,7.466739984752E0));
#906=CARTESIAN_POINT('',(-1.833664586026E0,2.713325802193E0,7.816205178215E0));
#907=CARTESIAN_POINT('',(-6.782789509581E-1,2.736537774698E0,7.999707923796E0));
#908=CARTESIAN_POINT('',(4.915086644115E-1,2.759749747251E0,8.013351885086E0));
#909=CARTESIAN_POINT('',(1.650860015842E0,2.782961719791E0,7.856847358171E0));
#910=CARTESIAN_POINT('',(2.775158452913E0,2.806173692336E0,7.533517422967E0));
#911=CARTESIAN_POINT('',(3.840531609120E0,2.829385664877E0,7.050227383809E0));
#912=CARTESIAN_POINT('',(4.824358282120E0,2.852597637426E0,6.417238997769E0));
#913=CARTESIAN_POINT('',(5.705748769381E0,2.875809609944E0,5.647992584872E0));
#914=CARTESIAN_POINT('',(6.465988358985E0,2.899021582579E0,4.758821650464E0));
#915=CARTESIAN_POINT('',(7.088934935855E0,2.922233554777E0,3.768606065161E0));
#916=CARTESIAN_POINT('',(7.561360854311E0,2.945445528607E0,2.698371218762E0));
#917=CARTESIAN_POINT('',(7.873237067717E0,2.968657496349E0,1.570841464158E0));
#918=CARTESIAN_POINT('',(7.986596090337E0,2.986842336308E0,6.613770678180E-1));
#919=CARTESIAN_POINT('',(7.999996528868E0,2.997289820351E0,1.362284337210E-1));
#920=CARTESIAN_POINT('',(7.999994115578E0,2.999999997913E0,-5.373264073373E-9));
#922=CARTESIAN_POINT('',(7.999994115578E0,2.999999997913E0,-5.373264073373E-9));
#923=CARTESIAN_POINT('',(7.999989639133E0,3.005027144532E0,-2.526920602959E-1));
#924=CARTESIAN_POINT('',(7.969595198054E0,3.017791628195E0,-8.943055543910E-1));
#925=CARTESIAN_POINT('',(7.797145990904E0,3.038293416062E0,-1.913089300905E0));
#926=CARTESIAN_POINT('',(7.436339892257E0,3.061505390763E0,-3.025927360233E0));
#927=CARTESIAN_POINT('',(6.917637792441E0,3.084717362728E0,-4.074515557756E0));
#928=CARTESIAN_POINT('',(6.252052443798E0,3.107929335426E0,-5.036589057091E0));
#929=CARTESIAN_POINT('',(5.453716546779E0,3.131141307927E0,-5.891720042153E0));
#930=CARTESIAN_POINT('',(4.539581200306E0,3.154353280481E0,-6.621751408903E0));
#931=CARTESIAN_POINT('',(3.529056370426E0,3.177565253021E0,-7.211182312009E0));
#932=CARTESIAN_POINT('',(2.443598650692E0,3.200777225565E0,-7.647497292285E0));
#933=CARTESIAN_POINT('',(1.306255699903E0,3.223989198108E0,-7.921432020028E0));
#934=CARTESIAN_POINT('',(1.411768607799E-1,3.247201170651E0,-8.027170005388E0));
#935=CARTESIAN_POINT('',(-1.026899604030E0,3.270413143194E0,-7.962466100693E0));
#936=CARTESIAN_POINT('',(-2.173171782912E0,3.293625115737E0,-7.728694171926E0));
#937=CARTESIAN_POINT('',(-3.273300737775E0,3.316837088280E0,-7.330817927263E0));
#938=CARTESIAN_POINT('',(-4.303927293574E0,3.340049060823E0,-6.777285522044E0));
#939=CARTESIAN_POINT('',(-5.243168034700E0,3.363261033367E0,-6.079850178043E0));
#940=CARTESIAN_POINT('',(-6.071079927807E0,3.386473005904E0,-5.253320625914E0));
#941=CARTESIAN_POINT('',(-6.770083888278E0,3.409684978470E0,-4.315246669362E0));
#942=CARTESIAN_POINT('',(-7.325337615206E0,3.432896950927E0,-3.285546548852E0));
#943=CARTESIAN_POINT('',(-7.725052321782E0,3.456108923791E0,-2.186084011978E0));
#944=CARTESIAN_POINT('',(-7.952164555003E0,3.478476603645E0,-1.081883301463E0));
#945=CARTESIAN_POINT('',(-7.999995024439E0,3.493106963088E0,
-3.464809294268E-1));
#946=CARTESIAN_POINT('',(-8.000001863416E0,3.499999995733E0,
-5.625011290903E-9));
#948=CARTESIAN_POINT('',(-8.000001863416E0,3.499999995733E0,
-5.625011290903E-9));
#949=CARTESIAN_POINT('',(-8.000002701087E0,3.500844287269E0,4.243863155173E-2));
#950=CARTESIAN_POINT('',(-7.996558051364E0,3.509425893499E0,4.737966583550E-1));
#951=CARTESIAN_POINT('',(-7.923610218639E0,3.525744844505E0,1.293016544260E0));
#952=CARTESIAN_POINT('',(-7.651568347367E0,3.548956812814E0,2.430815657578E0));
#953=CARTESIAN_POINT('',(-7.217070037585E0,3.572168786492E0,3.517000983016E0));
#954=CARTESIAN_POINT('',(-6.629328042322E0,3.595380758731E0,4.528509387607E0));
#955=CARTESIAN_POINT('',(-5.900825443980E0,3.618592731355E0,5.443863395719E0));
#956=CARTESIAN_POINT('',(-5.047029694433E0,3.641804703876E0,6.243627181011E0));
#957=CARTESIAN_POINT('',(-4.086069794213E0,3.665016676425E0,6.910819260961E0));
#958=CARTESIAN_POINT('',(-3.038349856288E0,3.688228648966E0,7.431273063772E0));
#959=CARTESIAN_POINT('',(-1.926116265193E0,3.711440621511E0,7.793937729738E0));
#960=CARTESIAN_POINT('',(-7.729852090225E-1,3.734652594051E0,7.991112755303E0));
#961=CARTESIAN_POINT('',(3.965587370510E-1,3.757864566605E0,8.018611498848E0));
#962=CARTESIAN_POINT('',(1.557682502794E0,3.781076539105E0,7.875850076161E0));
#963=CARTESIAN_POINT('',(2.685731803450E0,3.804288511808E0,7.565859758131E0));
#964=CARTESIAN_POINT('',(3.756754631601E0,3.827500483754E0,7.095222607362E0));
#965=CARTESIAN_POINT('',(4.748009818622E0,3.850712458526E0,6.473931720571E0));
#966=CARTESIAN_POINT('',(5.638449954194E0,3.873924422751E0,5.715179043401E0));
#967=CARTESIAN_POINT('',(6.409168089144E0,3.897136426335E0,4.835075266184E0));
#968=CARTESIAN_POINT('',(7.043799933204E0,3.920348283033E0,3.852307736325E0));
#969=CARTESIAN_POINT('',(7.528868542716E0,3.943560687916E0,2.787743694959E0));
#970=CARTESIAN_POINT('',(7.854080843216E0,3.966771046944E0,1.663987097949E0));
#971=CARTESIAN_POINT('',(7.982485066123E0,3.985589145828E0,7.245504977043E-1));
#972=CARTESIAN_POINT('',(8.000000449370E0,3.996658181460E0,1.678149766692E-1));
#973=CARTESIAN_POINT('',(7.999998983806E0,3.999996751401E0,-1.381134216083E-9));
#975=CARTESIAN_POINT('',(-7.771627028962E0,2.461879880956E0,-1.897841497869E0));
#976=CARTESIAN_POINT('',(-7.706646603033E0,2.459336467299E0,-2.145365362755E0));
#977=CARTESIAN_POINT('',(-7.552929709460E0,2.454237459902E0,-2.634018557805E0));
#978=CARTESIAN_POINT('',(-7.253305918058E0,2.446594397605E0,-3.341127790313E0));
#979=CARTESIAN_POINT('',(-6.887315630288E0,2.438936589356E0,-4.015684070891E0));
#980=CARTESIAN_POINT('',(-6.459812600459E0,2.431291414874E0,-4.649927447322E0));
#981=CARTESIAN_POINT('',(-5.970529572273E0,2.423598004840E0,-5.243368063786E0));
#982=CARTESIAN_POINT('',(-5.428279923746E0,2.415914945216E0,-5.784550303151E0));
#983=CARTESIAN_POINT('',(-4.838018591172E0,2.408240805749E0,-6.269736639244E0));
#984=CARTESIAN_POINT('',(-4.205545531761E0,2.400579896399E0,-6.694678825053E0));
#985=CARTESIAN_POINT('',(-3.535855195402E0,2.392906868753E0,-7.056481162732E0));
#986=CARTESIAN_POINT('',(-2.833444478809E0,2.385213065699E0,-7.352364538503E0));
#987=CARTESIAN_POINT('',(-2.108353304692E0,2.377538561083E0,-7.578334946563E0));
#988=CARTESIAN_POINT('',(-1.364051385403E0,2.369835907664E0,-7.733407988057E0));
#989=CARTESIAN_POINT('',(-6.112464321919E-1,2.362151298544E0,
-7.815617765673E0));
#990=CARTESIAN_POINT('',(1.474832671186E-1,2.354446882784E0,-7.824717660260E0));
#991=CARTESIAN_POINT('',(8.993870504498E-1,2.346760266195E0,-7.760839115605E0));
#992=CARTESIAN_POINT('',(1.643436542729E0,2.339047463360E0,-7.624298733700E0));
#993=CARTESIAN_POINT('',(2.367031700549E0,2.331364645791E0,-7.417561407074E0));
#994=CARTESIAN_POINT('',(3.068706495495E0,2.323644502950E0,-7.141289083010E0));
#995=CARTESIAN_POINT('',(3.737195128330E0,2.315953087395E0,-6.800064076606E0));
#996=CARTESIAN_POINT('',(4.370361870217E0,2.308240767514E0,-6.395352428948E0));
#997=CARTESIAN_POINT('',(4.959588820715E0,2.300532553043E0,-5.932623898320E0));
#998=CARTESIAN_POINT('',(5.501003282521E0,2.292815927558E0,-5.415288993710E0));
#999=CARTESIAN_POINT('',(5.988455222253E0,2.285116199187E0,-4.849750742005E0));
#1000=CARTESIAN_POINT('',(6.420687125571E0,2.277356505283E0,-4.236732181487E0));
#1001=CARTESIAN_POINT('',(6.789335199053E0,2.269630132206E0,-3.587910321189E0));
#1002=CARTESIAN_POINT('',(7.092895068677E0,2.261901970083E0,-2.907369531699E0));
#1003=CARTESIAN_POINT('',(7.328149648561E0,2.254186500518E0,-2.203572352195E0));
#1004=CARTESIAN_POINT('',(7.494640436441E0,2.246434325494E0,-1.477704085205E0));
#1005=CARTESIAN_POINT('',(7.589401720172E0,2.238686317153E0,
-7.405928013094E-1));
#1006=CARTESIAN_POINT('',(7.604466928141E0,2.233518616097E0,
-2.465337776609E-1));
#1007=CARTESIAN_POINT('',(7.599998029026E0,2.230938495990E0,
-2.746380696805E-8));
#1009=DIRECTION('',(-7.409418789961E-1,5.000121250865E-1,4.483224361061E-1));
#1010=VECTOR('',#1009,7.624034283777E-2);
#1011=CARTESIAN_POINT('',(6.160125928733E0,1.548482063946E0,-3.727313492884E0));
#1012=LINE('',#1011,#1010);
#1013=CARTESIAN_POINT('',(6.103636265855E0,1.586603159786E0,-3.693133236653E0));
#1014=CARTESIAN_POINT('',(5.924094466745E0,1.594340483967E0,-3.989861723298E0));
#1015=CARTESIAN_POINT('',(5.521657930945E0,1.609814230028E0,-4.557083553139E0));
#1016=CARTESIAN_POINT('',(4.800762362551E0,1.633026565227E0,-5.311158789288E0));
#1017=CARTESIAN_POINT('',(3.977931272607E0,1.656238440597E0,-5.952460569482E0));
#1018=CARTESIAN_POINT('',(3.070636369486E0,1.679450439177E0,-6.467373279829E0));
#1019=CARTESIAN_POINT('',(2.098142241283E0,1.702662404744E0,-6.844963386823E0));
#1020=CARTESIAN_POINT('',(1.081098006871E0,1.725874379156E0,-7.077213561197E0));
#1021=CARTESIAN_POINT('',(4.109868347046E-2,1.749086351198E0,
-7.159192382792E0));
#1022=CARTESIAN_POINT('',(-9.997732928686E-1,1.772298323875E0,
-7.089159191504E0));
#1023=CARTESIAN_POINT('',(-2.019416959787E0,1.795510296381E0,
-6.868601009022E0));
#1024=CARTESIAN_POINT('',(-2.996182097476E0,1.818722268934E0,
-6.502200974872E0));
#1025=CARTESIAN_POINT('',(-3.909328931425E0,1.841934241474E0,
-5.997738906015E0));
#1026=CARTESIAN_POINT('',(-4.739468502355E0,1.865146214018E0,
-5.365926107765E0));
#1027=CARTESIAN_POINT('',(-5.468974354446E0,1.888358186561E0,
-4.620177939130E0));
#1028=CARTESIAN_POINT('',(-6.082356800031E0,1.911570159104E0,
-3.776328962886E0));
#1029=CARTESIAN_POINT('',(-6.566591814043E0,1.934782131647E0,
-2.852296728349E0));
#1030=CARTESIAN_POINT('',(-6.911397574750E0,1.957994104190E0,
-1.867701325841E0));
#1031=CARTESIAN_POINT('',(-7.109452778939E0,1.981206076733E0,
-8.434487908901E-1));
#1032=CARTESIAN_POINT('',(-7.156552096048E0,2.004418049276E0,
1.987127961904E-1));
#1033=CARTESIAN_POINT('',(-7.051695460472E0,2.027630021819E0,1.236655089979E0));
#1034=CARTESIAN_POINT('',(-6.797109306079E0,2.050841994362E0,2.248339333826E0));
#1035=CARTESIAN_POINT('',(-6.398199292061E0,2.074053966905E0,3.212284311496E0));
#1036=CARTESIAN_POINT('',(-5.863435523911E0,2.097265939448E0,4.108022460473E0));
#1037=CARTESIAN_POINT('',(-5.204172706627E0,2.120477911991E0,4.916534462242E0));
#1038=CARTESIAN_POINT('',(-4.434409048860E0,2.143689884534E0,5.620653081823E0));
#1039=CARTESIAN_POINT('',(-3.570489037228E0,2.166901857077E0,6.205427681784E0));
#1040=CARTESIAN_POINT('',(-2.630756391813E0,2.190113829620E0,6.658441670973E0));
#1041=CARTESIAN_POINT('',(-1.635164571697E0,2.213325802163E0,6.970076147524E0));
#1042=CARTESIAN_POINT('',(-6.048531006990E-1,2.236537774706E0,
7.133714138188E0));
#1043=CARTESIAN_POINT('',(4.383012907327E-1,2.259749747249E0,7.145881097342E0));
#1044=CARTESIAN_POINT('',(1.472149176839E0,2.282961719792E0,7.006318682443E0));
#1045=CARTESIAN_POINT('',(2.474738738034E0,2.306173692335E0,6.717990239446E0));
#1046=CARTESIAN_POINT('',(3.424781866598E0,2.329385664878E0,6.287017881717E0));
#1047=CARTESIAN_POINT('',(4.302106179692E0,2.352597637421E0,5.722552498446E0));
#1048=CARTESIAN_POINT('',(5.088083342048E0,2.375809609964E0,5.036579452683E0));
#1049=CARTESIAN_POINT('',(5.766024603708E0,2.399021582506E0,4.243664094654E0));
#1050=CARTESIAN_POINT('',(6.321535154307E0,2.422233555049E0,3.360642493881E0));
#1051=CARTESIAN_POINT('',(6.742819769859E0,2.445445527592E0,2.406263956844E0));
#1052=CARTESIAN_POINT('',(7.020933262201E0,2.468657500135E0,1.400792920644E0));
#1053=CARTESIAN_POINT('',(7.149970413273E0,2.491869472678E0,3.655786757164E-1));
#1054=CARTESIAN_POINT('',(7.127191361341E0,2.515081445221E0,
-6.773979462898E-1));
#1055=CARTESIAN_POINT('',(6.953079776824E0,2.538293417764E0,-1.705991294215E0));
#1056=CARTESIAN_POINT('',(6.631332592454E0,2.561505390307E0,-2.698361118730E0));
#1057=CARTESIAN_POINT('',(6.168781505851E0,2.584717362850E0,-3.633436309044E0));
#1058=CARTESIAN_POINT('',(5.575247921247E0,2.607929335393E0,-4.491362298396E0));
#1059=CARTESIAN_POINT('',(4.863334410393E0,2.631141307936E0,-5.253922638515E0));
#1060=CARTESIAN_POINT('',(4.048157120609E0,2.654353280479E0,-5.904925791716E0));
#1061=CARTESIAN_POINT('',(3.147024811756E0,2.677565253022E0,-6.430548927813E0));
#1062=CARTESIAN_POINT('',(2.179071337212E0,2.700777225565E0,-6.819631425976E0));
#1063=CARTESIAN_POINT('',(1.164849372399E0,2.723989198108E0,-7.063911849566E0));
#1064=CARTESIAN_POINT('',(1.258940172969E-1,2.747201170651E0,
-7.158203362243E0));
#1065=CARTESIAN_POINT('',(-9.157344609906E-1,2.770413143194E0,
-7.100503860697E0));
#1066=CARTESIAN_POINT('',(-1.937919036606E0,2.793625115737E0,
-6.892038485555E0));
#1067=CARTESIAN_POINT('',(-2.918955538473E0,2.816837088280E0,
-6.537233607822E0));
#1068=CARTESIAN_POINT('',(-3.838013497636E0,2.840049060823E0,
-6.043622843194E0));
#1069=CARTESIAN_POINT('',(-4.675578443178E0,2.863261033366E0,
-5.421687089874E0));
#1070=CARTESIAN_POINT('',(-5.413866255381E0,2.886473005909E0,
-4.684631986363E0));
#1071=CARTESIAN_POINT('',(-6.037200778137E0,2.909684978452E0,
-3.848107514516E0));
#1072=CARTESIAN_POINT('',(-6.532346672699E0,2.932896950995E0,
-2.929875701543E0));
#1073=CARTESIAN_POINT('',(-6.888790445263E0,2.956108923538E0,
-1.949433476698E0));
#1074=CARTESIAN_POINT('',(-7.098963681274E0,2.979320896081E0,
-9.275986905787E-1));
#1075=CARTESIAN_POINT('',(-7.158403746510E0,3.002532868623E0,
1.139319128619E-1));
#1076=CARTESIAN_POINT('',(-7.065848542738E0,3.025744841166E0,1.153043385955E0));
#1077=CARTESIAN_POINT('',(-6.823263306009E0,3.048956813709E0,2.167672146724E0));
#1078=CARTESIAN_POINT('',(-6.435798878552E0,3.072168786252E0,3.136274457640E0));
#1079=CARTESIAN_POINT('',(-5.911682340308E0,3.095380758795E0,4.038283866459E0));
#1080=CARTESIAN_POINT('',(-5.262042322331E0,3.118592731338E0,4.854547896232E0));
#1081=CARTESIAN_POINT('',(-4.500672711189E0,3.141804703881E0,5.567734712212E0));
#1082=CARTESIAN_POINT('',(-3.643739761672E0,3.165016676424E0,6.162701130837E0));
#1083=CARTESIAN_POINT('',(-2.709438836713E0,3.188228648967E0,6.626814156812E0));
#1084=CARTESIAN_POINT('',(-1.717608063002E0,3.211440621510E0,6.950219221055E0));
#1085=CARTESIAN_POINT('',(-6.893071055981E-1,3.234652594053E0,
7.126049423979E0));
#1086=CARTESIAN_POINT('',(3.536299945347E-1,3.257864566596E0,7.150571341213E0));
#1087=CARTESIAN_POINT('',(1.389058425410E0,3.281076539139E0,7.023264295868E0));
#1088=CARTESIAN_POINT('',(2.394992807539E0,3.304288511682E0,6.746831414127E0));
#1089=CARTESIAN_POINT('',(3.350074012209E0,3.327500484225E0,6.327142229438E0));
#1090=CARTESIAN_POINT('',(4.234022682488E0,3.350712456768E0,5.773108053985E0));
#1091=CARTESIAN_POINT('',(5.028069827317E0,3.373924429311E0,5.096492763699E0));
#1092=CARTESIAN_POINT('',(5.715355345803E0,3.397136401854E0,4.311663014431E0));
#1093=CARTESIAN_POINT('',(6.281286019828E0,3.420348374397E0,3.435283192974E0));
#1094=CARTESIAN_POINT('',(6.713845373639E0,3.443560346940E0,2.485961580090E0));
#1095=CARTESIAN_POINT('',(7.003848821165E0,3.466772319483E0,1.483855238586E0));
#1096=CARTESIAN_POINT('',(7.145138683463E0,3.489984292026E0,4.502420159201E-1));
#1097=CARTESIAN_POINT('',(7.134714935472E0,3.513196264569E0,
-5.929312509614E-1));
#1098=CARTESIAN_POINT('',(6.972798905919E0,3.536408237112E0,-1.623514735514E0));
#1099=CARTESIAN_POINT('',(6.662828577815E0,3.559620209655E0,-2.619625931592E0));
#1100=CARTESIAN_POINT('',(6.211385589339E0,3.582832182198E0,-3.560114287403E0));
#1101=CARTESIAN_POINT('',(5.628055485105E0,3.606044154740E0,-4.425010297772E0));
#1102=CARTESIAN_POINT('',(4.925224185111E0,3.629256127283E0,-5.195949519117E0));
#1103=CARTESIAN_POINT('',(4.117814992972E0,3.652468099826E0,-5.856562503933E0));
#1104=CARTESIAN_POINT('',(3.222971727575E0,3.675680072369E0,-6.392822375294E0));
#1105=CARTESIAN_POINT('',(2.259694706263E0,3.698892044912E0,-6.793342661260E0));
#1106=CARTESIAN_POINT('',(1.248437308751E0,3.722104017455E0,-7.049619065236E0));
#1107=CARTESIAN_POINT('',(2.106716879943E-1,3.745315989998E0,
-7.156210038749E0));
#1108=CARTESIAN_POINT('',(-8.315671506781E-1,3.768527962541E0,
-7.110852322523E0));
#1109=CARTESIAN_POINT('',(-1.856149221551E0,3.791739935084E0,
-6.914509002536E0));
#1110=CARTESIAN_POINT('',(-2.841319447237E0,3.814951907627E0,
-6.571349060700E0));
#1111=CARTESIAN_POINT('',(-3.766159586914E0,3.838163880170E0,
-6.088658854355E0));
#1112=CARTESIAN_POINT('',(-4.611032395910E0,3.861375852713E0,
-5.476687404141E0));
#1113=CARTESIAN_POINT('',(-5.357998585745E0,3.884587825256E0,
-4.748428775286E0));
#1114=CARTESIAN_POINT('',(-5.991197731248E0,3.907799797799E0,
-3.919346173012E0));
#1115=CARTESIAN_POINT('',(-6.497185036921E0,3.931011770342E0,
-3.007043610396E0));
#1116=CARTESIAN_POINT('',(-6.865216811942E0,3.954223742885E0,
-2.030892120189E0));
#1117=CARTESIAN_POINT('',(-7.087478592272E0,3.977435715428E0,
-1.011618447291E0));
#1118=CARTESIAN_POINT('',(-7.159251066137E0,4.000647687971E0,
2.913504477781E-2));
#1119=CARTESIAN_POINT('',(-7.079010279752E0,4.023859660514E0,1.069269908850E0));
#1120=CARTESIAN_POINT('',(-6.848459995626E0,4.047071633057E0,2.086700833163E0));
#1121=CARTESIAN_POINT('',(-6.472495516355E0,4.070283605600E0,3.059824581504E0));
#1122=CARTESIAN_POINT('',(-5.959099742065E0,4.093495578143E0,3.967978697389E0));
#1123=CARTESIAN_POINT('',(-5.319173668506E0,4.116707550686E0,4.791880232548E0));
#1124=CARTESIAN_POINT('',(-4.566304924867E0,4.139919523229E0,5.514035184141E0));
#1125=CARTESIAN_POINT('',(-3.716479265972E0,4.163131495772E0,6.119109947077E0));
#1126=CARTESIAN_POINT('',(-2.787741144775E0,4.186343468315E0,6.594256894340E0));
#1127=CARTESIAN_POINT('',(-1.799810572267E0,4.209555440857E0,6.929387172237E0));
#1128=CARTESIAN_POINT('',(-7.736644000565E-1,4.232767413400E0,
7.117384918276E0));
#1129=CARTESIAN_POINT('',(2.689090837130E-1,4.255979385943E0,7.154258353142E0));
#1130=CARTESIAN_POINT('',(1.305772787766E0,4.279191358486E0,7.039224538651E0));
#1131=CARTESIAN_POINT('',(2.314910857281E0,4.302403331029E0,6.774726001961E0));
#1132=CARTESIAN_POINT('',(3.274896139263E0,4.325615303572E0,6.366378873104E0));
#1133=CARTESIAN_POINT('',(4.165345147870E0,4.348827276115E0,5.822853636984E0));
#1134=CARTESIAN_POINT('',(4.967350869680E0,4.372039248658E0,5.155691031968E0));
#1135=CARTESIAN_POINT('',(5.663884217899E0,4.395251221201E0,4.379057003722E0));
#1136=CARTESIAN_POINT('',(6.240155615801E0,4.418463193744E0,3.509441918858E0));
#1137=CARTESIAN_POINT('',(6.683929015415E0,4.441675166287E0,2.565310419519E0));
#1138=CARTESIAN_POINT('',(6.985781745175E0,4.464887138830E0,1.566709374144E0));
#1139=CARTESIAN_POINT('',(7.139304440331E0,4.488099111373E0,5.348421721371E-1));
#1140=CARTESIAN_POINT('',(7.141237665E0,4.511311083916E0,-5.083813123098E-1));
#1141=CARTESIAN_POINT('',(6.991539137622E0,4.534523056459E0,-1.540810599575E0));
#1142=CARTESIAN_POINT('',(6.792774397675E0,4.549997704821E0,-2.207285166044E0));
#1143=CARTESIAN_POINT('',(6.669703831679E0,4.557735029002E0,-2.531533046837E0));
#1145=CARTESIAN_POINT('',(7.479366826967E0,4.057733307619E0,-2.838846412132E0));
#1146=CARTESIAN_POINT('',(7.617377484938E0,4.049995983438E0,-2.475236616308E0));
#1147=CARTESIAN_POINT('',(7.840277863997E0,4.034522711376E0,-1.727856939048E0));
#1148=CARTESIAN_POINT('',(7.979446924138E0,4.015281130520E0,
-7.679591940160E-1));
#1149=CARTESIAN_POINT('',(7.999999296118E0,4.003767112173E0,
-1.895191919145E-1));
#1150=CARTESIAN_POINT('',(7.999998983806E0,3.999996751401E0,
-1.381134216083E-9));
#1152=CARTESIAN_POINT('',(-1.768546061613E0,2.086602414635E0,7.134055211502E0));
#1153=CARTESIAN_POINT('',(-1.541374611621E0,2.089149413979E0,7.194916520089E0));
#1154=CARTESIAN_POINT('',(-1.080907447799E0,2.094237789880E0,7.294914387656E0));
#1155=CARTESIAN_POINT('',(-3.768666958383E-1,2.101882459250E0,
7.378153487909E0));
#1156=CARTESIAN_POINT('',(3.302130626575E-1,2.109496223361E0,7.393566427105E0));
#1157=CARTESIAN_POINT('',(1.037680876235E0,2.117116530907E0,7.341203228367E0));
#1158=CARTESIAN_POINT('',(1.737531733647E0,2.124734544935E0,7.221275288418E0));
#1159=CARTESIAN_POINT('',(2.423854998006E0,2.132349441357E0,7.034713623207E0));
#1160=CARTESIAN_POINT('',(3.090498352808E0,2.139965684256E0,6.782927703812E0));
#1161=CARTESIAN_POINT('',(3.730961721062E0,2.147580198522E0,6.468015942692E0));
#1162=CARTESIAN_POINT('',(4.336825481291E0,2.155159038401E0,6.094504173470E0));
#1163=CARTESIAN_POINT('',(4.906343131416E0,2.162752502311E0,5.663679145449E0));
#1164=CARTESIAN_POINT('',(5.433823657779E0,2.170354806715E0,5.178801739433E0));
#1165=CARTESIAN_POINT('',(5.911375004477E0,2.177925752020E0,4.647416762363E0));
#1166=CARTESIAN_POINT('',(6.337406843493E0,2.185497739786E0,4.071664969770E0));
#1167=CARTESIAN_POINT('',(6.708026362931E0,2.193087926347E0,3.455868758736E0));
#1168=CARTESIAN_POINT('',(7.018954756342E0,2.200682621466E0,2.805755888791E0));
#1169=CARTESIAN_POINT('',(7.265557025832E0,2.208225527702E0,2.132446779181E0));
#1170=CARTESIAN_POINT('',(7.448337618056E0,2.215804902119E0,1.434496808592E0));
#1171=CARTESIAN_POINT('',(7.563795900816E0,2.223355323911E0,7.231511429372E-1));
#1172=CARTESIAN_POINT('',(7.595621764297E0,2.228411858370E0,2.414234031536E-1));
#1173=CARTESIAN_POINT('',(7.599998029026E0,2.230938495990E0,
-2.746380696805E-8));
#1175=CARTESIAN_POINT('',(0.E0,2.086602540378E0,0.E0));
#1176=DIRECTION('',(0.E0,1.E0,0.E0));
#1177=DIRECTION('',(-2.406185145210E-1,0.E0,9.706197661648E-1));
#1178=AXIS2_PLACEMENT_3D('',#1175,#1176,#1177);
#1180=CARTESIAN_POINT('',(0.E0,2.086602540378E0,0.E0));
#1181=DIRECTION('',(0.E0,1.E0,0.E0));
#1182=DIRECTION('',(1.E0,0.E0,0.E0));
#1183=AXIS2_PLACEMENT_3D('',#1180,#1181,#1182);
#1185=CARTESIAN_POINT('',(0.E0,2.086602540378E0,0.E0));
#1186=DIRECTION('',(0.E0,1.E0,0.E0));
#1187=DIRECTION('',(9.999813293488E-1,0.E0,-6.110724498626E-3));
#1188=AXIS2_PLACEMENT_3D('',#1185,#1186,#1187);
#1190=CARTESIAN_POINT('',(0.E0,1.826794919243E0,0.E0));
#1191=DIRECTION('',(0.E0,-1.E0,0.E0));
#1192=DIRECTION('',(-2.406185145195E-1,0.E0,-9.706197661651E-1));
#1193=AXIS2_PLACEMENT_3D('',#1190,#1191,#1192);
#1195=CARTESIAN_POINT('',(0.E0,1.826794919243E0,0.E0));
#1196=DIRECTION('',(0.E0,-1.E0,0.E0));
#1197=DIRECTION('',(9.999813293488E-1,0.E0,-6.110724498626E-3));
#1198=AXIS2_PLACEMENT_3D('',#1195,#1196,#1197);
#1200=CARTESIAN_POINT('',(0.E0,1.826794919243E0,0.E0));
#1201=DIRECTION('',(0.E0,-1.E0,0.E0));
#1202=DIRECTION('',(1.E0,0.E0,-5.296908065207E-14));
#1203=AXIS2_PLACEMENT_3D('',#1200,#1201,#1202);
#1205=CARTESIAN_POINT('',(0.E0,1.826794919243E0,0.E0));
#1206=DIRECTION('',(0.E0,-1.E0,0.E0));
#1207=DIRECTION('',(-9.999813293488E-1,0.E0,6.110724498626E-3));
#1208=AXIS2_PLACEMENT_3D('',#1205,#1206,#1207);
#1210=CARTESIAN_POINT('',(-7.5E0,1.826794919243E0,2.807832438778E-11));
#1211=DIRECTION('',(3.743777857168E-12,0.E0,1.E0));
#1212=DIRECTION('',(1.E0,0.E0,-3.743777857168E-12));
#1213=AXIS2_PLACEMENT_3D('',#1210,#1211,#1212);
#1215=CARTESIAN_POINT('',(-7.225320285897E0,1.947260913519E0,
1.040802379454E-8));
#1216=CARTESIAN_POINT('',(-7.225358128844E0,1.947347194799E0,
4.905780066201E-3));
#1217=CARTESIAN_POINT('',(-7.225341020444E0,1.947568153152E0,
1.471745853470E-2));
#1218=CARTESIAN_POINT('',(-7.225443919522E0,1.947807022662E0,
2.943538278981E-2));
#1219=CARTESIAN_POINT('',(-7.225461949596E0,1.947982940559E0,
3.924756329220E-2));
#1220=CARTESIAN_POINT('',(-7.225470043559E0,1.948069085991E0,
4.415369109765E-2));
#1222=CARTESIAN_POINT('',(-7.225470043559E0,1.948069085991E0,
4.415369109765E-2));
#1223=CARTESIAN_POINT('',(-7.225875097350E0,1.952380143035E0,
2.896756696955E-1));
#1224=CARTESIAN_POINT('',(-7.201834946776E0,1.960880492932E0,
7.808483901953E-1));
#1225=CARTESIAN_POINT('',(-7.091473952062E0,1.973302175030E0,1.510599485987E0));
#1226=CARTESIAN_POINT('',(-6.908134641268E0,1.985385522967E0,2.225699949553E0));
#1227=CARTESIAN_POINT('',(-6.652027332799E0,1.997183747473E0,2.921851504589E0));
#1228=CARTESIAN_POINT('',(-6.330308082962E0,2.008525867813E0,3.582177698748E0));
#1229=CARTESIAN_POINT('',(-5.941712943842E0,2.019592366062E0,4.210890568877E0));
#1230=CARTESIAN_POINT('',(-5.491278843371E0,2.030312075519E0,4.797715672875E0));
#1231=CARTESIAN_POINT('',(-4.983582743635E0,2.040680870250E0,5.337067644781E0));
#1232=CARTESIAN_POINT('',(-4.421172623643E0,2.050719825119E0,5.824892108855E0));
#1233=CARTESIAN_POINT('',(-3.815329397784E0,2.060318959226E0,6.251797937868E0));
#1234=CARTESIAN_POINT('',(-3.165429888303E0,2.069563251091E0,6.618082187464E0));
#1235=CARTESIAN_POINT('',(-2.484157458894E0,2.078336225842E0,6.916253176599E0));
#1236=CARTESIAN_POINT('',(-2.009511549427E0,2.083900759391E0,7.069498354059E0));
#1237=CARTESIAN_POINT('',(-1.768546061613E0,2.086602414635E0,7.134055211502E0));
#1239=DIRECTION('',(1.350706087652E-5,-9.999999998754E-1,-8.172730345884E-6));
#1240=VECTOR('',#1239,7.624026421419E-2);
#1241=CARTESIAN_POINT('',(6.160124898951E0,1.624722328151E0,-3.727312869793E0));
#1242=LINE('',#1241,#1240);
#1243=CARTESIAN_POINT('',(6.160125928733E0,1.548482063946E0,-3.727313492884E0));
#1244=CARTESIAN_POINT('',(6.039439032891E0,1.553635350051E0,-3.926772561126E0));
#1245=CARTESIAN_POINT('',(5.778660193633E0,1.563943622557E0,-4.313985904275E0));
#1246=CARTESIAN_POINT('',(5.332895379402E0,1.579407347734E0,-4.854227501249E0));
#1247=CARTESIAN_POINT('',(4.836860184636E0,1.594871211226E0,-5.348696255240E0));
#1248=CARTESIAN_POINT('',(4.294369753155E0,1.610356640013E0,-5.793247380660E0));
#1249=CARTESIAN_POINT('',(3.713278057411E0,1.625789944353E0,-6.181768090537E0));
#1250=CARTESIAN_POINT('',(3.096852215409E0,1.641235152209E0,-6.512498082446E0));
#1251=CARTESIAN_POINT('',(2.450968718260E0,1.656687373985E0,-6.782032949648E0));
#1252=CARTESIAN_POINT('',(1.781605697185E0,1.672148622244E0,-6.987797407891E0));
#1253=CARTESIAN_POINT('',(1.095094309680E0,1.687617541227E0,-7.127714418489E0));
#1254=CARTESIAN_POINT('',(3.981331156603E-1,1.703088920117E0,
-7.200348154648E0));
#1255=CARTESIAN_POINT('',(-3.024469481581E-1,1.718557196646E0,
-7.204996839162E0));
#1256=CARTESIAN_POINT('',(-1.000053193534E0,1.734022861914E0,
-7.141658355900E0));
#1257=CARTESIAN_POINT('',(-1.688292671537E0,1.749489956058E0,
-7.010941999958E0));
#1258=CARTESIAN_POINT('',(-2.360839261710E0,1.764962999218E0,
-6.813927529440E0));
#1259=CARTESIAN_POINT('',(-3.009655078723E0,1.780401134555E0,
-6.553238850234E0));
#1260=CARTESIAN_POINT('',(-3.631014843621E0,1.795860222644E0,
-6.230498441563E0));
#1261=CARTESIAN_POINT('',(-4.218228516218E0,1.811322108075E0,
-5.848928151776E0));
#1262=CARTESIAN_POINT('',(-4.583418002577E0,1.821636068827E0,
-5.557583879514E0));
#1263=CARTESIAN_POINT('',(-4.758550288551E0,1.826794917181E0,
-5.403350732109E0));
#1265=DIRECTION('',(0.E0,-1.E0,-7.377227866427E-12));
#1266=VECTOR('',#1265,1.826794919243E0);
#1267=CARTESIAN_POINT('',(-7.2E0,1.826794919243E0,1.347726990060E-11));
#1268=LINE('',#1267,#1266);
#1269=CARTESIAN_POINT('',(-1.732453017247E0,1.826795403554E0,
-6.988461235307E0));
#1270=CARTESIAN_POINT('',(-1.505006175077E0,1.821618545531E0,
-7.044845746732E0));
#1271=CARTESIAN_POINT('',(-1.044584312628E0,1.811253273633E0,
-7.135400509514E0));
#1272=CARTESIAN_POINT('',(-3.439029530618E-1,1.795712924439E0,
-7.203235406195E0));
#1273=CARTESIAN_POINT('',(3.600460935800E-1,1.780170331910E0,
-7.202507009708E0));
#1274=CARTESIAN_POINT('',(1.062401711074E0,1.764587212028E0,-7.132768668413E0));
#1275=CARTESIAN_POINT('',(1.750820043987E0,1.749089230268E0,-6.995616570841E0));
#1276=CARTESIAN_POINT('',(2.423540531677E0,1.733570960070E0,-6.791998469805E0));
#1277=CARTESIAN_POINT('',(3.073879748246E0,1.718037035325E0,-6.523520790401E0));
#1278=CARTESIAN_POINT('',(3.695737384229E0,1.702483306400E0,-6.192496321278E0));
#1279=CARTESIAN_POINT('',(4.282639376036E0,1.686920511327E0,-5.802099154755E0));
#1280=CARTESIAN_POINT('',(4.828126340659E0,1.671372318647E0,-5.356705817435E0));
#1281=CARTESIAN_POINT('',(5.327491546532E0,1.655827106445E0,-4.860345412494E0));
#1282=CARTESIAN_POINT('',(5.776141916372E0,1.640279551043E0,-4.317572235010E0));
#1283=CARTESIAN_POINT('',(6.038661021581E0,1.629908792815E0,-3.928056054346E0));
#1284=CARTESIAN_POINT('',(6.160124898951E0,1.624722328151E0,-3.727312869793E0));
#1286=CARTESIAN_POINT('',(-4.758550288551E0,1.826794917181E0,
-5.403350732109E0));
#1287=CARTESIAN_POINT('',(-4.928838360168E0,1.831811070159E0,
-5.253383722286E0));
#1288=CARTESIAN_POINT('',(-5.255246134807E0,1.841692931930E0,
-4.937659295093E0));
#1289=CARTESIAN_POINT('',(-5.698222202819E0,1.856104356900E0,
-4.420795924631E0));
#1290=CARTESIAN_POINT('',(-6.090730309455E0,1.870127397618E0,
-3.865354448463E0));
#1291=CARTESIAN_POINT('',(-6.430018884323E0,1.883809381472E0,
-3.275118065228E0));
#1292=CARTESIAN_POINT('',(-6.712547406242E0,1.897144595464E0,
-2.656123210049E0));
#1293=CARTESIAN_POINT('',(-6.936122317201E0,1.910161232888E0,
-2.013247723746E0));
#1294=CARTESIAN_POINT('',(-7.098609233064E0,1.922847005854E0,
-1.352826769859E0));
#1295=CARTESIAN_POINT('',(-7.198810699557E0,1.935260933945E0,
-6.797936271393E-1));
#1296=CARTESIAN_POINT('',(-7.223571626678E0,1.943274000009E0,
-2.266873929216E-1));
#1297=CARTESIAN_POINT('',(-7.225320285897E0,1.947260913519E0,
1.040802379454E-8));
#1299=CARTESIAN_POINT('',(0.E0,1.826794919243E0,0.E0));
#1300=DIRECTION('',(0.E0,-1.E0,0.E0));
#1301=DIRECTION('',(-1.E0,0.E0,0.E0));
#1302=AXIS2_PLACEMENT_3D('',#1299,#1300,#1301);
#1304=DIRECTION('',(0.E0,-1.E0,0.E0));
#1305=VECTOR('',#1304,1.826794919243E0);
#1306=CARTESIAN_POINT('',(7.2E0,1.826794919243E0,-2.536964756176E-13));
#1307=LINE('',#1306,#1305);
#1308=CARTESIAN_POINT('',(0.E0,0.E0,0.E0));
#1309=DIRECTION('',(0.E0,1.E0,0.E0));
#1310=DIRECTION('',(-1.E0,0.E0,0.E0));
#1311=AXIS2_PLACEMENT_3D('',#1308,#1309,#1310);
#1313=CARTESIAN_POINT('',(0.E0,0.E0,0.E0));
#1314=DIRECTION('',(0.E0,1.E0,0.E0));
#1315=DIRECTION('',(1.E0,0.E0,0.E0));
#1316=AXIS2_PLACEMENT_3D('',#1313,#1314,#1315);
#1318=DIRECTION('',(-6.263795163323E-14,1.E0,0.E0));
#1319=VECTOR('',#1318,1.121602976573E1);
#1320=CARTESIAN_POINT('',(6.000000000001E0,-1.041602976573E1,0.E0));
#1321=LINE('',#1320,#1319);
#1322=CARTESIAN_POINT('',(0.E0,8.E-1,0.E0));
#1323=DIRECTION('',(0.E0,1.E0,0.E0));
#1324=DIRECTION('',(1.E0,0.E0,0.E0));
#1325=AXIS2_PLACEMENT_3D('',#1322,#1323,#1324);
#1327=DIRECTION('',(6.263795163323E-14,1.E0,0.E0));
#1328=VECTOR('',#1327,1.121602976573E1);
#1329=CARTESIAN_POINT('',(-6.000000000001E0,-1.041602976573E1,0.E0));
#1330=LINE('',#1329,#1328);
#1331=CARTESIAN_POINT('',(0.E0,8.E-1,0.E0));
#1332=DIRECTION('',(0.E0,1.E0,0.E0));
#1333=DIRECTION('',(-1.E0,0.E0,0.E0));
#1334=AXIS2_PLACEMENT_3D('',#1331,#1332,#1333);
#1336=DIRECTION('',(-9.396926207856E-1,3.420201433266E-1,5.923591603345E-12));
#1337=VECTOR('',#1336,9.241362648335E-1);
#1338=CARTESIAN_POINT('',(-5.131595971336E0,-1.073210298348E1,
-5.464282465758E-12));
#1339=LINE('',#1338,#1337);
#1340=CARTESIAN_POINT('',(0.E0,-1.041602976573E1,0.E0));
#1341=DIRECTION('',(0.E0,1.E0,0.E0));
#1342=DIRECTION('',(-1.E0,0.E0,0.E0));
#1343=AXIS2_PLACEMENT_3D('',#1340,#1341,#1342);
#1345=CARTESIAN_POINT('',(0.E0,-1.092004150764E1,0.E0));
#1346=DIRECTION('',(0.E0,-1.E0,0.E0));
#1347=DIRECTION('',(1.E0,0.E0,0.E0));
#1348=AXIS2_PLACEMENT_3D('',#1345,#1346,#1347);
#1350=CARTESIAN_POINT('',(0.E0,-1.092004150764E1,0.E0));
#1351=DIRECTION('',(0.E0,-1.E0,0.E0));
#1352=DIRECTION('',(9.999721404084E-1,0.E0,7.464476345299E-3));
#1353=AXIS2_PLACEMENT_3D('',#1350,#1351,#1352);
#1355=CARTESIAN_POINT('',(0.E0,-1.073210298348E1,0.E0));
#1356=DIRECTION('',(0.E0,1.E0,0.E0));
#1357=DIRECTION('',(-1.E0,0.E0,0.E0));
#1358=AXIS2_PLACEMENT_3D('',#1355,#1356,#1357);
#1360=CARTESIAN_POINT('',(0.E0,-1.073210298348E1,0.E0));
#1361=DIRECTION('',(0.E0,1.E0,0.E0));
#1362=DIRECTION('',(9.999721404084E-1,0.E0,7.464476345299E-3));
#1363=AXIS2_PLACEMENT_3D('',#1360,#1361,#1362);
#1365=CARTESIAN_POINT('',(5.2E0,-1.092004150764E1,1.109123903831E-11));
#1366=DIRECTION('',(-2.132930984611E-12,0.E0,1.E0));
#1367=DIRECTION('',(-3.420201433206E-1,9.396926207878E-1,-7.295053610494E-13));
#1368=AXIS2_PLACEMENT_3D('',#1365,#1366,#1367);
#1370=DIRECTION('',(0.E0,1.E0,-3.809627656693E-12));
#1371=VECTOR('',#1370,1.399958492360E0);
#1372=CARTESIAN_POINT('',(-5.E0,-1.232E1,2.678473932167E-13));
#1373=LINE('',#1372,#1371);
#1374=DIRECTION('',(0.E0,1.E0,3.809627656693E-12));
#1375=VECTOR('',#1374,1.399958492360E0);
#1376=CARTESIAN_POINT('',(5.E0,-1.232E1,0.E0));
#1377=LINE('',#1376,#1375);
#1378=CARTESIAN_POINT('',(0.E0,-1.092004150764E1,0.E0));
#1379=DIRECTION('',(0.E0,-1.E0,0.E0));
#1380=DIRECTION('',(-1.E0,0.E0,1.069030348940E-13));
#1381=AXIS2_PLACEMENT_3D('',#1378,#1379,#1380);
#1383=CARTESIAN_POINT('',(0.E0,-1.092004150764E1,0.E0));
#1384=DIRECTION('',(0.E0,-1.E0,0.E0));
#1385=DIRECTION('',(-9.999721404084E-1,0.E0,-7.464476345299E-3));
#1386=AXIS2_PLACEMENT_3D('',#1383,#1384,#1385);
#1388=CARTESIAN_POINT('',(0.E0,-1.073210298348E1,0.E0));
#1389=DIRECTION('',(0.E0,1.E0,0.E0));
#1390=DIRECTION('',(1.E0,0.E0,0.E0));
#1391=AXIS2_PLACEMENT_3D('',#1388,#1389,#1390);
#1393=CARTESIAN_POINT('',(0.E0,-1.073210298348E1,0.E0));
#1394=DIRECTION('',(0.E0,1.E0,0.E0));
#1395=DIRECTION('',(-9.999721404084E-1,0.E0,-7.464476345299E-3));
#1396=AXIS2_PLACEMENT_3D('',#1393,#1394,#1395);
#1398=CARTESIAN_POINT('',(-5.2E0,-1.092004150764E1,-1.109123903831E-11));
#1399=DIRECTION('',(2.132930984611E-12,0.E0,-1.E0));
#1400=DIRECTION('',(3.420201433206E-1,9.396926207878E-1,7.295053610494E-13));
#1401=AXIS2_PLACEMENT_3D('',#1398,#1399,#1400);
#1403=DIRECTION('',(9.396926207856E-1,3.420201433266E-1,-5.921922373931E-12));
#1404=VECTOR('',#1403,9.241362648335E-1);
#1405=CARTESIAN_POINT('',(5.131595971336E0,-1.073210298348E1,
5.473398011358E-12));
#1406=LINE('',#1405,#1404);
#1407=CARTESIAN_POINT('',(0.E0,-1.041602976573E1,0.E0));
#1408=DIRECTION('',(0.E0,1.E0,0.E0));
#1409=DIRECTION('',(1.E0,0.E0,0.E0));
#1410=AXIS2_PLACEMENT_3D('',#1407,#1408,#1409);
#1412=CARTESIAN_POINT('',(0.E0,-1.232E1,0.E0));
#1413=DIRECTION('',(0.E0,1.E0,0.E0));
#1414=DIRECTION('',(1.E0,0.E0,0.E0));
#1415=AXIS2_PLACEMENT_3D('',#1412,#1413,#1414);
#1417=CARTESIAN_POINT('',(0.E0,-1.232E1,0.E0));
#1418=DIRECTION('',(0.E0,1.E0,0.E0));
#1419=DIRECTION('',(9.999319741921E-1,0.E0,-1.166391821807E-2));
#1420=AXIS2_PLACEMENT_3D('',#1417,#1418,#1419);
#1422=CARTESIAN_POINT('',(-4.8E0,-1.232E1,0.E0));
#1423=DIRECTION('',(0.E0,0.E0,1.E0));
#1424=DIRECTION('',(-1.E0,0.E0,0.E0));
#1425=AXIS2_PLACEMENT_3D('',#1422,#1423,#1424);
#1427=CARTESIAN_POINT('',(0.E0,-1.252E1,0.E0));
#1428=DIRECTION('',(0.E0,1.E0,0.E0));
#1429=DIRECTION('',(1.E0,0.E0,0.E0));
#1430=AXIS2_PLACEMENT_3D('',#1427,#1428,#1429);
#1432=CARTESIAN_POINT('',(0.E0,-1.252E1,0.E0));
#1433=DIRECTION('',(0.E0,1.E0,0.E0));
#1434=DIRECTION('',(9.999319741921E-1,0.E0,-1.166391821807E-2));
#1435=AXIS2_PLACEMENT_3D('',#1432,#1433,#1434);
#1437=CARTESIAN_POINT('',(0.E0,-1.252E1,0.E0));
#1438=DIRECTION('',(0.E0,1.E0,0.E0));
#1439=DIRECTION('',(-1.E0,0.E0,0.E0));
#1440=AXIS2_PLACEMENT_3D('',#1437,#1438,#1439);
#1442=CARTESIAN_POINT('',(0.E0,-1.252E1,0.E0));
#1443=DIRECTION('',(0.E0,1.E0,0.E0));
#1444=DIRECTION('',(-9.999319741921E-1,0.E0,1.166391821807E-2));
#1445=AXIS2_PLACEMENT_3D('',#1442,#1443,#1444);
#1447=CARTESIAN_POINT('',(0.E0,-1.232E1,0.E0));
#1448=DIRECTION('',(0.E0,1.E0,0.E0));
#1449=DIRECTION('',(-1.E0,0.E0,1.069030348940E-13));
#1450=AXIS2_PLACEMENT_3D('',#1447,#1448,#1449);
#1452=CARTESIAN_POINT('',(0.E0,-1.232E1,0.E0));
#1453=DIRECTION('',(0.E0,1.E0,0.E0));
#1454=DIRECTION('',(-9.999319741921E-1,0.E0,1.166391821807E-2));
#1455=AXIS2_PLACEMENT_3D('',#1452,#1453,#1454);
#1457=CARTESIAN_POINT('',(4.8E0,-1.232E1,0.E0));
#1458=DIRECTION('',(0.E0,0.E0,-1.E0));
#1459=DIRECTION('',(1.E0,0.E0,0.E0));
#1460=AXIS2_PLACEMENT_3D('',#1457,#1458,#1459);
#1462=DIRECTION('',(0.E0,0.E0,1.E0));
#1463=VECTOR('',#1462,5.E-2);
#1464=CARTESIAN_POINT('',(-2.29E0,-4.02E0,-1.8E0));
#1465=LINE('',#1464,#1463);
#1466=DIRECTION('',(-2.141144404634E-14,0.E0,1.E0));
#1467=VECTOR('',#1466,2.8E0);
#1468=CARTESIAN_POINT('',(-2.29E0,-2.142E1,-1.4E0));
#1469=LINE('',#1468,#1467);
#1470=DIRECTION('',(0.E0,1.776356839400E-14,1.E0));
#1471=VECTOR('',#1470,5.E-2);
#1472=CARTESIAN_POINT('',(-2.29E0,-4.02E0,1.75E0));
#1473=LINE('',#1472,#1471);
#1474=DIRECTION('',(0.E0,0.E0,1.E0));
#1475=VECTOR('',#1474,4.E-1);
#1476=CARTESIAN_POINT('',(-2.29E0,-4.02E0,1.8E0));
#1477=LINE('',#1476,#1475);
#1478=DIRECTION('',(0.E0,1.E0,0.E0));
#1479=VECTOR('',#1478,5.210934338282E-1);
#1480=CARTESIAN_POINT('',(-2.29E0,-4.02E0,2.2E0));
#1481=LINE('',#1480,#1479);
#1482=CARTESIAN_POINT('',(-2.29E0,-7.42E0,-7.946168544210E-3));
#1483=DIRECTION('',(-1.E0,0.E0,0.E0));
#1484=DIRECTION('',(0.E0,8.713540964063E-1,4.906547041209E-1));
#1485=AXIS2_PLACEMENT_3D('',#1482,#1483,#1484);
#1487=CARTESIAN_POINT('',(-2.29E0,-3.184645031324E0,9.841567945138E-1));
#1488=DIRECTION('',(-1.E0,0.E0,0.E0));
#1489=DIRECTION('',(0.E0,9.736448203818E-1,2.280696466955E-1));
#1490=AXIS2_PLACEMENT_3D('',#1487,#1488,#1489);
#1492=CARTESIAN_POINT('',(-2.29E0,-1.860282768266E0,0.E0));
#1493=DIRECTION('',(1.E0,0.E0,0.E0));
#1494=DIRECTION('',(0.E0,-8.026437957920E-1,5.964586633427E-1));
#1495=AXIS2_PLACEMENT_3D('',#1492,#1493,#1494);
#1497=CARTESIAN_POINT('',(-2.29E0,-3.181826434555E0,-9.879384282895E-1));
#1498=DIRECTION('',(-1.E0,0.E0,0.E0));
#1499=DIRECTION('',(0.E0,8.009355553362E-1,5.987505625870E-1));
#1500=AXIS2_PLACEMENT_3D('',#1497,#1498,#1499);
#1502=CARTESIAN_POINT('',(-2.29E0,-7.42E0,-7.946168544210E-3));
#1503=DIRECTION('',(-1.E0,0.E0,0.E0));
#1504=DIRECTION('',(0.E0,9.742927736655E-1,-2.252855769533E-1));
#1505=AXIS2_PLACEMENT_3D('',#1502,#1503,#1504);
#1507=DIRECTION('',(0.E0,-1.E0,0.E0));
#1508=VECTOR('',#1507,5.3E-1);
#1509=CARTESIAN_POINT('',(-2.29E0,-3.49E0,-2.2E0));
#1510=LINE('',#1509,#1508);
#1511=DIRECTION('',(0.E0,0.E0,1.E0));
#1512=VECTOR('',#1511,4.E-1);
#1513=CARTESIAN_POINT('',(-2.29E0,-4.02E0,-2.2E0));
#1514=LINE('',#1513,#1512);
#1515=CARTESIAN_POINT('',(0.E0,-1.352E1,0.E0));
#1516=DIRECTION('',(0.E0,1.E0,0.E0));
#1517=DIRECTION('',(0.E0,0.E0,1.E0));
#1518=AXIS2_PLACEMENT_3D('',#1515,#1516,#1517);
#1520=CARTESIAN_POINT('',(0.E0,-1.352E1,0.E0));
#1521=DIRECTION('',(0.E0,1.E0,0.E0));
#1522=DIRECTION('',(0.E0,0.E0,-1.E0));
#1523=AXIS2_PLACEMENT_3D('',#1520,#1521,#1522);
#1525=DIRECTION('',(0.E0,-1.E0,0.E0));
#1526=VECTOR('',#1525,1.E0);
#1527=CARTESIAN_POINT('',(0.E0,-1.252E1,-4.25E0));
#1528=LINE('',#1527,#1526);
#1529=DIRECTION('',(0.E0,1.E0,0.E0));
#1530=VECTOR('',#1529,1.E0);
#1531=CARTESIAN_POINT('',(0.E0,-1.352E1,4.25E0));
#1532=LINE('',#1531,#1530);
#1533=CARTESIAN_POINT('',(0.E0,-1.252E1,0.E0));
#1534=DIRECTION('',(0.E0,1.E0,0.E0));
#1535=DIRECTION('',(0.E0,0.E0,1.E0));
#1536=AXIS2_PLACEMENT_3D('',#1533,#1534,#1535);
#1538=CARTESIAN_POINT('',(0.E0,-1.252E1,0.E0));
#1539=DIRECTION('',(0.E0,1.E0,0.E0));
#1540=DIRECTION('',(0.E0,0.E0,-1.E0));
#1541=AXIS2_PLACEMENT_3D('',#1538,#1539,#1540);
#1543=DIRECTION('',(0.E0,1.E0,0.E0));
#1544=VECTOR('',#1543,5.3E-1);
#1545=CARTESIAN_POINT('',(2.29E0,-4.02E0,-2.2E0));
#1546=LINE('',#1545,#1544);
#1547=CARTESIAN_POINT('',(2.29E0,-7.42E0,-7.946168544210E-3));
#1548=DIRECTION('',(1.E0,0.E0,0.E0));
#1549=DIRECTION('',(0.E0,8.733333333333E-1,-4.871230736568E-1));
#1550=AXIS2_PLACEMENT_3D('',#1547,#1548,#1549);
#1552=CARTESIAN_POINT('',(2.29E0,-3.181826434555E0,-9.879384282895E-1));
#1553=DIRECTION('',(1.E0,0.E0,0.E0));
#1554=DIRECTION('',(0.E0,9.742927736634E-1,-2.252855769625E-1));
#1555=AXIS2_PLACEMENT_3D('',#1552,#1553,#1554);
#1557=CARTESIAN_POINT('',(2.29E0,-1.860282768266E0,0.E0));
#1558=DIRECTION('',(-1.E0,0.E0,0.E0));
#1559=DIRECTION('',(0.E0,-8.009355553257E-1,-5.987505626011E-1));
#1560=AXIS2_PLACEMENT_3D('',#1557,#1558,#1559);
#1562=CARTESIAN_POINT('',(2.29E0,-3.184645031324E0,9.841567945138E-1));
#1563=DIRECTION('',(1.E0,0.E0,0.E0));
#1564=DIRECTION('',(0.E0,8.026437958003E-1,-5.964586633316E-1));
#1565=AXIS2_PLACEMENT_3D('',#1562,#1563,#1564);
#1567=CARTESIAN_POINT('',(2.29E0,-7.42E0,-7.946168544210E-3));
#1568=DIRECTION('',(1.E0,0.E0,0.E0));
#1569=DIRECTION('',(0.E0,9.736448203853E-1,2.280696466805E-1));
#1570=AXIS2_PLACEMENT_3D('',#1567,#1568,#1569);
#1572=DIRECTION('',(0.E0,-1.E0,0.E0));
#1573=VECTOR('',#1572,5.210934338282E-1);
#1574=CARTESIAN_POINT('',(2.29E0,-3.498906566172E0,2.2E0));
#1575=LINE('',#1574,#1573);
#1576=DIRECTION('',(0.E0,0.E0,-1.E0));
#1577=VECTOR('',#1576,4.E-1);
#1578=CARTESIAN_POINT('',(2.29E0,-4.02E0,2.2E0));
#1579=LINE('',#1578,#1577);
#1580=DIRECTION('',(0.E0,-1.776356839400E-14,-1.E0));
#1581=VECTOR('',#1580,5.E-2);
#1582=CARTESIAN_POINT('',(2.29E0,-4.02E0,1.8E0));
#1583=LINE('',#1582,#1581);
#1584=DIRECTION('',(0.E0,-1.E0,0.E0));
#1585=VECTOR('',#1584,9.9E0);
#1586=CARTESIAN_POINT('',(2.29E0,-4.02E0,1.75E0));
#1587=LINE('',#1586,#1585);
#1588=DIRECTION('',(0.E0,0.E0,-1.E0));
#1589=VECTOR('',#1588,3.5E-1);
#1590=CARTESIAN_POINT('',(2.29E0,-1.392E1,1.75E0));
#1591=LINE('',#1590,#1589);
#1592=DIRECTION('',(0.E0,-1.E0,0.E0));
#1593=VECTOR('',#1592,7.5E0);
#1594=CARTESIAN_POINT('',(2.29E0,-1.392E1,1.4E0));
#1595=LINE('',#1594,#1593);
#1596=DIRECTION('',(0.E0,1.E0,0.E0));
#1597=VECTOR('',#1596,7.5E0);
#1598=CARTESIAN_POINT('',(2.29E0,-2.142E1,-1.4E0));
#1599=LINE('',#1598,#1597);
#1600=DIRECTION('',(0.E0,0.E0,-1.E0));
#1601=VECTOR('',#1600,3.5E-1);
#1602=CARTESIAN_POINT('',(2.29E0,-1.392E1,-1.4E0));
#1603=LINE('',#1602,#1601);
#1604=DIRECTION('',(0.E0,1.E0,0.E0));
#1605=VECTOR('',#1604,9.9E0);
#1606=CARTESIAN_POINT('',(2.29E0,-1.392E1,-1.75E0));
#1607=LINE('',#1606,#1605);
#1608=DIRECTION('',(0.E0,0.E0,-1.E0));
#1609=VECTOR('',#1608,5.E-2);
#1610=CARTESIAN_POINT('',(2.29E0,-4.02E0,-1.75E0));
#1611=LINE('',#1610,#1609);
#1612=DIRECTION('',(0.E0,0.E0,-1.E0));
#1613=VECTOR('',#1612,4.E-1);
#1614=CARTESIAN_POINT('',(2.29E0,-4.02E0,-1.8E0));
#1615=LINE('',#1614,#1613);
#1616=DIRECTION('',(0.E0,0.E0,1.E0));
#1617=VECTOR('',#1616,5.E-2);
#1618=CARTESIAN_POINT('',(2.79E0,-4.02E0,-1.8E0));
#1619=LINE('',#1618,#1617);
#1620=DIRECTION('',(-2.157004733557E-14,0.E0,1.E0));
#1621=VECTOR('',#1620,2.8E0);
#1622=CARTESIAN_POINT('',(2.79E0,-2.142E1,-1.4E0));
#1623=LINE('',#1622,#1621);
#1624=DIRECTION('',(0.E0,1.776356839400E-14,1.E0));
#1625=VECTOR('',#1624,5.E-2);
#1626=CARTESIAN_POINT('',(2.79E0,-4.02E0,1.75E0));
#1627=LINE('',#1626,#1625);
#1628=DIRECTION('',(0.E0,0.E0,1.E0));
#1629=VECTOR('',#1628,4.E-1);
#1630=CARTESIAN_POINT('',(2.79E0,-4.02E0,1.8E0));
#1631=LINE('',#1630,#1629);
#1632=DIRECTION('',(0.E0,1.E0,0.E0));
#1633=VECTOR('',#1632,5.210934338282E-1);
#1634=CARTESIAN_POINT('',(2.79E0,-4.02E0,2.2E0));
#1635=LINE('',#1634,#1633);
#1636=CARTESIAN_POINT('',(2.79E0,-7.42E0,-7.946168544210E-3));
#1637=DIRECTION('',(-1.E0,0.E0,0.E0));
#1638=DIRECTION('',(0.E0,8.713540964063E-1,4.906547041209E-1));
#1639=AXIS2_PLACEMENT_3D('',#1636,#1637,#1638);
#1641=CARTESIAN_POINT('',(2.79E0,-3.184645031324E0,9.841567945138E-1));
#1642=DIRECTION('',(-1.E0,0.E0,0.E0));
#1643=DIRECTION('',(0.E0,9.736448203818E-1,2.280696466955E-1));
#1644=AXIS2_PLACEMENT_3D('',#1641,#1642,#1643);
#1646=CARTESIAN_POINT('',(2.79E0,-1.860282768266E0,0.E0));
#1647=DIRECTION('',(1.E0,0.E0,0.E0));
#1648=DIRECTION('',(0.E0,-8.026437957920E-1,5.964586633427E-1));
#1649=AXIS2_PLACEMENT_3D('',#1646,#1647,#1648);
#1651=CARTESIAN_POINT('',(2.79E0,-3.181826434555E0,-9.879384282895E-1));
#1652=DIRECTION('',(-1.E0,0.E0,0.E0));
#1653=DIRECTION('',(0.E0,8.009355553362E-1,5.987505625870E-1));
#1654=AXIS2_PLACEMENT_3D('',#1651,#1652,#1653);
#1656=CARTESIAN_POINT('',(2.79E0,-7.42E0,-7.946168544210E-3));
#1657=DIRECTION('',(-1.E0,0.E0,0.E0));
#1658=DIRECTION('',(0.E0,9.742927736655E-1,-2.252855769533E-1));
#1659=AXIS2_PLACEMENT_3D('',#1656,#1657,#1658);
#1661=DIRECTION('',(0.E0,-1.E0,0.E0));
#1662=VECTOR('',#1661,5.3E-1);
#1663=CARTESIAN_POINT('',(2.79E0,-3.49E0,-2.2E0));
#1664=LINE('',#1663,#1662);
#1665=DIRECTION('',(0.E0,0.E0,1.E0));
#1666=VECTOR('',#1665,4.E-1);
#1667=CARTESIAN_POINT('',(2.79E0,-4.02E0,-2.2E0));
#1668=LINE('',#1667,#1666);
#1669=DIRECTION('',(0.E0,1.E0,0.E0));
#1670=VECTOR('',#1669,9.9E0);
#1671=CARTESIAN_POINT('',(2.79E0,-1.392E1,-1.75E0));
#1672=LINE('',#1671,#1670);
#1673=DIRECTION('',(-1.E0,0.E0,0.E0));
#1674=VECTOR('',#1673,5.E-1);
#1675=CARTESIAN_POINT('',(2.79E0,-4.02E0,-1.75E0));
#1676=LINE('',#1675,#1674);
#1677=DIRECTION('',(1.E0,0.E0,0.E0));
#1678=VECTOR('',#1677,5.E-1);
#1679=CARTESIAN_POINT('',(2.29E0,-1.392E1,-1.75E0));
#1680=LINE('',#1679,#1678);
#1681=DIRECTION('',(0.E0,0.E0,-1.E0));
#1682=VECTOR('',#1681,3.5E-1);
#1683=CARTESIAN_POINT('',(2.79E0,-1.392E1,-1.4E0));
#1684=LINE('',#1683,#1682);
#1685=DIRECTION('',(1.E0,0.E0,0.E0));
#1686=VECTOR('',#1685,5.E-1);
#1687=CARTESIAN_POINT('',(2.29E0,-1.392E1,-1.4E0));
#1688=LINE('',#1687,#1686);
#1689=DIRECTION('',(1.E0,-1.421085471520E-14,0.E0));
#1690=VECTOR('',#1689,5.000000000002E-1);
#1691=CARTESIAN_POINT('',(2.29E0,-2.142E1,-1.4E0));
#1692=LINE('',#1691,#1690);
#1693=DIRECTION('',(-1.515824502955E-14,1.E0,0.E0));
#1694=VECTOR('',#1693,7.5E0);
#1695=CARTESIAN_POINT('',(2.79E0,-2.142E1,-1.4E0));
#1696=LINE('',#1695,#1694);
#1697=DIRECTION('',(1.237240302063E-1,-7.016738431599E-1,7.016738431599E-1));
#1698=VECTOR('',#1697,7.125817855035E-1);
#1699=CARTESIAN_POINT('',(2.29E0,-2.142E1,-1.4E0));
#1700=LINE('',#1699,#1698);
#1701=DIRECTION('',(1.E0,-4.390497158611E-14,0.E0));
#1702=VECTOR('',#1701,3.236730192919E-1);
#1703=CARTESIAN_POINT('',(2.378163490354E0,-2.192E1,-9.E-1));
#1704=LINE('',#1703,#1702);
#1705=DIRECTION('',(-1.237240302063E-1,-7.016738431599E-1,7.016738431599E-1));
#1706=VECTOR('',#1705,7.125817855035E-1);
#1707=CARTESIAN_POINT('',(2.79E0,-2.142E1,-1.4E0));
#1708=LINE('',#1707,#1706);
#1709=DIRECTION('',(1.237240302063E-1,7.016738431599E-1,7.016738431599E-1));
#1710=VECTOR('',#1709,7.125817855035E-1);
#1711=CARTESIAN_POINT('',(2.701836509646E0,-2.192E1,9.E-1));
#1712=LINE('',#1711,#1710);
#1713=DIRECTION('',(4.440892098501E-14,0.E0,-1.E0));
#1714=VECTOR('',#1713,1.8E0);
#1715=CARTESIAN_POINT('',(2.701836509646E0,-2.192E1,9.E-1));
#1716=LINE('',#1715,#1714);
#1717=DIRECTION('',(1.E0,-4.390497158613E-14,0.E0));
#1718=VECTOR('',#1717,3.236730192918E-1);
#1719=CARTESIAN_POINT('',(2.378163490354E0,-2.192E1,9.E-1));
#1720=LINE('',#1719,#1718);
#1721=DIRECTION('',(-4.440892098501E-14,0.E0,-1.E0));
#1722=VECTOR('',#1721,1.8E0);
#1723=CARTESIAN_POINT('',(2.378163490354E0,-2.192E1,9.E-1));
#1724=LINE('',#1723,#1722);
#1725=DIRECTION('',(2.125284075711E-14,0.E0,1.E0));
#1726=VECTOR('',#1725,2.8E0);
#1727=CARTESIAN_POINT('',(2.29E0,-2.142E1,-1.4E0));
#1728=LINE('',#1727,#1726);
#1729=DIRECTION('',(-1.237240302064E-1,7.016738431599E-1,7.016738431599E-1));
#1730=VECTOR('',#1729,7.125817855035E-1);
#1731=CARTESIAN_POINT('',(2.378163490354E0,-2.192E1,9.E-1));
#1732=LINE('',#1731,#1730);
#1733=DIRECTION('',(1.E0,-2.131628207280E-14,0.E0));
#1734=VECTOR('',#1733,5.000000000001E-1);
#1735=CARTESIAN_POINT('',(2.29E0,-2.142E1,1.4E0));
#1736=LINE('',#1735,#1734);
#1737=DIRECTION('',(1.E0,0.E0,0.E0));
#1738=VECTOR('',#1737,5.E-1);
#1739=CARTESIAN_POINT('',(2.29E0,-1.392E1,1.4E0));
#1740=LINE('',#1739,#1738);
#1741=DIRECTION('',(0.E0,-1.E0,0.E0));
#1742=VECTOR('',#1741,7.5E0);
#1743=CARTESIAN_POINT('',(2.79E0,-1.392E1,1.4E0));
#1744=LINE('',#1743,#1742);
#1745=DIRECTION('',(0.E0,0.E0,-1.E0));
#1746=VECTOR('',#1745,3.5E-1);
#1747=CARTESIAN_POINT('',(2.79E0,-1.392E1,1.75E0));
#1748=LINE('',#1747,#1746);
#1749=DIRECTION('',(1.E0,0.E0,0.E0));
#1750=VECTOR('',#1749,5.E-1);
#1751=CARTESIAN_POINT('',(2.29E0,-1.392E1,1.75E0));
#1752=LINE('',#1751,#1750);
#1753=DIRECTION('',(0.E0,-1.E0,0.E0));
#1754=VECTOR('',#1753,9.9E0);
#1755=CARTESIAN_POINT('',(2.79E0,-4.02E0,1.75E0));
#1756=LINE('',#1755,#1754);
#1757=DIRECTION('',(1.E0,0.E0,0.E0));
#1758=VECTOR('',#1757,5.E-1);
#1759=CARTESIAN_POINT('',(2.29E0,-4.02E0,1.75E0));
#1760=LINE('',#1759,#1758);
#1761=DIRECTION('',(0.E0,1.E0,0.E0));
#1762=VECTOR('',#1761,5.3E-1);
#1763=CARTESIAN_POINT('',(-2.79E0,-4.02E0,-2.2E0));
#1764=LINE('',#1763,#1762);
#1765=CARTESIAN_POINT('',(-2.79E0,-7.42E0,-7.946168544210E-3));
#1766=DIRECTION('',(1.E0,0.E0,0.E0));
#1767=DIRECTION('',(0.E0,8.733333333333E-1,-4.871230736568E-1));
#1768=AXIS2_PLACEMENT_3D('',#1765,#1766,#1767);
#1770=CARTESIAN_POINT('',(-2.79E0,-3.181826434555E0,-9.879384282895E-1));
#1771=DIRECTION('',(1.E0,0.E0,0.E0));
#1772=DIRECTION('',(0.E0,9.742927736634E-1,-2.252855769625E-1));
#1773=AXIS2_PLACEMENT_3D('',#1770,#1771,#1772);
#1775=CARTESIAN_POINT('',(-2.79E0,-1.860282768266E0,0.E0));
#1776=DIRECTION('',(-1.E0,0.E0,0.E0));
#1777=DIRECTION('',(0.E0,-8.009355553257E-1,-5.987505626011E-1));
#1778=AXIS2_PLACEMENT_3D('',#1775,#1776,#1777);
#1780=CARTESIAN_POINT('',(-2.79E0,-3.184645031324E0,9.841567945138E-1));
#1781=DIRECTION('',(1.E0,0.E0,0.E0));
#1782=DIRECTION('',(0.E0,8.026437958003E-1,-5.964586633316E-1));
#1783=AXIS2_PLACEMENT_3D('',#1780,#1781,#1782);
#1785=CARTESIAN_POINT('',(-2.79E0,-7.42E0,-7.946168544210E-3));
#1786=DIRECTION('',(1.E0,0.E0,0.E0));
#1787=DIRECTION('',(0.E0,9.736448203853E-1,2.280696466805E-1));
#1788=AXIS2_PLACEMENT_3D('',#1785,#1786,#1787);
#1790=DIRECTION('',(0.E0,-1.E0,0.E0));
#1791=VECTOR('',#1790,5.210934338282E-1);
#1792=CARTESIAN_POINT('',(-2.79E0,-3.498906566172E0,2.2E0));
#1793=LINE('',#1792,#1791);
#1794=DIRECTION('',(0.E0,0.E0,-1.E0));
#1795=VECTOR('',#1794,4.E-1);
#1796=CARTESIAN_POINT('',(-2.79E0,-4.02E0,2.2E0));
#1797=LINE('',#1796,#1795);
#1798=DIRECTION('',(0.E0,-1.776356839400E-14,-1.E0));
#1799=VECTOR('',#1798,5.E-2);
#1800=CARTESIAN_POINT('',(-2.79E0,-4.02E0,1.8E0));
#1801=LINE('',#1800,#1799);
#1802=DIRECTION('',(0.E0,-1.E0,0.E0));
#1803=VECTOR('',#1802,9.9E0);
#1804=CARTESIAN_POINT('',(-2.79E0,-4.02E0,1.75E0));
#1805=LINE('',#1804,#1803);
#1806=DIRECTION('',(0.E0,0.E0,-1.E0));
#1807=VECTOR('',#1806,3.5E-1);
#1808=CARTESIAN_POINT('',(-2.79E0,-1.392E1,1.75E0));
#1809=LINE('',#1808,#1807);
#1810=DIRECTION('',(0.E0,-1.E0,0.E0));
#1811=VECTOR('',#1810,7.5E0);
#1812=CARTESIAN_POINT('',(-2.79E0,-1.392E1,1.4E0));
#1813=LINE('',#1812,#1811);
#1814=DIRECTION('',(0.E0,1.E0,0.E0));
#1815=VECTOR('',#1814,7.5E0);
#1816=CARTESIAN_POINT('',(-2.79E0,-2.142E1,-1.4E0));
#1817=LINE('',#1816,#1815);
#1818=DIRECTION('',(0.E0,0.E0,-1.E0));
#1819=VECTOR('',#1818,3.5E-1);
#1820=CARTESIAN_POINT('',(-2.79E0,-1.392E1,-1.4E0));
#1821=LINE('',#1820,#1819);
#1822=DIRECTION('',(0.E0,1.E0,0.E0));
#1823=VECTOR('',#1822,9.9E0);
#1824=CARTESIAN_POINT('',(-2.79E0,-1.392E1,-1.75E0));
#1825=LINE('',#1824,#1823);
#1826=DIRECTION('',(0.E0,0.E0,-1.E0));
#1827=VECTOR('',#1826,5.E-2);
#1828=CARTESIAN_POINT('',(-2.79E0,-4.02E0,-1.75E0));
#1829=LINE('',#1828,#1827);
#1830=DIRECTION('',(0.E0,0.E0,-1.E0));
#1831=VECTOR('',#1830,4.E-1);
#1832=CARTESIAN_POINT('',(-2.79E0,-4.02E0,-1.8E0));
#1833=LINE('',#1832,#1831);
#1834=DIRECTION('',(0.E0,-1.E0,0.E0));
#1835=VECTOR('',#1834,9.9E0);
#1836=CARTESIAN_POINT('',(-2.29E0,-4.02E0,1.75E0));
#1837=LINE('',#1836,#1835);
#1838=DIRECTION('',(1.E0,0.E0,0.E0));
#1839=VECTOR('',#1838,5.E-1);
#1840=CARTESIAN_POINT('',(-2.79E0,-4.02E0,1.75E0));
#1841=LINE('',#1840,#1839);
#1842=DIRECTION('',(0.E0,0.E0,-1.E0));
#1843=VECTOR('',#1842,3.5E-1);
#1844=CARTESIAN_POINT('',(-2.29E0,-1.392E1,1.75E0));
#1845=LINE('',#1844,#1843);
#1846=DIRECTION('',(1.E0,0.E0,0.E0));
#1847=VECTOR('',#1846,5.E-1);
#1848=CARTESIAN_POINT('',(-2.79E0,-1.392E1,1.75E0));
#1849=LINE('',#1848,#1847);
#1850=DIRECTION('',(1.E0,0.E0,0.E0));
#1851=VECTOR('',#1850,5.E-1);
#1852=CARTESIAN_POINT('',(-2.79E0,-1.392E1,1.4E0));
#1853=LINE('',#1852,#1851);
#1854=DIRECTION('',(0.E0,-1.E0,0.E0));
#1855=VECTOR('',#1854,7.5E0);
#1856=CARTESIAN_POINT('',(-2.29E0,-1.392E1,1.4E0));
#1857=LINE('',#1856,#1855);
#1858=DIRECTION('',(-1.237240302064E-1,7.016738431599E-1,7.016738431599E-1));
#1859=VECTOR('',#1858,7.125817855035E-1);
#1860=CARTESIAN_POINT('',(-2.701836509646E0,-2.192E1,9.E-1));
#1861=LINE('',#1860,#1859);
#1862=DIRECTION('',(1.E0,-2.131628207280E-14,0.E0));
#1863=VECTOR('',#1862,5.000000000001E-1);
#1864=CARTESIAN_POINT('',(-2.79E0,-2.142E1,1.4E0));
#1865=LINE('',#1864,#1863);
#1866=DIRECTION('',(-1.237240302063E-1,-7.016738431599E-1,7.016738431599E-1));
#1867=VECTOR('',#1866,7.125817855035E-1);
#1868=CARTESIAN_POINT('',(-2.29E0,-2.142E1,-1.4E0));
#1869=LINE('',#1868,#1867);
#1870=DIRECTION('',(1.237240302063E-1,7.016738431599E-1,7.016738431599E-1));
#1871=VECTOR('',#1870,7.125817855035E-1);
#1872=CARTESIAN_POINT('',(-2.378163490354E0,-2.192E1,9.E-1));
#1873=LINE('',#1872,#1871);
#1874=DIRECTION('',(1.237240302063E-1,-7.016738431599E-1,7.016738431599E-1));
#1875=VECTOR('',#1874,7.125817855035E-1);
#1876=CARTESIAN_POINT('',(-2.79E0,-2.142E1,-1.4E0));
#1877=LINE('',#1876,#1875);
#1878=DIRECTION('',(1.E0,-4.390497158611E-14,0.E0));
#1879=VECTOR('',#1878,3.236730192919E-1);
#1880=CARTESIAN_POINT('',(-2.701836509646E0,-2.192E1,-9.E-1));
#1881=LINE('',#1880,#1879);
#1882=DIRECTION('',(1.E0,-1.421085471520E-14,0.E0));
#1883=VECTOR('',#1882,5.000000000002E-1);
#1884=CARTESIAN_POINT('',(-2.79E0,-2.142E1,-1.4E0));
#1885=LINE('',#1884,#1883);
#1886=DIRECTION('',(-1.498060934561E-14,1.E0,0.E0));
#1887=VECTOR('',#1886,7.5E0);
#1888=CARTESIAN_POINT('',(-2.29E0,-2.142E1,-1.4E0));
#1889=LINE('',#1888,#1887);
#1890=DIRECTION('',(0.E0,0.E0,-1.E0));
#1891=VECTOR('',#1890,3.5E-1);
#1892=CARTESIAN_POINT('',(-2.29E0,-1.392E1,-1.4E0));
#1893=LINE('',#1892,#1891);
#1894=DIRECTION('',(1.E0,0.E0,0.E0));
#1895=VECTOR('',#1894,5.E-1);
#1896=CARTESIAN_POINT('',(-2.79E0,-1.392E1,-1.4E0));
#1897=LINE('',#1896,#1895);
#1898=DIRECTION('',(0.E0,1.E0,0.E0));
#1899=VECTOR('',#1898,9.9E0);
#1900=CARTESIAN_POINT('',(-2.29E0,-1.392E1,-1.75E0));
#1901=LINE('',#1900,#1899);
#1902=DIRECTION('',(-1.E0,0.E0,0.E0));
#1903=VECTOR('',#1902,5.E-1);
#1904=CARTESIAN_POINT('',(-2.29E0,-4.02E0,-1.75E0));
#1905=LINE('',#1904,#1903);
#1906=DIRECTION('',(1.E0,0.E0,0.E0));
#1907=VECTOR('',#1906,5.E-1);
#1908=CARTESIAN_POINT('',(-2.79E0,-1.392E1,-1.75E0));
#1909=LINE('',#1908,#1907);
#1910=DIRECTION('',(-4.440892098501E-14,0.E0,-1.E0));
#1911=VECTOR('',#1910,1.8E0);
#1912=CARTESIAN_POINT('',(-2.701836509646E0,-2.192E1,9.E-1));
#1913=LINE('',#1912,#1911);
#1914=DIRECTION('',(2.157004733557E-14,0.E0,1.E0));
#1915=VECTOR('',#1914,2.8E0);
#1916=CARTESIAN_POINT('',(-2.79E0,-2.142E1,-1.4E0));
#1917=LINE('',#1916,#1915);
#1918=DIRECTION('',(4.440892098501E-14,0.E0,-1.E0));
#1919=VECTOR('',#1918,1.8E0);
#1920=CARTESIAN_POINT('',(-2.378163490354E0,-2.192E1,9.E-1));
#1921=LINE('',#1920,#1919);
#1922=DIRECTION('',(1.E0,-4.390497158613E-14,0.E0));
#1923=VECTOR('',#1922,3.236730192918E-1);
#1924=CARTESIAN_POINT('',(-2.701836509646E0,-2.192E1,9.E-1));
#1925=LINE('',#1924,#1923);
#1926=CARTESIAN_POINT('',(0.E0,1.E1,-5.9E0));
#1927=CARTESIAN_POINT('',(0.E0,1.E1,5.9E0));
#1928=VERTEX_POINT('',#1926);
#1929=VERTEX_POINT('',#1927);
#1930=CARTESIAN_POINT('',(0.E0,1.46E1,-5.9E0));
#1931=VERTEX_POINT('',#1930);
#1932=CARTESIAN_POINT('',(0.E0,1.46E1,5.9E0));
#1933=VERTEX_POINT('',#1932);
#1934=CARTESIAN_POINT('',(0.E0,1.51E1,-5.4E0));
#1935=VERTEX_POINT('',#1934);
#1936=CARTESIAN_POINT('',(0.E0,1.51E1,5.4E0));
#1937=VERTEX_POINT('',#1936);
#1938=CARTESIAN_POINT('',(-6.5E0,1.35E1,0.E0));
#1939=CARTESIAN_POINT('',(6.5E0,1.35E1,0.E0));
#1940=VERTEX_POINT('',#1938);
#1941=VERTEX_POINT('',#1939);
#1942=CARTESIAN_POINT('',(9.E0,1.23E1,0.E0));
#1943=VERTEX_POINT('',#1942);
#1944=CARTESIAN_POINT('',(-9.E0,1.23E1,0.E0));
#1945=VERTEX_POINT('',#1944);
#1946=CARTESIAN_POINT('',(9.E0,1.2E1,0.E0));
#1947=VERTEX_POINT('',#1946);
#1948=CARTESIAN_POINT('',(-9.E0,1.2E1,0.E0));
#1949=VERTEX_POINT('',#1948);
#1950=CARTESIAN_POINT('',(0.E0,1.2E1,7.35E0));
#1951=CARTESIAN_POINT('',(0.E0,1.2E1,-7.35E0));
#1952=VERTEX_POINT('',#1950);
#1953=VERTEX_POINT('',#1951);
#1954=CARTESIAN_POINT('',(0.E0,1.1E1,7.35E0));
#1955=VERTEX_POINT('',#1954);
#1956=CARTESIAN_POINT('',(0.E0,1.1E1,-7.35E0));
#1957=VERTEX_POINT('',#1956);
#1958=CARTESIAN_POINT('',(8.E0,1.1E1,0.E0));
#1959=CARTESIAN_POINT('',(-8.E0,1.1E1,0.E0));
#1960=VERTEX_POINT('',#1958);
#1961=VERTEX_POINT('',#1959);
#1962=VERTEX_POINT('',#155);
#1963=CARTESIAN_POINT('',(7.133975307838E0,1.049999958914E1,0.E0));
#1964=VERTEX_POINT('',#1963);
#1965=VERTEX_POINT('',#363);
#1966=CARTESIAN_POINT('',(7.868767638165E0,8.028867866266E0,-1.443096773892E0));
#1967=VERTEX_POINT('',#1966);
#1968=VERTEX_POINT('',#184);
#1969=VERTEX_POINT('',#210);
#1970=VERTEX_POINT('',#237);
#1971=VERTEX_POINT('',#263);
#1972=VERTEX_POINT('',#495);
#1973=VERTEX_POINT('',#332);
#1974=VERTEX_POINT('',#357);
#1975=VERTEX_POINT('',#662);
#1976=CARTESIAN_POINT('',(7.479373108492E0,5.057737181145E0,-2.838848723829E0));
#1977=VERTEX_POINT('',#1976);
#1978=VERTEX_POINT('',#527);
#1979=VERTEX_POINT('',#553);
#1980=VERTEX_POINT('',#580);
#1981=VERTEX_POINT('',#606);
#1982=VERTEX_POINT('',#800);
#1983=VERTEX_POINT('',#632);
#1984=VERTEX_POINT('',#656);
#1985=VERTEX_POINT('',#1013);
#1986=CARTESIAN_POINT('',(6.160124898951E0,1.624722328151E0,-3.727312869793E0));
#1987=VERTEX_POINT('',#1986);
#1988=VERTEX_POINT('',#1269);
#1989=VERTEX_POINT('',#883);
#1990=CARTESIAN_POINT('',(-7.771627028962E0,2.461879880956E0,
-1.897841497869E0));
#1991=VERTEX_POINT('',#1990);
#1992=VERTEX_POINT('',#893);
#1993=VERTEX_POINT('',#920);
#1994=VERTEX_POINT('',#946);
#1995=VERTEX_POINT('',#973);
#1996=VERTEX_POINT('',#1152);
#1997=VERTEX_POINT('',#1173);
#1998=VERTEX_POINT('',#1222);
#1999=VERTEX_POINT('',#1215);
#2000=VERTEX_POINT('',#1286);
#2001=VERTEX_POINT('',#1243);
#2002=CARTESIAN_POINT('',(7.35E0,2.086602540378E0,0.E0));
#2003=VERTEX_POINT('',#2002);
#2004=CARTESIAN_POINT('',(7.349862770713E0,2.086602540378E0,
-4.491382506490E-2));
#2005=VERTEX_POINT('',#2004);
#2006=CARTESIAN_POINT('',(7.199865571311E0,1.826794919243E0,
-4.399721639011E-2));
#2007=VERTEX_POINT('',#2006);
#2008=CARTESIAN_POINT('',(7.2E0,1.826794919243E0,-3.813685478526E-13));
#2009=VERTEX_POINT('',#2008);
#2010=CARTESIAN_POINT('',(-7.199865571311E0,1.826794919243E0,
4.399721639010E-2));
#2011=VERTEX_POINT('',#2010);
#2012=CARTESIAN_POINT('',(-7.2E0,1.826794919243E0,0.E0));
#2013=VERTEX_POINT('',#2012);
#2014=CARTESIAN_POINT('',(-7.2E0,0.E0,0.E0));
#2015=VERTEX_POINT('',#2014);
#2016=CARTESIAN_POINT('',(7.2E0,0.E0,0.E0));
#2017=VERTEX_POINT('',#2016);
#2018=CARTESIAN_POINT('',(-6.E0,8.E-1,0.E0));
#2019=CARTESIAN_POINT('',(6.E0,8.E-1,0.E0));
#2020=VERTEX_POINT('',#2018);
#2021=VERTEX_POINT('',#2019);
#2022=CARTESIAN_POINT('',(-6.000000000001E0,-1.041602976573E1,0.E0));
#2023=VERTEX_POINT('',#2022);
#2024=CARTESIAN_POINT('',(6.000000000001E0,-1.041602976573E1,0.E0));
#2025=VERTEX_POINT('',#2024);
#2026=CARTESIAN_POINT('',(-5.131595971336E0,-1.073210298348E1,
1.760265194336E-14));
#2027=CARTESIAN_POINT('',(5.131453007168E0,-1.073210298348E1,
3.830467674167E-2));
#2028=VERTEX_POINT('',#2026);
#2029=VERTEX_POINT('',#2027);
#2030=CARTESIAN_POINT('',(5.131595971336E0,-1.073210298348E1,0.E0));
#2031=VERTEX_POINT('',#2030);
#2032=CARTESIAN_POINT('',(4.999860702042E0,-1.092004150764E1,
3.732238172650E-2));
#2033=CARTESIAN_POINT('',(-5.E0,-1.092004150764E1,5.345168752058E-13));
#2034=VERTEX_POINT('',#2032);
#2035=VERTEX_POINT('',#2033);
#2036=CARTESIAN_POINT('',(5.E0,-1.092004150764E1,0.E0));
#2037=VERTEX_POINT('',#2036);
#2038=CARTESIAN_POINT('',(5.E0,-1.232E1,0.E0));
#2039=VERTEX_POINT('',#2038);
#2040=CARTESIAN_POINT('',(-4.999659870961E0,-1.232E1,5.831959109035E-2));
#2041=VERTEX_POINT('',#2040);
#2042=CARTESIAN_POINT('',(-5.E0,-1.232E1,5.345151744698E-13));
#2043=VERTEX_POINT('',#2042);
#2044=CARTESIAN_POINT('',(-4.999860702042E0,-1.092004150764E1,
-3.732238172650E-2));
#2045=VERTEX_POINT('',#2044);
#2046=CARTESIAN_POINT('',(4.999659870961E0,-1.232E1,-5.831959109035E-2));
#2047=VERTEX_POINT('',#2046);
#2048=CARTESIAN_POINT('',(-5.131453007168E0,-1.073210298348E1,
-3.830467674167E-2));
#2049=VERTEX_POINT('',#2048);
#2050=CARTESIAN_POINT('',(4.799673476122E0,-1.252E1,-5.598680744674E-2));
#2051=CARTESIAN_POINT('',(-4.8E0,-1.252E1,0.E0));
#2052=VERTEX_POINT('',#2050);
#2053=VERTEX_POINT('',#2051);
#2054=CARTESIAN_POINT('',(4.8E0,-1.252E1,0.E0));
#2055=VERTEX_POINT('',#2054);
#2056=CARTESIAN_POINT('',(-4.799673476122E0,-1.252E1,5.598680744674E-2));
#2057=VERTEX_POINT('',#2056);
#2058=CARTESIAN_POINT('',(2.79E0,-4.02E0,-1.8E0));
#2059=CARTESIAN_POINT('',(2.79E0,-4.02E0,-2.2E0));
#2060=VERTEX_POINT('',#2058);
#2061=VERTEX_POINT('',#2059);
#2062=CARTESIAN_POINT('',(2.29E0,-4.02E0,-1.8E0));
#2063=CARTESIAN_POINT('',(2.29E0,-4.02E0,-2.2E0));
#2064=VERTEX_POINT('',#2062);
#2065=VERTEX_POINT('',#2063);
#2066=CARTESIAN_POINT('',(-2.29E0,-4.02E0,-1.8E0));
#2067=CARTESIAN_POINT('',(-2.29E0,-4.02E0,-2.2E0));
#2068=VERTEX_POINT('',#2066);
#2069=VERTEX_POINT('',#2067);
#2070=CARTESIAN_POINT('',(-2.79E0,-4.02E0,-1.8E0));
#2071=CARTESIAN_POINT('',(-2.79E0,-4.02E0,-2.2E0));
#2072=VERTEX_POINT('',#2070);
#2073=VERTEX_POINT('',#2071);
#2074=CARTESIAN_POINT('',(-2.79E0,-4.02E0,2.2E0));
#2075=CARTESIAN_POINT('',(-2.79E0,-4.02E0,1.8E0));
#2076=VERTEX_POINT('',#2074);
#2077=VERTEX_POINT('',#2075);
#2078=CARTESIAN_POINT('',(-2.29E0,-4.02E0,2.2E0));
#2079=CARTESIAN_POINT('',(-2.29E0,-4.02E0,1.8E0));
#2080=VERTEX_POINT('',#2078);
#2081=VERTEX_POINT('',#2079);
#2082=CARTESIAN_POINT('',(2.29E0,-4.02E0,2.2E0));
#2083=CARTESIAN_POINT('',(2.29E0,-4.02E0,1.8E0));
#2084=VERTEX_POINT('',#2082);
#2085=VERTEX_POINT('',#2083);
#2086=CARTESIAN_POINT('',(2.79E0,-4.02E0,2.2E0));
#2087=CARTESIAN_POINT('',(2.79E0,-4.02E0,1.8E0));
#2088=VERTEX_POINT('',#2086);
#2089=VERTEX_POINT('',#2087);
#2090=CARTESIAN_POINT('',(-2.29E0,-4.02E0,1.75E0));
#2091=VERTEX_POINT('',#2090);
#2092=CARTESIAN_POINT('',(-2.79E0,-4.02E0,1.75E0));
#2093=VERTEX_POINT('',#2092);
#2094=CARTESIAN_POINT('',(-2.29E0,-4.02E0,-1.75E0));
#2095=VERTEX_POINT('',#2094);
#2096=CARTESIAN_POINT('',(-2.29E0,-1.392E1,-1.75E0));
#2097=VERTEX_POINT('',#2096);
#2098=CARTESIAN_POINT('',(-2.29E0,-1.392E1,-1.4E0));
#2099=VERTEX_POINT('',#2098);
#2100=CARTESIAN_POINT('',(-2.29E0,-2.142E1,-1.4E0));
#2101=VERTEX_POINT('',#2100);
#2102=CARTESIAN_POINT('',(-2.29E0,-2.142E1,1.4E0));
#2103=VERTEX_POINT('',#2102);
#2104=CARTESIAN_POINT('',(-2.29E0,-1.392E1,1.4E0));
#2105=VERTEX_POINT('',#2104);
#2106=CARTESIAN_POINT('',(-2.29E0,-1.392E1,1.75E0));
#2107=VERTEX_POINT('',#2106);
#2108=CARTESIAN_POINT('',(-2.29E0,-3.498906566172E0,2.2E0));
#2109=VERTEX_POINT('',#2108);
#2110=CARTESIAN_POINT('',(-2.29E0,-3.038598308266E0,1.018367241518E0));
#2111=VERTEX_POINT('',#2110);
#2112=CARTESIAN_POINT('',(-2.29E0,-3.064248461954E0,8.946879950140E-1));
#2113=VERTEX_POINT('',#2112);
#2114=CARTESIAN_POINT('',(-2.29E0,-3.061686101255E0,-8.981258439015E-1));
#2115=VERTEX_POINT('',#2114);
#2116=CARTESIAN_POINT('',(-2.29E0,-3.035682518506E0,-1.021731264834E0));
#2117=VERTEX_POINT('',#2116);
#2118=CARTESIAN_POINT('',(-2.29E0,-3.49E0,-2.2E0));
#2119=VERTEX_POINT('',#2118);
#2120=CARTESIAN_POINT('',(-2.79E0,-4.02E0,-1.75E0));
#2121=VERTEX_POINT('',#2120);
#2122=CARTESIAN_POINT('',(0.E0,-1.352E1,4.25E0));
#2123=CARTESIAN_POINT('',(0.E0,-1.352E1,-4.25E0));
#2124=VERTEX_POINT('',#2122);
#2125=VERTEX_POINT('',#2123);
#2126=CARTESIAN_POINT('',(0.E0,-1.252E1,-4.25E0));
#2127=VERTEX_POINT('',#2126);
#2128=CARTESIAN_POINT('',(0.E0,-1.252E1,4.25E0));
#2129=VERTEX_POINT('',#2128);
#2130=CARTESIAN_POINT('',(2.29E0,-4.02E0,-1.75E0));
#2131=VERTEX_POINT('',#2130);
#2132=CARTESIAN_POINT('',(2.79E0,-4.02E0,-1.75E0));
#2133=VERTEX_POINT('',#2132);
#2134=CARTESIAN_POINT('',(2.29E0,-3.49E0,-2.2E0));
#2135=VERTEX_POINT('',#2134);
#2136=CARTESIAN_POINT('',(2.29E0,-3.035682518505E0,-1.021731264834E0));
#2137=VERTEX_POINT('',#2136);
#2138=CARTESIAN_POINT('',(2.29E0,-3.061686101254E0,-8.981258439016E-1));
#2139=VERTEX_POINT('',#2138);
#2140=CARTESIAN_POINT('',(2.29E0,-3.064248461954E0,8.946879950141E-1));
#2141=VERTEX_POINT('',#2140);
#2142=CARTESIAN_POINT('',(2.29E0,-3.038598308267E0,1.018367241518E0));
#2143=VERTEX_POINT('',#2142);
#2144=CARTESIAN_POINT('',(2.29E0,-3.498906566172E0,2.2E0));
#2145=VERTEX_POINT('',#2144);
#2146=CARTESIAN_POINT('',(2.29E0,-4.02E0,1.75E0));
#2147=VERTEX_POINT('',#2146);
#2148=CARTESIAN_POINT('',(2.29E0,-1.392E1,1.75E0));
#2149=VERTEX_POINT('',#2148);
#2150=CARTESIAN_POINT('',(2.29E0,-1.392E1,1.4E0));
#2151=VERTEX_POINT('',#2150);
#2152=CARTESIAN_POINT('',(2.29E0,-2.142E1,1.4E0));
#2153=VERTEX_POINT('',#2152);
#2154=CARTESIAN_POINT('',(2.29E0,-2.142E1,-1.4E0));
#2155=VERTEX_POINT('',#2154);
#2156=CARTESIAN_POINT('',(2.29E0,-1.392E1,-1.4E0));
#2157=VERTEX_POINT('',#2156);
#2158=CARTESIAN_POINT('',(2.29E0,-1.392E1,-1.75E0));
#2159=VERTEX_POINT('',#2158);
#2160=CARTESIAN_POINT('',(2.79E0,-3.49E0,-2.2E0));
#2161=VERTEX_POINT('',#2160);
#2162=CARTESIAN_POINT('',(2.79E0,-1.392E1,-1.75E0));
#2163=VERTEX_POINT('',#2162);
#2164=CARTESIAN_POINT('',(2.79E0,-1.392E1,-1.4E0));
#2165=VERTEX_POINT('',#2164);
#2166=CARTESIAN_POINT('',(2.79E0,-2.142E1,-1.4E0));
#2167=VERTEX_POINT('',#2166);
#2168=CARTESIAN_POINT('',(2.79E0,-2.142E1,1.4E0));
#2169=VERTEX_POINT('',#2168);
#2170=CARTESIAN_POINT('',(2.79E0,-1.392E1,1.4E0));
#2171=VERTEX_POINT('',#2170);
#2172=CARTESIAN_POINT('',(2.79E0,-1.392E1,1.75E0));
#2173=VERTEX_POINT('',#2172);
#2174=CARTESIAN_POINT('',(2.79E0,-4.02E0,1.75E0));
#2175=VERTEX_POINT('',#2174);
#2176=CARTESIAN_POINT('',(2.79E0,-3.498906566172E0,2.2E0));
#2177=VERTEX_POINT('',#2176);
#2178=CARTESIAN_POINT('',(2.79E0,-3.038598308266E0,1.018367241518E0));
#2179=VERTEX_POINT('',#2178);
#2180=CARTESIAN_POINT('',(2.79E0,-3.064248461954E0,8.946879950140E-1));
#2181=VERTEX_POINT('',#2180);
#2182=CARTESIAN_POINT('',(2.79E0,-3.061686101255E0,-8.981258439015E-1));
#2183=VERTEX_POINT('',#2182);
#2184=CARTESIAN_POINT('',(2.79E0,-3.035682518506E0,-1.021731264834E0));
#2185=VERTEX_POINT('',#2184);
#2186=CARTESIAN_POINT('',(2.701836509646E0,-2.192E1,-9.E-1));
#2187=VERTEX_POINT('',#2186);
#2188=CARTESIAN_POINT('',(2.378163490354E0,-2.192E1,-9.E-1));
#2189=VERTEX_POINT('',#2188);
#2190=CARTESIAN_POINT('',(2.701836509646E0,-2.192E1,9.E-1));
#2191=VERTEX_POINT('',#2190);
#2192=CARTESIAN_POINT('',(2.378163490354E0,-2.192E1,9.E-1));
#2193=VERTEX_POINT('',#2192);
#2194=CARTESIAN_POINT('',(-2.79E0,-3.49E0,-2.2E0));
#2195=VERTEX_POINT('',#2194);
#2196=CARTESIAN_POINT('',(-2.79E0,-3.035682518505E0,-1.021731264834E0));
#2197=VERTEX_POINT('',#2196);
#2198=CARTESIAN_POINT('',(-2.79E0,-3.061686101254E0,-8.981258439016E-1));
#2199=VERTEX_POINT('',#2198);
#2200=CARTESIAN_POINT('',(-2.79E0,-3.064248461954E0,8.946879950141E-1));
#2201=VERTEX_POINT('',#2200);
#2202=CARTESIAN_POINT('',(-2.79E0,-3.038598308267E0,1.018367241518E0));
#2203=VERTEX_POINT('',#2202);
#2204=CARTESIAN_POINT('',(-2.79E0,-3.498906566172E0,2.2E0));
#2205=VERTEX_POINT('',#2204);
#2206=CARTESIAN_POINT('',(-2.79E0,-1.392E1,1.75E0));
#2207=VERTEX_POINT('',#2206);
#2208=CARTESIAN_POINT('',(-2.79E0,-1.392E1,1.4E0));
#2209=VERTEX_POINT('',#2208);
#2210=CARTESIAN_POINT('',(-2.79E0,-2.142E1,1.4E0));
#2211=VERTEX_POINT('',#2210);
#2212=CARTESIAN_POINT('',(-2.79E0,-2.142E1,-1.4E0));
#2213=VERTEX_POINT('',#2212);
#2214=CARTESIAN_POINT('',(-2.79E0,-1.392E1,-1.4E0));
#2215=VERTEX_POINT('',#2214);
#2216=CARTESIAN_POINT('',(-2.79E0,-1.392E1,-1.75E0));
#2217=VERTEX_POINT('',#2216);
#2218=CARTESIAN_POINT('',(-2.378163490354E0,-2.192E1,9.E-1));
#2219=VERTEX_POINT('',#2218);
#2220=CARTESIAN_POINT('',(-2.701836509646E0,-2.192E1,9.E-1));
#2221=VERTEX_POINT('',#2220);
#2222=CARTESIAN_POINT('',(-2.378163490354E0,-2.192E1,-9.E-1));
#2223=VERTEX_POINT('',#2222);
#2224=CARTESIAN_POINT('',(-2.701836509646E0,-2.192E1,-9.E-1));
#2225=VERTEX_POINT('',#2224);
#2226=CARTESIAN_POINT('',(0.E0,1.547E1,0.E0));
#2227=DIRECTION('',(0.E0,-1.E0,0.E0));
#2228=DIRECTION('',(0.E0,0.E0,1.E0));
#2229=AXIS2_PLACEMENT_3D('',#2226,#2227,#2228);
#2230=CYLINDRICAL_SURFACE('',#2229,5.9E0);
#2232=ORIENTED_EDGE('',*,*,#2231,.F.);
#2234=ORIENTED_EDGE('',*,*,#2233,.F.);
#2236=ORIENTED_EDGE('',*,*,#2235,.T.);
#2238=ORIENTED_EDGE('',*,*,#2237,.T.);
#2239=EDGE_LOOP('',(#2232,#2234,#2236,#2238));
#2240=FACE_OUTER_BOUND('',#2239,.F.);
#2241=ADVANCED_FACE('',(#2240),#2230,.T.);
#2242=CARTESIAN_POINT('',(0.E0,1.547E1,0.E0));
#2243=DIRECTION('',(0.E0,-1.E0,0.E0));
#2244=DIRECTION('',(0.E0,0.E0,1.E0));
#2245=AXIS2_PLACEMENT_3D('',#2242,#2243,#2244);
#2246=CYLINDRICAL_SURFACE('',#2245,5.9E0);
#2247=ORIENTED_EDGE('',*,*,#2231,.T.);
#2249=ORIENTED_EDGE('',*,*,#2248,.T.);
#2250=ORIENTED_EDGE('',*,*,#2235,.F.);
#2252=ORIENTED_EDGE('',*,*,#2251,.F.);
#2253=EDGE_LOOP('',(#2247,#2249,#2250,#2252));
#2254=FACE_OUTER_BOUND('',#2253,.F.);
#2255=ADVANCED_FACE('',(#2254),#2246,.T.);
#2256=CARTESIAN_POINT('',(0.E0,1.485E1,0.E0));
#2257=DIRECTION('',(0.E0,-1.E0,0.E0));
#2258=DIRECTION('',(0.E0,0.E0,1.E0));
#2259=AXIS2_PLACEMENT_3D('',#2256,#2257,#2258);
#2260=CONICAL_SURFACE('',#2259,5.65E0,4.5E1);
#2262=ORIENTED_EDGE('',*,*,#2261,.T.);
#2263=ORIENTED_EDGE('',*,*,#2251,.T.);
#2265=ORIENTED_EDGE('',*,*,#2264,.F.);
#2267=ORIENTED_EDGE('',*,*,#2266,.F.);
#2268=EDGE_LOOP('',(#2262,#2263,#2265,#2267));
#2269=FACE_OUTER_BOUND('',#2268,.F.);
#2270=ADVANCED_FACE('',(#2269),#2260,.T.);
#2271=CARTESIAN_POINT('',(0.E0,1.485E1,0.E0));
#2272=DIRECTION('',(0.E0,-1.E0,0.E0));
#2273=DIRECTION('',(0.E0,0.E0,1.E0));
#2274=AXIS2_PLACEMENT_3D('',#2271,#2272,#2273);
#2275=CONICAL_SURFACE('',#2274,5.65E0,4.5E1);
#2276=ORIENTED_EDGE('',*,*,#2261,.F.);
#2278=ORIENTED_EDGE('',*,*,#2277,.F.);
#2279=ORIENTED_EDGE('',*,*,#2264,.T.);
#2280=ORIENTED_EDGE('',*,*,#2233,.T.);
#2281=EDGE_LOOP('',(#2276,#2278,#2279,#2280));
#2282=FACE_OUTER_BOUND('',#2281,.F.);
#2283=ADVANCED_FACE('',(#2282),#2275,.T.);
#2284=CARTESIAN_POINT('',(0.E0,1.51E1,0.E0));
#2285=DIRECTION('',(0.E0,-1.E0,0.E0));
#2286=DIRECTION('',(0.E0,0.E0,1.E0));
#2287=AXIS2_PLACEMENT_3D('',#2284,#2285,#2286);
#2288=PLANE('',#2287);
#2289=ORIENTED_EDGE('',*,*,#2277,.T.);
#2290=ORIENTED_EDGE('',*,*,#2266,.T.);
#2291=EDGE_LOOP('',(#2289,#2290));
#2292=FACE_OUTER_BOUND('',#2291,.F.);
#2293=ADVANCED_FACE('',(#2292),#2288,.F.);
#2294=CARTESIAN_POINT('',(0.E0,1.35E1,0.E0));
#2295=DIRECTION('',(0.E0,-1.E0,0.E0));
#2296=DIRECTION('',(-1.E0,0.E0,0.E0));
#2297=AXIS2_PLACEMENT_3D('',#2294,#2295,#2296);
#2298=PLANE('',#2297);
#2300=ORIENTED_EDGE('',*,*,#2299,.T.);
#2302=ORIENTED_EDGE('',*,*,#2301,.T.);
#2303=EDGE_LOOP('',(#2300,#2302));
#2304=FACE_OUTER_BOUND('',#2303,.F.);
#2305=ADVANCED_FACE('',(#2304),#2298,.F.);
#2306=CARTESIAN_POINT('',(0.E0,1.29E1,0.E0));
#2307=DIRECTION('',(0.E0,-1.E0,0.E0));
#2308=DIRECTION('',(-1.E0,0.E0,0.E0));
#2309=AXIS2_PLACEMENT_3D('',#2306,#2307,#2308);
#2310=CONICAL_SURFACE('',#2309,7.75E0,6.435899417569E1);
#2312=ORIENTED_EDGE('',*,*,#2311,.F.);
#2313=ORIENTED_EDGE('',*,*,#2299,.F.);
#2315=ORIENTED_EDGE('',*,*,#2314,.T.);
#2317=ORIENTED_EDGE('',*,*,#2316,.T.);
#2318=EDGE_LOOP('',(#2312,#2313,#2315,#2317));
#2319=FACE_OUTER_BOUND('',#2318,.F.);
#2320=ADVANCED_FACE('',(#2319),#2310,.T.);
#2321=CARTESIAN_POINT('',(0.E0,1.29E1,0.E0));
#2322=DIRECTION('',(0.E0,-1.E0,0.E0));
#2323=DIRECTION('',(-1.E0,0.E0,0.E0));
#2324=AXIS2_PLACEMENT_3D('',#2321,#2322,#2323);
#2325=CONICAL_SURFACE('',#2324,7.75E0,6.435899417569E1);
#2326=ORIENTED_EDGE('',*,*,#2311,.T.);
#2328=ORIENTED_EDGE('',*,*,#2327,.T.);
#2329=ORIENTED_EDGE('',*,*,#2314,.F.);
#2330=ORIENTED_EDGE('',*,*,#2301,.F.);
#2331=EDGE_LOOP('',(#2326,#2328,#2329,#2330));
#2332=FACE_OUTER_BOUND('',#2331,.F.);
#2333=ADVANCED_FACE('',(#2332),#2325,.T.);
#2334=CARTESIAN_POINT('',(0.E0,1.4175E1,0.E0));
#2335=DIRECTION('',(0.E0,-1.E0,0.E0));
#2336=DIRECTION('',(-1.E0,0.E0,0.E0));
#2337=AXIS2_PLACEMENT_3D('',#2334,#2335,#2336);
#2338=CYLINDRICAL_SURFACE('',#2337,9.E0);
#2340=ORIENTED_EDGE('',*,*,#2339,.T.);
#2342=ORIENTED_EDGE('',*,*,#2341,.F.);
#2344=ORIENTED_EDGE('',*,*,#2343,.F.);
#2345=ORIENTED_EDGE('',*,*,#2327,.F.);
#2346=EDGE_LOOP('',(#2340,#2342,#2344,#2345));
#2347=FACE_OUTER_BOUND('',#2346,.F.);
#2348=ADVANCED_FACE('',(#2347),#2338,.T.);
#2349=CARTESIAN_POINT('',(0.E0,1.4175E1,0.E0));
#2350=DIRECTION('',(0.E0,-1.E0,0.E0));
#2351=DIRECTION('',(-1.E0,0.E0,0.E0));
#2352=AXIS2_PLACEMENT_3D('',#2349,#2350,#2351);
#2353=CYLINDRICAL_SURFACE('',#2352,9.E0);
#2354=ORIENTED_EDGE('',*,*,#2339,.F.);
#2355=ORIENTED_EDGE('',*,*,#2316,.F.);
#2356=ORIENTED_EDGE('',*,*,#2343,.T.);
#2358=ORIENTED_EDGE('',*,*,#2357,.F.);
#2359=EDGE_LOOP('',(#2354,#2355,#2356,#2358));
#2360=FACE_OUTER_BOUND('',#2359,.F.);
#2361=ADVANCED_FACE('',(#2360),#2353,.T.);
#2362=CARTESIAN_POINT('',(0.E0,1.2E1,0.E0));
#2363=DIRECTION('',(0.E0,-1.E0,0.E0));
#2364=DIRECTION('',(-1.E0,0.E0,0.E0));
#2365=AXIS2_PLACEMENT_3D('',#2362,#2363,#2364);
#2366=PLANE('',#2365);
#2367=ORIENTED_EDGE('',*,*,#2341,.T.);
#2368=ORIENTED_EDGE('',*,*,#2357,.T.);
#2369=EDGE_LOOP('',(#2367,#2368));
#2370=FACE_OUTER_BOUND('',#2369,.F.);
#2371=ADVANCED_FACE('',(#2370),#2366,.T.);
#2372=CARTESIAN_POINT('',(0.E0,1.2E1,0.E0));
#2373=DIRECTION('',(0.E0,-1.E0,0.E0));
#2374=DIRECTION('',(0.E0,0.E0,-1.E0));
#2375=AXIS2_PLACEMENT_3D('',#2372,#2373,#2374);
#2376=CYLINDRICAL_SURFACE('',#2375,7.35E0);
#2378=ORIENTED_EDGE('',*,*,#2377,.T.);
#2380=ORIENTED_EDGE('',*,*,#2379,.F.);
#2382=ORIENTED_EDGE('',*,*,#2381,.T.);
#2384=ORIENTED_EDGE('',*,*,#2383,.T.);
#2385=EDGE_LOOP('',(#2378,#2380,#2382,#2384));
#2386=FACE_OUTER_BOUND('',#2385,.F.);
#2387=ADVANCED_FACE('',(#2386),#2376,.T.);
#2388=CARTESIAN_POINT('',(0.E0,1.2E1,0.E0));
#2389=DIRECTION('',(0.E0,-1.E0,0.E0));
#2390=DIRECTION('',(0.E0,0.E0,-1.E0));
#2391=AXIS2_PLACEMENT_3D('',#2388,#2389,#2390);
#2392=CYLINDRICAL_SURFACE('',#2391,7.35E0);
#2394=ORIENTED_EDGE('',*,*,#2393,.T.);
#2395=ORIENTED_EDGE('',*,*,#2383,.F.);
#2397=ORIENTED_EDGE('',*,*,#2396,.T.);
#2398=ORIENTED_EDGE('',*,*,#2379,.T.);
#2399=EDGE_LOOP('',(#2394,#2395,#2397,#2398));
#2400=FACE_OUTER_BOUND('',#2399,.F.);
#2401=ADVANCED_FACE('',(#2400),#2392,.T.);
#2402=CARTESIAN_POINT('',(0.E0,1.1E1,0.E0));
#2403=DIRECTION('',(0.E0,-1.E0,0.E0));
#2404=DIRECTION('',(0.E0,0.E0,-1.E0));
#2405=AXIS2_PLACEMENT_3D('',#2402,#2403,#2404);
#2406=PLANE('',#2405);
#2408=ORIENTED_EDGE('',*,*,#2407,.T.);
#2410=ORIENTED_EDGE('',*,*,#2409,.T.);
#2411=EDGE_LOOP('',(#2408,#2410));
#2412=FACE_OUTER_BOUND('',#2411,.F.);
#2413=ADVANCED_FACE('',(#2412),#2406,.F.);
#2414=CARTESIAN_POINT('',(0.E0,1.4175E1,0.E0));
#2415=DIRECTION('',(0.E0,-1.E0,0.E0));
#2416=DIRECTION('',(-1.E0,0.E0,0.E0));
#2417=AXIS2_PLACEMENT_3D('',#2414,#2415,#2416);
#2418=CYLINDRICAL_SURFACE('',#2417,8.E0);
#2420=ORIENTED_EDGE('',*,*,#2419,.T.);
#2422=ORIENTED_EDGE('',*,*,#2421,.F.);
#2423=ORIENTED_EDGE('',*,*,#2407,.F.);
#2424=EDGE_LOOP('',(#2420,#2422,#2423));
#2425=FACE_OUTER_BOUND('',#2424,.F.);
#2426=ADVANCED_FACE('',(#2425),#2418,.T.);
#2427=CARTESIAN_POINT('',(8.000002772598E0,1.100000160076E1,
-1.630735193584E-14));
#2428=CARTESIAN_POINT('',(7.711326713804E0,1.083333440051E1,
-1.571890937900E-14));
#2429=CARTESIAN_POINT('',(7.422650655010E0,1.066666720025E1,
-1.513046682217E-14));
#2430=CARTESIAN_POINT('',(7.133974596216E0,1.05E1,-1.454202426533E-14));
#2431=CARTESIAN_POINT('',(8.000002772598E0,1.099226427658E1,3.889204676768E-1));
#2432=CARTESIAN_POINT('',(7.711326713804E0,1.082559707633E1,3.748864690665E-1));
#2433=CARTESIAN_POINT('',(7.422650655010E0,1.065892987607E1,3.608524704562E-1));
#2434=CARTESIAN_POINT('',(7.133974596216E0,1.049226267582E1,3.468184718459E-1));
#2435=CARTESIAN_POINT('',(7.943180003503E0,1.097678962822E1,1.166758007980E0));
#2436=CARTESIAN_POINT('',(7.656554365627E0,1.081012242797E1,1.124656134657E0));
#2437=CARTESIAN_POINT('',(7.369928727752E0,1.064345522771E1,1.082554261335E0));
#2438=CARTESIAN_POINT('',(7.083303089876E0,1.047678802746E1,1.040452388013E0));
#2439=CARTESIAN_POINT('',(7.689287329868E0,1.095357765567E1,2.308743121296E0));
#2440=CARTESIAN_POINT('',(7.411823280865E0,1.078691045542E1,2.225433292041E0));
#2441=CARTESIAN_POINT('',(7.134359231862E0,1.062024325516E1,2.142123462786E0));
#2442=CARTESIAN_POINT('',(6.856895182859E0,1.045357605491E1,2.058813633531E0));
#2443=CARTESIAN_POINT('',(7.272127070671E0,1.093036568313E1,3.401705678697E0));
#2444=CARTESIAN_POINT('',(7.009716038890E0,1.076369848288E1,3.278956847675E0));
#2445=CARTESIAN_POINT('',(6.747305007108E0,1.059703128262E1,3.156208016654E0));
#2446=CARTESIAN_POINT('',(6.484893975327E0,1.043036408237E1,3.033459185633E0));
#2447=CARTESIAN_POINT('',(6.700556841109E0,1.090715371059E1,4.422439595416E0));
#2448=CARTESIAN_POINT('',(6.458770632329E0,1.074048651034E1,4.262858096641E0));
#2449=CARTESIAN_POINT('',(6.216984423549E0,1.057381931008E1,4.103276597865E0));
#2450=CARTESIAN_POINT('',(5.975198214769E0,1.040715210983E1,3.943695099090E0));
#2451=CARTESIAN_POINT('',(5.986712862310E0,1.088394173805E1,5.349271254834E0));
#2452=CARTESIAN_POINT('',(5.770685352902E0,1.071727453780E1,5.156245503824E0));
#2453=CARTESIAN_POINT('',(5.554657843494E0,1.055060733754E1,4.963219752814E0));
#2454=CARTESIAN_POINT('',(5.338630334086E0,1.038394013729E1,4.770194001804E0));
#2455=CARTESIAN_POINT('',(5.145752271458E0,1.086072976550E1,6.162521192431E0));
#2456=CARTESIAN_POINT('',(4.960070400154E0,1.069406256525E1,5.940149728241E0));
#2457=CARTESIAN_POINT('',(4.774388528849E0,1.052739536499E1,5.717778264052E0));
#2458=CARTESIAN_POINT('',(4.588706657545E0,1.036072816474E1,5.495406799862E0));
#2459=CARTESIAN_POINT('',(4.195531288423E0,1.083751779296E1,6.844921554277E0));
#2460=CARTESIAN_POINT('',(4.044137661281E0,1.067085059271E1,6.597926017749E0));
#2461=CARTESIAN_POINT('',(3.892744034139E0,1.050418339245E1,6.350930481221E0));
#2462=CARTESIAN_POINT('',(3.741350406997E0,1.033751619220E1,6.103934944693E0));
#2463=CARTESIAN_POINT('',(3.156226072452E0,1.081430582042E1,7.381982854145E0));
#2464=CARTESIAN_POINT('',(3.042335249016E0,1.064763862017E1,7.115607731911E0));
#2465=CARTESIAN_POINT('',(2.928444425580E0,1.048097141991E1,6.849232609677E0));
#2466=CARTESIAN_POINT('',(2.814553602145E0,1.031430421966E1,6.582857487444E0));
#2467=CARTESIAN_POINT('',(2.049904319286E0,1.079109384787E1,7.762301601988E0));
#2468=CARTESIAN_POINT('',(1.975934557447E0,1.062442664762E1,7.482202869859E0));
#2469=CARTESIAN_POINT('',(1.901964795609E0,1.045775944736E1,7.202104137730E0));
#2470=CARTESIAN_POINT('',(1.827995033770E0,1.029109224711E1,6.922005405601E0));
#2471=CARTESIAN_POINT('',(9.000566950621E-1,1.076788187533E1,7.977802443302E0));
#2472=CARTESIAN_POINT('',(8.675786038904E-1,1.060121467508E1,7.689927472177E0));
#2473=CARTESIAN_POINT('',(8.351005127188E-1,1.043454747482E1,7.402052501051E0));
#2474=CARTESIAN_POINT('',(8.026224215472E-1,1.026788027457E1,7.114177529925E0));
#2475=CARTESIAN_POINT('',(-2.689019438976E-1,1.074466990279E1,
8.023909622073E0));
#2476=CARTESIAN_POINT('',(-2.591987530896E-1,1.057800270254E1,
7.734370896692E0));
#2477=CARTESIAN_POINT('',(-2.494955622817E-1,1.041133550228E1,
7.444832171311E0));
#2478=CARTESIAN_POINT('',(-2.397923714738E-1,1.024466830203E1,
7.155293445931E0));
#2479=CARTESIAN_POINT('',(-1.432150954741E0,1.072145793024E1,7.899644138914E0));
#2480=CARTESIAN_POINT('',(-1.380472511E0,1.055479072999E1,7.614589470719E0));
#2481=CARTESIAN_POINT('',(-1.328794067258E0,1.038812352973E1,7.329534802525E0));
#2482=CARTESIAN_POINT('',(-1.277115623517E0,1.022145632948E1,7.044480134331E0));
#2483=CARTESIAN_POINT('',(-2.564990927853E0,1.069824595770E1,7.607644538139E0));
#2484=CARTESIAN_POINT('',(-2.472434525943E0,1.053157875745E1,7.333126528033E0));
#2485=CARTESIAN_POINT('',(-2.379878124034E0,1.036491155719E1,7.058608517927E0));
#2486=CARTESIAN_POINT('',(-2.287321722125E0,1.019824435694E1,6.784090507821E0));
#2487=CARTESIAN_POINT('',(-3.643368132464E0,1.067503398516E1,7.154110883261E0));
#2488=CARTESIAN_POINT('',(-3.511899033876E0,1.050836678491E1,6.895958405985E0));
#2489=CARTESIAN_POINT('',(-3.380429935288E0,1.034169958465E1,6.637805928710E0));
#2490=CARTESIAN_POINT('',(-3.248960836700E0,1.017503238440E1,6.379653451435E0));
#2491=CARTESIAN_POINT('',(-4.644385252482E0,1.065182201262E1,6.548673110270E0));
#2492=CARTESIAN_POINT('',(-4.476794956788E0,1.048515481237E1,6.312367549192E0));
#2493=CARTESIAN_POINT('',(-4.309204661095E0,1.031848761211E1,6.076061988114E0));
#2494=CARTESIAN_POINT('',(-4.141614365402E0,1.015182041186E1,5.839756427036E0));
#2495=CARTESIAN_POINT('',(-5.546787568024E0,1.062861004007E1,5.804186554019E0));
#2496=CARTESIAN_POINT('',(-5.346634540629E0,1.046194283982E1,5.594745414241E0));
#2497=CARTESIAN_POINT('',(-5.146481513234E0,1.029527563956E1,5.385304274463E0));
#2498=CARTESIAN_POINT('',(-4.946328485839E0,1.012860843931E1,5.175863134685E0));
#2499=CARTESIAN_POINT('',(-6.331414259505E0,1.060539806753E1,4.936458989314E0));
#2500=CARTESIAN_POINT('',(-6.102948374307E0,1.043873086728E1,4.758329360370E0));
#2501=CARTESIAN_POINT('',(-5.874482489109E0,1.027206366702E1,4.580199731426E0));
#2502=CARTESIAN_POINT('',(-5.646016603911E0,1.010539646677E1,4.402070102482E0));
#2503=CARTESIAN_POINT('',(-6.981605251681E0,1.058218609499E1,3.963914982482E0));
#2504=CARTESIAN_POINT('',(-6.729677552979E0,1.041551889474E1,3.820879112737E0));
#2505=CARTESIAN_POINT('',(-6.477749854277E0,1.024885169448E1,3.677843242993E0));
#2506=CARTESIAN_POINT('',(-6.225822155575E0,1.008218449423E1,3.534807373248E0));
#2507=CARTESIAN_POINT('',(-7.483554959081E0,1.055897412244E1,2.907204680282E0));
#2508=CARTESIAN_POINT('',(-7.213514658750E0,1.039230692219E1,2.802299667988E0));
#2509=CARTESIAN_POINT('',(-6.943474358420E0,1.022563972193E1,2.697394655694E0));
#2510=CARTESIAN_POINT('',(-6.673434058090E0,1.005897252168E1,2.592489643400E0));
#2511=CARTESIAN_POINT('',(-7.826605421703E0,1.053576214990E1,1.788765342801E0));
#2512=CARTESIAN_POINT('',(-7.544186318723E0,1.036909494965E1,1.724218649012E0));
#2513=CARTESIAN_POINT('',(-7.261767215744E0,1.020242774939E1,1.659671955224E0));
#2514=CARTESIAN_POINT('',(-6.979348112764E0,1.003576054914E1,1.595125261436E0));
#2515=CARTESIAN_POINT('',(-8.003472606795E0,1.051255017736E1,
6.323449303333E-1));
#2516=CARTESIAN_POINT('',(-7.714671340787E0,1.034588297711E1,
6.095270829555E-1));
#2517=CARTESIAN_POINT('',(-7.425870074779E0,1.017921577685E1,
5.867092355777E-1));
#2518=CARTESIAN_POINT('',(-7.137068808771E0,1.001254857660E1,
5.638913881999E-1));
#2519=CARTESIAN_POINT('',(-8.010401071617E0,1.048933820481E1,
-5.375021399747E-1));
#2520=CARTESIAN_POINT('',(-7.721349795456E0,1.032267100456E1,
-5.181066467765E-1));
#2521=CARTESIAN_POINT('',(-7.432298519294E0,1.015600380431E1,
-4.987111535783E-1));
#2522=CARTESIAN_POINT('',(-7.143247243133E0,9.989336604055E0,
-4.793156603802E-1));
#2523=CARTESIAN_POINT('',(-7.847243703221E0,1.046612623227E1,
-1.695936361098E0));
#2524=CARTESIAN_POINT('',(-7.564079878278E0,1.029945903202E1,
-1.634739354222E0));
#2525=CARTESIAN_POINT('',(-7.280916053335E0,1.013279183176E1,
-1.573542347345E0));
#2526=CARTESIAN_POINT('',(-6.997752228393E0,9.966124631512E0,
-1.512345340469E0));
#2527=CARTESIAN_POINT('',(-7.517464842119E0,1.044291425973E1,
-2.818360556447E0));
#2528=CARTESIAN_POINT('',(-7.246200920789E0,1.027624705948E1,
-2.716661439481E0));
#2529=CARTESIAN_POINT('',(-6.974936999460E0,1.010957985922E1,
-2.614962322516E0));
#2530=CARTESIAN_POINT('',(-6.703673078130E0,9.942912658969E0,
-2.513263205550E0));
#2531=CARTESIAN_POINT('',(-7.028066723514E0,1.041970228719E1,
-3.880942154744E0));
#2532=CARTESIAN_POINT('',(-6.774462486071E0,1.025303508694E1,
-3.740900317574E0));
#2533=CARTESIAN_POINT('',(-6.520858248629E0,1.008636788668E1,
-3.600858480404E0));
#2534=CARTESIAN_POINT('',(-6.267254011186E0,9.919700686426E0,
-3.460816643234E0));
#2535=CARTESIAN_POINT('',(-6.389440797976E0,1.039649031464E1,
-4.861119229951E0));
#2536=CARTESIAN_POINT('',(-6.158881054450E0,1.022982311439E1,
-4.685708198165E0));
#2537=CARTESIAN_POINT('',(-5.928321310924E0,1.006315591414E1,
-4.510297166380E0));
#2538=CARTESIAN_POINT('',(-5.697761567398E0,9.896488713883E0,
-4.334886134594E0));
#2539=CARTESIAN_POINT('',(-5.615147088489E0,1.037327834210E1,
-5.738079561427E0));
#2540=CARTESIAN_POINT('',(-5.412527342330E0,1.020661114185E1,
-5.531023859083E0));
#2541=CARTESIAN_POINT('',(-5.209907596172E0,1.003994394159E1,
-5.323968156738E0));
#2542=CARTESIAN_POINT('',(-5.007287850013E0,9.873276741340E0,
-5.116912454393E0));
#2543=CARTESIAN_POINT('',(-4.721626268819E0,1.035006636956E1,
-6.493202542370E0));
#2544=CARTESIAN_POINT('',(-4.551248770069E0,1.018339916931E1,
-6.258898608713E0));
#2545=CARTESIAN_POINT('',(-4.380871271320E0,1.001673196905E1,
-6.024594675057E0));
#2546=CARTESIAN_POINT('',(-4.210493772571E0,9.850064768797E0,
-5.790290741401E0));
#2547=CARTESIAN_POINT('',(-3.727850576652E0,1.032685439701E1,
-7.110454553458E0));
#2548=CARTESIAN_POINT('',(-3.593332971742E0,1.016018719676E1,
-6.853877392790E0));
#2549=CARTESIAN_POINT('',(-3.458815366833E0,9.993519996506E0,
-6.597300232122E0));
#2550=CARTESIAN_POINT('',(-3.324297761923E0,9.826852796254E0,
-6.340723071455E0));
#2551=CARTESIAN_POINT('',(-2.654920973743E0,1.030364242447E1,
-7.576729406665E0));
#2552=CARTESIAN_POINT('',(-2.559119491557E0,1.013697522422E1,
-7.303326953461E0));
#2553=CARTESIAN_POINT('',(-2.463318009370E0,9.970308023964E0,
-7.029924500257E0));
#2554=CARTESIAN_POINT('',(-2.367516527184E0,9.803640823711E0,
-6.756522047054E0));
#2555=CARTESIAN_POINT('',(-1.525619106585E0,1.028043045193E1,
-7.882126630566E0));
#2556=CARTESIAN_POINT('',(-1.470567911800E0,1.011376325168E1,
-7.597704072811E0));
#2557=CARTESIAN_POINT('',(-1.415516717016E0,9.947096051422E0,
-7.313281515056E0));
#2558=CARTESIAN_POINT('',(-1.360465522231E0,9.780428851168E0,
-7.028858957301E0));
#2559=CARTESIAN_POINT('',(-3.639235809071E-1,1.025721847939E1,
-8.020161688264E0));
#2560=CARTESIAN_POINT('',(-3.507915823285E-1,1.009055127913E1,
-7.730758205182E0));
#2561=CARTESIAN_POINT('',(-3.376595837499E-1,9.923884078880E0,
-7.441354722099E0));
#2562=CARTESIAN_POINT('',(-3.245275851713E-1,9.757216878625E0,
-7.151951239017E0));
#2563=CARTESIAN_POINT('',(8.054991790165E-1,1.023400650684E1,
-7.987903664369E0));
#2564=CARTESIAN_POINT('',(7.764331480450E-1,1.006733930659E1,
-7.699664195784E0));
#2565=CARTESIAN_POINT('',(7.473671170736E-1,9.900672106335E0,
-7.411424727198E0));
#2566=CARTESIAN_POINT('',(7.183010861021E-1,9.734004906082E0,
-7.123185258613E0));
#2567=CARTESIAN_POINT('',(1.957818675596E0,1.021079453430E1,-7.786037497478E0));
#2568=CARTESIAN_POINT('',(1.887171777692E0,1.004412733405E1,-7.505082267550E0));
#2569=CARTESIAN_POINT('',(1.816524879789E0,9.877460133793E0,-7.224127037623E0));
#2570=CARTESIAN_POINT('',(1.745877981885E0,9.710792933539E0,-6.943171807696E0));
#2571=CARTESIAN_POINT('',(3.068567566940E0,1.018758256176E1,-7.418849436791E0));
#2572=CARTESIAN_POINT('',(2.957839856395E0,1.002091536151E1,-7.151144002546E0));
#2573=CARTESIAN_POINT('',(2.847112145849E0,9.854248161251E0,-6.883438568301E0));
#2574=CARTESIAN_POINT('',(2.736384435304E0,9.687580960996E0,-6.615733134056E0));
#2575=CARTESIAN_POINT('',(4.114161184941E0,1.016437058921E1,-6.894136031655E0));
#2576=CARTESIAN_POINT('',(3.965703756878E0,9.997703388958E0,-6.645364615572E0));
#2577=CARTESIAN_POINT('',(3.817246328816E0,9.831036188705E0,-6.396593199489E0));
#2578=CARTESIAN_POINT('',(3.668788900754E0,9.664368988453E0,-6.147821783406E0));
#2579=CARTESIAN_POINT('',(5.072398311441E0,1.014115861667E1,-6.223038586473E0));
#2580=CARTESIAN_POINT('',(4.889363380729E0,9.974491416417E0,-5.998483382690E0));
#2581=CARTESIAN_POINT('',(4.706328450016E0,9.807824216163E0,-5.773928178907E0));
#2582=CARTESIAN_POINT('',(4.523293519304E0,9.641157015910E0,-5.549372975124E0));
#2583=CARTESIAN_POINT('',(5.922932579433E0,1.011794664413E1,-5.419806596009E0));
#2584=CARTESIAN_POINT('',(5.709206549313E0,9.951279443876E0,-5.224235612844E0));
#2585=CARTESIAN_POINT('',(5.495480519193E0,9.784612243621E0,-5.028664629678E0));
#2586=CARTESIAN_POINT('',(5.281754489074E0,9.617945043367E0,-4.833093646513E0));
#2587=CARTESIAN_POINT('',(6.647704489976E0,1.009473467158E1,-4.501495184113E0));
#2588=CARTESIAN_POINT('',(6.407825431588E0,9.928067471328E0,-4.339061004354E0));
#2589=CARTESIAN_POINT('',(6.167946373200E0,9.761400271077E0,-4.176626824596E0));
#2590=CARTESIAN_POINT('',(5.928067314812E0,9.594733070825E0,-4.014192644838E0));
#2591=CARTESIAN_POINT('',(7.231324871770E0,1.007152269904E1,-3.487602970172E0));
#2592=CARTESIAN_POINT('',(6.970386166725E0,9.904855498787E0,-3.361754578780E0));
#2593=CARTESIAN_POINT('',(6.709447461679E0,9.738188298535E0,-3.235906187387E0));
#2594=CARTESIAN_POINT('',(6.448508756634E0,9.571521098282E0,-3.110057795995E0));
#2595=CARTESIAN_POINT('',(7.661401641317E0,1.004831072650E1,-2.399658052527E0));
#2596=CARTESIAN_POINT('',(7.384943833299E0,9.881643526246E0,-2.313067603906E0));
#2597=CARTESIAN_POINT('',(7.108486025280E0,9.714976325993E0,-2.226477155284E0));
#2598=CARTESIAN_POINT('',(6.832028217262E0,9.548309125739E0,-2.139886706662E0));
#2599=CARTESIAN_POINT('',(7.928802925563E0,1.002509875396E1,-1.260760899702E0));
#2600=CARTESIAN_POINT('',(7.642696077283E0,9.858431553705E0,-1.215266979518E0));
#2601=CARTESIAN_POINT('',(7.356589229002E0,9.691764353451E0,-1.169773059334E0));
#2602=CARTESIAN_POINT('',(7.070482380721E0,9.525097153196E0,-1.124279139150E0));
#2603=CARTESIAN_POINT('',(8.027850960084E0,1.000188678141E1,
-9.509385530552E-2));
#2604=CARTESIAN_POINT('',(7.738170013512E0,9.835219581158E0,
-9.166244157412E-2));
#2605=CARTESIAN_POINT('',(7.448489066940E0,9.668552380905E0,
-8.823102784272E-2));
#2606=CARTESIAN_POINT('',(7.158808120369E0,9.501885180653E0,
-8.479961411133E-2));
#2607=CARTESIAN_POINT('',(7.956442645755E0,9.978674808870E0,1.072592328640E0));
#2608=CARTESIAN_POINT('',(7.669338432133E0,9.812007608617E0,1.033888376288E0));
#2609=CARTESIAN_POINT('',(7.382234218511E0,9.645340408363E0,9.951844239366E-1));
#2610=CARTESIAN_POINT('',(7.095130004890E0,9.478673208110E0,9.564804715849E-1));
#2611=CARTESIAN_POINT('',(7.716094204114E0,9.955462836327E0,2.217504027478E0));
#2612=CARTESIAN_POINT('',(7.437662842595E0,9.788795636074E0,2.137486514833E0));
#2613=CARTESIAN_POINT('',(7.159231481076E0,9.622128435820E0,2.057469002188E0));
#2614=CARTESIAN_POINT('',(6.880800119558E0,9.455461235567E0,1.977451489544E0));
#2615=CARTESIAN_POINT('',(7.311908983247E0,9.932250863784E0,3.315331189996E0));
#2616=CARTESIAN_POINT('',(7.048062441246E0,9.765583663531E0,3.195699138767E0));
#2617=CARTESIAN_POINT('',(6.784215899245E0,9.598916463277E0,3.076067087538E0));
#2618=CARTESIAN_POINT('',(6.520369357245E0,9.432249263024E0,2.956435036309E0));
#2619=CARTESIAN_POINT('',(6.752469097761E0,9.909038891241E0,4.342763516751E0));
#2620=CARTESIAN_POINT('',(6.508809661423E0,9.742371690988E0,4.186057089026E0));
#2621=CARTESIAN_POINT('',(6.265150225086E0,9.575704490734E0,4.029350661300E0));
#2622=CARTESIAN_POINT('',(6.021490788748E0,9.409037290481E0,3.872644233574E0));
#2623=CARTESIAN_POINT('',(6.049653203696E0,9.885826918698E0,5.277985410519E0));
#2624=CARTESIAN_POINT('',(5.831354523864E0,9.719159718445E0,5.087531973190E0));
#2625=CARTESIAN_POINT('',(5.613055844031E0,9.552492518191E0,4.897078535861E0));
#2626=CARTESIAN_POINT('',(5.394757164199E0,9.385825317938E0,4.706625098533E0));
#2627=CARTESIAN_POINT('',(5.218384277551E0,9.862614946155E0,6.101139189566E0));
#2628=CARTESIAN_POINT('',(5.030081516997E0,9.695947745902E0,5.880982663941E0));
#2629=CARTESIAN_POINT('',(4.841778756444E0,9.529280545648E0,5.660826138317E0));
#2630=CARTESIAN_POINT('',(4.653475995890E0,9.362613345395E0,5.440669612693E0));
#2631=CARTESIAN_POINT('',(4.276312754886E0,9.839402973612E0,6.794746728248E0));
#2632=CARTESIAN_POINT('',(4.122004169334E0,9.672735773359E0,6.549561724972E0));
#2633=CARTESIAN_POINT('',(3.967695583782E0,9.506068573105E0,6.304376721695E0));
#2634=CARTESIAN_POINT('',(3.813386998230E0,9.339401372852E0,6.059191718418E0));
#2635=CARTESIAN_POINT('',(3.243441756451E0,9.816191001069E0,7.344080572213E0));
#2636=CARTESIAN_POINT('',(3.126403799116E0,9.649523800816E0,7.079073134676E0));
#2637=CARTESIAN_POINT('',(3.009365841781E0,9.482856600562E0,6.814065697139E0));
#2638=CARTESIAN_POINT('',(2.892327884446E0,9.316189400309E0,6.549058259603E0));
#2639=CARTESIAN_POINT('',(2.141702359455E0,9.792979028526E0,7.737476648246E0));
#2640=CARTESIAN_POINT('',(2.064420111709E0,9.626311828273E0,7.458273712032E0));
#2641=CARTESIAN_POINT('',(1.987137863963E0,9.459644628019E0,7.179070775818E0));
#2642=CARTESIAN_POINT('',(1.909855616218E0,9.292977427766E0,6.899867839605E0));
#2643=CARTESIAN_POINT('',(9.944879322995E-1,9.769767055983E0,7.966581928980E0));
#2644=CARTESIAN_POINT('',(9.586023376348E-1,9.603099855730E0,7.679111844445E0));
#2645=CARTESIAN_POINT('',(9.227167429700E-1,9.436432655476E0,7.391641759910E0));
#2646=CARTESIAN_POINT('',(8.868311483053E-1,9.269765455223E0,7.104171675376E0));
#2647=CARTESIAN_POINT('',(-1.738425796903E-1,9.746555083440E0,
8.026531793753E0));
#2648=CARTESIAN_POINT('',(-1.675695580199E-1,9.579887883187E0,
7.736898448632E0));
#2649=CARTESIAN_POINT('',(-1.612965363496E-1,9.413220682933E0,
7.447265103511E0));
#2650=CARTESIAN_POINT('',(-1.550235146792E-1,9.246553482680E0,
7.157631758390E0));
#2651=CARTESIAN_POINT('',(-1.338481870760E0,9.723343110897E0,7.916053319697E0));
#2652=CARTESIAN_POINT('',(-1.290183428596E0,9.556675910644E0,7.630406534503E0));
#2653=CARTESIAN_POINT('',(-1.241884986433E0,9.390008710390E0,7.344759749309E0));
#2654=CARTESIAN_POINT('',(-1.193586544270E0,9.223341510137E0,7.059112964116E0));
#2655=CARTESIAN_POINT('',(-2.474701011302E0,9.700131138354E0,7.637492309869E0));
#2656=CARTESIAN_POINT('',(-2.385402675422E0,9.533463938101E0,7.361897257997E0));
#2657=CARTESIAN_POINT('',(-2.296104339541E0,9.366796737847E0,7.086302206126E0));
#2658=CARTESIAN_POINT('',(-2.206806003660E0,9.200129537594E0,6.810707154255E0));
#2659=CARTESIAN_POINT('',(-3.558374520271E0,9.676919165811E0,7.196763484520E0));
#2660=CARTESIAN_POINT('',(-3.429972373244E0,9.510251965558E0,6.937071909675E0));
#2661=CARTESIAN_POINT('',(-3.301570226217E0,9.343584765304E0,6.677380334829E0));
#2662=CARTESIAN_POINT('',(-3.173168079190E0,9.176917565051E0,6.417688759984E0));
#2663=CARTESIAN_POINT('',(-4.566492624489E0,9.653707193268E0,6.603224893121E0));
#2664=CARTESIAN_POINT('',(-4.401713044929E0,9.487039993015E0,6.364950858516E0));
#2665=CARTESIAN_POINT('',(-4.236933465369E0,9.320372792761E0,6.126676823911E0));
#2666=CARTESIAN_POINT('',(-4.072153885809E0,9.153705592508E0,5.888402789306E0));
#2667=CARTESIAN_POINT('',(-5.477649828001E0,9.630495220725E0,5.869479213732E0));
#2668=CARTESIAN_POINT('',(-5.279991601029E0,9.463828020472E0,5.657682021311E0));
#2669=CARTESIAN_POINT('',(-5.082333374058E0,9.297160820218E0,5.445884828891E0));
#2670=CARTESIAN_POINT('',(-4.884675147086E0,9.130493619965E0,5.234087636470E0));
#2671=CARTESIAN_POINT('',(-6.272499417608E0,9.607283248182E0,5.011106158799E0));
#2672=CARTESIAN_POINT('',(-6.046159444718E0,9.440616047929E0,4.830282924453E0));
#2673=CARTESIAN_POINT('',(-5.819819471829E0,9.273948847675E0,4.649459690106E0));
#2674=CARTESIAN_POINT('',(-5.593479498940E0,9.107281647422E0,4.468636455760E0));
#2675=CARTESIAN_POINT('',(-6.934164254008E0,9.584071275639E0,4.046331669188E0));
#2676=CARTESIAN_POINT('',(-6.683948439742E0,9.417404075386E0,3.900321834937E0));
#2677=CARTESIAN_POINT('',(-6.433732625476E0,9.250736875132E0,3.754312000686E0));
#2678=CARTESIAN_POINT('',(-6.183516811210E0,9.084069674879E0,3.608302166435E0));
#2679=CARTESIAN_POINT('',(-7.448595126184E0,9.560859303096E0,2.995640920544E0));
#2680=CARTESIAN_POINT('',(-7.179816333763E0,9.394192102843E0,2.887544731194E0));
#2681=CARTESIAN_POINT('',(-6.911037541342E0,9.227524902589E0,2.779448541845E0));
#2682=CARTESIAN_POINT('',(-6.642258748922E0,9.060857702336E0,2.671352352495E0));
#2683=CARTESIAN_POINT('',(-7.804869060021E0,9.537647330553E0,1.881343359028E0));
#2684=CARTESIAN_POINT('',(-7.523234302672E0,9.370980130300E0,1.813456034290E0));
#2685=CARTESIAN_POINT('',(-7.241599545323E0,9.204312930046E0,1.745568709553E0));
#2686=CARTESIAN_POINT('',(-6.959964787975E0,9.037645729793E0,1.677681384816E0));
#2687=CARTESIAN_POINT('',(-7.995421247176E0,9.514435358010E0,
7.270990020984E-1));
#2688=CARTESIAN_POINT('',(-7.706910510412E0,9.347768157757E0,
7.008620019066E-1));
#2689=CARTESIAN_POINT('',(-7.418399773648E0,9.181100957503E0,
6.746250017149E-1));
#2690=CARTESIAN_POINT('',(-7.129889036885E0,9.014433757250E0,
6.483880015231E-1));
#2691=CARTESIAN_POINT('',(-8.016205669571E0,9.491223385468E0,
-4.425839375560E-1));
#2692=CARTESIAN_POINT('',(-7.726944937425E0,9.324556185215E0,
-4.266135197436E-1));
#2693=CARTESIAN_POINT('',(-7.437684205278E0,9.157888984961E0,
-4.106431019311E-1));
#2694=CARTESIAN_POINT('',(-7.148423473132E0,8.991221784708E0,
-3.946726841186E-1));
#2695=CARTESIAN_POINT('',(-7.866781009004E0,9.468011412925E0,
-1.602869437917E0));
#2696=CARTESIAN_POINT('',(-7.582912190252E0,9.301344212672E0,
-1.545030703950E0));
#2697=CARTESIAN_POINT('',(-7.299043371499E0,9.134677012418E0,
-1.487191969983E0));
#2698=CARTESIAN_POINT('',(-7.015174552747E0,8.968009812165E0,
-1.429353236016E0));
#2699=CARTESIAN_POINT('',(-7.550320017711E0,9.444799440382E0,
-2.729121013952E0));
#2700=CARTESIAN_POINT('',(-7.277870533966E0,9.278132240129E0,
-2.630642060797E0));
#2701=CARTESIAN_POINT('',(-7.005421050222E0,9.111465039875E0,
-2.532163107643E0));
#2702=CARTESIAN_POINT('',(-6.732971566478E0,8.944797839622E0,
-2.433684154488E0));
#2703=CARTESIAN_POINT('',(-7.073542150921E0,9.421587467839E0,
-3.797424827141E0));
#2704=CARTESIAN_POINT('',(-6.818296955652E0,9.254920267586E0,
-3.660396670548E0));
#2705=CARTESIAN_POINT('',(-6.563051760383E0,9.088253067332E0,
-3.523368513955E0));
#2706=CARTESIAN_POINT('',(-6.307806565115E0,8.921585867079E0,
-3.386340357362E0));
#2707=CARTESIAN_POINT('',(-6.446570891843E0,9.398375495296E0,
-4.785097450950E0));
#2708=CARTESIAN_POINT('',(-6.213949637739E0,9.231708295043E0,
-4.612429626657E0));
#2709=CARTESIAN_POINT('',(-5.981328383635E0,9.065041094789E0,
-4.439761802363E0));
#2710=CARTESIAN_POINT('',(-5.748707129532E0,8.898373894536E0,
-4.267093978070E0));
#2711=CARTESIAN_POINT('',(-5.682718798493E0,9.375163522753E0,
-5.671167510830E0));
#2712=CARTESIAN_POINT('',(-5.477660761312E0,9.208496322500E0,
-5.466526296031E0));
#2713=CARTESIAN_POINT('',(-5.272602724132E0,9.041829122246E0,
-5.261885081231E0));
#2714=CARTESIAN_POINT('',(-5.067544686952E0,8.875161921993E0,
-5.057243866431E0));
#2715=CARTESIAN_POINT('',(-4.798204836512E0,9.351951550210E0,
-6.436820971995E0));
#2716=CARTESIAN_POINT('',(-4.625064038831E0,9.185284349957E0,
-6.204551538824E0));
#2717=CARTESIAN_POINT('',(-4.451923241151E0,9.018617149703E0,
-5.972282105653E0));
#2718=CARTESIAN_POINT('',(-4.278782443471E0,8.851949949450E0,
-5.740012672482E0));
#2719=CARTESIAN_POINT('',(-3.811809999868E0,9.328739577667E0,
-7.065800620138E0));
#2720=CARTESIAN_POINT('',(-3.674262761585E0,9.162072377414E0,
-6.810834774097E0));
#2721=CARTESIAN_POINT('',(-3.536715523301E0,8.995405177160E0,
-6.555868928056E0));
#2722=CARTESIAN_POINT('',(-3.399168285017E0,8.828737976907E0,
-6.300903082015E0));
#2723=CARTESIAN_POINT('',(-2.744478531701E0,9.305527605124E0,
-7.544751252869E0));
#2724=CARTESIAN_POINT('',(-2.645445410277E0,9.138860404871E0,
-7.272502715191E0));
#2725=CARTESIAN_POINT('',(-2.546412288852E0,8.972193204617E0,
-7.000254177513E0));
#2726=CARTESIAN_POINT('',(-2.447379167428E0,8.805526004364E0,
-6.728005639835E0));
#2727=CARTESIAN_POINT('',(-1.618873212620E0,9.282315632581E0,
-7.863503252374E0));
#2728=CARTESIAN_POINT('',(-1.560456990528E0,9.115648432328E0,
-7.579752709814E0));
#2729=CARTESIAN_POINT('',(-1.502040768435E0,8.948981232074E0,
-7.296002167253E0));
#2730=CARTESIAN_POINT('',(-1.443624546342E0,8.782314031821E0,
-7.012251624693E0));
#2731=CARTESIAN_POINT('',(-4.588941590928E-1,9.259103660038E0,
-8.015288518163E0));
#2732=CARTESIAN_POINT('',(-4.423351951755E-1,9.092436459785E0,
-7.726060880962E0));
#2733=CARTESIAN_POINT('',(-4.257762312581E-1,8.925769259531E0,
-7.436833243761E0));
#2734=CARTESIAN_POINT('',(-4.092172673407E-1,8.759102059278E0,
-7.147605606560E0));
#2735=CARTESIAN_POINT('',(7.108286506722E-1,9.235891687495E0,
-7.996884174979E0));
#2736=CARTESIAN_POINT('',(6.851787578926E-1,9.069224487242E0,
-7.708320649204E0));
#2737=CARTESIAN_POINT('',(6.595288651129E-1,8.902557286988E0,
-7.419757123430E0));
#2738=CARTESIAN_POINT('',(6.338789723333E-1,8.735890086735E0,
-7.131193597656E0));
#2739=CARTESIAN_POINT('',(1.865458348089E0,9.212679714952E0,-7.808681004509E0));
#2740=CARTESIAN_POINT('',(1.798144225948E0,9.046012514699E0,-7.526908695069E0));
#2741=CARTESIAN_POINT('',(1.730830103806E0,8.879345314445E0,-7.245136385629E0));
#2742=CARTESIAN_POINT('',(1.663515981664E0,8.712678114192E0,-6.963364076189E0));
#2743=CARTESIAN_POINT('',(2.980478538488E0,9.189467742409E0,-7.454675147869E0));
#2744=CARTESIAN_POINT('',(2.872929476036E0,9.022800542156E0,-7.185676960937E0));
#2745=CARTESIAN_POINT('',(2.765380413583E0,8.856133341902E0,-6.916678774005E0));
#2746=CARTESIAN_POINT('',(2.657831351131E0,8.689466141649E0,-6.647680587074E0));
#2747=CARTESIAN_POINT('',(4.032213860742E0,9.166255769866E0,-6.942383255041E0));
#2748=CARTESIAN_POINT('',(3.886713460477E0,8.999588569613E0,-6.691870862275E0));
#2749=CARTESIAN_POINT('',(3.741213060212E0,8.832921369359E0,-6.441358469508E0));
#2750=CARTESIAN_POINT('',(3.595712659947E0,8.666254169106E0,-6.190846076742E0));
#2751=CARTESIAN_POINT('',(4.998332689130E0,9.143043797323E0,-6.282682882926E0));
#2752=CARTESIAN_POINT('',(4.817970378984E0,8.976376597070E0,-6.055975444835E0));
#2753=CARTESIAN_POINT('',(4.637608068838E0,8.809709396816E0,-5.829268006745E0));
#2754=CARTESIAN_POINT('',(4.457245758692E0,8.643042196563E0,-5.602560568654E0));
#2755=CARTESIAN_POINT('',(5.858321303495E0,9.119831824780E0,-5.489581530832E0));
#2756=CARTESIAN_POINT('',(5.646926738629E0,8.953164624527E0,-5.291492754391E0));
#2757=CARTESIAN_POINT('',(5.435532173763E0,8.786497424273E0,-5.093403977950E0));
#2758=CARTESIAN_POINT('',(5.224137608897E0,8.619830224020E0,-4.895315201509E0));
#2759=CARTESIAN_POINT('',(6.593919459599E0,9.096619852237E0,-4.579919217515E0));
#2760=CARTESIAN_POINT('',(6.355981206862E0,8.929952651984E0,-4.414655146128E0));
#2761=CARTESIAN_POINT('',(6.118042954125E0,8.763285451730E0,-4.249391074741E0));
#2762=CARTESIAN_POINT('',(5.880104701388E0,8.596618251477E0,-4.084127003354E0));
#2763=CARTESIAN_POINT('',(7.189508111132E0,9.073407879694E0,-3.573010914987E0));
#2764=CARTESIAN_POINT('',(6.930078342770E0,8.906740679441E0,-3.444080621050E0));
#2765=CARTESIAN_POINT('',(6.670648574408E0,8.740073479187E0,-3.315150327113E0));
#2766=CARTESIAN_POINT('',(6.411218806046E0,8.573406278934E0,-3.186220033177E0));
#2767=CARTESIAN_POINT('',(7.632441050849E0,9.050195907151E0,-2.490236431337E0));
#2768=CARTESIAN_POINT('',(7.357028271108E0,8.883528706898E0,-2.400377507671E0));
#2769=CARTESIAN_POINT('',(7.081615491367E0,8.716861506644E0,-2.310518584006E0));
#2770=CARTESIAN_POINT('',(6.806202711626E0,8.550194306391E0,-2.220659660341E0));
#2771=CARTESIAN_POINT('',(7.913313429053E0,9.026983934608E0,-1.354586450622E0));
#2772=CARTESIAN_POINT('',(7.627765511429E0,8.860316734355E0,-1.305706882830E0));
#2773=CARTESIAN_POINT('',(7.342217593805E0,8.693649534101E0,-1.256827315038E0));
#2774=CARTESIAN_POINT('',(7.056669676181E0,8.526982333848E0,-1.207947747246E0));
#2775=CARTESIAN_POINT('',(8.026161447919E0,9.003771962065E0,
-1.901743688530E-1));
#2776=CARTESIAN_POINT('',(7.736541466541E0,8.837104761812E0,
-1.833120228208E-1));
#2777=CARTESIAN_POINT('',(7.446921485162E0,8.670437561558E0,
-1.764496767886E-1));
#2778=CARTESIAN_POINT('',(7.157301503783E0,8.503770361305E0,
-1.695873307564E-1));
#2779=CARTESIAN_POINT('',(7.968588991556E0,8.980559989522E0,9.782757087290E-1));
#2780=CARTESIAN_POINT('',(7.681046483182E0,8.813892789269E0,9.429751239620E-1));
#2781=CARTESIAN_POINT('',(7.393503974808E0,8.647225589015E0,9.076745391951E-1));
#2782=CARTESIAN_POINT('',(7.105961466434E0,8.480558388762E0,8.723739544282E-1));
#2783=CARTESIAN_POINT('',(7.741818503024E0,8.957348016979E0,2.125953937618E0));
#2784=CARTESIAN_POINT('',(7.462458893174E0,8.790680816726E0,2.049239963718E0));
#2785=CARTESIAN_POINT('',(7.183099283324E0,8.624013616472E0,1.972525989819E0));
#2786=CARTESIAN_POINT('',(6.903739673474E0,8.457346416219E0,1.895812015920E0));
#2787=CARTESIAN_POINT('',(7.350665028056E0,8.934136044436E0,3.228491524529E0));
#2788=CARTESIAN_POINT('',(7.085419993756E0,8.767468844183E0,3.111993038761E0));
#2789=CARTESIAN_POINT('',(6.820174959456E0,8.600801643929E0,2.995494552992E0));
#2790=CARTESIAN_POINT('',(6.554929925157E0,8.434134443676E0,2.878996067224E0));
#2791=CARTESIAN_POINT('',(6.803433976594E0,8.910924071893E0,4.262478152996E0));
#2792=CARTESIAN_POINT('',(6.557935498349E0,8.744256871640E0,4.108668782064E0));
#2793=CARTESIAN_POINT('',(6.312437020104E0,8.577589671386E0,3.954859411133E0));
#2794=CARTESIAN_POINT('',(6.066938541859E0,8.410922471133E0,3.801050040202E0));
#2795=CARTESIAN_POINT('',(6.111744772999E0,8.887712099351E0,5.205959057499E0));
#2796=CARTESIAN_POINT('',(5.891205550254E0,8.721044899098E0,5.018104654735E0));
#2797=CARTESIAN_POINT('',(5.670666327510E0,8.554377698844E0,4.830250251970E0));
#2798=CARTESIAN_POINT('',(5.450127104765E0,8.387710498591E0,4.642395849206E0));
#2799=CARTESIAN_POINT('',(5.290284139380E0,8.864500126808E0,6.038901191713E0));
#2800=CARTESIAN_POINT('',(5.099386908633E0,8.697832926555E0,5.820990492801E0));
#2801=CARTESIAN_POINT('',(4.908489677886E0,8.531165726301E0,5.603079793889E0));
#2802=CARTESIAN_POINT('',(4.717592447139E0,8.364498526048E0,5.385169094978E0));
#2803=CARTESIAN_POINT('',(4.356494250614E0,8.841288154265E0,6.743618592641E0));
#2804=CARTESIAN_POINT('',(4.199292356293E0,8.674620954012E0,6.500278522309E0));
#2805=CARTESIAN_POINT('',(4.042090461972E0,8.507953753758E0,6.256938451978E0));
#2806=CARTESIAN_POINT('',(3.884888567651E0,8.341286553505E0,6.013598381647E0));
#2807=CARTESIAN_POINT('',(3.330202382496E0,8.818076181722E0,7.305147908855E0));
#2808=CARTESIAN_POINT('',(3.210033711798E0,8.651408981469E0,7.041545336809E0));
#2809=CARTESIAN_POINT('',(3.089865041100E0,8.484741781215E0,6.777942764762E0));
#2810=CARTESIAN_POINT('',(2.969696370402E0,8.318074580962E0,6.514340192716E0));
#2811=CARTESIAN_POINT('',(2.233199916751E0,8.794864209179E0,7.711566119179E0));
#2812=CARTESIAN_POINT('',(2.152616025871E0,8.628197008926E0,7.433298151317E0));
#2813=CARTESIAN_POINT('',(2.072032134991E0,8.461529808672E0,7.155030183456E0));
#2814=CARTESIAN_POINT('',(1.991448244111E0,8.294862608419E0,6.876762215595E0));
#2815=CARTESIAN_POINT('',(1.088779641937E0,8.771652236636E0,7.954243695660E0));
#2816=CARTESIAN_POINT('',(1.049491578562E0,8.604985036383E0,7.667218830041E0));
#2817=CARTESIAN_POINT('',(1.010203515187E0,8.438317836129E0,7.380193964423E0));
#2818=CARTESIAN_POINT('',(9.709154518121E-1,8.271650635876E0,7.093169098805E0));
#2819=CARTESIAN_POINT('',(-7.875882520431E-2,8.748440264093E0,
8.028027835408E0));
#2820=CARTESIAN_POINT('',(-7.591685278236E-2,8.581773063840E0,
7.738340506380E0));
#2821=CARTESIAN_POINT('',(-7.307488036041E-2,8.415105863586E0,
7.448653177351E0));
#2822=CARTESIAN_POINT('',(-7.023290793846E-2,8.248438663333E0,
7.158965848323E0));
#2823=CARTESIAN_POINT('',(-1.244624996503E0,8.725228291550E0,7.931351870692E0));
#2824=CARTESIAN_POINT('',(-1.199713332235E0,8.558561091297E0,7.645153045013E0));
#2825=CARTESIAN_POINT('',(-1.154801667967E0,8.391893891043E0,7.358954219335E0));
#2826=CARTESIAN_POINT('',(-1.109890003699E0,8.225226690790E0,7.072755393657E0));
#2827=CARTESIAN_POINT('',(-2.384063891854E0,8.702016319007E0,7.666268534183E0));
#2828=CARTESIAN_POINT('',(-2.298036150642E0,8.535349118754E0,7.389635106794E0));
#2829=CARTESIAN_POINT('',(-2.212008409431E0,8.368681918500E0,7.113001679405E0));
#2830=CARTESIAN_POINT('',(-2.125980668219E0,8.202014718247E0,6.836368252016E0));
#2831=CARTESIAN_POINT('',(-3.472881664758E0,8.678804346464E0,7.238406373038E0));
#2832=CARTESIAN_POINT('',(-3.347564484235E0,8.512137146211E0,6.977212135596E0));
#2833=CARTESIAN_POINT('',(-3.222247303712E0,8.345469945957E0,6.716017898154E0));
#2834=CARTESIAN_POINT('',(-3.096930123189E0,8.178802745704E0,6.454823660713E0));
#2835=CARTESIAN_POINT('',(-4.487959313251E0,8.655592373921E0,6.656850237256E0));
#2836=CARTESIAN_POINT('',(-4.326013568555E0,8.488925173668E0,6.416641159197E0));
#2837=CARTESIAN_POINT('',(-4.164067823859E0,8.322257973414E0,6.176432081138E0));
#2838=CARTESIAN_POINT('',(-4.002122079163E0,8.155590773161E0,5.936223003079E0));
#2839=CARTESIAN_POINT('',(-5.407743568513E0,8.632380401378E0,5.933948379945E0));
#2840=CARTESIAN_POINT('',(-5.212607873602E0,8.465713201125E0,5.719824850228E0));
#2841=CARTESIAN_POINT('',(-5.017472178690E0,8.299046000871E0,5.505701320511E0));
#2842=CARTESIAN_POINT('',(-4.822336483778E0,8.132378800618E0,5.291577790795E0));
#2843=CARTESIAN_POINT('',(-6.212704538093E0,8.609168428835E0,5.085050265336E0));
#2844=CARTESIAN_POINT('',(-5.988522233226E0,8.442501228582E0,4.901558795259E0));
#2845=CARTESIAN_POINT('',(-5.764339928358E0,8.275834028328E0,4.718067325181E0));
#2846=CARTESIAN_POINT('',(-5.540157623490E0,8.109166828075E0,4.534575855104E0));
#2847=CARTESIAN_POINT('',(-6.885750386514E0,8.585956456292E0,4.128180651723E0));
#2848=CARTESIAN_POINT('',(-6.637281562200E0,8.419289256039E0,3.979217338284E0));
#2849=CARTESIAN_POINT('',(-6.388812737885E0,8.252622055785E0,3.830254024844E0));
#2850=CARTESIAN_POINT('',(-6.140343913571E0,8.085954855532E0,3.681290711405E0));
#2851=CARTESIAN_POINT('',(-7.412590248325E0,8.562744483749E0,3.083656869543E0));
#2852=CARTESIAN_POINT('',(-7.145110673734E0,8.396077283496E0,2.972384669136E0));
#2853=CARTESIAN_POINT('',(-6.877631099143E0,8.229410083242E0,2.861112468728E0));
#2854=CARTESIAN_POINT('',(-6.610151524552E0,8.062742882989E0,2.749840268321E0));
#2855=CARTESIAN_POINT('',(-7.782037667808E0,8.539532511206E0,1.973657420997E0));
#2856=CARTESIAN_POINT('',(-7.501226769714E0,8.372865310953E0,1.902438989967E0));
#2857=CARTESIAN_POINT('',(-7.220415871619E0,8.206198110699E0,1.831220558937E0));
#2858=CARTESIAN_POINT('',(-6.939604973525E0,8.039530910446E0,1.760002127907E0));
#2859=CARTESIAN_POINT('',(-7.986248122371E0,8.516320538663E0,
8.217510611839E-1));
#2860=CARTESIAN_POINT('',(-7.698068393183E0,8.349653338410E0,
7.920985892542E-1));
#2861=CARTESIAN_POINT('',(-7.409888663994E0,8.182986138156E0,
7.624461173244E-1));
#2862=CARTESIAN_POINT('',(-7.121708934805E0,8.016318937903E0,
7.327936453947E-1));
#2863=CARTESIAN_POINT('',(-8.020885586266E0,8.493108566120E0,
-3.476036401911E-1));
#2864=CARTESIAN_POINT('',(-7.731455981690E0,8.326441365867E0,
-3.350605384291E-1));
#2865=CARTESIAN_POINT('',(-7.442026377113E0,8.159774165613E0,
-3.225174366671E-1));
#2866=CARTESIAN_POINT('',(-7.152596772537E0,7.993106965360E0,
-3.099743349051E-1));
#2867=CARTESIAN_POINT('',(-7.885214597951E0,8.469896593577E0,
-1.509577630632E0));
#2868=CARTESIAN_POINT('',(-7.600680612453E0,8.303229393324E0,
-1.455105284404E0));
#2869=CARTESIAN_POINT('',(-7.316146626955E0,8.136562193070E0,
-1.400632938176E0));
#2870=CARTESIAN_POINT('',(-7.031612641457E0,7.969894992817E0,
-1.346160591948E0));
#2871=CARTESIAN_POINT('',(-7.582115876243E0,8.446684621034E0,
-2.639498573191E0));
#2872=CARTESIAN_POINT('',(-7.308519055005E0,8.280017420781E0,
-2.544253600538E0));
#2873=CARTESIAN_POINT('',(-7.034922233767E0,8.113350220527E0,
-2.449008627884E0));
#2874=CARTESIAN_POINT('',(-6.761325412530E0,7.946683020274E0,
-2.353763655231E0));
#2875=CARTESIAN_POINT('',(-7.118025153654E0,8.423472648491E0,
-3.713374717232E0));
#2876=CARTESIAN_POINT('',(-6.861174811703E0,8.256805448238E0,
-3.579379466397E0));
#2877=CARTESIAN_POINT('',(-6.604324469752E0,8.090138247984E0,
-3.445384215562E0));
#2878=CARTESIAN_POINT('',(-6.347474127801E0,7.923471047731E0,
-3.311388964727E0));
#2879=CARTESIAN_POINT('',(-6.502796525699E0,8.400260675948E0,
-4.708404318237E0));
#2880=CARTESIAN_POINT('',(-6.268146398001E0,8.233593475695E0,
-4.538503926896E0));
#2881=CARTESIAN_POINT('',(-6.033496270302E0,8.066926275441E0,
-4.368603535554E0));
#2882=CARTESIAN_POINT('',(-5.798846142604E0,7.900259075188E0,
-4.198703144213E0));
#2883=CARTESIAN_POINT('',(-5.749493217658E0,8.377048703405E0,
-5.603459790054E0));
#2884=CARTESIAN_POINT('',(-5.542025659294E0,8.210381503152E0,
-5.401261774155E0));
#2885=CARTESIAN_POINT('',(-5.334558100930E0,8.043714302898E0,
-5.199063758256E0));
#2886=CARTESIAN_POINT('',(-5.127090542566E0,7.877047102645E0,
-4.996865742357E0));
#2887=CARTESIAN_POINT('',(-4.874110211515E0,8.353836730862E0,
-6.379536309533E0));
#2888=CARTESIAN_POINT('',(-4.698230406722E0,8.187169530609E0,
-6.149333964469E0));
#2889=CARTESIAN_POINT('',(-4.522350601929E0,8.020502330355E0,
-5.919131619406E0));
#2890=CARTESIAN_POINT('',(-4.346470797136E0,7.853835130102E0,
-5.688929274342E0));
#2891=CARTESIAN_POINT('',(-3.895234622526E0,8.330624758319E0,
-7.020155348289E0));
#2892=CARTESIAN_POINT('',(-3.754677048876E0,8.163957558066E0,
-6.766836588825E0));
#2893=CARTESIAN_POINT('',(-3.614119475227E0,7.997290357812E0,
-6.513517829360E0));
#2894=CARTESIAN_POINT('',(-3.473561901577E0,7.830623157559E0,
-6.260199069896E0));
#2895=CARTESIAN_POINT('',(-2.833651036719E0,8.307412785776E0,
-7.511714563316E0));
#2896=CARTESIAN_POINT('',(-2.731400170497E0,8.140745585523E0,
-7.240658137892E0));
#2897=CARTESIAN_POINT('',(-2.629149304275E0,7.974078385269E0,
-6.969601712468E0));
#2898=CARTESIAN_POINT('',(-2.526898438053E0,7.807411185016E0,
-6.698545287044E0));
#2899=CARTESIAN_POINT('',(-1.711900189209E0,8.284200813234E0,
-7.843776617217E0));
#2900=CARTESIAN_POINT('',(-1.650127135659E0,8.117533612981E0,
-7.560737900322E0));
#2901=CARTESIAN_POINT('',(-1.588354082110E0,7.950866412727E0,
-7.277699183426E0));
#2902=CARTESIAN_POINT('',(-1.526581028560E0,7.784199212474E0,
-6.994660466530E0));
#2903=CARTESIAN_POINT('',(-5.538003539935E-1,8.260988840691E0,
-8.009290795483E0));
#2904=CARTESIAN_POINT('',(-5.338167479756E-1,8.094321640438E0,
-7.720279583075E0));
#2905=CARTESIAN_POINT('',(-5.138331419578E-1,7.927654440184E0,
-7.431268370667E0));
#2906=CARTESIAN_POINT('',(-4.938495359399E-1,7.760987239931E0,
-7.142257158259E0));
#2907=CARTESIAN_POINT('',(6.160583923962E-1,8.237776868148E0,
-8.004742715141E0));
#2908=CARTESIAN_POINT('',(5.938282365126E-1,8.071109667895E0,
-7.715895617915E0));
#2909=CARTESIAN_POINT('',(5.715980806290E-1,7.904442467641E0,
-7.427048520689E0));
#2910=CARTESIAN_POINT('',(5.493679247455E-1,7.737775267388E0,
-7.138201423463E0));
#2911=CARTESIAN_POINT('',(1.772836294999E0,8.214564895605E0,-7.830228946234E0));
#2912=CARTESIAN_POINT('',(1.708864392854E0,8.047897695352E0,-7.547679090202E0));
#2913=CARTESIAN_POINT('',(1.644892490710E0,7.881230495098E0,-7.265129234170E0));
#2914=CARTESIAN_POINT('',(1.580920588565E0,7.714563294845E0,-6.982579378138E0));
#2915=CARTESIAN_POINT('',(2.891971346102E0,8.191352923062E0,-7.489454960788E0));
#2916=CARTESIAN_POINT('',(2.787616020976E0,8.024685722809E0,-7.219201761876E0));
#2917=CARTESIAN_POINT('',(2.683260695851E0,7.858018522555E0,-6.948948562964E0));
#2918=CARTESIAN_POINT('',(2.578905370726E0,7.691351322302E0,-6.678695364053E0));
#2919=CARTESIAN_POINT('',(3.949700813001E0,8.168140950519E0,-6.989656456090E0));
#2920=CARTESIAN_POINT('',(3.807177854382E0,8.001473750266E0,-6.737438233744E0));
#2921=CARTESIAN_POINT('',(3.664654895762E0,7.834806550012E0,-6.485220011398E0));
#2922=CARTESIAN_POINT('',(3.522131937143E0,7.668139349759E0,-6.233001789052E0));
#2923=CARTESIAN_POINT('',(4.923565796425E0,8.144928977976E0,-6.341445710707E0));
#2924=CARTESIAN_POINT('',(4.745901411833E0,7.978261777723E0,-6.112617845660E0));
#2925=CARTESIAN_POINT('',(4.568237027241E0,7.811594577469E0,-5.883789980613E0));
#2926=CARTESIAN_POINT('',(4.390572642649E0,7.644927377216E0,-5.654962115566E0));
#2927=CARTESIAN_POINT('',(5.792888097945E0,8.121717005433E0,-5.558586280767E0));
#2928=CARTESIAN_POINT('',(5.583854657247E0,7.955049805180E0,-5.358007502782E0));
#2929=CARTESIAN_POINT('',(5.374821216549E0,7.788382604926E0,-5.157428724798E0));
#2930=CARTESIAN_POINT('',(5.165787775851E0,7.621715404673E0,-4.956849946814E0));
#2931=CARTESIAN_POINT('',(6.539209301959E0,8.098505032890E0,-4.657700651786E0));
#2932=CARTESIAN_POINT('',(6.303245237623E0,7.931837832637E0,-4.489629876635E0));
#2933=CARTESIAN_POINT('',(6.067281173287E0,7.765170632383E0,-4.321559101484E0));
#2934=CARTESIAN_POINT('',(5.831317108951E0,7.598503432130E0,-4.153488326333E0));
#2935=CARTESIAN_POINT('',(7.146682633700E0,8.075293060347E0,-3.657917682859E0));
#2936=CARTESIAN_POINT('',(6.888798201058E0,7.908625860094E0,-3.525923571095E0));
#2937=CARTESIAN_POINT('',(6.630913768415E0,7.741958659840E0,-3.393929459330E0));
#2938=CARTESIAN_POINT('',(6.373029335773E0,7.575291459587E0,-3.261935347566E0));
#2939=CARTESIAN_POINT('',(7.602409703712E0,8.052081087804E0,-2.580464980223E0));
#2940=CARTESIAN_POINT('',(7.328080589961E0,7.885413887551E0,-2.487350204950E0));
#2941=CARTESIAN_POINT('',(7.053751476211E0,7.718746687297E0,-2.394235429678E0));
#2942=CARTESIAN_POINT('',(6.779422362461E0,7.552079487044E0,-2.301120654406E0));
#2943=CARTESIAN_POINT('',(7.798612155205E0,8.036606439442E0,-1.825637407714E0));
#2944=CARTESIAN_POINT('',(7.517203175105E0,7.869939239189E0,-1.759760204089E0));
#2945=CARTESIAN_POINT('',(7.235794195006E0,7.703272038935E0,-1.693883000464E0));
#2946=CARTESIAN_POINT('',(6.954385214907E0,7.536604838682E0,-1.628005796840E0));
#2947=CARTESIAN_POINT('',(7.868768371334E0,8.028869115261E0,-1.443096905915E0));
#2948=CARTESIAN_POINT('',(7.584827839616E0,7.862201915008E0,-1.391023483055E0));
#2949=CARTESIAN_POINT('',(7.300887307897E0,7.695534714754E0,-1.338950060195E0));
#2950=CARTESIAN_POINT('',(7.016946776179E0,7.528867514501E0,-1.286876637335E0));
#2951=B_SPLINE_SURFACE_WITH_KNOTS('',3,3,((#2427,#2428,#2429,#2430),(#2431,
#2432,#2433,#2434),(#2435,#2436,#2437,#2438),(#2439,#2440,#2441,#2442),(#2443,
#2444,#2445,#2446),(#2447,#2448,#2449,#2450),(#2451,#2452,#2453,#2454),(#2455,
#2456,#2457,#2458),(#2459,#2460,#2461,#2462),(#2463,#2464,#2465,#2466),(#2467,
#2468,#2469,#2470),(#2471,#2472,#2473,#2474),(#2475,#2476,#2477,#2478),(#2479,
#2480,#2481,#2482),(#2483,#2484,#2485,#2486),(#2487,#2488,#2489,#2490),(#2491,
#2492,#2493,#2494),(#2495,#2496,#2497,#2498),(#2499,#2500,#2501,#2502),(#2503,
#2504,#2505,#2506),(#2507,#2508,#2509,#2510),(#2511,#2512,#2513,#2514),(#2515,
#2516,#2517,#2518),(#2519,#2520,#2521,#2522),(#2523,#2524,#2525,#2526),(#2527,
#2528,#2529,#2530),(#2531,#2532,#2533,#2534),(#2535,#2536,#2537,#2538),(#2539,
#2540,#2541,#2542),(#2543,#2544,#2545,#2546),(#2547,#2548,#2549,#2550),(#2551,
#2552,#2553,#2554),(#2555,#2556,#2557,#2558),(#2559,#2560,#2561,#2562),(#2563,
#2564,#2565,#2566),(#2567,#2568,#2569,#2570),(#2571,#2572,#2573,#2574),(#2575,
#2576,#2577,#2578),(#2579,#2580,#2581,#2582),(#2583,#2584,#2585,#2586),(#2587,
#2588,#2589,#2590),(#2591,#2592,#2593,#2594),(#2595,#2596,#2597,#2598),(#2599,
#2600,#2601,#2602),(#2603,#2604,#2605,#2606),(#2607,#2608,#2609,#2610),(#2611,
#2612,#2613,#2614),(#2615,#2616,#2617,#2618),(#2619,#2620,#2621,#2622),(#2623,
#2624,#2625,#2626),(#2627,#2628,#2629,#2630),(#2631,#2632,#2633,#2634),(#2635,
#2636,#2637,#2638),(#2639,#2640,#2641,#2642),(#2643,#2644,#2645,#2646),(#2647,
#2648,#2649,#2650),(#2651,#2652,#2653,#2654),(#2655,#2656,#2657,#2658),(#2659,
#2660,#2661,#2662),(#2663,#2664,#2665,#2666),(#2667,#2668,#2669,#2670),(#2671,
#2672,#2673,#2674),(#2675,#2676,#2677,#2678),(#2679,#2680,#2681,#2682),(#2683,
#2684,#2685,#2686),(#2687,#2688,#2689,#2690),(#2691,#2692,#2693,#2694),(#2695,
#2696,#2697,#2698),(#2699,#2700,#2701,#2702),(#2703,#2704,#2705,#2706),(#2707,
#2708,#2709,#2710),(#2711,#2712,#2713,#2714),(#2715,#2716,#2717,#2718),(#2719,
#2720,#2721,#2722),(#2723,#2724,#2725,#2726),(#2727,#2728,#2729,#2730),(#2731,
#2732,#2733,#2734),(#2735,#2736,#2737,#2738),(#2739,#2740,#2741,#2742),(#2743,
#2744,#2745,#2746),(#2747,#2748,#2749,#2750),(#2751,#2752,#2753,#2754),(#2755,
#2756,#2757,#2758),(#2759,#2760,#2761,#2762),(#2763,#2764,#2765,#2766),(#2767,
#2768,#2769,#2770),(#2771,#2772,#2773,#2774),(#2775,#2776,#2777,#2778),(#2779,
#2780,#2781,#2782),(#2783,#2784,#2785,#2786),(#2787,#2788,#2789,#2790),(#2791,
#2792,#2793,#2794),(#2795,#2796,#2797,#2798),(#2799,#2800,#2801,#2802),(#2803,
#2804,#2805,#2806),(#2807,#2808,#2809,#2810),(#2811,#2812,#2813,#2814),(#2815,
#2816,#2817,#2818),(#2819,#2820,#2821,#2822),(#2823,#2824,#2825,#2826),(#2827,
#2828,#2829,#2830),(#2831,#2832,#2833,#2834),(#2835,#2836,#2837,#2838),(#2839,
#2840,#2841,#2842),(#2843,#2844,#2845,#2846),(#2847,#2848,#2849,#2850),(#2851,
#2852,#2853,#2854),(#2855,#2856,#2857,#2858),(#2859,#2860,#2861,#2862),(#2863,
#2864,#2865,#2866),(#2867,#2868,#2869,#2870),(#2871,#2872,#2873,#2874),(#2875,
#2876,#2877,#2878),(#2879,#2880,#2881,#2882),(#2883,#2884,#2885,#2886),(#2887,
#2888,#2889,#2890),(#2891,#2892,#2893,#2894),(#2895,#2896,#2897,#2898),(#2899,
#2900,#2901,#2902),(#2903,#2904,#2905,#2906),(#2907,#2908,#2909,#2910),(#2911,
#2912,#2913,#2914),(#2915,#2916,#2917,#2918),(#2919,#2920,#2921,#2922),(#2923,
#2924,#2925,#2926),(#2927,#2928,#2929,#2930),(#2931,#2932,#2933,#2934),(#2935,
#2936,#2937,#2938),(#2939,#2940,#2941,#2942),(#2943,#2944,#2945,#2946),(#2947,
#2948,#2949,#2950)),.UNSPECIFIED.,.F.,.F.,.F.,(4,1,1,1,1,1,1,1,1,1,1,1,1,1,1,1,
1,1,1,1,1,1,1,1,1,1,1,1,1,1,1,1,1,1,1,1,1,1,1,1,1,1,1,1,1,1,1,1,1,1,1,1,1,1,1,1,
1,1,1,1,1,1,1,1,1,1,1,1,1,1,1,1,1,1,1,1,1,1,1,1,1,1,1,1,1,1,1,1,1,1,1,1,1,1,1,1,
1,1,1,1,1,1,1,1,1,1,1,1,1,1,1,1,1,1,1,1,1,1,1,1,1,1,1,1,1,1,1,1,4),(4,4),(0.E0,
7.8125E-3,1.5625E-2,2.34375E-2,3.125E-2,3.90625E-2,4.6875E-2,5.46875E-2,6.25E-2,
7.03125E-2,7.8125E-2,8.59375E-2,9.375E-2,1.015625E-1,1.09375E-1,1.171875E-1,
1.25E-1,1.328125E-1,1.40625E-1,1.484375E-1,1.5625E-1,1.640625E-1,1.71875E-1,
1.796875E-1,1.875E-1,1.953125E-1,2.03125E-1,2.109375E-1,2.1875E-1,2.265625E-1,
2.34375E-1,2.421875E-1,2.5E-1,2.578125E-1,2.65625E-1,2.734375E-1,2.8125E-1,
2.890625E-1,2.96875E-1,3.046875E-1,3.125E-1,3.203125E-1,3.28125E-1,3.359375E-1,
3.4375E-1,3.515625E-1,3.59375E-1,3.671875E-1,3.75E-1,3.828125E-1,3.90625E-1,
3.984375E-1,4.0625E-1,4.140625E-1,4.21875E-1,4.296875E-1,4.375E-1,4.453125E-1,
4.53125E-1,4.609375E-1,4.6875E-1,4.765625E-1,4.84375E-1,4.921875E-1,5.E-1,
5.078125E-1,5.15625E-1,5.234375E-1,5.3125E-1,5.390625E-1,5.46875E-1,5.546875E-1,
5.625E-1,5.703125E-1,5.78125E-1,5.859375E-1,5.9375E-1,6.015625E-1,6.09375E-1,
6.171875E-1,6.25E-1,6.328125E-1,6.40625E-1,6.484375E-1,6.5625E-1,6.640625E-1,
6.71875E-1,6.796875E-1,6.875E-1,6.953125E-1,7.03125E-1,7.109375E-1,7.1875E-1,
7.265625E-1,7.34375E-1,7.421875E-1,7.5E-1,7.578125E-1,7.65625E-1,7.734375E-1,
7.8125E-1,7.890625E-1,7.96875E-1,8.046875E-1,8.125E-1,8.203125E-1,8.28125E-1,
8.359375E-1,8.4375E-1,8.515625E-1,8.59375E-1,8.671875E-1,8.75E-1,8.828125E-1,
8.90625E-1,8.984375E-1,9.0625E-1,9.140625E-1,9.21875E-1,9.296875E-1,9.375E-1,
9.453125E-1,9.53125E-1,9.609375E-1,9.6875E-1,9.765625E-1,9.84375E-1,9.921875E-1,
1.E0),(-3.201519838418E-6,1.E0),.UNSPECIFIED.);
#2952=ORIENTED_EDGE('',*,*,#2419,.F.);
#2954=ORIENTED_EDGE('',*,*,#2953,.F.);
#2956=ORIENTED_EDGE('',*,*,#2955,.F.);
#2958=ORIENTED_EDGE('',*,*,#2957,.T.);
#2960=ORIENTED_EDGE('',*,*,#2959,.T.);
#2962=ORIENTED_EDGE('',*,*,#2961,.T.);
#2964=ORIENTED_EDGE('',*,*,#2963,.T.);
#2966=ORIENTED_EDGE('',*,*,#2965,.T.);
#2968=ORIENTED_EDGE('',*,*,#2967,.F.);
#2969=EDGE_LOOP('',(#2952,#2954,#2956,#2958,#2960,#2962,#2964,#2966,#2968));
#2970=FACE_OUTER_BOUND('',#2969,.F.);
#2971=ADVANCED_FACE('',(#2970),#2951,.T.);
#2972=CARTESIAN_POINT('',(8.E0,1.1E1,0.E0));
#2973=DIRECTION('',(0.E0,0.E0,1.E0));
#2974=DIRECTION('',(-1.E0,0.E0,0.E0));
#2975=AXIS2_PLACEMENT_3D('',#2972,#2973,#2974);
#2976=PLANE('',#2975);
#2978=ORIENTED_EDGE('',*,*,#2977,.F.);
#2980=ORIENTED_EDGE('',*,*,#2979,.T.);
#2981=ORIENTED_EDGE('',*,*,#2953,.T.);
#2982=EDGE_LOOP('',(#2978,#2980,#2981));
#2983=FACE_OUTER_BOUND('',#2982,.F.);
#2984=ADVANCED_FACE('',(#2983),#2976,.T.);
#2985=CARTESIAN_POINT('',(0.E0,1.4175E1,0.E0));
#2986=DIRECTION('',(0.E0,-1.E0,0.E0));
#2987=DIRECTION('',(-1.E0,0.E0,0.E0));
#2988=AXIS2_PLACEMENT_3D('',#2985,#2986,#2987);
#2989=CYLINDRICAL_SURFACE('',#2988,8.E0);
#2990=ORIENTED_EDGE('',*,*,#2977,.T.);
#2991=ORIENTED_EDGE('',*,*,#2409,.F.);
#2992=ORIENTED_EDGE('',*,*,#2421,.T.);
#2993=ORIENTED_EDGE('',*,*,#2967,.T.);
#2994=EDGE_LOOP('',(#2990,#2991,#2992,#2993));
#2995=FACE_OUTER_BOUND('',#2994,.F.);
#2996=ADVANCED_FACE('',(#2995),#2989,.T.);
#2997=CARTESIAN_POINT('',(7.133974596216E0,1.05E1,0.E0));
#2998=CARTESIAN_POINT('',(7.422650668182E0,1.033333279214E1,0.E0));
#2999=CARTESIAN_POINT('',(7.711326740149E0,1.016666558428E1,0.E0));
#3000=CARTESIAN_POINT('',(8.000002812115E0,9.999998376425E0,0.E0));
#3001=CARTESIAN_POINT('',(7.133974596216E0,1.049226267582E1,3.468184718459E-1));
#3002=CARTESIAN_POINT('',(7.422650668182E0,1.032559546796E1,3.608524710966E-1));
#3003=CARTESIAN_POINT('',(7.711326740149E0,1.015892826010E1,3.748864703473E-1));
#3004=CARTESIAN_POINT('',(8.000002812115E0,9.992261052244E0,3.889204695980E-1));
#3005=CARTESIAN_POINT('',(7.083303089876E0,1.047678802746E1,1.040452388013E0));
#3006=CARTESIAN_POINT('',(7.369928740831E0,1.031012081960E1,1.082554263256E0));
#3007=CARTESIAN_POINT('',(7.656554391785E0,1.014345361174E1,1.124656138500E0));
#3008=CARTESIAN_POINT('',(7.943180042740E0,9.976786403882E0,1.166758013743E0));
#3009=CARTESIAN_POINT('',(6.856895182859E0,1.045357605491E1,2.058813633531E0));
#3010=CARTESIAN_POINT('',(7.134359244523E0,1.028690884705E1,2.142123466587E0));
#3011=CARTESIAN_POINT('',(7.411823306187E0,1.012024163920E1,2.225433299644E0));
#3012=CARTESIAN_POINT('',(7.689287367851E0,9.953574431339E0,2.308743132700E0));
#3013=CARTESIAN_POINT('',(6.484893975327E0,1.043036408237E1,3.033459185633E0));
#3014=CARTESIAN_POINT('',(6.747305019082E0,1.026369687451E1,3.156208022255E0));
#3015=CARTESIAN_POINT('',(7.009716062838E0,1.009702966665E1,3.278956858878E0));
#3016=CARTESIAN_POINT('',(7.272127106593E0,9.930362458796E0,3.401705695500E0));
#3017=CARTESIAN_POINT('',(5.975198214769E0,1.040715210983E1,3.943695099090E0));
#3018=CARTESIAN_POINT('',(6.216984434582E0,1.024048490197E1,4.103276605147E0));
#3019=CARTESIAN_POINT('',(6.458770654394E0,1.007381769411E1,4.262858111204E0));
#3020=CARTESIAN_POINT('',(6.700556874207E0,9.907150486253E0,4.422439617261E0));
#3021=CARTESIAN_POINT('',(5.338630334086E0,1.038394013729E1,4.770194001804E0));
#3022=CARTESIAN_POINT('',(5.554657853352E0,1.021727292943E1,4.963219761622E0));
#3023=CARTESIAN_POINT('',(5.770685372617E0,1.005060572157E1,5.156245521440E0));
#3024=CARTESIAN_POINT('',(5.986712891883E0,9.883938513710E0,5.349271281258E0));
#3025=CARTESIAN_POINT('',(4.588706657545E0,1.036072816474E1,5.495406799862E0));
#3026=CARTESIAN_POINT('',(4.774388537322E0,1.019406095688E1,5.717778274199E0));
#3027=CARTESIAN_POINT('',(4.960070417099E0,1.002739374902E1,5.940149748535E0));
#3028=CARTESIAN_POINT('',(5.145752296876E0,9.860726541167E0,6.162521222872E0));
#3029=CARTESIAN_POINT('',(3.741350406997E0,1.033751619220E1,6.103934944693E0));
#3030=CARTESIAN_POINT('',(3.892744041047E0,1.017084898434E1,6.350930492491E0));
#3031=CARTESIAN_POINT('',(4.044137675098E0,1.000418177648E1,6.597926040290E0));
#3032=CARTESIAN_POINT('',(4.195531309148E0,9.837514568624E0,6.844921588088E0));
#3033=CARTESIAN_POINT('',(2.814553602145E0,1.031430421966E1,6.582857487444E0));
#3034=CARTESIAN_POINT('',(2.928444430777E0,1.014763701180E1,6.849232621832E0));
#3035=CARTESIAN_POINT('',(3.042335259410E0,9.980969803940E0,7.115607756221E0));
#3036=CARTESIAN_POINT('',(3.156226088042E0,9.814302596081E0,7.381982890609E0));
#3037=CARTESIAN_POINT('',(1.827995033770E0,1.029109224711E1,6.922005405601E0));
#3038=CARTESIAN_POINT('',(1.901964798984E0,1.012442503925E1,7.202104150511E0));
#3039=CARTESIAN_POINT('',(1.975934564198E0,9.957757831395E0,7.482202895421E0));
#3040=CARTESIAN_POINT('',(2.049904329412E0,9.791090623538E0,7.762301640332E0));
#3041=CARTESIAN_POINT('',(8.026224215472E-1,1.026788027457E1,7.114177529925E0));
#3042=CARTESIAN_POINT('',(8.351005142008E-1,1.010121306671E1,7.402052514187E0));
#3043=CARTESIAN_POINT('',(8.675786068544E-1,9.934545858853E0,7.689927498448E0));
#3044=CARTESIAN_POINT('',(9.000566995080E-1,9.767878650995E0,7.977802482710E0));
#3045=CARTESIAN_POINT('',(-2.397923714738E-1,1.024466830203E1,
7.155293445931E0));
#3046=CARTESIAN_POINT('',(-2.494955627245E-1,1.007800109417E1,
7.444832184523E0));
#3047=CARTESIAN_POINT('',(-2.591987539752E-1,9.911333886311E0,
7.734370923116E0));
#3048=CARTESIAN_POINT('',(-2.689019452259E-1,9.744666678452E0,
8.023909661708E0));
#3049=CARTESIAN_POINT('',(-1.277115623517E0,1.022145632948E1,7.044480134331E0));
#3050=CARTESIAN_POINT('',(-1.328794069616E0,1.005478912162E1,7.329534815532E0));
#3051=CARTESIAN_POINT('',(-1.380472515716E0,9.888121913766E0,7.614589496734E0));
#3052=CARTESIAN_POINT('',(-1.432150961815E0,9.721454705909E0,7.899644177935E0));
#3053=CARTESIAN_POINT('',(-2.287321722125E0,1.019824435694E1,6.784090507821E0));
#3054=CARTESIAN_POINT('',(-2.379878128258E0,1.003157714908E1,7.058608530453E0));
#3055=CARTESIAN_POINT('',(-2.472434534390E0,9.864909941224E0,7.333126553086E0));
#3056=CARTESIAN_POINT('',(-2.564990940523E0,9.698242733366E0,7.607644575718E0));
#3057=CARTESIAN_POINT('',(-3.248960836700E0,1.017503238440E1,6.379653451435E0));
#3058=CARTESIAN_POINT('',(-3.380429941287E0,1.000836517654E1,6.637805940490E0));
#3059=CARTESIAN_POINT('',(-3.511899045874E0,9.841697968682E0,6.895958429545E0));
#3060=CARTESIAN_POINT('',(-3.643368150461E0,9.675030760824E0,7.154110918600E0));
#3061=CARTESIAN_POINT('',(-4.141614365402E0,1.015182041186E1,5.839756427036E0));
#3062=CARTESIAN_POINT('',(-4.309204668743E0,9.985153204E0,6.076061998897E0));
#3063=CARTESIAN_POINT('',(-4.476794972083E0,9.818485996140E0,6.312367570757E0));
#3064=CARTESIAN_POINT('',(-4.644385275424E0,9.651818788281E0,6.548673142618E0));
#3065=CARTESIAN_POINT('',(-4.946328485839E0,1.012860843931E1,5.175863134685E0));
#3066=CARTESIAN_POINT('',(-5.146481522367E0,9.961941231453E0,5.385304284020E0));
#3067=CARTESIAN_POINT('',(-5.346634558895E0,9.795274023595E0,5.594745433355E0));
#3068=CARTESIAN_POINT('',(-5.546787595423E0,9.628606815738E0,5.804186582690E0));
#3069=CARTESIAN_POINT('',(-5.646016603911E0,1.010539646677E1,4.402070102482E0));
#3070=CARTESIAN_POINT('',(-5.874482499534E0,9.938729258912E0,4.580199739554E0));
#3071=CARTESIAN_POINT('',(-6.102948395157E0,9.772062051053E0,4.758329376626E0));
#3072=CARTESIAN_POINT('',(-6.331414290780E0,9.605394843195E0,4.936459013699E0));
#3073=CARTESIAN_POINT('',(-6.225822155575E0,1.008218449423E1,3.534807373248E0));
#3074=CARTESIAN_POINT('',(-6.477749865773E0,9.915517286371E0,3.677843249520E0));
#3075=CARTESIAN_POINT('',(-6.729677575970E0,9.748850078511E0,3.820879125791E0));
#3076=CARTESIAN_POINT('',(-6.981605286168E0,9.582182870652E0,3.963915002063E0));
#3077=CARTESIAN_POINT('',(-6.673434058090E0,1.005897252168E1,2.592489643400E0));
#3078=CARTESIAN_POINT('',(-6.943474370742E0,9.892305313823E0,2.697394660481E0));
#3079=CARTESIAN_POINT('',(-7.213514683395E0,9.725638105966E0,2.802299677562E0));
#3080=CARTESIAN_POINT('',(-7.483554996047E0,9.558970898109E0,2.907204694643E0));
#3081=CARTESIAN_POINT('',(-6.979348112764E0,1.003576054914E1,1.595125261436E0));
#3082=CARTESIAN_POINT('',(-7.261767228631E0,9.869093341282E0,1.659671958169E0));
#3083=CARTESIAN_POINT('',(-7.544186344497E0,9.702426133424E0,1.724218654903E0));
#3084=CARTESIAN_POINT('',(-7.826605460364E0,9.535758925566E0,1.788765351636E0));
#3085=CARTESIAN_POINT('',(-7.137068808771E0,1.001254857660E1,
5.638913881999E-1));
#3086=CARTESIAN_POINT('',(-7.425870087957E0,9.845881368741E0,
5.867092366189E-1));
#3087=CARTESIAN_POINT('',(-7.714671367143E0,9.679214160882E0,
6.095270850379E-1));
#3088=CARTESIAN_POINT('',(-8.003472646330E0,9.512546953023E0,
6.323449334568E-1));
#3089=CARTESIAN_POINT('',(-7.143247243133E0,9.989336604055E0,
-4.793156603802E-1));
#3090=CARTESIAN_POINT('',(-7.432298532484E0,9.822669396197E0,
-4.987111544634E-1));
#3091=CARTESIAN_POINT('',(-7.721349821835E0,9.656002188338E0,
-5.181066485466E-1));
#3092=CARTESIAN_POINT('',(-8.010401111186E0,9.489334980480E0,
-5.375021426298E-1));
#3093=CARTESIAN_POINT('',(-6.997752228393E0,9.966124631512E0,
-1.512345340469E0));
#3094=CARTESIAN_POINT('',(-7.280916066257E0,9.799457423654E0,
-1.573542350138E0));
#3095=CARTESIAN_POINT('',(-7.564079904120E0,9.632790215795E0,
-1.634739359807E0));
#3096=CARTESIAN_POINT('',(-7.847243741984E0,9.466123007937E0,
-1.695936369476E0));
#3097=CARTESIAN_POINT('',(-6.703673078130E0,9.942912658969E0,
-2.513263205550E0));
#3098=CARTESIAN_POINT('',(-6.974937011838E0,9.776245451111E0,
-2.614962327156E0));
#3099=CARTESIAN_POINT('',(-7.246200945545E0,9.609578243252E0,
-2.716661448763E0));
#3100=CARTESIAN_POINT('',(-7.517464879253E0,9.442911035394E0,
-2.818360570369E0));
#3101=CARTESIAN_POINT('',(-6.267254011186E0,9.919700686426E0,
-3.460816643234E0));
#3102=CARTESIAN_POINT('',(-6.520858260201E0,9.753033478568E0,
-3.600858486794E0));
#3103=CARTESIAN_POINT('',(-6.774462509216E0,9.586366270709E0,
-3.740900330354E0));
#3104=CARTESIAN_POINT('',(-7.028066758230E0,9.419699062851E0,
-3.880942173914E0));
#3105=CARTESIAN_POINT('',(-5.697761567398E0,9.896488713883E0,
-4.334886134594E0));
#3106=CARTESIAN_POINT('',(-5.928321321444E0,9.729821506025E0,
-4.510297174384E0));
#3107=CARTESIAN_POINT('',(-6.158881075491E0,9.563154298166E0,
-4.685708214174E0));
#3108=CARTESIAN_POINT('',(-6.389440829537E0,9.396487090308E0,
-4.861119253964E0));
#3109=CARTESIAN_POINT('',(-5.007287850013E0,9.873276741340E0,
-5.116912454393E0));
#3110=CARTESIAN_POINT('',(-5.209907605417E0,9.706609533482E0,
-5.323968166186E0));
#3111=CARTESIAN_POINT('',(-5.412527360822E0,9.539942325623E0,
-5.531023877979E0));
#3112=CARTESIAN_POINT('',(-5.615147116226E0,9.373275117765E0,
-5.738079589772E0));
#3113=CARTESIAN_POINT('',(-4.210493772571E0,9.850064768797E0,
-5.790290741401E0));
#3114=CARTESIAN_POINT('',(-4.380871279095E0,9.683397560939E0,
-6.024594685749E0));
#3115=CARTESIAN_POINT('',(-4.551248785618E0,9.516730353080E0,
-6.258898630096E0));
#3116=CARTESIAN_POINT('',(-4.721626292142E0,9.350063145222E0,
-6.493202574444E0));
#3117=CARTESIAN_POINT('',(-3.324297761923E0,9.826852796254E0,
-6.340723071455E0));
#3118=CARTESIAN_POINT('',(-3.458815372971E0,9.660185588396E0,
-6.597300243830E0));
#3119=CARTESIAN_POINT('',(-3.593332984019E0,9.493518380537E0,
-6.853877416206E0));
#3120=CARTESIAN_POINT('',(-3.727850595067E0,9.326851172679E0,
-7.110454588581E0));
#3121=CARTESIAN_POINT('',(-2.367516527184E0,9.803640823711E0,
-6.756522047054E0));
#3122=CARTESIAN_POINT('',(-2.463318013742E0,9.636973615853E0,
-7.029924512733E0));
#3123=CARTESIAN_POINT('',(-2.559119500300E0,9.470306407994E0,
-7.303326978412E0));
#3124=CARTESIAN_POINT('',(-2.654920986858E0,9.303639200136E0,
-7.576729444091E0));
#3125=CARTESIAN_POINT('',(-1.360465522231E0,9.780428851168E0,
-7.028858957301E0));
#3126=CARTESIAN_POINT('',(-1.415516719528E0,9.613761643310E0,
-7.313281528034E0));
#3127=CARTESIAN_POINT('',(-1.470567916824E0,9.447094435451E0,
-7.597704098767E0));
#3128=CARTESIAN_POINT('',(-1.525619114121E0,9.280427227593E0,
-7.882126669501E0));
#3129=CARTESIAN_POINT('',(-3.245275851713E-1,9.757216878625E0,
-7.151951239017E0));
#3130=CARTESIAN_POINT('',(-3.376595843491E-1,9.590549670767E0,
-7.441354735305E0));
#3131=CARTESIAN_POINT('',(-3.507915835269E-1,9.423882462908E0,
-7.730758231593E0));
#3132=CARTESIAN_POINT('',(-3.639235827047E-1,9.257215255050E0,
-8.020161727881E0));
#3133=CARTESIAN_POINT('',(7.183010861021E-1,9.734004906082E0,
-7.123185258613E0));
#3134=CARTESIAN_POINT('',(7.473671183999E-1,9.567337698224E0,
-7.411424740351E0));
#3135=CARTESIAN_POINT('',(7.764331506977E-1,9.400670490365E0,
-7.699664222089E0));
#3136=CARTESIAN_POINT('',(8.054991829954E-1,9.234003282507E0,
-7.987903703827E0));
#3137=CARTESIAN_POINT('',(1.745877981885E0,9.710792933539E0,-6.943171807696E0));
#3138=CARTESIAN_POINT('',(1.816524883012E0,9.544125725681E0,-7.224127050443E0));
#3139=CARTESIAN_POINT('',(1.887171784140E0,9.377458517822E0,-7.505082293191E0));
#3140=CARTESIAN_POINT('',(1.957818685267E0,9.210791309964E0,-7.786037535938E0));
#3141=CARTESIAN_POINT('',(2.736384435304E0,9.687580960996E0,-6.615733134056E0));
#3142=CARTESIAN_POINT('',(2.847112150902E0,9.520913753138E0,-6.883438580516E0));
#3143=CARTESIAN_POINT('',(2.957839866500E0,9.354246545279E0,-7.151144026977E0));
#3144=CARTESIAN_POINT('',(3.068567582098E0,9.187579337421E0,-7.418849473437E0));
#3145=CARTESIAN_POINT('',(3.668788900754E0,9.664368988453E0,-6.147821783406E0));
#3146=CARTESIAN_POINT('',(3.817246335590E0,9.497701780595E0,-6.396593210841E0));
#3147=CARTESIAN_POINT('',(3.965703770427E0,9.331034572736E0,-6.645364638275E0));
#3148=CARTESIAN_POINT('',(4.114161205263E0,9.164367364878E0,-6.894136065710E0));
#3149=CARTESIAN_POINT('',(4.523293519304E0,9.641157015910E0,-5.549372975124E0));
#3150=CARTESIAN_POINT('',(4.706328458368E0,9.474489808052E0,-5.773928189154E0));
#3151=CARTESIAN_POINT('',(4.889363397433E0,9.307822600193E0,-5.998483403183E0));
#3152=CARTESIAN_POINT('',(5.072398336497E0,9.141155392335E0,-6.223038617213E0));
#3153=CARTESIAN_POINT('',(5.281754489074E0,9.617945043367E0,-4.833093646513E0));
#3154=CARTESIAN_POINT('',(5.495480528946E0,9.451277835509E0,-5.028664638602E0));
#3155=CARTESIAN_POINT('',(5.709206568818E0,9.284610627650E0,-5.224235630692E0));
#3156=CARTESIAN_POINT('',(5.922932608690E0,9.117943419792E0,-5.419806622781E0));
#3157=CARTESIAN_POINT('',(5.928067314812E0,9.594733070825E0,-4.014192644838E0));
#3158=CARTESIAN_POINT('',(6.167946384146E0,9.428065862967E0,-4.176626832008E0));
#3159=CARTESIAN_POINT('',(6.407825453480E0,9.261398655108E0,-4.339061019178E0));
#3160=CARTESIAN_POINT('',(6.647704522814E0,9.094731447250E0,-4.501495206349E0));
#3161=CARTESIAN_POINT('',(6.448508756634E0,9.571521098282E0,-3.110057795995E0));
#3162=CARTESIAN_POINT('',(6.709447473586E0,9.404853890424E0,-3.235906193130E0));
#3163=CARTESIAN_POINT('',(6.970386190538E0,9.238186682565E0,-3.361754590265E0));
#3164=CARTESIAN_POINT('',(7.231324907491E0,9.071519474707E0,-3.487602987400E0));
#3165=CARTESIAN_POINT('',(6.832028217262E0,9.548309125739E0,-2.139886706662E0));
#3166=CARTESIAN_POINT('',(7.108486037895E0,9.381641917881E0,-2.226477159235E0));
#3167=CARTESIAN_POINT('',(7.384943858528E0,9.214974710022E0,-2.313067611808E0));
#3168=CARTESIAN_POINT('',(7.661401679162E0,9.048307502164E0,-2.399658064381E0));
#3169=CARTESIAN_POINT('',(7.070482380721E0,9.525097153196E0,-1.124279139150E0));
#3170=CARTESIAN_POINT('',(7.356589242057E0,9.358429945338E0,-1.169773061410E0));
#3171=CARTESIAN_POINT('',(7.642696103393E0,9.191762737479E0,-1.215266983670E0));
#3172=CARTESIAN_POINT('',(7.928802964729E0,9.025095529621E0,-1.260760905929E0));
#3173=CARTESIAN_POINT('',(7.158808120369E0,9.501885180653E0,
-8.479961411133E-2));
#3174=CARTESIAN_POINT('',(7.448489080159E0,9.335217972795E0,
-8.823102799930E-2));
#3175=CARTESIAN_POINT('',(7.738170039949E0,9.168550764936E0,
-9.166244188728E-2));
#3176=CARTESIAN_POINT('',(8.027850999739E0,9.001883557078E0,
-9.509385577525E-2));
#3177=CARTESIAN_POINT('',(7.095130004890E0,9.478673208110E0,9.564804715849E-1));
#3178=CARTESIAN_POINT('',(7.382234231612E0,9.312006000252E0,9.951844257028E-1));
#3179=CARTESIAN_POINT('',(7.669338458335E0,9.145338792393E0,1.033888379821E0));
#3180=CARTESIAN_POINT('',(7.956442685057E0,8.978671584535E0,1.072592333938E0));
#3181=CARTESIAN_POINT('',(6.880800119558E0,9.455461235567E0,1.977451489544E0));
#3182=CARTESIAN_POINT('',(7.159231493782E0,9.288794027709E0,2.057469005840E0));
#3183=CARTESIAN_POINT('',(7.437662868005E0,9.122126819850E0,2.137486522135E0));
#3184=CARTESIAN_POINT('',(7.716094242229E0,8.955459611992E0,2.217504038431E0));
#3185=CARTESIAN_POINT('',(6.520369357245E0,9.432249263024E0,2.956435036309E0));
#3186=CARTESIAN_POINT('',(6.784215911285E0,9.265582055166E0,3.076067092997E0));
#3187=CARTESIAN_POINT('',(7.048062465325E0,9.098914847307E0,3.195699149685E0));
#3188=CARTESIAN_POINT('',(7.311909019365E0,8.932247639449E0,3.315331206373E0));
#3189=CARTESIAN_POINT('',(6.021490788748E0,9.409037290481E0,3.872644233574E0));
#3190=CARTESIAN_POINT('',(6.265150236204E0,9.242370082623E0,4.029350668450E0));
#3191=CARTESIAN_POINT('',(6.508809683660E0,9.075702874764E0,4.186057103327E0));
#3192=CARTESIAN_POINT('',(6.752469131116E0,8.909035666906E0,4.342763538203E0));
#3193=CARTESIAN_POINT('',(5.394757164199E0,9.385825317938E0,4.706625098533E0));
#3194=CARTESIAN_POINT('',(5.613055853992E0,9.219158110080E0,4.897078544552E0));
#3195=CARTESIAN_POINT('',(5.831354543786E0,9.052490902221E0,5.087531990572E0));
#3196=CARTESIAN_POINT('',(6.049653233579E0,8.885823694363E0,5.277985436591E0));
#3197=CARTESIAN_POINT('',(4.653475995890E0,9.362613345395E0,5.440669612693E0));
#3198=CARTESIAN_POINT('',(4.841778765036E0,9.195946137537E0,5.660826148363E0));
#3199=CARTESIAN_POINT('',(5.030081534182E0,9.029278929678E0,5.880982684033E0));
#3200=CARTESIAN_POINT('',(5.218384303328E0,8.862611721820E0,6.101139219703E0));
#3201=CARTESIAN_POINT('',(3.813386998230E0,9.339401372852E0,6.059191718418E0));
#3202=CARTESIAN_POINT('',(3.967695590823E0,9.172734164994E0,6.304376732883E0));
#3203=CARTESIAN_POINT('',(4.122004183417E0,9.006066957135E0,6.549561747347E0));
#3204=CARTESIAN_POINT('',(4.276312776010E0,8.839399749277E0,6.794746761812E0));
#3205=CARTESIAN_POINT('',(2.892327884446E0,9.316189400309E0,6.549058259603E0));
#3206=CARTESIAN_POINT('',(3.009365847122E0,9.149522192451E0,6.814065709232E0));
#3207=CARTESIAN_POINT('',(3.126403809797E0,8.982854984592E0,7.079073158861E0));
#3208=CARTESIAN_POINT('',(3.243441772473E0,8.816187776734E0,7.344080608490E0));
#3209=CARTESIAN_POINT('',(1.909855616218E0,9.292977427766E0,6.899867839605E0));
#3210=CARTESIAN_POINT('',(1.987137867490E0,9.126310219908E0,7.179070788559E0));
#3211=CARTESIAN_POINT('',(2.064420118762E0,8.959643012049E0,7.458273737512E0));
#3212=CARTESIAN_POINT('',(2.141702370034E0,8.792975804191E0,7.737476686466E0));
#3213=CARTESIAN_POINT('',(8.868311483053E-1,9.269765455223E0,7.104171675376E0));
#3214=CARTESIAN_POINT('',(9.227167446075E-1,9.103098247365E0,7.391641773028E0));
#3215=CARTESIAN_POINT('',(9.586023409097E-1,8.936431039506E0,7.679111870680E0));
#3216=CARTESIAN_POINT('',(9.944879372120E-1,8.769763831648E0,7.966581968332E0));
#3217=CARTESIAN_POINT('',(-1.550235146792E-1,9.246553482680E0,
7.157631758390E0));
#3218=CARTESIAN_POINT('',(-1.612965366358E-1,9.079886274822E0,
7.447265116727E0));
#3219=CARTESIAN_POINT('',(-1.675695585924E-1,8.913219066963E0,
7.736898475064E0));
#3220=CARTESIAN_POINT('',(-1.738425805490E-1,8.746551859105E0,
8.026531833401E0));
#3221=CARTESIAN_POINT('',(-1.193586544270E0,9.223341510137E0,7.059112964116E0));
#3222=CARTESIAN_POINT('',(-1.241884988637E0,9.056674302279E0,7.344759762344E0));
#3223=CARTESIAN_POINT('',(-1.290183433004E0,8.890007094420E0,7.630406560572E0));
#3224=CARTESIAN_POINT('',(-1.338481877371E0,8.723339886562E0,7.916053358799E0));
#3225=CARTESIAN_POINT('',(-2.206806003660E0,9.200129537594E0,6.810707154255E0));
#3226=CARTESIAN_POINT('',(-2.296104343616E0,9.033462329736E0,7.086302218702E0));
#3227=CARTESIAN_POINT('',(-2.385402683571E0,8.866795121877E0,7.361897283149E0));
#3228=CARTESIAN_POINT('',(-2.474701023527E0,8.700127914019E0,7.637492347595E0));
#3229=CARTESIAN_POINT('',(-3.173168079190E0,9.176917565051E0,6.417688759984E0));
#3230=CARTESIAN_POINT('',(-3.301570232076E0,9.010250357193E0,6.677380346679E0));
#3231=CARTESIAN_POINT('',(-3.429972384962E0,8.843583149334E0,6.937071933375E0));
#3232=CARTESIAN_POINT('',(-3.558374537848E0,8.676915941476E0,7.196763520070E0));
#3233=CARTESIAN_POINT('',(-4.072153885809E0,9.153705592508E0,5.888402789306E0));
#3234=CARTESIAN_POINT('',(-4.236933472888E0,8.987038384650E0,6.126676834784E0));
#3235=CARTESIAN_POINT('',(-4.401713059967E0,8.820371176791E0,6.364950880261E0));
#3236=CARTESIAN_POINT('',(-4.566492647046E0,8.653703968933E0,6.603224925739E0));
#3237=CARTESIAN_POINT('',(-4.884675147086E0,9.130493619965E0,5.234087636470E0));
#3238=CARTESIAN_POINT('',(-5.082333383077E0,8.963826412107E0,5.445884838555E0));
#3239=CARTESIAN_POINT('',(-5.279991619068E0,8.797159204248E0,5.657682040640E0));
#3240=CARTESIAN_POINT('',(-5.477649855059E0,8.630491996390E0,5.869479242725E0));
#3241=CARTESIAN_POINT('',(-5.593479498940E0,9.107281647422E0,4.468636455760E0));
#3242=CARTESIAN_POINT('',(-5.819819482157E0,8.940614439564E0,4.649459698357E0));
#3243=CARTESIAN_POINT('',(-6.046159465375E0,8.773947231705E0,4.830282940955E0));
#3244=CARTESIAN_POINT('',(-6.272499448592E0,8.607280023847E0,5.011106183552E0));
#3245=CARTESIAN_POINT('',(-6.183516811210E0,9.084069674879E0,3.608302166435E0));
#3246=CARTESIAN_POINT('',(-6.433732636893E0,8.917402467021E0,3.754312007348E0));
#3247=CARTESIAN_POINT('',(-6.683948462577E0,8.750735259162E0,3.900321848262E0));
#3248=CARTESIAN_POINT('',(-6.934164288260E0,8.584068051304E0,4.046331689175E0));
#3249=CARTESIAN_POINT('',(-6.642258748922E0,9.060857702336E0,2.671352352495E0));
#3250=CARTESIAN_POINT('',(-6.911037553607E0,8.894190494478E0,2.779448546777E0));
#3251=CARTESIAN_POINT('',(-7.179816358292E0,8.727523286619E0,2.887544741059E0));
#3252=CARTESIAN_POINT('',(-7.448595162977E0,8.560856078761E0,2.995640935341E0));
#3253=CARTESIAN_POINT('',(-6.959964787975E0,9.037645729793E0,1.677681384816E0));
#3254=CARTESIAN_POINT('',(-7.241599558175E0,8.870978521935E0,1.745568712651E0));
#3255=CARTESIAN_POINT('',(-7.523234328375E0,8.704311314076E0,1.813456040486E0));
#3256=CARTESIAN_POINT('',(-7.804869098575E0,8.537644106218E0,1.881343368321E0));
#3257=CARTESIAN_POINT('',(-7.129889036885E0,9.014433757250E0,
6.483880015231E-1));
#3258=CARTESIAN_POINT('',(-7.418399786813E0,8.847766549392E0,
6.746250029121E-1));
#3259=CARTESIAN_POINT('',(-7.706910536742E0,8.681099341533E0,
7.008620043011E-1));
#3260=CARTESIAN_POINT('',(-7.995421286670E0,8.514432133675E0,
7.270990056901E-1));
#3261=CARTESIAN_POINT('',(-7.148423473132E0,8.991221784708E0,
-3.946726841186E-1));
#3262=CARTESIAN_POINT('',(-7.437684218477E0,8.824554576850E0,
-4.106431026598E-1));
#3263=CARTESIAN_POINT('',(-7.726944963823E0,8.657887368991E0,
-4.266135212010E-1));
#3264=CARTESIAN_POINT('',(-8.016205709168E0,8.491220161133E0,
-4.425839397423E-1));
#3265=CARTESIAN_POINT('',(-7.015174552747E0,8.968009812165E0,
-1.429353236016E0));
#3266=CARTESIAN_POINT('',(-7.299043384452E0,8.801342604307E0,
-1.487191972622E0));
#3267=CARTESIAN_POINT('',(-7.582912216158E0,8.634675396448E0,
-1.545030709228E0));
#3268=CARTESIAN_POINT('',(-7.866781047864E0,8.468008188590E0,
-1.602869445834E0));
#3269=CARTESIAN_POINT('',(-6.732971566478E0,8.944797839622E0,
-2.433684154488E0));
#3270=CARTESIAN_POINT('',(-7.005421062654E0,8.778130631764E0,
-2.532163112136E0));
#3271=CARTESIAN_POINT('',(-7.277870558831E0,8.611463423905E0,
-2.630642069785E0));
#3272=CARTESIAN_POINT('',(-7.550320055007E0,8.444796216047E0,
-2.729121027433E0));
#3273=CARTESIAN_POINT('',(-6.307806565115E0,8.921585867079E0,
-3.386340357362E0));
#3274=CARTESIAN_POINT('',(-6.563051772031E0,8.754918659221E0,
-3.523368520208E0));
#3275=CARTESIAN_POINT('',(-6.818296978946E0,8.588251451362E0,
-3.660396683053E0));
#3276=CARTESIAN_POINT('',(-7.073542185862E0,8.421584243504E0,
-3.797424845899E0));
#3277=CARTESIAN_POINT('',(-5.748707129532E0,8.898373894536E0,
-4.267093978070E0));
#3278=CARTESIAN_POINT('',(-5.981328394250E0,8.731706686678E0,
-4.439761810242E0));
#3279=CARTESIAN_POINT('',(-6.213949658968E0,8.565039478819E0,
-4.612429642415E0));
#3280=CARTESIAN_POINT('',(-6.446570923686E0,8.398372270961E0,
-4.785097474587E0));
#3281=CARTESIAN_POINT('',(-5.067544686952E0,8.875161921993E0,
-5.057243866431E0));
#3282=CARTESIAN_POINT('',(-5.272602733489E0,8.708494714135E0,
-5.261885090569E0));
#3283=CARTESIAN_POINT('',(-5.477660780026E0,8.541827506276E0,
-5.466526314706E0));
#3284=CARTESIAN_POINT('',(-5.682718826564E0,8.375160298418E0,
-5.671167538844E0));
#3285=CARTESIAN_POINT('',(-4.278782443471E0,8.851949949450E0,
-5.740012672482E0));
#3286=CARTESIAN_POINT('',(-4.451923249052E0,8.685282741592E0,
-5.972282116252E0));
#3287=CARTESIAN_POINT('',(-4.625064054633E0,8.518615533733E0,
-6.204551560021E0));
#3288=CARTESIAN_POINT('',(-4.798204860213E0,8.351948325875E0,
-6.436821003791E0));
#3289=CARTESIAN_POINT('',(-3.399168285017E0,8.828737976907E0,
-6.300903082015E0));
#3290=CARTESIAN_POINT('',(-3.536715529577E0,8.662070769049E0,
-6.555868939690E0));
#3291=CARTESIAN_POINT('',(-3.674262774137E0,8.495403561190E0,
-6.810834797365E0));
#3292=CARTESIAN_POINT('',(-3.811810018697E0,8.328736353332E0,
-7.065800655040E0));
#3293=CARTESIAN_POINT('',(-2.447379167428E0,8.805526004364E0,
-6.728005639835E0));
#3294=CARTESIAN_POINT('',(-2.546412293371E0,8.638858796506E0,
-7.000254189936E0));
#3295=CARTESIAN_POINT('',(-2.645445419315E0,8.472191588647E0,
-7.272502740037E0));
#3296=CARTESIAN_POINT('',(-2.744478545258E0,8.305524380789E0,
-7.544751290137E0));
#3297=CARTESIAN_POINT('',(-1.443624546342E0,8.782314031821E0,
-7.012251624693E0));
#3298=CARTESIAN_POINT('',(-1.502040771100E0,8.615646823963E0,
-7.296002180201E0));
#3299=CARTESIAN_POINT('',(-1.560456995859E0,8.448979616104E0,
-7.579752735709E0));
#3300=CARTESIAN_POINT('',(-1.618873220617E0,8.282312408246E0,
-7.863503291217E0));
#3301=CARTESIAN_POINT('',(-4.092172673407E-1,8.759102059278E0,
-7.147605606560E0));
#3302=CARTESIAN_POINT('',(-4.257762320137E-1,8.592434851420E0,
-7.436833256959E0));
#3303=CARTESIAN_POINT('',(-4.423351966867E-1,8.425767643561E0,
-7.726060907357E0));
#3304=CARTESIAN_POINT('',(-4.588941613596E-1,8.259100435703E0,
-8.015288557756E0));
#3305=CARTESIAN_POINT('',(6.338789723333E-1,8.735890086735E0,
-7.131193597656E0));
#3306=CARTESIAN_POINT('',(6.595288662834E-1,8.569222878877E0,
-7.419757136598E0));
#3307=CARTESIAN_POINT('',(6.851787602334E-1,8.402555671018E0,
-7.708320675539E0));
#3308=CARTESIAN_POINT('',(7.108286541835E-1,8.235888463160E0,
-7.996884214481E0));
#3309=CARTESIAN_POINT('',(1.663515981664E0,8.712678114192E0,-6.963364076189E0));
#3310=CARTESIAN_POINT('',(1.730830106877E0,8.546010906334E0,-7.245136398487E0));
#3311=CARTESIAN_POINT('',(1.798144232091E0,8.379343698475E0,-7.526908720784E0));
#3312=CARTESIAN_POINT('',(1.865458357304E0,8.212676490617E0,-7.808681043082E0));
#3313=CARTESIAN_POINT('',(2.657831351131E0,8.689466141649E0,-6.647680587074E0));
#3314=CARTESIAN_POINT('',(2.765380418491E0,8.522798933791E0,-6.916678786280E0));
#3315=CARTESIAN_POINT('',(2.872929485851E0,8.356131725932E0,-7.185676985486E0));
#3316=CARTESIAN_POINT('',(2.980478553211E0,8.189464518074E0,-7.454675184692E0));
#3317=CARTESIAN_POINT('',(3.595712659947E0,8.666254169106E0,-6.190846076742E0));
#3318=CARTESIAN_POINT('',(3.741213066851E0,8.499586961248E0,-6.441358480940E0));
#3319=CARTESIAN_POINT('',(3.886713473755E0,8.332919753389E0,-6.691870885137E0));
#3320=CARTESIAN_POINT('',(4.032213880660E0,8.166252545531E0,-6.942383289335E0));
#3321=CARTESIAN_POINT('',(4.457245758692E0,8.643042196563E0,-5.602560568654E0));
#3322=CARTESIAN_POINT('',(4.637608077068E0,8.476374988705E0,-5.829268017089E0));
#3323=CARTESIAN_POINT('',(4.817970395444E0,8.309707780846E0,-6.055975465525E0));
#3324=CARTESIAN_POINT('',(4.998332713820E0,8.143040572988E0,-6.282682913960E0));
#3325=CARTESIAN_POINT('',(5.224137608897E0,8.619830224020E0,-4.895315201509E0));
#3326=CARTESIAN_POINT('',(5.435532183409E0,8.453163016162E0,-5.093403986989E0));
#3327=CARTESIAN_POINT('',(5.646926757921E0,8.286495808303E0,-5.291492772469E0));
#3328=CARTESIAN_POINT('',(5.858321332433E0,8.119828600445E0,-5.489581557949E0));
#3329=CARTESIAN_POINT('',(5.880104701388E0,8.596618251477E0,-4.084127003354E0));
#3330=CARTESIAN_POINT('',(6.118042964982E0,8.429951043619E0,-4.249391082282E0));
#3331=CARTESIAN_POINT('',(6.355981228576E0,8.263283835760E0,-4.414655161210E0));
#3332=CARTESIAN_POINT('',(6.593919492171E0,8.096616627902E0,-4.579919240138E0));
#3333=CARTESIAN_POINT('',(6.411218806046E0,8.573406278934E0,-3.186220033177E0));
#3334=CARTESIAN_POINT('',(6.670648586246E0,8.406739071076E0,-3.315150332997E0));
#3335=CARTESIAN_POINT('',(6.930078366446E0,8.240071863217E0,-3.444080632816E0));
#3336=CARTESIAN_POINT('',(7.189508146645E0,8.073404655359E0,-3.573010932636E0));
#3337=CARTESIAN_POINT('',(6.806202711626E0,8.550194306391E0,-2.220659660341E0));
#3338=CARTESIAN_POINT('',(7.081615503934E0,8.383527098533E0,-2.310518588107E0));
#3339=CARTESIAN_POINT('',(7.357028296242E0,8.216859890674E0,-2.400377515872E0));
#3340=CARTESIAN_POINT('',(7.632441088551E0,8.050192682816E0,-2.490236443638E0));
#3341=CARTESIAN_POINT('',(7.056669676181E0,8.526982333848E0,-1.207947747246E0));
#3342=CARTESIAN_POINT('',(7.342217606835E0,8.360315125990E0,-1.256827317268E0));
#3343=CARTESIAN_POINT('',(7.627765537489E0,8.193647918131E0,-1.305706887291E0));
#3344=CARTESIAN_POINT('',(7.913313468142E0,8.026980710273E0,-1.354586457313E0));
#3345=CARTESIAN_POINT('',(7.157301503783E0,8.503770361305E0,
-1.695873307564E-1));
#3346=CARTESIAN_POINT('',(7.446921498377E0,8.337103153447E0,
-1.764496771017E-1));
#3347=CARTESIAN_POINT('',(7.736541492972E0,8.170435945588E0,
-1.833120234471E-1));
#3348=CARTESIAN_POINT('',(8.026161487566E0,8.003768737730E0,
-1.901743697924E-1));
#3349=CARTESIAN_POINT('',(7.105961466434E0,8.480558388762E0,8.723739544282E-1));
#3350=CARTESIAN_POINT('',(7.393503987929E0,8.313891180904E0,9.076745408059E-1));
#3351=CARTESIAN_POINT('',(7.681046509424E0,8.147223973045E0,9.429751271836E-1));
#3352=CARTESIAN_POINT('',(7.968589030918E0,7.980556765187E0,9.782757135613E-1));
#3353=CARTESIAN_POINT('',(6.903739673474E0,8.457346416219E0,1.895812015920E0));
#3354=CARTESIAN_POINT('',(7.183099296071E0,8.290679208361E0,1.972525993320E0));
#3355=CARTESIAN_POINT('',(7.462458918669E0,8.124012000502E0,2.049239970719E0));
#3356=CARTESIAN_POINT('',(7.741818541266E0,7.957344792644E0,2.125953948119E0));
#3357=CARTESIAN_POINT('',(6.554929925157E0,8.434134443676E0,2.878996067224E0));
#3358=CARTESIAN_POINT('',(6.820174971560E0,8.267467235818E0,2.995494558308E0));
#3359=CARTESIAN_POINT('',(7.085420017963E0,8.100800027959E0,3.111993049392E0));
#3360=CARTESIAN_POINT('',(7.350665064365E0,7.934132820101E0,3.228491540477E0));
#3361=CARTESIAN_POINT('',(6.066938541859E0,8.410922471133E0,3.801050040202E0));
#3362=CARTESIAN_POINT('',(6.312437031306E0,8.244255263275E0,3.954859418152E0));
#3363=CARTESIAN_POINT('',(6.557935520754E0,8.077588055416E0,4.108668796101E0));
#3364=CARTESIAN_POINT('',(6.803434010201E0,7.910920847558E0,4.262478174051E0));
#3365=CARTESIAN_POINT('',(5.450127104765E0,8.387710498591E0,4.642395849206E0));
#3366=CARTESIAN_POINT('',(5.670666337573E0,8.221043290733E0,4.830250260542E0));
#3367=CARTESIAN_POINT('',(5.891205570381E0,8.054376082874E0,5.018104671878E0));
#3368=CARTESIAN_POINT('',(6.111744803189E0,7.887708875016E0,5.205959083215E0));
#3369=CARTESIAN_POINT('',(4.717592447139E0,8.364498526048E0,5.385169094978E0));
#3370=CARTESIAN_POINT('',(4.908489686597E0,8.197831318190E0,5.603079803833E0));
#3371=CARTESIAN_POINT('',(5.099386926054E0,8.031164110331E0,5.820990512688E0));
#3372=CARTESIAN_POINT('',(5.290284165512E0,7.864496902473E0,6.038901221543E0));
#3373=CARTESIAN_POINT('',(3.884888567651E0,8.341286553505E0,6.013598381647E0));
#3374=CARTESIAN_POINT('',(4.042090469145E0,8.174619345647E0,6.256938463082E0));
#3375=CARTESIAN_POINT('',(4.199292370639E0,8.007952137788E0,6.500278544517E0));
#3376=CARTESIAN_POINT('',(4.356494272134E0,7.841284929930E0,6.743618625952E0));
#3377=CARTESIAN_POINT('',(2.969696370402E0,8.318074580962E0,6.514340192716E0));
#3378=CARTESIAN_POINT('',(3.089865046584E0,8.151407373104E0,6.777942776791E0));
#3379=CARTESIAN_POINT('',(3.210033722765E0,7.984740165245E0,7.041545360866E0));
#3380=CARTESIAN_POINT('',(3.330202398947E0,7.818072957387E0,7.305147944940E0));
#3381=CARTESIAN_POINT('',(1.991448244111E0,8.294862608419E0,6.876762215595E0));
#3382=CARTESIAN_POINT('',(2.072032138668E0,8.128195400561E0,7.155030196154E0));
#3383=CARTESIAN_POINT('',(2.152616033225E0,7.961528192702E0,7.433298176713E0));
#3384=CARTESIAN_POINT('',(2.233199927783E0,7.794860984844E0,7.711566157271E0));
#3385=CARTESIAN_POINT('',(9.709154518121E-1,8.271650635876E0,7.093169098805E0));
#3386=CARTESIAN_POINT('',(1.010203516980E0,8.104983428018E0,7.380193977520E0));
#3387=CARTESIAN_POINT('',(1.049491582148E0,7.938316220159E0,7.667218856236E0));
#3388=CARTESIAN_POINT('',(1.088779647316E0,7.771649012301E0,7.954243734951E0));
#3389=CARTESIAN_POINT('',(-7.023290793846E-2,8.248438663333E0,
7.158965848323E0));
#3390=CARTESIAN_POINT('',(-7.307488049009E-2,8.081771455475E0,
7.448653190570E0));
#3391=CARTESIAN_POINT('',(-7.591685304172E-2,7.915104247616E0,
7.738340532817E0));
#3392=CARTESIAN_POINT('',(-7.875882559335E-2,7.748437039758E0,
8.028027875064E0));
#3393=CARTESIAN_POINT('',(-1.109890003699E0,8.225226690790E0,7.072755393657E0));
#3394=CARTESIAN_POINT('',(-1.154801670016E0,8.058559482932E0,7.358954232395E0));
#3395=CARTESIAN_POINT('',(-1.199713336334E0,7.891892275073E0,7.645153071132E0));
#3396=CARTESIAN_POINT('',(-1.244625002651E0,7.725225067215E0,7.931351909870E0));
#3397=CARTESIAN_POINT('',(-2.125980668219E0,8.202014718247E0,6.836368252016E0));
#3398=CARTESIAN_POINT('',(-2.212008413356E0,8.035347510389E0,7.113001692028E0));
#3399=CARTESIAN_POINT('',(-2.298036158493E0,7.868680302530E0,7.389635132040E0));
#3400=CARTESIAN_POINT('',(-2.384063903630E0,7.702013094672E0,7.666268572052E0));
#3401=CARTESIAN_POINT('',(-3.096930123189E0,8.178802745704E0,6.454823660713E0));
#3402=CARTESIAN_POINT('',(-3.222247309430E0,8.012135537846E0,6.716017910073E0));
#3403=CARTESIAN_POINT('',(-3.347564495672E0,7.845468329987E0,6.977212159433E0));
#3404=CARTESIAN_POINT('',(-3.472881681913E0,7.678801122129E0,7.238406408793E0));
#3405=CARTESIAN_POINT('',(-4.002122079163E0,8.155590773161E0,5.936223003079E0));
#3406=CARTESIAN_POINT('',(-4.164067831249E0,7.988923565303E0,6.176432092099E0));
#3407=CARTESIAN_POINT('',(-4.326013583334E0,7.822256357444E0,6.416641181119E0));
#3408=CARTESIAN_POINT('',(-4.487959335420E0,7.655589149586E0,6.656850270139E0));
#3409=CARTESIAN_POINT('',(-4.822336483778E0,8.132378800618E0,5.291577790795E0));
#3410=CARTESIAN_POINT('',(-5.017472187594E0,7.965711592760E0,5.505701330282E0));
#3411=CARTESIAN_POINT('',(-5.212607891410E0,7.799044384901E0,5.719824869769E0));
#3412=CARTESIAN_POINT('',(-5.407743595226E0,7.632377177043E0,5.933948409256E0));
#3413=CARTESIAN_POINT('',(-5.540157623490E0,8.109166828075E0,4.534575855104E0));
#3414=CARTESIAN_POINT('',(-5.764339938587E0,7.942499620217E0,4.718067333554E0));
#3415=CARTESIAN_POINT('',(-5.988522253685E0,7.775832412358E0,4.901558812004E0));
#3416=CARTESIAN_POINT('',(-6.212704568782E0,7.609165204500E0,5.085050290455E0));
#3417=CARTESIAN_POINT('',(-6.140343913571E0,8.085954855532E0,3.681290711405E0));
#3418=CARTESIAN_POINT('',(-6.388812749223E0,7.919287647674E0,3.830254031642E0));
#3419=CARTESIAN_POINT('',(-6.637281584875E0,7.752620439815E0,3.979217351879E0));
#3420=CARTESIAN_POINT('',(-6.885750420527E0,7.585953231957E0,4.128180672115E0));
#3421=CARTESIAN_POINT('',(-6.610151524552E0,8.062742882989E0,2.749840268321E0));
#3422=CARTESIAN_POINT('',(-6.877631111348E0,7.896075675131E0,2.861112473806E0));
#3423=CARTESIAN_POINT('',(-7.145110698145E0,7.729408467272E0,2.972384679291E0));
#3424=CARTESIAN_POINT('',(-7.412590284941E0,7.562741259414E0,3.083656884775E0));
#3425=CARTESIAN_POINT('',(-6.939604973525E0,8.039530910446E0,1.760002127907E0));
#3426=CARTESIAN_POINT('',(-7.220415884433E0,7.872863702588E0,1.831220562187E0));
#3427=CARTESIAN_POINT('',(-7.501226795341E0,7.706196494729E0,1.902438996467E0));
#3428=CARTESIAN_POINT('',(-7.782037706249E0,7.539529286871E0,1.973657430747E0));
#3429=CARTESIAN_POINT('',(-7.121708934805E0,8.016318937903E0,
7.327936453947E-1));
#3430=CARTESIAN_POINT('',(-7.409888677144E0,7.849651730045E0,
7.624461186775E-1));
#3431=CARTESIAN_POINT('',(-7.698068419482E0,7.682984522186E0,
7.920985919603E-1));
#3432=CARTESIAN_POINT('',(-7.986248161821E0,7.516317314328E0,
8.217510652431E-1));
#3433=CARTESIAN_POINT('',(-7.152596772537E0,7.993106965360E0,
-3.099743349051E-1));
#3434=CARTESIAN_POINT('',(-7.442026390320E0,7.826439757502E0,
-3.225174372394E-1));
#3435=CARTESIAN_POINT('',(-7.731456008103E0,7.659772549643E0,
-3.350605395738E-1));
#3436=CARTESIAN_POINT('',(-8.020885625886E0,7.493105341785E0,
-3.476036419081E-1));
#3437=CARTESIAN_POINT('',(-7.031612641457E0,7.969894992817E0,
-1.346160591948E0));
#3438=CARTESIAN_POINT('',(-7.316146639938E0,7.803227784959E0,
-1.400632940662E0));
#3439=CARTESIAN_POINT('',(-7.600680638420E0,7.636560577100E0,
-1.455105289375E0));
#3440=CARTESIAN_POINT('',(-7.885214636901E0,7.469893369242E0,
-1.509577638089E0));
#3441=CARTESIAN_POINT('',(-6.761325412530E0,7.946683020274E0,
-2.353763655231E0));
#3442=CARTESIAN_POINT('',(-7.034922246252E0,7.780015812416E0,
-2.449008632230E0));
#3443=CARTESIAN_POINT('',(-7.308519079974E0,7.613348604557E0,
-2.544253609230E0));
#3444=CARTESIAN_POINT('',(-7.582115913696E0,7.446681396699E0,
-2.639498586229E0));
#3445=CARTESIAN_POINT('',(-6.347474127801E0,7.923471047731E0,
-3.311388964727E0));
#3446=CARTESIAN_POINT('',(-6.604324481472E0,7.756803839873E0,
-3.445384221676E0));
#3447=CARTESIAN_POINT('',(-6.861174835144E0,7.590136632014E0,
-3.579379478626E0));
#3448=CARTESIAN_POINT('',(-7.118025188815E0,7.423469424156E0,
-3.713374735575E0));
#3449=CARTESIAN_POINT('',(-5.798846142604E0,7.900259075188E0,
-4.198703144213E0));
#3450=CARTESIAN_POINT('',(-6.033496281010E0,7.733591867330E0,
-4.368603543307E0));
#3451=CARTESIAN_POINT('',(-6.268146419415E0,7.566924659471E0,
-4.538503942401E0));
#3452=CARTESIAN_POINT('',(-6.502796557821E0,7.400257451613E0,
-4.708404341495E0));
#3453=CARTESIAN_POINT('',(-5.127090542566E0,7.877047102645E0,
-4.996865742357E0));
#3454=CARTESIAN_POINT('',(-5.334558110397E0,7.710379894787E0,
-5.199063767482E0));
#3455=CARTESIAN_POINT('',(-5.542025678228E0,7.543712686928E0,
-5.401261792608E0));
#3456=CARTESIAN_POINT('',(-5.749493246059E0,7.377045479070E0,
-5.603459817733E0));
#3457=CARTESIAN_POINT('',(-4.346470797136E0,7.853835130102E0,
-5.688929274342E0));
#3458=CARTESIAN_POINT('',(-4.522350609954E0,7.687167922244E0,
-5.919131629910E0));
#3459=CARTESIAN_POINT('',(-4.698230422773E0,7.520500714385E0,
-6.149333985478E0));
#3460=CARTESIAN_POINT('',(-4.874110235591E0,7.353833506527E0,
-6.379536341046E0));
#3461=CARTESIAN_POINT('',(-3.473561901577E0,7.830623157559E0,
-6.260199069896E0));
#3462=CARTESIAN_POINT('',(-3.614119481640E0,7.663955949701E0,
-6.513517840920E0));
#3463=CARTESIAN_POINT('',(-3.754677061704E0,7.497288741842E0,
-6.766836611943E0));
#3464=CARTESIAN_POINT('',(-3.895234641767E0,7.330621533984E0,
-7.020155382967E0));
#3465=CARTESIAN_POINT('',(-2.526898438053E0,7.807411185016E0,
-6.698545287044E0));
#3466=CARTESIAN_POINT('',(-2.629149308941E0,7.640743977158E0,
-6.969601724837E0));
#3467=CARTESIAN_POINT('',(-2.731400179829E0,7.474076769299E0,
-7.240658162629E0));
#3468=CARTESIAN_POINT('',(-2.833651050717E0,7.307409561441E0,
-7.511714600422E0));
#3469=CARTESIAN_POINT('',(-1.526581028560E0,7.784199212474E0,
-6.994660466530E0));
#3470=CARTESIAN_POINT('',(-1.588354084928E0,7.617532004616E0,
-7.277699196341E0));
#3471=CARTESIAN_POINT('',(-1.650127141297E0,7.450864796757E0,
-7.560737926152E0));
#3472=CARTESIAN_POINT('',(-1.711900197665E0,7.284197588899E0,
-7.843776655963E0));
#3473=CARTESIAN_POINT('',(-4.938495359399E-1,7.760987239931E0,
-7.142257158259E0));
#3474=CARTESIAN_POINT('',(-5.138331428696E-1,7.594320032073E0,
-7.431268383855E0));
#3475=CARTESIAN_POINT('',(-5.338167497994E-1,7.427652824214E0,
-7.720279609450E0));
#3476=CARTESIAN_POINT('',(-5.538003567291E-1,7.260985616356E0,
-8.009290835046E0));
#3477=CARTESIAN_POINT('',(5.493679247455E-1,7.737775267388E0,
-7.138201423463E0));
#3478=CARTESIAN_POINT('',(5.715980816434E-1,7.571108059530E0,
-7.427048533869E0));
#3479=CARTESIAN_POINT('',(5.938282385414E-1,7.404440851671E0,
-7.715895644276E0));
#3480=CARTESIAN_POINT('',(6.160583954393E-1,7.237773643813E0,
-8.004742754682E0));
#3481=CARTESIAN_POINT('',(1.580920588565E0,7.714563294845E0,-6.982579378138E0));
#3482=CARTESIAN_POINT('',(1.644892493629E0,7.547896086987E0,-7.265129247063E0));
#3483=CARTESIAN_POINT('',(1.708864398692E0,7.381228879128E0,-7.547679115988E0));
#3484=CARTESIAN_POINT('',(1.772836303756E0,7.214561671270E0,-7.830228984913E0));
#3485=CARTESIAN_POINT('',(2.578905370726E0,7.691351322302E0,-6.678695364053E0));
#3486=CARTESIAN_POINT('',(2.683260700613E0,7.524684114444E0,-6.948948575296E0));
#3487=CARTESIAN_POINT('',(2.787616030500E0,7.358016906585E0,-7.219201786540E0));
#3488=CARTESIAN_POINT('',(2.891971360387E0,7.191349698727E0,-7.489454997783E0));
#3489=CARTESIAN_POINT('',(3.522131937143E0,7.668139349759E0,-6.233001789052E0));
#3490=CARTESIAN_POINT('',(3.664654902266E0,7.501472141901E0,-6.485220022907E0));
#3491=CARTESIAN_POINT('',(3.807177867388E0,7.334804934042E0,-6.737438256762E0));
#3492=CARTESIAN_POINT('',(3.949700832511E0,7.168137726184E0,-6.989656490617E0));
#3493=CARTESIAN_POINT('',(4.390572642649E0,7.644927377216E0,-5.654962115566E0));
#3494=CARTESIAN_POINT('',(4.568237035348E0,7.478260169358E0,-5.883789991054E0));
#3495=CARTESIAN_POINT('',(4.745901428047E0,7.311592961499E0,-6.112617866543E0));
#3496=CARTESIAN_POINT('',(4.923565820745E0,7.144925753641E0,-6.341445742031E0));
#3497=CARTESIAN_POINT('',(5.165787775851E0,7.621715404673E0,-4.956849946814E0));
#3498=CARTESIAN_POINT('',(5.374821226087E0,7.455048196815E0,-5.157428733951E0));
#3499=CARTESIAN_POINT('',(5.583854676323E0,7.288380988956E0,-5.358007521087E0));
#3500=CARTESIAN_POINT('',(5.792888126560E0,7.121713781098E0,-5.558586308224E0));
#3501=CARTESIAN_POINT('',(5.831317108951E0,7.598503432130E0,-4.153488326333E0));
#3502=CARTESIAN_POINT('',(6.067281184054E0,7.431836224272E0,-4.321559109153E0));
#3503=CARTESIAN_POINT('',(6.303245259157E0,7.265169016413E0,-4.489629891973E0));
#3504=CARTESIAN_POINT('',(6.539209334260E0,7.098501808555E0,-4.657700674793E0));
#3505=CARTESIAN_POINT('',(6.373029335773E0,7.575291459587E0,-3.261935347566E0));
#3506=CARTESIAN_POINT('',(6.630913780183E0,7.408624251729E0,-3.393929465353E0));
#3507=CARTESIAN_POINT('',(6.888798224593E0,7.241957043870E0,-3.525923583141E0));
#3508=CARTESIAN_POINT('',(7.146682669003E0,7.075289836012E0,-3.657917700928E0));
#3509=CARTESIAN_POINT('',(6.779422362461E0,7.552079487044E0,-2.301120654406E0));
#3510=CARTESIAN_POINT('',(7.053751488729E0,7.385412279186E0,-2.394235433927E0));
#3511=CARTESIAN_POINT('',(7.328080614997E0,7.218745071327E0,-2.487350213448E0));
#3512=CARTESIAN_POINT('',(7.602409741265E0,7.052077863469E0,-2.580464992969E0));
#3513=CARTESIAN_POINT('',(6.954385214907E0,7.536604838682E0,-1.628005796840E0));
#3514=CARTESIAN_POINT('',(7.235794207847E0,7.369937630824E0,-1.693883003471E0));
#3515=CARTESIAN_POINT('',(7.517203200787E0,7.203270422965E0,-1.759760210101E0));
#3516=CARTESIAN_POINT('',(7.798612193727E0,7.036603215107E0,-1.825637416732E0));
#3517=CARTESIAN_POINT('',(7.016946776179E0,7.528867514501E0,-1.286876637335E0));
#3518=CARTESIAN_POINT('',(7.300887320854E0,7.362200306643E0,-1.338950062571E0));
#3519=CARTESIAN_POINT('',(7.584827865528E0,7.195533098784E0,-1.391023487807E0));
#3520=CARTESIAN_POINT('',(7.868768410203E0,7.028865890926E0,-1.443096913043E0));
#3521=B_SPLINE_SURFACE_WITH_KNOTS('',3,3,((#2997,#2998,#2999,#3000),(#3001,
#3002,#3003,#3004),(#3005,#3006,#3007,#3008),(#3009,#3010,#3011,#3012),(#3013,
#3014,#3015,#3016),(#3017,#3018,#3019,#3020),(#3021,#3022,#3023,#3024),(#3025,
#3026,#3027,#3028),(#3029,#3030,#3031,#3032),(#3033,#3034,#3035,#3036),(#3037,
#3038,#3039,#3040),(#3041,#3042,#3043,#3044),(#3045,#3046,#3047,#3048),(#3049,
#3050,#3051,#3052),(#3053,#3054,#3055,#3056),(#3057,#3058,#3059,#3060),(#3061,
#3062,#3063,#3064),(#3065,#3066,#3067,#3068),(#3069,#3070,#3071,#3072),(#3073,
#3074,#3075,#3076),(#3077,#3078,#3079,#3080),(#3081,#3082,#3083,#3084),(#3085,
#3086,#3087,#3088),(#3089,#3090,#3091,#3092),(#3093,#3094,#3095,#3096),(#3097,
#3098,#3099,#3100),(#3101,#3102,#3103,#3104),(#3105,#3106,#3107,#3108),(#3109,
#3110,#3111,#3112),(#3113,#3114,#3115,#3116),(#3117,#3118,#3119,#3120),(#3121,
#3122,#3123,#3124),(#3125,#3126,#3127,#3128),(#3129,#3130,#3131,#3132),(#3133,
#3134,#3135,#3136),(#3137,#3138,#3139,#3140),(#3141,#3142,#3143,#3144),(#3145,
#3146,#3147,#3148),(#3149,#3150,#3151,#3152),(#3153,#3154,#3155,#3156),(#3157,
#3158,#3159,#3160),(#3161,#3162,#3163,#3164),(#3165,#3166,#3167,#3168),(#3169,
#3170,#3171,#3172),(#3173,#3174,#3175,#3176),(#3177,#3178,#3179,#3180),(#3181,
#3182,#3183,#3184),(#3185,#3186,#3187,#3188),(#3189,#3190,#3191,#3192),(#3193,
#3194,#3195,#3196),(#3197,#3198,#3199,#3200),(#3201,#3202,#3203,#3204),(#3205,
#3206,#3207,#3208),(#3209,#3210,#3211,#3212),(#3213,#3214,#3215,#3216),(#3217,
#3218,#3219,#3220),(#3221,#3222,#3223,#3224),(#3225,#3226,#3227,#3228),(#3229,
#3230,#3231,#3232),(#3233,#3234,#3235,#3236),(#3237,#3238,#3239,#3240),(#3241,
#3242,#3243,#3244),(#3245,#3246,#3247,#3248),(#3249,#3250,#3251,#3252),(#3253,
#3254,#3255,#3256),(#3257,#3258,#3259,#3260),(#3261,#3262,#3263,#3264),(#3265,
#3266,#3267,#3268),(#3269,#3270,#3271,#3272),(#3273,#3274,#3275,#3276),(#3277,
#3278,#3279,#3280),(#3281,#3282,#3283,#3284),(#3285,#3286,#3287,#3288),(#3289,
#3290,#3291,#3292),(#3293,#3294,#3295,#3296),(#3297,#3298,#3299,#3300),(#3301,
#3302,#3303,#3304),(#3305,#3306,#3307,#3308),(#3309,#3310,#3311,#3312),(#3313,
#3314,#3315,#3316),(#3317,#3318,#3319,#3320),(#3321,#3322,#3323,#3324),(#3325,
#3326,#3327,#3328),(#3329,#3330,#3331,#3332),(#3333,#3334,#3335,#3336),(#3337,
#3338,#3339,#3340),(#3341,#3342,#3343,#3344),(#3345,#3346,#3347,#3348),(#3349,
#3350,#3351,#3352),(#3353,#3354,#3355,#3356),(#3357,#3358,#3359,#3360),(#3361,
#3362,#3363,#3364),(#3365,#3366,#3367,#3368),(#3369,#3370,#3371,#3372),(#3373,
#3374,#3375,#3376),(#3377,#3378,#3379,#3380),(#3381,#3382,#3383,#3384),(#3385,
#3386,#3387,#3388),(#3389,#3390,#3391,#3392),(#3393,#3394,#3395,#3396),(#3397,
#3398,#3399,#3400),(#3401,#3402,#3403,#3404),(#3405,#3406,#3407,#3408),(#3409,
#3410,#3411,#3412),(#3413,#3414,#3415,#3416),(#3417,#3418,#3419,#3420),(#3421,
#3422,#3423,#3424),(#3425,#3426,#3427,#3428),(#3429,#3430,#3431,#3432),(#3433,
#3434,#3435,#3436),(#3437,#3438,#3439,#3440),(#3441,#3442,#3443,#3444),(#3445,
#3446,#3447,#3448),(#3449,#3450,#3451,#3452),(#3453,#3454,#3455,#3456),(#3457,
#3458,#3459,#3460),(#3461,#3462,#3463,#3464),(#3465,#3466,#3467,#3468),(#3469,
#3470,#3471,#3472),(#3473,#3474,#3475,#3476),(#3477,#3478,#3479,#3480),(#3481,
#3482,#3483,#3484),(#3485,#3486,#3487,#3488),(#3489,#3490,#3491,#3492),(#3493,
#3494,#3495,#3496),(#3497,#3498,#3499,#3500),(#3501,#3502,#3503,#3504),(#3505,
#3506,#3507,#3508),(#3509,#3510,#3511,#3512),(#3513,#3514,#3515,#3516),(#3517,
#3518,#3519,#3520)),.UNSPECIFIED.,.F.,.F.,.F.,(4,1,1,1,1,1,1,1,1,1,1,1,1,1,1,1,
1,1,1,1,1,1,1,1,1,1,1,1,1,1,1,1,1,1,1,1,1,1,1,1,1,1,1,1,1,1,1,1,1,1,1,1,1,1,1,1,
1,1,1,1,1,1,1,1,1,1,1,1,1,1,1,1,1,1,1,1,1,1,1,1,1,1,1,1,1,1,1,1,1,1,1,1,1,1,1,1,
1,1,1,1,1,1,1,1,1,1,1,1,1,1,1,1,1,1,1,1,1,1,1,1,1,1,1,1,1,1,1,1,4),(4,4),(0.E0,
7.8125E-3,1.5625E-2,2.34375E-2,3.125E-2,3.90625E-2,4.6875E-2,5.46875E-2,6.25E-2,
7.03125E-2,7.8125E-2,8.59375E-2,9.375E-2,1.015625E-1,1.09375E-1,1.171875E-1,
1.25E-1,1.328125E-1,1.40625E-1,1.484375E-1,1.5625E-1,1.640625E-1,1.71875E-1,
1.796875E-1,1.875E-1,1.953125E-1,2.03125E-1,2.109375E-1,2.1875E-1,2.265625E-1,
2.34375E-1,2.421875E-1,2.5E-1,2.578125E-1,2.65625E-1,2.734375E-1,2.8125E-1,
2.890625E-1,2.96875E-1,3.046875E-1,3.125E-1,3.203125E-1,3.28125E-1,3.359375E-1,
3.4375E-1,3.515625E-1,3.59375E-1,3.671875E-1,3.75E-1,3.828125E-1,3.90625E-1,
3.984375E-1,4.0625E-1,4.140625E-1,4.21875E-1,4.296875E-1,4.375E-1,4.453125E-1,
4.53125E-1,4.609375E-1,4.6875E-1,4.765625E-1,4.84375E-1,4.921875E-1,5.E-1,
5.078125E-1,5.15625E-1,5.234375E-1,5.3125E-1,5.390625E-1,5.46875E-1,5.546875E-1,
5.625E-1,5.703125E-1,5.78125E-1,5.859375E-1,5.9375E-1,6.015625E-1,6.09375E-1,
6.171875E-1,6.25E-1,6.328125E-1,6.40625E-1,6.484375E-1,6.5625E-1,6.640625E-1,
6.71875E-1,6.796875E-1,6.875E-1,6.953125E-1,7.03125E-1,7.109375E-1,7.1875E-1,
7.265625E-1,7.34375E-1,7.421875E-1,7.5E-1,7.578125E-1,7.65625E-1,7.734375E-1,
7.8125E-1,7.890625E-1,7.96875E-1,8.046875E-1,8.125E-1,8.203125E-1,8.28125E-1,
8.359375E-1,8.4375E-1,8.515625E-1,8.59375E-1,8.671875E-1,8.75E-1,8.828125E-1,
8.90625E-1,8.984375E-1,9.0625E-1,9.140625E-1,9.21875E-1,9.296875E-1,9.375E-1,
9.453125E-1,9.53125E-1,9.609375E-1,9.6875E-1,9.765625E-1,9.84375E-1,9.921875E-1,
1.E0),(0.E0,1.000003247151E0),.UNSPECIFIED.);
#3522=ORIENTED_EDGE('',*,*,#2965,.F.);
#3523=ORIENTED_EDGE('',*,*,#2963,.F.);
#3524=ORIENTED_EDGE('',*,*,#2961,.F.);
#3525=ORIENTED_EDGE('',*,*,#2959,.F.);
#3527=ORIENTED_EDGE('',*,*,#3526,.F.);
#3529=ORIENTED_EDGE('',*,*,#3528,.T.);
#3531=ORIENTED_EDGE('',*,*,#3530,.T.);
#3533=ORIENTED_EDGE('',*,*,#3532,.T.);
#3534=ORIENTED_EDGE('',*,*,#2955,.T.);
#3535=ORIENTED_EDGE('',*,*,#2979,.F.);
#3536=EDGE_LOOP('',(#3522,#3523,#3524,#3525,#3527,#3529,#3531,#3533,#3534,
#3535));
#3537=FACE_OUTER_BOUND('',#3536,.F.);
#3538=ADVANCED_FACE('',(#3537),#3521,.T.);
#3539=CARTESIAN_POINT('',(7.868770104386E0,8.028870132527E0,-1.443097223749E0));
#3540=CARTESIAN_POINT('',(7.584828994984E0,7.862202593185E0,-1.391023694945E0));
#3541=CARTESIAN_POINT('',(7.300887885581E0,7.695535053843E0,-1.338950166140E0));
#3542=CARTESIAN_POINT('',(7.016946776179E0,7.528867514501E0,-1.286876637335E0));
#3543=CARTESIAN_POINT('',(7.938926335967E0,8.021132808346E0,-1.060556637698E0));
#3544=CARTESIAN_POINT('',(7.652453669795E0,7.854465269004E0,-1.022286917742E0));
#3545=CARTESIAN_POINT('',(7.365981003623E0,7.687797729662E0,
-9.840171977860E-1));
#3546=CARTESIAN_POINT('',(7.079508337451E0,7.521130190320E0,
-9.457474778301E-1));
#3547=CARTESIAN_POINT('',(8.023347542740E0,8.005658159984E0,
-2.852287109653E-1));
#3548=CARTESIAN_POINT('',(7.733828574440E0,7.838990620642E0,
-2.749363583421E-1));
#3549=CARTESIAN_POINT('',(7.444309606141E0,7.672323081300E0,
-2.646440057190E-1));
#3550=CARTESIAN_POINT('',(7.154790637841E0,7.505655541958E0,
-2.543516530958E-1));
#3551=CARTESIAN_POINT('',(7.979619116216E0,7.982446187441E0,8.838221503424E-1));
#3552=CARTESIAN_POINT('',(7.691678068960E0,7.815778648099E0,8.519298166544E-1));
#3553=CARTESIAN_POINT('',(7.403737021705E0,7.649111108757E0,8.200374829665E-1));
#3554=CARTESIAN_POINT('',(7.115795974450E0,7.482443569415E0,7.881451492786E-1));
#3555=CARTESIAN_POINT('',(7.766458322084E0,7.959234214898E0,2.034105990283E0));
#3556=CARTESIAN_POINT('',(7.486209088360E0,7.792566675556E0,1.960706169998E0));
#3557=CARTESIAN_POINT('',(7.205959854637E0,7.625899136214E0,1.887306349714E0));
#3558=CARTESIAN_POINT('',(6.925710620913E0,7.459231596872E0,1.813906529429E0));
#3559=CARTESIAN_POINT('',(7.388391396421E0,7.936022242355E0,3.141199599076E0));
#3560=CARTESIAN_POINT('',(7.121784541478E0,7.769354703013E0,3.027850792696E0));
#3561=CARTESIAN_POINT('',(6.855177686535E0,7.602687163671E0,2.914501986315E0));
#3562=CARTESIAN_POINT('',(6.588570831592E0,7.436019624329E0,2.801153179935E0));
#3563=CARTESIAN_POINT('',(6.853445836197E0,7.912810269812E0,4.181595678179E0));
#3564=CARTESIAN_POINT('',(6.606142256585E0,7.746142730470E0,4.030704636735E0));
#3565=CARTESIAN_POINT('',(6.358838676973E0,7.579475191128E0,3.879813595291E0));
#3566=CARTESIAN_POINT('',(6.111535097361E0,7.412807651786E0,3.728922553847E0));
#3567=CARTESIAN_POINT('',(6.172980218391E0,7.889598297269E0,5.133203434663E0));
#3568=CARTESIAN_POINT('',(5.950230941404E0,7.722930757927E0,4.947974045739E0));
#3569=CARTESIAN_POINT('',(5.727481664417E0,7.556263218585E0,4.762744656814E0));
#3570=CARTESIAN_POINT('',(5.504732387430E0,7.389595679243E0,4.577515267889E0));
#3571=CARTESIAN_POINT('',(5.361442950124E0,7.866386324726E0,5.975817246269E0));
#3572=CARTESIAN_POINT('',(5.167977638638E0,7.699718785384E0,5.760182508441E0));
#3573=CARTESIAN_POINT('',(4.974512327152E0,7.533051246042E0,5.544547770612E0));
#3574=CARTESIAN_POINT('',(4.781047015666E0,7.366383706700E0,5.328913032784E0));
#3575=CARTESIAN_POINT('',(4.436065503093E0,7.843174352183E0,6.691545794768E0));
#3576=CARTESIAN_POINT('',(4.275992029904E0,7.676506812841E0,6.450084306966E0));
#3577=CARTESIAN_POINT('',(4.115918556716E0,7.509839273499E0,6.208622819163E0));
#3578=CARTESIAN_POINT('',(3.955845083527E0,7.343171734157E0,5.967161331360E0));
#3579=CARTESIAN_POINT('',(3.416496530451E0,7.819962379640E0,7.265191926424E0));
#3580=CARTESIAN_POINT('',(3.293213755346E0,7.653294840298E0,7.003030670186E0));
#3581=CARTESIAN_POINT('',(3.169930980242E0,7.486627300956E0,6.740869413949E0));
#3582=CARTESIAN_POINT('',(3.046648205138E0,7.319959761614E0,6.478708157711E0));
#3583=CARTESIAN_POINT('',(2.324384665915E0,7.796750407097E0,7.684575342558E0));
#3584=CARTESIAN_POINT('',(2.240510267253E0,7.630082867755E0,7.407280820148E0));
#3585=CARTESIAN_POINT('',(2.156635868590E0,7.463415328413E0,7.129986297737E0));
#3586=CARTESIAN_POINT('',(2.072761469928E0,7.296747789071E0,6.852691775327E0));
#3587=CARTESIAN_POINT('',(1.182918855289E0,7.773538434554E0,7.940791223318E0));
#3588=CARTESIAN_POINT('',(1.140233748512E0,7.606870895212E0,7.654251263506E0));
#3589=CARTESIAN_POINT('',(1.097548641736E0,7.440203355870E0,7.367711303694E0));
#3590=CARTESIAN_POINT('',(1.054863534960E0,7.273535816528E0,7.081171343882E0));
#3591=CARTESIAN_POINT('',(1.633598281756E-2,7.750326462011E0,8.028399305354E0));
#3592=CARTESIAN_POINT('',(1.574650606035E-2,7.583658922669E0,7.738698046422E0));
#3593=CARTESIAN_POINT('',(1.515702930313E-2,7.416991383327E0,7.448996787490E0));
#3594=CARTESIAN_POINT('',(1.456755254592E-2,7.250323843985E0,7.159295528558E0));
#3595=CARTESIAN_POINT('',(-1.150593753590E0,7.727114489468E0,7.945539395456E0));
#3596=CARTESIAN_POINT('',(-1.109075083896E0,7.560446950126E0,7.658828099940E0));
#3597=CARTESIAN_POINT('',(-1.067556414201E0,7.393779410784E0,7.372116804424E0));
#3598=CARTESIAN_POINT('',(-1.026037744507E0,7.227111871442E0,7.085405508908E0));
#3599=CARTESIAN_POINT('',(-2.293092791020E0,7.703902516925E0,7.693970868304E0));
#3600=CARTESIAN_POINT('',(-2.210347545905E0,7.537234977583E0,7.416337312478E0));
#3601=CARTESIAN_POINT('',(-2.127602300789E0,7.370567438241E0,7.138703756653E0));
#3602=CARTESIAN_POINT('',(-2.044857055674E0,7.203899898899E0,6.861070200827E0));
#3603=CARTESIAN_POINT('',(-3.386902306600E0,7.680690544383E0,7.279035309441E0));
#3604=CARTESIAN_POINT('',(-3.264687426051E0,7.514023005041E0,7.016374520814E0));
#3605=CARTESIAN_POINT('',(-3.142472545503E0,7.347355465699E0,6.753713732187E0));
#3606=CARTESIAN_POINT('',(-3.020257664954E0,7.180687926357E0,6.491052943560E0));
#3607=CARTESIAN_POINT('',(-4.408797308075E0,7.657478571840E0,6.709543096728E0));
#3608=CARTESIAN_POINT('',(-4.249707795715E0,7.490811032498E0,6.467432184197E0));
#3609=CARTESIAN_POINT('',(-4.090618283354E0,7.324143493156E0,6.225321271666E0));
#3610=CARTESIAN_POINT('',(-3.931528770993E0,7.157475953814E0,5.983210359135E0));
#3611=CARTESIAN_POINT('',(-5.337079772934E0,7.634266599297E0,5.997586328506E0));
#3612=CARTESIAN_POINT('',(-5.144493595985E0,7.467599059955E0,5.781166062917E0));
#3613=CARTESIAN_POINT('',(-4.951907419036E0,7.300931520613E0,5.564745797327E0));
#3614=CARTESIAN_POINT('',(-4.759321242087E0,7.134263981271E0,5.348325531738E0));
#3615=CARTESIAN_POINT('',(-6.152039365191E0,7.611054626754E0,5.158282070582E0));
#3616=CARTESIAN_POINT('',(-5.930045729684E0,7.444387087412E0,4.972147730106E0));
#3617=CARTESIAN_POINT('',(-5.708052094178E0,7.277719548070E0,4.786013389631E0));
#3618=CARTESIAN_POINT('',(-5.486058458671E0,7.111052008728E0,4.599879049155E0));
#3619=CARTESIAN_POINT('',(-6.836371947383E0,7.587842654211E0,4.209451373705E0));
#3620=CARTESIAN_POINT('',(-6.589684471541E0,7.421175114869E0,4.057555171736E0));
#3621=CARTESIAN_POINT('',(-6.342996995700E0,7.254507575527E0,3.905658969767E0));
#3622=CARTESIAN_POINT('',(-6.096309519858E0,7.087840036185E0,3.753762767798E0));
#3623=CARTESIAN_POINT('',(-7.375547001446E0,7.564630681668E0,3.171240877006E0));
#3624=CARTESIAN_POINT('',(-7.109403630848E0,7.397963142326E0,3.056808044320E0));
#3625=CARTESIAN_POINT('',(-6.843260260251E0,7.231295602984E0,2.942375211634E0));
#3626=CARTESIAN_POINT('',(-6.577116889653E0,7.064628063642E0,2.827942378948E0));
#3627=CARTESIAN_POINT('',(-7.758116157010E0,7.541418709125E0,2.065695031917E0));
#3628=CARTESIAN_POINT('',(-7.478167946645E0,7.374751169783E0,1.991155334954E0));
#3629=CARTESIAN_POINT('',(-7.198219736281E0,7.208083630441E0,1.916615637992E0));
#3630=CARTESIAN_POINT('',(-6.918271525916E0,7.041416091099E0,1.842075941029E0));
#3631=CARTESIAN_POINT('',(-7.975956276040E0,7.518206736582E0,
9.162880296234E-1));
#3632=CARTESIAN_POINT('',(-7.688147400763E0,7.351539197240E0,
8.832241789566E-1));
#3633=CARTESIAN_POINT('',(-7.400338525485E0,7.184871657898E0,
8.501603282897E-1));
#3634=CARTESIAN_POINT('',(-7.112529650207E0,7.018204118556E0,
8.170964776228E-1));
#3635=CARTESIAN_POINT('',(-8.024441932444E0,7.494994764039E0,
-2.525746293340E-1));
#3636=CARTESIAN_POINT('',(-7.734883473573E0,7.328327224697E0,
-2.434605848888E-1));
#3637=CARTESIAN_POINT('',(-7.445325014703E0,7.161659685355E0,
-2.343465404437E-1));
#3638=CARTESIAN_POINT('',(-7.155766555832E0,6.994992146013E0,
-2.252324959985E-1));
#3639=CARTESIAN_POINT('',(-7.902543624301E0,7.471782791496E0,
-1.416074340058E0));
#3640=CARTESIAN_POINT('',(-7.617383812282E0,7.305115252154E0,
-1.364975920129E0));
#3641=CARTESIAN_POINT('',(-7.332224000264E0,7.138447712812E0,
-1.313877500201E0));
#3642=CARTESIAN_POINT('',(-7.047064188245E0,6.971780173470E0,
-1.262779080273E0));
#3643=CARTESIAN_POINT('',(-7.612849633412E0,7.448570818953E0,
-2.549506369790E0));
#3644=CARTESIAN_POINT('',(-7.338143301679E0,7.281903279611E0,
-2.457508553427E0));
#3645=CARTESIAN_POINT('',(-7.063436969946E0,7.115235740269E0,
-2.365510737064E0));
#3646=CARTESIAN_POINT('',(-6.788730638213E0,6.948568200927E0,
-2.273512920701E0));
#3647=CARTESIAN_POINT('',(-7.161511067990E0,7.425358846410E0,
-3.628804416553E0));
#3648=CARTESIAN_POINT('',(-6.903091089942E0,7.258691307068E0,
-3.497860604728E0));
#3649=CARTESIAN_POINT('',(-6.644671111894E0,7.092023767726E0,
-3.366916792904E0));
#3650=CARTESIAN_POINT('',(-6.386251133845E0,6.925356228384E0,
-3.235972981079E0));
#3651=CARTESIAN_POINT('',(-6.558111255422E0,7.402146873867E0,
-4.631051611896E0));
#3652=CARTESIAN_POINT('',(-6.321464694302E0,7.235479334525E0,
-4.463942150705E0));
#3653=CARTESIAN_POINT('',(-6.084818133181E0,7.068811795183E0,
-4.296832689514E0));
#3654=CARTESIAN_POINT('',(-5.848171572061E0,6.902144255841E0,
-4.129723228323E0));
#3655=CARTESIAN_POINT('',(-5.815462258295E0,7.378934901324E0,
-5.534967117598E0));
#3656=CARTESIAN_POINT('',(-5.605613859701E0,7.212267361982E0,
-5.335240262825E0));
#3657=CARTESIAN_POINT('',(-5.395765461108E0,7.045599822640E0,
-5.135513408053E0));
#3658=CARTESIAN_POINT('',(-5.185917062514E0,6.878932283298E0,
-4.935786553280E0));
#3659=CARTESIAN_POINT('',(-4.949332834295E0,7.355722928781E0,
-6.321357984319E0));
#3660=CARTESIAN_POINT('',(-4.770738335138E0,7.189055389439E0,
-6.093254560889E0));
#3661=CARTESIAN_POINT('',(-4.592143835982E0,7.022387850097E0,
-5.865151137458E0));
#3662=CARTESIAN_POINT('',(-4.413549336825E0,6.855720310755E0,
-5.637047714028E0));
#3663=CARTESIAN_POINT('',(-3.978113616230E0,7.332510956238E0,
-6.973526677866E0));
#3664=CARTESIAN_POINT('',(-3.834565135522E0,7.165843416896E0,
-6.721890033881E0));
#3665=CARTESIAN_POINT('',(-3.691016654815E0,6.999175877554E0,
-6.470253389895E0));
#3666=CARTESIAN_POINT('',(-3.547468174107E0,6.832508338212E0,
-6.218616745910E0));
#3667=CARTESIAN_POINT('',(-2.922426621458E0,7.309298983695E0,
-7.477625619990E0));
#3668=CARTESIAN_POINT('',(-2.816972141782E0,7.142631444353E0,
-7.207798787325E0));
#3669=CARTESIAN_POINT('',(-2.711517662107E0,6.975963905011E0,
-6.937971954660E0));
#3670=CARTESIAN_POINT('',(-2.606063182431E0,6.809296365669E0,
-6.668145121995E0));
#3671=CARTESIAN_POINT('',(-1.804687382050E0,7.286087011152E0,
-7.822951215725E0));
#3672=CARTESIAN_POINT('',(-1.739566031370E0,7.119419471810E0,
-7.540663460774E0));
#3673=CARTESIAN_POINT('',(-1.674444680691E0,6.952751932468E0,
-7.258375705822E0));
#3674=CARTESIAN_POINT('',(-1.609323330011E0,6.786084393126E0,
-6.976087950871E0));
#3675=CARTESIAN_POINT('',(-6.486289930350E-1,7.262875038609E0,
-8.002171124134E0));
#3676=CARTESIAN_POINT('',(-6.252235010166E-1,7.096207499267E0,
-7.713416297590E0));
#3677=CARTESIAN_POINT('',(-6.018180089982E-1,6.929539959925E0,
-7.424661471045E0));
#3678=CARTESIAN_POINT('',(-5.784125169798E-1,6.762872420583E0,
-7.135906644500E0));
#3679=CARTESIAN_POINT('',(5.212018153308E-1,7.239663066066E0,
-8.011479946816E0));
#3680=CARTESIAN_POINT('',(5.023944769915E-1,7.072995526724E0,
-7.722389215498E0));
#3681=CARTESIAN_POINT('',(4.835871386521E-1,6.906327987382E0,
-7.433298484179E0));
#3682=CARTESIAN_POINT('',(4.647798003128E-1,6.739660448040E0,
-7.144207752861E0));
#3683=CARTESIAN_POINT('',(1.679965881314E0,7.216451093523E0,-7.850680028389E0));
#3684=CARTESIAN_POINT('',(1.619345051150E0,7.049783554181E0,-7.567391691426E0));
#3685=CARTESIAN_POINT('',(1.558724220986E0,6.883116014839E0,-7.284103354462E0));
#3686=CARTESIAN_POINT('',(1.498103390822E0,6.716448475497E0,-7.000815017498E0));
#3687=CARTESIAN_POINT('',(2.803059024689E0,7.193239120980E0,-7.523185653342E0));
#3688=CARTESIAN_POINT('',(2.701911872258E0,7.026571581638E0,-7.251714806906E0));
#3689=CARTESIAN_POINT('',(2.600764719828E0,6.859904042296E0,-6.980243960470E0));
#3690=CARTESIAN_POINT('',(2.499617567397E0,6.693236502954E0,-6.708773114033E0));
#3691=CARTESIAN_POINT('',(3.866634470321E0,7.170027148437E0,-7.035950550101E0));
#3692=CARTESIAN_POINT('',(3.727108665578E0,7.003359609095E0,-6.782061368133E0));
#3693=CARTESIAN_POINT('',(3.587582860834E0,6.836692069753E0,-6.528172186165E0));
#3694=CARTESIAN_POINT('',(3.448057056090E0,6.670024530411E0,-6.274283004197E0));
#3695=CARTESIAN_POINT('',(4.848109189691E0,7.146815175894E0,-6.399320241664E0));
#3696=CARTESIAN_POINT('',(4.673167301242E0,6.980147636552E0,-6.168403584457E0));
#3697=CARTESIAN_POINT('',(4.498225412794E0,6.813480097210E0,-5.937486927249E0));
#3698=CARTESIAN_POINT('',(4.323283524346E0,6.646812557868E0,-5.706570270042E0));
#3699=CARTESIAN_POINT('',(5.726643409116E0,7.123603203351E0,-5.626812377835E0));
#3700=CARTESIAN_POINT('',(5.519999999643E0,6.956935664009E0,-5.423771327231E0));
#3701=CARTESIAN_POINT('',(5.313356590169E0,6.790268124667E0,-5.220730276626E0));
#3702=CARTESIAN_POINT('',(5.106713180695E0,6.623600585325E0,-5.017689226021E0));
#3703=CARTESIAN_POINT('',(6.483583103241E0,7.100391230808E0,-4.734829713295E0));
#3704=CARTESIAN_POINT('',(6.249625857723E0,6.933723691466E0,-4.563975464945E0));
#3705=CARTESIAN_POINT('',(6.015668612205E0,6.767056152124E0,-4.393121216595E0));
#3706=CARTESIAN_POINT('',(5.781711366687E0,6.600388612782E0,-4.222266968245E0));
#3707=CARTESIAN_POINT('',(7.102856078248E0,7.077179258266E0,-3.742311825895E0));
#3708=CARTESIAN_POINT('',(6.846552639715E0,6.910511718924E0,-3.607272149112E0));
#3709=CARTESIAN_POINT('',(6.590249201181E0,6.743844179582E0,-3.472232472330E0));
#3710=CARTESIAN_POINT('',(6.333945762648E0,6.577176640240E0,-3.337192795547E0));
#3711=CARTESIAN_POINT('',(7.571313234734E0,7.053967285723E0,-2.670332970265E0));
#3712=CARTESIAN_POINT('',(7.298105725684E0,6.887299746381E0,-2.573975179150E0));
#3713=CARTESIAN_POINT('',(7.024898216635E0,6.720632207039E0,-2.477617388035E0));
#3714=CARTESIAN_POINT('',(6.751690707585E0,6.553964667697E0,-2.381259596920E0));
#3715=CARTESIAN_POINT('',(7.879007764159E0,7.030755313180E0,-1.541654605564E0));
#3716=CARTESIAN_POINT('',(7.594697233305E0,6.864087773838E0,-1.486024676971E0));
#3717=CARTESIAN_POINT('',(7.310386702452E0,6.697420234496E0,-1.430394748379E0));
#3718=CARTESIAN_POINT('',(7.026076171598E0,6.530752695154E0,-1.374764819786E0));
#3719=CARTESIAN_POINT('',(8.019406350659E0,7.007543340637E0,
-3.802420986183E-1));
#3720=CARTESIAN_POINT('',(7.730029598542E0,6.840875801295E0,
-3.665212296780E-1));
#3721=CARTESIAN_POINT('',(7.440652846426E0,6.674208261953E0,
-3.528003607378E-1));
#3722=CARTESIAN_POINT('',(7.151276094310E0,6.507540722611E0,
-3.390794917975E-1));
#3723=CARTESIAN_POINT('',(7.989527893740E0,6.984331368094E0,7.892441356718E-1));
#3724=CARTESIAN_POINT('',(7.701229292605E0,6.817663828752E0,7.607646080583E-1));
#3725=CARTESIAN_POINT('',(7.412930691469E0,6.650996289410E0,7.322850804448E-1));
#3726=CARTESIAN_POINT('',(7.124632090334E0,6.484328750068E0,7.038055528313E-1));
#3727=CARTESIAN_POINT('',(7.790006806363E0,6.961119395551E0,1.941972251956E0));
#3728=CARTESIAN_POINT('',(7.508907835938E0,6.794451856209E0,1.871897037109E0));
#3729=CARTESIAN_POINT('',(7.227808865514E0,6.627784316867E0,1.801821822261E0));
#3730=CARTESIAN_POINT('',(6.946709895089E0,6.461116777525E0,1.731746607414E0));
#3731=CARTESIAN_POINT('',(7.425079544364E0,6.937907423008E0,3.053466232071E0));
#3732=CARTESIAN_POINT('',(7.157148813734E0,6.771239883666E0,2.943283245663E0));
#3733=CARTESIAN_POINT('',(6.889218083104E0,6.604572344324E0,2.833100259256E0));
#3734=CARTESIAN_POINT('',(6.621287352474E0,6.437904804982E0,2.722917272848E0));
#3735=CARTESIAN_POINT('',(6.902494653277E0,6.914695450465E0,4.100125587348E0));
#3736=CARTESIAN_POINT('',(6.653421168667E0,6.748027911123E0,3.952174358311E0));
#3737=CARTESIAN_POINT('',(6.404347684056E0,6.581360371781E0,3.804223129273E0));
#3738=CARTESIAN_POINT('',(6.155274199446E0,6.414692832439E0,3.656271900235E0));
#3739=CARTESIAN_POINT('',(6.233348242498E0,6.891483477922E0,5.059726470697E0));
#3740=CARTESIAN_POINT('',(6.008420611905E0,6.724815938580E0,4.877148465710E0));
#3741=CARTESIAN_POINT('',(5.783492981311E0,6.558148399238E0,4.694570460723E0));
#3742=CARTESIAN_POINT('',(5.558565350717E0,6.391480859896E0,4.511992455736E0));
#3743=CARTESIAN_POINT('',(5.431848380242E0,6.868271505379E0,5.911893558295E0));
#3744=CARTESIAN_POINT('',(5.235842519767E0,6.701603966037E0,5.698565478640E0));
#3745=CARTESIAN_POINT('',(5.039836659291E0,6.534936426695E0,5.485237398986E0));
#3746=CARTESIAN_POINT('',(4.843830798816E0,6.368268887353E0,5.271909319331E0));
#3747=CARTESIAN_POINT('',(4.515013411864E0,6.845059532836E0,6.638532681340E0));
#3748=CARTESIAN_POINT('',(4.352091138100E0,6.678391993494E0,6.398984148427E0));
#3749=CARTESIAN_POINT('',(4.189168864336E0,6.511724454152E0,6.159435615513E0));
#3750=CARTESIAN_POINT('',(4.026246590572E0,6.345056914810E0,5.919887082599E0));
#3751=CARTESIAN_POINT('',(3.502310607247E0,6.821847560293E0,7.224215021780E0));
#3752=CARTESIAN_POINT('',(3.375931268913E0,6.655180020951E0,6.963532399130E0));
#3753=CARTESIAN_POINT('',(3.249551930579E0,6.488512481609E0,6.702849776479E0));
#3754=CARTESIAN_POINT('',(3.123172592245E0,6.321844942267E0,6.442167153828E0));
#3755=CARTESIAN_POINT('',(2.415242809854E0,6.798635587750E0,7.656504714293E0));
#3756=CARTESIAN_POINT('',(2.328089835017E0,6.631968048408E0,7.380223108161E0));
#3757=CARTESIAN_POINT('',(2.240936860180E0,6.465300509066E0,7.103941502030E0));
#3758=CARTESIAN_POINT('',(2.153783885343E0,6.298632969724E0,6.827659895898E0));
#3759=CARTESIAN_POINT('',(1.276891864206E0,6.775423615207E0,7.926222898561E0));
#3760=CARTESIAN_POINT('',(1.230815782722E0,6.608756075865E0,7.640208630342E0));
#3761=CARTESIAN_POINT('',(1.184739701238E0,6.442088536523E0,7.354194362123E0));
#3762=CARTESIAN_POINT('',(1.138663619754E0,6.275420997181E0,7.068180093904E0));
#3763=CARTESIAN_POINT('',(1.114285162317E-1,6.752211642664E0,8.027642615134E0));
#3764=CARTESIAN_POINT('',(1.074076672174E-1,6.585544103322E0,7.737968661036E0));
#3765=CARTESIAN_POINT('',(1.033868182031E-1,6.418876563980E0,7.448294706937E0));
#3766=CARTESIAN_POINT('',(9.936596918881E-2,6.252209024638E0,7.158620752839E0));
#3767=CARTESIAN_POINT('',(-1.056400807161E0,6.728999670121E0,7.958610406670E0));
#3768=CARTESIAN_POINT('',(-1.018281048523E0,6.562332130779E0,7.671427449462E0));
#3769=CARTESIAN_POINT('',(-9.801612898847E-1,6.395664591437E0,
7.384244492253E0));
#3770=CARTESIAN_POINT('',(-9.420415312466E-1,6.228997052095E0,
7.097061535045E0));
#3771=CARTESIAN_POINT('',(-2.201799442016E0,6.705787697578E0,7.720592042562E0));
#3772=CARTESIAN_POINT('',(-2.122348477259E0,6.539120158236E0,7.441997873368E0));
#3773=CARTESIAN_POINT('',(-2.042897512501E0,6.372452618894E0,7.163403704175E0));
#3774=CARTESIAN_POINT('',(-1.963446547744E0,6.205785079552E0,6.884809534981E0));
#3775=CARTESIAN_POINT('',(-3.300446997953E0,6.682575725035E0,7.318641396068E0));
#3776=CARTESIAN_POINT('',(-3.181351819203E0,6.515908185693E0,7.054551439220E0));
#3777=CARTESIAN_POINT('',(-3.062256640454E0,6.349240646351E0,6.790461482371E0));
#3778=CARTESIAN_POINT('',(-2.943161461704E0,6.182573107009E0,6.526371525523E0));
#3779=CARTESIAN_POINT('',(-4.329015756009E0,6.659363752492E0,6.761293134805E0));
#3780=CARTESIAN_POINT('',(-4.172805125876E0,6.492696213150E0,6.517314844905E0));
#3781=CARTESIAN_POINT('',(-4.016594495742E0,6.326028673808E0,6.273336555004E0));
#3782=CARTESIAN_POINT('',(-3.860383865609E0,6.159361134466E0,6.029358265103E0));
#3783=CARTESIAN_POINT('',(-5.265665988976E0,6.636151779949E0,6.060381503098E0));
#3784=CARTESIAN_POINT('',(-5.075656747021E0,6.469484240607E0,5.841695301243E0));
#3785=CARTESIAN_POINT('',(-4.885647505066E0,6.302816701265E0,5.623009099389E0));
#3786=CARTESIAN_POINT('',(-4.695638263111E0,6.136149161923E0,5.404322897535E0));
#3787=CARTESIAN_POINT('',(-6.090509687018E0,6.612939807406E0,5.230789044005E0));
#3788=CARTESIAN_POINT('',(-5.870736322894E0,6.446272268064E0,5.042038321274E0));
#3789=CARTESIAN_POINT('',(-5.650962958770E0,6.279604728722E0,4.853287598544E0));
#3790=CARTESIAN_POINT('',(-5.431189594646E0,6.112937189380E0,4.664536875813E0));
#3791=CARTESIAN_POINT('',(-6.786032842233E0,6.589727834863E0,4.290130596459E0));
#3792=CARTESIAN_POINT('',(-6.541161830868E0,6.423060295521E0,4.135323120210E0));
#3793=CARTESIAN_POINT('',(-6.296290819502E0,6.256392756179E0,3.980515643962E0));
#3794=CARTESIAN_POINT('',(-6.051419808137E0,6.089725216837E0,3.825708167713E0));
#3795=CARTESIAN_POINT('',(-7.337467325747E0,6.566515862320E0,3.258379277209E0));
#3796=CARTESIAN_POINT('',(-7.072698043504E0,6.399848322978E0,3.140802093665E0));
#3797=CARTESIAN_POINT('',(-6.807928761260E0,6.233180783636E0,3.023224910122E0));
#3798=CARTESIAN_POINT('',(-6.543159479017E0,6.066513244294E0,2.905647726578E0));
#3799=CARTESIAN_POINT('',(-7.733104461205E0,6.543303889777E0,2.157442389177E0));
#3800=CARTESIAN_POINT('',(-7.454058786887E0,6.376636350435E0,2.079592029168E0));
#3801=CARTESIAN_POINT('',(-7.175013112568E0,6.209968811093E0,2.001741669159E0));
#3802=CARTESIAN_POINT('',(-6.895967438249E0,6.043301271751E0,1.923891309150E0));
#3803=CARTESIAN_POINT('',(-7.964543636552E0,6.520091917234E0,1.010696260997E0));
#3804=CARTESIAN_POINT('',(-7.677146581352E0,6.353424377892E0,
9.742257308112E-1));
#3805=CARTESIAN_POINT('',(-7.389749526152E0,6.186756838550E0,
9.377552006256E-1));
#3806=CARTESIAN_POINT('',(-7.102352470952E0,6.020089299208E0,
9.012846704401E-1));
#3807=CARTESIAN_POINT('',(-8.026870675252E0,6.496879944691E0,
-1.575101054590E-1));
#3808=CARTESIAN_POINT('',(-7.737224576265E0,6.330212405349E0,
-1.518264225590E-1));
#3809=CARTESIAN_POINT('',(-7.447578477278E0,6.163544866007E0,
-1.461427396590E-1));
#3810=CARTESIAN_POINT('',(-7.157932378291E0,5.996877326665E0,
-1.404590567590E-1));
#3811=CARTESIAN_POINT('',(-7.918762179610E0,6.473667972149E0,
-1.322372040433E0));
#3812=CARTESIAN_POINT('',(-7.633017128154E0,6.307000432807E0,
-1.274654826787E0));
#3813=CARTESIAN_POINT('',(-7.347272076698E0,6.140332893465E0,
-1.226937613141E0));
#3814=CARTESIAN_POINT('',(-7.061527025242E0,5.973665354123E0,
-1.179220399495E0));
#3815=CARTESIAN_POINT('',(-7.642513630639E0,6.450455999606E0,
-2.459155886893E0));
#3816=CARTESIAN_POINT('',(-7.366736886609E0,6.283788460264E0,
-2.370418327979E0));
#3817=CARTESIAN_POINT('',(-7.090960142579E0,6.117120920922E0,
-2.281680769066E0));
#3818=CARTESIAN_POINT('',(-6.815183398549E0,5.950453381580E0,
-2.192943210152E0));
#3819=CARTESIAN_POINT('',(-7.203990647826E0,6.427244027063E0,
-3.543724173322E0));
#3820=CARTESIAN_POINT('',(-6.944037812817E0,6.260576487721E0,
-3.415850444665E0));
#3821=CARTESIAN_POINT('',(-6.684084977808E0,6.093908948379E0,
-3.287976716009E0));
#3822=CARTESIAN_POINT('',(-6.424132142799E0,5.927241409037E0,
-3.160102987352E0));
#3823=CARTESIAN_POINT('',(-6.612504443711E0,6.404032054520E0,
-4.553048127622E0));
#3824=CARTESIAN_POINT('',(-6.373895128308E0,6.237364515178E0,
-4.388753387863E0));
#3825=CARTESIAN_POINT('',(-6.135285812904E0,6.070696975836E0,
-4.224458648105E0));
#3826=CARTESIAN_POINT('',(-5.896676497501E0,5.904029436494E0,
-4.060163908346E0));
#3827=CARTESIAN_POINT('',(-5.880614117767E0,6.380820081977E0,
-5.465696649875E0));
#3828=CARTESIAN_POINT('',(-5.668414742971E0,6.214152542635E0,
-5.268469389473E0));
#3829=CARTESIAN_POINT('',(-5.456215368174E0,6.047485003293E0,
-5.071242129071E0));
#3830=CARTESIAN_POINT('',(-5.244015993378E0,5.880817463951E0,
-4.874014868669E0));
#3831=CARTESIAN_POINT('',(-5.023859987489E0,6.357608109434E0,
-6.262291361527E0));
#3832=CARTESIAN_POINT('',(-4.842576208778E0,6.190940570092E0,
-6.036319331209E0));
#3833=CARTESIAN_POINT('',(-4.661292430067E0,6.024273030750E0,
-5.810347300891E0));
#3834=CARTESIAN_POINT('',(-4.480008651356E0,5.857605491408E0,
-5.584375270573E0));
#3835=CARTESIAN_POINT('',(-4.060433618915E0,6.334396136891E0,
-6.925918068886E0));
#3836=CARTESIAN_POINT('',(-3.913914657106E0,6.167728597549E0,
-6.675999360623E0));
#3837=CARTESIAN_POINT('',(-3.767395695297E0,6.001061058207E0,
-6.426080652359E0));
#3838=CARTESIAN_POINT('',(-3.620876733488E0,5.834393518865E0,
-6.176161944096E0));
#3839=CARTESIAN_POINT('',(-3.010791562872E0,6.311184164348E0,
-7.442485904284E0));
#3840=CARTESIAN_POINT('',(-2.902148473139E0,6.144516625006E0,
-7.173927072810E0));
#3841=CARTESIAN_POINT('',(-2.793505383406E0,5.977849085664E0,
-6.905368241335E0));
#3842=CARTESIAN_POINT('',(-2.684862293673E0,5.811181546322E0,
-6.636809409861E0));
#3843=CARTESIAN_POINT('',(-1.897220998503E0,6.287972191805E0,
-7.801026519208E0));
#3844=CARTESIAN_POINT('',(-1.828760612959E0,6.121304652463E0,
-7.519529907291E0));
#3845=CARTESIAN_POINT('',(-1.760300227416E0,5.954637113121E0,
-7.238033295373E0));
#3846=CARTESIAN_POINT('',(-1.691839841873E0,5.787969573779E0,
-6.956536683456E0));
#3847=CARTESIAN_POINT('',(-7.433665068427E-1,6.264760219262E0,
-7.993926976590E0));
#3848=CARTESIAN_POINT('',(-7.165424532937E-1,6.098092679920E0,
-7.705469636484E0));
#3849=CARTESIAN_POINT('',(-6.897183997446E-1,5.931425140578E0,
-7.417012296378E0));
#3850=CARTESIAN_POINT('',(-6.628943461955E-1,5.764757601236E0,
-7.128554956272E0));
#3851=CARTESIAN_POINT('',(4.262719774751E-1,6.241548246719E0,
-8.017091397244E0));
#3852=CARTESIAN_POINT('',(4.108901405952E-1,6.074880707377E0,
-7.727798179204E0));
#3853=CARTESIAN_POINT('',(3.955083037152E-1,5.908213168035E0,
-7.438504961164E0));
#3854=CARTESIAN_POINT('',(3.801264668353E-1,5.741545628693E0,
-7.149211743124E0));
#3855=CARTESIAN_POINT('',(1.586859376358E0,6.218336274176E0,-7.870027928172E0));
#3856=CARTESIAN_POINT('',(1.529598253487E0,6.051668734834E0,-7.586041430751E0));
#3857=CARTESIAN_POINT('',(1.472337130617E0,5.885001195492E0,-7.302054933331E0));
#3858=CARTESIAN_POINT('',(1.415076007746E0,5.718333656150E0,-7.018068435910E0));
#3859=CARTESIAN_POINT('',(2.713752794526E0,6.195124301633E0,-7.555859186137E0));
#3860=CARTESIAN_POINT('',(2.615828218144E0,6.028456762291E0,-7.283209329637E0));
#3861=CARTESIAN_POINT('',(2.517903641761E0,5.861789222949E0,-7.010559473136E0));
#3862=CARTESIAN_POINT('',(2.419979065379E0,5.695121683607E0,-6.737909616635E0));
#3863=CARTESIAN_POINT('',(3.783024765144E0,6.171912329090E0,-7.081255954761E0));
#3864=CARTESIAN_POINT('',(3.646515979849E0,6.005244789748E0,-6.825731947187E0));
#3865=CARTESIAN_POINT('',(3.510007194555E0,5.838577250406E0,-6.570207939612E0));
#3866=CARTESIAN_POINT('',(3.373498409260E0,5.671909711064E0,-6.314683932037E0));
#3867=CARTESIAN_POINT('',(4.771971304674E0,6.148700356547E0,-6.456295542949E0));
#3868=CARTESIAN_POINT('',(4.599776818330E0,5.982032817205E0,-6.223322957046E0));
#3869=CARTESIAN_POINT('',(4.427582331986E0,5.815365277863E0,-5.990350371143E0));
#3870=CARTESIAN_POINT('',(4.255387845642E0,5.648697738521E0,-5.757377785240E0));
#3871=CARTESIAN_POINT('',(5.659593989358E0,6.125488384004E0,-5.694247812149E0));
#3872=CARTESIAN_POINT('',(5.455370028715E0,5.958820844662E0,-5.488773383548E0));
#3873=CARTESIAN_POINT('',(5.251146068072E0,5.792153305320E0,-5.283298954946E0));
#3874=CARTESIAN_POINT('',(5.046922107429E0,5.625485765978E0,-5.077824526345E0));
#3875=CARTESIAN_POINT('',(6.427045817333E0,6.102276411461E0,-4.811293415751E0));
#3876=CARTESIAN_POINT('',(6.195128694918E0,5.935608872119E0,-4.637680008318E0));
#3877=CARTESIAN_POINT('',(5.963211572503E0,5.768941332777E0,-4.464066600885E0));
#3878=CARTESIAN_POINT('',(5.731294450088E0,5.602273793435E0,-4.290453193452E0));
#3879=CARTESIAN_POINT('',(7.058031389349E0,6.079064438918E0,-3.826180233275E0));
#3880=CARTESIAN_POINT('',(6.803345430006E0,5.912396899576E0,-3.688114201888E0));
#3881=CARTESIAN_POINT('',(6.548659470662E0,5.745729360234E0,-3.550048170501E0));
#3882=CARTESIAN_POINT('',(6.293973511319E0,5.579061820892E0,-3.411982139114E0));
#3883=CARTESIAN_POINT('',(7.539152910989E0,6.055852466375E0,-2.759825294337E0));
#3884=CARTESIAN_POINT('',(7.267105893081E0,5.889184927033E0,-2.660238212057E0));
#3885=CARTESIAN_POINT('',(6.995058875174E0,5.722517387691E0,-2.560651129776E0));
#3886=CARTESIAN_POINT('',(6.723011857266E0,5.555849848349E0,-2.461064047496E0));
#3887=CARTESIAN_POINT('',(7.860194669687E0,6.032640493832E0,-1.634870644783E0));
#3888=CARTESIAN_POINT('',(7.576563001075E0,5.865972954490E0,-1.575877056401E0));
#3889=CARTESIAN_POINT('',(7.292931332463E0,5.699305415148E0,-1.516883468019E0));
#3890=CARTESIAN_POINT('',(7.009299663851E0,5.532637875806E0,-1.457889879637E0));
#3891=CARTESIAN_POINT('',(8.014339946211E0,6.009428521289E0,
-4.752025853334E-1));
#3892=CARTESIAN_POINT('',(7.725146013072E0,5.842760981947E0,
-4.580551089832E-1));
#3893=CARTESIAN_POINT('',(7.435952079933E0,5.676093442605E0,
-4.409076326329E-1));
#3894=CARTESIAN_POINT('',(7.146758146794E0,5.509425903263E0,
-4.237601562827E-1));
#3895=CARTESIAN_POINT('',(7.998315754908E0,5.986216548746E0,6.945555091779E-1));
#3896=CARTESIAN_POINT('',(7.709700047666E0,5.819549009404E0,6.694927790178E-1));
#3897=CARTESIAN_POINT('',(7.421084340425E0,5.652881470062E0,6.444300488578E-1));
#3898=CARTESIAN_POINT('',(7.132468633183E0,5.486213930720E0,6.193673186978E-1));
#3899=CARTESIAN_POINT('',(7.812462339407E0,5.963004576203E0,1.849566020961E0));
#3900=CARTESIAN_POINT('',(7.530553070946E0,5.796337036861E0,1.782825244329E0));
#3901=CARTESIAN_POINT('',(7.248643802485E0,5.629669497519E0,1.716084467697E0));
#3902=CARTESIAN_POINT('',(6.966734534024E0,5.463001958177E0,1.649343691065E0));
#3903=CARTESIAN_POINT('',(7.460725948184E0,5.939792603660E0,2.965304469465E0));
#3904=CARTESIAN_POINT('',(7.191508932746E0,5.773125064318E0,2.858302761497E0));
#3905=CARTESIAN_POINT('',(6.922291917307E0,5.606457524976E0,2.751301053529E0));
#3906=CARTESIAN_POINT('',(6.653074901869E0,5.439789985634E0,2.644299345561E0));
#3907=CARTESIAN_POINT('',(6.950575043386E0,5.916580631117E0,4.018080242703E0));
#3908=CARTESIAN_POINT('',(6.699766599039E0,5.749913091775E0,3.873089583852E0));
#3909=CARTESIAN_POINT('',(6.448958154693E0,5.583245552433E0,3.728098925001E0));
#3910=CARTESIAN_POINT('',(6.198149710346E0,5.416578013091E0,3.583108266150E0));
#3911=CARTESIAN_POINT('',(6.292841722049E0,5.893368658574E0,4.985539622927E0));
#3912=CARTESIAN_POINT('',(6.065767295405E0,5.726701119232E0,4.805638617722E0));
#3913=CARTESIAN_POINT('',(5.838692868760E0,5.560033579890E0,4.625737612518E0));
#3914=CARTESIAN_POINT('',(5.611618442115E0,5.393366040548E0,4.445836607313E0));
#3915=CARTESIAN_POINT('',(5.501491716849E0,5.870156686032E0,5.847140425881E0));
#3916=CARTESIAN_POINT('',(5.302972807194E0,5.703489146690E0,5.636148934539E0));
#3917=CARTESIAN_POINT('',(5.104453897539E0,5.536821607348E0,5.425157443196E0));
#3918=CARTESIAN_POINT('',(4.905934987884E0,5.370154068006E0,5.214165951854E0));
#3919=CARTESIAN_POINT('',(4.593327859979E0,5.846944713489E0,6.584588175526E0));
#3920=CARTESIAN_POINT('',(4.427579643789E0,5.680277174147E0,6.346986206385E0));
#3921=CARTESIAN_POINT('',(4.261831427599E0,5.513609634805E0,6.109384237245E0));
#3922=CARTESIAN_POINT('',(4.096083211409E0,5.346942095463E0,5.871782268104E0));
#3923=CARTESIAN_POINT('',(3.587633306541E0,5.823732740946E0,7.182224552904E0));
#3924=CARTESIAN_POINT('',(3.458175136119E0,5.657065201604E0,6.923057137860E0));
#3925=CARTESIAN_POINT('',(3.328716965696E0,5.490397662262E0,6.663889722816E0));
#3926=CARTESIAN_POINT('',(3.199258795274E0,5.323730122920E0,6.404722307772E0));
#3927=CARTESIAN_POINT('',(2.505762092936E0,5.800520768403E0,7.627359871157E0));
#3928=CARTESIAN_POINT('',(2.415342769569E0,5.633853229061E0,7.352129943876E0));
#3929=CARTESIAN_POINT('',(2.324923446203E0,5.467185689719E0,7.076900016594E0));
#3930=CARTESIAN_POINT('',(2.234504122836E0,5.300518150377E0,6.801670089312E0));
#3931=CARTESIAN_POINT('',(1.370685723984E0,5.777308795860E0,7.910542517212E0));
#3932=CARTESIAN_POINT('',(1.321225132309E0,5.610641256518E0,7.625094068659E0));
#3933=CARTESIAN_POINT('',(1.271764540635E0,5.443973717176E0,7.339645620107E0));
#3934=CARTESIAN_POINT('',(1.222303948961E0,5.277306177834E0,7.054197171554E0));
#3935=CARTESIAN_POINT('',(2.065054161193E-1,5.754096823317E0,8.025759639041E0));
#3936=CARTESIAN_POINT('',(1.990537589769E-1,5.587429283975E0,7.736153631307E0));
#3937=CARTESIAN_POINT('',(1.916021018344E-1,5.420761744633E0,7.446547623573E0));
#3938=CARTESIAN_POINT('',(1.841504446920E-1,5.254094205291E0,7.156941615839E0));
#3939=CARTESIAN_POINT('',(-9.620596466969E-1,5.730884850774E0,
7.970564817297E0));
#3940=CARTESIAN_POINT('',(-9.273441473532E-1,5.564217311432E0,
7.682950490438E0));
#3941=CARTESIAN_POINT('',(-8.926286480095E-1,5.397549772090E0,
7.395336163578E0));
#3942=CARTESIAN_POINT('',(-8.579131486658E-1,5.230882232748E0,
7.107721836718E0));
#3943=CARTESIAN_POINT('',(-2.110197178463E0,5.707672878231E0,7.746130010435E0));
#3944=CARTESIAN_POINT('',(-2.034051641109E0,5.541005338889E0,7.466614314899E0));
#3945=CARTESIAN_POINT('',(-1.957906103756E0,5.374337799547E0,7.187098619363E0));
#3946=CARTESIAN_POINT('',(-1.881760566402E0,5.207670260205E0,6.907582923827E0));
#3947=CARTESIAN_POINT('',(-3.213528633462E0,5.684460905688E0,7.357220670366E0));
#3948=CARTESIAN_POINT('',(-3.097569865677E0,5.517793366346E0,7.091738597368E0));
#3949=CARTESIAN_POINT('',(-2.981611097893E0,5.351125827004E0,6.826256524369E0));
#3950=CARTESIAN_POINT('',(-2.865652330109E0,5.184458287662E0,6.560774451370E0));
#3951=CARTESIAN_POINT('',(-4.248626838926E0,5.661248933145E0,6.812094557044E0));
#3952=CARTESIAN_POINT('',(-4.095317007519E0,5.494581393803E0,6.566283120158E0));
#3953=CARTESIAN_POINT('',(-3.942007176113E0,5.327913854461E0,6.320471683273E0));
#3954=CARTESIAN_POINT('',(-3.788697344706E0,5.161246315119E0,6.074660246387E0));
#3955=CARTESIAN_POINT('',(-5.193513427085E0,5.638036960602E0,6.122326400416E0));
#3956=CARTESIAN_POINT('',(-5.006107778602E0,5.471369421260E0,5.901404944179E0));
#3957=CARTESIAN_POINT('',(-4.818702130118E0,5.304701881918E0,5.680483487941E0));
#3958=CARTESIAN_POINT('',(-4.631296481634E0,5.138034342576E0,5.459562031704E0));
#3959=CARTESIAN_POINT('',(-6.028125504559E0,5.614824988059E0,5.302562132764E0));
#3960=CARTESIAN_POINT('',(-5.810603246229E0,5.448157448717E0,5.111221509683E0));
#3961=CARTESIAN_POINT('',(-5.593080987900E0,5.281489909375E0,4.919880886603E0));
#3962=CARTESIAN_POINT('',(-5.375558729570E0,5.114822370033E0,4.728540263522E0));
#3963=CARTESIAN_POINT('',(-6.734741650241E0,5.591613015516E0,4.370207909820E0));
#3964=CARTESIAN_POINT('',(-6.491721458986E0,5.424945476174E0,4.212510878928E0));
#3965=CARTESIAN_POINT('',(-6.248701267731E0,5.258277936832E0,4.054813848036E0));
#3966=CARTESIAN_POINT('',(-6.005681076476E0,5.091610397490E0,3.897116817144E0));
#3967=CARTESIAN_POINT('',(-7.298358196422E0,5.568401042973E0,3.345060523707E0));
#3968=CARTESIAN_POINT('',(-7.035000149914E0,5.401733503631E0,3.224355485497E0));
#3969=CARTESIAN_POINT('',(-6.771642103407E0,5.235065964289E0,3.103650447286E0));
#3970=CARTESIAN_POINT('',(-6.508284056899E0,5.068398424947E0,2.982945409076E0));
#3971=CARTESIAN_POINT('',(-7.707007803511E0,5.545189070430E0,2.248887055225E0));
#3972=CARTESIAN_POINT('',(-7.428903815611E0,5.378521531088E0,2.167736954648E0));
#3973=CARTESIAN_POINT('',(-7.150799827710E0,5.211853991746E0,2.086586854072E0));
#3974=CARTESIAN_POINT('',(-6.872695839810E0,5.045186452404E0,2.005436753496E0));
#3975=CARTESIAN_POINT('',(-7.952013564038E0,5.521977097887E0,1.104962690727E0));
#3976=CARTESIAN_POINT('',(-7.665068650995E0,5.355309558545E0,1.065090597872E0));
#3977=CARTESIAN_POINT('',(-7.378123737953E0,5.188642019203E0,1.025218505018E0));
#3978=CARTESIAN_POINT('',(-7.091178824910E0,5.021974479861E0,
9.853464121632E-1));
#3979=CARTESIAN_POINT('',(-8.028173240491E0,5.498765125344E0,
-6.242348276679E-2));
#3980=CARTESIAN_POINT('',(-7.738480139010E0,5.332097586002E0,
-6.017095883810E-2));
#3981=CARTESIAN_POINT('',(-7.448787037530E0,5.165430046660E0,
-5.791843490940E-2));
#3982=CARTESIAN_POINT('',(-7.159093936049E0,4.998762507318E0,
-5.566591098070E-2));
#3983=CARTESIAN_POINT('',(-7.933869725075E0,5.475553152801E0,
-1.228484210757E0));
#3984=CARTESIAN_POINT('',(-7.647579524484E0,5.308885613459E0,
-1.184154898163E0));
#3985=CARTESIAN_POINT('',(-7.361289323892E0,5.142218074117E0,
-1.139825585570E0));
#3986=CARTESIAN_POINT('',(-7.074999123301E0,4.975550534775E0,
-1.095496272976E0));
#3987=CARTESIAN_POINT('',(-7.671105375954E0,5.452341180258E0,
-2.368460382093E0));
#3988=CARTESIAN_POINT('',(-7.394296911366E0,5.285673640916E0,
-2.282995530592E0));
#3989=CARTESIAN_POINT('',(-7.117488446778E0,5.119006101574E0,
-2.197530679091E0));
#3990=CARTESIAN_POINT('',(-6.840679982190E0,4.952338562232E0,
-2.112065827590E0));
#3991=CARTESIAN_POINT('',(-7.245459500940E0,5.429129207715E0,
-3.458146742228E0));
#3992=CARTESIAN_POINT('',(-6.984010280600E0,5.262461668373E0,
-3.333361037545E0));
#3993=CARTESIAN_POINT('',(-6.722561060260E0,5.095794129031E0,
-3.208575332862E0));
#3994=CARTESIAN_POINT('',(-6.461111839920E0,4.929126589689E0,
-3.083789628179E0));
#3995=CARTESIAN_POINT('',(-6.665969891355E0,5.405917235172E0,
-4.474405846377E0));
#3996=CARTESIAN_POINT('',(-6.425431298782E0,5.239249695830E0,
-4.312948878759E0));
#3997=CARTESIAN_POINT('',(-6.184892706208E0,5.072582156488E0,
-4.151491911141E0));
#3998=CARTESIAN_POINT('',(-5.944354113634E0,4.905914617146E0,
-3.990034943523E0));
#3999=CARTESIAN_POINT('',(-5.944940921502E0,5.382705262629E0,
-5.395659339728E0));
#4000=CARTESIAN_POINT('',(-5.730420342276E0,5.216037723287E0,
-5.200959344868E0));
#4001=CARTESIAN_POINT('',(-5.515899763051E0,5.049370183945E0,
-5.006259350008E0));
#4002=CARTESIAN_POINT('',(-5.301379183826E0,4.882702644603E0,
-4.811559355148E0));
#4003=CARTESIAN_POINT('',(-5.097682288360E0,5.359493290086E0,
-6.202346133317E0));
#4004=CARTESIAN_POINT('',(-4.913734664382E0,5.192825750744E0,
-5.978537200201E0));
#4005=CARTESIAN_POINT('',(-4.729787040403E0,5.026158211402E0,
-5.754728267086E0));
#4006=CARTESIAN_POINT('',(-4.545839416424E0,4.859490672060E0,
-5.530919333971E0));
#4007=CARTESIAN_POINT('',(-4.142183938913E0,5.336281317543E0,
-6.877337747032E0));
#4008=CARTESIAN_POINT('',(-3.992715052752E0,5.169613778201E0,
-6.629172038322E0));
#4009=CARTESIAN_POINT('',(-3.843246166590E0,5.002946238859E0,
-6.381006329613E0));
#4010=CARTESIAN_POINT('',(-3.693777280429E0,4.836278699517E0,
-6.132840620904E0));
#4011=CARTESIAN_POINT('',(-3.098734087376E0,5.313069345E0,-7.406302000747E0));
#4012=CARTESIAN_POINT('',(-2.986917630313E0,5.146401805658E0,
-7.139048849522E0));
#4013=CARTESIAN_POINT('',(-2.875101173251E0,4.979734266316E0,
-6.871795698297E0));
#4014=CARTESIAN_POINT('',(-2.763284716188E0,4.813066726974E0,
-6.604542547072E0));
#4015=CARTESIAN_POINT('',(-1.989488433051E0,5.289857372458E0,
-7.778007331274E0));
#4016=CARTESIAN_POINT('',(-1.917698617701E0,5.123189833115E0,
-7.497341356632E0));
#4017=CARTESIAN_POINT('',(-1.845908802352E0,4.956522293773E0,
-7.216675381990E0));
#4018=CARTESIAN_POINT('',(-1.774118987002E0,4.789854754431E0,
-6.936009407348E0));
#4019=CARTESIAN_POINT('',(-8.379997256201E-1,5.266645399915E0,
-7.984561273496E0));
#4020=CARTESIAN_POINT('',(-8.077608739807E-1,5.099977860573E0,
-7.696441890668E0));
#4021=CARTESIAN_POINT('',(-7.775220223413E-1,4.933310321231E0,
-7.408322507841E0));
#4022=CARTESIAN_POINT('',(-7.472831707018E-1,4.766642781889E0,
-7.120203125013E0));
#4023=CARTESIAN_POINT('',(3.312823332407E-1,5.243433427372E0,
-8.021578042187E0));
#4024=CARTESIAN_POINT('',(3.193281559070E-1,5.076765888030E0,
-7.732122925537E0));
#4025=CARTESIAN_POINT('',(3.073739785734E-1,4.910098348688E0,
-7.442667808887E0));
#4026=CARTESIAN_POINT('',(2.954198012397E-1,4.743430809346E0,
-7.153212692237E0));
#4027=CARTESIAN_POINT('',(1.493530233586E0,5.220221454829E0,-7.888271655414E0));
#4028=CARTESIAN_POINT('',(1.439636851796E0,5.053553915487E0,-7.603626841117E0));
#4029=CARTESIAN_POINT('',(1.385743470007E0,4.886886376145E0,-7.318982026821E0));
#4030=CARTESIAN_POINT('',(1.331850088217E0,4.720218836803E0,-7.034337212524E0));
#4031=CARTESIAN_POINT('',(2.624065822050E0,5.197009482286E0,-7.587472625311E0));
#4032=CARTESIAN_POINT('',(2.529377560635E0,5.030341942944E0,-7.313682011757E0));
#4033=CARTESIAN_POINT('',(2.434689299220E0,4.863674403602E0,-7.039891398204E0));
#4034=CARTESIAN_POINT('',(2.340001037805E0,4.697006864260E0,-6.766100784650E0));
#4035=CARTESIAN_POINT('',(3.698884298836E0,5.173797509743E0,-7.125567850303E0));
#4036=CARTESIAN_POINT('',(3.565411685273E0,5.007129970401E0,-6.868444867461E0));
#4037=CARTESIAN_POINT('',(3.431939071709E0,4.840462431059E0,-6.611321884620E0));
#4038=CARTESIAN_POINT('',(3.298466458146E0,4.673794891717E0,-6.354198901778E0));
#4039=CARTESIAN_POINT('',(4.695163904452E0,5.150585537200E0,-6.512365028026E0));
#4040=CARTESIAN_POINT('',(4.525740979374E0,4.983917997858E0,-6.277369199408E0));
#4041=CARTESIAN_POINT('',(4.356318054295E0,4.817250458516E0,-6.042373370789E0));
#4042=CARTESIAN_POINT('',(4.186895129217E0,4.650582919174E0,-5.807377542170E0));
#4043=CARTESIAN_POINT('',(5.591750534782E0,5.127373564657E0,-5.760884307563E0));
#4044=CARTESIAN_POINT('',(5.389974675367E0,4.960706025315E0,-5.553005330324E0));
#4045=CARTESIAN_POINT('',(5.188198815953E0,4.794038485973E0,-5.345126353085E0));
#4046=CARTESIAN_POINT('',(4.986422956539E0,4.627370946631E0,-5.137247375846E0));
#4047=CARTESIAN_POINT('',(6.369606767551E0,5.104161592114E0,-4.887082203122E0));
#4048=CARTESIAN_POINT('',(6.139762307992E0,4.937494052772E0,-4.710733990621E0));
#4049=CARTESIAN_POINT('',(5.909917848433E0,4.770826513430E0,-4.534385778119E0));
#4050=CARTESIAN_POINT('',(5.680073388874E0,4.604158974088E0,-4.358037565617E0));
#4051=CARTESIAN_POINT('',(7.012216613359E0,5.080949619571E0,-3.909511398689E0));
#4052=CARTESIAN_POINT('',(6.759183860062E0,4.914282080229E0,-3.768438398838E0));
#4053=CARTESIAN_POINT('',(6.506151106766E0,4.747614540887E0,-3.627365398986E0));
#4054=CARTESIAN_POINT('',(6.253118353470E0,4.580947001545E0,-3.486292399135E0));
#4055=CARTESIAN_POINT('',(7.341361694162E0,5.065474971209E0,-3.202458465800E0));
#4056=CARTESIAN_POINT('',(7.076451885347E0,4.898807431867E0,-3.086899160148E0));
#4057=CARTESIAN_POINT('',(6.811542076531E0,4.732139892525E0,-2.971339854497E0));
#4058=CARTESIAN_POINT('',(6.546632267716E0,4.565472353183E0,-2.855780548845E0));
#4059=CARTESIAN_POINT('',(7.479372430360E0,5.057737647028E0,-2.838848463875E0));
#4060=CARTESIAN_POINT('',(7.209482564811E0,4.891070107686E0,-2.736409865267E0));
#4061=CARTESIAN_POINT('',(6.939592699262E0,4.724402568344E0,-2.633971266660E0));
#4062=CARTESIAN_POINT('',(6.669702833713E0,4.557735029002E0,-2.531532668052E0));
#4063=B_SPLINE_SURFACE_WITH_KNOTS('',3,3,((#3539,#3540,#3541,#3542),(#3543,
#3544,#3545,#3546),(#3547,#3548,#3549,#3550),(#3551,#3552,#3553,#3554),(#3555,
#3556,#3557,#3558),(#3559,#3560,#3561,#3562),(#3563,#3564,#3565,#3566),(#3567,
#3568,#3569,#3570),(#3571,#3572,#3573,#3574),(#3575,#3576,#3577,#3578),(#3579,
#3580,#3581,#3582),(#3583,#3584,#3585,#3586),(#3587,#3588,#3589,#3590),(#3591,
#3592,#3593,#3594),(#3595,#3596,#3597,#3598),(#3599,#3600,#3601,#3602),(#3603,
#3604,#3605,#3606),(#3607,#3608,#3609,#3610),(#3611,#3612,#3613,#3614),(#3615,
#3616,#3617,#3618),(#3619,#3620,#3621,#3622),(#3623,#3624,#3625,#3626),(#3627,
#3628,#3629,#3630),(#3631,#3632,#3633,#3634),(#3635,#3636,#3637,#3638),(#3639,
#3640,#3641,#3642),(#3643,#3644,#3645,#3646),(#3647,#3648,#3649,#3650),(#3651,
#3652,#3653,#3654),(#3655,#3656,#3657,#3658),(#3659,#3660,#3661,#3662),(#3663,
#3664,#3665,#3666),(#3667,#3668,#3669,#3670),(#3671,#3672,#3673,#3674),(#3675,
#3676,#3677,#3678),(#3679,#3680,#3681,#3682),(#3683,#3684,#3685,#3686),(#3687,
#3688,#3689,#3690),(#3691,#3692,#3693,#3694),(#3695,#3696,#3697,#3698),(#3699,
#3700,#3701,#3702),(#3703,#3704,#3705,#3706),(#3707,#3708,#3709,#3710),(#3711,
#3712,#3713,#3714),(#3715,#3716,#3717,#3718),(#3719,#3720,#3721,#3722),(#3723,
#3724,#3725,#3726),(#3727,#3728,#3729,#3730),(#3731,#3732,#3733,#3734),(#3735,
#3736,#3737,#3738),(#3739,#3740,#3741,#3742),(#3743,#3744,#3745,#3746),(#3747,
#3748,#3749,#3750),(#3751,#3752,#3753,#3754),(#3755,#3756,#3757,#3758),(#3759,
#3760,#3761,#3762),(#3763,#3764,#3765,#3766),(#3767,#3768,#3769,#3770),(#3771,
#3772,#3773,#3774),(#3775,#3776,#3777,#3778),(#3779,#3780,#3781,#3782),(#3783,
#3784,#3785,#3786),(#3787,#3788,#3789,#3790),(#3791,#3792,#3793,#3794),(#3795,
#3796,#3797,#3798),(#3799,#3800,#3801,#3802),(#3803,#3804,#3805,#3806),(#3807,
#3808,#3809,#3810),(#3811,#3812,#3813,#3814),(#3815,#3816,#3817,#3818),(#3819,
#3820,#3821,#3822),(#3823,#3824,#3825,#3826),(#3827,#3828,#3829,#3830),(#3831,
#3832,#3833,#3834),(#3835,#3836,#3837,#3838),(#3839,#3840,#3841,#3842),(#3843,
#3844,#3845,#3846),(#3847,#3848,#3849,#3850),(#3851,#3852,#3853,#3854),(#3855,
#3856,#3857,#3858),(#3859,#3860,#3861,#3862),(#3863,#3864,#3865,#3866),(#3867,
#3868,#3869,#3870),(#3871,#3872,#3873,#3874),(#3875,#3876,#3877,#3878),(#3879,
#3880,#3881,#3882),(#3883,#3884,#3885,#3886),(#3887,#3888,#3889,#3890),(#3891,
#3892,#3893,#3894),(#3895,#3896,#3897,#3898),(#3899,#3900,#3901,#3902),(#3903,
#3904,#3905,#3906),(#3907,#3908,#3909,#3910),(#3911,#3912,#3913,#3914),(#3915,
#3916,#3917,#3918),(#3919,#3920,#3921,#3922),(#3923,#3924,#3925,#3926),(#3927,
#3928,#3929,#3930),(#3931,#3932,#3933,#3934),(#3935,#3936,#3937,#3938),(#3939,
#3940,#3941,#3942),(#3943,#3944,#3945,#3946),(#3947,#3948,#3949,#3950),(#3951,
#3952,#3953,#3954),(#3955,#3956,#3957,#3958),(#3959,#3960,#3961,#3962),(#3963,
#3964,#3965,#3966),(#3967,#3968,#3969,#3970),(#3971,#3972,#3973,#3974),(#3975,
#3976,#3977,#3978),(#3979,#3980,#3981,#3982),(#3983,#3984,#3985,#3986),(#3987,
#3988,#3989,#3990),(#3991,#3992,#3993,#3994),(#3995,#3996,#3997,#3998),(#3999,
#4000,#4001,#4002),(#4003,#4004,#4005,#4006),(#4007,#4008,#4009,#4010),(#4011,
#4012,#4013,#4014),(#4015,#4016,#4017,#4018),(#4019,#4020,#4021,#4022),(#4023,
#4024,#4025,#4026),(#4027,#4028,#4029,#4030),(#4031,#4032,#4033,#4034),(#4035,
#4036,#4037,#4038),(#4039,#4040,#4041,#4042),(#4043,#4044,#4045,#4046),(#4047,
#4048,#4049,#4050),(#4051,#4052,#4053,#4054),(#4055,#4056,#4057,#4058),(#4059,
#4060,#4061,#4062)),.UNSPECIFIED.,.F.,.F.,.F.,(4,1,1,1,1,1,1,1,1,1,1,1,1,1,1,1,
1,1,1,1,1,1,1,1,1,1,1,1,1,1,1,1,1,1,1,1,1,1,1,1,1,1,1,1,1,1,1,1,1,1,1,1,1,1,1,1,
1,1,1,1,1,1,1,1,1,1,1,1,1,1,1,1,1,1,1,1,1,1,1,1,1,1,1,1,1,1,1,1,1,1,1,1,1,1,1,1,
1,1,1,1,1,1,1,1,1,1,1,1,1,1,1,1,1,1,1,1,1,1,1,1,1,1,1,1,1,1,1,1,4),(4,4),(0.E0,
7.812500000003E-3,1.5625E-2,2.34375E-2,3.125E-2,3.90625E-2,4.6875E-2,5.46875E-2,
6.25E-2,7.03125E-2,7.8125E-2,8.59375E-2,9.375E-2,1.015625E-1,1.09375E-1,
1.171875E-1,1.25E-1,1.328125E-1,1.40625E-1,1.484375E-1,1.5625E-1,1.640625E-1,
1.71875E-1,1.796875E-1,1.875E-1,1.953125E-1,2.03125E-1,2.109375E-1,2.1875E-1,
2.265625E-1,2.34375E-1,2.421875E-1,2.5E-1,2.578125E-1,2.65625E-1,2.734375E-1,
2.8125E-1,2.890625E-1,2.96875E-1,3.046875E-1,3.125E-1,3.203125E-1,3.28125E-1,
3.359375E-1,3.4375E-1,3.515625E-1,3.59375E-1,3.671875E-1,3.75E-1,3.828125E-1,
3.90625E-1,3.984375E-1,4.0625E-1,4.140625E-1,4.21875E-1,4.296875E-1,4.375E-1,
4.453125E-1,4.53125E-1,4.609375E-1,4.6875E-1,4.765625E-1,4.84375E-1,4.921875E-1,
5.E-1,5.078125E-1,5.15625E-1,5.234375E-1,5.3125E-1,5.390625E-1,5.46875E-1,
5.546875E-1,5.625E-1,5.703125E-1,5.78125E-1,5.859375E-1,5.9375E-1,6.015625E-1,
6.09375E-1,6.171875E-1,6.25E-1,6.328125E-1,6.40625E-1,6.484375E-1,6.5625E-1,
6.640625E-1,6.71875E-1,6.796875E-1,6.875E-1,6.953125E-1,7.03125E-1,7.109375E-1,
7.1875E-1,7.265625E-1,7.34375E-1,7.421875E-1,7.5E-1,7.578125E-1,7.65625E-1,
7.734375E-1,7.8125E-1,7.890625E-1,7.96875E-1,8.046875E-1,8.125E-1,8.203125E-1,
8.28125E-1,8.359375E-1,8.4375E-1,8.515625E-1,8.59375E-1,8.671875E-1,8.75E-1,
8.828125E-1,8.90625E-1,8.984375E-1,9.0625E-1,9.140625E-1,9.21875E-1,9.296875E-1,
9.375E-1,9.453125E-1,9.53125E-1,9.609375E-1,9.6875E-1,9.765625E-1,9.84375E-1,
9.921875E-1,1.E0),(-5.236051253369E-6,1.E0),.UNSPECIFIED.);
#4064=ORIENTED_EDGE('',*,*,#3528,.F.);
#4065=ORIENTED_EDGE('',*,*,#3526,.T.);
#4066=ORIENTED_EDGE('',*,*,#2957,.F.);
#4068=ORIENTED_EDGE('',*,*,#4067,.F.);
#4070=ORIENTED_EDGE('',*,*,#4069,.T.);
#4072=ORIENTED_EDGE('',*,*,#4071,.T.);
#4074=ORIENTED_EDGE('',*,*,#4073,.T.);
#4076=ORIENTED_EDGE('',*,*,#4075,.T.);
#4078=ORIENTED_EDGE('',*,*,#4077,.T.);
#4080=ORIENTED_EDGE('',*,*,#4079,.F.);
#4081=ORIENTED_EDGE('',*,*,#3530,.F.);
#4082=EDGE_LOOP('',(#4064,#4065,#4066,#4068,#4070,#4072,#4074,#4076,#4078,#4080,
#4081));
#4083=FACE_OUTER_BOUND('',#4082,.F.);
#4084=ADVANCED_FACE('',(#4083),#4063,.T.);
#4085=CARTESIAN_POINT('',(7.016946776179E0,7.528867514501E0,-1.286876637335E0));
#4086=CARTESIAN_POINT('',(7.300888002821E0,7.362199906342E0,-1.338950187641E0));
#4087=CARTESIAN_POINT('',(7.584829229464E0,7.195532298182E0,-1.391023737947E0));
#4088=CARTESIAN_POINT('',(7.868770456106E0,7.028864690023E0,-1.443097288253E0));
#4089=CARTESIAN_POINT('',(7.079508337451E0,7.521130190320E0,
-9.457474778299E-1));
#4090=CARTESIAN_POINT('',(7.365981121908E0,7.354462582161E0,
-9.840172135875E-1));
#4091=CARTESIAN_POINT('',(7.652453906365E0,7.187794974001E0,-1.022286949345E0));
#4092=CARTESIAN_POINT('',(7.938926690823E0,7.021127365842E0,-1.060556685103E0));
#4093=CARTESIAN_POINT('',(7.154790637841E0,7.505655541958E0,
-2.543516530958E-1));
#4094=CARTESIAN_POINT('',(7.444309725684E0,7.338987933799E0,
-2.646440099686E-1));
#4095=CARTESIAN_POINT('',(7.733828813526E0,7.172320325639E0,
-2.749363668415E-1));
#4096=CARTESIAN_POINT('',(8.023347901369E0,7.005652717480E0,
-2.852287237144E-1));
#4097=CARTESIAN_POINT('',(7.115795974450E0,7.482443569415E0,7.881451492786E-1));
#4098=CARTESIAN_POINT('',(7.403737140597E0,7.315775961256E0,8.200374961349E-1));
#4099=CARTESIAN_POINT('',(7.691678306743E0,7.149108353096E0,8.519298429913E-1));
#4100=CARTESIAN_POINT('',(7.979619472890E0,6.982440744937E0,8.838221898476E-1));
#4101=CARTESIAN_POINT('',(6.925710620913E0,7.459231596872E0,1.813906529429E0));
#4102=CARTESIAN_POINT('',(7.205959970352E0,7.292563988713E0,1.887306380020E0));
#4103=CARTESIAN_POINT('',(7.486209319791E0,7.125896380553E0,1.960706230612E0));
#4104=CARTESIAN_POINT('',(7.766458669231E0,6.959228772394E0,2.034106081203E0));
#4105=CARTESIAN_POINT('',(6.588570831592E0,7.436019624329E0,2.801153179935E0));
#4106=CARTESIAN_POINT('',(6.855177796617E0,7.269352016170E0,2.914502033117E0));
#4107=CARTESIAN_POINT('',(7.121784761643E0,7.102684408010E0,3.027850886300E0));
#4108=CARTESIAN_POINT('',(7.388391726668E0,6.936016799851E0,3.141199739482E0));
#4109=CARTESIAN_POINT('',(6.111535097361E0,7.412807651786E0,3.728922553847E0));
#4110=CARTESIAN_POINT('',(6.358838779085E0,7.246140043627E0,3.879813657594E0));
#4111=CARTESIAN_POINT('',(6.606142460810E0,7.079472435467E0,4.030704761342E0));
#4112=CARTESIAN_POINT('',(6.853446142534E0,6.912804827308E0,4.181595865089E0));
#4113=CARTESIAN_POINT('',(5.504732387430E0,7.389595679243E0,4.577515267889E0));
#4114=CARTESIAN_POINT('',(5.727481756391E0,7.222928071084E0,4.762744733295E0));
#4115=CARTESIAN_POINT('',(5.950231125351E0,7.056260462924E0,4.947974198702E0));
#4116=CARTESIAN_POINT('',(6.172980494312E0,6.889592854765E0,5.133203664108E0));
#4117=CARTESIAN_POINT('',(4.781047015666E0,7.366383706700E0,5.328913032784E0));
#4118=CARTESIAN_POINT('',(4.974512407034E0,7.199716098541E0,5.544547859648E0));
#4119=CARTESIAN_POINT('',(5.167977798402E0,7.033048490381E0,5.760182686513E0));
#4120=CARTESIAN_POINT('',(5.361443189771E0,6.866380882222E0,5.975817513377E0));
#4121=CARTESIAN_POINT('',(3.955845083527E0,7.343171734157E0,5.967161331360E0));
#4122=CARTESIAN_POINT('',(4.115918622810E0,7.176504125998E0,6.208622918863E0));
#4123=CARTESIAN_POINT('',(4.275992162093E0,7.009836517838E0,6.450084506366E0));
#4124=CARTESIAN_POINT('',(4.436065701377E0,6.843168909679E0,6.691546093868E0));
#4125=CARTESIAN_POINT('',(3.046648205138E0,7.319959761614E0,6.478708157711E0));
#4126=CARTESIAN_POINT('',(3.169931031146E0,7.153292153455E0,6.740869522196E0));
#4127=CARTESIAN_POINT('',(3.293213857154E0,6.986624545295E0,7.003030886680E0));
#4128=CARTESIAN_POINT('',(3.416496683162E0,6.819956937136E0,7.265192251165E0));
#4129=CARTESIAN_POINT('',(2.072761469928E0,7.296747789071E0,6.852691775327E0));
#4130=CARTESIAN_POINT('',(2.156635903222E0,7.130080180912E0,7.129986412233E0));
#4131=CARTESIAN_POINT('',(2.240510336517E0,6.963412572752E0,7.407281049139E0));
#4132=CARTESIAN_POINT('',(2.324384769811E0,6.796744964593E0,7.684575686045E0));
#4133=CARTESIAN_POINT('',(1.054863534960E0,7.273535816528E0,7.081171343882E0));
#4134=CARTESIAN_POINT('',(1.097548659361E0,7.106868208369E0,7.367711422007E0));
#4135=CARTESIAN_POINT('',(1.140233783762E0,6.940200600209E0,7.654251500132E0));
#4136=CARTESIAN_POINT('',(1.182918908163E0,6.773532992050E0,7.940791578257E0));
#4137=CARTESIAN_POINT('',(1.456755254592E-2,7.250323843985E0,7.159295528558E0));
#4138=CARTESIAN_POINT('',(1.515702954653E-2,7.083656235826E0,7.448996907108E0));
#4139=CARTESIAN_POINT('',(1.574650654714E-2,6.916988627666E0,7.738698285659E0));
#4140=CARTESIAN_POINT('',(1.633598354775E-2,6.750321019507E0,8.028399664209E0));
#4141=CARTESIAN_POINT('',(-1.026037744507E0,7.227111871442E0,7.085405508908E0));
#4142=CARTESIAN_POINT('',(-1.067556431345E0,7.060444263283E0,7.372116922808E0));
#4143=CARTESIAN_POINT('',(-1.109075118182E0,6.893776655123E0,7.658828336707E0));
#4144=CARTESIAN_POINT('',(-1.150593805020E0,6.727109046964E0,7.945539750607E0));
#4145=CARTESIAN_POINT('',(-2.044857055674E0,7.203899898899E0,6.861070200827E0));
#4146=CARTESIAN_POINT('',(-2.127602334955E0,7.037232290740E0,7.138703871288E0));
#4147=CARTESIAN_POINT('',(-2.210347614236E0,6.870564682580E0,7.416337541749E0));
#4148=CARTESIAN_POINT('',(-2.293092893517E0,6.703897074421E0,7.693971212210E0));
#4149=CARTESIAN_POINT('',(-3.020257664954E0,7.180687926357E0,6.491052943560E0));
#4150=CARTESIAN_POINT('',(-3.142472595965E0,7.014020318198E0,6.753713840640E0));
#4151=CARTESIAN_POINT('',(-3.264687526977E0,6.847352710038E0,7.016374737721E0));
#4152=CARTESIAN_POINT('',(-3.386902457988E0,6.680685101879E0,7.279035634801E0));
#4153=CARTESIAN_POINT('',(-3.931528770993E0,7.157475953814E0,5.983210359135E0));
#4154=CARTESIAN_POINT('',(-4.090618349042E0,6.990808345655E0,6.225321371634E0));
#4155=CARTESIAN_POINT('',(-4.249707927091E0,6.824140737495E0,6.467432384133E0));
#4156=CARTESIAN_POINT('',(-4.408797505141E0,6.657473129336E0,6.709543396632E0));
#4157=CARTESIAN_POINT('',(-4.759321242087E0,7.134263981271E0,5.348325531738E0));
#4158=CARTESIAN_POINT('',(-4.951907498555E0,6.967596373112E0,5.564745886688E0));
#4159=CARTESIAN_POINT('',(-5.144493755024E0,6.800928764952E0,5.781166241637E0));
#4160=CARTESIAN_POINT('',(-5.337080011492E0,6.634261156793E0,5.997586596587E0));
#4161=CARTESIAN_POINT('',(-5.486058458671E0,7.111052008728E0,4.599879049155E0));
#4162=CARTESIAN_POINT('',(-5.708052185839E0,6.944384400569E0,4.786013466486E0));
#4163=CARTESIAN_POINT('',(-5.930045913008E0,6.777716792409E0,4.972147883817E0));
#4164=CARTESIAN_POINT('',(-6.152039640176E0,6.611049184250E0,5.158282301147E0));
#4165=CARTESIAN_POINT('',(-6.096309519858E0,7.087840036185E0,3.753762767798E0));
#4166=CARTESIAN_POINT('',(-6.342997097557E0,6.921172428026E0,3.905659032485E0));
#4167=CARTESIAN_POINT('',(-6.589684675257E0,6.754504819866E0,4.057555297173E0));
#4168=CARTESIAN_POINT('',(-6.836372252956E0,6.587837211707E0,4.209451561860E0));
#4169=CARTESIAN_POINT('',(-6.577116889653E0,7.064628063642E0,2.827942378948E0));
#4170=CARTESIAN_POINT('',(-6.843260370142E0,6.897960455483E0,2.942375258884E0));
#4171=CARTESIAN_POINT('',(-7.109403850631E0,6.731292847323E0,3.056808138819E0));
#4172=CARTESIAN_POINT('',(-7.375547331120E0,6.564625239164E0,3.171241018755E0));
#4173=CARTESIAN_POINT('',(-6.918271525916E0,7.041416091099E0,1.842075941029E0));
#4174=CARTESIAN_POINT('',(-7.198219851872E0,6.874748482940E0,1.916615668769E0));
#4175=CARTESIAN_POINT('',(-7.478168177827E0,6.708080874780E0,1.991155396509E0));
#4176=CARTESIAN_POINT('',(-7.758116503783E0,6.541413266621E0,2.065695124250E0));
#4177=CARTESIAN_POINT('',(-7.112529650207E0,7.018204118556E0,
8.170964776228E-1));
#4178=CARTESIAN_POINT('',(-7.400338644322E0,6.851536510397E0,
8.501603419418E-1));
#4179=CARTESIAN_POINT('',(-7.688147638436E0,6.684868902237E0,
8.832242062608E-1));
#4180=CARTESIAN_POINT('',(-7.975956632551E0,6.518201294078E0,
9.162880705798E-1));
#4181=CARTESIAN_POINT('',(-7.155766555832E0,6.994992146013E0,
-2.252324959985E-1));
#4182=CARTESIAN_POINT('',(-7.445325134262E0,6.828324537854E0,
-2.343465442069E-1));
#4183=CARTESIAN_POINT('',(-7.734883712692E0,6.661656929694E0,
-2.434605924152E-1));
#4184=CARTESIAN_POINT('',(-8.024442291122E0,6.494989321535E0,
-2.525746406236E-1));
#4185=CARTESIAN_POINT('',(-7.047064188245E0,6.971780173470E0,
-1.262779080273E0));
#4186=CARTESIAN_POINT('',(-7.332224118007E0,6.805112565311E0,
-1.313877521300E0));
#4187=CARTESIAN_POINT('',(-7.617384047768E0,6.638444957151E0,
-1.364975962327E0));
#4188=CARTESIAN_POINT('',(-7.902543977530E0,6.471777348992E0,
-1.416074403354E0));
#4189=CARTESIAN_POINT('',(-6.788730638213E0,6.948568200927E0,
-2.273512920701E0));
#4190=CARTESIAN_POINT('',(-7.063437083373E0,6.781900592768E0,
-2.365510775050E0));
#4191=CARTESIAN_POINT('',(-7.338143528533E0,6.615232984608E0,
-2.457508629399E0));
#4192=CARTESIAN_POINT('',(-7.612849973692E0,6.448565376449E0,
-2.549506483749E0));
#4193=CARTESIAN_POINT('',(-6.386251133845E0,6.925356228384E0,
-3.235972981079E0));
#4194=CARTESIAN_POINT('',(-6.644671218596E0,6.758688620225E0,
-3.366916846971E0));
#4195=CARTESIAN_POINT('',(-6.903091303346E0,6.592021012065E0,
-3.497860712862E0));
#4196=CARTESIAN_POINT('',(-7.161511388097E0,6.425353403906E0,
-3.628804578754E0));
#4197=CARTESIAN_POINT('',(-5.848171572061E0,6.902144255841E0,
-4.129723228323E0));
#4198=CARTESIAN_POINT('',(-6.084818230893E0,6.735476647682E0,
-4.296832758514E0));
#4199=CARTESIAN_POINT('',(-6.321464889726E0,6.568809039522E0,
-4.463942288705E0));
#4200=CARTESIAN_POINT('',(-6.558111548558E0,6.402141431363E0,
-4.631051818896E0));
#4201=CARTESIAN_POINT('',(-5.185917062514E0,6.878932283298E0,
-4.935786553280E0));
#4202=CARTESIAN_POINT('',(-5.395765547754E0,6.712264675139E0,
-5.135513490520E0));
#4203=CARTESIAN_POINT('',(-5.605614032995E0,6.545597066979E0,
-5.335240427760E0));
#4204=CARTESIAN_POINT('',(-5.815462518235E0,6.378929458820E0,
-5.534967365001E0));
#4205=CARTESIAN_POINT('',(-4.413549336825E0,6.855720310755E0,
-5.637047714028E0));
#4206=CARTESIAN_POINT('',(-4.592143909724E0,6.689052702596E0,
-5.865151231643E0));
#4207=CARTESIAN_POINT('',(-4.770738482623E0,6.522385094436E0,
-6.093254749257E0));
#4208=CARTESIAN_POINT('',(-4.949333055521E0,6.355717486277E0,
-6.321358266872E0));
#4209=CARTESIAN_POINT('',(-3.547468174107E0,6.832508338212E0,
-6.218616745910E0));
#4210=CARTESIAN_POINT('',(-3.691016714086E0,6.665840730053E0,
-6.470253493797E0));
#4211=CARTESIAN_POINT('',(-3.834565254065E0,6.499173121893E0,
-6.721890241684E0));
#4212=CARTESIAN_POINT('',(-3.978113794044E0,6.332505513734E0,
-6.973526989570E0));
#4213=CARTESIAN_POINT('',(-2.606063182431E0,6.809296365669E0,
-6.668145121995E0));
#4214=CARTESIAN_POINT('',(-2.711517705649E0,6.642628757510E0,
-6.937972066072E0));
#4215=CARTESIAN_POINT('',(-2.816972228867E0,6.475961149350E0,
-7.207799010149E0));
#4216=CARTESIAN_POINT('',(-2.922426752085E0,6.309293541191E0,
-7.477625954226E0));
#4217=CARTESIAN_POINT('',(-1.609323330011E0,6.786084393126E0,
-6.976087950871E0));
#4218=CARTESIAN_POINT('',(-1.674444707579E0,6.619416784967E0,
-7.258375822380E0));
#4219=CARTESIAN_POINT('',(-1.739566085148E0,6.452749176807E0,
-7.540663693888E0));
#4220=CARTESIAN_POINT('',(-1.804687462716E0,6.286081568648E0,
-7.822951565397E0));
#4221=CARTESIAN_POINT('',(-5.784125169798E-1,6.762872420583E0,
-7.135906644500E0));
#4222=CARTESIAN_POINT('',(-6.018180186624E-1,6.596204812424E0,
-7.424661590272E0));
#4223=CARTESIAN_POINT('',(-6.252235203450E-1,6.429537204264E0,
-7.713416536045E0));
#4224=CARTESIAN_POINT('',(-6.486290220276E-1,6.262869596105E0,
-8.002171481817E0));
#4225=CARTESIAN_POINT('',(4.647798003128E-1,6.739660448040E0,
-7.144207752861E0));
#4226=CARTESIAN_POINT('',(4.835871464177E-1,6.572992839881E0,
-7.433298603546E0));
#4227=CARTESIAN_POINT('',(5.023944925227E-1,6.406325231721E0,
-7.722389454230E0));
#4228=CARTESIAN_POINT('',(5.212018386276E-1,6.239657623562E0,
-8.011480304915E0));
#4229=CARTESIAN_POINT('',(1.498103390822E0,6.716448475497E0,-7.000815017498E0));
#4230=CARTESIAN_POINT('',(1.558724246017E0,6.549780867338E0,-7.284103471432E0));
#4231=CARTESIAN_POINT('',(1.619345101211E0,6.383113259178E0,-7.567391925366E0));
#4232=CARTESIAN_POINT('',(1.679965956406E0,6.216445651019E0,-7.850680379301E0));
#4233=CARTESIAN_POINT('',(2.499617567397E0,6.693236502954E0,-6.708773114033E0));
#4234=CARTESIAN_POINT('',(2.600764761591E0,6.526568894795E0,-6.980244072560E0));
#4235=CARTESIAN_POINT('',(2.701911955786E0,6.359901286635E0,-7.251715031088E0));
#4236=CARTESIAN_POINT('',(2.803059149980E0,6.193233678476E0,-7.523185989615E0));
#4237=CARTESIAN_POINT('',(3.448057056090E0,6.670024530411E0,-6.274283004197E0));
#4238=CARTESIAN_POINT('',(3.587582918444E0,6.503356922252E0,-6.528172290997E0));
#4239=CARTESIAN_POINT('',(3.727108780799E0,6.336689314092E0,-6.782061577796E0));
#4240=CARTESIAN_POINT('',(3.866634643153E0,6.170021705933E0,-7.035950864596E0));
#4241=CARTESIAN_POINT('',(4.323283524346E0,6.646812557868E0,-5.706570270042E0));
#4242=CARTESIAN_POINT('',(4.498225485028E0,6.480144949709E0,-5.937487022595E0));
#4243=CARTESIAN_POINT('',(4.673167445710E0,6.313477341549E0,-6.168403775149E0));
#4244=CARTESIAN_POINT('',(4.848109406392E0,6.146809733390E0,-6.399320527702E0));
#4245=CARTESIAN_POINT('',(5.106713180695E0,6.623600585325E0,-5.017689226021E0));
#4246=CARTESIAN_POINT('',(5.313356675492E0,6.456932977166E0,-5.220730360462E0));
#4247=CARTESIAN_POINT('',(5.520000170290E0,6.290265369006E0,-5.423771494903E0));
#4248=CARTESIAN_POINT('',(5.726643665087E0,6.123597760847E0,-5.626812629344E0));
#4249=CARTESIAN_POINT('',(5.781711366687E0,6.600388612782E0,-4.222266968245E0));
#4250=CARTESIAN_POINT('',(6.015668708807E0,6.433721004623E0,-4.393121287141E0));
#4251=CARTESIAN_POINT('',(6.249626050926E0,6.267053396463E0,-4.563975606037E0));
#4252=CARTESIAN_POINT('',(6.483583393046E0,6.100385788304E0,-4.734829924933E0));
#4253=CARTESIAN_POINT('',(6.333945762648E0,6.577176640240E0,-3.337192795547E0));
#4254=CARTESIAN_POINT('',(6.590249307010E0,6.410509032081E0,-3.472232528088E0));
#4255=CARTESIAN_POINT('',(6.846552851371E0,6.243841423921E0,-3.607272260629E0));
#4256=CARTESIAN_POINT('',(7.102856395733E0,6.077173815762E0,-3.742311993169E0));
#4257=CARTESIAN_POINT('',(6.751690707585E0,6.553964667697E0,-2.381259596920E0));
#4258=CARTESIAN_POINT('',(7.024898329443E0,6.387297059538E0,-2.477617427821E0));
#4259=CARTESIAN_POINT('',(7.298105951300E0,6.220629451378E0,-2.573975258723E0));
#4260=CARTESIAN_POINT('',(7.571313573158E0,6.053961843219E0,-2.670333089624E0));
#4261=CARTESIAN_POINT('',(7.026076171598E0,6.530752695154E0,-1.374764819786E0));
#4262=CARTESIAN_POINT('',(7.310386819844E0,6.364085086995E0,-1.430394771348E0));
#4263=CARTESIAN_POINT('',(7.594697468090E0,6.197417478835E0,-1.486024722911E0));
#4264=CARTESIAN_POINT('',(7.879008116337E0,6.030749870676E0,-1.541654674473E0));
#4265=CARTESIAN_POINT('',(7.151276094310E0,6.507540722611E0,
-3.390794917975E-1));
#4266=CARTESIAN_POINT('',(7.440652965911E0,6.340873114452E0,
-3.528003664031E-1));
#4267=CARTESIAN_POINT('',(7.730029837511E0,6.174205506292E0,
-3.665212410088E-1));
#4268=CARTESIAN_POINT('',(8.019406709112E0,6.007537898133E0,
-3.802421156144E-1));
#4269=CARTESIAN_POINT('',(7.124632090334E0,6.484328750068E0,7.038055528313E-1));
#4270=CARTESIAN_POINT('',(7.412930810508E0,6.317661141909E0,7.322850922040E-1));
#4271=CARTESIAN_POINT('',(7.701229530683E0,6.150993533749E0,7.607646315768E-1));
#4272=CARTESIAN_POINT('',(7.989528250857E0,5.984325925590E0,7.892441709495E-1));
#4273=CARTESIAN_POINT('',(6.946709895089E0,6.461116777525E0,1.731746607414E0));
#4274=CARTESIAN_POINT('',(7.227808981580E0,6.294449169366E0,1.801821851196E0));
#4275=CARTESIAN_POINT('',(7.508908068071E0,6.127781561206E0,1.871897094977E0));
#4276=CARTESIAN_POINT('',(7.790007154562E0,5.961113953047E0,1.941972338759E0));
#4277=CARTESIAN_POINT('',(6.621287352474E0,6.437904804982E0,2.722917272848E0));
#4278=CARTESIAN_POINT('',(6.889218193733E0,6.271237196823E0,2.833100304751E0));
#4279=CARTESIAN_POINT('',(7.157149034992E0,6.104569588663E0,2.943283336653E0));
#4280=CARTESIAN_POINT('',(7.425079876252E0,5.937901980504E0,3.053466368556E0));
#4281=CARTESIAN_POINT('',(6.155274199446E0,6.414692832439E0,3.656271900235E0));
#4282=CARTESIAN_POINT('',(6.404347786899E0,6.248025224280E0,3.804223190362E0));
#4283=CARTESIAN_POINT('',(6.653421374353E0,6.081357616120E0,3.952174480489E0));
#4284=CARTESIAN_POINT('',(6.902494961806E0,5.914690007961E0,4.100125770617E0));
#4285=CARTESIAN_POINT('',(5.558565350717E0,6.391480859896E0,4.511992455736E0));
#4286=CARTESIAN_POINT('',(5.783493074184E0,6.224813251737E0,4.694570536110E0));
#4287=CARTESIAN_POINT('',(6.008420797651E0,6.058145643577E0,4.877148616484E0));
#4288=CARTESIAN_POINT('',(6.233348521118E0,5.891478035418E0,5.059726696858E0));
#4289=CARTESIAN_POINT('',(4.843830798816E0,6.368268887353E0,5.271909319331E0));
#4290=CARTESIAN_POINT('',(5.039836740223E0,6.201601279194E0,5.485237487069E0));
#4291=CARTESIAN_POINT('',(5.235842681629E0,6.034933671034E0,5.698565654807E0));
#4292=CARTESIAN_POINT('',(5.431848623036E0,5.868266062875E0,5.911893822546E0));
#4293=CARTESIAN_POINT('',(4.026246590572E0,6.345056914810E0,5.919887082599E0));
#4294=CARTESIAN_POINT('',(4.189168931607E0,6.178389306651E0,6.159435714423E0));
#4295=CARTESIAN_POINT('',(4.352091272642E0,6.011721698491E0,6.398984346247E0));
#4296=CARTESIAN_POINT('',(4.515013613677E0,5.845054090332E0,6.638532978071E0));
#4297=CARTESIAN_POINT('',(3.123172592245E0,6.321844942267E0,6.442167153828E0));
#4298=CARTESIAN_POINT('',(3.249551982761E0,6.155177334108E0,6.702849884115E0));
#4299=CARTESIAN_POINT('',(3.375931373277E0,5.988509725948E0,6.963532614402E0));
#4300=CARTESIAN_POINT('',(3.502310763794E0,5.821842117789E0,7.224215344690E0));
#4301=CARTESIAN_POINT('',(2.153783885343E0,6.298632969724E0,6.827659895898E0));
#4302=CARTESIAN_POINT('',(2.240936896166E0,6.131965361565E0,7.103941616107E0));
#4303=CARTESIAN_POINT('',(2.328089906988E0,5.965297753405E0,7.380223336316E0));
#4304=CARTESIAN_POINT('',(2.415242917811E0,5.798630145246E0,7.656505056525E0));
#4305=CARTESIAN_POINT('',(1.138663619754E0,6.275420997181E0,7.068180093904E0));
#4306=CARTESIAN_POINT('',(1.184739720263E0,6.108753389022E0,7.354194480219E0));
#4307=CARTESIAN_POINT('',(1.230815820772E0,5.942085780862E0,7.640208866534E0));
#4308=CARTESIAN_POINT('',(1.276891921281E0,5.775418172703E0,7.926223252848E0));
#4309=CARTESIAN_POINT('',(9.936596918881E-2,6.252209024638E0,7.158620752839E0));
#4310=CARTESIAN_POINT('',(1.033868198633E-1,6.085541416479E0,7.448294826544E0));
#4311=CARTESIAN_POINT('',(1.074076705378E-1,5.918873808319E0,7.737968900250E0));
#4312=CARTESIAN_POINT('',(1.114285212123E-1,5.752206200160E0,8.027642973955E0));
#4313=CARTESIAN_POINT('',(-9.420415312466E-1,6.228997052095E0,
7.097061535045E0));
#4314=CARTESIAN_POINT('',(-9.801613056244E-1,6.062329443936E0,
7.384244610832E0));
#4315=CARTESIAN_POINT('',(-1.018281080002E0,5.895661835776E0,7.671427686619E0));
#4316=CARTESIAN_POINT('',(-1.056400854380E0,5.728994227617E0,7.958610762406E0));
#4317=CARTESIAN_POINT('',(-1.963446547744E0,6.205785079552E0,6.884809534981E0));
#4318=CARTESIAN_POINT('',(-2.042897545307E0,6.039117471393E0,7.163403819207E0));
#4319=CARTESIAN_POINT('',(-2.122348542870E0,5.872449863233E0,7.441998103433E0));
#4320=CARTESIAN_POINT('',(-2.201799540433E0,5.705782255074E0,7.720592387659E0));
#4321=CARTESIAN_POINT('',(-2.943161461704E0,6.182573107009E0,6.526371525523E0));
#4322=CARTESIAN_POINT('',(-3.062256689628E0,6.015905498850E0,6.790461591415E0));
#4323=CARTESIAN_POINT('',(-3.181351917552E0,5.849237890690E0,7.054551657306E0));
#4324=CARTESIAN_POINT('',(-3.300447145477E0,5.682570282531E0,7.318641723198E0));
#4325=CARTESIAN_POINT('',(-3.860383865609E0,6.159361134466E0,6.029358265103E0));
#4326=CARTESIAN_POINT('',(-4.016594560242E0,5.992693526307E0,6.273336655743E0));
#4327=CARTESIAN_POINT('',(-4.172805254875E0,5.826025918147E0,6.517315046383E0));
#4328=CARTESIAN_POINT('',(-4.329015949508E0,5.659358309988E0,6.761293437023E0));
#4329=CARTESIAN_POINT('',(-4.695638263111E0,6.136149161923E0,5.404322897535E0));
#4330=CARTESIAN_POINT('',(-4.885647583521E0,5.969481553764E0,5.623009189685E0));
#4331=CARTESIAN_POINT('',(-5.075656903931E0,5.802813945604E0,5.841695481835E0));
#4332=CARTESIAN_POINT('',(-5.265666224341E0,5.636146337445E0,6.060381773986E0));
#4333=CARTESIAN_POINT('',(-5.431189594646E0,6.112937189380E0,4.664536875813E0));
#4334=CARTESIAN_POINT('',(-5.650963049515E0,5.946269581221E0,4.853287676479E0));
#4335=CARTESIAN_POINT('',(-5.870736504384E0,5.779601973061E0,5.042038477145E0));
#4336=CARTESIAN_POINT('',(-6.090509959252E0,5.612934364902E0,5.230789277812E0));
#4337=CARTESIAN_POINT('',(-6.051419808137E0,6.089725216837E0,3.825708167713E0));
#4338=CARTESIAN_POINT('',(-6.296290920610E0,5.923057608678E0,3.980515707882E0));
#4339=CARTESIAN_POINT('',(-6.541162033083E0,5.756390000518E0,4.135323248051E0));
#4340=CARTESIAN_POINT('',(-6.786033145557E0,5.589722392359E0,4.290130788220E0));
#4341=CARTESIAN_POINT('',(-6.543159479017E0,6.066513244294E0,2.905647726578E0));
#4342=CARTESIAN_POINT('',(-6.807928870584E0,5.899845636135E0,3.023224958669E0));
#4343=CARTESIAN_POINT('',(-7.072698262151E0,5.733178027975E0,3.140802190761E0));
#4344=CARTESIAN_POINT('',(-7.337467653718E0,5.566510419816E0,3.258379422852E0));
#4345=CARTESIAN_POINT('',(-6.895967438249E0,6.043301271751E0,1.923891309150E0));
#4346=CARTESIAN_POINT('',(-7.175013227786E0,5.876633663592E0,2.001741701304E0));
#4347=CARTESIAN_POINT('',(-7.454059017324E0,5.709966055432E0,2.079592093457E0));
#4348=CARTESIAN_POINT('',(-7.733104806861E0,5.543298447273E0,2.157442485611E0));
#4349=CARTESIAN_POINT('',(-7.102352470952E0,6.020089299208E0,
9.012846704401E-1));
#4350=CARTESIAN_POINT('',(-7.389749644819E0,5.853421691049E0,
9.377552156844E-1));
#4351=CARTESIAN_POINT('',(-7.677146818686E0,5.686754082889E0,
9.742257609287E-1));
#4352=CARTESIAN_POINT('',(-7.964543992553E0,5.520086474730E0,1.010696306173E0));
#4353=CARTESIAN_POINT('',(-7.157932378291E0,5.996877326665E0,
-1.404590567590E-1));
#4354=CARTESIAN_POINT('',(-7.447578596873E0,5.830209718506E0,
-1.461427420058E-1));
#4355=CARTESIAN_POINT('',(-7.737224815456E0,5.663542110346E0,
-1.518264272526E-1));
#4356=CARTESIAN_POINT('',(-8.026871034038E0,5.496874502187E0,
-1.575101124994E-1));
#4357=CARTESIAN_POINT('',(-7.061527025242E0,5.973665354123E0,
-1.179220399495E0));
#4358=CARTESIAN_POINT('',(-7.347272194683E0,5.806997745964E0,
-1.226937632844E0));
#4359=CARTESIAN_POINT('',(-7.633017364123E0,5.640330137804E0,
-1.274654866192E0));
#4360=CARTESIAN_POINT('',(-7.918762533564E0,5.473662529645E0,
-1.322372099541E0));
#4361=CARTESIAN_POINT('',(-6.815183398549E0,5.950453381580E0,
-2.192943210152E0));
#4362=CARTESIAN_POINT('',(-7.090960256448E0,5.783785773421E0,
-2.281680805706E0));
#4363=CARTESIAN_POINT('',(-7.366737114347E0,5.617118165261E0,
-2.370418401259E0));
#4364=CARTESIAN_POINT('',(-7.642513972245E0,5.450450557102E0,
-2.459155996813E0));
#4365=CARTESIAN_POINT('',(-6.424132142799E0,5.927241409037E0,
-3.160102987352E0));
#4366=CARTESIAN_POINT('',(-6.684085085143E0,5.760573800878E0,
-3.287976768808E0));
#4367=CARTESIAN_POINT('',(-6.944038027487E0,5.593906192718E0,
-3.415850550264E0));
#4368=CARTESIAN_POINT('',(-7.203990969831E0,5.427238584559E0,
-3.543724331720E0));
#4369=CARTESIAN_POINT('',(-5.896676497501E0,5.904029436494E0,
-4.060163908346E0));
#4370=CARTESIAN_POINT('',(-6.135285911427E0,5.737361828335E0,
-4.224458715942E0));
#4371=CARTESIAN_POINT('',(-6.373895325352E0,5.570694220175E0,
-4.388753523538E0));
#4372=CARTESIAN_POINT('',(-6.612504739278E0,5.404026612016E0,
-4.553048331135E0));
#4373=CARTESIAN_POINT('',(-5.244015993378E0,5.880817463951E0,
-4.874014868669E0));
#4374=CARTESIAN_POINT('',(-5.456215455792E0,5.714149855792E0,
-5.071242210507E0));
#4375=CARTESIAN_POINT('',(-5.668414918206E0,5.547482247632E0,
-5.268469552344E0));
#4376=CARTESIAN_POINT('',(-5.880614380620E0,5.380814639473E0,
-5.465696894182E0));
#4377=CARTESIAN_POINT('',(-4.480008651356E0,5.857605491408E0,
-5.584375270573E0));
#4378=CARTESIAN_POINT('',(-4.661292504919E0,5.690937883249E0,
-5.810347394195E0));
#4379=CARTESIAN_POINT('',(-4.842576358483E0,5.524270275089E0,
-6.036319517818E0));
#4380=CARTESIAN_POINT('',(-5.023860212046E0,5.357602666930E0,
-6.262291641440E0));
#4381=CARTESIAN_POINT('',(-3.620876733488E0,5.834393518865E0,
-6.176161944096E0));
#4382=CARTESIAN_POINT('',(-3.767395755795E0,5.667725910706E0,
-6.426080755551E0));
#4383=CARTESIAN_POINT('',(-3.913914778102E0,5.501058302546E0,
-6.675999567007E0));
#4384=CARTESIAN_POINT('',(-4.060433800409E0,5.334390694387E0,
-6.925918378462E0));
#4385=CARTESIAN_POINT('',(-2.684862293673E0,5.811181546322E0,
-6.636809409861E0));
#4386=CARTESIAN_POINT('',(-2.793505428265E0,5.644513938163E0,
-6.905368352224E0));
#4387=CARTESIAN_POINT('',(-2.902148562857E0,5.477846330003E0,
-7.173927294587E0));
#4388=CARTESIAN_POINT('',(-3.010791697449E0,5.311178721844E0,
-7.442486236950E0));
#4389=CARTESIAN_POINT('',(-1.691839841873E0,5.787969573779E0,
-6.956536683456E0));
#4390=CARTESIAN_POINT('',(-1.760300255684E0,5.621301965620E0,
-7.238033411604E0));
#4391=CARTESIAN_POINT('',(-1.828760669494E0,5.454634357460E0,
-7.519530139752E0));
#4392=CARTESIAN_POINT('',(-1.897221083305E0,5.287966749301E0,
-7.801026867900E0));
#4393=CARTESIAN_POINT('',(-6.628943461955E-1,5.764757601236E0,
-7.128554956272E0));
#4394=CARTESIAN_POINT('',(-6.897184108203E-1,5.598089993077E0,
-7.417012415483E0));
#4395=CARTESIAN_POINT('',(-7.165424754451E-1,5.431422384917E0,
-7.705469874693E0));
#4396=CARTESIAN_POINT('',(-7.433665400699E-1,5.264754776758E0,
-7.993927333904E0));
#4397=CARTESIAN_POINT('',(3.801264668353E-1,5.741545628693E0,
-7.149211743124E0));
#4398=CARTESIAN_POINT('',(3.955083100664E-1,5.574878020534E0,
-7.438505080614E0));
#4399=CARTESIAN_POINT('',(4.108901532976E-1,5.408210412374E0,
-7.727798418103E0));
#4400=CARTESIAN_POINT('',(4.262719965287E-1,5.241542804215E0,
-8.017091755593E0));
#4401=CARTESIAN_POINT('',(1.415076007746E0,5.718333656150E0,-7.018068435910E0));
#4402=CARTESIAN_POINT('',(1.472337154260E0,5.551666047991E0,-7.302055050589E0));
#4403=CARTESIAN_POINT('',(1.529598300774E0,5.384998439831E0,-7.586041665269E0));
#4404=CARTESIAN_POINT('',(1.586859447288E0,5.218330831672E0,-7.870028279948E0));
#4405=CARTESIAN_POINT('',(2.419979065379E0,5.695121683607E0,-6.737909616635E0));
#4406=CARTESIAN_POINT('',(2.517903682195E0,5.528454075448E0,-7.010559585714E0));
#4407=CARTESIAN_POINT('',(2.615828299010E0,5.361786467288E0,-7.283209554792E0));
#4408=CARTESIAN_POINT('',(2.713752915826E0,5.195118859129E0,-7.555859523871E0));
#4409=CARTESIAN_POINT('',(3.373498409260E0,5.671909711064E0,-6.314683932037E0));
#4410=CARTESIAN_POINT('',(3.510007250919E0,5.505242102905E0,-6.570208045118E0));
#4411=CARTESIAN_POINT('',(3.646516092579E0,5.338574494745E0,-6.825732158199E0));
#4412=CARTESIAN_POINT('',(3.783024934238E0,5.171906886586E0,-7.081256271281E0));
#4413=CARTESIAN_POINT('',(4.255387845642E0,5.648697738521E0,-5.757377785240E0));
#4414=CARTESIAN_POINT('',(4.427582403086E0,5.482030130362E0,-5.990350467338E0));
#4415=CARTESIAN_POINT('',(4.599776960529E0,5.315362522202E0,-6.223323149436E0));
#4416=CARTESIAN_POINT('',(4.771971517973E0,5.148694914043E0,-6.456295831534E0));
#4417=CARTESIAN_POINT('',(5.046922107429E0,5.625485765978E0,-5.077824526345E0));
#4418=CARTESIAN_POINT('',(5.251146152396E0,5.458818157819E0,-5.283299039787E0));
#4419=CARTESIAN_POINT('',(5.455370197364E0,5.292150549659E0,-5.488773553229E0));
#4420=CARTESIAN_POINT('',(5.659594242331E0,5.125482941500E0,-5.694248066672E0));
#4421=CARTESIAN_POINT('',(5.731294450088E0,5.602273793435E0,-4.290453193452E0));
#4422=CARTESIAN_POINT('',(5.963211668262E0,5.435606185276E0,-4.464066672570E0));
#4423=CARTESIAN_POINT('',(6.195128886436E0,5.268938577116E0,-4.637680151689E0));
#4424=CARTESIAN_POINT('',(6.427046104610E0,5.102270968957E0,-4.811293630807E0));
#4425=CARTESIAN_POINT('',(6.293973511319E0,5.579061820892E0,-3.411982139114E0));
#4426=CARTESIAN_POINT('',(6.548659575823E0,5.412394212733E0,-3.550048227509E0));
#4427=CARTESIAN_POINT('',(6.803345640327E0,5.245726604573E0,-3.688114315904E0));
#4428=CARTESIAN_POINT('',(7.058031704830E0,5.079058996414E0,-3.826180404298E0));
#4429=CARTESIAN_POINT('',(6.723011857266E0,5.555849848349E0,-2.461064047496E0));
#4430=CARTESIAN_POINT('',(6.995058987502E0,5.389182240190E0,-2.560651170896E0));
#4431=CARTESIAN_POINT('',(7.267106117739E0,5.222514632030E0,-2.660238294296E0));
#4432=CARTESIAN_POINT('',(7.539153247975E0,5.055847023871E0,-2.759825417696E0));
#4433=CARTESIAN_POINT('',(7.009299663851E0,5.532637875806E0,-1.457889879637E0));
#4434=CARTESIAN_POINT('',(7.292931449575E0,5.365970267647E0,-1.516883492377E0));
#4435=CARTESIAN_POINT('',(7.576563235299E0,5.199302659487E0,-1.575877105118E0));
#4436=CARTESIAN_POINT('',(7.860195021023E0,5.032635051328E0,-1.634870717858E0));
#4437=CARTESIAN_POINT('',(7.146758146794E0,5.509425903263E0,
-4.237601562827E-1));
#4438=CARTESIAN_POINT('',(7.435952199342E0,5.342758295104E0,
-4.409076397131E-1));
#4439=CARTESIAN_POINT('',(7.725146251890E0,5.176090686944E0,
-4.580551231436E-1));
#4440=CARTESIAN_POINT('',(8.014340304437E0,5.009423078785E0,
-4.752026065741E-1));
#4441=CARTESIAN_POINT('',(7.132468633183E0,5.486213930720E0,6.193673186978E-1));
#4442=CARTESIAN_POINT('',(7.421084459595E0,5.319546322561E0,6.444300592063E-1));
#4443=CARTESIAN_POINT('',(7.709700286007E0,5.152878714401E0,6.694927997148E-1));
#4444=CARTESIAN_POINT('',(7.998316112418E0,4.986211106242E0,6.945555402232E-1));
#4445=CARTESIAN_POINT('',(6.966734534024E0,5.463001958177E0,1.649343691065E0));
#4446=CARTESIAN_POINT('',(7.248643918886E0,5.296334350018E0,1.716084495254E0));
#4447=CARTESIAN_POINT('',(7.530553303748E0,5.129666741858E0,1.782825299444E0));
#4448=CARTESIAN_POINT('',(7.812462688610E0,4.962999133699E0,1.849566103633E0));
#4449=CARTESIAN_POINT('',(6.653074901869E0,5.439789985634E0,2.644299345561E0));
#4450=CARTESIAN_POINT('',(6.922292028468E0,5.273122377475E0,2.751301097710E0));
#4451=CARTESIAN_POINT('',(7.191509155066E0,5.106454769315E0,2.858302849860E0));
#4452=CARTESIAN_POINT('',(7.460726281665E0,4.939787161156E0,2.965304602009E0));
#4453=CARTESIAN_POINT('',(6.198149710346E0,5.416578013091E0,3.583108266150E0));
#4454=CARTESIAN_POINT('',(6.448958258252E0,5.249910404932E0,3.728098984868E0));
#4455=CARTESIAN_POINT('',(6.699766806158E0,5.083242796772E0,3.873089703586E0));
#4456=CARTESIAN_POINT('',(6.950575354064E0,4.916575188613E0,4.018080422304E0));
#4457=CARTESIAN_POINT('',(5.611618442115E0,5.393366040548E0,4.445836607313E0));
#4458=CARTESIAN_POINT('',(5.838692962519E0,5.226698432389E0,4.625737686799E0));
#4459=CARTESIAN_POINT('',(6.065767482924E0,5.060030824229E0,4.805638766285E0));
#4460=CARTESIAN_POINT('',(6.292842003328E0,4.893363216070E0,4.985539845771E0));
#4461=CARTESIAN_POINT('',(4.905934987884E0,5.370154068006E0,5.214165951854E0));
#4462=CARTESIAN_POINT('',(5.104453979508E0,5.203486459847E0,5.425157530315E0));
#4463=CARTESIAN_POINT('',(5.302972971132E0,5.036818851687E0,5.636149108777E0));
#4464=CARTESIAN_POINT('',(5.501491962756E0,4.870151243528E0,5.847140687238E0));
#4465=CARTESIAN_POINT('',(4.096083211409E0,5.346942095463E0,5.871782268104E0));
#4466=CARTESIAN_POINT('',(4.261831496037E0,5.180274487304E0,6.109384335351E0));
#4467=CARTESIAN_POINT('',(4.427579780665E0,5.013606879144E0,6.346986402598E0));
#4468=CARTESIAN_POINT('',(4.593328065292E0,4.846939270985E0,6.584588469845E0));
#4469=CARTESIAN_POINT('',(3.199258795274E0,5.323730122920E0,6.404722307772E0));
#4470=CARTESIAN_POINT('',(3.328717019150E0,5.157062514761E0,6.663889829827E0));
#4471=CARTESIAN_POINT('',(3.458175243026E0,4.990394906601E0,6.923057351882E0));
#4472=CARTESIAN_POINT('',(3.587633466902E0,4.823727298442E0,7.182224873937E0));
#4473=CARTESIAN_POINT('',(2.234504122836E0,5.300518150377E0,6.801670089312E0));
#4474=CARTESIAN_POINT('',(2.324923483537E0,5.133850542218E0,7.076900130237E0));
#4475=CARTESIAN_POINT('',(2.415342844238E0,4.967182934058E0,7.352130171162E0));
#4476=CARTESIAN_POINT('',(2.505762204939E0,4.800515325899E0,7.627360212087E0));
#4477=CARTESIAN_POINT('',(1.222303948961E0,5.277306177834E0,7.054197171554E0));
#4478=CARTESIAN_POINT('',(1.271764561058E0,5.110638569675E0,7.339645737969E0));
#4479=CARTESIAN_POINT('',(1.321225173154E0,4.943970961515E0,7.625094304384E0));
#4480=CARTESIAN_POINT('',(1.370685785251E0,4.777303353356E0,7.910542870799E0));
#4481=CARTESIAN_POINT('',(1.841504446920E-1,5.254094205291E0,7.156941615839E0));
#4482=CARTESIAN_POINT('',(1.916021049112E-1,5.087426597132E0,7.446547743152E0));
#4483=CARTESIAN_POINT('',(1.990537651305E-1,4.920758988972E0,7.736153870465E0));
#4484=CARTESIAN_POINT('',(2.065054253497E-1,4.754091380813E0,8.025759997778E0));
#4485=CARTESIAN_POINT('',(-8.579131486658E-1,5.230882232748E0,
7.107721836718E0));
#4486=CARTESIAN_POINT('',(-8.926286623436E-1,5.064214624589E0,
7.395336282334E0));
#4487=CARTESIAN_POINT('',(-9.273441760214E-1,4.897547016429E0,
7.682950727951E0));
#4488=CARTESIAN_POINT('',(-9.620596896992E-1,4.730879408270E0,
7.970565173567E0));
#4489=CARTESIAN_POINT('',(-1.881760566402E0,5.207670260205E0,6.907582923827E0));
#4490=CARTESIAN_POINT('',(-1.957906135196E0,5.041002652046E0,7.187098734775E0));
#4491=CARTESIAN_POINT('',(-2.034051703990E0,4.874335043886E0,7.466614545724E0));
#4492=CARTESIAN_POINT('',(-2.110197272785E0,4.707667435727E0,7.746130356673E0));
#4493=CARTESIAN_POINT('',(-2.865652330109E0,5.184458287662E0,6.560774451370E0));
#4494=CARTESIAN_POINT('',(-2.981611145773E0,5.017790679503E0,6.826256633987E0));
#4495=CARTESIAN_POINT('',(-3.097569961437E0,4.851123071343E0,7.091738816604E0));
#4496=CARTESIAN_POINT('',(-3.213528777101E0,4.684455463184E0,7.357220999221E0));
#4497=CARTESIAN_POINT('',(-3.788697344706E0,5.161246315119E0,6.074660246387E0));
#4498=CARTESIAN_POINT('',(-3.942007239415E0,4.994578706960E0,6.320471784769E0));
#4499=CARTESIAN_POINT('',(-4.095317134123E0,4.827911098800E0,6.566283323150E0));
#4500=CARTESIAN_POINT('',(-4.248627028832E0,4.661243490641E0,6.812094861532E0));
#4501=CARTESIAN_POINT('',(-4.631296481634E0,5.138034342576E0,5.459562031704E0));
#4502=CARTESIAN_POINT('',(-4.818702207498E0,4.971366734417E0,5.680483579160E0));
#4503=CARTESIAN_POINT('',(-5.006107933362E0,4.804699126257E0,5.901405126617E0));
#4504=CARTESIAN_POINT('',(-5.193513659226E0,4.638031518098E0,6.122326674073E0));
#4505=CARTESIAN_POINT('',(-5.375558729570E0,5.114822370033E0,4.728540263522E0));
#4506=CARTESIAN_POINT('',(-5.593081077715E0,4.948154761874E0,4.919880965608E0));
#4507=CARTESIAN_POINT('',(-5.810603425860E0,4.781487153714E0,5.111221667693E0));
#4508=CARTESIAN_POINT('',(-6.028125774005E0,4.614819545555E0,5.302562369779E0));
#4509=CARTESIAN_POINT('',(-6.005681076476E0,5.091610397490E0,3.897116817144E0));
#4510=CARTESIAN_POINT('',(-6.248701368074E0,4.924942789331E0,4.054813913150E0));
#4511=CARTESIAN_POINT('',(-6.491721659673E0,4.758275181171E0,4.212511009155E0));
#4512=CARTESIAN_POINT('',(-6.734741951271E0,4.591607573012E0,4.370208105161E0));
#4513=CARTESIAN_POINT('',(-6.508284056899E0,5.068398424947E0,2.982945409076E0));
#4514=CARTESIAN_POINT('',(-6.771642212148E0,4.901730816788E0,3.103650497126E0));
#4515=CARTESIAN_POINT('',(-7.035000367397E0,4.735063208628E0,3.224355585176E0));
#4516=CARTESIAN_POINT('',(-7.298358522645E0,4.568395600469E0,3.345060673226E0));
#4517=CARTESIAN_POINT('',(-6.872695839810E0,5.045186452404E0,2.005436753496E0));
#4518=CARTESIAN_POINT('',(-7.150799942540E0,4.878518844245E0,2.086586887579E0));
#4519=CARTESIAN_POINT('',(-7.428904045270E0,4.711851236085E0,2.167737021663E0));
#4520=CARTESIAN_POINT('',(-7.707008148001E0,4.545183627926E0,2.248887155746E0));
#4521=CARTESIAN_POINT('',(-7.091178824910E0,5.021974479861E0,
9.853464121632E-1));
#4522=CARTESIAN_POINT('',(-7.378123856433E0,4.855306871702E0,1.025218521481E0));
#4523=CARTESIAN_POINT('',(-7.665068887956E0,4.688639263542E0,1.065090630799E0));
#4524=CARTESIAN_POINT('',(-7.952013919479E0,4.521971655383E0,1.104962740117E0));
#4525=CARTESIAN_POINT('',(-7.159093936049E0,4.998762507318E0,
-5.566591098070E-2));
#4526=CARTESIAN_POINT('',(-7.448787157145E0,4.832094899159E0,
-5.791843583947E-2));
#4527=CARTESIAN_POINT('',(-7.738480378240E0,4.665427290999E0,
-6.017096069824E-2));
#4528=CARTESIAN_POINT('',(-8.028173599336E0,4.498759682840E0,
-6.242348555701E-2));
#4529=CARTESIAN_POINT('',(-7.074999123301E0,4.975550534775E0,
-1.095496272976E0));
#4530=CARTESIAN_POINT('',(-7.361289442102E0,4.808882926616E0,
-1.139825603873E0));
#4531=CARTESIAN_POINT('',(-7.647579760903E0,4.642215318456E0,
-1.184154934771E0));
#4532=CARTESIAN_POINT('',(-7.933870079705E0,4.475547710297E0,
-1.228484265668E0));
#4533=CARTESIAN_POINT('',(-6.840679982190E0,4.952338562232E0,
-2.112065827590E0));
#4534=CARTESIAN_POINT('',(-7.117488561073E0,4.785670954073E0,
-2.197530714380E0));
#4535=CARTESIAN_POINT('',(-7.394297139956E0,4.619003345913E0,
-2.282995601169E0));
#4536=CARTESIAN_POINT('',(-7.671105718839E0,4.452335737754E0,
-2.368460487959E0));
#4537=CARTESIAN_POINT('',(-6.461111839920E0,4.929126589689E0,
-3.083789628179E0));
#4538=CARTESIAN_POINT('',(-6.722561168213E0,4.762458981530E0,
-3.208575384386E0));
#4539=CARTESIAN_POINT('',(-6.984010496506E0,4.595791373370E0,
-3.333361140593E0));
#4540=CARTESIAN_POINT('',(-7.245459824799E0,4.429123765211E0,
-3.458146896801E0));
#4541=CARTESIAN_POINT('',(-5.944354113634E0,4.905914617146E0,
-3.990034943523E0));
#4542=CARTESIAN_POINT('',(-6.184892805527E0,4.739247008987E0,
-4.151491977807E0));
#4543=CARTESIAN_POINT('',(-6.425431497419E0,4.572579400827E0,
-4.312949012091E0));
#4544=CARTESIAN_POINT('',(-6.665970189312E0,4.405911792668E0,
-4.474406046374E0));
#4545=CARTESIAN_POINT('',(-5.301379183826E0,4.882702644603E0,
-4.811559355148E0));
#4546=CARTESIAN_POINT('',(-5.515899851627E0,4.716035036444E0,
-5.006259430400E0));
#4547=CARTESIAN_POINT('',(-5.730420519428E0,4.549367428284E0,
-5.200959505652E0));
#4548=CARTESIAN_POINT('',(-5.944941187230E0,4.382699820125E0,
-5.395659580905E0));
#4549=CARTESIAN_POINT('',(-4.545839416424E0,4.859490672060E0,
-5.530919333971E0));
#4550=CARTESIAN_POINT('',(-4.729787116355E0,4.692823063901E0,
-5.754728359497E0));
#4551=CARTESIAN_POINT('',(-4.913734816286E0,4.526155455741E0,
-5.978537385024E0));
#4552=CARTESIAN_POINT('',(-5.097682516218E0,4.359487847582E0,
-6.202346410550E0));
#4553=CARTESIAN_POINT('',(-3.693777280429E0,4.836278699517E0,
-6.132840620904E0));
#4554=CARTESIAN_POINT('',(-3.843246228306E0,4.669611091358E0,
-6.381006432081E0));
#4555=CARTESIAN_POINT('',(-3.992715176184E0,4.502943483198E0,
-6.629172243259E0));
#4556=CARTESIAN_POINT('',(-4.142184124061E0,4.336275875039E0,
-6.877338054436E0));
#4557=CARTESIAN_POINT('',(-2.763284716188E0,4.813066726974E0,
-6.604542547072E0));
#4558=CARTESIAN_POINT('',(-2.875101219420E0,4.646399118815E0,
-6.871795808646E0));
#4559=CARTESIAN_POINT('',(-2.986917722652E0,4.479731510655E0,
-7.139049070221E0));
#4560=CARTESIAN_POINT('',(-3.098734225884E0,4.313063902496E0,
-7.406302331795E0));
#4561=CARTESIAN_POINT('',(-1.774118987002E0,4.789854754431E0,
-6.936009407348E0));
#4562=CARTESIAN_POINT('',(-1.845908831994E0,4.623187146272E0,
-7.216675497878E0));
#4563=CARTESIAN_POINT('',(-1.917698676985E0,4.456519538112E0,
-7.497341588407E0));
#4564=CARTESIAN_POINT('',(-1.989488521977E0,4.289851929953E0,
-7.778007678937E0));
#4565=CARTESIAN_POINT('',(-7.472831707018E-1,4.766642781889E0,
-7.120203125013E0));
#4566=CARTESIAN_POINT('',(-7.775220348269E-1,4.599975173730E0,
-7.408322626806E0));
#4567=CARTESIAN_POINT('',(-8.077608989521E-1,4.433307565570E0,
-7.696442128599E0));
#4568=CARTESIAN_POINT('',(-8.379997630772E-1,4.266639957411E0,
-7.984561630391E0));
#4569=CARTESIAN_POINT('',(2.954198012397E-1,4.743430809346E0,
-7.153212692237E0));
#4570=CARTESIAN_POINT('',(3.073739835093E-1,4.576763201187E0,
-7.442667928404E0));
#4571=CARTESIAN_POINT('',(3.193281657788E-1,4.410095593027E0,
-7.732123164570E0));
#4572=CARTESIAN_POINT('',(3.312823480484E-1,4.243427984868E0,
-8.021578400737E0));
#4573=CARTESIAN_POINT('',(1.331850088217E0,4.720218836803E0,-7.034337212524E0));
#4574=CARTESIAN_POINT('',(1.385743492259E0,4.553551228644E0,-7.318982144351E0));
#4575=CARTESIAN_POINT('',(1.439636896302E0,4.386883620484E0,-7.603627076178E0));
#4576=CARTESIAN_POINT('',(1.493530300344E0,4.220216012325E0,-7.888272008006E0));
#4577=CARTESIAN_POINT('',(2.340001037805E0,4.697006864260E0,-6.766100784650E0));
#4578=CARTESIAN_POINT('',(2.434689338317E0,4.530339256101E0,-7.039891511252E0));
#4579=CARTESIAN_POINT('',(2.529377638829E0,4.363671647941E0,-7.313682237855E0));
#4580=CARTESIAN_POINT('',(2.624065939341E0,4.197004039782E0,-7.587472964457E0));
#4581=CARTESIAN_POINT('',(3.298466458146E0,4.673794891717E0,-6.354198901778E0));
#4582=CARTESIAN_POINT('',(3.431939126821E0,4.507127283558E0,-6.611321990786E0));
#4583=CARTESIAN_POINT('',(3.565411795495E0,4.340459675398E0,-6.868445079795E0));
#4584=CARTESIAN_POINT('',(3.698884464170E0,4.173792067239E0,-7.125568168803E0));
#4585=CARTESIAN_POINT('',(4.186895129217E0,4.650582919174E0,-5.807377542170E0));
#4586=CARTESIAN_POINT('',(4.356318124251E0,4.483915311015E0,-6.042373467819E0));
#4587=CARTESIAN_POINT('',(4.525741119284E0,4.317247702855E0,-6.277369393468E0));
#4588=CARTESIAN_POINT('',(4.695164114318E0,4.150580094696E0,-6.512365319117E0));
#4589=CARTESIAN_POINT('',(4.986422956539E0,4.627370946631E0,-5.137247375846E0));
#4590=CARTESIAN_POINT('',(5.188198899267E0,4.460703338472E0,-5.345126438919E0));
#4591=CARTESIAN_POINT('',(5.389974841995E0,4.294035730312E0,-5.553005501991E0));
#4592=CARTESIAN_POINT('',(5.591750784723E0,4.127368122153E0,-5.760884565064E0));
#4593=CARTESIAN_POINT('',(5.680073388874E0,4.604158974088E0,-4.358037565617E0));
#4594=CARTESIAN_POINT('',(5.909917943336E0,4.437491365929E0,-4.534385850933E0));
#4595=CARTESIAN_POINT('',(6.139762497799E0,4.270823757769E0,-4.710734136250E0));
#4596=CARTESIAN_POINT('',(6.369607052261E0,4.104156149610E0,-4.887082421566E0));
#4597=CARTESIAN_POINT('',(6.253118353470E0,4.580947001545E0,-3.486292399135E0));
#4598=CARTESIAN_POINT('',(6.506151211244E0,4.414279393386E0,-3.627365457236E0));
#4599=CARTESIAN_POINT('',(6.759184069018E0,4.247611785226E0,-3.768438515336E0));
#4600=CARTESIAN_POINT('',(7.012216926792E0,4.080944177067E0,-3.909511573437E0));
#4601=CARTESIAN_POINT('',(6.546632267716E0,4.565472353183E0,-2.855780548845E0));
#4602=CARTESIAN_POINT('',(6.811542185913E0,4.398804745024E0,-2.971339902211E0));
#4603=CARTESIAN_POINT('',(7.076452104111E0,4.232137136864E0,-3.086899255577E0));
#4604=CARTESIAN_POINT('',(7.341362022308E0,4.065469528705E0,-3.202458608944E0));
#4605=CARTESIAN_POINT('',(6.669702833713E0,4.557735029002E0,-2.531532668052E0));
#4606=CARTESIAN_POINT('',(6.939592810700E0,4.391067420843E0,-2.633971308956E0));
#4607=CARTESIAN_POINT('',(7.209482787688E0,4.224399812683E0,-2.736409949861E0));
#4608=CARTESIAN_POINT('',(7.479372764675E0,4.057732204524E0,-2.838848590766E0));
#4609=B_SPLINE_SURFACE_WITH_KNOTS('',3,3,((#4085,#4086,#4087,#4088),(#4089,
#4090,#4091,#4092),(#4093,#4094,#4095,#4096),(#4097,#4098,#4099,#4100),(#4101,
#4102,#4103,#4104),(#4105,#4106,#4107,#4108),(#4109,#4110,#4111,#4112),(#4113,
#4114,#4115,#4116),(#4117,#4118,#4119,#4120),(#4121,#4122,#4123,#4124),(#4125,
#4126,#4127,#4128),(#4129,#4130,#4131,#4132),(#4133,#4134,#4135,#4136),(#4137,
#4138,#4139,#4140),(#4141,#4142,#4143,#4144),(#4145,#4146,#4147,#4148),(#4149,
#4150,#4151,#4152),(#4153,#4154,#4155,#4156),(#4157,#4158,#4159,#4160),(#4161,
#4162,#4163,#4164),(#4165,#4166,#4167,#4168),(#4169,#4170,#4171,#4172),(#4173,
#4174,#4175,#4176),(#4177,#4178,#4179,#4180),(#4181,#4182,#4183,#4184),(#4185,
#4186,#4187,#4188),(#4189,#4190,#4191,#4192),(#4193,#4194,#4195,#4196),(#4197,
#4198,#4199,#4200),(#4201,#4202,#4203,#4204),(#4205,#4206,#4207,#4208),(#4209,
#4210,#4211,#4212),(#4213,#4214,#4215,#4216),(#4217,#4218,#4219,#4220),(#4221,
#4222,#4223,#4224),(#4225,#4226,#4227,#4228),(#4229,#4230,#4231,#4232),(#4233,
#4234,#4235,#4236),(#4237,#4238,#4239,#4240),(#4241,#4242,#4243,#4244),(#4245,
#4246,#4247,#4248),(#4249,#4250,#4251,#4252),(#4253,#4254,#4255,#4256),(#4257,
#4258,#4259,#4260),(#4261,#4262,#4263,#4264),(#4265,#4266,#4267,#4268),(#4269,
#4270,#4271,#4272),(#4273,#4274,#4275,#4276),(#4277,#4278,#4279,#4280),(#4281,
#4282,#4283,#4284),(#4285,#4286,#4287,#4288),(#4289,#4290,#4291,#4292),(#4293,
#4294,#4295,#4296),(#4297,#4298,#4299,#4300),(#4301,#4302,#4303,#4304),(#4305,
#4306,#4307,#4308),(#4309,#4310,#4311,#4312),(#4313,#4314,#4315,#4316),(#4317,
#4318,#4319,#4320),(#4321,#4322,#4323,#4324),(#4325,#4326,#4327,#4328),(#4329,
#4330,#4331,#4332),(#4333,#4334,#4335,#4336),(#4337,#4338,#4339,#4340),(#4341,
#4342,#4343,#4344),(#4345,#4346,#4347,#4348),(#4349,#4350,#4351,#4352),(#4353,
#4354,#4355,#4356),(#4357,#4358,#4359,#4360),(#4361,#4362,#4363,#4364),(#4365,
#4366,#4367,#4368),(#4369,#4370,#4371,#4372),(#4373,#4374,#4375,#4376),(#4377,
#4378,#4379,#4380),(#4381,#4382,#4383,#4384),(#4385,#4386,#4387,#4388),(#4389,
#4390,#4391,#4392),(#4393,#4394,#4395,#4396),(#4397,#4398,#4399,#4400),(#4401,
#4402,#4403,#4404),(#4405,#4406,#4407,#4408),(#4409,#4410,#4411,#4412),(#4413,
#4414,#4415,#4416),(#4417,#4418,#4419,#4420),(#4421,#4422,#4423,#4424),(#4425,
#4426,#4427,#4428),(#4429,#4430,#4431,#4432),(#4433,#4434,#4435,#4436),(#4437,
#4438,#4439,#4440),(#4441,#4442,#4443,#4444),(#4445,#4446,#4447,#4448),(#4449,
#4450,#4451,#4452),(#4453,#4454,#4455,#4456),(#4457,#4458,#4459,#4460),(#4461,
#4462,#4463,#4464),(#4465,#4466,#4467,#4468),(#4469,#4470,#4471,#4472),(#4473,
#4474,#4475,#4476),(#4477,#4478,#4479,#4480),(#4481,#4482,#4483,#4484),(#4485,
#4486,#4487,#4488),(#4489,#4490,#4491,#4492),(#4493,#4494,#4495,#4496),(#4497,
#4498,#4499,#4500),(#4501,#4502,#4503,#4504),(#4505,#4506,#4507,#4508),(#4509,
#4510,#4511,#4512),(#4513,#4514,#4515,#4516),(#4517,#4518,#4519,#4520),(#4521,
#4522,#4523,#4524),(#4525,#4526,#4527,#4528),(#4529,#4530,#4531,#4532),(#4533,
#4534,#4535,#4536),(#4537,#4538,#4539,#4540),(#4541,#4542,#4543,#4544),(#4545,
#4546,#4547,#4548),(#4549,#4550,#4551,#4552),(#4553,#4554,#4555,#4556),(#4557,
#4558,#4559,#4560),(#4561,#4562,#4563,#4564),(#4565,#4566,#4567,#4568),(#4569,
#4570,#4571,#4572),(#4573,#4574,#4575,#4576),(#4577,#4578,#4579,#4580),(#4581,
#4582,#4583,#4584),(#4585,#4586,#4587,#4588),(#4589,#4590,#4591,#4592),(#4593,
#4594,#4595,#4596),(#4597,#4598,#4599,#4600),(#4601,#4602,#4603,#4604),(#4605,
#4606,#4607,#4608)),.UNSPECIFIED.,.F.,.F.,.F.,(4,1,1,1,1,1,1,1,1,1,1,1,1,1,1,1,
1,1,1,1,1,1,1,1,1,1,1,1,1,1,1,1,1,1,1,1,1,1,1,1,1,1,1,1,1,1,1,1,1,1,1,1,1,1,1,1,
1,1,1,1,1,1,1,1,1,1,1,1,1,1,1,1,1,1,1,1,1,1,1,1,1,1,1,1,1,1,1,1,1,1,1,1,1,1,1,1,
1,1,1,1,1,1,1,1,1,1,1,1,1,1,1,1,1,1,1,1,1,1,1,1,1,1,1,1,1,1,1,1,4),(4,4),(0.E0,
7.812500114434E-3,1.562500011353E-2,2.343750011263E-2,3.125000011173E-2,
3.906250011083E-2,4.687500010993E-2,5.468750010903E-2,6.250000010813E-2,
7.031250010723E-2,7.812500010632E-2,8.593750010542E-2,9.375000010452E-2,
1.015625001036E-1,1.093750001027E-1,1.171875001018E-1,1.250000001009E-1,
1.328125001E-1,1.406250000991E-1,1.484375000982E-1,1.562500000973E-1,
1.640625000964E-1,1.718750000955E-1,1.796875000946E-1,1.875000000937E-1,
1.953125000928E-1,2.031250000919E-1,2.109375000910E-1,2.187500000901E-1,
2.265625000892E-1,2.343750000883E-1,2.421875000874E-1,2.500000000865E-1,
2.578125000856E-1,2.656250000847E-1,2.734375000838E-1,2.812500000829E-1,
2.890625000820E-1,2.968750000811E-1,3.046875000802E-1,3.125000000793E-1,
3.203125000784E-1,3.281250000775E-1,3.359375000766E-1,3.437500000757E-1,
3.515625000748E-1,3.593750000739E-1,3.671875000730E-1,3.750000000721E-1,
3.828125000712E-1,3.906250000703E-1,3.984375000694E-1,4.062500000685E-1,
4.140625000676E-1,4.218750000667E-1,4.296875000658E-1,4.375000000649E-1,
4.453125000640E-1,4.531250000631E-1,4.609375000622E-1,4.687500000613E-1,
4.765625000604E-1,4.843750000595E-1,4.921875000586E-1,5.000000000577E-1,
5.078125000568E-1,5.156250000559E-1,5.234375000550E-1,5.312500000541E-1,
5.390625000532E-1,5.468750000523E-1,5.546875000514E-1,5.625000000505E-1,
5.703125000496E-1,5.781250000487E-1,5.859375000478E-1,5.937500000469E-1,
6.015625000460E-1,6.093750000451E-1,6.171875000442E-1,6.250000000432E-1,
6.328125000423E-1,6.406250000414E-1,6.484375000405E-1,6.562500000396E-1,
6.640625000387E-1,6.718750000378E-1,6.796875000369E-1,6.875000000360E-1,
6.953125000351E-1,7.031250000342E-1,7.109375000333E-1,7.187500000324E-1,
7.265625000315E-1,7.343750000306E-1,7.421875000297E-1,7.500000000288E-1,
7.578125000279E-1,7.656250000270E-1,7.734375000261E-1,7.812500000252E-1,
7.890625000243E-1,7.968750000234E-1,8.046875000225E-1,8.125000000216E-1,
8.203125000207E-1,8.281250000198E-1,8.359375000189E-1,8.437500000180E-1,
8.515625000171E-1,8.593750000162E-1,8.671875000153E-1,8.750000000144E-1,
8.828125000135E-1,8.906250000126E-1,8.984375000117E-1,9.062500000108E-1,
9.140625000099E-1,9.218750000090E-1,9.296875000081E-1,9.375000000072E-1,
9.453125000063E-1,9.531250000054E-1,9.609375000045E-1,9.687500000036E-1,
9.765625000027E-1,9.843750000018E-1,9.921875000009E-1,1.E0),(0.E0,
1.000005648956E0),.UNSPECIFIED.);
#4610=ORIENTED_EDGE('',*,*,#4077,.F.);
#4611=ORIENTED_EDGE('',*,*,#4075,.F.);
#4612=ORIENTED_EDGE('',*,*,#4073,.F.);
#4613=ORIENTED_EDGE('',*,*,#4071,.F.);
#4615=ORIENTED_EDGE('',*,*,#4614,.F.);
#4617=ORIENTED_EDGE('',*,*,#4616,.T.);
#4619=ORIENTED_EDGE('',*,*,#4618,.T.);
#4621=ORIENTED_EDGE('',*,*,#4620,.T.);
#4622=ORIENTED_EDGE('',*,*,#4067,.T.);
#4623=ORIENTED_EDGE('',*,*,#3532,.F.);
#4624=ORIENTED_EDGE('',*,*,#4079,.T.);
#4625=EDGE_LOOP('',(#4610,#4611,#4612,#4613,#4615,#4617,#4619,#4621,#4622,#4623,
#4624));
#4626=FACE_OUTER_BOUND('',#4625,.F.);
#4627=ADVANCED_FACE('',(#4626),#4609,.T.);
#4628=CARTESIAN_POINT('',(7.479382200682E0,5.057743680583E0,-2.838852172270E0));
#4629=CARTESIAN_POINT('',(7.209489078359E0,4.891074130056E0,-2.736412337531E0));
#4630=CARTESIAN_POINT('',(6.939595956036E0,4.724404579529E0,-2.633972502791E0));
#4631=CARTESIAN_POINT('',(6.669702833713E0,4.557735029002E0,-2.531532668052E0));
#4632=CARTESIAN_POINT('',(7.617393117164E0,5.050006356402E0,-2.475241695360E0));
#4633=CARTESIAN_POINT('',(7.342519878013E0,4.883336805875E0,-2.385922725993E0));
#4634=CARTESIAN_POINT('',(7.067646638861E0,4.716667255348E0,-2.296603756626E0));
#4635=CARTESIAN_POINT('',(6.792773399709E0,4.549997704821E0,-2.207284787259E0));
#4636=CARTESIAN_POINT('',(7.840288862815E0,5.034531708040E0,-1.727859992453E0));
#4637=CARTESIAN_POINT('',(7.557372442136E0,4.867862157513E0,-1.665510253425E0));
#4638=CARTESIAN_POINT('',(7.274456021458E0,4.701192606986E0,-1.603160514398E0));
#4639=CARTESIAN_POINT('',(6.991539600780E0,4.534523056459E0,-1.540810775370E0));
#4640=CARTESIAN_POINT('',(8.008159626581E0,5.011319735497E0,
-5.700970314481E-1));
#4641=CARTESIAN_POINT('',(7.719185598020E0,4.844650184970E0,
-5.495251093673E-1));
#4642=CARTESIAN_POINT('',(7.430211569458E0,4.677980634443E0,
-5.289531872865E-1));
#4643=CARTESIAN_POINT('',(7.141237540897E0,4.511311083916E0,
-5.083812652057E-1));
#4644=CARTESIAN_POINT('',(8.005991891434E0,4.988107762954E0,5.997701888360E-1));
#4645=CARTESIAN_POINT('',(7.717096085484E0,4.821438212427E0,5.781275123959E-1));
#4646=CARTESIAN_POINT('',(7.428200279534E0,4.654768661900E0,5.564848359557E-1));
#4647=CARTESIAN_POINT('',(7.139304473584E0,4.488099111373E0,5.348421595156E-1));
#4648=CARTESIAN_POINT('',(7.833832013020E0,4.964895790411E0,1.756902597321E0));
#4649=CARTESIAN_POINT('',(7.551148587435E0,4.798226239884E0,1.693504857390E0));
#4650=CARTESIAN_POINT('',(7.268465161850E0,4.631556689357E0,1.630107117458E0));
#4651=CARTESIAN_POINT('',(6.985781736265E0,4.464887138830E0,1.566709377526E0));
#4652=CARTESIAN_POINT('',(7.495335395408E0,4.941683817868E0,2.876730427512E0));
#4653=CARTESIAN_POINT('',(7.224866602872E0,4.775014267341E0,2.772923757879E0));
#4654=CARTESIAN_POINT('',(6.954397810337E0,4.608344716814E0,2.669117088246E0));
#4655=CARTESIAN_POINT('',(6.683929017802E0,4.441675166287E0,2.565310418613E0));
#4656=CARTESIAN_POINT('',(6.997689402535E0,4.918471845325E0,3.935476299090E0));
#4657=CARTESIAN_POINT('',(6.745178140077E0,4.751802294798E0,3.793464839093E0));
#4658=CARTESIAN_POINT('',(6.492666877619E0,4.585132744271E0,3.651453379097E0));
#4659=CARTESIAN_POINT('',(6.240155615161E0,4.418463193744E0,3.509441919101E0));
#4660=CARTESIAN_POINT('',(6.351460606795E0,4.895259872782E0,4.910659713859E0));
#4661=CARTESIAN_POINT('',(6.122268477220E0,4.728590322255E0,4.733458810458E0));
#4662=CARTESIAN_POINT('',(5.893076347645E0,4.561920771728E0,4.556257907058E0));
#4663=CARTESIAN_POINT('',(5.663884218070E0,4.395251221201E0,4.379057003657E0));
#4664=CARTESIAN_POINT('',(5.570370465547E0,4.872047900239E0,5.781574486638E0));
#4665=CARTESIAN_POINT('',(5.369363933576E0,4.705378349712E0,5.572946668420E0));
#4666=CARTESIAN_POINT('',(5.168357401605E0,4.538708799185E0,5.364318850203E0));
#4667=CARTESIAN_POINT('',(4.967350869634E0,4.372039248658E0,5.155691031985E0));
#4668=CARTESIAN_POINT('',(4.671003961570E0,4.848835927696E0,6.529728375523E0));
#4669=CARTESIAN_POINT('',(4.502451023674E0,4.682166377169E0,6.294103462675E0));
#4670=CARTESIAN_POINT('',(4.333898085778E0,4.515496826642E0,6.058478549827E0));
#4671=CARTESIAN_POINT('',(4.165345147882E0,4.348827276115E0,5.822853636979E0));
#4672=CARTESIAN_POINT('',(3.672457454814E0,4.825623955153E0,7.139235737104E0));
#4673=CARTESIAN_POINT('',(3.539937016296E0,4.658954404626E0,6.881616782438E0));
#4674=CARTESIAN_POINT('',(3.407416577778E0,4.492284854099E0,6.623997827771E0));
#4675=CARTESIAN_POINT('',(3.274896139260E0,4.325615303572E0,6.366378873105E0));
#4676=CARTESIAN_POINT('',(2.595933206290E0,4.802411982610E0,7.597154826366E0));
#4677=CARTESIAN_POINT('',(2.502259089954E0,4.635742432083E0,7.323011884897E0));
#4678=CARTESIAN_POINT('',(2.408584973618E0,4.469072881556E0,7.048868943429E0));
#4679=CARTESIAN_POINT('',(2.314910857282E0,4.302403331029E0,6.774726001961E0));
#4680=CARTESIAN_POINT('',(1.464289188056E0,4.779200010067E0,7.893762590872E0));
#4681=CARTESIAN_POINT('',(1.411450387959E0,4.612530459540E0,7.608916573465E0));
#4682=CARTESIAN_POINT('',(1.358611587863E0,4.445860909013E0,7.324070556058E0));
#4683=CARTESIAN_POINT('',(1.305772787766E0,4.279191358486E0,7.039224538651E0));
#4684=CARTESIAN_POINT('',(3.015537370210E-1,4.755988037524E0,8.022761121397E0));
#4685=CARTESIAN_POINT('',(2.906721859184E-1,4.589318486997E0,7.733260198645E0));
#4686=CARTESIAN_POINT('',(2.797906348157E-1,4.422648936470E0,7.443759275894E0));
#4687=CARTESIAN_POINT('',(2.689090837131E-1,4.255979385943E0,7.154258353142E0));
#4688=CARTESIAN_POINT('',(-8.675846416778E-1,4.732776064981E0,
7.981411376244E0));
#4689=CARTESIAN_POINT('',(-8.362778944707E-1,4.566106514454E0,
7.693402556921E0));
#4690=CARTESIAN_POINT('',(-8.049711472636E-1,4.399436963927E0,
7.405393737599E0));
#4691=CARTESIAN_POINT('',(-7.736644000565E-1,4.232767413400E0,
7.117384918276E0));
#4692=CARTESIAN_POINT('',(-2.018301488753E0,4.709564092438E0,7.770591339648E0));
#4693=CARTESIAN_POINT('',(-1.945471183257E0,4.542894541911E0,7.490189950511E0));
#4694=CARTESIAN_POINT('',(-1.872640877762E0,4.376224991384E0,7.209788561374E0));
#4695=CARTESIAN_POINT('',(-1.799810572267E0,4.209555440857E0,6.929387172237E0));
#4696=CARTESIAN_POINT('',(-3.126163491565E0,4.686352119896E0,7.394777379429E0));
#4697=CARTESIAN_POINT('',(-3.013356042635E0,4.519682569369E0,7.127937217732E0));
#4698=CARTESIAN_POINT('',(-2.900548593705E0,4.353013018842E0,6.861097056036E0));
#4699=CARTESIAN_POINT('',(-2.787741144775E0,4.186343468315E0,6.594256894340E0));
#4700=CARTESIAN_POINT('',(-4.167647279668E0,4.663140147353E0,6.861949199723E0));
#4701=CARTESIAN_POINT('',(-4.017257941769E0,4.496470596826E0,6.614336115508E0));
#4702=CARTESIAN_POINT('',(-3.866868603870E0,4.329801046299E0,6.366723031292E0));
#4703=CARTESIAN_POINT('',(-3.716479265972E0,4.163131495772E0,6.119109947077E0));
#4704=CARTESIAN_POINT('',(-5.120638899429E0,4.639928174810E0,6.183420406940E0));
#4705=CARTESIAN_POINT('',(-4.935860907908E0,4.473258624283E0,5.960291999340E0));
#4706=CARTESIAN_POINT('',(-4.751082916388E0,4.306589073756E0,5.737163591741E0));
#4707=CARTESIAN_POINT('',(-4.566304924867E0,4.139919523229E0,5.514035184141E0));
#4708=CARTESIAN_POINT('',(-5.964903362331E0,4.616716202267E0,5.373598286563E0));
#4709=CARTESIAN_POINT('',(-5.749660131056E0,4.450046651740E0,5.179692268558E0));
#4710=CARTESIAN_POINT('',(-5.534416899781E0,4.283377101213E0,4.985786250553E0));
#4711=CARTESIAN_POINT('',(-5.319173668506E0,4.116707550686E0,4.791880232548E0));
#4712=CARTESIAN_POINT('',(-6.682514296980E0,4.593504229724E0,4.449677891483E0));
#4713=CARTESIAN_POINT('',(-6.441376112008E0,4.426834679197E0,4.289111493452E0));
#4714=CARTESIAN_POINT('',(-6.200237927037E0,4.260165128670E0,4.128545095420E0));
#4715=CARTESIAN_POINT('',(-5.959099742065E0,4.093495578143E0,3.967978697389E0));
#4716=CARTESIAN_POINT('',(-7.258234581956E0,4.570292257181E0,3.431276937322E0));
#4717=CARTESIAN_POINT('',(-6.996321560089E0,4.403622706654E0,3.307459485383E0));
#4718=CARTESIAN_POINT('',(-6.734408538222E0,4.236953156127E0,3.183642033443E0));
#4719=CARTESIAN_POINT('',(-6.472495516355E0,4.070283605600E0,3.059824581504E0));
#4720=CARTESIAN_POINT('',(-7.679839877493E0,4.547080284638E0,2.340019257053E0));
#4721=CARTESIAN_POINT('',(-7.402713250204E0,4.380410734111E0,2.255579782423E0));
#4722=CARTESIAN_POINT('',(-7.125586622915E0,4.213741183584E0,2.171140307793E0));
#4723=CARTESIAN_POINT('',(-6.848459995626E0,4.047071633057E0,2.086700833163E0));
#4724=CARTESIAN_POINT('',(-7.938378186388E0,4.523868312095E0,1.199075659496E0));
#4725=CARTESIAN_POINT('',(-7.651922217509E0,4.357198761568E0,1.155807075947E0));
#4726=CARTESIAN_POINT('',(-7.365466248630E0,4.190529211041E0,1.112538492399E0));
#4727=CARTESIAN_POINT('',(-7.079010279752E0,4.023859660514E0,1.069269908850E0));
#4728=CARTESIAN_POINT('',(-8.028359932863E0,4.500656339552E0,
3.267194067863E-2));
#4729=CARTESIAN_POINT('',(-7.738656977288E0,4.333986789025E0,
3.149297537836E-2));
#4730=CARTESIAN_POINT('',(-7.448954021712E0,4.167317238498E0,
3.031401007808E-2));
#4731=CARTESIAN_POINT('',(-7.159251066137E0,4.000647687971E0,
2.913504477781E-2));
#4732=CARTESIAN_POINT('',(-7.947874523406E0,4.477444367009E0,
-1.134425505483E0));
#4733=CARTESIAN_POINT('',(-7.661075879695E0,4.310774816482E0,
-1.093489819419E0));
#4734=CARTESIAN_POINT('',(-7.374277235983E0,4.144105265955E0,
-1.052554133355E0));
#4735=CARTESIAN_POINT('',(-7.087478592272E0,3.977435715428E0,
-1.011618447291E0));
#4736=CARTESIAN_POINT('',(-7.698630914637E0,4.454232394466E0,
-2.277435555070E0));
#4737=CARTESIAN_POINT('',(-7.420826213739E0,4.287562843939E0,
-2.195254410110E0));
#4738=CARTESIAN_POINT('',(-7.143021512840E0,4.120893293412E0,
-2.113073265149E0));
#4739=CARTESIAN_POINT('',(-6.865216811942E0,3.954223742885E0,
-2.030892120189E0));
#4740=CARTESIAN_POINT('',(-7.285921326818E0,4.431020421923E0,
-3.372088534828E0));
#4741=CARTESIAN_POINT('',(-7.023009230186E0,4.264350871396E0,
-3.250406893351E0));
#4742=CARTESIAN_POINT('',(-6.760097133553E0,4.097681320869E0,
-3.128725251873E0));
#4743=CARTESIAN_POINT('',(-6.497185036921E0,3.931011770342E0,
-3.007043610396E0));
#4744=CARTESIAN_POINT('',(-6.718508873493E0,4.407808449380E0,
-4.395141543123E0));
#4745=CARTESIAN_POINT('',(-6.476071826078E0,4.241138898853E0,
-4.236543086420E0));
#4746=CARTESIAN_POINT('',(-6.233634778663E0,4.074469348326E0,
-4.077944629716E0));
#4747=CARTESIAN_POINT('',(-5.991197731248E0,3.907799797799E0,
-3.919346173012E0));
#4748=CARTESIAN_POINT('',(-6.008441493217E0,4.384596476837E0,
-5.324871969343E0));
#4749=CARTESIAN_POINT('',(-5.791627190726E0,4.217926926310E0,
-5.132724237991E0));
#4750=CARTESIAN_POINT('',(-5.574812888236E0,4.051257375783E0,
-4.940576506638E0));
#4751=CARTESIAN_POINT('',(-5.357998585745E0,3.884587825256E0,
-4.748428775286E0));
#4752=CARTESIAN_POINT('',(-5.170796134188E0,4.361384504294E0,
-6.141538732759E0));
#4753=CARTESIAN_POINT('',(-4.984208221428E0,4.194714953767E0,
-5.919921623219E0));
#4754=CARTESIAN_POINT('',(-4.797620308669E0,4.028045403240E0,
-5.698304513680E0));
#4755=CARTESIAN_POINT('',(-4.611032395910E0,3.861375852713E0,
-5.476687404141E0));
#4756=CARTESIAN_POINT('',(-4.223358623553E0,4.338172531751E0,
-6.827801447330E0));
#4757=CARTESIAN_POINT('',(-4.070958944673E0,4.171502981224E0,
-6.581420583005E0));
#4758=CARTESIAN_POINT('',(-3.918559265793E0,4.004833430697E0,
-6.335039718680E0));
#4759=CARTESIAN_POINT('',(-3.766159586914E0,3.838163880170E0,
-6.088658854355E0));
#4760=CARTESIAN_POINT('',(-3.186246018743E0,4.314960559208E0,
-7.369088612261E0));
#4761=CARTESIAN_POINT('',(-3.071270494908E0,4.148291008681E0,
-7.103175428407E0));
#4762=CARTESIAN_POINT('',(-2.956294971072E0,3.981621458154E0,
-6.837262244553E0));
#4763=CARTESIAN_POINT('',(-2.841319447237E0,3.814951907627E0,
-6.571349060700E0));
#4764=CARTESIAN_POINT('',(-2.081479459521E0,4.291748586665E0,
-7.753907010462E0));
#4765=CARTESIAN_POINT('',(-2.006369380198E0,4.125079036138E0,
-7.474107674487E0));
#4766=CARTESIAN_POINT('',(-1.931259300874E0,3.958409485611E0,
-7.194308338511E0));
#4767=CARTESIAN_POINT('',(-1.856149221551E0,3.791739935084E0,
-6.914509002536E0));
#4768=CARTESIAN_POINT('',(-9.325165903969E-1,4.268536614122E0,
-7.974085745459E0));
#4769=CARTESIAN_POINT('',(-8.988667771573E-1,4.101867063595E0,
-7.686341271147E0));
#4770=CARTESIAN_POINT('',(-8.652169639177E-1,3.935197513068E0,
-7.398596796835E0));
#4771=CARTESIAN_POINT('',(-8.315671506781E-1,3.768527962541E0,
-7.110852322523E0));
#4772=CARTESIAN_POINT('',(2.362465184217E-1,4.245324641579E0,
-8.024949735035E0));
#4773=CARTESIAN_POINT('',(2.277215749459E-1,4.078655091052E0,
-7.735369836273E0));
#4774=CARTESIAN_POINT('',(2.191966314701E-1,3.911985540525E0,
-7.445789937511E0));
#4775=CARTESIAN_POINT('',(2.106716879943E-1,3.745315989998E0,
-7.156210038749E0));
#4776=CARTESIAN_POINT('',(1.399993375798E0,4.222112669036E0,-7.905418977829E0));
#4777=CARTESIAN_POINT('',(1.349474686782E0,4.055443118509E0,-7.620152340298E0));
#4778=CARTESIAN_POINT('',(1.298955997767E0,3.888773567982E0,-7.334885702767E0));
#4779=CARTESIAN_POINT('',(1.248437308751E0,3.722104017455E0,-7.049619065236E0));
#4780=CARTESIAN_POINT('',(2.534014001279E0,4.198900696493E0,-7.618031485142E0));
#4781=CARTESIAN_POINT('',(2.442574236274E0,4.032231145966E0,-7.343135210515E0));
#4782=CARTESIAN_POINT('',(2.351134471268E0,3.865561595439E0,-7.068238935887E0));
#4783=CARTESIAN_POINT('',(2.259694706263E0,3.698892044912E0,-6.793342661260E0));
#4784=CARTESIAN_POINT('',(3.614229595160E0,4.175688723950E0,-7.168889391027E0));
#4785=CARTESIAN_POINT('',(3.483810305965E0,4.009019173423E0,-6.910200385782E0));
#4786=CARTESIAN_POINT('',(3.353391016770E0,3.842349622896E0,-6.651511380538E0));
#4787=CARTESIAN_POINT('',(3.222971727575E0,3.675680072369E0,-6.392822375294E0));
#4788=CARTESIAN_POINT('',(4.617703806602E0,4.152476751407E0,-6.567529384921E0));
#4789=CARTESIAN_POINT('',(4.451074202059E0,3.985807200880E0,-6.330540424592E0));
#4790=CARTESIAN_POINT('',(4.284444597515E0,3.819137650353E0,-6.093551464262E0));
#4791=CARTESIAN_POINT('',(4.117814992972E0,3.652468099826E0,-5.856562503933E0));
#4792=CARTESIAN_POINT('',(5.523129743996E0,4.129264778864E0,-5.826720217952E0));
#4793=CARTESIAN_POINT('',(5.323827891034E0,3.962595228337E0,-5.616463318341E0));
#4794=CARTESIAN_POINT('',(5.124526038073E0,3.795925677810E0,-5.406206418729E0));
#4795=CARTESIAN_POINT('',(4.925224185111E0,3.629256127283E0,-5.195949519117E0));
#4796=CARTESIAN_POINT('',(6.311282386822E0,4.106052806321E0,-4.962191582465E0));
#4797=CARTESIAN_POINT('',(6.083540086250E0,3.939383255794E0,-4.783131154234E0));
#4798=CARTESIAN_POINT('',(5.855797785677E0,3.772713705267E0,-4.604070726003E0));
#4799=CARTESIAN_POINT('',(5.628055485105E0,3.606044154740E0,-4.425010297772E0));
#4800=CARTESIAN_POINT('',(6.965426792878E0,4.082840833779E0,-3.992300121529E0));
#4801=CARTESIAN_POINT('',(6.714079725032E0,3.916171283252E0,-3.848238176821E0));
#4802=CARTESIAN_POINT('',(6.462732657185E0,3.749501732725E0,-3.704176232112E0));
#4803=CARTESIAN_POINT('',(6.211385589339E0,3.582832182198E0,-3.560114287403E0));
#4804=CARTESIAN_POINT('',(7.471673433367E0,4.059628861236E0,-2.937639660070E0));
#4805=CARTESIAN_POINT('',(7.202058481516E0,3.892959310709E0,-2.831635083911E0));
#4806=CARTESIAN_POINT('',(6.932443529666E0,3.726289760182E0,-2.725630507751E0));
#4807=CARTESIAN_POINT('',(6.662828577815E0,3.559620209655E0,-2.619625931592E0));
#4808=CARTESIAN_POINT('',(7.819273110979E0,4.036416888693E0,-1.820603933652E0));
#4809=CARTESIAN_POINT('',(7.537115042625E0,3.869747338166E0,-1.754907534273E0));
#4810=CARTESIAN_POINT('',(7.254956974272E0,3.703077787639E0,-1.689211134893E0));
#4811=CARTESIAN_POINT('',(6.972798905919E0,3.536408237112E0,-1.623514735514E0));
#4812=CARTESIAN_POINT('',(8.000845198917E0,4.013204916150E0,
-6.649110995250E-1));
#4813=CARTESIAN_POINT('',(7.712135111102E0,3.846535365623E0,
-6.409178166705E-1));
#4814=CARTESIAN_POINT('',(7.423425023287E0,3.679865815096E0,
-6.169245338159E-1));
#4815=CARTESIAN_POINT('',(7.134714935472E0,3.513196264569E0,
-5.929312509614E-1));
#4816=CARTESIAN_POINT('',(8.012534354660E0,3.989992943607E0,5.048998739271E-1));
#4817=CARTESIAN_POINT('',(7.723402464261E0,3.823323393080E0,4.866805879247E-1));
#4818=CARTESIAN_POINT('',(7.434270573862E0,3.656653842553E0,4.684613019224E-1));
#4819=CARTESIAN_POINT('',(7.145138683463E0,3.489984292026E0,4.502420159201E-1));
#4820=CARTESIAN_POINT('',(7.854092380924E0,3.966780971064E0,1.663990246128E0));
#4821=CARTESIAN_POINT('',(7.570677861004E0,3.800111420537E0,1.603945243614E0));
#4822=CARTESIAN_POINT('',(7.287263341085E0,3.633441870010E0,1.543900241100E0));
#4823=CARTESIAN_POINT('',(7.003848821165E0,3.466772319483E0,1.483855238586E0));
#4824=CARTESIAN_POINT('',(7.528883495664E0,3.943568998521E0,2.787748908350E0));
#4825=CARTESIAN_POINT('',(7.257204121656E0,3.776899447994E0,2.687153132263E0));
#4826=CARTESIAN_POINT('',(6.985524747647E0,3.610229897467E0,2.586557356177E0));
#4827=CARTESIAN_POINT('',(6.713845373639E0,3.443560346940E0,2.485961580090E0));
#4828=CARTESIAN_POINT('',(7.043812899223E0,3.920357025978E0,3.852314954418E0));
#4829=CARTESIAN_POINT('',(6.789637272758E0,3.753687475451E0,3.713304367270E0));
#4830=CARTESIAN_POINT('',(6.535461646293E0,3.587017924924E0,3.574293780122E0));
#4831=CARTESIAN_POINT('',(6.281286019828E0,3.420348374397E0,3.435283192974E0));
#4832=CARTESIAN_POINT('',(6.409180155360E0,3.897145053435E0,4.835084322268E0));
#4833=CARTESIAN_POINT('',(6.177905218841E0,3.730475502908E0,4.660610552989E0));
#4834=CARTESIAN_POINT('',(5.946630282322E0,3.563805952381E0,4.486136783710E0));
#4835=CARTESIAN_POINT('',(5.715355345803E0,3.397136401854E0,4.311663014431E0));
#4836=CARTESIAN_POINT('',(5.638460499339E0,3.873933080892E0,5.715189748791E0));
#4837=CARTESIAN_POINT('',(5.434996941999E0,3.707263530365E0,5.508957420427E0));
#4838=CARTESIAN_POINT('',(5.231533384658E0,3.540593979838E0,5.302725092063E0));
#4839=CARTESIAN_POINT('',(5.028069827317E0,3.373924429311E0,5.096492763699E0));
#4840=CARTESIAN_POINT('',(4.748018716609E0,3.850721108349E0,6.473943846994E0));
#4841=CARTESIAN_POINT('',(4.576686705235E0,3.684051557822E0,6.240331915991E0));
#4842=CARTESIAN_POINT('',(4.405354693862E0,3.517382007295E0,6.006719984988E0));
#4843=CARTESIAN_POINT('',(4.234022682488E0,3.350712456768E0,5.773108053985E0));
#4844=CARTESIAN_POINT('',(3.756761667287E0,3.827509135806E0,7.095235897594E0));
#4845=CARTESIAN_POINT('',(3.621199115594E0,3.660839585279E0,6.839204674875E0));
#4846=CARTESIAN_POINT('',(3.485636563902E0,3.494170034752E0,6.583173452157E0));
#4847=CARTESIAN_POINT('',(3.350074012209E0,3.327500484225E0,6.327142229438E0));
#4848=CARTESIAN_POINT('',(2.685736834470E0,3.804297163263E0,7.565873929909E0));
#4849=CARTESIAN_POINT('',(2.588822158826E0,3.637627612736E0,7.292859757982E0));
#4850=CARTESIAN_POINT('',(2.491907483183E0,3.470958062209E0,7.019845586054E0));
#4851=CARTESIAN_POINT('',(2.394992807539E0,3.304288511682E0,6.746831414127E0));
#4852=CARTESIAN_POINT('',(1.557685420436E0,3.781085190720E0,7.875864828593E0));
#4853=CARTESIAN_POINT('',(1.501476422094E0,3.614415640193E0,7.591664651018E0));
#4854=CARTESIAN_POINT('',(1.445267423752E0,3.447746089666E0,7.307464473443E0));
#4855=CARTESIAN_POINT('',(1.389058425410E0,3.281076539139E0,7.023264295868E0));
#4856=CARTESIAN_POINT('',(3.965594798888E-1,3.757873218177E0,8.018626518688E0));
#4857=CARTESIAN_POINT('',(3.822496514374E-1,3.591203667650E0,7.729274792863E0));
#4858=CARTESIAN_POINT('',(3.679398229861E-1,3.424534117123E0,7.439923067038E0));
#4859=CARTESIAN_POINT('',(3.536299945347E-1,3.257864566596E0,7.150571341213E0));
#4860=CARTESIAN_POINT('',(-7.729866569700E-1,3.734661245634E0,
7.991127723635E0));
#4861=CARTESIAN_POINT('',(-7.450934731793E-1,3.567991695107E0,
7.702768290416E0));
#4862=CARTESIAN_POINT('',(-7.172002893887E-1,3.401322144580E0,
7.414408857198E0));
#4863=CARTESIAN_POINT('',(-6.893071055981E-1,3.234652594053E0,
7.126049423979E0));
#4864=CARTESIAN_POINT('',(-1.926119872872E0,3.711449273091E0,7.793952328737E0));
#4865=CARTESIAN_POINT('',(-1.856615936249E0,3.544779722564E0,7.512707959509E0));
#4866=CARTESIAN_POINT('',(-1.787111999625E0,3.378110172037E0,7.231463590282E0));
#4867=CARTESIAN_POINT('',(-1.717608063002E0,3.211440621510E0,6.950219221055E0));
#4868=CARTESIAN_POINT('',(-3.038355548124E0,3.688237300548E0,7.431286983456E0));
#4869=CARTESIAN_POINT('',(-2.928716644320E0,3.521567750021E0,7.163129374575E0));
#4870=CARTESIAN_POINT('',(-2.819077740517E0,3.354898199494E0,6.894971765693E0));
#4871=CARTESIAN_POINT('',(-2.709438836713E0,3.188228648967E0,6.626814156812E0));
#4872=CARTESIAN_POINT('',(-4.086077445553E0,3.665025328005E0,6.910832205766E0));
#4873=CARTESIAN_POINT('',(-3.938631550926E0,3.498355777478E0,6.661455180790E0));
#4874=CARTESIAN_POINT('',(-3.791185656299E0,3.331686226951E0,6.412078155813E0));
#4875=CARTESIAN_POINT('',(-3.643739761672E0,3.165016676424E0,6.162701130837E0));
#4876=CARTESIAN_POINT('',(-5.047039156979E0,3.641813355462E0,6.243638876106E0));
#4877=CARTESIAN_POINT('',(-4.864917008382E0,3.475143804935E0,6.018337488142E0));
#4878=CARTESIAN_POINT('',(-4.682794859786E0,3.308474254408E0,5.793036100177E0));
#4879=CARTESIAN_POINT('',(-4.500672711189E0,3.141804703881E0,5.567734712212E0));
#4880=CARTESIAN_POINT('',(-5.900836463950E0,3.618601382919E0,5.443873592675E0));
#4881=CARTESIAN_POINT('',(-5.687905083410E0,3.451931832392E0,5.247431693861E0));
#4882=CARTESIAN_POINT('',(-5.474973702871E0,3.285262281865E0,5.050989795046E0));
#4883=CARTESIAN_POINT('',(-5.262042322331E0,3.118592731338E0,4.854547896232E0));
#4884=CARTESIAN_POINT('',(-6.629340583016E0,3.595389410376E0,4.528517870306E0));
#4885=CARTESIAN_POINT('',(-6.390121168780E0,3.428719859849E0,4.365106535690E0));
#4886=CARTESIAN_POINT('',(-6.150901754544E0,3.262050309322E0,4.201695201075E0));
#4887=CARTESIAN_POINT('',(-5.911682340308E0,3.095380758795E0,4.038283866459E0));
#4888=CARTESIAN_POINT('',(-7.217083096432E0,3.572177437833E0,3.517007569867E0));
#4889=CARTESIAN_POINT('',(-6.956655023805E0,3.405507887306E0,3.390096532458E0));
#4890=CARTESIAN_POINT('',(-6.696226951179E0,3.238838336779E0,3.263185495049E0));
#4891=CARTESIAN_POINT('',(-6.435798878552E0,3.072168786252E0,3.136274457640E0));
#4892=CARTESIAN_POINT('',(-7.651584394972E0,3.548965465290E0,2.430820214234E0));
#4893=CARTESIAN_POINT('',(-7.375477365317E0,3.382295914763E0,2.343104191731E0));
#4894=CARTESIAN_POINT('',(-7.099370335663E0,3.215626364236E0,2.255388169227E0));
#4895=CARTESIAN_POINT('',(-6.823263306009E0,3.048956813709E0,2.167672146724E0));
#4896=CARTESIAN_POINT('',(-7.923618659013E0,3.525753492747E0,1.293018953398E0));
#4897=CARTESIAN_POINT('',(-7.637695286921E0,3.359083942220E0,1.246360430917E0));
#4898=CARTESIAN_POINT('',(-7.351771914830E0,3.192414391693E0,1.199701908436E0));
#4899=CARTESIAN_POINT('',(-7.065848542738E0,3.025744841166E0,1.153043385955E0));
#4900=CARTESIAN_POINT('',(-8.027409751498E0,3.502541520204E0,
1.277628617637E-1));
#4901=CARTESIAN_POINT('',(-7.737741083169E0,3.335871969677E0,
1.231525454631E-1));
#4902=CARTESIAN_POINT('',(-7.448072414839E0,3.169202419150E0,
1.185422291625E-1));
#4903=CARTESIAN_POINT('',(-7.158403746510E0,3.002532868623E0,
1.139319128619E-1));
#4904=CARTESIAN_POINT('',(-7.960753863371E0,3.479329547662E0,
-1.040206034462E0));
#4905=CARTESIAN_POINT('',(-7.673490469339E0,3.312659997135E0,
-1.002670253167E0));
#4906=CARTESIAN_POINT('',(-7.386227075306E0,3.145990446608E0,
-9.651344718730E-1));
#4907=CARTESIAN_POINT('',(-7.098963681274E0,2.979320896081E0,
-9.275986905787E-1));
#4908=CARTESIAN_POINT('',(-7.725066307317E0,3.456117575119E0,
-2.186088107753E0));
#4909=CARTESIAN_POINT('',(-7.446307686632E0,3.289448024592E0,
-2.107203230735E0));
#4910=CARTESIAN_POINT('',(-7.167549065948E0,3.122778474065E0,
-2.028318353716E0));
#4911=CARTESIAN_POINT('',(-6.888790445263E0,2.956108923538E0,
-1.949433476698E0));
#4912=CARTESIAN_POINT('',(-7.325351466263E0,3.432905602576E0,
-3.285552702823E0));
#4913=CARTESIAN_POINT('',(-7.061016535075E0,3.266236052049E0,
-3.166993702396E0));
#4914=CARTESIAN_POINT('',(-6.796681603887E0,3.099566501522E0,
-3.048434701970E0));
#4915=CARTESIAN_POINT('',(-6.532346672699E0,2.932896950995E0,
-2.929875701543E0));
#4916=CARTESIAN_POINT('',(-6.770096534692E0,3.409693630033E0,
-4.315254752417E0));
#4917=CARTESIAN_POINT('',(-6.525797949174E0,3.243024079506E0,
-4.159539006450E0));
#4918=CARTESIAN_POINT('',(-6.281499363655E0,3.076354528979E0,
-4.003823260483E0));
#4919=CARTESIAN_POINT('',(-6.037200778137E0,2.909684978452E0,
-3.848107514516E0));
#4920=CARTESIAN_POINT('',(-6.071091309001E0,3.386481657490E0,
-5.253330466007E0));
#4921=CARTESIAN_POINT('',(-5.852016291128E0,3.219812106963E0,
-5.063764306126E0));
#4922=CARTESIAN_POINT('',(-5.632941273254E0,3.053142556436E0,
-4.874198146244E0));
#4923=CARTESIAN_POINT('',(-5.413866255381E0,2.886473005909E0,
-4.684631986363E0));
#4924=CARTESIAN_POINT('',(-5.243177853298E0,3.363269684947E0,
-6.079861566351E0));
#4925=CARTESIAN_POINT('',(-5.053978049925E0,3.196600134420E0,
-5.860470074192E0));
#4926=CARTESIAN_POINT('',(-4.864778246551E0,3.029930583893E0,
-5.641078582033E0));
#4927=CARTESIAN_POINT('',(-4.675578443178E0,2.863261033366E0,
-5.421687089874E0));
#4928=CARTESIAN_POINT('',(-4.303935356025E0,3.340057712404E0,
-6.777298216728E0));
#4929=CARTESIAN_POINT('',(-4.148628069896E0,3.173388161877E0,
-6.532739758883E0));
#4930=CARTESIAN_POINT('',(-3.993320783766E0,3.006718611350E0,
-6.288181301039E0));
#4931=CARTESIAN_POINT('',(-3.838013497636E0,2.840049060823E0,
-6.043622843194E0));
#4932=CARTESIAN_POINT('',(-3.273306868889E0,3.316845739861E0,
-7.330831658782E0));
#4933=CARTESIAN_POINT('',(-3.155189758750E0,3.150176189334E0,
-7.066298975128E0));
#4934=CARTESIAN_POINT('',(-3.037072648612E0,2.983506638807E0,
-6.801766291475E0));
#4935=CARTESIAN_POINT('',(-2.918955538473E0,2.816837088280E0,
-6.537233607822E0));
#4936=CARTESIAN_POINT('',(-2.173175853577E0,3.293633767318E0,
-7.728708648716E0));
#4937=CARTESIAN_POINT('',(-2.094756914586E0,3.126964216791E0,
-7.449818594329E0));
#4938=CARTESIAN_POINT('',(-2.016337975596E0,2.960294666264E0,
-7.170928539942E0));
#4939=CARTESIAN_POINT('',(-1.937919036606E0,2.793625115737E0,
-6.892038485555E0));
#4940=CARTESIAN_POINT('',(-1.026901527527E0,3.270421794775E0,
-7.962481015366E0));
#4941=CARTESIAN_POINT('',(-9.898458386812E-1,3.103752244248E0,
-7.675155297143E0));
#4942=CARTESIAN_POINT('',(-9.527901498359E-1,2.937082693721E0,
-7.387829578920E0));
#4943=CARTESIAN_POINT('',(-9.157344609906E-1,2.770413143194E0,
-7.100503860697E0));
#4944=CARTESIAN_POINT('',(1.411771252212E-1,3.247209822232E0,
-8.027185041259E0));
#4945=CARTESIAN_POINT('',(1.360827559131E-1,3.080540271705E0,
-7.737524481587E0));
#4946=CARTESIAN_POINT('',(1.309883866050E-1,2.913870721178E0,
-7.447863921915E0));
#4947=CARTESIAN_POINT('',(1.258940172969E-1,2.747201170651E0,
-7.158203362243E0));
#4948=CARTESIAN_POINT('',(1.306258146669E0,3.223997849689E0,-7.921446857839E0));
#4949=CARTESIAN_POINT('',(1.259121888579E0,3.057328299162E0,-7.635601855081E0));
#4950=CARTESIAN_POINT('',(1.211985630489E0,2.890658748635E0,-7.349756852324E0));
#4951=CARTESIAN_POINT('',(1.164849372399E0,2.723989198108E0,-7.063911849566E0));
#4952=CARTESIAN_POINT('',(2.443603227895E0,3.200785877146E0,-7.647511616985E0));
#4953=CARTESIAN_POINT('',(2.355425931001E0,3.034116326619E0,-7.371551553315E0));
#4954=CARTESIAN_POINT('',(2.267248634106E0,2.867446776092E0,-7.095591489646E0));
#4955=CARTESIAN_POINT('',(2.179071337212E0,2.700777225565E0,-6.819631425976E0));
#4956=CARTESIAN_POINT('',(3.529062980614E0,3.177573904603E0,-7.211195819430E0));
#4957=CARTESIAN_POINT('',(3.401716924328E0,3.010904354076E0,-6.950980188891E0));
#4958=CARTESIAN_POINT('',(3.274370868042E0,2.844234803549E0,-6.690764558352E0));
#4959=CARTESIAN_POINT('',(3.147024811756E0,2.677565253022E0,-6.430548927813E0));
#4960=CARTESIAN_POINT('',(4.539589704118E0,3.154361932060E0,-6.621763812276E0));
#4961=CARTESIAN_POINT('',(4.375778842948E0,2.987692381533E0,-6.382817805423E0));
#4962=CARTESIAN_POINT('',(4.211967981779E0,2.821022831006E0,-6.143871798569E0));
#4963=CARTESIAN_POINT('',(4.048157120609E0,2.654353280479E0,-5.904925791716E0));
#4964=CARTESIAN_POINT('',(5.453726759939E0,3.131149959517E0,-5.891731077979E0));
#4965=CARTESIAN_POINT('',(5.256929310090E0,2.964480408990E0,-5.679128264825E0));
#4966=CARTESIAN_POINT('',(5.060131860242E0,2.797810858463E0,-5.466525451670E0));
#4967=CARTESIAN_POINT('',(4.863334410393E0,2.631141307936E0,-5.253922638515E0));
#4968=CARTESIAN_POINT('',(6.252064163307E0,3.107937986974E0,-5.036598491560E0));
#4969=CARTESIAN_POINT('',(6.026458749287E0,2.941268436447E0,-4.854853093839E0));
#4970=CARTESIAN_POINT('',(5.800853335267E0,2.774598885920E0,-4.673107696117E0));
#4971=CARTESIAN_POINT('',(5.575247921247E0,2.607929335393E0,-4.491362298396E0));
#4972=CARTESIAN_POINT('',(6.917650717743E0,3.084726014431E0,-4.074523188622E0));
#4973=CARTESIAN_POINT('',(6.668027647112E0,2.918056463904E0,-3.927494228763E0));
#4974=CARTESIAN_POINT('',(6.418404576482E0,2.751386913377E0,-3.780465268903E0));
#4975=CARTESIAN_POINT('',(6.168781505851E0,2.584717362850E0,-3.633436309044E0));
#4976=CARTESIAN_POINT('',(7.436353941904E0,3.061514041888E0,-3.025933032643E0));
#4977=CARTESIAN_POINT('',(7.168013492087E0,2.894844491361E0,-2.916742394672E0));
#4978=CARTESIAN_POINT('',(6.899673042270E0,2.728174940834E0,-2.807551756701E0));
#4979=CARTESIAN_POINT('',(6.631332592454E0,2.561505390307E0,-2.698361118730E0));
#4980=CARTESIAN_POINT('',(7.797160146302E0,3.038302069345E0,-1.913092867642E0));
#4981=CARTESIAN_POINT('',(7.515800023143E0,2.871632518818E0,-1.844059009833E0));
#4982=CARTESIAN_POINT('',(7.234439899983E0,2.704962968291E0,-1.775025152024E0));
#4983=CARTESIAN_POINT('',(6.953079776824E0,2.538293417764E0,-1.705991294215E0));
#4984=CARTESIAN_POINT('',(7.992408288331E0,3.015090096802E0,
-7.596317659986E-1));
#4985=CARTESIAN_POINT('',(7.704002646001E0,2.848420546275E0,
-7.322204927623E-1));
#4986=CARTESIAN_POINT('',(7.415597003671E0,2.681750995748E0,
-7.048092195261E-1));
#4987=CARTESIAN_POINT('',(7.127191361341E0,2.515081445221E0,
-6.773979462898E-1));
#4988=CARTESIAN_POINT('',(8.017952640128E0,2.991878124259E0,4.099586905553E-1));
#4989=CARTESIAN_POINT('',(7.728625231176E0,2.825208573732E0,3.951653522757E-1));
#4990=CARTESIAN_POINT('',(7.439297822225E0,2.658539023205E0,3.803720139961E-1));
#4991=CARTESIAN_POINT('',(7.149970413273E0,2.491869472678E0,3.655786757164E-1));
#4992=CARTESIAN_POINT('',(7.873250815322E0,2.968666151716E0,1.570844443706E0));
#4993=CARTESIAN_POINT('',(7.589144964282E0,2.801996601189E0,1.514160602686E0));
#4994=CARTESIAN_POINT('',(7.305039113241E0,2.635327050662E0,1.457476761665E0));
#4995=CARTESIAN_POINT('',(7.020933262201E0,2.468657500135E0,1.400792920644E0));
#4996=CARTESIAN_POINT('',(7.561375285595E0,2.945454179173E0,2.698376263181E0));
#4997=CARTESIAN_POINT('',(7.288523447017E0,2.778784628646E0,2.601005494402E0));
#4998=CARTESIAN_POINT('',(7.015671608438E0,2.612115078119E0,2.503634725623E0));
#4999=CARTESIAN_POINT('',(6.742819769859E0,2.445445527592E0,2.406263956844E0));
#5000=CARTESIAN_POINT('',(7.088948142505E0,2.922242206630E0,3.768613126890E0));
#5001=CARTESIAN_POINT('',(6.833143813106E0,2.755572656103E0,3.632622915887E0));
#5002=CARTESIAN_POINT('',(6.577339483706E0,2.588903105576E0,3.496632704884E0));
#5003=CARTESIAN_POINT('',(6.321535154307E0,2.422233555049E0,3.360642493881E0));
#5004=CARTESIAN_POINT('',(6.466000489809E0,2.899030234087E0,4.758830563604E0));
#5005=CARTESIAN_POINT('',(6.232675194442E0,2.732360683560E0,4.587108407287E0));
#5006=CARTESIAN_POINT('',(5.999349899075E0,2.565691133033E0,4.415386250971E0));
#5007=CARTESIAN_POINT('',(5.766024603708E0,2.399021582506E0,4.243664094654E0));
#5008=CARTESIAN_POINT('',(5.705759451792E0,2.875818261545E0,5.648003164445E0));
#5009=CARTESIAN_POINT('',(5.499867415211E0,2.709148711018E0,5.444195260524E0));
#5010=CARTESIAN_POINT('',(5.293975378629E0,2.542479160491E0,5.240387356604E0));
#5011=CARTESIAN_POINT('',(5.088083342048E0,2.375809609964E0,5.036579452683E0));
#5012=CARTESIAN_POINT('',(4.824367320114E0,2.852606289002E0,6.417251017992E0));
#5013=CARTESIAN_POINT('',(4.650280273307E0,2.685936738475E0,6.185684844810E0));
#5014=CARTESIAN_POINT('',(4.476193226499E0,2.519267187948E0,5.954118671628E0));
#5015=CARTESIAN_POINT('',(4.302106179692E0,2.352597637421E0,5.722552498446E0));
#5016=CARTESIAN_POINT('',(3.840538802535E0,2.829394316459E0,7.050240589761E0));
#5017=CARTESIAN_POINT('',(3.701953157223E0,2.662724765932E0,6.795833020413E0));
#5018=CARTESIAN_POINT('',(3.563367511910E0,2.496055215405E0,6.541425451065E0));
#5019=CARTESIAN_POINT('',(3.424781866598E0,2.329385664878E0,6.287017881717E0));
#5020=CARTESIAN_POINT('',(2.775163651224E0,2.806182343916E0,7.533531534163E0));
#5021=CARTESIAN_POINT('',(2.675022013494E0,2.639512793389E0,7.261684435924E0));
#5022=CARTESIAN_POINT('',(2.574880375764E0,2.472843242862E0,6.989837337685E0));
#5023=CARTESIAN_POINT('',(2.474738738034E0,2.306173692335E0,6.717990239446E0));
#5024=CARTESIAN_POINT('',(1.650863108075E0,2.782970371373E0,7.856862075008E0));
#5025=CARTESIAN_POINT('',(1.591291797663E0,2.616300820846E0,7.573347610820E0));
#5026=CARTESIAN_POINT('',(1.531720487251E0,2.449631270319E0,7.289833146631E0));
#5027=CARTESIAN_POINT('',(1.472149176839E0,2.282961719792E0,7.006318682443E0));
#5028=CARTESIAN_POINT('',(4.915095850856E-1,2.759758398830E0,8.013366895074E0));
#5029=CARTESIAN_POINT('',(4.737734869679E-1,2.593088848303E0,7.724204962497E0));
#5030=CARTESIAN_POINT('',(4.560373888503E-1,2.426419297776E0,7.435043029919E0));
#5031=CARTESIAN_POINT('',(4.383012907327E-1,2.259749747249E0,7.145881097342E0));
#5032=CARTESIAN_POINT('',(-6.782802215009E-1,2.736546426287E0,
7.999722908228E0));
#5033=CARTESIAN_POINT('',(-6.538045145670E-1,2.569876875760E0,
7.711053318214E0));
#5034=CARTESIAN_POINT('',(-6.293288076330E-1,2.403207325233E0,
7.422383728201E0));
#5035=CARTESIAN_POINT('',(-6.048531006990E-1,2.236537774706E0,
7.133714138188E0));
#5036=CARTESIAN_POINT('',(-1.833668020548E0,2.713334453744E0,7.816219818922E0));
#5037=CARTESIAN_POINT('',(-1.767500204264E0,2.546664903217E0,7.534171928456E0));
#5038=CARTESIAN_POINT('',(-1.701332387981E0,2.379995352690E0,7.252124037990E0));
#5039=CARTESIAN_POINT('',(-1.635164571697E0,2.213325802163E0,6.970076147524E0));
#5040=CARTESIAN_POINT('',(-2.950121320519E0,2.690122481201E0,7.466753970871E0));
#5041=CARTESIAN_POINT('',(-2.843666344283E0,2.523452930674E0,7.197316537572E0));
#5042=CARTESIAN_POINT('',(-2.737211368048E0,2.356783380147E0,6.927879104272E0));
#5043=CARTESIAN_POINT('',(-2.630756391813E0,2.190113829620E0,6.658441670973E0));
#5044=CARTESIAN_POINT('',(-4.003934330896E0,2.666910508658E0,6.958745615495E0));
#5045=CARTESIAN_POINT('',(-3.859452566340E0,2.500240958131E0,6.707639637592E0));
#5046=CARTESIAN_POINT('',(-3.714970801784E0,2.333571407604E0,6.456533659688E0));
#5047=CARTESIAN_POINT('',(-3.570489037228E0,2.166901857077E0,6.205427681784E0));
#5048=CARTESIAN_POINT('',(-4.972731310149E0,2.643698536115E0,6.302981356816E0));
#5049=CARTESIAN_POINT('',(-4.793290556386E0,2.477028985588E0,6.075538598485E0));
#5050=CARTESIAN_POINT('',(-4.613849802623E0,2.310359435061E0,5.848095840154E0));
#5051=CARTESIAN_POINT('',(-4.434409048860E0,2.143689884534E0,5.620653081823E0));
#5052=CARTESIAN_POINT('',(-5.835941672615E0,2.620486563572E0,5.513385118159E0));
#5053=CARTESIAN_POINT('',(-5.625352017286E0,2.453817013045E0,5.314434899520E0));
#5054=CARTESIAN_POINT('',(-5.414762361956E0,2.287147462518E0,5.115484680881E0));
#5055=CARTESIAN_POINT('',(-5.204172706627E0,2.120477911991E0,4.916534462242E0));
#5056=CARTESIAN_POINT('',(-6.575236766280E0,2.597274591029E0,4.606722493776E0));
#5057=CARTESIAN_POINT('',(-6.337969685490E0,2.430605040502E0,4.440489149341E0));
#5058=CARTESIAN_POINT('',(-6.100702604701E0,2.263935489975E0,4.274255804907E0));
#5059=CARTESIAN_POINT('',(-5.863435523911E0,2.097265939448E0,4.108022460473E0));
#5060=CARTESIAN_POINT('',(-7.174919047304E0,2.574062618486E0,3.602244762914E0));
#5061=CARTESIAN_POINT('',(-6.916012462223E0,2.407393067959E0,3.472257945775E0));
#5062=CARTESIAN_POINT('',(-6.657105877142E0,2.240723517432E0,3.342271128635E0));
#5063=CARTESIAN_POINT('',(-6.398199292061E0,2.074053966905E0,3.212284311496E0));
#5064=CARTESIAN_POINT('',(-7.622255387903E0,2.550850645943E0,2.521280125032E0));
#5065=CARTESIAN_POINT('',(-7.347206693962E0,2.384181095416E0,2.430299861297E0));
#5066=CARTESIAN_POINT('',(-7.072158000020E0,2.217511544889E0,2.339319597561E0));
#5067=CARTESIAN_POINT('',(-6.797109306079E0,2.050841994362E0,2.248339333826E0));
#5068=CARTESIAN_POINT('',(-7.907747440426E0,2.527638673400E0,1.386780835514E0));
#5069=CARTESIAN_POINT('',(-7.622396780441E0,2.360969122873E0,1.336738920336E0));
#5070=CARTESIAN_POINT('',(-7.337046120456E0,2.194299572346E0,1.286697005157E0));
#5071=CARTESIAN_POINT('',(-7.051695460472E0,2.027630021819E0,1.236655089979E0));
#5072=CARTESIAN_POINT('',(-8.025333316933E0,2.504426700857E0,
2.228358575981E-1));
#5073=CARTESIAN_POINT('',(-7.735739576638E0,2.337757150330E0,
2.147948371288E-1));
#5074=CARTESIAN_POINT('',(-7.446145836343E0,2.171087599803E0,
2.067538166596E-1));
#5075=CARTESIAN_POINT('',(-7.156552096048E0,2.004418049276E0,
1.987127961904E-1));
#5076=CARTESIAN_POINT('',(-7.972516302017E0,2.481214728314E0,
-9.458406215467E-1));
#5077=CARTESIAN_POINT('',(-7.684828460991E0,2.314545177787E0,
-9.117100113278E-1));
#5078=CARTESIAN_POINT('',(-7.397140619965E0,2.147875627260E0,
-8.775794011090E-1));
#5079=CARTESIAN_POINT('',(-7.109452778939E0,1.981206076733E0,
-8.434487908901E-1));
#5080=CARTESIAN_POINT('',(-7.750417865867E0,2.458002755771E0,
-2.094433950202E0));
#5081=CARTESIAN_POINT('',(-7.470744435494E0,2.291333205244E0,
-2.018856408748E0));
#5082=CARTESIAN_POINT('',(-7.191071005122E0,2.124663654717E0,
-1.943278867295E0));
#5083=CARTESIAN_POINT('',(-6.911397574750E0,1.957994104190E0,
-1.867701325841E0));
#5084=CARTESIAN_POINT('',(-7.363753851948E0,2.434790783228E0,
-3.198555904657E0));
#5085=CARTESIAN_POINT('',(-7.098033172646E0,2.268121232701E0,
-3.083136179221E0));
#5086=CARTESIAN_POINT('',(-6.832312493345E0,2.101451682174E0,
-2.967716453785E0));
#5087=CARTESIAN_POINT('',(-6.566591814043E0,1.934782131647E0,
-2.852296728349E0));
#5088=CARTESIAN_POINT('',(-6.820734344926E0,2.411578810685E0,
-4.234762527374E0));
#5089=CARTESIAN_POINT('',(-6.574608496628E0,2.244909260158E0,
-4.081951339212E0));
#5090=CARTESIAN_POINT('',(-6.328482648329E0,2.078239709631E0,
-3.929140151049E0));
#5091=CARTESIAN_POINT('',(-6.082356800031E0,1.911570159104E0,
-3.776328962886E0));
#5092=CARTESIAN_POINT('',(-6.132889344916E0,2.388366838142E0,
-5.181051915424E0));
#5093=CARTESIAN_POINT('',(-5.911584348093E0,2.221697287615E0,
-4.994093923326E0));
#5094=CARTESIAN_POINT('',(-5.690279351269E0,2.055027737088E0,
-4.807135931228E0));
#5095=CARTESIAN_POINT('',(-5.468974354446E0,1.888358186561E0,
-4.620177939130E0));
#5096=CARTESIAN_POINT('',(-5.314823949582E0,2.365154865599E0,
-6.017331389599E0));
#5097=CARTESIAN_POINT('',(-5.123038800506E0,2.198485315072E0,
-5.800196295654E0));
#5098=CARTESIAN_POINT('',(-4.931253651431E0,2.031815764545E0,
-5.583061201710E0));
#5099=CARTESIAN_POINT('',(-4.739468502355E0,1.865146214018E0,
-5.365926107765E0));
#5100=CARTESIAN_POINT('',(-4.383908242286E0,2.341942893056E0,
-6.725844124755E0));
#5101=CARTESIAN_POINT('',(-4.225715138665E0,2.175273342529E0,
-6.483142385175E0));
#5102=CARTESIAN_POINT('',(-4.067522035045E0,2.008603792002E0,
-6.240440645595E0));
#5103=CARTESIAN_POINT('',(-3.909328931424E0,1.841934241475E0,
-5.997738906015E0));
#5104=CARTESIAN_POINT('',(-3.359908470977E0,2.318730920513E0,
-7.291546182670E0));
#5105=CARTESIAN_POINT('',(-3.238666346477E0,2.152061369986E0,
-7.028431113404E0));
#5106=CARTESIAN_POINT('',(-3.117424221978E0,1.985391819459E0,
-6.765316044137E0));
#5107=CARTESIAN_POINT('',(-2.996182097479E0,1.818722268932E0,
-6.502200974870E0));
#5108=CARTESIAN_POINT('',(-2.264567348992E0,2.295518947970E0,
-7.702425941805E0));
#5109=CARTESIAN_POINT('',(-2.182850552586E0,2.128849397443E0,
-7.424484297546E0));
#5110=CARTESIAN_POINT('',(-2.101133756181E0,1.962179846916E0,
-7.146542653288E0));
#5111=CARTESIAN_POINT('',(-2.019416959776E0,1.795510296389E0,
-6.868601009029E0));
#5112=CARTESIAN_POINT('',(-1.121142389421E0,2.272306975428E0,
-7.949759141673E0));
#5113=CARTESIAN_POINT('',(-1.080686023917E0,2.105637424901E0,
-7.662892491609E0));
#5114=CARTESIAN_POINT('',(-1.040229658414E0,1.938967874374E0,
-7.376025841544E0));
#5115=CARTESIAN_POINT('',(-9.997732929106E-1,1.772298323847E0,
-7.089159191479E0));
#5116=CARTESIAN_POINT('',(4.608792482328E-2,2.249095002885E0,
-8.028294125665E0));
#5117=CARTESIAN_POINT('',(4.442484442463E-2,2.082425452358E0,
-7.738593544739E0));
#5118=CARTESIAN_POINT('',(4.276176402598E-2,1.915755901831E0,
-7.448892963813E0));
#5119=CARTESIAN_POINT('',(4.109868362733E-2,1.749086351304E0,
-7.159192382887E0));
#5120=CARTESIAN_POINT('',(1.212339647958E0,2.225883030342E0,-7.936363351879E0));
#5121=CARTESIAN_POINT('',(1.168592434067E0,2.059213479815E0,-7.649980088200E0));
#5122=CARTESIAN_POINT('',(1.124845220177E0,1.892543929288E0,-7.363596824521E0));
#5123=CARTESIAN_POINT('',(1.081098006286E0,1.725874378761E0,-7.077213560843E0));
#5124=CARTESIAN_POINT('',(2.352849615874E0,2.202671057799E0,-7.675918793689E0));
#5125=CARTESIAN_POINT('',(2.267947158405E0,2.036001507272E0,-7.398933658508E0));
#5126=CARTESIAN_POINT('',(2.183044700937E0,1.869331956745E0,-7.121948523326E0));
#5127=CARTESIAN_POINT('',(2.098142243468E0,1.702662406218E0,-6.844963388145E0));
#5128=CARTESIAN_POINT('',(3.443401230656E0,2.179459085256E0,-7.252490517706E0));
#5129=CARTESIAN_POINT('',(3.319146274214E0,2.012789534729E0,-6.990784770103E0));
#5130=CARTESIAN_POINT('',(3.194891317773E0,1.846119984202E0,-6.729079022499E0));
#5131=CARTESIAN_POINT('',(3.070636361332E0,1.679450433675E0,-6.467373274895E0));
#5132=CARTESIAN_POINT('',(4.460838709799E0,2.156247112713E0,-6.675069171948E0));
#5133=CARTESIAN_POINT('',(4.299869574212E0,1.989577562186E0,-6.434199643930E0));
#5134=CARTESIAN_POINT('',(4.138900438625E0,1.822908011659E0,-6.193330115913E0));
#5135=CARTESIAN_POINT('',(3.977931303038E0,1.656238461132E0,-5.952460587895E0));
#5136=CARTESIAN_POINT('',(5.383558549752E0,2.133035140170E0,-5.955915426822E0));
#5137=CARTESIAN_POINT('',(5.189293116162E0,1.966365589643E0,-5.740996524738E0));
#5138=CARTESIAN_POINT('',(4.995027682571E0,1.799696039116E0,-5.526077622654E0));
#5139=CARTESIAN_POINT('',(4.800762248981E0,1.633026488589E0,-5.311158720570E0));
#5140=CARTESIAN_POINT('',(6.191969004729E0,2.109823167627E0,-5.110298371952E0));
#5141=CARTESIAN_POINT('',(5.968532121417E0,1.943153617100E0,-4.925893517834E0));
#5142=CARTESIAN_POINT('',(5.745095238106E0,1.776484066573E0,-4.741488663716E0));
#5143=CARTESIAN_POINT('',(5.521658354794E0,1.609814516046E0,-4.557083809598E0));
#5144=CARTESIAN_POINT('',(6.643258475489E0,2.094348519265E0,-4.474216823055E0));
#5145=CARTESIAN_POINT('',(6.403536834819E0,1.927678968738E0,-4.312764938938E0));
#5146=CARTESIAN_POINT('',(6.163815194148E0,1.761009418211E0,-4.151313054822E0));
#5147=CARTESIAN_POINT('',(5.924093553478E0,1.594339867684E0,-3.989861170706E0));
#5148=CARTESIAN_POINT('',(6.844596041799E0,2.086611195084E0,-4.141466501673E0));
#5149=CARTESIAN_POINT('',(6.597609145395E0,1.919941644557E0,-3.992021895803E0));
#5150=CARTESIAN_POINT('',(6.350622248992E0,1.753272094030E0,-3.842577289932E0));
#5151=CARTESIAN_POINT('',(6.103635352588E0,1.586602543503E0,-3.693132684062E0));
#5152=B_SPLINE_SURFACE_WITH_KNOTS('',3,3,((#4628,#4629,#4630,#4631),(#4632,
#4633,#4634,#4635),(#4636,#4637,#4638,#4639),(#4640,#4641,#4642,#4643),(#4644,
#4645,#4646,#4647),(#4648,#4649,#4650,#4651),(#4652,#4653,#4654,#4655),(#4656,
#4657,#4658,#4659),(#4660,#4661,#4662,#4663),(#4664,#4665,#4666,#4667),(#4668,
#4669,#4670,#4671),(#4672,#4673,#4674,#4675),(#4676,#4677,#4678,#4679),(#4680,
#4681,#4682,#4683),(#4684,#4685,#4686,#4687),(#4688,#4689,#4690,#4691),(#4692,
#4693,#4694,#4695),(#4696,#4697,#4698,#4699),(#4700,#4701,#4702,#4703),(#4704,
#4705,#4706,#4707),(#4708,#4709,#4710,#4711),(#4712,#4713,#4714,#4715),(#4716,
#4717,#4718,#4719),(#4720,#4721,#4722,#4723),(#4724,#4725,#4726,#4727),(#4728,
#4729,#4730,#4731),(#4732,#4733,#4734,#4735),(#4736,#4737,#4738,#4739),(#4740,
#4741,#4742,#4743),(#4744,#4745,#4746,#4747),(#4748,#4749,#4750,#4751),(#4752,
#4753,#4754,#4755),(#4756,#4757,#4758,#4759),(#4760,#4761,#4762,#4763),(#4764,
#4765,#4766,#4767),(#4768,#4769,#4770,#4771),(#4772,#4773,#4774,#4775),(#4776,
#4777,#4778,#4779),(#4780,#4781,#4782,#4783),(#4784,#4785,#4786,#4787),(#4788,
#4789,#4790,#4791),(#4792,#4793,#4794,#4795),(#4796,#4797,#4798,#4799),(#4800,
#4801,#4802,#4803),(#4804,#4805,#4806,#4807),(#4808,#4809,#4810,#4811),(#4812,
#4813,#4814,#4815),(#4816,#4817,#4818,#4819),(#4820,#4821,#4822,#4823),(#4824,
#4825,#4826,#4827),(#4828,#4829,#4830,#4831),(#4832,#4833,#4834,#4835),(#4836,
#4837,#4838,#4839),(#4840,#4841,#4842,#4843),(#4844,#4845,#4846,#4847),(#4848,
#4849,#4850,#4851),(#4852,#4853,#4854,#4855),(#4856,#4857,#4858,#4859),(#4860,
#4861,#4862,#4863),(#4864,#4865,#4866,#4867),(#4868,#4869,#4870,#4871),(#4872,
#4873,#4874,#4875),(#4876,#4877,#4878,#4879),(#4880,#4881,#4882,#4883),(#4884,
#4885,#4886,#4887),(#4888,#4889,#4890,#4891),(#4892,#4893,#4894,#4895),(#4896,
#4897,#4898,#4899),(#4900,#4901,#4902,#4903),(#4904,#4905,#4906,#4907),(#4908,
#4909,#4910,#4911),(#4912,#4913,#4914,#4915),(#4916,#4917,#4918,#4919),(#4920,
#4921,#4922,#4923),(#4924,#4925,#4926,#4927),(#4928,#4929,#4930,#4931),(#4932,
#4933,#4934,#4935),(#4936,#4937,#4938,#4939),(#4940,#4941,#4942,#4943),(#4944,
#4945,#4946,#4947),(#4948,#4949,#4950,#4951),(#4952,#4953,#4954,#4955),(#4956,
#4957,#4958,#4959),(#4960,#4961,#4962,#4963),(#4964,#4965,#4966,#4967),(#4968,
#4969,#4970,#4971),(#4972,#4973,#4974,#4975),(#4976,#4977,#4978,#4979),(#4980,
#4981,#4982,#4983),(#4984,#4985,#4986,#4987),(#4988,#4989,#4990,#4991),(#4992,
#4993,#4994,#4995),(#4996,#4997,#4998,#4999),(#5000,#5001,#5002,#5003),(#5004,
#5005,#5006,#5007),(#5008,#5009,#5010,#5011),(#5012,#5013,#5014,#5015),(#5016,
#5017,#5018,#5019),(#5020,#5021,#5022,#5023),(#5024,#5025,#5026,#5027),(#5028,
#5029,#5030,#5031),(#5032,#5033,#5034,#5035),(#5036,#5037,#5038,#5039),(#5040,
#5041,#5042,#5043),(#5044,#5045,#5046,#5047),(#5048,#5049,#5050,#5051),(#5052,
#5053,#5054,#5055),(#5056,#5057,#5058,#5059),(#5060,#5061,#5062,#5063),(#5064,
#5065,#5066,#5067),(#5068,#5069,#5070,#5071),(#5072,#5073,#5074,#5075),(#5076,
#5077,#5078,#5079),(#5080,#5081,#5082,#5083),(#5084,#5085,#5086,#5087),(#5088,
#5089,#5090,#5091),(#5092,#5093,#5094,#5095),(#5096,#5097,#5098,#5099),(#5100,
#5101,#5102,#5103),(#5104,#5105,#5106,#5107),(#5108,#5109,#5110,#5111),(#5112,
#5113,#5114,#5115),(#5116,#5117,#5118,#5119),(#5120,#5121,#5122,#5123),(#5124,
#5125,#5126,#5127),(#5128,#5129,#5130,#5131),(#5132,#5133,#5134,#5135),(#5136,
#5137,#5138,#5139),(#5140,#5141,#5142,#5143),(#5144,#5145,#5146,#5147),(#5148,
#5149,#5150,#5151)),.UNSPECIFIED.,.F.,.F.,.F.,(4,1,1,1,1,1,1,1,1,1,1,1,1,1,1,1,
1,1,1,1,1,1,1,1,1,1,1,1,1,1,1,1,1,1,1,1,1,1,1,1,1,1,1,1,1,1,1,1,1,1,1,1,1,1,1,1,
1,1,1,1,1,1,1,1,1,1,1,1,1,1,1,1,1,1,1,1,1,1,1,1,1,1,1,1,1,1,1,1,1,1,1,1,1,1,1,1,
1,1,1,1,1,1,1,1,1,1,1,1,1,1,1,1,1,1,1,1,1,1,1,1,1,1,1,1,1,1,1,1,4),(4,4),(0.E0,
7.812500000002E-3,1.5625E-2,2.34375E-2,3.125E-2,3.90625E-2,4.6875E-2,5.46875E-2,
6.25E-2,7.03125E-2,7.8125E-2,8.59375E-2,9.375E-2,1.015625E-1,1.09375E-1,
1.171875E-1,1.25E-1,1.328125E-1,1.40625E-1,1.484375E-1,1.5625E-1,1.640625E-1,
1.71875E-1,1.796875E-1,1.875E-1,1.953125E-1,2.03125E-1,2.109375E-1,2.1875E-1,
2.265625E-1,2.34375E-1,2.421875E-1,2.5E-1,2.578125E-1,2.65625E-1,2.734375E-1,
2.8125E-1,2.890625E-1,2.96875E-1,3.046875E-1,3.125E-1,3.203125E-1,3.28125E-1,
3.359375E-1,3.4375E-1,3.515625E-1,3.59375E-1,3.671875E-1,3.75E-1,3.828125E-1,
3.90625E-1,3.984375E-1,4.0625E-1,4.140625E-1,4.21875E-1,4.296875E-1,4.375E-1,
4.453125E-1,4.53125E-1,4.609375E-1,4.6875E-1,4.765625E-1,4.84375E-1,4.921875E-1,
5.E-1,5.078125E-1,5.15625E-1,5.234375E-1,5.3125E-1,5.390625E-1,5.46875E-1,
5.546875E-1,5.625E-1,5.703125E-1,5.78125E-1,5.859375E-1,5.9375E-1,6.015625E-1,
6.09375E-1,6.171875E-1,6.25E-1,6.328125E-1,6.40625E-1,6.484375E-1,6.5625E-1,
6.640625E-1,6.71875E-1,6.796875E-1,6.875E-1,6.953125E-1,7.03125E-1,7.109375E-1,
7.1875E-1,7.265625E-1,7.34375E-1,7.421875E-1,7.5E-1,7.578125E-1,7.65625E-1,
7.734375E-1,7.8125E-1,7.890625E-1,7.96875E-1,8.046875E-1,8.125E-1,8.203125E-1,
8.28125E-1,8.359375E-1,8.4375E-1,8.515625E-1,8.59375E-1,8.671875E-1,8.75E-1,
8.828125E-1,8.90625E-1,8.984375E-1,9.0625E-1,9.140625E-1,9.21875E-1,9.296875E-1,
9.375E-1,9.453125E-1,9.53125E-1,9.609375E-1,9.6875E-1,9.765625E-1,9.84375E-1,
9.921875E-1,1.E0),(-1.730316287656E-5,1.E0),.UNSPECIFIED.);
#5153=ORIENTED_EDGE('',*,*,#4616,.F.);
#5154=ORIENTED_EDGE('',*,*,#4614,.T.);
#5155=ORIENTED_EDGE('',*,*,#4069,.F.);
#5157=ORIENTED_EDGE('',*,*,#5156,.F.);
#5159=ORIENTED_EDGE('',*,*,#5158,.T.);
#5161=ORIENTED_EDGE('',*,*,#5160,.F.);
#5163=ORIENTED_EDGE('',*,*,#5162,.T.);
#5165=ORIENTED_EDGE('',*,*,#5164,.T.);
#5167=ORIENTED_EDGE('',*,*,#5166,.T.);
#5169=ORIENTED_EDGE('',*,*,#5168,.T.);
#5171=ORIENTED_EDGE('',*,*,#5170,.T.);
#5173=ORIENTED_EDGE('',*,*,#5172,.T.);
#5175=ORIENTED_EDGE('',*,*,#5174,.F.);
#5176=ORIENTED_EDGE('',*,*,#4618,.F.);
#5177=EDGE_LOOP('',(#5153,#5154,#5155,#5157,#5159,#5161,#5163,#5165,#5167,#5169,
#5171,#5173,#5175,#5176));
#5178=FACE_OUTER_BOUND('',#5177,.F.);
#5179=ADVANCED_FACE('',(#5178),#5152,.T.);
#5180=CARTESIAN_POINT('',(6.669702833713E0,4.557735029002E0,-2.531532668052E0));
#5181=CARTESIAN_POINT('',(6.939596035458E0,4.391065429429E0,-2.633972532936E0));
#5182=CARTESIAN_POINT('',(7.209489237203E0,4.224395829856E0,-2.736412397820E0));
#5183=CARTESIAN_POINT('',(7.479382438948E0,4.057726230283E0,-2.838852262705E0));
#5184=CARTESIAN_POINT('',(6.792773399709E0,4.549997704821E0,-2.207284787259E0));
#5185=CARTESIAN_POINT('',(7.067646719748E0,4.383328105248E0,-2.296603782910E0));
#5186=CARTESIAN_POINT('',(7.342520039787E0,4.216658505675E0,-2.385922778561E0));
#5187=CARTESIAN_POINT('',(7.617393359826E0,4.049988906102E0,-2.475241774212E0));
#5188=CARTESIAN_POINT('',(6.991539600780E0,4.534523056459E0,-1.540810775370E0));
#5189=CARTESIAN_POINT('',(7.274456104712E0,4.367853456886E0,-1.603160532745E0));
#5190=CARTESIAN_POINT('',(7.557372608645E0,4.201183857313E0,-1.665510290121E0));
#5191=CARTESIAN_POINT('',(7.840289112577E0,4.034514257740E0,-1.727860047496E0));
#5192=CARTESIAN_POINT('',(7.141237540897E0,4.511311083916E0,
-5.083812652057E-1));
#5193=CARTESIAN_POINT('',(7.430211654495E0,4.344641484343E0,
-5.289531933402E-1));
#5194=CARTESIAN_POINT('',(7.719185768093E0,4.177971884770E0,
-5.495251214747E-1));
#5195=CARTESIAN_POINT('',(8.008159881692E0,4.011302285197E0,
-5.700970496092E-1));
#5196=CARTESIAN_POINT('',(7.139304473584E0,4.488099111373E0,5.348421595156E-1));
#5197=CARTESIAN_POINT('',(7.428200364548E0,4.321429511800E0,5.564848423246E-1));
#5198=CARTESIAN_POINT('',(7.717096255511E0,4.154759912227E0,5.781275251335E-1));
#5199=CARTESIAN_POINT('',(8.005992146475E0,3.988090312654E0,5.997702079425E-1));
#5200=CARTESIAN_POINT('',(6.985781736265E0,4.464887138830E0,1.566709377526E0));
#5201=CARTESIAN_POINT('',(7.268465245036E0,4.298217539257E0,1.630107136114E0));
#5202=CARTESIAN_POINT('',(7.551148753806E0,4.131547939684E0,1.693504894702E0));
#5203=CARTESIAN_POINT('',(7.833832262577E0,3.964878340111E0,1.756902653290E0));
#5204=CARTESIAN_POINT('',(6.683929017802E0,4.441675166287E0,2.565310418613E0));
#5205=CARTESIAN_POINT('',(6.954397889928E0,4.275005566714E0,2.669117118793E0));
#5206=CARTESIAN_POINT('',(7.224866762055E0,4.108335967141E0,2.772923818974E0));
#5207=CARTESIAN_POINT('',(7.495335634181E0,3.941666367568E0,2.876730519154E0));
#5208=CARTESIAN_POINT('',(6.240155615161E0,4.418463193744E0,3.509441919101E0));
#5209=CARTESIAN_POINT('',(6.492666951926E0,4.251793594171E0,3.651453420887E0));
#5210=CARTESIAN_POINT('',(6.745178288690E0,4.085123994598E0,3.793464922673E0));
#5211=CARTESIAN_POINT('',(6.997689625455E0,3.918454395025E0,3.935476424459E0));
#5212=CARTESIAN_POINT('',(5.663884218070E0,4.395251221201E0,4.379057003657E0));
#5213=CARTESIAN_POINT('',(5.893076415090E0,4.228581621628E0,4.556257959203E0));
#5214=CARTESIAN_POINT('',(6.122268612109E0,4.061912022055E0,4.733458914749E0));
#5215=CARTESIAN_POINT('',(6.351460809129E0,3.895242422482E0,4.910659870294E0));
#5216=CARTESIAN_POINT('',(4.967350869634E0,4.372039248658E0,5.155691031985E0));
#5217=CARTESIAN_POINT('',(5.168357460755E0,4.205369649085E0,5.364318911596E0));
#5218=CARTESIAN_POINT('',(5.369364051877E0,4.038700049512E0,5.572946791207E0));
#5219=CARTESIAN_POINT('',(5.570370642998E0,3.872030449939E0,5.781574670817E0));
#5220=CARTESIAN_POINT('',(4.165345147882E0,4.348827276115E0,5.822853636979E0));
#5221=CARTESIAN_POINT('',(4.333898135378E0,4.182157676542E0,6.058478619165E0));
#5222=CARTESIAN_POINT('',(4.502451122875E0,4.015488076969E0,6.294103601350E0));
#5223=CARTESIAN_POINT('',(4.671004110371E0,3.848818477396E0,6.529728583536E0));
#5224=CARTESIAN_POINT('',(3.274896139260E0,4.325615303572E0,6.366378873105E0));
#5225=CARTESIAN_POINT('',(3.407416616775E0,4.158945703999E0,6.623997903581E0));
#5226=CARTESIAN_POINT('',(3.539937094290E0,3.992276104426E0,6.881616934057E0));
#5227=CARTESIAN_POINT('',(3.672457571805E0,3.825606504853E0,7.139235964533E0));
#5228=CARTESIAN_POINT('',(2.314910857282E0,4.302403331029E0,6.774726001961E0));
#5229=CARTESIAN_POINT('',(2.408585001184E0,4.135733731456E0,7.048869024102E0));
#5230=CARTESIAN_POINT('',(2.502259145085E0,3.969064131883E0,7.323012046242E0));
#5231=CARTESIAN_POINT('',(2.595933288987E0,3.802394532310E0,7.597155068383E0));
#5232=CARTESIAN_POINT('',(1.305772787766E0,4.279191358486E0,7.039224538651E0));
#5233=CARTESIAN_POINT('',(1.358611603411E0,4.112521758913E0,7.324070639880E0));
#5234=CARTESIAN_POINT('',(1.411450419057E0,3.945852159340E0,7.608916741109E0));
#5235=CARTESIAN_POINT('',(1.464289234702E0,3.779182559767E0,7.893762842338E0));
#5236=CARTESIAN_POINT('',(2.689090837131E-1,4.255979385943E0,7.154258353142E0));
#5237=CARTESIAN_POINT('',(2.797906380179E-1,4.089309786370E0,7.443759361085E0));
#5238=CARTESIAN_POINT('',(2.906721923226E-1,3.922640186797E0,7.733260369029E0));
#5239=CARTESIAN_POINT('',(3.015537466274E-1,3.755970587224E0,8.022761376972E0));
#5240=CARTESIAN_POINT('',(-7.736644000565E-1,4.232767413400E0,
7.117384918276E0));
#5241=CARTESIAN_POINT('',(-8.049711564763E-1,4.066097813827E0,
7.405393822351E0));
#5242=CARTESIAN_POINT('',(-8.362779128960E-1,3.899428214254E0,
7.693402726427E0));
#5243=CARTESIAN_POINT('',(-8.675846693158E-1,3.732758614681E0,
7.981411630502E0));
#5244=CARTESIAN_POINT('',(-1.799810572267E0,4.209555440857E0,6.929387172237E0));
#5245=CARTESIAN_POINT('',(-1.872640899194E0,4.042885841284E0,7.209788643888E0));
#5246=CARTESIAN_POINT('',(-1.945471226121E0,3.876216241711E0,7.490190115539E0));
#5247=CARTESIAN_POINT('',(-2.018301553048E0,3.709546642138E0,7.770591587190E0));
#5248=CARTESIAN_POINT('',(-2.787741144775E0,4.186343468315E0,6.594256894340E0));
#5249=CARTESIAN_POINT('',(-2.900548626901E0,4.019673868742E0,6.861097134560E0));
#5250=CARTESIAN_POINT('',(-3.013356109027E0,3.853004269169E0,7.127937374779E0));
#5251=CARTESIAN_POINT('',(-3.126163591153E0,3.686334669596E0,7.394777614999E0));
#5252=CARTESIAN_POINT('',(-3.716479265972E0,4.163131495772E0,6.119109947077E0));
#5253=CARTESIAN_POINT('',(-3.866868648126E0,3.996461896199E0,6.366723104158E0));
#5254=CARTESIAN_POINT('',(-4.017258030279E0,3.829792296626E0,6.614336261238E0));
#5255=CARTESIAN_POINT('',(-4.167647412433E0,3.663122697053E0,6.861949418319E0));
#5256=CARTESIAN_POINT('',(-4.566304924867E0,4.139919523229E0,5.514035184141E0));
#5257=CARTESIAN_POINT('',(-4.751082970762E0,3.973249923656E0,5.737163657401E0));
#5258=CARTESIAN_POINT('',(-4.935861016658E0,3.806580324083E0,5.960292130661E0));
#5259=CARTESIAN_POINT('',(-5.120639062553E0,3.639910724510E0,6.183420603921E0));
#5260=CARTESIAN_POINT('',(-5.319173668506E0,4.116707550686E0,4.791880232548E0));
#5261=CARTESIAN_POINT('',(-5.534416963121E0,3.950037951113E0,4.985786307614E0));
#5262=CARTESIAN_POINT('',(-5.749660257736E0,3.783368351540E0,5.179692382680E0));
#5263=CARTESIAN_POINT('',(-5.964903552350E0,3.616698751967E0,5.373598457746E0));
#5264=CARTESIAN_POINT('',(-5.959099742065E0,4.093495578143E0,3.967978697389E0));
#5265=CARTESIAN_POINT('',(-6.200237997997E0,3.926825978570E0,4.128545142670E0));
#5266=CARTESIAN_POINT('',(-6.441376253928E0,3.760156378997E0,4.289111587952E0));
#5267=CARTESIAN_POINT('',(-6.682514509860E0,3.593486779424E0,4.449678033233E0));
#5268=CARTESIAN_POINT('',(-6.472495516355E0,4.070283605600E0,3.059824581504E0));
#5269=CARTESIAN_POINT('',(-6.734408615295E0,3.903614006027E0,3.183642069879E0));
#5270=CARTESIAN_POINT('',(-6.996321714236E0,3.736944406454E0,3.307459558255E0));
#5271=CARTESIAN_POINT('',(-7.258234813176E0,3.570274806881E0,3.431277046630E0));
#5272=CARTESIAN_POINT('',(-6.848459995626E0,4.047071633057E0,2.086700833163E0));
#5273=CARTESIAN_POINT('',(-7.125586704465E0,3.880402033484E0,2.171140332641E0));
#5274=CARTESIAN_POINT('',(-7.402713413304E0,3.713732433911E0,2.255579832119E0));
#5275=CARTESIAN_POINT('',(-7.679840122144E0,3.547062834338E0,2.340019331597E0));
#5276=CARTESIAN_POINT('',(-7.079010279752E0,4.023859660514E0,1.069269908850E0));
#5277=CARTESIAN_POINT('',(-7.365466332926E0,3.857190060941E0,1.112538505131E0));
#5278=CARTESIAN_POINT('',(-7.651922386100E0,3.690520461368E0,1.155807101413E0));
#5279=CARTESIAN_POINT('',(-7.938378439275E0,3.523850861795E0,1.199075697694E0));
#5280=CARTESIAN_POINT('',(-7.159251066137E0,4.000647687971E0,
2.913504477781E-2));
#5281=CARTESIAN_POINT('',(-7.448954106964E0,3.833978088398E0,
3.031401042502E-2));
#5282=CARTESIAN_POINT('',(-7.738657147790E0,3.667308488825E0,
3.149297607223E-2));
#5283=CARTESIAN_POINT('',(-8.028360188617E0,3.500638889252E0,
3.267194171944E-2));
#5284=CARTESIAN_POINT('',(-7.087478592272E0,3.977435715428E0,
-1.011618447291E0));
#5285=CARTESIAN_POINT('',(-7.374277320380E0,3.810766115855E0,
-1.052554145401E0));
#5286=CARTESIAN_POINT('',(-7.661076048488E0,3.644096516282E0,
-1.093489843511E0));
#5287=CARTESIAN_POINT('',(-7.947874776596E0,3.477426916709E0,
-1.134425541621E0));
#5288=CARTESIAN_POINT('',(-6.865216811942E0,3.954223742885E0,
-2.030892120189E0));
#5289=CARTESIAN_POINT('',(-7.143021594590E0,3.787554143312E0,
-2.113073289333E0));
#5290=CARTESIAN_POINT('',(-7.420826377239E0,3.620884543739E0,
-2.195254458477E0));
#5291=CARTESIAN_POINT('',(-7.698631159887E0,3.454214944166E0,
-2.277435627621E0));
#5292=CARTESIAN_POINT('',(-6.497185036921E0,3.931011770342E0,
-3.007043610396E0));
#5293=CARTESIAN_POINT('',(-6.760097210921E0,3.764342170769E0,
-3.128725287681E0));
#5294=CARTESIAN_POINT('',(-7.023009384921E0,3.597672571196E0,
-3.250406964966E0));
#5295=CARTESIAN_POINT('',(-7.285921558921E0,3.431002971623E0,
-3.372088642251E0));
#5296=CARTESIAN_POINT('',(-5.991197731248E0,3.907799797799E0,
-3.919346173012E0));
#5297=CARTESIAN_POINT('',(-6.233634850005E0,3.741130198226E0,
-4.077944676387E0));
#5298=CARTESIAN_POINT('',(-6.476071968763E0,3.574460598653E0,
-4.236543179761E0));
#5299=CARTESIAN_POINT('',(-6.718509087520E0,3.407790999080E0,
-4.395141683136E0));
#5300=CARTESIAN_POINT('',(-5.357998585745E0,3.884587825256E0,
-4.748428775286E0));
#5301=CARTESIAN_POINT('',(-5.574812952038E0,3.717918225683E0,
-4.940576563182E0));
#5302=CARTESIAN_POINT('',(-5.791627318331E0,3.551248626110E0,
-5.132724351078E0));
#5303=CARTESIAN_POINT('',(-6.008441684623E0,3.384579026537E0,
-5.324872138973E0));
#5304=CARTESIAN_POINT('',(-4.611032395910E0,3.861375852713E0,
-5.476687404141E0));
#5305=CARTESIAN_POINT('',(-4.797620363577E0,3.694706253140E0,
-5.698304578896E0));
#5306=CARTESIAN_POINT('',(-4.984208331243E0,3.528036653567E0,
-5.919921753650E0));
#5307=CARTESIAN_POINT('',(-5.170796298910E0,3.361367053994E0,
-6.141538928405E0));
#5308=CARTESIAN_POINT('',(-3.766159586914E0,3.838163880170E0,
-6.088658854355E0));
#5309=CARTESIAN_POINT('',(-3.918559310640E0,3.671494280597E0,
-6.335039791183E0));
#5310=CARTESIAN_POINT('',(-4.070959034367E0,3.504824681024E0,
-6.581420728011E0));
#5311=CARTESIAN_POINT('',(-4.223358758093E0,3.338155081451E0,
-6.827801664839E0));
#5312=CARTESIAN_POINT('',(-2.841319447237E0,3.814951907627E0,
-6.571349060700E0));
#5313=CARTESIAN_POINT('',(-2.956295004906E0,3.648282308054E0,
-6.837262322804E0));
#5314=CARTESIAN_POINT('',(-3.071270562576E0,3.481612708481E0,
-7.103175584908E0));
#5315=CARTESIAN_POINT('',(-3.186246120245E0,3.314943108908E0,
-7.369088847012E0));
#5316=CARTESIAN_POINT('',(-1.856149221551E0,3.791739935084E0,
-6.914509002536E0));
#5317=CARTESIAN_POINT('',(-1.931259322977E0,3.625070335511E0,
-7.194308420848E0));
#5318=CARTESIAN_POINT('',(-2.006369424403E0,3.458400735938E0,
-7.474107839160E0));
#5319=CARTESIAN_POINT('',(-2.081479525830E0,3.291731136365E0,
-7.753907257473E0));
#5320=CARTESIAN_POINT('',(-8.315671506781E-1,3.768527962541E0,
-7.110852322523E0));
#5321=CARTESIAN_POINT('',(-8.652169738199E-1,3.601858362968E0,
-7.398596881510E0));
#5322=CARTESIAN_POINT('',(-8.988667969616E-1,3.435188763395E0,
-7.686341440497E0));
#5323=CARTESIAN_POINT('',(-9.325166201034E-1,3.268519163822E0,
-7.974085999484E0));
#5324=CARTESIAN_POINT('',(2.106716879943E-1,3.745315989998E0,
-7.156210038749E0));
#5325=CARTESIAN_POINT('',(2.191966339787E-1,3.578646390425E0,
-7.445790022726E0));
#5326=CARTESIAN_POINT('',(2.277215799632E-1,3.411976790852E0,
-7.735370006703E0));
#5327=CARTESIAN_POINT('',(2.362465259476E-1,3.245307191279E0,
-8.024949990680E0));
#5328=CARTESIAN_POINT('',(1.248437308751E0,3.722104017455E0,-7.049619065236E0));
#5329=CARTESIAN_POINT('',(1.298956012633E0,3.555434417882E0,-7.334885786713E0));
#5330=CARTESIAN_POINT('',(1.349474716515E0,3.388764818309E0,-7.620152508189E0));
#5331=CARTESIAN_POINT('',(1.399993420396E0,3.222095218736E0,-7.905419229666E0));
#5332=CARTESIAN_POINT('',(2.259694706263E0,3.698892044912E0,-6.793342661260E0));
#5333=CARTESIAN_POINT('',(2.351134498177E0,3.532222445339E0,-7.068239016781E0));
#5334=CARTESIAN_POINT('',(2.442574290090E0,3.365552845766E0,-7.343135372303E0));
#5335=CARTESIAN_POINT('',(2.534014082004E0,3.198883246193E0,-7.618031727824E0));
#5336=CARTESIAN_POINT('',(3.222971727575E0,3.675680072369E0,-6.392822375294E0));
#5337=CARTESIAN_POINT('',(3.353391055149E0,3.509010472796E0,-6.651511456663E0));
#5338=CARTESIAN_POINT('',(3.483810382723E0,3.342340873223E0,-6.910200538032E0));
#5339=CARTESIAN_POINT('',(3.614229710296E0,3.175671273650E0,-7.168889619401E0));
#5340=CARTESIAN_POINT('',(4.117814992972E0,3.652468099826E0,-5.856562503933E0));
#5341=CARTESIAN_POINT('',(4.284444646550E0,3.485798500253E0,-6.093551534001E0));
#5342=CARTESIAN_POINT('',(4.451074300127E0,3.319128900680E0,-6.330540564070E0));
#5343=CARTESIAN_POINT('',(4.617703953705E0,3.152459301107E0,-6.567529594138E0));
#5344=CARTESIAN_POINT('',(4.925224185111E0,3.629256127283E0,-5.195949519117E0));
#5345=CARTESIAN_POINT('',(5.124526096722E0,3.462586527710E0,-5.406206480601E0));
#5346=CARTESIAN_POINT('',(5.323828008332E0,3.295916928137E0,-5.616463442086E0));
#5347=CARTESIAN_POINT('',(5.523129919943E0,3.129247328564E0,-5.826720403570E0));
#5348=CARTESIAN_POINT('',(5.628055485105E0,3.606044154740E0,-4.425010297772E0));
#5349=CARTESIAN_POINT('',(5.855797852695E0,3.439374555167E0,-4.604070778695E0));
#5350=CARTESIAN_POINT('',(6.083540220285E0,3.272704955594E0,-4.783131259619E0));
#5351=CARTESIAN_POINT('',(6.311282587876E0,3.106035356021E0,-4.962191740542E0));
#5352=CARTESIAN_POINT('',(6.211385589339E0,3.582832182198E0,-3.560114287403E0));
#5353=CARTESIAN_POINT('',(6.462732731149E0,3.416162582625E0,-3.704176274505E0));
#5354=CARTESIAN_POINT('',(6.714079872960E0,3.249492983052E0,-3.848238261607E0));
#5355=CARTESIAN_POINT('',(6.965427014770E0,3.082823383479E0,-3.992300248709E0));
#5356=CARTESIAN_POINT('',(6.662828577815E0,3.559620209655E0,-2.619625931592E0));
#5357=CARTESIAN_POINT('',(6.932443609006E0,3.392950610082E0,-2.725630538945E0));
#5358=CARTESIAN_POINT('',(7.202058640196E0,3.226281010509E0,-2.831635146299E0));
#5359=CARTESIAN_POINT('',(7.471673671387E0,3.059611410936E0,-2.937639753652E0));
#5360=CARTESIAN_POINT('',(6.972798905919E0,3.536408237112E0,-1.623514735514E0));
#5361=CARTESIAN_POINT('',(7.254957057303E0,3.369738637539E0,-1.689211154226E0));
#5362=CARTESIAN_POINT('',(7.537115208687E0,3.203069037966E0,-1.754907572938E0));
#5363=CARTESIAN_POINT('',(7.819273360071E0,3.036399438393E0,-1.820603991650E0));
#5364=CARTESIAN_POINT('',(7.134714935472E0,3.513196264569E0,
-5.929312509614E-1));
#5365=CARTESIAN_POINT('',(7.423425108246E0,3.346526664996E0,
-6.169245408765E-1));
#5366=CARTESIAN_POINT('',(7.712135281020E0,3.179857065423E0,
-6.409178307915E-1));
#5367=CARTESIAN_POINT('',(8.000845453794E0,3.013187465850E0,
-6.649111207066E-1));
#5368=CARTESIAN_POINT('',(7.145138683463E0,3.489984292026E0,4.502420159201E-1));
#5369=CARTESIAN_POINT('',(7.434270658945E0,3.323314692453E0,4.684613072838E-1));
#5370=CARTESIAN_POINT('',(7.723402634427E0,3.156645092880E0,4.866805986476E-1));
#5371=CARTESIAN_POINT('',(8.012534609909E0,2.989975493307E0,5.048998900113E-1));
#5372=CARTESIAN_POINT('',(7.003848821165E0,3.466772319483E0,1.483855238586E0));
#5373=CARTESIAN_POINT('',(7.287263424485E0,3.300102719910E0,1.543900258770E0));
#5374=CARTESIAN_POINT('',(7.570678027806E0,3.133433120337E0,1.603945278953E0));
#5375=CARTESIAN_POINT('',(7.854092631126E0,2.966763520764E0,1.663990299137E0));
#5376=CARTESIAN_POINT('',(6.713845373639E0,3.443560346940E0,2.485961580090E0));
#5377=CARTESIAN_POINT('',(6.985524827595E0,3.276890747367E0,2.586557385779E0));
#5378=CARTESIAN_POINT('',(7.257204281551E0,3.110221147794E0,2.687153191468E0));
#5379=CARTESIAN_POINT('',(7.528883735506E0,2.943551548221E0,2.787748997157E0));
#5380=CARTESIAN_POINT('',(6.281286019828E0,3.420348374397E0,3.435283192974E0));
#5381=CARTESIAN_POINT('',(6.535461721090E0,3.253678774824E0,3.574293821029E0));
#5382=CARTESIAN_POINT('',(6.789637422351E0,3.087009175251E0,3.713304449083E0));
#5383=CARTESIAN_POINT('',(7.043813123613E0,2.920339575678E0,3.852315077138E0));
#5384=CARTESIAN_POINT('',(5.715355345803E0,3.397136401854E0,4.311663014431E0));
#5385=CARTESIAN_POINT('',(5.946630350379E0,3.230466802281E0,4.486136835053E0));
#5386=CARTESIAN_POINT('',(6.177905354956E0,3.063797202708E0,4.660610655674E0));
#5387=CARTESIAN_POINT('',(6.409180359532E0,2.897127603135E0,4.835084476296E0));
#5388=CARTESIAN_POINT('',(5.028069827317E0,3.373924429311E0,5.096492763699E0));
#5389=CARTESIAN_POINT('',(5.231533444531E0,3.207254829738E0,5.302725152751E0));
#5390=CARTESIAN_POINT('',(5.434997061745E0,3.040585230165E0,5.508957541804E0));
#5391=CARTESIAN_POINT('',(5.638460678960E0,2.873915630592E0,5.715189930856E0));
#5392=CARTESIAN_POINT('',(4.234022682488E0,3.350712456768E0,5.773108053985E0));
#5393=CARTESIAN_POINT('',(4.405354744280E0,3.184042857195E0,6.006720053733E0));
#5394=CARTESIAN_POINT('',(4.576686806072E0,3.017373257622E0,6.240332053481E0));
#5395=CARTESIAN_POINT('',(4.748018867863E0,2.850703658049E0,6.473944053230E0));
#5396=CARTESIAN_POINT('',(3.350074012209E0,3.327500484225E0,6.327142229438E0));
#5397=CARTESIAN_POINT('',(3.485636603794E0,3.160830884652E0,6.583173527499E0));
#5398=CARTESIAN_POINT('',(3.621199195379E0,2.994161285079E0,6.839204825560E0));
#5399=CARTESIAN_POINT('',(3.756761786963E0,2.827491685506E0,7.095236123622E0));
#5400=CARTESIAN_POINT('',(2.394992807539E0,3.304288511682E0,6.746831414127E0));
#5401=CARTESIAN_POINT('',(2.491907511702E0,3.137618912109E0,7.019845666394E0));
#5402=CARTESIAN_POINT('',(2.588822215865E0,2.970949312536E0,7.292859918662E0));
#5403=CARTESIAN_POINT('',(2.685736920028E0,2.804279712963E0,7.565874170929E0));
#5404=CARTESIAN_POINT('',(1.389058425410E0,3.281076539139E0,7.023264295868E0));
#5405=CARTESIAN_POINT('',(1.445267440293E0,3.114406939566E0,7.307464557075E0));
#5406=CARTESIAN_POINT('',(1.501476455175E0,2.947737339993E0,7.591664818281E0));
#5407=CARTESIAN_POINT('',(1.557685470058E0,2.781067740420E0,7.875865079488E0));
#5408=CARTESIAN_POINT('',(3.536299945347E-1,3.257864566596E0,7.150571341213E0));
#5409=CARTESIAN_POINT('',(3.679398271970E-1,3.091194967023E0,7.439923152186E0));
#5410=CARTESIAN_POINT('',(3.822496598594E-1,2.924525367450E0,7.729274963159E0));
#5411=CARTESIAN_POINT('',(3.965594925217E-1,2.757855767877E0,8.018626774132E0));
#5412=CARTESIAN_POINT('',(-6.893071055981E-1,3.234652594053E0,
7.126049423979E0));
#5413=CARTESIAN_POINT('',(-7.172002975969E-1,3.067982994480E0,
7.414408942053E0));
#5414=CARTESIAN_POINT('',(-7.450934895956E-1,2.901313394907E0,
7.702768460128E0));
#5415=CARTESIAN_POINT('',(-7.729866815944E-1,2.734643795334E0,
7.991127978202E0));
#5416=CARTESIAN_POINT('',(-1.717608063002E0,3.211440621510E0,6.950219221055E0));
#5417=CARTESIAN_POINT('',(-1.787112020078E0,3.044771021937E0,7.231463673044E0));
#5418=CARTESIAN_POINT('',(-1.856615977155E0,2.878101422364E0,7.512708125034E0));
#5419=CARTESIAN_POINT('',(-1.926119934231E0,2.711431822791E0,7.793952577023E0));
#5420=CARTESIAN_POINT('',(-2.709438836713E0,3.188228648967E0,6.626814156812E0));
#5421=CARTESIAN_POINT('',(-2.819077772780E0,3.021559049394E0,6.894971844605E0));
#5422=CARTESIAN_POINT('',(-2.928716708847E0,2.854889449821E0,7.163129532397E0));
#5423=CARTESIAN_POINT('',(-3.038355644915E0,2.688219850248E0,7.431287220190E0));
#5424=CARTESIAN_POINT('',(-3.643739761672E0,3.165016676424E0,6.162701130837E0));
#5425=CARTESIAN_POINT('',(-3.791185699688E0,2.998347076851E0,6.412078229198E0));
#5426=CARTESIAN_POINT('',(-3.938631637704E0,2.831677477278E0,6.661455327558E0));
#5427=CARTESIAN_POINT('',(-4.086077575720E0,2.665007877705E0,6.910832425919E0));
#5428=CARTESIAN_POINT('',(-4.500672711189E0,3.141804703881E0,5.567734712212E0));
#5429=CARTESIAN_POINT('',(-4.682794913379E0,2.975135104308E0,5.793036166476E0));
#5430=CARTESIAN_POINT('',(-4.864917115569E0,2.808465504735E0,6.018337620741E0));
#5431=CARTESIAN_POINT('',(-5.047039317759E0,2.641795905162E0,6.243639075005E0));
#5432=CARTESIAN_POINT('',(-5.262042322331E0,3.118592731338E0,4.854547896232E0));
#5433=CARTESIAN_POINT('',(-5.474973765530E0,2.951923131765E0,5.050989852854E0));
#5434=CARTESIAN_POINT('',(-5.687905208729E0,2.785253532192E0,5.247431809475E0));
#5435=CARTESIAN_POINT('',(-5.900836651928E0,2.618583932619E0,5.443873766097E0));
#5436=CARTESIAN_POINT('',(-5.911682340308E0,3.095380758795E0,4.038283866459E0));
#5437=CARTESIAN_POINT('',(-6.150901824939E0,2.928711159222E0,4.201695249162E0));
#5438=CARTESIAN_POINT('',(-6.390121309570E0,2.762041559649E0,4.365106631865E0));
#5439=CARTESIAN_POINT('',(-6.629340794202E0,2.595371960076E0,4.528518014568E0));
#5440=CARTESIAN_POINT('',(-6.435798878552E0,3.072168786252E0,3.136274457640E0));
#5441=CARTESIAN_POINT('',(-6.696227027815E0,2.905499186679E0,3.263185532395E0));
#5442=CARTESIAN_POINT('',(-6.956655177078E0,2.738829587106E0,3.390096607151E0));
#5443=CARTESIAN_POINT('',(-7.217083326341E0,2.572159987533E0,3.517007681906E0));
#5444=CARTESIAN_POINT('',(-6.823263306009E0,3.048956813709E0,2.167672146724E0));
#5445=CARTESIAN_POINT('',(-7.099370416914E0,2.882287214136E0,2.255388195040E0));
#5446=CARTESIAN_POINT('',(-7.375477527818E0,2.715617614563E0,2.343104243355E0));
#5447=CARTESIAN_POINT('',(-7.651584638723E0,2.548948014990E0,2.430820291671E0));
#5448=CARTESIAN_POINT('',(-7.065848542738E0,3.025744841166E0,1.153043385955E0));
#5449=CARTESIAN_POINT('',(-7.351771998969E0,2.859075241593E0,1.199701922166E0));
#5450=CARTESIAN_POINT('',(-7.637695455199E0,2.692405642020E0,1.246360458378E0));
#5451=CARTESIAN_POINT('',(-7.923618911430E0,2.525736042447E0,1.293018994589E0));
#5452=CARTESIAN_POINT('',(-7.158403746510E0,3.002532868623E0,
1.139319128619E-1));
#5453=CARTESIAN_POINT('',(-7.448072500081E0,2.835863269050E0,
1.185422305192E-1));
#5454=CARTESIAN_POINT('',(-7.737741253651E0,2.669193669477E0,
1.231525481765E-1));
#5455=CARTESIAN_POINT('',(-8.027410007222E0,2.502524069904E0,
1.277628658338E-1));
#5456=CARTESIAN_POINT('',(-7.098963681274E0,2.979320896081E0,
-9.275986905787E-1));
#5457=CARTESIAN_POINT('',(-7.386227159840E0,2.812651296508E0,
-9.651344829187E-1));
#5458=CARTESIAN_POINT('',(-7.673490638405E0,2.645981696935E0,
-1.002670275259E0));
#5459=CARTESIAN_POINT('',(-7.960754116971E0,2.479312097362E0,
-1.040206067599E0));
#5460=CARTESIAN_POINT('',(-6.888790445263E0,2.956108923538E0,
-1.949433476698E0));
#5461=CARTESIAN_POINT('',(-7.167549147978E0,2.789439323965E0,
-2.028318376930E0));
#5462=CARTESIAN_POINT('',(-7.446307850694E0,2.622769724392E0,
-2.107203277162E0));
#5463=CARTESIAN_POINT('',(-7.725066553409E0,2.456100124819E0,
-2.186088177393E0));
#5464=CARTESIAN_POINT('',(-6.532346672699E0,2.932896950995E0,
-2.929875701543E0));
#5465=CARTESIAN_POINT('',(-6.796681681673E0,2.766227351422E0,
-3.048434736858E0));
#5466=CARTESIAN_POINT('',(-7.061016690647E0,2.599557751849E0,
-3.166993772173E0));
#5467=CARTESIAN_POINT('',(-7.325351699621E0,2.432888152276E0,
-3.285552807488E0));
#5468=CARTESIAN_POINT('',(-6.037200778137E0,2.909684978452E0,
-3.848107514516E0));
#5469=CARTESIAN_POINT('',(-6.281499435545E0,2.743015378879E0,
-4.003823306306E0));
#5470=CARTESIAN_POINT('',(-6.525798092954E0,2.576345779306E0,
-4.159539098095E0));
#5471=CARTESIAN_POINT('',(-6.770096750362E0,2.409676179733E0,
-4.315254889885E0));
#5472=CARTESIAN_POINT('',(-5.413866255381E0,2.886473005909E0,
-4.684631986363E0));
#5473=CARTESIAN_POINT('',(-5.632941337722E0,2.719803406336E0,
-4.874198202028E0));
#5474=CARTESIAN_POINT('',(-5.852016420063E0,2.553133806763E0,
-5.063764417693E0));
#5475=CARTESIAN_POINT('',(-6.071091502404E0,2.386464207190E0,
-5.253330633359E0));
#5476=CARTESIAN_POINT('',(-4.675578443178E0,2.863261033366E0,
-5.421687089874E0));
#5477=CARTESIAN_POINT('',(-4.864778302227E0,2.696591433793E0,
-5.641078646594E0));
#5478=CARTESIAN_POINT('',(-5.053978161277E0,2.529921834220E0,
-5.860470203313E0));
#5479=CARTESIAN_POINT('',(-5.243178020326E0,2.363252234647E0,
-6.079861760033E0));
#5480=CARTESIAN_POINT('',(-3.838013497636E0,2.840049060823E0,
-6.043622843194E0));
#5481=CARTESIAN_POINT('',(-3.993320829468E0,2.673379461250E0,
-6.288181373005E0));
#5482=CARTESIAN_POINT('',(-4.148628161300E0,2.506709861677E0,
-6.532739902816E0));
#5483=CARTESIAN_POINT('',(-4.303935493133E0,2.340040262104E0,
-6.777298432627E0));
#5484=CARTESIAN_POINT('',(-2.918955538473E0,2.816837088280E0,
-6.537233607822E0));
#5485=CARTESIAN_POINT('',(-3.037072683370E0,2.650167488707E0,
-6.801766369320E0));
#5486=CARTESIAN_POINT('',(-3.155189828267E0,2.483497889134E0,
-7.066299130817E0));
#5487=CARTESIAN_POINT('',(-3.273306973164E0,2.316828289561E0,
-7.330831892315E0));
#5488=CARTESIAN_POINT('',(-1.937919036606E0,2.793625115737E0,
-6.892038485555E0));
#5489=CARTESIAN_POINT('',(-2.016337998673E0,2.626955516164E0,
-7.170928622011E0));
#5490=CARTESIAN_POINT('',(-2.094756960739E0,2.460285916591E0,
-7.449818758467E0));
#5491=CARTESIAN_POINT('',(-2.173175922806E0,2.293616317018E0,
-7.728708894923E0));
#5492=CARTESIAN_POINT('',(-9.157344609906E-1,2.770413143194E0,
-7.100503860697E0));
#5493=CARTESIAN_POINT('',(-9.527901607403E-1,2.603743543621E0,
-7.387829663472E0));
#5494=CARTESIAN_POINT('',(-9.898458604901E-1,2.437073944048E0,
-7.675155466246E0));
#5495=CARTESIAN_POINT('',(-1.026901560240E0,2.270404344475E0,
-7.962481269021E0));
#5496=CARTESIAN_POINT('',(1.258940172969E-1,2.747201170651E0,
-7.158203362243E0));
#5497=CARTESIAN_POINT('',(1.309883881041E-1,2.580531571078E0,
-7.447864007154E0));
#5498=CARTESIAN_POINT('',(1.360827589114E-1,2.413861971505E0,
-7.737524652065E0));
#5499=CARTESIAN_POINT('',(1.411771297186E-1,2.247192371932E0,
-8.027185296975E0));
#5500=CARTESIAN_POINT('',(1.164849372399E0,2.723989198108E0,-7.063911849566E0));
#5501=CARTESIAN_POINT('',(1.211985644360E0,2.557319598535E0,-7.349756936440E0));
#5502=CARTESIAN_POINT('',(1.259121916320E0,2.390649998962E0,-7.635602023313E0));
#5503=CARTESIAN_POINT('',(1.306258188281E0,2.223980399389E0,-7.921447110187E0));
#5504=CARTESIAN_POINT('',(2.179071337212E0,2.700777225565E0,-6.819631425976E0));
#5505=CARTESIAN_POINT('',(2.267248660054E0,2.534107625992E0,-7.095591570853E0));
#5506=CARTESIAN_POINT('',(2.355425982897E0,2.367438026419E0,-7.371551715729E0));
#5507=CARTESIAN_POINT('',(2.443603305739E0,2.200768426846E0,-7.647511860606E0));
#5508=CARTESIAN_POINT('',(3.147024811756E0,2.677565253022E0,-6.430548927813E0));
#5509=CARTESIAN_POINT('',(3.274370905516E0,2.510895653449E0,-6.690764634926E0));
#5510=CARTESIAN_POINT('',(3.401716999277E0,2.344226053876E0,-6.950980342039E0));
#5511=CARTESIAN_POINT('',(3.529063093037E0,2.177556454303E0,-7.211196049151E0));
#5512=CARTESIAN_POINT('',(4.048157120609E0,2.654353280479E0,-5.904925791716E0));
#5513=CARTESIAN_POINT('',(4.211968029983E0,2.487683680906E0,-6.143871868884E0));
#5514=CARTESIAN_POINT('',(4.375778939358E0,2.321014081333E0,-6.382817946053E0));
#5515=CARTESIAN_POINT('',(4.539589848732E0,2.154344481760E0,-6.621764023221E0));
#5516=CARTESIAN_POINT('',(4.863334410393E0,2.631141307936E0,-5.253922638515E0));
#5517=CARTESIAN_POINT('',(5.060131918154E0,2.464471708363E0,-5.466525514233E0));
#5518=CARTESIAN_POINT('',(5.256929425914E0,2.297802108790E0,-5.679128389950E0));
#5519=CARTESIAN_POINT('',(5.453726933675E0,2.131132509217E0,-5.891731265668E0));
#5520=CARTESIAN_POINT('',(5.575247921247E0,2.607929335393E0,-4.491362298396E0));
#5521=CARTESIAN_POINT('',(5.800853401656E0,2.441259735820E0,-4.673107749600E0));
#5522=CARTESIAN_POINT('',(6.026458882065E0,2.274590136247E0,-4.854853200804E0));
#5523=CARTESIAN_POINT('',(6.252064362474E0,2.107920536674E0,-5.036598652008E0));
#5524=CARTESIAN_POINT('',(6.168781505851E0,2.584717362850E0,-3.633436309044E0));
#5525=CARTESIAN_POINT('',(6.418404649938E0,2.418047763277E0,-3.780465312170E0));
#5526=CARTESIAN_POINT('',(6.668027794026E0,2.251378163704E0,-3.927494315295E0));
#5527=CARTESIAN_POINT('',(6.917650938113E0,2.084708564131E0,-4.074523318421E0));
#5528=CARTESIAN_POINT('',(6.631332592454E0,2.561505390307E0,-2.698361118730E0));
#5529=CARTESIAN_POINT('',(6.899673121235E0,2.394835790734E0,-2.807551788833E0));
#5530=CARTESIAN_POINT('',(7.168013650017E0,2.228166191161E0,-2.916742458935E0));
#5531=CARTESIAN_POINT('',(7.436354178798E0,2.061496591588E0,-3.025933129038E0));
#5532=CARTESIAN_POINT('',(6.953079776824E0,2.538293417764E0,-1.705991294215E0));
#5533=CARTESIAN_POINT('',(7.234439982780E0,2.371623818191E0,-1.775025172339E0));
#5534=CARTESIAN_POINT('',(7.515800188735E0,2.204954218618E0,-1.844059050462E0));
#5535=CARTESIAN_POINT('',(7.797160394691E0,2.038284619045E0,-1.913092928586E0));
#5536=CARTESIAN_POINT('',(7.127191361341E0,2.515081445221E0,
-6.773979462898E-1));
#5537=CARTESIAN_POINT('',(7.415597088541E0,2.348411845648E0,
-7.048092275924E-1));
#5538=CARTESIAN_POINT('',(7.704002815740E0,2.181742246075E0,
-7.322205088950E-1));
#5539=CARTESIAN_POINT('',(7.992408542940E0,2.015072646502E0,
-7.596317901976E-1));
#5540=CARTESIAN_POINT('',(7.149970413273E0,2.491869472678E0,3.655786757164E-1));
#5541=CARTESIAN_POINT('',(7.439297907365E0,2.325199873105E0,3.803720183493E-1));
#5542=CARTESIAN_POINT('',(7.728625401458E0,2.158530273532E0,3.951653609822E-1));
#5543=CARTESIAN_POINT('',(8.017952895550E0,1.991860673959E0,4.099587036151E-1));
#5544=CARTESIAN_POINT('',(7.020933262201E0,2.468657500135E0,1.400792920644E0));
#5545=CARTESIAN_POINT('',(7.305039196846E0,2.301987900562E0,1.457476778345E0));
#5546=CARTESIAN_POINT('',(7.589145131490E0,2.135318300989E0,1.514160636046E0));
#5547=CARTESIAN_POINT('',(7.873251066135E0,1.968648701416E0,1.570844493748E0));
#5548=CARTESIAN_POINT('',(6.742819769859E0,2.445445527592E0,2.406263956844E0));
#5549=CARTESIAN_POINT('',(7.015671688730E0,2.278775928019E0,2.503634754277E0));
#5550=CARTESIAN_POINT('',(7.288523607601E0,2.112106328446E0,2.601005551709E0));
#5551=CARTESIAN_POINT('',(7.561375526472E0,1.945436728873E0,2.698376349142E0));
#5552=CARTESIAN_POINT('',(6.321535154307E0,2.422233555049E0,3.360642493881E0));
#5553=CARTESIAN_POINT('',(6.577339558982E0,2.255563955476E0,3.496632744902E0));
#5554=CARTESIAN_POINT('',(6.833143963657E0,2.088894355903E0,3.632622995923E0));
#5555=CARTESIAN_POINT('',(7.088948368333E0,1.922224756330E0,3.768613246944E0));
#5556=CARTESIAN_POINT('',(5.766024603708E0,2.399021582506E0,4.243664094654E0));
#5557=CARTESIAN_POINT('',(5.999349967736E0,2.232351982933E0,4.415386301504E0));
#5558=CARTESIAN_POINT('',(6.232675331764E0,2.065682383360E0,4.587108508353E0));
#5559=CARTESIAN_POINT('',(6.466000695792E0,1.899012783787E0,4.758830715203E0));
#5560=CARTESIAN_POINT('',(5.088083342048E0,2.375809609964E0,5.036579452683E0));
#5561=CARTESIAN_POINT('',(5.293975439218E0,2.209140010391E0,5.240387416578E0));
#5562=CARTESIAN_POINT('',(5.499867536387E0,2.042470410818E0,5.444195380474E0));
#5563=CARTESIAN_POINT('',(5.705759633557E0,1.875800811245E0,5.648003344369E0));
#5564=CARTESIAN_POINT('',(4.302106179692E0,2.352597637421E0,5.722552498446E0));
#5565=CARTESIAN_POINT('',(4.476193277728E0,2.185928037848E0,5.954118739771E0));
#5566=CARTESIAN_POINT('',(4.650280375764E0,2.019258438275E0,6.185684981096E0));
#5567=CARTESIAN_POINT('',(4.824367473801E0,1.852588838702E0,6.417251222421E0));
#5568=CARTESIAN_POINT('',(3.424781866598E0,2.329385664878E0,6.287017881717E0));
#5569=CARTESIAN_POINT('',(3.563367552692E0,2.162716065305E0,6.541425525930E0));
#5570=CARTESIAN_POINT('',(3.701953238786E0,1.996046465732E0,6.795833170143E0));
#5571=CARTESIAN_POINT('',(3.840538924881E0,1.829376866159E0,7.050240814356E0));
#5572=CARTESIAN_POINT('',(2.474738738034E0,2.306173692335E0,6.717990239446E0));
#5573=CARTESIAN_POINT('',(2.574880405233E0,2.139504092762E0,6.989837417682E0));
#5574=CARTESIAN_POINT('',(2.675022072432E0,1.972834493189E0,7.261684595917E0));
#5575=CARTESIAN_POINT('',(2.775163739631E0,1.806164893616E0,7.533531774153E0));
#5576=CARTESIAN_POINT('',(1.472149176839E0,2.282961719792E0,7.006318682443E0));
#5577=CARTESIAN_POINT('',(1.531720504781E0,2.116292120219E0,7.289833230061E0));
#5578=CARTESIAN_POINT('',(1.591291832723E0,1.949622520646E0,7.573347777680E0));
#5579=CARTESIAN_POINT('',(1.650863160665E0,1.782952921073E0,7.856862325298E0));
#5580=CARTESIAN_POINT('',(4.383012907327E-1,2.259749747249E0,7.145881097342E0));
#5581=CARTESIAN_POINT('',(4.560373940695E-1,2.093080147676E0,7.435043115011E0));
#5582=CARTESIAN_POINT('',(4.737734974064E-1,1.926410548103E0,7.724205132681E0));
#5583=CARTESIAN_POINT('',(4.915096007432E-1,1.759740948530E0,8.013367150350E0));
#5584=CARTESIAN_POINT('',(-6.048531006990E-1,2.236537774706E0,
7.133714138188E0));
#5585=CARTESIAN_POINT('',(-6.293288148355E-1,2.069868175133E0,
7.422383813148E0));
#5586=CARTESIAN_POINT('',(-6.538045289719E-1,1.903198575560E0,
7.711053488109E0));
#5587=CARTESIAN_POINT('',(-6.782802431084E-1,1.736528975987E0,
7.999723163069E0));
#5588=CARTESIAN_POINT('',(-1.635164571697E0,2.213325802163E0,6.970076147524E0));
#5589=CARTESIAN_POINT('',(-1.701332407452E0,2.046656202590E0,7.252124120989E0));
#5590=CARTESIAN_POINT('',(-1.767500243207E0,1.879986603017E0,7.534172094453E0));
#5591=CARTESIAN_POINT('',(-1.833668078962E0,1.713317003444E0,7.816220067918E0));
#5592=CARTESIAN_POINT('',(-2.630756391813E0,2.190113829620E0,6.658441670973E0));
#5593=CARTESIAN_POINT('',(-2.737211399375E0,2.023444230047E0,6.927879183560E0));
#5594=CARTESIAN_POINT('',(-2.843666406937E0,1.856774630474E0,7.197316696147E0));
#5595=CARTESIAN_POINT('',(-2.950121414499E0,1.690105030901E0,7.466754208734E0));
#5596=CARTESIAN_POINT('',(-3.570489037228E0,2.166901857077E0,6.205427681784E0));
#5597=CARTESIAN_POINT('',(-3.714970844301E0,2.000232257504E0,6.456533733581E0));
#5598=CARTESIAN_POINT('',(-3.859452651373E0,1.833562657931E0,6.707639785378E0));
#5599=CARTESIAN_POINT('',(-4.003934458446E0,1.666893058358E0,6.958745837175E0));
#5600=CARTESIAN_POINT('',(-4.434409048860E0,2.143689884534E0,5.620653081823E0));
#5601=CARTESIAN_POINT('',(-4.613849855427E0,1.977020284961E0,5.848095907084E0));
#5602=CARTESIAN_POINT('',(-4.793290661994E0,1.810350685388E0,6.075538732345E0));
#5603=CARTESIAN_POINT('',(-4.972731468561E0,1.643681085815E0,6.302981557605E0));
#5604=CARTESIAN_POINT('',(-5.204172706627E0,2.120477911991E0,4.916534462242E0));
#5605=CARTESIAN_POINT('',(-5.414762423927E0,1.953808312418E0,5.115484739426E0));
#5606=CARTESIAN_POINT('',(-5.625352141227E0,1.787138712845E0,5.314435016611E0));
#5607=CARTESIAN_POINT('',(-5.835941858526E0,1.620469113272E0,5.513385293795E0));
#5608=CARTESIAN_POINT('',(-5.863435523911E0,2.097265939448E0,4.108022460473E0));
#5609=CARTESIAN_POINT('',(-6.100702674521E0,1.930596339875E0,4.274255853825E0));
#5610=CARTESIAN_POINT('',(-6.337969825132E0,1.763926740302E0,4.440489247177E0));
#5611=CARTESIAN_POINT('',(-6.575236975742E0,1.597257140729E0,4.606722640529E0));
#5612=CARTESIAN_POINT('',(-6.398199292061E0,2.074053966905E0,3.212284311496E0));
#5613=CARTESIAN_POINT('',(-6.657105953331E0,1.907384367332E0,3.342271166887E0));
#5614=CARTESIAN_POINT('',(-6.916012614600E0,1.740714767759E0,3.472258022278E0));
#5615=CARTESIAN_POINT('',(-7.174919275870E0,1.574045168186E0,3.602244877669E0));
#5616=CARTESIAN_POINT('',(-6.797109306079E0,2.050841994362E0,2.248339333826E0));
#5617=CARTESIAN_POINT('',(-7.072158080959E0,1.884172394789E0,2.339319624334E0));
#5618=CARTESIAN_POINT('',(-7.347206855839E0,1.717502795216E0,2.430299914843E0));
#5619=CARTESIAN_POINT('',(-7.622255630720E0,1.550833195643E0,2.521280205351E0));
#5620=CARTESIAN_POINT('',(-7.051695460472E0,2.027630021819E0,1.236655089979E0));
#5621=CARTESIAN_POINT('',(-7.337046204427E0,1.860960422246E0,1.286697019883E0));
#5622=CARTESIAN_POINT('',(-7.622396948382E0,1.694290822673E0,1.336738949788E0));
#5623=CARTESIAN_POINT('',(-7.907747692337E0,1.527621223100E0,1.386780879692E0));
#5624=CARTESIAN_POINT('',(-7.156552096048E0,2.004418049276E0,
1.987127961904E-1));
#5625=CARTESIAN_POINT('',(-7.446145921562E0,1.837748449703E0,
2.067538190259E-1));
#5626=CARTESIAN_POINT('',(-7.735739747076E0,1.671078850130E0,
2.147948418613E-1));
#5627=CARTESIAN_POINT('',(-8.025333572590E0,1.504409250557E0,
2.228358646968E-1));
#5628=CARTESIAN_POINT('',(-7.109452778939E0,1.981206076733E0,
-8.434487908901E-1));
#5629=CARTESIAN_POINT('',(-7.397140704623E0,1.814536477160E0,
-8.775794111526E-1));
#5630=CARTESIAN_POINT('',(-7.684828630308E0,1.647866877587E0,
-9.117100314151E-1));
#5631=CARTESIAN_POINT('',(-7.972516555992E0,1.481197278014E0,
-9.458406516776E-1));
#5632=CARTESIAN_POINT('',(-6.911397574750E0,1.957994104190E0,
-1.867701325841E0));
#5633=CARTESIAN_POINT('',(-7.191071087422E0,1.791324504617E0,
-1.943278889535E0));
#5634=CARTESIAN_POINT('',(-7.470744600094E0,1.624654905044E0,
-2.018856453229E0));
#5635=CARTESIAN_POINT('',(-7.750418112766E0,1.457985305471E0,
-2.094434016922E0));
#5636=CARTESIAN_POINT('',(-6.566591814043E0,1.934782131647E0,
-2.852296728349E0));
#5637=CARTESIAN_POINT('',(-6.832312571539E0,1.768112532074E0,
-2.967716487750E0));
#5638=CARTESIAN_POINT('',(-7.098033329034E0,1.601442932501E0,
-3.083136247151E0));
#5639=CARTESIAN_POINT('',(-7.363754086530E0,1.434773332928E0,
-3.198556006551E0));
#5640=CARTESIAN_POINT('',(-6.082356800031E0,1.911570159104E0,
-3.776328962886E0));
#5641=CARTESIAN_POINT('',(-6.328482720757E0,1.744900559531E0,
-3.929140196017E0));
#5642=CARTESIAN_POINT('',(-6.574608641483E0,1.578230959958E0,
-4.081951429147E0));
#5643=CARTESIAN_POINT('',(-6.820734562209E0,1.411561360385E0,
-4.234762662278E0));
#5644=CARTESIAN_POINT('',(-5.468974354446E0,1.888358186561E0,
-4.620177939130E0));
#5645=CARTESIAN_POINT('',(-5.690279416393E0,1.721688586988E0,
-4.807135986244E0));
#5646=CARTESIAN_POINT('',(-5.911584478340E0,1.555018987415E0,
-4.994094033359E0));
#5647=CARTESIAN_POINT('',(-6.132889540287E0,1.388349387842E0,
-5.181052080473E0));
#5648=CARTESIAN_POINT('',(-4.739468502355E0,1.865146214018E0,
-5.365926107765E0));
#5649=CARTESIAN_POINT('',(-4.931253707867E0,1.698476614445E0,
-5.583061265606E0));
#5650=CARTESIAN_POINT('',(-5.123038913380E0,1.531807014872E0,
-5.800196423447E0));
#5651=CARTESIAN_POINT('',(-5.314824118892E0,1.365137415299E0,
-6.017331581288E0));
#5652=CARTESIAN_POINT('',(-3.909328931424E0,1.841934241475E0,
-5.997738906015E0));
#5653=CARTESIAN_POINT('',(-4.067522081596E0,1.675264641902E0,
-6.240440717015E0));
#5654=CARTESIAN_POINT('',(-4.225715231769E0,1.508595042329E0,
-6.483142528015E0));
#5655=CARTESIAN_POINT('',(-4.383908381941E0,1.341925442756E0,
-6.725844339015E0));
#5656=CARTESIAN_POINT('',(-2.996182097479E0,1.818722268932E0,
-6.502200974870E0));
#5657=CARTESIAN_POINT('',(-3.117424257656E0,1.652052669359E0,
-6.765316121564E0));
#5658=CARTESIAN_POINT('',(-3.238666417834E0,1.485383069786E0,
-7.028431268258E0));
#5659=CARTESIAN_POINT('',(-3.359908578011E0,1.318713470213E0,
-7.291546414952E0));
#5660=CARTESIAN_POINT('',(-2.019416959776E0,1.795510296389E0,
-6.868601009029E0));
#5661=CARTESIAN_POINT('',(-2.101133780228E0,1.628840696816E0,
-7.146542735078E0));
#5662=CARTESIAN_POINT('',(-2.182850600680E0,1.462171097243E0,
-7.424484461127E0));
#5663=CARTESIAN_POINT('',(-2.264567421132E0,1.295501497670E0,
-7.702426187175E0));
#5664=CARTESIAN_POINT('',(-9.997732929106E-1,1.772298323847E0,
-7.089159191479E0));
#5665=CARTESIAN_POINT('',(-1.040229670319E0,1.605628724274E0,
-7.376025925960E0));
#5666=CARTESIAN_POINT('',(-1.080686047728E0,1.438959124701E0,
-7.662892660442E0));
#5667=CARTESIAN_POINT('',(-1.121142425136E0,1.272289525128E0,
-7.949759394923E0));
#5668=CARTESIAN_POINT('',(4.109868362733E-2,1.749086351304E0,
-7.159192382887E0));
#5669=CARTESIAN_POINT('',(4.276176451538E-2,1.582416751731E0,
-7.448893049063E0));
#5670=CARTESIAN_POINT('',(4.442484540342E-2,1.415747152158E0,
-7.738593715240E0));
#5671=CARTESIAN_POINT('',(4.608792629147E-2,1.249077552585E0,
-8.028294381416E0));
#5672=CARTESIAN_POINT('',(1.081098006286E0,1.725874378761E0,-7.077213560843E0));
#5673=CARTESIAN_POINT('',(1.124845233050E0,1.559204779188E0,-7.363596908796E0));
#5674=CARTESIAN_POINT('',(1.168592459815E0,1.392535179615E0,-7.649980256749E0));
#5675=CARTESIAN_POINT('',(1.212339686579E0,1.225865580042E0,-7.936363604701E0));
#5676=CARTESIAN_POINT('',(2.098142243468E0,1.702662406218E0,-6.844963388145E0));
#5677=CARTESIAN_POINT('',(2.183044725921E0,1.535992806645E0,-7.121948604835E0));
#5678=CARTESIAN_POINT('',(2.267947208374E0,1.369323207072E0,-7.398933821525E0));
#5679=CARTESIAN_POINT('',(2.352849690827E0,1.202653607499E0,-7.675919038215E0));
#5680=CARTESIAN_POINT('',(3.070636361332E0,1.679450433675E0,-6.467373274895E0));
#5681=CARTESIAN_POINT('',(3.194891354338E0,1.512780834102E0,-6.729079099511E0));
#5682=CARTESIAN_POINT('',(3.319146347344E0,1.346111234529E0,-6.990784924127E0));
#5683=CARTESIAN_POINT('',(3.443401340350E0,1.179441634956E0,-7.252490748744E0));
#5684=CARTESIAN_POINT('',(3.977931303038E0,1.656238461132E0,-5.952460587895E0));
#5685=CARTESIAN_POINT('',(4.138900485994E0,1.489568861559E0,-6.193330186793E0));
#5686=CARTESIAN_POINT('',(4.299869668949E0,1.322899261986E0,-6.434199785692E0));
#5687=CARTESIAN_POINT('',(4.460838851905E0,1.156229662413E0,-6.675069384590E0));
#5688=CARTESIAN_POINT('',(4.800762248981E0,1.633026488589E0,-5.311158720570E0));
#5689=CARTESIAN_POINT('',(4.995027739738E0,1.466356889016E0,-5.526077685898E0));
#5690=CARTESIAN_POINT('',(5.189293230495E0,1.299687289443E0,-5.740996651227E0));
#5691=CARTESIAN_POINT('',(5.383558721252E0,1.133017689870E0,-5.955915616555E0));
#5692=CARTESIAN_POINT('',(5.521658354794E0,1.609814516046E0,-4.557083809598E0));
#5693=CARTESIAN_POINT('',(5.745095303857E0,1.443144916473E0,-4.741488717981E0));
#5694=CARTESIAN_POINT('',(5.968532252919E0,1.276475316900E0,-4.925893626364E0));
#5695=CARTESIAN_POINT('',(6.191969201982E0,1.109805717327E0,-5.110298534747E0));
#5696=CARTESIAN_POINT('',(5.924093553478E0,1.594339867684E0,-3.989861170706E0));
#5697=CARTESIAN_POINT('',(6.163815264692E0,1.427670268111E0,-4.151313102333E0));
#5698=CARTESIAN_POINT('',(6.403536975905E0,1.261000668538E0,-4.312765033960E0));
#5699=CARTESIAN_POINT('',(6.643258687119E0,1.094331068965E0,-4.474216965587E0));
#5700=CARTESIAN_POINT('',(6.103635352588E0,1.586602543503E0,-3.693132684062E0));
#5701=CARTESIAN_POINT('',(6.350622321673E0,1.419932943930E0,-3.842577333909E0));
#5702=CARTESIAN_POINT('',(6.597609290757E0,1.253263344357E0,-3.992021983757E0));
#5703=CARTESIAN_POINT('',(6.844596259842E0,1.086593744784E0,-4.141466633604E0));
#5704=B_SPLINE_SURFACE_WITH_KNOTS('',3,3,((#5180,#5181,#5182,#5183),(#5184,
#5185,#5186,#5187),(#5188,#5189,#5190,#5191),(#5192,#5193,#5194,#5195),(#5196,
#5197,#5198,#5199),(#5200,#5201,#5202,#5203),(#5204,#5205,#5206,#5207),(#5208,
#5209,#5210,#5211),(#5212,#5213,#5214,#5215),(#5216,#5217,#5218,#5219),(#5220,
#5221,#5222,#5223),(#5224,#5225,#5226,#5227),(#5228,#5229,#5230,#5231),(#5232,
#5233,#5234,#5235),(#5236,#5237,#5238,#5239),(#5240,#5241,#5242,#5243),(#5244,
#5245,#5246,#5247),(#5248,#5249,#5250,#5251),(#5252,#5253,#5254,#5255),(#5256,
#5257,#5258,#5259),(#5260,#5261,#5262,#5263),(#5264,#5265,#5266,#5267),(#5268,
#5269,#5270,#5271),(#5272,#5273,#5274,#5275),(#5276,#5277,#5278,#5279),(#5280,
#5281,#5282,#5283),(#5284,#5285,#5286,#5287),(#5288,#5289,#5290,#5291),(#5292,
#5293,#5294,#5295),(#5296,#5297,#5298,#5299),(#5300,#5301,#5302,#5303),(#5304,
#5305,#5306,#5307),(#5308,#5309,#5310,#5311),(#5312,#5313,#5314,#5315),(#5316,
#5317,#5318,#5319),(#5320,#5321,#5322,#5323),(#5324,#5325,#5326,#5327),(#5328,
#5329,#5330,#5331),(#5332,#5333,#5334,#5335),(#5336,#5337,#5338,#5339),(#5340,
#5341,#5342,#5343),(#5344,#5345,#5346,#5347),(#5348,#5349,#5350,#5351),(#5352,
#5353,#5354,#5355),(#5356,#5357,#5358,#5359),(#5360,#5361,#5362,#5363),(#5364,
#5365,#5366,#5367),(#5368,#5369,#5370,#5371),(#5372,#5373,#5374,#5375),(#5376,
#5377,#5378,#5379),(#5380,#5381,#5382,#5383),(#5384,#5385,#5386,#5387),(#5388,
#5389,#5390,#5391),(#5392,#5393,#5394,#5395),(#5396,#5397,#5398,#5399),(#5400,
#5401,#5402,#5403),(#5404,#5405,#5406,#5407),(#5408,#5409,#5410,#5411),(#5412,
#5413,#5414,#5415),(#5416,#5417,#5418,#5419),(#5420,#5421,#5422,#5423),(#5424,
#5425,#5426,#5427),(#5428,#5429,#5430,#5431),(#5432,#5433,#5434,#5435),(#5436,
#5437,#5438,#5439),(#5440,#5441,#5442,#5443),(#5444,#5445,#5446,#5447),(#5448,
#5449,#5450,#5451),(#5452,#5453,#5454,#5455),(#5456,#5457,#5458,#5459),(#5460,
#5461,#5462,#5463),(#5464,#5465,#5466,#5467),(#5468,#5469,#5470,#5471),(#5472,
#5473,#5474,#5475),(#5476,#5477,#5478,#5479),(#5480,#5481,#5482,#5483),(#5484,
#5485,#5486,#5487),(#5488,#5489,#5490,#5491),(#5492,#5493,#5494,#5495),(#5496,
#5497,#5498,#5499),(#5500,#5501,#5502,#5503),(#5504,#5505,#5506,#5507),(#5508,
#5509,#5510,#5511),(#5512,#5513,#5514,#5515),(#5516,#5517,#5518,#5519),(#5520,
#5521,#5522,#5523),(#5524,#5525,#5526,#5527),(#5528,#5529,#5530,#5531),(#5532,
#5533,#5534,#5535),(#5536,#5537,#5538,#5539),(#5540,#5541,#5542,#5543),(#5544,
#5545,#5546,#5547),(#5548,#5549,#5550,#5551),(#5552,#5553,#5554,#5555),(#5556,
#5557,#5558,#5559),(#5560,#5561,#5562,#5563),(#5564,#5565,#5566,#5567),(#5568,
#5569,#5570,#5571),(#5572,#5573,#5574,#5575),(#5576,#5577,#5578,#5579),(#5580,
#5581,#5582,#5583),(#5584,#5585,#5586,#5587),(#5588,#5589,#5590,#5591),(#5592,
#5593,#5594,#5595),(#5596,#5597,#5598,#5599),(#5600,#5601,#5602,#5603),(#5604,
#5605,#5606,#5607),(#5608,#5609,#5610,#5611),(#5612,#5613,#5614,#5615),(#5616,
#5617,#5618,#5619),(#5620,#5621,#5622,#5623),(#5624,#5625,#5626,#5627),(#5628,
#5629,#5630,#5631),(#5632,#5633,#5634,#5635),(#5636,#5637,#5638,#5639),(#5640,
#5641,#5642,#5643),(#5644,#5645,#5646,#5647),(#5648,#5649,#5650,#5651),(#5652,
#5653,#5654,#5655),(#5656,#5657,#5658,#5659),(#5660,#5661,#5662,#5663),(#5664,
#5665,#5666,#5667),(#5668,#5669,#5670,#5671),(#5672,#5673,#5674,#5675),(#5676,
#5677,#5678,#5679),(#5680,#5681,#5682,#5683),(#5684,#5685,#5686,#5687),(#5688,
#5689,#5690,#5691),(#5692,#5693,#5694,#5695),(#5696,#5697,#5698,#5699),(#5700,
#5701,#5702,#5703)),.UNSPECIFIED.,.F.,.F.,.F.,(4,1,1,1,1,1,1,1,1,1,1,1,1,1,1,1,
1,1,1,1,1,1,1,1,1,1,1,1,1,1,1,1,1,1,1,1,1,1,1,1,1,1,1,1,1,1,1,1,1,1,1,1,1,1,1,1,
1,1,1,1,1,1,1,1,1,1,1,1,1,1,1,1,1,1,1,1,1,1,1,1,1,1,1,1,1,1,1,1,1,1,1,1,1,1,1,1,
1,1,1,1,1,1,1,1,1,1,1,1,1,1,1,1,1,1,1,1,1,1,1,1,1,1,1,1,1,1,1,1,4),(4,4),(
1.474958377824E-9,7.812501463435E-3,1.562500145191E-2,2.343750144039E-2,
3.125000142887E-2,3.906250141734E-2,4.687500140582E-2,5.468750139430E-2,
6.250000138277E-2,7.031250137125E-2,7.812500135973E-2,8.593750134820E-2,
9.375000133668E-2,1.015625013252E-1,1.093750013136E-1,1.171875013021E-1,
1.250000012906E-1,1.328125012791E-1,1.406250012675E-1,1.484375012560E-1,
1.562500012445E-1,1.640625012330E-1,1.718750012214E-1,1.796875012099E-1,
1.875000011984E-1,1.953125011869E-1,2.031250011754E-1,2.109375011638E-1,
2.187500011523E-1,2.265625011408E-1,2.343750011293E-1,2.421875011177E-1,
2.500000011062E-1,2.578125010947E-1,2.656250010832E-1,2.734375010716E-1,
2.812500010601E-1,2.890625010486E-1,2.968750010371E-1,3.046875010256E-1,
3.125000010140E-1,3.203125010025E-1,3.281250009910E-1,3.359375009795E-1,
3.437500009679E-1,3.515625009564E-1,3.593750009449E-1,3.671875009334E-1,
3.750000009218E-1,3.828125009103E-1,3.906250008988E-1,3.984375008873E-1,
4.062500008758E-1,4.140625008642E-1,4.218750008527E-1,4.296875008412E-1,
4.375000008297E-1,4.453125008181E-1,4.531250008066E-1,4.609375007951E-1,
4.687500007836E-1,4.765625007720E-1,4.843750007605E-1,4.921875007490E-1,
5.000000007375E-1,5.078125007260E-1,5.156250007144E-1,5.234375007029E-1,
5.312500006914E-1,5.390625006799E-1,5.468750006683E-1,5.546875006568E-1,
5.625000006453E-1,5.703125006338E-1,5.781250006222E-1,5.859375006107E-1,
5.937500005992E-1,6.015625005877E-1,6.093750005762E-1,6.171875005646E-1,
6.250000005531E-1,6.328125005416E-1,6.406250005301E-1,6.484375005185E-1,
6.562500005070E-1,6.640625004955E-1,6.718750004840E-1,6.796875004724E-1,
6.875000004609E-1,6.953125004494E-1,7.031250004379E-1,7.109375004264E-1,
7.187500004148E-1,7.265625004033E-1,7.343750003918E-1,7.421875003803E-1,
7.500000003687E-1,7.578125003572E-1,7.656250003457E-1,7.734375003342E-1,
7.812500003226E-1,7.890625003111E-1,7.968750002996E-1,8.046875002881E-1,
8.125000002766E-1,8.203125002650E-1,8.281250002535E-1,8.359375002420E-1,
8.437500002305E-1,8.515625002189E-1,8.593750002074E-1,8.671875001959E-1,
8.750000001844E-1,8.828125001728E-1,8.906250001613E-1,8.984375001498E-1,
9.062500001383E-1,9.140625001268E-1,9.218750001152E-1,9.296875001037E-1,
9.375000000922E-1,9.453125000807E-1,9.531250000691E-1,9.609375000576E-1,
9.687500000461E-1,9.765625000346E-1,9.843750000230E-1,9.921875000115E-1,1.E0),(
0.E0,1.000017597439E0),.UNSPECIFIED.);
#5706=ORIENTED_EDGE('',*,*,#5705,.T.);
#5708=ORIENTED_EDGE('',*,*,#5707,.F.);
#5710=ORIENTED_EDGE('',*,*,#5709,.F.);
#5712=ORIENTED_EDGE('',*,*,#5711,.F.);
#5714=ORIENTED_EDGE('',*,*,#5713,.F.);
#5716=ORIENTED_EDGE('',*,*,#5715,.F.);
#5718=ORIENTED_EDGE('',*,*,#5717,.T.);
#5719=ORIENTED_EDGE('',*,*,#5156,.T.);
#5720=ORIENTED_EDGE('',*,*,#4620,.F.);
#5721=ORIENTED_EDGE('',*,*,#5174,.T.);
#5722=ORIENTED_EDGE('',*,*,#5172,.F.);
#5723=ORIENTED_EDGE('',*,*,#5170,.F.);
#5724=ORIENTED_EDGE('',*,*,#5168,.F.);
#5725=ORIENTED_EDGE('',*,*,#5166,.F.);
#5726=EDGE_LOOP('',(#5706,#5708,#5710,#5712,#5714,#5716,#5718,#5719,#5720,#5721,
#5722,#5723,#5724,#5725));
#5727=FACE_OUTER_BOUND('',#5726,.F.);
#5728=ADVANCED_FACE('',(#5727),#5704,.T.);
#5729=CARTESIAN_POINT('',(0.E0,2.274241377865E0,0.E0));
#5730=DIRECTION('',(0.E0,1.E0,0.E0));
#5731=DIRECTION('',(1.E0,0.E0,0.E0));
#5732=AXIS2_PLACEMENT_3D('',#5729,#5730,#5731);
#5733=CONICAL_SURFACE('',#5732,7.675E0,6.E1);
#5734=ORIENTED_EDGE('',*,*,#5707,.T.);
#5735=ORIENTED_EDGE('',*,*,#5705,.F.);
#5736=ORIENTED_EDGE('',*,*,#5164,.F.);
#5738=ORIENTED_EDGE('',*,*,#5737,.F.);
#5740=ORIENTED_EDGE('',*,*,#5739,.F.);
#5742=ORIENTED_EDGE('',*,*,#5741,.F.);
#5743=EDGE_LOOP('',(#5734,#5735,#5736,#5738,#5740,#5742));
#5744=FACE_OUTER_BOUND('',#5743,.F.);
#5745=ADVANCED_FACE('',(#5744),#5733,.T.);
#5746=CARTESIAN_POINT('',(0.E0,1.826794919243E0,0.E0));
#5747=DIRECTION('',(0.E0,-1.E0,0.E0));
#5748=DIRECTION('',(9.999813293488E-1,0.E0,-6.110724498626E-3));
#5749=AXIS2_PLACEMENT_3D('',#5746,#5747,#5748);
#5750=TOROIDAL_SURFACE('',#5749,7.5E0,3.E-1);
#5751=ORIENTED_EDGE('',*,*,#5741,.T.);
#5752=ORIENTED_EDGE('',*,*,#5739,.T.);
#5753=ORIENTED_EDGE('',*,*,#5737,.T.);
#5754=ORIENTED_EDGE('',*,*,#5162,.F.);
#5756=ORIENTED_EDGE('',*,*,#5755,.T.);
#5758=ORIENTED_EDGE('',*,*,#5757,.T.);
#5760=ORIENTED_EDGE('',*,*,#5759,.T.);
#5762=ORIENTED_EDGE('',*,*,#5761,.T.);
#5764=ORIENTED_EDGE('',*,*,#5763,.T.);
#5765=ORIENTED_EDGE('',*,*,#5711,.T.);
#5766=ORIENTED_EDGE('',*,*,#5709,.T.);
#5767=EDGE_LOOP('',(#5751,#5752,#5753,#5754,#5756,#5758,#5760,#5762,#5764,#5765,
#5766));
#5768=FACE_OUTER_BOUND('',#5767,.F.);
#5769=ADVANCED_FACE('',(#5768),#5750,.F.);
#5770=CARTESIAN_POINT('',(0.E0,1.4175E1,0.E0));
#5771=DIRECTION('',(0.E0,-1.E0,0.E0));
#5772=DIRECTION('',(-1.E0,0.E0,0.E0));
#5773=AXIS2_PLACEMENT_3D('',#5770,#5771,#5772);
#5774=CYLINDRICAL_SURFACE('',#5773,7.2E0);
#5776=ORIENTED_EDGE('',*,*,#5775,.T.);
#5777=ORIENTED_EDGE('',*,*,#5715,.T.);
#5779=ORIENTED_EDGE('',*,*,#5778,.F.);
#5781=ORIENTED_EDGE('',*,*,#5780,.T.);
#5783=ORIENTED_EDGE('',*,*,#5782,.F.);
#5785=ORIENTED_EDGE('',*,*,#5784,.F.);
#5786=ORIENTED_EDGE('',*,*,#5757,.F.);
#5787=ORIENTED_EDGE('',*,*,#5755,.F.);
#5788=ORIENTED_EDGE('',*,*,#5160,.T.);
#5789=EDGE_LOOP('',(#5776,#5777,#5779,#5781,#5783,#5785,#5786,#5787,#5788));
#5790=FACE_OUTER_BOUND('',#5789,.F.);
#5791=ADVANCED_FACE('',(#5790),#5774,.T.);
#5792=CARTESIAN_POINT('',(0.E0,1.826794919243E0,0.E0));
#5793=DIRECTION('',(0.E0,-1.E0,0.E0));
#5794=DIRECTION('',(-9.999813293488E-1,0.E0,6.110724498625E-3));
#5795=AXIS2_PLACEMENT_3D('',#5792,#5793,#5794);
#5796=TOROIDAL_SURFACE('',#5795,7.5E0,3.E-1);
#5797=ORIENTED_EDGE('',*,*,#5713,.T.);
#5798=ORIENTED_EDGE('',*,*,#5763,.F.);
#5799=ORIENTED_EDGE('',*,*,#5778,.T.);
#5800=EDGE_LOOP('',(#5797,#5798,#5799));
#5801=FACE_OUTER_BOUND('',#5800,.F.);
#5802=ADVANCED_FACE('',(#5801),#5796,.F.);
#5803=CARTESIAN_POINT('',(0.E0,1.4175E1,0.E0));
#5804=DIRECTION('',(0.E0,-1.E0,0.E0));
#5805=DIRECTION('',(-1.E0,0.E0,0.E0));
#5806=AXIS2_PLACEMENT_3D('',#5803,#5804,#5805);
#5807=CYLINDRICAL_SURFACE('',#5806,7.2E0);
#5808=ORIENTED_EDGE('',*,*,#5761,.F.);
#5809=ORIENTED_EDGE('',*,*,#5759,.F.);
#5810=ORIENTED_EDGE('',*,*,#5784,.T.);
#5812=ORIENTED_EDGE('',*,*,#5811,.F.);
#5813=ORIENTED_EDGE('',*,*,#5780,.F.);
#5814=EDGE_LOOP('',(#5808,#5809,#5810,#5812,#5813));
#5815=FACE_OUTER_BOUND('',#5814,.F.);
#5816=ADVANCED_FACE('',(#5815),#5807,.T.);
#5817=CARTESIAN_POINT('',(0.E0,0.E0,0.E0));
#5818=DIRECTION('',(0.E0,-1.E0,0.E0));
#5819=DIRECTION('',(-1.E0,0.E0,0.E0));
#5820=AXIS2_PLACEMENT_3D('',#5817,#5818,#5819);
#5821=PLANE('',#5820);
#5822=ORIENTED_EDGE('',*,*,#5811,.T.);
#5823=ORIENTED_EDGE('',*,*,#5782,.T.);
#5824=EDGE_LOOP('',(#5822,#5823));
#5825=FACE_OUTER_BOUND('',#5824,.F.);
#5826=ADVANCED_FACE('',(#5825),#5821,.T.);
#5827=CARTESIAN_POINT('',(0.E0,-1.3446E1,0.E0));
#5828=DIRECTION('',(0.E0,1.E0,0.E0));
#5829=DIRECTION('',(1.E0,0.E0,0.E0));
#5830=AXIS2_PLACEMENT_3D('',#5827,#5828,#5829);
#5831=CYLINDRICAL_SURFACE('',#5830,6.E0);
#5833=ORIENTED_EDGE('',*,*,#5832,.F.);
#5835=ORIENTED_EDGE('',*,*,#5834,.F.);
#5837=ORIENTED_EDGE('',*,*,#5836,.T.);
#5839=ORIENTED_EDGE('',*,*,#5838,.T.);
#5840=EDGE_LOOP('',(#5833,#5835,#5837,#5839));
#5841=FACE_OUTER_BOUND('',#5840,.F.);
#5842=ADVANCED_FACE('',(#5841),#5831,.T.);
#5843=CARTESIAN_POINT('',(0.E0,-1.3446E1,0.E0));
#5844=DIRECTION('',(0.E0,1.E0,0.E0));
#5845=DIRECTION('',(1.E0,0.E0,0.E0));
#5846=AXIS2_PLACEMENT_3D('',#5843,#5844,#5845);
#5847=CYLINDRICAL_SURFACE('',#5846,6.E0);
#5848=ORIENTED_EDGE('',*,*,#5832,.T.);
#5850=ORIENTED_EDGE('',*,*,#5849,.T.);
#5851=ORIENTED_EDGE('',*,*,#5836,.F.);
#5853=ORIENTED_EDGE('',*,*,#5852,.F.);
#5854=EDGE_LOOP('',(#5848,#5850,#5851,#5853));
#5855=FACE_OUTER_BOUND('',#5854,.F.);
#5856=ADVANCED_FACE('',(#5855),#5847,.T.);
#5857=CARTESIAN_POINT('',(0.E0,-1.057406637461E1,0.E0));
#5858=DIRECTION('',(0.E0,1.E0,0.E0));
#5859=DIRECTION('',(1.E0,0.E0,0.E0));
#5860=AXIS2_PLACEMENT_3D('',#5857,#5858,#5859);
#5861=CONICAL_SURFACE('',#5860,5.565797985669E0,7.E1);
#5863=ORIENTED_EDGE('',*,*,#5862,.F.);
#5865=ORIENTED_EDGE('',*,*,#5864,.F.);
#5867=ORIENTED_EDGE('',*,*,#5866,.T.);
#5868=ORIENTED_EDGE('',*,*,#5852,.T.);
#5870=ORIENTED_EDGE('',*,*,#5869,.F.);
#5871=EDGE_LOOP('',(#5863,#5865,#5867,#5868,#5870));
#5872=FACE_OUTER_BOUND('',#5871,.F.);
#5873=ADVANCED_FACE('',(#5872),#5861,.T.);
#5874=CARTESIAN_POINT('',(0.E0,-1.092004150764E1,0.E0));
#5875=DIRECTION('',(0.E0,1.E0,0.E0));
#5876=DIRECTION('',(-9.999721404084E-1,0.E0,-7.464476345299E-3));
#5877=AXIS2_PLACEMENT_3D('',#5874,#5875,#5876);
#5878=TOROIDAL_SURFACE('',#5877,5.2E0,2.E-1);
#5880=ORIENTED_EDGE('',*,*,#5879,.T.);
#5882=ORIENTED_EDGE('',*,*,#5881,.T.);
#5884=ORIENTED_EDGE('',*,*,#5883,.F.);
#5885=ORIENTED_EDGE('',*,*,#5864,.T.);
#5886=ORIENTED_EDGE('',*,*,#5862,.T.);
#5888=ORIENTED_EDGE('',*,*,#5887,.T.);
#5889=EDGE_LOOP('',(#5880,#5882,#5884,#5885,#5886,#5888));
#5890=FACE_OUTER_BOUND('',#5889,.F.);
#5891=ADVANCED_FACE('',(#5890),#5878,.F.);
#5892=CARTESIAN_POINT('',(0.E0,-1.3446E1,0.E0));
#5893=DIRECTION('',(0.E0,1.E0,0.E0));
#5894=DIRECTION('',(1.E0,0.E0,0.E0));
#5895=AXIS2_PLACEMENT_3D('',#5892,#5893,#5894);
#5896=CYLINDRICAL_SURFACE('',#5895,5.E0);
#5897=ORIENTED_EDGE('',*,*,#5881,.F.);
#5898=ORIENTED_EDGE('',*,*,#5879,.F.);
#5900=ORIENTED_EDGE('',*,*,#5899,.F.);
#5902=ORIENTED_EDGE('',*,*,#5901,.F.);
#5904=ORIENTED_EDGE('',*,*,#5903,.F.);
#5906=ORIENTED_EDGE('',*,*,#5905,.T.);
#5907=EDGE_LOOP('',(#5897,#5898,#5900,#5902,#5904,#5906));
#5908=FACE_OUTER_BOUND('',#5907,.F.);
#5909=ADVANCED_FACE('',(#5908),#5896,.T.);
#5910=CARTESIAN_POINT('',(0.E0,-1.3446E1,0.E0));
#5911=DIRECTION('',(0.E0,1.E0,0.E0));
#5912=DIRECTION('',(1.E0,0.E0,0.E0));
#5913=AXIS2_PLACEMENT_3D('',#5910,#5911,#5912);
#5914=CYLINDRICAL_SURFACE('',#5913,5.E0);
#5916=ORIENTED_EDGE('',*,*,#5915,.F.);
#5918=ORIENTED_EDGE('',*,*,#5917,.F.);
#5919=ORIENTED_EDGE('',*,*,#5905,.F.);
#5921=ORIENTED_EDGE('',*,*,#5920,.F.);
#5923=ORIENTED_EDGE('',*,*,#5922,.F.);
#5924=ORIENTED_EDGE('',*,*,#5899,.T.);
#5925=EDGE_LOOP('',(#5916,#5918,#5919,#5921,#5923,#5924));
#5926=FACE_OUTER_BOUND('',#5925,.F.);
#5927=ADVANCED_FACE('',(#5926),#5914,.T.);
#5928=CARTESIAN_POINT('',(0.E0,-1.092004150764E1,0.E0));
#5929=DIRECTION('',(0.E0,1.E0,0.E0));
#5930=DIRECTION('',(9.999721404084E-1,0.E0,7.464476345299E-3));
#5931=AXIS2_PLACEMENT_3D('',#5928,#5929,#5930);
#5932=TOROIDAL_SURFACE('',#5931,5.2E0,2.E-1);
#5933=ORIENTED_EDGE('',*,*,#5917,.T.);
#5934=ORIENTED_EDGE('',*,*,#5915,.T.);
#5935=ORIENTED_EDGE('',*,*,#5887,.F.);
#5937=ORIENTED_EDGE('',*,*,#5936,.T.);
#5939=ORIENTED_EDGE('',*,*,#5938,.T.);
#5940=ORIENTED_EDGE('',*,*,#5883,.T.);
#5941=EDGE_LOOP('',(#5933,#5934,#5935,#5937,#5939,#5940));
#5942=FACE_OUTER_BOUND('',#5941,.F.);
#5943=ADVANCED_FACE('',(#5942),#5932,.F.);
#5944=CARTESIAN_POINT('',(0.E0,-1.057406637461E1,0.E0));
#5945=DIRECTION('',(0.E0,1.E0,0.E0));
#5946=DIRECTION('',(1.E0,0.E0,0.E0));
#5947=AXIS2_PLACEMENT_3D('',#5944,#5945,#5946);
#5948=CONICAL_SURFACE('',#5947,5.565797985669E0,7.E1);
#5949=ORIENTED_EDGE('',*,*,#5938,.F.);
#5950=ORIENTED_EDGE('',*,*,#5936,.F.);
#5951=ORIENTED_EDGE('',*,*,#5869,.T.);
#5952=ORIENTED_EDGE('',*,*,#5834,.T.);
#5953=ORIENTED_EDGE('',*,*,#5866,.F.);
#5954=EDGE_LOOP('',(#5949,#5950,#5951,#5952,#5953));
#5955=FACE_OUTER_BOUND('',#5954,.F.);
#5956=ADVANCED_FACE('',(#5955),#5948,.T.);
#5957=CARTESIAN_POINT('',(0.E0,-1.232E1,0.E0));
#5958=DIRECTION('',(0.E0,1.E0,0.E0));
#5959=DIRECTION('',(-9.999319741921E-1,0.E0,1.166391821807E-2));
#5960=AXIS2_PLACEMENT_3D('',#5957,#5958,#5959);
#5961=TOROIDAL_SURFACE('',#5960,4.8E0,2.E-1);
#5963=ORIENTED_EDGE('',*,*,#5962,.F.);
#5965=ORIENTED_EDGE('',*,*,#5964,.F.);
#5967=ORIENTED_EDGE('',*,*,#5966,.F.);
#5968=ORIENTED_EDGE('',*,*,#5922,.T.);
#5969=ORIENTED_EDGE('',*,*,#5920,.T.);
#5971=ORIENTED_EDGE('',*,*,#5970,.T.);
#5972=EDGE_LOOP('',(#5963,#5965,#5967,#5968,#5969,#5971));
#5973=FACE_OUTER_BOUND('',#5972,.F.);
#5974=ADVANCED_FACE('',(#5973),#5961,.T.);
#5975=CARTESIAN_POINT('',(0.E0,-1.252E1,0.E0));
#5976=DIRECTION('',(0.E0,1.E0,0.E0));
#5977=DIRECTION('',(1.E0,0.E0,0.E0));
#5978=AXIS2_PLACEMENT_3D('',#5975,#5976,#5977);
#5979=PLANE('',#5978);
#5980=ORIENTED_EDGE('',*,*,#5964,.T.);
#5981=ORIENTED_EDGE('',*,*,#5962,.T.);
#5983=ORIENTED_EDGE('',*,*,#5982,.T.);
#5985=ORIENTED_EDGE('',*,*,#5984,.T.);
#5986=EDGE_LOOP('',(#5980,#5981,#5983,#5985));
#5987=FACE_OUTER_BOUND('',#5986,.F.);
#5988=ADVANCED_FACE('',(#5987),#5979,.F.);
#5989=CARTESIAN_POINT('',(0.E0,-1.232E1,0.E0));
#5990=DIRECTION('',(0.E0,1.E0,0.E0));
#5991=DIRECTION('',(9.999319741921E-1,0.E0,-1.166391821807E-2));
#5992=AXIS2_PLACEMENT_3D('',#5989,#5990,#5991);
#5993=TOROIDAL_SURFACE('',#5992,4.8E0,2.E-1);
#5994=ORIENTED_EDGE('',*,*,#5984,.F.);
#5995=ORIENTED_EDGE('',*,*,#5982,.F.);
#5996=ORIENTED_EDGE('',*,*,#5970,.F.);
#5997=ORIENTED_EDGE('',*,*,#5903,.T.);
#5998=ORIENTED_EDGE('',*,*,#5901,.T.);
#5999=ORIENTED_EDGE('',*,*,#5966,.T.);
#6000=EDGE_LOOP('',(#5994,#5995,#5996,#5997,#5998,#5999));
#6001=FACE_OUTER_BOUND('',#6000,.F.);
#6002=ADVANCED_FACE('',(#6001),#5993,.T.);
#6003=CARTESIAN_POINT('',(-2.29E0,-4.02E0,0.E0));
#6004=DIRECTION('',(-1.E0,0.E0,0.E0));
#6005=DIRECTION('',(0.E0,0.E0,1.E0));
#6006=AXIS2_PLACEMENT_3D('',#6003,#6004,#6005);
#6007=PLANE('',#6006);
#6009=ORIENTED_EDGE('',*,*,#6008,.T.);
#6011=ORIENTED_EDGE('',*,*,#6010,.F.);
#6013=ORIENTED_EDGE('',*,*,#6012,.F.);
#6015=ORIENTED_EDGE('',*,*,#6014,.F.);
#6017=ORIENTED_EDGE('',*,*,#6016,.T.);
#6019=ORIENTED_EDGE('',*,*,#6018,.F.);
#6021=ORIENTED_EDGE('',*,*,#6020,.F.);
#6023=ORIENTED_EDGE('',*,*,#6022,.F.);
#6025=ORIENTED_EDGE('',*,*,#6024,.T.);
#6027=ORIENTED_EDGE('',*,*,#6026,.T.);
#6029=ORIENTED_EDGE('',*,*,#6028,.T.);
#6031=ORIENTED_EDGE('',*,*,#6030,.T.);
#6033=ORIENTED_EDGE('',*,*,#6032,.T.);
#6035=ORIENTED_EDGE('',*,*,#6034,.T.);
#6037=ORIENTED_EDGE('',*,*,#6036,.T.);
#6039=ORIENTED_EDGE('',*,*,#6038,.T.);
#6041=ORIENTED_EDGE('',*,*,#6040,.T.);
#6043=ORIENTED_EDGE('',*,*,#6042,.T.);
#6044=EDGE_LOOP('',(#6009,#6011,#6013,#6015,#6017,#6019,#6021,#6023,#6025,#6027,
#6029,#6031,#6033,#6035,#6037,#6039,#6041,#6043));
#6045=FACE_OUTER_BOUND('',#6044,.F.);
#6046=ADVANCED_FACE('',(#6045),#6007,.F.);
#6047=CARTESIAN_POINT('',(0.E0,-1.352E1,0.E0));
#6048=DIRECTION('',(0.E0,-1.E0,0.E0));
#6049=DIRECTION('',(0.E0,0.E0,-1.E0));
#6050=AXIS2_PLACEMENT_3D('',#6047,#6048,#6049);
#6051=PLANE('',#6050);
#6053=ORIENTED_EDGE('',*,*,#6052,.T.);
#6055=ORIENTED_EDGE('',*,*,#6054,.T.);
#6056=EDGE_LOOP('',(#6053,#6055));
#6057=FACE_OUTER_BOUND('',#6056,.F.);
#6058=ADVANCED_FACE('',(#6057),#6051,.T.);
#6059=CARTESIAN_POINT('',(0.E0,-1.252E1,0.E0));
#6060=DIRECTION('',(0.E0,-1.E0,0.E0));
#6061=DIRECTION('',(0.E0,0.E0,-1.E0));
#6062=AXIS2_PLACEMENT_3D('',#6059,#6060,#6061);
#6063=CYLINDRICAL_SURFACE('',#6062,4.25E0);
#6065=ORIENTED_EDGE('',*,*,#6064,.T.);
#6066=ORIENTED_EDGE('',*,*,#6052,.F.);
#6068=ORIENTED_EDGE('',*,*,#6067,.T.);
#6070=ORIENTED_EDGE('',*,*,#6069,.T.);
#6071=EDGE_LOOP('',(#6065,#6066,#6068,#6070));
#6072=FACE_OUTER_BOUND('',#6071,.F.);
#6073=ADVANCED_FACE('',(#6072),#6063,.T.);
#6074=CARTESIAN_POINT('',(0.E0,-1.252E1,0.E0));
#6075=DIRECTION('',(0.E0,-1.E0,0.E0));
#6076=DIRECTION('',(0.E0,0.E0,-1.E0));
#6077=AXIS2_PLACEMENT_3D('',#6074,#6075,#6076);
#6078=CYLINDRICAL_SURFACE('',#6077,4.25E0);
#6079=ORIENTED_EDGE('',*,*,#6067,.F.);
#6080=ORIENTED_EDGE('',*,*,#6054,.F.);
#6081=ORIENTED_EDGE('',*,*,#6064,.F.);
#6083=ORIENTED_EDGE('',*,*,#6082,.T.);
#6084=EDGE_LOOP('',(#6079,#6080,#6081,#6083));
#6085=FACE_OUTER_BOUND('',#6084,.F.);
#6086=ADVANCED_FACE('',(#6085),#6078,.T.);
#6087=CARTESIAN_POINT('',(2.29E0,-4.02E0,0.E0));
#6088=DIRECTION('',(-1.E0,0.E0,0.E0));
#6089=DIRECTION('',(0.E0,0.E0,1.E0));
#6090=AXIS2_PLACEMENT_3D('',#6087,#6088,#6089);
#6091=PLANE('',#6090);
#6093=ORIENTED_EDGE('',*,*,#6092,.T.);
#6095=ORIENTED_EDGE('',*,*,#6094,.T.);
#6097=ORIENTED_EDGE('',*,*,#6096,.T.);
#6099=ORIENTED_EDGE('',*,*,#6098,.T.);
#6101=ORIENTED_EDGE('',*,*,#6100,.T.);
#6103=ORIENTED_EDGE('',*,*,#6102,.T.);
#6105=ORIENTED_EDGE('',*,*,#6104,.T.);
#6107=ORIENTED_EDGE('',*,*,#6106,.T.);
#6109=ORIENTED_EDGE('',*,*,#6108,.T.);
#6111=ORIENTED_EDGE('',*,*,#6110,.T.);
#6113=ORIENTED_EDGE('',*,*,#6112,.T.);
#6115=ORIENTED_EDGE('',*,*,#6114,.T.);
#6117=ORIENTED_EDGE('',*,*,#6116,.F.);
#6119=ORIENTED_EDGE('',*,*,#6118,.T.);
#6121=ORIENTED_EDGE('',*,*,#6120,.T.);
#6123=ORIENTED_EDGE('',*,*,#6122,.T.);
#6125=ORIENTED_EDGE('',*,*,#6124,.T.);
#6127=ORIENTED_EDGE('',*,*,#6126,.T.);
#6128=EDGE_LOOP('',(#6093,#6095,#6097,#6099,#6101,#6103,#6105,#6107,#6109,#6111,
#6113,#6115,#6117,#6119,#6121,#6123,#6125,#6127));
#6129=FACE_OUTER_BOUND('',#6128,.F.);
#6130=ADVANCED_FACE('',(#6129),#6091,.T.);
#6131=CARTESIAN_POINT('',(2.79E0,-4.02E0,0.E0));
#6132=DIRECTION('',(-1.E0,0.E0,0.E0));
#6133=DIRECTION('',(0.E0,0.E0,1.E0));
#6134=AXIS2_PLACEMENT_3D('',#6131,#6132,#6133);
#6135=PLANE('',#6134);
#6137=ORIENTED_EDGE('',*,*,#6136,.T.);
#6139=ORIENTED_EDGE('',*,*,#6138,.F.);
#6141=ORIENTED_EDGE('',*,*,#6140,.F.);
#6143=ORIENTED_EDGE('',*,*,#6142,.F.);
#6145=ORIENTED_EDGE('',*,*,#6144,.T.);
#6147=ORIENTED_EDGE('',*,*,#6146,.F.);
#6149=ORIENTED_EDGE('',*,*,#6148,.F.);
#6151=ORIENTED_EDGE('',*,*,#6150,.F.);
#6153=ORIENTED_EDGE('',*,*,#6152,.T.);
#6155=ORIENTED_EDGE('',*,*,#6154,.T.);
#6157=ORIENTED_EDGE('',*,*,#6156,.T.);
#6159=ORIENTED_EDGE('',*,*,#6158,.T.);
#6161=ORIENTED_EDGE('',*,*,#6160,.T.);
#6163=ORIENTED_EDGE('',*,*,#6162,.T.);
#6165=ORIENTED_EDGE('',*,*,#6164,.T.);
#6167=ORIENTED_EDGE('',*,*,#6166,.T.);
#6169=ORIENTED_EDGE('',*,*,#6168,.T.);
#6171=ORIENTED_EDGE('',*,*,#6170,.T.);
#6172=EDGE_LOOP('',(#6137,#6139,#6141,#6143,#6145,#6147,#6149,#6151,#6153,#6155,
#6157,#6159,#6161,#6163,#6165,#6167,#6169,#6171));
#6173=FACE_OUTER_BOUND('',#6172,.F.);
#6174=ADVANCED_FACE('',(#6173),#6135,.F.);
#6175=CARTESIAN_POINT('',(2.79E0,-4.02E0,-1.75E0));
#6176=DIRECTION('',(0.E0,0.E0,-1.E0));
#6177=DIRECTION('',(0.E0,-1.E0,0.E0));
#6178=AXIS2_PLACEMENT_3D('',#6175,#6176,#6177);
#6179=PLANE('',#6178);
#6180=ORIENTED_EDGE('',*,*,#6138,.T.);
#6182=ORIENTED_EDGE('',*,*,#6181,.T.);
#6183=ORIENTED_EDGE('',*,*,#6122,.F.);
#6185=ORIENTED_EDGE('',*,*,#6184,.T.);
#6186=EDGE_LOOP('',(#6180,#6182,#6183,#6185));
#6187=FACE_OUTER_BOUND('',#6186,.F.);
#6188=ADVANCED_FACE('',(#6187),#6179,.T.);
#6189=CARTESIAN_POINT('',(2.79E0,-1.392E1,-1.75E0));
#6190=DIRECTION('',(0.E0,-1.E0,0.E0));
#6191=DIRECTION('',(0.E0,0.E0,1.E0));
#6192=AXIS2_PLACEMENT_3D('',#6189,#6190,#6191);
#6193=PLANE('',#6192);
#6194=ORIENTED_EDGE('',*,*,#6140,.T.);
#6195=ORIENTED_EDGE('',*,*,#6184,.F.);
#6196=ORIENTED_EDGE('',*,*,#6120,.F.);
#6198=ORIENTED_EDGE('',*,*,#6197,.T.);
#6199=EDGE_LOOP('',(#6194,#6195,#6196,#6198));
#6200=FACE_OUTER_BOUND('',#6199,.F.);
#6201=ADVANCED_FACE('',(#6200),#6193,.T.);
#6202=CARTESIAN_POINT('',(2.79E0,-1.392E1,-1.4E0));
#6203=DIRECTION('',(0.E0,0.E0,-1.E0));
#6204=DIRECTION('',(0.E0,-1.E0,0.E0));
#6205=AXIS2_PLACEMENT_3D('',#6202,#6203,#6204);
#6206=PLANE('',#6205);
#6208=ORIENTED_EDGE('',*,*,#6207,.T.);
#6209=ORIENTED_EDGE('',*,*,#6142,.T.);
#6210=ORIENTED_EDGE('',*,*,#6197,.F.);
#6211=ORIENTED_EDGE('',*,*,#6118,.F.);
#6212=EDGE_LOOP('',(#6208,#6209,#6210,#6211));
#6213=FACE_OUTER_BOUND('',#6212,.F.);
#6214=ADVANCED_FACE('',(#6213),#6206,.T.);
#6215=CARTESIAN_POINT('',(2.79E0,-2.192E1,-9.E-1));
#6216=DIRECTION('',(0.E0,-7.071067811865E-1,-7.071067811865E-1));
#6217=DIRECTION('',(-1.E0,0.E0,0.E0));
#6218=AXIS2_PLACEMENT_3D('',#6215,#6216,#6217);
#6219=PLANE('',#6218);
#6221=ORIENTED_EDGE('',*,*,#6220,.F.);
#6222=ORIENTED_EDGE('',*,*,#6207,.F.);
#6224=ORIENTED_EDGE('',*,*,#6223,.T.);
#6226=ORIENTED_EDGE('',*,*,#6225,.T.);
#6227=EDGE_LOOP('',(#6221,#6222,#6224,#6226));
#6228=FACE_OUTER_BOUND('',#6227,.F.);
#6229=ADVANCED_FACE('',(#6228),#6219,.T.);
#6230=CARTESIAN_POINT('',(2.701836509646E0,-2.192E1,-1.4E0));
#6231=DIRECTION('',(-9.848077530122E-1,1.736481776669E-1,0.E0));
#6232=DIRECTION('',(1.736481776669E-1,9.848077530122E-1,0.E0));
#6233=AXIS2_PLACEMENT_3D('',#6230,#6231,#6232);
#6234=PLANE('',#6233);
#6235=ORIENTED_EDGE('',*,*,#6220,.T.);
#6237=ORIENTED_EDGE('',*,*,#6236,.F.);
#6239=ORIENTED_EDGE('',*,*,#6238,.T.);
#6240=ORIENTED_EDGE('',*,*,#6144,.F.);
#6241=EDGE_LOOP('',(#6235,#6237,#6239,#6240));
#6242=FACE_OUTER_BOUND('',#6241,.F.);
#6243=ADVANCED_FACE('',(#6242),#6234,.F.);
#6244=CARTESIAN_POINT('',(2.79E0,-2.192E1,-1.4E0));
#6245=DIRECTION('',(0.E0,-1.E0,0.E0));
#6246=DIRECTION('',(0.E0,0.E0,1.E0));
#6247=AXIS2_PLACEMENT_3D('',#6244,#6245,#6246);
#6248=PLANE('',#6247);
#6249=ORIENTED_EDGE('',*,*,#6236,.T.);
#6250=ORIENTED_EDGE('',*,*,#6225,.F.);
#6252=ORIENTED_EDGE('',*,*,#6251,.F.);
#6254=ORIENTED_EDGE('',*,*,#6253,.T.);
#6255=EDGE_LOOP('',(#6249,#6250,#6252,#6254));
#6256=FACE_OUTER_BOUND('',#6255,.F.);
#6257=ADVANCED_FACE('',(#6256),#6248,.T.);
#6258=CARTESIAN_POINT('',(2.29E0,-2.142E1,-1.4E0));
#6259=DIRECTION('',(9.848077530122E-1,1.736481776669E-1,0.E0));
#6260=DIRECTION('',(1.736481776669E-1,-9.848077530122E-1,0.E0));
#6261=AXIS2_PLACEMENT_3D('',#6258,#6259,#6260);
#6262=PLANE('',#6261);
#6264=ORIENTED_EDGE('',*,*,#6263,.F.);
#6265=ORIENTED_EDGE('',*,*,#6251,.T.);
#6266=ORIENTED_EDGE('',*,*,#6223,.F.);
#6267=ORIENTED_EDGE('',*,*,#6116,.T.);
#6268=EDGE_LOOP('',(#6264,#6265,#6266,#6267));
#6269=FACE_OUTER_BOUND('',#6268,.F.);
#6270=ADVANCED_FACE('',(#6269),#6262,.F.);
#6271=CARTESIAN_POINT('',(2.79E0,-2.142E1,1.4E0));
#6272=DIRECTION('',(0.E0,-7.071067811865E-1,7.071067811865E-1));
#6273=DIRECTION('',(-1.E0,0.E0,0.E0));
#6274=AXIS2_PLACEMENT_3D('',#6271,#6272,#6273);
#6275=PLANE('',#6274);
#6276=ORIENTED_EDGE('',*,*,#6238,.F.);
#6277=ORIENTED_EDGE('',*,*,#6253,.F.);
#6278=ORIENTED_EDGE('',*,*,#6263,.T.);
#6280=ORIENTED_EDGE('',*,*,#6279,.T.);
#6281=EDGE_LOOP('',(#6276,#6277,#6278,#6280));
#6282=FACE_OUTER_BOUND('',#6281,.F.);
#6283=ADVANCED_FACE('',(#6282),#6275,.T.);
#6284=CARTESIAN_POINT('',(2.79E0,-2.192E1,1.4E0));
#6285=DIRECTION('',(0.E0,0.E0,1.E0));
#6286=DIRECTION('',(0.E0,1.E0,0.E0));
#6287=AXIS2_PLACEMENT_3D('',#6284,#6285,#6286);
#6288=PLANE('',#6287);
#6289=ORIENTED_EDGE('',*,*,#6279,.F.);
#6290=ORIENTED_EDGE('',*,*,#6114,.F.);
#6292=ORIENTED_EDGE('',*,*,#6291,.T.);
#6293=ORIENTED_EDGE('',*,*,#6146,.T.);
#6294=EDGE_LOOP('',(#6289,#6290,#6292,#6293));
#6295=FACE_OUTER_BOUND('',#6294,.F.);
#6296=ADVANCED_FACE('',(#6295),#6288,.T.);
#6297=CARTESIAN_POINT('',(2.79E0,-1.392E1,1.4E0));
#6298=DIRECTION('',(0.E0,-1.E0,0.E0));
#6299=DIRECTION('',(0.E0,0.E0,1.E0));
#6300=AXIS2_PLACEMENT_3D('',#6297,#6298,#6299);
#6301=PLANE('',#6300);
#6302=ORIENTED_EDGE('',*,*,#6148,.T.);
#6303=ORIENTED_EDGE('',*,*,#6291,.F.);
#6304=ORIENTED_EDGE('',*,*,#6112,.F.);
#6306=ORIENTED_EDGE('',*,*,#6305,.T.);
#6307=EDGE_LOOP('',(#6302,#6303,#6304,#6306));
#6308=FACE_OUTER_BOUND('',#6307,.F.);
#6309=ADVANCED_FACE('',(#6308),#6301,.T.);
#6310=CARTESIAN_POINT('',(2.79E0,-1.392E1,1.75E0));
#6311=DIRECTION('',(0.E0,0.E0,1.E0));
#6312=DIRECTION('',(0.E0,1.E0,0.E0));
#6313=AXIS2_PLACEMENT_3D('',#6310,#6311,#6312);
#6314=PLANE('',#6313);
#6315=ORIENTED_EDGE('',*,*,#6150,.T.);
#6316=ORIENTED_EDGE('',*,*,#6305,.F.);
#6317=ORIENTED_EDGE('',*,*,#6110,.F.);
#6319=ORIENTED_EDGE('',*,*,#6318,.T.);
#6320=EDGE_LOOP('',(#6315,#6316,#6317,#6319));
#6321=FACE_OUTER_BOUND('',#6320,.F.);
#6322=ADVANCED_FACE('',(#6321),#6314,.T.);
#6323=CARTESIAN_POINT('',(-2.79E0,-4.02E0,0.E0));
#6324=DIRECTION('',(-1.E0,0.E0,0.E0));
#6325=DIRECTION('',(0.E0,0.E0,1.E0));
#6326=AXIS2_PLACEMENT_3D('',#6323,#6324,#6325);
#6327=PLANE('',#6326);
#6329=ORIENTED_EDGE('',*,*,#6328,.T.);
#6331=ORIENTED_EDGE('',*,*,#6330,.T.);
#6333=ORIENTED_EDGE('',*,*,#6332,.T.);
#6335=ORIENTED_EDGE('',*,*,#6334,.T.);
#6337=ORIENTED_EDGE('',*,*,#6336,.T.);
#6339=ORIENTED_EDGE('',*,*,#6338,.T.);
#6341=ORIENTED_EDGE('',*,*,#6340,.T.);
#6343=ORIENTED_EDGE('',*,*,#6342,.T.);
#6345=ORIENTED_EDGE('',*,*,#6344,.T.);
#6347=ORIENTED_EDGE('',*,*,#6346,.T.);
#6349=ORIENTED_EDGE('',*,*,#6348,.T.);
#6351=ORIENTED_EDGE('',*,*,#6350,.T.);
#6353=ORIENTED_EDGE('',*,*,#6352,.F.);
#6355=ORIENTED_EDGE('',*,*,#6354,.T.);
#6357=ORIENTED_EDGE('',*,*,#6356,.T.);
#6359=ORIENTED_EDGE('',*,*,#6358,.T.);
#6361=ORIENTED_EDGE('',*,*,#6360,.T.);
#6363=ORIENTED_EDGE('',*,*,#6362,.T.);
#6364=EDGE_LOOP('',(#6329,#6331,#6333,#6335,#6337,#6339,#6341,#6343,#6345,#6347,
#6349,#6351,#6353,#6355,#6357,#6359,#6361,#6363));
#6365=FACE_OUTER_BOUND('',#6364,.F.);
#6366=ADVANCED_FACE('',(#6365),#6327,.T.);
#6367=CARTESIAN_POINT('',(-2.29E0,-1.392E1,1.75E0));
#6368=DIRECTION('',(0.E0,0.E0,1.E0));
#6369=DIRECTION('',(0.E0,1.E0,0.E0));
#6370=AXIS2_PLACEMENT_3D('',#6367,#6368,#6369);
#6371=PLANE('',#6370);
#6372=ORIENTED_EDGE('',*,*,#6022,.T.);
#6374=ORIENTED_EDGE('',*,*,#6373,.F.);
#6375=ORIENTED_EDGE('',*,*,#6346,.F.);
#6377=ORIENTED_EDGE('',*,*,#6376,.T.);
#6378=EDGE_LOOP('',(#6372,#6374,#6375,#6377));
#6379=FACE_OUTER_BOUND('',#6378,.F.);
#6380=ADVANCED_FACE('',(#6379),#6371,.T.);
#6381=CARTESIAN_POINT('',(-2.29E0,-1.392E1,1.4E0));
#6382=DIRECTION('',(0.E0,-1.E0,0.E0));
#6383=DIRECTION('',(0.E0,0.E0,1.E0));
#6384=AXIS2_PLACEMENT_3D('',#6381,#6382,#6383);
#6385=PLANE('',#6384);
#6386=ORIENTED_EDGE('',*,*,#6020,.T.);
#6388=ORIENTED_EDGE('',*,*,#6387,.F.);
#6389=ORIENTED_EDGE('',*,*,#6348,.F.);
#6390=ORIENTED_EDGE('',*,*,#6373,.T.);
#6391=EDGE_LOOP('',(#6386,#6388,#6389,#6390));
#6392=FACE_OUTER_BOUND('',#6391,.F.);
#6393=ADVANCED_FACE('',(#6392),#6385,.T.);
#6394=CARTESIAN_POINT('',(-2.29E0,-2.192E1,1.4E0));
#6395=DIRECTION('',(0.E0,0.E0,1.E0));
#6396=DIRECTION('',(0.E0,1.E0,0.E0));
#6397=AXIS2_PLACEMENT_3D('',#6394,#6395,#6396);
#6398=PLANE('',#6397);
#6400=ORIENTED_EDGE('',*,*,#6399,.F.);
#6401=ORIENTED_EDGE('',*,*,#6350,.F.);
#6402=ORIENTED_EDGE('',*,*,#6387,.T.);
#6403=ORIENTED_EDGE('',*,*,#6018,.T.);
#6404=EDGE_LOOP('',(#6400,#6401,#6402,#6403));
#6405=FACE_OUTER_BOUND('',#6404,.F.);
#6406=ADVANCED_FACE('',(#6405),#6398,.T.);
#6407=CARTESIAN_POINT('',(-2.29E0,-2.142E1,1.4E0));
#6408=DIRECTION('',(0.E0,-7.071067811865E-1,7.071067811865E-1));
#6409=DIRECTION('',(-1.E0,0.E0,0.E0));
#6410=AXIS2_PLACEMENT_3D('',#6407,#6408,#6409);
#6411=PLANE('',#6410);
#6413=ORIENTED_EDGE('',*,*,#6412,.F.);
#6415=ORIENTED_EDGE('',*,*,#6414,.F.);
#6417=ORIENTED_EDGE('',*,*,#6416,.T.);
#6418=ORIENTED_EDGE('',*,*,#6399,.T.);
#6419=EDGE_LOOP('',(#6413,#6415,#6417,#6418));
#6420=FACE_OUTER_BOUND('',#6419,.F.);
#6421=ADVANCED_FACE('',(#6420),#6411,.T.);
#6422=CARTESIAN_POINT('',(-2.378163490354E0,-2.192E1,-1.4E0));
#6423=DIRECTION('',(-9.848077530122E-1,1.736481776669E-1,0.E0));
#6424=DIRECTION('',(1.736481776669E-1,9.848077530122E-1,0.E0));
#6425=AXIS2_PLACEMENT_3D('',#6422,#6423,#6424);
#6426=PLANE('',#6425);
#6428=ORIENTED_EDGE('',*,*,#6427,.T.);
#6430=ORIENTED_EDGE('',*,*,#6429,.F.);
#6431=ORIENTED_EDGE('',*,*,#6412,.T.);
#6432=ORIENTED_EDGE('',*,*,#6016,.F.);
#6433=EDGE_LOOP('',(#6428,#6430,#6431,#6432));
#6434=FACE_OUTER_BOUND('',#6433,.F.);
#6435=ADVANCED_FACE('',(#6434),#6426,.F.);
#6436=CARTESIAN_POINT('',(-2.29E0,-2.192E1,-9.E-1));
#6437=DIRECTION('',(0.E0,-7.071067811865E-1,-7.071067811865E-1));
#6438=DIRECTION('',(-1.E0,0.E0,0.E0));
#6439=AXIS2_PLACEMENT_3D('',#6436,#6437,#6438);
#6440=PLANE('',#6439);
#6441=ORIENTED_EDGE('',*,*,#6427,.F.);
#6443=ORIENTED_EDGE('',*,*,#6442,.F.);
#6445=ORIENTED_EDGE('',*,*,#6444,.T.);
#6447=ORIENTED_EDGE('',*,*,#6446,.T.);
#6448=EDGE_LOOP('',(#6441,#6443,#6445,#6447));
#6449=FACE_OUTER_BOUND('',#6448,.F.);
#6450=ADVANCED_FACE('',(#6449),#6440,.T.);
#6451=CARTESIAN_POINT('',(-2.29E0,-1.392E1,-1.4E0));
#6452=DIRECTION('',(0.E0,0.E0,-1.E0));
#6453=DIRECTION('',(0.E0,-1.E0,0.E0));
#6454=AXIS2_PLACEMENT_3D('',#6451,#6452,#6453);
#6455=PLANE('',#6454);
#6456=ORIENTED_EDGE('',*,*,#6442,.T.);
#6457=ORIENTED_EDGE('',*,*,#6014,.T.);
#6459=ORIENTED_EDGE('',*,*,#6458,.F.);
#6460=ORIENTED_EDGE('',*,*,#6354,.F.);
#6461=EDGE_LOOP('',(#6456,#6457,#6459,#6460));
#6462=FACE_OUTER_BOUND('',#6461,.F.);
#6463=ADVANCED_FACE('',(#6462),#6455,.T.);
#6464=CARTESIAN_POINT('',(-2.29E0,-1.392E1,-1.75E0));
#6465=DIRECTION('',(0.E0,-1.E0,0.E0));
#6466=DIRECTION('',(0.E0,0.E0,1.E0));
#6467=AXIS2_PLACEMENT_3D('',#6464,#6465,#6466);
#6468=PLANE('',#6467);
#6469=ORIENTED_EDGE('',*,*,#6012,.T.);
#6471=ORIENTED_EDGE('',*,*,#6470,.F.);
#6472=ORIENTED_EDGE('',*,*,#6356,.F.);
#6473=ORIENTED_EDGE('',*,*,#6458,.T.);
#6474=EDGE_LOOP('',(#6469,#6471,#6472,#6473));
#6475=FACE_OUTER_BOUND('',#6474,.F.);
#6476=ADVANCED_FACE('',(#6475),#6468,.T.);
#6477=CARTESIAN_POINT('',(-2.29E0,-4.02E0,-1.75E0));
#6478=DIRECTION('',(0.E0,0.E0,-1.E0));
#6479=DIRECTION('',(0.E0,-1.E0,0.E0));
#6480=AXIS2_PLACEMENT_3D('',#6477,#6478,#6479);
#6481=PLANE('',#6480);
#6482=ORIENTED_EDGE('',*,*,#6010,.T.);
#6484=ORIENTED_EDGE('',*,*,#6483,.T.);
#6485=ORIENTED_EDGE('',*,*,#6358,.F.);
#6486=ORIENTED_EDGE('',*,*,#6470,.T.);
#6487=EDGE_LOOP('',(#6482,#6484,#6485,#6486));
#6488=FACE_OUTER_BOUND('',#6487,.F.);
#6489=ADVANCED_FACE('',(#6488),#6481,.T.);
#6490=CARTESIAN_POINT('',(-2.79E0,-2.142E1,-1.4E0));
#6491=DIRECTION('',(9.848077530122E-1,1.736481776669E-1,0.E0));
#6492=DIRECTION('',(1.736481776669E-1,-9.848077530122E-1,0.E0));
#6493=AXIS2_PLACEMENT_3D('',#6490,#6491,#6492);
#6494=PLANE('',#6493);
#6495=ORIENTED_EDGE('',*,*,#6416,.F.);
#6497=ORIENTED_EDGE('',*,*,#6496,.T.);
#6498=ORIENTED_EDGE('',*,*,#6444,.F.);
#6499=ORIENTED_EDGE('',*,*,#6352,.T.);
#6500=EDGE_LOOP('',(#6495,#6497,#6498,#6499));
#6501=FACE_OUTER_BOUND('',#6500,.F.);
#6502=ADVANCED_FACE('',(#6501),#6494,.F.);
#6503=CARTESIAN_POINT('',(-2.29E0,-2.192E1,-1.4E0));
#6504=DIRECTION('',(0.E0,-1.E0,0.E0));
#6505=DIRECTION('',(0.E0,0.E0,1.E0));
#6506=AXIS2_PLACEMENT_3D('',#6503,#6504,#6505);
#6507=PLANE('',#6506);
#6508=ORIENTED_EDGE('',*,*,#6429,.T.);
#6509=ORIENTED_EDGE('',*,*,#6446,.F.);
#6510=ORIENTED_EDGE('',*,*,#6496,.F.);
#6511=ORIENTED_EDGE('',*,*,#6414,.T.);
#6512=EDGE_LOOP('',(#6508,#6509,#6510,#6511));
#6513=FACE_OUTER_BOUND('',#6512,.F.);
#6514=ADVANCED_FACE('',(#6513),#6507,.T.);
#6515=OPEN_SHELL('',(#2241,#2255,#2270,#2283,#2293,#2305,#2320,#2333,#2348,
#2361,#2371,#2387,#2401,#2413,#2426,#2971,#2984,#2996,#3538,#4084,#4627,#5179,
#5728,#5745,#5769,#5791,#5802,#5816,#5826,#5842,#5856,#5873,#5891,#5909,#5927,
#5943,#5956,#5974,#5988,#6002,#6046,#6058,#6073,#6086,#6130,#6174,#6188,#6201,
#6214,#6229,#6243,#6257,#6270,#6283,#6296,#6309,#6322,#6366,#6380,#6393,#6406,
#6421,#6435,#6450,#6463,#6476,#6489,#6502,#6514));
#6516=SHELL_BASED_SURFACE_MODEL('',(#6515));
#6518=DIMENSIONAL_EXPONENTS(0.E0,0.E0,0.E0,0.E0,0.E0,0.E0,0.E0);
#6520=PLANE_ANGLE_MEASURE_WITH_UNIT(PLANE_ANGLE_MEASURE(1.745329251994E-2),
#6519);
#6521=(CONVERSION_BASED_UNIT('DEGREE',#6520)NAMED_UNIT(*)PLANE_ANGLE_UNIT());
#6523=UNCERTAINTY_MEASURE_WITH_UNIT(LENGTH_MEASURE(1.646879200061E-3),#6517,
'closure',
'Maximum model space distance between geometric entities at asserted connectivities');
#6524=(GEOMETRIC_REPRESENTATION_CONTEXT(3)GLOBAL_UNCERTAINTY_ASSIGNED_CONTEXT((
#6523))GLOBAL_UNIT_ASSIGNED_CONTEXT((#6517,#6521,#6522))REPRESENTATION_CONTEXT(
'ID1','3'));
#6526=APPLICATION_CONTEXT(
'CONFIGURATION CONTROLLED 3D DESIGNS OF MECHANICAL PARTS AND ASSEMBLIES');
#6527=APPLICATION_PROTOCOL_DEFINITION('international standard',
'config_control_design',1994,#6526);
#6528=DESIGN_CONTEXT('',#6526,'design');
#6529=MECHANICAL_CONTEXT('',#6526,'mechanical');
#6530=PRODUCT('AV0611A840','AV0611A840','NOT SPECIFIED',(#6529));
#6531=PRODUCT_DEFINITION_FORMATION_WITH_SPECIFIED_SOURCE('1','LAST_VERSION',
#6530,.MADE.);
#6535=PRODUCT_CATEGORY('part','');
#6536=PRODUCT_RELATED_PRODUCT_CATEGORY('detail','',(#6530));
#6537=PRODUCT_CATEGORY_RELATIONSHIP('','',#6535,#6536);
#6538=SECURITY_CLASSIFICATION_LEVEL('unclassified');
#6539=SECURITY_CLASSIFICATION('','',#6538);
#6540=CC_DESIGN_SECURITY_CLASSIFICATION(#6539,(#6531));
#6541=APPROVAL_STATUS('approved');
#6542=APPROVAL(#6541,'');
#6543=CC_DESIGN_APPROVAL(#6542,(#6539,#6531,#6532));
#6544=CALENDAR_DATE(114,22,12);
#6545=COORDINATED_UNIVERSAL_TIME_OFFSET(1,0,.AHEAD.);
#6546=LOCAL_TIME(13,35,2.6E1,#6545);
#6547=DATE_AND_TIME(#6544,#6546);
#6548=APPROVAL_DATE_TIME(#6547,#6542);
#6549=DATE_TIME_ROLE('creation_date');
#6550=CC_DESIGN_DATE_AND_TIME_ASSIGNMENT(#6547,#6549,(#6532));
#6551=DATE_TIME_ROLE('classification_date');
#6552=CC_DESIGN_DATE_AND_TIME_ASSIGNMENT(#6547,#6551,(#6539));
#6553=PERSON('UNSPECIFIED','UNSPECIFIED',$,$,$,$);
#6554=ORGANIZATION('UNSPECIFIED','UNSPECIFIED','UNSPECIFIED');
#6555=PERSON_AND_ORGANIZATION(#6553,#6554);
#6556=APPROVAL_ROLE('approver');
#6557=APPROVAL_PERSON_ORGANIZATION(#6555,#6542,#6556);
#6558=PERSON_AND_ORGANIZATION_ROLE('creator');
#6559=CC_DESIGN_PERSON_AND_ORGANIZATION_ASSIGNMENT(#6555,#6558,(#6531,#6532));
#6560=PERSON_AND_ORGANIZATION_ROLE('design_supplier');
#6561=CC_DESIGN_PERSON_AND_ORGANIZATION_ASSIGNMENT(#6555,#6560,(#6531));
#6562=PERSON_AND_ORGANIZATION_ROLE('classification_officer');
#6563=CC_DESIGN_PERSON_AND_ORGANIZATION_ASSIGNMENT(#6555,#6562,(#6539));
#6564=PERSON_AND_ORGANIZATION_ROLE('design_owner');
#6565=CC_DESIGN_PERSON_AND_ORGANIZATION_ASSIGNMENT(#6555,#6564,(#6530));
#9=CIRCLE('',#8,5.9E0);
#18=CIRCLE('',#17,5.9E0);
#27=CIRCLE('',#26,5.9E0);
#36=CIRCLE('',#35,5.9E0);
#41=CIRCLE('',#40,5.4E0);
#46=CIRCLE('',#45,5.4E0);
#51=CIRCLE('',#50,6.5E0);
#56=CIRCLE('',#55,6.5E0);
#65=CIRCLE('',#64,9.E0);
#74=CIRCLE('',#73,9.E0);
#87=CIRCLE('',#86,9.E0);
#92=CIRCLE('',#91,9.E0);
#97=CIRCLE('',#96,7.35E0);
#102=CIRCLE('',#101,7.35E0);
#111=CIRCLE('',#110,7.35E0);
#116=CIRCLE('',#115,7.35E0);
#125=CIRCLE('',#124,8.E0);
#130=CIRCLE('',#129,8.E0);
#156=B_SPLINE_CURVE_WITH_KNOTS('',3,(#131,#132,#133,#134,#135,#136,#137,#138,
#139,#140,#141,#142,#143,#144,#145,#146,#147,#148,#149,#150,#151,#152,#153,#154,
#155),.UNSPECIFIED.,.F.,.F.,(4,1,1,1,1,1,1,1,1,1,1,1,1,1,1,1,1,1,1,1,1,1,4),(
0.E0,4.642394512830E-2,9.284789025659E-2,1.392718353849E-1,1.856957805132E-1,
2.321197256415E-1,2.785436707698E-1,3.249676158981E-1,3.713915610264E-1,
4.178155061547E-1,4.642394512829E-1,5.106633964112E-1,5.570873415395E-1,
6.035112866678E-1,6.499352317961E-1,6.963591769244E-1,7.427831220527E-1,
7.892070671810E-1,8.356310123093E-1,8.820549574376E-1,9.284789025659E-1,
9.749028476942E-1,1.E0),.UNSPECIFIED.);
#185=B_SPLINE_CURVE_WITH_KNOTS('',3,(#161,#162,#163,#164,#165,#166,#167,#168,
#169,#170,#171,#172,#173,#174,#175,#176,#177,#178,#179,#180,#181,#182,#183,
#184),.UNSPECIFIED.,.F.,.F.,(4,1,1,1,1,1,1,1,1,1,1,1,1,1,1,1,1,1,1,1,1,4),(0.E0,
4.926846039253E-2,9.853692078508E-2,1.478053811776E-1,1.970738415702E-1,
2.463423019627E-1,2.956107623553E-1,3.448792227478E-1,3.941476831404E-1,
4.434161435329E-1,4.926846039255E-1,5.419530643180E-1,5.912215247106E-1,
6.404899851031E-1,6.897584454957E-1,7.390269058882E-1,7.882953662808E-1,
8.375638266733E-1,8.868322870659E-1,9.361007474584E-1,9.853692078510E-1,1.E0),
.UNSPECIFIED.);
#211=B_SPLINE_CURVE_WITH_KNOTS('',3,(#186,#187,#188,#189,#190,#191,#192,#193,
#194,#195,#196,#197,#198,#199,#200,#201,#202,#203,#204,#205,#206,#207,#208,#209,
#210),.UNSPECIFIED.,.F.,.F.,(4,1,1,1,1,1,1,1,1,1,1,1,1,1,1,1,1,1,1,1,1,1,4),(
0.E0,3.263786292065E-2,7.906180939703E-2,1.254857558734E-1,1.719097023498E-1,
2.183336488262E-1,2.647575953026E-1,3.111815417789E-1,3.576054882553E-1,
4.040294347317E-1,4.504533812081E-1,4.968773276845E-1,5.433012741609E-1,
5.897252206372E-1,6.361491671136E-1,6.825731135900E-1,7.289970600664E-1,
7.754210065428E-1,8.218449530191E-1,8.682688994955E-1,9.146928459719E-1,
9.611167924483E-1,1.E0),.UNSPECIFIED.);
#238=B_SPLINE_CURVE_WITH_KNOTS('',3,(#212,#213,#214,#215,#216,#217,#218,#219,
#220,#221,#222,#223,#224,#225,#226,#227,#228,#229,#230,#231,#232,#233,#234,#235,
#236,#237),.UNSPECIFIED.,.F.,.F.,(4,1,1,1,1,1,1,1,1,1,1,1,1,1,1,1,1,1,1,1,1,1,1,
4),(0.E0,7.540738512975E-3,5.396468245477E-2,1.003886263966E-1,
1.468125703384E-1,1.932365142802E-1,2.396604582219E-1,2.860844021637E-1,
3.325083461055E-1,3.789322900473E-1,4.253562339891E-1,4.717801779309E-1,
5.182041218727E-1,5.646280658145E-1,6.110520097563E-1,6.574759536981E-1,
7.038998976399E-1,7.503238415817E-1,7.967477855235E-1,8.431717294653E-1,
8.895956734071E-1,9.360196173489E-1,9.824435612907E-1,1.E0),.UNSPECIFIED.);
#264=B_SPLINE_CURVE_WITH_KNOTS('',3,(#239,#240,#241,#242,#243,#244,#245,#246,
#247,#248,#249,#250,#251,#252,#253,#254,#255,#256,#257,#258,#259,#260,#261,#262,
#263),.UNSPECIFIED.,.F.,.F.,(4,1,1,1,1,1,1,1,1,1,1,1,1,1,1,1,1,1,1,1,1,1,4),(
0.E0,2.886750645751E-2,7.529145236940E-2,1.217153982813E-1,1.681393441932E-1,
2.145632901051E-1,2.609872360170E-1,3.074111819289E-1,3.538351278407E-1,
4.002590737526E-1,4.466830196645E-1,4.931069655764E-1,5.395309114883E-1,
5.859548574002E-1,6.323788033121E-1,6.788027492240E-1,7.252266951359E-1,
7.716506410478E-1,8.180745869597E-1,8.644985328715E-1,9.109224787834E-1,
9.573464246953E-1,1.E0),.UNSPECIFIED.);
#307=B_SPLINE_CURVE_WITH_KNOTS('',3,(#281,#282,#283,#284,#285,#286,#287,#288,
#289,#290,#291,#292,#293,#294,#295,#296,#297,#298,#299,#300,#301,#302,#303,#304,
#305,#306),.UNSPECIFIED.,.F.,.F.,(4,1,1,1,1,1,1,1,1,1,1,1,1,1,1,1,1,1,1,1,1,1,1,
4),(0.E0,2.132679258660E-2,6.775073720143E-2,1.141746818163E-1,
1.605986264311E-1,2.070225710459E-1,2.534465156608E-1,2.998704602756E-1,
3.462944048904E-1,3.927183495053E-1,4.391422941201E-1,4.855662387349E-1,
5.319901833498E-1,5.784141279646E-1,6.248380725794E-1,6.712620171943E-1,
7.176859618091E-1,7.641099064239E-1,8.105338510388E-1,8.569577956536E-1,
9.033817402685E-1,9.498056848833E-1,9.962296294981E-1,1.E0),.UNSPECIFIED.);
#333=B_SPLINE_CURVE_WITH_KNOTS('',3,(#308,#309,#310,#311,#312,#313,#314,#315,
#316,#317,#318,#319,#320,#321,#322,#323,#324,#325,#326,#327,#328,#329,#330,#331,
#332),.UNSPECIFIED.,.F.,.F.,(4,1,1,1,1,1,1,1,1,1,1,1,1,1,1,1,1,1,1,1,1,1,4),(
0.E0,3.888320892155E-2,8.530715555047E-2,1.317311021794E-1,1.781550488083E-1,
2.245789954372E-1,2.710029420661E-1,3.174268886950E-1,3.638508353239E-1,
4.102747819529E-1,4.566987285818E-1,5.031226752107E-1,5.495466218396E-1,
5.959705684685E-1,6.423945150974E-1,6.888184617263E-1,7.352424083552E-1,
7.816663549842E-1,8.280903016131E-1,8.745142482420E-1,9.209381948709E-1,
9.673621414998E-1,1.E0),.UNSPECIFIED.);
#358=B_SPLINE_CURVE_WITH_KNOTS('',3,(#334,#335,#336,#337,#338,#339,#340,#341,
#342,#343,#344,#345,#346,#347,#348,#349,#350,#351,#352,#353,#354,#355,#356,
#357),.UNSPECIFIED.,.F.,.F.,(4,1,1,1,1,1,1,1,1,1,1,1,1,1,1,1,1,1,1,1,1,4),(0.E0,
1.463079688385E-2,6.389925703966E-2,1.131677171955E-1,1.624361773513E-1,
2.117046375071E-1,2.609730976629E-1,3.102415578187E-1,3.595100179745E-1,
4.087784781303E-1,4.580469382861E-1,5.073153984419E-1,5.565838585977E-1,
6.058523187535E-1,6.551207789093E-1,7.043892390652E-1,7.536576992210E-1,
8.029261593768E-1,8.521946195326E-1,9.014630796884E-1,9.507315398442E-1,1.E0),
.UNSPECIFIED.);
#494=B_SPLINE_CURVE_WITH_KNOTS('',3,(#363,#364,#365,#366,#367,#368,#369,#370,
#371,#372,#373,#374,#375,#376,#377,#378,#379,#380,#381,#382,#383,#384,#385,#386,
#387,#388,#389,#390,#391,#392,#393,#394,#395,#396,#397,#398,#399,#400,#401,#402,
#403,#404,#405,#406,#407,#408,#409,#410,#411,#412,#413,#414,#415,#416,#417,#418,
#419,#420,#421,#422,#423,#424,#425,#426,#427,#428,#429,#430,#431,#432,#433,#434,
#435,#436,#437,#438,#439,#440,#441,#442,#443,#444,#445,#446,#447,#448,#449,#450,
#451,#452,#453,#454,#455,#456,#457,#458,#459,#460,#461,#462,#463,#464,#465,#466,
#467,#468,#469,#470,#471,#472,#473,#474,#475,#476,#477,#478,#479,#480,#481,#482,
#483,#484,#485,#486,#487,#488,#489,#490,#491,#492,#493),.UNSPECIFIED.,.F.,.F.,
(4,1,1,1,1,1,1,1,1,1,1,1,1,1,1,1,1,1,1,1,1,1,1,1,1,1,1,1,1,1,1,1,1,1,1,1,1,1,1,
1,1,1,1,1,1,1,1,1,1,1,1,1,1,1,1,1,1,1,1,1,1,1,1,1,1,1,1,1,1,1,1,1,1,1,1,1,1,1,1,
1,1,1,1,1,1,1,1,1,1,1,1,1,1,1,1,1,1,1,1,1,1,1,1,1,1,1,1,1,1,1,1,1,1,1,1,1,1,1,1,
1,1,1,1,1,1,1,1,1,4),(0.E0,7.8125E-3,1.5625E-2,2.34375E-2,3.125E-2,3.90625E-2,
4.6875E-2,5.46875E-2,6.25E-2,7.03125E-2,7.8125E-2,8.59375E-2,9.375E-2,
1.015625E-1,1.09375E-1,1.171875E-1,1.25E-1,1.328125E-1,1.40625E-1,1.484375E-1,
1.5625E-1,1.640625E-1,1.71875E-1,1.796875E-1,1.875E-1,1.953125E-1,2.03125E-1,
2.109375E-1,2.1875E-1,2.265625E-1,2.34375E-1,2.421875E-1,2.5E-1,2.578125E-1,
2.65625E-1,2.734375E-1,2.8125E-1,2.890625E-1,2.96875E-1,3.046875E-1,3.125E-1,
3.203125E-1,3.28125E-1,3.359375E-1,3.4375E-1,3.515625E-1,3.59375E-1,3.671875E-1,
3.75E-1,3.828125E-1,3.90625E-1,3.984375E-1,4.0625E-1,4.140625E-1,4.21875E-1,
4.296875E-1,4.375E-1,4.453125E-1,4.53125E-1,4.609375E-1,4.6875E-1,4.765625E-1,
4.84375E-1,4.921875E-1,5.E-1,5.078125E-1,5.15625E-1,5.234375E-1,5.3125E-1,
5.390625E-1,5.46875E-1,5.546875E-1,5.625E-1,5.703125E-1,5.78125E-1,5.859375E-1,
5.9375E-1,6.015625E-1,6.09375E-1,6.171875E-1,6.25E-1,6.328125E-1,6.40625E-1,
6.484375E-1,6.5625E-1,6.640625E-1,6.71875E-1,6.796875E-1,6.875E-1,6.953125E-1,
7.03125E-1,7.109375E-1,7.1875E-1,7.265625E-1,7.34375E-1,7.421875E-1,7.5E-1,
7.578125E-1,7.65625E-1,7.734375E-1,7.8125E-1,7.890625E-1,7.96875E-1,8.046875E-1,
8.125E-1,8.203125E-1,8.28125E-1,8.359375E-1,8.4375E-1,8.515625E-1,8.59375E-1,
8.671875E-1,8.75E-1,8.828125E-1,8.90625E-1,8.984375E-1,9.0625E-1,9.140625E-1,
9.21875E-1,9.296875E-1,9.375E-1,9.453125E-1,9.53125E-1,9.609375E-1,9.6875E-1,
9.765625E-1,9.84375E-1,9.921875E-1,1.E0),.UNSPECIFIED.);
#500=B_SPLINE_CURVE_WITH_KNOTS('',3,(#495,#496,#497,#498,#499),.UNSPECIFIED.,
.F.,.F.,(4,1,4),(0.E0,1.959140419045E-1,1.E0),.UNSPECIFIED.);
#528=B_SPLINE_CURVE_WITH_KNOTS('',3,(#505,#506,#507,#508,#509,#510,#511,#512,
#513,#514,#515,#516,#517,#518,#519,#520,#521,#522,#523,#524,#525,#526,#527),
.UNSPECIFIED.,.F.,.F.,(4,1,1,1,1,1,1,1,1,1,1,1,1,1,1,1,1,1,1,1,4),(0.E0,
5.248431123701E-2,1.049686224740E-1,1.574529337110E-1,2.099372449480E-1,
2.624215561851E-1,3.149058674221E-1,3.673901786591E-1,4.198744898961E-1,
4.723588011331E-1,5.248431123701E-1,5.773274236071E-1,6.298117348441E-1,
6.822960460812E-1,7.347803573182E-1,7.872646685552E-1,8.397489797922E-1,
8.922332910292E-1,9.447176022662E-1,9.972019135032E-1,1.E0),.UNSPECIFIED.);
#554=B_SPLINE_CURVE_WITH_KNOTS('',3,(#529,#530,#531,#532,#533,#534,#535,#536,
#537,#538,#539,#540,#541,#542,#543,#544,#545,#546,#547,#548,#549,#550,#551,#552,
#553),.UNSPECIFIED.,.F.,.F.,(4,1,1,1,1,1,1,1,1,1,1,1,1,1,1,1,1,1,1,1,1,1,4),(
0.E0,4.394895457786E-2,9.037290050380E-2,1.367968464297E-1,1.832207923557E-1,
2.296447382816E-1,2.760686842076E-1,3.224926301335E-1,3.689165760595E-1,
4.153405219854E-1,4.617644679114E-1,5.081884138373E-1,5.546123597632E-1,
6.010363056892E-1,6.474602516151E-1,6.938841975411E-1,7.403081434670E-1,
7.867320893930E-1,8.331560353189E-1,8.795799812448E-1,9.260039271708E-1,
9.724278730967E-1,1.E0),.UNSPECIFIED.);
#581=B_SPLINE_CURVE_WITH_KNOTS('',3,(#555,#556,#557,#558,#559,#560,#561,#562,
#563,#564,#565,#566,#567,#568,#569,#570,#571,#572,#573,#574,#575,#576,#577,#578,
#579,#580),.UNSPECIFIED.,.F.,.F.,(4,1,1,1,1,1,1,1,1,1,1,1,1,1,1,1,1,1,1,1,1,1,1,
4),(0.E0,1.885181821250E-2,6.527576214332E-2,1.116997060741E-1,
1.581236500050E-1,2.045475939358E-1,2.509715378666E-1,2.973954817974E-1,
3.438194257283E-1,3.902433696591E-1,4.366673135899E-1,4.830912575207E-1,
5.295152014515E-1,5.759391453824E-1,6.223630893132E-1,6.687870332440E-1,
7.152109771748E-1,7.616349211056E-1,8.080588650365E-1,8.544828089673E-1,
9.009067528981E-1,9.473306968289E-1,9.937546407598E-1,1.E0),.UNSPECIFIED.);
#607=B_SPLINE_CURVE_WITH_KNOTS('',3,(#582,#583,#584,#585,#586,#587,#588,#589,
#590,#591,#592,#593,#594,#595,#596,#597,#598,#599,#600,#601,#602,#603,#604,#605,
#606),.UNSPECIFIED.,.F.,.F.,(4,1,1,1,1,1,1,1,1,1,1,1,1,1,1,1,1,1,1,1,1,1,4),(
0.E0,4.017858690061E-2,8.660253338500E-2,1.330264798694E-1,1.794504263538E-1,
2.258743728381E-1,2.722983193225E-1,3.187222658069E-1,3.651462122913E-1,
4.115701587757E-1,4.579941052601E-1,5.044180517445E-1,5.508419982288E-1,
5.972659447132E-1,6.436898911976E-1,6.901138376820E-1,7.365377841664E-1,
7.829617306508E-1,8.293856771351E-1,8.758096236195E-1,9.222335701039E-1,
9.686575165883E-1,1.E0),.UNSPECIFIED.);
#633=B_SPLINE_CURVE_WITH_KNOTS('',3,(#608,#609,#610,#611,#612,#613,#614,#615,
#616,#617,#618,#619,#620,#621,#622,#623,#624,#625,#626,#627,#628,#629,#630,#631,
#632),.UNSPECIFIED.,.F.,.F.,(4,1,1,1,1,1,1,1,1,1,1,1,1,1,1,1,1,1,1,1,1,1,4),(
0.E0,2.757212438480E-2,7.399607044360E-2,1.204200165024E-1,1.668439625612E-1,
2.132679086200E-1,2.596918546788E-1,3.061158007376E-1,3.525397467964E-1,
3.989636928552E-1,4.453876389139E-1,4.918115849727E-1,5.382355310315E-1,
5.846594770903E-1,6.310834231491E-1,6.775073692079E-1,7.239313152667E-1,
7.703552613255E-1,8.167792073843E-1,8.632031534431E-1,9.096270995019E-1,
9.560510455607E-1,1.E0),.UNSPECIFIED.);
#657=B_SPLINE_CURVE_WITH_KNOTS('',3,(#634,#635,#636,#637,#638,#639,#640,#641,
#642,#643,#644,#645,#646,#647,#648,#649,#650,#651,#652,#653,#654,#655,#656),
.UNSPECIFIED.,.F.,.F.,(4,1,1,1,1,1,1,1,1,1,1,1,1,1,1,1,1,1,1,1,4),(0.E0,
2.798086794738E-3,5.528239801607E-2,1.077667092374E-1,1.602510204587E-1,
2.127353316801E-1,2.652196429014E-1,3.177039541227E-1,3.701882653440E-1,
4.226725765654E-1,4.751568877867E-1,5.276411990080E-1,5.801255102294E-1,
6.326098214507E-1,6.850941326720E-1,7.375784438933E-1,7.900627551147E-1,
8.425470663360E-1,8.950313775573E-1,9.475156887787E-1,1.E0),.UNSPECIFIED.);
#793=B_SPLINE_CURVE_WITH_KNOTS('',3,(#662,#663,#664,#665,#666,#667,#668,#669,
#670,#671,#672,#673,#674,#675,#676,#677,#678,#679,#680,#681,#682,#683,#684,#685,
#686,#687,#688,#689,#690,#691,#692,#693,#694,#695,#696,#697,#698,#699,#700,#701,
#702,#703,#704,#705,#706,#707,#708,#709,#710,#711,#712,#713,#714,#715,#716,#717,
#718,#719,#720,#721,#722,#723,#724,#725,#726,#727,#728,#729,#730,#731,#732,#733,
#734,#735,#736,#737,#738,#739,#740,#741,#742,#743,#744,#745,#746,#747,#748,#749,
#750,#751,#752,#753,#754,#755,#756,#757,#758,#759,#760,#761,#762,#763,#764,#765,
#766,#767,#768,#769,#770,#771,#772,#773,#774,#775,#776,#777,#778,#779,#780,#781,
#782,#783,#784,#785,#786,#787,#788,#789,#790,#791,#792),.UNSPECIFIED.,.F.,.F.,
(4,1,1,1,1,1,1,1,1,1,1,1,1,1,1,1,1,1,1,1,1,1,1,1,1,1,1,1,1,1,1,1,1,1,1,1,1,1,1,
1,1,1,1,1,1,1,1,1,1,1,1,1,1,1,1,1,1,1,1,1,1,1,1,1,1,1,1,1,1,1,1,1,1,1,1,1,1,1,1,
1,1,1,1,1,1,1,1,1,1,1,1,1,1,1,1,1,1,1,1,1,1,1,1,1,1,1,1,1,1,1,1,1,1,1,1,1,1,1,1,
1,1,1,1,1,1,1,1,1,4),(0.E0,7.812499999101E-3,1.562499999820E-2,
2.343749999730E-2,3.124999999640E-2,3.906249999550E-2,4.687499999460E-2,
5.468749999369E-2,6.249999999279E-2,7.031249999189E-2,7.812499999099E-2,
8.593749999009E-2,9.374999998919E-2,1.015624999883E-1,1.093749999874E-1,
1.171874999865E-1,1.249999999856E-1,1.328124999847E-1,1.406249999838E-1,
1.484374999829E-1,1.562499999820E-1,1.640624999811E-1,1.718749999802E-1,
1.796874999793E-1,1.874999999784E-1,1.953124999775E-1,2.031249999766E-1,
2.109374999757E-1,2.187499999748E-1,2.265624999739E-1,2.343749999730E-1,
2.421874999721E-1,2.499999999712E-1,2.578124999703E-1,2.656249999694E-1,
2.734374999685E-1,2.812499999676E-1,2.890624999667E-1,2.968749999658E-1,
3.046874999649E-1,3.124999999640E-1,3.203124999631E-1,3.281249999622E-1,
3.359374999613E-1,3.437499999604E-1,3.515624999595E-1,3.593749999586E-1,
3.671874999577E-1,3.749999999568E-1,3.828124999558E-1,3.906249999549E-1,
3.984374999540E-1,4.062499999531E-1,4.140624999522E-1,4.218749999513E-1,
4.296874999504E-1,4.374999999495E-1,4.453124999486E-1,4.531249999477E-1,
4.609374999468E-1,4.687499999459E-1,4.765624999450E-1,4.843749999441E-1,
4.921874999432E-1,4.999999999423E-1,5.078124999414E-1,5.156249999405E-1,
5.234374999396E-1,5.312499999387E-1,5.390624999378E-1,5.468749999369E-1,
5.546874999360E-1,5.624999999351E-1,5.703124999342E-1,5.781249999333E-1,
5.859374999324E-1,5.937499999315E-1,6.015624999306E-1,6.093749999297E-1,
6.171874999288E-1,6.249999999279E-1,6.328124999270E-1,6.406249999261E-1,
6.484374999252E-1,6.562499999243E-1,6.640624999234E-1,6.718749999225E-1,
6.796874999216E-1,6.874999999207E-1,6.953124999198E-1,7.031249999189E-1,
7.109374999180E-1,7.187499999171E-1,7.265624999162E-1,7.343749999153E-1,
7.421874999144E-1,7.499999999135E-1,7.578124999126E-1,7.656249999117E-1,
7.734374999108E-1,7.812499999099E-1,7.890624999090E-1,7.968749999081E-1,
8.046874999072E-1,8.124999999063E-1,8.203124999054E-1,8.281249999045E-1,
8.359374999036E-1,8.437499999027E-1,8.515624999018E-1,8.593749999009E-1,
8.671874999E-1,8.749999998991E-1,8.828124998982E-1,8.906249998973E-1,
8.984374998964E-1,9.062499998955E-1,9.140624998946E-1,9.218749998937E-1,
9.296874998928E-1,9.374999998919E-1,9.453124998910E-1,9.531249998901E-1,
9.609374998892E-1,9.687499998883E-1,9.765624998874E-1,9.843749998865E-1,
9.921874998856E-1,1.E0),.UNSPECIFIED.);
#799=B_SPLINE_CURVE_WITH_KNOTS('',3,(#794,#795,#796,#797,#798),.UNSPECIFIED.,
.F.,.F.,(4,1,4),(0.E0,8.040860122793E-1,1.E0),.UNSPECIFIED.);
#806=B_SPLINE_CURVE_WITH_KNOTS('',3,(#800,#801,#802,#803,#804,#805),
.UNSPECIFIED.,.F.,.F.,(4,1,1,4),(0.E0,1.959137360574E-1,5.979568680286E-1,1.E0),
.UNSPECIFIED.);
#884=B_SPLINE_CURVE_WITH_KNOTS('',3,(#811,#812,#813,#814,#815,#816,#817,#818,
#819,#820,#821,#822,#823,#824,#825,#826,#827,#828,#829,#830,#831,#832,#833,#834,
#835,#836,#837,#838,#839,#840,#841,#842,#843,#844,#845,#846,#847,#848,#849,#850,
#851,#852,#853,#854,#855,#856,#857,#858,#859,#860,#861,#862,#863,#864,#865,#866,
#867,#868,#869,#870,#871,#872,#873,#874,#875,#876,#877,#878,#879,#880,#881,#882,
#883),.UNSPECIFIED.,.F.,.F.,(4,1,1,1,1,1,1,1,1,1,1,1,1,1,1,1,1,1,1,1,1,1,1,1,1,
1,1,1,1,1,1,1,1,1,1,1,1,1,1,1,1,1,1,1,1,1,1,1,1,1,1,1,1,1,1,1,1,1,1,1,1,1,1,1,1,
1,1,1,1,1,4),(0.E0,1.428571428571E-2,2.857142857143E-2,4.285714285714E-2,
5.714285714286E-2,7.142857142857E-2,8.571428571429E-2,1.E-1,1.142857142857E-1,
1.285714285714E-1,1.428571428571E-1,1.571428571429E-1,1.714285714286E-1,
1.857142857143E-1,2.E-1,2.142857142857E-1,2.285714285714E-1,2.428571428571E-1,
2.571428571429E-1,2.714285714286E-1,2.857142857143E-1,3.E-1,3.142857142857E-1,
3.285714285714E-1,3.428571428571E-1,3.571428571429E-1,3.714285714286E-1,
3.857142857143E-1,4.E-1,4.142857142857E-1,4.285714285714E-1,4.428571428571E-1,
4.571428571429E-1,4.714285714286E-1,4.857142857143E-1,5.E-1,5.142857142857E-1,
5.285714285714E-1,5.428571428571E-1,5.571428571429E-1,5.714285714286E-1,
5.857142857143E-1,6.E-1,6.142857142857E-1,6.285714285714E-1,6.428571428571E-1,
6.571428571429E-1,6.714285714286E-1,6.857142857143E-1,7.E-1,7.142857142857E-1,
7.285714285714E-1,7.428571428571E-1,7.571428571429E-1,7.714285714286E-1,
7.857142857143E-1,8.E-1,8.142857142857E-1,8.285714285714E-1,8.428571428571E-1,
8.571428571429E-1,8.714285714286E-1,8.857142857143E-1,9.E-1,9.142857142857E-1,
9.285714285714E-1,9.428571428571E-1,9.571428571429E-1,9.714285714286E-1,
9.857142857143E-1,1.E0),.UNSPECIFIED.);
#894=B_SPLINE_CURVE_WITH_KNOTS('',3,(#889,#890,#891,#892,#893),.UNSPECIFIED.,
.F.,.F.,(4,1,4),(0.E0,5.069772161250E-1,1.E0),.UNSPECIFIED.);
#921=B_SPLINE_CURVE_WITH_KNOTS('',3,(#895,#896,#897,#898,#899,#900,#901,#902,
#903,#904,#905,#906,#907,#908,#909,#910,#911,#912,#913,#914,#915,#916,#917,#918,
#919,#920),.UNSPECIFIED.,.F.,.F.,(4,1,1,1,1,1,1,1,1,1,1,1,1,1,1,1,1,1,1,1,1,1,1,
4),(0.E0,8.836115859448E-3,5.526005963248E-2,1.016840034055E-1,
1.481079471786E-1,1.945318909516E-1,2.409558347246E-1,2.873797784977E-1,
3.338037222707E-1,3.802276660437E-1,4.266516098168E-1,4.730755535898E-1,
5.194994973628E-1,5.659234411359E-1,6.123473849089E-1,6.587713286819E-1,
7.051952724550E-1,7.516192162280E-1,7.980431600010E-1,8.444671037741E-1,
8.908910475471E-1,9.373149913201E-1,9.837389350932E-1,1.E0),.UNSPECIFIED.);
#947=B_SPLINE_CURVE_WITH_KNOTS('',3,(#922,#923,#924,#925,#926,#927,#928,#929,
#930,#931,#932,#933,#934,#935,#936,#937,#938,#939,#940,#941,#942,#943,#944,#945,
#946),.UNSPECIFIED.,.F.,.F.,(4,1,1,1,1,1,1,1,1,1,1,1,1,1,1,1,1,1,1,1,1,1,4),(
0.E0,3.016288040376E-2,7.658682654324E-2,1.230107726827E-1,1.694347188222E-1,
2.158586649617E-1,2.622826111011E-1,3.087065572406E-1,3.551305033801E-1,
4.015544495196E-1,4.479783956590E-1,4.944023417985E-1,5.408262879380E-1,
5.872502340775E-1,6.336741802170E-1,6.800981263564E-1,7.265220724959E-1,
7.729460186354E-1,8.193699647749E-1,8.657939109143E-1,9.122178570538E-1,
9.586418031933E-1,1.E0),.UNSPECIFIED.);
#974=B_SPLINE_CURVE_WITH_KNOTS('',3,(#948,#949,#950,#951,#952,#953,#954,#955,
#956,#957,#958,#959,#960,#961,#962,#963,#964,#965,#966,#967,#968,#969,#970,#971,
#972,#973),.UNSPECIFIED.,.F.,.F.,(4,1,1,1,1,1,1,1,1,1,1,1,1,1,1,1,1,1,1,1,1,1,1,
4),(0.E0,5.065749138423E-3,5.148969349690E-2,9.791363785538E-2,
1.443375822139E-1,1.907615265723E-1,2.371854709308E-1,2.836094152893E-1,
3.300333596478E-1,3.764573040062E-1,4.228812483647E-1,4.693051927232E-1,
5.157291370817E-1,5.621530814402E-1,6.085770257986E-1,6.550009701571E-1,
7.014249145156E-1,7.478488588741E-1,7.942728032325E-1,8.406967475910E-1,
8.871206919495E-1,9.335446363080E-1,9.799685806664E-1,1.E0),.UNSPECIFIED.);
#1008=B_SPLINE_CURVE_WITH_KNOTS('',3,(#975,#976,#977,#978,#979,#980,#981,#982,
#983,#984,#985,#986,#987,#988,#989,#990,#991,#992,#993,#994,#995,#996,#997,#998,
#999,#1000,#1001,#1002,#1003,#1004,#1005,#1006,#1007),.UNSPECIFIED.,.F.,.F.,(4,
1,1,1,1,1,1,1,1,1,1,1,1,1,1,1,1,1,1,1,1,1,1,1,1,1,1,1,1,1,4),(0.E0,
3.333333333333E-2,6.666666666667E-2,1.E-1,1.333333333333E-1,1.666666666667E-1,
2.E-1,2.333333333333E-1,2.666666666667E-1,3.E-1,3.333333333333E-1,
3.666666666667E-1,4.E-1,4.333333333333E-1,4.666666666667E-1,5.E-1,
5.333333333333E-1,5.666666666667E-1,6.E-1,6.333333333333E-1,6.666666666667E-1,
7.E-1,7.333333333333E-1,7.666666666667E-1,8.E-1,8.333333333333E-1,
8.666666666667E-1,9.E-1,9.333333333333E-1,9.666666666667E-1,1.E0),
.UNSPECIFIED.);
#1144=B_SPLINE_CURVE_WITH_KNOTS('',3,(#1013,#1014,#1015,#1016,#1017,#1018,#1019,
#1020,#1021,#1022,#1023,#1024,#1025,#1026,#1027,#1028,#1029,#1030,#1031,#1032,
#1033,#1034,#1035,#1036,#1037,#1038,#1039,#1040,#1041,#1042,#1043,#1044,#1045,
#1046,#1047,#1048,#1049,#1050,#1051,#1052,#1053,#1054,#1055,#1056,#1057,#1058,
#1059,#1060,#1061,#1062,#1063,#1064,#1065,#1066,#1067,#1068,#1069,#1070,#1071,
#1072,#1073,#1074,#1075,#1076,#1077,#1078,#1079,#1080,#1081,#1082,#1083,#1084,
#1085,#1086,#1087,#1088,#1089,#1090,#1091,#1092,#1093,#1094,#1095,#1096,#1097,
#1098,#1099,#1100,#1101,#1102,#1103,#1104,#1105,#1106,#1107,#1108,#1109,#1110,
#1111,#1112,#1113,#1114,#1115,#1116,#1117,#1118,#1119,#1120,#1121,#1122,#1123,
#1124,#1125,#1126,#1127,#1128,#1129,#1130,#1131,#1132,#1133,#1134,#1135,#1136,
#1137,#1138,#1139,#1140,#1141,#1142,#1143),.UNSPECIFIED.,.F.,.F.,(4,1,1,1,1,1,1,
1,1,1,1,1,1,1,1,1,1,1,1,1,1,1,1,1,1,1,1,1,1,1,1,1,1,1,1,1,1,1,1,1,1,1,1,1,1,1,1,
1,1,1,1,1,1,1,1,1,1,1,1,1,1,1,1,1,1,1,1,1,1,1,1,1,1,1,1,1,1,1,1,1,1,1,1,1,1,1,1,
1,1,1,1,1,1,1,1,1,1,1,1,1,1,1,1,1,1,1,1,1,1,1,1,1,1,1,1,1,1,1,1,1,1,1,1,1,1,1,1,
1,4),(0.E0,7.8125E-3,1.5625E-2,2.34375E-2,3.125E-2,3.90625E-2,4.6875E-2,
5.46875E-2,6.25E-2,7.03125E-2,7.8125E-2,8.59375E-2,9.375E-2,1.015625E-1,
1.09375E-1,1.171875E-1,1.25E-1,1.328125E-1,1.40625E-1,1.484375E-1,1.5625E-1,
1.640625E-1,1.71875E-1,1.796875E-1,1.875E-1,1.953125E-1,2.03125E-1,2.109375E-1,
2.1875E-1,2.265625E-1,2.34375E-1,2.421875E-1,2.5E-1,2.578125E-1,2.65625E-1,
2.734375E-1,2.8125E-1,2.890625E-1,2.96875E-1,3.046875E-1,3.125E-1,3.203125E-1,
3.28125E-1,3.359375E-1,3.4375E-1,3.515625E-1,3.59375E-1,3.671875E-1,3.75E-1,
3.828125E-1,3.90625E-1,3.984375E-1,4.0625E-1,4.140625E-1,4.21875E-1,4.296875E-1,
4.375E-1,4.453125E-1,4.53125E-1,4.609375E-1,4.6875E-1,4.765625E-1,4.84375E-1,
4.921875E-1,5.E-1,5.078125E-1,5.15625E-1,5.234375E-1,5.3125E-1,5.390625E-1,
5.46875E-1,5.546875E-1,5.625E-1,5.703125E-1,5.78125E-1,5.859375E-1,5.9375E-1,
6.015625E-1,6.09375E-1,6.171875E-1,6.25E-1,6.328125E-1,6.40625E-1,6.484375E-1,
6.5625E-1,6.640625E-1,6.71875E-1,6.796875E-1,6.875E-1,6.953125E-1,7.03125E-1,
7.109375E-1,7.1875E-1,7.265625E-1,7.34375E-1,7.421875E-1,7.5E-1,7.578125E-1,
7.65625E-1,7.734375E-1,7.8125E-1,7.890625E-1,7.96875E-1,8.046875E-1,8.125E-1,
8.203125E-1,8.28125E-1,8.359375E-1,8.4375E-1,8.515625E-1,8.59375E-1,8.671875E-1,
8.75E-1,8.828125E-1,8.90625E-1,8.984375E-1,9.0625E-1,9.140625E-1,9.21875E-1,
9.296875E-1,9.375E-1,9.453125E-1,9.53125E-1,9.609375E-1,9.6875E-1,9.765625E-1,
9.84375E-1,9.921875E-1,1.E0),.UNSPECIFIED.);
#1151=B_SPLINE_CURVE_WITH_KNOTS('',3,(#1145,#1146,#1147,#1148,#1149,#1150),
.UNSPECIFIED.,.F.,.F.,(4,1,1,4),(0.E0,4.020431545246E-1,8.040863090494E-1,1.E0),
.UNSPECIFIED.);
#1174=B_SPLINE_CURVE_WITH_KNOTS('',3,(#1152,#1153,#1154,#1155,#1156,#1157,#1158,
#1159,#1160,#1161,#1162,#1163,#1164,#1165,#1166,#1167,#1168,#1169,#1170,#1171,
#1172,#1173),.UNSPECIFIED.,.F.,.F.,(4,1,1,1,1,1,1,1,1,1,1,1,1,1,1,1,1,1,1,4),(
0.E0,5.263157894737E-2,1.052631578947E-1,1.578947368421E-1,2.105263157895E-1,
2.631578947368E-1,3.157894736842E-1,3.684210526316E-1,4.210526315789E-1,
4.736842105263E-1,5.263157894737E-1,5.789473684211E-1,6.315789473684E-1,
6.842105263158E-1,7.368421052632E-1,7.894736842105E-1,8.421052631579E-1,
8.947368421053E-1,9.473684210526E-1,1.E0),.UNSPECIFIED.);
#1179=CIRCLE('',#1178,7.35E0);
#1184=CIRCLE('',#1183,7.35E0);
#1189=CIRCLE('',#1188,7.35E0);
#1194=CIRCLE('',#1193,7.2E0);
#1199=CIRCLE('',#1198,7.2E0);
#1204=CIRCLE('',#1203,7.2E0);
#1209=CIRCLE('',#1208,7.2E0);
#1214=CIRCLE('',#1213,3.E-1);
#1221=B_SPLINE_CURVE_WITH_KNOTS('',3,(#1215,#1216,#1217,#1218,#1219,#1220),
.UNSPECIFIED.,.F.,.F.,(4,1,1,4),(0.E0,3.333333333333E-1,6.666666666667E-1,1.E0),
.UNSPECIFIED.);
#1238=B_SPLINE_CURVE_WITH_KNOTS('',3,(#1222,#1223,#1224,#1225,#1226,#1227,#1228,
#1229,#1230,#1231,#1232,#1233,#1234,#1235,#1236,#1237),.UNSPECIFIED.,.F.,.F.,(4,
1,1,1,1,1,1,1,1,1,1,1,1,4),(0.E0,7.692307692308E-2,1.538461538462E-1,
2.307692307692E-1,3.076923076923E-1,3.846153846154E-1,4.615384615385E-1,
5.384615384615E-1,6.153846153846E-1,6.923076923077E-1,7.692307692308E-1,
8.461538461538E-1,9.230769230769E-1,1.E0),.UNSPECIFIED.);
#1264=B_SPLINE_CURVE_WITH_KNOTS('',3,(#1243,#1244,#1245,#1246,#1247,#1248,#1249,
#1250,#1251,#1252,#1253,#1254,#1255,#1256,#1257,#1258,#1259,#1260,#1261,#1262,
#1263),.UNSPECIFIED.,.F.,.F.,(4,1,1,1,1,1,1,1,1,1,1,1,1,1,1,1,1,1,4),(0.E0,
5.555555555556E-2,1.111111111111E-1,1.666666666667E-1,2.222222222222E-1,
2.777777777778E-1,3.333333333333E-1,3.888888888889E-1,4.444444444444E-1,5.E-1,
5.555555555556E-1,6.111111111111E-1,6.666666666667E-1,7.222222222222E-1,
7.777777777778E-1,8.333333333333E-1,8.888888888889E-1,9.444444444444E-1,1.E0),
.UNSPECIFIED.);
#1285=B_SPLINE_CURVE_WITH_KNOTS('',3,(#1269,#1270,#1271,#1272,#1273,#1274,#1275,
#1276,#1277,#1278,#1279,#1280,#1281,#1282,#1283,#1284),.UNSPECIFIED.,.F.,.F.,(4,
1,1,1,1,1,1,1,1,1,1,1,1,4),(0.E0,7.692307692308E-2,1.538461538462E-1,
2.307692307692E-1,3.076923076923E-1,3.846153846154E-1,4.615384615385E-1,
5.384615384615E-1,6.153846153846E-1,6.923076923077E-1,7.692307692308E-1,
8.461538461538E-1,9.230769230769E-1,1.E0),.UNSPECIFIED.);
#1298=B_SPLINE_CURVE_WITH_KNOTS('',3,(#1286,#1287,#1288,#1289,#1290,#1291,#1292,
#1293,#1294,#1295,#1296,#1297),.UNSPECIFIED.,.F.,.F.,(4,1,1,1,1,1,1,1,1,4),
(0.E0,1.111111111111E-1,2.222222222222E-1,3.333333333333E-1,4.444444444444E-1,
5.555555555556E-1,6.666666666667E-1,7.777777777778E-1,8.888888888889E-1,1.E0),
.UNSPECIFIED.);
#1303=CIRCLE('',#1302,7.2E0);
#1312=CIRCLE('',#1311,7.2E0);
#1317=CIRCLE('',#1316,7.2E0);
#1326=CIRCLE('',#1325,6.E0);
#1335=CIRCLE('',#1334,6.E0);
#1344=CIRCLE('',#1343,6.000000000001E0);
#1349=CIRCLE('',#1348,5.E0);
#1354=CIRCLE('',#1353,5.E0);
#1359=CIRCLE('',#1358,5.131595971336E0);
#1364=CIRCLE('',#1363,5.131595971336E0);
#1369=CIRCLE('',#1368,2.E-1);
#1382=CIRCLE('',#1381,5.E0);
#1387=CIRCLE('',#1386,5.E0);
#1392=CIRCLE('',#1391,5.131595971336E0);
#1397=CIRCLE('',#1396,5.131595971336E0);
#1402=CIRCLE('',#1401,2.E-1);
#1411=CIRCLE('',#1410,6.000000000001E0);
#1416=CIRCLE('',#1415,5.E0);
#1421=CIRCLE('',#1420,5.E0);
#1426=CIRCLE('',#1425,2.E-1);
#1431=CIRCLE('',#1430,4.8E0);
#1436=CIRCLE('',#1435,4.8E0);
#1441=CIRCLE('',#1440,4.8E0);
#1446=CIRCLE('',#1445,4.8E0);
#1451=CIRCLE('',#1450,5.E0);
#1456=CIRCLE('',#1455,5.E0);
#1461=CIRCLE('',#1460,2.E-1);
#1486=CIRCLE('',#1485,4.5E0);
#1491=CIRCLE('',#1490,1.5E-1);
#1496=CIRCLE('',#1495,1.5E0);
#1501=CIRCLE('',#1500,1.5E-1);
#1506=CIRCLE('',#1505,4.5E0);
#1519=CIRCLE('',#1518,4.25E0);
#1524=CIRCLE('',#1523,4.25E0);
#1537=CIRCLE('',#1536,4.25E0);
#1542=CIRCLE('',#1541,4.25E0);
#1551=CIRCLE('',#1550,4.5E0);
#1556=CIRCLE('',#1555,1.5E-1);
#1561=CIRCLE('',#1560,1.5E0);
#1566=CIRCLE('',#1565,1.5E-1);
#1571=CIRCLE('',#1570,4.5E0);
#1640=CIRCLE('',#1639,4.5E0);
#1645=CIRCLE('',#1644,1.5E-1);
#1650=CIRCLE('',#1649,1.5E0);
#1655=CIRCLE('',#1654,1.5E-1);
#1660=CIRCLE('',#1659,4.5E0);
#1769=CIRCLE('',#1768,4.5E0);
#1774=CIRCLE('',#1773,1.5E-1);
#1779=CIRCLE('',#1778,1.5E0);
#1784=CIRCLE('',#1783,1.5E-1);
#1789=CIRCLE('',#1788,4.5E0);
#2231=EDGE_CURVE('',#1931,#1928,#13,.T.);
#2233=EDGE_CURVE('',#1933,#1931,#36,.T.);
#2235=EDGE_CURVE('',#1933,#1929,#4,.T.);
#2237=EDGE_CURVE('',#1929,#1928,#9,.T.);
#2248=EDGE_CURVE('',#1928,#1929,#18,.T.);
#2251=EDGE_CURVE('',#1931,#1933,#27,.T.);
#2261=EDGE_CURVE('',#1935,#1931,#22,.T.);
#2264=EDGE_CURVE('',#1937,#1933,#31,.T.);
#2266=EDGE_CURVE('',#1935,#1937,#46,.T.);
#2277=EDGE_CURVE('',#1937,#1935,#41,.T.);
#2299=EDGE_CURVE('',#1940,#1941,#51,.T.);
#2301=EDGE_CURVE('',#1941,#1940,#56,.T.);
#2311=EDGE_CURVE('',#1941,#1943,#69,.T.);
#2314=EDGE_CURVE('',#1940,#1945,#60,.T.);
#2316=EDGE_CURVE('',#1945,#1943,#65,.T.);
#2327=EDGE_CURVE('',#1943,#1945,#74,.T.);
#2339=EDGE_CURVE('',#1943,#1947,#78,.T.);
#2341=EDGE_CURVE('',#1949,#1947,#87,.T.);
#2343=EDGE_CURVE('',#1945,#1949,#82,.T.);
#2357=EDGE_CURVE('',#1947,#1949,#92,.T.);
#2377=EDGE_CURVE('',#1953,#1952,#97,.T.);
#2379=EDGE_CURVE('',#1955,#1952,#120,.T.);
#2381=EDGE_CURVE('',#1955,#1957,#102,.T.);
#2383=EDGE_CURVE('',#1957,#1953,#106,.T.);
#2393=EDGE_CURVE('',#1952,#1953,#111,.T.);
#2396=EDGE_CURVE('',#1957,#1955,#116,.T.);
#2407=EDGE_CURVE('',#1960,#1961,#125,.T.);
#2409=EDGE_CURVE('',#1961,#1960,#130,.T.);
#2419=EDGE_CURVE('',#1960,#1962,#156,.T.);
#2421=EDGE_CURVE('',#1961,#1962,#280,.T.);
#2953=EDGE_CURVE('',#1964,#1960,#272,.T.);
#2955=EDGE_CURVE('',#1965,#1964,#494,.T.);
#2957=EDGE_CURVE('',#1965,#1967,#160,.T.);
#2959=EDGE_CURVE('',#1967,#1968,#185,.T.);
#2961=EDGE_CURVE('',#1968,#1969,#211,.T.);
#2963=EDGE_CURVE('',#1969,#1970,#238,.T.);
#2965=EDGE_CURVE('',#1970,#1971,#264,.T.);
#2967=EDGE_CURVE('',#1962,#1971,#307,.T.);
#2977=EDGE_CURVE('',#1971,#1960,#276,.T.);
#2979=EDGE_CURVE('',#1971,#1964,#268,.T.);
#3526=EDGE_CURVE('',#1972,#1967,#500,.T.);
#3528=EDGE_CURVE('',#1972,#1973,#333,.T.);
#3530=EDGE_CURVE('',#1973,#1974,#358,.T.);
#3532=EDGE_CURVE('',#1974,#1965,#362,.T.);
#4067=EDGE_CURVE('',#1975,#1965,#793,.T.);
#4069=EDGE_CURVE('',#1975,#1977,#504,.T.);
#4071=EDGE_CURVE('',#1977,#1978,#528,.T.);
#4073=EDGE_CURVE('',#1978,#1979,#554,.T.);
#4075=EDGE_CURVE('',#1979,#1980,#581,.T.);
#4077=EDGE_CURVE('',#1980,#1981,#607,.T.);
#4079=EDGE_CURVE('',#1974,#1981,#799,.T.);
#4614=EDGE_CURVE('',#1982,#1977,#806,.T.);
#4616=EDGE_CURVE('',#1982,#1983,#633,.T.);
#4618=EDGE_CURVE('',#1983,#1984,#657,.T.);
#4620=EDGE_CURVE('',#1984,#1975,#661,.T.);
#5156=EDGE_CURVE('',#1985,#1975,#1144,.T.);
#5158=EDGE_CURVE('',#1985,#1987,#810,.T.);
#5160=EDGE_CURVE('',#1988,#1987,#1285,.T.);
#5162=EDGE_CURVE('',#1988,#1989,#884,.T.);
#5164=EDGE_CURVE('',#1989,#1991,#888,.T.);
#5166=EDGE_CURVE('',#1991,#1992,#894,.T.);
#5168=EDGE_CURVE('',#1992,#1993,#921,.T.);
#5170=EDGE_CURVE('',#1993,#1994,#947,.T.);
#5172=EDGE_CURVE('',#1994,#1995,#974,.T.);
#5174=EDGE_CURVE('',#1984,#1995,#1151,.T.);
#5705=EDGE_CURVE('',#1991,#1997,#1008,.T.);
#5707=EDGE_CURVE('',#1996,#1997,#1174,.T.);
#5709=EDGE_CURVE('',#1998,#1996,#1238,.T.);
#5711=EDGE_CURVE('',#1999,#1998,#1221,.T.);
#5713=EDGE_CURVE('',#2000,#1999,#1298,.T.);
#5715=EDGE_CURVE('',#2001,#2000,#1264,.T.);
#5717=EDGE_CURVE('',#2001,#1985,#1012,.T.);
#5737=EDGE_CURVE('',#2005,#1989,#1189,.T.);
#5739=EDGE_CURVE('',#2003,#2005,#1184,.T.);
#5741=EDGE_CURVE('',#1996,#2003,#1179,.T.);
#5755=EDGE_CURVE('',#1988,#2007,#1194,.T.);
#5757=EDGE_CURVE('',#2007,#2009,#1199,.T.);
#5759=EDGE_CURVE('',#2009,#2011,#1204,.T.);
#5761=EDGE_CURVE('',#2011,#2013,#1209,.T.);
#5763=EDGE_CURVE('',#2013,#1999,#1214,.T.);
#5775=EDGE_CURVE('',#1987,#2001,#1242,.T.);
#5778=EDGE_CURVE('',#2013,#2000,#1303,.T.);
#5780=EDGE_CURVE('',#2013,#2015,#1268,.T.);
#5782=EDGE_CURVE('',#2017,#2015,#1317,.T.);
#5784=EDGE_CURVE('',#2009,#2017,#1307,.T.);
#5811=EDGE_CURVE('',#2015,#2017,#1312,.T.);
#5832=EDGE_CURVE('',#2023,#2020,#1330,.T.);
#5834=EDGE_CURVE('',#2025,#2023,#1411,.T.);
#5836=EDGE_CURVE('',#2025,#2021,#1321,.T.);
#5838=EDGE_CURVE('',#2021,#2020,#1326,.T.);
#5849=EDGE_CURVE('',#2020,#2021,#1335,.T.);
#5852=EDGE_CURVE('',#2023,#2025,#1344,.T.);
#5862=EDGE_CURVE('',#2029,#2031,#1364,.T.);
#5864=EDGE_CURVE('',#2028,#2029,#1359,.T.);
#5866=EDGE_CURVE('',#2028,#2023,#1339,.T.);
#5869=EDGE_CURVE('',#2031,#2025,#1406,.T.);
#5879=EDGE_CURVE('',#2037,#2034,#1349,.T.);
#5881=EDGE_CURVE('',#2034,#2035,#1354,.T.);
#5883=EDGE_CURVE('',#2028,#2035,#1402,.T.);
#5887=EDGE_CURVE('',#2031,#2037,#1369,.T.);
#5899=EDGE_CURVE('',#2039,#2037,#1377,.T.);
#5901=EDGE_CURVE('',#2041,#2039,#1456,.T.);
#5903=EDGE_CURVE('',#2043,#2041,#1451,.T.);
#5905=EDGE_CURVE('',#2043,#2035,#1373,.T.);
#5915=EDGE_CURVE('',#2045,#2037,#1387,.T.);
#5917=EDGE_CURVE('',#2035,#2045,#1382,.T.);
#5920=EDGE_CURVE('',#2047,#2043,#1421,.T.);
#5922=EDGE_CURVE('',#2039,#2047,#1416,.T.);
#5936=EDGE_CURVE('',#2031,#2049,#1392,.T.);
#5938=EDGE_CURVE('',#2049,#2028,#1397,.T.);
#5962=EDGE_CURVE('',#2052,#2053,#1436,.T.);
#5964=EDGE_CURVE('',#2055,#2052,#1431,.T.);
#5966=EDGE_CURVE('',#2039,#2055,#1461,.T.);
#5970=EDGE_CURVE('',#2043,#2053,#1426,.T.);
#5982=EDGE_CURVE('',#2053,#2057,#1441,.T.);
#5984=EDGE_CURVE('',#2057,#2055,#1446,.T.);
#6008=EDGE_CURVE('',#2068,#2095,#1465,.T.);
#6010=EDGE_CURVE('',#2097,#2095,#1901,.T.);
#6012=EDGE_CURVE('',#2099,#2097,#1893,.T.);
#6014=EDGE_CURVE('',#2101,#2099,#1889,.T.);
#6016=EDGE_CURVE('',#2101,#2103,#1469,.T.);
#6018=EDGE_CURVE('',#2105,#2103,#1857,.T.);
#6020=EDGE_CURVE('',#2107,#2105,#1845,.T.);
#6022=EDGE_CURVE('',#2091,#2107,#1837,.T.);
#6024=EDGE_CURVE('',#2091,#2081,#1473,.T.);
#6026=EDGE_CURVE('',#2081,#2080,#1477,.T.);
#6028=EDGE_CURVE('',#2080,#2109,#1481,.T.);
#6030=EDGE_CURVE('',#2109,#2111,#1486,.T.);
#6032=EDGE_CURVE('',#2111,#2113,#1491,.T.);
#6034=EDGE_CURVE('',#2113,#2115,#1496,.T.);
#6036=EDGE_CURVE('',#2115,#2117,#1501,.T.);
#6038=EDGE_CURVE('',#2117,#2119,#1506,.T.);
#6040=EDGE_CURVE('',#2119,#2069,#1510,.T.);
#6042=EDGE_CURVE('',#2069,#2068,#1514,.T.);
#6052=EDGE_CURVE('',#2124,#2125,#1519,.T.);
#6054=EDGE_CURVE('',#2125,#2124,#1524,.T.);
#6064=EDGE_CURVE('',#2127,#2125,#1528,.T.);
#6067=EDGE_CURVE('',#2124,#2129,#1532,.T.);
#6069=EDGE_CURVE('',#2129,#2127,#1537,.T.);
#6082=EDGE_CURVE('',#2127,#2129,#1542,.T.);
#6092=EDGE_CURVE('',#2065,#2135,#1546,.T.);
#6094=EDGE_CURVE('',#2135,#2137,#1551,.T.);
#6096=EDGE_CURVE('',#2137,#2139,#1556,.T.);
#6098=EDGE_CURVE('',#2139,#2141,#1561,.T.);
#6100=EDGE_CURVE('',#2141,#2143,#1566,.T.);
#6102=EDGE_CURVE('',#2143,#2145,#1571,.T.);
#6104=EDGE_CURVE('',#2145,#2084,#1575,.T.);
#6106=EDGE_CURVE('',#2084,#2085,#1579,.T.);
#6108=EDGE_CURVE('',#2085,#2147,#1583,.T.);
#6110=EDGE_CURVE('',#2147,#2149,#1587,.T.);
#6112=EDGE_CURVE('',#2149,#2151,#1591,.T.);
#6114=EDGE_CURVE('',#2151,#2153,#1595,.T.);
#6116=EDGE_CURVE('',#2155,#2153,#1728,.T.);
#6118=EDGE_CURVE('',#2155,#2157,#1599,.T.);
#6120=EDGE_CURVE('',#2157,#2159,#1603,.T.);
#6122=EDGE_CURVE('',#2159,#2131,#1607,.T.);
#6124=EDGE_CURVE('',#2131,#2064,#1611,.T.);
#6126=EDGE_CURVE('',#2064,#2065,#1615,.T.);
#6136=EDGE_CURVE('',#2060,#2133,#1619,.T.);
#6138=EDGE_CURVE('',#2163,#2133,#1672,.T.);
#6140=EDGE_CURVE('',#2165,#2163,#1684,.T.);
#6142=EDGE_CURVE('',#2167,#2165,#1696,.T.);
#6144=EDGE_CURVE('',#2167,#2169,#1623,.T.);
#6146=EDGE_CURVE('',#2171,#2169,#1744,.T.);
#6148=EDGE_CURVE('',#2173,#2171,#1748,.T.);
#6150=EDGE_CURVE('',#2175,#2173,#1756,.T.);
#6152=EDGE_CURVE('',#2175,#2089,#1627,.T.);
#6154=EDGE_CURVE('',#2089,#2088,#1631,.T.);
#6156=EDGE_CURVE('',#2088,#2177,#1635,.T.);
#6158=EDGE_CURVE('',#2177,#2179,#1640,.T.);
#6160=EDGE_CURVE('',#2179,#2181,#1645,.T.);
#6162=EDGE_CURVE('',#2181,#2183,#1650,.T.);
#6164=EDGE_CURVE('',#2183,#2185,#1655,.T.);
#6166=EDGE_CURVE('',#2185,#2161,#1660,.T.);
#6168=EDGE_CURVE('',#2161,#2061,#1664,.T.);
#6170=EDGE_CURVE('',#2061,#2060,#1668,.T.);
#6181=EDGE_CURVE('',#2133,#2131,#1676,.T.);
#6184=EDGE_CURVE('',#2159,#2163,#1680,.T.);
#6197=EDGE_CURVE('',#2157,#2165,#1688,.T.);
#6207=EDGE_CURVE('',#2155,#2167,#1692,.T.);
#6220=EDGE_CURVE('',#2167,#2187,#1708,.T.);
#6223=EDGE_CURVE('',#2155,#2189,#1700,.T.);
#6225=EDGE_CURVE('',#2189,#2187,#1704,.T.);
#6236=EDGE_CURVE('',#2191,#2187,#1716,.T.);
#6238=EDGE_CURVE('',#2191,#2169,#1712,.T.);
#6251=EDGE_CURVE('',#2193,#2189,#1724,.T.);
#6253=EDGE_CURVE('',#2193,#2191,#1720,.T.);
#6263=EDGE_CURVE('',#2193,#2153,#1732,.T.);
#6279=EDGE_CURVE('',#2153,#2169,#1736,.T.);
#6291=EDGE_CURVE('',#2151,#2171,#1740,.T.);
#6305=EDGE_CURVE('',#2149,#2173,#1752,.T.);
#6318=EDGE_CURVE('',#2147,#2175,#1760,.T.);
#6328=EDGE_CURVE('',#2073,#2195,#1764,.T.);
#6330=EDGE_CURVE('',#2195,#2197,#1769,.T.);
#6332=EDGE_CURVE('',#2197,#2199,#1774,.T.);
#6334=EDGE_CURVE('',#2199,#2201,#1779,.T.);
#6336=EDGE_CURVE('',#2201,#2203,#1784,.T.);
#6338=EDGE_CURVE('',#2203,#2205,#1789,.T.);
#6340=EDGE_CURVE('',#2205,#2076,#1793,.T.);
#6342=EDGE_CURVE('',#2076,#2077,#1797,.T.);
#6344=EDGE_CURVE('',#2077,#2093,#1801,.T.);
#6346=EDGE_CURVE('',#2093,#2207,#1805,.T.);
#6348=EDGE_CURVE('',#2207,#2209,#1809,.T.);
#6350=EDGE_CURVE('',#2209,#2211,#1813,.T.);
#6352=EDGE_CURVE('',#2213,#2211,#1917,.T.);
#6354=EDGE_CURVE('',#2213,#2215,#1817,.T.);
#6356=EDGE_CURVE('',#2215,#2217,#1821,.T.);
#6358=EDGE_CURVE('',#2217,#2121,#1825,.T.);
#6360=EDGE_CURVE('',#2121,#2072,#1829,.T.);
#6362=EDGE_CURVE('',#2072,#2073,#1833,.T.);
#6373=EDGE_CURVE('',#2207,#2107,#1849,.T.);
#6376=EDGE_CURVE('',#2093,#2091,#1841,.T.);
#6387=EDGE_CURVE('',#2209,#2105,#1853,.T.);
#6399=EDGE_CURVE('',#2211,#2103,#1865,.T.);
#6412=EDGE_CURVE('',#2219,#2103,#1873,.T.);
#6414=EDGE_CURVE('',#2221,#2219,#1925,.T.);
#6416=EDGE_CURVE('',#2221,#2211,#1861,.T.);
#6427=EDGE_CURVE('',#2101,#2223,#1869,.T.);
#6429=EDGE_CURVE('',#2219,#2223,#1921,.T.);
#6442=EDGE_CURVE('',#2213,#2101,#1885,.T.);
#6444=EDGE_CURVE('',#2213,#2225,#1877,.T.);
#6446=EDGE_CURVE('',#2225,#2223,#1881,.T.);
#6458=EDGE_CURVE('',#2215,#2099,#1897,.T.);
#6470=EDGE_CURVE('',#2217,#2097,#1909,.T.);
#6483=EDGE_CURVE('',#2095,#2121,#1905,.T.);
#6496=EDGE_CURVE('',#2221,#2225,#1913,.T.);
#6517=(LENGTH_UNIT()NAMED_UNIT(*)SI_UNIT(.MILLI.,.METRE.));
#6519=(NAMED_UNIT(*)PLANE_ANGLE_UNIT()SI_UNIT($,.RADIAN.));
#6522=(NAMED_UNIT(*)SI_UNIT($,.STERADIAN.)SOLID_ANGLE_UNIT());
#6525=MANIFOLD_SURFACE_SHAPE_REPRESENTATION('',(#6516),#6524);
#6532=PRODUCT_DEFINITION('design','',#6531,#6528);
#6533=PRODUCT_DEFINITION_SHAPE('','SHAPE FOR AV0611A840.',#6532);
#6534=SHAPE_DEFINITION_REPRESENTATION(#6533,#6525);
ENDSEC;
END-ISO-10303-21;
