ISO-10303-21;
HEADER;
FILE_DESCRIPTION((''),'2;1');
FILE_NAME('AV061001A200','2015-07-15T',('mdamaggio'),(''),
'CREO PARAMETRIC BY PTC INC, 2014440','CREO PARAMETRIC BY PTC INC, 2014440','');
FILE_SCHEMA(('CONFIG_CONTROL_DESIGN'));
ENDSEC;
DATA;
#1=CARTESIAN_POINT('',(0.E0,0.E0,0.E0));
#2=DIRECTION('',(0.E0,-1.E0,0.E0));
#3=DIRECTION('',(1.E0,0.E0,0.E0));
#4=AXIS2_PLACEMENT_3D('',#1,#2,#3);
#6=CARTESIAN_POINT('',(-1.768546081718E0,2.086602540378E0,7.134055281314E0));
#7=CARTESIAN_POINT('',(-1.415968560436E0,2.090553767126E0,7.228510811788E0));
#8=CARTESIAN_POINT('',(-6.959684360830E-1,2.098453532624E0,7.364985706164E0));
#9=CARTESIAN_POINT('',(4.047508163315E-1,2.110295009528E0,7.407295270377E0));
#10=CARTESIAN_POINT('',(1.501885951347E0,2.122128637161E0,7.285690089942E0));
#11=CARTESIAN_POINT('',(2.571106923816E0,2.133954105173E0,7.002290035112E0));
#12=CARTESIAN_POINT('',(3.588692907697E0,2.145771583377E0,6.562796609123E0));
#13=CARTESIAN_POINT('',(4.531996875623E0,2.157581065832E0,5.976370199765E0));
#14=CARTESIAN_POINT('',(5.379957471081E0,2.169382450108E0,5.255441102465E0));
#15=CARTESIAN_POINT('',(6.113586466838E0,2.181175845376E0,4.415416462583E0));
#16=CARTESIAN_POINT('',(6.716363551514E0,2.192961262831E0,3.474359110803E0));
#17=CARTESIAN_POINT('',(7.174610180692E0,2.204738768672E0,2.452583312415E0));
#18=CARTESIAN_POINT('',(7.477783549173E0,2.216508142531E0,1.372241768290E0));
#19=CARTESIAN_POINT('',(7.618732196679E0,2.228269506253E0,2.567851488749E-1));
#20=CARTESIAN_POINT('',(7.593833996867E0,2.240022901735E0,-8.695158040354E-1));
#21=CARTESIAN_POINT('',(7.403076971731E0,2.251768540597E0,-1.982121572823E0));
#22=CARTESIAN_POINT('',(7.050070519614E0,2.263506203477E0,-3.056700999522E0));
#23=CARTESIAN_POINT('',(6.541992509198E0,2.275235507895E0,-4.069695465552E0));
#24=CARTESIAN_POINT('',(5.889363435457E0,2.286957115939E0,-4.998934014008E0));
#25=CARTESIAN_POINT('',(5.105834480748E0,2.298671590477E0,-5.823992369023E0));
#26=CARTESIAN_POINT('',(4.207983311220E0,2.310378547682E0,-6.526591025393E0));
#27=CARTESIAN_POINT('',(3.214900224528E0,2.322077796583E0,-7.091094136092E0));
#28=CARTESIAN_POINT('',(2.147765475274E0,2.333769296977E0,-7.504839516285E0));
#29=CARTESIAN_POINT('',(1.029364357068E0,2.345453381690E0,-7.758405978150E0));
#30=CARTESIAN_POINT('',(-1.163255915E-1,2.357129928351E0,-7.845793170615E0));
#31=CARTESIAN_POINT('',(-1.264705459219E0,2.368798975797E0,-7.764578925075E0));
#32=CARTESIAN_POINT('',(-2.391063963593E0,2.380460491358E0,-7.515966478752E0));
#33=CARTESIAN_POINT('',(-3.471121869126E0,2.392114504993E0,-7.104761602681E0));
#34=CARTESIAN_POINT('',(-4.481544065856E0,2.403761006212E0,-6.539271948429E0));
#35=CARTESIAN_POINT('',(-5.400445295546E0,2.415399976665E0,-5.831132505641E0));
#36=CARTESIAN_POINT('',(-6.207863775997E0,2.427031457150E0,-4.995051558132E0));
#37=CARTESIAN_POINT('',(-6.886178239835E0,2.438655336546E0,-4.048515358225E0));
#38=CARTESIAN_POINT('',(-7.420519321696E0,2.450272027570E0,-3.011355279552E0));
#39=CARTESIAN_POINT('',(-7.672856460162E0,2.458011625920E0,-2.274062991258E0));
#40=CARTESIAN_POINT('',(-7.771627693628E0,2.461880215352E0,-1.897841666639E0));
#42=DIRECTION('',(-8.413033764296E-1,5.E-1,-2.054473869589E-1));
#43=VECTOR('',#42,7.505553499465E-1);
#44=CARTESIAN_POINT('',(-7.140182943521E0,2.086602540378E0,-1.743642031225E0));
#45=LINE('',#44,#43);
#46=CARTESIAN_POINT('',(-8.E0,1.05E1,0.E0));
#47=CARTESIAN_POINT('',(-8.E0,1.050754864797E1,3.794364318972E-1));
#48=CARTESIAN_POINT('',(-7.946209217569E0,1.052265511160E1,1.138832155405E0));
#49=CARTESIAN_POINT('',(-7.701562687398E0,1.054548671169E1,2.263055944393E0));
#50=CARTESIAN_POINT('',(-7.304169909001E0,1.056805701185E1,3.328812574150E0));
#51=CARTESIAN_POINT('',(-6.757533368916E0,1.059073203209E1,4.332158788089E0));
#52=CARTESIAN_POINT('',(-6.077655547639E0,1.061329851104E1,5.243779565921E0));
#53=CARTESIAN_POINT('',(-5.264614644937E0,1.063616502883E1,6.060378411674E0));
#54=CARTESIAN_POINT('',(-4.343451573294E0,1.065900501983E1,6.750558416625E0));
#55=CARTESIAN_POINT('',(-3.345157906476E0,1.068158400969E1,7.296446761536E0));
#56=CARTESIAN_POINT('',(-2.281090584658E0,1.070414040647E1,7.696131224646E0));
#57=CARTESIAN_POINT('',(-1.159343515396E0,1.072693471911E1,7.943522607580E0));
#58=CARTESIAN_POINT('',(-5.071628716267E-3,1.074989919395E1,8.027827204426E0));
#59=CARTESIAN_POINT('',(1.143950282227E0,1.077275867900E1,7.945155313836E0));
#60=CARTESIAN_POINT('',(2.252760796764E0,1.079527653521E1,7.704075996076E0));
#61=CARTESIAN_POINT('',(3.323138579258E0,1.081792890932E1,7.307401730566E0));
#62=CARTESIAN_POINT('',(4.341645606372E0,1.084094078215E1,6.752800040516E0));
#63=CARTESIAN_POINT('',(5.270372807902E0,1.086398327246E1,6.055567191558E0));
#64=CARTESIAN_POINT('',(6.081354669634E0,1.088681955236E1,5.239113702965E0));
#65=CARTESIAN_POINT('',(6.758535430578E0,1.090930392829E1,4.330647225776E0));
#66=CARTESIAN_POINT('',(7.307095527066E0,1.093207322715E1,3.322927245429E0));
#67=CARTESIAN_POINT('',(7.703282499386E0,1.095464873141E1,2.256437031025E0));
#68=CARTESIAN_POINT('',(7.946090358997E0,1.097735785194E1,1.138153053485E0));
#69=CARTESIAN_POINT('',(8.E0,1.099245262827E1,3.793722813148E-1));
#70=CARTESIAN_POINT('',(8.E0,1.1E1,-1.540593560170E-14));
#72=CARTESIAN_POINT('',(0.E0,1.1E1,0.E0));
#73=DIRECTION('',(0.E0,1.E0,0.E0));
#74=DIRECTION('',(-1.E0,0.E0,0.E0));
#75=AXIS2_PLACEMENT_3D('',#72,#73,#74);
#77=CARTESIAN_POINT('',(0.E0,1.2E1,0.E0));
#78=DIRECTION('',(0.E0,-1.E0,0.E0));
#79=DIRECTION('',(1.E0,0.E0,0.E0));
#80=AXIS2_PLACEMENT_3D('',#77,#78,#79);
#82=CARTESIAN_POINT('',(0.E0,1.23E1,0.E0));
#83=DIRECTION('',(0.E0,-1.E0,0.E0));
#84=DIRECTION('',(1.E0,0.E0,0.E0));
#85=AXIS2_PLACEMENT_3D('',#82,#83,#84);
#87=CARTESIAN_POINT('',(0.E0,1.35E1,0.E0));
#88=DIRECTION('',(0.E0,1.E0,0.E0));
#89=DIRECTION('',(1.E0,0.E0,0.E0));
#90=AXIS2_PLACEMENT_3D('',#87,#88,#89);
#92=CARTESIAN_POINT('',(0.E0,1.35E1,0.E0));
#93=DIRECTION('',(0.E0,-1.E0,0.E0));
#94=DIRECTION('',(1.E0,0.E0,0.E0));
#95=AXIS2_PLACEMENT_3D('',#92,#93,#94);
#97=DIRECTION('',(9.319868177585E-14,-1.E0,1.514478578857E-13));
#98=VECTOR('',#97,7.623956929660E-2);
#99=CARTESIAN_POINT('',(6.160124898951E0,1.624722328151E0,-3.727312869793E0));
#100=LINE('',#99,#98);
#101=CARTESIAN_POINT('',(-4.758550289304E0,1.826794919243E0,-5.403350733033E0));
#102=CARTESIAN_POINT('',(-4.512868828995E0,1.819558406056E0,-5.619714178937E0));
#103=CARTESIAN_POINT('',(-3.993669747103E0,1.805132103784E0,-6.017671250194E0));
#104=CARTESIAN_POINT('',(-3.141231078364E0,1.783500076955E0,-6.502820223923E0));
#105=CARTESIAN_POINT('',(-2.248473667934E0,1.762273713883E0,-6.862360553173E0));
#106=CARTESIAN_POINT('',(-1.313195558164E0,1.740983311702E0,-7.101149772236E0));
#107=CARTESIAN_POINT('',(-3.547195065213E-1,1.719701171132E0,
-7.212725507411E0));
#108=CARTESIAN_POINT('',(6.091606154211E-1,1.698438883089E0,-7.195755100985E0));
#109=CARTESIAN_POINT('',(1.563915932802E0,1.677137880448E0,-7.050134946208E0));
#110=CARTESIAN_POINT('',(2.489050850948E0,1.655874144447E0,-6.778875757444E0));
#111=CARTESIAN_POINT('',(3.372222224604E0,1.634558122265E0,-6.386281372235E0));
#112=CARTESIAN_POINT('',(4.208722365436E0,1.612872508443E0,-5.869436313791E0));
#113=CARTESIAN_POINT('',(4.966849099513E0,1.591186024007E0,-5.243119345353E0));
#114=CARTESIAN_POINT('',(5.627856154416E0,1.569668075676E0,-4.525487760396E0));
#115=CARTESIAN_POINT('',(5.995393349747E0,1.555516737824E0,-3.999564476606E0));
#116=CARTESIAN_POINT('',(6.160124898951E0,1.548482758855E0,-3.727312869793E0));
#118=DIRECTION('',(0.E0,1.E0,6.260079826346E-13));
#119=VECTOR('',#118,1.826794919243E0);
#120=CARTESIAN_POINT('',(-7.2E0,0.E0,0.E0));
#121=LINE('',#120,#119);
#122=CARTESIAN_POINT('',(0.E0,0.E0,0.E0));
#123=DIRECTION('',(0.E0,1.E0,0.E0));
#124=DIRECTION('',(1.E0,0.E0,0.E0));
#125=AXIS2_PLACEMENT_3D('',#122,#123,#124);
#127=DIRECTION('',(0.E0,1.E0,-4.175781343900E-13));
#128=VECTOR('',#127,1.826794919243E0);
#129=CARTESIAN_POINT('',(7.2E0,0.E0,0.E0));
#130=LINE('',#129,#128);
#131=CARTESIAN_POINT('',(6.160124898951E0,1.624722328151E0,-3.727312869793E0));
#132=CARTESIAN_POINT('',(5.987138737795E0,1.632108776136E0,-4.013206862526E0));
#133=CARTESIAN_POINT('',(5.599243300579E0,1.646970673483E0,-4.564390328875E0));
#134=CARTESIAN_POINT('',(4.897127529991E0,1.669575968778E0,-5.311449906291E0));
#135=CARTESIAN_POINT('',(4.089459613692E0,1.692357377936E0,-5.955905130943E0));
#136=CARTESIAN_POINT('',(3.199731842118E0,1.715090070909E0,-6.476834239530E0));
#137=CARTESIAN_POINT('',(2.261931756282E0,1.737429921614E0,-6.860204196306E0));
#138=CARTESIAN_POINT('',(1.281873361650E0,1.759727019916E0,-7.109134974642E0));
#139=CARTESIAN_POINT('',(2.714098294367E-1,1.782138713399E0,-7.218566166345E0));
#140=CARTESIAN_POINT('',(-7.374624367092E-1,1.804396257448E0,
-7.185836352829E0));
#141=CARTESIAN_POINT('',(-1.404425548893E0,1.819324429110E0,-7.069781030510E0));
#142=CARTESIAN_POINT('',(-1.732453304540E0,1.826794919243E0,-6.988462316389E0));
#144=DIRECTION('',(0.E0,-1.E0,1.397711348350E-14));
#145=VECTOR('',#144,1.E0);
#146=CARTESIAN_POINT('',(8.E0,1.1E1,-1.540593560170E-14));
#147=LINE('',#146,#145);
#148=CARTESIAN_POINT('',(0.E0,1.1E1,0.E0));
#149=DIRECTION('',(0.E0,1.E0,0.E0));
#150=DIRECTION('',(1.E0,0.E0,0.E0));
#151=AXIS2_PLACEMENT_3D('',#148,#149,#150);
#153=DIRECTION('',(0.E0,1.E0,0.E0));
#154=VECTOR('',#153,5.E-1);
#155=CARTESIAN_POINT('',(-8.E0,1.05E1,0.E0));
#156=LINE('',#155,#154);
#157=CARTESIAN_POINT('',(8.E0,1.E1,0.E0));
#158=CARTESIAN_POINT('',(8.E0,1.000750010115E1,-3.769962027662E-1));
#159=CARTESIAN_POINT('',(7.946746371375E0,1.002258373636E1,-1.135244315295E0));
#160=CARTESIAN_POINT('',(7.701614653453E0,1.004553848574E1,-2.265796621285E0));
#161=CARTESIAN_POINT('',(7.294009353133E0,1.006858553824E1,-3.353471342103E0));
#162=CARTESIAN_POINT('',(6.736880879617E0,1.009149358915E1,-4.364581926371E0));
#163=CARTESIAN_POINT('',(6.053571287989E0,1.011401692989E1,-5.270849989035E0));
#164=CARTESIAN_POINT('',(5.245927824004E0,1.013664992685E1,-6.076142156238E0));
#165=CARTESIAN_POINT('',(4.319259078959E0,1.015958432170E1,-6.766943650161E0));
#166=CARTESIAN_POINT('',(3.302162366200E0,1.018252630456E1,-7.316716467857E0));
#167=CARTESIAN_POINT('',(2.231978394386E0,1.020515334025E1,-7.710297146528E0));
#168=CARTESIAN_POINT('',(1.118898775673E0,1.022774272496E1,-7.948546489608E0));
#169=CARTESIAN_POINT('',(-2.009538467870E-2,1.025039839535E1,
-8.027376068611E0));
#170=CARTESIAN_POINT('',(-1.170703420367E0,1.027329345753E1,-7.941767223236E0));
#171=CARTESIAN_POINT('',(-2.289969317550E0,1.029604354245E1,-7.693444567364E0));
#172=CARTESIAN_POINT('',(-3.355073409297E0,1.031863053621E1,-7.292093784484E0));
#173=CARTESIAN_POINT('',(-4.354103611946E0,1.034124872992E1,-6.743468899153E0));
#174=CARTESIAN_POINT('',(-5.267954341646E0,1.036392779065E1,-6.057069318623E0));
#175=CARTESIAN_POINT('',(-6.079310417621E0,1.038675304208E1,-5.241792657500E0));
#176=CARTESIAN_POINT('',(-6.758619494524E0,1.040930525812E1,-4.330617321316E0));
#177=CARTESIAN_POINT('',(-7.306751924587E0,1.043205873569E1,-3.323571497188E0));
#178=CARTESIAN_POINT('',(-7.703124046283E0,1.045463577614E1,-2.257073834148E0));
#179=CARTESIAN_POINT('',(-7.946080305692E0,1.047735425591E1,-1.138333979407E0));
#180=CARTESIAN_POINT('',(-8.E0,1.049245155304E1,-3.794263283133E-1));
#181=CARTESIAN_POINT('',(-8.E0,1.05E1,0.E0));
#183=DIRECTION('',(0.E0,1.E0,0.E0));
#184=VECTOR('',#183,3.E-1);
#185=CARTESIAN_POINT('',(9.E0,1.2E1,0.E0));
#186=LINE('',#185,#184);
#187=DIRECTION('',(0.E0,1.E0,0.E0));
#188=VECTOR('',#187,3.E-1);
#189=CARTESIAN_POINT('',(-9.E0,1.2E1,0.E0));
#190=LINE('',#189,#188);
#191=CARTESIAN_POINT('',(0.E0,1.2E1,0.E0));
#192=DIRECTION('',(0.E0,1.E0,0.E0));
#193=DIRECTION('',(1.E0,0.E0,0.E0));
#194=AXIS2_PLACEMENT_3D('',#191,#192,#193);
#196=DIRECTION('',(-9.015230574683E-1,4.327310675848E-1,0.E0));
#197=VECTOR('',#196,2.773084924772E0);
#198=CARTESIAN_POINT('',(9.E0,1.23E1,0.E0));
#199=LINE('',#198,#197);
#200=DIRECTION('',(9.015230574683E-1,4.327310675848E-1,0.E0));
#201=VECTOR('',#200,2.773084924772E0);
#202=CARTESIAN_POINT('',(-9.E0,1.23E1,0.E0));
#203=LINE('',#202,#201);
#204=CARTESIAN_POINT('',(0.E0,1.23E1,0.E0));
#205=DIRECTION('',(0.E0,1.E0,0.E0));
#206=DIRECTION('',(1.E0,0.E0,0.E0));
#207=AXIS2_PLACEMENT_3D('',#204,#205,#206);
#209=CARTESIAN_POINT('',(0.E0,2.086602540378E0,0.E0));
#210=DIRECTION('',(0.E0,1.E0,0.E0));
#211=DIRECTION('',(-2.406185145194E-1,0.E0,9.706197661651E-1));
#212=AXIS2_PLACEMENT_3D('',#209,#210,#211);
#214=CARTESIAN_POINT('',(-1.732453304540E0,1.826794919243E0,-6.988462316389E0));
#215=CARTESIAN_POINT('',(-1.962129074743E0,1.832025545450E0,-6.931525249400E0));
#216=CARTESIAN_POINT('',(-2.393752630972E0,1.842143303723E0,-6.800707109177E0));
#217=CARTESIAN_POINT('',(-2.953847794092E0,1.856080970116E0,-6.575935740861E0));
#218=CARTESIAN_POINT('',(-3.441999265643E0,1.869013857695E0,-6.334255951480E0));
#219=CARTESIAN_POINT('',(-3.861819193611E0,1.880880450557E0,-6.088195053794E0));
#220=CARTESIAN_POINT('',(-4.221407309785E0,1.891724287759E0,-5.846089800643E0));
#221=CARTESIAN_POINT('',(-4.528704904779E0,1.901603292536E0,-5.613419783042E0));
#222=CARTESIAN_POINT('',(-4.791717148961E0,1.910602558709E0,-5.393124963830E0));
#223=CARTESIAN_POINT('',(-5.017955933392E0,1.918825654927E0,-5.186145286552E0));
#224=CARTESIAN_POINT('',(-5.214334888003E0,1.926392962834E0,-4.991848868132E0));
#225=CARTESIAN_POINT('',(-5.387098530600E0,1.933439116556E0,-4.808403418408E0));
#226=CARTESIAN_POINT('',(-5.541838237633E0,1.940111732279E0,-4.633062274066E0));
#227=CARTESIAN_POINT('',(-5.683502979179E0,1.946570046219E0,-4.462399536152E0));
#228=CARTESIAN_POINT('',(-5.816502311989E0,1.952986760001E0,-4.292422838274E0));
#229=CARTESIAN_POINT('',(-5.945062616697E0,1.959572220705E0,-4.118078784941E0));
#230=CARTESIAN_POINT('',(-6.067982750693E0,1.966291135665E0,-3.940898229472E0));
#231=CARTESIAN_POINT('',(-6.180135246538E0,1.972854019792E0,-3.769120303531E0));
#232=CARTESIAN_POINT('',(-6.277544568572E0,1.978950808951E0,-3.611199716783E0));
#233=CARTESIAN_POINT('',(-6.361150992127E0,1.984526836556E0,-3.468554033776E0));
#234=CARTESIAN_POINT('',(-6.433999146441E0,1.989688574251E0,-3.338350626719E0));
#235=CARTESIAN_POINT('',(-6.497349284697E0,1.994445469459E0,-3.220196591102E0));
#236=CARTESIAN_POINT('',(-6.552709194021E0,1.998837474063E0,-3.112878194342E0));
#237=CARTESIAN_POINT('',(-6.601334211012E0,2.002902491158E0,-3.015238713865E0));
#238=CARTESIAN_POINT('',(-6.644382847653E0,2.006685240333E0,-2.925978773619E0));
#239=CARTESIAN_POINT('',(-6.682881624127E0,2.010233430218E0,-2.843773669091E0));
#240=CARTESIAN_POINT('',(-6.717832906158E0,2.013606596627E0,-2.767091815571E0));
#241=CARTESIAN_POINT('',(-6.749912946750E0,2.016845836780E0,-2.694901606855E0));
#242=CARTESIAN_POINT('',(-6.779351570724E0,2.019953577045E0,-2.627066215531E0));
#243=CARTESIAN_POINT('',(-6.806322263254E0,2.022927494914E0,-2.563538175045E0));
#244=CARTESIAN_POINT('',(-6.831015576999E0,2.025768585913E0,-2.504187701310E0));
#245=CARTESIAN_POINT('',(-6.853601684759E0,2.028477200548E0,-2.448891397315E0));
#246=CARTESIAN_POINT('',(-6.874240888631E0,2.031054093017E0,-2.397510866856E0));
#247=CARTESIAN_POINT('',(-6.893081489751E0,2.033500142247E0,-2.349900471977E0));
#248=CARTESIAN_POINT('',(-6.910261119242E0,2.035816432656E0,-2.305907182044E0));
#249=CARTESIAN_POINT('',(-6.925907238671E0,2.038004248982E0,-2.265372328715E0));
#250=CARTESIAN_POINT('',(-6.940137955133E0,2.040065108373E0,-2.228132592426E0));
#251=CARTESIAN_POINT('',(-6.953062825653E0,2.042000798389E0,-2.194020936317E0));
#252=CARTESIAN_POINT('',(-6.964783714064E0,2.043813429319E0,-2.162867320496E0));
#253=CARTESIAN_POINT('',(-6.975395658466E0,2.045505497126E0,-2.134499278231E0));
#254=CARTESIAN_POINT('',(-6.984987736773E0,2.047079955316E0,-2.108742372107E0));
#255=CARTESIAN_POINT('',(-6.993643912081E0,2.048540292371E0,-2.085420562481E0));
#256=CARTESIAN_POINT('',(-7.001443843451E0,2.049890610857E0,-2.064356510819E0));
#257=CARTESIAN_POINT('',(-7.008463648890E0,2.051135703778E0,-2.045371835843E0));
#258=CARTESIAN_POINT('',(-7.014776609339E0,2.052281123580E0,-2.028287334427E0));
#259=CARTESIAN_POINT('',(-7.020453804436E0,2.053333239528E0,-2.012923174527E0));
#260=CARTESIAN_POINT('',(-7.025564673441E0,2.054299280052E0,-1.999099063891E0));
#261=CARTESIAN_POINT('',(-7.030177497775E0,2.055187358083E0,-1.986634396237E0));
#262=CARTESIAN_POINT('',(-7.034359805311E0,2.056006479377E0,-1.975348375599E0));
#263=CARTESIAN_POINT('',(-7.038178700448E0,2.056766536118E0,-1.965060120291E0));
#264=CARTESIAN_POINT('',(-7.041701128748E0,2.057478290684E0,-1.955588747139E0));
#265=CARTESIAN_POINT('',(-7.044994086441E0,2.058153356379E0,-1.946753444603E0));
#266=CARTESIAN_POINT('',(-7.048124798101E0,2.058804186299E0,-1.938373520762E0));
#267=CARTESIAN_POINT('',(-7.051160854824E0,2.059444076027E0,-1.930268504576E0));
#268=CARTESIAN_POINT('',(-7.054170438352E0,2.060087217482E0,-1.922258042659E0));
#269=CARTESIAN_POINT('',(-7.057222281063E0,2.060748736290E0,-1.914162599214E0));
#270=CARTESIAN_POINT('',(-7.060386816910E0,2.061445055910E0,-1.905801259313E0));
#271=CARTESIAN_POINT('',(-7.063733292819E0,2.062193430146E0,-1.897000528781E0));
#272=CARTESIAN_POINT('',(-7.067343210324E0,2.063015272184E0,-1.887560944079E0));
#273=CARTESIAN_POINT('',(-7.071279483732E0,2.063929747119E0,-1.877341314761E0));
#274=CARTESIAN_POINT('',(-7.075511879934E0,2.064935948110E0,-1.866452007067E0));
#275=CARTESIAN_POINT('',(-7.079968843160E0,2.066023198478E0,-1.855114167027E0));
#276=CARTESIAN_POINT('',(-7.084593390460E0,2.067183901042E0,-1.843514176550E0));
#277=CARTESIAN_POINT('',(-7.089326132769E0,2.068409450090E0,-1.831847062963E0));
#278=CARTESIAN_POINT('',(-7.094109252746E0,2.069690956373E0,-1.820304835287E0));
#279=CARTESIAN_POINT('',(-7.098886135214E0,2.071019037855E0,-1.809076195120E0));
#280=CARTESIAN_POINT('',(-7.103596683058E0,2.072382087575E0,-1.798353887360E0));
#281=CARTESIAN_POINT('',(-7.108189923586E0,2.073769877109E0,-1.788304541470E0));
#282=CARTESIAN_POINT('',(-7.112565676440E0,2.075154501711E0,-1.779184473574E0));
#283=CARTESIAN_POINT('',(-7.116721616591E0,2.076534919771E0,-1.771015607291E0));
#284=CARTESIAN_POINT('',(-7.120760124190E0,2.077949108623E0,-1.763645626999E0));
#285=CARTESIAN_POINT('',(-7.124590799314E0,2.079371678611E0,-1.757307064488E0));
#286=CARTESIAN_POINT('',(-7.128162445878E0,2.080784677787E0,-1.752109773202E0));
#287=CARTESIAN_POINT('',(-7.131641192934E0,2.082259485217E0,-1.747873499599E0));
#288=CARTESIAN_POINT('',(-7.135506787920E0,2.084039063536E0,-1.744360697746E0));
#289=CARTESIAN_POINT('',(-7.138618934987E0,2.085673025189E0,-1.743260098291E0));
#290=CARTESIAN_POINT('',(-7.140182943521E0,2.086602540378E0,-1.743642031225E0));
#292=CARTESIAN_POINT('',(0.E0,1.826794919243E0,0.E0));
#293=DIRECTION('',(0.E0,-1.E0,0.E0));
#294=DIRECTION('',(-2.406185145194E-1,0.E0,-9.706197661652E-1));
#295=AXIS2_PLACEMENT_3D('',#292,#293,#294);
#297=CARTESIAN_POINT('',(0.E0,1.826794919243E0,0.E0));
#298=DIRECTION('',(0.E0,-1.E0,0.E0));
#299=DIRECTION('',(1.E0,0.E0,0.E0));
#300=AXIS2_PLACEMENT_3D('',#297,#298,#299);
#302=CARTESIAN_POINT('',(-1.768546081718E0,2.086602540378E0,7.134055281314E0));
#303=CARTESIAN_POINT('',(-2.081476499554E0,2.083095626403E0,7.050221211261E0));
#304=CARTESIAN_POINT('',(-2.696936707695E0,2.075784212764E0,6.841507020142E0));
#305=CARTESIAN_POINT('',(-3.574844715851E0,2.063970388725E0,6.407986704805E0));
#306=CARTESIAN_POINT('',(-4.385401061047E0,2.051456843973E0,5.863952933020E0));
#307=CARTESIAN_POINT('',(-5.112223126641E0,2.038354131491E0,5.222692618082E0));
#308=CARTESIAN_POINT('',(-5.746024493809E0,2.024676100763E0,4.495285847369E0));
#309=CARTESIAN_POINT('',(-6.279922788499E0,2.010371379525E0,3.690305623879E0));
#310=CARTESIAN_POINT('',(-6.705146185880E0,1.995400852889E0,2.817989705485E0));
#311=CARTESIAN_POINT('',(-7.010235364047E0,1.979879265787E0,1.899475438934E0));
#312=CARTESIAN_POINT('',(-7.190421394753E0,1.963945672464E0,9.587769002439E-1));
#313=CARTESIAN_POINT('',(-7.227725850371E0,1.952907399879E0,3.193595328625E-1));
#314=CARTESIAN_POINT('',(-7.225263865459E0,1.947294115829E0,
2.702881900778E-11));
#316=CARTESIAN_POINT('',(-7.225263865459E0,1.947294115829E0,
2.702881900778E-11));
#317=CARTESIAN_POINT('',(-7.223029159801E0,1.942199024640E0,
-2.898777127042E-1));
#318=CARTESIAN_POINT('',(-7.183951766479E0,1.931816369678E0,
-8.712348809662E-1));
#319=CARTESIAN_POINT('',(-7.019322967897E0,1.915593400896E0,-1.738005807344E0));
#320=CARTESIAN_POINT('',(-6.750616159707E0,1.898838475307E0,-2.578895930614E0));
#321=CARTESIAN_POINT('',(-6.385846440411E0,1.881699098931E0,-3.373939316354E0));
#322=CARTESIAN_POINT('',(-5.932863513408E0,1.864149021987E0,-4.113654317410E0));
#323=CARTESIAN_POINT('',(-5.394343867404E0,1.845973178625E0,-4.795959797060E0));
#324=CARTESIAN_POINT('',(-4.978941393677E0,1.833286508519E0,-5.209259657829E0));
#325=CARTESIAN_POINT('',(-4.758550289304E0,1.826794919243E0,-5.403350733033E0));
#327=CARTESIAN_POINT('',(-7.5E0,1.826794919243E0,2.807511862880E-11));
#328=DIRECTION('',(-3.743349380469E-12,0.E0,-1.E0));
#329=DIRECTION('',(9.157871151351E-1,4.016639886180E-1,-3.428111130083E-12));
#330=AXIS2_PLACEMENT_3D('',#327,#328,#329);
#332=CARTESIAN_POINT('',(0.E0,1.826794919243E0,0.E0));
#333=DIRECTION('',(0.E0,-1.E0,0.E0));
#334=DIRECTION('',(-1.E0,0.E0,0.E0));
#335=AXIS2_PLACEMENT_3D('',#332,#333,#334);
#337=CARTESIAN_POINT('',(0.E0,1.2E1,0.E0));
#338=DIRECTION('',(0.E0,1.E0,0.E0));
#339=DIRECTION('',(0.E0,0.E0,-1.E0));
#340=AXIS2_PLACEMENT_3D('',#337,#338,#339);
#342=CARTESIAN_POINT('',(0.E0,1.1E1,0.E0));
#343=DIRECTION('',(0.E0,-1.E0,0.E0));
#344=DIRECTION('',(0.E0,0.E0,1.E0));
#345=AXIS2_PLACEMENT_3D('',#342,#343,#344);
#347=DIRECTION('',(0.E0,-1.E0,0.E0));
#348=VECTOR('',#347,1.E0);
#349=CARTESIAN_POINT('',(0.E0,1.2E1,-7.35E0));
#350=LINE('',#349,#348);
#351=CARTESIAN_POINT('',(0.E0,1.2E1,0.E0));
#352=DIRECTION('',(0.E0,1.E0,0.E0));
#353=DIRECTION('',(0.E0,0.E0,1.E0));
#354=AXIS2_PLACEMENT_3D('',#351,#352,#353);
#356=CARTESIAN_POINT('',(0.E0,1.1E1,0.E0));
#357=DIRECTION('',(0.E0,-1.E0,0.E0));
#358=DIRECTION('',(0.E0,0.E0,-1.E0));
#359=AXIS2_PLACEMENT_3D('',#356,#357,#358);
#361=DIRECTION('',(0.E0,-1.E0,0.E0));
#362=VECTOR('',#361,1.E0);
#363=CARTESIAN_POINT('',(0.E0,1.2E1,7.35E0));
#364=LINE('',#363,#362);
#365=DIRECTION('',(8.660254037844E-1,-5.E-1,0.E0));
#366=VECTOR('',#365,1.E0);
#367=CARTESIAN_POINT('',(7.133974596216E0,1.05E1,0.E0));
#368=LINE('',#367,#366);
#369=DIRECTION('',(-8.660254037844E-1,-5.E-1,1.540594560170E-14));
#370=VECTOR('',#369,1.E0);
#371=CARTESIAN_POINT('',(8.E0,1.1E1,-1.540593560170E-14));
#372=LINE('',#371,#370);
#373=CARTESIAN_POINT('',(-8.E0,8.5E0,0.E0));
#374=CARTESIAN_POINT('',(-8.E0,8.492542005699E0,-3.748796816976E-1));
#375=CARTESIAN_POINT('',(-7.947123193529E0,8.477623789650E0,-1.124736729964E0));
#376=CARTESIAN_POINT('',(-7.711777224271E0,8.455292867554E0,-2.225087980504E0));
#377=CARTESIAN_POINT('',(-7.322856277016E0,8.432849094480E0,-3.287092254701E0));
#378=CARTESIAN_POINT('',(-6.785880351340E0,8.410332681799E0,-4.286559219463E0));
#379=CARTESIAN_POINT('',(-6.121212584147E0,8.388046395613E0,-5.191805332592E0));
#380=CARTESIAN_POINT('',(-5.328233149226E0,8.365534722287E0,-6.002874872908E0));
#381=CARTESIAN_POINT('',(-4.437609244024E0,8.343235744492E0,-6.688076729958E0));
#382=CARTESIAN_POINT('',(-3.452538332542E0,8.320768066533E0,-7.246005411709E0));
#383=CARTESIAN_POINT('',(-2.405584197029E0,8.298445450650E0,-7.657328888608E0));
#384=CARTESIAN_POINT('',(-1.305396818799E0,8.275998782791E0,-7.919960220323E0));
#385=CARTESIAN_POINT('',(-1.741259125081E-1,8.253452827538E0,
-8.024626639389E0));
#386=CARTESIAN_POINT('',(9.491951499435E-1,8.231134493181E0,-7.969988203622E0));
#387=CARTESIAN_POINT('',(2.057369153342E0,8.208743317745E0,-7.758166261936E0));
#388=CARTESIAN_POINT('',(3.122240664220E0,8.186412354138E0,-7.394410809307E0));
#389=CARTESIAN_POINT('',(4.137148311493E0,8.163821156189E0,-6.878753379390E0));
#390=CARTESIAN_POINT('',(5.067495235065E0,8.141253316646E0,-6.224686470634E0));
#391=CARTESIAN_POINT('',(5.888309851071E0,8.118909136246E0,-5.454024606526E0));
#392=CARTESIAN_POINT('',(6.591766525984E0,8.096634720807E0,-4.579450566566E0));
#393=CARTESIAN_POINT('',(7.172458335075E0,8.074110094413E0,-3.604182390682E0));
#394=CARTESIAN_POINT('',(7.612050765250E0,8.051401088390E0,-2.547606341514E0));
#395=CARTESIAN_POINT('',(7.800710172573E0,8.036373156309E0,-1.814182187047E0));
#396=CARTESIAN_POINT('',(7.868765644219E0,8.028867514501E0,-1.443096405774E0));
#398=CARTESIAN_POINT('',(8.E0,9.E0,-1.359728335436E-14));
#399=CARTESIAN_POINT('',(8.E0,8.992450250698E0,3.794917910830E-1));
#400=CARTESIAN_POINT('',(7.946049381233E0,8.977350514769E0,1.138519672362E0));
#401=CARTESIAN_POINT('',(7.703121513027E0,8.954635292879E0,2.257098477741E0));
#402=CARTESIAN_POINT('',(7.306577698826E0,8.932049171043E0,3.324022341234E0));
#403=CARTESIAN_POINT('',(6.758135711095E0,8.909287173741E0,4.331389109024E0));
#404=CARTESIAN_POINT('',(6.078829307967E0,8.886739396562E0,5.242298903287E0));
#405=CARTESIAN_POINT('',(5.269324560011E0,8.863968844736E0,6.055475670826E0));
#406=CARTESIAN_POINT('',(4.360844051005E0,8.841407784986E0,6.739120101163E0));
#407=CARTESIAN_POINT('',(3.356711775063E0,8.818663189538E0,7.291712862556E0));
#408=CARTESIAN_POINT('',(2.290072537333E0,8.796047283730E0,7.693150059778E0));
#409=CARTESIAN_POINT('',(1.178215484628E0,8.773444340230E0,7.940480345534E0));
#410=CARTESIAN_POINT('',(2.206806335981E-2,8.750437137238E0,8.028076508957E0));
#411=CARTESIAN_POINT('',(-1.136350641399E0,8.727396109268E0,7.947037205149E0));
#412=CARTESIAN_POINT('',(-2.261729441031E0,8.704540247174E0,7.701801852622E0));
#413=CARTESIAN_POINT('',(-3.324384434007E0,8.682037199339E0,7.305969395665E0));
#414=CARTESIAN_POINT('',(-4.329241144293E0,8.659344172010E0,6.760098991476E0));
#415=CARTESIAN_POINT('',(-5.256007292880E0,8.636393929555E0,6.068074340854E0));
#416=CARTESIAN_POINT('',(-6.071997027266E0,8.613473760324E0,5.250555184586E0));
#417=CARTESIAN_POINT('',(-6.753433024722E0,8.590877347718E0,4.338249771066E0));
#418=CARTESIAN_POINT('',(-7.299200448991E0,8.568296211972E0,3.339796771650E0));
#419=CARTESIAN_POINT('',(-7.700538961370E0,8.545582070363E0,2.267781604140E0));
#420=CARTESIAN_POINT('',(-7.946115954265E0,8.522680550015E0,1.140102584845E0));
#421=CARTESIAN_POINT('',(-8.E0,8.507551697941E0,3.795897403739E-1));
#422=CARTESIAN_POINT('',(-8.E0,8.5E0,0.E0));
#424=CARTESIAN_POINT('',(-8.E0,9.5E0,0.E0));
#425=CARTESIAN_POINT('',(-8.E0,9.492451553039E0,-3.794263283133E-1));
#426=CARTESIAN_POINT('',(-7.946080305692E0,9.477354255912E0,-1.138333979407E0));
#427=CARTESIAN_POINT('',(-7.703124046283E0,9.454635776137E0,-2.257073834148E0));
#428=CARTESIAN_POINT('',(-7.306751924587E0,9.432058735690E0,-3.323571497188E0));
#429=CARTESIAN_POINT('',(-6.758619494524E0,9.409305258120E0,-4.330617321316E0));
#430=CARTESIAN_POINT('',(-6.079310417621E0,9.386753042083E0,-5.241792657500E0));
#431=CARTESIAN_POINT('',(-5.267954341646E0,9.363927790647E0,-6.057069318623E0));
#432=CARTESIAN_POINT('',(-4.354103611946E0,9.341248729922E0,-6.743468899153E0));
#433=CARTESIAN_POINT('',(-3.355073409297E0,9.318630536206E0,-7.292093784484E0));
#434=CARTESIAN_POINT('',(-2.289969317550E0,9.296043542446E0,-7.693444567364E0));
#435=CARTESIAN_POINT('',(-1.170703420367E0,9.273293457535E0,-7.941767223236E0));
#436=CARTESIAN_POINT('',(-2.009538467878E-2,9.250398395348E0,
-8.027376068611E0));
#437=CARTESIAN_POINT('',(1.118898775673E0,9.227742724959E0,-7.948546489608E0));
#438=CARTESIAN_POINT('',(2.231978394386E0,9.205153340248E0,-7.710297146528E0));
#439=CARTESIAN_POINT('',(3.302162366200E0,9.182526304559E0,-7.316716467857E0));
#440=CARTESIAN_POINT('',(4.319259078959E0,9.159584321704E0,-6.766943650161E0));
#441=CARTESIAN_POINT('',(5.245927824004E0,9.136649926845E0,-6.076142156238E0));
#442=CARTESIAN_POINT('',(6.053571287989E0,9.114016929892E0,-5.270849989035E0));
#443=CARTESIAN_POINT('',(6.736880879617E0,9.091493589153E0,-4.364581926371E0));
#444=CARTESIAN_POINT('',(7.294009353133E0,9.068585538243E0,-3.353471342103E0));
#445=CARTESIAN_POINT('',(7.701614653453E0,9.045538485745E0,-2.265796621285E0));
#446=CARTESIAN_POINT('',(7.946746371375E0,9.022583736364E0,-1.135244315295E0));
#447=CARTESIAN_POINT('',(8.E0,9.007500101150E0,-3.769962027662E-1));
#448=CARTESIAN_POINT('',(8.E0,9.E0,-1.359728335436E-14));
#450=CARTESIAN_POINT('',(8.E0,1.E1,0.E0));
#451=CARTESIAN_POINT('',(8.E0,9.992452628270E0,3.793722813148E-1));
#452=CARTESIAN_POINT('',(7.946090358997E0,9.977357851941E0,1.138153053485E0));
#453=CARTESIAN_POINT('',(7.703282499386E0,9.954648731406E0,2.256437031025E0));
#454=CARTESIAN_POINT('',(7.307095527066E0,9.932073227147E0,3.322927245429E0));
#455=CARTESIAN_POINT('',(6.758535430578E0,9.909303928290E0,4.330647225776E0));
#456=CARTESIAN_POINT('',(6.081354669634E0,9.886819552361E0,5.239113702965E0));
#457=CARTESIAN_POINT('',(5.270372807902E0,9.863983272459E0,6.055567191558E0));
#458=CARTESIAN_POINT('',(4.341645606372E0,9.840940782147E0,6.752800040516E0));
#459=CARTESIAN_POINT('',(3.323138579258E0,9.817928909321E0,7.307401730566E0));
#460=CARTESIAN_POINT('',(2.252760796764E0,9.795276535209E0,7.704075996076E0));
#461=CARTESIAN_POINT('',(1.143950282227E0,9.772758679002E0,7.945155313836E0));
#462=CARTESIAN_POINT('',(-5.071628716236E-3,9.749899193948E0,8.027827204426E0));
#463=CARTESIAN_POINT('',(-1.159343515396E0,9.726934719107E0,7.943522607580E0));
#464=CARTESIAN_POINT('',(-2.281090584658E0,9.704140406472E0,7.696131224646E0));
#465=CARTESIAN_POINT('',(-3.345157906476E0,9.681584009687E0,7.296446761536E0));
#466=CARTESIAN_POINT('',(-4.343451573294E0,9.659005019825E0,6.750558416625E0));
#467=CARTESIAN_POINT('',(-5.264614644937E0,9.636165028831E0,6.060378411674E0));
#468=CARTESIAN_POINT('',(-6.077655547639E0,9.613298511045E0,5.243779565921E0));
#469=CARTESIAN_POINT('',(-6.757533368916E0,9.590732032086E0,4.332158788089E0));
#470=CARTESIAN_POINT('',(-7.304169909001E0,9.568057011854E0,3.328812574150E0));
#471=CARTESIAN_POINT('',(-7.701562687398E0,9.545486711695E0,2.263055944393E0));
#472=CARTESIAN_POINT('',(-7.946209217569E0,9.522655111602E0,1.138832155405E0));
#473=CARTESIAN_POINT('',(-8.E0,9.507548647966E0,3.794364318972E-1));
#474=CARTESIAN_POINT('',(-8.E0,9.5E0,0.E0));
#476=CARTESIAN_POINT('',(-8.E0,7.5E0,0.E0));
#477=CARTESIAN_POINT('',(-8.E0,7.507542621023E0,3.791334847001E-1));
#478=CARTESIAN_POINT('',(-7.946169201767E0,7.522690732761E0,1.140614350490E0));
#479=CARTESIAN_POINT('',(-7.699324781631E0,7.545703725721E0,2.273823421189E0));
#480=CARTESIAN_POINT('',(-7.291190755376E0,7.568700895205E0,3.358582137270E0));
#481=CARTESIAN_POINT('',(-6.739750216272E0,7.591376143372E0,4.359366809525E0));
#482=CARTESIAN_POINT('',(-6.058058318392E0,7.613889879419E0,5.266279508801E0));
#483=CARTESIAN_POINT('',(-5.246309331774E0,7.636633166675E0,6.075281266907E0));
#484=CARTESIAN_POINT('',(-4.336973479487E0,7.659154775789E0,6.754471884517E0));
#485=CARTESIAN_POINT('',(-3.331587376834E0,7.681883537199E0,7.303036219605E0));
#486=CARTESIAN_POINT('',(-2.266862903626E0,7.704433061778E0,7.700163406572E0));
#487=CARTESIAN_POINT('',(-1.150207275341E0,7.727116075334E0,7.944306045403E0));
#488=CARTESIAN_POINT('',(-1.323969366401E-2,7.749737606170E0,8.026852001125E0));
#489=CARTESIAN_POINT('',(1.123198470401E0,7.772342594804E0,7.948219337407E0));
#490=CARTESIAN_POINT('',(2.242078128567E0,7.795055582390E0,7.707311994165E0));
#491=CARTESIAN_POINT('',(3.303941142440E0,7.817515438488E0,7.315502456932E0));
#492=CARTESIAN_POINT('',(4.319105373919E0,7.840412259217E0,6.767074062401E0));
#493=CARTESIAN_POINT('',(5.249627239319E0,7.863436793451E0,6.073729924508E0));
#494=CARTESIAN_POINT('',(6.067884145352E0,7.886400737238E0,5.255364147028E0));
#495=CARTESIAN_POINT('',(6.748859416474E0,7.908961144937E0,4.345001374426E0));
#496=CARTESIAN_POINT('',(7.295105960489E0,7.931500608717E0,3.349189381610E0));
#497=CARTESIAN_POINT('',(7.700322083791E0,7.954380845511E0,2.269676272108E0));
#498=CARTESIAN_POINT('',(7.946176623322E0,7.977325785106E0,1.139775306717E0));
#499=CARTESIAN_POINT('',(8.E0,7.992457819922E0,3.791113204015E-1));
#500=CARTESIAN_POINT('',(8.E0,8.E0,1.746947805230E-14));
#502=CARTESIAN_POINT('',(7.868765644219E0,7.028867514501E0,-1.443096405774E0));
#503=CARTESIAN_POINT('',(7.801271941663E0,7.036311200416E0,-1.811119031117E0));
#504=CARTESIAN_POINT('',(7.614390751238E0,7.051225929409E0,-2.539065062071E0));
#505=CARTESIAN_POINT('',(7.180650123916E0,7.073735134021E0,-3.587139490516E0));
#506=CARTESIAN_POINT('',(6.603784426010E0,7.096216330862E0,-4.562080577746E0));
#507=CARTESIAN_POINT('',(5.901427601406E0,7.118533068569E0,-5.440351171289E0));
#508=CARTESIAN_POINT('',(5.076865236761E0,7.141011170070E0,-6.216840382725E0));
#509=CARTESIAN_POINT('',(4.158315191640E0,7.163323713929E0,-6.865300856144E0));
#510=CARTESIAN_POINT('',(3.149970761653E0,7.185814905709E0,-7.382589271551E0));
#511=CARTESIAN_POINT('',(2.086513382938E0,7.208145641080E0,-7.750427319137E0));
#512=CARTESIAN_POINT('',(9.747628994569E-1,7.230624633309E0,-7.967394698107E0));
#513=CARTESIAN_POINT('',(-1.574120722981E-1,7.253121602897E0,
-8.024853355913E0));
#514=CARTESIAN_POINT('',(-1.276779343795E0,7.275425000049E0,-7.924149368424E0));
#515=CARTESIAN_POINT('',(-2.376689162581E0,7.297845118428E0,-7.666435577715E0));
#516=CARTESIAN_POINT('',(-3.426796465136E0,7.320201630247E0,-7.258406559554E0));
#517=CARTESIAN_POINT('',(-4.420734263264E0,7.342826493474E0,-6.699949681906E0));
#518=CARTESIAN_POINT('',(-5.319822365994E0,7.365313497299E0,-6.010218387390E0));
#519=CARTESIAN_POINT('',(-6.107288451015E0,7.387627353519E0,-5.207680103095E0));
#520=CARTESIAN_POINT('',(-6.775439575544E0,7.409941102082E0,-4.303355291488E0));
#521=CARTESIAN_POINT('',(-7.316729499777E0,7.432535316096E0,-3.301679667206E0));
#522=CARTESIAN_POINT('',(-7.711366220225E0,7.455225528161E0,-2.228508918953E0));
#523=CARTESIAN_POINT('',(-7.947701114731E0,7.477691437507E0,-1.121358451583E0));
#524=CARTESIAN_POINT('',(-8.E0,7.492581779050E0,-3.728804550400E-1));
#525=CARTESIAN_POINT('',(-8.E0,7.5E0,0.E0));
#527=CARTESIAN_POINT('',(7.133974596216E0,1.05E1,0.E0));
#528=CARTESIAN_POINT('',(7.133974596216E0,1.049201308472E1,3.580061644861E-1));
#529=CARTESIAN_POINT('',(7.079974960283E0,1.047603925415E1,1.074014944497E0));
#530=CARTESIAN_POINT('',(6.838809006065E0,1.045207850830E1,2.123734088878E0));
#531=CARTESIAN_POINT('',(6.442932320383E0,1.042811776245E1,3.125408367261E0));
#532=CARTESIAN_POINT('',(5.901300610518E0,1.040415701660E1,4.056378401860E0));
#533=CARTESIAN_POINT('',(5.226166921984E0,1.038019627075E1,4.895583095008E0));
#534=CARTESIAN_POINT('',(4.432804444411E0,1.035623552490E1,5.624037635503E0));
#535=CARTESIAN_POINT('',(3.539160994315E0,1.033227477904E1,6.225262565924E0));
#536=CARTESIAN_POINT('',(2.565452991207E0,1.030831403319E1,6.685656700063E0));
#537=CARTESIAN_POINT('',(1.533708112314E0,1.028435328734E1,6.994804785454E0));
#538=CARTESIAN_POINT('',(4.672669721713E-1,1.026039254149E1,7.145713130075E0));
#539=CARTESIAN_POINT('',(-6.097448996572E-1,1.023643179564E1,7.134967814776E0));
#540=CARTESIAN_POINT('',(-1.672962837579E0,1.021247104979E1,6.962811925124E0));
#541=CARTESIAN_POINT('',(-2.698334228816E0,1.018851030394E1,6.633140052054E0));
#542=CARTESIAN_POINT('',(-3.662662642846E0,1.016454955809E1,6.153410186658E0));
#543=CARTESIAN_POINT('',(-4.544132591890E0,1.014058881224E1,5.534475002011E0));
#544=CARTESIAN_POINT('',(-5.322803051061E0,1.011662806639E1,4.790336338941E0));
#545=CARTESIAN_POINT('',(-5.981058573546E0,1.009266732054E1,3.937828449841E0));
#546=CARTESIAN_POINT('',(-6.504007795471E0,1.006870657469E1,2.996237166349E0));
#547=CARTESIAN_POINT('',(-6.879820315291E0,1.004474582883E1,1.986863606260E0));
#548=CARTESIAN_POINT('',(-7.099994326653E0,1.002078508298E1,9.325422896865E-1));
#549=CARTESIAN_POINT('',(-7.159548950241E0,9.996824337133E0,
-1.428754341165E-1));
#550=CARTESIAN_POINT('',(-7.057136913542E0,9.972863591282E0,-1.215060963118E0));
#551=CARTESIAN_POINT('',(-6.795075029483E0,9.948902845432E0,-2.259758815506E0));
#552=CARTESIAN_POINT('',(-6.379291784405E0,9.924942099581E0,-3.253335348528E0));
#553=CARTESIAN_POINT('',(-5.819193221073E0,9.900981353730E0,-4.173313409796E0));
#554=CARTESIAN_POINT('',(-5.127450150786E0,9.877020607879E0,-4.998880825922E0));
#555=CARTESIAN_POINT('',(-4.319711508364E0,9.853059862028E0,-5.711361225231E0));
#556=CARTESIAN_POINT('',(-3.414250334639E0,9.829099116178E0,-6.294636543359E0));
#557=CARTESIAN_POINT('',(-2.431550395186E0,9.805138370327E0,-6.735511653634E0));
#558=CARTESIAN_POINT('',(-1.393842787015E0,9.781177624476E0,-7.024012873397E0));
#559=CARTESIAN_POINT('',(-3.246030163097E-1,9.757216878625E0,
-7.153613593309E0));
#560=CARTESIAN_POINT('',(7.519800754399E-1,9.733256132774E0,-7.121381925350E0));
#561=CARTESIAN_POINT('',(1.811551522704E0,9.709295386924E0,-6.928047029370E0));
#562=CARTESIAN_POINT('',(2.830141205319E0,9.685334641073E0,-6.577982617682E0));
#563=CARTESIAN_POINT('',(3.784706111744E0,9.661373895222E0,-6.079108010909E0));
#564=CARTESIAN_POINT('',(4.653651628826E0,9.637413149371E0,-5.442708983410E0));
#565=CARTESIAN_POINT('',(5.417320065231E0,9.613452403520E0,-4.683182451220E0));
#566=CARTESIAN_POINT('',(6.058435356910E0,9.589491657670E0,-3.817710778295E0));
#567=CARTESIAN_POINT('',(6.562493894297E0,9.565530911819E0,-2.865873069046E0));
#568=CARTESIAN_POINT('',(6.918092629733E0,9.541570165968E0,-1.849202240697E0));
#569=CARTESIAN_POINT('',(7.117187042540E0,9.517609420117E0,-7.906978955714E-1));
#570=CARTESIAN_POINT('',(7.155273125923E0,9.493648674266E0,2.856939866504E-1));
#571=CARTESIAN_POINT('',(7.031489278715E0,9.469687928416E0,1.355622766070E0));
#572=CARTESIAN_POINT('',(6.748635796921E0,9.445727182565E0,2.394884014120E0));
#573=CARTESIAN_POINT('',(6.313111524116E0,9.421766436714E0,3.379967077449E0));
#574=CARTESIAN_POINT('',(5.734769093815E0,9.397805690863E0,4.288586946907E0));
#575=CARTESIAN_POINT('',(5.026692038598E0,9.373844945012E0,5.100188399429E0));
#576=CARTESIAN_POINT('',(4.204898808319E0,9.349884199162E0,5.796411007888E0));
#577=CARTESIAN_POINT('',(3.287980393262E0,9.325923453311E0,6.361504499259E0));
#578=CARTESIAN_POINT('',(2.296679750067E0,9.301962707460E0,6.782685064648E0));
#579=CARTESIAN_POINT('',(1.253422544881E0,9.278001961609E0,7.050424560589E0));
#580=CARTESIAN_POINT('',(1.818098294612E-1,9.254041215758E0,7.158666059154E0));
#581=CARTESIAN_POINT('',(-8.939158728363E-1,9.230080469908E0,7.104960870607E0));
#582=CARTESIAN_POINT('',(-1.949418992747E0,9.206119724057E0,6.890523938808E0));
#583=CARTESIAN_POINT('',(-2.960821445709E0,9.182158978206E0,6.520206356182E0));
#584=CARTESIAN_POINT('',(-3.905242813048E0,9.158198232355E0,6.002385620043E0));
#585=CARTESIAN_POINT('',(-4.761317953490E0,9.134237486504E0,5.348776112939E0));
#586=CARTESIAN_POINT('',(-5.509680335370E0,9.110276740654E0,4.574164094411E0));
#587=CARTESIAN_POINT('',(-6.133400155356E0,9.086315994803E0,3.696073199335E0));
#588=CARTESIAN_POINT('',(-6.618367332367E0,9.062355248952E0,2.734368010057E0));
#589=CARTESIAN_POINT('',(-6.953610712415E0,9.038394503101E0,1.710804670544E0));
#590=CARTESIAN_POINT('',(-7.131546263178E0,9.014433757250E0,6.485387087275E-1));
#591=CARTESIAN_POINT('',(-7.148148643521E0,8.990473011400E0,
-4.283987986644E-1));
#592=CARTESIAN_POINT('',(-7.003042266641E0,8.966512265549E0,-1.495644868345E0));
#593=CARTESIAN_POINT('',(-6.699509796769E0,8.942551519698E0,-2.529055761260E0));
#594=CARTESIAN_POINT('',(-6.244417887207E0,8.918590773847E0,-3.505253173524E0));
#595=CARTESIAN_POINT('',(-5.648061839687E0,8.894630027996E0,-4.402153111335E0));
#596=CARTESIAN_POINT('',(-4.923932699250E0,8.870669282146E0,-5.199465485396E0));
#597=CARTESIAN_POINT('',(-4.088412053522E0,8.846708536295E0,-5.879153122788E0));
#598=CARTESIAN_POINT('',(-3.160401440788E0,8.822747790444E0,-6.425839812323E0));
#599=CARTESIAN_POINT('',(-2.160894750567E0,8.798787044593E0,-6.827158152375E0));
#600=CARTESIAN_POINT('',(-1.112503290032E0,8.774826298742E0,-7.074029332017E0));
#601=CARTESIAN_POINT('',(-3.894426046452E-2,8.750865552892E0,
-7.160868516119E0));
#602=CARTESIAN_POINT('',(1.035495784352E0,8.726904807041E0,-7.085711188099E0));
#603=CARTESIAN_POINT('',(2.086510359897E0,8.702944061190E0,-6.850257592135E0));
#604=CARTESIAN_POINT('',(3.090322923556E0,8.678983315339E0,-6.459834269446E0));
#605=CARTESIAN_POINT('',(4.024224758675E0,8.655022569488E0,-5.923273558787E0));
#606=CARTESIAN_POINT('',(4.867088701752E0,8.631061823638E0,-5.252713787162E0));
#607=CARTESIAN_POINT('',(5.599847090998E0,8.607101077787E0,-4.463324670915E0));
#608=CARTESIAN_POINT('',(6.205923123892E0,8.583140331936E0,-3.572964139326E0));
#609=CARTESIAN_POINT('',(6.671605865343E0,8.559179586085E0,-2.601774344190E0));
#610=CARTESIAN_POINT('',(6.986360422873E0,8.535218840234E0,-1.571725994658E0));
#611=CARTESIAN_POINT('',(7.143066271872E0,8.511258094384E0,-5.061213255851E-1));
#612=CARTESIAN_POINT('',(7.138178339433E0,8.487297348533E0,5.709330565039E-1));
#613=CARTESIAN_POINT('',(6.971807202648E0,8.463336602682E0,1.635071524329E0));
#614=CARTESIAN_POINT('',(6.647716587077E0,8.439375856831E0,2.662220640455E0));
#615=CARTESIAN_POINT('',(6.173238221996E0,8.415415110981E0,3.629143757839E0));
#616=CARTESIAN_POINT('',(5.559105978588E0,8.391454365130E0,4.513966690107E0));
#617=CARTESIAN_POINT('',(4.819213043301E0,8.367493619279E0,5.296672559621E0));
#618=CARTESIAN_POINT('',(3.970297619690E0,8.343532873428E0,5.959554628632E0));
#619=CARTESIAN_POINT('',(3.031564268962E0,8.319572127577E0,6.487616869369E0));
#620=CARTESIAN_POINT('',(2.024249455422E0,8.295611381727E0,6.868913211185E0));
#621=CARTESIAN_POINT('',(9.711411252562E-1,8.271650635876E0,7.094817790148E0));
#622=CARTESIAN_POINT('',(-1.039368130253E-1,8.247689890025E0,7.160220087362E0));
#623=CARTESIAN_POINT('',(-1.176663444178E0,8.223729144174E0,7.063640541513E0));
#624=CARTESIAN_POINT('',(-2.222771045325E0,8.199768398323E0,6.807264020194E0));
#625=CARTESIAN_POINT('',(-3.218594081718E0,8.175807652473E0,6.396890392815E0));
#626=CARTESIAN_POINT('',(-4.141604579521E0,8.151846906622E0,5.841803323243E0));
#627=CARTESIAN_POINT('',(-4.970921764151E0,8.127886160771E0,5.154560250424E0));
#628=CARTESIAN_POINT('',(-5.687784434918E0,8.103925414920E0,4.350708308135E0));
#629=CARTESIAN_POINT('',(-6.275975389665E0,8.079964669069E0,3.448432610460E0));
#630=CARTESIAN_POINT('',(-6.722188297895E0,8.056003923219E0,2.468144859650E0));
#631=CARTESIAN_POINT('',(-7.016328722789E0,8.032043177368E0,1.432021583054E0));
#632=CARTESIAN_POINT('',(-7.151742482275E0,8.008082431517E0,3.635024453675E-1));
#633=CARTESIAN_POINT('',(-7.125366183039E0,7.984121685666E0,
-7.132400144152E-1));
#634=CARTESIAN_POINT('',(-6.937796522043E0,7.960160939815E0,-1.773847225467E0));
#635=CARTESIAN_POINT('',(-6.593276787762E0,7.936200193965E0,-2.794325636092E0));
#636=CARTESIAN_POINT('',(-6.099600866538E0,7.912239448114E0,-3.751589507061E0));
#637=CARTESIAN_POINT('',(-5.467936925636E0,7.888278702263E0,-4.623983167988E0));
#638=CARTESIAN_POINT('',(-4.712574761751E0,7.864317956412E0,-5.391770922013E0));
#639=CARTESIAN_POINT('',(-3.850602530555E0,7.840357210561E0,-6.037583515965E0));
#640=CARTESIAN_POINT('',(-2.901520170452E0,7.816396464711E0,-6.546811075709E0));
#641=CARTESIAN_POINT('',(-1.886798265872E0,7.792435718860E0,-6.907933617548E0));
#642=CARTESIAN_POINT('',(-8.293923296751E-1,7.768474973009E0,
-7.112781658682E0));
#643=CARTESIAN_POINT('',(2.467765071825E-1,7.744514227158E0,-7.156721031023E0));
#644=CARTESIAN_POINT('',(1.317362650622E0,7.720553481307E0,-7.038757717662E0));
#645=CARTESIAN_POINT('',(2.358146800943E0,7.696592735457E0,-6.761560339417E0));
#646=CARTESIAN_POINT('',(3.345583852750E0,7.672631989606E0,-6.331399786159E0));
#647=CARTESIAN_POINT('',(4.257335544761E0,7.648671243755E0,-5.758007345939E0));
#648=CARTESIAN_POINT('',(5.072775801008E0,7.624710497904E0,-5.054354588617E0));
#649=CARTESIAN_POINT('',(5.773457363661E0,7.600749752053E0,-4.236359807331E0));
#650=CARTESIAN_POINT('',(6.343529040478E0,7.576789006203E0,-3.322528316556E0));
#651=CARTESIAN_POINT('',(6.770094577907E0,7.552828260352E0,-2.333532289349E0));
#652=CARTESIAN_POINT('',(6.952367100027E0,7.536854429785E0,-1.639009963276E0));
#653=CARTESIAN_POINT('',(7.016946776179E0,7.528867514501E0,-1.286876637335E0));
#655=CARTESIAN_POINT('',(7.868765644219E0,8.028867514501E0,-1.443096405774E0));
#656=CARTESIAN_POINT('',(7.912630175262E0,8.024029821805E0,-1.203916463611E0));
#657=CARTESIAN_POINT('',(7.978293229196E0,8.014380876692E0,-7.228668706020E-1));
#658=CARTESIAN_POINT('',(8.E0,8.004784812138E0,-2.405108905667E-1));
#659=CARTESIAN_POINT('',(8.E0,8.E0,1.746947805230E-14));
#661=DIRECTION('',(-8.518188680400E-1,-5.E-1,1.562197684388E-1));
#662=VECTOR('',#661,1.E0);
#663=CARTESIAN_POINT('',(7.868765644219E0,8.028867514501E0,-1.443096405774E0));
#664=LINE('',#663,#662);
#665=CARTESIAN_POINT('',(-8.E0,5.5E0,0.E0));
#666=CARTESIAN_POINT('',(-8.E0,5.492706452786E0,-3.666136695198E-1));
#667=CARTESIAN_POINT('',(-7.949605171016E0,5.478041990307E0,-1.103778123937E0));
#668=CARTESIAN_POINT('',(-7.718284274726E0,5.455757832963E0,-2.202558498530E0));
#669=CARTESIAN_POINT('',(-7.332922525187E0,5.433352290397E0,-3.263795261084E0));
#670=CARTESIAN_POINT('',(-6.804734332191E0,5.411054475805E0,-4.255448924571E0));
#671=CARTESIAN_POINT('',(-6.154552684621E0,5.389100374568E0,-5.150367411400E0));
#672=CARTESIAN_POINT('',(-5.387609391757E0,5.367129379429E0,-5.948650409613E0));
#673=CARTESIAN_POINT('',(-4.506553715446E0,5.344882072916E0,-6.641776168782E0));
#674=CARTESIAN_POINT('',(-3.533409145029E0,5.322554339578E0,-7.206362333180E0));
#675=CARTESIAN_POINT('',(-2.503395779185E0,5.300487853677E0,-7.625102909712E0));
#676=CARTESIAN_POINT('',(-1.428814846060E0,5.278486893116E0,-7.897230254236E0));
#677=CARTESIAN_POINT('',(-3.275681926775E-1,5.256497642185E0,
-8.019037231261E0));
#678=CARTESIAN_POINT('',(7.905702206900E-1,5.234297714517E0,-7.987055347079E0));
#679=CARTESIAN_POINT('',(1.892651152944E0,5.212110878363E0,-7.799382785232E0));
#680=CARTESIAN_POINT('',(2.950207805105E0,5.190089347676E0,-7.463592713614E0));
#681=CARTESIAN_POINT('',(3.951022714529E0,5.168076722972E0,-6.985594924145E0));
#682=CARTESIAN_POINT('',(4.877003626939E0,5.146052032191E0,-6.373945637490E0));
#683=CARTESIAN_POINT('',(5.713694150132E0,5.123913650518E0,-5.636226651453E0));
#684=CARTESIAN_POINT('',(6.437526934665E0,5.101851725497E0,-4.792547135244E0));
#685=CARTESIAN_POINT('',(7.037590467731E0,5.079807912061E0,-3.857896880408E0));
#686=CARTESIAN_POINT('',(7.348106380519E0,5.065093990944E0,-3.184675798539E0));
#687=CARTESIAN_POINT('',(7.479368190911E0,5.057735029002E0,-2.838846854762E0));
#689=CARTESIAN_POINT('',(8.E0,6.E0,0.E0));
#690=CARTESIAN_POINT('',(8.E0,5.992451183233E0,3.794449167575E-1));
#691=CARTESIAN_POINT('',(7.946133619650E0,5.977323161636E0,1.139912028997E0));
#692=CARTESIAN_POINT('',(7.700591811705E0,5.954416657603E0,2.267867698476E0));
#693=CARTESIAN_POINT('',(7.298409958973E0,5.931665604261E0,3.341550565618E0));
#694=CARTESIAN_POINT('',(6.753154504937E0,5.909114660250E0,4.338553353271E0));
#695=CARTESIAN_POINT('',(6.071928878047E0,5.886523783534E0,5.250657653276E0));
#696=CARTESIAN_POINT('',(5.255719507653E0,5.863598381886E0,6.068330338524E0));
#697=CARTESIAN_POINT('',(4.328431539706E0,5.840635641255E0,6.760729692261E0));
#698=CARTESIAN_POINT('',(3.321534081064E0,5.817900575774E0,7.307275948553E0));
#699=CARTESIAN_POINT('',(2.260242020319E0,5.795429425640E0,7.702178736169E0));
#700=CARTESIAN_POINT('',(1.134549260299E0,5.772567641062E0,7.947330772653E0));
#701=CARTESIAN_POINT('',(-2.442232344868E-2,5.749516185959E0,8.028101467357E0));
#702=CARTESIAN_POINT('',(-1.181767424141E0,5.726484768450E0,7.940044626470E0));
#703=CARTESIAN_POINT('',(-2.295037859696E0,5.703850009255E0,7.691678079130E0));
#704=CARTESIAN_POINT('',(-3.360468600762E0,5.681254506578E0,7.289939485086E0));
#705=CARTESIAN_POINT('',(-4.364251218549E0,5.658511560284E0,6.736902176633E0));
#706=CARTESIAN_POINT('',(-5.271872127426E0,5.635963721082E0,6.053220553086E0));
#707=CARTESIAN_POINT('',(-6.080887611145E0,5.613197967977E0,5.239902167755E0));
#708=CARTESIAN_POINT('',(-6.759565025204E0,5.590658867367E0,4.329073666540E0));
#709=CARTESIAN_POINT('',(-7.307236806437E0,5.567918138196E0,3.322509369653E0));
#710=CARTESIAN_POINT('',(-7.703523354178E0,5.545334826373E0,2.255647335894E0));
#711=CARTESIAN_POINT('',(-7.946080727511E0,5.522639005047E0,1.137988778250E0));
#712=CARTESIAN_POINT('',(-8.E0,5.507546297580E0,3.793182886430E-1));
#713=CARTESIAN_POINT('',(-8.E0,5.5E0,0.E0));
#715=CARTESIAN_POINT('',(-8.E0,6.5E0,0.E0));
#716=CARTESIAN_POINT('',(-8.E0,6.492483730338E0,-3.778089208422E-1));
#717=CARTESIAN_POINT('',(-7.946309161446E0,6.477396074158E0,-1.136205695684E0));
#718=CARTESIAN_POINT('',(-7.703664944958E0,6.454629431820E0,-2.257580290648E0));
#719=CARTESIAN_POINT('',(-7.298630528051E0,6.431637053914E0,-3.343221352736E0));
#720=CARTESIAN_POINT('',(-6.743689686478E0,6.408752751297E0,-4.354193272054E0));
#721=CARTESIAN_POINT('',(-6.059314559996E0,6.386153240259E0,-5.264474841666E0));
#722=CARTESIAN_POINT('',(-5.252931223399E0,6.363538101041E0,-6.069743421985E0));
#723=CARTESIAN_POINT('',(-4.332916660604E0,6.340739958142E0,-6.757950071238E0));
#724=CARTESIAN_POINT('',(-3.318094343633E0,6.317820333845E0,-7.309476278985E0));
#725=CARTESIAN_POINT('',(-2.248430782603E0,6.295185293233E0,-7.705742161906E0));
#726=CARTESIAN_POINT('',(-1.129383314349E0,6.272466789422E0,-7.947204826465E0));
#727=CARTESIAN_POINT('',(6.616304203759E-3,6.249868950637E0,-8.027130612656E0));
#728=CARTESIAN_POINT('',(1.153329264690E0,6.227054509543E0,-7.944246251176E0));
#729=CARTESIAN_POINT('',(2.273635953797E0,6.204293934331E0,-7.698291711900E0));
#730=CARTESIAN_POINT('',(3.341212750707E0,6.181675326448E0,-7.298841595640E0));
#731=CARTESIAN_POINT('',(4.349036495210E0,6.158872479946E0,-6.746906822395E0));
#732=CARTESIAN_POINT('',(5.259609671399E0,6.136287029401E0,-6.063966476199E0));
#733=CARTESIAN_POINT('',(6.071435152070E0,6.113487248437E0,-5.251012739543E0));
#734=CARTESIAN_POINT('',(6.753050485254E0,6.090900732405E0,-4.339403693578E0));
#735=CARTESIAN_POINT('',(7.304331893017E0,6.068077299473E0,-3.329991593134E0));
#736=CARTESIAN_POINT('',(7.704320344650E0,6.045288525966E0,-2.253457947424E0));
#737=CARTESIAN_POINT('',(7.945662314807E0,6.022674632308E0,-1.139726596470E0));
#738=CARTESIAN_POINT('',(8.E0,6.007556430685E0,-3.798276340129E-1));
#739=CARTESIAN_POINT('',(8.E0,6.E0,0.E0));
#741=CARTESIAN_POINT('',(8.E0,7.E0,-1.265653248073E-14));
#742=CARTESIAN_POINT('',(8.E0,6.992457819922E0,3.791113204015E-1));
#743=CARTESIAN_POINT('',(7.946176623322E0,6.977325785106E0,1.139775306717E0));
#744=CARTESIAN_POINT('',(7.700322083791E0,6.954380845511E0,2.269676272108E0));
#745=CARTESIAN_POINT('',(7.295105960489E0,6.931500608717E0,3.349189381610E0));
#746=CARTESIAN_POINT('',(6.748859416474E0,6.908961144937E0,4.345001374426E0));
#747=CARTESIAN_POINT('',(6.067884145352E0,6.886400737238E0,5.255364147028E0));
#748=CARTESIAN_POINT('',(5.249627239319E0,6.863436793451E0,6.073729924508E0));
#749=CARTESIAN_POINT('',(4.319105373919E0,6.840412259217E0,6.767074062401E0));
#750=CARTESIAN_POINT('',(3.303941142440E0,6.817515438488E0,7.315502456932E0));
#751=CARTESIAN_POINT('',(2.242078128567E0,6.795055582390E0,7.707311994165E0));
#752=CARTESIAN_POINT('',(1.123198470401E0,6.772342594804E0,7.948219337407E0));
#753=CARTESIAN_POINT('',(-1.323969366408E-2,6.749737606170E0,8.026852001125E0));
#754=CARTESIAN_POINT('',(-1.150207275341E0,6.727116075334E0,7.944306045403E0));
#755=CARTESIAN_POINT('',(-2.266862903626E0,6.704433061778E0,7.700163406572E0));
#756=CARTESIAN_POINT('',(-3.331587376834E0,6.681883537199E0,7.303036219605E0));
#757=CARTESIAN_POINT('',(-4.336973479487E0,6.659154775789E0,6.754471884517E0));
#758=CARTESIAN_POINT('',(-5.246309331774E0,6.636633166675E0,6.075281266907E0));
#759=CARTESIAN_POINT('',(-6.058058318392E0,6.613889879419E0,5.266279508801E0));
#760=CARTESIAN_POINT('',(-6.739750216272E0,6.591376143372E0,4.359366809525E0));
#761=CARTESIAN_POINT('',(-7.291190755376E0,6.568700895205E0,3.358582137270E0));
#762=CARTESIAN_POINT('',(-7.699324781631E0,6.545703725721E0,2.273823421189E0));
#763=CARTESIAN_POINT('',(-7.946169201767E0,6.522690732761E0,1.140614350490E0));
#764=CARTESIAN_POINT('',(-8.E0,6.507542621023E0,3.791334847001E-1));
#765=CARTESIAN_POINT('',(-8.E0,6.5E0,0.E0));
#767=CARTESIAN_POINT('',(-8.E0,4.5E0,0.E0));
#768=CARTESIAN_POINT('',(-8.E0,4.507502366216E0,3.771100574141E-1));
#769=CARTESIAN_POINT('',(-7.946734703683E0,4.522591892293E0,1.135659198135E0));
#770=CARTESIAN_POINT('',(-7.701202552492E0,4.545570090643E0,2.267335757300E0));
#771=CARTESIAN_POINT('',(-7.293218497618E0,4.568623613338E0,3.355224997915E0));
#772=CARTESIAN_POINT('',(-6.735752504492E0,4.591533725309E0,4.366260266940E0));
#773=CARTESIAN_POINT('',(-6.052895937175E0,4.614037198544E0,5.271618703924E0));
#774=CARTESIAN_POINT('',(-5.244400439335E0,4.636690979585E0,6.077539181612E0));
#775=CARTESIAN_POINT('',(-4.316960210870E0,4.659638500615E0,6.768422407743E0));
#776=CARTESIAN_POINT('',(-3.299589728312E0,4.682582296254E0,7.317887558459E0));
#777=CARTESIAN_POINT('',(-2.229395167250E0,4.705206386048E0,7.710984577116E0));
#778=CARTESIAN_POINT('',(-1.117661216236E0,4.727767460737E0,7.948718109896E0));
#779=CARTESIAN_POINT('',(2.271063747666E-2,4.750450294233E0,8.027428922255E0));
#780=CARTESIAN_POINT('',(1.173507876792E0,4.773349655994E0,7.941342057598E0));
#781=CARTESIAN_POINT('',(2.292556518258E0,4.796097052043E0,7.692671490447E0));
#782=CARTESIAN_POINT('',(3.357081807375E0,4.818675008534E0,7.291098478576E0));
#783=CARTESIAN_POINT('',(4.354810369674E0,4.841265412408E0,6.743009201877E0));
#784=CARTESIAN_POINT('',(5.269505658780E0,4.863967846949E0,6.055778322491E0));
#785=CARTESIAN_POINT('',(6.080553985933E0,4.886791213681E0,5.240319481552E0));
#786=CARTESIAN_POINT('',(6.759470055032E0,4.909337190853E0,4.329249196701E0));
#787=CARTESIAN_POINT('',(7.306993099026E0,4.932073126916E0,3.322885183742E0));
#788=CARTESIAN_POINT('',(7.703012713640E0,4.954628125608E0,2.257442572629E0));
#789=CARTESIAN_POINT('',(7.946154119547E0,4.977361240424E0,1.137990414027E0));
#790=CARTESIAN_POINT('',(8.E0,4.992454099953E0,3.792983064265E-1));
#791=CARTESIAN_POINT('',(8.E0,5.E0,0.E0));
#793=CARTESIAN_POINT('',(7.479368190911E0,4.057735029002E0,-2.838846854762E0));
#794=CARTESIAN_POINT('',(7.348193202467E0,4.065089123424E0,-3.184447053084E0));
#795=CARTESIAN_POINT('',(7.037758555219E0,4.079795876493E0,-3.857291534755E0));
#796=CARTESIAN_POINT('',(6.440100965450E0,4.101764858147E0,-4.789001219637E0));
#797=CARTESIAN_POINT('',(5.714331665312E0,4.123903213711E0,-5.636097987947E0));
#798=CARTESIAN_POINT('',(4.869545494732E0,4.146246759908E0,-6.380371787707E0));
#799=CARTESIAN_POINT('',(3.933630699041E0,4.168474811210E0,-6.995628561964E0));
#800=CARTESIAN_POINT('',(2.932944458287E0,4.190455994575E0,-7.470223230244E0));
#801=CARTESIAN_POINT('',(1.875249368578E0,4.212466694082E0,-7.803735011493E0));
#802=CARTESIAN_POINT('',(7.662329383338E-1,4.234783671034E0,-7.989841628556E0));
#803=CARTESIAN_POINT('',(-3.635396900716E-1,4.257210711127E0,
-8.018216509729E0));
#804=CARTESIAN_POINT('',(-1.478431321607E0,4.279486435295E0,-7.888380920031E0));
#805=CARTESIAN_POINT('',(-2.549365663117E0,4.301448803479E0,-7.609724301531E0));
#806=CARTESIAN_POINT('',(-3.575854294063E0,4.323494883455E0,-7.185183626265E0));
#807=CARTESIAN_POINT('',(-4.536331998674E0,4.345607542272E0,-6.620528690150E0));
#808=CARTESIAN_POINT('',(-5.404841088718E0,4.367591710886E0,-5.932939689750E0));
#809=CARTESIAN_POINT('',(-6.175461200523E0,4.389740176932E0,-5.125822015898E0));
#810=CARTESIAN_POINT('',(-6.821482975890E0,4.411687181065E0,-4.228252417571E0));
#811=CARTESIAN_POINT('',(-7.342386444845E0,4.433848343419E0,-3.240637741052E0));
#812=CARTESIAN_POINT('',(-7.718559792078E0,4.455835151738E0,-2.198576020429E0));
#813=CARTESIAN_POINT('',(-7.948879499271E0,4.477950675689E0,-1.108350676242E0));
#814=CARTESIAN_POINT('',(-8.E0,4.492650348018E0,-3.694338027664E-1));
#815=CARTESIAN_POINT('',(-8.E0,4.5E0,0.E0));
#817=CARTESIAN_POINT('',(7.016946776179E0,7.528867514501E0,-1.286876637335E0));
#818=CARTESIAN_POINT('',(7.081526452331E0,7.520880599217E0,-9.347433113941E-1));
#819=CARTESIAN_POINT('',(7.157571354445E0,7.504906768650E0,-2.207393151894E-1));
#820=CARTESIAN_POINT('',(7.109717298098E0,7.480946022799E0,8.552631424495E-1));
#821=CARTESIAN_POINT('',(6.901023759003E0,7.456985276949E0,1.911916688784E0));
#822=CARTESIAN_POINT('',(6.536212074054E0,7.433024531098E0,2.925318163510E0));
#823=CARTESIAN_POINT('',(6.023535136904E0,7.409063785247E0,3.872541670666E0));
#824=CARTESIAN_POINT('',(5.374590977182E0,7.385103039396E0,4.732158745852E0));
#825=CARTESIAN_POINT('',(4.604060309414E0,7.361142293545E0,5.484722711829E0));
#826=CARTESIAN_POINT('',(3.729374439146E0,7.337181547695E0,6.113208719964E0));
#827=CARTESIAN_POINT('',(2.770320918427E0,7.313220801844E0,6.603398864927E0));
#828=CARTESIAN_POINT('',(1.748595904E0,7.289260055993E0,6.944203836663E0));
#829=CARTESIAN_POINT('',(6.873133363317E-1,7.265299310142E0,7.127913785832E0));
#830=CARTESIAN_POINT('',(-3.895179546463E-1,7.241338564291E0,7.150372740185E0));
#831=CARTESIAN_POINT('',(-1.457537388527E0,7.217377818441E0,7.011072622760E0));
#832=CARTESIAN_POINT('',(-2.492583730847E0,7.193417072590E0,6.713164745877E0));
#833=CARTESIAN_POINT('',(-3.471241679824E0,7.169456326739E0,6.263388520666E0));
#834=CARTESIAN_POINT('',(-4.371371578245E0,7.145495580888E0,5.671918994968E0));
#835=CARTESIAN_POINT('',(-5.172610267133E0,7.121534835037E0,4.952136668643E0));
#836=CARTESIAN_POINT('',(-5.856831750642E0,7.097574089187E0,4.120324793659E0));
#837=CARTESIAN_POINT('',(-6.408557250800E0,7.073613343336E0,3.195301006756E0));
#838=CARTESIAN_POINT('',(-6.815305375655E0,7.049652597485E0,2.197991628084E0));
#839=CARTESIAN_POINT('',(-7.067874479151E0,7.025691851634E0,1.150958256209E0));
#840=CARTESIAN_POINT('',(-7.160550825062E0,7.001731105783E0,7.788736909644E-2));
#841=CARTESIAN_POINT('',(-7.091237845808E0,6.977770359933E0,
-9.969455224580E-1));
#842=CARTESIAN_POINT('',(-6.861503571977E0,6.953809614082E0,-2.049225046771E0));
#843=CARTESIAN_POINT('',(-6.476545159612E0,6.929848868231E0,-3.055146044966E0));
#844=CARTESIAN_POINT('',(-5.945071317716E0,6.905888122380E0,-3.991952102398E0));
#845=CARTESIAN_POINT('',(-5.279105295770E0,6.881927376529E0,-4.838450354891E0));
#846=CARTESIAN_POINT('',(-4.493712888168E0,6.857966630679E0,-5.575490923612E0));
#847=CARTESIAN_POINT('',(-3.606661608779E0,6.834005884828E0,-6.186400132575E0));
#848=CARTESIAN_POINT('',(-2.638018745952E0,6.810045138977E0,-6.657357708323E0));
#849=CARTESIAN_POINT('',(-1.609697390943E0,6.786084393126E0,-6.977709428613E0));
#850=CARTESIAN_POINT('',(-5.449607097320E-1,6.762123647275E0,
-7.140208147205E0));
#851=CARTESIAN_POINT('',(5.321043271836E-1,6.738162901425E0,-7.141177742191E0));
#852=CARTESIAN_POINT('',(1.597131851485E0,6.714202155574E0,-6.980596278939E0));
#853=CARTESIAN_POINT('',(2.626028313088E0,6.690241409723E0,-6.662096506313E0));
#854=CARTESIAN_POINT('',(3.595517535680E0,6.666280663872E0,-6.192883674927E0));
#855=CARTESIAN_POINT('',(4.483667281261E0,6.642319918021E0,-5.583572536604E0));
#856=CARTESIAN_POINT('',(5.270385411467E0,6.618359172171E0,-4.847947212498E0));
#857=CARTESIAN_POINT('',(5.937874421312E0,6.594398426320E0,-4.002649362272E0));
#858=CARTESIAN_POINT('',(6.471034062659E0,6.570437680469E0,-3.066801708698E0));
#859=CARTESIAN_POINT('',(6.857802949084E0,6.546476934618E0,-2.061575434492E0));
#860=CARTESIAN_POINT('',(7.089431414194E0,6.522516188767E0,-1.009711237929E0));
#861=CARTESIAN_POINT('',(7.160679450668E0,6.498555442917E0,6.499511785317E-2));
#862=CARTESIAN_POINT('',(7.069935252147E0,6.474594697066E0,1.138231123723E0));
#863=CARTESIAN_POINT('',(6.819251676273E0,6.450633951215E0,2.185717533490E0));
#864=CARTESIAN_POINT('',(6.414299803984E0,6.426673205364E0,3.183757620356E0));
#865=CARTESIAN_POINT('',(5.864240645671E0,6.402712459513E0,4.109773255330E0));
#866=CARTESIAN_POINT('',(5.181517896524E0,6.378751713663E0,4.942815680214E0));
#867=CARTESIAN_POINT('',(4.381576429445E0,6.354790967812E0,5.664039420193E0));
#868=CARTESIAN_POINT('',(3.482512893924E0,6.330830221961E0,6.257128614965E0));
#869=CARTESIAN_POINT('',(2.504666325176E0,6.306869476110E0,6.708666123761E0));
#870=CARTESIAN_POINT('',(1.470158024993E0,6.282908730259E0,7.008437054159E0));
#871=CARTESIAN_POINT('',(4.023911233174E-1,6.258947984409E0,7.149659848163E0));
#872=CARTESIAN_POINT('',(-6.744788582905E-1,6.234987238558E0,7.129139697768E0));
#873=CARTESIAN_POINT('',(-1.736090464145E0,6.211026492707E0,6.947340819398E0));
#874=CARTESIAN_POINT('',(-2.758427420662E0,6.187065746856E0,6.608375952192E0));
#875=CARTESIAN_POINT('',(-3.718361943719E0,6.163105001005E0,6.119913317692E0));
#876=CARTESIAN_POINT('',(-4.594177946191E0,6.139144255155E0,5.493003145757E0));
#877=CARTESIAN_POINT('',(-5.366062309410E0,6.115183509304E0,4.741827691101E0));
#878=CARTESIAN_POINT('',(-6.016553104797E0,6.091222763453E0,3.883380395702E0));
#879=CARTESIAN_POINT('',(-6.530934625760E0,6.067262017602E0,2.937081455223E0));
#880=CARTESIAN_POINT('',(-6.897570293286E0,6.043301271751E0,1.924338486273E0));
#881=CARTESIAN_POINT('',(-7.108165904062E0,6.019340525901E0,8.680622333057E-1));
#882=CARTESIAN_POINT('',(-7.157957265823E0,5.995379780050E0,
-2.078517289396E-1));
#883=CARTESIAN_POINT('',(-7.045817975125E0,5.971419034199E0,-1.279063572294E0));
#884=CARTESIAN_POINT('',(-6.774284899380E0,5.947458288348E0,-2.321339842117E0));
#885=CARTESIAN_POINT('',(-6.349500786648E0,5.923497542497E0,-3.311101677829E0));
#886=CARTESIAN_POINT('',(-5.781075301528E0,5.899536796647E0,-4.225958224904E0));
#887=CARTESIAN_POINT('',(-5.081867630831E0,5.875576050796E0,-5.045213171242E0));
#888=CARTESIAN_POINT('',(-4.267695577057E0,5.851615304945E0,-5.750332948807E0));
#889=CARTESIAN_POINT('',(-3.356977720672E0,5.827654559094E0,-6.325366008658E0));
#890=CARTESIAN_POINT('',(-2.370316746381E0,5.803693813243E0,-6.757303684340E0));
#891=CARTESIAN_POINT('',(-1.330033359576E0,5.779733067393E0,-7.036374480013E0));
#892=CARTESIAN_POINT('',(-2.596613369066E-1,5.755772321542E0,
-7.156265125796E0));
#893=CARTESIAN_POINT('',(8.165848658039E-1,5.731811575691E0,-7.114263399503E0));
#894=CARTESIAN_POINT('',(1.874357904287E0,5.707850829840E0,-6.911319483804E0));
#895=CARTESIAN_POINT('',(2.889728342822E0,5.683890083989E0,-6.552024470746E0));
#896=CARTESIAN_POINT('',(3.839725997112E0,5.659929338139E0,-6.044506499927E0));
#897=CARTESIAN_POINT('',(4.702859576516E0,5.635968592288E0,-5.400246879925E0));
#898=CARTESIAN_POINT('',(5.459602870066E0,5.612007846437E0,-4.633820352769E0));
#899=CARTESIAN_POINT('',(6.092836477531E0,5.588047100586E0,-3.762565377324E0));
#900=CARTESIAN_POINT('',(6.588235092485E0,5.564086354735E0,-2.806191890572E0));
#901=CARTESIAN_POINT('',(6.934591576081E0,5.540125608885E0,-1.786335420214E0));
#902=CARTESIAN_POINT('',(7.124070490178E0,5.516164863034E0,-7.260676356551E-1));
#903=CARTESIAN_POINT('',(7.152385354282E0,5.492204117183E0,3.506255900740E-1));
#904=CARTESIAN_POINT('',(7.018895616314E0,5.468243371332E0,1.419386799942E0));
#905=CARTESIAN_POINT('',(6.726621143474E0,5.444282625481E0,2.456037978683E0));
#906=CARTESIAN_POINT('',(6.282173905395E0,5.420321879631E0,3.437127519156E0));
#907=CARTESIAN_POINT('',(5.695608395081E0,5.396361133780E0,4.340460755548E0));
#908=CARTESIAN_POINT('',(4.980194171466E0,5.372400387929E0,5.145602061475E0));
#909=CARTESIAN_POINT('',(4.152115669259E0,5.348439642078E0,5.834337154267E0));
#910=CARTESIAN_POINT('',(3.230106067098E0,5.324478896227E0,6.391085146973E0));
#911=CARTESIAN_POINT('',(2.235023496836E0,5.300518150377E0,6.803251026469E0));
#912=CARTESIAN_POINT('',(1.189379181140E0,5.276557404526E0,7.061510583723E0));
#913=CARTESIAN_POINT('',(1.168281740973E-1,5.252596658675E0,7.160021350408E0));
#914=CARTESIAN_POINT('',(-9.583657744651E-1,5.228635912824E0,7.096554769950E0));
#915=CARTESIAN_POINT('',(-2.011879124864E0,5.204675166973E0,6.872546612974E0));
#916=CARTESIAN_POINT('',(-3.019878806033E0,5.180714421123E0,6.493064496633E0));
#917=CARTESIAN_POINT('',(-3.959561378390E0,5.156753675272E0,5.966693242603E0));
#918=CARTESIAN_POINT('',(-4.809668903896E0,5.132792929421E0,5.305340667240E0));
#919=CARTESIAN_POINT('',(-5.550969853056E0,5.108832183570E0,4.523968197393E0));
#920=CARTESIAN_POINT('',(-6.166694169569E0,5.084871437719E0,3.640252406024E0));
#921=CARTESIAN_POINT('',(-6.642912650367E0,5.060910691869E0,2.674185124512E0));
#922=CARTESIAN_POINT('',(-6.968852058554E0,5.036949946018E0,1.647621178111E0));
#923=CARTESIAN_POINT('',(-7.137138840605E0,5.012989200167E0,5.837839758816E-1));
#924=CARTESIAN_POINT('',(-7.143965934337E0,4.989028454316E0,
-4.932598601119E-1));
#925=CARTESIAN_POINT('',(-6.989178894047E0,4.965067708465E0,-1.559144941168E0));
#926=CARTESIAN_POINT('',(-6.676279384455E0,4.941106962615E0,-2.589758317153E0));
#927=CARTESIAN_POINT('',(-6.212345964410E0,4.917146216764E0,-3.561784970916E0));
#928=CARTESIAN_POINT('',(-5.607873952425E0,4.893185470913E0,-4.453235261502E0));
#929=CARTESIAN_POINT('',(-4.876537996677E0,4.869224725062E0,-5.243942384078E0));
#930=CARTESIAN_POINT('',(-4.034882720737E0,4.845263979211E0,-5.916018592809E0));
#931=CARTESIAN_POINT('',(-3.101948443359E0,4.821303233361E0,-6.454259865801E0));
#932=CARTESIAN_POINT('',(-2.098840439503E0,4.797342487510E0,-6.846489857593E0));
#933=CARTESIAN_POINT('',(-1.048251486935E0,4.773381741659E0,-7.083835358090E0));
#934=CARTESIAN_POINT('',(2.605150034012E-2,4.749420995808E0,-7.160927026616E0));
#935=CARTESIAN_POINT('',(1.099765138507E0,4.725460249957E0,-7.076020859106E0));
#936=CARTESIAN_POINT('',(2.148599375681E0,4.701499504107E0,-6.831037643783E0));
#937=CARTESIAN_POINT('',(3.148826995648E0,4.677538758256E0,-6.431519500712E0));
#938=CARTESIAN_POINT('',(4.077820375433E0,4.653578012405E0,-5.886504533293E0));
#939=CARTESIAN_POINT('',(4.914563417502E0,4.629617266554E0,-5.208322259858E0));
#940=CARTESIAN_POINT('',(5.640126838139E0,4.605656520703E0,-4.412315078437E0));
#941=CARTESIAN_POINT('',(6.238096945404E0,4.581695774853E0,-3.516489732529E0));
#942=CARTESIAN_POINT('',(6.542662249458E0,4.565721944285E0,-2.866240157903E0));
#943=CARTESIAN_POINT('',(6.669702833713E0,4.557735029002E0,-2.531532668052E0));
#945=DIRECTION('',(8.518188680400E-1,-5.E-1,-1.562197684388E-1));
#946=VECTOR('',#945,1.E0);
#947=CARTESIAN_POINT('',(7.016946776179E0,7.528867514501E0,-1.286876637335E0));
#948=LINE('',#947,#946);
#949=CARTESIAN_POINT('',(8.E0,7.E0,-1.265653248073E-14));
#950=CARTESIAN_POINT('',(8.E0,7.004813776650E0,-2.419668057420E-1));
#951=CARTESIAN_POINT('',(7.978029465591E0,7.014438805716E0,-7.257727377957E-1));
#952=CARTESIAN_POINT('',(7.912367547017E0,7.024058786317E0,-1.205348495525E0));
#953=CARTESIAN_POINT('',(7.868765644219E0,7.028867514501E0,-1.443096405774E0));
#955=CARTESIAN_POINT('',(7.479368190911E0,5.057735029002E0,-2.838846854762E0));
#956=CARTESIAN_POINT('',(7.593714751402E0,5.051324390719E0,-2.537583676073E0));
#957=CARTESIAN_POINT('',(7.786040017887E0,5.038500004007E0,-1.921082433974E0));
#958=CARTESIAN_POINT('',(7.961024978773E0,5.019237878513E0,-9.670046795659E-1));
#959=CARTESIAN_POINT('',(8.E0,5.006411861220E0,-3.222952976554E-1));
#960=CARTESIAN_POINT('',(8.E0,5.E0,0.E0));
#962=DIRECTION('',(-8.096653571982E-1,-5.E-1,3.073141867097E-1));
#963=VECTOR('',#962,1.E0);
#964=CARTESIAN_POINT('',(7.479368190911E0,5.057735029002E0,-2.838846854762E0));
#965=LINE('',#964,#963);
#966=DIRECTION('',(7.409478684689E-1,5.E-1,-4.483260601520E-1));
#967=VECTOR('',#966,7.623956929660E-2);
#968=CARTESIAN_POINT('',(6.103635352588E0,1.586602543503E0,-3.693132684062E0));
#969=LINE('',#968,#967);
#970=CARTESIAN_POINT('',(-8.E0,2.5E0,1.598722155460E-14));
#971=CARTESIAN_POINT('',(-8.E0,2.493646702559E0,-3.193515610867E-1));
#972=CARTESIAN_POINT('',(-7.961709694851E0,2.480940107676E0,
-9.580535814118E-1));
#973=CARTESIAN_POINT('',(-7.847387530995E0,2.468233512793E0,-1.587606487121E0));
#974=CARTESIAN_POINT('',(-7.771627693628E0,2.461880215352E0,-1.897841666639E0));
#976=CARTESIAN_POINT('',(8.E0,3.E0,0.E0));
#977=CARTESIAN_POINT('',(8.E0,2.992444015071E0,3.798052279E-1));
#978=CARTESIAN_POINT('',(7.945766960640E0,2.977330734819E0,1.139475293810E0));
#979=CARTESIAN_POINT('',(7.703928222061E0,2.954688395185E0,2.254551497366E0));
#980=CARTESIAN_POINT('',(7.305364374039E0,2.931979100517E0,3.327342385261E0));
#981=CARTESIAN_POINT('',(6.755150218213E0,2.909176778438E0,4.336098567266E0));
#982=CARTESIAN_POINT('',(6.074365892831E0,2.886601589606E0,5.247623750608E0));
#983=CARTESIAN_POINT('',(5.262297729201E0,2.863782262844E0,6.061735493605E0));
#984=CARTESIAN_POINT('',(4.351391052251E0,2.841184024857E0,6.745297093305E0));
#985=CARTESIAN_POINT('',(3.346464085229E0,2.818440202884E0,7.296323046651E0));
#986=CARTESIAN_POINT('',(2.279683253570E0,2.795831022271E0,7.696495054067E0));
#987=CARTESIAN_POINT('',(1.159651335934E0,2.773072043290E0,7.943379840228E0));
#988=CARTESIAN_POINT('',(1.096518027489E-2,2.750217276882E0,8.027200683233E0));
#989=CARTESIAN_POINT('',(-1.124972646358E0,2.727621341811E0,7.947753172223E0));
#990=CARTESIAN_POINT('',(-2.242338445614E0,2.704940265228E0,7.707464813161E0));
#991=CARTESIAN_POINT('',(-3.312293358572E0,2.682305860625E0,7.312110354473E0));
#992=CARTESIAN_POINT('',(-4.328070883239E0,2.659375616007E0,6.761185839383E0));
#993=CARTESIAN_POINT('',(-5.250892161083E0,2.636516563932E0,6.071602866344E0));
#994=CARTESIAN_POINT('',(-6.056895486543E0,2.613918112315E0,5.267136202009E0));
#995=CARTESIAN_POINT('',(-6.741249958618E0,2.591336424581E0,4.357972723383E0));
#996=CARTESIAN_POINT('',(-7.297013862009E0,2.568440856729E0,3.346808700054E0));
#997=CARTESIAN_POINT('',(-7.703027336523E0,2.545425554456E0,2.260280208237E0));
#998=CARTESIAN_POINT('',(-7.946575267058E0,2.522581674287E0,1.135111469866E0));
#999=CARTESIAN_POINT('',(-8.E0,2.507504030300E0,3.771937034165E-1));
#1000=CARTESIAN_POINT('',(-8.E0,2.5E0,1.598722155460E-14));
#1002=CARTESIAN_POINT('',(-8.E0,3.5E0,0.E0));
#1003=CARTESIAN_POINT('',(-8.E0,3.492447629078E0,-3.796235681084E-1));
#1004=CARTESIAN_POINT('',(-7.946012861148E0,3.477342698450E0,
-1.138912957324E0));
#1005=CARTESIAN_POINT('',(-7.702913952005E0,3.454619569754E0,
-2.257863509056E0));
#1006=CARTESIAN_POINT('',(-7.306120869050E0,3.432026207525E0,
-3.325087551543E0));
#1007=CARTESIAN_POINT('',(-6.757233222183E0,3.409253710683E0,
-4.332815542686E0));
#1008=CARTESIAN_POINT('',(-6.077825686965E0,3.386709237008E0,
-5.243441299735E0));
#1009=CARTESIAN_POINT('',(-5.268170942810E0,3.363938090632E0,
-6.056514302223E0));
#1010=CARTESIAN_POINT('',(-4.358991342614E0,3.341363922513E0,
-6.740325562797E0));
#1011=CARTESIAN_POINT('',(-3.354889078745E0,3.318623307543E0,
-7.292569150757E0));
#1012=CARTESIAN_POINT('',(-2.287446336984E0,3.295992904508E0,
-7.693937563538E0));
#1013=CARTESIAN_POINT('',(-1.176356313558E0,3.273407277424E0,
-7.940694906250E0));
#1014=CARTESIAN_POINT('',(-2.116279015627E-2,3.250419191736E0,
-8.028052176983E0));
#1015=CARTESIAN_POINT('',(1.136924051935E0,3.227384519632E0,-7.946936003302E0));
#1016=CARTESIAN_POINT('',(2.262190259799E0,3.204531004231E0,-7.701708277450E0));
#1017=CARTESIAN_POINT('',(3.325837154454E0,3.182005538452E0,-7.305309976769E0));
#1018=CARTESIAN_POINT('',(4.329515886966E0,3.159336954584E0,-6.759849298169E0));
#1019=CARTESIAN_POINT('',(5.255880657858E0,3.136397158781E0,-6.068178467379E0));
#1020=CARTESIAN_POINT('',(6.071823507081E0,3.113478728335E0,-5.250739420139E0));
#1021=CARTESIAN_POINT('',(6.753441185388E0,3.090878950596E0,-4.338347710792E0));
#1022=CARTESIAN_POINT('',(7.299767964746E0,3.068269128437E0,-3.338556635284E0));
#1023=CARTESIAN_POINT('',(7.700467621170E0,3.045583234375E0,-2.267818505077E0));
#1024=CARTESIAN_POINT('',(7.946100237660E0,3.022684201182E0,-1.140289705715E0));
#1025=CARTESIAN_POINT('',(8.E0,3.007554182898E0,-3.797146479167E-1));
#1026=CARTESIAN_POINT('',(8.E0,3.E0,0.E0));
#1028=CARTESIAN_POINT('',(8.E0,4.E0,-1.421084471520E-14));
#1029=CARTESIAN_POINT('',(8.E0,3.992454099953E0,3.792983064264E-1));
#1030=CARTESIAN_POINT('',(7.946154119547E0,3.977361240424E0,1.137990414027E0));
#1031=CARTESIAN_POINT('',(7.703012713640E0,3.954628125608E0,2.257442572629E0));
#1032=CARTESIAN_POINT('',(7.306993099026E0,3.932073126916E0,3.322885183742E0));
#1033=CARTESIAN_POINT('',(6.759470055032E0,3.909337190853E0,4.329249196701E0));
#1034=CARTESIAN_POINT('',(6.080553985933E0,3.886791213681E0,5.240319481552E0));
#1035=CARTESIAN_POINT('',(5.269505658780E0,3.863967846949E0,6.055778322491E0));
#1036=CARTESIAN_POINT('',(4.354810369674E0,3.841265412408E0,6.743009201877E0));
#1037=CARTESIAN_POINT('',(3.357081807375E0,3.818675008534E0,7.291098478576E0));
#1038=CARTESIAN_POINT('',(2.292556518258E0,3.796097052043E0,7.692671490447E0));
#1039=CARTESIAN_POINT('',(1.173507876792E0,3.773349655994E0,7.941342057598E0));
#1040=CARTESIAN_POINT('',(2.271063747660E-2,3.750450294233E0,8.027428922255E0));
#1041=CARTESIAN_POINT('',(-1.117661216236E0,3.727767460737E0,7.948718109896E0));
#1042=CARTESIAN_POINT('',(-2.229395167250E0,3.705206386048E0,7.710984577116E0));
#1043=CARTESIAN_POINT('',(-3.299589728312E0,3.682582296254E0,7.317887558459E0));
#1044=CARTESIAN_POINT('',(-4.316960210870E0,3.659638500615E0,6.768422407743E0));
#1045=CARTESIAN_POINT('',(-5.244400439335E0,3.636690979585E0,6.077539181612E0));
#1046=CARTESIAN_POINT('',(-6.052895937175E0,3.614037198544E0,5.271618703924E0));
#1047=CARTESIAN_POINT('',(-6.735752504492E0,3.591533725309E0,4.366260266940E0));
#1048=CARTESIAN_POINT('',(-7.293218497618E0,3.568623613338E0,3.355224997915E0));
#1049=CARTESIAN_POINT('',(-7.701202552492E0,3.545570090643E0,2.267335757300E0));
#1050=CARTESIAN_POINT('',(-7.946734703683E0,3.522591892293E0,1.135659198135E0));
#1051=CARTESIAN_POINT('',(-8.E0,3.507502366216E0,3.771100574141E-1));
#1052=CARTESIAN_POINT('',(-8.E0,3.5E0,0.E0));
#1054=DIRECTION('',(-7.409478684690E-1,5.E-1,4.483260601518E-1));
#1055=VECTOR('',#1054,7.623956929660E-2);
#1056=CARTESIAN_POINT('',(6.160124898951E0,1.548482758855E0,-3.727312869793E0));
#1057=LINE('',#1056,#1055);
#1058=CARTESIAN_POINT('',(6.669702833713E0,4.557735029002E0,-2.531532668052E0));
#1059=CARTESIAN_POINT('',(6.796743417967E0,4.549748113718E0,-2.196825178201E0));
#1060=CARTESIAN_POINT('',(7.000337932193E0,4.533774283151E0,-1.508251429420E0));
#1061=CARTESIAN_POINT('',(7.147365797780E0,4.509813537300E0,
-4.412677808597E-1));
#1062=CARTESIAN_POINT('',(7.132702345814E0,4.485852791449E0,6.356977215671E-1));
#1063=CARTESIAN_POINT('',(6.956679642394E0,4.461892045599E0,1.698282364E0));
#1064=CARTESIAN_POINT('',(6.623279663521E0,4.437931299748E0,2.722447618479E0));
#1065=CARTESIAN_POINT('',(6.140044763834E0,4.413970553897E0,3.685024405085E0));
#1066=CARTESIAN_POINT('',(5.517906902342E0,4.390009808046E0,4.564236844804E0));
#1067=CARTESIAN_POINT('',(4.770940374088E0,4.366049062195E0,5.340194987834E0));
#1068=CARTESIAN_POINT('',(3.916043404280E0,4.342088316345E0,5.995344745399E0));
#1069=CARTESIAN_POINT('',(2.972555871583E0,4.318127570494E0,6.514865014022E0));
#1070=CARTESIAN_POINT('',(1.961821791592E0,4.294166824643E0,6.887002963451E0));
#1071=CARTESIAN_POINT('',(9.067064627469E-1,4.270206078792E0,7.103339915208E0));
#1072=CARTESIAN_POINT('',(-1.689208031850E-1,4.246245332942E0,
7.158981793720E0));
#1073=CARTESIAN_POINT('',(-1.240726663811E0,4.222284587091E0,7.052669842427E0));
#1074=CARTESIAN_POINT('',(-2.284464226356E0,4.198323841240E0,6.786809099943E0));
#1075=CARTESIAN_POINT('',(-3.276521572191E0,4.174363095389E0,6.367413992158E0));
#1076=CARTESIAN_POINT('',(-4.194455916691E0,4.150402349538E0,5.803972271083E0));
#1077=CARTESIAN_POINT('',(-5.017501320384E0,4.126441603688E0,5.109230378492E0));
#1078=CARTESIAN_POINT('',(-5.727038465737E0,4.102480857837E0,4.298905089966E0));
#1079=CARTESIAN_POINT('',(-6.307015872051E0,4.078520111986E0,3.391327962651E0));
#1080=CARTESIAN_POINT('',(-6.744313019558E0,4.054559366135E0,2.407030630214E0));
#1081=CARTESIAN_POINT('',(-7.029037167942E0,4.030598620284E0,1.368280326634E0));
#1082=CARTESIAN_POINT('',(-7.154747154536E0,4.006637874434E0,
2.985761464369E-1));
#1083=CARTESIAN_POINT('',(-7.118599109309E0,3.982677128583E0,
-7.778825627975E-1));
#1084=CARTESIAN_POINT('',(-6.921410790224E0,3.958716382732E0,
-1.836743649379E0));
#1085=CARTESIAN_POINT('',(-6.567643083533E0,3.934755636881E0,
-2.854053063256E0));
#1086=CARTESIAN_POINT('',(-6.065299087528E0,3.910794891030E0,
-3.806796755725E0));
#1087=CARTESIAN_POINT('',(-5.425743062711E0,3.886834145180E0,
-4.673421313985E0));
#1088=CARTESIAN_POINT('',(-4.663443344185E0,3.862873399329E0,
-5.434321552516E0));
#1089=CARTESIAN_POINT('',(-3.795645032223E0,3.838912653478E0,
-6.072284030735E0));
#1090=CARTESIAN_POINT('',(-2.841979865551E0,3.814951907627E0,
-6.572876463495E0));
#1091=CARTESIAN_POINT('',(-1.824022102987E0,3.790991161776E0,
-6.924774214975E0));
#1092=CARTESIAN_POINT('',(-7.648004604829E-1,3.767030415926E0,
-7.120016489883E0));
#1093=CARTESIAN_POINT('',(3.117228552453E-1,3.743069670075E0,
-7.154186426288E0));
#1094=CARTESIAN_POINT('',(1.381194230949E0,3.719108924224E0,-7.026511015928E0));
#1095=CARTESIAN_POINT('',(2.419419585661E0,3.695148178373E0,-6.739878591569E0));
#1096=CARTESIAN_POINT('',(3.402911700493E0,3.671187432522E0,-6.300773485788E0));
#1097=CARTESIAN_POINT('',(4.309421557476E0,3.647226686672E0,-5.719129339377E0));
#1098=CARTESIAN_POINT('',(5.118441667230E0,3.623265940821E0,-5.008104377879E0));
#1099=CARTESIAN_POINT('',(5.811669998972E0,3.599305194970E0,-4.183783740062E0));
#1100=CARTESIAN_POINT('',(6.373424017604E0,3.575344449119E0,-3.264815592403E0));
#1101=CARTESIAN_POINT('',(6.790995461342E0,3.551383703268E0,-2.271989261550E0));
#1102=CARTESIAN_POINT('',(7.054937833956E0,3.527422957418E0,-1.227764928469E0));
#1103=CARTESIAN_POINT('',(7.159280107817E0,3.503462211567E0,
-1.557655237368E-1));
#1104=CARTESIAN_POINT('',(7.101661803270E0,3.479501465716E0,9.197576814250E-1));
#1105=CARTESIAN_POINT('',(6.883386388513E0,3.455540719865E0,1.974473698736E0));
#1106=CARTESIAN_POINT('',(6.509391791925E0,3.431579974014E0,2.984522249839E0));
#1107=CARTESIAN_POINT('',(5.988138693949E0,3.407619228164E0,3.927053544656E0));
#1108=CARTESIAN_POINT('',(5.331419125622E0,3.383658482313E0,4.780745200020E0));
#1109=CARTESIAN_POINT('',(4.554089703747E0,3.359697736462E0,5.526284604577E0));
#1110=CARTESIAN_POINT('',(3.673735537564E0,3.335736990611E0,6.146805817707E0));
#1111=CARTESIAN_POINT('',(2.710272410198E0,3.311776244760E0,6.628271118707E0));
#1112=CARTESIAN_POINT('',(1.685496234511E0,3.287815498910E0,6.959788574663E0));
#1113=CARTESIAN_POINT('',(6.225899757797E-1,3.263854753059E0,7.133858442850E0));
#1114=CARTESIAN_POINT('',(-4.544008041699E-1,3.239894007208E0,
7.146542833408E0));
#1115=CARTESIAN_POINT('',(-1.521111916896E0,3.215933261357E0,6.997554794129E0));
#1116=CARTESIAN_POINT('',(-2.553411725388E0,3.191972515506E0,6.690264802025E0));
#1117=CARTESIAN_POINT('',(-3.527947061234E0,3.168011769656E0,6.231624514819E0));
#1118=CARTESIAN_POINT('',(-4.422671530900E0,3.144051023805E0,5.632009507301E0));
#1119=CARTESIAN_POINT('',(-5.217344259544E0,3.120090277954E0,4.904984550227E0));
#1120=CARTESIAN_POINT('',(-5.893987789540E0,3.096129532103E0,4.066996741739E0));
#1121=CARTESIAN_POINT('',(-6.437294774920E0,3.072168786252E0,3.137003433430E0));
#1122=CARTESIAN_POINT('',(-6.834974271303E0,3.048208040402E0,2.136043368284E0));
#1123=CARTESIAN_POINT('',(-7.078029787383E0,3.024247294551E0,1.086760732402E0));
#1124=CARTESIAN_POINT('',(-7.160962807752E0,3.000286548700E0,
1.289288765005E-2));
#1125=CARTESIAN_POINT('',(-7.081897182891E0,2.976325802849E0,
-1.061266626028E0));
#1126=CARTESIAN_POINT('',(-6.842621572293E0,2.952365056998E0,
-2.111417670418E0));
#1127=CARTESIAN_POINT('',(-6.448548980577E0,2.928404311148E0,
-3.113803238111E0));
#1128=CARTESIAN_POINT('',(-5.908594301967E0,2.904443565297E0,
-4.045746894620E0));
#1129=CARTESIAN_POINT('',(-5.234972643395E0,2.880482819446E0,
-4.886165775276E0));
#1130=CARTESIAN_POINT('',(-4.442922988641E0,2.856522073595E0,
-5.616047531634E0));
#1131=CARTESIAN_POINT('',(-3.550363454929E0,2.832561327744E0,
-6.218880437705E0));
#1132=CARTESIAN_POINT('',(-2.577485940911E0,2.808600581894E0,
-6.681026925928E0));
#1133=CARTESIAN_POINT('',(-1.546299336098E0,2.784639836043E0,
-6.992032102597E0));
#1134=CARTESIAN_POINT('',(-4.801316254903E-1,2.760679090192E0,
-7.144860263348E0));
#1135=CARTESIAN_POINT('',(5.968978469989E-1,2.736718344341E0,
-7.136054058148E0));
#1136=CARTESIAN_POINT('',(1.660424017607E0,2.712757598490E0,-6.965812705085E0));
#1137=CARTESIAN_POINT('',(2.686387300572E0,2.688796852640E0,-6.637987483560E0));
#1138=CARTESIAN_POINT('',(3.651577875321E0,2.664836106789E0,-6.159994608848E0));
#1139=CARTESIAN_POINT('',(4.534160749872E0,2.640875360938E0,-5.542647459012E0));
#1140=CARTESIAN_POINT('',(5.314169722217E0,2.616914615087E0,-4.799911949613E0));
#1141=CARTESIAN_POINT('',(5.973959065074E0,2.592953869236E0,-3.948590590247E0));
#1142=CARTESIAN_POINT('',(6.498602715768E0,2.568993123386E0,-3.007942370323E0));
#1143=CARTESIAN_POINT('',(6.876231940593E0,2.545032377535E0,-1.999247073209E0));
#1144=CARTESIAN_POINT('',(7.098303834850E0,2.521071631684E0,
-9.453238750392E-1));
#1145=CARTESIAN_POINT('',(7.159794584427E0,2.497110885833E0,1.299848813545E-1));
#1146=CARTESIAN_POINT('',(7.059313116866E0,2.473150139982E0,1.202353059052E0));
#1147=CARTESIAN_POINT('',(6.799132570858E0,2.449189394132E0,2.247521044277E0));
#1148=CARTESIAN_POINT('',(6.385138872234E0,2.425228648281E0,3.241844558712E0));
#1149=CARTESIAN_POINT('',(5.826697579804E0,2.401267902430E0,4.162829551408E0));
#1150=CARTESIAN_POINT('',(5.136442013311E0,2.377307156579E0,4.989641069703E0));
#1151=CARTESIAN_POINT('',(4.329987456569E0,2.353346410728E0,5.703574597261E0));
#1152=CARTESIAN_POINT('',(3.425577901225E0,2.329385664878E0,6.288479196372E0));
#1153=CARTESIAN_POINT('',(2.443673322651E0,2.305424919027E0,6.731122882011E0));
#1154=CARTESIAN_POINT('',(1.406486824831E0,2.281464173176E0,7.021491961979E0));
#1155=CARTESIAN_POINT('',(3.374821251479E-1,2.257503427325E0,7.153017571331E0));
#1156=CARTESIAN_POINT('',(-7.391572527946E-1,2.233542681474E0,
7.122724276301E0));
#1157=CARTESIAN_POINT('',(-1.799075070134E0,2.209581935624E0,6.931297385958E0));
#1158=CARTESIAN_POINT('',(-2.818293370963E0,2.185621189773E0,6.583067448823E0));
#1159=CARTESIAN_POINT('',(-3.773754922843E0,2.161660443922E0,6.085912285178E0));
#1160=CARTESIAN_POINT('',(-4.643844828292E0,2.137699698071E0,5.451078771336E0));
#1161=CARTESIAN_POINT('',(-5.408879507084E0,2.113738952220E0,4.692928407552E0));
#1162=CARTESIAN_POINT('',(-6.051551987400E0,2.089778206370E0,3.828612425457E0));
#1163=CARTESIAN_POINT('',(-6.557323432223E0,2.065817460519E0,2.877683784884E0));
#1164=CARTESIAN_POINT('',(-6.914752043704E0,2.041856714668E0,1.861654837681E0));
#1165=CARTESIAN_POINT('',(-7.115751904853E0,2.017895968817E0,
8.035106652362E-1));
#1166=CARTESIAN_POINT('',(-7.155775902933E0,1.993935222966E0,
-2.728109007645E-1));
#1167=CARTESIAN_POINT('',(-7.033918596365E0,1.969974477116E0,
-1.342960811149E0));
#1168=CARTESIAN_POINT('',(-6.752936698053E0,1.946013731265E0,
-2.382729634822E0));
#1169=CARTESIAN_POINT('',(-6.319186711736E0,1.922052985414E0,
-3.368595235820E0));
#1170=CARTESIAN_POINT('',(-5.742481132191E0,1.898092239563E0,
-4.278254902059E0));
#1171=CARTESIAN_POINT('',(-5.035866462396E0,1.874131493712E0,
-5.091129887705E0));
#1172=CARTESIAN_POINT('',(-4.215328069439E0,1.850170747862E0,
-5.788830955172E0));
#1173=CARTESIAN_POINT('',(-3.299428556090E0,1.826210002011E0,
-6.355574385048E0));
#1174=CARTESIAN_POINT('',(-2.308887828906E0,1.802249256160E0,
-6.778539042738E0));
#1175=CARTESIAN_POINT('',(-1.266114362908E0,1.778288510309E0,
-7.048156424288E0));
#1176=CARTESIAN_POINT('',(-1.946982662956E-1,1.754327764458E0,
-7.158327119060E0));
#1177=CARTESIAN_POINT('',(8.811223848877E-1,1.730367018608E0,
-7.106558795282E0));
#1178=CARTESIAN_POINT('',(1.937009875976E0,1.706406272757E0,-6.894022575894E0));
#1179=CARTESIAN_POINT('',(2.949077417367E0,1.682445526906E0,-6.525526570412E0));
#1180=CARTESIAN_POINT('',(3.894429580333E0,1.658484781055E0,-6.009407008267E0));
#1181=CARTESIAN_POINT('',(4.751680032770E0,1.634524035204E0,-5.357340008612E0));
#1182=CARTESIAN_POINT('',(5.501436154419E0,1.610563289354E0,-4.584076109544E0));
#1183=CARTESIAN_POINT('',(5.918301882539E0,1.594589458786E0,-3.999433057372E0));
#1184=CARTESIAN_POINT('',(6.103635352588E0,1.586602543503E0,-3.693132684062E0));
#1186=DIRECTION('',(8.096653571983E-1,-5.E-1,-3.073141867097E-1));
#1187=VECTOR('',#1186,1.E0);
#1188=CARTESIAN_POINT('',(6.669702833713E0,4.557735029002E0,-2.531532668052E0));
#1189=LINE('',#1188,#1187);
#1190=CARTESIAN_POINT('',(8.E0,4.E0,-1.421084471520E-14));
#1191=CARTESIAN_POINT('',(8.E0,4.006383238003E0,-3.208565378530E-1));
#1192=CARTESIAN_POINT('',(7.961486982619E0,4.019171995402E0,
-9.637182466426E-1));
#1193=CARTESIAN_POINT('',(7.786010027896E0,4.038511446707E0,-1.921665302671E0));
#1194=CARTESIAN_POINT('',(7.593620364914E0,4.051329682331E0,-2.537832351445E0));
#1195=CARTESIAN_POINT('',(7.479368190911E0,4.057735029002E0,-2.838846854762E0));
#1197=CARTESIAN_POINT('',(9.E0,1.2E1,0.E0));
#1198=CARTESIAN_POINT('',(9.E0,1.23E1,0.E0));
#1199=VERTEX_POINT('',#1197);
#1200=VERTEX_POINT('',#1198);
#1201=CARTESIAN_POINT('',(6.5E0,1.35E1,0.E0));
#1202=VERTEX_POINT('',#1201);
#1203=CARTESIAN_POINT('',(-9.E0,1.2E1,0.E0));
#1204=CARTESIAN_POINT('',(-9.E0,1.23E1,0.E0));
#1205=VERTEX_POINT('',#1203);
#1206=VERTEX_POINT('',#1204);
#1207=CARTESIAN_POINT('',(-6.5E0,1.35E1,0.E0));
#1208=VERTEX_POINT('',#1207);
#1209=CARTESIAN_POINT('',(7.2E0,0.E0,0.E0));
#1210=CARTESIAN_POINT('',(-7.2E0,0.E0,0.E0));
#1211=VERTEX_POINT('',#1209);
#1212=VERTEX_POINT('',#1210);
#1213=CARTESIAN_POINT('',(7.2E0,1.826794919243E0,0.E0));
#1214=CARTESIAN_POINT('',(-7.2E0,1.826794919243E0,0.E0));
#1215=VERTEX_POINT('',#1213);
#1216=VERTEX_POINT('',#1214);
#1217=CARTESIAN_POINT('',(0.E0,1.2E1,-7.35E0));
#1218=CARTESIAN_POINT('',(0.E0,1.2E1,7.35E0));
#1219=VERTEX_POINT('',#1217);
#1220=VERTEX_POINT('',#1218);
#1221=CARTESIAN_POINT('',(0.E0,1.1E1,-7.35E0));
#1222=CARTESIAN_POINT('',(0.E0,1.1E1,7.35E0));
#1223=VERTEX_POINT('',#1221);
#1224=VERTEX_POINT('',#1222);
#1225=VERTEX_POINT('',#527);
#1226=VERTEX_POINT('',#653);
#1227=VERTEX_POINT('',#943);
#1228=VERTEX_POINT('',#1184);
#1229=CARTESIAN_POINT('',(8.E0,1.1E1,-1.540593560170E-14));
#1230=CARTESIAN_POINT('',(8.E0,1.E1,0.E0));
#1231=VERTEX_POINT('',#1229);
#1232=VERTEX_POINT('',#1230);
#1233=VERTEX_POINT('',#46);
#1234=VERTEX_POINT('',#474);
#1235=VERTEX_POINT('',#398);
#1236=VERTEX_POINT('',#422);
#1237=VERTEX_POINT('',#476);
#1238=VERTEX_POINT('',#500);
#1239=VERTEX_POINT('',#741);
#1240=VERTEX_POINT('',#765);
#1241=VERTEX_POINT('',#689);
#1242=VERTEX_POINT('',#713);
#1243=VERTEX_POINT('',#767);
#1244=VERTEX_POINT('',#791);
#1245=VERTEX_POINT('',#1028);
#1246=VERTEX_POINT('',#1052);
#1247=VERTEX_POINT('',#976);
#1248=VERTEX_POINT('',#1000);
#1249=CARTESIAN_POINT('',(6.160124898951E0,1.624722328151E0,-3.727312869793E0));
#1250=CARTESIAN_POINT('',(6.160124898951E0,1.548482758855E0,-3.727312869793E0));
#1251=VERTEX_POINT('',#1249);
#1252=VERTEX_POINT('',#1250);
#1253=VERTEX_POINT('',#142);
#1254=VERTEX_POINT('',#101);
#1255=CARTESIAN_POINT('',(-7.140182943521E0,2.086602540378E0,
-1.743642031225E0));
#1256=CARTESIAN_POINT('',(-7.771627693628E0,2.461880215352E0,
-1.897841666639E0));
#1257=VERTEX_POINT('',#1255);
#1258=VERTEX_POINT('',#1256);
#1259=VERTEX_POINT('',#302);
#1260=VERTEX_POINT('',#314);
#1261=CARTESIAN_POINT('',(-8.E0,1.1E1,0.E0));
#1262=VERTEX_POINT('',#1261);
#1263=CARTESIAN_POINT('',(7.868765644219E0,8.028867514501E0,-1.443096405774E0));
#1264=VERTEX_POINT('',#1263);
#1265=CARTESIAN_POINT('',(7.868765644219E0,7.028867514501E0,-1.443096405774E0));
#1266=VERTEX_POINT('',#1265);
#1267=CARTESIAN_POINT('',(7.479368190911E0,5.057735029002E0,-2.838846854762E0));
#1268=VERTEX_POINT('',#1267);
#1269=CARTESIAN_POINT('',(7.479368190911E0,4.057735029002E0,-2.838846854762E0));
#1270=VERTEX_POINT('',#1269);
#1271=CARTESIAN_POINT('',(0.E0,0.E0,0.E0));
#1272=DIRECTION('',(0.E0,-1.E0,0.E0));
#1273=DIRECTION('',(-1.E0,0.E0,0.E0));
#1274=AXIS2_PLACEMENT_3D('',#1271,#1272,#1273);
#1275=PLANE('',#1274);
#1277=ORIENTED_EDGE('',*,*,#1276,.F.);
#1279=ORIENTED_EDGE('',*,*,#1278,.T.);
#1280=EDGE_LOOP('',(#1277,#1279));
#1281=FACE_OUTER_BOUND('',#1280,.F.);
#1282=ADVANCED_FACE('',(#1281),#1275,.T.);
#1283=CARTESIAN_POINT('',(0.E0,1.4175E1,0.E0));
#1284=DIRECTION('',(0.E0,-1.E0,0.E0));
#1285=DIRECTION('',(-1.E0,0.E0,0.E0));
#1286=AXIS2_PLACEMENT_3D('',#1283,#1284,#1285);
#1287=CYLINDRICAL_SURFACE('',#1286,7.2E0);
#1289=ORIENTED_EDGE('',*,*,#1288,.F.);
#1291=ORIENTED_EDGE('',*,*,#1290,.F.);
#1292=ORIENTED_EDGE('',*,*,#1276,.T.);
#1294=ORIENTED_EDGE('',*,*,#1293,.T.);
#1295=EDGE_LOOP('',(#1289,#1291,#1292,#1294));
#1296=FACE_OUTER_BOUND('',#1295,.F.);
#1297=ADVANCED_FACE('',(#1296),#1287,.T.);
#1298=CARTESIAN_POINT('',(0.E0,2.274241377865E0,0.E0));
#1299=DIRECTION('',(0.E0,1.E0,0.E0));
#1300=DIRECTION('',(1.E0,0.E0,0.E0));
#1301=AXIS2_PLACEMENT_3D('',#1298,#1299,#1300);
#1302=CONICAL_SURFACE('',#1301,7.675E0,6.E1);
#1304=ORIENTED_EDGE('',*,*,#1303,.T.);
#1306=ORIENTED_EDGE('',*,*,#1305,.F.);
#1308=ORIENTED_EDGE('',*,*,#1307,.F.);
#1309=EDGE_LOOP('',(#1304,#1306,#1308));
#1310=FACE_OUTER_BOUND('',#1309,.F.);
#1311=ADVANCED_FACE('',(#1310),#1302,.T.);
#1312=CARTESIAN_POINT('',(0.E0,1.4175E1,0.E0));
#1313=DIRECTION('',(0.E0,-1.E0,0.E0));
#1314=DIRECTION('',(-1.E0,0.E0,0.E0));
#1315=AXIS2_PLACEMENT_3D('',#1312,#1313,#1314);
#1316=CYLINDRICAL_SURFACE('',#1315,8.E0);
#1318=ORIENTED_EDGE('',*,*,#1317,.F.);
#1320=ORIENTED_EDGE('',*,*,#1319,.T.);
#1322=ORIENTED_EDGE('',*,*,#1321,.T.);
#1323=EDGE_LOOP('',(#1318,#1320,#1322));
#1324=FACE_OUTER_BOUND('',#1323,.F.);
#1325=ADVANCED_FACE('',(#1324),#1316,.T.);
#1326=CARTESIAN_POINT('',(0.E0,1.2E1,0.E0));
#1327=DIRECTION('',(0.E0,-1.E0,0.E0));
#1328=DIRECTION('',(-1.E0,0.E0,0.E0));
#1329=AXIS2_PLACEMENT_3D('',#1326,#1327,#1328);
#1330=PLANE('',#1329);
#1332=ORIENTED_EDGE('',*,*,#1331,.F.);
#1334=ORIENTED_EDGE('',*,*,#1333,.T.);
#1335=EDGE_LOOP('',(#1332,#1334));
#1336=FACE_OUTER_BOUND('',#1335,.F.);
#1337=ADVANCED_FACE('',(#1336),#1330,.T.);
#1338=CARTESIAN_POINT('',(0.E0,1.4175E1,0.E0));
#1339=DIRECTION('',(0.E0,-1.E0,0.E0));
#1340=DIRECTION('',(-1.E0,0.E0,0.E0));
#1341=AXIS2_PLACEMENT_3D('',#1338,#1339,#1340);
#1342=CYLINDRICAL_SURFACE('',#1341,9.E0);
#1344=ORIENTED_EDGE('',*,*,#1343,.F.);
#1345=ORIENTED_EDGE('',*,*,#1331,.T.);
#1347=ORIENTED_EDGE('',*,*,#1346,.T.);
#1349=ORIENTED_EDGE('',*,*,#1348,.F.);
#1350=EDGE_LOOP('',(#1344,#1345,#1347,#1349));
#1351=FACE_OUTER_BOUND('',#1350,.F.);
#1352=ADVANCED_FACE('',(#1351),#1342,.T.);
#1353=CARTESIAN_POINT('',(0.E0,1.29E1,0.E0));
#1354=DIRECTION('',(0.E0,-1.E0,0.E0));
#1355=DIRECTION('',(-1.E0,0.E0,0.E0));
#1356=AXIS2_PLACEMENT_3D('',#1353,#1354,#1355);
#1357=CONICAL_SURFACE('',#1356,7.75E0,6.435899417569E1);
#1359=ORIENTED_EDGE('',*,*,#1358,.F.);
#1360=ORIENTED_EDGE('',*,*,#1348,.T.);
#1362=ORIENTED_EDGE('',*,*,#1361,.T.);
#1364=ORIENTED_EDGE('',*,*,#1363,.F.);
#1365=EDGE_LOOP('',(#1359,#1360,#1362,#1364));
#1366=FACE_OUTER_BOUND('',#1365,.F.);
#1367=ADVANCED_FACE('',(#1366),#1357,.T.);
#1368=CARTESIAN_POINT('',(0.E0,1.35E1,0.E0));
#1369=DIRECTION('',(0.E0,-1.E0,0.E0));
#1370=DIRECTION('',(-1.E0,0.E0,0.E0));
#1371=AXIS2_PLACEMENT_3D('',#1368,#1369,#1370);
#1372=PLANE('',#1371);
#1374=ORIENTED_EDGE('',*,*,#1373,.F.);
#1375=ORIENTED_EDGE('',*,*,#1363,.T.);
#1376=EDGE_LOOP('',(#1374,#1375));
#1377=FACE_OUTER_BOUND('',#1376,.F.);
#1378=ADVANCED_FACE('',(#1377),#1372,.F.);
#1379=CARTESIAN_POINT('',(0.E0,1.4175E1,0.E0));
#1380=DIRECTION('',(0.E0,-1.E0,0.E0));
#1381=DIRECTION('',(-1.E0,0.E0,0.E0));
#1382=AXIS2_PLACEMENT_3D('',#1379,#1380,#1381);
#1383=CYLINDRICAL_SURFACE('',#1382,7.2E0);
#1385=ORIENTED_EDGE('',*,*,#1384,.T.);
#1387=ORIENTED_EDGE('',*,*,#1386,.F.);
#1389=ORIENTED_EDGE('',*,*,#1388,.F.);
#1390=ORIENTED_EDGE('',*,*,#1293,.F.);
#1391=ORIENTED_EDGE('',*,*,#1278,.F.);
#1392=ORIENTED_EDGE('',*,*,#1290,.T.);
#1394=ORIENTED_EDGE('',*,*,#1393,.F.);
#1396=ORIENTED_EDGE('',*,*,#1395,.F.);
#1397=EDGE_LOOP('',(#1385,#1387,#1389,#1390,#1391,#1392,#1394,#1396));
#1398=FACE_OUTER_BOUND('',#1397,.F.);
#1399=ADVANCED_FACE('',(#1398),#1383,.T.);
#1400=CARTESIAN_POINT('',(0.E0,1.4175E1,0.E0));
#1401=DIRECTION('',(0.E0,-1.E0,0.E0));
#1402=DIRECTION('',(-1.E0,0.E0,0.E0));
#1403=AXIS2_PLACEMENT_3D('',#1400,#1401,#1402);
#1404=CYLINDRICAL_SURFACE('',#1403,8.E0);
#1406=ORIENTED_EDGE('',*,*,#1405,.F.);
#1408=ORIENTED_EDGE('',*,*,#1407,.T.);
#1409=ORIENTED_EDGE('',*,*,#1319,.F.);
#1411=ORIENTED_EDGE('',*,*,#1410,.F.);
#1412=EDGE_LOOP('',(#1406,#1408,#1409,#1411));
#1413=FACE_OUTER_BOUND('',#1412,.F.);
#1414=ADVANCED_FACE('',(#1413),#1404,.T.);
#1415=CARTESIAN_POINT('',(0.E0,1.4175E1,0.E0));
#1416=DIRECTION('',(0.E0,-1.E0,0.E0));
#1417=DIRECTION('',(-1.E0,0.E0,0.E0));
#1418=AXIS2_PLACEMENT_3D('',#1415,#1416,#1417);
#1419=CYLINDRICAL_SURFACE('',#1418,9.E0);
#1420=ORIENTED_EDGE('',*,*,#1343,.T.);
#1422=ORIENTED_EDGE('',*,*,#1421,.T.);
#1423=ORIENTED_EDGE('',*,*,#1346,.F.);
#1424=ORIENTED_EDGE('',*,*,#1333,.F.);
#1425=EDGE_LOOP('',(#1420,#1422,#1423,#1424));
#1426=FACE_OUTER_BOUND('',#1425,.F.);
#1427=ADVANCED_FACE('',(#1426),#1419,.T.);
#1428=CARTESIAN_POINT('',(0.E0,1.29E1,0.E0));
#1429=DIRECTION('',(0.E0,-1.E0,0.E0));
#1430=DIRECTION('',(-1.E0,0.E0,0.E0));
#1431=AXIS2_PLACEMENT_3D('',#1428,#1429,#1430);
#1432=CONICAL_SURFACE('',#1431,7.75E0,6.435899417569E1);
#1433=ORIENTED_EDGE('',*,*,#1358,.T.);
#1434=ORIENTED_EDGE('',*,*,#1373,.T.);
#1435=ORIENTED_EDGE('',*,*,#1361,.F.);
#1436=ORIENTED_EDGE('',*,*,#1421,.F.);
#1437=EDGE_LOOP('',(#1433,#1434,#1435,#1436));
#1438=FACE_OUTER_BOUND('',#1437,.F.);
#1439=ADVANCED_FACE('',(#1438),#1432,.T.);
#1440=CARTESIAN_POINT('',(0.E0,1.826794919243E0,0.E0));
#1441=DIRECTION('',(0.E0,-1.E0,0.E0));
#1442=DIRECTION('',(9.999813293488E-1,0.E0,-6.110724498626E-3));
#1443=AXIS2_PLACEMENT_3D('',#1440,#1441,#1442);
#1444=TOROIDAL_SURFACE('',#1443,7.5E0,3.E-1);
#1445=ORIENTED_EDGE('',*,*,#1307,.T.);
#1447=ORIENTED_EDGE('',*,*,#1446,.F.);
#1448=ORIENTED_EDGE('',*,*,#1393,.T.);
#1449=ORIENTED_EDGE('',*,*,#1288,.T.);
#1451=ORIENTED_EDGE('',*,*,#1450,.F.);
#1453=ORIENTED_EDGE('',*,*,#1452,.F.);
#1454=EDGE_LOOP('',(#1445,#1447,#1448,#1449,#1451,#1453));
#1455=FACE_OUTER_BOUND('',#1454,.F.);
#1456=ADVANCED_FACE('',(#1455),#1444,.F.);
#1457=CARTESIAN_POINT('',(0.E0,1.826794919243E0,0.E0));
#1458=DIRECTION('',(0.E0,-1.E0,0.E0));
#1459=DIRECTION('',(-9.999813293488E-1,0.E0,6.110724498625E-3));
#1460=AXIS2_PLACEMENT_3D('',#1457,#1458,#1459);
#1461=TOROIDAL_SURFACE('',#1460,7.5E0,3.E-1);
#1463=ORIENTED_EDGE('',*,*,#1462,.F.);
#1464=ORIENTED_EDGE('',*,*,#1450,.T.);
#1465=ORIENTED_EDGE('',*,*,#1388,.T.);
#1466=EDGE_LOOP('',(#1463,#1464,#1465));
#1467=FACE_OUTER_BOUND('',#1466,.F.);
#1468=ADVANCED_FACE('',(#1467),#1461,.F.);
#1469=CARTESIAN_POINT('',(0.E0,1.1E1,0.E0));
#1470=DIRECTION('',(0.E0,-1.E0,0.E0));
#1471=DIRECTION('',(0.E0,0.E0,-1.E0));
#1472=AXIS2_PLACEMENT_3D('',#1469,#1470,#1471);
#1473=PLANE('',#1472);
#1474=ORIENTED_EDGE('',*,*,#1321,.F.);
#1475=ORIENTED_EDGE('',*,*,#1407,.F.);
#1476=EDGE_LOOP('',(#1474,#1475));
#1477=FACE_OUTER_BOUND('',#1476,.F.);
#1478=ADVANCED_FACE('',(#1477),#1473,.F.);
#1479=CARTESIAN_POINT('',(0.E0,1.2E1,0.E0));
#1480=DIRECTION('',(0.E0,-1.E0,0.E0));
#1481=DIRECTION('',(0.E0,0.E0,-1.E0));
#1482=AXIS2_PLACEMENT_3D('',#1479,#1480,#1481);
#1483=CYLINDRICAL_SURFACE('',#1482,7.35E0);
#1485=ORIENTED_EDGE('',*,*,#1484,.T.);
#1487=ORIENTED_EDGE('',*,*,#1486,.T.);
#1489=ORIENTED_EDGE('',*,*,#1488,.T.);
#1491=ORIENTED_EDGE('',*,*,#1490,.F.);
#1492=EDGE_LOOP('',(#1485,#1487,#1489,#1491));
#1493=FACE_OUTER_BOUND('',#1492,.F.);
#1494=ADVANCED_FACE('',(#1493),#1483,.T.);
#1495=CARTESIAN_POINT('',(0.E0,1.2E1,0.E0));
#1496=DIRECTION('',(0.E0,-1.E0,0.E0));
#1497=DIRECTION('',(0.E0,0.E0,-1.E0));
#1498=AXIS2_PLACEMENT_3D('',#1495,#1496,#1497);
#1499=CYLINDRICAL_SURFACE('',#1498,7.35E0);
#1501=ORIENTED_EDGE('',*,*,#1500,.T.);
#1502=ORIENTED_EDGE('',*,*,#1490,.T.);
#1504=ORIENTED_EDGE('',*,*,#1503,.T.);
#1505=ORIENTED_EDGE('',*,*,#1486,.F.);
#1506=EDGE_LOOP('',(#1501,#1502,#1504,#1505));
#1507=FACE_OUTER_BOUND('',#1506,.F.);
#1508=ADVANCED_FACE('',(#1507),#1499,.T.);
#1509=CARTESIAN_POINT('',(8.E0,1.1E1,0.E0));
#1510=DIRECTION('',(0.E0,0.E0,1.E0));
#1511=DIRECTION('',(-1.E0,0.E0,0.E0));
#1512=AXIS2_PLACEMENT_3D('',#1509,#1510,#1511);
#1513=PLANE('',#1512);
#1514=ORIENTED_EDGE('',*,*,#1405,.T.);
#1516=ORIENTED_EDGE('',*,*,#1515,.F.);
#1518=ORIENTED_EDGE('',*,*,#1517,.F.);
#1519=EDGE_LOOP('',(#1514,#1516,#1518));
#1520=FACE_OUTER_BOUND('',#1519,.F.);
#1521=ADVANCED_FACE('',(#1520),#1513,.T.);
#1522=CARTESIAN_POINT('',(8.E0,1.1E1,0.E0));
#1523=CARTESIAN_POINT('',(8.E0,1.099226267582E1,3.889203328869E-1));
#1524=CARTESIAN_POINT('',(7.943177250599E0,1.097678802746E1,1.166757603611E0));
#1525=CARTESIAN_POINT('',(7.689284664957E0,1.095357605491E1,2.308742321144E0));
#1526=CARTESIAN_POINT('',(7.272124550337E0,1.093036408237E1,3.401704499752E0));
#1527=CARTESIAN_POINT('',(6.700554518866E0,1.090715210983E1,4.422438062711E0));
#1528=CARTESIAN_POINT('',(5.986710787468E0,1.088394013729E1,5.349269400913E0));
#1529=CARTESIAN_POINT('',(5.145750488071E0,1.086072816474E1,6.162519056658E0));
#1530=CARTESIAN_POINT('',(4.195529834359E0,1.083751619220E1,6.844919182001E0));
#1531=CARTESIAN_POINT('',(3.156224978584E0,1.081430421966E1,7.381980295737E0));
#1532=CARTESIAN_POINT('',(2.049903608841E0,1.079109224711E1,7.762298911772E0));
#1533=CARTESIAN_POINT('',(9.000563831253E-1,1.076788027457E1,7.977799678399E0));
#1534=CARTESIAN_POINT('',(-2.689018507030E-1,1.074466830203E1,
8.023906841190E0));
#1535=CARTESIAN_POINT('',(-1.432150458394E0,1.072145632948E1,7.899641401098E0));
#1536=CARTESIAN_POINT('',(-2.564990038892E0,1.069824435694E1,7.607641901523E0));
#1537=CARTESIAN_POINT('',(-3.643366869765E0,1.067503238440E1,7.154108403828E0));
#1538=CARTESIAN_POINT('',(-4.644383642856E0,1.065182041186E1,6.548670840666E0));
#1539=CARTESIAN_POINT('',(-5.546785645648E0,1.062860843931E1,5.804184542436E0));
#1540=CARTESIAN_POINT('',(-6.331412065198E0,1.060539646677E1,4.936457278463E0));
#1541=CARTESIAN_POINT('',(-6.981602832034E0,1.058218449423E1,3.963913608690E0));
#1542=CARTESIAN_POINT('',(-7.483552365471E0,1.055897252168E1,2.907203672719E0));
#1543=CARTESIAN_POINT('',(-7.826602709201E0,1.053576054914E1,1.788764722860E0));
#1544=CARTESIAN_POINT('',(-8.003469832995E0,1.051254857660E1,
6.323447111786E-1));
#1545=CARTESIAN_POINT('',(-8.010398295416E0,1.048933660405E1,
-5.375019536901E-1));
#1546=CARTESIAN_POINT('',(-7.847240983566E0,1.046612463151E1,
-1.695935773330E0));
#1547=CARTESIAN_POINT('',(-7.517462236757E0,1.044291265897E1,
-2.818359579675E0));
#1548=CARTESIAN_POINT('',(-7.028064287765E0,1.041970068643E1,
-3.880940809708E0));
#1549=CARTESIAN_POINT('',(-6.389438583558E0,1.039648871388E1,
-4.861117545211E0));
#1550=CARTESIAN_POINT('',(-5.615145142422E0,1.037327674134E1,
-5.738077572755E0));
#1551=CARTESIAN_POINT('',(-4.721624632423E0,1.035006476880E1,
-6.493200291991E0));
#1552=CARTESIAN_POINT('',(-3.727849284674E0,1.032685279625E1,
-7.110452089155E0));
#1553=CARTESIAN_POINT('',(-2.654920053615E0,1.030364082371E1,
-7.576726780763E0));
#1554=CARTESIAN_POINT('',(-1.525618577844E0,1.028042885117E1,
-7.882123898821E0));
#1555=CARTESIAN_POINT('',(-3.639234547804E-1,1.025721687863E1,
-8.020158908680E0));
#1556=CARTESIAN_POINT('',(8.054988998510E-1,1.023400490608E1,
-7.987900895965E0));
#1557=CARTESIAN_POINT('',(1.957817997066E0,1.021079293354E1,-7.786034799035E0));
#1558=CARTESIAN_POINT('',(3.068566503453E0,1.018758096100E1,-7.418846865606E0));
#1559=CARTESIAN_POINT('',(4.114159759077E0,1.016436898845E1,-6.894133642323E0));
#1560=CARTESIAN_POINT('',(5.072396553477E0,1.014115701591E1,-6.223036429726E0));
#1561=CARTESIAN_POINT('',(5.922930526695E0,1.011794504337E1,-5.419804717642E0));
#1562=CARTESIAN_POINT('',(6.647702186051E0,1.009473307082E1,-4.501493624009E0));
#1563=CARTESIAN_POINT('',(7.231322365577E0,1.007152109828E1,-3.487601761458E0));
#1564=CARTESIAN_POINT('',(7.661398986070E0,1.004830912574E1,-2.399657220867E0));
#1565=CARTESIAN_POINT('',(7.928800177642E0,1.002509715320E1,-1.260760462754E0));
#1566=CARTESIAN_POINT('',(8.027848177835E0,1.000188518065E1,
-9.509382234841E-2));
#1567=CARTESIAN_POINT('',(7.956439888254E0,9.978673208110E0,1.072591956907E0));
#1568=CARTESIAN_POINT('',(7.716091529912E0,9.955461235567E0,2.217503258947E0));
#1569=CARTESIAN_POINT('',(7.311906449125E0,9.932249263024E0,3.315330040987E0));
#1570=CARTESIAN_POINT('',(6.752466757527E0,9.909037290481E0,4.342762011660E0));
#1571=CARTESIAN_POINT('',(6.049651107040E0,9.885825317938E0,5.277983581303E0));
#1572=CARTESIAN_POINT('',(5.218382468992E0,9.862613345395E0,6.101137075066E0));
#1573=CARTESIAN_POINT('',(4.276311272825E0,9.839401372852E0,6.794744373362E0));
#1574=CARTESIAN_POINT('',(3.243440632357E0,9.816189400309E0,7.344078026941E0));
#1575=CARTESIAN_POINT('',(2.141701617195E0,9.792977427766E0,7.737473966633E0));
#1576=CARTESIAN_POINT('',(9.944875876353E-1,9.769765455223E0,7.966579167965E0));
#1577=CARTESIAN_POINT('',(-1.738425194409E-1,9.746553482680E0,
8.026529011961E0));
#1578=CARTESIAN_POINT('',(-1.338481406876E0,9.723341510137E0,7.916050576194E0));
#1579=CARTESIAN_POINT('',(-2.474700153634E0,9.700129537594E0,7.637489662908E0));
#1580=CARTESIAN_POINT('',(-3.558373287029E0,9.676917565051E0,7.196760990305E0));
#1581=CARTESIAN_POINT('',(-4.566491041859E0,9.653705592508E0,6.603222604611E0));
#1582=CARTESIAN_POINT('',(-5.477647929587E0,9.630493619965E0,5.869477179520E0));
#1583=CARTESIAN_POINT('',(-6.272497243719E0,9.607281647422E0,5.011104422077E0));
#1584=CARTESIAN_POINT('',(-6.934161850803E0,9.584069674879E0,4.046330266832E0));
#1585=CARTESIAN_POINT('',(-7.448592544690E0,9.560857702336E0,2.995639882331E0));
#1586=CARTESIAN_POINT('',(-7.804866355052E0,9.537645729793E0,1.881342707002E0));
#1587=CARTESIAN_POINT('',(-7.995418476166E0,9.514433757250E0,
7.270987501044E-1));
#1588=CARTESIAN_POINT('',(-8.016202891358E0,9.491221784708E0,
-4.425837841677E-1));
#1589=CARTESIAN_POINT('',(-7.866778282578E0,9.468009812165E0,
-1.602868882403E0));
#1590=CARTESIAN_POINT('',(-7.550317400962E0,9.444797839622E0,
-2.729120068108E0));
#1591=CARTESIAN_POINT('',(-7.073539699411E0,9.421585867079E0,
-3.797423511050E0));
#1592=CARTESIAN_POINT('',(-6.446568657625E0,9.398373894536E0,
-4.785095792557E0));
#1593=CARTESIAN_POINT('',(-5.682716829007E0,9.375161921993E0,
-5.671165545348E0));
#1594=CARTESIAN_POINT('',(-4.798203173576E0,9.351949949450E0,
-6.436818741157E0));
#1595=CARTESIAN_POINT('',(-3.811808678792E0,9.328737976907E0,
-7.065798171311E0));
#1596=CARTESIAN_POINT('',(-2.744477580535E0,9.305526004364E0,
-7.544748638050E0));
#1597=CARTESIAN_POINT('',(-1.618872651560E0,9.282314031821E0,
-7.863500527084E0));
#1598=CARTESIAN_POINT('',(-4.588940000518E-1,9.259102059278E0,
-8.015285740268E0));
#1599=CARTESIAN_POINT('',(7.108284043171E-1,9.235890086735E0,
-7.996881403462E0));
#1600=CARTESIAN_POINT('',(1.865457701569E0,9.212678114192E0,-7.808678298219E0));
#1601=CARTESIAN_POINT('',(2.980477505530E0,9.189466141649E0,-7.454672564268E0));
#1602=CARTESIAN_POINT('',(4.032212463279E0,9.166254169106E0,-6.942380848988E0));
#1603=CARTESIAN_POINT('',(4.998330956835E0,9.143042196563E0,-6.282680705508E0));
#1604=CARTESIAN_POINT('',(5.858319273150E0,9.119830224020E0,-5.489579628283E0));
#1605=CARTESIAN_POINT('',(6.593917174314E0,9.096618251477E0,-4.579917630231E0));
#1606=CARTESIAN_POINT('',(7.189505619431E0,9.073406278934E0,-3.573009676672E0));
#1607=CARTESIAN_POINT('',(7.632438405639E0,9.050194306391E0,-2.490235568284E0));
#1608=CARTESIAN_POINT('',(7.913310686500E0,9.026982333848E0,-1.354585981157E0));
#1609=CARTESIAN_POINT('',(8.026158666256E0,9.003770361305E0,
-1.901743029434E-1));
#1610=CARTESIAN_POINT('',(7.968586229846E0,8.980558388762E0,9.782753696835E-1));
#1611=CARTESIAN_POINT('',(7.741815819907E0,8.957346416219E0,2.125953200816E0));
#1612=CARTESIAN_POINT('',(7.350662480502E0,8.934134443676E0,3.228490405616E0));
#1613=CARTESIAN_POINT('',(6.803431618697E0,8.910922471133E0,4.262476675729E0));
#1614=CARTESIAN_POINT('',(6.111742654824E0,8.887710498591E0,5.205957253246E0));
#1615=CARTESIAN_POINT('',(5.290282305902E0,8.864498526048E0,6.038899098783E0));
#1616=CARTESIAN_POINT('',(4.356492740764E0,8.841286553505E0,6.743616255474E0));
#1617=CARTESIAN_POINT('',(3.330201228333E0,8.818074580962E0,7.305145377077E0));
#1618=CARTESIAN_POINT('',(2.233199142781E0,8.794862608419E0,7.711563446546E0));
#1619=CARTESIAN_POINT('',(1.088779264594E0,8.771650635876E0,7.954240938921E0));
#1620=CARTESIAN_POINT('',(-7.875879790850E-2,8.748438663333E0,
8.028025053098E0));
#1621=CARTESIAN_POINT('',(-1.244624565148E0,8.725226690790E0,7.931349121887E0));
#1622=CARTESIAN_POINT('',(-2.384063065598E0,8.702014718247E0,7.666265877249E0));
#1623=CARTESIAN_POINT('',(-3.472880461146E0,8.678802745704E0,7.238403864390E0));
#1624=CARTESIAN_POINT('',(-4.487957757838E0,8.655590773161E0,6.656847930161E0));
#1625=CARTESIAN_POINT('',(-5.407741694327E0,8.632378800618E0,5.933946323389E0));
#1626=CARTESIAN_POINT('',(-6.212702384928E0,8.609166828075E0,5.085048502987E0));
#1627=CARTESIAN_POINT('',(-6.885748000088E0,8.585954855532E0,4.128179221001E0));
#1628=CARTESIAN_POINT('',(-7.412587679310E0,8.562742882989E0,3.083655800826E0));
#1629=CARTESIAN_POINT('',(-7.782034970752E0,8.539530910446E0,1.973656736978E0));
#1630=CARTESIAN_POINT('',(-7.986245354541E0,8.516318937903E0,
8.217507763859E-1));
#1631=CARTESIAN_POINT('',(-8.020882806431E0,8.493106965360E0,
-3.476035197205E-1));
#1632=CARTESIAN_POINT('',(-7.885211865136E0,8.469894992817E0,
-1.509577107451E0));
#1633=CARTESIAN_POINT('',(-7.582113248474E0,8.446683020274E0,
-2.639497658408E0));
#1634=CARTESIAN_POINT('',(-7.118022686728E0,8.423471047731E0,
-3.713373430271E0));
#1635=CARTESIAN_POINT('',(-6.502794271995E0,8.400259075188E0,
-4.708402686424E0));
#1636=CARTESIAN_POINT('',(-5.749491225030E0,8.377047102645E0,
-5.603457848037E0));
#1637=CARTESIAN_POINT('',(-4.874108522272E0,8.353835130102E0,
-6.379534098548E0));
#1638=CARTESIAN_POINT('',(-3.895233272537E0,8.330623157559E0,
-7.020152915282E0));
#1639=CARTESIAN_POINT('',(-2.833650054648E0,8.307411185016E0,
-7.511711959947E0));
#1640=CARTESIAN_POINT('',(-1.711899595908E0,8.284199212474E0,
-7.843773898764E0));
#1641=CARTESIAN_POINT('',(-5.538001620604E-1,8.260987239931E0,
-8.009288019666E0));
#1642=CARTESIAN_POINT('',(6.160581788860E-1,8.237775267388E0,
-8.004739940901E0));
#1643=CARTESIAN_POINT('',(1.772835680579E0,8.214563294845E0,-7.830226232476E0));
#1644=CARTESIAN_POINT('',(2.891970343818E0,8.191351322302E0,-7.489452365133E0));
#1645=CARTESIAN_POINT('',(3.949699444135E0,8.168139349759E0,-6.989654033653E0));
#1646=CARTESIAN_POINT('',(4.923564090042E0,8.144927377216E0,-6.341443512923E0));
#1647=CARTESIAN_POINT('',(5.792886090277E0,8.121715404673E0,-5.558584354302E0));
#1648=CARTESIAN_POINT('',(6.539207035635E0,8.098503432130E0,-4.657699037545E0));
#1649=CARTESIAN_POINT('',(7.146680156842E0,8.075291459587E0,-3.657916415118E0));
#1650=CARTESIAN_POINT('',(7.602407068910E0,8.052079487044E0,-2.580464085899E0));
#1651=CARTESIAN_POINT('',(7.798609452404E0,8.036604838682E0,-1.825636774994E0));
#1652=CARTESIAN_POINT('',(7.868765644219E0,8.028867514501E0,-1.443096405774E0));
#1653=CARTESIAN_POINT('',(7.711324865405E0,1.083333333333E1,0.E0));
#1654=CARTESIAN_POINT('',(7.711324865405E0,1.082559600915E1,3.748863792066E-1));
#1655=CARTESIAN_POINT('',(7.656552530358E0,1.081012136079E1,1.124655865078E0));
#1656=CARTESIAN_POINT('',(7.411821504258E0,1.078690938825E1,2.225432758606E0));
#1657=CARTESIAN_POINT('',(7.009714358667E0,1.076369741570E1,3.278956061712E0));
#1658=CARTESIAN_POINT('',(6.458769084167E0,1.074048544316E1,4.262857074838E0));
#1659=CARTESIAN_POINT('',(5.770683969674E0,1.071727347062E1,5.156244267877E0));
#1660=CARTESIAN_POINT('',(4.960069211229E0,1.069406149808E1,5.940148304393E0));
#1661=CARTESIAN_POINT('',(4.044136691905E0,1.067084952553E1,6.597924436231E0));
#1662=CARTESIAN_POINT('',(3.042334519771E0,1.064763755299E1,7.115606026306E0));
#1663=CARTESIAN_POINT('',(1.975934083817E0,1.062442558045E1,7.482201076382E0));
#1664=CARTESIAN_POINT('',(8.675783959326E-1,1.060121360790E1,7.689925628908E0));
#1665=CARTESIAN_POINT('',(-2.591986909599E-1,1.057800163536E1,
7.734369042770E0));
#1666=CARTESIAN_POINT('',(-1.380472180102E0,1.055478966282E1,7.614587645509E0));
#1667=CARTESIAN_POINT('',(-2.472433933303E0,1.053157769027E1,7.333124770289E0));
#1668=CARTESIAN_POINT('',(-3.511898192077E0,1.050836571773E1,6.895956753030E0));
#1669=CARTESIAN_POINT('',(-4.476793883705E0,1.048515374519E1,6.312366036123E0));
#1670=CARTESIAN_POINT('',(-5.346633259045E0,1.046194177265E1,5.594744073186E0));
#1671=CARTESIAN_POINT('',(-6.102946911435E0,1.043872980010E1,4.758328219803E0));
#1672=CARTESIAN_POINT('',(-6.729675939881E0,1.041551782756E1,3.820878196876E0));
#1673=CARTESIAN_POINT('',(-7.213512929677E0,1.039230585502E1,2.802298996280E0));
#1674=CARTESIAN_POINT('',(-7.544184510389E0,1.036909388247E1,1.724218235719E0));
#1675=CARTESIAN_POINT('',(-7.714669491587E0,1.034588190993E1,
6.095269368524E-1));
#1676=CARTESIAN_POINT('',(-7.721347944655E0,1.032266993739E1,
-5.181065225868E-1));
#1677=CARTESIAN_POINT('',(-7.564078065175E0,1.029945796485E1,
-1.634738962376E0));
#1678=CARTESIAN_POINT('',(-7.246199183882E0,1.027624599230E1,
-2.716660788300E0));
#1679=CARTESIAN_POINT('',(-6.774460862239E0,1.025303401976E1,
-3.740899420883E0));
#1680=CARTESIAN_POINT('',(-6.158879578171E0,1.022982204722E1,
-4.685707075005E0));
#1681=CARTESIAN_POINT('',(-5.412526044952E0,1.020661007467E1,
-5.531022533301E0));
#1682=CARTESIAN_POINT('',(-4.551247679139E0,1.018339810213E1,
-6.258897108461E0));
#1683=CARTESIAN_POINT('',(-3.593332110424E0,1.016018612959E1,
-6.853875749922E0));
#1684=CARTESIAN_POINT('',(-2.559118878138E0,1.013697415704E1,
-7.303325202860E0));
#1685=CARTESIAN_POINT('',(-1.470567559306E0,1.011376218450E1,
-7.597702251647E0));
#1686=CARTESIAN_POINT('',(-3.507914982440E-1,1.009055021196E1,
-7.730756352126E0));
#1687=CARTESIAN_POINT('',(7.764329619347E-1,1.006733823942E1,
-7.699662350181E0));
#1688=CARTESIAN_POINT('',(1.887171325339E0,1.004412626687E1,-7.505080468589E0));
#1689=CARTESIAN_POINT('',(2.957839147403E0,1.002091429433E1,-7.151142288422E0));
#1690=CARTESIAN_POINT('',(3.965702806303E0,9.997702321787E0,-6.645363022684E0));
#1691=CARTESIAN_POINT('',(4.889362208752E0,9.974490349244E0,-5.998481944859E0));
#1692=CARTESIAN_POINT('',(5.709205180821E0,9.951278376701E0,-5.224234360599E0));
#1693=CARTESIAN_POINT('',(6.407823895638E0,9.928066404158E0,-4.339059964285E0));
#1694=CARTESIAN_POINT('',(6.970384495929E0,9.904854431615E0,-3.361753772970E0));
#1695=CARTESIAN_POINT('',(7.384942063134E0,9.881642459072E0,-2.313067049466E0));
#1696=CARTESIAN_POINT('',(7.642694245335E0,9.858430486529E0,-1.215266688219E0));
#1697=CARTESIAN_POINT('',(7.738168158680E0,9.835218513986E0,
-9.166241960272E-2));
#1698=CARTESIAN_POINT('',(7.669336593799E0,9.812006541443E0,1.033888128466E0));
#1699=CARTESIAN_POINT('',(7.437661059794E0,9.788794568900E0,2.137486002479E0));
#1700=CARTESIAN_POINT('',(7.048060751831E0,9.765582596357E0,3.195698372761E0));
#1701=CARTESIAN_POINT('',(6.508808101267E0,9.742370623814E0,4.186056085631E0));
#1702=CARTESIAN_POINT('',(5.831353126093E0,9.719158651271E0,5.087530753713E0));
#1703=CARTESIAN_POINT('',(5.030080311291E0,9.695946678728E0,5.880981254275E0));
#1704=CARTESIAN_POINT('',(4.122003181293E0,9.672734706185E0,6.549560155047E0));
#1705=CARTESIAN_POINT('',(3.126403049720E0,9.649522733642E0,7.079071437828E0));
#1706=CARTESIAN_POINT('',(2.064419616869E0,9.626310761099E0,7.458271924290E0));
#1707=CARTESIAN_POINT('',(9.586021078587E-1,9.603098788556E0,7.679110003769E0));
#1708=CARTESIAN_POINT('',(-1.675695178537E-1,9.579886816013E0,
7.736896594104E0));
#1709=CARTESIAN_POINT('',(-1.290183119341E0,9.556674843470E0,7.630404705502E0));
#1710=CARTESIAN_POINT('',(-2.385402103643E0,9.533462870927E0,7.361895493357E0));
#1711=CARTESIAN_POINT('',(-3.429971551083E0,9.510250898385E0,6.937070246865E0));
#1712=CARTESIAN_POINT('',(-4.401711989842E0,9.487038925842E0,6.364949332842E0));
#1713=CARTESIAN_POINT('',(-5.279990335420E0,9.463826953299E0,5.657680665170E0));
#1714=CARTESIAN_POINT('',(-6.046157995459E0,9.440614980756E0,4.830281766638E0));
#1715=CARTESIAN_POINT('',(-6.683946837605E0,9.417403008213E0,3.900320900033E0));
#1716=CARTESIAN_POINT('',(-7.179814612767E0,9.394191035670E0,2.887544039052E0));
#1717=CARTESIAN_POINT('',(-7.523232499360E0,9.370979063127E0,1.813455599607E0));
#1718=CARTESIAN_POINT('',(-7.706908663072E0,9.347767090584E0,
7.008618339106E-1));
#1719=CARTESIAN_POINT('',(-7.726943085282E0,9.324555118041E0,
-4.266134174846E-1));
#1720=CARTESIAN_POINT('',(-7.582910372634E0,9.301343145498E0,
-1.545030333607E0));
#1721=CARTESIAN_POINT('',(-7.277868789467E0,9.278131172955E0,
-2.630641430235E0));
#1722=CARTESIAN_POINT('',(-6.818295321313E0,9.254919200412E0,
-3.660395793154E0));
#1723=CARTESIAN_POINT('',(-6.213948148261E0,9.231707227869E0,
-4.612428521061E0));
#1724=CARTESIAN_POINT('',(-5.477659448322E0,9.208495255326E0,
-5.466524985709E0));
#1725=CARTESIAN_POINT('',(-4.625062930207E0,9.185283282783E0,
-6.204550051599E0));
#1726=CARTESIAN_POINT('',(-3.674261880867E0,9.162071310240E0,
-6.810833141546E0));
#1727=CARTESIAN_POINT('',(-2.645444776166E0,9.138859337697E0,
-7.272500971978E0));
#1728=CARTESIAN_POINT('',(-1.560456616487E0,9.115647365154E0,
-7.579750892954E0));
#1729=CARTESIAN_POINT('',(-4.423350891481E-1,9.092435392611E0,
-7.726059029032E0));
#1730=CARTESIAN_POINT('',(6.851785936559E-1,9.069223420068E0,
-7.708318801527E0));
#1731=CARTESIAN_POINT('',(1.798143794934E0,9.046011447525E0,-7.526906890876E0));
#1732=CARTESIAN_POINT('',(2.872928787397E0,9.022799474982E0,-7.185675238537E0));
#1733=CARTESIAN_POINT('',(3.886712528835E0,8.999587502439E0,-6.691869258239E0));
#1734=CARTESIAN_POINT('',(4.817969224120E0,8.976375529896E0,-6.055973993224E0));
#1735=CARTESIAN_POINT('',(5.646925385066E0,8.953163557353E0,-5.291491486025E0));
#1736=CARTESIAN_POINT('',(6.355979683339E0,8.929951584810E0,-4.414654087939E0));
#1737=CARTESIAN_POINT('',(6.930076681636E0,8.906739612268E0,-3.444079795507E0));
#1738=CARTESIAN_POINT('',(7.357026507635E0,8.883527639725E0,-2.400376932303E0));
#1739=CARTESIAN_POINT('',(7.627763683060E0,8.860315667182E0,-1.305706569853E0));
#1740=CARTESIAN_POINT('',(7.736539612099E0,8.837103694639E0,
-1.833119788810E-1));
#1741=CARTESIAN_POINT('',(7.681044642042E0,8.813891722096E0,9.429748979317E-1));
#1742=CARTESIAN_POINT('',(7.462457104429E0,8.790679749553E0,2.049239472517E0));
#1743=CARTESIAN_POINT('',(7.085418295387E0,8.767467777010E0,3.111992292818E0));
#1744=CARTESIAN_POINT('',(6.557933926418E0,8.744255804467E0,4.108667797220E0));
#1745=CARTESIAN_POINT('',(5.891204138137E0,8.721043831924E0,5.018103451900E0));
#1746=CARTESIAN_POINT('',(5.099385686314E0,8.697831859381E0,5.820989097515E0));
#1747=CARTESIAN_POINT('',(4.199291349726E0,8.674619886838E0,6.500276964198E0));
#1748=CARTESIAN_POINT('',(3.210032942356E0,8.651407914295E0,7.041543648957E0));
#1749=CARTESIAN_POINT('',(2.152615509891E0,8.628195941752E0,7.433296369562E0));
#1750=CARTESIAN_POINT('',(1.049491327E0,8.604983969209E0,7.667216992216E0));
#1751=CARTESIAN_POINT('',(-7.591683458515E-2,8.581771996666E0,
7.738338651506E0));
#1752=CARTESIAN_POINT('',(-1.199713044665E0,8.558560024123E0,7.645151212477E0));
#1753=CARTESIAN_POINT('',(-2.298035599805E0,8.535348051580E0,7.389633335505E0));
#1754=CARTESIAN_POINT('',(-3.347563681827E0,8.512136079037E0,6.977210463164E0));
#1755=CARTESIAN_POINT('',(-4.326012531613E0,8.488924106494E0,6.416639621134E0));
#1756=CARTESIAN_POINT('',(-5.212606624144E0,8.465712133951E0,5.719823479191E0));
#1757=CARTESIAN_POINT('',(-5.988520797782E0,8.442500161408E0,4.901557620360E0));
#1758=CARTESIAN_POINT('',(-6.637279971249E0,8.419288188865E0,3.979216384469E0));
#1759=CARTESIAN_POINT('',(-7.145108961057E0,8.396076216322E0,2.972383956657E0));
#1760=CARTESIAN_POINT('',(-7.501224971676E0,8.372864243779E0,1.902438533954E0));
#1761=CARTESIAN_POINT('',(-7.698066547962E0,8.349652271236E0,
7.920983993888E-1));
#1762=CARTESIAN_POINT('',(-7.731454128466E0,8.326440298694E0,
-3.350604581154E-1));
#1763=CARTESIAN_POINT('',(-7.600678790576E0,8.303228326151E0,
-1.455104935617E0));
#1764=CARTESIAN_POINT('',(-7.308517303159E0,8.280016353608E0,
-2.544252990682E0));
#1765=CARTESIAN_POINT('',(-6.861173167086E0,8.256804381065E0,
-3.579378608423E0));
#1766=CARTESIAN_POINT('',(-6.268144895531E0,8.233592408522E0,
-4.538502839020E0));
#1767=CARTESIAN_POINT('',(-5.542024330875E0,8.210380435979E0,
-5.401260479477E0));
#1768=CARTESIAN_POINT('',(-4.698229280560E0,8.187168463436E0,
-6.149332490479E0));
#1769=CARTESIAN_POINT('',(-3.754676148884E0,8.163956490893E0,
-6.766834966820E0));
#1770=CARTESIAN_POINT('',(-2.731399515783E0,8.140744518350E0,
-7.240656402313E0));
#1771=CARTESIAN_POINT('',(-1.650126740125E0,8.117532545807E0,
-7.560736088020E0));
#1772=CARTESIAN_POINT('',(-5.338166200202E-1,8.094320573264E0,
-7.720277732531E0));
#1773=CARTESIAN_POINT('',(5.938280941725E-1,8.071108600721E0,
-7.715893768422E0));
#1774=CARTESIAN_POINT('',(1.708863983241E0,8.047896628178E0,-7.547677281030E0));
#1775=CARTESIAN_POINT('',(2.787615352787E0,8.024684655635E0,-7.219200031440E0));
#1776=CARTESIAN_POINT('',(3.807176941805E0,8.001472683092E0,-6.737436618786E0));
#1777=CARTESIAN_POINT('',(4.745900274244E0,7.978260710549E0,-6.112616380470E0));
#1778=CARTESIAN_POINT('',(5.583853318802E0,7.955048738006E0,-5.358006218473E0));
#1779=CARTESIAN_POINT('',(6.303243726740E0,7.931836765463E0,-4.489628800475E0));
#1780=CARTESIAN_POINT('',(6.888796549819E0,7.908624792920E0,-3.525922725934E0));
#1781=CARTESIAN_POINT('',(7.328078833427E0,7.885412820377E0,-2.487349608734E0));
#1782=CARTESIAN_POINT('',(7.517201373238E0,7.869938172015E0,-1.759759782276E0));
#1783=CARTESIAN_POINT('',(7.584826021539E0,7.862200847834E0,-1.391023149627E0));
#1784=CARTESIAN_POINT('',(7.422649730810E0,1.066666666667E1,0.E0));
#1785=CARTESIAN_POINT('',(7.422649730810E0,1.065892934249E1,3.608524255262E-1));
#1786=CARTESIAN_POINT('',(7.369927810117E0,1.064345469412E1,1.082554126546E0));
#1787=CARTESIAN_POINT('',(7.134358343558E0,1.062024272158E1,2.142123196069E0));
#1788=CARTESIAN_POINT('',(6.747304166997E0,1.059703074904E1,3.156207623672E0));
#1789=CARTESIAN_POINT('',(6.216983649468E0,1.057381877649E1,4.103276086964E0));
#1790=CARTESIAN_POINT('',(5.554657151880E0,1.055060680395E1,4.963219134840E0));
#1791=CARTESIAN_POINT('',(4.774387934387E0,1.052739483141E1,5.717777552127E0));
#1792=CARTESIAN_POINT('',(3.892743549451E0,1.050418285887E1,6.350929690462E0));
#1793=CARTESIAN_POINT('',(2.928444060958E0,1.048097088632E1,6.849231756875E0));
#1794=CARTESIAN_POINT('',(1.901964558794E0,1.045775891378E1,7.202103240992E0));
#1795=CARTESIAN_POINT('',(8.351004087399E-1,1.043454694124E1,7.402051579416E0));
#1796=CARTESIAN_POINT('',(-2.494955312169E-1,1.041133496869E1,
7.444831244351E0));
#1797=CARTESIAN_POINT('',(-1.328793901810E0,1.038812299615E1,7.329533889920E0));
#1798=CARTESIAN_POINT('',(-2.379877827714E0,1.036491102361E1,7.058607639055E0));
#1799=CARTESIAN_POINT('',(-3.380429514388E0,1.034169905107E1,6.637805102232E0));
#1800=CARTESIAN_POINT('',(-4.309204124553E0,1.031848707852E1,6.076061231579E0));
#1801=CARTESIAN_POINT('',(-5.146480872442E0,1.029527510598E1,5.385303603935E0));
#1802=CARTESIAN_POINT('',(-5.874481757673E0,1.027206313344E1,4.580199161143E0));
#1803=CARTESIAN_POINT('',(-6.477749047728E0,1.024885116089E1,3.677842785062E0));
#1804=CARTESIAN_POINT('',(-6.943473493884E0,1.022563918835E1,2.697394319840E0));
#1805=CARTESIAN_POINT('',(-7.261766311576E0,1.020242721581E1,1.659671748577E0));
#1806=CARTESIAN_POINT('',(-7.425869150179E0,1.017921524326E1,
5.867091625262E-1));
#1807=CARTESIAN_POINT('',(-7.432297593894E0,1.015600327072E1,
-4.987110914835E-1));
#1808=CARTESIAN_POINT('',(-7.280915146784E0,1.013279129818E1,
-1.573542151423E0));
#1809=CARTESIAN_POINT('',(-6.974936131006E0,1.010957932564E1,
-2.614961996925E0));
#1810=CARTESIAN_POINT('',(-6.520857436713E0,1.008636735309E1,
-3.600858032059E0));
#1811=CARTESIAN_POINT('',(-5.928320572785E0,1.006315538055E1,
-4.510296604800E0));
#1812=CARTESIAN_POINT('',(-5.209906947483E0,1.003994340801E1,
-5.323967493847E0));
#1813=CARTESIAN_POINT('',(-4.380870725855E0,1.001673143546E1,
-6.024593924931E0));
#1814=CARTESIAN_POINT('',(-3.458814936173E0,9.993519462921E0,
-6.597299410689E0));
#1815=CARTESIAN_POINT('',(-2.463317702661E0,9.970307490378E0,
-7.029923624957E0));
#1816=CARTESIAN_POINT('',(-1.415516540769E0,9.947095517835E0,
-7.313280604474E0));
#1817=CARTESIAN_POINT('',(-3.376595417076E-1,9.923883545292E0,
-7.441353795571E0));
#1818=CARTESIAN_POINT('',(7.473670240184E-1,9.900671572749E0,
-7.411423804397E0));
#1819=CARTESIAN_POINT('',(1.816524653612E0,9.877459600206E0,-7.224126138142E0));
#1820=CARTESIAN_POINT('',(2.847111791353E0,9.854247627663E0,-6.883437711239E0));
#1821=CARTESIAN_POINT('',(3.817245853528E0,9.831035655120E0,-6.396592403045E0));
#1822=CARTESIAN_POINT('',(4.706327864028E0,9.807823682577E0,-5.773927459991E0));
#1823=CARTESIAN_POINT('',(5.495479834947E0,9.784611710034E0,-5.028664003556E0));
#1824=CARTESIAN_POINT('',(6.167945605225E0,9.761399737491E0,-4.176626304562E0));
#1825=CARTESIAN_POINT('',(6.709446626282E0,9.738187764948E0,-3.235905784483E0));
#1826=CARTESIAN_POINT('',(7.108485140198E0,9.714975792405E0,-2.226476878064E0));
#1827=CARTESIAN_POINT('',(7.356588313028E0,9.691763819862E0,-1.169772913684E0));
#1828=CARTESIAN_POINT('',(7.448488139524E0,9.668551847319E0,
-8.823101685702E-2));
#1829=CARTESIAN_POINT('',(7.382233299345E0,9.645339874776E0,9.951843000255E-1));
#1830=CARTESIAN_POINT('',(7.159230589676E0,9.622127902233E0,2.057468746011E0));
#1831=CARTESIAN_POINT('',(6.784215054538E0,9.598915929690E0,3.076066704535E0));
#1832=CARTESIAN_POINT('',(6.265149445008E0,9.575703957147E0,4.029350159603E0));
#1833=CARTESIAN_POINT('',(5.613055145146E0,9.552491984605E0,4.897077926123E0));
#1834=CARTESIAN_POINT('',(4.841778153591E0,9.529280012062E0,5.660825433484E0));
#1835=CARTESIAN_POINT('',(3.967695089762E0,9.506068039519E0,6.304375936732E0));
#1836=CARTESIAN_POINT('',(3.009365467083E0,9.482856066976E0,6.814064848715E0));
#1837=CARTESIAN_POINT('',(1.987137616544E0,9.459644094433E0,7.179069881948E0));
#1838=CARTESIAN_POINT('',(9.227166280820E-1,9.436432121890E0,7.391640839572E0));
#1839=CARTESIAN_POINT('',(-1.612965162664E-1,9.413220149347E0,
7.447264176247E0));
#1840=CARTESIAN_POINT('',(-1.241884831806E0,9.390008176804E0,7.344758834809E0));
#1841=CARTESIAN_POINT('',(-2.296104053651E0,9.366796204261E0,7.086301323806E0));
#1842=CARTESIAN_POINT('',(-3.301569815136E0,9.343584231718E0,6.677379503424E0));
#1843=CARTESIAN_POINT('',(-4.236932937825E0,9.320372259175E0,6.126676061074E0));
#1844=CARTESIAN_POINT('',(-5.082332741253E0,9.297160286632E0,5.445884150820E0));
#1845=CARTESIAN_POINT('',(-5.819818747200E0,9.273948314089E0,4.649459111199E0));
#1846=CARTESIAN_POINT('',(-6.433731824408E0,9.250736341546E0,3.754311533234E0));
#1847=CARTESIAN_POINT('',(-6.911036680845E0,9.227524369003E0,2.779448195774E0));
#1848=CARTESIAN_POINT('',(-7.241598643668E0,9.204312396460E0,1.745568492211E0));
#1849=CARTESIAN_POINT('',(-7.418398849979E0,9.181100423917E0,
6.746249177169E-1));
#1850=CARTESIAN_POINT('',(-7.437683279207E0,9.157888451374E0,
-4.106430508016E-1));
#1851=CARTESIAN_POINT('',(-7.299042462690E0,9.134676478831E0,
-1.487191784812E0));
#1852=CARTESIAN_POINT('',(-7.005420177973E0,9.111464506288E0,
-2.532162792362E0));
#1853=CARTESIAN_POINT('',(-6.563050943214E0,9.088252533745E0,
-3.523368075258E0));
#1854=CARTESIAN_POINT('',(-5.981327638897E0,9.065040561202E0,
-4.439761249565E0));
#1855=CARTESIAN_POINT('',(-5.272602067637E0,9.041828588659E0,
-5.261884426070E0));
#1856=CARTESIAN_POINT('',(-4.451922686839E0,9.018616616116E0,
-5.972281362040E0));
#1857=CARTESIAN_POINT('',(-3.536715082942E0,8.995404643573E0,
-6.555868111780E0));
#1858=CARTESIAN_POINT('',(-2.546411971797E0,8.972192671030E0,
-7.000253305907E0));
#1859=CARTESIAN_POINT('',(-1.502040581415E0,8.948980698488E0,
-7.296001258823E0));
#1860=CARTESIAN_POINT('',(-4.257761782444E-1,8.925768725945E0,
-7.436832317796E0));
#1861=CARTESIAN_POINT('',(6.595287829946E-1,8.902556753402E0,
-7.419756199591E0));
#1862=CARTESIAN_POINT('',(1.730829888299E0,8.879344780859E0,-7.245135483532E0));
#1863=CARTESIAN_POINT('',(2.765380069264E0,8.856132808316E0,-6.916677912805E0));
#1864=CARTESIAN_POINT('',(3.741212594391E0,8.832920835773E0,-6.441357667490E0));
#1865=CARTESIAN_POINT('',(4.637607491406E0,8.809708863230E0,-5.829267280939E0));
#1866=CARTESIAN_POINT('',(5.435531496981E0,8.786496890687E0,-5.093403343767E0));
#1867=CARTESIAN_POINT('',(6.118042192364E0,8.763284918144E0,-4.249390545646E0));
#1868=CARTESIAN_POINT('',(6.670647743841E0,8.740072945601E0,-3.315149914342E0));
#1869=CARTESIAN_POINT('',(7.081614609631E0,8.716860973058E0,-2.310518296322E0));
#1870=CARTESIAN_POINT('',(7.342216679621E0,8.693649000515E0,-1.256827158550E0));
#1871=CARTESIAN_POINT('',(7.446920557941E0,8.670437027972E0,
-1.764496548187E-1));
#1872=CARTESIAN_POINT('',(7.393503054238E0,8.647225055429E0,9.076744261799E-1));
#1873=CARTESIAN_POINT('',(7.183098388952E0,8.624013082886E0,1.972525744219E0));
#1874=CARTESIAN_POINT('',(6.820174110272E0,8.600801110343E0,2.995494180021E0));
#1875=CARTESIAN_POINT('',(6.312436234138E0,8.577589137800E0,3.954858918711E0));
#1876=CARTESIAN_POINT('',(5.670665621451E0,8.554377165257E0,4.830249650553E0));
#1877=CARTESIAN_POINT('',(4.908489066727E0,8.531165192714E0,5.603079096246E0));
#1878=CARTESIAN_POINT('',(4.042089958688E0,8.507953220171E0,6.256937672923E0));
#1879=CARTESIAN_POINT('',(3.089864656379E0,8.484741247628E0,6.777941920836E0));
#1880=CARTESIAN_POINT('',(2.072031877001E0,8.461529275085E0,7.155029292579E0));
#1881=CARTESIAN_POINT('',(1.010203389406E0,8.438317302542E0,7.380193045511E0));
#1882=CARTESIAN_POINT('',(-7.307487126180E-2,8.415105329999E0,
7.448652249915E0));
#1883=CARTESIAN_POINT('',(-1.154801524182E0,8.391893357456E0,7.358953303067E0));
#1884=CARTESIAN_POINT('',(-2.212008134012E0,8.368681384913E0,7.113000793760E0));
#1885=CARTESIAN_POINT('',(-3.222246902508E0,8.345469412371E0,6.716017061939E0));
#1886=CARTESIAN_POINT('',(-4.164067305388E0,8.322257439828E0,6.176431312107E0));
#1887=CARTESIAN_POINT('',(-5.017471553961E0,8.299045467285E0,5.505700634993E0));
#1888=CARTESIAN_POINT('',(-5.764339210636E0,8.275833494742E0,4.718066737732E0));
#1889=CARTESIAN_POINT('',(-6.388811942410E0,8.252621522199E0,3.830253547937E0));
#1890=CARTESIAN_POINT('',(-6.877630242804E0,8.229409549656E0,2.861112112489E0));
#1891=CARTESIAN_POINT('',(-7.220414972601E0,8.206197577113E0,1.831220330931E0));
#1892=CARTESIAN_POINT('',(-7.409887741384E0,8.182985604570E0,
7.624460223918E-1));
#1893=CARTESIAN_POINT('',(-7.442025450502E0,8.159773632027E0,
-3.225173965103E-1));
#1894=CARTESIAN_POINT('',(-7.316145716017E0,8.136561659484E0,
-1.400632763783E0));
#1895=CARTESIAN_POINT('',(-7.034921357845E0,8.113349686941E0,
-2.449008322957E0));
#1896=CARTESIAN_POINT('',(-6.604323647443E0,8.090137714398E0,
-3.445383786575E0));
#1897=CARTESIAN_POINT('',(-6.033495519068E0,8.066925741855E0,
-4.368602991617E0));
#1898=CARTESIAN_POINT('',(-5.334557436721E0,8.043713769312E0,
-5.199063110917E0));
#1899=CARTESIAN_POINT('',(-4.522350038848E0,8.020501796769E0,
-5.919130882410E0));
#1900=CARTESIAN_POINT('',(-3.614119025230E0,7.997289824226E0,
-6.513517018358E0));
#1901=CARTESIAN_POINT('',(-2.629148976918E0,7.974077851683E0,
-6.969600844678E0));
#1902=CARTESIAN_POINT('',(-1.588353884342E0,7.950865879140E0,
-7.277698277275E0));
#1903=CARTESIAN_POINT('',(-5.138330779801E-1,7.927653906597E0,
-7.431267445395E0));
#1904=CARTESIAN_POINT('',(5.715980094590E-1,7.904441934054E0,
-7.427047595942E0));
#1905=CARTESIAN_POINT('',(1.644892285903E0,7.881229961511E0,-7.265128329584E0));
#1906=CARTESIAN_POINT('',(2.683260361756E0,7.858017988968E0,-6.948947697746E0));
#1907=CARTESIAN_POINT('',(3.664654439474E0,7.834806016425E0,-6.485219203919E0));
#1908=CARTESIAN_POINT('',(4.568236458447E0,7.811594043882E0,-5.883789248018E0));
#1909=CARTESIAN_POINT('',(5.374820547326E0,7.788382071339E0,-5.157428082643E0));
#1910=CARTESIAN_POINT('',(6.067280417846E0,7.765170098796E0,-4.321558563404E0));
#1911=CARTESIAN_POINT('',(6.630912942796E0,7.741958126254E0,-3.393929036750E0));
#1912=CARTESIAN_POINT('',(7.053750597944E0,7.718746153711E0,-2.394235131570E0));
#1913=CARTESIAN_POINT('',(7.235793294073E0,7.703271505349E0,-1.693882789558E0));
#1914=CARTESIAN_POINT('',(7.300886398859E0,7.695534181168E0,-1.338949893481E0));
#1915=CARTESIAN_POINT('',(7.133974596216E0,1.05E1,0.E0));
#1916=CARTESIAN_POINT('',(7.133974596216E0,1.049226267582E1,3.468184718459E-1));
#1917=CARTESIAN_POINT('',(7.083303089876E0,1.047678802746E1,1.040452388013E0));
#1918=CARTESIAN_POINT('',(6.856895182859E0,1.045357605491E1,2.058813633531E0));
#1919=CARTESIAN_POINT('',(6.484893975327E0,1.043036408237E1,3.033459185633E0));
#1920=CARTESIAN_POINT('',(5.975198214769E0,1.040715210983E1,3.943695099090E0));
#1921=CARTESIAN_POINT('',(5.338630334086E0,1.038394013729E1,4.770194001804E0));
#1922=CARTESIAN_POINT('',(4.588706657545E0,1.036072816474E1,5.495406799862E0));
#1923=CARTESIAN_POINT('',(3.741350406997E0,1.033751619220E1,6.103934944693E0));
#1924=CARTESIAN_POINT('',(2.814553602145E0,1.031430421966E1,6.582857487444E0));
#1925=CARTESIAN_POINT('',(1.827995033770E0,1.029109224711E1,6.922005405601E0));
#1926=CARTESIAN_POINT('',(8.026224215472E-1,1.026788027457E1,7.114177529925E0));
#1927=CARTESIAN_POINT('',(-2.397923714738E-1,1.024466830203E1,
7.155293445931E0));
#1928=CARTESIAN_POINT('',(-1.277115623517E0,1.022145632948E1,7.044480134331E0));
#1929=CARTESIAN_POINT('',(-2.287321722125E0,1.019824435694E1,6.784090507821E0));
#1930=CARTESIAN_POINT('',(-3.248960836700E0,1.017503238440E1,6.379653451435E0));
#1931=CARTESIAN_POINT('',(-4.141614365402E0,1.015182041186E1,5.839756427036E0));
#1932=CARTESIAN_POINT('',(-4.946328485839E0,1.012860843931E1,5.175863134685E0));
#1933=CARTESIAN_POINT('',(-5.646016603911E0,1.010539646677E1,4.402070102482E0));
#1934=CARTESIAN_POINT('',(-6.225822155575E0,1.008218449423E1,3.534807373248E0));
#1935=CARTESIAN_POINT('',(-6.673434058090E0,1.005897252168E1,2.592489643400E0));
#1936=CARTESIAN_POINT('',(-6.979348112764E0,1.003576054914E1,1.595125261436E0));
#1937=CARTESIAN_POINT('',(-7.137068808771E0,1.001254857660E1,
5.638913881999E-1));
#1938=CARTESIAN_POINT('',(-7.143247243133E0,9.989336604055E0,
-4.793156603802E-1));
#1939=CARTESIAN_POINT('',(-6.997752228393E0,9.966124631512E0,
-1.512345340469E0));
#1940=CARTESIAN_POINT('',(-6.703673078130E0,9.942912658969E0,
-2.513263205550E0));
#1941=CARTESIAN_POINT('',(-6.267254011186E0,9.919700686426E0,
-3.460816643234E0));
#1942=CARTESIAN_POINT('',(-5.697761567398E0,9.896488713883E0,
-4.334886134594E0));
#1943=CARTESIAN_POINT('',(-5.007287850013E0,9.873276741340E0,
-5.116912454393E0));
#1944=CARTESIAN_POINT('',(-4.210493772571E0,9.850064768797E0,
-5.790290741401E0));
#1945=CARTESIAN_POINT('',(-3.324297761923E0,9.826852796254E0,
-6.340723071455E0));
#1946=CARTESIAN_POINT('',(-2.367516527184E0,9.803640823711E0,
-6.756522047054E0));
#1947=CARTESIAN_POINT('',(-1.360465522231E0,9.780428851168E0,
-7.028858957301E0));
#1948=CARTESIAN_POINT('',(-3.245275851713E-1,9.757216878625E0,
-7.151951239017E0));
#1949=CARTESIAN_POINT('',(7.183010861021E-1,9.734004906082E0,
-7.123185258613E0));
#1950=CARTESIAN_POINT('',(1.745877981885E0,9.710792933539E0,-6.943171807696E0));
#1951=CARTESIAN_POINT('',(2.736384435304E0,9.687580960996E0,-6.615733134056E0));
#1952=CARTESIAN_POINT('',(3.668788900754E0,9.664368988453E0,-6.147821783406E0));
#1953=CARTESIAN_POINT('',(4.523293519304E0,9.641157015910E0,-5.549372975124E0));
#1954=CARTESIAN_POINT('',(5.281754489074E0,9.617945043367E0,-4.833093646513E0));
#1955=CARTESIAN_POINT('',(5.928067314812E0,9.594733070825E0,-4.014192644838E0));
#1956=CARTESIAN_POINT('',(6.448508756634E0,9.571521098282E0,-3.110057795995E0));
#1957=CARTESIAN_POINT('',(6.832028217262E0,9.548309125739E0,-2.139886706662E0));
#1958=CARTESIAN_POINT('',(7.070482380721E0,9.525097153196E0,-1.124279139150E0));
#1959=CARTESIAN_POINT('',(7.158808120369E0,9.501885180653E0,
-8.479961411133E-2));
#1960=CARTESIAN_POINT('',(7.095130004890E0,9.478673208110E0,9.564804715849E-1));
#1961=CARTESIAN_POINT('',(6.880800119558E0,9.455461235567E0,1.977451489544E0));
#1962=CARTESIAN_POINT('',(6.520369357245E0,9.432249263024E0,2.956435036309E0));
#1963=CARTESIAN_POINT('',(6.021490788748E0,9.409037290481E0,3.872644233574E0));
#1964=CARTESIAN_POINT('',(5.394757164199E0,9.385825317938E0,4.706625098533E0));
#1965=CARTESIAN_POINT('',(4.653475995890E0,9.362613345395E0,5.440669612693E0));
#1966=CARTESIAN_POINT('',(3.813386998230E0,9.339401372852E0,6.059191718418E0));
#1967=CARTESIAN_POINT('',(2.892327884446E0,9.316189400309E0,6.549058259603E0));
#1968=CARTESIAN_POINT('',(1.909855616218E0,9.292977427766E0,6.899867839605E0));
#1969=CARTESIAN_POINT('',(8.868311483053E-1,9.269765455223E0,7.104171675376E0));
#1970=CARTESIAN_POINT('',(-1.550235146792E-1,9.246553482680E0,
7.157631758390E0));
#1971=CARTESIAN_POINT('',(-1.193586544270E0,9.223341510137E0,7.059112964116E0));
#1972=CARTESIAN_POINT('',(-2.206806003660E0,9.200129537594E0,6.810707154255E0));
#1973=CARTESIAN_POINT('',(-3.173168079190E0,9.176917565051E0,6.417688759984E0));
#1974=CARTESIAN_POINT('',(-4.072153885809E0,9.153705592508E0,5.888402789306E0));
#1975=CARTESIAN_POINT('',(-4.884675147086E0,9.130493619965E0,5.234087636470E0));
#1976=CARTESIAN_POINT('',(-5.593479498940E0,9.107281647422E0,4.468636455760E0));
#1977=CARTESIAN_POINT('',(-6.183516811210E0,9.084069674879E0,3.608302166435E0));
#1978=CARTESIAN_POINT('',(-6.642258748922E0,9.060857702336E0,2.671352352495E0));
#1979=CARTESIAN_POINT('',(-6.959964787975E0,9.037645729793E0,1.677681384816E0));
#1980=CARTESIAN_POINT('',(-7.129889036885E0,9.014433757250E0,
6.483880015231E-1));
#1981=CARTESIAN_POINT('',(-7.148423473132E0,8.991221784708E0,
-3.946726841186E-1));
#1982=CARTESIAN_POINT('',(-7.015174552747E0,8.968009812165E0,
-1.429353236016E0));
#1983=CARTESIAN_POINT('',(-6.732971566478E0,8.944797839622E0,
-2.433684154488E0));
#1984=CARTESIAN_POINT('',(-6.307806565115E0,8.921585867079E0,
-3.386340357362E0));
#1985=CARTESIAN_POINT('',(-5.748707129532E0,8.898373894536E0,
-4.267093978070E0));
#1986=CARTESIAN_POINT('',(-5.067544686952E0,8.875161921993E0,
-5.057243866431E0));
#1987=CARTESIAN_POINT('',(-4.278782443471E0,8.851949949450E0,
-5.740012672482E0));
#1988=CARTESIAN_POINT('',(-3.399168285017E0,8.828737976907E0,
-6.300903082015E0));
#1989=CARTESIAN_POINT('',(-2.447379167428E0,8.805526004364E0,
-6.728005639835E0));
#1990=CARTESIAN_POINT('',(-1.443624546342E0,8.782314031821E0,
-7.012251624693E0));
#1991=CARTESIAN_POINT('',(-4.092172673407E-1,8.759102059278E0,
-7.147605606560E0));
#1992=CARTESIAN_POINT('',(6.338789723333E-1,8.735890086735E0,
-7.131193597656E0));
#1993=CARTESIAN_POINT('',(1.663515981664E0,8.712678114192E0,-6.963364076189E0));
#1994=CARTESIAN_POINT('',(2.657831351131E0,8.689466141649E0,-6.647680587074E0));
#1995=CARTESIAN_POINT('',(3.595712659947E0,8.666254169106E0,-6.190846076742E0));
#1996=CARTESIAN_POINT('',(4.457245758692E0,8.643042196563E0,-5.602560568654E0));
#1997=CARTESIAN_POINT('',(5.224137608897E0,8.619830224020E0,-4.895315201509E0));
#1998=CARTESIAN_POINT('',(5.880104701388E0,8.596618251477E0,-4.084127003354E0));
#1999=CARTESIAN_POINT('',(6.411218806046E0,8.573406278934E0,-3.186220033177E0));
#2000=CARTESIAN_POINT('',(6.806202711626E0,8.550194306391E0,-2.220659660341E0));
#2001=CARTESIAN_POINT('',(7.056669676181E0,8.526982333848E0,-1.207947747246E0));
#2002=CARTESIAN_POINT('',(7.157301503783E0,8.503770361305E0,
-1.695873307564E-1));
#2003=CARTESIAN_POINT('',(7.105961466434E0,8.480558388762E0,8.723739544282E-1));
#2004=CARTESIAN_POINT('',(6.903739673474E0,8.457346416219E0,1.895812015920E0));
#2005=CARTESIAN_POINT('',(6.554929925157E0,8.434134443676E0,2.878996067224E0));
#2006=CARTESIAN_POINT('',(6.066938541859E0,8.410922471133E0,3.801050040202E0));
#2007=CARTESIAN_POINT('',(5.450127104765E0,8.387710498591E0,4.642395849206E0));
#2008=CARTESIAN_POINT('',(4.717592447139E0,8.364498526048E0,5.385169094978E0));
#2009=CARTESIAN_POINT('',(3.884888567651E0,8.341286553505E0,6.013598381647E0));
#2010=CARTESIAN_POINT('',(2.969696370402E0,8.318074580962E0,6.514340192716E0));
#2011=CARTESIAN_POINT('',(1.991448244111E0,8.294862608419E0,6.876762215595E0));
#2012=CARTESIAN_POINT('',(9.709154518121E-1,8.271650635876E0,7.093169098805E0));
#2013=CARTESIAN_POINT('',(-7.023290793846E-2,8.248438663333E0,
7.158965848323E0));
#2014=CARTESIAN_POINT('',(-1.109890003699E0,8.225226690790E0,7.072755393657E0));
#2015=CARTESIAN_POINT('',(-2.125980668219E0,8.202014718247E0,6.836368252016E0));
#2016=CARTESIAN_POINT('',(-3.096930123189E0,8.178802745704E0,6.454823660713E0));
#2017=CARTESIAN_POINT('',(-4.002122079163E0,8.155590773161E0,5.936223003079E0));
#2018=CARTESIAN_POINT('',(-4.822336483778E0,8.132378800618E0,5.291577790795E0));
#2019=CARTESIAN_POINT('',(-5.540157623490E0,8.109166828075E0,4.534575855104E0));
#2020=CARTESIAN_POINT('',(-6.140343913571E0,8.085954855532E0,3.681290711405E0));
#2021=CARTESIAN_POINT('',(-6.610151524552E0,8.062742882989E0,2.749840268321E0));
#2022=CARTESIAN_POINT('',(-6.939604973525E0,8.039530910446E0,1.760002127907E0));
#2023=CARTESIAN_POINT('',(-7.121708934805E0,8.016318937903E0,
7.327936453947E-1));
#2024=CARTESIAN_POINT('',(-7.152596772537E0,7.993106965360E0,
-3.099743349051E-1));
#2025=CARTESIAN_POINT('',(-7.031612641457E0,7.969894992817E0,
-1.346160591948E0));
#2026=CARTESIAN_POINT('',(-6.761325412530E0,7.946683020274E0,
-2.353763655231E0));
#2027=CARTESIAN_POINT('',(-6.347474127801E0,7.923471047731E0,
-3.311388964727E0));
#2028=CARTESIAN_POINT('',(-5.798846142604E0,7.900259075188E0,
-4.198703144213E0));
#2029=CARTESIAN_POINT('',(-5.127090542566E0,7.877047102645E0,
-4.996865742357E0));
#2030=CARTESIAN_POINT('',(-4.346470797136E0,7.853835130102E0,
-5.688929274342E0));
#2031=CARTESIAN_POINT('',(-3.473561901577E0,7.830623157559E0,
-6.260199069896E0));
#2032=CARTESIAN_POINT('',(-2.526898438053E0,7.807411185016E0,
-6.698545287044E0));
#2033=CARTESIAN_POINT('',(-1.526581028560E0,7.784199212474E0,
-6.994660466530E0));
#2034=CARTESIAN_POINT('',(-4.938495359399E-1,7.760987239931E0,
-7.142257158259E0));
#2035=CARTESIAN_POINT('',(5.493679247455E-1,7.737775267388E0,
-7.138201423463E0));
#2036=CARTESIAN_POINT('',(1.580920588565E0,7.714563294845E0,-6.982579378138E0));
#2037=CARTESIAN_POINT('',(2.578905370726E0,7.691351322302E0,-6.678695364053E0));
#2038=CARTESIAN_POINT('',(3.522131937143E0,7.668139349759E0,-6.233001789052E0));
#2039=CARTESIAN_POINT('',(4.390572642649E0,7.644927377216E0,-5.654962115566E0));
#2040=CARTESIAN_POINT('',(5.165787775851E0,7.621715404673E0,-4.956849946814E0));
#2041=CARTESIAN_POINT('',(5.831317108951E0,7.598503432130E0,-4.153488326333E0));
#2042=CARTESIAN_POINT('',(6.373029335773E0,7.575291459587E0,-3.261935347566E0));
#2043=CARTESIAN_POINT('',(6.779422362461E0,7.552079487044E0,-2.301120654406E0));
#2044=CARTESIAN_POINT('',(6.954385214907E0,7.536604838682E0,-1.628005796840E0));
#2045=CARTESIAN_POINT('',(7.016946776179E0,7.528867514501E0,-1.286876637335E0));
#2046=B_SPLINE_SURFACE_WITH_KNOTS('',3,3,((#1522,#1523,#1524,#1525,#1526,#1527,
#1528,#1529,#1530,#1531,#1532,#1533,#1534,#1535,#1536,#1537,#1538,#1539,#1540,
#1541,#1542,#1543,#1544,#1545,#1546,#1547,#1548,#1549,#1550,#1551,#1552,#1553,
#1554,#1555,#1556,#1557,#1558,#1559,#1560,#1561,#1562,#1563,#1564,#1565,#1566,
#1567,#1568,#1569,#1570,#1571,#1572,#1573,#1574,#1575,#1576,#1577,#1578,#1579,
#1580,#1581,#1582,#1583,#1584,#1585,#1586,#1587,#1588,#1589,#1590,#1591,#1592,
#1593,#1594,#1595,#1596,#1597,#1598,#1599,#1600,#1601,#1602,#1603,#1604,#1605,
#1606,#1607,#1608,#1609,#1610,#1611,#1612,#1613,#1614,#1615,#1616,#1617,#1618,
#1619,#1620,#1621,#1622,#1623,#1624,#1625,#1626,#1627,#1628,#1629,#1630,#1631,
#1632,#1633,#1634,#1635,#1636,#1637,#1638,#1639,#1640,#1641,#1642,#1643,#1644,
#1645,#1646,#1647,#1648,#1649,#1650,#1651,#1652),(#1653,#1654,#1655,#1656,#1657,
#1658,#1659,#1660,#1661,#1662,#1663,#1664,#1665,#1666,#1667,#1668,#1669,#1670,
#1671,#1672,#1673,#1674,#1675,#1676,#1677,#1678,#1679,#1680,#1681,#1682,#1683,
#1684,#1685,#1686,#1687,#1688,#1689,#1690,#1691,#1692,#1693,#1694,#1695,#1696,
#1697,#1698,#1699,#1700,#1701,#1702,#1703,#1704,#1705,#1706,#1707,#1708,#1709,
#1710,#1711,#1712,#1713,#1714,#1715,#1716,#1717,#1718,#1719,#1720,#1721,#1722,
#1723,#1724,#1725,#1726,#1727,#1728,#1729,#1730,#1731,#1732,#1733,#1734,#1735,
#1736,#1737,#1738,#1739,#1740,#1741,#1742,#1743,#1744,#1745,#1746,#1747,#1748,
#1749,#1750,#1751,#1752,#1753,#1754,#1755,#1756,#1757,#1758,#1759,#1760,#1761,
#1762,#1763,#1764,#1765,#1766,#1767,#1768,#1769,#1770,#1771,#1772,#1773,#1774,
#1775,#1776,#1777,#1778,#1779,#1780,#1781,#1782,#1783),(#1784,#1785,#1786,#1787,
#1788,#1789,#1790,#1791,#1792,#1793,#1794,#1795,#1796,#1797,#1798,#1799,#1800,
#1801,#1802,#1803,#1804,#1805,#1806,#1807,#1808,#1809,#1810,#1811,#1812,#1813,
#1814,#1815,#1816,#1817,#1818,#1819,#1820,#1821,#1822,#1823,#1824,#1825,#1826,
#1827,#1828,#1829,#1830,#1831,#1832,#1833,#1834,#1835,#1836,#1837,#1838,#1839,
#1840,#1841,#1842,#1843,#1844,#1845,#1846,#1847,#1848,#1849,#1850,#1851,#1852,
#1853,#1854,#1855,#1856,#1857,#1858,#1859,#1860,#1861,#1862,#1863,#1864,#1865,
#1866,#1867,#1868,#1869,#1870,#1871,#1872,#1873,#1874,#1875,#1876,#1877,#1878,
#1879,#1880,#1881,#1882,#1883,#1884,#1885,#1886,#1887,#1888,#1889,#1890,#1891,
#1892,#1893,#1894,#1895,#1896,#1897,#1898,#1899,#1900,#1901,#1902,#1903,#1904,
#1905,#1906,#1907,#1908,#1909,#1910,#1911,#1912,#1913,#1914),(#1915,#1916,#1917,
#1918,#1919,#1920,#1921,#1922,#1923,#1924,#1925,#1926,#1927,#1928,#1929,#1930,
#1931,#1932,#1933,#1934,#1935,#1936,#1937,#1938,#1939,#1940,#1941,#1942,#1943,
#1944,#1945,#1946,#1947,#1948,#1949,#1950,#1951,#1952,#1953,#1954,#1955,#1956,
#1957,#1958,#1959,#1960,#1961,#1962,#1963,#1964,#1965,#1966,#1967,#1968,#1969,
#1970,#1971,#1972,#1973,#1974,#1975,#1976,#1977,#1978,#1979,#1980,#1981,#1982,
#1983,#1984,#1985,#1986,#1987,#1988,#1989,#1990,#1991,#1992,#1993,#1994,#1995,
#1996,#1997,#1998,#1999,#2000,#2001,#2002,#2003,#2004,#2005,#2006,#2007,#2008,
#2009,#2010,#2011,#2012,#2013,#2014,#2015,#2016,#2017,#2018,#2019,#2020,#2021,
#2022,#2023,#2024,#2025,#2026,#2027,#2028,#2029,#2030,#2031,#2032,#2033,#2034,
#2035,#2036,#2037,#2038,#2039,#2040,#2041,#2042,#2043,#2044,#2045)),
.UNSPECIFIED.,.F.,.F.,.F.,(4,4),(4,1,1,1,1,1,1,1,1,1,1,1,1,1,1,1,1,1,1,1,1,1,1,
1,1,1,1,1,1,1,1,1,1,1,1,1,1,1,1,1,1,1,1,1,1,1,1,1,1,1,1,1,1,1,1,1,1,1,1,1,1,1,1,
1,1,1,1,1,1,1,1,1,1,1,1,1,1,1,1,1,1,1,1,1,1,1,1,1,1,1,1,1,1,1,1,1,1,1,1,1,1,1,1,
1,1,1,1,1,1,1,1,1,1,1,1,1,1,1,1,1,1,1,1,1,1,1,1,1,4),(0.E0,1.E0),(0.E0,
7.8125E-3,1.5625E-2,2.34375E-2,3.125E-2,3.90625E-2,4.6875E-2,5.46875E-2,6.25E-2,
7.03125E-2,7.8125E-2,8.59375E-2,9.375E-2,1.015625E-1,1.09375E-1,1.171875E-1,
1.25E-1,1.328125E-1,1.40625E-1,1.484375E-1,1.5625E-1,1.640625E-1,1.71875E-1,
1.796875E-1,1.875E-1,1.953125E-1,2.03125E-1,2.109375E-1,2.1875E-1,2.265625E-1,
2.34375E-1,2.421875E-1,2.5E-1,2.578125E-1,2.65625E-1,2.734375E-1,2.8125E-1,
2.890625E-1,2.96875E-1,3.046875E-1,3.125E-1,3.203125E-1,3.28125E-1,3.359375E-1,
3.4375E-1,3.515625E-1,3.59375E-1,3.671875E-1,3.75E-1,3.828125E-1,3.90625E-1,
3.984375E-1,4.0625E-1,4.140625E-1,4.21875E-1,4.296875E-1,4.375E-1,4.453125E-1,
4.53125E-1,4.609375E-1,4.6875E-1,4.765625E-1,4.84375E-1,4.921875E-1,5.E-1,
5.078125E-1,5.15625E-1,5.234375E-1,5.3125E-1,5.390625E-1,5.46875E-1,5.546875E-1,
5.625E-1,5.703125E-1,5.78125E-1,5.859375E-1,5.9375E-1,6.015625E-1,6.09375E-1,
6.171875E-1,6.25E-1,6.328125E-1,6.40625E-1,6.484375E-1,6.5625E-1,6.640625E-1,
6.71875E-1,6.796875E-1,6.875E-1,6.953125E-1,7.03125E-1,7.109375E-1,7.1875E-1,
7.265625E-1,7.34375E-1,7.421875E-1,7.5E-1,7.578125E-1,7.65625E-1,7.734375E-1,
7.8125E-1,7.890625E-1,7.96875E-1,8.046875E-1,8.125E-1,8.203125E-1,8.28125E-1,
8.359375E-1,8.4375E-1,8.515625E-1,8.59375E-1,8.671875E-1,8.75E-1,8.828125E-1,
8.90625E-1,8.984375E-1,9.0625E-1,9.140625E-1,9.21875E-1,9.296875E-1,9.375E-1,
9.453125E-1,9.53125E-1,9.609375E-1,9.6875E-1,9.765625E-1,9.84375E-1,9.921875E-1,
1.E0),.UNSPECIFIED.);
#2047=ORIENTED_EDGE('',*,*,#1317,.T.);
#2048=ORIENTED_EDGE('',*,*,#1517,.T.);
#2050=ORIENTED_EDGE('',*,*,#2049,.T.);
#2052=ORIENTED_EDGE('',*,*,#2051,.F.);
#2054=ORIENTED_EDGE('',*,*,#2053,.F.);
#2056=ORIENTED_EDGE('',*,*,#2055,.F.);
#2058=ORIENTED_EDGE('',*,*,#2057,.F.);
#2060=ORIENTED_EDGE('',*,*,#2059,.F.);
#2061=ORIENTED_EDGE('',*,*,#1410,.T.);
#2062=EDGE_LOOP('',(#2047,#2048,#2050,#2052,#2054,#2056,#2058,#2060,#2061));
#2063=FACE_OUTER_BOUND('',#2062,.F.);
#2064=ADVANCED_FACE('',(#2063),#2046,.F.);
#2065=CARTESIAN_POINT('',(7.133974596216E0,1.05E1,0.E0));
#2066=CARTESIAN_POINT('',(7.133974596216E0,1.049226267582E1,3.468184718459E-1));
#2067=CARTESIAN_POINT('',(7.083303089876E0,1.047678802746E1,1.040452388013E0));
#2068=CARTESIAN_POINT('',(6.856895182859E0,1.045357605491E1,2.058813633531E0));
#2069=CARTESIAN_POINT('',(6.484893975327E0,1.043036408237E1,3.033459185633E0));
#2070=CARTESIAN_POINT('',(5.975198214769E0,1.040715210983E1,3.943695099090E0));
#2071=CARTESIAN_POINT('',(5.338630334086E0,1.038394013729E1,4.770194001804E0));
#2072=CARTESIAN_POINT('',(4.588706657545E0,1.036072816474E1,5.495406799862E0));
#2073=CARTESIAN_POINT('',(3.741350406997E0,1.033751619220E1,6.103934944693E0));
#2074=CARTESIAN_POINT('',(2.814553602145E0,1.031430421966E1,6.582857487444E0));
#2075=CARTESIAN_POINT('',(1.827995033770E0,1.029109224711E1,6.922005405601E0));
#2076=CARTESIAN_POINT('',(8.026224215472E-1,1.026788027457E1,7.114177529925E0));
#2077=CARTESIAN_POINT('',(-2.397923714738E-1,1.024466830203E1,
7.155293445931E0));
#2078=CARTESIAN_POINT('',(-1.277115623517E0,1.022145632948E1,7.044480134331E0));
#2079=CARTESIAN_POINT('',(-2.287321722125E0,1.019824435694E1,6.784090507821E0));
#2080=CARTESIAN_POINT('',(-3.248960836700E0,1.017503238440E1,6.379653451435E0));
#2081=CARTESIAN_POINT('',(-4.141614365402E0,1.015182041186E1,5.839756427036E0));
#2082=CARTESIAN_POINT('',(-4.946328485839E0,1.012860843931E1,5.175863134685E0));
#2083=CARTESIAN_POINT('',(-5.646016603911E0,1.010539646677E1,4.402070102482E0));
#2084=CARTESIAN_POINT('',(-6.225822155575E0,1.008218449423E1,3.534807373248E0));
#2085=CARTESIAN_POINT('',(-6.673434058090E0,1.005897252168E1,2.592489643400E0));
#2086=CARTESIAN_POINT('',(-6.979348112764E0,1.003576054914E1,1.595125261436E0));
#2087=CARTESIAN_POINT('',(-7.137068808771E0,1.001254857660E1,
5.638913881999E-1));
#2088=CARTESIAN_POINT('',(-7.143247243133E0,9.989336604055E0,
-4.793156603802E-1));
#2089=CARTESIAN_POINT('',(-6.997752228393E0,9.966124631512E0,
-1.512345340469E0));
#2090=CARTESIAN_POINT('',(-6.703673078130E0,9.942912658969E0,
-2.513263205550E0));
#2091=CARTESIAN_POINT('',(-6.267254011186E0,9.919700686426E0,
-3.460816643234E0));
#2092=CARTESIAN_POINT('',(-5.697761567398E0,9.896488713883E0,
-4.334886134594E0));
#2093=CARTESIAN_POINT('',(-5.007287850013E0,9.873276741340E0,
-5.116912454393E0));
#2094=CARTESIAN_POINT('',(-4.210493772571E0,9.850064768797E0,
-5.790290741401E0));
#2095=CARTESIAN_POINT('',(-3.324297761923E0,9.826852796254E0,
-6.340723071455E0));
#2096=CARTESIAN_POINT('',(-2.367516527184E0,9.803640823711E0,
-6.756522047054E0));
#2097=CARTESIAN_POINT('',(-1.360465522231E0,9.780428851168E0,
-7.028858957301E0));
#2098=CARTESIAN_POINT('',(-3.245275851713E-1,9.757216878625E0,
-7.151951239017E0));
#2099=CARTESIAN_POINT('',(7.183010861021E-1,9.734004906082E0,
-7.123185258613E0));
#2100=CARTESIAN_POINT('',(1.745877981885E0,9.710792933539E0,-6.943171807696E0));
#2101=CARTESIAN_POINT('',(2.736384435304E0,9.687580960996E0,-6.615733134056E0));
#2102=CARTESIAN_POINT('',(3.668788900754E0,9.664368988453E0,-6.147821783406E0));
#2103=CARTESIAN_POINT('',(4.523293519304E0,9.641157015910E0,-5.549372975124E0));
#2104=CARTESIAN_POINT('',(5.281754489074E0,9.617945043367E0,-4.833093646513E0));
#2105=CARTESIAN_POINT('',(5.928067314812E0,9.594733070825E0,-4.014192644838E0));
#2106=CARTESIAN_POINT('',(6.448508756634E0,9.571521098282E0,-3.110057795995E0));
#2107=CARTESIAN_POINT('',(6.832028217262E0,9.548309125739E0,-2.139886706662E0));
#2108=CARTESIAN_POINT('',(7.070482380721E0,9.525097153196E0,-1.124279139150E0));
#2109=CARTESIAN_POINT('',(7.158808120369E0,9.501885180653E0,
-8.479961411133E-2));
#2110=CARTESIAN_POINT('',(7.095130004890E0,9.478673208110E0,9.564804715849E-1));
#2111=CARTESIAN_POINT('',(6.880800119558E0,9.455461235567E0,1.977451489544E0));
#2112=CARTESIAN_POINT('',(6.520369357245E0,9.432249263024E0,2.956435036309E0));
#2113=CARTESIAN_POINT('',(6.021490788748E0,9.409037290481E0,3.872644233574E0));
#2114=CARTESIAN_POINT('',(5.394757164199E0,9.385825317938E0,4.706625098533E0));
#2115=CARTESIAN_POINT('',(4.653475995890E0,9.362613345395E0,5.440669612693E0));
#2116=CARTESIAN_POINT('',(3.813386998230E0,9.339401372852E0,6.059191718418E0));
#2117=CARTESIAN_POINT('',(2.892327884446E0,9.316189400309E0,6.549058259603E0));
#2118=CARTESIAN_POINT('',(1.909855616218E0,9.292977427766E0,6.899867839605E0));
#2119=CARTESIAN_POINT('',(8.868311483053E-1,9.269765455223E0,7.104171675376E0));
#2120=CARTESIAN_POINT('',(-1.550235146792E-1,9.246553482680E0,
7.157631758390E0));
#2121=CARTESIAN_POINT('',(-1.193586544270E0,9.223341510137E0,7.059112964116E0));
#2122=CARTESIAN_POINT('',(-2.206806003660E0,9.200129537594E0,6.810707154255E0));
#2123=CARTESIAN_POINT('',(-3.173168079190E0,9.176917565051E0,6.417688759984E0));
#2124=CARTESIAN_POINT('',(-4.072153885809E0,9.153705592508E0,5.888402789306E0));
#2125=CARTESIAN_POINT('',(-4.884675147086E0,9.130493619965E0,5.234087636470E0));
#2126=CARTESIAN_POINT('',(-5.593479498940E0,9.107281647422E0,4.468636455760E0));
#2127=CARTESIAN_POINT('',(-6.183516811210E0,9.084069674879E0,3.608302166435E0));
#2128=CARTESIAN_POINT('',(-6.642258748922E0,9.060857702336E0,2.671352352495E0));
#2129=CARTESIAN_POINT('',(-6.959964787975E0,9.037645729793E0,1.677681384816E0));
#2130=CARTESIAN_POINT('',(-7.129889036885E0,9.014433757250E0,
6.483880015231E-1));
#2131=CARTESIAN_POINT('',(-7.148423473132E0,8.991221784708E0,
-3.946726841186E-1));
#2132=CARTESIAN_POINT('',(-7.015174552747E0,8.968009812165E0,
-1.429353236016E0));
#2133=CARTESIAN_POINT('',(-6.732971566478E0,8.944797839622E0,
-2.433684154488E0));
#2134=CARTESIAN_POINT('',(-6.307806565115E0,8.921585867079E0,
-3.386340357362E0));
#2135=CARTESIAN_POINT('',(-5.748707129532E0,8.898373894536E0,
-4.267093978070E0));
#2136=CARTESIAN_POINT('',(-5.067544686952E0,8.875161921993E0,
-5.057243866431E0));
#2137=CARTESIAN_POINT('',(-4.278782443471E0,8.851949949450E0,
-5.740012672482E0));
#2138=CARTESIAN_POINT('',(-3.399168285017E0,8.828737976907E0,
-6.300903082015E0));
#2139=CARTESIAN_POINT('',(-2.447379167428E0,8.805526004364E0,
-6.728005639835E0));
#2140=CARTESIAN_POINT('',(-1.443624546342E0,8.782314031821E0,
-7.012251624693E0));
#2141=CARTESIAN_POINT('',(-4.092172673407E-1,8.759102059278E0,
-7.147605606560E0));
#2142=CARTESIAN_POINT('',(6.338789723333E-1,8.735890086735E0,
-7.131193597656E0));
#2143=CARTESIAN_POINT('',(1.663515981664E0,8.712678114192E0,-6.963364076189E0));
#2144=CARTESIAN_POINT('',(2.657831351131E0,8.689466141649E0,-6.647680587074E0));
#2145=CARTESIAN_POINT('',(3.595712659947E0,8.666254169106E0,-6.190846076742E0));
#2146=CARTESIAN_POINT('',(4.457245758692E0,8.643042196563E0,-5.602560568654E0));
#2147=CARTESIAN_POINT('',(5.224137608897E0,8.619830224020E0,-4.895315201509E0));
#2148=CARTESIAN_POINT('',(5.880104701388E0,8.596618251477E0,-4.084127003354E0));
#2149=CARTESIAN_POINT('',(6.411218806046E0,8.573406278934E0,-3.186220033177E0));
#2150=CARTESIAN_POINT('',(6.806202711626E0,8.550194306391E0,-2.220659660341E0));
#2151=CARTESIAN_POINT('',(7.056669676181E0,8.526982333848E0,-1.207947747246E0));
#2152=CARTESIAN_POINT('',(7.157301503783E0,8.503770361305E0,
-1.695873307564E-1));
#2153=CARTESIAN_POINT('',(7.105961466434E0,8.480558388762E0,8.723739544282E-1));
#2154=CARTESIAN_POINT('',(6.903739673474E0,8.457346416219E0,1.895812015920E0));
#2155=CARTESIAN_POINT('',(6.554929925157E0,8.434134443676E0,2.878996067224E0));
#2156=CARTESIAN_POINT('',(6.066938541859E0,8.410922471133E0,3.801050040202E0));
#2157=CARTESIAN_POINT('',(5.450127104765E0,8.387710498591E0,4.642395849206E0));
#2158=CARTESIAN_POINT('',(4.717592447139E0,8.364498526048E0,5.385169094978E0));
#2159=CARTESIAN_POINT('',(3.884888567651E0,8.341286553505E0,6.013598381647E0));
#2160=CARTESIAN_POINT('',(2.969696370402E0,8.318074580962E0,6.514340192716E0));
#2161=CARTESIAN_POINT('',(1.991448244111E0,8.294862608419E0,6.876762215595E0));
#2162=CARTESIAN_POINT('',(9.709154518121E-1,8.271650635876E0,7.093169098805E0));
#2163=CARTESIAN_POINT('',(-7.023290793846E-2,8.248438663333E0,
7.158965848323E0));
#2164=CARTESIAN_POINT('',(-1.109890003699E0,8.225226690790E0,7.072755393657E0));
#2165=CARTESIAN_POINT('',(-2.125980668219E0,8.202014718247E0,6.836368252016E0));
#2166=CARTESIAN_POINT('',(-3.096930123189E0,8.178802745704E0,6.454823660713E0));
#2167=CARTESIAN_POINT('',(-4.002122079163E0,8.155590773161E0,5.936223003079E0));
#2168=CARTESIAN_POINT('',(-4.822336483778E0,8.132378800618E0,5.291577790795E0));
#2169=CARTESIAN_POINT('',(-5.540157623490E0,8.109166828075E0,4.534575855104E0));
#2170=CARTESIAN_POINT('',(-6.140343913571E0,8.085954855532E0,3.681290711405E0));
#2171=CARTESIAN_POINT('',(-6.610151524552E0,8.062742882989E0,2.749840268321E0));
#2172=CARTESIAN_POINT('',(-6.939604973525E0,8.039530910446E0,1.760002127907E0));
#2173=CARTESIAN_POINT('',(-7.121708934805E0,8.016318937903E0,
7.327936453947E-1));
#2174=CARTESIAN_POINT('',(-7.152596772537E0,7.993106965360E0,
-3.099743349051E-1));
#2175=CARTESIAN_POINT('',(-7.031612641457E0,7.969894992817E0,
-1.346160591948E0));
#2176=CARTESIAN_POINT('',(-6.761325412530E0,7.946683020274E0,
-2.353763655231E0));
#2177=CARTESIAN_POINT('',(-6.347474127801E0,7.923471047731E0,
-3.311388964727E0));
#2178=CARTESIAN_POINT('',(-5.798846142604E0,7.900259075188E0,
-4.198703144213E0));
#2179=CARTESIAN_POINT('',(-5.127090542566E0,7.877047102645E0,
-4.996865742357E0));
#2180=CARTESIAN_POINT('',(-4.346470797136E0,7.853835130102E0,
-5.688929274342E0));
#2181=CARTESIAN_POINT('',(-3.473561901577E0,7.830623157559E0,
-6.260199069896E0));
#2182=CARTESIAN_POINT('',(-2.526898438053E0,7.807411185016E0,
-6.698545287044E0));
#2183=CARTESIAN_POINT('',(-1.526581028560E0,7.784199212474E0,
-6.994660466530E0));
#2184=CARTESIAN_POINT('',(-4.938495359399E-1,7.760987239931E0,
-7.142257158259E0));
#2185=CARTESIAN_POINT('',(5.493679247455E-1,7.737775267388E0,
-7.138201423463E0));
#2186=CARTESIAN_POINT('',(1.580920588565E0,7.714563294845E0,-6.982579378138E0));
#2187=CARTESIAN_POINT('',(2.578905370726E0,7.691351322302E0,-6.678695364053E0));
#2188=CARTESIAN_POINT('',(3.522131937143E0,7.668139349759E0,-6.233001789052E0));
#2189=CARTESIAN_POINT('',(4.390572642649E0,7.644927377216E0,-5.654962115566E0));
#2190=CARTESIAN_POINT('',(5.165787775851E0,7.621715404673E0,-4.956849946814E0));
#2191=CARTESIAN_POINT('',(5.831317108951E0,7.598503432130E0,-4.153488326333E0));
#2192=CARTESIAN_POINT('',(6.373029335773E0,7.575291459587E0,-3.261935347566E0));
#2193=CARTESIAN_POINT('',(6.779422362461E0,7.552079487044E0,-2.301120654406E0));
#2194=CARTESIAN_POINT('',(6.954385214907E0,7.536604838682E0,-1.628005796840E0));
#2195=CARTESIAN_POINT('',(7.016946776179E0,7.528867514501E0,-1.286876637335E0));
#2196=CARTESIAN_POINT('',(7.422649730810E0,1.033333333333E1,0.E0));
#2197=CARTESIAN_POINT('',(7.422649730810E0,1.032559600915E1,3.608524255262E-1));
#2198=CARTESIAN_POINT('',(7.369927810117E0,1.031012136079E1,1.082554126546E0));
#2199=CARTESIAN_POINT('',(7.134358343558E0,1.028690938825E1,2.142123196069E0));
#2200=CARTESIAN_POINT('',(6.747304166997E0,1.026369741570E1,3.156207623672E0));
#2201=CARTESIAN_POINT('',(6.216983649468E0,1.024048544316E1,4.103276086964E0));
#2202=CARTESIAN_POINT('',(5.554657151880E0,1.021727347062E1,4.963219134840E0));
#2203=CARTESIAN_POINT('',(4.774387934387E0,1.019406149808E1,5.717777552127E0));
#2204=CARTESIAN_POINT('',(3.892743549451E0,1.017084952553E1,6.350929690462E0));
#2205=CARTESIAN_POINT('',(2.928444060958E0,1.014763755299E1,6.849231756875E0));
#2206=CARTESIAN_POINT('',(1.901964558794E0,1.012442558045E1,7.202103240992E0));
#2207=CARTESIAN_POINT('',(8.351004087399E-1,1.010121360790E1,7.402051579416E0));
#2208=CARTESIAN_POINT('',(-2.494955312169E-1,1.007800163536E1,
7.444831244351E0));
#2209=CARTESIAN_POINT('',(-1.328793901810E0,1.005478966282E1,7.329533889920E0));
#2210=CARTESIAN_POINT('',(-2.379877827714E0,1.003157769027E1,7.058607639055E0));
#2211=CARTESIAN_POINT('',(-3.380429514388E0,1.000836571773E1,6.637805102232E0));
#2212=CARTESIAN_POINT('',(-4.309204124553E0,9.985153745189E0,6.076061231579E0));
#2213=CARTESIAN_POINT('',(-5.146480872442E0,9.961941772646E0,5.385303603935E0));
#2214=CARTESIAN_POINT('',(-5.874481757673E0,9.938729800103E0,4.580199161143E0));
#2215=CARTESIAN_POINT('',(-6.477749047728E0,9.915517827560E0,3.677842785062E0));
#2216=CARTESIAN_POINT('',(-6.943473493884E0,9.892305855017E0,2.697394319840E0));
#2217=CARTESIAN_POINT('',(-7.261766311576E0,9.869093882474E0,1.659671748577E0));
#2218=CARTESIAN_POINT('',(-7.425869150179E0,9.845881909931E0,
5.867091625262E-1));
#2219=CARTESIAN_POINT('',(-7.432297593894E0,9.822669937388E0,
-4.987110914835E-1));
#2220=CARTESIAN_POINT('',(-7.280915146784E0,9.799457964845E0,
-1.573542151423E0));
#2221=CARTESIAN_POINT('',(-6.974936131006E0,9.776245992302E0,
-2.614961996925E0));
#2222=CARTESIAN_POINT('',(-6.520857436713E0,9.753034019759E0,
-3.600858032059E0));
#2223=CARTESIAN_POINT('',(-5.928320572785E0,9.729822047216E0,
-4.510296604800E0));
#2224=CARTESIAN_POINT('',(-5.209906947483E0,9.706610074673E0,
-5.323967493847E0));
#2225=CARTESIAN_POINT('',(-4.380870725855E0,9.683398102130E0,
-6.024593924931E0));
#2226=CARTESIAN_POINT('',(-3.458814936173E0,9.660186129587E0,
-6.597299410689E0));
#2227=CARTESIAN_POINT('',(-2.463317702661E0,9.636974157044E0,
-7.029923624957E0));
#2228=CARTESIAN_POINT('',(-1.415516540769E0,9.613762184502E0,
-7.313280604474E0));
#2229=CARTESIAN_POINT('',(-3.376595417076E-1,9.590550211959E0,
-7.441353795571E0));
#2230=CARTESIAN_POINT('',(7.473670240184E-1,9.567338239416E0,
-7.411423804397E0));
#2231=CARTESIAN_POINT('',(1.816524653612E0,9.544126266873E0,-7.224126138142E0));
#2232=CARTESIAN_POINT('',(2.847111791353E0,9.520914294330E0,-6.883437711239E0));
#2233=CARTESIAN_POINT('',(3.817245853528E0,9.497702321787E0,-6.396592403045E0));
#2234=CARTESIAN_POINT('',(4.706327864028E0,9.474490349244E0,-5.773927459991E0));
#2235=CARTESIAN_POINT('',(5.495479834947E0,9.451278376701E0,-5.028664003556E0));
#2236=CARTESIAN_POINT('',(6.167945605225E0,9.428066404158E0,-4.176626304562E0));
#2237=CARTESIAN_POINT('',(6.709446626282E0,9.404854431615E0,-3.235905784483E0));
#2238=CARTESIAN_POINT('',(7.108485140198E0,9.381642459072E0,-2.226476878064E0));
#2239=CARTESIAN_POINT('',(7.356588313028E0,9.358430486529E0,-1.169772913684E0));
#2240=CARTESIAN_POINT('',(7.448488139524E0,9.335218513986E0,
-8.823101685702E-2));
#2241=CARTESIAN_POINT('',(7.382233299345E0,9.312006541443E0,9.951843000255E-1));
#2242=CARTESIAN_POINT('',(7.159230589676E0,9.288794568900E0,2.057468746011E0));
#2243=CARTESIAN_POINT('',(6.784215054538E0,9.265582596357E0,3.076066704535E0));
#2244=CARTESIAN_POINT('',(6.265149445008E0,9.242370623814E0,4.029350159603E0));
#2245=CARTESIAN_POINT('',(5.613055145146E0,9.219158651271E0,4.897077926123E0));
#2246=CARTESIAN_POINT('',(4.841778153591E0,9.195946678728E0,5.660825433484E0));
#2247=CARTESIAN_POINT('',(3.967695089762E0,9.172734706185E0,6.304375936732E0));
#2248=CARTESIAN_POINT('',(3.009365467083E0,9.149522733642E0,6.814064848715E0));
#2249=CARTESIAN_POINT('',(1.987137616544E0,9.126310761099E0,7.179069881948E0));
#2250=CARTESIAN_POINT('',(9.227166280820E-1,9.103098788556E0,7.391640839572E0));
#2251=CARTESIAN_POINT('',(-1.612965162664E-1,9.079886816013E0,
7.447264176247E0));
#2252=CARTESIAN_POINT('',(-1.241884831806E0,9.056674843470E0,7.344758834809E0));
#2253=CARTESIAN_POINT('',(-2.296104053651E0,9.033462870927E0,7.086301323806E0));
#2254=CARTESIAN_POINT('',(-3.301569815136E0,9.010250898385E0,6.677379503424E0));
#2255=CARTESIAN_POINT('',(-4.236932937825E0,8.987038925842E0,6.126676061074E0));
#2256=CARTESIAN_POINT('',(-5.082332741253E0,8.963826953299E0,5.445884150820E0));
#2257=CARTESIAN_POINT('',(-5.819818747200E0,8.940614980756E0,4.649459111199E0));
#2258=CARTESIAN_POINT('',(-6.433731824408E0,8.917403008213E0,3.754311533234E0));
#2259=CARTESIAN_POINT('',(-6.911036680845E0,8.894191035670E0,2.779448195774E0));
#2260=CARTESIAN_POINT('',(-7.241598643668E0,8.870979063127E0,1.745568492211E0));
#2261=CARTESIAN_POINT('',(-7.418398849979E0,8.847767090584E0,
6.746249177169E-1));
#2262=CARTESIAN_POINT('',(-7.437683279207E0,8.824555118041E0,
-4.106430508016E-1));
#2263=CARTESIAN_POINT('',(-7.299042462690E0,8.801343145498E0,
-1.487191784812E0));
#2264=CARTESIAN_POINT('',(-7.005420177973E0,8.778131172955E0,
-2.532162792362E0));
#2265=CARTESIAN_POINT('',(-6.563050943214E0,8.754919200412E0,
-3.523368075258E0));
#2266=CARTESIAN_POINT('',(-5.981327638897E0,8.731707227869E0,
-4.439761249565E0));
#2267=CARTESIAN_POINT('',(-5.272602067637E0,8.708495255326E0,
-5.261884426070E0));
#2268=CARTESIAN_POINT('',(-4.451922686839E0,8.685283282783E0,
-5.972281362040E0));
#2269=CARTESIAN_POINT('',(-3.536715082942E0,8.662071310240E0,
-6.555868111780E0));
#2270=CARTESIAN_POINT('',(-2.546411971797E0,8.638859337697E0,
-7.000253305907E0));
#2271=CARTESIAN_POINT('',(-1.502040581415E0,8.615647365154E0,
-7.296001258823E0));
#2272=CARTESIAN_POINT('',(-4.257761782444E-1,8.592435392611E0,
-7.436832317796E0));
#2273=CARTESIAN_POINT('',(6.595287829946E-1,8.569223420068E0,
-7.419756199591E0));
#2274=CARTESIAN_POINT('',(1.730829888299E0,8.546011447525E0,-7.245135483532E0));
#2275=CARTESIAN_POINT('',(2.765380069264E0,8.522799474982E0,-6.916677912805E0));
#2276=CARTESIAN_POINT('',(3.741212594391E0,8.499587502439E0,-6.441357667490E0));
#2277=CARTESIAN_POINT('',(4.637607491406E0,8.476375529896E0,-5.829267280939E0));
#2278=CARTESIAN_POINT('',(5.435531496981E0,8.453163557353E0,-5.093403343767E0));
#2279=CARTESIAN_POINT('',(6.118042192364E0,8.429951584811E0,-4.249390545646E0));
#2280=CARTESIAN_POINT('',(6.670647743841E0,8.406739612268E0,-3.315149914342E0));
#2281=CARTESIAN_POINT('',(7.081614609631E0,8.383527639725E0,-2.310518296322E0));
#2282=CARTESIAN_POINT('',(7.342216679621E0,8.360315667182E0,-1.256827158550E0));
#2283=CARTESIAN_POINT('',(7.446920557941E0,8.337103694639E0,
-1.764496548187E-1));
#2284=CARTESIAN_POINT('',(7.393503054238E0,8.313891722096E0,9.076744261799E-1));
#2285=CARTESIAN_POINT('',(7.183098388952E0,8.290679749553E0,1.972525744219E0));
#2286=CARTESIAN_POINT('',(6.820174110272E0,8.267467777010E0,2.995494180021E0));
#2287=CARTESIAN_POINT('',(6.312436234138E0,8.244255804467E0,3.954858918711E0));
#2288=CARTESIAN_POINT('',(5.670665621451E0,8.221043831924E0,4.830249650553E0));
#2289=CARTESIAN_POINT('',(4.908489066727E0,8.197831859381E0,5.603079096246E0));
#2290=CARTESIAN_POINT('',(4.042089958688E0,8.174619886838E0,6.256937672923E0));
#2291=CARTESIAN_POINT('',(3.089864656379E0,8.151407914295E0,6.777941920836E0));
#2292=CARTESIAN_POINT('',(2.072031877001E0,8.128195941752E0,7.155029292579E0));
#2293=CARTESIAN_POINT('',(1.010203389406E0,8.104983969209E0,7.380193045511E0));
#2294=CARTESIAN_POINT('',(-7.307487126180E-2,8.081771996666E0,
7.448652249915E0));
#2295=CARTESIAN_POINT('',(-1.154801524182E0,8.058560024123E0,7.358953303067E0));
#2296=CARTESIAN_POINT('',(-2.212008134012E0,8.035348051580E0,7.113000793760E0));
#2297=CARTESIAN_POINT('',(-3.222246902508E0,8.012136079037E0,6.716017061939E0));
#2298=CARTESIAN_POINT('',(-4.164067305388E0,7.988924106494E0,6.176431312107E0));
#2299=CARTESIAN_POINT('',(-5.017471553961E0,7.965712133951E0,5.505700634993E0));
#2300=CARTESIAN_POINT('',(-5.764339210636E0,7.942500161408E0,4.718066737732E0));
#2301=CARTESIAN_POINT('',(-6.388811942410E0,7.919288188865E0,3.830253547937E0));
#2302=CARTESIAN_POINT('',(-6.877630242804E0,7.896076216322E0,2.861112112489E0));
#2303=CARTESIAN_POINT('',(-7.220414972601E0,7.872864243779E0,1.831220330931E0));
#2304=CARTESIAN_POINT('',(-7.409887741384E0,7.849652271236E0,
7.624460223918E-1));
#2305=CARTESIAN_POINT('',(-7.442025450502E0,7.826440298694E0,
-3.225173965103E-1));
#2306=CARTESIAN_POINT('',(-7.316145716017E0,7.803228326151E0,
-1.400632763783E0));
#2307=CARTESIAN_POINT('',(-7.034921357845E0,7.780016353608E0,
-2.449008322957E0));
#2308=CARTESIAN_POINT('',(-6.604323647443E0,7.756804381065E0,
-3.445383786575E0));
#2309=CARTESIAN_POINT('',(-6.033495519068E0,7.733592408522E0,
-4.368602991617E0));
#2310=CARTESIAN_POINT('',(-5.334557436721E0,7.710380435979E0,
-5.199063110917E0));
#2311=CARTESIAN_POINT('',(-4.522350038848E0,7.687168463436E0,
-5.919130882410E0));
#2312=CARTESIAN_POINT('',(-3.614119025230E0,7.663956490893E0,
-6.513517018358E0));
#2313=CARTESIAN_POINT('',(-2.629148976918E0,7.640744518350E0,
-6.969600844678E0));
#2314=CARTESIAN_POINT('',(-1.588353884342E0,7.617532545807E0,
-7.277698277275E0));
#2315=CARTESIAN_POINT('',(-5.138330779801E-1,7.594320573264E0,
-7.431267445395E0));
#2316=CARTESIAN_POINT('',(5.715980094590E-1,7.571108600721E0,
-7.427047595942E0));
#2317=CARTESIAN_POINT('',(1.644892285903E0,7.547896628178E0,-7.265128329584E0));
#2318=CARTESIAN_POINT('',(2.683260361756E0,7.524684655635E0,-6.948947697746E0));
#2319=CARTESIAN_POINT('',(3.664654439474E0,7.501472683092E0,-6.485219203919E0));
#2320=CARTESIAN_POINT('',(4.568236458447E0,7.478260710549E0,-5.883789248018E0));
#2321=CARTESIAN_POINT('',(5.374820547326E0,7.455048738006E0,-5.157428082643E0));
#2322=CARTESIAN_POINT('',(6.067280417846E0,7.431836765463E0,-4.321558563404E0));
#2323=CARTESIAN_POINT('',(6.630912942796E0,7.408624792920E0,-3.393929036750E0));
#2324=CARTESIAN_POINT('',(7.053750597944E0,7.385412820377E0,-2.394235131570E0));
#2325=CARTESIAN_POINT('',(7.235793294073E0,7.369938172015E0,-1.693882789558E0));
#2326=CARTESIAN_POINT('',(7.300886398859E0,7.362200847834E0,-1.338949893481E0));
#2327=CARTESIAN_POINT('',(7.711324865405E0,1.016666666667E1,0.E0));
#2328=CARTESIAN_POINT('',(7.711324865405E0,1.015892934249E1,3.748863792066E-1));
#2329=CARTESIAN_POINT('',(7.656552530358E0,1.014345469412E1,1.124655865078E0));
#2330=CARTESIAN_POINT('',(7.411821504258E0,1.012024272158E1,2.225432758606E0));
#2331=CARTESIAN_POINT('',(7.009714358667E0,1.009703074904E1,3.278956061712E0));
#2332=CARTESIAN_POINT('',(6.458769084167E0,1.007381877649E1,4.262857074838E0));
#2333=CARTESIAN_POINT('',(5.770683969674E0,1.005060680395E1,5.156244267877E0));
#2334=CARTESIAN_POINT('',(4.960069211229E0,1.002739483141E1,5.940148304393E0));
#2335=CARTESIAN_POINT('',(4.044136691905E0,1.000418285887E1,6.597924436231E0));
#2336=CARTESIAN_POINT('',(3.042334519771E0,9.980970886323E0,7.115606026306E0));
#2337=CARTESIAN_POINT('',(1.975934083817E0,9.957758913780E0,7.482201076382E0));
#2338=CARTESIAN_POINT('',(8.675783959326E-1,9.934546941237E0,7.689925628908E0));
#2339=CARTESIAN_POINT('',(-2.591986909599E-1,9.911334968694E0,
7.734369042770E0));
#2340=CARTESIAN_POINT('',(-1.380472180102E0,9.888122996151E0,7.614587645509E0));
#2341=CARTESIAN_POINT('',(-2.472433933303E0,9.864911023608E0,7.333124770289E0));
#2342=CARTESIAN_POINT('',(-3.511898192077E0,9.841699051065E0,6.895956753030E0));
#2343=CARTESIAN_POINT('',(-4.476793883705E0,9.818487078522E0,6.312366036123E0));
#2344=CARTESIAN_POINT('',(-5.346633259045E0,9.795275105979E0,5.594744073186E0));
#2345=CARTESIAN_POINT('',(-6.102946911435E0,9.772063133436E0,4.758328219803E0));
#2346=CARTESIAN_POINT('',(-6.729675939881E0,9.748851160893E0,3.820878196876E0));
#2347=CARTESIAN_POINT('',(-7.213512929677E0,9.725639188350E0,2.802298996280E0));
#2348=CARTESIAN_POINT('',(-7.544184510389E0,9.702427215807E0,1.724218235719E0));
#2349=CARTESIAN_POINT('',(-7.714669491587E0,9.679215243264E0,
6.095269368524E-1));
#2350=CARTESIAN_POINT('',(-7.721347944655E0,9.656003270722E0,
-5.181065225868E-1));
#2351=CARTESIAN_POINT('',(-7.564078065175E0,9.632791298179E0,
-1.634738962376E0));
#2352=CARTESIAN_POINT('',(-7.246199183882E0,9.609579325636E0,
-2.716660788300E0));
#2353=CARTESIAN_POINT('',(-6.774460862239E0,9.586367353093E0,
-3.740899420883E0));
#2354=CARTESIAN_POINT('',(-6.158879578171E0,9.563155380550E0,
-4.685707075005E0));
#2355=CARTESIAN_POINT('',(-5.412526044952E0,9.539943408007E0,
-5.531022533301E0));
#2356=CARTESIAN_POINT('',(-4.551247679139E0,9.516731435464E0,
-6.258897108461E0));
#2357=CARTESIAN_POINT('',(-3.593332110424E0,9.493519462921E0,
-6.853875749922E0));
#2358=CARTESIAN_POINT('',(-2.559118878138E0,9.470307490378E0,
-7.303325202860E0));
#2359=CARTESIAN_POINT('',(-1.470567559306E0,9.447095517835E0,
-7.597702251647E0));
#2360=CARTESIAN_POINT('',(-3.507914982440E-1,9.423883545292E0,
-7.730756352126E0));
#2361=CARTESIAN_POINT('',(7.764329619347E-1,9.400671572749E0,
-7.699662350181E0));
#2362=CARTESIAN_POINT('',(1.887171325339E0,9.377459600206E0,-7.505080468589E0));
#2363=CARTESIAN_POINT('',(2.957839147403E0,9.354247627663E0,-7.151142288422E0));
#2364=CARTESIAN_POINT('',(3.965702806303E0,9.331035655120E0,-6.645363022684E0));
#2365=CARTESIAN_POINT('',(4.889362208752E0,9.307823682577E0,-5.998481944859E0));
#2366=CARTESIAN_POINT('',(5.709205180821E0,9.284611710034E0,-5.224234360599E0));
#2367=CARTESIAN_POINT('',(6.407823895638E0,9.261399737491E0,-4.339059964285E0));
#2368=CARTESIAN_POINT('',(6.970384495929E0,9.238187764948E0,-3.361753772970E0));
#2369=CARTESIAN_POINT('',(7.384942063134E0,9.214975792405E0,-2.313067049466E0));
#2370=CARTESIAN_POINT('',(7.642694245335E0,9.191763819862E0,-1.215266688219E0));
#2371=CARTESIAN_POINT('',(7.738168158680E0,9.168551847319E0,
-9.166241960272E-2));
#2372=CARTESIAN_POINT('',(7.669336593799E0,9.145339874776E0,1.033888128466E0));
#2373=CARTESIAN_POINT('',(7.437661059794E0,9.122127902233E0,2.137486002479E0));
#2374=CARTESIAN_POINT('',(7.048060751831E0,9.098915929690E0,3.195698372761E0));
#2375=CARTESIAN_POINT('',(6.508808101267E0,9.075703957147E0,4.186056085631E0));
#2376=CARTESIAN_POINT('',(5.831353126093E0,9.052491984605E0,5.087530753713E0));
#2377=CARTESIAN_POINT('',(5.030080311291E0,9.029280012062E0,5.880981254275E0));
#2378=CARTESIAN_POINT('',(4.122003181293E0,9.006068039519E0,6.549560155047E0));
#2379=CARTESIAN_POINT('',(3.126403049720E0,8.982856066976E0,7.079071437828E0));
#2380=CARTESIAN_POINT('',(2.064419616869E0,8.959644094433E0,7.458271924290E0));
#2381=CARTESIAN_POINT('',(9.586021078587E-1,8.936432121890E0,7.679110003769E0));
#2382=CARTESIAN_POINT('',(-1.675695178537E-1,8.913220149347E0,
7.736896594104E0));
#2383=CARTESIAN_POINT('',(-1.290183119341E0,8.890008176804E0,7.630404705502E0));
#2384=CARTESIAN_POINT('',(-2.385402103643E0,8.866796204261E0,7.361895493357E0));
#2385=CARTESIAN_POINT('',(-3.429971551083E0,8.843584231718E0,6.937070246865E0));
#2386=CARTESIAN_POINT('',(-4.401711989842E0,8.820372259175E0,6.364949332842E0));
#2387=CARTESIAN_POINT('',(-5.279990335420E0,8.797160286632E0,5.657680665170E0));
#2388=CARTESIAN_POINT('',(-6.046157995459E0,8.773948314089E0,4.830281766638E0));
#2389=CARTESIAN_POINT('',(-6.683946837605E0,8.750736341546E0,3.900320900033E0));
#2390=CARTESIAN_POINT('',(-7.179814612767E0,8.727524369003E0,2.887544039052E0));
#2391=CARTESIAN_POINT('',(-7.523232499360E0,8.704312396460E0,1.813455599607E0));
#2392=CARTESIAN_POINT('',(-7.706908663072E0,8.681100423917E0,
7.008618339106E-1));
#2393=CARTESIAN_POINT('',(-7.726943085282E0,8.657888451374E0,
-4.266134174846E-1));
#2394=CARTESIAN_POINT('',(-7.582910372634E0,8.634676478831E0,
-1.545030333607E0));
#2395=CARTESIAN_POINT('',(-7.277868789467E0,8.611464506288E0,
-2.630641430235E0));
#2396=CARTESIAN_POINT('',(-6.818295321313E0,8.588252533745E0,
-3.660395793154E0));
#2397=CARTESIAN_POINT('',(-6.213948148261E0,8.565040561202E0,
-4.612428521061E0));
#2398=CARTESIAN_POINT('',(-5.477659448322E0,8.541828588659E0,
-5.466524985709E0));
#2399=CARTESIAN_POINT('',(-4.625062930207E0,8.518616616116E0,
-6.204550051599E0));
#2400=CARTESIAN_POINT('',(-3.674261880867E0,8.495404643573E0,
-6.810833141546E0));
#2401=CARTESIAN_POINT('',(-2.645444776166E0,8.472192671030E0,
-7.272500971978E0));
#2402=CARTESIAN_POINT('',(-1.560456616487E0,8.448980698488E0,
-7.579750892954E0));
#2403=CARTESIAN_POINT('',(-4.423350891481E-1,8.425768725945E0,
-7.726059029032E0));
#2404=CARTESIAN_POINT('',(6.851785936559E-1,8.402556753402E0,
-7.708318801527E0));
#2405=CARTESIAN_POINT('',(1.798143794934E0,8.379344780859E0,-7.526906890876E0));
#2406=CARTESIAN_POINT('',(2.872928787397E0,8.356132808316E0,-7.185675238537E0));
#2407=CARTESIAN_POINT('',(3.886712528835E0,8.332920835773E0,-6.691869258239E0));
#2408=CARTESIAN_POINT('',(4.817969224120E0,8.309708863230E0,-6.055973993224E0));
#2409=CARTESIAN_POINT('',(5.646925385066E0,8.286496890687E0,-5.291491486025E0));
#2410=CARTESIAN_POINT('',(6.355979683339E0,8.263284918144E0,-4.414654087939E0));
#2411=CARTESIAN_POINT('',(6.930076681636E0,8.240072945601E0,-3.444079795507E0));
#2412=CARTESIAN_POINT('',(7.357026507635E0,8.216860973058E0,-2.400376932303E0));
#2413=CARTESIAN_POINT('',(7.627763683060E0,8.193649000515E0,-1.305706569853E0));
#2414=CARTESIAN_POINT('',(7.736539612099E0,8.170437027972E0,
-1.833119788810E-1));
#2415=CARTESIAN_POINT('',(7.681044642042E0,8.147225055429E0,9.429748979317E-1));
#2416=CARTESIAN_POINT('',(7.462457104429E0,8.124013082886E0,2.049239472517E0));
#2417=CARTESIAN_POINT('',(7.085418295387E0,8.100801110343E0,3.111992292818E0));
#2418=CARTESIAN_POINT('',(6.557933926418E0,8.077589137800E0,4.108667797220E0));
#2419=CARTESIAN_POINT('',(5.891204138137E0,8.054377165257E0,5.018103451900E0));
#2420=CARTESIAN_POINT('',(5.099385686314E0,8.031165192714E0,5.820989097515E0));
#2421=CARTESIAN_POINT('',(4.199291349726E0,8.007953220171E0,6.500276964198E0));
#2422=CARTESIAN_POINT('',(3.210032942356E0,7.984741247628E0,7.041543648957E0));
#2423=CARTESIAN_POINT('',(2.152615509891E0,7.961529275085E0,7.433296369562E0));
#2424=CARTESIAN_POINT('',(1.049491327E0,7.938317302542E0,7.667216992216E0));
#2425=CARTESIAN_POINT('',(-7.591683458515E-2,7.915105329999E0,
7.738338651506E0));
#2426=CARTESIAN_POINT('',(-1.199713044665E0,7.891893357456E0,7.645151212477E0));
#2427=CARTESIAN_POINT('',(-2.298035599805E0,7.868681384913E0,7.389633335505E0));
#2428=CARTESIAN_POINT('',(-3.347563681827E0,7.845469412371E0,6.977210463164E0));
#2429=CARTESIAN_POINT('',(-4.326012531613E0,7.822257439828E0,6.416639621134E0));
#2430=CARTESIAN_POINT('',(-5.212606624144E0,7.799045467285E0,5.719823479191E0));
#2431=CARTESIAN_POINT('',(-5.988520797782E0,7.775833494742E0,4.901557620360E0));
#2432=CARTESIAN_POINT('',(-6.637279971249E0,7.752621522199E0,3.979216384469E0));
#2433=CARTESIAN_POINT('',(-7.145108961057E0,7.729409549656E0,2.972383956657E0));
#2434=CARTESIAN_POINT('',(-7.501224971676E0,7.706197577113E0,1.902438533954E0));
#2435=CARTESIAN_POINT('',(-7.698066547962E0,7.682985604570E0,
7.920983993888E-1));
#2436=CARTESIAN_POINT('',(-7.731454128466E0,7.659773632027E0,
-3.350604581154E-1));
#2437=CARTESIAN_POINT('',(-7.600678790576E0,7.636561659484E0,
-1.455104935617E0));
#2438=CARTESIAN_POINT('',(-7.308517303159E0,7.613349686941E0,
-2.544252990682E0));
#2439=CARTESIAN_POINT('',(-6.861173167086E0,7.590137714398E0,
-3.579378608423E0));
#2440=CARTESIAN_POINT('',(-6.268144895531E0,7.566925741855E0,
-4.538502839020E0));
#2441=CARTESIAN_POINT('',(-5.542024330875E0,7.543713769312E0,
-5.401260479477E0));
#2442=CARTESIAN_POINT('',(-4.698229280560E0,7.520501796769E0,
-6.149332490479E0));
#2443=CARTESIAN_POINT('',(-3.754676148884E0,7.497289824226E0,
-6.766834966820E0));
#2444=CARTESIAN_POINT('',(-2.731399515783E0,7.474077851683E0,
-7.240656402313E0));
#2445=CARTESIAN_POINT('',(-1.650126740125E0,7.450865879140E0,
-7.560736088020E0));
#2446=CARTESIAN_POINT('',(-5.338166200202E-1,7.427653906597E0,
-7.720277732531E0));
#2447=CARTESIAN_POINT('',(5.938280941725E-1,7.404441934054E0,
-7.715893768422E0));
#2448=CARTESIAN_POINT('',(1.708863983241E0,7.381229961511E0,-7.547677281030E0));
#2449=CARTESIAN_POINT('',(2.787615352787E0,7.358017988968E0,-7.219200031440E0));
#2450=CARTESIAN_POINT('',(3.807176941805E0,7.334806016425E0,-6.737436618786E0));
#2451=CARTESIAN_POINT('',(4.745900274244E0,7.311594043882E0,-6.112616380470E0));
#2452=CARTESIAN_POINT('',(5.583853318802E0,7.288382071339E0,-5.358006218473E0));
#2453=CARTESIAN_POINT('',(6.303243726740E0,7.265170098796E0,-4.489628800475E0));
#2454=CARTESIAN_POINT('',(6.888796549819E0,7.241958126254E0,-3.525922725934E0));
#2455=CARTESIAN_POINT('',(7.328078833427E0,7.218746153711E0,-2.487349608734E0));
#2456=CARTESIAN_POINT('',(7.517201373238E0,7.203271505349E0,-1.759759782276E0));
#2457=CARTESIAN_POINT('',(7.584826021539E0,7.195534181168E0,-1.391023149627E0));
#2458=CARTESIAN_POINT('',(8.E0,1.E1,0.E0));
#2459=CARTESIAN_POINT('',(8.E0,9.992262675819E0,3.889203328869E-1));
#2460=CARTESIAN_POINT('',(7.943177250599E0,9.976788027457E0,1.166757603611E0));
#2461=CARTESIAN_POINT('',(7.689284664957E0,9.953576054914E0,2.308742321144E0));
#2462=CARTESIAN_POINT('',(7.272124550337E0,9.930364082371E0,3.401704499752E0));
#2463=CARTESIAN_POINT('',(6.700554518866E0,9.907152109828E0,4.422438062711E0));
#2464=CARTESIAN_POINT('',(5.986710787468E0,9.883940137285E0,5.349269400913E0));
#2465=CARTESIAN_POINT('',(5.145750488071E0,9.860728164742E0,6.162519056658E0));
#2466=CARTESIAN_POINT('',(4.195529834359E0,9.837516192199E0,6.844919182001E0));
#2467=CARTESIAN_POINT('',(3.156224978584E0,9.814304219656E0,7.381980295737E0));
#2468=CARTESIAN_POINT('',(2.049903608841E0,9.791092247113E0,7.762298911772E0));
#2469=CARTESIAN_POINT('',(9.000563831253E-1,9.767880274570E0,7.977799678399E0));
#2470=CARTESIAN_POINT('',(-2.689018507030E-1,9.744668302027E0,
8.023906841190E0));
#2471=CARTESIAN_POINT('',(-1.432150458394E0,9.721456329484E0,7.899641401098E0));
#2472=CARTESIAN_POINT('',(-2.564990038892E0,9.698244356941E0,7.607641901523E0));
#2473=CARTESIAN_POINT('',(-3.643366869765E0,9.675032384399E0,7.154108403828E0));
#2474=CARTESIAN_POINT('',(-4.644383642856E0,9.651820411856E0,6.548670840666E0));
#2475=CARTESIAN_POINT('',(-5.546785645648E0,9.628608439313E0,5.804184542436E0));
#2476=CARTESIAN_POINT('',(-6.331412065198E0,9.605396466770E0,4.936457278463E0));
#2477=CARTESIAN_POINT('',(-6.981602832034E0,9.582184494227E0,3.963913608690E0));
#2478=CARTESIAN_POINT('',(-7.483552365471E0,9.558972521684E0,2.907203672719E0));
#2479=CARTESIAN_POINT('',(-7.826602709201E0,9.535760549141E0,1.788764722860E0));
#2480=CARTESIAN_POINT('',(-8.003469832995E0,9.512548576598E0,
6.323447111786E-1));
#2481=CARTESIAN_POINT('',(-8.010398295416E0,9.489336604055E0,
-5.375019536901E-1));
#2482=CARTESIAN_POINT('',(-7.847240983566E0,9.466124631512E0,
-1.695935773330E0));
#2483=CARTESIAN_POINT('',(-7.517462236757E0,9.442912658969E0,
-2.818359579675E0));
#2484=CARTESIAN_POINT('',(-7.028064287765E0,9.419700686426E0,
-3.880940809708E0));
#2485=CARTESIAN_POINT('',(-6.389438583558E0,9.396488713883E0,
-4.861117545211E0));
#2486=CARTESIAN_POINT('',(-5.615145142422E0,9.373276741340E0,
-5.738077572755E0));
#2487=CARTESIAN_POINT('',(-4.721624632423E0,9.350064768797E0,
-6.493200291991E0));
#2488=CARTESIAN_POINT('',(-3.727849284674E0,9.326852796254E0,
-7.110452089155E0));
#2489=CARTESIAN_POINT('',(-2.654920053615E0,9.303640823711E0,
-7.576726780763E0));
#2490=CARTESIAN_POINT('',(-1.525618577844E0,9.280428851168E0,
-7.882123898821E0));
#2491=CARTESIAN_POINT('',(-3.639234547804E-1,9.257216878625E0,
-8.020158908680E0));
#2492=CARTESIAN_POINT('',(8.054988998510E-1,9.234004906082E0,
-7.987900895965E0));
#2493=CARTESIAN_POINT('',(1.957817997066E0,9.210792933539E0,-7.786034799035E0));
#2494=CARTESIAN_POINT('',(3.068566503453E0,9.187580960996E0,-7.418846865606E0));
#2495=CARTESIAN_POINT('',(4.114159759077E0,9.164368988453E0,-6.894133642323E0));
#2496=CARTESIAN_POINT('',(5.072396553477E0,9.141157015910E0,-6.223036429726E0));
#2497=CARTESIAN_POINT('',(5.922930526695E0,9.117945043367E0,-5.419804717642E0));
#2498=CARTESIAN_POINT('',(6.647702186051E0,9.094733070825E0,-4.501493624009E0));
#2499=CARTESIAN_POINT('',(7.231322365577E0,9.071521098282E0,-3.487601761458E0));
#2500=CARTESIAN_POINT('',(7.661398986070E0,9.048309125739E0,-2.399657220867E0));
#2501=CARTESIAN_POINT('',(7.928800177642E0,9.025097153196E0,-1.260760462754E0));
#2502=CARTESIAN_POINT('',(8.027848177835E0,9.001885180653E0,
-9.509382234841E-2));
#2503=CARTESIAN_POINT('',(7.956439888254E0,8.978673208110E0,1.072591956907E0));
#2504=CARTESIAN_POINT('',(7.716091529912E0,8.955461235567E0,2.217503258947E0));
#2505=CARTESIAN_POINT('',(7.311906449125E0,8.932249263024E0,3.315330040987E0));
#2506=CARTESIAN_POINT('',(6.752466757527E0,8.909037290481E0,4.342762011660E0));
#2507=CARTESIAN_POINT('',(6.049651107040E0,8.885825317938E0,5.277983581304E0));
#2508=CARTESIAN_POINT('',(5.218382468992E0,8.862613345395E0,6.101137075066E0));
#2509=CARTESIAN_POINT('',(4.276311272825E0,8.839401372852E0,6.794744373362E0));
#2510=CARTESIAN_POINT('',(3.243440632357E0,8.816189400309E0,7.344078026941E0));
#2511=CARTESIAN_POINT('',(2.141701617195E0,8.792977427766E0,7.737473966633E0));
#2512=CARTESIAN_POINT('',(9.944875876353E-1,8.769765455223E0,7.966579167965E0));
#2513=CARTESIAN_POINT('',(-1.738425194409E-1,8.746553482680E0,
8.026529011961E0));
#2514=CARTESIAN_POINT('',(-1.338481406876E0,8.723341510137E0,7.916050576194E0));
#2515=CARTESIAN_POINT('',(-2.474700153634E0,8.700129537594E0,7.637489662908E0));
#2516=CARTESIAN_POINT('',(-3.558373287029E0,8.676917565051E0,7.196760990305E0));
#2517=CARTESIAN_POINT('',(-4.566491041859E0,8.653705592508E0,6.603222604611E0));
#2518=CARTESIAN_POINT('',(-5.477647929587E0,8.630493619965E0,5.869477179520E0));
#2519=CARTESIAN_POINT('',(-6.272497243719E0,8.607281647422E0,5.011104422077E0));
#2520=CARTESIAN_POINT('',(-6.934161850803E0,8.584069674879E0,4.046330266832E0));
#2521=CARTESIAN_POINT('',(-7.448592544690E0,8.560857702336E0,2.995639882331E0));
#2522=CARTESIAN_POINT('',(-7.804866355052E0,8.537645729793E0,1.881342707002E0));
#2523=CARTESIAN_POINT('',(-7.995418476166E0,8.514433757250E0,
7.270987501044E-1));
#2524=CARTESIAN_POINT('',(-8.016202891358E0,8.491221784708E0,
-4.425837841677E-1));
#2525=CARTESIAN_POINT('',(-7.866778282578E0,8.468009812165E0,
-1.602868882403E0));
#2526=CARTESIAN_POINT('',(-7.550317400962E0,8.444797839622E0,
-2.729120068108E0));
#2527=CARTESIAN_POINT('',(-7.073539699411E0,8.421585867079E0,
-3.797423511050E0));
#2528=CARTESIAN_POINT('',(-6.446568657625E0,8.398373894536E0,
-4.785095792557E0));
#2529=CARTESIAN_POINT('',(-5.682716829007E0,8.375161921993E0,
-5.671165545348E0));
#2530=CARTESIAN_POINT('',(-4.798203173576E0,8.351949949450E0,
-6.436818741157E0));
#2531=CARTESIAN_POINT('',(-3.811808678792E0,8.328737976907E0,
-7.065798171311E0));
#2532=CARTESIAN_POINT('',(-2.744477580535E0,8.305526004364E0,
-7.544748638050E0));
#2533=CARTESIAN_POINT('',(-1.618872651560E0,8.282314031821E0,
-7.863500527084E0));
#2534=CARTESIAN_POINT('',(-4.588940000518E-1,8.259102059278E0,
-8.015285740268E0));
#2535=CARTESIAN_POINT('',(7.108284043171E-1,8.235890086735E0,
-7.996881403462E0));
#2536=CARTESIAN_POINT('',(1.865457701569E0,8.212678114192E0,-7.808678298219E0));
#2537=CARTESIAN_POINT('',(2.980477505530E0,8.189466141649E0,-7.454672564268E0));
#2538=CARTESIAN_POINT('',(4.032212463279E0,8.166254169106E0,-6.942380848988E0));
#2539=CARTESIAN_POINT('',(4.998330956835E0,8.143042196563E0,-6.282680705508E0));
#2540=CARTESIAN_POINT('',(5.858319273150E0,8.119830224020E0,-5.489579628283E0));
#2541=CARTESIAN_POINT('',(6.593917174314E0,8.096618251477E0,-4.579917630231E0));
#2542=CARTESIAN_POINT('',(7.189505619431E0,8.073406278934E0,-3.573009676672E0));
#2543=CARTESIAN_POINT('',(7.632438405639E0,8.050194306391E0,-2.490235568284E0));
#2544=CARTESIAN_POINT('',(7.913310686500E0,8.026982333848E0,-1.354585981157E0));
#2545=CARTESIAN_POINT('',(8.026158666256E0,8.003770361305E0,
-1.901743029434E-1));
#2546=CARTESIAN_POINT('',(7.968586229846E0,7.980558388762E0,9.782753696835E-1));
#2547=CARTESIAN_POINT('',(7.741815819907E0,7.957346416219E0,2.125953200816E0));
#2548=CARTESIAN_POINT('',(7.350662480502E0,7.934134443676E0,3.228490405616E0));
#2549=CARTESIAN_POINT('',(6.803431618697E0,7.910922471133E0,4.262476675729E0));
#2550=CARTESIAN_POINT('',(6.111742654824E0,7.887710498591E0,5.205957253246E0));
#2551=CARTESIAN_POINT('',(5.290282305902E0,7.864498526048E0,6.038899098783E0));
#2552=CARTESIAN_POINT('',(4.356492740764E0,7.841286553505E0,6.743616255474E0));
#2553=CARTESIAN_POINT('',(3.330201228333E0,7.818074580962E0,7.305145377077E0));
#2554=CARTESIAN_POINT('',(2.233199142781E0,7.794862608419E0,7.711563446546E0));
#2555=CARTESIAN_POINT('',(1.088779264594E0,7.771650635876E0,7.954240938921E0));
#2556=CARTESIAN_POINT('',(-7.875879790850E-2,7.748438663333E0,
8.028025053098E0));
#2557=CARTESIAN_POINT('',(-1.244624565148E0,7.725226690790E0,7.931349121887E0));
#2558=CARTESIAN_POINT('',(-2.384063065598E0,7.702014718247E0,7.666265877249E0));
#2559=CARTESIAN_POINT('',(-3.472880461146E0,7.678802745704E0,7.238403864390E0));
#2560=CARTESIAN_POINT('',(-4.487957757838E0,7.655590773161E0,6.656847930161E0));
#2561=CARTESIAN_POINT('',(-5.407741694327E0,7.632378800618E0,5.933946323389E0));
#2562=CARTESIAN_POINT('',(-6.212702384928E0,7.609166828075E0,5.085048502987E0));
#2563=CARTESIAN_POINT('',(-6.885748000088E0,7.585954855532E0,4.128179221001E0));
#2564=CARTESIAN_POINT('',(-7.412587679310E0,7.562742882989E0,3.083655800826E0));
#2565=CARTESIAN_POINT('',(-7.782034970752E0,7.539530910446E0,1.973656736978E0));
#2566=CARTESIAN_POINT('',(-7.986245354541E0,7.516318937903E0,
8.217507763859E-1));
#2567=CARTESIAN_POINT('',(-8.020882806431E0,7.493106965360E0,
-3.476035197205E-1));
#2568=CARTESIAN_POINT('',(-7.885211865136E0,7.469894992817E0,
-1.509577107451E0));
#2569=CARTESIAN_POINT('',(-7.582113248474E0,7.446683020274E0,
-2.639497658408E0));
#2570=CARTESIAN_POINT('',(-7.118022686728E0,7.423471047731E0,
-3.713373430271E0));
#2571=CARTESIAN_POINT('',(-6.502794271995E0,7.400259075188E0,
-4.708402686424E0));
#2572=CARTESIAN_POINT('',(-5.749491225030E0,7.377047102645E0,
-5.603457848037E0));
#2573=CARTESIAN_POINT('',(-4.874108522272E0,7.353835130102E0,
-6.379534098548E0));
#2574=CARTESIAN_POINT('',(-3.895233272537E0,7.330623157559E0,
-7.020152915282E0));
#2575=CARTESIAN_POINT('',(-2.833650054648E0,7.307411185016E0,
-7.511711959947E0));
#2576=CARTESIAN_POINT('',(-1.711899595908E0,7.284199212474E0,
-7.843773898764E0));
#2577=CARTESIAN_POINT('',(-5.538001620604E-1,7.260987239931E0,
-8.009288019666E0));
#2578=CARTESIAN_POINT('',(6.160581788860E-1,7.237775267388E0,
-8.004739940901E0));
#2579=CARTESIAN_POINT('',(1.772835680579E0,7.214563294845E0,-7.830226232476E0));
#2580=CARTESIAN_POINT('',(2.891970343818E0,7.191351322302E0,-7.489452365133E0));
#2581=CARTESIAN_POINT('',(3.949699444135E0,7.168139349759E0,-6.989654033653E0));
#2582=CARTESIAN_POINT('',(4.923564090042E0,7.144927377216E0,-6.341443512923E0));
#2583=CARTESIAN_POINT('',(5.792886090277E0,7.121715404673E0,-5.558584354302E0));
#2584=CARTESIAN_POINT('',(6.539207035635E0,7.098503432130E0,-4.657699037545E0));
#2585=CARTESIAN_POINT('',(7.146680156842E0,7.075291459587E0,-3.657916415118E0));
#2586=CARTESIAN_POINT('',(7.602407068910E0,7.052079487044E0,-2.580464085899E0));
#2587=CARTESIAN_POINT('',(7.798609452404E0,7.036604838682E0,-1.825636774994E0));
#2588=CARTESIAN_POINT('',(7.868765644219E0,7.028867514501E0,-1.443096405774E0));
#2589=B_SPLINE_SURFACE_WITH_KNOTS('',3,3,((#2065,#2066,#2067,#2068,#2069,#2070,
#2071,#2072,#2073,#2074,#2075,#2076,#2077,#2078,#2079,#2080,#2081,#2082,#2083,
#2084,#2085,#2086,#2087,#2088,#2089,#2090,#2091,#2092,#2093,#2094,#2095,#2096,
#2097,#2098,#2099,#2100,#2101,#2102,#2103,#2104,#2105,#2106,#2107,#2108,#2109,
#2110,#2111,#2112,#2113,#2114,#2115,#2116,#2117,#2118,#2119,#2120,#2121,#2122,
#2123,#2124,#2125,#2126,#2127,#2128,#2129,#2130,#2131,#2132,#2133,#2134,#2135,
#2136,#2137,#2138,#2139,#2140,#2141,#2142,#2143,#2144,#2145,#2146,#2147,#2148,
#2149,#2150,#2151,#2152,#2153,#2154,#2155,#2156,#2157,#2158,#2159,#2160,#2161,
#2162,#2163,#2164,#2165,#2166,#2167,#2168,#2169,#2170,#2171,#2172,#2173,#2174,
#2175,#2176,#2177,#2178,#2179,#2180,#2181,#2182,#2183,#2184,#2185,#2186,#2187,
#2188,#2189,#2190,#2191,#2192,#2193,#2194,#2195),(#2196,#2197,#2198,#2199,#2200,
#2201,#2202,#2203,#2204,#2205,#2206,#2207,#2208,#2209,#2210,#2211,#2212,#2213,
#2214,#2215,#2216,#2217,#2218,#2219,#2220,#2221,#2222,#2223,#2224,#2225,#2226,
#2227,#2228,#2229,#2230,#2231,#2232,#2233,#2234,#2235,#2236,#2237,#2238,#2239,
#2240,#2241,#2242,#2243,#2244,#2245,#2246,#2247,#2248,#2249,#2250,#2251,#2252,
#2253,#2254,#2255,#2256,#2257,#2258,#2259,#2260,#2261,#2262,#2263,#2264,#2265,
#2266,#2267,#2268,#2269,#2270,#2271,#2272,#2273,#2274,#2275,#2276,#2277,#2278,
#2279,#2280,#2281,#2282,#2283,#2284,#2285,#2286,#2287,#2288,#2289,#2290,#2291,
#2292,#2293,#2294,#2295,#2296,#2297,#2298,#2299,#2300,#2301,#2302,#2303,#2304,
#2305,#2306,#2307,#2308,#2309,#2310,#2311,#2312,#2313,#2314,#2315,#2316,#2317,
#2318,#2319,#2320,#2321,#2322,#2323,#2324,#2325,#2326),(#2327,#2328,#2329,#2330,
#2331,#2332,#2333,#2334,#2335,#2336,#2337,#2338,#2339,#2340,#2341,#2342,#2343,
#2344,#2345,#2346,#2347,#2348,#2349,#2350,#2351,#2352,#2353,#2354,#2355,#2356,
#2357,#2358,#2359,#2360,#2361,#2362,#2363,#2364,#2365,#2366,#2367,#2368,#2369,
#2370,#2371,#2372,#2373,#2374,#2375,#2376,#2377,#2378,#2379,#2380,#2381,#2382,
#2383,#2384,#2385,#2386,#2387,#2388,#2389,#2390,#2391,#2392,#2393,#2394,#2395,
#2396,#2397,#2398,#2399,#2400,#2401,#2402,#2403,#2404,#2405,#2406,#2407,#2408,
#2409,#2410,#2411,#2412,#2413,#2414,#2415,#2416,#2417,#2418,#2419,#2420,#2421,
#2422,#2423,#2424,#2425,#2426,#2427,#2428,#2429,#2430,#2431,#2432,#2433,#2434,
#2435,#2436,#2437,#2438,#2439,#2440,#2441,#2442,#2443,#2444,#2445,#2446,#2447,
#2448,#2449,#2450,#2451,#2452,#2453,#2454,#2455,#2456,#2457),(#2458,#2459,#2460,
#2461,#2462,#2463,#2464,#2465,#2466,#2467,#2468,#2469,#2470,#2471,#2472,#2473,
#2474,#2475,#2476,#2477,#2478,#2479,#2480,#2481,#2482,#2483,#2484,#2485,#2486,
#2487,#2488,#2489,#2490,#2491,#2492,#2493,#2494,#2495,#2496,#2497,#2498,#2499,
#2500,#2501,#2502,#2503,#2504,#2505,#2506,#2507,#2508,#2509,#2510,#2511,#2512,
#2513,#2514,#2515,#2516,#2517,#2518,#2519,#2520,#2521,#2522,#2523,#2524,#2525,
#2526,#2527,#2528,#2529,#2530,#2531,#2532,#2533,#2534,#2535,#2536,#2537,#2538,
#2539,#2540,#2541,#2542,#2543,#2544,#2545,#2546,#2547,#2548,#2549,#2550,#2551,
#2552,#2553,#2554,#2555,#2556,#2557,#2558,#2559,#2560,#2561,#2562,#2563,#2564,
#2565,#2566,#2567,#2568,#2569,#2570,#2571,#2572,#2573,#2574,#2575,#2576,#2577,
#2578,#2579,#2580,#2581,#2582,#2583,#2584,#2585,#2586,#2587,#2588)),
.UNSPECIFIED.,.F.,.F.,.F.,(4,4),(4,1,1,1,1,1,1,1,1,1,1,1,1,1,1,1,1,1,1,1,1,1,1,
1,1,1,1,1,1,1,1,1,1,1,1,1,1,1,1,1,1,1,1,1,1,1,1,1,1,1,1,1,1,1,1,1,1,1,1,1,1,1,1,
1,1,1,1,1,1,1,1,1,1,1,1,1,1,1,1,1,1,1,1,1,1,1,1,1,1,1,1,1,1,1,1,1,1,1,1,1,1,1,1,
1,1,1,1,1,1,1,1,1,1,1,1,1,1,1,1,1,1,1,1,1,1,1,1,1,4),(0.E0,1.E0),(0.E0,
7.8125E-3,1.5625E-2,2.34375E-2,3.125E-2,3.90625E-2,4.6875E-2,5.46875E-2,6.25E-2,
7.03125E-2,7.8125E-2,8.59375E-2,9.375E-2,1.015625E-1,1.09375E-1,1.171875E-1,
1.25E-1,1.328125E-1,1.40625E-1,1.484375E-1,1.5625E-1,1.640625E-1,1.71875E-1,
1.796875E-1,1.875E-1,1.953125E-1,2.03125E-1,2.109375E-1,2.1875E-1,2.265625E-1,
2.34375E-1,2.421875E-1,2.5E-1,2.578125E-1,2.65625E-1,2.734375E-1,2.8125E-1,
2.890625E-1,2.96875E-1,3.046875E-1,3.125E-1,3.203125E-1,3.28125E-1,3.359375E-1,
3.4375E-1,3.515625E-1,3.59375E-1,3.671875E-1,3.75E-1,3.828125E-1,3.90625E-1,
3.984375E-1,4.0625E-1,4.140625E-1,4.21875E-1,4.296875E-1,4.375E-1,4.453125E-1,
4.53125E-1,4.609375E-1,4.6875E-1,4.765625E-1,4.84375E-1,4.921875E-1,5.E-1,
5.078125E-1,5.15625E-1,5.234375E-1,5.3125E-1,5.390625E-1,5.46875E-1,5.546875E-1,
5.625E-1,5.703125E-1,5.78125E-1,5.859375E-1,5.9375E-1,6.015625E-1,6.09375E-1,
6.171875E-1,6.25E-1,6.328125E-1,6.40625E-1,6.484375E-1,6.5625E-1,6.640625E-1,
6.71875E-1,6.796875E-1,6.875E-1,6.953125E-1,7.03125E-1,7.109375E-1,7.1875E-1,
7.265625E-1,7.34375E-1,7.421875E-1,7.5E-1,7.578125E-1,7.65625E-1,7.734375E-1,
7.8125E-1,7.890625E-1,7.96875E-1,8.046875E-1,8.125E-1,8.203125E-1,8.28125E-1,
8.359375E-1,8.4375E-1,8.515625E-1,8.59375E-1,8.671875E-1,8.75E-1,8.828125E-1,
8.90625E-1,8.984375E-1,9.0625E-1,9.140625E-1,9.21875E-1,9.296875E-1,9.375E-1,
9.453125E-1,9.53125E-1,9.609375E-1,9.6875E-1,9.765625E-1,9.84375E-1,9.921875E-1,
1.E0),.UNSPECIFIED.);
#2590=ORIENTED_EDGE('',*,*,#2059,.T.);
#2591=ORIENTED_EDGE('',*,*,#2057,.T.);
#2592=ORIENTED_EDGE('',*,*,#2055,.T.);
#2593=ORIENTED_EDGE('',*,*,#2053,.T.);
#2595=ORIENTED_EDGE('',*,*,#2594,.T.);
#2597=ORIENTED_EDGE('',*,*,#2596,.F.);
#2599=ORIENTED_EDGE('',*,*,#2598,.F.);
#2601=ORIENTED_EDGE('',*,*,#2600,.F.);
#2602=ORIENTED_EDGE('',*,*,#2049,.F.);
#2603=ORIENTED_EDGE('',*,*,#1515,.T.);
#2604=EDGE_LOOP('',(#2590,#2591,#2592,#2593,#2595,#2597,#2599,#2601,#2602,
#2603));
#2605=FACE_OUTER_BOUND('',#2604,.F.);
#2606=ADVANCED_FACE('',(#2605),#2589,.F.);
#2607=CARTESIAN_POINT('',(7.868765644219E0,8.028867514501E0,-1.443096405774E0));
#2608=CARTESIAN_POINT('',(7.938921836034E0,8.021130190320E0,-1.060556036554E0));
#2609=CARTESIAN_POINT('',(8.023342994955E0,8.005655541958E0,
-2.852285492921E-1));
#2610=CARTESIAN_POINT('',(7.979614593217E0,7.982443569415E0,8.838216493753E-1));
#2611=CARTESIAN_POINT('',(7.766453919909E0,7.959231596872E0,2.034104837313E0));
#2612=CARTESIAN_POINT('',(7.388387208541E0,7.936019624329E0,3.141197818585E0));
#2613=CARTESIAN_POINT('',(6.853441951535E0,7.912807651786E0,4.181593307972E0));
#2614=CARTESIAN_POINT('',(6.172976719429E0,7.889595679243E0,5.133200525067E0));
#2615=CARTESIAN_POINT('',(5.361439911157E0,7.866383706700E0,5.975813859063E0));
#2616=CARTESIAN_POINT('',(4.436062988647E0,7.843171734157E0,6.691542001874E0));
#2617=CARTESIAN_POINT('',(3.416494593916E0,7.819959761614E0,7.265187808376E0));
#2618=CARTESIAN_POINT('',(2.324383348410E0,7.796747789071E0,7.684570986796E0));
#2619=CARTESIAN_POINT('',(1.182918184788E0,7.773535816528E0,7.940786722328E0));
#2620=CARTESIAN_POINT('',(1.633597355802E-2,7.750323843985E0,8.028394754706E0));
#2621=CARTESIAN_POINT('',(-1.150593101412E0,7.727111871442E0,7.945534891774E0));
#2622=CARTESIAN_POINT('',(-2.293091491252E0,7.703899898899E0,7.693966507216E0));
#2623=CARTESIAN_POINT('',(-3.386900386840E0,7.680687926357E0,7.279031183547E0));
#2624=CARTESIAN_POINT('',(-4.408794809086E0,7.657475953814E0,6.709539293632E0));
#2625=CARTESIAN_POINT('',(-5.337076747777E0,7.634263981271E0,5.997582928961E0));
#2626=CARTESIAN_POINT('',(-6.152035878099E0,7.611052008728E0,5.158279146770E0));
#2627=CARTESIAN_POINT('',(-6.836368072398E0,7.587840036185E0,4.209448987709E0));
#2628=CARTESIAN_POINT('',(-7.375542820847E0,7.564628063642E0,3.171239079487E0));
#2629=CARTESIAN_POINT('',(-7.758111759563E0,7.541416091099E0,2.065693861042E0));
#2630=CARTESIAN_POINT('',(-7.975951755118E0,7.518204118556E0,
9.162875102541E-1));
#2631=CARTESIAN_POINT('',(-8.024437384039E0,7.494992146013E0,
-2.525744861699E-1));
#2632=CARTESIAN_POINT('',(-7.902539144990E0,7.471780173470E0,
-1.416073537400E0));
#2633=CARTESIAN_POINT('',(-7.612845318305E0,7.448568200927E0,
-2.549504924682E0));
#2634=CARTESIAN_POINT('',(-7.161507008711E0,7.425356228384E0,
-3.628802359678E0));
#2635=CARTESIAN_POINT('',(-6.558107538161E0,7.402144255841E0,
-4.631048986929E0));
#2636=CARTESIAN_POINT('',(-5.815458961981E0,7.378932283298E0,
-5.534963980274E0));
#2637=CARTESIAN_POINT('',(-4.949330028920E0,7.355720310755E0,
-6.321354401254E0));
#2638=CARTESIAN_POINT('',(-3.978111361360E0,7.332508338212E0,
-6.973522725140E0));
#2639=CARTESIAN_POINT('',(-2.922424964971E0,7.309296365669E0,
-7.477621381531E0));
#2640=CARTESIAN_POINT('',(-1.804686359119E0,7.286084393126E0,
-7.822946781529E0));
#2641=CARTESIAN_POINT('',(-6.486286253799E-1,7.262872420583E0,
-8.002166588353E0));
#2642=CARTESIAN_POINT('',(5.212015199038E-1,7.239660448040E0,
-8.011475405758E0));
#2643=CARTESIAN_POINT('',(1.679964929078E0,7.216448475497E0,-7.850675578476E0));
#2644=CARTESIAN_POINT('',(2.803057435862E0,7.193236502954E0,-7.523181389059E0));
#2645=CARTESIAN_POINT('',(3.866632278640E0,7.170024530411E0,-7.035946561992E0));
#2646=CARTESIAN_POINT('',(4.848106441691E0,7.146812557868E0,-6.399316614409E0));
#2647=CARTESIAN_POINT('',(5.726640163147E0,7.123600585325E0,-5.626809188452E0));
#2648=CARTESIAN_POINT('',(6.483579428224E0,7.100388612782E0,-4.734827029504E0));
#2649=CARTESIAN_POINT('',(7.102852052215E0,7.077176640240E0,-3.742309704682E0));
#2650=CARTESIAN_POINT('',(7.571308943171E0,7.053964667697E0,-2.670331456670E0));
#2651=CARTESIAN_POINT('',(7.879003298189E0,7.030752695154E0,-1.541653731725E0));
#2652=CARTESIAN_POINT('',(8.019401805108E0,7.007540722611E0,
-3.802418830899E-1));
#2653=CARTESIAN_POINT('',(7.989523365125E0,6.984328750068E0,7.892436883133E-1));
#2654=CARTESIAN_POINT('',(7.790002390840E0,6.961116777525E0,1.941971151210E0));
#2655=CARTESIAN_POINT('',(7.425075335689E0,6.937904804982E0,3.053464501309E0));
#2656=CARTESIAN_POINT('',(6.902490740813E0,6.914692832439E0,4.100123263320E0));
#2657=CARTESIAN_POINT('',(6.233344709319E0,6.891480859896E0,5.059723602749E0));
#2658=CARTESIAN_POINT('',(5.431845301368E0,6.868268887353E0,5.911890207322E0));
#2659=CARTESIAN_POINT('',(4.515010852669E0,6.845056914810E0,6.638528918495E0));
#2660=CARTESIAN_POINT('',(3.502308622071E0,6.821844942267E0,7.224210926959E0));
#2661=CARTESIAN_POINT('',(2.415241440849E0,6.798632969724E0,7.656500374442E0));
#2662=CARTESIAN_POINT('',(1.276891140440E0,6.775420997181E0,7.926218405828E0));
#2663=CARTESIAN_POINT('',(1.114284530719E-1,6.752209024638E0,8.027638064915E0));
#2664=CARTESIAN_POINT('',(-1.056400208373E0,6.728997052095E0,7.958605895580E0));
#2665=CARTESIAN_POINT('',(-2.201798193995E0,6.705785079552E0,7.720587666385E0));
#2666=CARTESIAN_POINT('',(-3.300445127197E0,6.682573107009E0,7.318637247724E0));
#2667=CARTESIAN_POINT('',(-4.329013302241E0,6.659361134466E0,6.761289302377E0));
#2668=CARTESIAN_POINT('',(-5.265663004297E0,6.636149161923E0,6.060378067959E0));
#2669=CARTESIAN_POINT('',(-6.090506234802E0,6.612937189380E0,5.230786079095E0));
#2670=CARTESIAN_POINT('',(-6.786028995782E0,6.589725216837E0,4.290128164732E0));
#2671=CARTESIAN_POINT('',(-7.337463166732E0,6.566513244294E0,3.258377430298E0));
#2672=CARTESIAN_POINT('',(-7.733100077936E0,6.543301271751E0,2.157441166298E0));
#2673=CARTESIAN_POINT('',(-7.964539122099E0,6.520089299208E0,1.010695688115E0));
#2674=CARTESIAN_POINT('',(-8.026866125470E0,6.496877326665E0,
-1.575100161793E-1));
#2675=CARTESIAN_POINT('',(-7.918757691106E0,6.473665354123E0,
-1.322371290888E0));
#2676=CARTESIAN_POINT('',(-7.642509298718E0,6.450453381580E0,
-2.459154492997E0));
#2677=CARTESIAN_POINT('',(-7.203986564468E0,6.427241409037E0,
-3.543722164672E0));
#2678=CARTESIAN_POINT('',(-6.612500695619E0,6.404029436494E0,
-4.553045546868E0));
#2679=CARTESIAN_POINT('',(-5.880610784524E0,6.380817463951E0,
-5.465693551815E0));
#2680=CARTESIAN_POINT('',(-5.023857139870E0,6.357605491408E0,
-6.262287811942E0));
#2681=CARTESIAN_POINT('',(-4.060431317385E0,6.334393518865E0,
-6.925914143145E0));
#2682=CARTESIAN_POINT('',(-3.010789856299E0,6.311181546322E0,
-7.442481685743E0));
#2683=CARTESIAN_POINT('',(-1.897219923122E0,6.287969573779E0,
-7.801022097439E0));
#2684=CARTESIAN_POINT('',(-7.433660854886E-1,6.264757601236E0,
-7.993922445481E0));
#2685=CARTESIAN_POINT('',(4.262717358561E-1,6.241545628693E0,
-8.017086853005E0));
#2686=CARTESIAN_POINT('',(1.586858476896E0,6.218333656150E0,-7.870023467292E0));
#2687=CARTESIAN_POINT('',(2.713751256320E0,6.195121683607E0,-7.555854903334E0));
#2688=CARTESIAN_POINT('',(3.783022620854E0,6.171909711064E0,-7.081251940972E0));
#2689=CARTESIAN_POINT('',(4.771968599831E0,6.148697738521E0,-6.456291883399E0));
#2690=CARTESIAN_POINT('',(5.659590781393E0,6.125485765978E0,-5.694244584542E0));
#2691=CARTESIAN_POINT('',(6.427042174362E0,6.102273793435E0,-4.811290688619E0));
#2692=CARTESIAN_POINT('',(7.058027388724E0,6.079061820892E0,-3.826178064524E0));
#2693=CARTESIAN_POINT('',(7.539148637655E0,6.055849848349E0,-2.759823730016E0));
#2694=CARTESIAN_POINT('',(7.860190214380E0,6.032637875806E0,-1.634869718107E0));
#2695=CARTESIAN_POINT('',(8.014335403532E0,6.009425903263E0,
-4.752023159796E-1));
#2696=CARTESIAN_POINT('',(7.998311221312E0,5.986213930720E0,6.945551154907E-1));
#2697=CARTESIAN_POINT('',(7.812457911156E0,5.963001958177E0,1.849564972592E0));
#2698=CARTESIAN_POINT('',(7.460721719304E0,5.939789985634E0,2.965302788675E0));
#2699=CARTESIAN_POINT('',(6.950571103669E0,5.916578013091E0,4.018077965179E0));
#2700=CARTESIAN_POINT('',(6.292838155148E0,5.893366040548E0,4.985536797029E0));
#2701=CARTESIAN_POINT('',(5.501488598500E0,5.870154068006E0,5.847137111612E0));
#2702=CARTESIAN_POINT('',(4.593325256394E0,5.846942095463E0,6.584584443257E0));
#2703=CARTESIAN_POINT('',(3.587631273003E0,5.823730122920E0,7.182220481884E0));
#2704=CARTESIAN_POINT('',(2.505760672623E0,5.800518150377E0,7.627355547826E0));
#2705=CARTESIAN_POINT('',(1.370684947053E0,5.777306177834E0,7.910538033367E0));
#2706=CARTESIAN_POINT('',(2.065052990681E-1,5.754094205291E0,8.025755089889E0));
#2707=CARTESIAN_POINT('',(-9.620591013833E-1,5.730882232748E0,
7.970560299431E0));
#2708=CARTESIAN_POINT('',(-2.110195982363E0,5.707670260205E0,7.746125619782E0));
#2709=CARTESIAN_POINT('',(-3.213526811973E0,5.684458287662E0,7.357216500155E0));
#2710=CARTESIAN_POINT('',(-4.248624430724E0,5.661246315119E0,6.812090695820E0));
#2711=CARTESIAN_POINT('',(-5.193510483304E0,5.638034342576E0,6.122322930166E0));
#2712=CARTESIAN_POINT('',(-6.028122087704E0,5.614822370033E0,5.302559127172E0));
#2713=CARTESIAN_POINT('',(-6.734737832862E0,5.591610397490E0,4.370205432704E0));
#2714=CARTESIAN_POINT('',(-7.298354059575E0,5.568398424947E0,3.345058627664E0));
#2715=CARTESIAN_POINT('',(-7.707003435034E0,5.545186452404E0,2.248885780513E0));
#2716=CARTESIAN_POINT('',(-7.952009056687E0,5.521974479861E0,1.104962064413E0));
#2717=CARTESIAN_POINT('',(-8.028168689971E0,5.498762507318E0,
-6.242344738399E-2));
#2718=CARTESIAN_POINT('',(-7.933865228008E0,5.475550534775E0,
-1.228483514429E0));
#2719=CARTESIAN_POINT('',(-7.671101027827E0,5.452338562232E0,
-2.368459039605E0));
#2720=CARTESIAN_POINT('',(-7.245455394077E0,5.429126589689E0,
-3.458144782085E0));
#2721=CARTESIAN_POINT('',(-6.665966112958E0,5.405914617146E0,
-4.474403310199E0));
#2722=CARTESIAN_POINT('',(-5.944937551797E0,5.382702644603E0,
-5.395656281367E0));
#2723=CARTESIAN_POINT('',(-5.097679398898E0,5.359490672060E0,
-6.202342617710E0));
#2724=CARTESIAN_POINT('',(-4.142181591045E0,5.336278699517E0,
-6.877333848827E0));
#2725=CARTESIAN_POINT('',(-3.098732330955E0,5.313066726974E0,
-7.406297802715E0));
#2726=CARTESIAN_POINT('',(-1.989487305371E0,5.289854754432E0,
-7.778002922553E0));
#2727=CARTESIAN_POINT('',(-8.379992506261E-1,5.266642781889E0,
-7.984556747696E0));
#2728=CARTESIAN_POINT('',(3.312821454636E-1,5.243430809346E0,
-8.021573495405E0));
#2729=CARTESIAN_POINT('',(1.493529387025E0,5.220218836803E0,-7.888267184193E0));
#2730=CARTESIAN_POINT('',(2.624064334680E0,5.197006864260E0,-7.587468324588E0));
#2731=CARTESIAN_POINT('',(3.698882202239E0,5.173794891717E0,-7.125563811397E0));
#2732=CARTESIAN_POINT('',(4.695161243145E0,5.150582919174E0,-6.512361336695E0));
#2733=CARTESIAN_POINT('',(5.591747365272E0,5.127370946631E0,-5.760881042185E0));
#2734=CARTESIAN_POINT('',(6.369603157138E0,5.104158974088E0,-4.887079433032E0));
#2735=CARTESIAN_POINT('',(7.012212638702E0,5.080947001545E0,-3.909509182704E0));
#2736=CARTESIAN_POINT('',(7.341357532940E0,5.065472353183E0,-3.202456650586E0));
#2737=CARTESIAN_POINT('',(7.479368190911E0,5.057735029002E0,-2.838846854762E0));
#2738=CARTESIAN_POINT('',(7.584826021539E0,7.862200847834E0,-1.391023149627E0));
#2739=CARTESIAN_POINT('',(7.652450669840E0,7.854463523653E0,-1.022286516979E0));
#2740=CARTESIAN_POINT('',(7.733825542584E0,7.838988875291E0,
-2.749362505600E-1));
#2741=CARTESIAN_POINT('',(7.691675053628E0,7.815776902748E0,8.519294826764E-1));
#2742=CARTESIAN_POINT('',(7.486206153577E0,7.792564930205E0,1.960705401352E0));
#2743=CARTESIAN_POINT('',(7.121781749558E0,7.769352957662E0,3.027849605702E0));
#2744=CARTESIAN_POINT('',(6.606139666810E0,7.746140985119E0,4.030703056597E0));
#2745=CARTESIAN_POINT('',(5.950228608763E0,7.722929012577E0,4.947972106008E0));
#2746=CARTESIAN_POINT('',(5.167975612660E0,7.699717040034E0,5.760180250303E0));
#2747=CARTESIAN_POINT('',(4.275990353607E0,7.676505067491E0,6.450081778369E0));
#2748=CARTESIAN_POINT('',(3.293212464323E0,7.653293094948E0,7.003027924821E0));
#2749=CARTESIAN_POINT('',(2.240509388916E0,7.630081122405E0,7.407277916306E0));
#2750=CARTESIAN_POINT('',(1.140233301512E0,7.606869149862E0,7.654248262846E0));
#2751=CARTESIAN_POINT('',(1.574649988732E-2,7.583657177319E0,7.738695012657E0));
#2752=CARTESIAN_POINT('',(-1.109074649111E0,7.560445204776E0,7.658825097485E0));
#2753=CARTESIAN_POINT('',(-2.210346679393E0,7.537233232233E0,7.416334405086E0));
#2754=CARTESIAN_POINT('',(-3.264686146211E0,7.514021259690E0,7.016371770218E0));
#2755=CARTESIAN_POINT('',(-4.249706129722E0,7.490809287147E0,6.467429648800E0));
#2756=CARTESIAN_POINT('',(-5.144491579213E0,7.467597314604E0,5.781163796553E0));
#2757=CARTESIAN_POINT('',(-5.930043404957E0,7.444385342061E0,4.972145780898E0));
#2758=CARTESIAN_POINT('',(-6.589681888218E0,7.421173369518E0,4.057553581072E0));
#2759=CARTESIAN_POINT('',(-7.109400843783E0,7.397961396975E0,3.056806845974E0));
#2760=CARTESIAN_POINT('',(-7.478165015014E0,7.374749424432E0,1.991154554371E0));
#2761=CARTESIAN_POINT('',(-7.688144386814E0,7.351537451889E0,
8.832238327103E-1));
#2762=CARTESIAN_POINT('',(-7.734880441303E0,7.328325479346E0,
-2.434604894461E-1));
#2763=CARTESIAN_POINT('',(-7.617380826075E0,7.305113506803E0,
-1.364975385024E0));
#2764=CARTESIAN_POINT('',(-7.338140424941E0,7.281901534260E0,
-2.457507590022E0));
#2765=CARTESIAN_POINT('',(-6.903088383756E0,7.258689561717E0,
-3.497859233478E0));
#2766=CARTESIAN_POINT('',(-6.321462216128E0,7.235477589174E0,
-4.463940400727E0));
#2767=CARTESIAN_POINT('',(-5.605611662159E0,7.212265616631E0,
-5.335238171276E0));
#2768=CARTESIAN_POINT('',(-4.770736464888E0,7.189053644088E0,
-6.093252172179E0));
#2769=CARTESIAN_POINT('',(-3.834563632276E0,7.165841671545E0,
-6.721887398730E0));
#2770=CARTESIAN_POINT('',(-2.816971037458E0,7.142629699002E0,
-7.207795961686E0));
#2771=CARTESIAN_POINT('',(-1.739565349416E0,7.119417726460E0,
-7.540660504643E0));
#2772=CARTESIAN_POINT('',(-6.252232559132E-1,7.096205753917E0,
-7.713413273735E0));
#2773=CARTESIAN_POINT('',(5.023942800401E-1,7.072993781374E0,
-7.722386188126E0));
#2774=CARTESIAN_POINT('',(1.619344416326E0,7.049781808831E0,-7.567388724817E0));
#2775=CARTESIAN_POINT('',(2.701910813040E0,7.026569836288E0,-7.251711964050E0));
#2776=CARTESIAN_POINT('',(3.727107204456E0,7.003357863745E0,-6.782058709394E0));
#2777=CARTESIAN_POINT('',(4.673165469243E0,6.980145891202E0,-6.168401166287E0));
#2778=CARTESIAN_POINT('',(5.519997835663E0,6.956933918659E0,-5.423769200975E0));
#2779=CARTESIAN_POINT('',(6.249623407712E0,6.933721946116E0,-4.563973675751E0));
#2780=CARTESIAN_POINT('',(6.846549955693E0,6.910509973573E0,-3.607270734971E0));
#2781=CARTESIAN_POINT('',(7.298102864642E0,6.887298001030E0,-2.573974170086E0));
#2782=CARTESIAN_POINT('',(7.594694255992E0,6.864086028487E0,-1.486024094412E0));
#2783=CARTESIAN_POINT('',(7.730026568175E0,6.840874055944E0,
-3.665210859924E-1));
#2784=CARTESIAN_POINT('',(7.701226273528E0,6.817662083401E0,7.607643098193E-1));
#2785=CARTESIAN_POINT('',(7.508904892256E0,6.794450110858E0,1.871896303278E0));
#2786=CARTESIAN_POINT('',(7.157146007951E0,6.771238138315E0,2.943282091822E0));
#2787=CARTESIAN_POINT('',(6.653418560357E0,6.748026165772E0,3.952172808958E0));
#2788=CARTESIAN_POINT('',(6.008418256452E0,6.724814193229E0,4.877146553745E0));
#2789=CARTESIAN_POINT('',(5.235840467184E0,6.701602220686E0,5.698563244658E0));
#2790=CARTESIAN_POINT('',(4.352089431970E0,6.678390248143E0,6.398981639863E0));
#2791=CARTESIAN_POINT('',(3.375929945462E0,6.655178275600E0,6.963529669248E0));
#2792=CARTESIAN_POINT('',(2.328088922347E0,6.631966303057E0,7.380220214927E0));
#2793=CARTESIAN_POINT('',(1.230815300211E0,6.608754330514E0,7.640205635187E0));
#2794=CARTESIAN_POINT('',(1.074076251109E-1,6.585542357971E0,7.737965627556E0));
#2795=CARTESIAN_POINT('',(-1.018280649331E0,6.562330385428E0,7.671424442069E0));
#2796=CARTESIAN_POINT('',(-2.122347645245E0,6.539118412885E0,7.441994955917E0));
#2797=CARTESIAN_POINT('',(-3.181350572033E0,6.515906440343E0,7.054548673657E0));
#2798=CARTESIAN_POINT('',(-4.172803490030E0,6.492694467800E0,6.517312289952E0));
#2799=CARTESIAN_POINT('',(-5.075654757235E0,6.469482495257E0,5.841693011151E0));
#2800=CARTESIAN_POINT('',(-5.870734021417E0,6.446270522714E0,5.042036344668E0));
#2801=CARTESIAN_POINT('',(-6.541159266567E0,6.423058550171E0,4.135321499059E0));
#2802=CARTESIAN_POINT('',(-7.072695270827E0,6.399846577628E0,3.140800862391E0));
#2803=CARTESIAN_POINT('',(-7.454055864707E0,6.376634605085E0,2.079591213916E0));
#2804=CARTESIAN_POINT('',(-7.677143571717E0,6.353422632542E0,
9.742253488903E-1));
#2805=CARTESIAN_POINT('',(-7.737221543077E0,6.330210659999E0,
-1.518263630392E-1));
#2806=CARTESIAN_POINT('',(-7.633014135818E0,6.306998687456E0,
-1.274654327090E0));
#2807=CARTESIAN_POINT('',(-7.366733998662E0,6.283786714913E0,
-2.370417398715E0));
#2808=CARTESIAN_POINT('',(-6.944035090578E0,6.260574742370E0,
-3.415849105565E0));
#2809=CARTESIAN_POINT('',(-6.373892629580E0,6.237362769827E0,
-4.388751667361E0));
#2810=CARTESIAN_POINT('',(-5.668412520809E0,6.214150797284E0,
-5.268467324100E0));
#2811=CARTESIAN_POINT('',(-4.842574310365E0,6.190938824741E0,
-6.036316964819E0));
#2812=CARTESIAN_POINT('',(-3.913913122753E0,6.167726852198E0,
-6.675996743462E0));
#2813=CARTESIAN_POINT('',(-2.902147335424E0,6.144514879655E0,
-7.173924260449E0));
#2814=CARTESIAN_POINT('',(-1.828759896039E0,6.121302907112E0,
-7.519526959444E0));
#2815=CARTESIAN_POINT('',(-7.165421723909E-1,6.098090934569E0,
-7.705466615745E0));
#2816=CARTESIAN_POINT('',(4.108899795158E-1,6.074878962026E0,
-7.727795149712E0));
#2817=CARTESIAN_POINT('',(1.529597653846E0,6.051666989483E0,-7.586038456831E0));
#2818=CARTESIAN_POINT('',(2.615827192673E0,6.028455016940E0,-7.283206474434E0));
#2819=CARTESIAN_POINT('',(3.646514550323E0,6.005243044397E0,-6.825729271327E0));
#2820=CARTESIAN_POINT('',(4.599775015101E0,5.982031071854E0,-6.223320517346E0));
#2821=CARTESIAN_POINT('',(5.455367890072E0,5.958819099311E0,-5.488771231810E0));
#2822=CARTESIAN_POINT('',(6.195126266271E0,5.935607126768E0,-4.637678190230E0));
#2823=CARTESIAN_POINT('',(6.803342762922E0,5.912395154226E0,-3.688112756054E0));
#2824=CARTESIAN_POINT('',(7.267103044192E0,5.889183181683E0,-2.660237169176E0));
#2825=CARTESIAN_POINT('',(7.576560030870E0,5.865971209140E0,-1.575876438617E0));
#2826=CARTESIAN_POINT('',(7.725142984619E0,5.842759236597E0,
-4.580549294140E-1));
#2827=CARTESIAN_POINT('',(7.709697025269E0,5.819547264054E0,6.694925165597E-1));
#2828=CARTESIAN_POINT('',(7.530550118778E0,5.796335291511E0,1.782824545416E0));
#2829=CARTESIAN_POINT('',(7.191506113492E0,5.773123318968E0,2.858301640970E0));
#2830=CARTESIAN_POINT('',(6.699763972562E0,5.749911346425E0,3.873088065502E0));
#2831=CARTESIAN_POINT('',(6.065764917471E0,5.726699373882E0,4.805636733790E0));
#2832=CARTESIAN_POINT('',(5.302970728295E0,5.703487401339E0,5.636146725026E0));
#2833=CARTESIAN_POINT('',(4.427577908066E0,5.680275428796E0,6.346983718206E0));
#2834=CARTESIAN_POINT('',(3.458173780426E0,5.657063456253E0,6.923054423847E0));
#2835=CARTESIAN_POINT('',(2.415341822694E0,5.633851483710E0,7.352127061655E0));
#2836=CARTESIAN_POINT('',(1.321224614356E0,5.610639511167E0,7.625091079429E0));
#2837=CARTESIAN_POINT('',(1.990536809428E-1,5.587427538624E0,7.736150598539E0));
#2838=CARTESIAN_POINT('',(-9.273437838108E-1,5.564215566081E0,
7.682947478527E0));
#2839=CARTESIAN_POINT('',(-2.034050843710E0,5.541003593538E0,7.466611387797E0));
#2840=CARTESIAN_POINT('',(-3.097568651352E0,5.517791620995E0,7.091735817227E0));
#2841=CARTESIAN_POINT('',(-4.095315402051E0,5.494579648452E0,6.566280546009E0));
#2842=CARTESIAN_POINT('',(-5.006105816081E0,5.471367675909E0,5.901402630678E0));
#2843=CARTESIAN_POINT('',(-5.810600968326E0,5.448155703366E0,5.111219505956E0));
#2844=CARTESIAN_POINT('',(-6.491718914067E0,5.424943730823E0,4.212509227517E0));
#2845=CARTESIAN_POINT('',(-7.034997392016E0,5.401731758280E0,3.224354221468E0));
#2846=CARTESIAN_POINT('',(-7.428900903293E0,5.378519785737E0,2.167736104840E0));
#2847=CARTESIAN_POINT('',(-7.665065646094E0,5.355307813194E0,1.065090180330E0));
#2848=CARTESIAN_POINT('',(-7.738477105330E0,5.332095840651E0,
-6.017093524956E-2));
#2849=CARTESIAN_POINT('',(-7.647576526439E0,5.308883868109E0,
-1.184154433945E0));
#2850=CARTESIAN_POINT('',(-7.394294012615E0,5.285671895566E0,
-2.282994635600E0));
#2851=CARTESIAN_POINT('',(-6.984007542691E0,5.262459923023E0,
-3.333359730783E0));
#2852=CARTESIAN_POINT('',(-6.425428779850E0,5.239247950480E0,
-4.312947187974E0));
#2853=CARTESIAN_POINT('',(-5.730418095806E0,5.216035977937E0,
-5.200957305961E0));
#2854=CARTESIAN_POINT('',(-4.913732738073E0,5.192824005394E0,
-5.978534856464E0));
#2855=CARTESIAN_POINT('',(-3.992713487507E0,5.169612032851E0,
-6.629169439519E0));
#2856=CARTESIAN_POINT('',(-2.986916459366E0,5.146400060308E0,
-7.139046050834E0));
#2857=CARTESIAN_POINT('',(-1.917697865915E0,5.123188087765E0,
-7.497338417484E0));
#2858=CARTESIAN_POINT('',(-8.077605573180E-1,5.099976115222E0,
-7.696438873469E0));
#2859=CARTESIAN_POINT('',(3.193280307223E-1,5.076764142679E0,
-7.732119894349E0));
#2860=CARTESIAN_POINT('',(1.439636287422E0,5.053552170136E0,-7.603623860303E0));
#2861=CARTESIAN_POINT('',(2.529376569055E0,5.030340197593E0,-7.313679144609E0));
#2862=CARTESIAN_POINT('',(3.565410287542E0,5.007128225050E0,-6.868442174857E0));
#2863=CARTESIAN_POINT('',(4.525739205169E0,4.983916252507E0,-6.277366738520E0));
#2864=CARTESIAN_POINT('',(5.389972562361E0,4.960704279964E0,-5.553003153406E0));
#2865=CARTESIAN_POINT('',(6.139759901050E0,4.937492307421E0,-4.710732143894E0));
#2866=CARTESIAN_POINT('',(6.759181210291E0,4.914280334878E0,-3.768436921514E0));
#2867=CARTESIAN_POINT('',(7.076449111198E0,4.898805686516E0,-3.086897950006E0));
#2868=CARTESIAN_POINT('',(7.209479738511E0,4.891068362335E0,-2.736408792525E0));
#2869=CARTESIAN_POINT('',(7.300886398859E0,7.695534181168E0,-1.338949893481E0));
#2870=CARTESIAN_POINT('',(7.365979503646E0,7.687796856987E0,
-9.840169974044E-1));
#2871=CARTESIAN_POINT('',(7.444308090212E0,7.672322208625E0,
-2.646439518278E-1));
#2872=CARTESIAN_POINT('',(7.403735514039E0,7.649110236082E0,8.200373159775E-1));
#2873=CARTESIAN_POINT('',(7.205958387245E0,7.625898263539E0,1.887305965390E0));
#2874=CARTESIAN_POINT('',(6.855176290575E0,7.602686290996E0,2.914501392818E0));
#2875=CARTESIAN_POINT('',(6.358837382086E0,7.579474318453E0,3.879812805222E0));
#2876=CARTESIAN_POINT('',(5.727480498096E0,7.556262345910E0,4.762743686948E0));
#2877=CARTESIAN_POINT('',(4.974511314163E0,7.533050373367E0,5.544546641543E0));
#2878=CARTESIAN_POINT('',(4.115917718567E0,7.509838400824E0,6.208621554864E0));
#2879=CARTESIAN_POINT('',(3.169930334730E0,7.486626428281E0,6.740868041266E0));
#2880=CARTESIAN_POINT('',(2.156635429422E0,7.463414455738E0,7.129984845817E0));
#2881=CARTESIAN_POINT('',(1.097548418236E0,7.440202483195E0,7.367709803364E0));
#2882=CARTESIAN_POINT('',(1.515702621662E-2,7.416990510652E0,7.448995270607E0));
#2883=CARTESIAN_POINT('',(-1.067556196809E0,7.393778538109E0,7.372115303197E0));
#2884=CARTESIAN_POINT('',(-2.127601867533E0,7.370566565566E0,7.138702302957E0));
#2885=CARTESIAN_POINT('',(-3.142471905582E0,7.347354593023E0,6.753712356889E0));
#2886=CARTESIAN_POINT('',(-4.090617450358E0,7.324142620480E0,6.225320003968E0));
#2887=CARTESIAN_POINT('',(-4.951906410650E0,7.300930647937E0,5.564744664145E0));
#2888=CARTESIAN_POINT('',(-5.708050931814E0,7.277718675394E0,4.786012415027E0));
#2889=CARTESIAN_POINT('',(-6.342995704038E0,7.254506702851E0,3.905658174435E0));
#2890=CARTESIAN_POINT('',(-6.843258866718E0,7.231294730308E0,2.942374612461E0));
#2891=CARTESIAN_POINT('',(-7.198218270465E0,7.208082757765E0,1.916615247700E0));
#2892=CARTESIAN_POINT('',(-7.400337018511E0,7.184870785222E0,
8.501601551665E-1));
#2893=CARTESIAN_POINT('',(-7.445323498567E0,7.161658812679E0,
-2.343464927223E-1));
#2894=CARTESIAN_POINT('',(-7.332222507160E0,7.138446840137E0,
-1.313877232648E0));
#2895=CARTESIAN_POINT('',(-7.063435531577E0,7.115234867594E0,
-2.365510255361E0));
#2896=CARTESIAN_POINT('',(-6.644669758801E0,7.092022895051E0,
-3.366916107278E0));
#2897=CARTESIAN_POINT('',(-6.084816894095E0,7.068810922508E0,
-4.296831814525E0));
#2898=CARTESIAN_POINT('',(-5.395764362336E0,7.045598949965E0,
-5.135512362278E0));
#2899=CARTESIAN_POINT('',(-4.592142900856E0,7.022386977422E0,
-5.865149943103E0));
#2900=CARTESIAN_POINT('',(-3.691015903191E0,6.999175004879E0,
-6.470252072320E0));
#2901=CARTESIAN_POINT('',(-2.711517109945E0,6.975963032336E0,
-6.937970541841E0));
#2902=CARTESIAN_POINT('',(-1.674444339714E0,6.952751059793E0,
-7.258374227757E0));
#2903=CARTESIAN_POINT('',(-6.018178864465E-1,6.929539087250E0,
-7.424659959118E0));
#2904=CARTESIAN_POINT('',(4.835870401765E-1,6.906327114707E0,
-7.433296970493E0));
#2905=CARTESIAN_POINT('',(1.558723903574E0,6.883115142164E0,-7.284101871157E0));
#2906=CARTESIAN_POINT('',(2.600764190218E0,6.859903169621E0,-6.980242539042E0));
#2907=CARTESIAN_POINT('',(3.587582130273E0,6.836691197078E0,-6.528170856795E0));
#2908=CARTESIAN_POINT('',(4.498224496795E0,6.813479224535E0,-5.937485718164E0));
#2909=CARTESIAN_POINT('',(5.313355508179E0,6.790267251992E0,-5.220729213498E0));
#2910=CARTESIAN_POINT('',(6.015667387200E0,6.767055279449E0,-4.393120321998E0));
#2911=CARTESIAN_POINT('',(6.590247859170E0,6.743843306906E0,-3.472231765259E0));
#2912=CARTESIAN_POINT('',(7.024896786114E0,6.720631334363E0,-2.477616883503E0));
#2913=CARTESIAN_POINT('',(7.310385213795E0,6.697419361820E0,-1.430394457099E0));
#2914=CARTESIAN_POINT('',(7.440651331243E0,6.674207389277E0,
-3.528002888950E-1));
#2915=CARTESIAN_POINT('',(7.412929181931E0,6.650995416734E0,7.322849313253E-1));
#2916=CARTESIAN_POINT('',(7.227807393672E0,6.627783444191E0,1.801821455346E0));
#2917=CARTESIAN_POINT('',(6.889216680213E0,6.604571471648E0,2.833099682335E0));
#2918=CARTESIAN_POINT('',(6.404346379902E0,6.581359499105E0,3.804222354596E0));
#2919=CARTESIAN_POINT('',(5.783491803585E0,6.558147526563E0,4.694569504740E0));
#2920=CARTESIAN_POINT('',(5.039835633E0,6.534935554020E0,5.485236281995E0));
#2921=CARTESIAN_POINT('',(4.189168011271E0,6.511723581477E0,6.159434361231E0));
#2922=CARTESIAN_POINT('',(3.249551268854E0,6.488511608934E0,6.702848411538E0));
#2923=CARTESIAN_POINT('',(2.240936403845E0,6.465299636391E0,7.103940055412E0));
#2924=CARTESIAN_POINT('',(1.184739459982E0,6.442087663848E0,7.354192864545E0));
#2925=CARTESIAN_POINT('',(1.033867971498E-1,6.418875691305E0,7.448293190198E0));
#2926=CARTESIAN_POINT('',(-9.801610902888E-1,6.395663718762E0,
7.384242988557E0));
#2927=CARTESIAN_POINT('',(-2.042897096495E0,6.372451746219E0,7.163402245449E0));
#2928=CARTESIAN_POINT('',(-3.062256016868E0,6.349239773676E0,6.790460099590E0));
#2929=CARTESIAN_POINT('',(-4.016593677819E0,6.326027801133E0,6.273335277528E0));
#2930=CARTESIAN_POINT('',(-4.885646510173E0,6.302815828590E0,5.623007954343E0));
#2931=CARTESIAN_POINT('',(-5.650961808032E0,6.279603856047E0,4.853286610240E0));
#2932=CARTESIAN_POINT('',(-6.296289537352E0,6.256391883504E0,3.980514833386E0));
#2933=CARTESIAN_POINT('',(-6.807927374922E0,6.233179910961E0,3.023224294485E0));
#2934=CARTESIAN_POINT('',(-7.175011651478E0,6.209967938418E0,2.001741261533E0));
#2935=CARTESIAN_POINT('',(-7.389748021335E0,6.186755965875E0,
9.377550096652E-1));
#2936=CARTESIAN_POINT('',(-7.447576960684E0,6.163543993332E0,
-1.461427098991E-1));
#2937=CARTESIAN_POINT('',(-7.347270580530E0,6.140332020789E0,
-1.226937363292E0));
#2938=CARTESIAN_POINT('',(-7.090958698606E0,6.117120048246E0,
-2.281680304433E0));
#2939=CARTESIAN_POINT('',(-6.684083616689E0,6.093908075703E0,
-3.287976046459E0));
#2940=CARTESIAN_POINT('',(-6.135284563540E0,6.070696103160E0,
-4.224457787854E0));
#2941=CARTESIAN_POINT('',(-5.456214257094E0,6.047484130617E0,
-5.071241096384E0));
#2942=CARTESIAN_POINT('',(-4.661291480861E0,6.024272158074E0,
-5.810346117696E0));
#2943=CARTESIAN_POINT('',(-3.767394928120E0,6.001060185531E0,
-6.426079343779E0));
#2944=CARTESIAN_POINT('',(-2.793504814549E0,5.977848212988E0,
-6.905366835155E0));
#2945=CARTESIAN_POINT('',(-1.760299868956E0,5.954636240446E0,
-7.238031821450E0));
#2946=CARTESIAN_POINT('',(-6.897182592932E-1,5.931424267903E0,
-7.417010786009E0));
#2947=CARTESIAN_POINT('',(3.955082231756E-1,5.908212295360E0,
-7.438503446418E0));
#2948=CARTESIAN_POINT('',(1.472336830796E0,5.885000322817E0,-7.302053446370E0));
#2949=CARTESIAN_POINT('',(2.517903129026E0,5.861788350274E0,-7.010558045535E0));
#2950=CARTESIAN_POINT('',(3.510006479792E0,5.838576377731E0,-6.570206601682E0));
#2951=CARTESIAN_POINT('',(4.427581430371E0,5.815364405188E0,-5.990349151293E0));
#2952=CARTESIAN_POINT('',(5.251144998750E0,5.792152432645E0,-5.283297879078E0));
#2953=CARTESIAN_POINT('',(5.963210358179E0,5.768940460102E0,-4.464065691841E0));
#2954=CARTESIAN_POINT('',(6.548658137121E0,5.745728487559E0,-3.550047447584E0));
#2955=CARTESIAN_POINT('',(6.995057450729E0,5.722516515016E0,-2.560650608336E0));
#2956=CARTESIAN_POINT('',(7.292929847361E0,5.699304542473E0,-1.516883159127E0));
#2957=CARTESIAN_POINT('',(7.435950565706E0,5.676092569930E0,
-4.409075428483E-1));
#2958=CARTESIAN_POINT('',(7.421082829226E0,5.652880597387E0,6.444299176288E-1));
#2959=CARTESIAN_POINT('',(7.248642326401E0,5.629668624844E0,1.716084118240E0));
#2960=CARTESIAN_POINT('',(6.922290507681E0,5.606456652301E0,2.751300493266E0));
#2961=CARTESIAN_POINT('',(6.448956841454E0,5.583244679758E0,3.728098165826E0));
#2962=CARTESIAN_POINT('',(5.838691679793E0,5.560032707215E0,4.625736670552E0));
#2963=CARTESIAN_POINT('',(5.104452858089E0,5.536820734672E0,5.425156338440E0));
#2964=CARTESIAN_POINT('',(4.261830559738E0,5.513608762129E0,6.109382993155E0));
#2965=CARTESIAN_POINT('',(3.328716287850E0,5.490396789586E0,6.663888365810E0));
#2966=CARTESIAN_POINT('',(2.324922972765E0,5.467184817043E0,7.076898575483E0));
#2967=CARTESIAN_POINT('',(1.271764281659E0,5.443972844500E0,7.339644125492E0));
#2968=CARTESIAN_POINT('',(1.916020628174E-1,5.420760871957E0,7.446546107189E0));
#2969=CARTESIAN_POINT('',(-8.926284662383E-1,5.397548899414E0,
7.395334657622E0));
#2970=CARTESIAN_POINT('',(-1.957905705056E0,5.374336926871E0,7.187097155812E0));
#2971=CARTESIAN_POINT('',(-2.981610490730E0,5.351124954329E0,6.826255134298E0));
#2972=CARTESIAN_POINT('',(-3.942006373378E0,5.327912981786E0,6.320470396198E0));
#2973=CARTESIAN_POINT('',(-4.818701148857E0,5.304701009243E0,5.680482331191E0));
#2974=CARTESIAN_POINT('',(-5.593079848948E0,5.281489036700E0,4.919879884739E0));
#2975=CARTESIAN_POINT('',(-6.248699995272E0,5.258277064157E0,4.054813022330E0));
#2976=CARTESIAN_POINT('',(-6.771640724458E0,5.235065091614E0,3.103649815272E0));
#2977=CARTESIAN_POINT('',(-7.150798371551E0,5.211853119071E0,2.086586429168E0));
#2978=CARTESIAN_POINT('',(-7.378122235502E0,5.188641146528E0,1.025218296247E0));
#2979=CARTESIAN_POINT('',(-7.448785520690E0,5.165429173985E0,
-5.791842311513E-2));
#2980=CARTESIAN_POINT('',(-7.361287824870E0,5.142217201442E0,
-1.139825353460E0));
#2981=CARTESIAN_POINT('',(-7.117486997403E0,5.119005228899E0,
-2.197530231595E0));
#2982=CARTESIAN_POINT('',(-6.722559691305E0,5.095793256356E0,
-3.208574679481E0));
#2983=CARTESIAN_POINT('',(-6.184891446742E0,5.072581283813E0,
-4.151491065748E0));
#2984=CARTESIAN_POINT('',(-5.515898639816E0,5.049369311270E0,
-5.006258330554E0));
#2985=CARTESIAN_POINT('',(-4.729786077249E0,5.026157338727E0,
-5.754727095218E0));
#2986=CARTESIAN_POINT('',(-3.843245383968E0,5.002945366184E0,
-6.381005030211E0));
#2987=CARTESIAN_POINT('',(-2.875100587777E0,4.979733393641E0,
-6.871794298953E0));
#2988=CARTESIAN_POINT('',(-1.845908426458E0,4.956521421098E0,
-7.216673912416E0));
#2989=CARTESIAN_POINT('',(-7.775218640099E-1,4.933309448555E0,
-7.408320999241E0));
#2990=CARTESIAN_POINT('',(3.073739159810E-1,4.910097476012E0,
-7.442666293293E0));
#2991=CARTESIAN_POINT('',(1.385743187819E0,4.886885503469E0,-7.318980536413E0));
#2992=CARTESIAN_POINT('',(2.434688803430E0,4.863673530926E0,-7.039889964629E0));
#2993=CARTESIAN_POINT('',(3.431938372844E0,4.840461558383E0,-6.611320538317E0));
#2994=CARTESIAN_POINT('',(4.356317167193E0,4.817249585840E0,-6.042372140345E0));
#2995=CARTESIAN_POINT('',(5.188197759450E0,4.794037613297E0,-5.345125264626E0));
#2996=CARTESIAN_POINT('',(5.909916644962E0,4.770825640754E0,-4.534384854756E0));
#2997=CARTESIAN_POINT('',(6.506149781881E0,4.747613668212E0,-3.627364660325E0));
#2998=CARTESIAN_POINT('',(6.811540689457E0,4.732139019850E0,-2.971339249426E0));
#2999=CARTESIAN_POINT('',(6.939591286112E0,4.724401695669E0,-2.633970730289E0));
#3000=CARTESIAN_POINT('',(7.016946776179E0,7.528867514501E0,-1.286876637335E0));
#3001=CARTESIAN_POINT('',(7.079508337451E0,7.521130190320E0,
-9.457474778298E-1));
#3002=CARTESIAN_POINT('',(7.154790637841E0,7.505655541958E0,
-2.543516530957E-1));
#3003=CARTESIAN_POINT('',(7.115795974450E0,7.482443569415E0,7.881451492786E-1));
#3004=CARTESIAN_POINT('',(6.925710620913E0,7.459231596872E0,1.813906529429E0));
#3005=CARTESIAN_POINT('',(6.588570831592E0,7.436019624329E0,2.801153179935E0));
#3006=CARTESIAN_POINT('',(6.111535097361E0,7.412807651786E0,3.728922553847E0));
#3007=CARTESIAN_POINT('',(5.504732387430E0,7.389595679243E0,4.577515267889E0));
#3008=CARTESIAN_POINT('',(4.781047015666E0,7.366383706700E0,5.328913032784E0));
#3009=CARTESIAN_POINT('',(3.955845083527E0,7.343171734157E0,5.967161331360E0));
#3010=CARTESIAN_POINT('',(3.046648205138E0,7.319959761614E0,6.478708157711E0));
#3011=CARTESIAN_POINT('',(2.072761469928E0,7.296747789071E0,6.852691775327E0));
#3012=CARTESIAN_POINT('',(1.054863534960E0,7.273535816528E0,7.081171343882E0));
#3013=CARTESIAN_POINT('',(1.456755254592E-2,7.250323843985E0,7.159295528558E0));
#3014=CARTESIAN_POINT('',(-1.026037744507E0,7.227111871442E0,7.085405508908E0));
#3015=CARTESIAN_POINT('',(-2.044857055674E0,7.203899898899E0,6.861070200827E0));
#3016=CARTESIAN_POINT('',(-3.020257664954E0,7.180687926357E0,6.491052943560E0));
#3017=CARTESIAN_POINT('',(-3.931528770993E0,7.157475953814E0,5.983210359135E0));
#3018=CARTESIAN_POINT('',(-4.759321242087E0,7.134263981271E0,5.348325531738E0));
#3019=CARTESIAN_POINT('',(-5.486058458671E0,7.111052008728E0,4.599879049155E0));
#3020=CARTESIAN_POINT('',(-6.096309519858E0,7.087840036185E0,3.753762767798E0));
#3021=CARTESIAN_POINT('',(-6.577116889653E0,7.064628063642E0,2.827942378948E0));
#3022=CARTESIAN_POINT('',(-6.918271525916E0,7.041416091099E0,1.842075941029E0));
#3023=CARTESIAN_POINT('',(-7.112529650207E0,7.018204118556E0,
8.170964776228E-1));
#3024=CARTESIAN_POINT('',(-7.155766555832E0,6.994992146013E0,
-2.252324959985E-1));
#3025=CARTESIAN_POINT('',(-7.047064188245E0,6.971780173470E0,
-1.262779080273E0));
#3026=CARTESIAN_POINT('',(-6.788730638213E0,6.948568200927E0,
-2.273512920701E0));
#3027=CARTESIAN_POINT('',(-6.386251133845E0,6.925356228384E0,
-3.235972981079E0));
#3028=CARTESIAN_POINT('',(-5.848171572061E0,6.902144255841E0,
-4.129723228323E0));
#3029=CARTESIAN_POINT('',(-5.185917062514E0,6.878932283298E0,
-4.935786553280E0));
#3030=CARTESIAN_POINT('',(-4.413549336825E0,6.855720310755E0,
-5.637047714028E0));
#3031=CARTESIAN_POINT('',(-3.547468174107E0,6.832508338212E0,
-6.218616745910E0));
#3032=CARTESIAN_POINT('',(-2.606063182431E0,6.809296365669E0,
-6.668145121995E0));
#3033=CARTESIAN_POINT('',(-1.609323330011E0,6.786084393126E0,
-6.976087950871E0));
#3034=CARTESIAN_POINT('',(-5.784125169798E-1,6.762872420583E0,
-7.135906644500E0));
#3035=CARTESIAN_POINT('',(4.647798003128E-1,6.739660448040E0,
-7.144207752861E0));
#3036=CARTESIAN_POINT('',(1.498103390822E0,6.716448475497E0,-7.000815017498E0));
#3037=CARTESIAN_POINT('',(2.499617567397E0,6.693236502954E0,-6.708773114033E0));
#3038=CARTESIAN_POINT('',(3.448057056090E0,6.670024530411E0,-6.274283004197E0));
#3039=CARTESIAN_POINT('',(4.323283524346E0,6.646812557868E0,-5.706570270042E0));
#3040=CARTESIAN_POINT('',(5.106713180695E0,6.623600585325E0,-5.017689226021E0));
#3041=CARTESIAN_POINT('',(5.781711366687E0,6.600388612782E0,-4.222266968245E0));
#3042=CARTESIAN_POINT('',(6.333945762648E0,6.577176640240E0,-3.337192795547E0));
#3043=CARTESIAN_POINT('',(6.751690707585E0,6.553964667697E0,-2.381259596920E0));
#3044=CARTESIAN_POINT('',(7.026076171598E0,6.530752695154E0,-1.374764819786E0));
#3045=CARTESIAN_POINT('',(7.151276094310E0,6.507540722611E0,
-3.390794917975E-1));
#3046=CARTESIAN_POINT('',(7.124632090334E0,6.484328750068E0,7.038055528313E-1));
#3047=CARTESIAN_POINT('',(6.946709895089E0,6.461116777525E0,1.731746607414E0));
#3048=CARTESIAN_POINT('',(6.621287352474E0,6.437904804982E0,2.722917272848E0));
#3049=CARTESIAN_POINT('',(6.155274199446E0,6.414692832439E0,3.656271900235E0));
#3050=CARTESIAN_POINT('',(5.558565350717E0,6.391480859896E0,4.511992455736E0));
#3051=CARTESIAN_POINT('',(4.843830798816E0,6.368268887353E0,5.271909319331E0));
#3052=CARTESIAN_POINT('',(4.026246590572E0,6.345056914810E0,5.919887082599E0));
#3053=CARTESIAN_POINT('',(3.123172592245E0,6.321844942267E0,6.442167153828E0));
#3054=CARTESIAN_POINT('',(2.153783885343E0,6.298632969724E0,6.827659895898E0));
#3055=CARTESIAN_POINT('',(1.138663619754E0,6.275420997181E0,7.068180093904E0));
#3056=CARTESIAN_POINT('',(9.936596918880E-2,6.252209024638E0,7.158620752839E0));
#3057=CARTESIAN_POINT('',(-9.420415312466E-1,6.228997052095E0,
7.097061535045E0));
#3058=CARTESIAN_POINT('',(-1.963446547744E0,6.205785079552E0,6.884809534981E0));
#3059=CARTESIAN_POINT('',(-2.943161461704E0,6.182573107009E0,6.526371525523E0));
#3060=CARTESIAN_POINT('',(-3.860383865609E0,6.159361134466E0,6.029358265103E0));
#3061=CARTESIAN_POINT('',(-4.695638263111E0,6.136149161923E0,5.404322897535E0));
#3062=CARTESIAN_POINT('',(-5.431189594646E0,6.112937189380E0,4.664536875813E0));
#3063=CARTESIAN_POINT('',(-6.051419808137E0,6.089725216837E0,3.825708167713E0));
#3064=CARTESIAN_POINT('',(-6.543159479017E0,6.066513244294E0,2.905647726578E0));
#3065=CARTESIAN_POINT('',(-6.895967438249E0,6.043301271751E0,1.923891309150E0));
#3066=CARTESIAN_POINT('',(-7.102352470952E0,6.020089299208E0,
9.012846704401E-1));
#3067=CARTESIAN_POINT('',(-7.157932378291E0,5.996877326665E0,
-1.404590567590E-1));
#3068=CARTESIAN_POINT('',(-7.061527025242E0,5.973665354123E0,
-1.179220399495E0));
#3069=CARTESIAN_POINT('',(-6.815183398549E0,5.950453381580E0,
-2.192943210152E0));
#3070=CARTESIAN_POINT('',(-6.424132142799E0,5.927241409037E0,
-3.160102987352E0));
#3071=CARTESIAN_POINT('',(-5.896676497501E0,5.904029436494E0,
-4.060163908346E0));
#3072=CARTESIAN_POINT('',(-5.244015993378E0,5.880817463951E0,
-4.874014868669E0));
#3073=CARTESIAN_POINT('',(-4.480008651356E0,5.857605491408E0,
-5.584375270573E0));
#3074=CARTESIAN_POINT('',(-3.620876733488E0,5.834393518865E0,
-6.176161944096E0));
#3075=CARTESIAN_POINT('',(-2.684862293673E0,5.811181546322E0,
-6.636809409861E0));
#3076=CARTESIAN_POINT('',(-1.691839841873E0,5.787969573779E0,
-6.956536683456E0));
#3077=CARTESIAN_POINT('',(-6.628943461955E-1,5.764757601236E0,
-7.128554956272E0));
#3078=CARTESIAN_POINT('',(3.801264668353E-1,5.741545628693E0,
-7.149211743124E0));
#3079=CARTESIAN_POINT('',(1.415076007746E0,5.718333656150E0,-7.018068435910E0));
#3080=CARTESIAN_POINT('',(2.419979065379E0,5.695121683607E0,-6.737909616635E0));
#3081=CARTESIAN_POINT('',(3.373498409260E0,5.671909711064E0,-6.314683932037E0));
#3082=CARTESIAN_POINT('',(4.255387845642E0,5.648697738521E0,-5.757377785240E0));
#3083=CARTESIAN_POINT('',(5.046922107429E0,5.625485765978E0,-5.077824526345E0));
#3084=CARTESIAN_POINT('',(5.731294450088E0,5.602273793435E0,-4.290453193452E0));
#3085=CARTESIAN_POINT('',(6.293973511319E0,5.579061820892E0,-3.411982139114E0));
#3086=CARTESIAN_POINT('',(6.723011857266E0,5.555849848349E0,-2.461064047496E0));
#3087=CARTESIAN_POINT('',(7.009299663851E0,5.532637875806E0,-1.457889879637E0));
#3088=CARTESIAN_POINT('',(7.146758146794E0,5.509425903263E0,
-4.237601562827E-1));
#3089=CARTESIAN_POINT('',(7.132468633183E0,5.486213930720E0,6.193673186978E-1));
#3090=CARTESIAN_POINT('',(6.966734534024E0,5.463001958177E0,1.649343691065E0));
#3091=CARTESIAN_POINT('',(6.653074901869E0,5.439789985634E0,2.644299345561E0));
#3092=CARTESIAN_POINT('',(6.198149710346E0,5.416578013091E0,3.583108266150E0));
#3093=CARTESIAN_POINT('',(5.611618442115E0,5.393366040548E0,4.445836607313E0));
#3094=CARTESIAN_POINT('',(4.905934987884E0,5.370154068006E0,5.214165951854E0));
#3095=CARTESIAN_POINT('',(4.096083211409E0,5.346942095463E0,5.871782268104E0));
#3096=CARTESIAN_POINT('',(3.199258795274E0,5.323730122920E0,6.404722307772E0));
#3097=CARTESIAN_POINT('',(2.234504122836E0,5.300518150377E0,6.801670089312E0));
#3098=CARTESIAN_POINT('',(1.222303948961E0,5.277306177834E0,7.054197171554E0));
#3099=CARTESIAN_POINT('',(1.841504446920E-1,5.254094205291E0,7.156941615839E0));
#3100=CARTESIAN_POINT('',(-8.579131486658E-1,5.230882232748E0,
7.107721836718E0));
#3101=CARTESIAN_POINT('',(-1.881760566402E0,5.207670260205E0,6.907582923827E0));
#3102=CARTESIAN_POINT('',(-2.865652330109E0,5.184458287662E0,6.560774451370E0));
#3103=CARTESIAN_POINT('',(-3.788697344706E0,5.161246315119E0,6.074660246387E0));
#3104=CARTESIAN_POINT('',(-4.631296481634E0,5.138034342576E0,5.459562031704E0));
#3105=CARTESIAN_POINT('',(-5.375558729570E0,5.114822370033E0,4.728540263522E0));
#3106=CARTESIAN_POINT('',(-6.005681076476E0,5.091610397490E0,3.897116817144E0));
#3107=CARTESIAN_POINT('',(-6.508284056899E0,5.068398424947E0,2.982945409076E0));
#3108=CARTESIAN_POINT('',(-6.872695839810E0,5.045186452404E0,2.005436753496E0));
#3109=CARTESIAN_POINT('',(-7.091178824910E0,5.021974479861E0,
9.853464121632E-1));
#3110=CARTESIAN_POINT('',(-7.159093936049E0,4.998762507318E0,
-5.566591098070E-2));
#3111=CARTESIAN_POINT('',(-7.074999123301E0,4.975550534775E0,
-1.095496272976E0));
#3112=CARTESIAN_POINT('',(-6.840679982190E0,4.952338562232E0,
-2.112065827590E0));
#3113=CARTESIAN_POINT('',(-6.461111839920E0,4.929126589689E0,
-3.083789628179E0));
#3114=CARTESIAN_POINT('',(-5.944354113634E0,4.905914617146E0,
-3.990034943523E0));
#3115=CARTESIAN_POINT('',(-5.301379183826E0,4.882702644603E0,
-4.811559355148E0));
#3116=CARTESIAN_POINT('',(-4.545839416424E0,4.859490672060E0,
-5.530919333971E0));
#3117=CARTESIAN_POINT('',(-3.693777280429E0,4.836278699517E0,
-6.132840620904E0));
#3118=CARTESIAN_POINT('',(-2.763284716188E0,4.813066726974E0,
-6.604542547072E0));
#3119=CARTESIAN_POINT('',(-1.774118987002E0,4.789854754431E0,
-6.936009407348E0));
#3120=CARTESIAN_POINT('',(-7.472831707018E-1,4.766642781889E0,
-7.120203125013E0));
#3121=CARTESIAN_POINT('',(2.954198012397E-1,4.743430809346E0,
-7.153212692237E0));
#3122=CARTESIAN_POINT('',(1.331850088217E0,4.720218836803E0,-7.034337212524E0));
#3123=CARTESIAN_POINT('',(2.340001037805E0,4.697006864260E0,-6.766100784650E0));
#3124=CARTESIAN_POINT('',(3.298466458146E0,4.673794891717E0,-6.354198901778E0));
#3125=CARTESIAN_POINT('',(4.186895129217E0,4.650582919174E0,-5.807377542170E0));
#3126=CARTESIAN_POINT('',(4.986422956539E0,4.627370946631E0,-5.137247375846E0));
#3127=CARTESIAN_POINT('',(5.680073388874E0,4.604158974088E0,-4.358037565617E0));
#3128=CARTESIAN_POINT('',(6.253118353470E0,4.580947001545E0,-3.486292399135E0));
#3129=CARTESIAN_POINT('',(6.546632267716E0,4.565472353183E0,-2.855780548845E0));
#3130=CARTESIAN_POINT('',(6.669702833713E0,4.557735029002E0,-2.531532668052E0));
#3131=B_SPLINE_SURFACE_WITH_KNOTS('',3,3,((#2607,#2608,#2609,#2610,#2611,#2612,
#2613,#2614,#2615,#2616,#2617,#2618,#2619,#2620,#2621,#2622,#2623,#2624,#2625,
#2626,#2627,#2628,#2629,#2630,#2631,#2632,#2633,#2634,#2635,#2636,#2637,#2638,
#2639,#2640,#2641,#2642,#2643,#2644,#2645,#2646,#2647,#2648,#2649,#2650,#2651,
#2652,#2653,#2654,#2655,#2656,#2657,#2658,#2659,#2660,#2661,#2662,#2663,#2664,
#2665,#2666,#2667,#2668,#2669,#2670,#2671,#2672,#2673,#2674,#2675,#2676,#2677,
#2678,#2679,#2680,#2681,#2682,#2683,#2684,#2685,#2686,#2687,#2688,#2689,#2690,
#2691,#2692,#2693,#2694,#2695,#2696,#2697,#2698,#2699,#2700,#2701,#2702,#2703,
#2704,#2705,#2706,#2707,#2708,#2709,#2710,#2711,#2712,#2713,#2714,#2715,#2716,
#2717,#2718,#2719,#2720,#2721,#2722,#2723,#2724,#2725,#2726,#2727,#2728,#2729,
#2730,#2731,#2732,#2733,#2734,#2735,#2736,#2737),(#2738,#2739,#2740,#2741,#2742,
#2743,#2744,#2745,#2746,#2747,#2748,#2749,#2750,#2751,#2752,#2753,#2754,#2755,
#2756,#2757,#2758,#2759,#2760,#2761,#2762,#2763,#2764,#2765,#2766,#2767,#2768,
#2769,#2770,#2771,#2772,#2773,#2774,#2775,#2776,#2777,#2778,#2779,#2780,#2781,
#2782,#2783,#2784,#2785,#2786,#2787,#2788,#2789,#2790,#2791,#2792,#2793,#2794,
#2795,#2796,#2797,#2798,#2799,#2800,#2801,#2802,#2803,#2804,#2805,#2806,#2807,
#2808,#2809,#2810,#2811,#2812,#2813,#2814,#2815,#2816,#2817,#2818,#2819,#2820,
#2821,#2822,#2823,#2824,#2825,#2826,#2827,#2828,#2829,#2830,#2831,#2832,#2833,
#2834,#2835,#2836,#2837,#2838,#2839,#2840,#2841,#2842,#2843,#2844,#2845,#2846,
#2847,#2848,#2849,#2850,#2851,#2852,#2853,#2854,#2855,#2856,#2857,#2858,#2859,
#2860,#2861,#2862,#2863,#2864,#2865,#2866,#2867,#2868),(#2869,#2870,#2871,#2872,
#2873,#2874,#2875,#2876,#2877,#2878,#2879,#2880,#2881,#2882,#2883,#2884,#2885,
#2886,#2887,#2888,#2889,#2890,#2891,#2892,#2893,#2894,#2895,#2896,#2897,#2898,
#2899,#2900,#2901,#2902,#2903,#2904,#2905,#2906,#2907,#2908,#2909,#2910,#2911,
#2912,#2913,#2914,#2915,#2916,#2917,#2918,#2919,#2920,#2921,#2922,#2923,#2924,
#2925,#2926,#2927,#2928,#2929,#2930,#2931,#2932,#2933,#2934,#2935,#2936,#2937,
#2938,#2939,#2940,#2941,#2942,#2943,#2944,#2945,#2946,#2947,#2948,#2949,#2950,
#2951,#2952,#2953,#2954,#2955,#2956,#2957,#2958,#2959,#2960,#2961,#2962,#2963,
#2964,#2965,#2966,#2967,#2968,#2969,#2970,#2971,#2972,#2973,#2974,#2975,#2976,
#2977,#2978,#2979,#2980,#2981,#2982,#2983,#2984,#2985,#2986,#2987,#2988,#2989,
#2990,#2991,#2992,#2993,#2994,#2995,#2996,#2997,#2998,#2999),(#3000,#3001,#3002,
#3003,#3004,#3005,#3006,#3007,#3008,#3009,#3010,#3011,#3012,#3013,#3014,#3015,
#3016,#3017,#3018,#3019,#3020,#3021,#3022,#3023,#3024,#3025,#3026,#3027,#3028,
#3029,#3030,#3031,#3032,#3033,#3034,#3035,#3036,#3037,#3038,#3039,#3040,#3041,
#3042,#3043,#3044,#3045,#3046,#3047,#3048,#3049,#3050,#3051,#3052,#3053,#3054,
#3055,#3056,#3057,#3058,#3059,#3060,#3061,#3062,#3063,#3064,#3065,#3066,#3067,
#3068,#3069,#3070,#3071,#3072,#3073,#3074,#3075,#3076,#3077,#3078,#3079,#3080,
#3081,#3082,#3083,#3084,#3085,#3086,#3087,#3088,#3089,#3090,#3091,#3092,#3093,
#3094,#3095,#3096,#3097,#3098,#3099,#3100,#3101,#3102,#3103,#3104,#3105,#3106,
#3107,#3108,#3109,#3110,#3111,#3112,#3113,#3114,#3115,#3116,#3117,#3118,#3119,
#3120,#3121,#3122,#3123,#3124,#3125,#3126,#3127,#3128,#3129,#3130)),
.UNSPECIFIED.,.F.,.F.,.F.,(4,4),(4,1,1,1,1,1,1,1,1,1,1,1,1,1,1,1,1,1,1,1,1,1,1,
1,1,1,1,1,1,1,1,1,1,1,1,1,1,1,1,1,1,1,1,1,1,1,1,1,1,1,1,1,1,1,1,1,1,1,1,1,1,1,1,
1,1,1,1,1,1,1,1,1,1,1,1,1,1,1,1,1,1,1,1,1,1,1,1,1,1,1,1,1,1,1,1,1,1,1,1,1,1,1,1,
1,1,1,1,1,1,1,1,1,1,1,1,1,1,1,1,1,1,1,1,1,1,1,1,1,4),(0.E0,1.E0),(0.E0,
7.8125E-3,1.5625E-2,2.34375E-2,3.125E-2,3.90625E-2,4.6875E-2,5.46875E-2,6.25E-2,
7.03125E-2,7.8125E-2,8.59375E-2,9.375E-2,1.015625E-1,1.09375E-1,1.171875E-1,
1.25E-1,1.328125E-1,1.40625E-1,1.484375E-1,1.5625E-1,1.640625E-1,1.71875E-1,
1.796875E-1,1.875E-1,1.953125E-1,2.03125E-1,2.109375E-1,2.1875E-1,2.265625E-1,
2.34375E-1,2.421875E-1,2.5E-1,2.578125E-1,2.65625E-1,2.734375E-1,2.8125E-1,
2.890625E-1,2.96875E-1,3.046875E-1,3.125E-1,3.203125E-1,3.28125E-1,3.359375E-1,
3.4375E-1,3.515625E-1,3.59375E-1,3.671875E-1,3.75E-1,3.828125E-1,3.90625E-1,
3.984375E-1,4.0625E-1,4.140625E-1,4.21875E-1,4.296875E-1,4.375E-1,4.453125E-1,
4.53125E-1,4.609375E-1,4.6875E-1,4.765625E-1,4.84375E-1,4.921875E-1,5.E-1,
5.078125E-1,5.15625E-1,5.234375E-1,5.3125E-1,5.390625E-1,5.46875E-1,5.546875E-1,
5.625E-1,5.703125E-1,5.78125E-1,5.859375E-1,5.9375E-1,6.015625E-1,6.09375E-1,
6.171875E-1,6.25E-1,6.328125E-1,6.40625E-1,6.484375E-1,6.5625E-1,6.640625E-1,
6.71875E-1,6.796875E-1,6.875E-1,6.953125E-1,7.03125E-1,7.109375E-1,7.1875E-1,
7.265625E-1,7.34375E-1,7.421875E-1,7.5E-1,7.578125E-1,7.65625E-1,7.734375E-1,
7.8125E-1,7.890625E-1,7.96875E-1,8.046875E-1,8.125E-1,8.203125E-1,8.28125E-1,
8.359375E-1,8.4375E-1,8.515625E-1,8.59375E-1,8.671875E-1,8.75E-1,8.828125E-1,
8.90625E-1,8.984375E-1,9.0625E-1,9.140625E-1,9.21875E-1,9.296875E-1,9.375E-1,
9.453125E-1,9.53125E-1,9.609375E-1,9.6875E-1,9.765625E-1,9.84375E-1,9.921875E-1,
1.E0),.UNSPECIFIED.);
#3132=ORIENTED_EDGE('',*,*,#2596,.T.);
#3133=ORIENTED_EDGE('',*,*,#2594,.F.);
#3134=ORIENTED_EDGE('',*,*,#2051,.T.);
#3136=ORIENTED_EDGE('',*,*,#3135,.T.);
#3138=ORIENTED_EDGE('',*,*,#3137,.F.);
#3140=ORIENTED_EDGE('',*,*,#3139,.F.);
#3142=ORIENTED_EDGE('',*,*,#3141,.F.);
#3144=ORIENTED_EDGE('',*,*,#3143,.F.);
#3146=ORIENTED_EDGE('',*,*,#3145,.F.);
#3148=ORIENTED_EDGE('',*,*,#3147,.T.);
#3149=ORIENTED_EDGE('',*,*,#2598,.T.);
#3150=EDGE_LOOP('',(#3132,#3133,#3134,#3136,#3138,#3140,#3142,#3144,#3146,#3148,
#3149));
#3151=FACE_OUTER_BOUND('',#3150,.F.);
#3152=ADVANCED_FACE('',(#3151),#3131,.F.);
#3153=CARTESIAN_POINT('',(7.016946776179E0,7.528867514501E0,-1.286876637335E0));
#3154=CARTESIAN_POINT('',(7.079508337451E0,7.521130190320E0,
-9.457474778298E-1));
#3155=CARTESIAN_POINT('',(7.154790637841E0,7.505655541958E0,
-2.543516530957E-1));
#3156=CARTESIAN_POINT('',(7.115795974450E0,7.482443569415E0,7.881451492786E-1));
#3157=CARTESIAN_POINT('',(6.925710620913E0,7.459231596872E0,1.813906529429E0));
#3158=CARTESIAN_POINT('',(6.588570831592E0,7.436019624329E0,2.801153179935E0));
#3159=CARTESIAN_POINT('',(6.111535097361E0,7.412807651786E0,3.728922553847E0));
#3160=CARTESIAN_POINT('',(5.504732387430E0,7.389595679243E0,4.577515267889E0));
#3161=CARTESIAN_POINT('',(4.781047015666E0,7.366383706700E0,5.328913032784E0));
#3162=CARTESIAN_POINT('',(3.955845083527E0,7.343171734157E0,5.967161331360E0));
#3163=CARTESIAN_POINT('',(3.046648205138E0,7.319959761614E0,6.478708157711E0));
#3164=CARTESIAN_POINT('',(2.072761469928E0,7.296747789071E0,6.852691775327E0));
#3165=CARTESIAN_POINT('',(1.054863534960E0,7.273535816528E0,7.081171343882E0));
#3166=CARTESIAN_POINT('',(1.456755254592E-2,7.250323843985E0,7.159295528558E0));
#3167=CARTESIAN_POINT('',(-1.026037744507E0,7.227111871442E0,7.085405508908E0));
#3168=CARTESIAN_POINT('',(-2.044857055674E0,7.203899898899E0,6.861070200827E0));
#3169=CARTESIAN_POINT('',(-3.020257664954E0,7.180687926357E0,6.491052943560E0));
#3170=CARTESIAN_POINT('',(-3.931528770993E0,7.157475953814E0,5.983210359135E0));
#3171=CARTESIAN_POINT('',(-4.759321242087E0,7.134263981271E0,5.348325531738E0));
#3172=CARTESIAN_POINT('',(-5.486058458671E0,7.111052008728E0,4.599879049155E0));
#3173=CARTESIAN_POINT('',(-6.096309519858E0,7.087840036185E0,3.753762767798E0));
#3174=CARTESIAN_POINT('',(-6.577116889653E0,7.064628063642E0,2.827942378948E0));
#3175=CARTESIAN_POINT('',(-6.918271525916E0,7.041416091099E0,1.842075941029E0));
#3176=CARTESIAN_POINT('',(-7.112529650207E0,7.018204118556E0,
8.170964776228E-1));
#3177=CARTESIAN_POINT('',(-7.155766555832E0,6.994992146013E0,
-2.252324959985E-1));
#3178=CARTESIAN_POINT('',(-7.047064188245E0,6.971780173470E0,
-1.262779080273E0));
#3179=CARTESIAN_POINT('',(-6.788730638213E0,6.948568200927E0,
-2.273512920701E0));
#3180=CARTESIAN_POINT('',(-6.386251133845E0,6.925356228384E0,
-3.235972981079E0));
#3181=CARTESIAN_POINT('',(-5.848171572061E0,6.902144255841E0,
-4.129723228323E0));
#3182=CARTESIAN_POINT('',(-5.185917062514E0,6.878932283298E0,
-4.935786553280E0));
#3183=CARTESIAN_POINT('',(-4.413549336825E0,6.855720310755E0,
-5.637047714028E0));
#3184=CARTESIAN_POINT('',(-3.547468174107E0,6.832508338212E0,
-6.218616745910E0));
#3185=CARTESIAN_POINT('',(-2.606063182431E0,6.809296365669E0,
-6.668145121995E0));
#3186=CARTESIAN_POINT('',(-1.609323330011E0,6.786084393126E0,
-6.976087950871E0));
#3187=CARTESIAN_POINT('',(-5.784125169798E-1,6.762872420583E0,
-7.135906644500E0));
#3188=CARTESIAN_POINT('',(4.647798003128E-1,6.739660448040E0,
-7.144207752861E0));
#3189=CARTESIAN_POINT('',(1.498103390822E0,6.716448475497E0,-7.000815017498E0));
#3190=CARTESIAN_POINT('',(2.499617567397E0,6.693236502954E0,-6.708773114033E0));
#3191=CARTESIAN_POINT('',(3.448057056090E0,6.670024530411E0,-6.274283004197E0));
#3192=CARTESIAN_POINT('',(4.323283524346E0,6.646812557868E0,-5.706570270042E0));
#3193=CARTESIAN_POINT('',(5.106713180695E0,6.623600585325E0,-5.017689226021E0));
#3194=CARTESIAN_POINT('',(5.781711366687E0,6.600388612782E0,-4.222266968245E0));
#3195=CARTESIAN_POINT('',(6.333945762648E0,6.577176640240E0,-3.337192795547E0));
#3196=CARTESIAN_POINT('',(6.751690707585E0,6.553964667697E0,-2.381259596920E0));
#3197=CARTESIAN_POINT('',(7.026076171598E0,6.530752695154E0,-1.374764819786E0));
#3198=CARTESIAN_POINT('',(7.151276094310E0,6.507540722611E0,
-3.390794917975E-1));
#3199=CARTESIAN_POINT('',(7.124632090334E0,6.484328750068E0,7.038055528313E-1));
#3200=CARTESIAN_POINT('',(6.946709895089E0,6.461116777525E0,1.731746607414E0));
#3201=CARTESIAN_POINT('',(6.621287352474E0,6.437904804982E0,2.722917272848E0));
#3202=CARTESIAN_POINT('',(6.155274199446E0,6.414692832439E0,3.656271900235E0));
#3203=CARTESIAN_POINT('',(5.558565350717E0,6.391480859896E0,4.511992455736E0));
#3204=CARTESIAN_POINT('',(4.843830798816E0,6.368268887353E0,5.271909319331E0));
#3205=CARTESIAN_POINT('',(4.026246590572E0,6.345056914810E0,5.919887082599E0));
#3206=CARTESIAN_POINT('',(3.123172592245E0,6.321844942267E0,6.442167153828E0));
#3207=CARTESIAN_POINT('',(2.153783885343E0,6.298632969724E0,6.827659895898E0));
#3208=CARTESIAN_POINT('',(1.138663619754E0,6.275420997181E0,7.068180093904E0));
#3209=CARTESIAN_POINT('',(9.936596918880E-2,6.252209024638E0,7.158620752839E0));
#3210=CARTESIAN_POINT('',(-9.420415312466E-1,6.228997052095E0,
7.097061535045E0));
#3211=CARTESIAN_POINT('',(-1.963446547744E0,6.205785079552E0,6.884809534981E0));
#3212=CARTESIAN_POINT('',(-2.943161461704E0,6.182573107009E0,6.526371525523E0));
#3213=CARTESIAN_POINT('',(-3.860383865609E0,6.159361134466E0,6.029358265103E0));
#3214=CARTESIAN_POINT('',(-4.695638263111E0,6.136149161923E0,5.404322897535E0));
#3215=CARTESIAN_POINT('',(-5.431189594646E0,6.112937189380E0,4.664536875813E0));
#3216=CARTESIAN_POINT('',(-6.051419808137E0,6.089725216837E0,3.825708167713E0));
#3217=CARTESIAN_POINT('',(-6.543159479017E0,6.066513244294E0,2.905647726578E0));
#3218=CARTESIAN_POINT('',(-6.895967438249E0,6.043301271751E0,1.923891309150E0));
#3219=CARTESIAN_POINT('',(-7.102352470952E0,6.020089299208E0,
9.012846704401E-1));
#3220=CARTESIAN_POINT('',(-7.157932378291E0,5.996877326665E0,
-1.404590567590E-1));
#3221=CARTESIAN_POINT('',(-7.061527025242E0,5.973665354123E0,
-1.179220399495E0));
#3222=CARTESIAN_POINT('',(-6.815183398549E0,5.950453381580E0,
-2.192943210152E0));
#3223=CARTESIAN_POINT('',(-6.424132142799E0,5.927241409037E0,
-3.160102987352E0));
#3224=CARTESIAN_POINT('',(-5.896676497501E0,5.904029436494E0,
-4.060163908346E0));
#3225=CARTESIAN_POINT('',(-5.244015993378E0,5.880817463951E0,
-4.874014868669E0));
#3226=CARTESIAN_POINT('',(-4.480008651356E0,5.857605491408E0,
-5.584375270573E0));
#3227=CARTESIAN_POINT('',(-3.620876733488E0,5.834393518865E0,
-6.176161944096E0));
#3228=CARTESIAN_POINT('',(-2.684862293673E0,5.811181546322E0,
-6.636809409861E0));
#3229=CARTESIAN_POINT('',(-1.691839841873E0,5.787969573779E0,
-6.956536683456E0));
#3230=CARTESIAN_POINT('',(-6.628943461955E-1,5.764757601236E0,
-7.128554956272E0));
#3231=CARTESIAN_POINT('',(3.801264668353E-1,5.741545628693E0,
-7.149211743124E0));
#3232=CARTESIAN_POINT('',(1.415076007746E0,5.718333656150E0,-7.018068435910E0));
#3233=CARTESIAN_POINT('',(2.419979065379E0,5.695121683607E0,-6.737909616635E0));
#3234=CARTESIAN_POINT('',(3.373498409260E0,5.671909711064E0,-6.314683932037E0));
#3235=CARTESIAN_POINT('',(4.255387845642E0,5.648697738521E0,-5.757377785240E0));
#3236=CARTESIAN_POINT('',(5.046922107429E0,5.625485765978E0,-5.077824526345E0));
#3237=CARTESIAN_POINT('',(5.731294450088E0,5.602273793435E0,-4.290453193452E0));
#3238=CARTESIAN_POINT('',(6.293973511319E0,5.579061820892E0,-3.411982139114E0));
#3239=CARTESIAN_POINT('',(6.723011857266E0,5.555849848349E0,-2.461064047496E0));
#3240=CARTESIAN_POINT('',(7.009299663851E0,5.532637875806E0,-1.457889879637E0));
#3241=CARTESIAN_POINT('',(7.146758146794E0,5.509425903263E0,
-4.237601562827E-1));
#3242=CARTESIAN_POINT('',(7.132468633183E0,5.486213930720E0,6.193673186978E-1));
#3243=CARTESIAN_POINT('',(6.966734534024E0,5.463001958177E0,1.649343691065E0));
#3244=CARTESIAN_POINT('',(6.653074901869E0,5.439789985634E0,2.644299345561E0));
#3245=CARTESIAN_POINT('',(6.198149710346E0,5.416578013091E0,3.583108266150E0));
#3246=CARTESIAN_POINT('',(5.611618442115E0,5.393366040548E0,4.445836607313E0));
#3247=CARTESIAN_POINT('',(4.905934987884E0,5.370154068006E0,5.214165951854E0));
#3248=CARTESIAN_POINT('',(4.096083211409E0,5.346942095463E0,5.871782268104E0));
#3249=CARTESIAN_POINT('',(3.199258795274E0,5.323730122920E0,6.404722307772E0));
#3250=CARTESIAN_POINT('',(2.234504122836E0,5.300518150377E0,6.801670089312E0));
#3251=CARTESIAN_POINT('',(1.222303948961E0,5.277306177834E0,7.054197171554E0));
#3252=CARTESIAN_POINT('',(1.841504446920E-1,5.254094205291E0,7.156941615839E0));
#3253=CARTESIAN_POINT('',(-8.579131486658E-1,5.230882232748E0,
7.107721836718E0));
#3254=CARTESIAN_POINT('',(-1.881760566402E0,5.207670260205E0,6.907582923827E0));
#3255=CARTESIAN_POINT('',(-2.865652330109E0,5.184458287662E0,6.560774451370E0));
#3256=CARTESIAN_POINT('',(-3.788697344706E0,5.161246315119E0,6.074660246387E0));
#3257=CARTESIAN_POINT('',(-4.631296481634E0,5.138034342576E0,5.459562031704E0));
#3258=CARTESIAN_POINT('',(-5.375558729570E0,5.114822370033E0,4.728540263522E0));
#3259=CARTESIAN_POINT('',(-6.005681076476E0,5.091610397490E0,3.897116817144E0));
#3260=CARTESIAN_POINT('',(-6.508284056899E0,5.068398424947E0,2.982945409076E0));
#3261=CARTESIAN_POINT('',(-6.872695839810E0,5.045186452404E0,2.005436753496E0));
#3262=CARTESIAN_POINT('',(-7.091178824910E0,5.021974479861E0,
9.853464121632E-1));
#3263=CARTESIAN_POINT('',(-7.159093936049E0,4.998762507318E0,
-5.566591098070E-2));
#3264=CARTESIAN_POINT('',(-7.074999123301E0,4.975550534775E0,
-1.095496272976E0));
#3265=CARTESIAN_POINT('',(-6.840679982190E0,4.952338562232E0,
-2.112065827590E0));
#3266=CARTESIAN_POINT('',(-6.461111839920E0,4.929126589689E0,
-3.083789628179E0));
#3267=CARTESIAN_POINT('',(-5.944354113634E0,4.905914617146E0,
-3.990034943523E0));
#3268=CARTESIAN_POINT('',(-5.301379183826E0,4.882702644603E0,
-4.811559355148E0));
#3269=CARTESIAN_POINT('',(-4.545839416424E0,4.859490672060E0,
-5.530919333971E0));
#3270=CARTESIAN_POINT('',(-3.693777280429E0,4.836278699517E0,
-6.132840620904E0));
#3271=CARTESIAN_POINT('',(-2.763284716188E0,4.813066726974E0,
-6.604542547072E0));
#3272=CARTESIAN_POINT('',(-1.774118987002E0,4.789854754431E0,
-6.936009407348E0));
#3273=CARTESIAN_POINT('',(-7.472831707018E-1,4.766642781889E0,
-7.120203125013E0));
#3274=CARTESIAN_POINT('',(2.954198012397E-1,4.743430809346E0,
-7.153212692237E0));
#3275=CARTESIAN_POINT('',(1.331850088217E0,4.720218836803E0,-7.034337212524E0));
#3276=CARTESIAN_POINT('',(2.340001037805E0,4.697006864260E0,-6.766100784650E0));
#3277=CARTESIAN_POINT('',(3.298466458146E0,4.673794891717E0,-6.354198901778E0));
#3278=CARTESIAN_POINT('',(4.186895129217E0,4.650582919174E0,-5.807377542170E0));
#3279=CARTESIAN_POINT('',(4.986422956539E0,4.627370946631E0,-5.137247375846E0));
#3280=CARTESIAN_POINT('',(5.680073388874E0,4.604158974088E0,-4.358037565617E0));
#3281=CARTESIAN_POINT('',(6.253118353470E0,4.580947001545E0,-3.486292399135E0));
#3282=CARTESIAN_POINT('',(6.546632267716E0,4.565472353183E0,-2.855780548845E0));
#3283=CARTESIAN_POINT('',(6.669702833713E0,4.557735029002E0,-2.531532668052E0));
#3284=CARTESIAN_POINT('',(7.300886398859E0,7.362200847834E0,-1.338949893481E0));
#3285=CARTESIAN_POINT('',(7.365979503646E0,7.354463523653E0,
-9.840169974044E-1));
#3286=CARTESIAN_POINT('',(7.444308090212E0,7.338988875291E0,
-2.646439518278E-1));
#3287=CARTESIAN_POINT('',(7.403735514039E0,7.315776902748E0,8.200373159775E-1));
#3288=CARTESIAN_POINT('',(7.205958387245E0,7.292564930205E0,1.887305965390E0));
#3289=CARTESIAN_POINT('',(6.855176290575E0,7.269352957662E0,2.914501392818E0));
#3290=CARTESIAN_POINT('',(6.358837382086E0,7.246140985119E0,3.879812805222E0));
#3291=CARTESIAN_POINT('',(5.727480498096E0,7.222929012577E0,4.762743686948E0));
#3292=CARTESIAN_POINT('',(4.974511314163E0,7.199717040034E0,5.544546641543E0));
#3293=CARTESIAN_POINT('',(4.115917718567E0,7.176505067491E0,6.208621554864E0));
#3294=CARTESIAN_POINT('',(3.169930334730E0,7.153293094948E0,6.740868041266E0));
#3295=CARTESIAN_POINT('',(2.156635429422E0,7.130081122405E0,7.129984845817E0));
#3296=CARTESIAN_POINT('',(1.097548418236E0,7.106869149862E0,7.367709803364E0));
#3297=CARTESIAN_POINT('',(1.515702621662E-2,7.083657177319E0,7.448995270607E0));
#3298=CARTESIAN_POINT('',(-1.067556196809E0,7.060445204776E0,7.372115303197E0));
#3299=CARTESIAN_POINT('',(-2.127601867533E0,7.037233232233E0,7.138702302957E0));
#3300=CARTESIAN_POINT('',(-3.142471905582E0,7.014021259690E0,6.753712356889E0));
#3301=CARTESIAN_POINT('',(-4.090617450358E0,6.990809287147E0,6.225320003968E0));
#3302=CARTESIAN_POINT('',(-4.951906410650E0,6.967597314604E0,5.564744664145E0));
#3303=CARTESIAN_POINT('',(-5.708050931814E0,6.944385342061E0,4.786012415027E0));
#3304=CARTESIAN_POINT('',(-6.342995704038E0,6.921173369518E0,3.905658174435E0));
#3305=CARTESIAN_POINT('',(-6.843258866718E0,6.897961396975E0,2.942374612461E0));
#3306=CARTESIAN_POINT('',(-7.198218270465E0,6.874749424432E0,1.916615247700E0));
#3307=CARTESIAN_POINT('',(-7.400337018511E0,6.851537451889E0,
8.501601551665E-1));
#3308=CARTESIAN_POINT('',(-7.445323498567E0,6.828325479346E0,
-2.343464927223E-1));
#3309=CARTESIAN_POINT('',(-7.332222507160E0,6.805113506803E0,
-1.313877232648E0));
#3310=CARTESIAN_POINT('',(-7.063435531577E0,6.781901534260E0,
-2.365510255361E0));
#3311=CARTESIAN_POINT('',(-6.644669758801E0,6.758689561717E0,
-3.366916107278E0));
#3312=CARTESIAN_POINT('',(-6.084816894095E0,6.735477589174E0,
-4.296831814525E0));
#3313=CARTESIAN_POINT('',(-5.395764362336E0,6.712265616631E0,
-5.135512362278E0));
#3314=CARTESIAN_POINT('',(-4.592142900856E0,6.689053644088E0,
-5.865149943103E0));
#3315=CARTESIAN_POINT('',(-3.691015903191E0,6.665841671545E0,
-6.470252072320E0));
#3316=CARTESIAN_POINT('',(-2.711517109945E0,6.642629699002E0,
-6.937970541841E0));
#3317=CARTESIAN_POINT('',(-1.674444339714E0,6.619417726460E0,
-7.258374227757E0));
#3318=CARTESIAN_POINT('',(-6.018178864465E-1,6.596205753917E0,
-7.424659959118E0));
#3319=CARTESIAN_POINT('',(4.835870401765E-1,6.572993781374E0,
-7.433296970493E0));
#3320=CARTESIAN_POINT('',(1.558723903574E0,6.549781808831E0,-7.284101871157E0));
#3321=CARTESIAN_POINT('',(2.600764190218E0,6.526569836288E0,-6.980242539042E0));
#3322=CARTESIAN_POINT('',(3.587582130273E0,6.503357863745E0,-6.528170856795E0));
#3323=CARTESIAN_POINT('',(4.498224496795E0,6.480145891202E0,-5.937485718164E0));
#3324=CARTESIAN_POINT('',(5.313355508179E0,6.456933918659E0,-5.220729213498E0));
#3325=CARTESIAN_POINT('',(6.015667387200E0,6.433721946116E0,-4.393120321998E0));
#3326=CARTESIAN_POINT('',(6.590247859170E0,6.410509973573E0,-3.472231765259E0));
#3327=CARTESIAN_POINT('',(7.024896786114E0,6.387298001030E0,-2.477616883503E0));
#3328=CARTESIAN_POINT('',(7.310385213795E0,6.364086028487E0,-1.430394457099E0));
#3329=CARTESIAN_POINT('',(7.440651331243E0,6.340874055944E0,
-3.528002888950E-1));
#3330=CARTESIAN_POINT('',(7.412929181931E0,6.317662083401E0,7.322849313253E-1));
#3331=CARTESIAN_POINT('',(7.227807393672E0,6.294450110858E0,1.801821455346E0));
#3332=CARTESIAN_POINT('',(6.889216680213E0,6.271238138315E0,2.833099682335E0));
#3333=CARTESIAN_POINT('',(6.404346379902E0,6.248026165772E0,3.804222354596E0));
#3334=CARTESIAN_POINT('',(5.783491803585E0,6.224814193229E0,4.694569504740E0));
#3335=CARTESIAN_POINT('',(5.039835633E0,6.201602220686E0,5.485236281995E0));
#3336=CARTESIAN_POINT('',(4.189168011271E0,6.178390248143E0,6.159434361231E0));
#3337=CARTESIAN_POINT('',(3.249551268854E0,6.155178275600E0,6.702848411538E0));
#3338=CARTESIAN_POINT('',(2.240936403845E0,6.131966303057E0,7.103940055412E0));
#3339=CARTESIAN_POINT('',(1.184739459982E0,6.108754330514E0,7.354192864545E0));
#3340=CARTESIAN_POINT('',(1.033867971498E-1,6.085542357971E0,7.448293190198E0));
#3341=CARTESIAN_POINT('',(-9.801610902888E-1,6.062330385428E0,
7.384242988557E0));
#3342=CARTESIAN_POINT('',(-2.042897096495E0,6.039118412885E0,7.163402245449E0));
#3343=CARTESIAN_POINT('',(-3.062256016868E0,6.015906440343E0,6.790460099590E0));
#3344=CARTESIAN_POINT('',(-4.016593677819E0,5.992694467800E0,6.273335277528E0));
#3345=CARTESIAN_POINT('',(-4.885646510173E0,5.969482495257E0,5.623007954343E0));
#3346=CARTESIAN_POINT('',(-5.650961808032E0,5.946270522714E0,4.853286610240E0));
#3347=CARTESIAN_POINT('',(-6.296289537352E0,5.923058550171E0,3.980514833386E0));
#3348=CARTESIAN_POINT('',(-6.807927374922E0,5.899846577628E0,3.023224294485E0));
#3349=CARTESIAN_POINT('',(-7.175011651478E0,5.876634605085E0,2.001741261533E0));
#3350=CARTESIAN_POINT('',(-7.389748021335E0,5.853422632542E0,
9.377550096652E-1));
#3351=CARTESIAN_POINT('',(-7.447576960684E0,5.830210659999E0,
-1.461427098991E-1));
#3352=CARTESIAN_POINT('',(-7.347270580530E0,5.806998687456E0,
-1.226937363292E0));
#3353=CARTESIAN_POINT('',(-7.090958698606E0,5.783786714913E0,
-2.281680304433E0));
#3354=CARTESIAN_POINT('',(-6.684083616689E0,5.760574742370E0,
-3.287976046459E0));
#3355=CARTESIAN_POINT('',(-6.135284563540E0,5.737362769827E0,
-4.224457787854E0));
#3356=CARTESIAN_POINT('',(-5.456214257094E0,5.714150797284E0,
-5.071241096384E0));
#3357=CARTESIAN_POINT('',(-4.661291480861E0,5.690938824741E0,
-5.810346117696E0));
#3358=CARTESIAN_POINT('',(-3.767394928120E0,5.667726852198E0,
-6.426079343779E0));
#3359=CARTESIAN_POINT('',(-2.793504814549E0,5.644514879655E0,
-6.905366835155E0));
#3360=CARTESIAN_POINT('',(-1.760299868956E0,5.621302907112E0,
-7.238031821450E0));
#3361=CARTESIAN_POINT('',(-6.897182592932E-1,5.598090934569E0,
-7.417010786009E0));
#3362=CARTESIAN_POINT('',(3.955082231756E-1,5.574878962026E0,
-7.438503446418E0));
#3363=CARTESIAN_POINT('',(1.472336830796E0,5.551666989483E0,-7.302053446370E0));
#3364=CARTESIAN_POINT('',(2.517903129026E0,5.528455016940E0,-7.010558045535E0));
#3365=CARTESIAN_POINT('',(3.510006479792E0,5.505243044397E0,-6.570206601682E0));
#3366=CARTESIAN_POINT('',(4.427581430371E0,5.482031071854E0,-5.990349151293E0));
#3367=CARTESIAN_POINT('',(5.251144998750E0,5.458819099311E0,-5.283297879078E0));
#3368=CARTESIAN_POINT('',(5.963210358179E0,5.435607126768E0,-4.464065691841E0));
#3369=CARTESIAN_POINT('',(6.548658137121E0,5.412395154226E0,-3.550047447584E0));
#3370=CARTESIAN_POINT('',(6.995057450729E0,5.389183181683E0,-2.560650608336E0));
#3371=CARTESIAN_POINT('',(7.292929847361E0,5.365971209140E0,-1.516883159127E0));
#3372=CARTESIAN_POINT('',(7.435950565706E0,5.342759236597E0,
-4.409075428483E-1));
#3373=CARTESIAN_POINT('',(7.421082829226E0,5.319547264054E0,6.444299176288E-1));
#3374=CARTESIAN_POINT('',(7.248642326401E0,5.296335291511E0,1.716084118240E0));
#3375=CARTESIAN_POINT('',(6.922290507681E0,5.273123318968E0,2.751300493266E0));
#3376=CARTESIAN_POINT('',(6.448956841454E0,5.249911346425E0,3.728098165826E0));
#3377=CARTESIAN_POINT('',(5.838691679793E0,5.226699373882E0,4.625736670552E0));
#3378=CARTESIAN_POINT('',(5.104452858089E0,5.203487401339E0,5.425156338440E0));
#3379=CARTESIAN_POINT('',(4.261830559738E0,5.180275428796E0,6.109382993155E0));
#3380=CARTESIAN_POINT('',(3.328716287850E0,5.157063456253E0,6.663888365810E0));
#3381=CARTESIAN_POINT('',(2.324922972765E0,5.133851483710E0,7.076898575483E0));
#3382=CARTESIAN_POINT('',(1.271764281659E0,5.110639511167E0,7.339644125492E0));
#3383=CARTESIAN_POINT('',(1.916020628174E-1,5.087427538624E0,7.446546107189E0));
#3384=CARTESIAN_POINT('',(-8.926284662383E-1,5.064215566081E0,
7.395334657622E0));
#3385=CARTESIAN_POINT('',(-1.957905705056E0,5.041003593538E0,7.187097155812E0));
#3386=CARTESIAN_POINT('',(-2.981610490730E0,5.017791620995E0,6.826255134298E0));
#3387=CARTESIAN_POINT('',(-3.942006373378E0,4.994579648452E0,6.320470396198E0));
#3388=CARTESIAN_POINT('',(-4.818701148857E0,4.971367675909E0,5.680482331191E0));
#3389=CARTESIAN_POINT('',(-5.593079848948E0,4.948155703366E0,4.919879884739E0));
#3390=CARTESIAN_POINT('',(-6.248699995272E0,4.924943730823E0,4.054813022330E0));
#3391=CARTESIAN_POINT('',(-6.771640724458E0,4.901731758280E0,3.103649815272E0));
#3392=CARTESIAN_POINT('',(-7.150798371551E0,4.878519785737E0,2.086586429168E0));
#3393=CARTESIAN_POINT('',(-7.378122235502E0,4.855307813194E0,1.025218296247E0));
#3394=CARTESIAN_POINT('',(-7.448785520690E0,4.832095840651E0,
-5.791842311513E-2));
#3395=CARTESIAN_POINT('',(-7.361287824870E0,4.808883868109E0,
-1.139825353460E0));
#3396=CARTESIAN_POINT('',(-7.117486997403E0,4.785671895566E0,
-2.197530231595E0));
#3397=CARTESIAN_POINT('',(-6.722559691305E0,4.762459923023E0,
-3.208574679481E0));
#3398=CARTESIAN_POINT('',(-6.184891446742E0,4.739247950480E0,
-4.151491065748E0));
#3399=CARTESIAN_POINT('',(-5.515898639816E0,4.716035977937E0,
-5.006258330554E0));
#3400=CARTESIAN_POINT('',(-4.729786077249E0,4.692824005394E0,
-5.754727095218E0));
#3401=CARTESIAN_POINT('',(-3.843245383968E0,4.669612032851E0,
-6.381005030211E0));
#3402=CARTESIAN_POINT('',(-2.875100587777E0,4.646400060308E0,
-6.871794298953E0));
#3403=CARTESIAN_POINT('',(-1.845908426458E0,4.623188087765E0,
-7.216673912416E0));
#3404=CARTESIAN_POINT('',(-7.775218640099E-1,4.599976115222E0,
-7.408320999241E0));
#3405=CARTESIAN_POINT('',(3.073739159810E-1,4.576764142679E0,
-7.442666293293E0));
#3406=CARTESIAN_POINT('',(1.385743187819E0,4.553552170136E0,-7.318980536413E0));
#3407=CARTESIAN_POINT('',(2.434688803430E0,4.530340197593E0,-7.039889964629E0));
#3408=CARTESIAN_POINT('',(3.431938372844E0,4.507128225050E0,-6.611320538317E0));
#3409=CARTESIAN_POINT('',(4.356317167193E0,4.483916252507E0,-6.042372140345E0));
#3410=CARTESIAN_POINT('',(5.188197759450E0,4.460704279964E0,-5.345125264626E0));
#3411=CARTESIAN_POINT('',(5.909916644962E0,4.437492307421E0,-4.534384854756E0));
#3412=CARTESIAN_POINT('',(6.506149781881E0,4.414280334878E0,-3.627364660325E0));
#3413=CARTESIAN_POINT('',(6.811540689457E0,4.398805686516E0,-2.971339249426E0));
#3414=CARTESIAN_POINT('',(6.939591286112E0,4.391068362335E0,-2.633970730289E0));
#3415=CARTESIAN_POINT('',(7.584826021539E0,7.195534181168E0,-1.391023149627E0));
#3416=CARTESIAN_POINT('',(7.652450669840E0,7.187796856987E0,-1.022286516979E0));
#3417=CARTESIAN_POINT('',(7.733825542584E0,7.172322208625E0,
-2.749362505600E-1));
#3418=CARTESIAN_POINT('',(7.691675053628E0,7.149110236082E0,8.519294826764E-1));
#3419=CARTESIAN_POINT('',(7.486206153577E0,7.125898263539E0,1.960705401352E0));
#3420=CARTESIAN_POINT('',(7.121781749558E0,7.102686290996E0,3.027849605702E0));
#3421=CARTESIAN_POINT('',(6.606139666810E0,7.079474318453E0,4.030703056597E0));
#3422=CARTESIAN_POINT('',(5.950228608763E0,7.056262345910E0,4.947972106008E0));
#3423=CARTESIAN_POINT('',(5.167975612660E0,7.033050373367E0,5.760180250303E0));
#3424=CARTESIAN_POINT('',(4.275990353607E0,7.009838400824E0,6.450081778369E0));
#3425=CARTESIAN_POINT('',(3.293212464323E0,6.986626428281E0,7.003027924821E0));
#3426=CARTESIAN_POINT('',(2.240509388916E0,6.963414455738E0,7.407277916306E0));
#3427=CARTESIAN_POINT('',(1.140233301512E0,6.940202483195E0,7.654248262846E0));
#3428=CARTESIAN_POINT('',(1.574649988732E-2,6.916990510652E0,7.738695012657E0));
#3429=CARTESIAN_POINT('',(-1.109074649111E0,6.893778538109E0,7.658825097485E0));
#3430=CARTESIAN_POINT('',(-2.210346679393E0,6.870566565566E0,7.416334405086E0));
#3431=CARTESIAN_POINT('',(-3.264686146211E0,6.847354593023E0,7.016371770218E0));
#3432=CARTESIAN_POINT('',(-4.249706129722E0,6.824142620480E0,6.467429648800E0));
#3433=CARTESIAN_POINT('',(-5.144491579213E0,6.800930647937E0,5.781163796553E0));
#3434=CARTESIAN_POINT('',(-5.930043404957E0,6.777718675394E0,4.972145780898E0));
#3435=CARTESIAN_POINT('',(-6.589681888218E0,6.754506702851E0,4.057553581072E0));
#3436=CARTESIAN_POINT('',(-7.109400843783E0,6.731294730308E0,3.056806845974E0));
#3437=CARTESIAN_POINT('',(-7.478165015014E0,6.708082757765E0,1.991154554371E0));
#3438=CARTESIAN_POINT('',(-7.688144386814E0,6.684870785222E0,
8.832238327103E-1));
#3439=CARTESIAN_POINT('',(-7.734880441303E0,6.661658812679E0,
-2.434604894461E-1));
#3440=CARTESIAN_POINT('',(-7.617380826075E0,6.638446840137E0,
-1.364975385024E0));
#3441=CARTESIAN_POINT('',(-7.338140424941E0,6.615234867594E0,
-2.457507590022E0));
#3442=CARTESIAN_POINT('',(-6.903088383756E0,6.592022895051E0,
-3.497859233478E0));
#3443=CARTESIAN_POINT('',(-6.321462216128E0,6.568810922508E0,
-4.463940400727E0));
#3444=CARTESIAN_POINT('',(-5.605611662159E0,6.545598949965E0,
-5.335238171276E0));
#3445=CARTESIAN_POINT('',(-4.770736464888E0,6.522386977422E0,
-6.093252172179E0));
#3446=CARTESIAN_POINT('',(-3.834563632276E0,6.499175004879E0,
-6.721887398730E0));
#3447=CARTESIAN_POINT('',(-2.816971037458E0,6.475963032336E0,
-7.207795961686E0));
#3448=CARTESIAN_POINT('',(-1.739565349416E0,6.452751059793E0,
-7.540660504643E0));
#3449=CARTESIAN_POINT('',(-6.252232559132E-1,6.429539087250E0,
-7.713413273735E0));
#3450=CARTESIAN_POINT('',(5.023942800401E-1,6.406327114707E0,
-7.722386188126E0));
#3451=CARTESIAN_POINT('',(1.619344416326E0,6.383115142164E0,-7.567388724817E0));
#3452=CARTESIAN_POINT('',(2.701910813040E0,6.359903169621E0,-7.251711964050E0));
#3453=CARTESIAN_POINT('',(3.727107204456E0,6.336691197078E0,-6.782058709394E0));
#3454=CARTESIAN_POINT('',(4.673165469243E0,6.313479224535E0,-6.168401166287E0));
#3455=CARTESIAN_POINT('',(5.519997835663E0,6.290267251992E0,-5.423769200975E0));
#3456=CARTESIAN_POINT('',(6.249623407712E0,6.267055279449E0,-4.563973675751E0));
#3457=CARTESIAN_POINT('',(6.846549955693E0,6.243843306906E0,-3.607270734971E0));
#3458=CARTESIAN_POINT('',(7.298102864642E0,6.220631334363E0,-2.573974170086E0));
#3459=CARTESIAN_POINT('',(7.594694255992E0,6.197419361820E0,-1.486024094412E0));
#3460=CARTESIAN_POINT('',(7.730026568175E0,6.174207389277E0,
-3.665210859924E-1));
#3461=CARTESIAN_POINT('',(7.701226273528E0,6.150995416734E0,7.607643098193E-1));
#3462=CARTESIAN_POINT('',(7.508904892256E0,6.127783444191E0,1.871896303278E0));
#3463=CARTESIAN_POINT('',(7.157146007951E0,6.104571471648E0,2.943282091822E0));
#3464=CARTESIAN_POINT('',(6.653418560357E0,6.081359499105E0,3.952172808958E0));
#3465=CARTESIAN_POINT('',(6.008418256452E0,6.058147526563E0,4.877146553745E0));
#3466=CARTESIAN_POINT('',(5.235840467184E0,6.034935554020E0,5.698563244658E0));
#3467=CARTESIAN_POINT('',(4.352089431970E0,6.011723581477E0,6.398981639863E0));
#3468=CARTESIAN_POINT('',(3.375929945462E0,5.988511608934E0,6.963529669248E0));
#3469=CARTESIAN_POINT('',(2.328088922347E0,5.965299636391E0,7.380220214927E0));
#3470=CARTESIAN_POINT('',(1.230815300211E0,5.942087663848E0,7.640205635187E0));
#3471=CARTESIAN_POINT('',(1.074076251109E-1,5.918875691305E0,7.737965627556E0));
#3472=CARTESIAN_POINT('',(-1.018280649331E0,5.895663718762E0,7.671424442069E0));
#3473=CARTESIAN_POINT('',(-2.122347645245E0,5.872451746219E0,7.441994955917E0));
#3474=CARTESIAN_POINT('',(-3.181350572033E0,5.849239773676E0,7.054548673657E0));
#3475=CARTESIAN_POINT('',(-4.172803490030E0,5.826027801133E0,6.517312289952E0));
#3476=CARTESIAN_POINT('',(-5.075654757235E0,5.802815828590E0,5.841693011151E0));
#3477=CARTESIAN_POINT('',(-5.870734021417E0,5.779603856047E0,5.042036344668E0));
#3478=CARTESIAN_POINT('',(-6.541159266567E0,5.756391883504E0,4.135321499059E0));
#3479=CARTESIAN_POINT('',(-7.072695270827E0,5.733179910961E0,3.140800862391E0));
#3480=CARTESIAN_POINT('',(-7.454055864707E0,5.709967938418E0,2.079591213916E0));
#3481=CARTESIAN_POINT('',(-7.677143571717E0,5.686755965875E0,
9.742253488903E-1));
#3482=CARTESIAN_POINT('',(-7.737221543077E0,5.663543993332E0,
-1.518263630392E-1));
#3483=CARTESIAN_POINT('',(-7.633014135818E0,5.640332020789E0,
-1.274654327090E0));
#3484=CARTESIAN_POINT('',(-7.366733998662E0,5.617120048246E0,
-2.370417398715E0));
#3485=CARTESIAN_POINT('',(-6.944035090578E0,5.593908075703E0,
-3.415849105565E0));
#3486=CARTESIAN_POINT('',(-6.373892629580E0,5.570696103160E0,
-4.388751667361E0));
#3487=CARTESIAN_POINT('',(-5.668412520809E0,5.547484130617E0,
-5.268467324100E0));
#3488=CARTESIAN_POINT('',(-4.842574310365E0,5.524272158074E0,
-6.036316964819E0));
#3489=CARTESIAN_POINT('',(-3.913913122753E0,5.501060185531E0,
-6.675996743462E0));
#3490=CARTESIAN_POINT('',(-2.902147335424E0,5.477848212988E0,
-7.173924260449E0));
#3491=CARTESIAN_POINT('',(-1.828759896039E0,5.454636240446E0,
-7.519526959444E0));
#3492=CARTESIAN_POINT('',(-7.165421723909E-1,5.431424267903E0,
-7.705466615745E0));
#3493=CARTESIAN_POINT('',(4.108899795158E-1,5.408212295360E0,
-7.727795149712E0));
#3494=CARTESIAN_POINT('',(1.529597653846E0,5.385000322817E0,-7.586038456831E0));
#3495=CARTESIAN_POINT('',(2.615827192673E0,5.361788350274E0,-7.283206474434E0));
#3496=CARTESIAN_POINT('',(3.646514550323E0,5.338576377731E0,-6.825729271327E0));
#3497=CARTESIAN_POINT('',(4.599775015101E0,5.315364405188E0,-6.223320517346E0));
#3498=CARTESIAN_POINT('',(5.455367890072E0,5.292152432645E0,-5.488771231810E0));
#3499=CARTESIAN_POINT('',(6.195126266271E0,5.268940460102E0,-4.637678190230E0));
#3500=CARTESIAN_POINT('',(6.803342762922E0,5.245728487559E0,-3.688112756054E0));
#3501=CARTESIAN_POINT('',(7.267103044192E0,5.222516515016E0,-2.660237169176E0));
#3502=CARTESIAN_POINT('',(7.576560030870E0,5.199304542473E0,-1.575876438617E0));
#3503=CARTESIAN_POINT('',(7.725142984619E0,5.176092569930E0,
-4.580549294140E-1));
#3504=CARTESIAN_POINT('',(7.709697025269E0,5.152880597387E0,6.694925165597E-1));
#3505=CARTESIAN_POINT('',(7.530550118778E0,5.129668624844E0,1.782824545416E0));
#3506=CARTESIAN_POINT('',(7.191506113492E0,5.106456652301E0,2.858301640970E0));
#3507=CARTESIAN_POINT('',(6.699763972562E0,5.083244679758E0,3.873088065502E0));
#3508=CARTESIAN_POINT('',(6.065764917471E0,5.060032707215E0,4.805636733790E0));
#3509=CARTESIAN_POINT('',(5.302970728295E0,5.036820734672E0,5.636146725026E0));
#3510=CARTESIAN_POINT('',(4.427577908066E0,5.013608762129E0,6.346983718206E0));
#3511=CARTESIAN_POINT('',(3.458173780426E0,4.990396789586E0,6.923054423847E0));
#3512=CARTESIAN_POINT('',(2.415341822694E0,4.967184817043E0,7.352127061655E0));
#3513=CARTESIAN_POINT('',(1.321224614356E0,4.943972844500E0,7.625091079429E0));
#3514=CARTESIAN_POINT('',(1.990536809428E-1,4.920760871957E0,7.736150598539E0));
#3515=CARTESIAN_POINT('',(-9.273437838108E-1,4.897548899414E0,
7.682947478527E0));
#3516=CARTESIAN_POINT('',(-2.034050843710E0,4.874336926871E0,7.466611387797E0));
#3517=CARTESIAN_POINT('',(-3.097568651352E0,4.851124954329E0,7.091735817227E0));
#3518=CARTESIAN_POINT('',(-4.095315402051E0,4.827912981786E0,6.566280546009E0));
#3519=CARTESIAN_POINT('',(-5.006105816081E0,4.804701009243E0,5.901402630678E0));
#3520=CARTESIAN_POINT('',(-5.810600968326E0,4.781489036700E0,5.111219505956E0));
#3521=CARTESIAN_POINT('',(-6.491718914067E0,4.758277064157E0,4.212509227517E0));
#3522=CARTESIAN_POINT('',(-7.034997392016E0,4.735065091614E0,3.224354221468E0));
#3523=CARTESIAN_POINT('',(-7.428900903293E0,4.711853119071E0,2.167736104840E0));
#3524=CARTESIAN_POINT('',(-7.665065646094E0,4.688641146528E0,1.065090180330E0));
#3525=CARTESIAN_POINT('',(-7.738477105330E0,4.665429173985E0,
-6.017093524956E-2));
#3526=CARTESIAN_POINT('',(-7.647576526439E0,4.642217201442E0,
-1.184154433945E0));
#3527=CARTESIAN_POINT('',(-7.394294012615E0,4.619005228899E0,
-2.282994635600E0));
#3528=CARTESIAN_POINT('',(-6.984007542691E0,4.595793256356E0,
-3.333359730783E0));
#3529=CARTESIAN_POINT('',(-6.425428779850E0,4.572581283813E0,
-4.312947187974E0));
#3530=CARTESIAN_POINT('',(-5.730418095806E0,4.549369311270E0,
-5.200957305961E0));
#3531=CARTESIAN_POINT('',(-4.913732738073E0,4.526157338727E0,
-5.978534856464E0));
#3532=CARTESIAN_POINT('',(-3.992713487507E0,4.502945366184E0,
-6.629169439519E0));
#3533=CARTESIAN_POINT('',(-2.986916459366E0,4.479733393641E0,
-7.139046050834E0));
#3534=CARTESIAN_POINT('',(-1.917697865915E0,4.456521421098E0,
-7.497338417484E0));
#3535=CARTESIAN_POINT('',(-8.077605573180E-1,4.433309448555E0,
-7.696438873469E0));
#3536=CARTESIAN_POINT('',(3.193280307223E-1,4.410097476012E0,
-7.732119894349E0));
#3537=CARTESIAN_POINT('',(1.439636287422E0,4.386885503469E0,-7.603623860303E0));
#3538=CARTESIAN_POINT('',(2.529376569055E0,4.363673530926E0,-7.313679144609E0));
#3539=CARTESIAN_POINT('',(3.565410287542E0,4.340461558383E0,-6.868442174857E0));
#3540=CARTESIAN_POINT('',(4.525739205169E0,4.317249585840E0,-6.277366738520E0));
#3541=CARTESIAN_POINT('',(5.389972562361E0,4.294037613297E0,-5.553003153406E0));
#3542=CARTESIAN_POINT('',(6.139759901050E0,4.270825640754E0,-4.710732143894E0));
#3543=CARTESIAN_POINT('',(6.759181210291E0,4.247613668212E0,-3.768436921514E0));
#3544=CARTESIAN_POINT('',(7.076449111198E0,4.232139019850E0,-3.086897950006E0));
#3545=CARTESIAN_POINT('',(7.209479738511E0,4.224401695669E0,-2.736408792525E0));
#3546=CARTESIAN_POINT('',(7.868765644219E0,7.028867514501E0,-1.443096405774E0));
#3547=CARTESIAN_POINT('',(7.938921836034E0,7.021130190320E0,-1.060556036554E0));
#3548=CARTESIAN_POINT('',(8.023342994955E0,7.005655541958E0,
-2.852285492921E-1));
#3549=CARTESIAN_POINT('',(7.979614593217E0,6.982443569415E0,8.838216493753E-1));
#3550=CARTESIAN_POINT('',(7.766453919909E0,6.959231596872E0,2.034104837313E0));
#3551=CARTESIAN_POINT('',(7.388387208541E0,6.936019624329E0,3.141197818585E0));
#3552=CARTESIAN_POINT('',(6.853441951535E0,6.912807651786E0,4.181593307972E0));
#3553=CARTESIAN_POINT('',(6.172976719429E0,6.889595679243E0,5.133200525067E0));
#3554=CARTESIAN_POINT('',(5.361439911157E0,6.866383706700E0,5.975813859063E0));
#3555=CARTESIAN_POINT('',(4.436062988647E0,6.843171734157E0,6.691542001874E0));
#3556=CARTESIAN_POINT('',(3.416494593916E0,6.819959761614E0,7.265187808376E0));
#3557=CARTESIAN_POINT('',(2.324383348410E0,6.796747789071E0,7.684570986796E0));
#3558=CARTESIAN_POINT('',(1.182918184788E0,6.773535816528E0,7.940786722328E0));
#3559=CARTESIAN_POINT('',(1.633597355802E-2,6.750323843985E0,8.028394754706E0));
#3560=CARTESIAN_POINT('',(-1.150593101412E0,6.727111871442E0,7.945534891774E0));
#3561=CARTESIAN_POINT('',(-2.293091491252E0,6.703899898899E0,7.693966507216E0));
#3562=CARTESIAN_POINT('',(-3.386900386840E0,6.680687926357E0,7.279031183547E0));
#3563=CARTESIAN_POINT('',(-4.408794809086E0,6.657475953814E0,6.709539293632E0));
#3564=CARTESIAN_POINT('',(-5.337076747777E0,6.634263981271E0,5.997582928961E0));
#3565=CARTESIAN_POINT('',(-6.152035878099E0,6.611052008728E0,5.158279146770E0));
#3566=CARTESIAN_POINT('',(-6.836368072398E0,6.587840036185E0,4.209448987709E0));
#3567=CARTESIAN_POINT('',(-7.375542820847E0,6.564628063642E0,3.171239079487E0));
#3568=CARTESIAN_POINT('',(-7.758111759563E0,6.541416091099E0,2.065693861042E0));
#3569=CARTESIAN_POINT('',(-7.975951755118E0,6.518204118556E0,
9.162875102541E-1));
#3570=CARTESIAN_POINT('',(-8.024437384039E0,6.494992146013E0,
-2.525744861699E-1));
#3571=CARTESIAN_POINT('',(-7.902539144990E0,6.471780173470E0,
-1.416073537400E0));
#3572=CARTESIAN_POINT('',(-7.612845318305E0,6.448568200927E0,
-2.549504924682E0));
#3573=CARTESIAN_POINT('',(-7.161507008711E0,6.425356228384E0,
-3.628802359678E0));
#3574=CARTESIAN_POINT('',(-6.558107538161E0,6.402144255841E0,
-4.631048986929E0));
#3575=CARTESIAN_POINT('',(-5.815458961981E0,6.378932283298E0,
-5.534963980274E0));
#3576=CARTESIAN_POINT('',(-4.949330028920E0,6.355720310755E0,
-6.321354401254E0));
#3577=CARTESIAN_POINT('',(-3.978111361360E0,6.332508338212E0,
-6.973522725140E0));
#3578=CARTESIAN_POINT('',(-2.922424964971E0,6.309296365669E0,
-7.477621381531E0));
#3579=CARTESIAN_POINT('',(-1.804686359119E0,6.286084393126E0,
-7.822946781529E0));
#3580=CARTESIAN_POINT('',(-6.486286253799E-1,6.262872420583E0,
-8.002166588353E0));
#3581=CARTESIAN_POINT('',(5.212015199038E-1,6.239660448040E0,
-8.011475405758E0));
#3582=CARTESIAN_POINT('',(1.679964929078E0,6.216448475497E0,-7.850675578476E0));
#3583=CARTESIAN_POINT('',(2.803057435862E0,6.193236502954E0,-7.523181389059E0));
#3584=CARTESIAN_POINT('',(3.866632278640E0,6.170024530411E0,-7.035946561992E0));
#3585=CARTESIAN_POINT('',(4.848106441691E0,6.146812557868E0,-6.399316614409E0));
#3586=CARTESIAN_POINT('',(5.726640163147E0,6.123600585325E0,-5.626809188452E0));
#3587=CARTESIAN_POINT('',(6.483579428224E0,6.100388612782E0,-4.734827029504E0));
#3588=CARTESIAN_POINT('',(7.102852052215E0,6.077176640240E0,-3.742309704682E0));
#3589=CARTESIAN_POINT('',(7.571308943171E0,6.053964667697E0,-2.670331456670E0));
#3590=CARTESIAN_POINT('',(7.879003298189E0,6.030752695154E0,-1.541653731725E0));
#3591=CARTESIAN_POINT('',(8.019401805108E0,6.007540722611E0,
-3.802418830899E-1));
#3592=CARTESIAN_POINT('',(7.989523365125E0,5.984328750068E0,7.892436883133E-1));
#3593=CARTESIAN_POINT('',(7.790002390840E0,5.961116777525E0,1.941971151210E0));
#3594=CARTESIAN_POINT('',(7.425075335689E0,5.937904804982E0,3.053464501309E0));
#3595=CARTESIAN_POINT('',(6.902490740813E0,5.914692832439E0,4.100123263320E0));
#3596=CARTESIAN_POINT('',(6.233344709319E0,5.891480859896E0,5.059723602749E0));
#3597=CARTESIAN_POINT('',(5.431845301368E0,5.868268887353E0,5.911890207322E0));
#3598=CARTESIAN_POINT('',(4.515010852669E0,5.845056914810E0,6.638528918495E0));
#3599=CARTESIAN_POINT('',(3.502308622071E0,5.821844942267E0,7.224210926959E0));
#3600=CARTESIAN_POINT('',(2.415241440849E0,5.798632969724E0,7.656500374442E0));
#3601=CARTESIAN_POINT('',(1.276891140440E0,5.775420997181E0,7.926218405828E0));
#3602=CARTESIAN_POINT('',(1.114284530719E-1,5.752209024638E0,8.027638064915E0));
#3603=CARTESIAN_POINT('',(-1.056400208373E0,5.728997052095E0,7.958605895580E0));
#3604=CARTESIAN_POINT('',(-2.201798193995E0,5.705785079552E0,7.720587666385E0));
#3605=CARTESIAN_POINT('',(-3.300445127197E0,5.682573107009E0,7.318637247724E0));
#3606=CARTESIAN_POINT('',(-4.329013302241E0,5.659361134466E0,6.761289302377E0));
#3607=CARTESIAN_POINT('',(-5.265663004297E0,5.636149161923E0,6.060378067959E0));
#3608=CARTESIAN_POINT('',(-6.090506234802E0,5.612937189380E0,5.230786079095E0));
#3609=CARTESIAN_POINT('',(-6.786028995782E0,5.589725216837E0,4.290128164732E0));
#3610=CARTESIAN_POINT('',(-7.337463166732E0,5.566513244294E0,3.258377430298E0));
#3611=CARTESIAN_POINT('',(-7.733100077936E0,5.543301271751E0,2.157441166298E0));
#3612=CARTESIAN_POINT('',(-7.964539122099E0,5.520089299208E0,1.010695688115E0));
#3613=CARTESIAN_POINT('',(-8.026866125470E0,5.496877326665E0,
-1.575100161793E-1));
#3614=CARTESIAN_POINT('',(-7.918757691106E0,5.473665354123E0,
-1.322371290888E0));
#3615=CARTESIAN_POINT('',(-7.642509298718E0,5.450453381580E0,
-2.459154492997E0));
#3616=CARTESIAN_POINT('',(-7.203986564468E0,5.427241409037E0,
-3.543722164672E0));
#3617=CARTESIAN_POINT('',(-6.612500695619E0,5.404029436494E0,
-4.553045546868E0));
#3618=CARTESIAN_POINT('',(-5.880610784524E0,5.380817463951E0,
-5.465693551815E0));
#3619=CARTESIAN_POINT('',(-5.023857139870E0,5.357605491408E0,
-6.262287811942E0));
#3620=CARTESIAN_POINT('',(-4.060431317385E0,5.334393518865E0,
-6.925914143145E0));
#3621=CARTESIAN_POINT('',(-3.010789856299E0,5.311181546322E0,
-7.442481685743E0));
#3622=CARTESIAN_POINT('',(-1.897219923122E0,5.287969573779E0,
-7.801022097439E0));
#3623=CARTESIAN_POINT('',(-7.433660854886E-1,5.264757601236E0,
-7.993922445481E0));
#3624=CARTESIAN_POINT('',(4.262717358561E-1,5.241545628693E0,
-8.017086853005E0));
#3625=CARTESIAN_POINT('',(1.586858476896E0,5.218333656150E0,-7.870023467292E0));
#3626=CARTESIAN_POINT('',(2.713751256320E0,5.195121683607E0,-7.555854903334E0));
#3627=CARTESIAN_POINT('',(3.783022620854E0,5.171909711064E0,-7.081251940972E0));
#3628=CARTESIAN_POINT('',(4.771968599831E0,5.148697738521E0,-6.456291883399E0));
#3629=CARTESIAN_POINT('',(5.659590781393E0,5.125485765978E0,-5.694244584542E0));
#3630=CARTESIAN_POINT('',(6.427042174362E0,5.102273793435E0,-4.811290688619E0));
#3631=CARTESIAN_POINT('',(7.058027388724E0,5.079061820892E0,-3.826178064524E0));
#3632=CARTESIAN_POINT('',(7.539148637655E0,5.055849848349E0,-2.759823730016E0));
#3633=CARTESIAN_POINT('',(7.860190214380E0,5.032637875806E0,-1.634869718107E0));
#3634=CARTESIAN_POINT('',(8.014335403532E0,5.009425903263E0,
-4.752023159796E-1));
#3635=CARTESIAN_POINT('',(7.998311221312E0,4.986213930720E0,6.945551154907E-1));
#3636=CARTESIAN_POINT('',(7.812457911156E0,4.963001958177E0,1.849564972592E0));
#3637=CARTESIAN_POINT('',(7.460721719304E0,4.939789985634E0,2.965302788675E0));
#3638=CARTESIAN_POINT('',(6.950571103669E0,4.916578013091E0,4.018077965179E0));
#3639=CARTESIAN_POINT('',(6.292838155148E0,4.893366040548E0,4.985536797029E0));
#3640=CARTESIAN_POINT('',(5.501488598500E0,4.870154068006E0,5.847137111612E0));
#3641=CARTESIAN_POINT('',(4.593325256394E0,4.846942095463E0,6.584584443257E0));
#3642=CARTESIAN_POINT('',(3.587631273003E0,4.823730122920E0,7.182220481884E0));
#3643=CARTESIAN_POINT('',(2.505760672623E0,4.800518150377E0,7.627355547826E0));
#3644=CARTESIAN_POINT('',(1.370684947053E0,4.777306177834E0,7.910538033367E0));
#3645=CARTESIAN_POINT('',(2.065052990681E-1,4.754094205291E0,8.025755089889E0));
#3646=CARTESIAN_POINT('',(-9.620591013833E-1,4.730882232748E0,
7.970560299431E0));
#3647=CARTESIAN_POINT('',(-2.110195982363E0,4.707670260205E0,7.746125619782E0));
#3648=CARTESIAN_POINT('',(-3.213526811973E0,4.684458287662E0,7.357216500155E0));
#3649=CARTESIAN_POINT('',(-4.248624430724E0,4.661246315119E0,6.812090695820E0));
#3650=CARTESIAN_POINT('',(-5.193510483304E0,4.638034342576E0,6.122322930166E0));
#3651=CARTESIAN_POINT('',(-6.028122087704E0,4.614822370033E0,5.302559127172E0));
#3652=CARTESIAN_POINT('',(-6.734737832862E0,4.591610397490E0,4.370205432704E0));
#3653=CARTESIAN_POINT('',(-7.298354059575E0,4.568398424947E0,3.345058627664E0));
#3654=CARTESIAN_POINT('',(-7.707003435034E0,4.545186452404E0,2.248885780513E0));
#3655=CARTESIAN_POINT('',(-7.952009056687E0,4.521974479861E0,1.104962064413E0));
#3656=CARTESIAN_POINT('',(-8.028168689971E0,4.498762507318E0,
-6.242344738399E-2));
#3657=CARTESIAN_POINT('',(-7.933865228008E0,4.475550534775E0,
-1.228483514429E0));
#3658=CARTESIAN_POINT('',(-7.671101027827E0,4.452338562232E0,
-2.368459039605E0));
#3659=CARTESIAN_POINT('',(-7.245455394077E0,4.429126589689E0,
-3.458144782085E0));
#3660=CARTESIAN_POINT('',(-6.665966112958E0,4.405914617146E0,
-4.474403310199E0));
#3661=CARTESIAN_POINT('',(-5.944937551797E0,4.382702644603E0,
-5.395656281367E0));
#3662=CARTESIAN_POINT('',(-5.097679398898E0,4.359490672060E0,
-6.202342617710E0));
#3663=CARTESIAN_POINT('',(-4.142181591045E0,4.336278699517E0,
-6.877333848827E0));
#3664=CARTESIAN_POINT('',(-3.098732330955E0,4.313066726974E0,
-7.406297802715E0));
#3665=CARTESIAN_POINT('',(-1.989487305371E0,4.289854754431E0,
-7.778002922553E0));
#3666=CARTESIAN_POINT('',(-8.379992506261E-1,4.266642781889E0,
-7.984556747696E0));
#3667=CARTESIAN_POINT('',(3.312821454636E-1,4.243430809346E0,
-8.021573495405E0));
#3668=CARTESIAN_POINT('',(1.493529387025E0,4.220218836803E0,-7.888267184193E0));
#3669=CARTESIAN_POINT('',(2.624064334680E0,4.197006864260E0,-7.587468324588E0));
#3670=CARTESIAN_POINT('',(3.698882202239E0,4.173794891717E0,-7.125563811397E0));
#3671=CARTESIAN_POINT('',(4.695161243145E0,4.150582919174E0,-6.512361336695E0));
#3672=CARTESIAN_POINT('',(5.591747365272E0,4.127370946631E0,-5.760881042185E0));
#3673=CARTESIAN_POINT('',(6.369603157138E0,4.104158974088E0,-4.887079433032E0));
#3674=CARTESIAN_POINT('',(7.012212638702E0,4.080947001545E0,-3.909509182704E0));
#3675=CARTESIAN_POINT('',(7.341357532940E0,4.065472353183E0,-3.202456650586E0));
#3676=CARTESIAN_POINT('',(7.479368190911E0,4.057735029002E0,-2.838846854762E0));
#3677=B_SPLINE_SURFACE_WITH_KNOTS('',3,3,((#3153,#3154,#3155,#3156,#3157,#3158,
#3159,#3160,#3161,#3162,#3163,#3164,#3165,#3166,#3167,#3168,#3169,#3170,#3171,
#3172,#3173,#3174,#3175,#3176,#3177,#3178,#3179,#3180,#3181,#3182,#3183,#3184,
#3185,#3186,#3187,#3188,#3189,#3190,#3191,#3192,#3193,#3194,#3195,#3196,#3197,
#3198,#3199,#3200,#3201,#3202,#3203,#3204,#3205,#3206,#3207,#3208,#3209,#3210,
#3211,#3212,#3213,#3214,#3215,#3216,#3217,#3218,#3219,#3220,#3221,#3222,#3223,
#3224,#3225,#3226,#3227,#3228,#3229,#3230,#3231,#3232,#3233,#3234,#3235,#3236,
#3237,#3238,#3239,#3240,#3241,#3242,#3243,#3244,#3245,#3246,#3247,#3248,#3249,
#3250,#3251,#3252,#3253,#3254,#3255,#3256,#3257,#3258,#3259,#3260,#3261,#3262,
#3263,#3264,#3265,#3266,#3267,#3268,#3269,#3270,#3271,#3272,#3273,#3274,#3275,
#3276,#3277,#3278,#3279,#3280,#3281,#3282,#3283),(#3284,#3285,#3286,#3287,#3288,
#3289,#3290,#3291,#3292,#3293,#3294,#3295,#3296,#3297,#3298,#3299,#3300,#3301,
#3302,#3303,#3304,#3305,#3306,#3307,#3308,#3309,#3310,#3311,#3312,#3313,#3314,
#3315,#3316,#3317,#3318,#3319,#3320,#3321,#3322,#3323,#3324,#3325,#3326,#3327,
#3328,#3329,#3330,#3331,#3332,#3333,#3334,#3335,#3336,#3337,#3338,#3339,#3340,
#3341,#3342,#3343,#3344,#3345,#3346,#3347,#3348,#3349,#3350,#3351,#3352,#3353,
#3354,#3355,#3356,#3357,#3358,#3359,#3360,#3361,#3362,#3363,#3364,#3365,#3366,
#3367,#3368,#3369,#3370,#3371,#3372,#3373,#3374,#3375,#3376,#3377,#3378,#3379,
#3380,#3381,#3382,#3383,#3384,#3385,#3386,#3387,#3388,#3389,#3390,#3391,#3392,
#3393,#3394,#3395,#3396,#3397,#3398,#3399,#3400,#3401,#3402,#3403,#3404,#3405,
#3406,#3407,#3408,#3409,#3410,#3411,#3412,#3413,#3414),(#3415,#3416,#3417,#3418,
#3419,#3420,#3421,#3422,#3423,#3424,#3425,#3426,#3427,#3428,#3429,#3430,#3431,
#3432,#3433,#3434,#3435,#3436,#3437,#3438,#3439,#3440,#3441,#3442,#3443,#3444,
#3445,#3446,#3447,#3448,#3449,#3450,#3451,#3452,#3453,#3454,#3455,#3456,#3457,
#3458,#3459,#3460,#3461,#3462,#3463,#3464,#3465,#3466,#3467,#3468,#3469,#3470,
#3471,#3472,#3473,#3474,#3475,#3476,#3477,#3478,#3479,#3480,#3481,#3482,#3483,
#3484,#3485,#3486,#3487,#3488,#3489,#3490,#3491,#3492,#3493,#3494,#3495,#3496,
#3497,#3498,#3499,#3500,#3501,#3502,#3503,#3504,#3505,#3506,#3507,#3508,#3509,
#3510,#3511,#3512,#3513,#3514,#3515,#3516,#3517,#3518,#3519,#3520,#3521,#3522,
#3523,#3524,#3525,#3526,#3527,#3528,#3529,#3530,#3531,#3532,#3533,#3534,#3535,
#3536,#3537,#3538,#3539,#3540,#3541,#3542,#3543,#3544,#3545),(#3546,#3547,#3548,
#3549,#3550,#3551,#3552,#3553,#3554,#3555,#3556,#3557,#3558,#3559,#3560,#3561,
#3562,#3563,#3564,#3565,#3566,#3567,#3568,#3569,#3570,#3571,#3572,#3573,#3574,
#3575,#3576,#3577,#3578,#3579,#3580,#3581,#3582,#3583,#3584,#3585,#3586,#3587,
#3588,#3589,#3590,#3591,#3592,#3593,#3594,#3595,#3596,#3597,#3598,#3599,#3600,
#3601,#3602,#3603,#3604,#3605,#3606,#3607,#3608,#3609,#3610,#3611,#3612,#3613,
#3614,#3615,#3616,#3617,#3618,#3619,#3620,#3621,#3622,#3623,#3624,#3625,#3626,
#3627,#3628,#3629,#3630,#3631,#3632,#3633,#3634,#3635,#3636,#3637,#3638,#3639,
#3640,#3641,#3642,#3643,#3644,#3645,#3646,#3647,#3648,#3649,#3650,#3651,#3652,
#3653,#3654,#3655,#3656,#3657,#3658,#3659,#3660,#3661,#3662,#3663,#3664,#3665,
#3666,#3667,#3668,#3669,#3670,#3671,#3672,#3673,#3674,#3675,#3676)),
.UNSPECIFIED.,.F.,.F.,.F.,(4,4),(4,1,1,1,1,1,1,1,1,1,1,1,1,1,1,1,1,1,1,1,1,1,1,
1,1,1,1,1,1,1,1,1,1,1,1,1,1,1,1,1,1,1,1,1,1,1,1,1,1,1,1,1,1,1,1,1,1,1,1,1,1,1,1,
1,1,1,1,1,1,1,1,1,1,1,1,1,1,1,1,1,1,1,1,1,1,1,1,1,1,1,1,1,1,1,1,1,1,1,1,1,1,1,1,
1,1,1,1,1,1,1,1,1,1,1,1,1,1,1,1,1,1,1,1,1,1,1,1,1,4),(0.E0,1.E0),(0.E0,
7.8125E-3,1.5625E-2,2.34375E-2,3.125E-2,3.90625E-2,4.6875E-2,5.46875E-2,6.25E-2,
7.03125E-2,7.8125E-2,8.59375E-2,9.375E-2,1.015625E-1,1.09375E-1,1.171875E-1,
1.25E-1,1.328125E-1,1.40625E-1,1.484375E-1,1.5625E-1,1.640625E-1,1.71875E-1,
1.796875E-1,1.875E-1,1.953125E-1,2.03125E-1,2.109375E-1,2.1875E-1,2.265625E-1,
2.34375E-1,2.421875E-1,2.5E-1,2.578125E-1,2.65625E-1,2.734375E-1,2.8125E-1,
2.890625E-1,2.96875E-1,3.046875E-1,3.125E-1,3.203125E-1,3.28125E-1,3.359375E-1,
3.4375E-1,3.515625E-1,3.59375E-1,3.671875E-1,3.75E-1,3.828125E-1,3.90625E-1,
3.984375E-1,4.0625E-1,4.140625E-1,4.21875E-1,4.296875E-1,4.375E-1,4.453125E-1,
4.53125E-1,4.609375E-1,4.6875E-1,4.765625E-1,4.84375E-1,4.921875E-1,5.E-1,
5.078125E-1,5.15625E-1,5.234375E-1,5.3125E-1,5.390625E-1,5.46875E-1,5.546875E-1,
5.625E-1,5.703125E-1,5.78125E-1,5.859375E-1,5.9375E-1,6.015625E-1,6.09375E-1,
6.171875E-1,6.25E-1,6.328125E-1,6.40625E-1,6.484375E-1,6.5625E-1,6.640625E-1,
6.71875E-1,6.796875E-1,6.875E-1,6.953125E-1,7.03125E-1,7.109375E-1,7.1875E-1,
7.265625E-1,7.34375E-1,7.421875E-1,7.5E-1,7.578125E-1,7.65625E-1,7.734375E-1,
7.8125E-1,7.890625E-1,7.96875E-1,8.046875E-1,8.125E-1,8.203125E-1,8.28125E-1,
8.359375E-1,8.4375E-1,8.515625E-1,8.59375E-1,8.671875E-1,8.75E-1,8.828125E-1,
8.90625E-1,8.984375E-1,9.0625E-1,9.140625E-1,9.21875E-1,9.296875E-1,9.375E-1,
9.453125E-1,9.53125E-1,9.609375E-1,9.6875E-1,9.765625E-1,9.84375E-1,9.921875E-1,
1.E0),.UNSPECIFIED.);
#3678=ORIENTED_EDGE('',*,*,#3145,.T.);
#3679=ORIENTED_EDGE('',*,*,#3143,.T.);
#3680=ORIENTED_EDGE('',*,*,#3141,.T.);
#3681=ORIENTED_EDGE('',*,*,#3139,.T.);
#3683=ORIENTED_EDGE('',*,*,#3682,.T.);
#3685=ORIENTED_EDGE('',*,*,#3684,.F.);
#3687=ORIENTED_EDGE('',*,*,#3686,.F.);
#3689=ORIENTED_EDGE('',*,*,#3688,.F.);
#3690=ORIENTED_EDGE('',*,*,#3135,.F.);
#3691=ORIENTED_EDGE('',*,*,#2600,.T.);
#3692=ORIENTED_EDGE('',*,*,#3147,.F.);
#3693=EDGE_LOOP('',(#3678,#3679,#3680,#3681,#3683,#3685,#3687,#3689,#3690,#3691,
#3692));
#3694=FACE_OUTER_BOUND('',#3693,.F.);
#3695=ADVANCED_FACE('',(#3694),#3677,.F.);
#3696=CARTESIAN_POINT('',(7.479368190911E0,5.057735029002E0,-2.838846854762E0));
#3697=CARTESIAN_POINT('',(7.617378848882E0,5.049997704821E0,-2.475237058938E0));
#3698=CARTESIAN_POINT('',(7.840274177022E0,5.034523056459E0,-1.727856755966E0));
#3699=CARTESIAN_POINT('',(8.008144626347E0,5.011311083916E0,
-5.700959635886E-1));
#3700=CARTESIAN_POINT('',(8.005976895260E0,4.988099111373E0,5.997690653952E-1));
#3701=CARTESIAN_POINT('',(7.833817339322E0,4.964887138830E0,1.756899306434E0));
#3702=CARTESIAN_POINT('',(7.495321355754E0,4.941675166287E0,2.876725039054E0));
#3703=CARTESIAN_POINT('',(6.997676295031E0,4.918463193744E0,3.935468927475E0));
#3704=CARTESIAN_POINT('',(6.351448709755E0,4.895251221201E0,4.910650515610E0));
#3705=CARTESIAN_POINT('',(5.570360031581E0,4.872039248658E0,5.781563657062E0));
#3706=CARTESIAN_POINT('',(4.670995212225E0,4.848827276115E0,6.529716144566E0));
#3707=CARTESIAN_POINT('',(3.672450575865E0,4.825615303572E0,7.139222364467E0));
#3708=CARTESIAN_POINT('',(2.595928343799E0,4.802403331029E0,7.597140595992E0));
#3709=CARTESIAN_POINT('',(1.464286445268E0,4.779191358486E0,7.893747804917E0));
#3710=CARTESIAN_POINT('',(3.015531721750E-1,4.755979385943E0,8.022746093812E0));
#3711=CARTESIAN_POINT('',(-8.675830165887E-1,4.732767413400E0,
7.981396426112E0));
#3712=CARTESIAN_POINT('',(-2.018297708234E0,4.709555440857E0,7.770576784407E0));
#3713=CARTESIAN_POINT('',(-3.126157635889E0,4.686343468315E0,7.394763528132E0));
#3714=CARTESIAN_POINT('',(-4.167639473169E0,4.663131495772E0,6.861936346477E0));
#3715=CARTESIAN_POINT('',(-5.120629307864E0,4.639919523229E0,6.183408824659E0));
#3716=CARTESIAN_POINT('',(-5.964892189358E0,4.616707550686E0,5.373588221175E0));
#3717=CARTESIAN_POINT('',(-6.682501779837E0,4.593495578143E0,4.449669556708E0));
#3718=CARTESIAN_POINT('',(-7.258220986420E0,4.570283605600E0,3.431270510133E0));
#3719=CARTESIAN_POINT('',(-7.679825492240E0,4.547071633057E0,2.340014873919E0));
#3720=CARTESIAN_POINT('',(-7.938363316862E0,4.523859660514E0,1.199073413485E0));
#3721=CARTESIAN_POINT('',(-8.028344894791E0,4.500647687971E0,
3.267187948021E-2));
#3722=CARTESIAN_POINT('',(-7.947859636093E0,4.477435715428E0,
-1.134423380569E0));
#3723=CARTESIAN_POINT('',(-7.698616494187E0,4.454223742885E0,
-2.277431289163E0));
#3724=CARTESIAN_POINT('',(-7.285907679422E0,4.431011770342E0,
-3.372082218506E0));
#3725=CARTESIAN_POINT('',(-6.718496288928E0,4.407799797799E0,
-4.395133310501E0));
#3726=CARTESIAN_POINT('',(-6.008430238692E0,4.384587825256E0,
-5.324861995225E0));
#3727=CARTESIAN_POINT('',(-5.170786448672E0,4.361375852713E0,
-6.141527228927E0));
#3728=CARTESIAN_POINT('',(-4.223350712700E0,4.338163880170E0,
-6.827788658047E0));
#3729=CARTESIAN_POINT('',(-3.186240050526E0,4.314951907627E0,
-7.369074809082E0));
#3730=CARTESIAN_POINT('',(-2.081475560663E0,4.291739935084E0,
-7.753892486473E0));
#3731=CARTESIAN_POINT('',(-9.325148436825E-1,4.268527962541E0,
-7.974070809049E0));
#3732=CARTESIAN_POINT('',(2.362460759039E-1,4.245315989998E0,
-8.024934703351E0));
#3733=CARTESIAN_POINT('',(1.399990753444E0,4.222104017455E0,-7.905404170040E0));
#3734=CARTESIAN_POINT('',(2.534009254770E0,4.198892044912E0,-7.618017215664E0));
#3735=CARTESIAN_POINT('',(3.614222825279E0,4.175680072369E0,-7.168875962845E0));
#3736=CARTESIAN_POINT('',(4.617695157094E0,4.152468099826E0,-6.567517083158E0));
#3737=CARTESIAN_POINT('',(5.523119398518E0,4.129256127283E0,-5.826709303813E0));
#3738=CARTESIAN_POINT('',(6.311270565040E0,4.106044154740E0,-4.962182287691E0));
#3739=CARTESIAN_POINT('',(6.965413745806E0,4.082832182198E0,-3.992292643477E0));
#3740=CARTESIAN_POINT('',(7.471659438035E0,4.059620209655E0,-2.937634157522E0));
#3741=CARTESIAN_POINT('',(7.819258464551E0,4.036408237112E0,-1.820600523445E0));
#3742=CARTESIAN_POINT('',(8.000830212383E0,4.013196264569E0,
-6.649098540675E-1));
#3743=CARTESIAN_POINT('',(8.012519346231E0,3.989984292026E0,5.048989281896E-1));
#3744=CARTESIAN_POINT('',(7.854077669276E0,3.966772319483E0,1.663987129277E0));
#3745=CARTESIAN_POINT('',(7.528869393171E0,3.943560346940E0,2.787743686565E0));
#3746=CARTESIAN_POINT('',(7.043799705325E0,3.920348374397E0,3.852307738574E0));
#3747=CARTESIAN_POINT('',(6.409168150204E0,3.897136401854E0,4.835075265581E0));
#3748=CARTESIAN_POINT('',(5.638449937833E0,3.873924429311E0,5.715179043562E0));
#3749=CARTESIAN_POINT('',(4.748009823006E0,3.850712456768E0,6.473931720528E0));
#3750=CARTESIAN_POINT('',(3.756754630426E0,3.827500484225E0,7.095222607374E0));
#3751=CARTESIAN_POINT('',(2.685731803766E0,3.804288511682E0,7.565859758128E0));
#3752=CARTESIAN_POINT('',(1.557682502706E0,3.781076539139E0,7.875850076162E0));
#3753=CARTESIAN_POINT('',(3.965587370858E-1,3.757864566596E0,8.018611498848E0));
#3754=CARTESIAN_POINT('',(-7.729852090741E-1,3.734652594053E0,
7.991112755303E0));
#3755=CARTESIAN_POINT('',(-1.926116265021E0,3.711440621510E0,7.793937729738E0));
#3756=CARTESIAN_POINT('',(-3.038349856923E0,3.688228648967E0,7.431273063773E0));
#3757=CARTESIAN_POINT('',(-4.086069791844E0,3.665016676424E0,6.910819260956E0));
#3758=CARTESIAN_POINT('',(-5.047029703275E0,3.641804703881E0,6.243627181029E0));
#3759=CARTESIAN_POINT('',(-5.900825410982E0,3.618592731338E0,5.443863395653E0));
#3760=CARTESIAN_POINT('',(-6.629328165473E0,3.595380758795E0,4.528509387854E0));
#3761=CARTESIAN_POINT('',(-7.217069577978E0,3.572168786252E0,3.517000982094E0));
#3762=CARTESIAN_POINT('',(-7.651570062645E0,3.548956813709E0,2.430815661019E0));
#3763=CARTESIAN_POINT('',(-7.923603817134E0,3.525744841166E0,1.293016531420E0));
#3764=CARTESIAN_POINT('',(-8.027394715206E0,3.502532868623E0,
1.277626224487E-1));
#3765=CARTESIAN_POINT('',(-7.960738951933E0,3.479320896081E0,
-1.040204086032E0));
#3766=CARTESIAN_POINT('',(-7.725051837350E0,3.456108923538E0,
-2.186084012950E0));
#3767=CARTESIAN_POINT('',(-7.325337745009E0,3.432896950995E0,
-3.285546548592E0));
#3768=CARTESIAN_POINT('',(-6.770083853497E0,3.409684978452E0,
-4.315246669432E0));
#3769=CARTESIAN_POINT('',(-6.071079937126E0,3.386473005909E0,
-5.253320625895E0));
#3770=CARTESIAN_POINT('',(-5.243168032203E0,3.363261033366E0,
-6.079850178048E0));
#3771=CARTESIAN_POINT('',(-4.303927294243E0,3.340049060823E0,
-6.777285522043E0));
#3772=CARTESIAN_POINT('',(-3.273300737596E0,3.316837088280E0,
-7.330817927263E0));
#3773=CARTESIAN_POINT('',(-2.173171782960E0,3.293625115737E0,
-7.728694171926E0));
#3774=CARTESIAN_POINT('',(-1.026899604018E0,3.270413143194E0,
-7.962466100693E0));
#3775=CARTESIAN_POINT('',(1.411768607797E-1,3.247201170651E0,
-8.027170005388E0));
#3776=CARTESIAN_POINT('',(1.306255699892E0,3.223989198108E0,-7.921432020028E0));
#3777=CARTESIAN_POINT('',(2.443598650736E0,3.200777225565E0,-7.647497292287E0));
#3778=CARTESIAN_POINT('',(3.529056370260E0,3.177565253022E0,-7.211182312003E0));
#3779=CARTESIAN_POINT('',(4.539581200927E0,3.154353280479E0,-6.621751408926E0));
#3780=CARTESIAN_POINT('',(5.453716544461E0,3.131141307936E0,-5.891720042067E0));
#3781=CARTESIAN_POINT('',(6.252052452448E0,3.107929335393E0,-5.036589057413E0));
#3782=CARTESIAN_POINT('',(6.917637760161E0,3.084717362850E0,-4.074515556556E0));
#3783=CARTESIAN_POINT('',(7.436340012729E0,3.061505390307E0,-3.025927364711E0));
#3784=CARTESIAN_POINT('',(7.797145541295E0,3.038293417764E0,-1.913089284192E0));
#3785=CARTESIAN_POINT('',(7.992393317601E0,3.015081445221E0,
-7.596303431180E-1));
#3786=CARTESIAN_POINT('',(8.017937621550E0,2.991869472678E0,4.099579226540E-1));
#3787=CARTESIAN_POINT('',(7.873236067788E0,2.968657500135E0,1.570841501328E0));
#3788=CARTESIAN_POINT('',(7.561361122241E0,2.945445527592E0,2.698371208802E0));
#3789=CARTESIAN_POINT('',(7.088934864063E0,2.922233555049E0,3.768606067830E0));
#3790=CARTESIAN_POINT('',(6.465988378222E0,2.899021582506E0,4.758821649749E0));
#3791=CARTESIAN_POINT('',(5.705748764227E0,2.875809609964E0,5.647992585064E0));
#3792=CARTESIAN_POINT('',(4.824358283501E0,2.852597637421E0,6.417238997718E0));
#3793=CARTESIAN_POINT('',(3.840531608750E0,2.829385664878E0,7.050227383823E0));
#3794=CARTESIAN_POINT('',(2.775158453013E0,2.806173692335E0,7.533517422963E0));
#3795=CARTESIAN_POINT('',(1.650860015812E0,2.782961719792E0,7.856847358172E0));
#3796=CARTESIAN_POINT('',(4.915086644297E-1,2.759749747249E0,8.013351885086E0));
#3797=CARTESIAN_POINT('',(-6.782789510015E-1,2.736537774706E0,
7.999707923796E0));
#3798=CARTESIAN_POINT('',(-1.833664585870E0,2.713325802163E0,7.816205178214E0));
#3799=CARTESIAN_POINT('',(-2.950115794591E0,2.690113829620E0,7.466739984754E0));
#3800=CARTESIAN_POINT('',(-4.003926831051E0,2.666901857077E0,6.958732580938E0));
#3801=CARTESIAN_POINT('',(-4.972721995632E0,2.643689884534E0,6.302969550583E0));
#3802=CARTESIAN_POINT('',(-5.835930741203E0,2.620477911991E0,5.513374790934E0));
#3803=CARTESIAN_POINT('',(-6.575224450080E0,2.597265939448E0,4.606713864837E0));
#3804=CARTESIAN_POINT('',(-7.174905607828E0,2.574053966905E0,3.602238015482E0));
#3805=CARTESIAN_POINT('',(-7.622241110513E0,2.550841994362E0,2.521275402375E0));
#3806=CARTESIAN_POINT('',(-7.907732628275E0,2.527630021819E0,1.386778237909E0));
#3807=CARTESIAN_POINT('',(-8.025318284530E0,2.504418049276E0,2.228354402E-1));
#3808=CARTESIAN_POINT('',(-7.972501368547E0,2.481206076733E0,
-9.458388498748E-1));
#3809=CARTESIAN_POINT('',(-7.750403348413E0,2.457994104190E0,
-2.094430027078E0));
#3810=CARTESIAN_POINT('',(-7.363740058762E0,2.434782131647E0,
-3.198549913382E0));
#3811=CARTESIAN_POINT('',(-6.820721568880E0,2.411570159104E0,
-4.234754595161E0));
#3812=CARTESIAN_POINT('',(-6.132877857286E0,2.388358186561E0,
-5.181042210698E0));
#3813=CARTESIAN_POINT('',(-5.314813994285E0,2.365146214018E0,
-6.017320118422E0));
#3814=CARTESIAN_POINT('',(-4.383900030705E0,2.341934241475E0,
-6.725831526450E0));
#3815=CARTESIAN_POINT('',(-3.359902177469E0,2.318722268932E0,
-7.291532524738E0));
#3816=CARTESIAN_POINT('',(-2.264563107188E0,2.295510296389E0,
-7.702411514246E0));
#3817=CARTESIAN_POINT('',(-1.121140289388E0,2.272298323847E0,
-7.949744250830E0));
#3818=CARTESIAN_POINT('',(4.608783849512E-2,2.249086351304E0,
-8.028279087716E0));
#3819=CARTESIAN_POINT('',(1.212337377102E0,2.225874378761E0,-7.936348486127E0));
#3820=CARTESIAN_POINT('',(2.352845208707E0,2.202662406218E0,-7.675904415781E0));
#3821=CARTESIAN_POINT('',(3.443394780756E0,2.179450433675E0,-7.252476932930E0));
#3822=CARTESIAN_POINT('',(4.460830354118E0,2.156238461132E0,-6.675056668750E0));
#3823=CARTESIAN_POINT('',(5.383548465707E0,2.133026488589E0,-5.955904270685E0));
#3824=CARTESIAN_POINT('',(6.191957406435E0,2.109814516046E0,-5.110288799756E0));
#3825=CARTESIAN_POINT('',(6.643246031877E0,2.094339867684E0,-4.474208442315E0));
#3826=CARTESIAN_POINT('',(6.844583221057E0,2.086602543503E0,-4.141458744214E0));
#3827=CARTESIAN_POINT('',(7.209479738511E0,4.891068362335E0,-2.736408792525E0));
#3828=CARTESIAN_POINT('',(7.342510365824E0,4.883331038154E0,-2.385919635045E0));
#3829=CARTESIAN_POINT('',(7.557362651608E0,4.867856389792E0,-1.665508095767E0));
#3830=CARTESIAN_POINT('',(7.719175597863E0,4.844644417249E0,
-5.495243974610E-1));
#3831=CARTESIAN_POINT('',(7.717086088035E0,4.821432444706E0,5.781267634353E-1));
#3832=CARTESIAN_POINT('',(7.551138804970E0,4.798220472163E0,1.693502663465E0));
#3833=CARTESIAN_POINT('',(7.224857243103E0,4.775008499620E0,2.772920165574E0));
#3834=CARTESIAN_POINT('',(6.745169401741E0,4.751796527077E0,3.793459924684E0));
#3835=CARTESIAN_POINT('',(6.122260545860E0,4.728584554534E0,4.733452678292E0));
#3836=CARTESIAN_POINT('',(5.369356977598E0,4.705372581992E0,5.572939448703E0));
#3837=CARTESIAN_POINT('',(4.502445190778E0,4.682160609449E0,6.294095308703E0));
#3838=CARTESIAN_POINT('',(3.539932430330E0,4.658948636906E0,6.881607867346E0));
#3839=CARTESIAN_POINT('',(2.502255848293E0,4.635736664363E0,7.323002397981E0));
#3840=CARTESIAN_POINT('',(1.411448559434E0,4.612524691820E0,7.608906716161E0));
#3841=CARTESIAN_POINT('',(2.906718093544E-1,4.589312719277E0,7.733250180255E0));
#3842=CARTESIAN_POINT('',(-8.362768110780E-1,4.566100746734E0,
7.693392590166E0));
#3843=CARTESIAN_POINT('',(-1.945468662912E0,4.542888774191E0,7.490180247017E0));
#3844=CARTESIAN_POINT('',(-3.013352138851E0,4.519676801648E0,7.127927983535E0));
#3845=CARTESIAN_POINT('',(-4.017252737437E0,4.496464829105E0,6.614327546677E0));
#3846=CARTESIAN_POINT('',(-4.935854513532E0,4.473252856562E0,5.960284277819E0));
#3847=CARTESIAN_POINT('',(-5.749652682408E0,4.450040884019E0,5.179685558299E0));
#3848=CARTESIAN_POINT('',(-6.441367767246E0,4.426828911476E0,4.289105936935E0));
#3849=CARTESIAN_POINT('',(-6.996312496399E0,4.403616938933E0,3.307455200590E0));
#3850=CARTESIAN_POINT('',(-7.402703660035E0,4.380404966390E0,2.255576860333E0));
#3851=CARTESIAN_POINT('',(-7.651912304492E0,4.357192993847E0,1.155805578607E0));
#3852=CARTESIAN_POINT('',(-7.738646951906E0,4.333981021304E0,
3.149293457941E-2));
#3853=CARTESIAN_POINT('',(-7.661065954819E0,4.310769048761E0,
-1.093488402809E0));
#3854=CARTESIAN_POINT('',(-7.420816600105E0,4.287557076218E0,
-2.195251566171E0));
#3855=CARTESIAN_POINT('',(-7.023000131922E0,4.264345103675E0,
-3.250402682469E0));
#3856=CARTESIAN_POINT('',(-6.476063436368E0,4.241133131132E0,
-4.236537598005E0));
#3857=CARTESIAN_POINT('',(-5.791619687710E0,4.217921158589E0,
-5.132717588579E0));
#3858=CARTESIAN_POINT('',(-4.984201764418E0,4.194709186046E0,
-5.919913953998E0));
#3859=CARTESIAN_POINT('',(-4.070953670771E0,4.171497213503E0,
-6.581412056816E0));
#3860=CARTESIAN_POINT('',(-3.071266516096E0,4.148285240960E0,
-7.103166226288E0));
#3861=CARTESIAN_POINT('',(-2.006366780959E0,4.125073268417E0,
-7.474097991827E0));
#3862=CARTESIAN_POINT('',(-8.988656126810E-1,4.101861295875E0,
-7.686331313540E0));
#3863=CARTESIAN_POINT('',(2.277212799340E-1,4.078649323332E0,
-7.735359815150E0));
#3864=CARTESIAN_POINT('',(1.349472938546E0,4.055437350789E0,-7.620142468439E0));
#3865=CARTESIAN_POINT('',(2.442571071935E0,4.032225378246E0,-7.343125697530E0));
#3866=CARTESIAN_POINT('',(3.483805792711E0,4.009013405703E0,-6.910191433661E0));
#3867=CARTESIAN_POINT('',(4.451068435720E0,3.985801433160E0,-6.330532223416E0));
#3868=CARTESIAN_POINT('',(5.323820994049E0,3.962589460617E0,-5.616456042247E0));
#3869=CARTESIAN_POINT('',(6.083532205062E0,3.939377488074E0,-4.783124957718E0));
#3870=CARTESIAN_POINT('',(6.714071026984E0,3.916165515531E0,-3.848233191452E0));
#3871=CARTESIAN_POINT('',(7.202049151295E0,3.892953542988E0,-2.831631415546E0));
#3872=CARTESIAN_POINT('',(7.537105278340E0,3.869741570445E0,-1.754905260801E0));
#3873=CARTESIAN_POINT('',(7.712125120079E0,3.846529597902E0,
-6.409169863654E-1));
#3874=CARTESIAN_POINT('',(7.723392458642E0,3.823317625359E0,4.866799574331E-1));
#3875=CARTESIAN_POINT('',(7.570668053239E0,3.800105652816E0,1.603943165713E0));
#3876=CARTESIAN_POINT('',(7.257194719994E0,3.776893680273E0,2.687149651074E0));
#3877=CARTESIAN_POINT('',(6.789628476826E0,3.753681707730E0,3.713299556707E0));
#3878=CARTESIAN_POINT('',(6.177897215404E0,3.730469735187E0,4.660604515198E0));
#3879=CARTESIAN_POINT('',(5.434989900994E0,3.707257762644E0,5.508950283608E0));
#3880=CARTESIAN_POINT('',(4.576680776167E0,3.684045790101E0,6.240323831680E0));
#3881=CARTESIAN_POINT('',(3.621194424354E0,3.660833817558E0,6.839195814729E0));
#3882=CARTESIAN_POINT('',(2.588818805024E0,3.637621845015E0,7.292850310128E0));
#3883=CARTESIAN_POINT('',(1.501474476941E0,3.614409872472E0,7.591654816064E0));
#3884=CARTESIAN_POINT('',(3.822491562355E-1,3.591197899929E0,7.729264779637E0));
#3885=CARTESIAN_POINT('',(-7.450925079155E-1,3.567985927386E0,
7.702758311528E0));
#3886=CARTESIAN_POINT('',(-1.856613531015E0,3.544773954843E0,7.512698226844E0));
#3887=CARTESIAN_POINT('',(-2.928712850187E0,3.521561982301E0,7.163120094786E0));
#3888=CARTESIAN_POINT('',(-3.938626448453E0,3.498350009758E0,6.661446550916E0));
#3889=CARTESIAN_POINT('',(-4.864910705913E0,3.475138037215E0,6.018329691423E0));
#3890=CARTESIAN_POINT('',(-5.687897714765E0,3.451926064672E0,5.247424895846E0));
#3891=CARTESIAN_POINT('',(-6.390112890418E0,3.428714092129E0,4.365100880722E0));
#3892=CARTESIAN_POINT('',(-6.956646011502E0,3.405502119586E0,3.390092140609E0));
#3893=CARTESIAN_POINT('',(-7.375467810433E0,3.382290147043E0,2.343101156254E0));
#3894=CARTESIAN_POINT('',(-7.637685392335E0,3.359078174500E0,1.246358816265E0));
#3895=CARTESIAN_POINT('',(-7.737731058974E0,3.335866201957E0,
1.231523859197E-1));
#3896=CARTESIAN_POINT('',(-7.673480528380E0,3.312654229414E0,
-1.002668954214E0));
#3897=CARTESIAN_POINT('',(-7.446298039987E0,3.289442256871E0,
-2.107200500866E0));
#3898=CARTESIAN_POINT('',(-7.061007387572E0,3.266230284328E0,
-3.166989599576E0));
#3899=CARTESIAN_POINT('',(-6.525789495044E0,3.243018311785E0,
-4.159533617793E0));
#3900=CARTESIAN_POINT('',(-5.852008709878E0,3.219806339242E0,
-5.063757746051E0));
#3901=CARTESIAN_POINT('',(-5.053971502528E0,3.196594366699E0,
-5.860462481990E0));
#3902=CARTESIAN_POINT('',(-4.148622695374E0,3.173382394156E0,
-6.532731295760E0));
#3903=CARTESIAN_POINT('',(-3.155185671221E0,3.150170421613E0,
-7.066289820782E0));
#3904=CARTESIAN_POINT('',(-2.094754200842E0,3.126958449070E0,
-7.449808943136E0));
#3905=CARTESIAN_POINT('',(-9.898445563419E-1,3.103746476527E0,
-7.675145354028E0));
#3906=CARTESIAN_POINT('',(1.360825796188E-1,3.080534503984E0,
-7.737514457673E0));
#3907=CARTESIAN_POINT('',(1.259120257395E0,3.057322531441E0,-7.635591963207E0));
#3908=CARTESIAN_POINT('',(2.355422879561E0,3.034110558898E0,-7.371542003517E0));
#3909=CARTESIAN_POINT('',(3.401712517426E0,3.010898586355E0,-6.950971183940E0));
#3910=CARTESIAN_POINT('',(4.375773174154E0,2.987686613812E0,-6.382809536523E0));
#3911=CARTESIAN_POINT('',(5.256922499772E0,2.964474641269E0,-5.679120907549E0));
#3912=CARTESIAN_POINT('',(6.026450942048E0,2.941262668726E0,-4.854846804407E0));
#3913=CARTESIAN_POINT('',(6.668019008724E0,2.918050696184E0,-3.927489140718E0));
#3914=CARTESIAN_POINT('',(7.168004205971E0,2.894838723641E0,-2.916738616050E0));
#3915=CARTESIAN_POINT('',(7.515790286471E0,2.871626751098E0,-1.844056620866E0));
#3916=CARTESIAN_POINT('',(7.703992665514E0,2.848414778555E0,
-7.322195441753E-1));
#3917=CARTESIAN_POINT('',(7.728615218791E0,2.825202806012E0,3.951648403415E-1));
#3918=CARTESIAN_POINT('',(7.589135132593E0,2.801990833469E0,1.514158641100E0));
#3919=CARTESIAN_POINT('',(7.288514004780E0,2.778778860926E0,2.601002124816E0));
#3920=CARTESIAN_POINT('',(6.833134960811E0,2.755566888383E0,3.632618209847E0));
#3921=CARTESIAN_POINT('',(6.232667120050E0,2.732354915840E0,4.587102464717E0));
#3922=CARTESIAN_POINT('',(5.499860290168E0,2.709142943297E0,5.444188207604E0));
#3923=CARTESIAN_POINT('',(4.650274248898E0,2.685930970754E0,6.185676831294E0));
#3924=CARTESIAN_POINT('',(3.701948361366E0,2.662718998211E0,6.795824216455E0));
#3925=CARTESIAN_POINT('',(2.675018548020E0,2.639507025668E0,7.261675028457E0));
#3926=CARTESIAN_POINT('',(1.591289736154E0,2.616295053125E0,7.573337799596E0));
#3927=CARTESIAN_POINT('',(4.737728731974E-1,2.593083080582E0,7.724194955838E0));
#3928=CARTESIAN_POINT('',(-6.538036675673E-1,2.569871108039E0,
7.711043328594E0));
#3929=CARTESIAN_POINT('',(-1.767497914479E0,2.546659135496E0,7.534162167984E0));
#3930=CARTESIAN_POINT('',(-2.843662660332E0,2.523447162953E0,7.197307213494E0));
#3931=CARTESIAN_POINT('',(-3.859447566443E0,2.500235190410E0,6.707630947887E0));
#3932=CARTESIAN_POINT('',(-4.793284346708E0,2.477023217867E0,6.075530727663E0));
#3933=CARTESIAN_POINT('',(-5.625344729678E0,2.453811245324E0,5.314428014703E0));
#3934=CARTESIAN_POINT('',(-6.337961474691E0,2.430599272781E0,4.440483396716E0));
#3935=CARTESIAN_POINT('',(-6.916003502572E0,2.407387300238E0,3.472253447486E0));
#3936=CARTESIAN_POINT('',(-7.347197175702E0,2.384175327695E0,2.430296712859E0));
#3937=CARTESIAN_POINT('',(-7.622386905674E0,2.360963355152E0,1.336737188599E0));
#3938=CARTESIAN_POINT('',(-7.735729555036E0,2.337751382609E0,
2.147945588635E-1));
#3939=CARTESIAN_POINT('',(-7.684818505344E0,2.314539410067E0,
-9.117088302133E-1));
#3940=CARTESIAN_POINT('',(-7.470734757192E0,2.291327437524E0,
-2.018853793332E0));
#3941=CARTESIAN_POINT('',(-7.098023977189E0,2.268115464981E0,
-3.083132185038E0));
#3942=CARTESIAN_POINT('',(-6.574599979263E0,2.244903492438E0,
-4.081946051070E0));
#3943=CARTESIAN_POINT('',(-5.911576689673E0,2.221691519895E0,
-4.994087453508E0));
#3944=CARTESIAN_POINT('',(-5.123032163642E0,2.198479547352E0,
-5.800188781537E0));
#3945=CARTESIAN_POINT('',(-4.225709664278E0,2.175267574809E0,
-6.483133986305E0));
#3946=CARTESIAN_POINT('',(-3.238662150805E0,2.152055602266E0,
-7.028422008115E0));
#3947=CARTESIAN_POINT('',(-2.182847724717E0,2.128843629723E0,
-7.424474679174E0));
#3948=CARTESIAN_POINT('',(-1.080684623895E0,2.105631657180E0,
-7.662882564379E0));
#3949=CARTESIAN_POINT('',(4.442478687252E-2,2.082419684637E0,
-7.738583519440E0));
#3950=CARTESIAN_POINT('',(1.168590920163E0,2.059207712094E0,-7.649970177699E0));
#3951=CARTESIAN_POINT('',(2.267944220294E0,2.035995739551E0,-7.398924073235E0));
#3952=CARTESIAN_POINT('',(3.319141974281E0,2.012783767008E0,-6.990775713585E0));
#3953=CARTESIAN_POINT('',(4.299864003758E0,1.989571794465E0,-6.434191308465E0));
#3954=CARTESIAN_POINT('',(5.189286393465E0,1.966359821922E0,-5.740989087314E0));
#3955=CARTESIAN_POINT('',(5.968524389221E0,1.943147849379E0,-4.925887136370E0));
#3956=CARTESIAN_POINT('',(6.403528539077E0,1.927673201017E0,-4.312759351778E0));
#3957=CARTESIAN_POINT('',(6.597600598234E0,1.919935876836E0,-3.992016724163E0));
#3958=CARTESIAN_POINT('',(6.939591286112E0,4.724401695669E0,-2.633970730289E0));
#3959=CARTESIAN_POINT('',(7.067641882767E0,4.716664371488E0,-2.296602211152E0));
#3960=CARTESIAN_POINT('',(7.274451126194E0,4.701189723126E0,-1.603159435569E0));
#3961=CARTESIAN_POINT('',(7.430206569380E0,4.677977750583E0,
-5.289528313334E-1));
#3962=CARTESIAN_POINT('',(7.428195280809E0,4.654765778040E0,5.564844614755E-1));
#3963=CARTESIAN_POINT('',(7.268460270617E0,4.631553805497E0,1.630106020495E0));
#3964=CARTESIAN_POINT('',(6.954393130453E0,4.608341832954E0,2.669115292094E0));
#3965=CARTESIAN_POINT('',(6.492662508451E0,4.585129860411E0,3.651450921892E0));
#3966=CARTESIAN_POINT('',(5.893072381965E0,4.561917887868E0,4.556254840975E0));
#3967=CARTESIAN_POINT('',(5.168353923616E0,4.538705915325E0,5.364315240344E0));
#3968=CARTESIAN_POINT('',(4.333895169330E0,4.515493942782E0,6.058474472841E0));
#3969=CARTESIAN_POINT('',(3.407414284795E0,4.492281970239E0,6.623993370226E0));
#3970=CARTESIAN_POINT('',(2.408583352788E0,4.469069997696E0,7.048864199971E0));
#3971=CARTESIAN_POINT('',(1.358610673600E0,4.445858025153E0,7.324065627406E0));
#3972=CARTESIAN_POINT('',(2.797904465337E-1,4.422646052610E0,7.443754266699E0));
#3973=CARTESIAN_POINT('',(-8.049706055672E-1,4.399434080067E0,
7.405388754221E0));
#3974=CARTESIAN_POINT('',(-1.872639617589E0,4.376222107524E0,7.209783709627E0));
#3975=CARTESIAN_POINT('',(-2.900546641813E0,4.353010134981E0,6.861092438937E0));
#3976=CARTESIAN_POINT('',(-3.866866001704E0,4.329798162438E0,6.366718746877E0));
#3977=CARTESIAN_POINT('',(-4.751079719199E0,4.306586189895E0,5.737159730980E0));
#3978=CARTESIAN_POINT('',(-5.534413175457E0,4.283374217352E0,4.985782895424E0));
#3979=CARTESIAN_POINT('',(-6.200233754656E0,4.260162244809E0,4.128542317162E0));
#3980=CARTESIAN_POINT('',(-6.734404006377E0,4.236950272266E0,3.183639891047E0));
#3981=CARTESIAN_POINT('',(-7.125581827831E0,4.213738299723E0,2.171138846748E0));
#3982=CARTESIAN_POINT('',(-7.365461292122E0,4.190526327180E0,1.112537743729E0));
#3983=CARTESIAN_POINT('',(-7.448949009021E0,4.167314354637E0,
3.031398967861E-2));
#3984=CARTESIAN_POINT('',(-7.374272273546E0,4.144102382095E0,
-1.052553425050E0));
#3985=CARTESIAN_POINT('',(-7.143016706023E0,4.120890409552E0,
-2.113071843180E0));
#3986=CARTESIAN_POINT('',(-6.760092584421E0,4.097678437009E0,
-3.128723146433E0));
#3987=CARTESIAN_POINT('',(-6.233630583808E0,4.074466464466E0,
-4.077941885509E0));
#3988=CARTESIAN_POINT('',(-5.574809136727E0,4.051254491923E0,
-4.940573181932E0));
#3989=CARTESIAN_POINT('',(-4.797617080164E0,4.028042519380E0,
-5.698300679070E0));
#3990=CARTESIAN_POINT('',(-3.918556628842E0,4.004830546837E0,
-6.335035455586E0));
#3991=CARTESIAN_POINT('',(-2.956292981667E0,3.981618574294E0,
-6.837257643494E0));
#3992=CARTESIAN_POINT('',(-1.931258001255E0,3.958406601751E0,
-7.194303497182E0));
#3993=CARTESIAN_POINT('',(-8.652163816796E-1,3.935194629208E0,
-7.398591818032E0));
#3994=CARTESIAN_POINT('',(2.191964839642E-1,3.911982656665E0,
-7.445784926949E0));
#3995=CARTESIAN_POINT('',(1.298955123648E0,3.888770684122E0,-7.334880766837E0));
#3996=CARTESIAN_POINT('',(2.351132889099E0,3.865558711579E0,-7.068234179395E0));
#3997=CARTESIAN_POINT('',(3.353388760143E0,3.842346739036E0,-6.651506904478E0));
#3998=CARTESIAN_POINT('',(4.284441714346E0,3.819134766493E0,-6.093547363674E0));
#3999=CARTESIAN_POINT('',(5.124522589580E0,3.795922793950E0,-5.406202780682E0));
#4000=CARTESIAN_POINT('',(5.855793845084E0,3.772710821407E0,-4.604067627745E0));
#4001=CARTESIAN_POINT('',(6.462728308161E0,3.749498848864E0,-3.704173739427E0));
#4002=CARTESIAN_POINT('',(6.932438864555E0,3.726286876321E0,-2.725628673569E0));
#4003=CARTESIAN_POINT('',(7.254952092130E0,3.703074903778E0,-1.689209998157E0));
#4004=CARTESIAN_POINT('',(7.423420027776E0,3.679862931235E0,
-6.169241186634E-1));
#4005=CARTESIAN_POINT('',(7.434265571052E0,3.656650958692E0,4.684609866766E-1));
#4006=CARTESIAN_POINT('',(7.287258437202E0,3.633438986149E0,1.543899202150E0));
#4007=CARTESIAN_POINT('',(6.985520046816E0,3.610227013606E0,2.586555615582E0));
#4008=CARTESIAN_POINT('',(6.535457248327E0,3.587015041063E0,3.574291374841E0));
#4009=CARTESIAN_POINT('',(5.946626280603E0,3.563803068520E0,4.486133764814E0));
#4010=CARTESIAN_POINT('',(5.231529864156E0,3.540591095978E0,5.302721523654E0));
#4011=CARTESIAN_POINT('',(4.405351729328E0,3.517379123435E0,6.006715942833E0));
#4012=CARTESIAN_POINT('',(3.485634218281E0,3.494167150892E0,6.583169022083E0));
#4013=CARTESIAN_POINT('',(2.491905806281E0,3.470955178349E0,7.019840862127E0));
#4014=CARTESIAN_POINT('',(1.445266451175E0,3.447743205806E0,7.307459555966E0));
#4015=CARTESIAN_POINT('',(3.679395753851E-1,3.424531233263E0,7.439918060425E0));
#4016=CARTESIAN_POINT('',(-7.171998067568E-1,3.401319260720E0,
7.414403867753E0));
#4017=CARTESIAN_POINT('',(-1.787110797009E0,3.378107288177E0,7.231458723949E0));
#4018=CARTESIAN_POINT('',(-2.819075843450E0,3.354895315634E0,6.894967125799E0));
#4019=CARTESIAN_POINT('',(-3.791183105063E0,3.331683343091E0,6.412073840877E0));
#4020=CARTESIAN_POINT('',(-4.682791708551E0,3.308471370548E0,5.793032201818E0));
#4021=CARTESIAN_POINT('',(-5.474970018548E0,3.285259398005E0,5.050986396039E0));
#4022=CARTESIAN_POINT('',(-6.150897615363E0,3.262047425462E0,4.201692373591E0));
#4023=CARTESIAN_POINT('',(-6.696222445027E0,3.238835452919E0,3.263183299125E0));
#4024=CARTESIAN_POINT('',(-7.099365558221E0,3.215623480376E0,2.255386651489E0));
#4025=CARTESIAN_POINT('',(-7.351766967537E0,3.192411507833E0,1.199701101110E0));
#4026=CARTESIAN_POINT('',(-7.448067402742E0,3.169199535290E0,
1.185421493908E-1));
#4027=CARTESIAN_POINT('',(-7.386222104827E0,3.145987562747E0,
-9.651338223964E-1));
#4028=CARTESIAN_POINT('',(-7.167544242625E0,3.122775590204E0,
-2.028316988782E0));
#4029=CARTESIAN_POINT('',(-6.796677030136E0,3.099563617661E0,
-3.048432650559E0));
#4030=CARTESIAN_POINT('',(-6.281495136590E0,3.076351645118E0,
-4.003820566155E0));
#4031=CARTESIAN_POINT('',(-5.632937482629E0,3.053139672575E0,
-4.874194866207E0));
#4032=CARTESIAN_POINT('',(-4.864774972853E0,3.029927700032E0,
-5.641074785932E0));
#4033=CARTESIAN_POINT('',(-3.993318096505E0,3.006715727489E0,
-6.288177069477E0));
#4034=CARTESIAN_POINT('',(-3.037070604847E0,2.983503754946E0,
-6.801761714302E0));
#4035=CARTESIAN_POINT('',(-2.016336618724E0,2.960291782403E0,
-7.170923714346E0));
#4036=CARTESIAN_POINT('',(-9.527895086663E-1,2.937079809861E0,
-7.387824607362E0));
#4037=CARTESIAN_POINT('',(1.309882984578E-1,2.913867837318E0,
-7.447858909958E0));
#4038=CARTESIAN_POINT('',(1.211984814897E0,2.890655864775E0,-7.349751906386E0));
#4039=CARTESIAN_POINT('',(2.267247108387E0,2.867443892232E0,-7.095586714746E0));
#4040=CARTESIAN_POINT('',(3.274368664591E0,2.844231919689E0,-6.690760055877E0));
#4041=CARTESIAN_POINT('',(4.211965147382E0,2.821019947146E0,-6.143867664119E0));
#4042=CARTESIAN_POINT('',(5.060128455082E0,2.797807974603E0,-5.466521773032E0));
#4043=CARTESIAN_POINT('',(5.800849431647E0,2.774596002060E0,-4.673104551402E0));
#4044=CARTESIAN_POINT('',(6.418400257288E0,2.751384029517E0,-3.780462724881E0));
#4045=CARTESIAN_POINT('',(6.899668399212E0,2.728172056974E0,-2.807549867390E0));
#4046=CARTESIAN_POINT('',(7.234435031647E0,2.704960084431E0,-1.775023957540E0));
#4047=CARTESIAN_POINT('',(7.415592013428E0,2.681748111888E0,
-7.048087452326E-1));
#4048=CARTESIAN_POINT('',(7.439292816032E0,2.658536139345E0,3.803717580290E-1));
#4049=CARTESIAN_POINT('',(7.305034197397E0,2.635324166802E0,1.457475780872E0));
#4050=CARTESIAN_POINT('',(7.015666887320E0,2.612112194259E0,2.503633040830E0));
#4051=CARTESIAN_POINT('',(6.577335057559E0,2.588900221716E0,3.496630351864E0));
#4052=CARTESIAN_POINT('',(5.999345861879E0,2.565688249173E0,4.415383279685E0));
#4053=CARTESIAN_POINT('',(5.293971816108E0,2.542476276630E0,5.240383830143E0));
#4054=CARTESIAN_POINT('',(4.476190214295E0,2.519264304087E0,5.954114664870E0));
#4055=CARTESIAN_POINT('',(3.563365113982E0,2.496052331544E0,6.541421049086E0));
#4056=CARTESIAN_POINT('',(2.574878643027E0,2.472840359001E0,6.989832633952E0));
#4057=CARTESIAN_POINT('',(1.531719456496E0,2.449628386458E0,7.289828241019E0));
#4058=CARTESIAN_POINT('',(4.560370819650E-1,2.426416413915E0,7.435038026590E0));
#4059=CARTESIAN_POINT('',(-6.293283841332E-1,2.403204441372E0,
7.422378733391E0));
#4060=CARTESIAN_POINT('',(-1.701331243088E0,2.379992468829E0,7.252119157754E0));
#4061=CARTESIAN_POINT('',(-2.737209526073E0,2.356780496286E0,6.927874442233E0));
#4062=CARTESIAN_POINT('',(-3.714968301836E0,2.333568523744E0,6.456529314835E0));
#4063=CARTESIAN_POINT('',(-4.613846697784E0,2.310356551201E0,5.848091904743E0));
#4064=CARTESIAN_POINT('',(-5.414758718152E0,2.287144578658E0,5.115481238473E0));
#4065=CARTESIAN_POINT('',(-6.100698499301E0,2.263932606115E0,4.274252928594E0));
#4066=CARTESIAN_POINT('',(-6.657101397317E0,2.240720633572E0,3.342268879491E0));
#4067=CARTESIAN_POINT('',(-7.072153240890E0,2.217508661029E0,2.339318023343E0));
#4068=CARTESIAN_POINT('',(-7.337041183073E0,2.194296688486E0,1.286696139289E0));
#4069=CARTESIAN_POINT('',(-7.446140825542E0,2.171084715943E0,
2.067536775270E-1));
#4070=CARTESIAN_POINT('',(-7.397135642142E0,2.147872743400E0,
-8.775788105517E-1));
#4071=CARTESIAN_POINT('',(-7.191066165971E0,2.124660770857E0,
-1.943277559586E0));
#4072=CARTESIAN_POINT('',(-6.832307895616E0,2.101448798314E0,
-2.967714456694E0));
#4073=CARTESIAN_POINT('',(-6.328478389647E0,2.078236825771E0,
-3.929137506978E0));
#4074=CARTESIAN_POINT('',(-5.690275522060E0,2.055024853228E0,
-4.807132696319E0));
#4075=CARTESIAN_POINT('',(-4.931250332999E0,2.031812880685E0,
-5.583057444651E0));
#4076=CARTESIAN_POINT('',(-4.067519297851E0,2.008600908142E0,
-6.240436446160E0));
#4077=CARTESIAN_POINT('',(-3.117422124142E0,1.985388935599E0,
-6.765311491493E0));
#4078=CARTESIAN_POINT('',(-2.101132342247E0,1.962176963056E0,
-7.146537844101E0));
#4079=CARTESIAN_POINT('',(-1.040228958403E0,1.938964990513E0,
-7.376020877929E0));
#4080=CARTESIAN_POINT('',(4.276173524993E-2,1.915753017970E0,
-7.448887951163E0));
#4081=CARTESIAN_POINT('',(1.124844463224E0,1.892541045427E0,-7.363591869271E0));
#4082=CARTESIAN_POINT('',(2.183043231881E0,1.869329072884E0,-7.121943730690E0));
#4083=CARTESIAN_POINT('',(3.194889167807E0,1.846117100341E0,-6.729074494240E0));
#4084=CARTESIAN_POINT('',(4.138897653398E0,1.822905127798E0,-6.193325948180E0));
#4085=CARTESIAN_POINT('',(4.995024321223E0,1.799693155255E0,-5.526073903942E0));
#4086=CARTESIAN_POINT('',(5.745091372008E0,1.776481182712E0,-4.741485472984E0));
#4087=CARTESIAN_POINT('',(6.163811046278E0,1.761006534350E0,-4.151310261242E0));
#4088=CARTESIAN_POINT('',(6.350617975411E0,1.753269210170E0,-3.842574704113E0));
#4089=CARTESIAN_POINT('',(6.669702833713E0,4.557735029002E0,-2.531532668052E0));
#4090=CARTESIAN_POINT('',(6.792773399709E0,4.549997704821E0,-2.207284787259E0));
#4091=CARTESIAN_POINT('',(6.991539600780E0,4.534523056459E0,-1.540810775370E0));
#4092=CARTESIAN_POINT('',(7.141237540897E0,4.511311083916E0,
-5.083812652057E-1));
#4093=CARTESIAN_POINT('',(7.139304473584E0,4.488099111373E0,5.348421595156E-1));
#4094=CARTESIAN_POINT('',(6.985781736265E0,4.464887138830E0,1.566709377526E0));
#4095=CARTESIAN_POINT('',(6.683929017802E0,4.441675166287E0,2.565310418613E0));
#4096=CARTESIAN_POINT('',(6.240155615161E0,4.418463193744E0,3.509441919101E0));
#4097=CARTESIAN_POINT('',(5.663884218070E0,4.395251221201E0,4.379057003657E0));
#4098=CARTESIAN_POINT('',(4.967350869634E0,4.372039248658E0,5.155691031985E0));
#4099=CARTESIAN_POINT('',(4.165345147882E0,4.348827276115E0,5.822853636979E0));
#4100=CARTESIAN_POINT('',(3.274896139260E0,4.325615303572E0,6.366378873105E0));
#4101=CARTESIAN_POINT('',(2.314910857282E0,4.302403331029E0,6.774726001961E0));
#4102=CARTESIAN_POINT('',(1.305772787766E0,4.279191358486E0,7.039224538651E0));
#4103=CARTESIAN_POINT('',(2.689090837131E-1,4.255979385943E0,7.154258353142E0));
#4104=CARTESIAN_POINT('',(-7.736644000565E-1,4.232767413400E0,
7.117384918276E0));
#4105=CARTESIAN_POINT('',(-1.799810572267E0,4.209555440857E0,6.929387172237E0));
#4106=CARTESIAN_POINT('',(-2.787741144775E0,4.186343468315E0,6.594256894340E0));
#4107=CARTESIAN_POINT('',(-3.716479265972E0,4.163131495772E0,6.119109947077E0));
#4108=CARTESIAN_POINT('',(-4.566304924867E0,4.139919523229E0,5.514035184141E0));
#4109=CARTESIAN_POINT('',(-5.319173668506E0,4.116707550686E0,4.791880232548E0));
#4110=CARTESIAN_POINT('',(-5.959099742065E0,4.093495578143E0,3.967978697389E0));
#4111=CARTESIAN_POINT('',(-6.472495516355E0,4.070283605600E0,3.059824581504E0));
#4112=CARTESIAN_POINT('',(-6.848459995626E0,4.047071633057E0,2.086700833163E0));
#4113=CARTESIAN_POINT('',(-7.079010279752E0,4.023859660514E0,1.069269908850E0));
#4114=CARTESIAN_POINT('',(-7.159251066137E0,4.000647687971E0,
2.913504477781E-2));
#4115=CARTESIAN_POINT('',(-7.087478592272E0,3.977435715428E0,
-1.011618447291E0));
#4116=CARTESIAN_POINT('',(-6.865216811942E0,3.954223742885E0,
-2.030892120189E0));
#4117=CARTESIAN_POINT('',(-6.497185036921E0,3.931011770342E0,
-3.007043610396E0));
#4118=CARTESIAN_POINT('',(-5.991197731248E0,3.907799797799E0,
-3.919346173012E0));
#4119=CARTESIAN_POINT('',(-5.357998585745E0,3.884587825256E0,
-4.748428775286E0));
#4120=CARTESIAN_POINT('',(-4.611032395910E0,3.861375852713E0,
-5.476687404141E0));
#4121=CARTESIAN_POINT('',(-3.766159586914E0,3.838163880170E0,
-6.088658854355E0));
#4122=CARTESIAN_POINT('',(-2.841319447237E0,3.814951907627E0,
-6.571349060700E0));
#4123=CARTESIAN_POINT('',(-1.856149221551E0,3.791739935084E0,
-6.914509002536E0));
#4124=CARTESIAN_POINT('',(-8.315671506781E-1,3.768527962541E0,
-7.110852322523E0));
#4125=CARTESIAN_POINT('',(2.106716879943E-1,3.745315989998E0,
-7.156210038749E0));
#4126=CARTESIAN_POINT('',(1.248437308751E0,3.722104017455E0,-7.049619065236E0));
#4127=CARTESIAN_POINT('',(2.259694706263E0,3.698892044912E0,-6.793342661260E0));
#4128=CARTESIAN_POINT('',(3.222971727575E0,3.675680072369E0,-6.392822375294E0));
#4129=CARTESIAN_POINT('',(4.117814992972E0,3.652468099826E0,-5.856562503933E0));
#4130=CARTESIAN_POINT('',(4.925224185111E0,3.629256127283E0,-5.195949519117E0));
#4131=CARTESIAN_POINT('',(5.628055485105E0,3.606044154740E0,-4.425010297772E0));
#4132=CARTESIAN_POINT('',(6.211385589339E0,3.582832182198E0,-3.560114287403E0));
#4133=CARTESIAN_POINT('',(6.662828577815E0,3.559620209655E0,-2.619625931592E0));
#4134=CARTESIAN_POINT('',(6.972798905919E0,3.536408237112E0,-1.623514735514E0));
#4135=CARTESIAN_POINT('',(7.134714935472E0,3.513196264569E0,
-5.929312509614E-1));
#4136=CARTESIAN_POINT('',(7.145138683463E0,3.489984292026E0,4.502420159201E-1));
#4137=CARTESIAN_POINT('',(7.003848821165E0,3.466772319483E0,1.483855238586E0));
#4138=CARTESIAN_POINT('',(6.713845373639E0,3.443560346940E0,2.485961580090E0));
#4139=CARTESIAN_POINT('',(6.281286019828E0,3.420348374397E0,3.435283192974E0));
#4140=CARTESIAN_POINT('',(5.715355345803E0,3.397136401854E0,4.311663014431E0));
#4141=CARTESIAN_POINT('',(5.028069827317E0,3.373924429311E0,5.096492763699E0));
#4142=CARTESIAN_POINT('',(4.234022682488E0,3.350712456768E0,5.773108053985E0));
#4143=CARTESIAN_POINT('',(3.350074012209E0,3.327500484225E0,6.327142229438E0));
#4144=CARTESIAN_POINT('',(2.394992807539E0,3.304288511682E0,6.746831414127E0));
#4145=CARTESIAN_POINT('',(1.389058425410E0,3.281076539139E0,7.023264295868E0));
#4146=CARTESIAN_POINT('',(3.536299945347E-1,3.257864566596E0,7.150571341213E0));
#4147=CARTESIAN_POINT('',(-6.893071055981E-1,3.234652594053E0,
7.126049423979E0));
#4148=CARTESIAN_POINT('',(-1.717608063002E0,3.211440621510E0,6.950219221055E0));
#4149=CARTESIAN_POINT('',(-2.709438836713E0,3.188228648967E0,6.626814156812E0));
#4150=CARTESIAN_POINT('',(-3.643739761672E0,3.165016676424E0,6.162701130837E0));
#4151=CARTESIAN_POINT('',(-4.500672711189E0,3.141804703881E0,5.567734712212E0));
#4152=CARTESIAN_POINT('',(-5.262042322331E0,3.118592731338E0,4.854547896232E0));
#4153=CARTESIAN_POINT('',(-5.911682340308E0,3.095380758795E0,4.038283866459E0));
#4154=CARTESIAN_POINT('',(-6.435798878552E0,3.072168786252E0,3.136274457640E0));
#4155=CARTESIAN_POINT('',(-6.823263306009E0,3.048956813709E0,2.167672146724E0));
#4156=CARTESIAN_POINT('',(-7.065848542738E0,3.025744841166E0,1.153043385955E0));
#4157=CARTESIAN_POINT('',(-7.158403746510E0,3.002532868623E0,
1.139319128619E-1));
#4158=CARTESIAN_POINT('',(-7.098963681274E0,2.979320896081E0,
-9.275986905787E-1));
#4159=CARTESIAN_POINT('',(-6.888790445263E0,2.956108923538E0,
-1.949433476698E0));
#4160=CARTESIAN_POINT('',(-6.532346672699E0,2.932896950995E0,
-2.929875701543E0));
#4161=CARTESIAN_POINT('',(-6.037200778137E0,2.909684978452E0,
-3.848107514516E0));
#4162=CARTESIAN_POINT('',(-5.413866255381E0,2.886473005909E0,
-4.684631986363E0));
#4163=CARTESIAN_POINT('',(-4.675578443178E0,2.863261033366E0,
-5.421687089874E0));
#4164=CARTESIAN_POINT('',(-3.838013497636E0,2.840049060823E0,
-6.043622843194E0));
#4165=CARTESIAN_POINT('',(-2.918955538473E0,2.816837088280E0,
-6.537233607822E0));
#4166=CARTESIAN_POINT('',(-1.937919036606E0,2.793625115737E0,
-6.892038485555E0));
#4167=CARTESIAN_POINT('',(-9.157344609906E-1,2.770413143194E0,
-7.100503860697E0));
#4168=CARTESIAN_POINT('',(1.258940172969E-1,2.747201170651E0,
-7.158203362243E0));
#4169=CARTESIAN_POINT('',(1.164849372399E0,2.723989198108E0,-7.063911849566E0));
#4170=CARTESIAN_POINT('',(2.179071337212E0,2.700777225565E0,-6.819631425976E0));
#4171=CARTESIAN_POINT('',(3.147024811756E0,2.677565253022E0,-6.430548927813E0));
#4172=CARTESIAN_POINT('',(4.048157120609E0,2.654353280479E0,-5.904925791716E0));
#4173=CARTESIAN_POINT('',(4.863334410393E0,2.631141307936E0,-5.253922638515E0));
#4174=CARTESIAN_POINT('',(5.575247921247E0,2.607929335393E0,-4.491362298396E0));
#4175=CARTESIAN_POINT('',(6.168781505851E0,2.584717362850E0,-3.633436309044E0));
#4176=CARTESIAN_POINT('',(6.631332592454E0,2.561505390307E0,-2.698361118730E0));
#4177=CARTESIAN_POINT('',(6.953079776824E0,2.538293417764E0,-1.705991294215E0));
#4178=CARTESIAN_POINT('',(7.127191361341E0,2.515081445221E0,
-6.773979462898E-1));
#4179=CARTESIAN_POINT('',(7.149970413273E0,2.491869472678E0,3.655786757164E-1));
#4180=CARTESIAN_POINT('',(7.020933262201E0,2.468657500135E0,1.400792920644E0));
#4181=CARTESIAN_POINT('',(6.742819769859E0,2.445445527592E0,2.406263956844E0));
#4182=CARTESIAN_POINT('',(6.321535154307E0,2.422233555049E0,3.360642493881E0));
#4183=CARTESIAN_POINT('',(5.766024603708E0,2.399021582506E0,4.243664094654E0));
#4184=CARTESIAN_POINT('',(5.088083342048E0,2.375809609964E0,5.036579452683E0));
#4185=CARTESIAN_POINT('',(4.302106179692E0,2.352597637421E0,5.722552498446E0));
#4186=CARTESIAN_POINT('',(3.424781866598E0,2.329385664878E0,6.287017881717E0));
#4187=CARTESIAN_POINT('',(2.474738738034E0,2.306173692335E0,6.717990239446E0));
#4188=CARTESIAN_POINT('',(1.472149176839E0,2.282961719792E0,7.006318682443E0));
#4189=CARTESIAN_POINT('',(4.383012907327E-1,2.259749747249E0,7.145881097342E0));
#4190=CARTESIAN_POINT('',(-6.048531006990E-1,2.236537774706E0,
7.133714138188E0));
#4191=CARTESIAN_POINT('',(-1.635164571697E0,2.213325802163E0,6.970076147524E0));
#4192=CARTESIAN_POINT('',(-2.630756391813E0,2.190113829620E0,6.658441670973E0));
#4193=CARTESIAN_POINT('',(-3.570489037228E0,2.166901857077E0,6.205427681784E0));
#4194=CARTESIAN_POINT('',(-4.434409048860E0,2.143689884534E0,5.620653081823E0));
#4195=CARTESIAN_POINT('',(-5.204172706627E0,2.120477911991E0,4.916534462242E0));
#4196=CARTESIAN_POINT('',(-5.863435523911E0,2.097265939448E0,4.108022460473E0));
#4197=CARTESIAN_POINT('',(-6.398199292061E0,2.074053966905E0,3.212284311496E0));
#4198=CARTESIAN_POINT('',(-6.797109306079E0,2.050841994362E0,2.248339333826E0));
#4199=CARTESIAN_POINT('',(-7.051695460472E0,2.027630021819E0,1.236655089979E0));
#4200=CARTESIAN_POINT('',(-7.156552096048E0,2.004418049276E0,
1.987127961904E-1));
#4201=CARTESIAN_POINT('',(-7.109452778939E0,1.981206076733E0,
-8.434487908901E-1));
#4202=CARTESIAN_POINT('',(-6.911397574750E0,1.957994104190E0,
-1.867701325841E0));
#4203=CARTESIAN_POINT('',(-6.566591814043E0,1.934782131647E0,
-2.852296728349E0));
#4204=CARTESIAN_POINT('',(-6.082356800031E0,1.911570159104E0,
-3.776328962886E0));
#4205=CARTESIAN_POINT('',(-5.468974354446E0,1.888358186561E0,
-4.620177939130E0));
#4206=CARTESIAN_POINT('',(-4.739468502355E0,1.865146214018E0,
-5.365926107765E0));
#4207=CARTESIAN_POINT('',(-3.909328931424E0,1.841934241475E0,
-5.997738906015E0));
#4208=CARTESIAN_POINT('',(-2.996182097479E0,1.818722268932E0,
-6.502200974870E0));
#4209=CARTESIAN_POINT('',(-2.019416959776E0,1.795510296389E0,
-6.868601009029E0));
#4210=CARTESIAN_POINT('',(-9.997732929106E-1,1.772298323847E0,
-7.089159191479E0));
#4211=CARTESIAN_POINT('',(4.109868362733E-2,1.749086351304E0,
-7.159192382887E0));
#4212=CARTESIAN_POINT('',(1.081098006286E0,1.725874378761E0,-7.077213560843E0));
#4213=CARTESIAN_POINT('',(2.098142243468E0,1.702662406218E0,-6.844963388145E0));
#4214=CARTESIAN_POINT('',(3.070636361332E0,1.679450433675E0,-6.467373274895E0));
#4215=CARTESIAN_POINT('',(3.977931303038E0,1.656238461132E0,-5.952460587895E0));
#4216=CARTESIAN_POINT('',(4.800762248981E0,1.633026488589E0,-5.311158720570E0));
#4217=CARTESIAN_POINT('',(5.521658354794E0,1.609814516046E0,-4.557083809598E0));
#4218=CARTESIAN_POINT('',(5.924093553478E0,1.594339867684E0,-3.989861170706E0));
#4219=CARTESIAN_POINT('',(6.103635352588E0,1.586602543503E0,-3.693132684062E0));
#4220=B_SPLINE_SURFACE_WITH_KNOTS('',3,3,((#3696,#3697,#3698,#3699,#3700,#3701,
#3702,#3703,#3704,#3705,#3706,#3707,#3708,#3709,#3710,#3711,#3712,#3713,#3714,
#3715,#3716,#3717,#3718,#3719,#3720,#3721,#3722,#3723,#3724,#3725,#3726,#3727,
#3728,#3729,#3730,#3731,#3732,#3733,#3734,#3735,#3736,#3737,#3738,#3739,#3740,
#3741,#3742,#3743,#3744,#3745,#3746,#3747,#3748,#3749,#3750,#3751,#3752,#3753,
#3754,#3755,#3756,#3757,#3758,#3759,#3760,#3761,#3762,#3763,#3764,#3765,#3766,
#3767,#3768,#3769,#3770,#3771,#3772,#3773,#3774,#3775,#3776,#3777,#3778,#3779,
#3780,#3781,#3782,#3783,#3784,#3785,#3786,#3787,#3788,#3789,#3790,#3791,#3792,
#3793,#3794,#3795,#3796,#3797,#3798,#3799,#3800,#3801,#3802,#3803,#3804,#3805,
#3806,#3807,#3808,#3809,#3810,#3811,#3812,#3813,#3814,#3815,#3816,#3817,#3818,
#3819,#3820,#3821,#3822,#3823,#3824,#3825,#3826),(#3827,#3828,#3829,#3830,#3831,
#3832,#3833,#3834,#3835,#3836,#3837,#3838,#3839,#3840,#3841,#3842,#3843,#3844,
#3845,#3846,#3847,#3848,#3849,#3850,#3851,#3852,#3853,#3854,#3855,#3856,#3857,
#3858,#3859,#3860,#3861,#3862,#3863,#3864,#3865,#3866,#3867,#3868,#3869,#3870,
#3871,#3872,#3873,#3874,#3875,#3876,#3877,#3878,#3879,#3880,#3881,#3882,#3883,
#3884,#3885,#3886,#3887,#3888,#3889,#3890,#3891,#3892,#3893,#3894,#3895,#3896,
#3897,#3898,#3899,#3900,#3901,#3902,#3903,#3904,#3905,#3906,#3907,#3908,#3909,
#3910,#3911,#3912,#3913,#3914,#3915,#3916,#3917,#3918,#3919,#3920,#3921,#3922,
#3923,#3924,#3925,#3926,#3927,#3928,#3929,#3930,#3931,#3932,#3933,#3934,#3935,
#3936,#3937,#3938,#3939,#3940,#3941,#3942,#3943,#3944,#3945,#3946,#3947,#3948,
#3949,#3950,#3951,#3952,#3953,#3954,#3955,#3956,#3957),(#3958,#3959,#3960,#3961,
#3962,#3963,#3964,#3965,#3966,#3967,#3968,#3969,#3970,#3971,#3972,#3973,#3974,
#3975,#3976,#3977,#3978,#3979,#3980,#3981,#3982,#3983,#3984,#3985,#3986,#3987,
#3988,#3989,#3990,#3991,#3992,#3993,#3994,#3995,#3996,#3997,#3998,#3999,#4000,
#4001,#4002,#4003,#4004,#4005,#4006,#4007,#4008,#4009,#4010,#4011,#4012,#4013,
#4014,#4015,#4016,#4017,#4018,#4019,#4020,#4021,#4022,#4023,#4024,#4025,#4026,
#4027,#4028,#4029,#4030,#4031,#4032,#4033,#4034,#4035,#4036,#4037,#4038,#4039,
#4040,#4041,#4042,#4043,#4044,#4045,#4046,#4047,#4048,#4049,#4050,#4051,#4052,
#4053,#4054,#4055,#4056,#4057,#4058,#4059,#4060,#4061,#4062,#4063,#4064,#4065,
#4066,#4067,#4068,#4069,#4070,#4071,#4072,#4073,#4074,#4075,#4076,#4077,#4078,
#4079,#4080,#4081,#4082,#4083,#4084,#4085,#4086,#4087,#4088),(#4089,#4090,#4091,
#4092,#4093,#4094,#4095,#4096,#4097,#4098,#4099,#4100,#4101,#4102,#4103,#4104,
#4105,#4106,#4107,#4108,#4109,#4110,#4111,#4112,#4113,#4114,#4115,#4116,#4117,
#4118,#4119,#4120,#4121,#4122,#4123,#4124,#4125,#4126,#4127,#4128,#4129,#4130,
#4131,#4132,#4133,#4134,#4135,#4136,#4137,#4138,#4139,#4140,#4141,#4142,#4143,
#4144,#4145,#4146,#4147,#4148,#4149,#4150,#4151,#4152,#4153,#4154,#4155,#4156,
#4157,#4158,#4159,#4160,#4161,#4162,#4163,#4164,#4165,#4166,#4167,#4168,#4169,
#4170,#4171,#4172,#4173,#4174,#4175,#4176,#4177,#4178,#4179,#4180,#4181,#4182,
#4183,#4184,#4185,#4186,#4187,#4188,#4189,#4190,#4191,#4192,#4193,#4194,#4195,
#4196,#4197,#4198,#4199,#4200,#4201,#4202,#4203,#4204,#4205,#4206,#4207,#4208,
#4209,#4210,#4211,#4212,#4213,#4214,#4215,#4216,#4217,#4218,#4219)),
.UNSPECIFIED.,.F.,.F.,.F.,(4,4),(4,1,1,1,1,1,1,1,1,1,1,1,1,1,1,1,1,1,1,1,1,1,1,
1,1,1,1,1,1,1,1,1,1,1,1,1,1,1,1,1,1,1,1,1,1,1,1,1,1,1,1,1,1,1,1,1,1,1,1,1,1,1,1,
1,1,1,1,1,1,1,1,1,1,1,1,1,1,1,1,1,1,1,1,1,1,1,1,1,1,1,1,1,1,1,1,1,1,1,1,1,1,1,1,
1,1,1,1,1,1,1,1,1,1,1,1,1,1,1,1,1,1,1,1,1,1,1,1,1,4),(0.E0,1.E0),(0.E0,
7.8125E-3,1.5625E-2,2.34375E-2,3.125E-2,3.90625E-2,4.6875E-2,5.46875E-2,6.25E-2,
7.03125E-2,7.8125E-2,8.59375E-2,9.375E-2,1.015625E-1,1.09375E-1,1.171875E-1,
1.25E-1,1.328125E-1,1.40625E-1,1.484375E-1,1.5625E-1,1.640625E-1,1.71875E-1,
1.796875E-1,1.875E-1,1.953125E-1,2.03125E-1,2.109375E-1,2.1875E-1,2.265625E-1,
2.34375E-1,2.421875E-1,2.5E-1,2.578125E-1,2.65625E-1,2.734375E-1,2.8125E-1,
2.890625E-1,2.96875E-1,3.046875E-1,3.125E-1,3.203125E-1,3.28125E-1,3.359375E-1,
3.4375E-1,3.515625E-1,3.59375E-1,3.671875E-1,3.75E-1,3.828125E-1,3.90625E-1,
3.984375E-1,4.0625E-1,4.140625E-1,4.21875E-1,4.296875E-1,4.375E-1,4.453125E-1,
4.53125E-1,4.609375E-1,4.6875E-1,4.765625E-1,4.84375E-1,4.921875E-1,5.E-1,
5.078125E-1,5.15625E-1,5.234375E-1,5.3125E-1,5.390625E-1,5.46875E-1,5.546875E-1,
5.625E-1,5.703125E-1,5.78125E-1,5.859375E-1,5.9375E-1,6.015625E-1,6.09375E-1,
6.171875E-1,6.25E-1,6.328125E-1,6.40625E-1,6.484375E-1,6.5625E-1,6.640625E-1,
6.71875E-1,6.796875E-1,6.875E-1,6.953125E-1,7.03125E-1,7.109375E-1,7.1875E-1,
7.265625E-1,7.34375E-1,7.421875E-1,7.5E-1,7.578125E-1,7.65625E-1,7.734375E-1,
7.8125E-1,7.890625E-1,7.96875E-1,8.046875E-1,8.125E-1,8.203125E-1,8.28125E-1,
8.359375E-1,8.4375E-1,8.515625E-1,8.59375E-1,8.671875E-1,8.75E-1,8.828125E-1,
8.90625E-1,8.984375E-1,9.0625E-1,9.140625E-1,9.21875E-1,9.296875E-1,9.375E-1,
9.453125E-1,9.53125E-1,9.609375E-1,9.6875E-1,9.765625E-1,9.84375E-1,9.921875E-1,
1.E0),.UNSPECIFIED.);
#4221=ORIENTED_EDGE('',*,*,#3684,.T.);
#4222=ORIENTED_EDGE('',*,*,#3682,.F.);
#4223=ORIENTED_EDGE('',*,*,#3137,.T.);
#4225=ORIENTED_EDGE('',*,*,#4224,.T.);
#4227=ORIENTED_EDGE('',*,*,#4226,.T.);
#4228=ORIENTED_EDGE('',*,*,#1395,.T.);
#4229=ORIENTED_EDGE('',*,*,#1446,.T.);
#4230=ORIENTED_EDGE('',*,*,#1305,.T.);
#4232=ORIENTED_EDGE('',*,*,#4231,.F.);
#4234=ORIENTED_EDGE('',*,*,#4233,.F.);
#4236=ORIENTED_EDGE('',*,*,#4235,.F.);
#4238=ORIENTED_EDGE('',*,*,#4237,.F.);
#4240=ORIENTED_EDGE('',*,*,#4239,.T.);
#4241=ORIENTED_EDGE('',*,*,#3686,.T.);
#4242=EDGE_LOOP('',(#4221,#4222,#4223,#4225,#4227,#4228,#4229,#4230,#4232,#4234,
#4236,#4238,#4240,#4241));
#4243=FACE_OUTER_BOUND('',#4242,.F.);
#4244=ADVANCED_FACE('',(#4243),#4220,.F.);
#4245=CARTESIAN_POINT('',(6.669702833713E0,4.557735029002E0,-2.531532668052E0));
#4246=CARTESIAN_POINT('',(6.792773399709E0,4.549997704821E0,-2.207284787259E0));
#4247=CARTESIAN_POINT('',(6.991539600780E0,4.534523056459E0,-1.540810775370E0));
#4248=CARTESIAN_POINT('',(7.141237540897E0,4.511311083916E0,
-5.083812652057E-1));
#4249=CARTESIAN_POINT('',(7.139304473584E0,4.488099111373E0,5.348421595156E-1));
#4250=CARTESIAN_POINT('',(6.985781736265E0,4.464887138830E0,1.566709377526E0));
#4251=CARTESIAN_POINT('',(6.683929017802E0,4.441675166287E0,2.565310418613E0));
#4252=CARTESIAN_POINT('',(6.240155615161E0,4.418463193744E0,3.509441919101E0));
#4253=CARTESIAN_POINT('',(5.663884218070E0,4.395251221201E0,4.379057003657E0));
#4254=CARTESIAN_POINT('',(4.967350869634E0,4.372039248658E0,5.155691031985E0));
#4255=CARTESIAN_POINT('',(4.165345147882E0,4.348827276115E0,5.822853636979E0));
#4256=CARTESIAN_POINT('',(3.274896139260E0,4.325615303572E0,6.366378873105E0));
#4257=CARTESIAN_POINT('',(2.314910857282E0,4.302403331029E0,6.774726001961E0));
#4258=CARTESIAN_POINT('',(1.305772787766E0,4.279191358486E0,7.039224538651E0));
#4259=CARTESIAN_POINT('',(2.689090837131E-1,4.255979385943E0,7.154258353142E0));
#4260=CARTESIAN_POINT('',(-7.736644000565E-1,4.232767413400E0,
7.117384918276E0));
#4261=CARTESIAN_POINT('',(-1.799810572267E0,4.209555440857E0,6.929387172237E0));
#4262=CARTESIAN_POINT('',(-2.787741144775E0,4.186343468315E0,6.594256894340E0));
#4263=CARTESIAN_POINT('',(-3.716479265972E0,4.163131495772E0,6.119109947077E0));
#4264=CARTESIAN_POINT('',(-4.566304924867E0,4.139919523229E0,5.514035184141E0));
#4265=CARTESIAN_POINT('',(-5.319173668506E0,4.116707550686E0,4.791880232548E0));
#4266=CARTESIAN_POINT('',(-5.959099742065E0,4.093495578143E0,3.967978697389E0));
#4267=CARTESIAN_POINT('',(-6.472495516355E0,4.070283605600E0,3.059824581504E0));
#4268=CARTESIAN_POINT('',(-6.848459995626E0,4.047071633057E0,2.086700833163E0));
#4269=CARTESIAN_POINT('',(-7.079010279752E0,4.023859660514E0,1.069269908850E0));
#4270=CARTESIAN_POINT('',(-7.159251066137E0,4.000647687971E0,
2.913504477781E-2));
#4271=CARTESIAN_POINT('',(-7.087478592272E0,3.977435715428E0,
-1.011618447291E0));
#4272=CARTESIAN_POINT('',(-6.865216811942E0,3.954223742885E0,
-2.030892120189E0));
#4273=CARTESIAN_POINT('',(-6.497185036921E0,3.931011770342E0,
-3.007043610396E0));
#4274=CARTESIAN_POINT('',(-5.991197731248E0,3.907799797799E0,
-3.919346173012E0));
#4275=CARTESIAN_POINT('',(-5.357998585745E0,3.884587825256E0,
-4.748428775286E0));
#4276=CARTESIAN_POINT('',(-4.611032395910E0,3.861375852713E0,
-5.476687404141E0));
#4277=CARTESIAN_POINT('',(-3.766159586914E0,3.838163880170E0,
-6.088658854355E0));
#4278=CARTESIAN_POINT('',(-2.841319447237E0,3.814951907627E0,
-6.571349060700E0));
#4279=CARTESIAN_POINT('',(-1.856149221551E0,3.791739935084E0,
-6.914509002536E0));
#4280=CARTESIAN_POINT('',(-8.315671506781E-1,3.768527962541E0,
-7.110852322523E0));
#4281=CARTESIAN_POINT('',(2.106716879943E-1,3.745315989998E0,
-7.156210038749E0));
#4282=CARTESIAN_POINT('',(1.248437308751E0,3.722104017455E0,-7.049619065236E0));
#4283=CARTESIAN_POINT('',(2.259694706263E0,3.698892044912E0,-6.793342661260E0));
#4284=CARTESIAN_POINT('',(3.222971727575E0,3.675680072369E0,-6.392822375294E0));
#4285=CARTESIAN_POINT('',(4.117814992972E0,3.652468099826E0,-5.856562503933E0));
#4286=CARTESIAN_POINT('',(4.925224185111E0,3.629256127283E0,-5.195949519117E0));
#4287=CARTESIAN_POINT('',(5.628055485105E0,3.606044154740E0,-4.425010297772E0));
#4288=CARTESIAN_POINT('',(6.211385589339E0,3.582832182198E0,-3.560114287403E0));
#4289=CARTESIAN_POINT('',(6.662828577815E0,3.559620209655E0,-2.619625931592E0));
#4290=CARTESIAN_POINT('',(6.972798905919E0,3.536408237112E0,-1.623514735514E0));
#4291=CARTESIAN_POINT('',(7.134714935472E0,3.513196264569E0,
-5.929312509614E-1));
#4292=CARTESIAN_POINT('',(7.145138683463E0,3.489984292026E0,4.502420159201E-1));
#4293=CARTESIAN_POINT('',(7.003848821165E0,3.466772319483E0,1.483855238586E0));
#4294=CARTESIAN_POINT('',(6.713845373639E0,3.443560346940E0,2.485961580090E0));
#4295=CARTESIAN_POINT('',(6.281286019828E0,3.420348374397E0,3.435283192974E0));
#4296=CARTESIAN_POINT('',(5.715355345803E0,3.397136401854E0,4.311663014431E0));
#4297=CARTESIAN_POINT('',(5.028069827317E0,3.373924429311E0,5.096492763699E0));
#4298=CARTESIAN_POINT('',(4.234022682488E0,3.350712456768E0,5.773108053985E0));
#4299=CARTESIAN_POINT('',(3.350074012209E0,3.327500484225E0,6.327142229438E0));
#4300=CARTESIAN_POINT('',(2.394992807539E0,3.304288511682E0,6.746831414127E0));
#4301=CARTESIAN_POINT('',(1.389058425410E0,3.281076539139E0,7.023264295868E0));
#4302=CARTESIAN_POINT('',(3.536299945347E-1,3.257864566596E0,7.150571341213E0));
#4303=CARTESIAN_POINT('',(-6.893071055981E-1,3.234652594053E0,
7.126049423979E0));
#4304=CARTESIAN_POINT('',(-1.717608063002E0,3.211440621510E0,6.950219221055E0));
#4305=CARTESIAN_POINT('',(-2.709438836713E0,3.188228648967E0,6.626814156812E0));
#4306=CARTESIAN_POINT('',(-3.643739761672E0,3.165016676424E0,6.162701130837E0));
#4307=CARTESIAN_POINT('',(-4.500672711189E0,3.141804703881E0,5.567734712212E0));
#4308=CARTESIAN_POINT('',(-5.262042322331E0,3.118592731338E0,4.854547896232E0));
#4309=CARTESIAN_POINT('',(-5.911682340308E0,3.095380758795E0,4.038283866459E0));
#4310=CARTESIAN_POINT('',(-6.435798878552E0,3.072168786252E0,3.136274457640E0));
#4311=CARTESIAN_POINT('',(-6.823263306009E0,3.048956813709E0,2.167672146724E0));
#4312=CARTESIAN_POINT('',(-7.065848542738E0,3.025744841166E0,1.153043385955E0));
#4313=CARTESIAN_POINT('',(-7.158403746510E0,3.002532868623E0,
1.139319128619E-1));
#4314=CARTESIAN_POINT('',(-7.098963681274E0,2.979320896081E0,
-9.275986905787E-1));
#4315=CARTESIAN_POINT('',(-6.888790445263E0,2.956108923538E0,
-1.949433476698E0));
#4316=CARTESIAN_POINT('',(-6.532346672699E0,2.932896950995E0,
-2.929875701543E0));
#4317=CARTESIAN_POINT('',(-6.037200778137E0,2.909684978452E0,
-3.848107514516E0));
#4318=CARTESIAN_POINT('',(-5.413866255381E0,2.886473005909E0,
-4.684631986363E0));
#4319=CARTESIAN_POINT('',(-4.675578443178E0,2.863261033366E0,
-5.421687089874E0));
#4320=CARTESIAN_POINT('',(-3.838013497636E0,2.840049060823E0,
-6.043622843194E0));
#4321=CARTESIAN_POINT('',(-2.918955538473E0,2.816837088280E0,
-6.537233607822E0));
#4322=CARTESIAN_POINT('',(-1.937919036606E0,2.793625115737E0,
-6.892038485555E0));
#4323=CARTESIAN_POINT('',(-9.157344609906E-1,2.770413143194E0,
-7.100503860697E0));
#4324=CARTESIAN_POINT('',(1.258940172969E-1,2.747201170651E0,
-7.158203362243E0));
#4325=CARTESIAN_POINT('',(1.164849372399E0,2.723989198108E0,-7.063911849566E0));
#4326=CARTESIAN_POINT('',(2.179071337212E0,2.700777225565E0,-6.819631425976E0));
#4327=CARTESIAN_POINT('',(3.147024811756E0,2.677565253022E0,-6.430548927813E0));
#4328=CARTESIAN_POINT('',(4.048157120609E0,2.654353280479E0,-5.904925791716E0));
#4329=CARTESIAN_POINT('',(4.863334410393E0,2.631141307936E0,-5.253922638515E0));
#4330=CARTESIAN_POINT('',(5.575247921247E0,2.607929335393E0,-4.491362298396E0));
#4331=CARTESIAN_POINT('',(6.168781505851E0,2.584717362850E0,-3.633436309044E0));
#4332=CARTESIAN_POINT('',(6.631332592454E0,2.561505390307E0,-2.698361118730E0));
#4333=CARTESIAN_POINT('',(6.953079776824E0,2.538293417764E0,-1.705991294215E0));
#4334=CARTESIAN_POINT('',(7.127191361341E0,2.515081445221E0,
-6.773979462898E-1));
#4335=CARTESIAN_POINT('',(7.149970413273E0,2.491869472678E0,3.655786757164E-1));
#4336=CARTESIAN_POINT('',(7.020933262201E0,2.468657500135E0,1.400792920644E0));
#4337=CARTESIAN_POINT('',(6.742819769859E0,2.445445527592E0,2.406263956844E0));
#4338=CARTESIAN_POINT('',(6.321535154307E0,2.422233555049E0,3.360642493881E0));
#4339=CARTESIAN_POINT('',(5.766024603708E0,2.399021582506E0,4.243664094654E0));
#4340=CARTESIAN_POINT('',(5.088083342048E0,2.375809609964E0,5.036579452683E0));
#4341=CARTESIAN_POINT('',(4.302106179692E0,2.352597637421E0,5.722552498446E0));
#4342=CARTESIAN_POINT('',(3.424781866598E0,2.329385664878E0,6.287017881717E0));
#4343=CARTESIAN_POINT('',(2.474738738034E0,2.306173692335E0,6.717990239446E0));
#4344=CARTESIAN_POINT('',(1.472149176839E0,2.282961719792E0,7.006318682443E0));
#4345=CARTESIAN_POINT('',(4.383012907327E-1,2.259749747249E0,7.145881097342E0));
#4346=CARTESIAN_POINT('',(-6.048531006991E-1,2.236537774706E0,
7.133714138188E0));
#4347=CARTESIAN_POINT('',(-1.635164571697E0,2.213325802163E0,6.970076147524E0));
#4348=CARTESIAN_POINT('',(-2.630756391813E0,2.190113829620E0,6.658441670973E0));
#4349=CARTESIAN_POINT('',(-3.570489037228E0,2.166901857077E0,6.205427681784E0));
#4350=CARTESIAN_POINT('',(-4.434409048860E0,2.143689884534E0,5.620653081823E0));
#4351=CARTESIAN_POINT('',(-5.204172706627E0,2.120477911991E0,4.916534462242E0));
#4352=CARTESIAN_POINT('',(-5.863435523911E0,2.097265939448E0,4.108022460473E0));
#4353=CARTESIAN_POINT('',(-6.398199292061E0,2.074053966905E0,3.212284311496E0));
#4354=CARTESIAN_POINT('',(-6.797109306079E0,2.050841994362E0,2.248339333826E0));
#4355=CARTESIAN_POINT('',(-7.051695460472E0,2.027630021819E0,1.236655089979E0));
#4356=CARTESIAN_POINT('',(-7.156552096048E0,2.004418049276E0,
1.987127961904E-1));
#4357=CARTESIAN_POINT('',(-7.109452778939E0,1.981206076733E0,
-8.434487908901E-1));
#4358=CARTESIAN_POINT('',(-6.911397574750E0,1.957994104190E0,
-1.867701325841E0));
#4359=CARTESIAN_POINT('',(-6.566591814043E0,1.934782131647E0,
-2.852296728349E0));
#4360=CARTESIAN_POINT('',(-6.082356800031E0,1.911570159104E0,
-3.776328962886E0));
#4361=CARTESIAN_POINT('',(-5.468974354446E0,1.888358186561E0,
-4.620177939130E0));
#4362=CARTESIAN_POINT('',(-4.739468502355E0,1.865146214018E0,
-5.365926107765E0));
#4363=CARTESIAN_POINT('',(-3.909328931424E0,1.841934241475E0,
-5.997738906015E0));
#4364=CARTESIAN_POINT('',(-2.996182097479E0,1.818722268932E0,
-6.502200974870E0));
#4365=CARTESIAN_POINT('',(-2.019416959776E0,1.795510296389E0,
-6.868601009029E0));
#4366=CARTESIAN_POINT('',(-9.997732929106E-1,1.772298323847E0,
-7.089159191479E0));
#4367=CARTESIAN_POINT('',(4.109868362733E-2,1.749086351304E0,
-7.159192382887E0));
#4368=CARTESIAN_POINT('',(1.081098006286E0,1.725874378761E0,-7.077213560843E0));
#4369=CARTESIAN_POINT('',(2.098142243468E0,1.702662406218E0,-6.844963388145E0));
#4370=CARTESIAN_POINT('',(3.070636361332E0,1.679450433675E0,-6.467373274895E0));
#4371=CARTESIAN_POINT('',(3.977931303038E0,1.656238461132E0,-5.952460587895E0));
#4372=CARTESIAN_POINT('',(4.800762248981E0,1.633026488589E0,-5.311158720570E0));
#4373=CARTESIAN_POINT('',(5.521658354794E0,1.609814516046E0,-4.557083809598E0));
#4374=CARTESIAN_POINT('',(5.924093553478E0,1.594339867684E0,-3.989861170706E0));
#4375=CARTESIAN_POINT('',(6.103635352588E0,1.586602543503E0,-3.693132684062E0));
#4376=CARTESIAN_POINT('',(6.939591286112E0,4.391068362335E0,-2.633970730289E0));
#4377=CARTESIAN_POINT('',(7.067641882767E0,4.383331038154E0,-2.296602211152E0));
#4378=CARTESIAN_POINT('',(7.274451126194E0,4.367856389792E0,-1.603159435569E0));
#4379=CARTESIAN_POINT('',(7.430206569380E0,4.344644417249E0,
-5.289528313334E-1));
#4380=CARTESIAN_POINT('',(7.428195280809E0,4.321432444706E0,5.564844614755E-1));
#4381=CARTESIAN_POINT('',(7.268460270617E0,4.298220472163E0,1.630106020495E0));
#4382=CARTESIAN_POINT('',(6.954393130453E0,4.275008499620E0,2.669115292094E0));
#4383=CARTESIAN_POINT('',(6.492662508451E0,4.251796527077E0,3.651450921892E0));
#4384=CARTESIAN_POINT('',(5.893072381965E0,4.228584554534E0,4.556254840975E0));
#4385=CARTESIAN_POINT('',(5.168353923616E0,4.205372581992E0,5.364315240344E0));
#4386=CARTESIAN_POINT('',(4.333895169330E0,4.182160609449E0,6.058474472841E0));
#4387=CARTESIAN_POINT('',(3.407414284795E0,4.158948636906E0,6.623993370226E0));
#4388=CARTESIAN_POINT('',(2.408583352788E0,4.135736664363E0,7.048864199971E0));
#4389=CARTESIAN_POINT('',(1.358610673600E0,4.112524691820E0,7.324065627406E0));
#4390=CARTESIAN_POINT('',(2.797904465337E-1,4.089312719277E0,7.443754266699E0));
#4391=CARTESIAN_POINT('',(-8.049706055672E-1,4.066100746734E0,
7.405388754221E0));
#4392=CARTESIAN_POINT('',(-1.872639617589E0,4.042888774191E0,7.209783709627E0));
#4393=CARTESIAN_POINT('',(-2.900546641813E0,4.019676801648E0,6.861092438937E0));
#4394=CARTESIAN_POINT('',(-3.866866001704E0,3.996464829105E0,6.366718746877E0));
#4395=CARTESIAN_POINT('',(-4.751079719199E0,3.973252856562E0,5.737159730980E0));
#4396=CARTESIAN_POINT('',(-5.534413175457E0,3.950040884019E0,4.985782895424E0));
#4397=CARTESIAN_POINT('',(-6.200233754656E0,3.926828911476E0,4.128542317162E0));
#4398=CARTESIAN_POINT('',(-6.734404006377E0,3.903616938933E0,3.183639891047E0));
#4399=CARTESIAN_POINT('',(-7.125581827831E0,3.880404966390E0,2.171138846748E0));
#4400=CARTESIAN_POINT('',(-7.365461292122E0,3.857192993847E0,1.112537743729E0));
#4401=CARTESIAN_POINT('',(-7.448949009021E0,3.833981021304E0,
3.031398967861E-2));
#4402=CARTESIAN_POINT('',(-7.374272273546E0,3.810769048761E0,
-1.052553425050E0));
#4403=CARTESIAN_POINT('',(-7.143016706023E0,3.787557076218E0,
-2.113071843180E0));
#4404=CARTESIAN_POINT('',(-6.760092584421E0,3.764345103675E0,
-3.128723146433E0));
#4405=CARTESIAN_POINT('',(-6.233630583808E0,3.741133131132E0,
-4.077941885509E0));
#4406=CARTESIAN_POINT('',(-5.574809136727E0,3.717921158589E0,
-4.940573181932E0));
#4407=CARTESIAN_POINT('',(-4.797617080164E0,3.694709186046E0,
-5.698300679070E0));
#4408=CARTESIAN_POINT('',(-3.918556628842E0,3.671497213503E0,
-6.335035455586E0));
#4409=CARTESIAN_POINT('',(-2.956292981667E0,3.648285240960E0,
-6.837257643494E0));
#4410=CARTESIAN_POINT('',(-1.931258001255E0,3.625073268417E0,
-7.194303497182E0));
#4411=CARTESIAN_POINT('',(-8.652163816796E-1,3.601861295875E0,
-7.398591818032E0));
#4412=CARTESIAN_POINT('',(2.191964839642E-1,3.578649323332E0,
-7.445784926949E0));
#4413=CARTESIAN_POINT('',(1.298955123648E0,3.555437350789E0,-7.334880766837E0));
#4414=CARTESIAN_POINT('',(2.351132889099E0,3.532225378246E0,-7.068234179395E0));
#4415=CARTESIAN_POINT('',(3.353388760143E0,3.509013405703E0,-6.651506904478E0));
#4416=CARTESIAN_POINT('',(4.284441714346E0,3.485801433160E0,-6.093547363674E0));
#4417=CARTESIAN_POINT('',(5.124522589580E0,3.462589460617E0,-5.406202780682E0));
#4418=CARTESIAN_POINT('',(5.855793845084E0,3.439377488074E0,-4.604067627745E0));
#4419=CARTESIAN_POINT('',(6.462728308161E0,3.416165515531E0,-3.704173739427E0));
#4420=CARTESIAN_POINT('',(6.932438864555E0,3.392953542988E0,-2.725628673569E0));
#4421=CARTESIAN_POINT('',(7.254952092130E0,3.369741570445E0,-1.689209998157E0));
#4422=CARTESIAN_POINT('',(7.423420027776E0,3.346529597902E0,
-6.169241186634E-1));
#4423=CARTESIAN_POINT('',(7.434265571052E0,3.323317625359E0,4.684609866766E-1));
#4424=CARTESIAN_POINT('',(7.287258437202E0,3.300105652816E0,1.543899202150E0));
#4425=CARTESIAN_POINT('',(6.985520046816E0,3.276893680273E0,2.586555615582E0));
#4426=CARTESIAN_POINT('',(6.535457248327E0,3.253681707730E0,3.574291374841E0));
#4427=CARTESIAN_POINT('',(5.946626280603E0,3.230469735187E0,4.486133764814E0));
#4428=CARTESIAN_POINT('',(5.231529864156E0,3.207257762644E0,5.302721523654E0));
#4429=CARTESIAN_POINT('',(4.405351729328E0,3.184045790101E0,6.006715942833E0));
#4430=CARTESIAN_POINT('',(3.485634218281E0,3.160833817558E0,6.583169022083E0));
#4431=CARTESIAN_POINT('',(2.491905806281E0,3.137621845015E0,7.019840862127E0));
#4432=CARTESIAN_POINT('',(1.445266451175E0,3.114409872472E0,7.307459555966E0));
#4433=CARTESIAN_POINT('',(3.679395753851E-1,3.091197899929E0,7.439918060425E0));
#4434=CARTESIAN_POINT('',(-7.171998067568E-1,3.067985927386E0,
7.414403867753E0));
#4435=CARTESIAN_POINT('',(-1.787110797009E0,3.044773954843E0,7.231458723950E0));
#4436=CARTESIAN_POINT('',(-2.819075843450E0,3.021561982301E0,6.894967125799E0));
#4437=CARTESIAN_POINT('',(-3.791183105063E0,2.998350009758E0,6.412073840877E0));
#4438=CARTESIAN_POINT('',(-4.682791708551E0,2.975138037215E0,5.793032201818E0));
#4439=CARTESIAN_POINT('',(-5.474970018548E0,2.951926064672E0,5.050986396039E0));
#4440=CARTESIAN_POINT('',(-6.150897615363E0,2.928714092129E0,4.201692373591E0));
#4441=CARTESIAN_POINT('',(-6.696222445027E0,2.905502119586E0,3.263183299125E0));
#4442=CARTESIAN_POINT('',(-7.099365558221E0,2.882290147043E0,2.255386651489E0));
#4443=CARTESIAN_POINT('',(-7.351766967537E0,2.859078174500E0,1.199701101110E0));
#4444=CARTESIAN_POINT('',(-7.448067402742E0,2.835866201957E0,
1.185421493908E-1));
#4445=CARTESIAN_POINT('',(-7.386222104827E0,2.812654229414E0,
-9.651338223964E-1));
#4446=CARTESIAN_POINT('',(-7.167544242625E0,2.789442256871E0,
-2.028316988782E0));
#4447=CARTESIAN_POINT('',(-6.796677030136E0,2.766230284328E0,
-3.048432650559E0));
#4448=CARTESIAN_POINT('',(-6.281495136590E0,2.743018311785E0,
-4.003820566155E0));
#4449=CARTESIAN_POINT('',(-5.632937482629E0,2.719806339242E0,
-4.874194866207E0));
#4450=CARTESIAN_POINT('',(-4.864774972853E0,2.696594366699E0,
-5.641074785932E0));
#4451=CARTESIAN_POINT('',(-3.993318096505E0,2.673382394156E0,
-6.288177069477E0));
#4452=CARTESIAN_POINT('',(-3.037070604847E0,2.650170421613E0,
-6.801761714302E0));
#4453=CARTESIAN_POINT('',(-2.016336618724E0,2.626958449070E0,
-7.170923714346E0));
#4454=CARTESIAN_POINT('',(-9.527895086663E-1,2.603746476527E0,
-7.387824607362E0));
#4455=CARTESIAN_POINT('',(1.309882984578E-1,2.580534503984E0,
-7.447858909958E0));
#4456=CARTESIAN_POINT('',(1.211984814897E0,2.557322531441E0,-7.349751906386E0));
#4457=CARTESIAN_POINT('',(2.267247108387E0,2.534110558898E0,-7.095586714746E0));
#4458=CARTESIAN_POINT('',(3.274368664591E0,2.510898586355E0,-6.690760055877E0));
#4459=CARTESIAN_POINT('',(4.211965147382E0,2.487686613812E0,-6.143867664119E0));
#4460=CARTESIAN_POINT('',(5.060128455082E0,2.464474641269E0,-5.466521773032E0));
#4461=CARTESIAN_POINT('',(5.800849431647E0,2.441262668726E0,-4.673104551402E0));
#4462=CARTESIAN_POINT('',(6.418400257288E0,2.418050696184E0,-3.780462724881E0));
#4463=CARTESIAN_POINT('',(6.899668399212E0,2.394838723641E0,-2.807549867390E0));
#4464=CARTESIAN_POINT('',(7.234435031647E0,2.371626751098E0,-1.775023957540E0));
#4465=CARTESIAN_POINT('',(7.415592013428E0,2.348414778555E0,
-7.048087452326E-1));
#4466=CARTESIAN_POINT('',(7.439292816032E0,2.325202806012E0,3.803717580290E-1));
#4467=CARTESIAN_POINT('',(7.305034197397E0,2.301990833469E0,1.457475780872E0));
#4468=CARTESIAN_POINT('',(7.015666887320E0,2.278778860926E0,2.503633040830E0));
#4469=CARTESIAN_POINT('',(6.577335057559E0,2.255566888383E0,3.496630351864E0));
#4470=CARTESIAN_POINT('',(5.999345861879E0,2.232354915840E0,4.415383279685E0));
#4471=CARTESIAN_POINT('',(5.293971816108E0,2.209142943297E0,5.240383830143E0));
#4472=CARTESIAN_POINT('',(4.476190214295E0,2.185930970754E0,5.954114664870E0));
#4473=CARTESIAN_POINT('',(3.563365113982E0,2.162718998211E0,6.541421049086E0));
#4474=CARTESIAN_POINT('',(2.574878643027E0,2.139507025668E0,6.989832633952E0));
#4475=CARTESIAN_POINT('',(1.531719456496E0,2.116295053125E0,7.289828241019E0));
#4476=CARTESIAN_POINT('',(4.560370819650E-1,2.093083080582E0,7.435038026590E0));
#4477=CARTESIAN_POINT('',(-6.293283841332E-1,2.069871108039E0,
7.422378733391E0));
#4478=CARTESIAN_POINT('',(-1.701331243088E0,2.046659135496E0,7.252119157754E0));
#4479=CARTESIAN_POINT('',(-2.737209526073E0,2.023447162953E0,6.927874442233E0));
#4480=CARTESIAN_POINT('',(-3.714968301836E0,2.000235190410E0,6.456529314835E0));
#4481=CARTESIAN_POINT('',(-4.613846697784E0,1.977023217867E0,5.848091904743E0));
#4482=CARTESIAN_POINT('',(-5.414758718152E0,1.953811245324E0,5.115481238473E0));
#4483=CARTESIAN_POINT('',(-6.100698499301E0,1.930599272781E0,4.274252928594E0));
#4484=CARTESIAN_POINT('',(-6.657101397317E0,1.907387300238E0,3.342268879491E0));
#4485=CARTESIAN_POINT('',(-7.072153240890E0,1.884175327695E0,2.339318023343E0));
#4486=CARTESIAN_POINT('',(-7.337041183073E0,1.860963355152E0,1.286696139289E0));
#4487=CARTESIAN_POINT('',(-7.446140825542E0,1.837751382609E0,
2.067536775270E-1));
#4488=CARTESIAN_POINT('',(-7.397135642142E0,1.814539410067E0,
-8.775788105517E-1));
#4489=CARTESIAN_POINT('',(-7.191066165971E0,1.791327437524E0,
-1.943277559586E0));
#4490=CARTESIAN_POINT('',(-6.832307895616E0,1.768115464981E0,
-2.967714456694E0));
#4491=CARTESIAN_POINT('',(-6.328478389647E0,1.744903492438E0,
-3.929137506978E0));
#4492=CARTESIAN_POINT('',(-5.690275522060E0,1.721691519895E0,
-4.807132696319E0));
#4493=CARTESIAN_POINT('',(-4.931250332999E0,1.698479547352E0,
-5.583057444651E0));
#4494=CARTESIAN_POINT('',(-4.067519297851E0,1.675267574809E0,
-6.240436446160E0));
#4495=CARTESIAN_POINT('',(-3.117422124142E0,1.652055602266E0,
-6.765311491493E0));
#4496=CARTESIAN_POINT('',(-2.101132342247E0,1.628843629723E0,
-7.146537844101E0));
#4497=CARTESIAN_POINT('',(-1.040228958403E0,1.605631657180E0,
-7.376020877929E0));
#4498=CARTESIAN_POINT('',(4.276173524993E-2,1.582419684637E0,
-7.448887951163E0));
#4499=CARTESIAN_POINT('',(1.124844463224E0,1.559207712094E0,-7.363591869271E0));
#4500=CARTESIAN_POINT('',(2.183043231881E0,1.535995739551E0,-7.121943730690E0));
#4501=CARTESIAN_POINT('',(3.194889167807E0,1.512783767008E0,-6.729074494240E0));
#4502=CARTESIAN_POINT('',(4.138897653398E0,1.489571794465E0,-6.193325948180E0));
#4503=CARTESIAN_POINT('',(4.995024321223E0,1.466359821922E0,-5.526073903942E0));
#4504=CARTESIAN_POINT('',(5.745091372008E0,1.443147849379E0,-4.741485472984E0));
#4505=CARTESIAN_POINT('',(6.163811046278E0,1.427673201017E0,-4.151310261242E0));
#4506=CARTESIAN_POINT('',(6.350617975411E0,1.419935876836E0,-3.842574704113E0));
#4507=CARTESIAN_POINT('',(7.209479738511E0,4.224401695669E0,-2.736408792525E0));
#4508=CARTESIAN_POINT('',(7.342510365824E0,4.216664371488E0,-2.385919635045E0));
#4509=CARTESIAN_POINT('',(7.557362651608E0,4.201189723126E0,-1.665508095767E0));
#4510=CARTESIAN_POINT('',(7.719175597863E0,4.177977750583E0,
-5.495243974610E-1));
#4511=CARTESIAN_POINT('',(7.717086088035E0,4.154765778040E0,5.781267634353E-1));
#4512=CARTESIAN_POINT('',(7.551138804970E0,4.131553805497E0,1.693502663465E0));
#4513=CARTESIAN_POINT('',(7.224857243103E0,4.108341832954E0,2.772920165574E0));
#4514=CARTESIAN_POINT('',(6.745169401741E0,4.085129860411E0,3.793459924684E0));
#4515=CARTESIAN_POINT('',(6.122260545860E0,4.061917887868E0,4.733452678292E0));
#4516=CARTESIAN_POINT('',(5.369356977598E0,4.038705915325E0,5.572939448703E0));
#4517=CARTESIAN_POINT('',(4.502445190778E0,4.015493942782E0,6.294095308703E0));
#4518=CARTESIAN_POINT('',(3.539932430330E0,3.992281970239E0,6.881607867346E0));
#4519=CARTESIAN_POINT('',(2.502255848293E0,3.969069997696E0,7.323002397981E0));
#4520=CARTESIAN_POINT('',(1.411448559434E0,3.945858025153E0,7.608906716161E0));
#4521=CARTESIAN_POINT('',(2.906718093544E-1,3.922646052610E0,7.733250180255E0));
#4522=CARTESIAN_POINT('',(-8.362768110780E-1,3.899434080067E0,
7.693392590166E0));
#4523=CARTESIAN_POINT('',(-1.945468662912E0,3.876222107524E0,7.490180247017E0));
#4524=CARTESIAN_POINT('',(-3.013352138851E0,3.853010134981E0,7.127927983535E0));
#4525=CARTESIAN_POINT('',(-4.017252737437E0,3.829798162438E0,6.614327546677E0));
#4526=CARTESIAN_POINT('',(-4.935854513532E0,3.806586189895E0,5.960284277819E0));
#4527=CARTESIAN_POINT('',(-5.749652682408E0,3.783374217352E0,5.179685558299E0));
#4528=CARTESIAN_POINT('',(-6.441367767246E0,3.760162244809E0,4.289105936935E0));
#4529=CARTESIAN_POINT('',(-6.996312496399E0,3.736950272266E0,3.307455200590E0));
#4530=CARTESIAN_POINT('',(-7.402703660035E0,3.713738299723E0,2.255576860333E0));
#4531=CARTESIAN_POINT('',(-7.651912304492E0,3.690526327180E0,1.155805578607E0));
#4532=CARTESIAN_POINT('',(-7.738646951906E0,3.667314354637E0,
3.149293457941E-2));
#4533=CARTESIAN_POINT('',(-7.661065954819E0,3.644102382095E0,
-1.093488402809E0));
#4534=CARTESIAN_POINT('',(-7.420816600105E0,3.620890409552E0,
-2.195251566171E0));
#4535=CARTESIAN_POINT('',(-7.023000131922E0,3.597678437009E0,
-3.250402682469E0));
#4536=CARTESIAN_POINT('',(-6.476063436368E0,3.574466464466E0,
-4.236537598005E0));
#4537=CARTESIAN_POINT('',(-5.791619687710E0,3.551254491923E0,
-5.132717588579E0));
#4538=CARTESIAN_POINT('',(-4.984201764418E0,3.528042519380E0,
-5.919913953998E0));
#4539=CARTESIAN_POINT('',(-4.070953670771E0,3.504830546837E0,
-6.581412056816E0));
#4540=CARTESIAN_POINT('',(-3.071266516096E0,3.481618574294E0,
-7.103166226288E0));
#4541=CARTESIAN_POINT('',(-2.006366780959E0,3.458406601751E0,
-7.474097991827E0));
#4542=CARTESIAN_POINT('',(-8.988656126810E-1,3.435194629208E0,
-7.686331313540E0));
#4543=CARTESIAN_POINT('',(2.277212799340E-1,3.411982656665E0,
-7.735359815150E0));
#4544=CARTESIAN_POINT('',(1.349472938546E0,3.388770684122E0,-7.620142468439E0));
#4545=CARTESIAN_POINT('',(2.442571071935E0,3.365558711579E0,-7.343125697530E0));
#4546=CARTESIAN_POINT('',(3.483805792711E0,3.342346739036E0,-6.910191433661E0));
#4547=CARTESIAN_POINT('',(4.451068435720E0,3.319134766493E0,-6.330532223416E0));
#4548=CARTESIAN_POINT('',(5.323820994049E0,3.295922793950E0,-5.616456042247E0));
#4549=CARTESIAN_POINT('',(6.083532205062E0,3.272710821407E0,-4.783124957718E0));
#4550=CARTESIAN_POINT('',(6.714071026984E0,3.249498848864E0,-3.848233191452E0));
#4551=CARTESIAN_POINT('',(7.202049151295E0,3.226286876321E0,-2.831631415546E0));
#4552=CARTESIAN_POINT('',(7.537105278340E0,3.203074903778E0,-1.754905260801E0));
#4553=CARTESIAN_POINT('',(7.712125120079E0,3.179862931235E0,
-6.409169863654E-1));
#4554=CARTESIAN_POINT('',(7.723392458642E0,3.156650958692E0,4.866799574331E-1));
#4555=CARTESIAN_POINT('',(7.570668053239E0,3.133438986149E0,1.603943165713E0));
#4556=CARTESIAN_POINT('',(7.257194719994E0,3.110227013606E0,2.687149651074E0));
#4557=CARTESIAN_POINT('',(6.789628476826E0,3.087015041063E0,3.713299556707E0));
#4558=CARTESIAN_POINT('',(6.177897215404E0,3.063803068520E0,4.660604515198E0));
#4559=CARTESIAN_POINT('',(5.434989900994E0,3.040591095978E0,5.508950283608E0));
#4560=CARTESIAN_POINT('',(4.576680776167E0,3.017379123435E0,6.240323831680E0));
#4561=CARTESIAN_POINT('',(3.621194424354E0,2.994167150892E0,6.839195814729E0));
#4562=CARTESIAN_POINT('',(2.588818805024E0,2.970955178349E0,7.292850310128E0));
#4563=CARTESIAN_POINT('',(1.501474476941E0,2.947743205806E0,7.591654816064E0));
#4564=CARTESIAN_POINT('',(3.822491562355E-1,2.924531233263E0,7.729264779637E0));
#4565=CARTESIAN_POINT('',(-7.450925079155E-1,2.901319260720E0,
7.702758311528E0));
#4566=CARTESIAN_POINT('',(-1.856613531015E0,2.878107288177E0,7.512698226844E0));
#4567=CARTESIAN_POINT('',(-2.928712850187E0,2.854895315634E0,7.163120094786E0));
#4568=CARTESIAN_POINT('',(-3.938626448453E0,2.831683343091E0,6.661446550916E0));
#4569=CARTESIAN_POINT('',(-4.864910705913E0,2.808471370548E0,6.018329691423E0));
#4570=CARTESIAN_POINT('',(-5.687897714765E0,2.785259398005E0,5.247424895846E0));
#4571=CARTESIAN_POINT('',(-6.390112890418E0,2.762047425462E0,4.365100880722E0));
#4572=CARTESIAN_POINT('',(-6.956646011502E0,2.738835452919E0,3.390092140609E0));
#4573=CARTESIAN_POINT('',(-7.375467810433E0,2.715623480376E0,2.343101156254E0));
#4574=CARTESIAN_POINT('',(-7.637685392335E0,2.692411507833E0,1.246358816265E0));
#4575=CARTESIAN_POINT('',(-7.737731058974E0,2.669199535290E0,
1.231523859197E-1));
#4576=CARTESIAN_POINT('',(-7.673480528380E0,2.645987562747E0,
-1.002668954214E0));
#4577=CARTESIAN_POINT('',(-7.446298039987E0,2.622775590204E0,
-2.107200500866E0));
#4578=CARTESIAN_POINT('',(-7.061007387572E0,2.599563617661E0,
-3.166989599576E0));
#4579=CARTESIAN_POINT('',(-6.525789495044E0,2.576351645118E0,
-4.159533617793E0));
#4580=CARTESIAN_POINT('',(-5.852008709878E0,2.553139672575E0,
-5.063757746051E0));
#4581=CARTESIAN_POINT('',(-5.053971502528E0,2.529927700032E0,
-5.860462481990E0));
#4582=CARTESIAN_POINT('',(-4.148622695374E0,2.506715727489E0,
-6.532731295760E0));
#4583=CARTESIAN_POINT('',(-3.155185671221E0,2.483503754946E0,
-7.066289820782E0));
#4584=CARTESIAN_POINT('',(-2.094754200842E0,2.460291782403E0,
-7.449808943136E0));
#4585=CARTESIAN_POINT('',(-9.898445563419E-1,2.437079809861E0,
-7.675145354028E0));
#4586=CARTESIAN_POINT('',(1.360825796188E-1,2.413867837318E0,
-7.737514457673E0));
#4587=CARTESIAN_POINT('',(1.259120257395E0,2.390655864775E0,-7.635591963207E0));
#4588=CARTESIAN_POINT('',(2.355422879561E0,2.367443892232E0,-7.371542003517E0));
#4589=CARTESIAN_POINT('',(3.401712517426E0,2.344231919689E0,-6.950971183940E0));
#4590=CARTESIAN_POINT('',(4.375773174154E0,2.321019947146E0,-6.382809536523E0));
#4591=CARTESIAN_POINT('',(5.256922499772E0,2.297807974603E0,-5.679120907549E0));
#4592=CARTESIAN_POINT('',(6.026450942048E0,2.274596002060E0,-4.854846804407E0));
#4593=CARTESIAN_POINT('',(6.668019008724E0,2.251384029517E0,-3.927489140718E0));
#4594=CARTESIAN_POINT('',(7.168004205971E0,2.228172056974E0,-2.916738616050E0));
#4595=CARTESIAN_POINT('',(7.515790286471E0,2.204960084431E0,-1.844056620866E0));
#4596=CARTESIAN_POINT('',(7.703992665514E0,2.181748111888E0,
-7.322195441753E-1));
#4597=CARTESIAN_POINT('',(7.728615218791E0,2.158536139345E0,3.951648403415E-1));
#4598=CARTESIAN_POINT('',(7.589135132593E0,2.135324166802E0,1.514158641100E0));
#4599=CARTESIAN_POINT('',(7.288514004780E0,2.112112194259E0,2.601002124816E0));
#4600=CARTESIAN_POINT('',(6.833134960811E0,2.088900221716E0,3.632618209847E0));
#4601=CARTESIAN_POINT('',(6.232667120050E0,2.065688249173E0,4.587102464717E0));
#4602=CARTESIAN_POINT('',(5.499860290168E0,2.042476276630E0,5.444188207604E0));
#4603=CARTESIAN_POINT('',(4.650274248898E0,2.019264304087E0,6.185676831294E0));
#4604=CARTESIAN_POINT('',(3.701948361366E0,1.996052331544E0,6.795824216455E0));
#4605=CARTESIAN_POINT('',(2.675018548020E0,1.972840359001E0,7.261675028457E0));
#4606=CARTESIAN_POINT('',(1.591289736154E0,1.949628386458E0,7.573337799596E0));
#4607=CARTESIAN_POINT('',(4.737728731974E-1,1.926416413915E0,7.724194955838E0));
#4608=CARTESIAN_POINT('',(-6.538036675673E-1,1.903204441372E0,
7.711043328594E0));
#4609=CARTESIAN_POINT('',(-1.767497914479E0,1.879992468829E0,7.534162167984E0));
#4610=CARTESIAN_POINT('',(-2.843662660332E0,1.856780496286E0,7.197307213494E0));
#4611=CARTESIAN_POINT('',(-3.859447566443E0,1.833568523744E0,6.707630947887E0));
#4612=CARTESIAN_POINT('',(-4.793284346708E0,1.810356551201E0,6.075530727663E0));
#4613=CARTESIAN_POINT('',(-5.625344729678E0,1.787144578658E0,5.314428014703E0));
#4614=CARTESIAN_POINT('',(-6.337961474691E0,1.763932606115E0,4.440483396716E0));
#4615=CARTESIAN_POINT('',(-6.916003502572E0,1.740720633572E0,3.472253447486E0));
#4616=CARTESIAN_POINT('',(-7.347197175702E0,1.717508661029E0,2.430296712859E0));
#4617=CARTESIAN_POINT('',(-7.622386905674E0,1.694296688486E0,1.336737188599E0));
#4618=CARTESIAN_POINT('',(-7.735729555036E0,1.671084715943E0,
2.147945588635E-1));
#4619=CARTESIAN_POINT('',(-7.684818505344E0,1.647872743400E0,
-9.117088302133E-1));
#4620=CARTESIAN_POINT('',(-7.470734757192E0,1.624660770857E0,
-2.018853793332E0));
#4621=CARTESIAN_POINT('',(-7.098023977189E0,1.601448798314E0,
-3.083132185038E0));
#4622=CARTESIAN_POINT('',(-6.574599979263E0,1.578236825771E0,
-4.081946051070E0));
#4623=CARTESIAN_POINT('',(-5.911576689673E0,1.555024853228E0,
-4.994087453508E0));
#4624=CARTESIAN_POINT('',(-5.123032163642E0,1.531812880685E0,
-5.800188781537E0));
#4625=CARTESIAN_POINT('',(-4.225709664278E0,1.508600908142E0,
-6.483133986305E0));
#4626=CARTESIAN_POINT('',(-3.238662150805E0,1.485388935599E0,
-7.028422008115E0));
#4627=CARTESIAN_POINT('',(-2.182847724717E0,1.462176963056E0,
-7.424474679174E0));
#4628=CARTESIAN_POINT('',(-1.080684623895E0,1.438964990513E0,
-7.662882564379E0));
#4629=CARTESIAN_POINT('',(4.442478687252E-2,1.415753017970E0,
-7.738583519440E0));
#4630=CARTESIAN_POINT('',(1.168590920163E0,1.392541045427E0,-7.649970177699E0));
#4631=CARTESIAN_POINT('',(2.267944220294E0,1.369329072884E0,-7.398924073235E0));
#4632=CARTESIAN_POINT('',(3.319141974281E0,1.346117100341E0,-6.990775713585E0));
#4633=CARTESIAN_POINT('',(4.299864003758E0,1.322905127798E0,-6.434191308465E0));
#4634=CARTESIAN_POINT('',(5.189286393465E0,1.299693155255E0,-5.740989087314E0));
#4635=CARTESIAN_POINT('',(5.968524389221E0,1.276481182712E0,-4.925887136370E0));
#4636=CARTESIAN_POINT('',(6.403528539077E0,1.261006534350E0,-4.312759351778E0));
#4637=CARTESIAN_POINT('',(6.597600598234E0,1.253269210169E0,-3.992016724163E0));
#4638=CARTESIAN_POINT('',(7.479368190911E0,4.057735029002E0,-2.838846854762E0));
#4639=CARTESIAN_POINT('',(7.617378848882E0,4.049997704821E0,-2.475237058938E0));
#4640=CARTESIAN_POINT('',(7.840274177022E0,4.034523056459E0,-1.727856755966E0));
#4641=CARTESIAN_POINT('',(8.008144626347E0,4.011311083916E0,
-5.700959635886E-1));
#4642=CARTESIAN_POINT('',(8.005976895260E0,3.988099111373E0,5.997690653952E-1));
#4643=CARTESIAN_POINT('',(7.833817339322E0,3.964887138830E0,1.756899306434E0));
#4644=CARTESIAN_POINT('',(7.495321355754E0,3.941675166287E0,2.876725039054E0));
#4645=CARTESIAN_POINT('',(6.997676295031E0,3.918463193744E0,3.935468927475E0));
#4646=CARTESIAN_POINT('',(6.351448709755E0,3.895251221201E0,4.910650515610E0));
#4647=CARTESIAN_POINT('',(5.570360031581E0,3.872039248658E0,5.781563657062E0));
#4648=CARTESIAN_POINT('',(4.670995212225E0,3.848827276115E0,6.529716144566E0));
#4649=CARTESIAN_POINT('',(3.672450575865E0,3.825615303572E0,7.139222364467E0));
#4650=CARTESIAN_POINT('',(2.595928343799E0,3.802403331029E0,7.597140595992E0));
#4651=CARTESIAN_POINT('',(1.464286445268E0,3.779191358486E0,7.893747804917E0));
#4652=CARTESIAN_POINT('',(3.015531721750E-1,3.755979385943E0,8.022746093812E0));
#4653=CARTESIAN_POINT('',(-8.675830165887E-1,3.732767413400E0,
7.981396426112E0));
#4654=CARTESIAN_POINT('',(-2.018297708234E0,3.709555440857E0,7.770576784407E0));
#4655=CARTESIAN_POINT('',(-3.126157635889E0,3.686343468315E0,7.394763528132E0));
#4656=CARTESIAN_POINT('',(-4.167639473169E0,3.663131495772E0,6.861936346477E0));
#4657=CARTESIAN_POINT('',(-5.120629307864E0,3.639919523229E0,6.183408824659E0));
#4658=CARTESIAN_POINT('',(-5.964892189358E0,3.616707550686E0,5.373588221175E0));
#4659=CARTESIAN_POINT('',(-6.682501779837E0,3.593495578143E0,4.449669556708E0));
#4660=CARTESIAN_POINT('',(-7.258220986420E0,3.570283605600E0,3.431270510133E0));
#4661=CARTESIAN_POINT('',(-7.679825492240E0,3.547071633057E0,2.340014873919E0));
#4662=CARTESIAN_POINT('',(-7.938363316862E0,3.523859660514E0,1.199073413485E0));
#4663=CARTESIAN_POINT('',(-8.028344894791E0,3.500647687971E0,
3.267187948021E-2));
#4664=CARTESIAN_POINT('',(-7.947859636093E0,3.477435715428E0,
-1.134423380569E0));
#4665=CARTESIAN_POINT('',(-7.698616494187E0,3.454223742885E0,
-2.277431289163E0));
#4666=CARTESIAN_POINT('',(-7.285907679422E0,3.431011770342E0,
-3.372082218506E0));
#4667=CARTESIAN_POINT('',(-6.718496288928E0,3.407799797799E0,
-4.395133310501E0));
#4668=CARTESIAN_POINT('',(-6.008430238692E0,3.384587825256E0,
-5.324861995225E0));
#4669=CARTESIAN_POINT('',(-5.170786448672E0,3.361375852713E0,
-6.141527228927E0));
#4670=CARTESIAN_POINT('',(-4.223350712700E0,3.338163880170E0,
-6.827788658047E0));
#4671=CARTESIAN_POINT('',(-3.186240050526E0,3.314951907627E0,
-7.369074809082E0));
#4672=CARTESIAN_POINT('',(-2.081475560663E0,3.291739935084E0,
-7.753892486473E0));
#4673=CARTESIAN_POINT('',(-9.325148436825E-1,3.268527962541E0,
-7.974070809049E0));
#4674=CARTESIAN_POINT('',(2.362460759039E-1,3.245315989998E0,
-8.024934703351E0));
#4675=CARTESIAN_POINT('',(1.399990753444E0,3.222104017455E0,-7.905404170040E0));
#4676=CARTESIAN_POINT('',(2.534009254770E0,3.198892044912E0,-7.618017215664E0));
#4677=CARTESIAN_POINT('',(3.614222825279E0,3.175680072369E0,-7.168875962845E0));
#4678=CARTESIAN_POINT('',(4.617695157094E0,3.152468099826E0,-6.567517083158E0));
#4679=CARTESIAN_POINT('',(5.523119398518E0,3.129256127283E0,-5.826709303813E0));
#4680=CARTESIAN_POINT('',(6.311270565040E0,3.106044154740E0,-4.962182287691E0));
#4681=CARTESIAN_POINT('',(6.965413745806E0,3.082832182198E0,-3.992292643477E0));
#4682=CARTESIAN_POINT('',(7.471659438035E0,3.059620209655E0,-2.937634157522E0));
#4683=CARTESIAN_POINT('',(7.819258464551E0,3.036408237112E0,-1.820600523445E0));
#4684=CARTESIAN_POINT('',(8.000830212383E0,3.013196264569E0,
-6.649098540675E-1));
#4685=CARTESIAN_POINT('',(8.012519346231E0,2.989984292026E0,5.048989281896E-1));
#4686=CARTESIAN_POINT('',(7.854077669276E0,2.966772319483E0,1.663987129277E0));
#4687=CARTESIAN_POINT('',(7.528869393171E0,2.943560346940E0,2.787743686565E0));
#4688=CARTESIAN_POINT('',(7.043799705325E0,2.920348374397E0,3.852307738574E0));
#4689=CARTESIAN_POINT('',(6.409168150204E0,2.897136401854E0,4.835075265581E0));
#4690=CARTESIAN_POINT('',(5.638449937833E0,2.873924429311E0,5.715179043562E0));
#4691=CARTESIAN_POINT('',(4.748009823006E0,2.850712456768E0,6.473931720528E0));
#4692=CARTESIAN_POINT('',(3.756754630426E0,2.827500484225E0,7.095222607374E0));
#4693=CARTESIAN_POINT('',(2.685731803766E0,2.804288511682E0,7.565859758128E0));
#4694=CARTESIAN_POINT('',(1.557682502706E0,2.781076539139E0,7.875850076162E0));
#4695=CARTESIAN_POINT('',(3.965587370858E-1,2.757864566596E0,8.018611498848E0));
#4696=CARTESIAN_POINT('',(-7.729852090741E-1,2.734652594053E0,
7.991112755303E0));
#4697=CARTESIAN_POINT('',(-1.926116265021E0,2.711440621510E0,7.793937729738E0));
#4698=CARTESIAN_POINT('',(-3.038349856923E0,2.688228648967E0,7.431273063773E0));
#4699=CARTESIAN_POINT('',(-4.086069791844E0,2.665016676424E0,6.910819260956E0));
#4700=CARTESIAN_POINT('',(-5.047029703275E0,2.641804703881E0,6.243627181029E0));
#4701=CARTESIAN_POINT('',(-5.900825410982E0,2.618592731338E0,5.443863395653E0));
#4702=CARTESIAN_POINT('',(-6.629328165473E0,2.595380758795E0,4.528509387854E0));
#4703=CARTESIAN_POINT('',(-7.217069577978E0,2.572168786252E0,3.517000982094E0));
#4704=CARTESIAN_POINT('',(-7.651570062645E0,2.548956813709E0,2.430815661019E0));
#4705=CARTESIAN_POINT('',(-7.923603817134E0,2.525744841166E0,1.293016531420E0));
#4706=CARTESIAN_POINT('',(-8.027394715206E0,2.502532868623E0,
1.277626224487E-1));
#4707=CARTESIAN_POINT('',(-7.960738951933E0,2.479320896081E0,
-1.040204086032E0));
#4708=CARTESIAN_POINT('',(-7.725051837350E0,2.456108923538E0,
-2.186084012950E0));
#4709=CARTESIAN_POINT('',(-7.325337745009E0,2.432896950995E0,
-3.285546548592E0));
#4710=CARTESIAN_POINT('',(-6.770083853497E0,2.409684978452E0,
-4.315246669432E0));
#4711=CARTESIAN_POINT('',(-6.071079937126E0,2.386473005909E0,
-5.253320625895E0));
#4712=CARTESIAN_POINT('',(-5.243168032203E0,2.363261033366E0,
-6.079850178048E0));
#4713=CARTESIAN_POINT('',(-4.303927294243E0,2.340049060823E0,
-6.777285522043E0));
#4714=CARTESIAN_POINT('',(-3.273300737596E0,2.316837088280E0,
-7.330817927263E0));
#4715=CARTESIAN_POINT('',(-2.173171782960E0,2.293625115737E0,
-7.728694171926E0));
#4716=CARTESIAN_POINT('',(-1.026899604018E0,2.270413143194E0,
-7.962466100693E0));
#4717=CARTESIAN_POINT('',(1.411768607797E-1,2.247201170651E0,
-8.027170005388E0));
#4718=CARTESIAN_POINT('',(1.306255699892E0,2.223989198108E0,-7.921432020028E0));
#4719=CARTESIAN_POINT('',(2.443598650736E0,2.200777225565E0,-7.647497292287E0));
#4720=CARTESIAN_POINT('',(3.529056370260E0,2.177565253022E0,-7.211182312003E0));
#4721=CARTESIAN_POINT('',(4.539581200927E0,2.154353280479E0,-6.621751408926E0));
#4722=CARTESIAN_POINT('',(5.453716544461E0,2.131141307936E0,-5.891720042067E0));
#4723=CARTESIAN_POINT('',(6.252052452448E0,2.107929335393E0,-5.036589057413E0));
#4724=CARTESIAN_POINT('',(6.917637760161E0,2.084717362850E0,-4.074515556556E0));
#4725=CARTESIAN_POINT('',(7.436340012729E0,2.061505390307E0,-3.025927364711E0));
#4726=CARTESIAN_POINT('',(7.797145541295E0,2.038293417764E0,-1.913089284192E0));
#4727=CARTESIAN_POINT('',(7.992393317601E0,2.015081445221E0,
-7.596303431180E-1));
#4728=CARTESIAN_POINT('',(8.017937621550E0,1.991869472678E0,4.099579226540E-1));
#4729=CARTESIAN_POINT('',(7.873236067788E0,1.968657500135E0,1.570841501328E0));
#4730=CARTESIAN_POINT('',(7.561361122241E0,1.945445527592E0,2.698371208802E0));
#4731=CARTESIAN_POINT('',(7.088934864063E0,1.922233555049E0,3.768606067830E0));
#4732=CARTESIAN_POINT('',(6.465988378222E0,1.899021582506E0,4.758821649749E0));
#4733=CARTESIAN_POINT('',(5.705748764227E0,1.875809609964E0,5.647992585064E0));
#4734=CARTESIAN_POINT('',(4.824358283501E0,1.852597637421E0,6.417238997718E0));
#4735=CARTESIAN_POINT('',(3.840531608750E0,1.829385664878E0,7.050227383823E0));
#4736=CARTESIAN_POINT('',(2.775158453013E0,1.806173692335E0,7.533517422963E0));
#4737=CARTESIAN_POINT('',(1.650860015812E0,1.782961719792E0,7.856847358172E0));
#4738=CARTESIAN_POINT('',(4.915086644297E-1,1.759749747249E0,8.013351885086E0));
#4739=CARTESIAN_POINT('',(-6.782789510015E-1,1.736537774706E0,
7.999707923796E0));
#4740=CARTESIAN_POINT('',(-1.833664585870E0,1.713325802163E0,7.816205178214E0));
#4741=CARTESIAN_POINT('',(-2.950115794591E0,1.690113829620E0,7.466739984754E0));
#4742=CARTESIAN_POINT('',(-4.003926831051E0,1.666901857077E0,6.958732580938E0));
#4743=CARTESIAN_POINT('',(-4.972721995632E0,1.643689884534E0,6.302969550583E0));
#4744=CARTESIAN_POINT('',(-5.835930741203E0,1.620477911991E0,5.513374790934E0));
#4745=CARTESIAN_POINT('',(-6.575224450080E0,1.597265939448E0,4.606713864837E0));
#4746=CARTESIAN_POINT('',(-7.174905607828E0,1.574053966905E0,3.602238015482E0));
#4747=CARTESIAN_POINT('',(-7.622241110513E0,1.550841994362E0,2.521275402375E0));
#4748=CARTESIAN_POINT('',(-7.907732628275E0,1.527630021819E0,1.386778237909E0));
#4749=CARTESIAN_POINT('',(-8.025318284530E0,1.504418049276E0,2.228354402E-1));
#4750=CARTESIAN_POINT('',(-7.972501368547E0,1.481206076733E0,
-9.458388498748E-1));
#4751=CARTESIAN_POINT('',(-7.750403348413E0,1.457994104190E0,
-2.094430027078E0));
#4752=CARTESIAN_POINT('',(-7.363740058762E0,1.434782131647E0,
-3.198549913382E0));
#4753=CARTESIAN_POINT('',(-6.820721568880E0,1.411570159104E0,
-4.234754595161E0));
#4754=CARTESIAN_POINT('',(-6.132877857286E0,1.388358186561E0,
-5.181042210698E0));
#4755=CARTESIAN_POINT('',(-5.314813994285E0,1.365146214018E0,
-6.017320118422E0));
#4756=CARTESIAN_POINT('',(-4.383900030705E0,1.341934241475E0,
-6.725831526450E0));
#4757=CARTESIAN_POINT('',(-3.359902177469E0,1.318722268932E0,
-7.291532524738E0));
#4758=CARTESIAN_POINT('',(-2.264563107188E0,1.295510296389E0,
-7.702411514246E0));
#4759=CARTESIAN_POINT('',(-1.121140289388E0,1.272298323847E0,
-7.949744250830E0));
#4760=CARTESIAN_POINT('',(4.608783849512E-2,1.249086351304E0,
-8.028279087716E0));
#4761=CARTESIAN_POINT('',(1.212337377102E0,1.225874378761E0,-7.936348486127E0));
#4762=CARTESIAN_POINT('',(2.352845208707E0,1.202662406218E0,-7.675904415781E0));
#4763=CARTESIAN_POINT('',(3.443394780756E0,1.179450433675E0,-7.252476932930E0));
#4764=CARTESIAN_POINT('',(4.460830354118E0,1.156238461132E0,-6.675056668750E0));
#4765=CARTESIAN_POINT('',(5.383548465707E0,1.133026488589E0,-5.955904270685E0));
#4766=CARTESIAN_POINT('',(6.191957406435E0,1.109814516046E0,-5.110288799756E0));
#4767=CARTESIAN_POINT('',(6.643246031877E0,1.094339867684E0,-4.474208442315E0));
#4768=CARTESIAN_POINT('',(6.844583221057E0,1.086602543503E0,-4.141458744214E0));
#4769=B_SPLINE_SURFACE_WITH_KNOTS('',3,3,((#4245,#4246,#4247,#4248,#4249,#4250,
#4251,#4252,#4253,#4254,#4255,#4256,#4257,#4258,#4259,#4260,#4261,#4262,#4263,
#4264,#4265,#4266,#4267,#4268,#4269,#4270,#4271,#4272,#4273,#4274,#4275,#4276,
#4277,#4278,#4279,#4280,#4281,#4282,#4283,#4284,#4285,#4286,#4287,#4288,#4289,
#4290,#4291,#4292,#4293,#4294,#4295,#4296,#4297,#4298,#4299,#4300,#4301,#4302,
#4303,#4304,#4305,#4306,#4307,#4308,#4309,#4310,#4311,#4312,#4313,#4314,#4315,
#4316,#4317,#4318,#4319,#4320,#4321,#4322,#4323,#4324,#4325,#4326,#4327,#4328,
#4329,#4330,#4331,#4332,#4333,#4334,#4335,#4336,#4337,#4338,#4339,#4340,#4341,
#4342,#4343,#4344,#4345,#4346,#4347,#4348,#4349,#4350,#4351,#4352,#4353,#4354,
#4355,#4356,#4357,#4358,#4359,#4360,#4361,#4362,#4363,#4364,#4365,#4366,#4367,
#4368,#4369,#4370,#4371,#4372,#4373,#4374,#4375),(#4376,#4377,#4378,#4379,#4380,
#4381,#4382,#4383,#4384,#4385,#4386,#4387,#4388,#4389,#4390,#4391,#4392,#4393,
#4394,#4395,#4396,#4397,#4398,#4399,#4400,#4401,#4402,#4403,#4404,#4405,#4406,
#4407,#4408,#4409,#4410,#4411,#4412,#4413,#4414,#4415,#4416,#4417,#4418,#4419,
#4420,#4421,#4422,#4423,#4424,#4425,#4426,#4427,#4428,#4429,#4430,#4431,#4432,
#4433,#4434,#4435,#4436,#4437,#4438,#4439,#4440,#4441,#4442,#4443,#4444,#4445,
#4446,#4447,#4448,#4449,#4450,#4451,#4452,#4453,#4454,#4455,#4456,#4457,#4458,
#4459,#4460,#4461,#4462,#4463,#4464,#4465,#4466,#4467,#4468,#4469,#4470,#4471,
#4472,#4473,#4474,#4475,#4476,#4477,#4478,#4479,#4480,#4481,#4482,#4483,#4484,
#4485,#4486,#4487,#4488,#4489,#4490,#4491,#4492,#4493,#4494,#4495,#4496,#4497,
#4498,#4499,#4500,#4501,#4502,#4503,#4504,#4505,#4506),(#4507,#4508,#4509,#4510,
#4511,#4512,#4513,#4514,#4515,#4516,#4517,#4518,#4519,#4520,#4521,#4522,#4523,
#4524,#4525,#4526,#4527,#4528,#4529,#4530,#4531,#4532,#4533,#4534,#4535,#4536,
#4537,#4538,#4539,#4540,#4541,#4542,#4543,#4544,#4545,#4546,#4547,#4548,#4549,
#4550,#4551,#4552,#4553,#4554,#4555,#4556,#4557,#4558,#4559,#4560,#4561,#4562,
#4563,#4564,#4565,#4566,#4567,#4568,#4569,#4570,#4571,#4572,#4573,#4574,#4575,
#4576,#4577,#4578,#4579,#4580,#4581,#4582,#4583,#4584,#4585,#4586,#4587,#4588,
#4589,#4590,#4591,#4592,#4593,#4594,#4595,#4596,#4597,#4598,#4599,#4600,#4601,
#4602,#4603,#4604,#4605,#4606,#4607,#4608,#4609,#4610,#4611,#4612,#4613,#4614,
#4615,#4616,#4617,#4618,#4619,#4620,#4621,#4622,#4623,#4624,#4625,#4626,#4627,
#4628,#4629,#4630,#4631,#4632,#4633,#4634,#4635,#4636,#4637),(#4638,#4639,#4640,
#4641,#4642,#4643,#4644,#4645,#4646,#4647,#4648,#4649,#4650,#4651,#4652,#4653,
#4654,#4655,#4656,#4657,#4658,#4659,#4660,#4661,#4662,#4663,#4664,#4665,#4666,
#4667,#4668,#4669,#4670,#4671,#4672,#4673,#4674,#4675,#4676,#4677,#4678,#4679,
#4680,#4681,#4682,#4683,#4684,#4685,#4686,#4687,#4688,#4689,#4690,#4691,#4692,
#4693,#4694,#4695,#4696,#4697,#4698,#4699,#4700,#4701,#4702,#4703,#4704,#4705,
#4706,#4707,#4708,#4709,#4710,#4711,#4712,#4713,#4714,#4715,#4716,#4717,#4718,
#4719,#4720,#4721,#4722,#4723,#4724,#4725,#4726,#4727,#4728,#4729,#4730,#4731,
#4732,#4733,#4734,#4735,#4736,#4737,#4738,#4739,#4740,#4741,#4742,#4743,#4744,
#4745,#4746,#4747,#4748,#4749,#4750,#4751,#4752,#4753,#4754,#4755,#4756,#4757,
#4758,#4759,#4760,#4761,#4762,#4763,#4764,#4765,#4766,#4767,#4768)),
.UNSPECIFIED.,.F.,.F.,.F.,(4,4),(4,1,1,1,1,1,1,1,1,1,1,1,1,1,1,1,1,1,1,1,1,1,1,
1,1,1,1,1,1,1,1,1,1,1,1,1,1,1,1,1,1,1,1,1,1,1,1,1,1,1,1,1,1,1,1,1,1,1,1,1,1,1,1,
1,1,1,1,1,1,1,1,1,1,1,1,1,1,1,1,1,1,1,1,1,1,1,1,1,1,1,1,1,1,1,1,1,1,1,1,1,1,1,1,
1,1,1,1,1,1,1,1,1,1,1,1,1,1,1,1,1,1,1,1,1,1,1,1,1,4),(0.E0,1.E0),(0.E0,
7.8125E-3,1.5625E-2,2.34375E-2,3.125E-2,3.90625E-2,4.6875E-2,5.46875E-2,6.25E-2,
7.03125E-2,7.8125E-2,8.59375E-2,9.375E-2,1.015625E-1,1.09375E-1,1.171875E-1,
1.25E-1,1.328125E-1,1.40625E-1,1.484375E-1,1.5625E-1,1.640625E-1,1.71875E-1,
1.796875E-1,1.875E-1,1.953125E-1,2.03125E-1,2.109375E-1,2.1875E-1,2.265625E-1,
2.34375E-1,2.421875E-1,2.5E-1,2.578125E-1,2.65625E-1,2.734375E-1,2.8125E-1,
2.890625E-1,2.96875E-1,3.046875E-1,3.125E-1,3.203125E-1,3.28125E-1,3.359375E-1,
3.4375E-1,3.515625E-1,3.59375E-1,3.671875E-1,3.75E-1,3.828125E-1,3.90625E-1,
3.984375E-1,4.0625E-1,4.140625E-1,4.21875E-1,4.296875E-1,4.375E-1,4.453125E-1,
4.53125E-1,4.609375E-1,4.6875E-1,4.765625E-1,4.84375E-1,4.921875E-1,5.E-1,
5.078125E-1,5.15625E-1,5.234375E-1,5.3125E-1,5.390625E-1,5.46875E-1,5.546875E-1,
5.625E-1,5.703125E-1,5.78125E-1,5.859375E-1,5.9375E-1,6.015625E-1,6.09375E-1,
6.171875E-1,6.25E-1,6.328125E-1,6.40625E-1,6.484375E-1,6.5625E-1,6.640625E-1,
6.71875E-1,6.796875E-1,6.875E-1,6.953125E-1,7.03125E-1,7.109375E-1,7.1875E-1,
7.265625E-1,7.34375E-1,7.421875E-1,7.5E-1,7.578125E-1,7.65625E-1,7.734375E-1,
7.8125E-1,7.890625E-1,7.96875E-1,8.046875E-1,8.125E-1,8.203125E-1,8.28125E-1,
8.359375E-1,8.4375E-1,8.515625E-1,8.59375E-1,8.671875E-1,8.75E-1,8.828125E-1,
8.90625E-1,8.984375E-1,9.0625E-1,9.140625E-1,9.21875E-1,9.296875E-1,9.375E-1,
9.453125E-1,9.53125E-1,9.609375E-1,9.6875E-1,9.765625E-1,9.84375E-1,9.921875E-1,
1.E0),.UNSPECIFIED.);
#4770=ORIENTED_EDGE('',*,*,#1303,.F.);
#4771=ORIENTED_EDGE('',*,*,#1452,.T.);
#4772=ORIENTED_EDGE('',*,*,#1462,.T.);
#4773=ORIENTED_EDGE('',*,*,#1386,.T.);
#4775=ORIENTED_EDGE('',*,*,#4774,.T.);
#4776=ORIENTED_EDGE('',*,*,#4224,.F.);
#4777=ORIENTED_EDGE('',*,*,#3688,.T.);
#4778=ORIENTED_EDGE('',*,*,#4239,.F.);
#4779=ORIENTED_EDGE('',*,*,#4237,.T.);
#4780=ORIENTED_EDGE('',*,*,#4235,.T.);
#4781=ORIENTED_EDGE('',*,*,#4233,.T.);
#4782=ORIENTED_EDGE('',*,*,#4231,.T.);
#4783=EDGE_LOOP('',(#4770,#4771,#4772,#4773,#4775,#4776,#4777,#4778,#4779,#4780,
#4781,#4782));
#4784=FACE_OUTER_BOUND('',#4783,.F.);
#4785=ADVANCED_FACE('',(#4784),#4769,.F.);
#4786=OPEN_SHELL('',(#1282,#1297,#1311,#1325,#1337,#1352,#1367,#1378,#1399,
#1414,#1427,#1439,#1456,#1468,#1478,#1494,#1508,#1521,#2064,#2606,#3152,#3695,
#4244,#4785));
#4787=CARTESIAN_POINT('',(0.E0,1.E1,0.E0));
#4788=DIRECTION('',(0.E0,-1.E0,0.E0));
#4789=DIRECTION('',(0.E0,0.E0,1.E0));
#4790=AXIS2_PLACEMENT_3D('',#4787,#4788,#4789);
#4792=DIRECTION('',(0.E0,1.E0,0.E0));
#4793=VECTOR('',#4792,4.6E0);
#4794=CARTESIAN_POINT('',(0.E0,1.E1,5.9E0));
#4795=LINE('',#4794,#4793);
#4796=DIRECTION('',(0.E0,1.E0,0.E0));
#4797=VECTOR('',#4796,4.6E0);
#4798=CARTESIAN_POINT('',(0.E0,1.E1,-5.9E0));
#4799=LINE('',#4798,#4797);
#4800=CARTESIAN_POINT('',(0.E0,1.E1,0.E0));
#4801=DIRECTION('',(0.E0,-1.E0,0.E0));
#4802=DIRECTION('',(0.E0,0.E0,-1.E0));
#4803=AXIS2_PLACEMENT_3D('',#4800,#4801,#4802);
#4805=DIRECTION('',(0.E0,7.071067811865E-1,-7.071067811866E-1));
#4806=VECTOR('',#4805,7.071067811865E-1);
#4807=CARTESIAN_POINT('',(0.E0,1.46E1,5.9E0));
#4808=LINE('',#4807,#4806);
#4809=DIRECTION('',(0.E0,7.071067811865E-1,7.071067811866E-1));
#4810=VECTOR('',#4809,7.071067811865E-1);
#4811=CARTESIAN_POINT('',(0.E0,1.46E1,-5.9E0));
#4812=LINE('',#4811,#4810);
#4813=CARTESIAN_POINT('',(0.E0,1.46E1,0.E0));
#4814=DIRECTION('',(0.E0,1.E0,0.E0));
#4815=DIRECTION('',(0.E0,0.E0,1.E0));
#4816=AXIS2_PLACEMENT_3D('',#4813,#4814,#4815);
#4818=CARTESIAN_POINT('',(0.E0,1.46E1,0.E0));
#4819=DIRECTION('',(0.E0,-1.E0,0.E0));
#4820=DIRECTION('',(0.E0,0.E0,1.E0));
#4821=AXIS2_PLACEMENT_3D('',#4818,#4819,#4820);
#4823=CARTESIAN_POINT('',(0.E0,1.51E1,0.E0));
#4824=DIRECTION('',(0.E0,1.E0,0.E0));
#4825=DIRECTION('',(0.E0,0.E0,1.E0));
#4826=AXIS2_PLACEMENT_3D('',#4823,#4824,#4825);
#4828=CARTESIAN_POINT('',(0.E0,1.51E1,0.E0));
#4829=DIRECTION('',(0.E0,-1.E0,0.E0));
#4830=DIRECTION('',(0.E0,0.E0,1.E0));
#4831=AXIS2_PLACEMENT_3D('',#4828,#4829,#4830);
#4833=CARTESIAN_POINT('',(0.E0,1.E1,5.9E0));
#4834=CARTESIAN_POINT('',(0.E0,1.46E1,5.9E0));
#4835=VERTEX_POINT('',#4833);
#4836=VERTEX_POINT('',#4834);
#4837=CARTESIAN_POINT('',(0.E0,1.51E1,5.4E0));
#4838=VERTEX_POINT('',#4837);
#4839=CARTESIAN_POINT('',(0.E0,1.E1,-5.9E0));
#4840=CARTESIAN_POINT('',(0.E0,1.46E1,-5.9E0));
#4841=VERTEX_POINT('',#4839);
#4842=VERTEX_POINT('',#4840);
#4843=CARTESIAN_POINT('',(0.E0,1.51E1,-5.4E0));
#4844=VERTEX_POINT('',#4843);
#4845=CARTESIAN_POINT('',(0.E0,1.547E1,0.E0));
#4846=DIRECTION('',(0.E0,-1.E0,0.E0));
#4847=DIRECTION('',(0.E0,0.E0,-1.E0));
#4848=AXIS2_PLACEMENT_3D('',#4845,#4846,#4847);
#4849=CYLINDRICAL_SURFACE('',#4848,5.9E0);
#4851=ORIENTED_EDGE('',*,*,#4850,.F.);
#4853=ORIENTED_EDGE('',*,*,#4852,.T.);
#4855=ORIENTED_EDGE('',*,*,#4854,.T.);
#4857=ORIENTED_EDGE('',*,*,#4856,.F.);
#4858=EDGE_LOOP('',(#4851,#4853,#4855,#4857));
#4859=FACE_OUTER_BOUND('',#4858,.F.);
#4860=ADVANCED_FACE('',(#4859),#4849,.T.);
#4861=CARTESIAN_POINT('',(0.E0,1.547E1,0.E0));
#4862=DIRECTION('',(0.E0,-1.E0,0.E0));
#4863=DIRECTION('',(0.E0,0.E0,-1.E0));
#4864=AXIS2_PLACEMENT_3D('',#4861,#4862,#4863);
#4865=CYLINDRICAL_SURFACE('',#4864,5.9E0);
#4866=ORIENTED_EDGE('',*,*,#4850,.T.);
#4868=ORIENTED_EDGE('',*,*,#4867,.T.);
#4869=ORIENTED_EDGE('',*,*,#4854,.F.);
#4871=ORIENTED_EDGE('',*,*,#4870,.T.);
#4872=EDGE_LOOP('',(#4866,#4868,#4869,#4871));
#4873=FACE_OUTER_BOUND('',#4872,.F.);
#4874=ADVANCED_FACE('',(#4873),#4865,.T.);
#4875=CARTESIAN_POINT('',(0.E0,1.485E1,0.E0));
#4876=DIRECTION('',(0.E0,-1.E0,0.E0));
#4877=DIRECTION('',(0.E0,0.E0,-1.E0));
#4878=AXIS2_PLACEMENT_3D('',#4875,#4876,#4877);
#4879=CONICAL_SURFACE('',#4878,5.65E0,4.5E1);
#4881=ORIENTED_EDGE('',*,*,#4880,.T.);
#4883=ORIENTED_EDGE('',*,*,#4882,.T.);
#4885=ORIENTED_EDGE('',*,*,#4884,.F.);
#4886=ORIENTED_EDGE('',*,*,#4867,.F.);
#4887=EDGE_LOOP('',(#4881,#4883,#4885,#4886));
#4888=FACE_OUTER_BOUND('',#4887,.F.);
#4889=ADVANCED_FACE('',(#4888),#4879,.T.);
#4890=CARTESIAN_POINT('',(0.E0,1.485E1,0.E0));
#4891=DIRECTION('',(0.E0,-1.E0,0.E0));
#4892=DIRECTION('',(0.E0,0.E0,-1.E0));
#4893=AXIS2_PLACEMENT_3D('',#4890,#4891,#4892);
#4894=CONICAL_SURFACE('',#4893,5.65E0,4.5E1);
#4895=ORIENTED_EDGE('',*,*,#4880,.F.);
#4896=ORIENTED_EDGE('',*,*,#4856,.T.);
#4897=ORIENTED_EDGE('',*,*,#4884,.T.);
#4899=ORIENTED_EDGE('',*,*,#4898,.F.);
#4900=EDGE_LOOP('',(#4895,#4896,#4897,#4899));
#4901=FACE_OUTER_BOUND('',#4900,.F.);
#4902=ADVANCED_FACE('',(#4901),#4894,.T.);
#4903=CARTESIAN_POINT('',(0.E0,1.51E1,0.E0));
#4904=DIRECTION('',(0.E0,-1.E0,0.E0));
#4905=DIRECTION('',(0.E0,0.E0,-1.E0));
#4906=AXIS2_PLACEMENT_3D('',#4903,#4904,#4905);
#4907=PLANE('',#4906);
#4908=ORIENTED_EDGE('',*,*,#4882,.F.);
#4909=ORIENTED_EDGE('',*,*,#4898,.T.);
#4910=EDGE_LOOP('',(#4908,#4909));
#4911=FACE_OUTER_BOUND('',#4910,.F.);
#4912=ADVANCED_FACE('',(#4911),#4907,.F.);
#4913=OPEN_SHELL('',(#4860,#4874,#4889,#4902,#4912));
#4914=CARTESIAN_POINT('',(0.E0,8.E-1,0.E0));
#4915=DIRECTION('',(0.E0,1.E0,0.E0));
#4916=DIRECTION('',(-1.E0,0.E0,0.E0));
#4917=AXIS2_PLACEMENT_3D('',#4914,#4915,#4916);
#4919=DIRECTION('',(0.E0,-1.E0,0.E0));
#4920=VECTOR('',#4919,1.121602976573E1);
#4921=CARTESIAN_POINT('',(-6.E0,8.E-1,0.E0));
#4922=LINE('',#4921,#4920);
#4923=DIRECTION('',(0.E0,-1.E0,0.E0));
#4924=VECTOR('',#4923,1.121602976573E1);
#4925=CARTESIAN_POINT('',(6.E0,8.E-1,0.E0));
#4926=LINE('',#4925,#4924);
#4927=CARTESIAN_POINT('',(0.E0,8.E-1,0.E0));
#4928=DIRECTION('',(0.E0,1.E0,0.E0));
#4929=DIRECTION('',(1.E0,0.E0,0.E0));
#4930=AXIS2_PLACEMENT_3D('',#4927,#4928,#4929);
#4932=DIRECTION('',(-9.396926207859E-1,-3.420201433257E-1,-4.489072460130E-14));
#4933=VECTOR('',#4932,9.241362648337E-1);
#4934=CARTESIAN_POINT('',(6.E0,-1.041602976573E1,0.E0));
#4935=LINE('',#4934,#4933);
#4936=CARTESIAN_POINT('',(0.E0,-1.041602976573E1,0.E0));
#4937=DIRECTION('',(0.E0,-1.E0,0.E0));
#4938=DIRECTION('',(-1.E0,0.E0,0.E0));
#4939=AXIS2_PLACEMENT_3D('',#4936,#4937,#4938);
#4941=DIRECTION('',(9.396926207859E-1,-3.420201433257E-1,4.365557336806E-14));
#4942=VECTOR('',#4941,9.241362648337E-1);
#4943=CARTESIAN_POINT('',(-6.E0,-1.041602976573E1,0.E0));
#4944=LINE('',#4943,#4942);
#4945=CARTESIAN_POINT('',(0.E0,-1.092004150764E1,0.E0));
#4946=DIRECTION('',(0.E0,1.E0,0.E0));
#4947=DIRECTION('',(1.E0,0.E0,0.E0));
#4948=AXIS2_PLACEMENT_3D('',#4945,#4946,#4947);
#4950=CARTESIAN_POINT('',(5.2E0,-1.092004150764E1,1.109242559917E-11));
#4951=DIRECTION('',(2.133159100748E-12,0.E0,-1.E0));
#4952=DIRECTION('',(-1.E0,0.E0,-2.133159100748E-12));
#4953=AXIS2_PLACEMENT_3D('',#4950,#4951,#4952);
#4955=CARTESIAN_POINT('',(0.E0,-1.073210302938E1,0.E0));
#4956=DIRECTION('',(0.E0,1.E0,0.E0));
#4957=DIRECTION('',(1.E0,0.E0,0.E0));
#4958=AXIS2_PLACEMENT_3D('',#4955,#4956,#4957);
#4960=DIRECTION('',(0.E0,-1.E0,1.228753459387E-13));
#4961=VECTOR('',#4960,1.399958492358E0);
#4962=CARTESIAN_POINT('',(-5.E0,-1.092004150764E1,4.496949617690E-13));
#4963=LINE('',#4962,#4961);
#4964=DIRECTION('',(0.E0,-1.E0,-1.224788259594E-13));
#4965=VECTOR('',#4964,1.399958492358E0);
#4966=CARTESIAN_POINT('',(5.E0,-1.092004150764E1,-4.502500532813E-13));
#4967=LINE('',#4966,#4965);
#4968=CARTESIAN_POINT('',(0.E0,-1.092004150764E1,0.E0));
#4969=DIRECTION('',(0.E0,1.E0,0.E0));
#4970=DIRECTION('',(-1.E0,0.E0,0.E0));
#4971=AXIS2_PLACEMENT_3D('',#4968,#4969,#4970);
#4973=CARTESIAN_POINT('',(-5.2E0,-1.092004150764E1,-1.109307089630E-11));
#4974=DIRECTION('',(-2.133283133476E-12,0.E0,1.E0));
#4975=DIRECTION('',(1.E0,0.E0,2.133283133476E-12));
#4976=AXIS2_PLACEMENT_3D('',#4973,#4974,#4975);
#4978=CARTESIAN_POINT('',(0.E0,-1.073210302938E1,0.E0));
#4979=DIRECTION('',(0.E0,1.E0,0.E0));
#4980=DIRECTION('',(-1.E0,0.E0,0.E0));
#4981=AXIS2_PLACEMENT_3D('',#4978,#4979,#4980);
#4983=CARTESIAN_POINT('',(0.E0,-1.041602976573E1,0.E0));
#4984=DIRECTION('',(0.E0,1.E0,0.E0));
#4985=DIRECTION('',(-1.E0,0.E0,0.E0));
#4986=AXIS2_PLACEMENT_3D('',#4983,#4984,#4985);
#4988=CARTESIAN_POINT('',(0.E0,-1.252E1,0.E0));
#4989=DIRECTION('',(0.E0,-1.E0,0.E0));
#4990=DIRECTION('',(1.E0,0.E0,0.E0));
#4991=AXIS2_PLACEMENT_3D('',#4988,#4989,#4990);
#4993=CARTESIAN_POINT('',(0.E0,-1.232E1,0.E0));
#4994=DIRECTION('',(0.E0,-1.E0,0.E0));
#4995=DIRECTION('',(1.E0,0.E0,0.E0));
#4996=AXIS2_PLACEMENT_3D('',#4993,#4994,#4995);
#4998=CARTESIAN_POINT('',(4.8E0,-1.232E1,0.E0));
#4999=DIRECTION('',(0.E0,0.E0,1.E0));
#5000=DIRECTION('',(0.E0,-1.E0,0.E0));
#5001=AXIS2_PLACEMENT_3D('',#4998,#4999,#5000);
#5003=CARTESIAN_POINT('',(0.E0,-1.252E1,0.E0));
#5004=DIRECTION('',(0.E0,-1.E0,0.E0));
#5005=DIRECTION('',(-1.E0,0.E0,0.E0));
#5006=AXIS2_PLACEMENT_3D('',#5003,#5004,#5005);
#5008=CARTESIAN_POINT('',(0.E0,-1.232E1,0.E0));
#5009=DIRECTION('',(0.E0,-1.E0,0.E0));
#5010=DIRECTION('',(-1.E0,0.E0,0.E0));
#5011=AXIS2_PLACEMENT_3D('',#5008,#5009,#5010);
#5013=CARTESIAN_POINT('',(-4.8E0,-1.232E1,0.E0));
#5014=DIRECTION('',(0.E0,0.E0,-1.E0));
#5015=DIRECTION('',(0.E0,-1.E0,0.E0));
#5016=AXIS2_PLACEMENT_3D('',#5013,#5014,#5015);
#5018=CARTESIAN_POINT('',(-6.E0,8.E-1,0.E0));
#5019=CARTESIAN_POINT('',(-6.E0,-1.041602976573E1,0.E0));
#5020=VERTEX_POINT('',#5018);
#5021=VERTEX_POINT('',#5019);
#5022=CARTESIAN_POINT('',(6.E0,8.E-1,0.E0));
#5023=CARTESIAN_POINT('',(6.E0,-1.041602976573E1,0.E0));
#5024=VERTEX_POINT('',#5022);
#5025=VERTEX_POINT('',#5023);
#5026=CARTESIAN_POINT('',(-4.799999754580E0,-1.252E1,0.E0));
#5027=CARTESIAN_POINT('',(4.799999754580E0,-1.252E1,0.E0));
#5028=VERTEX_POINT('',#5026);
#5029=VERTEX_POINT('',#5027);
#5030=CARTESIAN_POINT('',(-5.E0,-1.232E1,0.E0));
#5031=CARTESIAN_POINT('',(5.E0,-1.232E1,0.E0));
#5032=VERTEX_POINT('',#5030);
#5033=VERTEX_POINT('',#5031);
#5034=CARTESIAN_POINT('',(5.E0,-1.092004150764E1,0.E0));
#5035=CARTESIAN_POINT('',(-5.E0,-1.092004150764E1,0.E0));
#5036=VERTEX_POINT('',#5034);
#5037=VERTEX_POINT('',#5035);
#5038=CARTESIAN_POINT('',(5.131595845238E0,-1.073210302938E1,0.E0));
#5039=CARTESIAN_POINT('',(-5.131595845238E0,-1.073210302938E1,0.E0));
#5040=VERTEX_POINT('',#5038);
#5041=VERTEX_POINT('',#5039);
#5042=CARTESIAN_POINT('',(0.E0,-1.3446E1,0.E0));
#5043=DIRECTION('',(0.E0,1.E0,0.E0));
#5044=DIRECTION('',(1.E0,0.E0,0.E0));
#5045=AXIS2_PLACEMENT_3D('',#5042,#5043,#5044);
#5046=CYLINDRICAL_SURFACE('',#5045,6.E0);
#5048=ORIENTED_EDGE('',*,*,#5047,.F.);
#5050=ORIENTED_EDGE('',*,*,#5049,.T.);
#5052=ORIENTED_EDGE('',*,*,#5051,.T.);
#5054=ORIENTED_EDGE('',*,*,#5053,.F.);
#5055=EDGE_LOOP('',(#5048,#5050,#5052,#5054));
#5056=FACE_OUTER_BOUND('',#5055,.F.);
#5057=ADVANCED_FACE('',(#5056),#5046,.T.);
#5058=CARTESIAN_POINT('',(0.E0,-1.3446E1,0.E0));
#5059=DIRECTION('',(0.E0,1.E0,0.E0));
#5060=DIRECTION('',(1.E0,0.E0,0.E0));
#5061=AXIS2_PLACEMENT_3D('',#5058,#5059,#5060);
#5062=CYLINDRICAL_SURFACE('',#5061,6.E0);
#5063=ORIENTED_EDGE('',*,*,#5047,.T.);
#5065=ORIENTED_EDGE('',*,*,#5064,.T.);
#5066=ORIENTED_EDGE('',*,*,#5051,.F.);
#5068=ORIENTED_EDGE('',*,*,#5067,.T.);
#5069=EDGE_LOOP('',(#5063,#5065,#5066,#5068));
#5070=FACE_OUTER_BOUND('',#5069,.F.);
#5071=ADVANCED_FACE('',(#5070),#5062,.T.);
#5072=CARTESIAN_POINT('',(0.E0,-1.057406658804E1,0.E0));
#5073=DIRECTION('',(0.E0,1.E0,0.E0));
#5074=DIRECTION('',(1.E0,0.E0,0.E0));
#5075=AXIS2_PLACEMENT_3D('',#5072,#5073,#5074);
#5076=CONICAL_SURFACE('',#5075,5.565797399263E0,7.E1);
#5078=ORIENTED_EDGE('',*,*,#5077,.F.);
#5080=ORIENTED_EDGE('',*,*,#5079,.F.);
#5081=ORIENTED_EDGE('',*,*,#5064,.F.);
#5083=ORIENTED_EDGE('',*,*,#5082,.T.);
#5084=EDGE_LOOP('',(#5078,#5080,#5081,#5083));
#5085=FACE_OUTER_BOUND('',#5084,.F.);
#5086=ADVANCED_FACE('',(#5085),#5076,.T.);
#5087=CARTESIAN_POINT('',(0.E0,-1.092004150764E1,0.E0));
#5088=DIRECTION('',(0.E0,1.E0,0.E0));
#5089=DIRECTION('',(9.999721404084E-1,0.E0,7.464476345299E-3));
#5090=AXIS2_PLACEMENT_3D('',#5087,#5088,#5089);
#5091=TOROIDAL_SURFACE('',#5090,5.2E0,2.E-1);
#5093=ORIENTED_EDGE('',*,*,#5092,.F.);
#5095=ORIENTED_EDGE('',*,*,#5094,.T.);
#5096=ORIENTED_EDGE('',*,*,#5077,.T.);
#5098=ORIENTED_EDGE('',*,*,#5097,.F.);
#5099=EDGE_LOOP('',(#5093,#5095,#5096,#5098));
#5100=FACE_OUTER_BOUND('',#5099,.F.);
#5101=ADVANCED_FACE('',(#5100),#5091,.F.);
#5102=CARTESIAN_POINT('',(0.E0,-1.3446E1,0.E0));
#5103=DIRECTION('',(0.E0,1.E0,0.E0));
#5104=DIRECTION('',(1.E0,0.E0,0.E0));
#5105=AXIS2_PLACEMENT_3D('',#5102,#5103,#5104);
#5106=CYLINDRICAL_SURFACE('',#5105,5.E0);
#5107=ORIENTED_EDGE('',*,*,#5092,.T.);
#5109=ORIENTED_EDGE('',*,*,#5108,.T.);
#5111=ORIENTED_EDGE('',*,*,#5110,.T.);
#5113=ORIENTED_EDGE('',*,*,#5112,.F.);
#5114=EDGE_LOOP('',(#5107,#5109,#5111,#5113));
#5115=FACE_OUTER_BOUND('',#5114,.F.);
#5116=ADVANCED_FACE('',(#5115),#5106,.T.);
#5117=CARTESIAN_POINT('',(0.E0,-1.3446E1,0.E0));
#5118=DIRECTION('',(0.E0,1.E0,0.E0));
#5119=DIRECTION('',(1.E0,0.E0,0.E0));
#5120=AXIS2_PLACEMENT_3D('',#5117,#5118,#5119);
#5121=CYLINDRICAL_SURFACE('',#5120,5.E0);
#5123=ORIENTED_EDGE('',*,*,#5122,.T.);
#5124=ORIENTED_EDGE('',*,*,#5112,.T.);
#5126=ORIENTED_EDGE('',*,*,#5125,.T.);
#5127=ORIENTED_EDGE('',*,*,#5108,.F.);
#5128=EDGE_LOOP('',(#5123,#5124,#5126,#5127));
#5129=FACE_OUTER_BOUND('',#5128,.F.);
#5130=ADVANCED_FACE('',(#5129),#5121,.T.);
#5131=CARTESIAN_POINT('',(0.E0,-1.092004150764E1,0.E0));
#5132=DIRECTION('',(0.E0,1.E0,0.E0));
#5133=DIRECTION('',(-9.999721404084E-1,0.E0,-7.464476345299E-3));
#5134=AXIS2_PLACEMENT_3D('',#5131,#5132,#5133);
#5135=TOROIDAL_SURFACE('',#5134,5.2E0,2.E-1);
#5136=ORIENTED_EDGE('',*,*,#5122,.F.);
#5137=ORIENTED_EDGE('',*,*,#5097,.T.);
#5139=ORIENTED_EDGE('',*,*,#5138,.T.);
#5140=ORIENTED_EDGE('',*,*,#5094,.F.);
#5141=EDGE_LOOP('',(#5136,#5137,#5139,#5140));
#5142=FACE_OUTER_BOUND('',#5141,.F.);
#5143=ADVANCED_FACE('',(#5142),#5135,.F.);
#5144=CARTESIAN_POINT('',(0.E0,-1.057406658804E1,0.E0));
#5145=DIRECTION('',(0.E0,1.E0,0.E0));
#5146=DIRECTION('',(1.E0,0.E0,0.E0));
#5147=AXIS2_PLACEMENT_3D('',#5144,#5145,#5146);
#5148=CONICAL_SURFACE('',#5147,5.565797399263E0,7.E1);
#5149=ORIENTED_EDGE('',*,*,#5138,.F.);
#5150=ORIENTED_EDGE('',*,*,#5082,.F.);
#5151=ORIENTED_EDGE('',*,*,#5053,.T.);
#5152=ORIENTED_EDGE('',*,*,#5079,.T.);
#5153=EDGE_LOOP('',(#5149,#5150,#5151,#5152));
#5154=FACE_OUTER_BOUND('',#5153,.F.);
#5155=ADVANCED_FACE('',(#5154),#5148,.T.);
#5156=CARTESIAN_POINT('',(0.E0,-1.232E1,0.E0));
#5157=DIRECTION('',(0.E0,1.E0,0.E0));
#5158=DIRECTION('',(9.999319741921E-1,0.E0,-1.166391821807E-2));
#5159=AXIS2_PLACEMENT_3D('',#5156,#5157,#5158);
#5160=TOROIDAL_SURFACE('',#5159,4.8E0,2.E-1);
#5162=ORIENTED_EDGE('',*,*,#5161,.T.);
#5164=ORIENTED_EDGE('',*,*,#5163,.T.);
#5165=ORIENTED_EDGE('',*,*,#5125,.F.);
#5167=ORIENTED_EDGE('',*,*,#5166,.F.);
#5168=EDGE_LOOP('',(#5162,#5164,#5165,#5167));
#5169=FACE_OUTER_BOUND('',#5168,.F.);
#5170=ADVANCED_FACE('',(#5169),#5160,.T.);
#5171=CARTESIAN_POINT('',(0.E0,-1.252E1,0.E0));
#5172=DIRECTION('',(0.E0,1.E0,0.E0));
#5173=DIRECTION('',(1.E0,0.E0,0.E0));
#5174=AXIS2_PLACEMENT_3D('',#5171,#5172,#5173);
#5175=PLANE('',#5174);
#5177=ORIENTED_EDGE('',*,*,#5176,.F.);
#5178=ORIENTED_EDGE('',*,*,#5161,.F.);
#5179=EDGE_LOOP('',(#5177,#5178));
#5180=FACE_OUTER_BOUND('',#5179,.F.);
#5181=ADVANCED_FACE('',(#5180),#5175,.F.);
#5182=CARTESIAN_POINT('',(0.E0,-1.232E1,0.E0));
#5183=DIRECTION('',(0.E0,1.E0,0.E0));
#5184=DIRECTION('',(-9.999319741921E-1,0.E0,1.166391821807E-2));
#5185=AXIS2_PLACEMENT_3D('',#5182,#5183,#5184);
#5186=TOROIDAL_SURFACE('',#5185,4.8E0,2.E-1);
#5187=ORIENTED_EDGE('',*,*,#5176,.T.);
#5188=ORIENTED_EDGE('',*,*,#5166,.T.);
#5189=ORIENTED_EDGE('',*,*,#5110,.F.);
#5190=ORIENTED_EDGE('',*,*,#5163,.F.);
#5191=EDGE_LOOP('',(#5187,#5188,#5189,#5190));
#5192=FACE_OUTER_BOUND('',#5191,.F.);
#5193=ADVANCED_FACE('',(#5192),#5186,.T.);
#5194=OPEN_SHELL('',(#5057,#5071,#5086,#5101,#5116,#5130,#5143,#5155,#5170,
#5181,#5193));
#5195=CARTESIAN_POINT('',(0.E0,-1.212E1,0.E0));
#5196=DIRECTION('',(0.E0,1.E0,0.E0));
#5197=DIRECTION('',(0.E0,0.E0,1.E0));
#5198=AXIS2_PLACEMENT_3D('',#5195,#5196,#5197);
#5200=DIRECTION('',(0.E0,-1.E0,0.E0));
#5201=VECTOR('',#5200,1.E0);
#5202=CARTESIAN_POINT('',(0.E0,-1.212E1,4.25E0));
#5203=LINE('',#5202,#5201);
#5204=DIRECTION('',(0.E0,1.E0,0.E0));
#5205=VECTOR('',#5204,1.E0);
#5206=CARTESIAN_POINT('',(0.E0,-1.312E1,-4.25E0));
#5207=LINE('',#5206,#5205);
#5208=CARTESIAN_POINT('',(0.E0,-1.212E1,0.E0));
#5209=DIRECTION('',(0.E0,1.E0,0.E0));
#5210=DIRECTION('',(0.E0,0.E0,-1.E0));
#5211=AXIS2_PLACEMENT_3D('',#5208,#5209,#5210);
#5213=CARTESIAN_POINT('',(0.E0,-1.312E1,0.E0));
#5214=DIRECTION('',(0.E0,-1.E0,0.E0));
#5215=DIRECTION('',(0.E0,0.E0,-1.E0));
#5216=AXIS2_PLACEMENT_3D('',#5213,#5214,#5215);
#5218=CARTESIAN_POINT('',(0.E0,-1.312E1,0.E0));
#5219=DIRECTION('',(0.E0,-1.E0,0.E0));
#5220=DIRECTION('',(0.E0,0.E0,1.E0));
#5221=AXIS2_PLACEMENT_3D('',#5218,#5219,#5220);
#5223=CARTESIAN_POINT('',(0.E0,-1.212E1,-4.25E0));
#5224=CARTESIAN_POINT('',(0.E0,-1.212E1,4.25E0));
#5225=VERTEX_POINT('',#5223);
#5226=VERTEX_POINT('',#5224);
#5227=CARTESIAN_POINT('',(0.E0,-1.312E1,-4.25E0));
#5228=CARTESIAN_POINT('',(0.E0,-1.312E1,4.25E0));
#5229=VERTEX_POINT('',#5227);
#5230=VERTEX_POINT('',#5228);
#5231=CARTESIAN_POINT('',(0.E0,-1.212E1,0.E0));
#5232=DIRECTION('',(0.E0,-1.E0,0.E0));
#5233=DIRECTION('',(0.E0,0.E0,-1.E0));
#5234=AXIS2_PLACEMENT_3D('',#5231,#5232,#5233);
#5235=CYLINDRICAL_SURFACE('',#5234,4.25E0);
#5237=ORIENTED_EDGE('',*,*,#5236,.F.);
#5239=ORIENTED_EDGE('',*,*,#5238,.T.);
#5241=ORIENTED_EDGE('',*,*,#5240,.F.);
#5243=ORIENTED_EDGE('',*,*,#5242,.T.);
#5244=EDGE_LOOP('',(#5237,#5239,#5241,#5243));
#5245=FACE_OUTER_BOUND('',#5244,.F.);
#5246=ADVANCED_FACE('',(#5245),#5235,.T.);
#5247=CARTESIAN_POINT('',(0.E0,-1.212E1,0.E0));
#5248=DIRECTION('',(0.E0,-1.E0,0.E0));
#5249=DIRECTION('',(0.E0,0.E0,-1.E0));
#5250=AXIS2_PLACEMENT_3D('',#5247,#5248,#5249);
#5251=CYLINDRICAL_SURFACE('',#5250,4.25E0);
#5252=ORIENTED_EDGE('',*,*,#5240,.T.);
#5254=ORIENTED_EDGE('',*,*,#5253,.T.);
#5255=ORIENTED_EDGE('',*,*,#5236,.T.);
#5257=ORIENTED_EDGE('',*,*,#5256,.T.);
#5258=EDGE_LOOP('',(#5252,#5254,#5255,#5257));
#5259=FACE_OUTER_BOUND('',#5258,.F.);
#5260=ADVANCED_FACE('',(#5259),#5251,.T.);
#5261=CARTESIAN_POINT('',(0.E0,-1.312E1,0.E0));
#5262=DIRECTION('',(0.E0,-1.E0,0.E0));
#5263=DIRECTION('',(0.E0,0.E0,-1.E0));
#5264=AXIS2_PLACEMENT_3D('',#5261,#5262,#5263);
#5265=PLANE('',#5264);
#5266=ORIENTED_EDGE('',*,*,#5238,.F.);
#5267=ORIENTED_EDGE('',*,*,#5253,.F.);
#5268=EDGE_LOOP('',(#5266,#5267));
#5269=FACE_OUTER_BOUND('',#5268,.F.);
#5270=ADVANCED_FACE('',(#5269),#5265,.T.);
#5271=OPEN_SHELL('',(#5246,#5260,#5270));
#5272=CARTESIAN_POINT('',(-2.79E0,-2.781690481052E0,-9.794041155677E-1));
#5273=DIRECTION('',(1.E0,0.E0,0.E0));
#5274=DIRECTION('',(0.E0,9.743240273445E-1,-2.251503713949E-1));
#5275=AXIS2_PLACEMENT_3D('',#5272,#5273,#5274);
#5277=CARTESIAN_POINT('',(-2.79E0,-1.453809621031E0,0.E0));
#5278=DIRECTION('',(-1.E0,0.E0,0.E0));
#5279=DIRECTION('',(0.E0,-8.047762788004E-1,-5.935782518592E-1));
#5280=AXIS2_PLACEMENT_3D('',#5277,#5278,#5279);
#5282=CARTESIAN_POINT('',(-2.79E0,-2.781690481052E0,9.794041155677E-1));
#5283=DIRECTION('',(1.E0,0.E0,0.E0));
#5284=DIRECTION('',(0.E0,8.047762788004E-1,-5.935782518592E-1));
#5285=AXIS2_PLACEMENT_3D('',#5282,#5283,#5284);
#5287=CARTESIAN_POINT('',(-2.79E0,-7.02E0,0.E0));
#5288=DIRECTION('',(1.E0,0.E0,0.E0));
#5289=DIRECTION('',(0.E0,9.743240273445E-1,2.251503713949E-1));
#5290=AXIS2_PLACEMENT_3D('',#5287,#5288,#5289);
#5292=DIRECTION('',(0.E0,-1.E0,0.E0));
#5293=VECTOR('',#5292,5.255572852781E-1);
#5294=CARTESIAN_POINT('',(-2.79E0,-3.094442714722E0,2.2E0));
#5295=LINE('',#5294,#5293);
#5296=DIRECTION('',(0.E0,0.E0,-1.E0));
#5297=VECTOR('',#5296,4.5E-1);
#5298=CARTESIAN_POINT('',(-2.79E0,-3.62E0,2.2E0));
#5299=LINE('',#5298,#5297);
#5300=DIRECTION('',(0.E0,-1.E0,0.E0));
#5301=VECTOR('',#5300,9.9E0);
#5302=CARTESIAN_POINT('',(-2.79E0,-3.62E0,1.75E0));
#5303=LINE('',#5302,#5301);
#5304=DIRECTION('',(0.E0,0.E0,-1.E0));
#5305=VECTOR('',#5304,3.5E-1);
#5306=CARTESIAN_POINT('',(-2.79E0,-1.352E1,1.75E0));
#5307=LINE('',#5306,#5305);
#5308=DIRECTION('',(0.E0,-1.E0,0.E0));
#5309=VECTOR('',#5308,2.3E0);
#5310=CARTESIAN_POINT('',(-2.79E0,-1.352E1,1.4E0));
#5311=LINE('',#5310,#5309);
#5312=DIRECTION('',(0.E0,0.E0,-1.E0));
#5313=VECTOR('',#5312,1.8E0);
#5314=CARTESIAN_POINT('',(-2.79E0,-1.632E1,9.E-1));
#5315=LINE('',#5314,#5313);
#5316=DIRECTION('',(0.E0,1.E0,0.E0));
#5317=VECTOR('',#5316,2.3E0);
#5318=CARTESIAN_POINT('',(-2.79E0,-1.582E1,-1.4E0));
#5319=LINE('',#5318,#5317);
#5320=DIRECTION('',(0.E0,0.E0,-1.E0));
#5321=VECTOR('',#5320,3.5E-1);
#5322=CARTESIAN_POINT('',(-2.79E0,-1.352E1,-1.4E0));
#5323=LINE('',#5322,#5321);
#5324=DIRECTION('',(0.E0,1.E0,0.E0));
#5325=VECTOR('',#5324,9.9E0);
#5326=CARTESIAN_POINT('',(-2.79E0,-1.352E1,-1.75E0));
#5327=LINE('',#5326,#5325);
#5328=DIRECTION('',(0.E0,0.E0,-1.E0));
#5329=VECTOR('',#5328,4.5E-1);
#5330=CARTESIAN_POINT('',(-2.79E0,-3.62E0,-1.75E0));
#5331=LINE('',#5330,#5329);
#5332=DIRECTION('',(0.E0,1.E0,0.E0));
#5333=VECTOR('',#5332,5.255572852781E-1);
#5334=CARTESIAN_POINT('',(-2.79E0,-3.62E0,-2.2E0));
#5335=LINE('',#5334,#5333);
#5336=CARTESIAN_POINT('',(-2.79E0,-7.02E0,0.E0));
#5337=DIRECTION('',(1.E0,0.E0,0.E0));
#5338=DIRECTION('',(0.E0,8.723460633951E-1,-4.888888888889E-1));
#5339=AXIS2_PLACEMENT_3D('',#5336,#5337,#5338);
#5341=DIRECTION('',(1.E0,0.E0,0.E0));
#5342=VECTOR('',#5341,5.E-1);
#5343=CARTESIAN_POINT('',(-2.79E0,-3.62E0,1.75E0));
#5344=LINE('',#5343,#5342);
#5345=CARTESIAN_POINT('',(-2.29E0,-2.781690481052E0,-9.794041155677E-1));
#5346=DIRECTION('',(-1.E0,0.E0,0.E0));
#5347=DIRECTION('',(0.E0,8.047762788004E-1,5.935782518592E-1));
#5348=AXIS2_PLACEMENT_3D('',#5345,#5346,#5347);
#5350=CARTESIAN_POINT('',(-2.29E0,-7.02E0,0.E0));
#5351=DIRECTION('',(-1.E0,0.E0,0.E0));
#5352=DIRECTION('',(0.E0,9.743240273445E-1,-2.251503713949E-1));
#5353=AXIS2_PLACEMENT_3D('',#5350,#5351,#5352);
#5355=DIRECTION('',(0.E0,-1.E0,0.E0));
#5356=VECTOR('',#5355,5.255572852781E-1);
#5357=CARTESIAN_POINT('',(-2.29E0,-3.094442714722E0,-2.2E0));
#5358=LINE('',#5357,#5356);
#5359=DIRECTION('',(0.E0,0.E0,1.E0));
#5360=VECTOR('',#5359,4.5E-1);
#5361=CARTESIAN_POINT('',(-2.29E0,-3.62E0,-2.2E0));
#5362=LINE('',#5361,#5360);
#5363=DIRECTION('',(0.E0,1.E0,0.E0));
#5364=VECTOR('',#5363,9.9E0);
#5365=CARTESIAN_POINT('',(-2.29E0,-1.352E1,-1.75E0));
#5366=LINE('',#5365,#5364);
#5367=DIRECTION('',(0.E0,0.E0,-1.E0));
#5368=VECTOR('',#5367,3.5E-1);
#5369=CARTESIAN_POINT('',(-2.29E0,-1.352E1,-1.4E0));
#5370=LINE('',#5369,#5368);
#5371=DIRECTION('',(0.E0,1.E0,0.E0));
#5372=VECTOR('',#5371,2.3E0);
#5373=CARTESIAN_POINT('',(-2.29E0,-1.582E1,-1.4E0));
#5374=LINE('',#5373,#5372);
#5375=DIRECTION('',(0.E0,0.E0,-1.E0));
#5376=VECTOR('',#5375,1.8E0);
#5377=CARTESIAN_POINT('',(-2.29E0,-1.632E1,9.E-1));
#5378=LINE('',#5377,#5376);
#5379=DIRECTION('',(0.E0,-1.E0,0.E0));
#5380=VECTOR('',#5379,2.3E0);
#5381=CARTESIAN_POINT('',(-2.29E0,-1.352E1,1.4E0));
#5382=LINE('',#5381,#5380);
#5383=DIRECTION('',(0.E0,0.E0,-1.E0));
#5384=VECTOR('',#5383,3.5E-1);
#5385=CARTESIAN_POINT('',(-2.29E0,-1.352E1,1.75E0));
#5386=LINE('',#5385,#5384);
#5387=DIRECTION('',(0.E0,-1.E0,0.E0));
#5388=VECTOR('',#5387,9.9E0);
#5389=CARTESIAN_POINT('',(-2.29E0,-3.62E0,1.75E0));
#5390=LINE('',#5389,#5388);
#5391=DIRECTION('',(0.E0,0.E0,1.E0));
#5392=VECTOR('',#5391,4.5E-1);
#5393=CARTESIAN_POINT('',(-2.29E0,-3.62E0,1.75E0));
#5394=LINE('',#5393,#5392);
#5395=DIRECTION('',(0.E0,1.E0,0.E0));
#5396=VECTOR('',#5395,5.255572852781E-1);
#5397=CARTESIAN_POINT('',(-2.29E0,-3.62E0,2.2E0));
#5398=LINE('',#5397,#5396);
#5399=CARTESIAN_POINT('',(-2.29E0,-7.02E0,0.E0));
#5400=DIRECTION('',(-1.E0,0.E0,0.E0));
#5401=DIRECTION('',(0.E0,8.723460633951E-1,4.888888888889E-1));
#5402=AXIS2_PLACEMENT_3D('',#5399,#5400,#5401);
#5404=CARTESIAN_POINT('',(-2.29E0,-2.781690481052E0,9.794041155677E-1));
#5405=DIRECTION('',(-1.E0,0.E0,0.E0));
#5406=DIRECTION('',(0.E0,9.743240273445E-1,2.251503713949E-1));
#5407=AXIS2_PLACEMENT_3D('',#5404,#5405,#5406);
#5409=CARTESIAN_POINT('',(-2.29E0,-1.453809621031E0,0.E0));
#5410=DIRECTION('',(1.E0,0.E0,0.E0));
#5411=DIRECTION('',(0.E0,-8.047762788004E-1,5.935782518592E-1));
#5412=AXIS2_PLACEMENT_3D('',#5409,#5410,#5411);
#5414=DIRECTION('',(1.E0,0.E0,0.E0));
#5415=VECTOR('',#5414,5.E-1);
#5416=CARTESIAN_POINT('',(-2.79E0,-1.352E1,-1.75E0));
#5417=LINE('',#5416,#5415);
#5418=DIRECTION('',(-1.E0,0.E0,0.E0));
#5419=VECTOR('',#5418,5.E-1);
#5420=CARTESIAN_POINT('',(-2.29E0,-3.62E0,-1.75E0));
#5421=LINE('',#5420,#5419);
#5422=DIRECTION('',(1.E0,0.E0,0.E0));
#5423=VECTOR('',#5422,5.E-1);
#5424=CARTESIAN_POINT('',(-2.79E0,-1.352E1,-1.4E0));
#5425=LINE('',#5424,#5423);
#5426=DIRECTION('',(1.E0,0.E0,0.E0));
#5427=VECTOR('',#5426,5.E-1);
#5428=CARTESIAN_POINT('',(-2.79E0,-1.582E1,-1.4E0));
#5429=LINE('',#5428,#5427);
#5430=DIRECTION('',(0.E0,-7.071067811865E-1,7.071067811865E-1));
#5431=VECTOR('',#5430,7.071067811865E-1);
#5432=CARTESIAN_POINT('',(-2.79E0,-1.582E1,-1.4E0));
#5433=LINE('',#5432,#5431);
#5434=DIRECTION('',(1.E0,0.E0,0.E0));
#5435=VECTOR('',#5434,5.E-1);
#5436=CARTESIAN_POINT('',(-2.79E0,-1.632E1,-9.E-1));
#5437=LINE('',#5436,#5435);
#5438=DIRECTION('',(0.E0,-7.071067811865E-1,7.071067811865E-1));
#5439=VECTOR('',#5438,7.071067811865E-1);
#5440=CARTESIAN_POINT('',(-2.29E0,-1.582E1,-1.4E0));
#5441=LINE('',#5440,#5439);
#5442=DIRECTION('',(1.E0,0.E0,0.E0));
#5443=VECTOR('',#5442,5.E-1);
#5444=CARTESIAN_POINT('',(-2.79E0,-1.632E1,9.E-1));
#5445=LINE('',#5444,#5443);
#5446=DIRECTION('',(0.E0,7.071067811865E-1,7.071067811865E-1));
#5447=VECTOR('',#5446,7.071067811865E-1);
#5448=CARTESIAN_POINT('',(-2.79E0,-1.632E1,9.E-1));
#5449=LINE('',#5448,#5447);
#5450=DIRECTION('',(1.E0,0.E0,0.E0));
#5451=VECTOR('',#5450,5.E-1);
#5452=CARTESIAN_POINT('',(-2.79E0,-1.582E1,1.4E0));
#5453=LINE('',#5452,#5451);
#5454=DIRECTION('',(0.E0,7.071067811865E-1,7.071067811865E-1));
#5455=VECTOR('',#5454,7.071067811865E-1);
#5456=CARTESIAN_POINT('',(-2.29E0,-1.632E1,9.E-1));
#5457=LINE('',#5456,#5455);
#5458=DIRECTION('',(1.E0,0.E0,0.E0));
#5459=VECTOR('',#5458,5.E-1);
#5460=CARTESIAN_POINT('',(-2.79E0,-1.352E1,1.4E0));
#5461=LINE('',#5460,#5459);
#5462=DIRECTION('',(1.E0,0.E0,0.E0));
#5463=VECTOR('',#5462,5.E-1);
#5464=CARTESIAN_POINT('',(-2.79E0,-1.352E1,1.75E0));
#5465=LINE('',#5464,#5463);
#5466=CARTESIAN_POINT('',(-2.79E0,-3.094442714722E0,2.2E0));
#5467=CARTESIAN_POINT('',(-2.79E0,-3.62E0,2.2E0));
#5468=VERTEX_POINT('',#5466);
#5469=VERTEX_POINT('',#5467);
#5470=CARTESIAN_POINT('',(-2.79E0,-3.62E0,1.75E0));
#5471=VERTEX_POINT('',#5470);
#5472=CARTESIAN_POINT('',(-2.79E0,-1.352E1,1.75E0));
#5473=VERTEX_POINT('',#5472);
#5474=CARTESIAN_POINT('',(-2.79E0,-1.352E1,1.4E0));
#5475=VERTEX_POINT('',#5474);
#5476=CARTESIAN_POINT('',(-2.79E0,-1.352E1,-1.4E0));
#5477=CARTESIAN_POINT('',(-2.79E0,-1.352E1,-1.75E0));
#5478=VERTEX_POINT('',#5476);
#5479=VERTEX_POINT('',#5477);
#5480=CARTESIAN_POINT('',(-2.79E0,-3.62E0,-1.75E0));
#5481=VERTEX_POINT('',#5480);
#5482=CARTESIAN_POINT('',(-2.79E0,-3.62E0,-2.2E0));
#5483=VERTEX_POINT('',#5482);
#5484=CARTESIAN_POINT('',(-2.79E0,-3.094442714722E0,-2.2E0));
#5485=VERTEX_POINT('',#5484);
#5486=CARTESIAN_POINT('',(-2.29E0,-3.094442714722E0,2.2E0));
#5487=CARTESIAN_POINT('',(-2.29E0,-3.62E0,2.2E0));
#5488=VERTEX_POINT('',#5486);
#5489=VERTEX_POINT('',#5487);
#5490=CARTESIAN_POINT('',(-2.29E0,-3.62E0,1.75E0));
#5491=VERTEX_POINT('',#5490);
#5492=CARTESIAN_POINT('',(-2.29E0,-1.352E1,1.75E0));
#5493=VERTEX_POINT('',#5492);
#5494=CARTESIAN_POINT('',(-2.29E0,-1.352E1,1.4E0));
#5495=VERTEX_POINT('',#5494);
#5496=CARTESIAN_POINT('',(-2.29E0,-1.352E1,-1.4E0));
#5497=CARTESIAN_POINT('',(-2.29E0,-1.352E1,-1.75E0));
#5498=VERTEX_POINT('',#5496);
#5499=VERTEX_POINT('',#5497);
#5500=CARTESIAN_POINT('',(-2.29E0,-3.62E0,-1.75E0));
#5501=VERTEX_POINT('',#5500);
#5502=CARTESIAN_POINT('',(-2.29E0,-3.62E0,-2.2E0));
#5503=VERTEX_POINT('',#5502);
#5504=CARTESIAN_POINT('',(-2.29E0,-3.094442714722E0,-2.2E0));
#5505=VERTEX_POINT('',#5504);
#5506=CARTESIAN_POINT('',(-2.79E0,-1.632E1,9.E-1));
#5507=CARTESIAN_POINT('',(-2.29E0,-1.632E1,9.E-1));
#5508=VERTEX_POINT('',#5506);
#5509=VERTEX_POINT('',#5507);
#5510=CARTESIAN_POINT('',(-2.79E0,-1.582E1,1.4E0));
#5511=CARTESIAN_POINT('',(-2.29E0,-1.582E1,1.4E0));
#5512=VERTEX_POINT('',#5510);
#5513=VERTEX_POINT('',#5511);
#5514=CARTESIAN_POINT('',(-2.79E0,-1.582E1,-1.4E0));
#5515=CARTESIAN_POINT('',(-2.29E0,-1.582E1,-1.4E0));
#5516=VERTEX_POINT('',#5514);
#5517=VERTEX_POINT('',#5515);
#5518=CARTESIAN_POINT('',(-2.79E0,-1.632E1,-9.E-1));
#5519=CARTESIAN_POINT('',(-2.29E0,-1.632E1,-9.E-1));
#5520=VERTEX_POINT('',#5518);
#5521=VERTEX_POINT('',#5519);
#5522=CARTESIAN_POINT('',(-2.29E0,-2.635541876950E0,-1.013176671277E0));
#5523=CARTESIAN_POINT('',(-2.29E0,-2.660974039231E0,-8.903673777888E-1));
#5524=VERTEX_POINT('',#5522);
#5525=VERTEX_POINT('',#5523);
#5526=CARTESIAN_POINT('',(-2.79E0,-2.660974039231E0,-8.903673777888E-1));
#5527=CARTESIAN_POINT('',(-2.79E0,-2.635541876950E0,-1.013176671277E0));
#5528=VERTEX_POINT('',#5526);
#5529=VERTEX_POINT('',#5527);
#5530=CARTESIAN_POINT('',(-2.79E0,-2.635541876950E0,1.013176671277E0));
#5531=CARTESIAN_POINT('',(-2.79E0,-2.660974039231E0,8.903673777888E-1));
#5532=VERTEX_POINT('',#5530);
#5533=VERTEX_POINT('',#5531);
#5534=CARTESIAN_POINT('',(-2.29E0,-2.660974039231E0,8.903673777888E-1));
#5535=CARTESIAN_POINT('',(-2.29E0,-2.635541876950E0,1.013176671277E0));
#5536=VERTEX_POINT('',#5534);
#5537=VERTEX_POINT('',#5535);
#5538=CARTESIAN_POINT('',(-2.79E0,-3.62E0,0.E0));
#5539=DIRECTION('',(1.E0,0.E0,0.E0));
#5540=DIRECTION('',(0.E0,0.E0,-1.E0));
#5541=AXIS2_PLACEMENT_3D('',#5538,#5539,#5540);
#5542=PLANE('',#5541);
#5544=ORIENTED_EDGE('',*,*,#5543,.T.);
#5546=ORIENTED_EDGE('',*,*,#5545,.T.);
#5548=ORIENTED_EDGE('',*,*,#5547,.T.);
#5550=ORIENTED_EDGE('',*,*,#5549,.T.);
#5552=ORIENTED_EDGE('',*,*,#5551,.T.);
#5554=ORIENTED_EDGE('',*,*,#5553,.T.);
#5556=ORIENTED_EDGE('',*,*,#5555,.T.);
#5558=ORIENTED_EDGE('',*,*,#5557,.T.);
#5560=ORIENTED_EDGE('',*,*,#5559,.T.);
#5562=ORIENTED_EDGE('',*,*,#5561,.F.);
#5564=ORIENTED_EDGE('',*,*,#5563,.T.);
#5566=ORIENTED_EDGE('',*,*,#5565,.F.);
#5568=ORIENTED_EDGE('',*,*,#5567,.T.);
#5570=ORIENTED_EDGE('',*,*,#5569,.T.);
#5572=ORIENTED_EDGE('',*,*,#5571,.T.);
#5574=ORIENTED_EDGE('',*,*,#5573,.T.);
#5576=ORIENTED_EDGE('',*,*,#5575,.T.);
#5578=ORIENTED_EDGE('',*,*,#5577,.T.);
#5579=EDGE_LOOP('',(#5544,#5546,#5548,#5550,#5552,#5554,#5556,#5558,#5560,#5562,
#5564,#5566,#5568,#5570,#5572,#5574,#5576,#5578));
#5580=FACE_OUTER_BOUND('',#5579,.F.);
#5581=ADVANCED_FACE('',(#5580),#5542,.F.);
#5582=CARTESIAN_POINT('',(-2.79E0,-3.62E0,1.75E0));
#5583=DIRECTION('',(0.E0,0.E0,1.E0));
#5584=DIRECTION('',(0.E0,-1.E0,0.E0));
#5585=AXIS2_PLACEMENT_3D('',#5582,#5583,#5584);
#5586=PLANE('',#5585);
#5587=ORIENTED_EDGE('',*,*,#5555,.F.);
#5589=ORIENTED_EDGE('',*,*,#5588,.T.);
#5591=ORIENTED_EDGE('',*,*,#5590,.T.);
#5593=ORIENTED_EDGE('',*,*,#5592,.F.);
#5594=EDGE_LOOP('',(#5587,#5589,#5591,#5593));
#5595=FACE_OUTER_BOUND('',#5594,.F.);
#5596=ADVANCED_FACE('',(#5595),#5586,.T.);
#5597=CARTESIAN_POINT('',(-2.29E0,-3.62E0,0.E0));
#5598=DIRECTION('',(1.E0,0.E0,0.E0));
#5599=DIRECTION('',(0.E0,0.E0,-1.E0));
#5600=AXIS2_PLACEMENT_3D('',#5597,#5598,#5599);
#5601=PLANE('',#5600);
#5603=ORIENTED_EDGE('',*,*,#5602,.T.);
#5605=ORIENTED_EDGE('',*,*,#5604,.T.);
#5607=ORIENTED_EDGE('',*,*,#5606,.T.);
#5609=ORIENTED_EDGE('',*,*,#5608,.T.);
#5611=ORIENTED_EDGE('',*,*,#5610,.F.);
#5613=ORIENTED_EDGE('',*,*,#5612,.F.);
#5615=ORIENTED_EDGE('',*,*,#5614,.F.);
#5617=ORIENTED_EDGE('',*,*,#5616,.T.);
#5619=ORIENTED_EDGE('',*,*,#5618,.F.);
#5621=ORIENTED_EDGE('',*,*,#5620,.T.);
#5623=ORIENTED_EDGE('',*,*,#5622,.F.);
#5625=ORIENTED_EDGE('',*,*,#5624,.F.);
#5626=ORIENTED_EDGE('',*,*,#5590,.F.);
#5628=ORIENTED_EDGE('',*,*,#5627,.T.);
#5630=ORIENTED_EDGE('',*,*,#5629,.T.);
#5632=ORIENTED_EDGE('',*,*,#5631,.T.);
#5634=ORIENTED_EDGE('',*,*,#5633,.T.);
#5636=ORIENTED_EDGE('',*,*,#5635,.T.);
#5637=EDGE_LOOP('',(#5603,#5605,#5607,#5609,#5611,#5613,#5615,#5617,#5619,#5621,
#5623,#5625,#5626,#5628,#5630,#5632,#5634,#5636));
#5638=FACE_OUTER_BOUND('',#5637,.F.);
#5639=ADVANCED_FACE('',(#5638),#5601,.T.);
#5640=CARTESIAN_POINT('',(-2.79E0,-1.352E1,-1.75E0));
#5641=DIRECTION('',(0.E0,0.E0,-1.E0));
#5642=DIRECTION('',(0.E0,1.E0,0.E0));
#5643=AXIS2_PLACEMENT_3D('',#5640,#5641,#5642);
#5644=PLANE('',#5643);
#5645=ORIENTED_EDGE('',*,*,#5571,.F.);
#5647=ORIENTED_EDGE('',*,*,#5646,.T.);
#5648=ORIENTED_EDGE('',*,*,#5610,.T.);
#5650=ORIENTED_EDGE('',*,*,#5649,.T.);
#5651=EDGE_LOOP('',(#5645,#5647,#5648,#5650));
#5652=FACE_OUTER_BOUND('',#5651,.F.);
#5653=ADVANCED_FACE('',(#5652),#5644,.T.);
#5654=CARTESIAN_POINT('',(-2.79E0,-1.352E1,-1.4E0));
#5655=DIRECTION('',(0.E0,-1.E0,0.E0));
#5656=DIRECTION('',(0.E0,0.E0,-1.E0));
#5657=AXIS2_PLACEMENT_3D('',#5654,#5655,#5656);
#5658=PLANE('',#5657);
#5659=ORIENTED_EDGE('',*,*,#5569,.F.);
#5661=ORIENTED_EDGE('',*,*,#5660,.T.);
#5662=ORIENTED_EDGE('',*,*,#5612,.T.);
#5663=ORIENTED_EDGE('',*,*,#5646,.F.);
#5664=EDGE_LOOP('',(#5659,#5661,#5662,#5663));
#5665=FACE_OUTER_BOUND('',#5664,.F.);
#5666=ADVANCED_FACE('',(#5665),#5658,.T.);
#5667=CARTESIAN_POINT('',(-2.79E0,-1.632E1,-1.4E0));
#5668=DIRECTION('',(0.E0,0.E0,-1.E0));
#5669=DIRECTION('',(0.E0,1.E0,0.E0));
#5670=AXIS2_PLACEMENT_3D('',#5667,#5668,#5669);
#5671=PLANE('',#5670);
#5672=ORIENTED_EDGE('',*,*,#5567,.F.);
#5674=ORIENTED_EDGE('',*,*,#5673,.T.);
#5675=ORIENTED_EDGE('',*,*,#5614,.T.);
#5676=ORIENTED_EDGE('',*,*,#5660,.F.);
#5677=EDGE_LOOP('',(#5672,#5674,#5675,#5676));
#5678=FACE_OUTER_BOUND('',#5677,.F.);
#5679=ADVANCED_FACE('',(#5678),#5671,.T.);
#5680=CARTESIAN_POINT('',(-2.79E0,-1.582E1,-1.4E0));
#5681=DIRECTION('',(0.E0,-7.071067811865E-1,-7.071067811865E-1));
#5682=DIRECTION('',(1.E0,0.E0,0.E0));
#5683=AXIS2_PLACEMENT_3D('',#5680,#5681,#5682);
#5684=PLANE('',#5683);
#5685=ORIENTED_EDGE('',*,*,#5673,.F.);
#5686=ORIENTED_EDGE('',*,*,#5565,.T.);
#5688=ORIENTED_EDGE('',*,*,#5687,.T.);
#5689=ORIENTED_EDGE('',*,*,#5616,.F.);
#5690=EDGE_LOOP('',(#5685,#5686,#5688,#5689));
#5691=FACE_OUTER_BOUND('',#5690,.F.);
#5692=ADVANCED_FACE('',(#5691),#5684,.T.);
#5693=CARTESIAN_POINT('',(-2.79E0,-1.632E1,1.4E0));
#5694=DIRECTION('',(0.E0,-1.E0,0.E0));
#5695=DIRECTION('',(0.E0,0.E0,-1.E0));
#5696=AXIS2_PLACEMENT_3D('',#5693,#5694,#5695);
#5697=PLANE('',#5696);
#5698=ORIENTED_EDGE('',*,*,#5563,.F.);
#5700=ORIENTED_EDGE('',*,*,#5699,.T.);
#5701=ORIENTED_EDGE('',*,*,#5618,.T.);
#5702=ORIENTED_EDGE('',*,*,#5687,.F.);
#5703=EDGE_LOOP('',(#5698,#5700,#5701,#5702));
#5704=FACE_OUTER_BOUND('',#5703,.F.);
#5705=ADVANCED_FACE('',(#5704),#5697,.T.);
#5706=CARTESIAN_POINT('',(-2.79E0,-1.632E1,9.E-1));
#5707=DIRECTION('',(0.E0,-7.071067811865E-1,7.071067811865E-1));
#5708=DIRECTION('',(1.E0,0.E0,0.E0));
#5709=AXIS2_PLACEMENT_3D('',#5706,#5707,#5708);
#5710=PLANE('',#5709);
#5711=ORIENTED_EDGE('',*,*,#5699,.F.);
#5712=ORIENTED_EDGE('',*,*,#5561,.T.);
#5714=ORIENTED_EDGE('',*,*,#5713,.T.);
#5715=ORIENTED_EDGE('',*,*,#5620,.F.);
#5716=EDGE_LOOP('',(#5711,#5712,#5714,#5715));
#5717=FACE_OUTER_BOUND('',#5716,.F.);
#5718=ADVANCED_FACE('',(#5717),#5710,.T.);
#5719=CARTESIAN_POINT('',(-2.79E0,-1.352E1,1.4E0));
#5720=DIRECTION('',(0.E0,0.E0,1.E0));
#5721=DIRECTION('',(0.E0,-1.E0,0.E0));
#5722=AXIS2_PLACEMENT_3D('',#5719,#5720,#5721);
#5723=PLANE('',#5722);
#5724=ORIENTED_EDGE('',*,*,#5559,.F.);
#5726=ORIENTED_EDGE('',*,*,#5725,.T.);
#5727=ORIENTED_EDGE('',*,*,#5622,.T.);
#5728=ORIENTED_EDGE('',*,*,#5713,.F.);
#5729=EDGE_LOOP('',(#5724,#5726,#5727,#5728));
#5730=FACE_OUTER_BOUND('',#5729,.F.);
#5731=ADVANCED_FACE('',(#5730),#5723,.T.);
#5732=CARTESIAN_POINT('',(-2.79E0,-1.352E1,1.75E0));
#5733=DIRECTION('',(0.E0,-1.E0,0.E0));
#5734=DIRECTION('',(0.E0,0.E0,-1.E0));
#5735=AXIS2_PLACEMENT_3D('',#5732,#5733,#5734);
#5736=PLANE('',#5735);
#5737=ORIENTED_EDGE('',*,*,#5557,.F.);
#5738=ORIENTED_EDGE('',*,*,#5592,.T.);
#5739=ORIENTED_EDGE('',*,*,#5624,.T.);
#5740=ORIENTED_EDGE('',*,*,#5725,.F.);
#5741=EDGE_LOOP('',(#5737,#5738,#5739,#5740));
#5742=FACE_OUTER_BOUND('',#5741,.F.);
#5743=ADVANCED_FACE('',(#5742),#5736,.T.);
#5744=OPEN_SHELL('',(#5581,#5596,#5639,#5653,#5666,#5679,#5692,#5705,#5718,
#5731,#5743));
#5745=CARTESIAN_POINT('',(2.29E0,-2.781690481052E0,-9.794041155677E-1));
#5746=DIRECTION('',(1.E0,0.E0,0.E0));
#5747=DIRECTION('',(0.E0,9.743240273445E-1,-2.251503713949E-1));
#5748=AXIS2_PLACEMENT_3D('',#5745,#5746,#5747);
#5750=CARTESIAN_POINT('',(2.29E0,-1.453809621031E0,0.E0));
#5751=DIRECTION('',(-1.E0,0.E0,0.E0));
#5752=DIRECTION('',(0.E0,-8.047762788004E-1,-5.935782518592E-1));
#5753=AXIS2_PLACEMENT_3D('',#5750,#5751,#5752);
#5755=CARTESIAN_POINT('',(2.29E0,-2.781690481052E0,9.794041155677E-1));
#5756=DIRECTION('',(1.E0,0.E0,0.E0));
#5757=DIRECTION('',(0.E0,8.047762788004E-1,-5.935782518592E-1));
#5758=AXIS2_PLACEMENT_3D('',#5755,#5756,#5757);
#5760=CARTESIAN_POINT('',(2.29E0,-7.02E0,0.E0));
#5761=DIRECTION('',(1.E0,0.E0,0.E0));
#5762=DIRECTION('',(0.E0,9.743240273445E-1,2.251503713949E-1));
#5763=AXIS2_PLACEMENT_3D('',#5760,#5761,#5762);
#5765=DIRECTION('',(0.E0,-1.E0,0.E0));
#5766=VECTOR('',#5765,5.255572852781E-1);
#5767=CARTESIAN_POINT('',(2.29E0,-3.094442714722E0,2.2E0));
#5768=LINE('',#5767,#5766);
#5769=DIRECTION('',(0.E0,0.E0,-1.E0));
#5770=VECTOR('',#5769,4.5E-1);
#5771=CARTESIAN_POINT('',(2.29E0,-3.62E0,2.2E0));
#5772=LINE('',#5771,#5770);
#5773=DIRECTION('',(0.E0,-1.E0,0.E0));
#5774=VECTOR('',#5773,9.9E0);
#5775=CARTESIAN_POINT('',(2.29E0,-3.62E0,1.75E0));
#5776=LINE('',#5775,#5774);
#5777=DIRECTION('',(0.E0,0.E0,-1.E0));
#5778=VECTOR('',#5777,3.5E-1);
#5779=CARTESIAN_POINT('',(2.29E0,-1.352E1,1.75E0));
#5780=LINE('',#5779,#5778);
#5781=DIRECTION('',(0.E0,-1.E0,0.E0));
#5782=VECTOR('',#5781,2.3E0);
#5783=CARTESIAN_POINT('',(2.29E0,-1.352E1,1.4E0));
#5784=LINE('',#5783,#5782);
#5785=DIRECTION('',(0.E0,0.E0,-1.E0));
#5786=VECTOR('',#5785,1.8E0);
#5787=CARTESIAN_POINT('',(2.29E0,-1.632E1,9.E-1));
#5788=LINE('',#5787,#5786);
#5789=DIRECTION('',(0.E0,1.E0,0.E0));
#5790=VECTOR('',#5789,2.3E0);
#5791=CARTESIAN_POINT('',(2.29E0,-1.582E1,-1.4E0));
#5792=LINE('',#5791,#5790);
#5793=DIRECTION('',(0.E0,0.E0,-1.E0));
#5794=VECTOR('',#5793,3.5E-1);
#5795=CARTESIAN_POINT('',(2.29E0,-1.352E1,-1.4E0));
#5796=LINE('',#5795,#5794);
#5797=DIRECTION('',(0.E0,1.E0,0.E0));
#5798=VECTOR('',#5797,9.9E0);
#5799=CARTESIAN_POINT('',(2.29E0,-1.352E1,-1.75E0));
#5800=LINE('',#5799,#5798);
#5801=DIRECTION('',(0.E0,0.E0,-1.E0));
#5802=VECTOR('',#5801,4.5E-1);
#5803=CARTESIAN_POINT('',(2.29E0,-3.62E0,-1.75E0));
#5804=LINE('',#5803,#5802);
#5805=DIRECTION('',(0.E0,1.E0,0.E0));
#5806=VECTOR('',#5805,5.255572852781E-1);
#5807=CARTESIAN_POINT('',(2.29E0,-3.62E0,-2.2E0));
#5808=LINE('',#5807,#5806);
#5809=CARTESIAN_POINT('',(2.29E0,-7.02E0,0.E0));
#5810=DIRECTION('',(1.E0,0.E0,0.E0));
#5811=DIRECTION('',(0.E0,8.723460633951E-1,-4.888888888889E-1));
#5812=AXIS2_PLACEMENT_3D('',#5809,#5810,#5811);
#5814=DIRECTION('',(1.E0,0.E0,0.E0));
#5815=VECTOR('',#5814,5.E-1);
#5816=CARTESIAN_POINT('',(2.29E0,-3.62E0,1.75E0));
#5817=LINE('',#5816,#5815);
#5818=CARTESIAN_POINT('',(2.79E0,-2.781690481052E0,-9.794041155677E-1));
#5819=DIRECTION('',(-1.E0,0.E0,0.E0));
#5820=DIRECTION('',(0.E0,8.047762788004E-1,5.935782518592E-1));
#5821=AXIS2_PLACEMENT_3D('',#5818,#5819,#5820);
#5823=CARTESIAN_POINT('',(2.79E0,-7.02E0,0.E0));
#5824=DIRECTION('',(-1.E0,0.E0,0.E0));
#5825=DIRECTION('',(0.E0,9.743240273445E-1,-2.251503713949E-1));
#5826=AXIS2_PLACEMENT_3D('',#5823,#5824,#5825);
#5828=DIRECTION('',(0.E0,-1.E0,0.E0));
#5829=VECTOR('',#5828,5.255572852781E-1);
#5830=CARTESIAN_POINT('',(2.79E0,-3.094442714722E0,-2.2E0));
#5831=LINE('',#5830,#5829);
#5832=DIRECTION('',(0.E0,0.E0,1.E0));
#5833=VECTOR('',#5832,4.5E-1);
#5834=CARTESIAN_POINT('',(2.79E0,-3.62E0,-2.2E0));
#5835=LINE('',#5834,#5833);
#5836=DIRECTION('',(0.E0,1.E0,0.E0));
#5837=VECTOR('',#5836,9.9E0);
#5838=CARTESIAN_POINT('',(2.79E0,-1.352E1,-1.75E0));
#5839=LINE('',#5838,#5837);
#5840=DIRECTION('',(0.E0,0.E0,-1.E0));
#5841=VECTOR('',#5840,3.5E-1);
#5842=CARTESIAN_POINT('',(2.79E0,-1.352E1,-1.4E0));
#5843=LINE('',#5842,#5841);
#5844=DIRECTION('',(0.E0,1.E0,0.E0));
#5845=VECTOR('',#5844,2.3E0);
#5846=CARTESIAN_POINT('',(2.79E0,-1.582E1,-1.4E0));
#5847=LINE('',#5846,#5845);
#5848=DIRECTION('',(0.E0,0.E0,-1.E0));
#5849=VECTOR('',#5848,1.8E0);
#5850=CARTESIAN_POINT('',(2.79E0,-1.632E1,9.E-1));
#5851=LINE('',#5850,#5849);
#5852=DIRECTION('',(0.E0,-1.E0,0.E0));
#5853=VECTOR('',#5852,2.3E0);
#5854=CARTESIAN_POINT('',(2.79E0,-1.352E1,1.4E0));
#5855=LINE('',#5854,#5853);
#5856=DIRECTION('',(0.E0,0.E0,-1.E0));
#5857=VECTOR('',#5856,3.5E-1);
#5858=CARTESIAN_POINT('',(2.79E0,-1.352E1,1.75E0));
#5859=LINE('',#5858,#5857);
#5860=DIRECTION('',(0.E0,-1.E0,0.E0));
#5861=VECTOR('',#5860,9.9E0);
#5862=CARTESIAN_POINT('',(2.79E0,-3.62E0,1.75E0));
#5863=LINE('',#5862,#5861);
#5864=DIRECTION('',(0.E0,0.E0,1.E0));
#5865=VECTOR('',#5864,4.5E-1);
#5866=CARTESIAN_POINT('',(2.79E0,-3.62E0,1.75E0));
#5867=LINE('',#5866,#5865);
#5868=DIRECTION('',(0.E0,1.E0,0.E0));
#5869=VECTOR('',#5868,5.255572852781E-1);
#5870=CARTESIAN_POINT('',(2.79E0,-3.62E0,2.2E0));
#5871=LINE('',#5870,#5869);
#5872=CARTESIAN_POINT('',(2.79E0,-7.02E0,0.E0));
#5873=DIRECTION('',(-1.E0,0.E0,0.E0));
#5874=DIRECTION('',(0.E0,8.723460633951E-1,4.888888888889E-1));
#5875=AXIS2_PLACEMENT_3D('',#5872,#5873,#5874);
#5877=CARTESIAN_POINT('',(2.79E0,-2.781690481052E0,9.794041155677E-1));
#5878=DIRECTION('',(-1.E0,0.E0,0.E0));
#5879=DIRECTION('',(0.E0,9.743240273445E-1,2.251503713949E-1));
#5880=AXIS2_PLACEMENT_3D('',#5877,#5878,#5879);
#5882=CARTESIAN_POINT('',(2.79E0,-1.453809621031E0,0.E0));
#5883=DIRECTION('',(1.E0,0.E0,0.E0));
#5884=DIRECTION('',(0.E0,-8.047762788004E-1,5.935782518592E-1));
#5885=AXIS2_PLACEMENT_3D('',#5882,#5883,#5884);
#5887=DIRECTION('',(1.E0,0.E0,0.E0));
#5888=VECTOR('',#5887,5.E-1);
#5889=CARTESIAN_POINT('',(2.29E0,-1.352E1,-1.75E0));
#5890=LINE('',#5889,#5888);
#5891=DIRECTION('',(-1.E0,0.E0,0.E0));
#5892=VECTOR('',#5891,5.E-1);
#5893=CARTESIAN_POINT('',(2.79E0,-3.62E0,-1.75E0));
#5894=LINE('',#5893,#5892);
#5895=DIRECTION('',(1.E0,0.E0,0.E0));
#5896=VECTOR('',#5895,5.E-1);
#5897=CARTESIAN_POINT('',(2.29E0,-1.352E1,-1.4E0));
#5898=LINE('',#5897,#5896);
#5899=DIRECTION('',(1.E0,0.E0,0.E0));
#5900=VECTOR('',#5899,5.E-1);
#5901=CARTESIAN_POINT('',(2.29E0,-1.582E1,-1.4E0));
#5902=LINE('',#5901,#5900);
#5903=DIRECTION('',(0.E0,-7.071067811865E-1,7.071067811865E-1));
#5904=VECTOR('',#5903,7.071067811865E-1);
#5905=CARTESIAN_POINT('',(2.29E0,-1.582E1,-1.4E0));
#5906=LINE('',#5905,#5904);
#5907=DIRECTION('',(1.E0,0.E0,0.E0));
#5908=VECTOR('',#5907,5.E-1);
#5909=CARTESIAN_POINT('',(2.29E0,-1.632E1,-9.E-1));
#5910=LINE('',#5909,#5908);
#5911=DIRECTION('',(0.E0,-7.071067811865E-1,7.071067811865E-1));
#5912=VECTOR('',#5911,7.071067811865E-1);
#5913=CARTESIAN_POINT('',(2.79E0,-1.582E1,-1.4E0));
#5914=LINE('',#5913,#5912);
#5915=DIRECTION('',(1.E0,0.E0,0.E0));
#5916=VECTOR('',#5915,5.E-1);
#5917=CARTESIAN_POINT('',(2.29E0,-1.632E1,9.E-1));
#5918=LINE('',#5917,#5916);
#5919=DIRECTION('',(0.E0,7.071067811865E-1,7.071067811865E-1));
#5920=VECTOR('',#5919,7.071067811865E-1);
#5921=CARTESIAN_POINT('',(2.29E0,-1.632E1,9.E-1));
#5922=LINE('',#5921,#5920);
#5923=DIRECTION('',(1.E0,0.E0,0.E0));
#5924=VECTOR('',#5923,5.E-1);
#5925=CARTESIAN_POINT('',(2.29E0,-1.582E1,1.4E0));
#5926=LINE('',#5925,#5924);
#5927=DIRECTION('',(0.E0,7.071067811865E-1,7.071067811865E-1));
#5928=VECTOR('',#5927,7.071067811865E-1);
#5929=CARTESIAN_POINT('',(2.79E0,-1.632E1,9.E-1));
#5930=LINE('',#5929,#5928);
#5931=DIRECTION('',(1.E0,0.E0,0.E0));
#5932=VECTOR('',#5931,5.E-1);
#5933=CARTESIAN_POINT('',(2.29E0,-1.352E1,1.4E0));
#5934=LINE('',#5933,#5932);
#5935=DIRECTION('',(1.E0,0.E0,0.E0));
#5936=VECTOR('',#5935,5.E-1);
#5937=CARTESIAN_POINT('',(2.29E0,-1.352E1,1.75E0));
#5938=LINE('',#5937,#5936);
#5939=CARTESIAN_POINT('',(2.29E0,-3.094442714722E0,2.2E0));
#5940=CARTESIAN_POINT('',(2.29E0,-3.62E0,2.2E0));
#5941=VERTEX_POINT('',#5939);
#5942=VERTEX_POINT('',#5940);
#5943=CARTESIAN_POINT('',(2.29E0,-3.62E0,1.75E0));
#5944=VERTEX_POINT('',#5943);
#5945=CARTESIAN_POINT('',(2.29E0,-1.352E1,1.75E0));
#5946=VERTEX_POINT('',#5945);
#5947=CARTESIAN_POINT('',(2.29E0,-1.352E1,1.4E0));
#5948=VERTEX_POINT('',#5947);
#5949=CARTESIAN_POINT('',(2.29E0,-1.352E1,-1.4E0));
#5950=CARTESIAN_POINT('',(2.29E0,-1.352E1,-1.75E0));
#5951=VERTEX_POINT('',#5949);
#5952=VERTEX_POINT('',#5950);
#5953=CARTESIAN_POINT('',(2.29E0,-3.62E0,-1.75E0));
#5954=VERTEX_POINT('',#5953);
#5955=CARTESIAN_POINT('',(2.29E0,-3.62E0,-2.2E0));
#5956=VERTEX_POINT('',#5955);
#5957=CARTESIAN_POINT('',(2.29E0,-3.094442714722E0,-2.2E0));
#5958=VERTEX_POINT('',#5957);
#5959=CARTESIAN_POINT('',(2.79E0,-3.094442714722E0,2.2E0));
#5960=CARTESIAN_POINT('',(2.79E0,-3.62E0,2.2E0));
#5961=VERTEX_POINT('',#5959);
#5962=VERTEX_POINT('',#5960);
#5963=CARTESIAN_POINT('',(2.79E0,-3.62E0,1.75E0));
#5964=VERTEX_POINT('',#5963);
#5965=CARTESIAN_POINT('',(2.79E0,-1.352E1,1.75E0));
#5966=VERTEX_POINT('',#5965);
#5967=CARTESIAN_POINT('',(2.79E0,-1.352E1,1.4E0));
#5968=VERTEX_POINT('',#5967);
#5969=CARTESIAN_POINT('',(2.79E0,-1.352E1,-1.4E0));
#5970=CARTESIAN_POINT('',(2.79E0,-1.352E1,-1.75E0));
#5971=VERTEX_POINT('',#5969);
#5972=VERTEX_POINT('',#5970);
#5973=CARTESIAN_POINT('',(2.79E0,-3.62E0,-1.75E0));
#5974=VERTEX_POINT('',#5973);
#5975=CARTESIAN_POINT('',(2.79E0,-3.62E0,-2.2E0));
#5976=VERTEX_POINT('',#5975);
#5977=CARTESIAN_POINT('',(2.79E0,-3.094442714722E0,-2.2E0));
#5978=VERTEX_POINT('',#5977);
#5979=CARTESIAN_POINT('',(2.29E0,-1.632E1,9.E-1));
#5980=CARTESIAN_POINT('',(2.79E0,-1.632E1,9.E-1));
#5981=VERTEX_POINT('',#5979);
#5982=VERTEX_POINT('',#5980);
#5983=CARTESIAN_POINT('',(2.29E0,-1.582E1,1.4E0));
#5984=CARTESIAN_POINT('',(2.79E0,-1.582E1,1.4E0));
#5985=VERTEX_POINT('',#5983);
#5986=VERTEX_POINT('',#5984);
#5987=CARTESIAN_POINT('',(2.29E0,-1.582E1,-1.4E0));
#5988=CARTESIAN_POINT('',(2.79E0,-1.582E1,-1.4E0));
#5989=VERTEX_POINT('',#5987);
#5990=VERTEX_POINT('',#5988);
#5991=CARTESIAN_POINT('',(2.29E0,-1.632E1,-9.E-1));
#5992=CARTESIAN_POINT('',(2.79E0,-1.632E1,-9.E-1));
#5993=VERTEX_POINT('',#5991);
#5994=VERTEX_POINT('',#5992);
#5995=CARTESIAN_POINT('',(2.79E0,-2.635541876950E0,-1.013176671277E0));
#5996=CARTESIAN_POINT('',(2.79E0,-2.660974039231E0,-8.903673777888E-1));
#5997=VERTEX_POINT('',#5995);
#5998=VERTEX_POINT('',#5996);
#5999=CARTESIAN_POINT('',(2.29E0,-2.660974039231E0,-8.903673777888E-1));
#6000=CARTESIAN_POINT('',(2.29E0,-2.635541876950E0,-1.013176671277E0));
#6001=VERTEX_POINT('',#5999);
#6002=VERTEX_POINT('',#6000);
#6003=CARTESIAN_POINT('',(2.29E0,-2.635541876950E0,1.013176671277E0));
#6004=CARTESIAN_POINT('',(2.29E0,-2.660974039231E0,8.903673777888E-1));
#6005=VERTEX_POINT('',#6003);
#6006=VERTEX_POINT('',#6004);
#6007=CARTESIAN_POINT('',(2.79E0,-2.660974039231E0,8.903673777888E-1));
#6008=CARTESIAN_POINT('',(2.79E0,-2.635541876950E0,1.013176671277E0));
#6009=VERTEX_POINT('',#6007);
#6010=VERTEX_POINT('',#6008);
#6011=CARTESIAN_POINT('',(2.29E0,-3.62E0,0.E0));
#6012=DIRECTION('',(1.E0,0.E0,0.E0));
#6013=DIRECTION('',(0.E0,0.E0,-1.E0));
#6014=AXIS2_PLACEMENT_3D('',#6011,#6012,#6013);
#6015=PLANE('',#6014);
#6017=ORIENTED_EDGE('',*,*,#6016,.T.);
#6019=ORIENTED_EDGE('',*,*,#6018,.T.);
#6021=ORIENTED_EDGE('',*,*,#6020,.T.);
#6023=ORIENTED_EDGE('',*,*,#6022,.T.);
#6025=ORIENTED_EDGE('',*,*,#6024,.T.);
#6027=ORIENTED_EDGE('',*,*,#6026,.T.);
#6029=ORIENTED_EDGE('',*,*,#6028,.T.);
#6031=ORIENTED_EDGE('',*,*,#6030,.T.);
#6033=ORIENTED_EDGE('',*,*,#6032,.T.);
#6035=ORIENTED_EDGE('',*,*,#6034,.F.);
#6037=ORIENTED_EDGE('',*,*,#6036,.T.);
#6039=ORIENTED_EDGE('',*,*,#6038,.F.);
#6041=ORIENTED_EDGE('',*,*,#6040,.T.);
#6043=ORIENTED_EDGE('',*,*,#6042,.T.);
#6045=ORIENTED_EDGE('',*,*,#6044,.T.);
#6047=ORIENTED_EDGE('',*,*,#6046,.T.);
#6049=ORIENTED_EDGE('',*,*,#6048,.T.);
#6051=ORIENTED_EDGE('',*,*,#6050,.T.);
#6052=EDGE_LOOP('',(#6017,#6019,#6021,#6023,#6025,#6027,#6029,#6031,#6033,#6035,
#6037,#6039,#6041,#6043,#6045,#6047,#6049,#6051));
#6053=FACE_OUTER_BOUND('',#6052,.F.);
#6054=ADVANCED_FACE('',(#6053),#6015,.F.);
#6055=CARTESIAN_POINT('',(2.29E0,-3.62E0,1.75E0));
#6056=DIRECTION('',(0.E0,0.E0,1.E0));
#6057=DIRECTION('',(0.E0,-1.E0,0.E0));
#6058=AXIS2_PLACEMENT_3D('',#6055,#6056,#6057);
#6059=PLANE('',#6058);
#6060=ORIENTED_EDGE('',*,*,#6028,.F.);
#6062=ORIENTED_EDGE('',*,*,#6061,.T.);
#6064=ORIENTED_EDGE('',*,*,#6063,.T.);
#6066=ORIENTED_EDGE('',*,*,#6065,.F.);
#6067=EDGE_LOOP('',(#6060,#6062,#6064,#6066));
#6068=FACE_OUTER_BOUND('',#6067,.F.);
#6069=ADVANCED_FACE('',(#6068),#6059,.T.);
#6070=CARTESIAN_POINT('',(2.79E0,-3.62E0,0.E0));
#6071=DIRECTION('',(1.E0,0.E0,0.E0));
#6072=DIRECTION('',(0.E0,0.E0,-1.E0));
#6073=AXIS2_PLACEMENT_3D('',#6070,#6071,#6072);
#6074=PLANE('',#6073);
#6076=ORIENTED_EDGE('',*,*,#6075,.T.);
#6078=ORIENTED_EDGE('',*,*,#6077,.T.);
#6080=ORIENTED_EDGE('',*,*,#6079,.T.);
#6082=ORIENTED_EDGE('',*,*,#6081,.T.);
#6084=ORIENTED_EDGE('',*,*,#6083,.F.);
#6086=ORIENTED_EDGE('',*,*,#6085,.F.);
#6088=ORIENTED_EDGE('',*,*,#6087,.F.);
#6090=ORIENTED_EDGE('',*,*,#6089,.T.);
#6092=ORIENTED_EDGE('',*,*,#6091,.F.);
#6094=ORIENTED_EDGE('',*,*,#6093,.T.);
#6096=ORIENTED_EDGE('',*,*,#6095,.F.);
#6098=ORIENTED_EDGE('',*,*,#6097,.F.);
#6099=ORIENTED_EDGE('',*,*,#6063,.F.);
#6101=ORIENTED_EDGE('',*,*,#6100,.T.);
#6103=ORIENTED_EDGE('',*,*,#6102,.T.);
#6105=ORIENTED_EDGE('',*,*,#6104,.T.);
#6107=ORIENTED_EDGE('',*,*,#6106,.T.);
#6109=ORIENTED_EDGE('',*,*,#6108,.T.);
#6110=EDGE_LOOP('',(#6076,#6078,#6080,#6082,#6084,#6086,#6088,#6090,#6092,#6094,
#6096,#6098,#6099,#6101,#6103,#6105,#6107,#6109));
#6111=FACE_OUTER_BOUND('',#6110,.F.);
#6112=ADVANCED_FACE('',(#6111),#6074,.T.);
#6113=CARTESIAN_POINT('',(2.29E0,-1.352E1,-1.75E0));
#6114=DIRECTION('',(0.E0,0.E0,-1.E0));
#6115=DIRECTION('',(0.E0,1.E0,0.E0));
#6116=AXIS2_PLACEMENT_3D('',#6113,#6114,#6115);
#6117=PLANE('',#6116);
#6118=ORIENTED_EDGE('',*,*,#6044,.F.);
#6120=ORIENTED_EDGE('',*,*,#6119,.T.);
#6121=ORIENTED_EDGE('',*,*,#6083,.T.);
#6123=ORIENTED_EDGE('',*,*,#6122,.T.);
#6124=EDGE_LOOP('',(#6118,#6120,#6121,#6123));
#6125=FACE_OUTER_BOUND('',#6124,.F.);
#6126=ADVANCED_FACE('',(#6125),#6117,.T.);
#6127=CARTESIAN_POINT('',(2.29E0,-1.352E1,-1.4E0));
#6128=DIRECTION('',(0.E0,-1.E0,0.E0));
#6129=DIRECTION('',(0.E0,0.E0,-1.E0));
#6130=AXIS2_PLACEMENT_3D('',#6127,#6128,#6129);
#6131=PLANE('',#6130);
#6132=ORIENTED_EDGE('',*,*,#6042,.F.);
#6134=ORIENTED_EDGE('',*,*,#6133,.T.);
#6135=ORIENTED_EDGE('',*,*,#6085,.T.);
#6136=ORIENTED_EDGE('',*,*,#6119,.F.);
#6137=EDGE_LOOP('',(#6132,#6134,#6135,#6136));
#6138=FACE_OUTER_BOUND('',#6137,.F.);
#6139=ADVANCED_FACE('',(#6138),#6131,.T.);
#6140=CARTESIAN_POINT('',(2.29E0,-1.632E1,-1.4E0));
#6141=DIRECTION('',(0.E0,0.E0,-1.E0));
#6142=DIRECTION('',(0.E0,1.E0,0.E0));
#6143=AXIS2_PLACEMENT_3D('',#6140,#6141,#6142);
#6144=PLANE('',#6143);
#6145=ORIENTED_EDGE('',*,*,#6040,.F.);
#6147=ORIENTED_EDGE('',*,*,#6146,.T.);
#6148=ORIENTED_EDGE('',*,*,#6087,.T.);
#6149=ORIENTED_EDGE('',*,*,#6133,.F.);
#6150=EDGE_LOOP('',(#6145,#6147,#6148,#6149));
#6151=FACE_OUTER_BOUND('',#6150,.F.);
#6152=ADVANCED_FACE('',(#6151),#6144,.T.);
#6153=CARTESIAN_POINT('',(2.29E0,-1.582E1,-1.4E0));
#6154=DIRECTION('',(0.E0,-7.071067811865E-1,-7.071067811865E-1));
#6155=DIRECTION('',(1.E0,0.E0,0.E0));
#6156=AXIS2_PLACEMENT_3D('',#6153,#6154,#6155);
#6157=PLANE('',#6156);
#6158=ORIENTED_EDGE('',*,*,#6146,.F.);
#6159=ORIENTED_EDGE('',*,*,#6038,.T.);
#6161=ORIENTED_EDGE('',*,*,#6160,.T.);
#6162=ORIENTED_EDGE('',*,*,#6089,.F.);
#6163=EDGE_LOOP('',(#6158,#6159,#6161,#6162));
#6164=FACE_OUTER_BOUND('',#6163,.F.);
#6165=ADVANCED_FACE('',(#6164),#6157,.T.);
#6166=CARTESIAN_POINT('',(2.29E0,-1.632E1,1.4E0));
#6167=DIRECTION('',(0.E0,-1.E0,0.E0));
#6168=DIRECTION('',(0.E0,0.E0,-1.E0));
#6169=AXIS2_PLACEMENT_3D('',#6166,#6167,#6168);
#6170=PLANE('',#6169);
#6171=ORIENTED_EDGE('',*,*,#6036,.F.);
#6173=ORIENTED_EDGE('',*,*,#6172,.T.);
#6174=ORIENTED_EDGE('',*,*,#6091,.T.);
#6175=ORIENTED_EDGE('',*,*,#6160,.F.);
#6176=EDGE_LOOP('',(#6171,#6173,#6174,#6175));
#6177=FACE_OUTER_BOUND('',#6176,.F.);
#6178=ADVANCED_FACE('',(#6177),#6170,.T.);
#6179=CARTESIAN_POINT('',(2.29E0,-1.632E1,9.E-1));
#6180=DIRECTION('',(0.E0,-7.071067811865E-1,7.071067811865E-1));
#6181=DIRECTION('',(1.E0,0.E0,0.E0));
#6182=AXIS2_PLACEMENT_3D('',#6179,#6180,#6181);
#6183=PLANE('',#6182);
#6184=ORIENTED_EDGE('',*,*,#6172,.F.);
#6185=ORIENTED_EDGE('',*,*,#6034,.T.);
#6187=ORIENTED_EDGE('',*,*,#6186,.T.);
#6188=ORIENTED_EDGE('',*,*,#6093,.F.);
#6189=EDGE_LOOP('',(#6184,#6185,#6187,#6188));
#6190=FACE_OUTER_BOUND('',#6189,.F.);
#6191=ADVANCED_FACE('',(#6190),#6183,.T.);
#6192=CARTESIAN_POINT('',(2.29E0,-1.352E1,1.4E0));
#6193=DIRECTION('',(0.E0,0.E0,1.E0));
#6194=DIRECTION('',(0.E0,-1.E0,0.E0));
#6195=AXIS2_PLACEMENT_3D('',#6192,#6193,#6194);
#6196=PLANE('',#6195);
#6197=ORIENTED_EDGE('',*,*,#6032,.F.);
#6199=ORIENTED_EDGE('',*,*,#6198,.T.);
#6200=ORIENTED_EDGE('',*,*,#6095,.T.);
#6201=ORIENTED_EDGE('',*,*,#6186,.F.);
#6202=EDGE_LOOP('',(#6197,#6199,#6200,#6201));
#6203=FACE_OUTER_BOUND('',#6202,.F.);
#6204=ADVANCED_FACE('',(#6203),#6196,.T.);
#6205=CARTESIAN_POINT('',(2.29E0,-1.352E1,1.75E0));
#6206=DIRECTION('',(0.E0,-1.E0,0.E0));
#6207=DIRECTION('',(0.E0,0.E0,-1.E0));
#6208=AXIS2_PLACEMENT_3D('',#6205,#6206,#6207);
#6209=PLANE('',#6208);
#6210=ORIENTED_EDGE('',*,*,#6030,.F.);
#6211=ORIENTED_EDGE('',*,*,#6065,.T.);
#6212=ORIENTED_EDGE('',*,*,#6097,.T.);
#6213=ORIENTED_EDGE('',*,*,#6198,.F.);
#6214=EDGE_LOOP('',(#6210,#6211,#6212,#6213));
#6215=FACE_OUTER_BOUND('',#6214,.F.);
#6216=ADVANCED_FACE('',(#6215),#6209,.T.);
#6217=OPEN_SHELL('',(#6054,#6069,#6112,#6126,#6139,#6152,#6165,#6178,#6191,
#6204,#6216));
#6218=CARTESIAN_POINT('',(-2.54E0,-1.282E1,2.3E0));
#6219=CARTESIAN_POINT('',(-2.425462767838E0,-1.282E1,2.3E0));
#6220=CARTESIAN_POINT('',(-2.196473621759E0,-1.282E1,2.179190892690E0));
#6221=CARTESIAN_POINT('',(-1.905157581067E0,-1.282E1,1.668794978313E0));
#6222=CARTESIAN_POINT('',(-1.710585452745E0,-1.282E1,9.037027744334E-1));
#6223=CARTESIAN_POINT('',(-1.642207273628E0,-1.282E1,0.E0));
#6224=CARTESIAN_POINT('',(-1.710585452745E0,-1.282E1,-9.037027744334E-1));
#6225=CARTESIAN_POINT('',(-1.905157581067E0,-1.282E1,-1.668794978313E0));
#6226=CARTESIAN_POINT('',(-2.196473621759E0,-1.282E1,-2.179190892690E0));
#6227=CARTESIAN_POINT('',(-2.425462767838E0,-1.282E1,-2.3E0));
#6228=CARTESIAN_POINT('',(-2.54E0,-1.282E1,-2.3E0));
#6230=CARTESIAN_POINT('',(-2.54E0,-1.321022366223E1,-1.438220273450E0));
#6231=CARTESIAN_POINT('',(-2.54E0,-1.318689987496E1,-1.572030591157E0));
#6232=CARTESIAN_POINT('',(-2.54E0,-1.313370471643E1,-1.815408311938E0));
#6233=CARTESIAN_POINT('',(-2.54E0,-1.303824792462E1,-2.090010446487E0));
#6234=CARTESIAN_POINT('',(-2.54E0,-1.293191251674E1,-2.260976963875E0));
#6235=CARTESIAN_POINT('',(-2.54E0,-1.285730771363E1,-2.3E0));
#6236=CARTESIAN_POINT('',(-2.54E0,-1.282E1,-2.3E0));
#6238=CARTESIAN_POINT('',(-2.54E0,-1.321022366223E1,1.438220273450E0));
#6239=CARTESIAN_POINT('',(-2.54E0,-1.324541108419E1,1.236347393392E0));
#6240=CARTESIAN_POINT('',(-2.54E0,-1.330079826485E1,7.771960641515E-1));
#6241=CARTESIAN_POINT('',(-2.54E0,-1.332960086758E1,7.999156892424E-14));
#6242=CARTESIAN_POINT('',(-2.54E0,-1.330079826485E1,-7.771960641513E-1));
#6243=CARTESIAN_POINT('',(-2.54E0,-1.324541108419E1,-1.236347393392E0));
#6244=CARTESIAN_POINT('',(-2.54E0,-1.321022366223E1,-1.438220273450E0));
#6246=CARTESIAN_POINT('',(-2.54E0,-1.282E1,2.3E0));
#6247=CARTESIAN_POINT('',(-2.54E0,-1.285730771363E1,2.3E0));
#6248=CARTESIAN_POINT('',(-2.54E0,-1.293191251674E1,2.260976963875E0));
#6249=CARTESIAN_POINT('',(-2.54E0,-1.303824792462E1,2.090010446487E0));
#6250=CARTESIAN_POINT('',(-2.54E0,-1.313370471643E1,1.815408311938E0));
#6251=CARTESIAN_POINT('',(-2.54E0,-1.318689987496E1,1.572030591158E0));
#6252=CARTESIAN_POINT('',(-2.54E0,-1.321022366223E1,1.438220273450E0));
#6254=CARTESIAN_POINT('',(-2.54E0,-1.282E1,-2.3E0));
#6255=CARTESIAN_POINT('',(-2.654537232162E0,-1.282E1,-2.3E0));
#6256=CARTESIAN_POINT('',(-2.883526378241E0,-1.282E1,-2.179190892690E0));
#6257=CARTESIAN_POINT('',(-3.174842418933E0,-1.282E1,-1.668794978313E0));
#6258=CARTESIAN_POINT('',(-3.369414547255E0,-1.282E1,-9.037027744334E-1));
#6259=CARTESIAN_POINT('',(-3.437792726372E0,-1.282E1,0.E0));
#6260=CARTESIAN_POINT('',(-3.369414547255E0,-1.282E1,9.037027744334E-1));
#6261=CARTESIAN_POINT('',(-3.174842418933E0,-1.282E1,1.668794978313E0));
#6262=CARTESIAN_POINT('',(-2.883526378241E0,-1.282E1,2.179190892690E0));
#6263=CARTESIAN_POINT('',(-2.654537232162E0,-1.282E1,2.3E0));
#6264=CARTESIAN_POINT('',(-2.54E0,-1.282E1,2.3E0));
#6266=VERTEX_POINT('',#6238);
#6267=VERTEX_POINT('',#6244);
#6268=VERTEX_POINT('',#6218);
#6269=VERTEX_POINT('',#6228);
#6270=CARTESIAN_POINT('',(-2.54E0,-1.282E1,2.3E0));
#6271=CARTESIAN_POINT('',(-2.54E0,-1.282E1,2.3E0));
#6272=CARTESIAN_POINT('',(-2.54E0,-1.282E1,2.3E0));
#6273=CARTESIAN_POINT('',(-2.54E0,-1.282E1,2.3E0));
#6274=CARTESIAN_POINT('',(-2.54E0,-1.282E1,2.3E0));
#6275=CARTESIAN_POINT('',(-2.54E0,-1.282E1,2.3E0));
#6276=CARTESIAN_POINT('',(-2.54E0,-1.289853981634E1,2.3E0));
#6277=CARTESIAN_POINT('',(-2.507062851272E0,-1.289815379283E1,2.3E0));
#6278=CARTESIAN_POINT('',(-2.474050621368E0,-1.288938052100E1,2.3E0));
#6279=CARTESIAN_POINT('',(-2.443928398848E0,-1.287216782242E1,2.3E0));
#6280=CARTESIAN_POINT('',(-2.419609832552E0,-1.284818063928E1,2.3E0));
#6281=CARTESIAN_POINT('',(-2.402555321405E0,-1.282E1,2.3E0));
#6282=CARTESIAN_POINT('',(-2.54E0,-1.305558283548E1,2.156291965566E0));
#6283=CARTESIAN_POINT('',(-2.441337573879E0,-1.305404903917E1,
2.156291965566E0));
#6284=CARTESIAN_POINT('',(-2.342451781263E0,-1.302756317910E1,
2.156291965566E0));
#6285=CARTESIAN_POINT('',(-2.252163760609E0,-1.297597002444E1,
2.156291965566E0));
#6286=CARTESIAN_POINT('',(-2.179141617225E0,-1.290422277822E1,
2.156291965566E0));
#6287=CARTESIAN_POINT('',(-2.127730037910E0,-1.282E1,2.156291965566E0));
#6288=CARTESIAN_POINT('',(-2.54E0,-1.326706210181E1,1.520983837068E0));
#6289=CARTESIAN_POINT('',(-2.351996731574E0,-1.326632540781E1,
1.520983837068E0));
#6290=CARTESIAN_POINT('',(-2.163558930849E0,-1.321704751415E1,
1.520983837068E0));
#6291=CARTESIAN_POINT('',(-1.991847047850E0,-1.311892643815E1,
1.520983837068E0));
#6292=CARTESIAN_POINT('',(-1.853723825251E0,-1.298159803277E1,
1.520983837068E0));
#6293=CARTESIAN_POINT('',(-1.757641321832E0,-1.282E1,1.520983837068E0));
#6294=CARTESIAN_POINT('',(-2.54E0,-1.340379564493E1,0.E0));
#6295=CARTESIAN_POINT('',(-2.292290128186E0,-1.340903746128E1,0.E0));
#6296=CARTESIAN_POINT('',(-2.043982422517E0,-1.334749581288E1,0.E0));
#6297=CARTESIAN_POINT('',(-1.818686400632E0,-1.321875522894E1,0.E0));
#6298=CARTESIAN_POINT('',(-1.639601991436E0,-1.303607281171E1,0.E0));
#6299=CARTESIAN_POINT('',(-1.518357621370E0,-1.282E1,0.E0));
#6300=CARTESIAN_POINT('',(-2.54E0,-1.326706210181E1,-1.520983837068E0));
#6301=CARTESIAN_POINT('',(-2.351996731574E0,-1.326632540781E1,
-1.520983837068E0));
#6302=CARTESIAN_POINT('',(-2.163558930849E0,-1.321704751415E1,
-1.520983837068E0));
#6303=CARTESIAN_POINT('',(-1.991847047850E0,-1.311892643815E1,
-1.520983837068E0));
#6304=CARTESIAN_POINT('',(-1.853723825251E0,-1.298159803277E1,
-1.520983837068E0));
#6305=CARTESIAN_POINT('',(-1.757641321832E0,-1.282E1,-1.520983837068E0));
#6306=CARTESIAN_POINT('',(-2.54E0,-1.305558283548E1,-2.156291965566E0));
#6307=CARTESIAN_POINT('',(-2.441337573879E0,-1.305404903917E1,
-2.156291965566E0));
#6308=CARTESIAN_POINT('',(-2.342451781263E0,-1.302756317910E1,
-2.156291965566E0));
#6309=CARTESIAN_POINT('',(-2.252163760609E0,-1.297597002444E1,
-2.156291965566E0));
#6310=CARTESIAN_POINT('',(-2.179141617225E0,-1.290422277822E1,
-2.156291965566E0));
#6311=CARTESIAN_POINT('',(-2.127730037910E0,-1.282E1,-2.156291965566E0));
#6312=CARTESIAN_POINT('',(-2.54E0,-1.289853981634E1,-2.3E0));
#6313=CARTESIAN_POINT('',(-2.507062851272E0,-1.289815379283E1,-2.3E0));
#6314=CARTESIAN_POINT('',(-2.474050621368E0,-1.288938052100E1,-2.3E0));
#6315=CARTESIAN_POINT('',(-2.443928398848E0,-1.287216782242E1,-2.3E0));
#6316=CARTESIAN_POINT('',(-2.419609832552E0,-1.284818063928E1,-2.3E0));
#6317=CARTESIAN_POINT('',(-2.402555321405E0,-1.282E1,-2.3E0));
#6318=CARTESIAN_POINT('',(-2.54E0,-1.282E1,-2.3E0));
#6319=CARTESIAN_POINT('',(-2.54E0,-1.282E1,-2.3E0));
#6320=CARTESIAN_POINT('',(-2.54E0,-1.282E1,-2.3E0));
#6321=CARTESIAN_POINT('',(-2.54E0,-1.282E1,-2.3E0));
#6322=CARTESIAN_POINT('',(-2.54E0,-1.282E1,-2.3E0));
#6323=CARTESIAN_POINT('',(-2.54E0,-1.282E1,-2.3E0));
#6324=B_SPLINE_SURFACE_WITH_KNOTS('',5,5,((#6270,#6271,#6272,#6273,#6274,#6275),
(#6276,#6277,#6278,#6279,#6280,#6281),(#6282,#6283,#6284,#6285,#6286,#6287),(
#6288,#6289,#6290,#6291,#6292,#6293),(#6294,#6295,#6296,#6297,#6298,#6299),(
#6300,#6301,#6302,#6303,#6304,#6305),(#6306,#6307,#6308,#6309,#6310,#6311),(
#6312,#6313,#6314,#6315,#6316,#6317),(#6318,#6319,#6320,#6321,#6322,#6323)),
.UNSPECIFIED.,.F.,.F.,.F.,(6,1,1,1,6),(6,6),(0.E0,2.5E-1,5.E-1,7.5E-1,1.E0),(
0.E0,1.E0),.UNSPECIFIED.);
#6326=ORIENTED_EDGE('',*,*,#6325,.T.);
#6328=ORIENTED_EDGE('',*,*,#6327,.F.);
#6330=ORIENTED_EDGE('',*,*,#6329,.F.);
#6332=ORIENTED_EDGE('',*,*,#6331,.F.);
#6333=EDGE_LOOP('',(#6326,#6328,#6330,#6332));
#6334=FACE_OUTER_BOUND('',#6333,.F.);
#6335=ADVANCED_FACE('',(#6334),#6324,.T.);
#6336=CARTESIAN_POINT('',(-2.54E0,-1.282E1,2.3E0));
#6337=CARTESIAN_POINT('',(-2.54E0,-1.282E1,2.3E0));
#6338=CARTESIAN_POINT('',(-2.54E0,-1.282E1,2.3E0));
#6339=CARTESIAN_POINT('',(-2.54E0,-1.282E1,2.3E0));
#6340=CARTESIAN_POINT('',(-2.54E0,-1.282E1,2.3E0));
#6341=CARTESIAN_POINT('',(-2.54E0,-1.282E1,2.3E0));
#6342=CARTESIAN_POINT('',(-2.54E0,-1.289853981634E1,2.3E0));
#6343=CARTESIAN_POINT('',(-2.572937148728E0,-1.289815379283E1,2.3E0));
#6344=CARTESIAN_POINT('',(-2.605949378632E0,-1.288938052100E1,2.3E0));
#6345=CARTESIAN_POINT('',(-2.636071601152E0,-1.287216782242E1,2.3E0));
#6346=CARTESIAN_POINT('',(-2.660390167448E0,-1.284818063928E1,2.3E0));
#6347=CARTESIAN_POINT('',(-2.677444678595E0,-1.282E1,2.3E0));
#6348=CARTESIAN_POINT('',(-2.54E0,-1.305558283548E1,2.156291965566E0));
#6349=CARTESIAN_POINT('',(-2.638662426121E0,-1.305404903917E1,
2.156291965566E0));
#6350=CARTESIAN_POINT('',(-2.737548218737E0,-1.302756317910E1,
2.156291965566E0));
#6351=CARTESIAN_POINT('',(-2.827836239391E0,-1.297597002444E1,
2.156291965566E0));
#6352=CARTESIAN_POINT('',(-2.900858382775E0,-1.290422277822E1,
2.156291965566E0));
#6353=CARTESIAN_POINT('',(-2.952269962090E0,-1.282E1,2.156291965566E0));
#6354=CARTESIAN_POINT('',(-2.54E0,-1.326706210181E1,1.520983837068E0));
#6355=CARTESIAN_POINT('',(-2.728003268426E0,-1.326632540781E1,
1.520983837068E0));
#6356=CARTESIAN_POINT('',(-2.916441069151E0,-1.321704751415E1,
1.520983837068E0));
#6357=CARTESIAN_POINT('',(-3.088152952150E0,-1.311892643815E1,
1.520983837068E0));
#6358=CARTESIAN_POINT('',(-3.226276174749E0,-1.298159803277E1,
1.520983837068E0));
#6359=CARTESIAN_POINT('',(-3.322358678168E0,-1.282E1,1.520983837068E0));
#6360=CARTESIAN_POINT('',(-2.54E0,-1.340379564493E1,0.E0));
#6361=CARTESIAN_POINT('',(-2.787709871814E0,-1.340903746128E1,0.E0));
#6362=CARTESIAN_POINT('',(-3.036017577483E0,-1.334749581288E1,0.E0));
#6363=CARTESIAN_POINT('',(-3.261313599368E0,-1.321875522894E1,0.E0));
#6364=CARTESIAN_POINT('',(-3.440398008564E0,-1.303607281171E1,0.E0));
#6365=CARTESIAN_POINT('',(-3.561642378630E0,-1.282E1,0.E0));
#6366=CARTESIAN_POINT('',(-2.54E0,-1.326706210181E1,-1.520983837068E0));
#6367=CARTESIAN_POINT('',(-2.728003268426E0,-1.326632540781E1,
-1.520983837068E0));
#6368=CARTESIAN_POINT('',(-2.916441069151E0,-1.321704751415E1,
-1.520983837068E0));
#6369=CARTESIAN_POINT('',(-3.088152952150E0,-1.311892643815E1,
-1.520983837068E0));
#6370=CARTESIAN_POINT('',(-3.226276174749E0,-1.298159803277E1,
-1.520983837068E0));
#6371=CARTESIAN_POINT('',(-3.322358678168E0,-1.282E1,-1.520983837068E0));
#6372=CARTESIAN_POINT('',(-2.54E0,-1.305558283548E1,-2.156291965566E0));
#6373=CARTESIAN_POINT('',(-2.638662426121E0,-1.305404903917E1,
-2.156291965566E0));
#6374=CARTESIAN_POINT('',(-2.737548218737E0,-1.302756317910E1,
-2.156291965566E0));
#6375=CARTESIAN_POINT('',(-2.827836239391E0,-1.297597002444E1,
-2.156291965566E0));
#6376=CARTESIAN_POINT('',(-2.900858382775E0,-1.290422277822E1,
-2.156291965566E0));
#6377=CARTESIAN_POINT('',(-2.952269962090E0,-1.282E1,-2.156291965566E0));
#6378=CARTESIAN_POINT('',(-2.54E0,-1.289853981634E1,-2.3E0));
#6379=CARTESIAN_POINT('',(-2.572937148728E0,-1.289815379283E1,-2.3E0));
#6380=CARTESIAN_POINT('',(-2.605949378632E0,-1.288938052100E1,-2.3E0));
#6381=CARTESIAN_POINT('',(-2.636071601152E0,-1.287216782242E1,-2.3E0));
#6382=CARTESIAN_POINT('',(-2.660390167448E0,-1.284818063928E1,-2.3E0));
#6383=CARTESIAN_POINT('',(-2.677444678595E0,-1.282E1,-2.3E0));
#6384=CARTESIAN_POINT('',(-2.54E0,-1.282E1,-2.3E0));
#6385=CARTESIAN_POINT('',(-2.54E0,-1.282E1,-2.3E0));
#6386=CARTESIAN_POINT('',(-2.54E0,-1.282E1,-2.3E0));
#6387=CARTESIAN_POINT('',(-2.54E0,-1.282E1,-2.3E0));
#6388=CARTESIAN_POINT('',(-2.54E0,-1.282E1,-2.3E0));
#6389=CARTESIAN_POINT('',(-2.54E0,-1.282E1,-2.3E0));
#6390=B_SPLINE_SURFACE_WITH_KNOTS('',5,5,((#6336,#6337,#6338,#6339,#6340,#6341),
(#6342,#6343,#6344,#6345,#6346,#6347),(#6348,#6349,#6350,#6351,#6352,#6353),(
#6354,#6355,#6356,#6357,#6358,#6359),(#6360,#6361,#6362,#6363,#6364,#6365),(
#6366,#6367,#6368,#6369,#6370,#6371),(#6372,#6373,#6374,#6375,#6376,#6377),(
#6378,#6379,#6380,#6381,#6382,#6383),(#6384,#6385,#6386,#6387,#6388,#6389)),
.UNSPECIFIED.,.F.,.F.,.F.,(6,1,1,1,6),(6,6),(0.E0,2.5E-1,5.E-1,7.5E-1,1.E0),(
-1.173627804939E-14,1.E0),.UNSPECIFIED.);
#6392=ORIENTED_EDGE('',*,*,#6391,.T.);
#6393=ORIENTED_EDGE('',*,*,#6331,.T.);
#6394=ORIENTED_EDGE('',*,*,#6329,.T.);
#6395=ORIENTED_EDGE('',*,*,#6327,.T.);
#6396=EDGE_LOOP('',(#6392,#6393,#6394,#6395));
#6397=FACE_OUTER_BOUND('',#6396,.F.);
#6398=ADVANCED_FACE('',(#6397),#6390,.F.);
#6399=OPEN_SHELL('',(#6335,#6398));
#6400=CARTESIAN_POINT('',(2.54E0,-1.282E1,2.3E0));
#6401=CARTESIAN_POINT('',(2.654537232162E0,-1.282E1,2.3E0));
#6402=CARTESIAN_POINT('',(2.883526378241E0,-1.282E1,2.179190892690E0));
#6403=CARTESIAN_POINT('',(3.174842418933E0,-1.282E1,1.668794978313E0));
#6404=CARTESIAN_POINT('',(3.369414547255E0,-1.282E1,9.037027744334E-1));
#6405=CARTESIAN_POINT('',(3.437792726372E0,-1.282E1,0.E0));
#6406=CARTESIAN_POINT('',(3.369414547255E0,-1.282E1,-9.037027744334E-1));
#6407=CARTESIAN_POINT('',(3.174842418933E0,-1.282E1,-1.668794978313E0));
#6408=CARTESIAN_POINT('',(2.883526378241E0,-1.282E1,-2.179190892690E0));
#6409=CARTESIAN_POINT('',(2.654537232162E0,-1.282E1,-2.3E0));
#6410=CARTESIAN_POINT('',(2.54E0,-1.282E1,-2.3E0));
#6412=CARTESIAN_POINT('',(2.54E0,-1.321022366223E1,-1.438220273450E0));
#6413=CARTESIAN_POINT('',(2.54E0,-1.318689987496E1,-1.572030591157E0));
#6414=CARTESIAN_POINT('',(2.54E0,-1.313370471643E1,-1.815408311938E0));
#6415=CARTESIAN_POINT('',(2.54E0,-1.303824792462E1,-2.090010446487E0));
#6416=CARTESIAN_POINT('',(2.54E0,-1.293191251674E1,-2.260976963875E0));
#6417=CARTESIAN_POINT('',(2.54E0,-1.285730771363E1,-2.3E0));
#6418=CARTESIAN_POINT('',(2.54E0,-1.282E1,-2.3E0));
#6420=CARTESIAN_POINT('',(2.54E0,-1.321022366223E1,1.438220273450E0));
#6421=CARTESIAN_POINT('',(2.54E0,-1.324541108419E1,1.236347393392E0));
#6422=CARTESIAN_POINT('',(2.54E0,-1.330079826485E1,7.771960641515E-1));
#6423=CARTESIAN_POINT('',(2.54E0,-1.332960086758E1,7.999156892424E-14));
#6424=CARTESIAN_POINT('',(2.54E0,-1.330079826485E1,-7.771960641513E-1));
#6425=CARTESIAN_POINT('',(2.54E0,-1.324541108419E1,-1.236347393392E0));
#6426=CARTESIAN_POINT('',(2.54E0,-1.321022366223E1,-1.438220273450E0));
#6428=CARTESIAN_POINT('',(2.54E0,-1.282E1,2.3E0));
#6429=CARTESIAN_POINT('',(2.54E0,-1.285730771363E1,2.3E0));
#6430=CARTESIAN_POINT('',(2.54E0,-1.293191251674E1,2.260976963875E0));
#6431=CARTESIAN_POINT('',(2.54E0,-1.303824792462E1,2.090010446487E0));
#6432=CARTESIAN_POINT('',(2.54E0,-1.313370471643E1,1.815408311938E0));
#6433=CARTESIAN_POINT('',(2.54E0,-1.318689987496E1,1.572030591158E0));
#6434=CARTESIAN_POINT('',(2.54E0,-1.321022366223E1,1.438220273450E0));
#6436=CARTESIAN_POINT('',(2.54E0,-1.282E1,-2.3E0));
#6437=CARTESIAN_POINT('',(2.425462767838E0,-1.282E1,-2.3E0));
#6438=CARTESIAN_POINT('',(2.196473621759E0,-1.282E1,-2.179190892690E0));
#6439=CARTESIAN_POINT('',(1.905157581067E0,-1.282E1,-1.668794978313E0));
#6440=CARTESIAN_POINT('',(1.710585452745E0,-1.282E1,-9.037027744334E-1));
#6441=CARTESIAN_POINT('',(1.642207273628E0,-1.282E1,0.E0));
#6442=CARTESIAN_POINT('',(1.710585452745E0,-1.282E1,9.037027744334E-1));
#6443=CARTESIAN_POINT('',(1.905157581067E0,-1.282E1,1.668794978313E0));
#6444=CARTESIAN_POINT('',(2.196473621759E0,-1.282E1,2.179190892690E0));
#6445=CARTESIAN_POINT('',(2.425462767838E0,-1.282E1,2.3E0));
#6446=CARTESIAN_POINT('',(2.54E0,-1.282E1,2.3E0));
#6448=VERTEX_POINT('',#6420);
#6449=VERTEX_POINT('',#6426);
#6450=VERTEX_POINT('',#6400);
#6451=VERTEX_POINT('',#6410);
#6452=CARTESIAN_POINT('',(2.54E0,-1.282E1,2.3E0));
#6453=CARTESIAN_POINT('',(2.54E0,-1.282E1,2.3E0));
#6454=CARTESIAN_POINT('',(2.54E0,-1.282E1,2.3E0));
#6455=CARTESIAN_POINT('',(2.54E0,-1.282E1,2.3E0));
#6456=CARTESIAN_POINT('',(2.54E0,-1.282E1,2.3E0));
#6457=CARTESIAN_POINT('',(2.54E0,-1.282E1,2.3E0));
#6458=CARTESIAN_POINT('',(2.54E0,-1.289853981634E1,2.3E0));
#6459=CARTESIAN_POINT('',(2.572937148728E0,-1.289815379283E1,2.3E0));
#6460=CARTESIAN_POINT('',(2.605949378632E0,-1.288938052100E1,2.3E0));
#6461=CARTESIAN_POINT('',(2.636071601152E0,-1.287216782242E1,2.3E0));
#6462=CARTESIAN_POINT('',(2.660390167448E0,-1.284818063928E1,2.3E0));
#6463=CARTESIAN_POINT('',(2.677444678595E0,-1.282E1,2.3E0));
#6464=CARTESIAN_POINT('',(2.54E0,-1.305558283548E1,2.156291965566E0));
#6465=CARTESIAN_POINT('',(2.638662426121E0,-1.305404903917E1,2.156291965566E0));
#6466=CARTESIAN_POINT('',(2.737548218737E0,-1.302756317910E1,2.156291965566E0));
#6467=CARTESIAN_POINT('',(2.827836239391E0,-1.297597002444E1,2.156291965566E0));
#6468=CARTESIAN_POINT('',(2.900858382775E0,-1.290422277822E1,2.156291965566E0));
#6469=CARTESIAN_POINT('',(2.952269962090E0,-1.282E1,2.156291965566E0));
#6470=CARTESIAN_POINT('',(2.54E0,-1.326706210181E1,1.520983837068E0));
#6471=CARTESIAN_POINT('',(2.728003268426E0,-1.326632540781E1,1.520983837068E0));
#6472=CARTESIAN_POINT('',(2.916441069151E0,-1.321704751415E1,1.520983837068E0));
#6473=CARTESIAN_POINT('',(3.088152952150E0,-1.311892643815E1,1.520983837068E0));
#6474=CARTESIAN_POINT('',(3.226276174749E0,-1.298159803277E1,1.520983837068E0));
#6475=CARTESIAN_POINT('',(3.322358678168E0,-1.282E1,1.520983837068E0));
#6476=CARTESIAN_POINT('',(2.54E0,-1.340379564493E1,0.E0));
#6477=CARTESIAN_POINT('',(2.787709871814E0,-1.340903746128E1,0.E0));
#6478=CARTESIAN_POINT('',(3.036017577483E0,-1.334749581288E1,0.E0));
#6479=CARTESIAN_POINT('',(3.261313599368E0,-1.321875522894E1,0.E0));
#6480=CARTESIAN_POINT('',(3.440398008564E0,-1.303607281171E1,0.E0));
#6481=CARTESIAN_POINT('',(3.561642378630E0,-1.282E1,0.E0));
#6482=CARTESIAN_POINT('',(2.54E0,-1.326706210181E1,-1.520983837068E0));
#6483=CARTESIAN_POINT('',(2.728003268426E0,-1.326632540781E1,
-1.520983837068E0));
#6484=CARTESIAN_POINT('',(2.916441069151E0,-1.321704751415E1,
-1.520983837068E0));
#6485=CARTESIAN_POINT('',(3.088152952150E0,-1.311892643815E1,
-1.520983837068E0));
#6486=CARTESIAN_POINT('',(3.226276174749E0,-1.298159803277E1,
-1.520983837068E0));
#6487=CARTESIAN_POINT('',(3.322358678168E0,-1.282E1,-1.520983837068E0));
#6488=CARTESIAN_POINT('',(2.54E0,-1.305558283548E1,-2.156291965566E0));
#6489=CARTESIAN_POINT('',(2.638662426121E0,-1.305404903917E1,
-2.156291965566E0));
#6490=CARTESIAN_POINT('',(2.737548218737E0,-1.302756317910E1,
-2.156291965566E0));
#6491=CARTESIAN_POINT('',(2.827836239391E0,-1.297597002444E1,
-2.156291965566E0));
#6492=CARTESIAN_POINT('',(2.900858382776E0,-1.290422277822E1,
-2.156291965566E0));
#6493=CARTESIAN_POINT('',(2.952269962090E0,-1.282E1,-2.156291965566E0));
#6494=CARTESIAN_POINT('',(2.54E0,-1.289853981634E1,-2.3E0));
#6495=CARTESIAN_POINT('',(2.572937148728E0,-1.289815379283E1,-2.3E0));
#6496=CARTESIAN_POINT('',(2.605949378632E0,-1.288938052100E1,-2.3E0));
#6497=CARTESIAN_POINT('',(2.636071601152E0,-1.287216782242E1,-2.3E0));
#6498=CARTESIAN_POINT('',(2.660390167448E0,-1.284818063928E1,-2.3E0));
#6499=CARTESIAN_POINT('',(2.677444678595E0,-1.282E1,-2.3E0));
#6500=CARTESIAN_POINT('',(2.54E0,-1.282E1,-2.3E0));
#6501=CARTESIAN_POINT('',(2.54E0,-1.282E1,-2.3E0));
#6502=CARTESIAN_POINT('',(2.54E0,-1.282E1,-2.3E0));
#6503=CARTESIAN_POINT('',(2.54E0,-1.282E1,-2.3E0));
#6504=CARTESIAN_POINT('',(2.54E0,-1.282E1,-2.3E0));
#6505=CARTESIAN_POINT('',(2.54E0,-1.282E1,-2.3E0));
#6506=B_SPLINE_SURFACE_WITH_KNOTS('',5,5,((#6452,#6453,#6454,#6455,#6456,#6457),
(#6458,#6459,#6460,#6461,#6462,#6463),(#6464,#6465,#6466,#6467,#6468,#6469),(
#6470,#6471,#6472,#6473,#6474,#6475),(#6476,#6477,#6478,#6479,#6480,#6481),(
#6482,#6483,#6484,#6485,#6486,#6487),(#6488,#6489,#6490,#6491,#6492,#6493),(
#6494,#6495,#6496,#6497,#6498,#6499),(#6500,#6501,#6502,#6503,#6504,#6505)),
.UNSPECIFIED.,.F.,.F.,.F.,(6,1,1,1,6),(6,6),(0.E0,2.5E-1,5.E-1,7.5E-1,1.E0),(
0.E0,1.E0),.UNSPECIFIED.);
#6508=ORIENTED_EDGE('',*,*,#6507,.T.);
#6510=ORIENTED_EDGE('',*,*,#6509,.F.);
#6512=ORIENTED_EDGE('',*,*,#6511,.F.);
#6514=ORIENTED_EDGE('',*,*,#6513,.F.);
#6515=EDGE_LOOP('',(#6508,#6510,#6512,#6514));
#6516=FACE_OUTER_BOUND('',#6515,.F.);
#6517=ADVANCED_FACE('',(#6516),#6506,.T.);
#6518=CARTESIAN_POINT('',(2.54E0,-1.282E1,2.3E0));
#6519=CARTESIAN_POINT('',(2.54E0,-1.282E1,2.3E0));
#6520=CARTESIAN_POINT('',(2.54E0,-1.282E1,2.3E0));
#6521=CARTESIAN_POINT('',(2.54E0,-1.282E1,2.3E0));
#6522=CARTESIAN_POINT('',(2.54E0,-1.282E1,2.3E0));
#6523=CARTESIAN_POINT('',(2.54E0,-1.282E1,2.3E0));
#6524=CARTESIAN_POINT('',(2.54E0,-1.289853981634E1,2.3E0));
#6525=CARTESIAN_POINT('',(2.507062851272E0,-1.289815379283E1,2.3E0));
#6526=CARTESIAN_POINT('',(2.474050621368E0,-1.288938052100E1,2.3E0));
#6527=CARTESIAN_POINT('',(2.443928398848E0,-1.287216782242E1,2.3E0));
#6528=CARTESIAN_POINT('',(2.419609832552E0,-1.284818063928E1,2.3E0));
#6529=CARTESIAN_POINT('',(2.402555321405E0,-1.282E1,2.3E0));
#6530=CARTESIAN_POINT('',(2.54E0,-1.305558283548E1,2.156291965566E0));
#6531=CARTESIAN_POINT('',(2.441337573879E0,-1.305404903917E1,2.156291965566E0));
#6532=CARTESIAN_POINT('',(2.342451781263E0,-1.302756317910E1,2.156291965566E0));
#6533=CARTESIAN_POINT('',(2.252163760609E0,-1.297597002444E1,2.156291965566E0));
#6534=CARTESIAN_POINT('',(2.179141617225E0,-1.290422277822E1,2.156291965566E0));
#6535=CARTESIAN_POINT('',(2.127730037910E0,-1.282E1,2.156291965566E0));
#6536=CARTESIAN_POINT('',(2.54E0,-1.326706210181E1,1.520983837068E0));
#6537=CARTESIAN_POINT('',(2.351996731574E0,-1.326632540781E1,1.520983837068E0));
#6538=CARTESIAN_POINT('',(2.163558930849E0,-1.321704751415E1,1.520983837068E0));
#6539=CARTESIAN_POINT('',(1.991847047850E0,-1.311892643815E1,1.520983837068E0));
#6540=CARTESIAN_POINT('',(1.853723825251E0,-1.298159803277E1,1.520983837068E0));
#6541=CARTESIAN_POINT('',(1.757641321832E0,-1.282E1,1.520983837068E0));
#6542=CARTESIAN_POINT('',(2.54E0,-1.340379564493E1,0.E0));
#6543=CARTESIAN_POINT('',(2.292290128186E0,-1.340903746128E1,0.E0));
#6544=CARTESIAN_POINT('',(2.043982422517E0,-1.334749581288E1,0.E0));
#6545=CARTESIAN_POINT('',(1.818686400632E0,-1.321875522894E1,0.E0));
#6546=CARTESIAN_POINT('',(1.639601991436E0,-1.303607281171E1,0.E0));
#6547=CARTESIAN_POINT('',(1.518357621370E0,-1.282E1,0.E0));
#6548=CARTESIAN_POINT('',(2.54E0,-1.326706210181E1,-1.520983837068E0));
#6549=CARTESIAN_POINT('',(2.351996731574E0,-1.326632540781E1,
-1.520983837068E0));
#6550=CARTESIAN_POINT('',(2.163558930849E0,-1.321704751415E1,
-1.520983837068E0));
#6551=CARTESIAN_POINT('',(1.991847047850E0,-1.311892643815E1,
-1.520983837068E0));
#6552=CARTESIAN_POINT('',(1.853723825251E0,-1.298159803277E1,
-1.520983837068E0));
#6553=CARTESIAN_POINT('',(1.757641321832E0,-1.282E1,-1.520983837068E0));
#6554=CARTESIAN_POINT('',(2.54E0,-1.305558283548E1,-2.156291965566E0));
#6555=CARTESIAN_POINT('',(2.441337573879E0,-1.305404903917E1,
-2.156291965566E0));
#6556=CARTESIAN_POINT('',(2.342451781263E0,-1.302756317910E1,
-2.156291965566E0));
#6557=CARTESIAN_POINT('',(2.252163760609E0,-1.297597002444E1,
-2.156291965566E0));
#6558=CARTESIAN_POINT('',(2.179141617225E0,-1.290422277822E1,
-2.156291965566E0));
#6559=CARTESIAN_POINT('',(2.127730037910E0,-1.282E1,-2.156291965566E0));
#6560=CARTESIAN_POINT('',(2.54E0,-1.289853981634E1,-2.3E0));
#6561=CARTESIAN_POINT('',(2.507062851272E0,-1.289815379283E1,-2.3E0));
#6562=CARTESIAN_POINT('',(2.474050621368E0,-1.288938052100E1,-2.3E0));
#6563=CARTESIAN_POINT('',(2.443928398848E0,-1.287216782242E1,-2.3E0));
#6564=CARTESIAN_POINT('',(2.419609832552E0,-1.284818063928E1,-2.3E0));
#6565=CARTESIAN_POINT('',(2.402555321405E0,-1.282E1,-2.3E0));
#6566=CARTESIAN_POINT('',(2.54E0,-1.282E1,-2.3E0));
#6567=CARTESIAN_POINT('',(2.54E0,-1.282E1,-2.3E0));
#6568=CARTESIAN_POINT('',(2.54E0,-1.282E1,-2.3E0));
#6569=CARTESIAN_POINT('',(2.54E0,-1.282E1,-2.3E0));
#6570=CARTESIAN_POINT('',(2.54E0,-1.282E1,-2.3E0));
#6571=CARTESIAN_POINT('',(2.54E0,-1.282E1,-2.3E0));
#6572=B_SPLINE_SURFACE_WITH_KNOTS('',5,5,((#6518,#6519,#6520,#6521,#6522,#6523),
(#6524,#6525,#6526,#6527,#6528,#6529),(#6530,#6531,#6532,#6533,#6534,#6535),(
#6536,#6537,#6538,#6539,#6540,#6541),(#6542,#6543,#6544,#6545,#6546,#6547),(
#6548,#6549,#6550,#6551,#6552,#6553),(#6554,#6555,#6556,#6557,#6558,#6559),(
#6560,#6561,#6562,#6563,#6564,#6565),(#6566,#6567,#6568,#6569,#6570,#6571)),
.UNSPECIFIED.,.F.,.F.,.F.,(6,1,1,1,6),(6,6),(0.E0,2.5E-1,5.E-1,7.5E-1,1.E0),(
-1.173627804939E-14,1.E0),.UNSPECIFIED.);
#6574=ORIENTED_EDGE('',*,*,#6573,.T.);
#6575=ORIENTED_EDGE('',*,*,#6513,.T.);
#6576=ORIENTED_EDGE('',*,*,#6511,.T.);
#6577=ORIENTED_EDGE('',*,*,#6509,.T.);
#6578=EDGE_LOOP('',(#6574,#6575,#6576,#6577));
#6579=FACE_OUTER_BOUND('',#6578,.F.);
#6580=ADVANCED_FACE('',(#6579),#6572,.F.);
#6581=OPEN_SHELL('',(#6517,#6580));
#6582=SHELL_BASED_SURFACE_MODEL('',(#4786,#4913,#5194,#5271,#5744,#6217,#6399,
#6581));
#6584=DIMENSIONAL_EXPONENTS(0.E0,0.E0,0.E0,0.E0,0.E0,0.E0,0.E0);
#6586=PLANE_ANGLE_MEASURE_WITH_UNIT(PLANE_ANGLE_MEASURE(1.745329251994E-2),
#6585);
#6587=(CONVERSION_BASED_UNIT('DEGREE',#6586)NAMED_UNIT(*)PLANE_ANGLE_UNIT());
#6589=UNCERTAINTY_MEASURE_WITH_UNIT(LENGTH_MEASURE(1.449588392270E-3),#6583,
'closure',
'Maximum model space distance between geometric entities at asserted connectivities');
#6590=(GEOMETRIC_REPRESENTATION_CONTEXT(3)GLOBAL_UNCERTAINTY_ASSIGNED_CONTEXT((
#6589))GLOBAL_UNIT_ASSIGNED_CONTEXT((#6583,#6587,#6588))REPRESENTATION_CONTEXT(
'ID1','3'));
#6592=APPLICATION_CONTEXT(
'CONFIGURATION CONTROLLED 3D DESIGNS OF MECHANICAL PARTS AND ASSEMBLIES');
#6593=APPLICATION_PROTOCOL_DEFINITION('international standard',
'config_control_design',1994,#6592);
#6594=DESIGN_CONTEXT('',#6592,'design');
#6595=MECHANICAL_CONTEXT('',#6592,'mechanical');
#6596=PRODUCT('AV061001A200','AV061001A200','NOT SPECIFIED',(#6595));
#6597=PRODUCT_DEFINITION_FORMATION_WITH_SPECIFIED_SOURCE('1','LAST_VERSION',
#6596,.MADE.);
#6601=PRODUCT_CATEGORY('part','');
#6602=PRODUCT_RELATED_PRODUCT_CATEGORY('detail','',(#6596));
#6603=PRODUCT_CATEGORY_RELATIONSHIP('','',#6601,#6602);
#6604=SECURITY_CLASSIFICATION_LEVEL('unclassified');
#6605=SECURITY_CLASSIFICATION('','',#6604);
#6606=CC_DESIGN_SECURITY_CLASSIFICATION(#6605,(#6597));
#6607=APPROVAL_STATUS('approved');
#6608=APPROVAL(#6607,'');
#6609=CC_DESIGN_APPROVAL(#6608,(#6605,#6597,#6598));
#6610=CALENDAR_DATE(115,15,7);
#6611=COORDINATED_UNIVERSAL_TIME_OFFSET(2,0,.AHEAD.);
#6612=LOCAL_TIME(11,58,5.1E1,#6611);
#6613=DATE_AND_TIME(#6610,#6612);
#6614=APPROVAL_DATE_TIME(#6613,#6608);
#6615=DATE_TIME_ROLE('creation_date');
#6616=CC_DESIGN_DATE_AND_TIME_ASSIGNMENT(#6613,#6615,(#6598));
#6617=DATE_TIME_ROLE('classification_date');
#6618=CC_DESIGN_DATE_AND_TIME_ASSIGNMENT(#6613,#6617,(#6605));
#6619=PERSON('UNSPECIFIED','UNSPECIFIED',$,$,$,$);
#6620=ORGANIZATION('UNSPECIFIED','UNSPECIFIED','UNSPECIFIED');
#6621=PERSON_AND_ORGANIZATION(#6619,#6620);
#6622=APPROVAL_ROLE('approver');
#6623=APPROVAL_PERSON_ORGANIZATION(#6621,#6608,#6622);
#6624=PERSON_AND_ORGANIZATION_ROLE('creator');
#6625=CC_DESIGN_PERSON_AND_ORGANIZATION_ASSIGNMENT(#6621,#6624,(#6597,#6598));
#6626=PERSON_AND_ORGANIZATION_ROLE('design_supplier');
#6627=CC_DESIGN_PERSON_AND_ORGANIZATION_ASSIGNMENT(#6621,#6626,(#6597));
#6628=PERSON_AND_ORGANIZATION_ROLE('classification_officer');
#6629=CC_DESIGN_PERSON_AND_ORGANIZATION_ASSIGNMENT(#6621,#6628,(#6605));
#6630=PERSON_AND_ORGANIZATION_ROLE('design_owner');
#6631=CC_DESIGN_PERSON_AND_ORGANIZATION_ASSIGNMENT(#6621,#6630,(#6596));
#5=CIRCLE('',#4,7.2E0);
#41=B_SPLINE_CURVE_WITH_KNOTS('',3,(#6,#7,#8,#9,#10,#11,#12,#13,#14,#15,#16,#17,
#18,#19,#20,#21,#22,#23,#24,#25,#26,#27,#28,#29,#30,#31,#32,#33,#34,#35,#36,#37,
#38,#39,#40),.UNSPECIFIED.,.F.,.F.,(4,1,1,1,1,1,1,1,1,1,1,1,1,1,1,1,1,1,1,1,1,1,
1,1,1,1,1,1,1,1,1,1,4),(0.E0,3.125E-2,6.25E-2,9.375E-2,1.25E-1,1.5625E-1,
1.875E-1,2.1875E-1,2.5E-1,2.8125E-1,3.125E-1,3.4375E-1,3.75E-1,4.0625E-1,
4.375E-1,4.6875E-1,5.E-1,5.3125E-1,5.625E-1,5.9375E-1,6.25E-1,6.5625E-1,
6.875E-1,7.1875E-1,7.5E-1,7.8125E-1,8.125E-1,8.4375E-1,8.75E-1,9.0625E-1,
9.375E-1,9.6875E-1,1.E0),.UNSPECIFIED.);
#71=B_SPLINE_CURVE_WITH_KNOTS('',3,(#46,#47,#48,#49,#50,#51,#52,#53,#54,#55,#56,
#57,#58,#59,#60,#61,#62,#63,#64,#65,#66,#67,#68,#69,#70),.UNSPECIFIED.,.F.,.F.,(
4,1,1,1,1,1,1,1,1,1,1,1,1,1,1,1,1,1,1,1,1,1,4),(0.E0,4.545454545455E-2,
9.090909090909E-2,1.363636363636E-1,1.818181818182E-1,2.272727272727E-1,
2.727272727273E-1,3.181818181818E-1,3.636363636364E-1,4.090909090909E-1,
4.545454545455E-1,5.E-1,5.454545454545E-1,5.909090909091E-1,6.363636363636E-1,
6.818181818182E-1,7.272727272727E-1,7.727272727273E-1,8.181818181818E-1,
8.636363636364E-1,9.090909090909E-1,9.545454545455E-1,1.E0),.UNSPECIFIED.);
#76=CIRCLE('',#75,8.E0);
#81=CIRCLE('',#80,9.E0);
#86=CIRCLE('',#85,9.E0);
#91=CIRCLE('',#90,6.5E0);
#96=CIRCLE('',#95,6.5E0);
#117=B_SPLINE_CURVE_WITH_KNOTS('',3,(#101,#102,#103,#104,#105,#106,#107,#108,
#109,#110,#111,#112,#113,#114,#115,#116),.UNSPECIFIED.,.F.,.F.,(4,1,1,1,1,1,1,1,
1,1,1,1,1,4),(0.E0,7.692307692308E-2,1.538461538462E-1,2.307692307692E-1,
3.076923076923E-1,3.846153846154E-1,4.615384615385E-1,5.384615384615E-1,
6.153846153846E-1,6.923076923077E-1,7.692307692308E-1,8.461538461538E-1,
9.230769230769E-1,1.E0),.UNSPECIFIED.);
#126=CIRCLE('',#125,7.2E0);
#143=B_SPLINE_CURVE_WITH_KNOTS('',3,(#131,#132,#133,#134,#135,#136,#137,#138,
#139,#140,#141,#142),.UNSPECIFIED.,.F.,.F.,(4,1,1,1,1,1,1,1,1,4),(0.E0,
1.111111111111E-1,2.222222222222E-1,3.333333333333E-1,4.444444444444E-1,
5.555555555556E-1,6.666666666667E-1,7.777777777778E-1,8.888888888889E-1,1.E0),
.UNSPECIFIED.);
#152=CIRCLE('',#151,8.E0);
#182=B_SPLINE_CURVE_WITH_KNOTS('',3,(#157,#158,#159,#160,#161,#162,#163,#164,
#165,#166,#167,#168,#169,#170,#171,#172,#173,#174,#175,#176,#177,#178,#179,#180,
#181),.UNSPECIFIED.,.F.,.F.,(4,1,1,1,1,1,1,1,1,1,1,1,1,1,1,1,1,1,1,1,1,1,4),(
0.E0,4.545454545455E-2,9.090909090909E-2,1.363636363636E-1,1.818181818182E-1,
2.272727272727E-1,2.727272727273E-1,3.181818181818E-1,3.636363636364E-1,
4.090909090909E-1,4.545454545455E-1,5.E-1,5.454545454545E-1,5.909090909091E-1,
6.363636363636E-1,6.818181818182E-1,7.272727272727E-1,7.727272727273E-1,
8.181818181818E-1,8.636363636364E-1,9.090909090909E-1,9.545454545455E-1,1.E0),
.UNSPECIFIED.);
#195=CIRCLE('',#194,9.E0);
#208=CIRCLE('',#207,9.E0);
#213=CIRCLE('',#212,7.35E0);
#291=B_SPLINE_CURVE_WITH_KNOTS('',3,(#214,#215,#216,#217,#218,#219,#220,#221,
#222,#223,#224,#225,#226,#227,#228,#229,#230,#231,#232,#233,#234,#235,#236,#237,
#238,#239,#240,#241,#242,#243,#244,#245,#246,#247,#248,#249,#250,#251,#252,#253,
#254,#255,#256,#257,#258,#259,#260,#261,#262,#263,#264,#265,#266,#267,#268,#269,
#270,#271,#272,#273,#274,#275,#276,#277,#278,#279,#280,#281,#282,#283,#284,#285,
#286,#287,#288,#289,#290),.UNSPECIFIED.,.F.,.F.,(4,1,1,1,1,1,1,1,1,1,1,1,1,1,1,
1,1,1,1,1,1,1,1,1,1,1,1,1,1,1,1,1,1,1,1,1,1,1,1,1,1,1,1,1,1,1,1,1,1,1,1,1,1,1,1,
1,1,1,1,1,1,1,1,1,1,1,1,1,1,1,1,1,1,1,4),(0.E0,1.351351351351E-2,
2.702702702703E-2,4.054054054054E-2,5.405405405405E-2,6.756756756757E-2,
8.108108108108E-2,9.459459459459E-2,1.081081081081E-1,1.216216216216E-1,
1.351351351351E-1,1.486486486486E-1,1.621621621622E-1,1.756756756757E-1,
1.891891891892E-1,2.027027027027E-1,2.162162162162E-1,2.297297297297E-1,
2.432432432432E-1,2.567567567568E-1,2.702702702703E-1,2.837837837838E-1,
2.972972972973E-1,3.108108108108E-1,3.243243243243E-1,3.378378378378E-1,
3.513513513514E-1,3.648648648649E-1,3.783783783784E-1,3.918918918919E-1,
4.054054054054E-1,4.189189189189E-1,4.324324324324E-1,4.459459459459E-1,
4.594594594595E-1,4.729729729730E-1,4.864864864865E-1,5.E-1,5.135135135135E-1,
5.270270270270E-1,5.405405405405E-1,5.540540540541E-1,5.675675675676E-1,
5.810810810811E-1,5.945945945946E-1,6.081081081081E-1,6.216216216216E-1,
6.351351351351E-1,6.486486486486E-1,6.621621621622E-1,6.756756756757E-1,
6.891891891892E-1,7.027027027027E-1,7.162162162162E-1,7.297297297297E-1,
7.432432432432E-1,7.567567567568E-1,7.702702702703E-1,7.837837837838E-1,
7.972972972973E-1,8.108108108108E-1,8.243243243243E-1,8.378378378378E-1,
8.513513513514E-1,8.648648648649E-1,8.783783783784E-1,8.918918918919E-1,
9.054054054054E-1,9.189189189189E-1,9.324324324324E-1,9.459459459459E-1,
9.594594594595E-1,9.729729729730E-1,9.864864864865E-1,1.E0),.UNSPECIFIED.);
#296=CIRCLE('',#295,7.2E0);
#301=CIRCLE('',#300,7.2E0);
#315=B_SPLINE_CURVE_WITH_KNOTS('',3,(#302,#303,#304,#305,#306,#307,#308,#309,
#310,#311,#312,#313,#314),.UNSPECIFIED.,.F.,.F.,(4,1,1,1,1,1,1,1,1,1,4),(0.E0,
1.E-1,2.E-1,3.E-1,4.E-1,5.E-1,6.E-1,7.E-1,8.E-1,9.E-1,1.E0),.UNSPECIFIED.);
#326=B_SPLINE_CURVE_WITH_KNOTS('',3,(#316,#317,#318,#319,#320,#321,#322,#323,
#324,#325),.UNSPECIFIED.,.F.,.F.,(4,1,1,1,1,1,1,4),(0.E0,1.428571428571E-1,
2.857142857143E-1,4.285714285714E-1,5.714285714286E-1,7.142857142857E-1,
8.571428571429E-1,1.E0),.UNSPECIFIED.);
#331=CIRCLE('',#330,3.E-1);
#336=CIRCLE('',#335,7.2E0);
#341=CIRCLE('',#340,7.35E0);
#346=CIRCLE('',#345,7.35E0);
#355=CIRCLE('',#354,7.35E0);
#360=CIRCLE('',#359,7.35E0);
#397=B_SPLINE_CURVE_WITH_KNOTS('',3,(#373,#374,#375,#376,#377,#378,#379,#380,
#381,#382,#383,#384,#385,#386,#387,#388,#389,#390,#391,#392,#393,#394,#395,
#396),.UNSPECIFIED.,.F.,.F.,(4,1,1,1,1,1,1,1,1,1,1,1,1,1,1,1,1,1,1,1,1,4),(0.E0,
4.761904761905E-2,9.523809523810E-2,1.428571428571E-1,1.904761904762E-1,
2.380952380952E-1,2.857142857143E-1,3.333333333333E-1,3.809523809524E-1,
4.285714285714E-1,4.761904761905E-1,5.238095238095E-1,5.714285714286E-1,
6.190476190476E-1,6.666666666667E-1,7.142857142857E-1,7.619047619048E-1,
8.095238095238E-1,8.571428571429E-1,9.047619047619E-1,9.523809523810E-1,1.E0),
.UNSPECIFIED.);
#423=B_SPLINE_CURVE_WITH_KNOTS('',3,(#398,#399,#400,#401,#402,#403,#404,#405,
#406,#407,#408,#409,#410,#411,#412,#413,#414,#415,#416,#417,#418,#419,#420,#421,
#422),.UNSPECIFIED.,.F.,.F.,(4,1,1,1,1,1,1,1,1,1,1,1,1,1,1,1,1,1,1,1,1,1,4),(
0.E0,4.545454545455E-2,9.090909090909E-2,1.363636363636E-1,1.818181818182E-1,
2.272727272727E-1,2.727272727273E-1,3.181818181818E-1,3.636363636364E-1,
4.090909090909E-1,4.545454545455E-1,5.E-1,5.454545454545E-1,5.909090909091E-1,
6.363636363636E-1,6.818181818182E-1,7.272727272727E-1,7.727272727273E-1,
8.181818181818E-1,8.636363636364E-1,9.090909090909E-1,9.545454545455E-1,1.E0),
.UNSPECIFIED.);
#449=B_SPLINE_CURVE_WITH_KNOTS('',3,(#424,#425,#426,#427,#428,#429,#430,#431,
#432,#433,#434,#435,#436,#437,#438,#439,#440,#441,#442,#443,#444,#445,#446,#447,
#448),.UNSPECIFIED.,.F.,.F.,(4,1,1,1,1,1,1,1,1,1,1,1,1,1,1,1,1,1,1,1,1,1,4),(
0.E0,4.545454545455E-2,9.090909090909E-2,1.363636363636E-1,1.818181818182E-1,
2.272727272727E-1,2.727272727273E-1,3.181818181818E-1,3.636363636364E-1,
4.090909090909E-1,4.545454545455E-1,5.E-1,5.454545454545E-1,5.909090909091E-1,
6.363636363636E-1,6.818181818182E-1,7.272727272727E-1,7.727272727273E-1,
8.181818181818E-1,8.636363636364E-1,9.090909090909E-1,9.545454545455E-1,1.E0),
.UNSPECIFIED.);
#475=B_SPLINE_CURVE_WITH_KNOTS('',3,(#450,#451,#452,#453,#454,#455,#456,#457,
#458,#459,#460,#461,#462,#463,#464,#465,#466,#467,#468,#469,#470,#471,#472,#473,
#474),.UNSPECIFIED.,.F.,.F.,(4,1,1,1,1,1,1,1,1,1,1,1,1,1,1,1,1,1,1,1,1,1,4),(
0.E0,4.545454545455E-2,9.090909090909E-2,1.363636363636E-1,1.818181818182E-1,
2.272727272727E-1,2.727272727273E-1,3.181818181818E-1,3.636363636364E-1,
4.090909090909E-1,4.545454545455E-1,5.E-1,5.454545454545E-1,5.909090909091E-1,
6.363636363636E-1,6.818181818182E-1,7.272727272727E-1,7.727272727273E-1,
8.181818181818E-1,8.636363636364E-1,9.090909090909E-1,9.545454545455E-1,1.E0),
.UNSPECIFIED.);
#501=B_SPLINE_CURVE_WITH_KNOTS('',3,(#476,#477,#478,#479,#480,#481,#482,#483,
#484,#485,#486,#487,#488,#489,#490,#491,#492,#493,#494,#495,#496,#497,#498,#499,
#500),.UNSPECIFIED.,.F.,.F.,(4,1,1,1,1,1,1,1,1,1,1,1,1,1,1,1,1,1,1,1,1,1,4),(
0.E0,4.545454545455E-2,9.090909090909E-2,1.363636363636E-1,1.818181818182E-1,
2.272727272727E-1,2.727272727273E-1,3.181818181818E-1,3.636363636364E-1,
4.090909090909E-1,4.545454545455E-1,5.E-1,5.454545454545E-1,5.909090909091E-1,
6.363636363636E-1,6.818181818182E-1,7.272727272727E-1,7.727272727273E-1,
8.181818181818E-1,8.636363636364E-1,9.090909090909E-1,9.545454545455E-1,1.E0),
.UNSPECIFIED.);
#526=B_SPLINE_CURVE_WITH_KNOTS('',3,(#502,#503,#504,#505,#506,#507,#508,#509,
#510,#511,#512,#513,#514,#515,#516,#517,#518,#519,#520,#521,#522,#523,#524,
#525),.UNSPECIFIED.,.F.,.F.,(4,1,1,1,1,1,1,1,1,1,1,1,1,1,1,1,1,1,1,1,1,4),(0.E0,
4.761904761905E-2,9.523809523810E-2,1.428571428571E-1,1.904761904762E-1,
2.380952380952E-1,2.857142857143E-1,3.333333333333E-1,3.809523809524E-1,
4.285714285714E-1,4.761904761905E-1,5.238095238095E-1,5.714285714286E-1,
6.190476190476E-1,6.666666666667E-1,7.142857142857E-1,7.619047619048E-1,
8.095238095238E-1,8.571428571429E-1,9.047619047619E-1,9.523809523810E-1,1.E0),
.UNSPECIFIED.);
#654=B_SPLINE_CURVE_WITH_KNOTS('',3,(#527,#528,#529,#530,#531,#532,#533,#534,
#535,#536,#537,#538,#539,#540,#541,#542,#543,#544,#545,#546,#547,#548,#549,#550,
#551,#552,#553,#554,#555,#556,#557,#558,#559,#560,#561,#562,#563,#564,#565,#566,
#567,#568,#569,#570,#571,#572,#573,#574,#575,#576,#577,#578,#579,#580,#581,#582,
#583,#584,#585,#586,#587,#588,#589,#590,#591,#592,#593,#594,#595,#596,#597,#598,
#599,#600,#601,#602,#603,#604,#605,#606,#607,#608,#609,#610,#611,#612,#613,#614,
#615,#616,#617,#618,#619,#620,#621,#622,#623,#624,#625,#626,#627,#628,#629,#630,
#631,#632,#633,#634,#635,#636,#637,#638,#639,#640,#641,#642,#643,#644,#645,#646,
#647,#648,#649,#650,#651,#652,#653),.UNSPECIFIED.,.F.,.F.,(4,1,1,1,1,1,1,1,1,1,
1,1,1,1,1,1,1,1,1,1,1,1,1,1,1,1,1,1,1,1,1,1,1,1,1,1,1,1,1,1,1,1,1,1,1,1,1,1,1,1,
1,1,1,1,1,1,1,1,1,1,1,1,1,1,1,1,1,1,1,1,1,1,1,1,1,1,1,1,1,1,1,1,1,1,1,1,1,1,1,1,
1,1,1,1,1,1,1,1,1,1,1,1,1,1,1,1,1,1,1,1,1,1,1,1,1,1,1,1,1,1,1,1,1,1,4),(0.E0,
8.064516129032E-3,1.612903225806E-2,2.419354838710E-2,3.225806451613E-2,
4.032258064516E-2,4.838709677419E-2,5.645161290323E-2,6.451612903226E-2,
7.258064516129E-2,8.064516129032E-2,8.870967741935E-2,9.677419354839E-2,
1.048387096774E-1,1.129032258065E-1,1.209677419355E-1,1.290322580645E-1,
1.370967741935E-1,1.451612903226E-1,1.532258064516E-1,1.612903225806E-1,
1.693548387097E-1,1.774193548387E-1,1.854838709677E-1,1.935483870968E-1,
2.016129032258E-1,2.096774193548E-1,2.177419354839E-1,2.258064516129E-1,
2.338709677419E-1,2.419354838710E-1,2.5E-1,2.580645161290E-1,2.661290322581E-1,
2.741935483871E-1,2.822580645161E-1,2.903225806452E-1,2.983870967742E-1,
3.064516129032E-1,3.145161290323E-1,3.225806451613E-1,3.306451612903E-1,
3.387096774194E-1,3.467741935484E-1,3.548387096774E-1,3.629032258065E-1,
3.709677419355E-1,3.790322580645E-1,3.870967741935E-1,3.951612903226E-1,
4.032258064516E-1,4.112903225806E-1,4.193548387097E-1,4.274193548387E-1,
4.354838709677E-1,4.435483870968E-1,4.516129032258E-1,4.596774193548E-1,
4.677419354839E-1,4.758064516129E-1,4.838709677419E-1,4.919354838710E-1,5.E-1,
5.080645161290E-1,5.161290322581E-1,5.241935483871E-1,5.322580645161E-1,
5.403225806452E-1,5.483870967742E-1,5.564516129032E-1,5.645161290323E-1,
5.725806451613E-1,5.806451612903E-1,5.887096774194E-1,5.967741935484E-1,
6.048387096774E-1,6.129032258065E-1,6.209677419355E-1,6.290322580645E-1,
6.370967741935E-1,6.451612903226E-1,6.532258064516E-1,6.612903225806E-1,
6.693548387097E-1,6.774193548387E-1,6.854838709677E-1,6.935483870968E-1,
7.016129032258E-1,7.096774193548E-1,7.177419354839E-1,7.258064516129E-1,
7.338709677419E-1,7.419354838710E-1,7.5E-1,7.580645161290E-1,7.661290322581E-1,
7.741935483871E-1,7.822580645161E-1,7.903225806452E-1,7.983870967742E-1,
8.064516129032E-1,8.145161290323E-1,8.225806451613E-1,8.306451612903E-1,
8.387096774194E-1,8.467741935484E-1,8.548387096774E-1,8.629032258065E-1,
8.709677419355E-1,8.790322580645E-1,8.870967741935E-1,8.951612903226E-1,
9.032258064516E-1,9.112903225806E-1,9.193548387097E-1,9.274193548387E-1,
9.354838709677E-1,9.435483870968E-1,9.516129032258E-1,9.596774193548E-1,
9.677419354839E-1,9.758064516129E-1,9.838709677419E-1,9.919354838710E-1,1.E0),
.UNSPECIFIED.);
#660=B_SPLINE_CURVE_WITH_KNOTS('',3,(#655,#656,#657,#658,#659),.UNSPECIFIED.,
.F.,.F.,(4,1,4),(0.E0,5.E-1,1.E0),.UNSPECIFIED.);
#688=B_SPLINE_CURVE_WITH_KNOTS('',3,(#665,#666,#667,#668,#669,#670,#671,#672,
#673,#674,#675,#676,#677,#678,#679,#680,#681,#682,#683,#684,#685,#686,#687),
.UNSPECIFIED.,.F.,.F.,(4,1,1,1,1,1,1,1,1,1,1,1,1,1,1,1,1,1,1,1,4),(0.E0,5.E-2,
1.E-1,1.5E-1,2.E-1,2.5E-1,3.E-1,3.5E-1,4.E-1,4.5E-1,5.E-1,5.5E-1,6.E-1,6.5E-1,
7.E-1,7.5E-1,8.E-1,8.5E-1,9.E-1,9.5E-1,1.E0),.UNSPECIFIED.);
#714=B_SPLINE_CURVE_WITH_KNOTS('',3,(#689,#690,#691,#692,#693,#694,#695,#696,
#697,#698,#699,#700,#701,#702,#703,#704,#705,#706,#707,#708,#709,#710,#711,#712,
#713),.UNSPECIFIED.,.F.,.F.,(4,1,1,1,1,1,1,1,1,1,1,1,1,1,1,1,1,1,1,1,1,1,4),(
0.E0,4.545454545455E-2,9.090909090909E-2,1.363636363636E-1,1.818181818182E-1,
2.272727272727E-1,2.727272727273E-1,3.181818181818E-1,3.636363636364E-1,
4.090909090909E-1,4.545454545455E-1,5.E-1,5.454545454545E-1,5.909090909091E-1,
6.363636363636E-1,6.818181818182E-1,7.272727272727E-1,7.727272727273E-1,
8.181818181818E-1,8.636363636364E-1,9.090909090909E-1,9.545454545455E-1,1.E0),
.UNSPECIFIED.);
#740=B_SPLINE_CURVE_WITH_KNOTS('',3,(#715,#716,#717,#718,#719,#720,#721,#722,
#723,#724,#725,#726,#727,#728,#729,#730,#731,#732,#733,#734,#735,#736,#737,#738,
#739),.UNSPECIFIED.,.F.,.F.,(4,1,1,1,1,1,1,1,1,1,1,1,1,1,1,1,1,1,1,1,1,1,4),(
0.E0,4.545454545455E-2,9.090909090909E-2,1.363636363636E-1,1.818181818182E-1,
2.272727272727E-1,2.727272727273E-1,3.181818181818E-1,3.636363636364E-1,
4.090909090909E-1,4.545454545455E-1,5.E-1,5.454545454545E-1,5.909090909091E-1,
6.363636363636E-1,6.818181818182E-1,7.272727272727E-1,7.727272727273E-1,
8.181818181818E-1,8.636363636364E-1,9.090909090909E-1,9.545454545455E-1,1.E0),
.UNSPECIFIED.);
#766=B_SPLINE_CURVE_WITH_KNOTS('',3,(#741,#742,#743,#744,#745,#746,#747,#748,
#749,#750,#751,#752,#753,#754,#755,#756,#757,#758,#759,#760,#761,#762,#763,#764,
#765),.UNSPECIFIED.,.F.,.F.,(4,1,1,1,1,1,1,1,1,1,1,1,1,1,1,1,1,1,1,1,1,1,4),(
0.E0,4.545454545455E-2,9.090909090909E-2,1.363636363636E-1,1.818181818182E-1,
2.272727272727E-1,2.727272727273E-1,3.181818181818E-1,3.636363636364E-1,
4.090909090909E-1,4.545454545455E-1,5.E-1,5.454545454545E-1,5.909090909091E-1,
6.363636363636E-1,6.818181818182E-1,7.272727272727E-1,7.727272727273E-1,
8.181818181818E-1,8.636363636364E-1,9.090909090909E-1,9.545454545455E-1,1.E0),
.UNSPECIFIED.);
#792=B_SPLINE_CURVE_WITH_KNOTS('',3,(#767,#768,#769,#770,#771,#772,#773,#774,
#775,#776,#777,#778,#779,#780,#781,#782,#783,#784,#785,#786,#787,#788,#789,#790,
#791),.UNSPECIFIED.,.F.,.F.,(4,1,1,1,1,1,1,1,1,1,1,1,1,1,1,1,1,1,1,1,1,1,4),(
0.E0,4.545454545455E-2,9.090909090909E-2,1.363636363636E-1,1.818181818182E-1,
2.272727272727E-1,2.727272727273E-1,3.181818181818E-1,3.636363636364E-1,
4.090909090909E-1,4.545454545455E-1,5.E-1,5.454545454545E-1,5.909090909091E-1,
6.363636363636E-1,6.818181818182E-1,7.272727272727E-1,7.727272727273E-1,
8.181818181818E-1,8.636363636364E-1,9.090909090909E-1,9.545454545455E-1,1.E0),
.UNSPECIFIED.);
#816=B_SPLINE_CURVE_WITH_KNOTS('',3,(#793,#794,#795,#796,#797,#798,#799,#800,
#801,#802,#803,#804,#805,#806,#807,#808,#809,#810,#811,#812,#813,#814,#815),
.UNSPECIFIED.,.F.,.F.,(4,1,1,1,1,1,1,1,1,1,1,1,1,1,1,1,1,1,1,1,4),(0.E0,5.E-2,
1.E-1,1.5E-1,2.E-1,2.5E-1,3.E-1,3.5E-1,4.E-1,4.5E-1,5.E-1,5.5E-1,6.E-1,6.5E-1,
7.E-1,7.5E-1,8.E-1,8.5E-1,9.E-1,9.5E-1,1.E0),.UNSPECIFIED.);
#944=B_SPLINE_CURVE_WITH_KNOTS('',3,(#817,#818,#819,#820,#821,#822,#823,#824,
#825,#826,#827,#828,#829,#830,#831,#832,#833,#834,#835,#836,#837,#838,#839,#840,
#841,#842,#843,#844,#845,#846,#847,#848,#849,#850,#851,#852,#853,#854,#855,#856,
#857,#858,#859,#860,#861,#862,#863,#864,#865,#866,#867,#868,#869,#870,#871,#872,
#873,#874,#875,#876,#877,#878,#879,#880,#881,#882,#883,#884,#885,#886,#887,#888,
#889,#890,#891,#892,#893,#894,#895,#896,#897,#898,#899,#900,#901,#902,#903,#904,
#905,#906,#907,#908,#909,#910,#911,#912,#913,#914,#915,#916,#917,#918,#919,#920,
#921,#922,#923,#924,#925,#926,#927,#928,#929,#930,#931,#932,#933,#934,#935,#936,
#937,#938,#939,#940,#941,#942,#943),.UNSPECIFIED.,.F.,.F.,(4,1,1,1,1,1,1,1,1,1,
1,1,1,1,1,1,1,1,1,1,1,1,1,1,1,1,1,1,1,1,1,1,1,1,1,1,1,1,1,1,1,1,1,1,1,1,1,1,1,1,
1,1,1,1,1,1,1,1,1,1,1,1,1,1,1,1,1,1,1,1,1,1,1,1,1,1,1,1,1,1,1,1,1,1,1,1,1,1,1,1,
1,1,1,1,1,1,1,1,1,1,1,1,1,1,1,1,1,1,1,1,1,1,1,1,1,1,1,1,1,1,1,1,1,1,4),(0.E0,
8.064516129032E-3,1.612903225806E-2,2.419354838710E-2,3.225806451613E-2,
4.032258064516E-2,4.838709677419E-2,5.645161290323E-2,6.451612903226E-2,
7.258064516129E-2,8.064516129032E-2,8.870967741935E-2,9.677419354839E-2,
1.048387096774E-1,1.129032258065E-1,1.209677419355E-1,1.290322580645E-1,
1.370967741935E-1,1.451612903226E-1,1.532258064516E-1,1.612903225806E-1,
1.693548387097E-1,1.774193548387E-1,1.854838709677E-1,1.935483870968E-1,
2.016129032258E-1,2.096774193548E-1,2.177419354839E-1,2.258064516129E-1,
2.338709677419E-1,2.419354838710E-1,2.5E-1,2.580645161290E-1,2.661290322581E-1,
2.741935483871E-1,2.822580645161E-1,2.903225806452E-1,2.983870967742E-1,
3.064516129032E-1,3.145161290323E-1,3.225806451613E-1,3.306451612903E-1,
3.387096774194E-1,3.467741935484E-1,3.548387096774E-1,3.629032258065E-1,
3.709677419355E-1,3.790322580645E-1,3.870967741935E-1,3.951612903226E-1,
4.032258064516E-1,4.112903225806E-1,4.193548387097E-1,4.274193548387E-1,
4.354838709677E-1,4.435483870968E-1,4.516129032258E-1,4.596774193548E-1,
4.677419354839E-1,4.758064516129E-1,4.838709677419E-1,4.919354838710E-1,5.E-1,
5.080645161290E-1,5.161290322581E-1,5.241935483871E-1,5.322580645161E-1,
5.403225806452E-1,5.483870967742E-1,5.564516129032E-1,5.645161290323E-1,
5.725806451613E-1,5.806451612903E-1,5.887096774194E-1,5.967741935484E-1,
6.048387096774E-1,6.129032258065E-1,6.209677419355E-1,6.290322580645E-1,
6.370967741935E-1,6.451612903226E-1,6.532258064516E-1,6.612903225806E-1,
6.693548387097E-1,6.774193548387E-1,6.854838709677E-1,6.935483870968E-1,
7.016129032258E-1,7.096774193548E-1,7.177419354839E-1,7.258064516129E-1,
7.338709677419E-1,7.419354838710E-1,7.5E-1,7.580645161290E-1,7.661290322581E-1,
7.741935483871E-1,7.822580645161E-1,7.903225806452E-1,7.983870967742E-1,
8.064516129032E-1,8.145161290323E-1,8.225806451613E-1,8.306451612903E-1,
8.387096774194E-1,8.467741935484E-1,8.548387096774E-1,8.629032258065E-1,
8.709677419355E-1,8.790322580645E-1,8.870967741935E-1,8.951612903226E-1,
9.032258064516E-1,9.112903225806E-1,9.193548387097E-1,9.274193548387E-1,
9.354838709677E-1,9.435483870968E-1,9.516129032258E-1,9.596774193548E-1,
9.677419354839E-1,9.758064516129E-1,9.838709677419E-1,9.919354838710E-1,1.E0),
.UNSPECIFIED.);
#954=B_SPLINE_CURVE_WITH_KNOTS('',3,(#949,#950,#951,#952,#953),.UNSPECIFIED.,
.F.,.F.,(4,1,4),(0.E0,5.E-1,1.E0),.UNSPECIFIED.);
#961=B_SPLINE_CURVE_WITH_KNOTS('',3,(#955,#956,#957,#958,#959,#960),
.UNSPECIFIED.,.F.,.F.,(4,1,1,4),(0.E0,3.333333333333E-1,6.666666666667E-1,1.E0),
.UNSPECIFIED.);
#975=B_SPLINE_CURVE_WITH_KNOTS('',3,(#970,#971,#972,#973,#974),.UNSPECIFIED.,
.F.,.F.,(4,1,4),(0.E0,5.E-1,1.E0),.UNSPECIFIED.);
#1001=B_SPLINE_CURVE_WITH_KNOTS('',3,(#976,#977,#978,#979,#980,#981,#982,#983,
#984,#985,#986,#987,#988,#989,#990,#991,#992,#993,#994,#995,#996,#997,#998,#999,
#1000),.UNSPECIFIED.,.F.,.F.,(4,1,1,1,1,1,1,1,1,1,1,1,1,1,1,1,1,1,1,1,1,1,4),(
0.E0,4.545454545455E-2,9.090909090909E-2,1.363636363636E-1,1.818181818182E-1,
2.272727272727E-1,2.727272727273E-1,3.181818181818E-1,3.636363636364E-1,
4.090909090909E-1,4.545454545455E-1,5.E-1,5.454545454545E-1,5.909090909091E-1,
6.363636363636E-1,6.818181818182E-1,7.272727272727E-1,7.727272727273E-1,
8.181818181818E-1,8.636363636364E-1,9.090909090909E-1,9.545454545455E-1,1.E0),
.UNSPECIFIED.);
#1027=B_SPLINE_CURVE_WITH_KNOTS('',3,(#1002,#1003,#1004,#1005,#1006,#1007,#1008,
#1009,#1010,#1011,#1012,#1013,#1014,#1015,#1016,#1017,#1018,#1019,#1020,#1021,
#1022,#1023,#1024,#1025,#1026),.UNSPECIFIED.,.F.,.F.,(4,1,1,1,1,1,1,1,1,1,1,1,1,
1,1,1,1,1,1,1,1,1,4),(0.E0,4.545454545455E-2,9.090909090909E-2,
1.363636363636E-1,1.818181818182E-1,2.272727272727E-1,2.727272727273E-1,
3.181818181818E-1,3.636363636364E-1,4.090909090909E-1,4.545454545455E-1,5.E-1,
5.454545454545E-1,5.909090909091E-1,6.363636363636E-1,6.818181818182E-1,
7.272727272727E-1,7.727272727273E-1,8.181818181818E-1,8.636363636364E-1,
9.090909090909E-1,9.545454545455E-1,1.E0),.UNSPECIFIED.);
#1053=B_SPLINE_CURVE_WITH_KNOTS('',3,(#1028,#1029,#1030,#1031,#1032,#1033,#1034,
#1035,#1036,#1037,#1038,#1039,#1040,#1041,#1042,#1043,#1044,#1045,#1046,#1047,
#1048,#1049,#1050,#1051,#1052),.UNSPECIFIED.,.F.,.F.,(4,1,1,1,1,1,1,1,1,1,1,1,1,
1,1,1,1,1,1,1,1,1,4),(0.E0,4.545454545455E-2,9.090909090909E-2,
1.363636363636E-1,1.818181818182E-1,2.272727272727E-1,2.727272727273E-1,
3.181818181818E-1,3.636363636364E-1,4.090909090909E-1,4.545454545455E-1,5.E-1,
5.454545454545E-1,5.909090909091E-1,6.363636363636E-1,6.818181818182E-1,
7.272727272727E-1,7.727272727273E-1,8.181818181818E-1,8.636363636364E-1,
9.090909090909E-1,9.545454545455E-1,1.E0),.UNSPECIFIED.);
#1185=B_SPLINE_CURVE_WITH_KNOTS('',3,(#1058,#1059,#1060,#1061,#1062,#1063,#1064,
#1065,#1066,#1067,#1068,#1069,#1070,#1071,#1072,#1073,#1074,#1075,#1076,#1077,
#1078,#1079,#1080,#1081,#1082,#1083,#1084,#1085,#1086,#1087,#1088,#1089,#1090,
#1091,#1092,#1093,#1094,#1095,#1096,#1097,#1098,#1099,#1100,#1101,#1102,#1103,
#1104,#1105,#1106,#1107,#1108,#1109,#1110,#1111,#1112,#1113,#1114,#1115,#1116,
#1117,#1118,#1119,#1120,#1121,#1122,#1123,#1124,#1125,#1126,#1127,#1128,#1129,
#1130,#1131,#1132,#1133,#1134,#1135,#1136,#1137,#1138,#1139,#1140,#1141,#1142,
#1143,#1144,#1145,#1146,#1147,#1148,#1149,#1150,#1151,#1152,#1153,#1154,#1155,
#1156,#1157,#1158,#1159,#1160,#1161,#1162,#1163,#1164,#1165,#1166,#1167,#1168,
#1169,#1170,#1171,#1172,#1173,#1174,#1175,#1176,#1177,#1178,#1179,#1180,#1181,
#1182,#1183,#1184),.UNSPECIFIED.,.F.,.F.,(4,1,1,1,1,1,1,1,1,1,1,1,1,1,1,1,1,1,1,
1,1,1,1,1,1,1,1,1,1,1,1,1,1,1,1,1,1,1,1,1,1,1,1,1,1,1,1,1,1,1,1,1,1,1,1,1,1,1,1,
1,1,1,1,1,1,1,1,1,1,1,1,1,1,1,1,1,1,1,1,1,1,1,1,1,1,1,1,1,1,1,1,1,1,1,1,1,1,1,1,
1,1,1,1,1,1,1,1,1,1,1,1,1,1,1,1,1,1,1,1,1,1,1,1,1,4),(0.E0,8.064516129032E-3,
1.612903225806E-2,2.419354838710E-2,3.225806451613E-2,4.032258064516E-2,
4.838709677419E-2,5.645161290323E-2,6.451612903226E-2,7.258064516129E-2,
8.064516129032E-2,8.870967741935E-2,9.677419354839E-2,1.048387096774E-1,
1.129032258065E-1,1.209677419355E-1,1.290322580645E-1,1.370967741935E-1,
1.451612903226E-1,1.532258064516E-1,1.612903225806E-1,1.693548387097E-1,
1.774193548387E-1,1.854838709677E-1,1.935483870968E-1,2.016129032258E-1,
2.096774193548E-1,2.177419354839E-1,2.258064516129E-1,2.338709677419E-1,
2.419354838710E-1,2.5E-1,2.580645161290E-1,2.661290322581E-1,2.741935483871E-1,
2.822580645161E-1,2.903225806452E-1,2.983870967742E-1,3.064516129032E-1,
3.145161290323E-1,3.225806451613E-1,3.306451612903E-1,3.387096774194E-1,
3.467741935484E-1,3.548387096774E-1,3.629032258065E-1,3.709677419355E-1,
3.790322580645E-1,3.870967741935E-1,3.951612903226E-1,4.032258064516E-1,
4.112903225806E-1,4.193548387097E-1,4.274193548387E-1,4.354838709677E-1,
4.435483870968E-1,4.516129032258E-1,4.596774193548E-1,4.677419354839E-1,
4.758064516129E-1,4.838709677419E-1,4.919354838710E-1,5.E-1,5.080645161290E-1,
5.161290322581E-1,5.241935483871E-1,5.322580645161E-1,5.403225806452E-1,
5.483870967742E-1,5.564516129032E-1,5.645161290323E-1,5.725806451613E-1,
5.806451612903E-1,5.887096774194E-1,5.967741935484E-1,6.048387096774E-1,
6.129032258065E-1,6.209677419355E-1,6.290322580645E-1,6.370967741935E-1,
6.451612903226E-1,6.532258064516E-1,6.612903225806E-1,6.693548387097E-1,
6.774193548387E-1,6.854838709677E-1,6.935483870968E-1,7.016129032258E-1,
7.096774193548E-1,7.177419354839E-1,7.258064516129E-1,7.338709677419E-1,
7.419354838710E-1,7.5E-1,7.580645161290E-1,7.661290322581E-1,7.741935483871E-1,
7.822580645161E-1,7.903225806452E-1,7.983870967742E-1,8.064516129032E-1,
8.145161290323E-1,8.225806451613E-1,8.306451612903E-1,8.387096774194E-1,
8.467741935484E-1,8.548387096774E-1,8.629032258065E-1,8.709677419355E-1,
8.790322580645E-1,8.870967741935E-1,8.951612903226E-1,9.032258064516E-1,
9.112903225806E-1,9.193548387097E-1,9.274193548387E-1,9.354838709677E-1,
9.435483870968E-1,9.516129032258E-1,9.596774193548E-1,9.677419354839E-1,
9.758064516129E-1,9.838709677419E-1,9.919354838710E-1,1.E0),.UNSPECIFIED.);
#1196=B_SPLINE_CURVE_WITH_KNOTS('',3,(#1190,#1191,#1192,#1193,#1194,#1195),
.UNSPECIFIED.,.F.,.F.,(4,1,1,4),(0.E0,3.333333333333E-1,6.666666666667E-1,1.E0),
.UNSPECIFIED.);
#1276=EDGE_CURVE('',#1211,#1212,#5,.T.);
#1278=EDGE_CURVE('',#1211,#1212,#126,.T.);
#1288=EDGE_CURVE('',#1215,#1216,#301,.T.);
#1290=EDGE_CURVE('',#1211,#1215,#130,.T.);
#1293=EDGE_CURVE('',#1212,#1216,#121,.T.);
#1303=EDGE_CURVE('',#1259,#1258,#41,.T.);
#1305=EDGE_CURVE('',#1257,#1258,#45,.T.);
#1307=EDGE_CURVE('',#1259,#1257,#213,.T.);
#1317=EDGE_CURVE('',#1233,#1231,#71,.T.);
#1319=EDGE_CURVE('',#1233,#1262,#156,.T.);
#1321=EDGE_CURVE('',#1262,#1231,#76,.T.);
#1331=EDGE_CURVE('',#1199,#1205,#81,.T.);
#1333=EDGE_CURVE('',#1199,#1205,#195,.T.);
#1343=EDGE_CURVE('',#1199,#1200,#186,.T.);
#1346=EDGE_CURVE('',#1205,#1206,#190,.T.);
#1348=EDGE_CURVE('',#1200,#1206,#86,.T.);
#1358=EDGE_CURVE('',#1200,#1202,#199,.T.);
#1361=EDGE_CURVE('',#1206,#1208,#203,.T.);
#1363=EDGE_CURVE('',#1202,#1208,#96,.T.);
#1373=EDGE_CURVE('',#1202,#1208,#91,.T.);
#1384=EDGE_CURVE('',#1251,#1252,#100,.T.);
#1386=EDGE_CURVE('',#1254,#1252,#117,.T.);
#1388=EDGE_CURVE('',#1216,#1254,#336,.T.);
#1393=EDGE_CURVE('',#1253,#1215,#296,.T.);
#1395=EDGE_CURVE('',#1251,#1253,#143,.T.);
#1405=EDGE_CURVE('',#1231,#1232,#147,.T.);
#1407=EDGE_CURVE('',#1231,#1262,#152,.T.);
#1410=EDGE_CURVE('',#1232,#1233,#182,.T.);
#1421=EDGE_CURVE('',#1200,#1206,#208,.T.);
#1446=EDGE_CURVE('',#1253,#1257,#291,.T.);
#1450=EDGE_CURVE('',#1260,#1216,#331,.T.);
#1452=EDGE_CURVE('',#1259,#1260,#315,.T.);
#1462=EDGE_CURVE('',#1260,#1254,#326,.T.);
#1484=EDGE_CURVE('',#1219,#1220,#341,.T.);
#1486=EDGE_CURVE('',#1220,#1224,#364,.T.);
#1488=EDGE_CURVE('',#1224,#1223,#346,.T.);
#1490=EDGE_CURVE('',#1219,#1223,#350,.T.);
#1500=EDGE_CURVE('',#1220,#1219,#355,.T.);
#1503=EDGE_CURVE('',#1223,#1224,#360,.T.);
#1515=EDGE_CURVE('',#1225,#1232,#368,.T.);
#1517=EDGE_CURVE('',#1231,#1225,#372,.T.);
#2049=EDGE_CURVE('',#1225,#1226,#654,.T.);
#2051=EDGE_CURVE('',#1264,#1226,#664,.T.);
#2053=EDGE_CURVE('',#1236,#1264,#397,.T.);
#2055=EDGE_CURVE('',#1235,#1236,#423,.T.);
#2057=EDGE_CURVE('',#1234,#1235,#449,.T.);
#2059=EDGE_CURVE('',#1232,#1234,#475,.T.);
#2594=EDGE_CURVE('',#1264,#1238,#660,.T.);
#2596=EDGE_CURVE('',#1237,#1238,#501,.T.);
#2598=EDGE_CURVE('',#1266,#1237,#526,.T.);
#2600=EDGE_CURVE('',#1226,#1266,#948,.T.);
#3135=EDGE_CURVE('',#1226,#1227,#944,.T.);
#3137=EDGE_CURVE('',#1268,#1227,#965,.T.);
#3139=EDGE_CURVE('',#1242,#1268,#688,.T.);
#3141=EDGE_CURVE('',#1241,#1242,#714,.T.);
#3143=EDGE_CURVE('',#1240,#1241,#740,.T.);
#3145=EDGE_CURVE('',#1239,#1240,#766,.T.);
#3147=EDGE_CURVE('',#1239,#1266,#954,.T.);
#3682=EDGE_CURVE('',#1268,#1244,#961,.T.);
#3684=EDGE_CURVE('',#1243,#1244,#792,.T.);
#3686=EDGE_CURVE('',#1270,#1243,#816,.T.);
#3688=EDGE_CURVE('',#1227,#1270,#1189,.T.);
#4224=EDGE_CURVE('',#1227,#1228,#1185,.T.);
#4226=EDGE_CURVE('',#1228,#1251,#969,.T.);
#4231=EDGE_CURVE('',#1248,#1258,#975,.T.);
#4233=EDGE_CURVE('',#1247,#1248,#1001,.T.);
#4235=EDGE_CURVE('',#1246,#1247,#1027,.T.);
#4237=EDGE_CURVE('',#1245,#1246,#1053,.T.);
#4239=EDGE_CURVE('',#1245,#1270,#1196,.T.);
#4774=EDGE_CURVE('',#1252,#1228,#1057,.T.);
#4791=CIRCLE('',#4790,5.9E0);
#4804=CIRCLE('',#4803,5.9E0);
#4817=CIRCLE('',#4816,5.9E0);
#4822=CIRCLE('',#4821,5.9E0);
#4827=CIRCLE('',#4826,5.4E0);
#4832=CIRCLE('',#4831,5.4E0);
#4850=EDGE_CURVE('',#4835,#4836,#4795,.T.);
#4852=EDGE_CURVE('',#4835,#4841,#4791,.T.);
#4854=EDGE_CURVE('',#4841,#4842,#4799,.T.);
#4856=EDGE_CURVE('',#4836,#4842,#4822,.T.);
#4867=EDGE_CURVE('',#4836,#4842,#4817,.T.);
#4870=EDGE_CURVE('',#4841,#4835,#4804,.T.);
#4880=EDGE_CURVE('',#4836,#4838,#4808,.T.);
#4882=EDGE_CURVE('',#4838,#4844,#4827,.T.);
#4884=EDGE_CURVE('',#4842,#4844,#4812,.T.);
#4898=EDGE_CURVE('',#4838,#4844,#4832,.T.);
#4918=CIRCLE('',#4917,6.E0);
#4931=CIRCLE('',#4930,6.E0);
#4940=CIRCLE('',#4939,6.E0);
#4949=CIRCLE('',#4948,5.E0);
#4954=CIRCLE('',#4953,2.E-1);
#4959=CIRCLE('',#4958,5.131595845238E0);
#4972=CIRCLE('',#4971,5.E0);
#4977=CIRCLE('',#4976,2.E-1);
#4982=CIRCLE('',#4981,5.131595845238E0);
#4987=CIRCLE('',#4986,6.E0);
#4992=CIRCLE('',#4991,4.799999754580E0);
#4997=CIRCLE('',#4996,5.E0);
#5002=CIRCLE('',#5001,2.E-1);
#5007=CIRCLE('',#5006,4.799999754580E0);
#5012=CIRCLE('',#5011,5.E0);
#5017=CIRCLE('',#5016,2.E-1);
#5047=EDGE_CURVE('',#5020,#5021,#4922,.T.);
#5049=EDGE_CURVE('',#5020,#5024,#4918,.T.);
#5051=EDGE_CURVE('',#5024,#5025,#4926,.T.);
#5053=EDGE_CURVE('',#5021,#5025,#4987,.T.);
#5064=EDGE_CURVE('',#5021,#5025,#4940,.T.);
#5067=EDGE_CURVE('',#5024,#5020,#4931,.T.);
#5077=EDGE_CURVE('',#5040,#5041,#4959,.T.);
#5079=EDGE_CURVE('',#5025,#5040,#4935,.T.);
#5082=EDGE_CURVE('',#5021,#5041,#4944,.T.);
#5092=EDGE_CURVE('',#5036,#5037,#4949,.T.);
#5094=EDGE_CURVE('',#5036,#5040,#4954,.T.);
#5097=EDGE_CURVE('',#5037,#5041,#4977,.T.);
#5108=EDGE_CURVE('',#5037,#5032,#4963,.T.);
#5110=EDGE_CURVE('',#5032,#5033,#5012,.T.);
#5112=EDGE_CURVE('',#5036,#5033,#4967,.T.);
#5122=EDGE_CURVE('',#5037,#5036,#4972,.T.);
#5125=EDGE_CURVE('',#5033,#5032,#4997,.T.);
#5138=EDGE_CURVE('',#5041,#5040,#4982,.T.);
#5161=EDGE_CURVE('',#5029,#5028,#4992,.T.);
#5163=EDGE_CURVE('',#5028,#5032,#5017,.T.);
#5166=EDGE_CURVE('',#5029,#5033,#5002,.T.);
#5176=EDGE_CURVE('',#5028,#5029,#5007,.T.);
#5199=CIRCLE('',#5198,4.25E0);
#5212=CIRCLE('',#5211,4.25E0);
#5217=CIRCLE('',#5216,4.25E0);
#5222=CIRCLE('',#5221,4.25E0);
#5236=EDGE_CURVE('',#5229,#5225,#5207,.T.);
#5238=EDGE_CURVE('',#5229,#5230,#5217,.T.);
#5240=EDGE_CURVE('',#5226,#5230,#5203,.T.);
#5242=EDGE_CURVE('',#5226,#5225,#5199,.T.);
#5253=EDGE_CURVE('',#5230,#5229,#5222,.T.);
#5256=EDGE_CURVE('',#5225,#5226,#5212,.T.);
#5276=CIRCLE('',#5275,1.5E-1);
#5281=CIRCLE('',#5280,1.5E0);
#5286=CIRCLE('',#5285,1.5E-1);
#5291=CIRCLE('',#5290,4.5E0);
#5340=CIRCLE('',#5339,4.5E0);
#5349=CIRCLE('',#5348,1.5E-1);
#5354=CIRCLE('',#5353,4.5E0);
#5403=CIRCLE('',#5402,4.5E0);
#5408=CIRCLE('',#5407,1.5E-1);
#5413=CIRCLE('',#5412,1.5E0);
#5543=EDGE_CURVE('',#5529,#5528,#5276,.T.);
#5545=EDGE_CURVE('',#5528,#5533,#5281,.T.);
#5547=EDGE_CURVE('',#5533,#5532,#5286,.T.);
#5549=EDGE_CURVE('',#5532,#5468,#5291,.T.);
#5551=EDGE_CURVE('',#5468,#5469,#5295,.T.);
#5553=EDGE_CURVE('',#5469,#5471,#5299,.T.);
#5555=EDGE_CURVE('',#5471,#5473,#5303,.T.);
#5557=EDGE_CURVE('',#5473,#5475,#5307,.T.);
#5559=EDGE_CURVE('',#5475,#5512,#5311,.T.);
#5561=EDGE_CURVE('',#5508,#5512,#5449,.T.);
#5563=EDGE_CURVE('',#5508,#5520,#5315,.T.);
#5565=EDGE_CURVE('',#5516,#5520,#5433,.T.);
#5567=EDGE_CURVE('',#5516,#5478,#5319,.T.);
#5569=EDGE_CURVE('',#5478,#5479,#5323,.T.);
#5571=EDGE_CURVE('',#5479,#5481,#5327,.T.);
#5573=EDGE_CURVE('',#5481,#5483,#5331,.T.);
#5575=EDGE_CURVE('',#5483,#5485,#5335,.T.);
#5577=EDGE_CURVE('',#5485,#5529,#5340,.T.);
#5588=EDGE_CURVE('',#5471,#5491,#5344,.T.);
#5590=EDGE_CURVE('',#5491,#5493,#5390,.T.);
#5592=EDGE_CURVE('',#5473,#5493,#5465,.T.);
#5602=EDGE_CURVE('',#5525,#5524,#5349,.T.);
#5604=EDGE_CURVE('',#5524,#5505,#5354,.T.);
#5606=EDGE_CURVE('',#5505,#5503,#5358,.T.);
#5608=EDGE_CURVE('',#5503,#5501,#5362,.T.);
#5610=EDGE_CURVE('',#5499,#5501,#5366,.T.);
#5612=EDGE_CURVE('',#5498,#5499,#5370,.T.);
#5614=EDGE_CURVE('',#5517,#5498,#5374,.T.);
#5616=EDGE_CURVE('',#5517,#5521,#5441,.T.);
#5618=EDGE_CURVE('',#5509,#5521,#5378,.T.);
#5620=EDGE_CURVE('',#5509,#5513,#5457,.T.);
#5622=EDGE_CURVE('',#5495,#5513,#5382,.T.);
#5624=EDGE_CURVE('',#5493,#5495,#5386,.T.);
#5627=EDGE_CURVE('',#5491,#5489,#5394,.T.);
#5629=EDGE_CURVE('',#5489,#5488,#5398,.T.);
#5631=EDGE_CURVE('',#5488,#5537,#5403,.T.);
#5633=EDGE_CURVE('',#5537,#5536,#5408,.T.);
#5635=EDGE_CURVE('',#5536,#5525,#5413,.T.);
#5646=EDGE_CURVE('',#5479,#5499,#5417,.T.);
#5649=EDGE_CURVE('',#5501,#5481,#5421,.T.);
#5660=EDGE_CURVE('',#5478,#5498,#5425,.T.);
#5673=EDGE_CURVE('',#5516,#5517,#5429,.T.);
#5687=EDGE_CURVE('',#5520,#5521,#5437,.T.);
#5699=EDGE_CURVE('',#5508,#5509,#5445,.T.);
#5713=EDGE_CURVE('',#5512,#5513,#5453,.T.);
#5725=EDGE_CURVE('',#5475,#5495,#5461,.T.);
#5749=CIRCLE('',#5748,1.5E-1);
#5754=CIRCLE('',#5753,1.5E0);
#5759=CIRCLE('',#5758,1.5E-1);
#5764=CIRCLE('',#5763,4.5E0);
#5813=CIRCLE('',#5812,4.5E0);
#5822=CIRCLE('',#5821,1.5E-1);
#5827=CIRCLE('',#5826,4.5E0);
#5876=CIRCLE('',#5875,4.5E0);
#5881=CIRCLE('',#5880,1.5E-1);
#5886=CIRCLE('',#5885,1.5E0);
#6016=EDGE_CURVE('',#6002,#6001,#5749,.T.);
#6018=EDGE_CURVE('',#6001,#6006,#5754,.T.);
#6020=EDGE_CURVE('',#6006,#6005,#5759,.T.);
#6022=EDGE_CURVE('',#6005,#5941,#5764,.T.);
#6024=EDGE_CURVE('',#5941,#5942,#5768,.T.);
#6026=EDGE_CURVE('',#5942,#5944,#5772,.T.);
#6028=EDGE_CURVE('',#5944,#5946,#5776,.T.);
#6030=EDGE_CURVE('',#5946,#5948,#5780,.T.);
#6032=EDGE_CURVE('',#5948,#5985,#5784,.T.);
#6034=EDGE_CURVE('',#5981,#5985,#5922,.T.);
#6036=EDGE_CURVE('',#5981,#5993,#5788,.T.);
#6038=EDGE_CURVE('',#5989,#5993,#5906,.T.);
#6040=EDGE_CURVE('',#5989,#5951,#5792,.T.);
#6042=EDGE_CURVE('',#5951,#5952,#5796,.T.);
#6044=EDGE_CURVE('',#5952,#5954,#5800,.T.);
#6046=EDGE_CURVE('',#5954,#5956,#5804,.T.);
#6048=EDGE_CURVE('',#5956,#5958,#5808,.T.);
#6050=EDGE_CURVE('',#5958,#6002,#5813,.T.);
#6061=EDGE_CURVE('',#5944,#5964,#5817,.T.);
#6063=EDGE_CURVE('',#5964,#5966,#5863,.T.);
#6065=EDGE_CURVE('',#5946,#5966,#5938,.T.);
#6075=EDGE_CURVE('',#5998,#5997,#5822,.T.);
#6077=EDGE_CURVE('',#5997,#5978,#5827,.T.);
#6079=EDGE_CURVE('',#5978,#5976,#5831,.T.);
#6081=EDGE_CURVE('',#5976,#5974,#5835,.T.);
#6083=EDGE_CURVE('',#5972,#5974,#5839,.T.);
#6085=EDGE_CURVE('',#5971,#5972,#5843,.T.);
#6087=EDGE_CURVE('',#5990,#5971,#5847,.T.);
#6089=EDGE_CURVE('',#5990,#5994,#5914,.T.);
#6091=EDGE_CURVE('',#5982,#5994,#5851,.T.);
#6093=EDGE_CURVE('',#5982,#5986,#5930,.T.);
#6095=EDGE_CURVE('',#5968,#5986,#5855,.T.);
#6097=EDGE_CURVE('',#5966,#5968,#5859,.T.);
#6100=EDGE_CURVE('',#5964,#5962,#5867,.T.);
#6102=EDGE_CURVE('',#5962,#5961,#5871,.T.);
#6104=EDGE_CURVE('',#5961,#6010,#5876,.T.);
#6106=EDGE_CURVE('',#6010,#6009,#5881,.T.);
#6108=EDGE_CURVE('',#6009,#5998,#5886,.T.);
#6119=EDGE_CURVE('',#5952,#5972,#5890,.T.);
#6122=EDGE_CURVE('',#5974,#5954,#5894,.T.);
#6133=EDGE_CURVE('',#5951,#5971,#5898,.T.);
#6146=EDGE_CURVE('',#5989,#5990,#5902,.T.);
#6160=EDGE_CURVE('',#5993,#5994,#5910,.T.);
#6172=EDGE_CURVE('',#5981,#5982,#5918,.T.);
#6186=EDGE_CURVE('',#5985,#5986,#5926,.T.);
#6198=EDGE_CURVE('',#5948,#5968,#5934,.T.);
#6229=B_SPLINE_CURVE_WITH_KNOTS('',3,(#6218,#6219,#6220,#6221,#6222,#6223,#6224,
#6225,#6226,#6227,#6228),.UNSPECIFIED.,.F.,.F.,(4,1,1,1,1,1,1,1,4),(0.E0,
1.25E-1,2.5E-1,3.75E-1,5.E-1,6.25E-1,7.5E-1,8.75E-1,1.E0),.UNSPECIFIED.);
#6237=B_SPLINE_CURVE_WITH_KNOTS('',3,(#6230,#6231,#6232,#6233,#6234,#6235,
#6236),.UNSPECIFIED.,.F.,.F.,(4,1,1,1,4),(0.E0,2.5E-1,5.E-1,7.5E-1,1.E0),
.UNSPECIFIED.);
#6245=B_SPLINE_CURVE_WITH_KNOTS('',3,(#6238,#6239,#6240,#6241,#6242,#6243,
#6244),.UNSPECIFIED.,.F.,.F.,(4,1,1,1,4),(0.E0,2.5E-1,5.E-1,7.5E-1,1.E0),
.UNSPECIFIED.);
#6253=B_SPLINE_CURVE_WITH_KNOTS('',3,(#6246,#6247,#6248,#6249,#6250,#6251,
#6252),.UNSPECIFIED.,.F.,.F.,(4,1,1,1,4),(0.E0,2.5E-1,5.E-1,7.5E-1,1.E0),
.UNSPECIFIED.);
#6265=B_SPLINE_CURVE_WITH_KNOTS('',3,(#6254,#6255,#6256,#6257,#6258,#6259,#6260,
#6261,#6262,#6263,#6264),.UNSPECIFIED.,.F.,.F.,(4,1,1,1,1,1,1,1,4),(0.E0,
1.25E-1,2.5E-1,3.75E-1,5.E-1,6.25E-1,7.5E-1,8.75E-1,1.E0),.UNSPECIFIED.);
#6325=EDGE_CURVE('',#6268,#6269,#6229,.T.);
#6327=EDGE_CURVE('',#6267,#6269,#6237,.T.);
#6329=EDGE_CURVE('',#6266,#6267,#6245,.T.);
#6331=EDGE_CURVE('',#6268,#6266,#6253,.T.);
#6391=EDGE_CURVE('',#6269,#6268,#6265,.T.);
#6411=B_SPLINE_CURVE_WITH_KNOTS('',3,(#6400,#6401,#6402,#6403,#6404,#6405,#6406,
#6407,#6408,#6409,#6410),.UNSPECIFIED.,.F.,.F.,(4,1,1,1,1,1,1,1,4),(0.E0,
1.25E-1,2.5E-1,3.75E-1,5.E-1,6.25E-1,7.5E-1,8.75E-1,1.E0),.UNSPECIFIED.);
#6419=B_SPLINE_CURVE_WITH_KNOTS('',3,(#6412,#6413,#6414,#6415,#6416,#6417,
#6418),.UNSPECIFIED.,.F.,.F.,(4,1,1,1,4),(0.E0,2.5E-1,5.E-1,7.5E-1,1.E0),
.UNSPECIFIED.);
#6427=B_SPLINE_CURVE_WITH_KNOTS('',3,(#6420,#6421,#6422,#6423,#6424,#6425,
#6426),.UNSPECIFIED.,.F.,.F.,(4,1,1,1,4),(0.E0,2.5E-1,5.E-1,7.5E-1,1.E0),
.UNSPECIFIED.);
#6435=B_SPLINE_CURVE_WITH_KNOTS('',3,(#6428,#6429,#6430,#6431,#6432,#6433,
#6434),.UNSPECIFIED.,.F.,.F.,(4,1,1,1,4),(0.E0,2.5E-1,5.E-1,7.5E-1,1.E0),
.UNSPECIFIED.);
#6447=B_SPLINE_CURVE_WITH_KNOTS('',3,(#6436,#6437,#6438,#6439,#6440,#6441,#6442,
#6443,#6444,#6445,#6446),.UNSPECIFIED.,.F.,.F.,(4,1,1,1,1,1,1,1,4),(0.E0,
1.25E-1,2.5E-1,3.75E-1,5.E-1,6.25E-1,7.5E-1,8.75E-1,1.E0),.UNSPECIFIED.);
#6507=EDGE_CURVE('',#6450,#6451,#6411,.T.);
#6509=EDGE_CURVE('',#6449,#6451,#6419,.T.);
#6511=EDGE_CURVE('',#6448,#6449,#6427,.T.);
#6513=EDGE_CURVE('',#6450,#6448,#6435,.T.);
#6573=EDGE_CURVE('',#6451,#6450,#6447,.T.);
#6583=(LENGTH_UNIT()NAMED_UNIT(*)SI_UNIT(.MILLI.,.METRE.));
#6585=(NAMED_UNIT(*)PLANE_ANGLE_UNIT()SI_UNIT($,.RADIAN.));
#6588=(NAMED_UNIT(*)SI_UNIT($,.STERADIAN.)SOLID_ANGLE_UNIT());
#6591=MANIFOLD_SURFACE_SHAPE_REPRESENTATION('',(#6582),#6590);
#6598=PRODUCT_DEFINITION('design','',#6597,#6594);
#6599=PRODUCT_DEFINITION_SHAPE('','SHAPE FOR AV061001A200.',#6598);
#6600=SHAPE_DEFINITION_REPRESENTATION(#6599,#6591);
ENDSEC;
END-ISO-10303-21;
