ISO-10303-21;
HEADER;
FILE_DESCRIPTION((''),'2;1');
FILE_NAME('AV0630C900_SW0001','2008-10-22T',('jlgachon'),(''),
'PRO/ENGINEER BY PARAMETRIC TECHNOLOGY CORPORATION, 2007030',
'PRO/ENGINEER BY PARAMETRIC TECHNOLOGY CORPORATION, 2007030','');
FILE_SCHEMA(('CONFIG_CONTROL_DESIGN'));
ENDSEC;
DATA;
#1=DIRECTION('',(0.E0,0.E0,1.E0));
#2=VECTOR('',#1,4.2E0);
#3=CARTESIAN_POINT('',(2.1E0,0.E0,1.15E0));
#4=LINE('',#3,#2);
#5=DIRECTION('',(-1.E0,0.E0,0.E0));
#6=VECTOR('',#5,4.2E0);
#7=CARTESIAN_POINT('',(2.1E0,0.E0,5.35E0));
#8=LINE('',#7,#6);
#9=DIRECTION('',(0.E0,0.E0,-1.E0));
#10=VECTOR('',#9,4.2E0);
#11=CARTESIAN_POINT('',(-2.1E0,0.E0,5.35E0));
#12=LINE('',#11,#10);
#13=DIRECTION('',(0.E0,0.E0,-1.E0));
#14=VECTOR('',#13,4.E-1);
#15=CARTESIAN_POINT('',(-2.1E0,0.E0,1.15E0));
#16=LINE('',#15,#14);
#17=DIRECTION('',(-1.E0,0.E0,0.E0));
#18=VECTOR('',#17,3.953717865907E0);
#19=CARTESIAN_POINT('',(-2.1E0,0.E0,7.5E-1));
#20=LINE('',#19,#18);
#21=DIRECTION('',(-1.E0,0.E0,0.E0));
#22=VECTOR('',#21,3.953717865907E0);
#23=CARTESIAN_POINT('',(6.053717865907E0,0.E0,7.5E-1));
#24=LINE('',#23,#22);
#25=DIRECTION('',(0.E0,0.E0,-1.E0));
#26=VECTOR('',#25,4.E-1);
#27=CARTESIAN_POINT('',(2.1E0,0.E0,1.15E0));
#28=LINE('',#27,#26);
#29=DIRECTION('',(0.E0,1.E0,0.E0));
#30=VECTOR('',#29,1.E0);
#31=CARTESIAN_POINT('',(2.1E0,0.E0,1.15E0));
#32=LINE('',#31,#30);
#33=DIRECTION('',(0.E0,1.E0,0.E0));
#34=VECTOR('',#33,1.E0);
#35=CARTESIAN_POINT('',(-2.1E0,0.E0,1.15E0));
#36=LINE('',#35,#34);
#37=DIRECTION('',(1.E0,0.E0,0.E0));
#38=VECTOR('',#37,4.2E0);
#39=CARTESIAN_POINT('',(-2.1E0,-2.2E0,1.15E0));
#40=LINE('',#39,#38);
#41=DIRECTION('',(0.E0,1.E0,0.E0));
#42=VECTOR('',#41,2.2E0);
#43=CARTESIAN_POINT('',(-2.1E0,-2.2E0,1.15E0));
#44=LINE('',#43,#42);
#45=DIRECTION('',(0.E0,7.071067811865E-1,7.071067811865E-1));
#46=VECTOR('',#45,5.656854249492E-1);
#47=CARTESIAN_POINT('',(-2.1E0,-2.6E0,7.5E-1));
#48=LINE('',#47,#46);
#49=DIRECTION('',(0.E0,-1.E0,0.E0));
#50=VECTOR('',#49,2.6E0);
#51=CARTESIAN_POINT('',(-2.1E0,0.E0,7.5E-1));
#52=LINE('',#51,#50);
#53=DIRECTION('',(1.E0,0.E0,0.E0));
#54=VECTOR('',#53,4.2E0);
#55=CARTESIAN_POINT('',(-2.1E0,-2.6E0,7.5E-1));
#56=LINE('',#55,#54);
#57=DIRECTION('',(0.E0,-1.E0,0.E0));
#58=VECTOR('',#57,2.6E0);
#59=CARTESIAN_POINT('',(2.1E0,0.E0,7.5E-1));
#60=LINE('',#59,#58);
#61=DIRECTION('',(0.E0,-1.E0,0.E0));
#62=VECTOR('',#61,2.321372822087E0);
#63=CARTESIAN_POINT('',(6.053717865907E0,0.E0,7.5E-1));
#64=LINE('',#63,#62);
#65=DIRECTION('',(0.E0,7.071067811865E-1,7.071067811865E-1));
#66=VECTOR('',#65,5.656854249492E-1);
#67=CARTESIAN_POINT('',(2.1E0,-2.6E0,7.5E-1));
#68=LINE('',#67,#66);
#69=DIRECTION('',(0.E0,1.E0,0.E0));
#70=VECTOR('',#69,2.2E0);
#71=CARTESIAN_POINT('',(2.1E0,-2.2E0,1.15E0));
#72=LINE('',#71,#70);
#73=CARTESIAN_POINT('',(0.E0,1.55E0,0.E0));
#74=DIRECTION('',(0.E0,-1.E0,0.E0));
#75=DIRECTION('',(1.E0,0.E0,0.E0));
#76=AXIS2_PLACEMENT_3D('',#73,#74,#75);
#78=DIRECTION('',(0.E0,-1.E0,0.E0));
#79=VECTOR('',#78,2.321372822087E0);
#80=CARTESIAN_POINT('',(6.053717865907E0,0.E0,-7.5E-1));
#81=LINE('',#80,#79);
#82=CARTESIAN_POINT('',(6.094874896173E0,-2.927956861638E0,-2.5E-1));
#83=CARTESIAN_POINT('',(6.097152054795E0,-2.926206221825E0,-1.944840123299E-1));
#84=CARTESIAN_POINT('',(6.100189760142E0,-2.923868109314E0,-8.338386280273E-2));
#85=CARTESIAN_POINT('',(6.100189760142E0,-2.923868109314E0,8.338386279191E-2));
#86=CARTESIAN_POINT('',(6.097152054795E0,-2.926206221825E0,1.944840123252E-1));
#87=CARTESIAN_POINT('',(6.094874896173E0,-2.927956861638E0,2.5E-1));
#89=CARTESIAN_POINT('',(0.E0,0.E0,0.E0));
#90=DIRECTION('',(0.E0,-1.E0,0.E0));
#91=DIRECTION('',(9.924127649028E-1,0.E0,1.229508196721E-1));
#92=AXIS2_PLACEMENT_3D('',#89,#90,#91);
#94=DIRECTION('',(0.E0,-1.E0,0.E0));
#95=VECTOR('',#94,2.321372822087E0);
#96=CARTESIAN_POINT('',(-6.053717865907E0,0.E0,7.5E-1));
#97=LINE('',#96,#95);
#98=CARTESIAN_POINT('',(-6.094874896173E0,-2.927956861638E0,2.5E-1));
#99=CARTESIAN_POINT('',(-6.097152054795E0,-2.926206221825E0,1.944840123251E-1));
#100=CARTESIAN_POINT('',(-6.100189760142E0,-2.923868109314E0,
8.338386279166E-2));
#101=CARTESIAN_POINT('',(-6.100189760142E0,-2.923868109314E0,
-8.338386280298E-2));
#102=CARTESIAN_POINT('',(-6.097152054795E0,-2.926206221825E0,
-1.944840123300E-1));
#103=CARTESIAN_POINT('',(-6.094874896173E0,-2.927956861638E0,-2.5E-1));
#105=CARTESIAN_POINT('',(0.E0,1.55E0,0.E0));
#106=DIRECTION('',(0.E0,-1.E0,0.E0));
#107=DIRECTION('',(1.E0,0.E0,0.E0));
#108=AXIS2_PLACEMENT_3D('',#105,#106,#107);
#110=CARTESIAN_POINT('',(0.E0,3.636602540378E0,0.E0));
#111=DIRECTION('',(0.E0,-1.E0,0.E0));
#112=DIRECTION('',(1.E0,0.E0,0.E0));
#113=AXIS2_PLACEMENT_3D('',#110,#111,#112);
#115=CARTESIAN_POINT('',(7.5E0,3.376794919243E0,-8.035974663478E-12));
#116=DIRECTION('',(1.071464098001E-12,0.E0,1.E0));
#117=DIRECTION('',(-4.999999999947E-1,8.660254037875E-1,5.357320489951E-13));
#118=AXIS2_PLACEMENT_3D('',#115,#116,#117);
#120=CARTESIAN_POINT('',(0.E0,3.376794919243E0,0.E0));
#121=DIRECTION('',(0.E0,-1.E0,0.E0));
#122=DIRECTION('',(1.E0,0.E0,0.E0));
#123=AXIS2_PLACEMENT_3D('',#120,#121,#122);
#125=DIRECTION('',(8.660254037844E-1,5.E-1,3.262664857007E-13));
#126=VECTOR('',#125,7.505553499457E-1);
#127=CARTESIAN_POINT('',(7.350000000001E0,3.636602540379E0,
-2.439013712676E-13));
#128=LINE('',#127,#126);
#129=DIRECTION('',(-8.660254037844E-1,5.E-1,-3.251801966832E-13));
#130=VECTOR('',#129,7.505553499457E-1);
#131=CARTESIAN_POINT('',(-7.350000000001E0,3.636602540379E0,
2.430860512339E-13));
#132=LINE('',#131,#130);
#133=CARTESIAN_POINT('',(0.E0,3.636602540378E0,0.E0));
#134=DIRECTION('',(0.E0,-1.E0,0.E0));
#135=DIRECTION('',(-1.E0,0.E0,0.E0));
#136=AXIS2_PLACEMENT_3D('',#133,#134,#135);
#138=CARTESIAN_POINT('',(-7.5E0,3.376794919243E0,8.031728060409E-12));
#139=DIRECTION('',(-1.070897710787E-12,0.E0,-1.E0));
#140=DIRECTION('',(4.999999999947E-1,8.660254037875E-1,-5.354488553876E-13));
#141=AXIS2_PLACEMENT_3D('',#138,#139,#140);
#143=CARTESIAN_POINT('',(0.E0,3.376794919243E0,0.E0));
#144=DIRECTION('',(0.E0,-1.E0,0.E0));
#145=DIRECTION('',(-1.E0,0.E0,0.E0));
#146=AXIS2_PLACEMENT_3D('',#143,#144,#145);
#148=DIRECTION('',(0.E0,1.E0,6.260079799778E-13));
#149=VECTOR('',#148,1.826794919243E0);
#150=CARTESIAN_POINT('',(-7.2E0,1.55E0,0.E0));
#151=LINE('',#150,#149);
#152=CARTESIAN_POINT('',(0.E0,1.55E0,0.E0));
#153=DIRECTION('',(0.E0,1.E0,0.E0));
#154=DIRECTION('',(1.E0,0.E0,0.E0));
#155=AXIS2_PLACEMENT_3D('',#152,#153,#154);
#157=DIRECTION('',(0.E0,1.E0,-6.264438461317E-13));
#158=VECTOR('',#157,1.826794919243E0);
#159=CARTESIAN_POINT('',(7.2E0,1.55E0,0.E0));
#160=LINE('',#159,#158);
#161=DIRECTION('',(0.E0,1.E0,0.E0));
#162=VECTOR('',#161,9.538119784648E0);
#163=CARTESIAN_POINT('',(8.E0,4.011880215352E0,0.E0));
#164=LINE('',#163,#162);
#165=DIRECTION('',(0.E0,1.E0,0.E0));
#166=VECTOR('',#165,9.538119784648E0);
#167=CARTESIAN_POINT('',(-8.E0,4.011880215352E0,0.E0));
#168=LINE('',#167,#166);
#169=CARTESIAN_POINT('',(0.E0,4.011880215352E0,0.E0));
#170=DIRECTION('',(0.E0,1.E0,0.E0));
#171=DIRECTION('',(1.E0,0.E0,0.E0));
#172=AXIS2_PLACEMENT_3D('',#169,#170,#171);
#174=CARTESIAN_POINT('',(0.E0,4.011880215352E0,0.E0));
#175=DIRECTION('',(0.E0,-1.E0,0.E0));
#176=DIRECTION('',(1.E0,0.E0,0.E0));
#177=AXIS2_PLACEMENT_3D('',#174,#175,#176);
#179=CARTESIAN_POINT('',(0.E0,1.355E1,0.E0));
#180=DIRECTION('',(0.E0,1.E0,0.E0));
#181=DIRECTION('',(1.E0,0.E0,0.E0));
#182=AXIS2_PLACEMENT_3D('',#179,#180,#181);
#184=CARTESIAN_POINT('',(0.E0,1.355E1,0.E0));
#185=DIRECTION('',(0.E0,-1.E0,0.E0));
#186=DIRECTION('',(1.E0,0.E0,0.E0));
#187=AXIS2_PLACEMENT_3D('',#184,#185,#186);
#189=CARTESIAN_POINT('',(0.E0,1.355E1,0.E0));
#190=DIRECTION('',(0.E0,-1.E0,0.E0));
#191=DIRECTION('',(1.E0,0.E0,0.E0));
#192=AXIS2_PLACEMENT_3D('',#189,#190,#191);
#194=DIRECTION('',(0.E0,1.E0,0.E0));
#195=VECTOR('',#194,3.E-1);
#196=CARTESIAN_POINT('',(9.E0,1.355E1,0.E0));
#197=LINE('',#196,#195);
#198=DIRECTION('',(0.E0,1.E0,0.E0));
#199=VECTOR('',#198,3.E-1);
#200=CARTESIAN_POINT('',(-9.E0,1.355E1,0.E0));
#201=LINE('',#200,#199);
#202=CARTESIAN_POINT('',(0.E0,1.355E1,0.E0));
#203=DIRECTION('',(0.E0,1.E0,0.E0));
#204=DIRECTION('',(1.E0,0.E0,0.E0));
#205=AXIS2_PLACEMENT_3D('',#202,#203,#204);
#207=DIRECTION('',(-9.015230574683E-1,4.327310675848E-1,0.E0));
#208=VECTOR('',#207,2.773084924772E0);
#209=CARTESIAN_POINT('',(9.E0,1.385E1,0.E0));
#210=LINE('',#209,#208);
#211=DIRECTION('',(9.015230574683E-1,4.327310675848E-1,0.E0));
#212=VECTOR('',#211,2.773084924772E0);
#213=CARTESIAN_POINT('',(-9.E0,1.385E1,0.E0));
#214=LINE('',#213,#212);
#215=CARTESIAN_POINT('',(0.E0,1.385E1,0.E0));
#216=DIRECTION('',(0.E0,1.E0,0.E0));
#217=DIRECTION('',(1.E0,0.E0,0.E0));
#218=AXIS2_PLACEMENT_3D('',#215,#216,#217);
#220=CARTESIAN_POINT('',(0.E0,1.385E1,0.E0));
#221=DIRECTION('',(0.E0,-1.E0,0.E0));
#222=DIRECTION('',(1.E0,0.E0,0.E0));
#223=AXIS2_PLACEMENT_3D('',#220,#221,#222);
#225=CARTESIAN_POINT('',(0.E0,1.505E1,0.E0));
#226=DIRECTION('',(0.E0,1.E0,0.E0));
#227=DIRECTION('',(1.E0,0.E0,0.E0));
#228=AXIS2_PLACEMENT_3D('',#225,#226,#227);
#230=CARTESIAN_POINT('',(0.E0,1.505E1,0.E0));
#231=DIRECTION('',(0.E0,-1.E0,0.E0));
#232=DIRECTION('',(1.E0,0.E0,0.E0));
#233=AXIS2_PLACEMENT_3D('',#230,#231,#232);
#235=CARTESIAN_POINT('',(0.E0,1.505E1,0.E0));
#236=DIRECTION('',(0.E0,-1.E0,0.E0));
#237=DIRECTION('',(1.E0,0.E0,0.E0));
#238=AXIS2_PLACEMENT_3D('',#235,#236,#237);
#240=CARTESIAN_POINT('',(0.E0,1.505E1,0.E0));
#241=DIRECTION('',(0.E0,-1.E0,0.E0));
#242=DIRECTION('',(-1.E0,0.E0,0.E0));
#243=AXIS2_PLACEMENT_3D('',#240,#241,#242);
#245=DIRECTION('',(0.E0,1.E0,8.407576774403E-12));
#246=VECTOR('',#245,8.378679656440E-1);
#247=CARTESIAN_POINT('',(5.9E0,1.505E1,0.E0));
#248=LINE('',#247,#246);
#249=DIRECTION('',(0.E0,1.E0,-8.408975183902E-12));
#250=VECTOR('',#249,8.378679656440E-1);
#251=CARTESIAN_POINT('',(-5.9E0,1.505E1,0.E0));
#252=LINE('',#251,#250);
#253=CARTESIAN_POINT('',(0.E0,1.599393398282E1,0.E0));
#254=DIRECTION('',(0.E0,1.E0,0.E0));
#255=DIRECTION('',(1.E0,0.E0,0.E0));
#256=AXIS2_PLACEMENT_3D('',#253,#254,#255);
#258=CARTESIAN_POINT('',(0.E0,1.588786796564E1,0.E0));
#259=DIRECTION('',(0.E0,1.E0,0.E0));
#260=DIRECTION('',(1.E0,0.E0,0.E0));
#261=AXIS2_PLACEMENT_3D('',#258,#259,#260);
#263=CARTESIAN_POINT('',(5.75E0,1.588786796564E1,7.004990337789E-12));
#264=DIRECTION('',(1.218259000624E-12,0.E0,-1.E0));
#265=DIRECTION('',(7.071067811818E-1,7.071067811913E-1,8.614392514957E-13));
#266=AXIS2_PLACEMENT_3D('',#263,#264,#265);
#268=DIRECTION('',(-7.071067811865E-1,7.071067811866E-1,-2.497444245024E-14));
#269=VECTOR('',#268,6.449747468301E-1);
#270=CARTESIAN_POINT('',(5.856066017178E0,1.599393398282E1,1.654874298394E-14));
#271=LINE('',#270,#269);
#272=DIRECTION('',(7.071067811865E-1,7.071067811866E-1,2.525241363006E-14));
#273=VECTOR('',#272,6.449747468301E-1);
#274=CARTESIAN_POINT('',(-5.856066017178E0,1.599393398282E1,
-1.672802737527E-14));
#275=LINE('',#274,#273);
#276=CARTESIAN_POINT('',(0.E0,1.599393398282E1,0.E0));
#277=DIRECTION('',(0.E0,1.E0,0.E0));
#278=DIRECTION('',(-1.E0,0.E0,0.E0));
#279=AXIS2_PLACEMENT_3D('',#276,#277,#278);
#281=CARTESIAN_POINT('',(0.E0,1.588786796564E1,0.E0));
#282=DIRECTION('',(0.E0,1.E0,0.E0));
#283=DIRECTION('',(-1.E0,0.E0,0.E0));
#284=AXIS2_PLACEMENT_3D('',#281,#282,#283);
#286=CARTESIAN_POINT('',(-5.75E0,1.588786796564E1,-7.005184626818E-12));
#287=DIRECTION('',(-1.218292827732E-12,0.E0,1.E0));
#288=DIRECTION('',(-7.071067811818E-1,7.071067811913E-1,-8.614635605139E-13));
#289=AXIS2_PLACEMENT_3D('',#286,#287,#288);
#291=CARTESIAN_POINT('',(0.E0,1.645E1,0.E0));
#292=DIRECTION('',(0.E0,1.E0,0.E0));
#293=DIRECTION('',(1.E0,0.E0,0.E0));
#294=AXIS2_PLACEMENT_3D('',#291,#292,#293);
#296=CARTESIAN_POINT('',(0.E0,1.645E1,0.E0));
#297=DIRECTION('',(0.E0,-1.E0,0.E0));
#298=DIRECTION('',(1.E0,0.E0,0.E0));
#299=AXIS2_PLACEMENT_3D('',#296,#297,#298);
#301=CARTESIAN_POINT('',(0.E0,1.55E0,0.E0));
#302=DIRECTION('',(0.E0,-1.E0,0.E0));
#303=DIRECTION('',(-1.E0,0.E0,0.E0));
#304=AXIS2_PLACEMENT_3D('',#301,#302,#303);
#306=DIRECTION('',(0.E0,1.E0,0.E0));
#307=VECTOR('',#306,1.55E0);
#308=CARTESIAN_POINT('',(-6.1E0,0.E0,0.E0));
#309=LINE('',#308,#307);
#310=CARTESIAN_POINT('',(0.E0,0.E0,0.E0));
#311=DIRECTION('',(0.E0,-1.E0,0.E0));
#312=DIRECTION('',(-1.E0,0.E0,0.E0));
#313=AXIS2_PLACEMENT_3D('',#310,#311,#312);
#315=CARTESIAN_POINT('',(0.E0,0.E0,0.E0));
#316=DIRECTION('',(0.E0,1.E0,0.E0));
#317=DIRECTION('',(9.924127649028E-1,0.E0,-1.229508196721E-1));
#318=AXIS2_PLACEMENT_3D('',#315,#316,#317);
#320=CARTESIAN_POINT('',(0.E0,0.E0,0.E0));
#321=DIRECTION('',(0.E0,-1.E0,0.E0));
#322=DIRECTION('',(9.924127649028E-1,0.E0,-1.229508196721E-1));
#323=AXIS2_PLACEMENT_3D('',#320,#321,#322);
#325=DIRECTION('',(0.E0,1.E0,0.E0));
#326=VECTOR('',#325,1.55E0);
#327=CARTESIAN_POINT('',(6.1E0,0.E0,0.E0));
#328=LINE('',#327,#326);
#329=DIRECTION('',(0.E0,0.E0,-1.E0));
#330=VECTOR('',#329,4.2E0);
#331=CARTESIAN_POINT('',(-2.1E0,0.E0,-1.15E0));
#332=LINE('',#331,#330);
#333=DIRECTION('',(1.E0,0.E0,0.E0));
#334=VECTOR('',#333,4.2E0);
#335=CARTESIAN_POINT('',(-2.1E0,0.E0,-5.35E0));
#336=LINE('',#335,#334);
#337=DIRECTION('',(0.E0,0.E0,1.E0));
#338=VECTOR('',#337,4.2E0);
#339=CARTESIAN_POINT('',(2.1E0,0.E0,-5.35E0));
#340=LINE('',#339,#338);
#341=DIRECTION('',(0.E0,0.E0,1.E0));
#342=VECTOR('',#341,4.E-1);
#343=CARTESIAN_POINT('',(2.1E0,0.E0,-1.15E0));
#344=LINE('',#343,#342);
#345=DIRECTION('',(1.E0,0.E0,0.E0));
#346=VECTOR('',#345,3.953717865907E0);
#347=CARTESIAN_POINT('',(2.1E0,0.E0,-7.5E-1));
#348=LINE('',#347,#346);
#349=DIRECTION('',(1.E0,0.E0,0.E0));
#350=VECTOR('',#349,3.953717865907E0);
#351=CARTESIAN_POINT('',(-6.053717865907E0,0.E0,-7.5E-1));
#352=LINE('',#351,#350);
#353=DIRECTION('',(0.E0,0.E0,1.E0));
#354=VECTOR('',#353,4.E-1);
#355=CARTESIAN_POINT('',(-2.1E0,0.E0,-1.15E0));
#356=LINE('',#355,#354);
#357=DIRECTION('',(0.E0,1.E0,0.E0));
#358=VECTOR('',#357,1.E0);
#359=CARTESIAN_POINT('',(-2.1E0,0.E0,-1.15E0));
#360=LINE('',#359,#358);
#361=DIRECTION('',(0.E0,1.E0,0.E0));
#362=VECTOR('',#361,1.E0);
#363=CARTESIAN_POINT('',(2.1E0,0.E0,-1.15E0));
#364=LINE('',#363,#362);
#365=DIRECTION('',(1.E0,0.E0,0.E0));
#366=VECTOR('',#365,4.2E0);
#367=CARTESIAN_POINT('',(-2.1E0,-2.2E0,-1.15E0));
#368=LINE('',#367,#366);
#369=DIRECTION('',(0.E0,1.E0,0.E0));
#370=VECTOR('',#369,2.2E0);
#371=CARTESIAN_POINT('',(2.1E0,-2.2E0,-1.15E0));
#372=LINE('',#371,#370);
#373=DIRECTION('',(0.E0,7.071067811865E-1,-7.071067811865E-1));
#374=VECTOR('',#373,5.656854249492E-1);
#375=CARTESIAN_POINT('',(2.1E0,-2.6E0,-7.5E-1));
#376=LINE('',#375,#374);
#377=DIRECTION('',(0.E0,-1.E0,0.E0));
#378=VECTOR('',#377,2.6E0);
#379=CARTESIAN_POINT('',(-2.1E0,0.E0,-7.5E-1));
#380=LINE('',#379,#378);
#381=DIRECTION('',(0.E0,-1.E0,0.E0));
#382=VECTOR('',#381,2.321372822087E0);
#383=CARTESIAN_POINT('',(-6.053717865907E0,0.E0,-7.5E-1));
#384=LINE('',#383,#382);
#385=DIRECTION('',(0.E0,-1.E0,0.E0));
#386=VECTOR('',#385,2.6E0);
#387=CARTESIAN_POINT('',(2.1E0,0.E0,-7.5E-1));
#388=LINE('',#387,#386);
#389=DIRECTION('',(1.E0,0.E0,0.E0));
#390=VECTOR('',#389,4.2E0);
#391=CARTESIAN_POINT('',(-2.1E0,-2.6E0,-7.5E-1));
#392=LINE('',#391,#390);
#393=DIRECTION('',(0.E0,7.071067811865E-1,-7.071067811865E-1));
#394=VECTOR('',#393,5.656854249492E-1);
#395=CARTESIAN_POINT('',(-2.1E0,-2.6E0,-7.5E-1));
#396=LINE('',#395,#394);
#397=DIRECTION('',(0.E0,1.E0,0.E0));
#398=VECTOR('',#397,2.2E0);
#399=CARTESIAN_POINT('',(-2.1E0,-2.2E0,-1.15E0));
#400=LINE('',#399,#398);
#401=CARTESIAN_POINT('',(0.E0,5.E0,-7.5E-1));
#402=DIRECTION('',(0.E0,0.E0,-1.E0));
#403=DIRECTION('',(6.372334595691E-1,-7.706708233776E-1,0.E0));
#404=AXIS2_PLACEMENT_3D('',#401,#402,#403);
#406=CARTESIAN_POINT('',(-6.053717865907E0,-2.321372822087E0,-7.5E-1));
#407=CARTESIAN_POINT('',(-6.053717865907E0,-2.357942398305E0,-7.5E-1));
#408=CARTESIAN_POINT('',(-6.054305608698E0,-2.428298013340E0,
-7.452759096567E-1));
#409=CARTESIAN_POINT('',(-6.056690170582E0,-2.526000854509E0,
-7.257512383223E-1));
#410=CARTESIAN_POINT('',(-6.060280480046E0,-2.614330448485E0,
-6.952792971903E-1));
#411=CARTESIAN_POINT('',(-6.064674286942E0,-2.691517681709E0,
-6.560133188932E-1));
#412=CARTESIAN_POINT('',(-6.069548001080E0,-2.757755206301E0,
-6.094334619357E-1));
#413=CARTESIAN_POINT('',(-6.074554685334E0,-2.812568963525E0,
-5.574785745817E-1));
#414=CARTESIAN_POINT('',(-6.079496378969E0,-2.856793708601E0,
-5.008634546813E-1));
#415=CARTESIAN_POINT('',(-6.084127713208E0,-2.890264283329E0,
-4.411831709822E-1));
#416=CARTESIAN_POINT('',(-6.088336474078E0,-2.913552271963E0,
-3.788112814309E-1));
#417=CARTESIAN_POINT('',(-6.091974034849E0,-2.926608200796E0,
-3.150150323830E-1));
#418=CARTESIAN_POINT('',(-6.093980735706E0,-2.928644276603E0,
-2.717991847291E-1));
#419=CARTESIAN_POINT('',(-6.094874896173E0,-2.927956861638E0,-2.5E-1));
#421=CARTESIAN_POINT('',(0.E0,5.E0,-2.5E-1));
#422=DIRECTION('',(0.E0,0.E0,-1.E0));
#423=DIRECTION('',(6.094874896173E-1,-7.927956861638E-1,0.E0));
#424=AXIS2_PLACEMENT_3D('',#421,#422,#423);
#426=CARTESIAN_POINT('',(6.094874896173E0,-2.927956861638E0,-2.5E-1));
#427=CARTESIAN_POINT('',(6.093980735706E0,-2.928644276603E0,
-2.717991847291E-1));
#428=CARTESIAN_POINT('',(6.091974034849E0,-2.926608200796E0,
-3.150150323830E-1));
#429=CARTESIAN_POINT('',(6.088336474078E0,-2.913552271963E0,
-3.788112814309E-1));
#430=CARTESIAN_POINT('',(6.084127713208E0,-2.890264283329E0,
-4.411831709822E-1));
#431=CARTESIAN_POINT('',(6.079496378969E0,-2.856793708601E0,
-5.008634546813E-1));
#432=CARTESIAN_POINT('',(6.074554685334E0,-2.812568963525E0,
-5.574785745817E-1));
#433=CARTESIAN_POINT('',(6.069548001080E0,-2.757755206301E0,
-6.094334619357E-1));
#434=CARTESIAN_POINT('',(6.064674286942E0,-2.691517681709E0,
-6.560133188932E-1));
#435=CARTESIAN_POINT('',(6.060280480046E0,-2.614330448485E0,
-6.952792971903E-1));
#436=CARTESIAN_POINT('',(6.056690170582E0,-2.526000854509E0,
-7.257512383223E-1));
#437=CARTESIAN_POINT('',(6.054305608698E0,-2.428298013340E0,
-7.452759096567E-1));
#438=CARTESIAN_POINT('',(6.053717865907E0,-2.357942398305E0,-7.5E-1));
#439=CARTESIAN_POINT('',(6.053717865907E0,-2.321372822087E0,-7.5E-1));
#441=CARTESIAN_POINT('',(0.E0,5.E0,7.5E-1));
#442=DIRECTION('',(0.E0,0.E0,1.E0));
#443=DIRECTION('',(-6.372334595691E-1,-7.706708233776E-1,0.E0));
#444=AXIS2_PLACEMENT_3D('',#441,#442,#443);
#446=CARTESIAN_POINT('',(6.053717865907E0,-2.321372822087E0,7.5E-1));
#447=CARTESIAN_POINT('',(6.053717865907E0,-2.357942398305E0,7.5E-1));
#448=CARTESIAN_POINT('',(6.054305608698E0,-2.428298013340E0,7.452759096567E-1));
#449=CARTESIAN_POINT('',(6.056690170582E0,-2.526000854509E0,7.257512383223E-1));
#450=CARTESIAN_POINT('',(6.060280480046E0,-2.614330448485E0,6.952792971903E-1));
#451=CARTESIAN_POINT('',(6.064674286942E0,-2.691517681709E0,6.560133188932E-1));
#452=CARTESIAN_POINT('',(6.069548001080E0,-2.757755206301E0,6.094334619357E-1));
#453=CARTESIAN_POINT('',(6.074554685334E0,-2.812568963525E0,5.574785745817E-1));
#454=CARTESIAN_POINT('',(6.079496378969E0,-2.856793708601E0,5.008634546813E-1));
#455=CARTESIAN_POINT('',(6.084127713208E0,-2.890264283329E0,4.411831709822E-1));
#456=CARTESIAN_POINT('',(6.088336474078E0,-2.913552271963E0,3.788112814309E-1));
#457=CARTESIAN_POINT('',(6.091974034849E0,-2.926608200796E0,3.150150323830E-1));
#458=CARTESIAN_POINT('',(6.093980735706E0,-2.928644276603E0,2.717991847291E-1));
#459=CARTESIAN_POINT('',(6.094874896173E0,-2.927956861638E0,2.5E-1));
#461=CARTESIAN_POINT('',(0.E0,5.E0,2.5E-1));
#462=DIRECTION('',(0.E0,0.E0,1.E0));
#463=DIRECTION('',(-6.094874896173E-1,-7.927956861638E-1,0.E0));
#464=AXIS2_PLACEMENT_3D('',#461,#462,#463);
#466=CARTESIAN_POINT('',(-6.094874896173E0,-2.927956861638E0,2.5E-1));
#467=CARTESIAN_POINT('',(-6.093980735706E0,-2.928644276603E0,
2.717991847291E-1));
#468=CARTESIAN_POINT('',(-6.091974034849E0,-2.926608200796E0,
3.150150323830E-1));
#469=CARTESIAN_POINT('',(-6.088336474078E0,-2.913552271963E0,
3.788112814309E-1));
#470=CARTESIAN_POINT('',(-6.084127713208E0,-2.890264283329E0,
4.411831709822E-1));
#471=CARTESIAN_POINT('',(-6.079496378969E0,-2.856793708601E0,
5.008634546813E-1));
#472=CARTESIAN_POINT('',(-6.074554685334E0,-2.812568963525E0,
5.574785745817E-1));
#473=CARTESIAN_POINT('',(-6.069548001080E0,-2.757755206301E0,
6.094334619357E-1));
#474=CARTESIAN_POINT('',(-6.064674286942E0,-2.691517681709E0,
6.560133188932E-1));
#475=CARTESIAN_POINT('',(-6.060280480046E0,-2.614330448485E0,
6.952792971903E-1));
#476=CARTESIAN_POINT('',(-6.056690170582E0,-2.526000854509E0,
7.257512383223E-1));
#477=CARTESIAN_POINT('',(-6.054305608698E0,-2.428298013340E0,
7.452759096567E-1));
#478=CARTESIAN_POINT('',(-6.053717865907E0,-2.357942398305E0,7.5E-1));
#479=CARTESIAN_POINT('',(-6.053717865907E0,-2.321372822087E0,7.5E-1));
#481=DIRECTION('',(0.E0,1.E0,0.E0));
#482=VECTOR('',#481,1.E0);
#483=CARTESIAN_POINT('',(2.1E0,0.E0,-5.35E0));
#484=LINE('',#483,#482);
#485=DIRECTION('',(0.E0,1.E0,0.E0));
#486=VECTOR('',#485,1.E0);
#487=CARTESIAN_POINT('',(-2.1E0,0.E0,-5.35E0));
#488=LINE('',#487,#486);
#489=DIRECTION('',(-1.E0,0.E0,0.E0));
#490=VECTOR('',#489,4.2E0);
#491=CARTESIAN_POINT('',(2.1E0,1.E0,-1.15E0));
#492=LINE('',#491,#490);
#493=DIRECTION('',(0.E0,0.E0,1.E0));
#494=VECTOR('',#493,4.2E0);
#495=CARTESIAN_POINT('',(2.1E0,1.E0,-5.35E0));
#496=LINE('',#495,#494);
#497=DIRECTION('',(1.E0,0.E0,0.E0));
#498=VECTOR('',#497,4.2E0);
#499=CARTESIAN_POINT('',(-2.1E0,1.E0,-5.35E0));
#500=LINE('',#499,#498);
#501=DIRECTION('',(0.E0,0.E0,-1.E0));
#502=VECTOR('',#501,4.2E0);
#503=CARTESIAN_POINT('',(-2.1E0,1.E0,-1.15E0));
#504=LINE('',#503,#502);
#505=DIRECTION('',(1.E0,0.E0,0.E0));
#506=VECTOR('',#505,4.E0);
#507=CARTESIAN_POINT('',(-2.E0,1.E0,-5.25E0));
#508=LINE('',#507,#506);
#509=DIRECTION('',(0.E0,0.E0,1.E0));
#510=VECTOR('',#509,4.E0);
#511=CARTESIAN_POINT('',(2.E0,1.E0,-5.25E0));
#512=LINE('',#511,#510);
#513=DIRECTION('',(-1.E0,0.E0,0.E0));
#514=VECTOR('',#513,4.E0);
#515=CARTESIAN_POINT('',(2.E0,1.E0,-1.25E0));
#516=LINE('',#515,#514);
#517=DIRECTION('',(0.E0,0.E0,-1.E0));
#518=VECTOR('',#517,4.E0);
#519=CARTESIAN_POINT('',(-2.E0,1.E0,-1.25E0));
#520=LINE('',#519,#518);
#521=DIRECTION('',(0.E0,-1.E0,0.E0));
#522=VECTOR('',#521,5.521707376524E0);
#523=CARTESIAN_POINT('',(-2.E0,1.E0,-5.25E0));
#524=LINE('',#523,#522);
#525=CARTESIAN_POINT('',(-2.E0,-4.521707376524E0,-5.25E0));
#526=CARTESIAN_POINT('',(-1.903653900942E0,-4.561040506757E0,-5.25E0));
#527=CARTESIAN_POINT('',(-1.719504382340E0,-4.633332161042E0,-5.25E0));
#528=CARTESIAN_POINT('',(-1.473278222001E0,-4.721921566526E0,-5.25E0));
#529=CARTESIAN_POINT('',(-1.245202783964E0,-4.795932936831E0,-5.25E0));
#530=CARTESIAN_POINT('',(-1.029017872903E0,-4.857647511884E0,-5.25E0));
#531=CARTESIAN_POINT('',(-8.200079321623E-1,-4.908344423304E0,-5.25E0));
#532=CARTESIAN_POINT('',(-6.145191538886E-1,-4.948485898832E0,-5.25E0));
#533=CARTESIAN_POINT('',(-4.099977434471E-1,-4.977882122444E0,
-5.250000000001E0));
#534=CARTESIAN_POINT('',(-2.053037057969E-1,-4.995926495116E0,
-5.249999999998E0));
#535=CARTESIAN_POINT('',(-6.848098155914E-2,-4.999999999995E0,
-5.250000000005E0));
#536=CARTESIAN_POINT('',(-2.058105965112E-10,-5.E0,-5.250000000005E0));
#538=CARTESIAN_POINT('',(-2.058105965112E-10,-5.E0,-5.250000000005E0));
#539=CARTESIAN_POINT('',(6.966963606442E-2,-5.000000000003E0,
-5.250000000005E0));
#540=CARTESIAN_POINT('',(2.087471447450E-1,-4.995785500701E0,
-5.249999999998E0));
#541=CARTESIAN_POINT('',(4.165902910229E-1,-4.977161912239E0,
-5.250000000001E0));
#542=CARTESIAN_POINT('',(6.236244062719E-1,-4.946961355835E0,-5.25E0));
#543=CARTESIAN_POINT('',(8.308503375198E-1,-4.905967270906E0,-5.25E0));
#544=CARTESIAN_POINT('',(1.040685359511E0,-4.854545275467E0,-5.25E0));
#545=CARTESIAN_POINT('',(1.256600842698E0,-4.792420206430E0,-5.25E0));
#546=CARTESIAN_POINT('',(1.483062222663E0,-4.718527041431E0,-5.25E0));
#547=CARTESIAN_POINT('',(1.725983722122E0,-4.630833733821E0,-5.25E0));
#548=CARTESIAN_POINT('',(1.906072746688E0,-4.560053017116E0,-5.25E0));
#549=CARTESIAN_POINT('',(2.E0,-4.521707376524E0,-5.25E0));
#551=DIRECTION('',(0.E0,-1.E0,0.E0));
#552=VECTOR('',#551,5.521707376524E0);
#553=CARTESIAN_POINT('',(-2.E0,1.E0,-1.25E0));
#554=LINE('',#553,#552);
#555=CARTESIAN_POINT('',(-2.E0,-4.521707376524E0,-1.25E0));
#556=CARTESIAN_POINT('',(-2.E0,-4.560996308538E0,-1.346237835974E0));
#557=CARTESIAN_POINT('',(-2.E0,-4.633216755364E0,-1.530198307526E0));
#558=CARTESIAN_POINT('',(-2.E0,-4.721730417638E0,-1.776170653375E0));
#559=CARTESIAN_POINT('',(-2.E0,-4.795745262915E0,-2.004185513495E0));
#560=CARTESIAN_POINT('',(-2.E0,-4.857477663768E0,-2.220341757537E0));
#561=CARTESIAN_POINT('',(-2.E0,-4.908213190361E0,-2.429390204176E0));
#562=CARTESIAN_POINT('',(-2.E0,-4.948403586739E0,-2.634983918165E0));
#563=CARTESIAN_POINT('',(-2.E0,-4.977844885016E0,-2.839658460628E0));
#564=CARTESIAN_POINT('',(-2.E0,-4.995918318985E0,-3.044503998075E0));
#565=CARTESIAN_POINT('',(-2.000000000001E0,-4.999999999998E0,
-3.181452254056E0));
#566=CARTESIAN_POINT('',(-2.000000000001E0,-5.000000000004E0,
-3.250000000001E0));
#568=CARTESIAN_POINT('',(-2.000000000001E0,-5.000000000004E0,
-3.250000000001E0));
#569=CARTESIAN_POINT('',(-2.000000000001E0,-4.999999999998E0,
-3.319787156496E0));
#570=CARTESIAN_POINT('',(-2.E0,-4.995770957461E0,-3.459085928291E0));
#571=CARTESIAN_POINT('',(-2.E0,-4.977094410348E0,-3.667203476157E0));
#572=CARTESIAN_POINT('',(-2.E0,-4.946813643689E0,-3.874503011427E0));
#573=CARTESIAN_POINT('',(-2.E0,-4.905733511225E0,-4.081910011879E0));
#574=CARTESIAN_POINT('',(-2.E0,-4.854242712346E0,-4.291816348594E0));
#575=CARTESIAN_POINT('',(-2.E0,-4.792084896575E0,-4.507685927088E0));
#576=CARTESIAN_POINT('',(-2.E0,-4.718193190808E0,-4.734021116673E0));
#577=CARTESIAN_POINT('',(-2.E0,-4.630621349975E0,-4.976531305223E0));
#578=CARTESIAN_POINT('',(-2.E0,-4.559971089844E0,-5.156273426700E0));
#579=CARTESIAN_POINT('',(-2.E0,-4.521707376524E0,-5.25E0));
#581=DIRECTION('',(0.E0,-1.E0,0.E0));
#582=VECTOR('',#581,5.521707376524E0);
#583=CARTESIAN_POINT('',(2.E0,1.E0,-1.25E0));
#584=LINE('',#583,#582);
#585=CARTESIAN_POINT('',(2.E0,-4.521707376524E0,-1.25E0));
#586=CARTESIAN_POINT('',(1.903653900942E0,-4.561040506757E0,-1.25E0));
#587=CARTESIAN_POINT('',(1.719504382340E0,-4.633332161042E0,-1.25E0));
#588=CARTESIAN_POINT('',(1.473278222001E0,-4.721921566526E0,-1.25E0));
#589=CARTESIAN_POINT('',(1.245202783964E0,-4.795932936831E0,-1.25E0));
#590=CARTESIAN_POINT('',(1.029017872903E0,-4.857647511884E0,-1.25E0));
#591=CARTESIAN_POINT('',(8.200079321623E-1,-4.908344423304E0,-1.25E0));
#592=CARTESIAN_POINT('',(6.145191538886E-1,-4.948485898832E0,-1.25E0));
#593=CARTESIAN_POINT('',(4.099977434471E-1,-4.977882122444E0,
-1.249999999999E0));
#594=CARTESIAN_POINT('',(2.053037057969E-1,-4.995926495116E0,
-1.250000000002E0));
#595=CARTESIAN_POINT('',(6.848098155914E-2,-4.999999999995E0,
-1.249999999995E0));
#596=CARTESIAN_POINT('',(2.058093083164E-10,-5.E0,-1.249999999995E0));
#598=CARTESIAN_POINT('',(2.058093083164E-10,-5.E0,-1.249999999995E0));
#599=CARTESIAN_POINT('',(-6.966963606442E-2,-5.000000000003E0,
-1.249999999995E0));
#600=CARTESIAN_POINT('',(-2.087471447450E-1,-4.995785500701E0,
-1.250000000002E0));
#601=CARTESIAN_POINT('',(-4.165902910229E-1,-4.977161912239E0,
-1.249999999999E0));
#602=CARTESIAN_POINT('',(-6.236244062719E-1,-4.946961355835E0,-1.25E0));
#603=CARTESIAN_POINT('',(-8.308503375198E-1,-4.905967270906E0,-1.25E0));
#604=CARTESIAN_POINT('',(-1.040685359511E0,-4.854545275467E0,-1.25E0));
#605=CARTESIAN_POINT('',(-1.256600842698E0,-4.792420206430E0,-1.25E0));
#606=CARTESIAN_POINT('',(-1.483062222663E0,-4.718527041431E0,-1.25E0));
#607=CARTESIAN_POINT('',(-1.725983722122E0,-4.630833733821E0,-1.25E0));
#608=CARTESIAN_POINT('',(-1.906072746688E0,-4.560053017116E0,-1.25E0));
#609=CARTESIAN_POINT('',(-2.E0,-4.521707376524E0,-1.25E0));
#611=CARTESIAN_POINT('',(0.E0,-2.E0,-1.25E0));
#612=DIRECTION('',(0.E0,0.E0,-1.E0));
#613=DIRECTION('',(1.E0,0.E0,0.E0));
#614=AXIS2_PLACEMENT_3D('',#611,#612,#613);
#616=CARTESIAN_POINT('',(0.E0,-2.E0,-1.25E0));
#617=DIRECTION('',(0.E0,0.E0,-1.E0));
#618=DIRECTION('',(-1.E0,0.E0,0.E0));
#619=AXIS2_PLACEMENT_3D('',#616,#617,#618);
#621=DIRECTION('',(0.E0,-1.E0,0.E0));
#622=VECTOR('',#621,5.521707376524E0);
#623=CARTESIAN_POINT('',(2.E0,1.E0,-5.25E0));
#624=LINE('',#623,#622);
#625=CARTESIAN_POINT('',(2.E0,-4.521707376524E0,-5.25E0));
#626=CARTESIAN_POINT('',(2.E0,-4.560996308538E0,-5.153762164026E0));
#627=CARTESIAN_POINT('',(2.E0,-4.633216755364E0,-4.969801692474E0));
#628=CARTESIAN_POINT('',(2.E0,-4.721730417638E0,-4.723829346625E0));
#629=CARTESIAN_POINT('',(2.E0,-4.795745262915E0,-4.495814486505E0));
#630=CARTESIAN_POINT('',(2.E0,-4.857477663768E0,-4.279658242463E0));
#631=CARTESIAN_POINT('',(2.E0,-4.908213190361E0,-4.070609795824E0));
#632=CARTESIAN_POINT('',(2.E0,-4.948403586739E0,-3.865016081835E0));
#633=CARTESIAN_POINT('',(2.E0,-4.977844885016E0,-3.660341539372E0));
#634=CARTESIAN_POINT('',(2.E0,-4.995918318985E0,-3.455496001925E0));
#635=CARTESIAN_POINT('',(2.000000000001E0,-4.999999999998E0,-3.318547745944E0));
#636=CARTESIAN_POINT('',(2.000000000001E0,-5.000000000004E0,-3.249999999999E0));
#638=CARTESIAN_POINT('',(2.000000000001E0,-5.000000000004E0,-3.249999999999E0));
#639=CARTESIAN_POINT('',(2.000000000001E0,-4.999999999998E0,-3.180212843504E0));
#640=CARTESIAN_POINT('',(2.E0,-4.995770957461E0,-3.040914071709E0));
#641=CARTESIAN_POINT('',(2.E0,-4.977094410348E0,-2.832796523843E0));
#642=CARTESIAN_POINT('',(2.E0,-4.946813643689E0,-2.625496988573E0));
#643=CARTESIAN_POINT('',(2.E0,-4.905733511225E0,-2.418089988121E0));
#644=CARTESIAN_POINT('',(2.E0,-4.854242712346E0,-2.208183651406E0));
#645=CARTESIAN_POINT('',(2.E0,-4.792084896575E0,-1.992314072912E0));
#646=CARTESIAN_POINT('',(2.E0,-4.718193190808E0,-1.765978883327E0));
#647=CARTESIAN_POINT('',(2.E0,-4.630621349975E0,-1.523468694777E0));
#648=CARTESIAN_POINT('',(2.E0,-4.559971089844E0,-1.343726573300E0));
#649=CARTESIAN_POINT('',(2.E0,-4.521707376524E0,-1.25E0));
#651=CARTESIAN_POINT('',(0.E0,-5.E0,-3.25E0));
#652=DIRECTION('',(0.E0,-1.E0,0.E0));
#653=DIRECTION('',(-1.E0,0.E0,0.E0));
#654=AXIS2_PLACEMENT_3D('',#651,#652,#653);
#656=CARTESIAN_POINT('',(0.E0,-5.E0,-3.25E0));
#657=DIRECTION('',(0.E0,-1.E0,0.E0));
#658=DIRECTION('',(1.148416917108E-10,0.E0,1.E0));
#659=AXIS2_PLACEMENT_3D('',#656,#657,#658);
#661=CARTESIAN_POINT('',(0.E0,-5.E0,-3.25E0));
#662=DIRECTION('',(0.E0,-1.E0,0.E0));
#663=DIRECTION('',(1.E0,0.E0,0.E0));
#664=AXIS2_PLACEMENT_3D('',#661,#662,#663);
#666=CARTESIAN_POINT('',(0.E0,-5.E0,-3.25E0));
#667=DIRECTION('',(0.E0,-1.E0,0.E0));
#668=DIRECTION('',(-1.148415806885E-10,0.E0,-1.E0));
#669=AXIS2_PLACEMENT_3D('',#666,#667,#668);
#671=CARTESIAN_POINT('',(0.E0,-5.E0,-3.25E0));
#672=DIRECTION('',(0.E0,1.E0,0.E0));
#673=DIRECTION('',(-1.E0,0.E0,0.E0));
#674=AXIS2_PLACEMENT_3D('',#671,#672,#673);
#676=CARTESIAN_POINT('',(0.E0,-5.E0,-3.25E0));
#677=DIRECTION('',(0.E0,1.E0,0.E0));
#678=DIRECTION('',(1.E0,0.E0,0.E0));
#679=AXIS2_PLACEMENT_3D('',#676,#677,#678);
#681=DIRECTION('',(0.E0,-1.E0,0.E0));
#682=VECTOR('',#681,1.E0);
#683=CARTESIAN_POINT('',(-1.25E0,-5.E0,-3.25E0));
#684=LINE('',#683,#682);
#685=DIRECTION('',(0.E0,-1.E0,0.E0));
#686=VECTOR('',#685,1.E0);
#687=CARTESIAN_POINT('',(1.25E0,-5.E0,-3.25E0));
#688=LINE('',#687,#686);
#689=CARTESIAN_POINT('',(0.E0,-6.E0,-3.25E0));
#690=DIRECTION('',(0.E0,-1.E0,0.E0));
#691=DIRECTION('',(-1.E0,0.E0,0.E0));
#692=AXIS2_PLACEMENT_3D('',#689,#690,#691);
#694=CARTESIAN_POINT('',(0.E0,-6.E0,-3.25E0));
#695=DIRECTION('',(0.E0,1.E0,0.E0));
#696=DIRECTION('',(-1.E0,0.E0,0.E0));
#697=AXIS2_PLACEMENT_3D('',#694,#695,#696);
#699=CARTESIAN_POINT('',(0.E0,-6.E0,-3.25E0));
#700=DIRECTION('',(0.E0,1.E0,0.E0));
#701=DIRECTION('',(-1.E0,0.E0,0.E0));
#702=AXIS2_PLACEMENT_3D('',#699,#700,#701);
#704=DIRECTION('',(0.E0,1.E0,0.E0));
#705=VECTOR('',#704,6.E-1);
#706=CARTESIAN_POINT('',(4.E-1,-7.E0,-1.546327496260E0));
#707=LINE('',#706,#705);
#708=DIRECTION('',(0.E0,1.E0,0.E0));
#709=VECTOR('',#708,6.E-1);
#710=CARTESIAN_POINT('',(4.E-1,-7.E0,-4.953672503740E0));
#711=LINE('',#710,#709);
#712=CARTESIAN_POINT('',(0.E0,-7.2E0,-3.25E0));
#713=DIRECTION('',(0.E0,-1.E0,0.E0));
#714=DIRECTION('',(2.580645161290E-1,0.E0,-9.661276859272E-1));
#715=AXIS2_PLACEMENT_3D('',#712,#713,#714);
#717=CARTESIAN_POINT('',(4.E-1,-7.E0,-1.546327496260E0));
#718=CARTESIAN_POINT('',(4.E-1,-7.011561275526E0,-1.546327496260E0));
#719=CARTESIAN_POINT('',(4.E-1,-7.034314181822E0,-1.548353106791E0));
#720=CARTESIAN_POINT('',(4.E-1,-7.067775137954E0,-1.557397069219E0));
#721=CARTESIAN_POINT('',(4.E-1,-7.099246314097E0,-1.572236225833E0));
#722=CARTESIAN_POINT('',(4.E-1,-7.127909366830E0,-1.592519504782E0));
#723=CARTESIAN_POINT('',(4.E-1,-7.152859173314E0,-1.617742684380E0));
#724=CARTESIAN_POINT('',(4.E-1,-7.173290667310E0,-1.647254590298E0));
#725=CARTESIAN_POINT('',(4.E-1,-7.188488685513E0,-1.680201764289E0));
#726=CARTESIAN_POINT('',(4.E-1,-7.197876633706E0,-1.715728214198E0));
#727=CARTESIAN_POINT('',(4.E-1,-7.2E0,-1.740074962093E0));
#728=CARTESIAN_POINT('',(4.E-1,-7.2E0,-1.752502086813E0));
#730=CARTESIAN_POINT('',(0.E0,-7.E0,-3.25E0));
#731=DIRECTION('',(0.E0,-1.E0,0.E0));
#732=DIRECTION('',(1.E0,0.E0,0.E0));
#733=AXIS2_PLACEMENT_3D('',#730,#731,#732);
#735=CARTESIAN_POINT('',(0.E0,-7.E0,-3.25E0));
#736=DIRECTION('',(0.E0,-1.E0,0.E0));
#737=DIRECTION('',(2.285714285714E-1,0.E0,-9.735271449943E-1));
#738=AXIS2_PLACEMENT_3D('',#735,#736,#737);
#740=CARTESIAN_POINT('',(4.E-1,-7.2E0,-4.747497913187E0));
#741=CARTESIAN_POINT('',(4.E-1,-7.2E0,-4.759925059027E0));
#742=CARTESIAN_POINT('',(4.E-1,-7.197876626941E0,-4.784271847905E0));
#743=CARTESIAN_POINT('',(4.E-1,-7.188488643003E0,-4.819798367044E0));
#744=CARTESIAN_POINT('',(4.E-1,-7.173290570594E0,-4.852745583393E0));
#745=CARTESIAN_POINT('',(4.E-1,-7.152859040646E0,-4.882257475023E0));
#746=CARTESIAN_POINT('',(4.E-1,-7.127909217624E0,-4.907480620481E0));
#747=CARTESIAN_POINT('',(4.E-1,-7.099246164624E0,-4.927763859831E0));
#748=CARTESIAN_POINT('',(4.E-1,-7.067775009822E0,-4.942602973938E0));
#749=CARTESIAN_POINT('',(4.E-1,-7.034314127914E0,-4.951646898422E0));
#750=CARTESIAN_POINT('',(4.E-1,-7.011561257149E0,-4.953672503740E0));
#751=CARTESIAN_POINT('',(4.E-1,-7.E0,-4.953672503740E0));
#753=DIRECTION('',(0.E0,0.E0,-1.E0));
#754=VECTOR('',#753,2.994995826374E0);
#755=CARTESIAN_POINT('',(4.E-1,-7.2E0,-1.752502086813E0));
#756=LINE('',#755,#754);
#757=DIRECTION('',(0.E0,-1.E0,-7.274625346554E-12));
#758=VECTOR('',#757,1.E0);
#759=CARTESIAN_POINT('',(1.75E0,-6.E0,-3.25E0));
#760=LINE('',#759,#758);
#761=CARTESIAN_POINT('',(0.E0,-6.E0,-3.25E0));
#762=DIRECTION('',(0.E0,-1.E0,0.E0));
#763=DIRECTION('',(-1.E0,0.E0,0.E0));
#764=AXIS2_PLACEMENT_3D('',#761,#762,#763);
#766=DIRECTION('',(0.E0,-1.E0,7.275069435764E-12));
#767=VECTOR('',#766,1.E0);
#768=CARTESIAN_POINT('',(-1.75E0,-6.E0,-3.25E0));
#769=LINE('',#768,#767);
#770=CARTESIAN_POINT('',(0.E0,-7.E0,-3.25E0));
#771=DIRECTION('',(0.E0,-1.E0,0.E0));
#772=DIRECTION('',(-1.E0,0.E0,0.E0));
#773=AXIS2_PLACEMENT_3D('',#770,#771,#772);
#775=CARTESIAN_POINT('',(0.E0,-7.E0,-3.25E0));
#776=DIRECTION('',(0.E0,-1.E0,0.E0));
#777=DIRECTION('',(-2.285714285714E-1,0.E0,9.735271449943E-1));
#778=AXIS2_PLACEMENT_3D('',#775,#776,#777);
#780=CARTESIAN_POINT('',(-4.E-1,-7.2E0,-1.752502086813E0));
#781=CARTESIAN_POINT('',(-4.E-1,-7.2E0,-1.740074940973E0));
#782=CARTESIAN_POINT('',(-4.E-1,-7.197876626941E0,-1.715728152095E0));
#783=CARTESIAN_POINT('',(-4.E-1,-7.188488643003E0,-1.680201632956E0));
#784=CARTESIAN_POINT('',(-4.E-1,-7.173290570594E0,-1.647254416607E0));
#785=CARTESIAN_POINT('',(-4.E-1,-7.152859040646E0,-1.617742524977E0));
#786=CARTESIAN_POINT('',(-4.E-1,-7.127909217624E0,-1.592519379519E0));
#787=CARTESIAN_POINT('',(-4.E-1,-7.099246164624E0,-1.572236140169E0));
#788=CARTESIAN_POINT('',(-4.E-1,-7.067775009822E0,-1.557397026062E0));
#789=CARTESIAN_POINT('',(-4.E-1,-7.034314127914E0,-1.548353101578E0));
#790=CARTESIAN_POINT('',(-4.E-1,-7.011561257149E0,-1.546327496260E0));
#791=CARTESIAN_POINT('',(-4.E-1,-7.E0,-1.546327496260E0));
#793=CARTESIAN_POINT('',(0.E0,-7.2E0,-3.25E0));
#794=DIRECTION('',(0.E0,-1.E0,0.E0));
#795=DIRECTION('',(-2.580645161290E-1,0.E0,9.661276859272E-1));
#796=AXIS2_PLACEMENT_3D('',#793,#794,#795);
#798=CARTESIAN_POINT('',(-4.E-1,-7.E0,-4.953672503740E0));
#799=CARTESIAN_POINT('',(-4.E-1,-7.011561275526E0,-4.953672503740E0));
#800=CARTESIAN_POINT('',(-4.E-1,-7.034314181822E0,-4.951646893209E0));
#801=CARTESIAN_POINT('',(-4.E-1,-7.067775137954E0,-4.942602930781E0));
#802=CARTESIAN_POINT('',(-4.E-1,-7.099246314097E0,-4.927763774167E0));
#803=CARTESIAN_POINT('',(-4.E-1,-7.127909366830E0,-4.907480495218E0));
#804=CARTESIAN_POINT('',(-4.E-1,-7.152859173314E0,-4.882257315620E0));
#805=CARTESIAN_POINT('',(-4.E-1,-7.173290667310E0,-4.852745409702E0));
#806=CARTESIAN_POINT('',(-4.E-1,-7.188488685513E0,-4.819798235711E0));
#807=CARTESIAN_POINT('',(-4.E-1,-7.197876633706E0,-4.784271785802E0));
#808=CARTESIAN_POINT('',(-4.E-1,-7.2E0,-4.759925037907E0));
#809=CARTESIAN_POINT('',(-4.E-1,-7.2E0,-4.747497913187E0));
#811=DIRECTION('',(0.E0,1.E0,0.E0));
#812=VECTOR('',#811,6.E-1);
#813=CARTESIAN_POINT('',(-4.E-1,-7.E0,-1.546327496260E0));
#814=LINE('',#813,#812);
#815=DIRECTION('',(0.E0,0.E0,-1.E0));
#816=VECTOR('',#815,3.407345007480E0);
#817=CARTESIAN_POINT('',(-4.E-1,-6.4E0,-1.546327496260E0));
#818=LINE('',#817,#816);
#819=DIRECTION('',(0.E0,1.E0,0.E0));
#820=VECTOR('',#819,6.E-1);
#821=CARTESIAN_POINT('',(-4.E-1,-7.E0,-4.953672503740E0));
#822=LINE('',#821,#820);
#823=CARTESIAN_POINT('',(0.E0,-6.4E0,-3.25E0));
#824=DIRECTION('',(0.E0,1.E0,0.E0));
#825=DIRECTION('',(-2.285714285714E-1,0.E0,9.735271449943E-1));
#826=AXIS2_PLACEMENT_3D('',#823,#824,#825);
#828=DIRECTION('',(0.E0,0.E0,-1.E0));
#829=VECTOR('',#828,3.407345007480E0);
#830=CARTESIAN_POINT('',(4.E-1,-6.4E0,-1.546327496260E0));
#831=LINE('',#830,#829);
#832=CARTESIAN_POINT('',(0.E0,-6.4E0,-3.25E0));
#833=DIRECTION('',(0.E0,1.E0,0.E0));
#834=DIRECTION('',(2.285714285714E-1,0.E0,-9.735271449943E-1));
#835=AXIS2_PLACEMENT_3D('',#832,#833,#834);
#837=DIRECTION('',(0.E0,0.E0,-1.E0));
#838=VECTOR('',#837,2.994995826374E0);
#839=CARTESIAN_POINT('',(-4.E-1,-7.2E0,-1.752502086813E0));
#840=LINE('',#839,#838);
#841=CARTESIAN_POINT('',(0.E0,-2.E0,-5.222819254623E0));
#842=DIRECTION('',(0.E0,0.E0,-1.E0));
#843=DIRECTION('',(1.E0,0.E0,0.E0));
#844=AXIS2_PLACEMENT_3D('',#841,#842,#843);
#846=DIRECTION('',(0.E0,0.E0,-1.E0));
#847=VECTOR('',#846,3.972819254623E0);
#848=CARTESIAN_POINT('',(1.3E0,-2.E0,-1.25E0));
#849=LINE('',#848,#847);
#850=CARTESIAN_POINT('',(-1.25E0,-2.357071421427E0,-3.25E0));
#851=CARTESIAN_POINT('',(-1.25E0,-2.357071421427E0,-3.230847112177E0));
#852=CARTESIAN_POINT('',(-1.249134487439E0,-2.360126774834E0,
-3.192351669198E0));
#853=CARTESIAN_POINT('',(-1.244967938476E0,-2.374399649929E0,
-3.132855933379E0));
#854=CARTESIAN_POINT('',(-1.238155607710E0,-2.396491544922E0,
-3.075158323646E0));
#855=CARTESIAN_POINT('',(-1.228923696672E0,-2.424354033949E0,
-3.019186167295E0));
#856=CARTESIAN_POINT('',(-1.217608421274E0,-2.455914848177E0,
-2.965492606462E0));
#857=CARTESIAN_POINT('',(-1.203497277484E0,-2.492116830438E0,
-2.910536108431E0));
#858=CARTESIAN_POINT('',(-1.185539988349E0,-2.534152268563E0,
-2.852037979879E0));
#859=CARTESIAN_POINT('',(-1.162158693647E0,-2.583586779810E0,
-2.787788881918E0));
#860=CARTESIAN_POINT('',(-1.132065236834E0,-2.640275364951E0,
-2.718047728981E0));
#861=CARTESIAN_POINT('',(-1.095532087957E0,-2.701200361541E0,
-2.646141818049E0));
#862=CARTESIAN_POINT('',(-1.050620032258E0,-2.767193612612E0,
-2.570647880891E0));
#863=CARTESIAN_POINT('',(-9.948937681569E-1,-2.838640409761E0,
-2.490907083284E0));
#864=CARTESIAN_POINT('',(-9.251965548190E-1,-2.915437436691E0,
-2.406852195380E0));
#865=CARTESIAN_POINT('',(-8.378799332080E-1,-2.996855936264E0,
-2.319104298328E0));
#866=CARTESIAN_POINT('',(-7.279989027416E-1,-3.079849396500E0,
-2.230781644206E0));
#867=CARTESIAN_POINT('',(-6.191914880565E-1,-3.145267449450E0,
-2.161766068100E0));
#868=CARTESIAN_POINT('',(-5.085781107715E-1,-3.198460079280E0,
-2.105937081268E0));
#869=CARTESIAN_POINT('',(-3.957712752653E-1,-3.240162441158E0,
-2.062338445858E0));
#870=CARTESIAN_POINT('',(-2.840291429895E-1,-3.270296985385E0,
-2.030913676105E0));
#871=CARTESIAN_POINT('',(-1.724252515269E-1,-3.290174882412E0,
-2.010219006320E0));
#872=CARTESIAN_POINT('',(-5.959105927872E-2,-3.300254824840E0,
-1.999734864159E0));
#873=CARTESIAN_POINT('',(5.234389011809E-2,-3.300565359748E0,
-1.999411983686E0));
#874=CARTESIAN_POINT('',(1.651777946408E-1,-3.291122087555E0,
-2.009233536008E0));
#875=CARTESIAN_POINT('',(2.768676873383E-1,-3.271874164654E0,
-2.029270714474E0));
#876=CARTESIAN_POINT('',(3.885826771805E-1,-3.242425200022E0,
-2.059976554963E0));
#877=CARTESIAN_POINT('',(5.014120780169E-1,-3.201470673721E0,
-2.102784880014E0));
#878=CARTESIAN_POINT('',(6.122084932104E-1,-3.149005606557E0,
-2.157834395373E0));
#879=CARTESIAN_POINT('',(7.210580180121E-1,-3.084478015502E0,
-2.225883162816E0));
#880=CARTESIAN_POINT('',(8.315136978593E-1,-3.002212619567E0,
-2.313372804082E0));
#881=CARTESIAN_POINT('',(9.205206175406E-1,-2.920207748328E0,
-2.401673927254E0));
#882=CARTESIAN_POINT('',(9.914045429591E-1,-2.842801767882E0,
-2.486311244669E0));
#883=CARTESIAN_POINT('',(1.048037023625E0,-2.770754420734E0,-2.566627407354E0));
#884=CARTESIAN_POINT('',(1.093642085470E0,-2.704172602137E0,-2.642690557231E0));
#885=CARTESIAN_POINT('',(1.130705187253E0,-2.642699470751E0,-2.715128931403E0));
#886=CARTESIAN_POINT('',(1.161260335726E0,-2.585401080916E0,-2.785490457106E0));
#887=CARTESIAN_POINT('',(1.185084640735E0,-2.535188983008E0,-2.850628915719E0));
#888=CARTESIAN_POINT('',(1.203358618099E0,-2.492472926168E0,-2.909999149597E0));
#889=CARTESIAN_POINT('',(1.217638609753E0,-2.455842769358E0,-2.965586894570E0));
#890=CARTESIAN_POINT('',(1.229013184590E0,-2.424095468045E0,-3.019652010913E0));
#891=CARTESIAN_POINT('',(1.238211449466E0,-2.396313987368E0,-3.075569885066E0));
#892=CARTESIAN_POINT('',(1.244987261898E0,-2.374333725852E0,-3.133102007864E0));
#893=CARTESIAN_POINT('',(1.249131503497E0,-2.360136852902E0,-3.192343458383E0));
#894=CARTESIAN_POINT('',(1.25E0,-2.357071421427E0,-3.230829831040E0));
#895=CARTESIAN_POINT('',(1.25E0,-2.357071421427E0,-3.25E0));
#897=CARTESIAN_POINT('',(1.25E0,-2.357071421427E0,-3.25E0));
#898=CARTESIAN_POINT('',(1.25E0,-2.357071421427E0,-3.269161472856E0));
#899=CARTESIAN_POINT('',(1.249133505178E0,-2.360130157672E0,-3.307655645697E0));
#900=CARTESIAN_POINT('',(1.244972566856E0,-2.374383700748E0,-3.367079930576E0));
#901=CARTESIAN_POINT('',(1.238176714007E0,-2.396423966768E0,-3.424679249311E0));
#902=CARTESIAN_POINT('',(1.228976207499E0,-2.424199389791E0,-3.480523361431E0));
#903=CARTESIAN_POINT('',(1.217702625478E0,-2.455660220754E0,-3.534095929630E0));
#904=CARTESIAN_POINT('',(1.203643917079E0,-2.491754455163E0,-3.588936137955E0));
#905=CARTESIAN_POINT('',(1.185755028202E0,-2.533670206441E0,-3.647313160906E0));
#906=CARTESIAN_POINT('',(1.162465552E0,-2.582969116769E0,-3.711429721019E0));
#907=CARTESIAN_POINT('',(1.132495747081E0,-2.639507028241E0,-3.781026615575E0));
#908=CARTESIAN_POINT('',(1.096099282043E0,-2.700307036196E0,-3.852820519349E0));
#909=CARTESIAN_POINT('',(1.051351946925E0,-2.766182933606E0,-3.928210600709E0));
#910=CARTESIAN_POINT('',(9.958163382868E-1,-2.837538539394E0,
-4.007875821298E0));
#911=CARTESIAN_POINT('',(9.263193303914E-1,-2.914292540144E0,
-4.091905000561E0));
#912=CARTESIAN_POINT('',(8.392592984505E-1,-2.995691021126E0,
-4.179648991141E0));
#913=CARTESIAN_POINT('',(7.294604260411E-1,-3.078867255676E0,
-4.268178647778E0));
#914=CARTESIAN_POINT('',(6.206543913914E-1,-3.144477624924E0,
-4.337403056152E0));
#915=CARTESIAN_POINT('',(5.100778493486E-1,-3.197823319501E0,
-4.393396108161E0));
#916=CARTESIAN_POINT('',(3.972858725446E-1,-3.239680077740E0,
-4.437158010239E0));
#917=CARTESIAN_POINT('',(2.855201562438E-1,-3.269963489199E0,-4.468738898E0));
#918=CARTESIAN_POINT('',(1.739449465100E-1,-3.289970804528E0,
-4.489568662539E0));
#919=CARTESIAN_POINT('',(6.110462256957E-2,-3.300185163463E0,
-4.500192704749E0));
#920=CARTESIAN_POINT('',(-5.083236408930E-2,-3.300624814085E0,
-4.500649833009E0));
#921=CARTESIAN_POINT('',(-1.636597452709E-1,-3.291315491943E0,
-4.490967675422E0));
#922=CARTESIAN_POINT('',(-2.753813709873E-1,-3.272196181592E0,
-4.471064711215E0));
#923=CARTESIAN_POINT('',(-3.870764674139E-1,-3.242893372521E0,
-4.440512081242E0));
#924=CARTESIAN_POINT('',(-4.999197801762E-1,-3.202091622548E0,
-4.397865186530E0));
#925=CARTESIAN_POINT('',(-6.107550308475E-1,-3.149776874397E0,
-4.342976633485E0));
#926=CARTESIAN_POINT('',(-7.196093930623E-1,-3.085435228353E0,
-4.275129550731E0));
#927=CARTESIAN_POINT('',(-8.301364889554E-1,-3.003356821801E0,
-4.187850545688E0));
#928=CARTESIAN_POINT('',(-9.193898145846E-1,-2.921346099724E0,
-4.099560317977E0));
#929=CARTESIAN_POINT('',(-9.904765853669E-1,-2.843898384444E0,
-4.014898380430E0));
#930=CARTESIAN_POINT('',(-1.047298370516E0,-2.771765023411E0,
-3.934512118942E0));
#931=CARTESIAN_POINT('',(-1.093068586975E0,-2.705068891709E0,
-3.858348532547E0));
#932=CARTESIAN_POINT('',(-1.130269059493E0,-2.643472682585E0,
-3.785800455620E0));
#933=CARTESIAN_POINT('',(-1.160948389803E0,-2.586025750683E0,
-3.715297781179E0));
#934=CARTESIAN_POINT('',(-1.184866576960E0,-2.535676285479E0,
-3.650025482483E0));
#935=CARTESIAN_POINT('',(-1.203210234096E0,-2.492839039770E0,
-3.590533128590E0));
#936=CARTESIAN_POINT('',(-1.217543212597E0,-2.456100519347E0,
-3.534829292267E0));
#937=CARTESIAN_POINT('',(-1.228959665260E0,-2.424253067635E0,
-3.480643889779E0));
#938=CARTESIAN_POINT('',(-1.238189063683E0,-2.396385575684E0,
-3.424601630532E0));
#939=CARTESIAN_POINT('',(-1.244981805183E0,-2.374352464573E0,
-3.366971050048E0));
#940=CARTESIAN_POINT('',(-1.249132150193E0,-2.360134648316E0,
-3.307657594485E0));
#941=CARTESIAN_POINT('',(-1.25E0,-2.357071421427E0,-3.269164906035E0));
#942=CARTESIAN_POINT('',(-1.25E0,-2.357071421427E0,-3.25E0));
#944=CARTESIAN_POINT('',(0.E0,-2.E0,-5.222819254623E0));
#945=DIRECTION('',(0.E0,0.E0,-1.E0));
#946=DIRECTION('',(-1.E0,0.E0,0.E0));
#947=AXIS2_PLACEMENT_3D('',#944,#945,#946);
#949=DIRECTION('',(0.E0,0.E0,-1.E0));
#950=VECTOR('',#949,3.972819254623E0);
#951=CARTESIAN_POINT('',(-1.3E0,-2.E0,-1.25E0));
#952=LINE('',#951,#950);
#953=DIRECTION('',(0.E0,-1.E0,0.E0));
#954=VECTOR('',#953,6.320714214271E-1);
#955=CARTESIAN_POINT('',(1.25E0,-1.725E0,-3.25E0));
#956=LINE('',#955,#954);
#957=DIRECTION('',(0.E0,-1.E0,0.E0));
#958=VECTOR('',#957,6.320714214271E-1);
#959=CARTESIAN_POINT('',(-1.25E0,-1.725E0,-3.25E0));
#960=LINE('',#959,#958);
#961=CARTESIAN_POINT('',(0.E0,-1.725E0,-3.25E0));
#962=DIRECTION('',(0.E0,-1.E0,0.E0));
#963=DIRECTION('',(-1.E0,0.E0,0.E0));
#964=AXIS2_PLACEMENT_3D('',#961,#962,#963);
#966=DIRECTION('',(-7.071067811865E-1,7.071067811865E-1,1.256073966947E-14));
#967=VECTOR('',#966,3.181980515339E-1);
#968=CARTESIAN_POINT('',(1.25E0,-1.725E0,-3.25E0));
#969=LINE('',#968,#967);
#970=CARTESIAN_POINT('',(0.E0,-1.5E0,-3.25E0));
#971=DIRECTION('',(0.E0,-1.E0,0.E0));
#972=DIRECTION('',(-1.E0,0.E0,0.E0));
#973=AXIS2_PLACEMENT_3D('',#970,#971,#972);
#975=DIRECTION('',(7.071067811865E-1,7.071067811865E-1,0.E0));
#976=VECTOR('',#975,3.181980515339E-1);
#977=CARTESIAN_POINT('',(-1.25E0,-1.725E0,-3.25E0));
#978=LINE('',#977,#976);
#979=CARTESIAN_POINT('',(0.E0,-1.725E0,-3.25E0));
#980=DIRECTION('',(0.E0,1.E0,0.E0));
#981=DIRECTION('',(-1.E0,0.E0,0.E0));
#982=AXIS2_PLACEMENT_3D('',#979,#980,#981);
#984=CARTESIAN_POINT('',(0.E0,-1.5E0,-3.25E0));
#985=DIRECTION('',(0.E0,1.E0,0.E0));
#986=DIRECTION('',(-1.E0,0.E0,0.E0));
#987=AXIS2_PLACEMENT_3D('',#984,#985,#986);
#989=DIRECTION('',(0.E0,1.E0,0.E0));
#990=VECTOR('',#989,1.E0);
#991=CARTESIAN_POINT('',(-2.1E0,0.E0,5.35E0));
#992=LINE('',#991,#990);
#993=DIRECTION('',(0.E0,1.E0,0.E0));
#994=VECTOR('',#993,1.E0);
#995=CARTESIAN_POINT('',(2.1E0,0.E0,5.35E0));
#996=LINE('',#995,#994);
#997=DIRECTION('',(0.E0,0.E0,1.E0));
#998=VECTOR('',#997,4.2E0);
#999=CARTESIAN_POINT('',(2.1E0,1.E0,1.15E0));
#1000=LINE('',#999,#998);
#1001=DIRECTION('',(1.E0,0.E0,0.E0));
#1002=VECTOR('',#1001,4.2E0);
#1003=CARTESIAN_POINT('',(-2.1E0,1.E0,1.15E0));
#1004=LINE('',#1003,#1002);
#1005=DIRECTION('',(0.E0,0.E0,-1.E0));
#1006=VECTOR('',#1005,4.2E0);
#1007=CARTESIAN_POINT('',(-2.1E0,1.E0,5.35E0));
#1008=LINE('',#1007,#1006);
#1009=DIRECTION('',(-1.E0,0.E0,0.E0));
#1010=VECTOR('',#1009,4.2E0);
#1011=CARTESIAN_POINT('',(2.1E0,1.E0,5.35E0));
#1012=LINE('',#1011,#1010);
#1013=DIRECTION('',(1.E0,0.E0,0.E0));
#1014=VECTOR('',#1013,4.E0);
#1015=CARTESIAN_POINT('',(-2.E0,1.E0,1.25E0));
#1016=LINE('',#1015,#1014);
#1017=DIRECTION('',(0.E0,0.E0,1.E0));
#1018=VECTOR('',#1017,4.E0);
#1019=CARTESIAN_POINT('',(2.E0,1.E0,1.25E0));
#1020=LINE('',#1019,#1018);
#1021=DIRECTION('',(-1.E0,0.E0,0.E0));
#1022=VECTOR('',#1021,4.E0);
#1023=CARTESIAN_POINT('',(2.E0,1.E0,5.25E0));
#1024=LINE('',#1023,#1022);
#1025=DIRECTION('',(0.E0,0.E0,-1.E0));
#1026=VECTOR('',#1025,4.E0);
#1027=CARTESIAN_POINT('',(-2.E0,1.E0,5.25E0));
#1028=LINE('',#1027,#1026);
#1029=DIRECTION('',(0.E0,-1.E0,0.E0));
#1030=VECTOR('',#1029,5.521707376524E0);
#1031=CARTESIAN_POINT('',(-2.E0,1.E0,1.25E0));
#1032=LINE('',#1031,#1030);
#1033=CARTESIAN_POINT('',(-2.E0,-4.521707376524E0,1.25E0));
#1034=CARTESIAN_POINT('',(-1.903653900942E0,-4.561040506757E0,1.25E0));
#1035=CARTESIAN_POINT('',(-1.719504382340E0,-4.633332161042E0,1.25E0));
#1036=CARTESIAN_POINT('',(-1.473278222001E0,-4.721921566526E0,1.25E0));
#1037=CARTESIAN_POINT('',(-1.245202783964E0,-4.795932936831E0,1.25E0));
#1038=CARTESIAN_POINT('',(-1.029017872903E0,-4.857647511884E0,1.25E0));
#1039=CARTESIAN_POINT('',(-8.200079321623E-1,-4.908344423304E0,1.25E0));
#1040=CARTESIAN_POINT('',(-6.145191538886E-1,-4.948485898832E0,1.25E0));
#1041=CARTESIAN_POINT('',(-4.099977434471E-1,-4.977882122444E0,
1.249999999999E0));
#1042=CARTESIAN_POINT('',(-2.053037057969E-1,-4.995926495116E0,
1.250000000002E0));
#1043=CARTESIAN_POINT('',(-6.848098155914E-2,-4.999999999995E0,
1.249999999995E0));
#1044=CARTESIAN_POINT('',(-2.058103744666E-10,-5.E0,1.249999999995E0));
#1046=CARTESIAN_POINT('',(-2.058103744666E-10,-5.E0,1.249999999995E0));
#1047=CARTESIAN_POINT('',(6.966963606442E-2,-5.000000000003E0,
1.249999999995E0));
#1048=CARTESIAN_POINT('',(2.087471447450E-1,-4.995785500701E0,
1.250000000002E0));
#1049=CARTESIAN_POINT('',(4.165902910229E-1,-4.977161912239E0,
1.249999999999E0));
#1050=CARTESIAN_POINT('',(6.236244062719E-1,-4.946961355835E0,1.25E0));
#1051=CARTESIAN_POINT('',(8.308503375198E-1,-4.905967270906E0,1.25E0));
#1052=CARTESIAN_POINT('',(1.040685359511E0,-4.854545275467E0,1.25E0));
#1053=CARTESIAN_POINT('',(1.256600842698E0,-4.792420206430E0,1.25E0));
#1054=CARTESIAN_POINT('',(1.483062222663E0,-4.718527041431E0,1.25E0));
#1055=CARTESIAN_POINT('',(1.725983722122E0,-4.630833733821E0,1.25E0));
#1056=CARTESIAN_POINT('',(1.906072746688E0,-4.560053017116E0,1.25E0));
#1057=CARTESIAN_POINT('',(2.E0,-4.521707376524E0,1.25E0));
#1059=CARTESIAN_POINT('',(0.E0,-2.E0,1.25E0));
#1060=DIRECTION('',(0.E0,0.E0,-1.E0));
#1061=DIRECTION('',(1.E0,0.E0,0.E0));
#1062=AXIS2_PLACEMENT_3D('',#1059,#1060,#1061);
#1064=CARTESIAN_POINT('',(0.E0,-2.E0,1.25E0));
#1065=DIRECTION('',(0.E0,0.E0,-1.E0));
#1066=DIRECTION('',(-1.E0,0.E0,0.E0));
#1067=AXIS2_PLACEMENT_3D('',#1064,#1065,#1066);
#1069=DIRECTION('',(0.E0,-1.E0,0.E0));
#1070=VECTOR('',#1069,5.521707376524E0);
#1071=CARTESIAN_POINT('',(-2.E0,1.E0,5.25E0));
#1072=LINE('',#1071,#1070);
#1073=CARTESIAN_POINT('',(-2.E0,-4.521707376524E0,5.25E0));
#1074=CARTESIAN_POINT('',(-2.E0,-4.560996308538E0,5.153762164026E0));
#1075=CARTESIAN_POINT('',(-2.E0,-4.633216755364E0,4.969801692474E0));
#1076=CARTESIAN_POINT('',(-2.E0,-4.721730417638E0,4.723829346625E0));
#1077=CARTESIAN_POINT('',(-2.E0,-4.795745262915E0,4.495814486505E0));
#1078=CARTESIAN_POINT('',(-2.E0,-4.857477663768E0,4.279658242463E0));
#1079=CARTESIAN_POINT('',(-2.E0,-4.908213190361E0,4.070609795824E0));
#1080=CARTESIAN_POINT('',(-2.E0,-4.948403586739E0,3.865016081835E0));
#1081=CARTESIAN_POINT('',(-2.E0,-4.977844885016E0,3.660341539372E0));
#1082=CARTESIAN_POINT('',(-2.E0,-4.995918318985E0,3.455496001925E0));
#1083=CARTESIAN_POINT('',(-2.000000000001E0,-4.999999999998E0,
3.318547745944E0));
#1084=CARTESIAN_POINT('',(-2.000000000001E0,-5.000000000004E0,
3.249999999999E0));
#1086=CARTESIAN_POINT('',(-2.000000000001E0,-5.000000000004E0,
3.249999999999E0));
#1087=CARTESIAN_POINT('',(-2.000000000001E0,-4.999999999998E0,
3.180212843504E0));
#1088=CARTESIAN_POINT('',(-2.E0,-4.995770957461E0,3.040914071709E0));
#1089=CARTESIAN_POINT('',(-2.E0,-4.977094410348E0,2.832796523843E0));
#1090=CARTESIAN_POINT('',(-2.E0,-4.946813643689E0,2.625496988573E0));
#1091=CARTESIAN_POINT('',(-2.E0,-4.905733511225E0,2.418089988121E0));
#1092=CARTESIAN_POINT('',(-2.E0,-4.854242712346E0,2.208183651406E0));
#1093=CARTESIAN_POINT('',(-2.E0,-4.792084896575E0,1.992314072912E0));
#1094=CARTESIAN_POINT('',(-2.E0,-4.718193190808E0,1.765978883327E0));
#1095=CARTESIAN_POINT('',(-2.E0,-4.630621349975E0,1.523468694777E0));
#1096=CARTESIAN_POINT('',(-2.E0,-4.559971089844E0,1.343726573300E0));
#1097=CARTESIAN_POINT('',(-2.E0,-4.521707376524E0,1.25E0));
#1099=DIRECTION('',(0.E0,-1.E0,0.E0));
#1100=VECTOR('',#1099,5.521707376524E0);
#1101=CARTESIAN_POINT('',(2.E0,1.E0,5.25E0));
#1102=LINE('',#1101,#1100);
#1103=CARTESIAN_POINT('',(2.E0,-4.521707376524E0,5.25E0));
#1104=CARTESIAN_POINT('',(1.903653900942E0,-4.561040506757E0,5.25E0));
#1105=CARTESIAN_POINT('',(1.719504382340E0,-4.633332161042E0,5.25E0));
#1106=CARTESIAN_POINT('',(1.473278222001E0,-4.721921566526E0,5.25E0));
#1107=CARTESIAN_POINT('',(1.245202783964E0,-4.795932936831E0,5.25E0));
#1108=CARTESIAN_POINT('',(1.029017872903E0,-4.857647511884E0,5.25E0));
#1109=CARTESIAN_POINT('',(8.200079321623E-1,-4.908344423304E0,5.25E0));
#1110=CARTESIAN_POINT('',(6.145191538886E-1,-4.948485898832E0,5.25E0));
#1111=CARTESIAN_POINT('',(4.099977434471E-1,-4.977882122444E0,
5.250000000001E0));
#1112=CARTESIAN_POINT('',(2.053037057969E-1,-4.995926495116E0,
5.249999999998E0));
#1113=CARTESIAN_POINT('',(6.848098155914E-2,-4.999999999995E0,
5.250000000005E0));
#1114=CARTESIAN_POINT('',(2.058094748499E-10,-5.E0,5.250000000005E0));
#1116=CARTESIAN_POINT('',(2.058094748499E-10,-5.E0,5.250000000005E0));
#1117=CARTESIAN_POINT('',(-6.966963606442E-2,-5.000000000003E0,
5.250000000005E0));
#1118=CARTESIAN_POINT('',(-2.087471447450E-1,-4.995785500701E0,
5.249999999998E0));
#1119=CARTESIAN_POINT('',(-4.165902910229E-1,-4.977161912239E0,
5.250000000001E0));
#1120=CARTESIAN_POINT('',(-6.236244062719E-1,-4.946961355835E0,5.25E0));
#1121=CARTESIAN_POINT('',(-8.308503375198E-1,-4.905967270906E0,5.25E0));
#1122=CARTESIAN_POINT('',(-1.040685359511E0,-4.854545275467E0,5.25E0));
#1123=CARTESIAN_POINT('',(-1.256600842698E0,-4.792420206430E0,5.25E0));
#1124=CARTESIAN_POINT('',(-1.483062222663E0,-4.718527041431E0,5.25E0));
#1125=CARTESIAN_POINT('',(-1.725983722122E0,-4.630833733821E0,5.25E0));
#1126=CARTESIAN_POINT('',(-1.906072746688E0,-4.560053017116E0,5.25E0));
#1127=CARTESIAN_POINT('',(-2.E0,-4.521707376524E0,5.25E0));
#1129=DIRECTION('',(0.E0,-1.E0,0.E0));
#1130=VECTOR('',#1129,5.521707376524E0);
#1131=CARTESIAN_POINT('',(2.E0,1.E0,1.25E0));
#1132=LINE('',#1131,#1130);
#1133=CARTESIAN_POINT('',(2.E0,-4.521707376524E0,1.25E0));
#1134=CARTESIAN_POINT('',(2.E0,-4.560996308538E0,1.346237835974E0));
#1135=CARTESIAN_POINT('',(2.E0,-4.633216755364E0,1.530198307526E0));
#1136=CARTESIAN_POINT('',(2.E0,-4.721730417638E0,1.776170653375E0));
#1137=CARTESIAN_POINT('',(2.E0,-4.795745262915E0,2.004185513495E0));
#1138=CARTESIAN_POINT('',(2.E0,-4.857477663768E0,2.220341757537E0));
#1139=CARTESIAN_POINT('',(2.E0,-4.908213190361E0,2.429390204176E0));
#1140=CARTESIAN_POINT('',(2.E0,-4.948403586739E0,2.634983918165E0));
#1141=CARTESIAN_POINT('',(2.E0,-4.977844885016E0,2.839658460628E0));
#1142=CARTESIAN_POINT('',(2.E0,-4.995918318985E0,3.044503998075E0));
#1143=CARTESIAN_POINT('',(2.000000000001E0,-4.999999999998E0,3.181452254056E0));
#1144=CARTESIAN_POINT('',(2.000000000001E0,-5.000000000004E0,3.250000000001E0));
#1146=CARTESIAN_POINT('',(2.000000000001E0,-5.000000000004E0,3.250000000001E0));
#1147=CARTESIAN_POINT('',(2.000000000001E0,-4.999999999998E0,3.319787156496E0));
#1148=CARTESIAN_POINT('',(2.E0,-4.995770957461E0,3.459085928291E0));
#1149=CARTESIAN_POINT('',(2.E0,-4.977094410348E0,3.667203476157E0));
#1150=CARTESIAN_POINT('',(2.E0,-4.946813643689E0,3.874503011427E0));
#1151=CARTESIAN_POINT('',(2.E0,-4.905733511225E0,4.081910011879E0));
#1152=CARTESIAN_POINT('',(2.E0,-4.854242712346E0,4.291816348594E0));
#1153=CARTESIAN_POINT('',(2.E0,-4.792084896575E0,4.507685927088E0));
#1154=CARTESIAN_POINT('',(2.E0,-4.718193190808E0,4.734021116673E0));
#1155=CARTESIAN_POINT('',(2.E0,-4.630621349975E0,4.976531305223E0));
#1156=CARTESIAN_POINT('',(2.E0,-4.559971089844E0,5.156273426700E0));
#1157=CARTESIAN_POINT('',(2.E0,-4.521707376524E0,5.25E0));
#1159=CARTESIAN_POINT('',(0.E0,-5.E0,3.25E0));
#1160=DIRECTION('',(0.E0,-1.E0,0.E0));
#1161=DIRECTION('',(-1.E0,0.E0,0.E0));
#1162=AXIS2_PLACEMENT_3D('',#1159,#1160,#1161);
#1164=CARTESIAN_POINT('',(0.E0,-5.E0,3.25E0));
#1165=DIRECTION('',(0.E0,-1.E0,0.E0));
#1166=DIRECTION('',(1.148416917108E-10,0.E0,1.E0));
#1167=AXIS2_PLACEMENT_3D('',#1164,#1165,#1166);
#1169=CARTESIAN_POINT('',(0.E0,-5.E0,3.25E0));
#1170=DIRECTION('',(0.E0,-1.E0,0.E0));
#1171=DIRECTION('',(1.E0,0.E0,0.E0));
#1172=AXIS2_PLACEMENT_3D('',#1169,#1170,#1171);
#1174=CARTESIAN_POINT('',(0.E0,-5.E0,3.25E0));
#1175=DIRECTION('',(0.E0,-1.E0,0.E0));
#1176=DIRECTION('',(-1.148415806885E-10,0.E0,-1.E0));
#1177=AXIS2_PLACEMENT_3D('',#1174,#1175,#1176);
#1179=CARTESIAN_POINT('',(0.E0,-5.E0,3.25E0));
#1180=DIRECTION('',(0.E0,1.E0,0.E0));
#1181=DIRECTION('',(-1.E0,0.E0,0.E0));
#1182=AXIS2_PLACEMENT_3D('',#1179,#1180,#1181);
#1184=CARTESIAN_POINT('',(0.E0,-5.E0,3.25E0));
#1185=DIRECTION('',(0.E0,1.E0,0.E0));
#1186=DIRECTION('',(1.E0,0.E0,0.E0));
#1187=AXIS2_PLACEMENT_3D('',#1184,#1185,#1186);
#1189=DIRECTION('',(0.E0,-1.E0,0.E0));
#1190=VECTOR('',#1189,1.E0);
#1191=CARTESIAN_POINT('',(-1.25E0,-5.E0,3.25E0));
#1192=LINE('',#1191,#1190);
#1193=DIRECTION('',(0.E0,-1.E0,0.E0));
#1194=VECTOR('',#1193,1.E0);
#1195=CARTESIAN_POINT('',(1.25E0,-5.E0,3.25E0));
#1196=LINE('',#1195,#1194);
#1197=CARTESIAN_POINT('',(0.E0,-6.E0,3.25E0));
#1198=DIRECTION('',(0.E0,-1.E0,0.E0));
#1199=DIRECTION('',(-1.E0,0.E0,0.E0));
#1200=AXIS2_PLACEMENT_3D('',#1197,#1198,#1199);
#1202=CARTESIAN_POINT('',(0.E0,-6.E0,3.25E0));
#1203=DIRECTION('',(0.E0,1.E0,0.E0));
#1204=DIRECTION('',(-1.E0,0.E0,0.E0));
#1205=AXIS2_PLACEMENT_3D('',#1202,#1203,#1204);
#1207=CARTESIAN_POINT('',(0.E0,-6.E0,3.25E0));
#1208=DIRECTION('',(0.E0,1.E0,0.E0));
#1209=DIRECTION('',(-1.E0,0.E0,0.E0));
#1210=AXIS2_PLACEMENT_3D('',#1207,#1208,#1209);
#1212=DIRECTION('',(0.E0,1.E0,0.E0));
#1213=VECTOR('',#1212,6.E-1);
#1214=CARTESIAN_POINT('',(4.E-1,-7.E0,4.953672503740E0));
#1215=LINE('',#1214,#1213);
#1216=DIRECTION('',(0.E0,1.E0,0.E0));
#1217=VECTOR('',#1216,6.E-1);
#1218=CARTESIAN_POINT('',(4.E-1,-7.E0,1.546327496260E0));
#1219=LINE('',#1218,#1217);
#1220=CARTESIAN_POINT('',(0.E0,-7.2E0,3.25E0));
#1221=DIRECTION('',(0.E0,-1.E0,0.E0));
#1222=DIRECTION('',(2.580645161290E-1,0.E0,-9.661276859272E-1));
#1223=AXIS2_PLACEMENT_3D('',#1220,#1221,#1222);
#1225=CARTESIAN_POINT('',(4.E-1,-7.E0,4.953672503740E0));
#1226=CARTESIAN_POINT('',(4.E-1,-7.011561275526E0,4.953672503740E0));
#1227=CARTESIAN_POINT('',(4.E-1,-7.034314181822E0,4.951646893209E0));
#1228=CARTESIAN_POINT('',(4.E-1,-7.067775137954E0,4.942602930781E0));
#1229=CARTESIAN_POINT('',(4.E-1,-7.099246314097E0,4.927763774167E0));
#1230=CARTESIAN_POINT('',(4.E-1,-7.127909366830E0,4.907480495218E0));
#1231=CARTESIAN_POINT('',(4.E-1,-7.152859173314E0,4.882257315620E0));
#1232=CARTESIAN_POINT('',(4.E-1,-7.173290667310E0,4.852745409702E0));
#1233=CARTESIAN_POINT('',(4.E-1,-7.188488685513E0,4.819798235711E0));
#1234=CARTESIAN_POINT('',(4.E-1,-7.197876633706E0,4.784271785802E0));
#1235=CARTESIAN_POINT('',(4.E-1,-7.2E0,4.759925037907E0));
#1236=CARTESIAN_POINT('',(4.E-1,-7.2E0,4.747497913187E0));
#1238=CARTESIAN_POINT('',(0.E0,-7.E0,3.25E0));
#1239=DIRECTION('',(0.E0,-1.E0,0.E0));
#1240=DIRECTION('',(1.E0,0.E0,0.E0));
#1241=AXIS2_PLACEMENT_3D('',#1238,#1239,#1240);
#1243=CARTESIAN_POINT('',(0.E0,-7.E0,3.25E0));
#1244=DIRECTION('',(0.E0,-1.E0,0.E0));
#1245=DIRECTION('',(2.285714285714E-1,0.E0,-9.735271449943E-1));
#1246=AXIS2_PLACEMENT_3D('',#1243,#1244,#1245);
#1248=CARTESIAN_POINT('',(4.E-1,-7.2E0,1.752502086813E0));
#1249=CARTESIAN_POINT('',(4.E-1,-7.2E0,1.740074940973E0));
#1250=CARTESIAN_POINT('',(4.E-1,-7.197876626941E0,1.715728152095E0));
#1251=CARTESIAN_POINT('',(4.E-1,-7.188488643003E0,1.680201632956E0));
#1252=CARTESIAN_POINT('',(4.E-1,-7.173290570594E0,1.647254416607E0));
#1253=CARTESIAN_POINT('',(4.E-1,-7.152859040646E0,1.617742524977E0));
#1254=CARTESIAN_POINT('',(4.E-1,-7.127909217624E0,1.592519379519E0));
#1255=CARTESIAN_POINT('',(4.E-1,-7.099246164624E0,1.572236140169E0));
#1256=CARTESIAN_POINT('',(4.E-1,-7.067775009822E0,1.557397026062E0));
#1257=CARTESIAN_POINT('',(4.E-1,-7.034314127914E0,1.548353101578E0));
#1258=CARTESIAN_POINT('',(4.E-1,-7.011561257149E0,1.546327496260E0));
#1259=CARTESIAN_POINT('',(4.E-1,-7.E0,1.546327496260E0));
#1261=DIRECTION('',(0.E0,0.E0,-1.E0));
#1262=VECTOR('',#1261,2.994995826374E0);
#1263=CARTESIAN_POINT('',(4.E-1,-7.2E0,4.747497913187E0));
#1264=LINE('',#1263,#1262);
#1265=DIRECTION('',(0.E0,-1.E0,-7.275069435764E-12));
#1266=VECTOR('',#1265,1.E0);
#1267=CARTESIAN_POINT('',(1.75E0,-6.E0,3.25E0));
#1268=LINE('',#1267,#1266);
#1269=CARTESIAN_POINT('',(0.E0,-6.E0,3.25E0));
#1270=DIRECTION('',(0.E0,-1.E0,0.E0));
#1271=DIRECTION('',(-1.E0,0.E0,0.E0));
#1272=AXIS2_PLACEMENT_3D('',#1269,#1270,#1271);
#1274=DIRECTION('',(0.E0,-1.E0,7.274625346554E-12));
#1275=VECTOR('',#1274,1.E0);
#1276=CARTESIAN_POINT('',(-1.75E0,-6.E0,3.25E0));
#1277=LINE('',#1276,#1275);
#1278=CARTESIAN_POINT('',(0.E0,-7.E0,3.25E0));
#1279=DIRECTION('',(0.E0,-1.E0,0.E0));
#1280=DIRECTION('',(-1.E0,0.E0,0.E0));
#1281=AXIS2_PLACEMENT_3D('',#1278,#1279,#1280);
#1283=CARTESIAN_POINT('',(0.E0,-7.E0,3.25E0));
#1284=DIRECTION('',(0.E0,-1.E0,0.E0));
#1285=DIRECTION('',(-2.285714285714E-1,0.E0,9.735271449943E-1));
#1286=AXIS2_PLACEMENT_3D('',#1283,#1284,#1285);
#1288=CARTESIAN_POINT('',(-4.E-1,-7.2E0,4.747497913187E0));
#1289=CARTESIAN_POINT('',(-4.E-1,-7.2E0,4.759925059027E0));
#1290=CARTESIAN_POINT('',(-4.E-1,-7.197876626941E0,4.784271847905E0));
#1291=CARTESIAN_POINT('',(-4.E-1,-7.188488643003E0,4.819798367044E0));
#1292=CARTESIAN_POINT('',(-4.E-1,-7.173290570594E0,4.852745583393E0));
#1293=CARTESIAN_POINT('',(-4.E-1,-7.152859040646E0,4.882257475023E0));
#1294=CARTESIAN_POINT('',(-4.E-1,-7.127909217624E0,4.907480620481E0));
#1295=CARTESIAN_POINT('',(-4.E-1,-7.099246164624E0,4.927763859831E0));
#1296=CARTESIAN_POINT('',(-4.E-1,-7.067775009822E0,4.942602973938E0));
#1297=CARTESIAN_POINT('',(-4.E-1,-7.034314127914E0,4.951646898422E0));
#1298=CARTESIAN_POINT('',(-4.E-1,-7.011561257149E0,4.953672503740E0));
#1299=CARTESIAN_POINT('',(-4.E-1,-7.E0,4.953672503740E0));
#1301=CARTESIAN_POINT('',(0.E0,-7.2E0,3.25E0));
#1302=DIRECTION('',(0.E0,-1.E0,0.E0));
#1303=DIRECTION('',(-2.580645161290E-1,0.E0,9.661276859272E-1));
#1304=AXIS2_PLACEMENT_3D('',#1301,#1302,#1303);
#1306=CARTESIAN_POINT('',(-4.E-1,-7.E0,1.546327496260E0));
#1307=CARTESIAN_POINT('',(-4.E-1,-7.011561275526E0,1.546327496260E0));
#1308=CARTESIAN_POINT('',(-4.E-1,-7.034314181822E0,1.548353106791E0));
#1309=CARTESIAN_POINT('',(-4.E-1,-7.067775137954E0,1.557397069219E0));
#1310=CARTESIAN_POINT('',(-4.E-1,-7.099246314097E0,1.572236225833E0));
#1311=CARTESIAN_POINT('',(-4.E-1,-7.127909366830E0,1.592519504782E0));
#1312=CARTESIAN_POINT('',(-4.E-1,-7.152859173314E0,1.617742684380E0));
#1313=CARTESIAN_POINT('',(-4.E-1,-7.173290667310E0,1.647254590298E0));
#1314=CARTESIAN_POINT('',(-4.E-1,-7.188488685513E0,1.680201764289E0));
#1315=CARTESIAN_POINT('',(-4.E-1,-7.197876633706E0,1.715728214198E0));
#1316=CARTESIAN_POINT('',(-4.E-1,-7.2E0,1.740074962093E0));
#1317=CARTESIAN_POINT('',(-4.E-1,-7.2E0,1.752502086813E0));
#1319=DIRECTION('',(0.E0,1.E0,0.E0));
#1320=VECTOR('',#1319,6.E-1);
#1321=CARTESIAN_POINT('',(-4.E-1,-7.E0,4.953672503740E0));
#1322=LINE('',#1321,#1320);
#1323=DIRECTION('',(0.E0,0.E0,-1.E0));
#1324=VECTOR('',#1323,3.407345007480E0);
#1325=CARTESIAN_POINT('',(-4.E-1,-6.4E0,4.953672503740E0));
#1326=LINE('',#1325,#1324);
#1327=DIRECTION('',(0.E0,1.E0,0.E0));
#1328=VECTOR('',#1327,6.E-1);
#1329=CARTESIAN_POINT('',(-4.E-1,-7.E0,1.546327496260E0));
#1330=LINE('',#1329,#1328);
#1331=CARTESIAN_POINT('',(0.E0,-6.4E0,3.25E0));
#1332=DIRECTION('',(0.E0,1.E0,0.E0));
#1333=DIRECTION('',(-2.285714285714E-1,0.E0,9.735271449943E-1));
#1334=AXIS2_PLACEMENT_3D('',#1331,#1332,#1333);
#1336=DIRECTION('',(0.E0,0.E0,-1.E0));
#1337=VECTOR('',#1336,3.407345007480E0);
#1338=CARTESIAN_POINT('',(4.E-1,-6.4E0,4.953672503740E0));
#1339=LINE('',#1338,#1337);
#1340=CARTESIAN_POINT('',(0.E0,-6.4E0,3.25E0));
#1341=DIRECTION('',(0.E0,1.E0,0.E0));
#1342=DIRECTION('',(2.285714285714E-1,0.E0,-9.735271449943E-1));
#1343=AXIS2_PLACEMENT_3D('',#1340,#1341,#1342);
#1345=DIRECTION('',(0.E0,0.E0,-1.E0));
#1346=VECTOR('',#1345,2.994995826374E0);
#1347=CARTESIAN_POINT('',(-4.E-1,-7.2E0,4.747497913187E0));
#1348=LINE('',#1347,#1346);
#1349=CARTESIAN_POINT('',(0.E0,-2.E0,5.222819254623E0));
#1350=DIRECTION('',(0.E0,0.E0,-1.E0));
#1351=DIRECTION('',(1.E0,0.E0,0.E0));
#1352=AXIS2_PLACEMENT_3D('',#1349,#1350,#1351);
#1354=DIRECTION('',(0.E0,0.E0,-1.E0));
#1355=VECTOR('',#1354,3.972819254623E0);
#1356=CARTESIAN_POINT('',(1.3E0,-2.E0,5.222819254623E0));
#1357=LINE('',#1356,#1355);
#1358=CARTESIAN_POINT('',(-1.25E0,-2.357071421427E0,3.25E0));
#1359=CARTESIAN_POINT('',(-1.25E0,-2.357071421427E0,3.269152887823E0));
#1360=CARTESIAN_POINT('',(-1.249134487439E0,-2.360126774834E0,
3.307648330802E0));
#1361=CARTESIAN_POINT('',(-1.244967938476E0,-2.374399649929E0,
3.367144066621E0));
#1362=CARTESIAN_POINT('',(-1.238155607710E0,-2.396491544922E0,
3.424841676354E0));
#1363=CARTESIAN_POINT('',(-1.228923696672E0,-2.424354033949E0,
3.480813832705E0));
#1364=CARTESIAN_POINT('',(-1.217608421274E0,-2.455914848177E0,
3.534507393538E0));
#1365=CARTESIAN_POINT('',(-1.203497277484E0,-2.492116830438E0,
3.589463891569E0));
#1366=CARTESIAN_POINT('',(-1.185539988349E0,-2.534152268563E0,
3.647962020121E0));
#1367=CARTESIAN_POINT('',(-1.162158693647E0,-2.583586779810E0,
3.712211118082E0));
#1368=CARTESIAN_POINT('',(-1.132065236834E0,-2.640275364951E0,
3.781952271019E0));
#1369=CARTESIAN_POINT('',(-1.095532087957E0,-2.701200361541E0,
3.853858181951E0));
#1370=CARTESIAN_POINT('',(-1.050620032258E0,-2.767193612612E0,
3.929352119109E0));
#1371=CARTESIAN_POINT('',(-9.948937681569E-1,-2.838640409761E0,
4.009092916716E0));
#1372=CARTESIAN_POINT('',(-9.251965548190E-1,-2.915437436691E0,
4.093147804620E0));
#1373=CARTESIAN_POINT('',(-8.378799332080E-1,-2.996855936264E0,
4.180895701672E0));
#1374=CARTESIAN_POINT('',(-7.279989027416E-1,-3.079849396500E0,
4.269218355794E0));
#1375=CARTESIAN_POINT('',(-6.191914880565E-1,-3.145267449450E0,
4.338233931900E0));
#1376=CARTESIAN_POINT('',(-5.085781107715E-1,-3.198460079280E0,
4.394062918732E0));
#1377=CARTESIAN_POINT('',(-3.957712752653E-1,-3.240162441158E0,
4.437661554142E0));
#1378=CARTESIAN_POINT('',(-2.840291429895E-1,-3.270296985385E0,
4.469086323895E0));
#1379=CARTESIAN_POINT('',(-1.724252515269E-1,-3.290174882412E0,
4.489780993680E0));
#1380=CARTESIAN_POINT('',(-5.959105927872E-2,-3.300254824840E0,
4.500265135841E0));
#1381=CARTESIAN_POINT('',(5.234389011808E-2,-3.300565359748E0,
4.500588016314E0));
#1382=CARTESIAN_POINT('',(1.651777946408E-1,-3.291122087555E0,
4.490766463992E0));
#1383=CARTESIAN_POINT('',(2.768676873383E-1,-3.271874164654E0,
4.470729285526E0));
#1384=CARTESIAN_POINT('',(3.885826771805E-1,-3.242425200022E0,
4.440023445037E0));
#1385=CARTESIAN_POINT('',(5.014120780169E-1,-3.201470673721E0,
4.397215119986E0));
#1386=CARTESIAN_POINT('',(6.122084932104E-1,-3.149005606557E0,
4.342165604627E0));
#1387=CARTESIAN_POINT('',(7.210580180121E-1,-3.084478015502E0,
4.274116837184E0));
#1388=CARTESIAN_POINT('',(8.315136978593E-1,-3.002212619567E0,
4.186627195918E0));
#1389=CARTESIAN_POINT('',(9.205206175406E-1,-2.920207748328E0,
4.098326072746E0));
#1390=CARTESIAN_POINT('',(9.914045429591E-1,-2.842801767882E0,
4.013688755331E0));
#1391=CARTESIAN_POINT('',(1.048037023625E0,-2.770754420734E0,3.933372592646E0));
#1392=CARTESIAN_POINT('',(1.093642085470E0,-2.704172602137E0,3.857309442769E0));
#1393=CARTESIAN_POINT('',(1.130705187253E0,-2.642699470751E0,3.784871068597E0));
#1394=CARTESIAN_POINT('',(1.161260335726E0,-2.585401080916E0,3.714509542894E0));
#1395=CARTESIAN_POINT('',(1.185084640735E0,-2.535188983008E0,3.649371084281E0));
#1396=CARTESIAN_POINT('',(1.203358618099E0,-2.492472926168E0,3.590000850403E0));
#1397=CARTESIAN_POINT('',(1.217638609753E0,-2.455842769358E0,3.534413105430E0));
#1398=CARTESIAN_POINT('',(1.229013184590E0,-2.424095468045E0,3.480347989087E0));
#1399=CARTESIAN_POINT('',(1.238211449466E0,-2.396313987368E0,3.424430114934E0));
#1400=CARTESIAN_POINT('',(1.244987261898E0,-2.374333725852E0,3.366897992136E0));
#1401=CARTESIAN_POINT('',(1.249131503497E0,-2.360136852902E0,3.307656541617E0));
#1402=CARTESIAN_POINT('',(1.25E0,-2.357071421427E0,3.269170168960E0));
#1403=CARTESIAN_POINT('',(1.25E0,-2.357071421427E0,3.25E0));
#1405=CARTESIAN_POINT('',(1.25E0,-2.357071421427E0,3.25E0));
#1406=CARTESIAN_POINT('',(1.25E0,-2.357071421427E0,3.230838527144E0));
#1407=CARTESIAN_POINT('',(1.249133505178E0,-2.360130157672E0,3.192344354303E0));
#1408=CARTESIAN_POINT('',(1.244972566856E0,-2.374383700748E0,3.132920069424E0));
#1409=CARTESIAN_POINT('',(1.238176714007E0,-2.396423966768E0,3.075320750689E0));
#1410=CARTESIAN_POINT('',(1.228976207499E0,-2.424199389791E0,3.019476638569E0));
#1411=CARTESIAN_POINT('',(1.217702625478E0,-2.455660220754E0,2.965904070370E0));
#1412=CARTESIAN_POINT('',(1.203643917079E0,-2.491754455163E0,2.911063862045E0));
#1413=CARTESIAN_POINT('',(1.185755028202E0,-2.533670206441E0,2.852686839094E0));
#1414=CARTESIAN_POINT('',(1.162465552E0,-2.582969116769E0,2.788570278981E0));
#1415=CARTESIAN_POINT('',(1.132495747081E0,-2.639507028241E0,2.718973384425E0));
#1416=CARTESIAN_POINT('',(1.096099282043E0,-2.700307036196E0,2.647179480651E0));
#1417=CARTESIAN_POINT('',(1.051351946925E0,-2.766182933606E0,2.571789399291E0));
#1418=CARTESIAN_POINT('',(9.958163382868E-1,-2.837538539394E0,
2.492124178702E0));
#1419=CARTESIAN_POINT('',(9.263193303914E-1,-2.914292540144E0,
2.408094999439E0));
#1420=CARTESIAN_POINT('',(8.392592984505E-1,-2.995691021126E0,
2.320351008859E0));
#1421=CARTESIAN_POINT('',(7.294604260411E-1,-3.078867255676E0,
2.231821352222E0));
#1422=CARTESIAN_POINT('',(6.206543913914E-1,-3.144477624924E0,
2.162596943848E0));
#1423=CARTESIAN_POINT('',(5.100778493486E-1,-3.197823319501E0,
2.106603891839E0));
#1424=CARTESIAN_POINT('',(3.972858725446E-1,-3.239680077740E0,
2.062841989761E0));
#1425=CARTESIAN_POINT('',(2.855201562438E-1,-3.269963489199E0,2.031261102E0));
#1426=CARTESIAN_POINT('',(1.739449465100E-1,-3.289970804528E0,
2.010431337461E0));
#1427=CARTESIAN_POINT('',(6.110462256957E-2,-3.300185163463E0,
1.999807295251E0));
#1428=CARTESIAN_POINT('',(-5.083236408931E-2,-3.300624814085E0,
1.999350166991E0));
#1429=CARTESIAN_POINT('',(-1.636597452709E-1,-3.291315491943E0,
2.009032324578E0));
#1430=CARTESIAN_POINT('',(-2.753813709873E-1,-3.272196181592E0,
2.028935288785E0));
#1431=CARTESIAN_POINT('',(-3.870764674139E-1,-3.242893372521E0,
2.059487918758E0));
#1432=CARTESIAN_POINT('',(-4.999197801762E-1,-3.202091622548E0,
2.102134813470E0));
#1433=CARTESIAN_POINT('',(-6.107550308475E-1,-3.149776874397E0,
2.157023366515E0));
#1434=CARTESIAN_POINT('',(-7.196093930623E-1,-3.085435228353E0,
2.224870449269E0));
#1435=CARTESIAN_POINT('',(-8.301364889554E-1,-3.003356821801E0,
2.312149454312E0));
#1436=CARTESIAN_POINT('',(-9.193898145846E-1,-2.921346099724E0,
2.400439682023E0));
#1437=CARTESIAN_POINT('',(-9.904765853669E-1,-2.843898384444E0,
2.485101619570E0));
#1438=CARTESIAN_POINT('',(-1.047298370516E0,-2.771765023411E0,
2.565487881058E0));
#1439=CARTESIAN_POINT('',(-1.093068586975E0,-2.705068891709E0,
2.641651467453E0));
#1440=CARTESIAN_POINT('',(-1.130269059493E0,-2.643472682585E0,
2.714199544380E0));
#1441=CARTESIAN_POINT('',(-1.160948389803E0,-2.586025750683E0,
2.784702218821E0));
#1442=CARTESIAN_POINT('',(-1.184866576960E0,-2.535676285479E0,
2.849974517517E0));
#1443=CARTESIAN_POINT('',(-1.203210234096E0,-2.492839039770E0,
2.909466871410E0));
#1444=CARTESIAN_POINT('',(-1.217543212597E0,-2.456100519347E0,
2.965170707733E0));
#1445=CARTESIAN_POINT('',(-1.228959665260E0,-2.424253067635E0,
3.019356110221E0));
#1446=CARTESIAN_POINT('',(-1.238189063683E0,-2.396385575684E0,
3.075398369468E0));
#1447=CARTESIAN_POINT('',(-1.244981805183E0,-2.374352464573E0,
3.133028949952E0));
#1448=CARTESIAN_POINT('',(-1.249132150193E0,-2.360134648316E0,
3.192342405515E0));
#1449=CARTESIAN_POINT('',(-1.25E0,-2.357071421427E0,3.230835093965E0));
#1450=CARTESIAN_POINT('',(-1.25E0,-2.357071421427E0,3.25E0));
#1452=CARTESIAN_POINT('',(0.E0,-2.E0,5.222819254623E0));
#1453=DIRECTION('',(0.E0,0.E0,-1.E0));
#1454=DIRECTION('',(-1.E0,0.E0,0.E0));
#1455=AXIS2_PLACEMENT_3D('',#1452,#1453,#1454);
#1457=DIRECTION('',(0.E0,0.E0,-1.E0));
#1458=VECTOR('',#1457,3.972819254623E0);
#1459=CARTESIAN_POINT('',(-1.3E0,-2.E0,5.222819254623E0));
#1460=LINE('',#1459,#1458);
#1461=DIRECTION('',(0.E0,-1.E0,0.E0));
#1462=VECTOR('',#1461,6.320714214271E-1);
#1463=CARTESIAN_POINT('',(1.25E0,-1.725E0,3.25E0));
#1464=LINE('',#1463,#1462);
#1465=DIRECTION('',(0.E0,-1.E0,0.E0));
#1466=VECTOR('',#1465,6.320714214271E-1);
#1467=CARTESIAN_POINT('',(-1.25E0,-1.725E0,3.25E0));
#1468=LINE('',#1467,#1466);
#1469=CARTESIAN_POINT('',(0.E0,-1.725E0,3.25E0));
#1470=DIRECTION('',(0.E0,-1.E0,0.E0));
#1471=DIRECTION('',(-1.E0,0.E0,0.E0));
#1472=AXIS2_PLACEMENT_3D('',#1469,#1470,#1471);
#1474=DIRECTION('',(-7.071067811865E-1,7.071067811865E-1,1.116510192842E-14));
#1475=VECTOR('',#1474,3.181980515339E-1);
#1476=CARTESIAN_POINT('',(1.25E0,-1.725E0,3.25E0));
#1477=LINE('',#1476,#1475);
#1478=CARTESIAN_POINT('',(0.E0,-1.5E0,3.25E0));
#1479=DIRECTION('',(0.E0,-1.E0,0.E0));
#1480=DIRECTION('',(-1.E0,0.E0,0.E0));
#1481=AXIS2_PLACEMENT_3D('',#1478,#1479,#1480);
#1483=DIRECTION('',(7.071067811865E-1,7.071067811865E-1,0.E0));
#1484=VECTOR('',#1483,3.181980515339E-1);
#1485=CARTESIAN_POINT('',(-1.25E0,-1.725E0,3.25E0));
#1486=LINE('',#1485,#1484);
#1487=CARTESIAN_POINT('',(0.E0,-1.725E0,3.25E0));
#1488=DIRECTION('',(0.E0,1.E0,0.E0));
#1489=DIRECTION('',(-1.E0,0.E0,0.E0));
#1490=AXIS2_PLACEMENT_3D('',#1487,#1488,#1489);
#1492=CARTESIAN_POINT('',(0.E0,-1.5E0,3.25E0));
#1493=DIRECTION('',(0.E0,1.E0,0.E0));
#1494=DIRECTION('',(-1.E0,0.E0,0.E0));
#1495=AXIS2_PLACEMENT_3D('',#1492,#1493,#1494);
#1497=CARTESIAN_POINT('',(-6.1E0,0.E0,0.E0));
#1498=CARTESIAN_POINT('',(-6.053717865907E0,0.E0,-7.5E-1));
#1499=VERTEX_POINT('',#1497);
#1500=VERTEX_POINT('',#1498);
#1501=CARTESIAN_POINT('',(6.053717865907E0,0.E0,-7.5E-1));
#1502=CARTESIAN_POINT('',(6.1E0,0.E0,0.E0));
#1503=VERTEX_POINT('',#1501);
#1504=VERTEX_POINT('',#1502);
#1505=CARTESIAN_POINT('',(6.053717865907E0,0.E0,7.5E-1));
#1506=CARTESIAN_POINT('',(-6.053717865907E0,0.E0,7.5E-1));
#1507=VERTEX_POINT('',#1505);
#1508=VERTEX_POINT('',#1506);
#1509=CARTESIAN_POINT('',(6.053717865907E0,-2.321372822087E0,-7.5E-1));
#1510=CARTESIAN_POINT('',(-6.053717865907E0,-2.321372822087E0,-7.5E-1));
#1511=VERTEX_POINT('',#1509);
#1512=VERTEX_POINT('',#1510);
#1513=VERTEX_POINT('',#419);
#1514=CARTESIAN_POINT('',(6.094874896173E0,-2.927956861638E0,-2.5E-1));
#1515=VERTEX_POINT('',#1514);
#1516=CARTESIAN_POINT('',(-6.053717865907E0,-2.321372822087E0,7.5E-1));
#1517=CARTESIAN_POINT('',(6.053717865907E0,-2.321372822087E0,7.5E-1));
#1518=VERTEX_POINT('',#1516);
#1519=VERTEX_POINT('',#1517);
#1520=VERTEX_POINT('',#459);
#1521=CARTESIAN_POINT('',(-6.094874896173E0,-2.927956861638E0,2.5E-1));
#1522=VERTEX_POINT('',#1521);
#1523=CARTESIAN_POINT('',(-2.1E0,-2.2E0,-1.15E0));
#1524=CARTESIAN_POINT('',(2.1E0,-2.2E0,-1.15E0));
#1525=VERTEX_POINT('',#1523);
#1526=VERTEX_POINT('',#1524);
#1527=CARTESIAN_POINT('',(-2.1E0,0.E0,-7.5E-1));
#1528=CARTESIAN_POINT('',(-2.1E0,-2.6E0,-7.5E-1));
#1529=VERTEX_POINT('',#1527);
#1530=VERTEX_POINT('',#1528);
#1531=CARTESIAN_POINT('',(2.1E0,0.E0,-7.5E-1));
#1532=CARTESIAN_POINT('',(2.1E0,-2.6E0,-7.5E-1));
#1533=VERTEX_POINT('',#1531);
#1534=VERTEX_POINT('',#1532);
#1535=CARTESIAN_POINT('',(-2.1E0,-2.2E0,1.15E0));
#1536=CARTESIAN_POINT('',(2.1E0,-2.2E0,1.15E0));
#1537=VERTEX_POINT('',#1535);
#1538=VERTEX_POINT('',#1536);
#1539=CARTESIAN_POINT('',(2.1E0,1.E0,-1.15E0));
#1540=CARTESIAN_POINT('',(-2.1E0,1.E0,-1.15E0));
#1541=VERTEX_POINT('',#1539);
#1542=VERTEX_POINT('',#1540);
#1543=CARTESIAN_POINT('',(-2.1E0,1.E0,-5.35E0));
#1544=VERTEX_POINT('',#1543);
#1545=CARTESIAN_POINT('',(2.1E0,1.E0,-5.35E0));
#1546=VERTEX_POINT('',#1545);
#1547=CARTESIAN_POINT('',(2.1E0,1.E0,1.15E0));
#1548=CARTESIAN_POINT('',(2.1E0,1.E0,5.35E0));
#1549=VERTEX_POINT('',#1547);
#1550=VERTEX_POINT('',#1548);
#1551=CARTESIAN_POINT('',(-2.1E0,1.E0,5.35E0));
#1552=VERTEX_POINT('',#1551);
#1553=CARTESIAN_POINT('',(-2.1E0,1.E0,1.15E0));
#1554=VERTEX_POINT('',#1553);
#1555=CARTESIAN_POINT('',(-2.1E0,0.E0,-1.15E0));
#1556=CARTESIAN_POINT('',(-2.1E0,0.E0,-5.35E0));
#1557=VERTEX_POINT('',#1555);
#1558=VERTEX_POINT('',#1556);
#1559=CARTESIAN_POINT('',(2.1E0,0.E0,-5.35E0));
#1560=VERTEX_POINT('',#1559);
#1561=CARTESIAN_POINT('',(2.1E0,0.E0,-1.15E0));
#1562=VERTEX_POINT('',#1561);
#1563=CARTESIAN_POINT('',(2.1E0,0.E0,1.15E0));
#1564=CARTESIAN_POINT('',(2.1E0,0.E0,5.35E0));
#1565=VERTEX_POINT('',#1563);
#1566=VERTEX_POINT('',#1564);
#1567=CARTESIAN_POINT('',(-2.1E0,0.E0,5.35E0));
#1568=VERTEX_POINT('',#1567);
#1569=CARTESIAN_POINT('',(-2.1E0,0.E0,1.15E0));
#1570=VERTEX_POINT('',#1569);
#1571=CARTESIAN_POINT('',(-2.1E0,0.E0,7.5E-1));
#1572=VERTEX_POINT('',#1571);
#1573=CARTESIAN_POINT('',(2.1E0,0.E0,7.5E-1));
#1574=VERTEX_POINT('',#1573);
#1575=CARTESIAN_POINT('',(-2.1E0,-2.6E0,7.5E-1));
#1576=VERTEX_POINT('',#1575);
#1577=CARTESIAN_POINT('',(2.1E0,-2.6E0,7.5E-1));
#1578=VERTEX_POINT('',#1577);
#1579=CARTESIAN_POINT('',(-2.E0,-5.E0,-3.25E0));
#1580=CARTESIAN_POINT('',(-2.296830617951E-10,-5.E0,-5.25E0));
#1581=VERTEX_POINT('',#1579);
#1582=VERTEX_POINT('',#1580);
#1583=CARTESIAN_POINT('',(2.E0,-5.E0,-3.25E0));
#1584=VERTEX_POINT('',#1583);
#1585=CARTESIAN_POINT('',(2.296835058843E-10,-5.E0,-1.25E0));
#1586=VERTEX_POINT('',#1585);
#1587=VERTEX_POINT('',#525);
#1588=VERTEX_POINT('',#549);
#1589=VERTEX_POINT('',#649);
#1590=VERTEX_POINT('',#609);
#1591=CARTESIAN_POINT('',(1.3E0,-2.E0,-1.25E0));
#1592=CARTESIAN_POINT('',(-1.3E0,-2.E0,-1.25E0));
#1593=VERTEX_POINT('',#1591);
#1594=VERTEX_POINT('',#1592);
#1595=CARTESIAN_POINT('',(-2.E0,1.E0,-5.25E0));
#1596=CARTESIAN_POINT('',(2.E0,1.E0,-5.25E0));
#1597=VERTEX_POINT('',#1595);
#1598=VERTEX_POINT('',#1596);
#1599=CARTESIAN_POINT('',(2.E0,1.E0,-1.25E0));
#1600=VERTEX_POINT('',#1599);
#1601=CARTESIAN_POINT('',(-2.E0,1.E0,-1.25E0));
#1602=VERTEX_POINT('',#1601);
#1603=CARTESIAN_POINT('',(-2.E0,-5.E0,3.25E0));
#1604=CARTESIAN_POINT('',(-2.296828397505E-10,-5.E0,1.25E0));
#1605=VERTEX_POINT('',#1603);
#1606=VERTEX_POINT('',#1604);
#1607=CARTESIAN_POINT('',(2.E0,-5.E0,3.25E0));
#1608=VERTEX_POINT('',#1607);
#1609=CARTESIAN_POINT('',(2.296837279289E-10,-5.E0,5.25E0));
#1610=VERTEX_POINT('',#1609);
#1611=VERTEX_POINT('',#1033);
#1612=VERTEX_POINT('',#1057);
#1613=VERTEX_POINT('',#1157);
#1614=VERTEX_POINT('',#1127);
#1615=CARTESIAN_POINT('',(1.3E0,-2.E0,1.25E0));
#1616=CARTESIAN_POINT('',(-1.3E0,-2.E0,1.25E0));
#1617=VERTEX_POINT('',#1615);
#1618=VERTEX_POINT('',#1616);
#1619=CARTESIAN_POINT('',(-2.E0,1.E0,1.25E0));
#1620=CARTESIAN_POINT('',(2.E0,1.E0,1.25E0));
#1621=VERTEX_POINT('',#1619);
#1622=VERTEX_POINT('',#1620);
#1623=CARTESIAN_POINT('',(2.E0,1.E0,5.25E0));
#1624=VERTEX_POINT('',#1623);
#1625=CARTESIAN_POINT('',(-2.E0,1.E0,5.25E0));
#1626=VERTEX_POINT('',#1625);
#1627=CARTESIAN_POINT('',(8.E0,4.011880215352E0,0.E0));
#1628=CARTESIAN_POINT('',(8.E0,1.355E1,0.E0));
#1629=VERTEX_POINT('',#1627);
#1630=VERTEX_POINT('',#1628);
#1631=CARTESIAN_POINT('',(9.E0,1.355E1,0.E0));
#1632=CARTESIAN_POINT('',(9.E0,1.385E1,0.E0));
#1633=VERTEX_POINT('',#1631);
#1634=VERTEX_POINT('',#1632);
#1635=CARTESIAN_POINT('',(6.5E0,1.505E1,0.E0));
#1636=VERTEX_POINT('',#1635);
#1637=CARTESIAN_POINT('',(-8.E0,4.011880215352E0,0.E0));
#1638=CARTESIAN_POINT('',(-8.E0,1.355E1,0.E0));
#1639=VERTEX_POINT('',#1637);
#1640=VERTEX_POINT('',#1638);
#1641=CARTESIAN_POINT('',(-9.E0,1.355E1,0.E0));
#1642=CARTESIAN_POINT('',(-9.E0,1.385E1,0.E0));
#1643=VERTEX_POINT('',#1641);
#1644=VERTEX_POINT('',#1642);
#1645=CARTESIAN_POINT('',(-6.5E0,1.505E1,0.E0));
#1646=VERTEX_POINT('',#1645);
#1647=CARTESIAN_POINT('',(7.2E0,1.55E0,0.E0));
#1648=CARTESIAN_POINT('',(-7.2E0,1.55E0,0.E0));
#1649=VERTEX_POINT('',#1647);
#1650=VERTEX_POINT('',#1648);
#1651=CARTESIAN_POINT('',(7.35E0,3.636602540378E0,0.E0));
#1652=CARTESIAN_POINT('',(-7.35E0,3.636602540378E0,0.E0));
#1653=VERTEX_POINT('',#1651);
#1654=VERTEX_POINT('',#1652);
#1655=CARTESIAN_POINT('',(7.2E0,3.376794919243E0,0.E0));
#1656=CARTESIAN_POINT('',(-7.2E0,3.376794919243E0,0.E0));
#1657=VERTEX_POINT('',#1655);
#1658=VERTEX_POINT('',#1656);
#1659=CARTESIAN_POINT('',(-1.25E0,-6.E0,3.25E0));
#1660=CARTESIAN_POINT('',(1.25E0,-6.E0,3.25E0));
#1661=VERTEX_POINT('',#1659);
#1662=VERTEX_POINT('',#1660);
#1663=CARTESIAN_POINT('',(-1.75E0,-6.E0,3.25E0));
#1664=CARTESIAN_POINT('',(1.75E0,-6.E0,3.25E0));
#1665=VERTEX_POINT('',#1663);
#1666=VERTEX_POINT('',#1664);
#1667=CARTESIAN_POINT('',(-1.75E0,-7.E0,3.250000000007E0));
#1668=VERTEX_POINT('',#1667);
#1669=CARTESIAN_POINT('',(1.75E0,-7.E0,3.249999999993E0));
#1670=VERTEX_POINT('',#1669);
#1671=CARTESIAN_POINT('',(4.E-1,-7.E0,4.953672503740E0));
#1672=CARTESIAN_POINT('',(4.E-1,-6.4E0,4.953672503740E0));
#1673=VERTEX_POINT('',#1671);
#1674=VERTEX_POINT('',#1672);
#1675=CARTESIAN_POINT('',(-4.E-1,-6.4E0,4.953672503740E0));
#1676=VERTEX_POINT('',#1675);
#1677=CARTESIAN_POINT('',(-4.E-1,-7.E0,4.953672503740E0));
#1678=VERTEX_POINT('',#1677);
#1679=CARTESIAN_POINT('',(4.E-1,-7.2E0,4.747497913187E0));
#1680=CARTESIAN_POINT('',(4.E-1,-7.2E0,1.752502086813E0));
#1681=VERTEX_POINT('',#1679);
#1682=VERTEX_POINT('',#1680);
#1683=CARTESIAN_POINT('',(-4.E-1,-7.2E0,4.747497913187E0));
#1684=CARTESIAN_POINT('',(-4.E-1,-7.2E0,1.752502086813E0));
#1685=VERTEX_POINT('',#1683);
#1686=VERTEX_POINT('',#1684);
#1687=CARTESIAN_POINT('',(4.E-1,-7.E0,1.546327496260E0));
#1688=CARTESIAN_POINT('',(4.E-1,-6.4E0,1.546327496260E0));
#1689=VERTEX_POINT('',#1687);
#1690=VERTEX_POINT('',#1688);
#1691=CARTESIAN_POINT('',(-4.E-1,-6.4E0,1.546327496260E0));
#1692=VERTEX_POINT('',#1691);
#1693=CARTESIAN_POINT('',(-4.E-1,-7.E0,1.546327496260E0));
#1694=VERTEX_POINT('',#1693);
#1695=CARTESIAN_POINT('',(-1.25E0,-1.725E0,3.25E0));
#1696=CARTESIAN_POINT('',(1.25E0,-1.725E0,3.25E0));
#1697=VERTEX_POINT('',#1695);
#1698=VERTEX_POINT('',#1696);
#1699=CARTESIAN_POINT('',(-1.025E0,-1.5E0,3.25E0));
#1700=CARTESIAN_POINT('',(1.025E0,-1.5E0,3.25E0));
#1701=VERTEX_POINT('',#1699);
#1702=VERTEX_POINT('',#1700);
#1703=CARTESIAN_POINT('',(-1.25E0,-5.E0,3.25E0));
#1704=CARTESIAN_POINT('',(1.25E0,-5.E0,3.25E0));
#1705=VERTEX_POINT('',#1703);
#1706=VERTEX_POINT('',#1704);
#1707=VERTEX_POINT('',#1358);
#1708=VERTEX_POINT('',#1403);
#1709=CARTESIAN_POINT('',(-1.25E0,-6.E0,-3.25E0));
#1710=CARTESIAN_POINT('',(1.25E0,-6.E0,-3.25E0));
#1711=VERTEX_POINT('',#1709);
#1712=VERTEX_POINT('',#1710);
#1713=CARTESIAN_POINT('',(-1.75E0,-6.E0,-3.25E0));
#1714=CARTESIAN_POINT('',(1.75E0,-6.E0,-3.25E0));
#1715=VERTEX_POINT('',#1713);
#1716=VERTEX_POINT('',#1714);
#1717=CARTESIAN_POINT('',(-1.75E0,-7.E0,-3.249999999993E0));
#1718=VERTEX_POINT('',#1717);
#1719=CARTESIAN_POINT('',(1.75E0,-7.E0,-3.250000000007E0));
#1720=VERTEX_POINT('',#1719);
#1721=CARTESIAN_POINT('',(4.E-1,-7.E0,-1.546327496260E0));
#1722=CARTESIAN_POINT('',(4.E-1,-6.4E0,-1.546327496260E0));
#1723=VERTEX_POINT('',#1721);
#1724=VERTEX_POINT('',#1722);
#1725=CARTESIAN_POINT('',(-4.E-1,-6.4E0,-1.546327496260E0));
#1726=VERTEX_POINT('',#1725);
#1727=CARTESIAN_POINT('',(-4.E-1,-7.E0,-1.546327496260E0));
#1728=VERTEX_POINT('',#1727);
#1729=CARTESIAN_POINT('',(4.E-1,-7.2E0,-1.752502086813E0));
#1730=CARTESIAN_POINT('',(4.E-1,-7.2E0,-4.747497913187E0));
#1731=VERTEX_POINT('',#1729);
#1732=VERTEX_POINT('',#1730);
#1733=CARTESIAN_POINT('',(-4.E-1,-7.2E0,-1.752502086813E0));
#1734=CARTESIAN_POINT('',(-4.E-1,-7.2E0,-4.747497913187E0));
#1735=VERTEX_POINT('',#1733);
#1736=VERTEX_POINT('',#1734);
#1737=CARTESIAN_POINT('',(4.E-1,-7.E0,-4.953672503740E0));
#1738=CARTESIAN_POINT('',(4.E-1,-6.4E0,-4.953672503740E0));
#1739=VERTEX_POINT('',#1737);
#1740=VERTEX_POINT('',#1738);
#1741=CARTESIAN_POINT('',(-4.E-1,-6.4E0,-4.953672503740E0));
#1742=VERTEX_POINT('',#1741);
#1743=CARTESIAN_POINT('',(-4.E-1,-7.E0,-4.953672503740E0));
#1744=VERTEX_POINT('',#1743);
#1745=CARTESIAN_POINT('',(-1.25E0,-1.725E0,-3.25E0));
#1746=CARTESIAN_POINT('',(1.25E0,-1.725E0,-3.25E0));
#1747=VERTEX_POINT('',#1745);
#1748=VERTEX_POINT('',#1746);
#1749=CARTESIAN_POINT('',(-1.025E0,-1.5E0,-3.25E0));
#1750=CARTESIAN_POINT('',(1.025E0,-1.5E0,-3.25E0));
#1751=VERTEX_POINT('',#1749);
#1752=VERTEX_POINT('',#1750);
#1753=CARTESIAN_POINT('',(-1.25E0,-5.E0,-3.25E0));
#1754=CARTESIAN_POINT('',(1.25E0,-5.E0,-3.25E0));
#1755=VERTEX_POINT('',#1753);
#1756=VERTEX_POINT('',#1754);
#1757=VERTEX_POINT('',#850);
#1758=VERTEX_POINT('',#895);
#1759=CARTESIAN_POINT('',(5.4E0,1.645E1,0.E0));
#1760=CARTESIAN_POINT('',(-5.4E0,1.645E1,0.E0));
#1761=VERTEX_POINT('',#1759);
#1762=VERTEX_POINT('',#1760);
#1763=CARTESIAN_POINT('',(-5.856066017178E0,1.599393398282E1,0.E0));
#1764=CARTESIAN_POINT('',(5.856066017178E0,1.599393398282E1,0.E0));
#1765=VERTEX_POINT('',#1763);
#1766=VERTEX_POINT('',#1764);
#1767=CARTESIAN_POINT('',(-5.9E0,1.588786796564E1,0.E0));
#1768=CARTESIAN_POINT('',(5.9E0,1.588786796564E1,0.E0));
#1769=VERTEX_POINT('',#1767);
#1770=VERTEX_POINT('',#1768);
#1771=CARTESIAN_POINT('',(1.3E0,-2.E0,-5.222819254623E0));
#1772=CARTESIAN_POINT('',(-1.3E0,-2.E0,-5.222819254623E0));
#1773=VERTEX_POINT('',#1771);
#1774=VERTEX_POINT('',#1772);
#1775=CARTESIAN_POINT('',(1.3E0,-2.E0,5.222819254623E0));
#1776=CARTESIAN_POINT('',(-1.3E0,-2.E0,5.222819254623E0));
#1777=VERTEX_POINT('',#1775);
#1778=VERTEX_POINT('',#1776);
#1779=CARTESIAN_POINT('',(6.1E0,1.55E0,0.E0));
#1780=CARTESIAN_POINT('',(-6.1E0,1.55E0,0.E0));
#1781=VERTEX_POINT('',#1779);
#1782=VERTEX_POINT('',#1780);
#1783=CARTESIAN_POINT('',(5.9E0,1.505E1,0.E0));
#1784=CARTESIAN_POINT('',(-5.9E0,1.505E1,0.E0));
#1785=VERTEX_POINT('',#1783);
#1786=VERTEX_POINT('',#1784);
#1787=CARTESIAN_POINT('',(0.E0,0.E0,0.E0));
#1788=DIRECTION('',(0.E0,-1.E0,0.E0));
#1789=DIRECTION('',(-1.E0,0.E0,0.E0));
#1790=AXIS2_PLACEMENT_3D('',#1787,#1788,#1789);
#1791=PLANE('',#1790);
#1793=ORIENTED_EDGE('',*,*,#1792,.T.);
#1795=ORIENTED_EDGE('',*,*,#1794,.T.);
#1797=ORIENTED_EDGE('',*,*,#1796,.T.);
#1799=ORIENTED_EDGE('',*,*,#1798,.T.);
#1801=ORIENTED_EDGE('',*,*,#1800,.T.);
#1803=ORIENTED_EDGE('',*,*,#1802,.F.);
#1805=ORIENTED_EDGE('',*,*,#1804,.T.);
#1807=ORIENTED_EDGE('',*,*,#1806,.F.);
#1808=EDGE_LOOP('',(#1793,#1795,#1797,#1799,#1801,#1803,#1805,#1807));
#1809=FACE_OUTER_BOUND('',#1808,.F.);
#1810=ADVANCED_FACE('',(#1809),#1791,.T.);
#1811=CARTESIAN_POINT('',(2.1E0,0.E0,1.15E0));
#1812=DIRECTION('',(1.E0,0.E0,0.E0));
#1813=DIRECTION('',(0.E0,0.E0,1.E0));
#1814=AXIS2_PLACEMENT_3D('',#1811,#1812,#1813);
#1815=PLANE('',#1814);
#1816=ORIENTED_EDGE('',*,*,#1792,.F.);
#1818=ORIENTED_EDGE('',*,*,#1817,.T.);
#1820=ORIENTED_EDGE('',*,*,#1819,.T.);
#1822=ORIENTED_EDGE('',*,*,#1821,.F.);
#1823=EDGE_LOOP('',(#1816,#1818,#1820,#1822));
#1824=FACE_OUTER_BOUND('',#1823,.F.);
#1825=ADVANCED_FACE('',(#1824),#1815,.F.);
#1826=CARTESIAN_POINT('',(-2.1E0,-2.2E0,1.15E0));
#1827=DIRECTION('',(0.E0,0.E0,-1.E0));
#1828=DIRECTION('',(0.E0,1.E0,0.E0));
#1829=AXIS2_PLACEMENT_3D('',#1826,#1827,#1828);
#1830=PLANE('',#1829);
#1832=ORIENTED_EDGE('',*,*,#1831,.T.);
#1834=ORIENTED_EDGE('',*,*,#1833,.T.);
#1836=ORIENTED_EDGE('',*,*,#1835,.T.);
#1837=ORIENTED_EDGE('',*,*,#1817,.F.);
#1839=ORIENTED_EDGE('',*,*,#1838,.F.);
#1841=ORIENTED_EDGE('',*,*,#1840,.F.);
#1842=EDGE_LOOP('',(#1832,#1834,#1836,#1837,#1839,#1841));
#1843=FACE_OUTER_BOUND('',#1842,.F.);
#1844=ADVANCED_FACE('',(#1843),#1830,.F.);
#1845=CARTESIAN_POINT('',(-2.1E0,0.E0,0.E0));
#1846=DIRECTION('',(-1.E0,0.E0,0.E0));
#1847=DIRECTION('',(0.E0,0.E0,-1.E0));
#1848=AXIS2_PLACEMENT_3D('',#1845,#1846,#1847);
#1849=PLANE('',#1848);
#1850=ORIENTED_EDGE('',*,*,#1798,.F.);
#1851=ORIENTED_EDGE('',*,*,#1831,.F.);
#1853=ORIENTED_EDGE('',*,*,#1852,.F.);
#1855=ORIENTED_EDGE('',*,*,#1854,.F.);
#1856=EDGE_LOOP('',(#1850,#1851,#1853,#1855));
#1857=FACE_OUTER_BOUND('',#1856,.F.);
#1858=ADVANCED_FACE('',(#1857),#1849,.T.);
#1859=CARTESIAN_POINT('',(-2.1E0,-2.6E0,7.5E-1));
#1860=DIRECTION('',(0.E0,7.071067811865E-1,-7.071067811865E-1));
#1861=DIRECTION('',(0.E0,7.071067811865E-1,7.071067811865E-1));
#1862=AXIS2_PLACEMENT_3D('',#1859,#1860,#1861);
#1863=PLANE('',#1862);
#1865=ORIENTED_EDGE('',*,*,#1864,.F.);
#1866=ORIENTED_EDGE('',*,*,#1852,.T.);
#1867=ORIENTED_EDGE('',*,*,#1840,.T.);
#1869=ORIENTED_EDGE('',*,*,#1868,.F.);
#1870=EDGE_LOOP('',(#1865,#1866,#1867,#1869));
#1871=FACE_OUTER_BOUND('',#1870,.F.);
#1872=ADVANCED_FACE('',(#1871),#1863,.F.);
#1873=CARTESIAN_POINT('',(6.053717865907E0,0.E0,7.5E-1));
#1874=DIRECTION('',(0.E0,0.E0,1.E0));
#1875=DIRECTION('',(-1.E0,0.E0,0.E0));
#1876=AXIS2_PLACEMENT_3D('',#1873,#1874,#1875);
#1877=PLANE('',#1876);
#1878=ORIENTED_EDGE('',*,*,#1854,.T.);
#1879=ORIENTED_EDGE('',*,*,#1864,.T.);
#1881=ORIENTED_EDGE('',*,*,#1880,.F.);
#1882=ORIENTED_EDGE('',*,*,#1804,.F.);
#1884=ORIENTED_EDGE('',*,*,#1883,.T.);
#1886=ORIENTED_EDGE('',*,*,#1885,.F.);
#1888=ORIENTED_EDGE('',*,*,#1887,.F.);
#1889=ORIENTED_EDGE('',*,*,#1800,.F.);
#1890=EDGE_LOOP('',(#1878,#1879,#1881,#1882,#1884,#1886,#1888,#1889));
#1891=FACE_OUTER_BOUND('',#1890,.F.);
#1892=ADVANCED_FACE('',(#1891),#1877,.T.);
#1893=CARTESIAN_POINT('',(2.1E0,0.E0,0.E0));
#1894=DIRECTION('',(-1.E0,0.E0,0.E0));
#1895=DIRECTION('',(0.E0,0.E0,-1.E0));
#1896=AXIS2_PLACEMENT_3D('',#1893,#1894,#1895);
#1897=PLANE('',#1896);
#1898=ORIENTED_EDGE('',*,*,#1806,.T.);
#1899=ORIENTED_EDGE('',*,*,#1880,.T.);
#1900=ORIENTED_EDGE('',*,*,#1868,.T.);
#1901=ORIENTED_EDGE('',*,*,#1838,.T.);
#1902=EDGE_LOOP('',(#1898,#1899,#1900,#1901));
#1903=FACE_OUTER_BOUND('',#1902,.F.);
#1904=ADVANCED_FACE('',(#1903),#1897,.F.);
#1905=CARTESIAN_POINT('',(0.E0,9.2925E0,0.E0));
#1906=DIRECTION('',(0.E0,-1.E0,0.E0));
#1907=DIRECTION('',(-1.E0,0.E0,0.E0));
#1908=AXIS2_PLACEMENT_3D('',#1905,#1906,#1907);
#1909=CYLINDRICAL_SURFACE('',#1908,6.1E0);
#1911=ORIENTED_EDGE('',*,*,#1910,.F.);
#1913=ORIENTED_EDGE('',*,*,#1912,.F.);
#1915=ORIENTED_EDGE('',*,*,#1914,.F.);
#1917=ORIENTED_EDGE('',*,*,#1916,.T.);
#1919=ORIENTED_EDGE('',*,*,#1918,.F.);
#1921=ORIENTED_EDGE('',*,*,#1920,.T.);
#1923=ORIENTED_EDGE('',*,*,#1922,.F.);
#1924=ORIENTED_EDGE('',*,*,#1883,.F.);
#1925=ORIENTED_EDGE('',*,*,#1802,.T.);
#1926=ORIENTED_EDGE('',*,*,#1887,.T.);
#1928=ORIENTED_EDGE('',*,*,#1927,.F.);
#1930=ORIENTED_EDGE('',*,*,#1929,.T.);
#1932=ORIENTED_EDGE('',*,*,#1931,.F.);
#1934=ORIENTED_EDGE('',*,*,#1933,.F.);
#1936=ORIENTED_EDGE('',*,*,#1935,.F.);
#1938=ORIENTED_EDGE('',*,*,#1937,.T.);
#1939=EDGE_LOOP('',(#1911,#1913,#1915,#1917,#1919,#1921,#1923,#1924,#1925,#1926,
#1928,#1930,#1932,#1934,#1936,#1938));
#1940=FACE_OUTER_BOUND('',#1939,.F.);
#1941=ADVANCED_FACE('',(#1940),#1909,.T.);
#1942=CARTESIAN_POINT('',(0.E0,1.55E0,0.E0));
#1943=DIRECTION('',(0.E0,-1.E0,0.E0));
#1944=DIRECTION('',(-1.E0,0.E0,0.E0));
#1945=AXIS2_PLACEMENT_3D('',#1942,#1943,#1944);
#1946=PLANE('',#1945);
#1948=ORIENTED_EDGE('',*,*,#1947,.F.);
#1950=ORIENTED_EDGE('',*,*,#1949,.T.);
#1951=EDGE_LOOP('',(#1948,#1950));
#1952=FACE_OUTER_BOUND('',#1951,.F.);
#1953=ORIENTED_EDGE('',*,*,#1910,.T.);
#1955=ORIENTED_EDGE('',*,*,#1954,.T.);
#1956=EDGE_LOOP('',(#1953,#1955));
#1957=FACE_BOUND('',#1956,.F.);
#1958=ADVANCED_FACE('',(#1952,#1957),#1946,.T.);
#1959=CARTESIAN_POINT('',(0.E0,1.5725E1,0.E0));
#1960=DIRECTION('',(0.E0,-1.E0,0.E0));
#1961=DIRECTION('',(-1.E0,0.E0,0.E0));
#1962=AXIS2_PLACEMENT_3D('',#1959,#1960,#1961);
#1963=CYLINDRICAL_SURFACE('',#1962,7.2E0);
#1965=ORIENTED_EDGE('',*,*,#1964,.F.);
#1967=ORIENTED_EDGE('',*,*,#1966,.F.);
#1968=ORIENTED_EDGE('',*,*,#1947,.T.);
#1970=ORIENTED_EDGE('',*,*,#1969,.T.);
#1971=EDGE_LOOP('',(#1965,#1967,#1968,#1970));
#1972=FACE_OUTER_BOUND('',#1971,.F.);
#1973=ADVANCED_FACE('',(#1972),#1963,.T.);
#1974=CARTESIAN_POINT('',(0.E0,3.376794919243E0,0.E0));
#1975=DIRECTION('',(0.E0,-1.E0,0.E0));
#1976=DIRECTION('',(9.999813293488E-1,0.E0,-6.110724498626E-3));
#1977=AXIS2_PLACEMENT_3D('',#1974,#1975,#1976);
#1978=TOROIDAL_SURFACE('',#1977,7.5E0,3.E-1);
#1980=ORIENTED_EDGE('',*,*,#1979,.F.);
#1982=ORIENTED_EDGE('',*,*,#1981,.T.);
#1983=ORIENTED_EDGE('',*,*,#1964,.T.);
#1985=ORIENTED_EDGE('',*,*,#1984,.F.);
#1986=EDGE_LOOP('',(#1980,#1982,#1983,#1985));
#1987=FACE_OUTER_BOUND('',#1986,.F.);
#1988=ADVANCED_FACE('',(#1987),#1978,.F.);
#1989=CARTESIAN_POINT('',(0.E0,3.824241377865E0,0.E0));
#1990=DIRECTION('',(0.E0,1.E0,0.E0));
#1991=DIRECTION('',(1.E0,0.E0,0.E0));
#1992=AXIS2_PLACEMENT_3D('',#1989,#1990,#1991);
#1993=CONICAL_SURFACE('',#1992,7.675E0,6.E1);
#1994=ORIENTED_EDGE('',*,*,#1979,.T.);
#1996=ORIENTED_EDGE('',*,*,#1995,.T.);
#1998=ORIENTED_EDGE('',*,*,#1997,.F.);
#2000=ORIENTED_EDGE('',*,*,#1999,.F.);
#2001=EDGE_LOOP('',(#1994,#1996,#1998,#2000));
#2002=FACE_OUTER_BOUND('',#2001,.F.);
#2003=ADVANCED_FACE('',(#2002),#1993,.T.);
#2004=CARTESIAN_POINT('',(0.E0,3.824241377865E0,0.E0));
#2005=DIRECTION('',(0.E0,1.E0,0.E0));
#2006=DIRECTION('',(1.E0,0.E0,0.E0));
#2007=AXIS2_PLACEMENT_3D('',#2004,#2005,#2006);
#2008=CONICAL_SURFACE('',#2007,7.675E0,6.E1);
#2010=ORIENTED_EDGE('',*,*,#2009,.T.);
#2011=ORIENTED_EDGE('',*,*,#1999,.T.);
#2013=ORIENTED_EDGE('',*,*,#2012,.T.);
#2014=ORIENTED_EDGE('',*,*,#1995,.F.);
#2015=EDGE_LOOP('',(#2010,#2011,#2013,#2014));
#2016=FACE_OUTER_BOUND('',#2015,.F.);
#2017=ADVANCED_FACE('',(#2016),#2008,.T.);
#2018=CARTESIAN_POINT('',(0.E0,3.376794919243E0,0.E0));
#2019=DIRECTION('',(0.E0,-1.E0,0.E0));
#2020=DIRECTION('',(-9.999813293488E-1,0.E0,6.110724498625E-3));
#2021=AXIS2_PLACEMENT_3D('',#2018,#2019,#2020);
#2022=TOROIDAL_SURFACE('',#2021,7.5E0,3.E-1);
#2023=ORIENTED_EDGE('',*,*,#2009,.F.);
#2024=ORIENTED_EDGE('',*,*,#1984,.T.);
#2026=ORIENTED_EDGE('',*,*,#2025,.T.);
#2027=ORIENTED_EDGE('',*,*,#1981,.F.);
#2028=EDGE_LOOP('',(#2023,#2024,#2026,#2027));
#2029=FACE_OUTER_BOUND('',#2028,.F.);
#2030=ADVANCED_FACE('',(#2029),#2022,.F.);
#2031=CARTESIAN_POINT('',(0.E0,1.5725E1,0.E0));
#2032=DIRECTION('',(0.E0,-1.E0,0.E0));
#2033=DIRECTION('',(-1.E0,0.E0,0.E0));
#2034=AXIS2_PLACEMENT_3D('',#2031,#2032,#2033);
#2035=CYLINDRICAL_SURFACE('',#2034,7.2E0);
#2036=ORIENTED_EDGE('',*,*,#2025,.F.);
#2037=ORIENTED_EDGE('',*,*,#1969,.F.);
#2038=ORIENTED_EDGE('',*,*,#1949,.F.);
#2039=ORIENTED_EDGE('',*,*,#1966,.T.);
#2040=EDGE_LOOP('',(#2036,#2037,#2038,#2039));
#2041=FACE_OUTER_BOUND('',#2040,.F.);
#2042=ADVANCED_FACE('',(#2041),#2035,.T.);
#2043=CARTESIAN_POINT('',(0.E0,1.5725E1,0.E0));
#2044=DIRECTION('',(0.E0,-1.E0,0.E0));
#2045=DIRECTION('',(-1.E0,0.E0,0.E0));
#2046=AXIS2_PLACEMENT_3D('',#2043,#2044,#2045);
#2047=CYLINDRICAL_SURFACE('',#2046,8.E0);
#2049=ORIENTED_EDGE('',*,*,#2048,.T.);
#2051=ORIENTED_EDGE('',*,*,#2050,.T.);
#2053=ORIENTED_EDGE('',*,*,#2052,.F.);
#2054=ORIENTED_EDGE('',*,*,#2012,.F.);
#2055=EDGE_LOOP('',(#2049,#2051,#2053,#2054));
#2056=FACE_OUTER_BOUND('',#2055,.F.);
#2057=ADVANCED_FACE('',(#2056),#2047,.T.);
#2058=CARTESIAN_POINT('',(0.E0,1.5725E1,0.E0));
#2059=DIRECTION('',(0.E0,-1.E0,0.E0));
#2060=DIRECTION('',(-1.E0,0.E0,0.E0));
#2061=AXIS2_PLACEMENT_3D('',#2058,#2059,#2060);
#2062=CYLINDRICAL_SURFACE('',#2061,8.E0);
#2063=ORIENTED_EDGE('',*,*,#2048,.F.);
#2064=ORIENTED_EDGE('',*,*,#1997,.T.);
#2065=ORIENTED_EDGE('',*,*,#2052,.T.);
#2067=ORIENTED_EDGE('',*,*,#2066,.F.);
#2068=EDGE_LOOP('',(#2063,#2064,#2065,#2067));
#2069=FACE_OUTER_BOUND('',#2068,.F.);
#2070=ADVANCED_FACE('',(#2069),#2062,.T.);
#2071=CARTESIAN_POINT('',(0.E0,1.355E1,0.E0));
#2072=DIRECTION('',(0.E0,-1.E0,0.E0));
#2073=DIRECTION('',(-1.E0,0.E0,0.E0));
#2074=AXIS2_PLACEMENT_3D('',#2071,#2072,#2073);
#2075=PLANE('',#2074);
#2077=ORIENTED_EDGE('',*,*,#2076,.F.);
#2079=ORIENTED_EDGE('',*,*,#2078,.T.);
#2080=EDGE_LOOP('',(#2077,#2079));
#2081=FACE_OUTER_BOUND('',#2080,.F.);
#2082=ORIENTED_EDGE('',*,*,#2050,.F.);
#2083=ORIENTED_EDGE('',*,*,#2066,.T.);
#2084=EDGE_LOOP('',(#2082,#2083));
#2085=FACE_BOUND('',#2084,.F.);
#2086=ADVANCED_FACE('',(#2081,#2085),#2075,.T.);
#2087=CARTESIAN_POINT('',(0.E0,1.5725E1,0.E0));
#2088=DIRECTION('',(0.E0,-1.E0,0.E0));
#2089=DIRECTION('',(-1.E0,0.E0,0.E0));
#2090=AXIS2_PLACEMENT_3D('',#2087,#2088,#2089);
#2091=CYLINDRICAL_SURFACE('',#2090,9.E0);
#2093=ORIENTED_EDGE('',*,*,#2092,.F.);
#2094=ORIENTED_EDGE('',*,*,#2076,.T.);
#2096=ORIENTED_EDGE('',*,*,#2095,.T.);
#2098=ORIENTED_EDGE('',*,*,#2097,.F.);
#2099=EDGE_LOOP('',(#2093,#2094,#2096,#2098));
#2100=FACE_OUTER_BOUND('',#2099,.F.);
#2101=ADVANCED_FACE('',(#2100),#2091,.T.);
#2102=CARTESIAN_POINT('',(0.E0,1.5725E1,0.E0));
#2103=DIRECTION('',(0.E0,-1.E0,0.E0));
#2104=DIRECTION('',(-1.E0,0.E0,0.E0));
#2105=AXIS2_PLACEMENT_3D('',#2102,#2103,#2104);
#2106=CYLINDRICAL_SURFACE('',#2105,9.E0);
#2107=ORIENTED_EDGE('',*,*,#2092,.T.);
#2109=ORIENTED_EDGE('',*,*,#2108,.T.);
#2110=ORIENTED_EDGE('',*,*,#2095,.F.);
#2111=ORIENTED_EDGE('',*,*,#2078,.F.);
#2112=EDGE_LOOP('',(#2107,#2109,#2110,#2111));
#2113=FACE_OUTER_BOUND('',#2112,.F.);
#2114=ADVANCED_FACE('',(#2113),#2106,.T.);
#2115=CARTESIAN_POINT('',(0.E0,1.445E1,0.E0));
#2116=DIRECTION('',(0.E0,-1.E0,0.E0));
#2117=DIRECTION('',(-1.E0,0.E0,0.E0));
#2118=AXIS2_PLACEMENT_3D('',#2115,#2116,#2117);
#2119=CONICAL_SURFACE('',#2118,7.75E0,6.435899417569E1);
#2121=ORIENTED_EDGE('',*,*,#2120,.T.);
#2123=ORIENTED_EDGE('',*,*,#2122,.T.);
#2125=ORIENTED_EDGE('',*,*,#2124,.F.);
#2126=ORIENTED_EDGE('',*,*,#2108,.F.);
#2127=EDGE_LOOP('',(#2121,#2123,#2125,#2126));
#2128=FACE_OUTER_BOUND('',#2127,.F.);
#2129=ADVANCED_FACE('',(#2128),#2119,.T.);
#2130=CARTESIAN_POINT('',(0.E0,1.445E1,0.E0));
#2131=DIRECTION('',(0.E0,-1.E0,0.E0));
#2132=DIRECTION('',(-1.E0,0.E0,0.E0));
#2133=AXIS2_PLACEMENT_3D('',#2130,#2131,#2132);
#2134=CONICAL_SURFACE('',#2133,7.75E0,6.435899417569E1);
#2135=ORIENTED_EDGE('',*,*,#2120,.F.);
#2136=ORIENTED_EDGE('',*,*,#2097,.T.);
#2137=ORIENTED_EDGE('',*,*,#2124,.T.);
#2139=ORIENTED_EDGE('',*,*,#2138,.F.);
#2140=EDGE_LOOP('',(#2135,#2136,#2137,#2139));
#2141=FACE_OUTER_BOUND('',#2140,.F.);
#2142=ADVANCED_FACE('',(#2141),#2134,.T.);
#2143=CARTESIAN_POINT('',(0.E0,1.505E1,0.E0));
#2144=DIRECTION('',(0.E0,-1.E0,0.E0));
#2145=DIRECTION('',(-1.E0,0.E0,0.E0));
#2146=AXIS2_PLACEMENT_3D('',#2143,#2144,#2145);
#2147=PLANE('',#2146);
#2148=ORIENTED_EDGE('',*,*,#2122,.F.);
#2149=ORIENTED_EDGE('',*,*,#2138,.T.);
#2150=EDGE_LOOP('',(#2148,#2149));
#2151=FACE_OUTER_BOUND('',#2150,.F.);
#2153=ORIENTED_EDGE('',*,*,#2152,.F.);
#2155=ORIENTED_EDGE('',*,*,#2154,.F.);
#2156=EDGE_LOOP('',(#2153,#2155));
#2157=FACE_BOUND('',#2156,.F.);
#2158=ADVANCED_FACE('',(#2151,#2157),#2147,.F.);
#2159=CARTESIAN_POINT('',(0.E0,1.66575E1,0.E0));
#2160=DIRECTION('',(0.E0,-1.E0,0.E0));
#2161=DIRECTION('',(-1.E0,0.E0,0.E0));
#2162=AXIS2_PLACEMENT_3D('',#2159,#2160,#2161);
#2163=CYLINDRICAL_SURFACE('',#2162,5.9E0);
#2164=ORIENTED_EDGE('',*,*,#2152,.T.);
#2166=ORIENTED_EDGE('',*,*,#2165,.T.);
#2168=ORIENTED_EDGE('',*,*,#2167,.T.);
#2170=ORIENTED_EDGE('',*,*,#2169,.F.);
#2171=EDGE_LOOP('',(#2164,#2166,#2168,#2170));
#2172=FACE_OUTER_BOUND('',#2171,.F.);
#2173=ADVANCED_FACE('',(#2172),#2163,.T.);
#2174=CARTESIAN_POINT('',(0.E0,1.66575E1,0.E0));
#2175=DIRECTION('',(0.E0,-1.E0,0.E0));
#2176=DIRECTION('',(-1.E0,0.E0,0.E0));
#2177=AXIS2_PLACEMENT_3D('',#2174,#2175,#2176);
#2178=CYLINDRICAL_SURFACE('',#2177,5.9E0);
#2179=ORIENTED_EDGE('',*,*,#2154,.T.);
#2180=ORIENTED_EDGE('',*,*,#2169,.T.);
#2182=ORIENTED_EDGE('',*,*,#2181,.T.);
#2183=ORIENTED_EDGE('',*,*,#2165,.F.);
#2184=EDGE_LOOP('',(#2179,#2180,#2182,#2183));
#2185=FACE_OUTER_BOUND('',#2184,.F.);
#2186=ADVANCED_FACE('',(#2185),#2178,.T.);
#2187=CARTESIAN_POINT('',(0.E0,1.588786796564E1,0.E0));
#2188=DIRECTION('',(0.E0,-1.E0,0.E0));
#2189=DIRECTION('',(9.999898761189E-1,0.E0,4.499739955851E-3));
#2190=AXIS2_PLACEMENT_3D('',#2187,#2188,#2189);
#2191=TOROIDAL_SURFACE('',#2190,5.75E0,1.5E-1);
#2193=ORIENTED_EDGE('',*,*,#2192,.T.);
#2195=ORIENTED_EDGE('',*,*,#2194,.T.);
#2196=ORIENTED_EDGE('',*,*,#2181,.F.);
#2198=ORIENTED_EDGE('',*,*,#2197,.F.);
#2199=EDGE_LOOP('',(#2193,#2195,#2196,#2198));
#2200=FACE_OUTER_BOUND('',#2199,.F.);
#2201=ADVANCED_FACE('',(#2200),#2191,.T.);
#2202=CARTESIAN_POINT('',(0.E0,1.622196699141E1,0.E0));
#2203=DIRECTION('',(0.E0,-1.E0,0.E0));
#2204=DIRECTION('',(-1.E0,0.E0,0.E0));
#2205=AXIS2_PLACEMENT_3D('',#2202,#2203,#2204);
#2206=CONICAL_SURFACE('',#2205,5.628033008589E0,4.5E1);
#2207=ORIENTED_EDGE('',*,*,#2192,.F.);
#2209=ORIENTED_EDGE('',*,*,#2208,.T.);
#2211=ORIENTED_EDGE('',*,*,#2210,.T.);
#2213=ORIENTED_EDGE('',*,*,#2212,.F.);
#2214=EDGE_LOOP('',(#2207,#2209,#2211,#2213));
#2215=FACE_OUTER_BOUND('',#2214,.F.);
#2216=ADVANCED_FACE('',(#2215),#2206,.T.);
#2217=CARTESIAN_POINT('',(0.E0,1.622196699141E1,0.E0));
#2218=DIRECTION('',(0.E0,-1.E0,0.E0));
#2219=DIRECTION('',(-1.E0,0.E0,0.E0));
#2220=AXIS2_PLACEMENT_3D('',#2217,#2218,#2219);
#2221=CONICAL_SURFACE('',#2220,5.628033008589E0,4.5E1);
#2223=ORIENTED_EDGE('',*,*,#2222,.F.);
#2224=ORIENTED_EDGE('',*,*,#2212,.T.);
#2226=ORIENTED_EDGE('',*,*,#2225,.F.);
#2227=ORIENTED_EDGE('',*,*,#2208,.F.);
#2228=EDGE_LOOP('',(#2223,#2224,#2226,#2227));
#2229=FACE_OUTER_BOUND('',#2228,.F.);
#2230=ADVANCED_FACE('',(#2229),#2221,.T.);
#2231=CARTESIAN_POINT('',(0.E0,1.588786796564E1,0.E0));
#2232=DIRECTION('',(0.E0,-1.E0,0.E0));
#2233=DIRECTION('',(-9.999898761189E-1,0.E0,-4.499739955851E-3));
#2234=AXIS2_PLACEMENT_3D('',#2231,#2232,#2233);
#2235=TOROIDAL_SURFACE('',#2234,5.75E0,1.5E-1);
#2236=ORIENTED_EDGE('',*,*,#2222,.T.);
#2237=ORIENTED_EDGE('',*,*,#2197,.T.);
#2238=ORIENTED_EDGE('',*,*,#2167,.F.);
#2239=ORIENTED_EDGE('',*,*,#2194,.F.);
#2240=EDGE_LOOP('',(#2236,#2237,#2238,#2239));
#2241=FACE_OUTER_BOUND('',#2240,.F.);
#2242=ADVANCED_FACE('',(#2241),#2235,.T.);
#2243=CARTESIAN_POINT('',(0.E0,1.645E1,0.E0));
#2244=DIRECTION('',(0.E0,-1.E0,0.E0));
#2245=DIRECTION('',(-1.E0,0.E0,0.E0));
#2246=AXIS2_PLACEMENT_3D('',#2243,#2244,#2245);
#2247=PLANE('',#2246);
#2248=ORIENTED_EDGE('',*,*,#2210,.F.);
#2249=ORIENTED_EDGE('',*,*,#2225,.T.);
#2250=EDGE_LOOP('',(#2248,#2249));
#2251=FACE_OUTER_BOUND('',#2250,.F.);
#2252=ADVANCED_FACE('',(#2251),#2247,.F.);
#2253=CARTESIAN_POINT('',(0.E0,9.2925E0,0.E0));
#2254=DIRECTION('',(0.E0,-1.E0,0.E0));
#2255=DIRECTION('',(-1.E0,0.E0,0.E0));
#2256=AXIS2_PLACEMENT_3D('',#2253,#2254,#2255);
#2257=CYLINDRICAL_SURFACE('',#2256,6.1E0);
#2258=ORIENTED_EDGE('',*,*,#1954,.F.);
#2259=ORIENTED_EDGE('',*,*,#1937,.F.);
#2260=ORIENTED_EDGE('',*,*,#1935,.T.);
#2262=ORIENTED_EDGE('',*,*,#2261,.F.);
#2263=ORIENTED_EDGE('',*,*,#1914,.T.);
#2264=ORIENTED_EDGE('',*,*,#1912,.T.);
#2265=EDGE_LOOP('',(#2258,#2259,#2260,#2262,#2263,#2264));
#2266=FACE_OUTER_BOUND('',#2265,.F.);
#2267=ADVANCED_FACE('',(#2266),#2257,.T.);
#2268=CARTESIAN_POINT('',(0.E0,0.E0,0.E0));
#2269=DIRECTION('',(0.E0,-1.E0,0.E0));
#2270=DIRECTION('',(-1.E0,0.E0,0.E0));
#2271=AXIS2_PLACEMENT_3D('',#2268,#2269,#2270);
#2272=PLANE('',#2271);
#2274=ORIENTED_EDGE('',*,*,#2273,.T.);
#2276=ORIENTED_EDGE('',*,*,#2275,.T.);
#2278=ORIENTED_EDGE('',*,*,#2277,.T.);
#2280=ORIENTED_EDGE('',*,*,#2279,.T.);
#2282=ORIENTED_EDGE('',*,*,#2281,.T.);
#2283=ORIENTED_EDGE('',*,*,#2261,.T.);
#2285=ORIENTED_EDGE('',*,*,#2284,.T.);
#2287=ORIENTED_EDGE('',*,*,#2286,.F.);
#2288=EDGE_LOOP('',(#2274,#2276,#2278,#2280,#2282,#2283,#2285,#2287));
#2289=FACE_OUTER_BOUND('',#2288,.F.);
#2290=ADVANCED_FACE('',(#2289),#2272,.T.);
#2291=CARTESIAN_POINT('',(-2.1E0,0.E0,-1.15E0));
#2292=DIRECTION('',(-1.E0,0.E0,0.E0));
#2293=DIRECTION('',(0.E0,0.E0,-1.E0));
#2294=AXIS2_PLACEMENT_3D('',#2291,#2292,#2293);
#2295=PLANE('',#2294);
#2296=ORIENTED_EDGE('',*,*,#2273,.F.);
#2298=ORIENTED_EDGE('',*,*,#2297,.T.);
#2300=ORIENTED_EDGE('',*,*,#2299,.T.);
#2302=ORIENTED_EDGE('',*,*,#2301,.F.);
#2303=EDGE_LOOP('',(#2296,#2298,#2300,#2302));
#2304=FACE_OUTER_BOUND('',#2303,.F.);
#2305=ADVANCED_FACE('',(#2304),#2295,.F.);
#2306=CARTESIAN_POINT('',(-2.1E0,-2.2E0,-1.15E0));
#2307=DIRECTION('',(0.E0,0.E0,-1.E0));
#2308=DIRECTION('',(0.E0,1.E0,0.E0));
#2309=AXIS2_PLACEMENT_3D('',#2306,#2307,#2308);
#2310=PLANE('',#2309);
#2312=ORIENTED_EDGE('',*,*,#2311,.T.);
#2314=ORIENTED_EDGE('',*,*,#2313,.T.);
#2316=ORIENTED_EDGE('',*,*,#2315,.T.);
#2317=ORIENTED_EDGE('',*,*,#2297,.F.);
#2319=ORIENTED_EDGE('',*,*,#2318,.F.);
#2321=ORIENTED_EDGE('',*,*,#2320,.T.);
#2322=EDGE_LOOP('',(#2312,#2314,#2316,#2317,#2319,#2321));
#2323=FACE_OUTER_BOUND('',#2322,.F.);
#2324=ADVANCED_FACE('',(#2323),#2310,.T.);
#2325=CARTESIAN_POINT('',(2.1E0,0.E0,0.E0));
#2326=DIRECTION('',(1.E0,0.E0,0.E0));
#2327=DIRECTION('',(0.E0,0.E0,1.E0));
#2328=AXIS2_PLACEMENT_3D('',#2325,#2326,#2327);
#2329=PLANE('',#2328);
#2330=ORIENTED_EDGE('',*,*,#2279,.F.);
#2331=ORIENTED_EDGE('',*,*,#2311,.F.);
#2333=ORIENTED_EDGE('',*,*,#2332,.F.);
#2335=ORIENTED_EDGE('',*,*,#2334,.F.);
#2336=EDGE_LOOP('',(#2330,#2331,#2333,#2335));
#2337=FACE_OUTER_BOUND('',#2336,.F.);
#2338=ADVANCED_FACE('',(#2337),#2329,.T.);
#2339=CARTESIAN_POINT('',(-2.1E0,-2.6E0,-7.5E-1));
#2340=DIRECTION('',(0.E0,-7.071067811865E-1,-7.071067811865E-1));
#2341=DIRECTION('',(0.E0,7.071067811865E-1,-7.071067811865E-1));
#2342=AXIS2_PLACEMENT_3D('',#2339,#2340,#2341);
#2343=PLANE('',#2342);
#2345=ORIENTED_EDGE('',*,*,#2344,.T.);
#2346=ORIENTED_EDGE('',*,*,#2332,.T.);
#2347=ORIENTED_EDGE('',*,*,#2320,.F.);
#2349=ORIENTED_EDGE('',*,*,#2348,.F.);
#2350=EDGE_LOOP('',(#2345,#2346,#2347,#2349));
#2351=FACE_OUTER_BOUND('',#2350,.F.);
#2352=ADVANCED_FACE('',(#2351),#2343,.T.);
#2353=CARTESIAN_POINT('',(-6.053717865907E0,0.E0,-7.5E-1));
#2354=DIRECTION('',(0.E0,0.E0,-1.E0));
#2355=DIRECTION('',(1.E0,0.E0,0.E0));
#2356=AXIS2_PLACEMENT_3D('',#2353,#2354,#2355);
#2357=PLANE('',#2356);
#2359=ORIENTED_EDGE('',*,*,#2358,.F.);
#2360=ORIENTED_EDGE('',*,*,#2284,.F.);
#2361=ORIENTED_EDGE('',*,*,#1933,.T.);
#2363=ORIENTED_EDGE('',*,*,#2362,.F.);
#2364=ORIENTED_EDGE('',*,*,#1916,.F.);
#2365=ORIENTED_EDGE('',*,*,#2281,.F.);
#2366=ORIENTED_EDGE('',*,*,#2334,.T.);
#2367=ORIENTED_EDGE('',*,*,#2344,.F.);
#2368=EDGE_LOOP('',(#2359,#2360,#2361,#2363,#2364,#2365,#2366,#2367));
#2369=FACE_OUTER_BOUND('',#2368,.F.);
#2370=ADVANCED_FACE('',(#2369),#2357,.T.);
#2371=CARTESIAN_POINT('',(-2.1E0,0.E0,0.E0));
#2372=DIRECTION('',(1.E0,0.E0,0.E0));
#2373=DIRECTION('',(0.E0,0.E0,1.E0));
#2374=AXIS2_PLACEMENT_3D('',#2371,#2372,#2373);
#2375=PLANE('',#2374);
#2376=ORIENTED_EDGE('',*,*,#2286,.T.);
#2377=ORIENTED_EDGE('',*,*,#2358,.T.);
#2378=ORIENTED_EDGE('',*,*,#2348,.T.);
#2379=ORIENTED_EDGE('',*,*,#2318,.T.);
#2380=EDGE_LOOP('',(#2376,#2377,#2378,#2379));
#2381=FACE_OUTER_BOUND('',#2380,.F.);
#2382=ADVANCED_FACE('',(#2381),#2375,.F.);
#2383=CARTESIAN_POINT('',(0.E0,5.E0,-2.5E-1));
#2384=DIRECTION('',(0.E0,0.E0,-1.E0));
#2385=DIRECTION('',(6.422047903400E-1,-7.665331090464E-1,0.E0));
#2386=AXIS2_PLACEMENT_3D('',#2383,#2384,#2385);
#2387=TOROIDAL_SURFACE('',#2386,9.5E0,5.E-1);
#2388=ORIENTED_EDGE('',*,*,#2362,.T.);
#2389=ORIENTED_EDGE('',*,*,#1931,.T.);
#2391=ORIENTED_EDGE('',*,*,#2390,.F.);
#2392=ORIENTED_EDGE('',*,*,#1918,.T.);
#2393=EDGE_LOOP('',(#2388,#2389,#2391,#2392));
#2394=FACE_OUTER_BOUND('',#2393,.F.);
#2395=ADVANCED_FACE('',(#2394),#2387,.T.);
#2396=CARTESIAN_POINT('',(0.E0,5.E0,-7.5E-1));
#2397=DIRECTION('',(0.E0,0.E0,-1.E0));
#2398=DIRECTION('',(1.E0,0.E0,0.E0));
#2399=AXIS2_PLACEMENT_3D('',#2396,#2397,#2398);
#2400=CYLINDRICAL_SURFACE('',#2399,1.E1);
#2401=ORIENTED_EDGE('',*,*,#2390,.T.);
#2402=ORIENTED_EDGE('',*,*,#1929,.F.);
#2404=ORIENTED_EDGE('',*,*,#2403,.T.);
#2405=ORIENTED_EDGE('',*,*,#1920,.F.);
#2406=EDGE_LOOP('',(#2401,#2402,#2404,#2405));
#2407=FACE_OUTER_BOUND('',#2406,.F.);
#2408=ADVANCED_FACE('',(#2407),#2400,.T.);
#2409=CARTESIAN_POINT('',(0.E0,5.E0,2.5E-1));
#2410=DIRECTION('',(0.E0,0.E0,-1.E0));
#2411=DIRECTION('',(-6.422047903400E-1,-7.665331090464E-1,0.E0));
#2412=AXIS2_PLACEMENT_3D('',#2409,#2410,#2411);
#2413=TOROIDAL_SURFACE('',#2412,9.5E0,5.E-1);
#2414=ORIENTED_EDGE('',*,*,#1885,.T.);
#2415=ORIENTED_EDGE('',*,*,#1922,.T.);
#2416=ORIENTED_EDGE('',*,*,#2403,.F.);
#2417=ORIENTED_EDGE('',*,*,#1927,.T.);
#2418=EDGE_LOOP('',(#2414,#2415,#2416,#2417));
#2419=FACE_OUTER_BOUND('',#2418,.F.);
#2420=ADVANCED_FACE('',(#2419),#2413,.T.);
#2421=CARTESIAN_POINT('',(2.1E0,0.E0,-5.35E0));
#2422=DIRECTION('',(1.E0,0.E0,0.E0));
#2423=DIRECTION('',(0.E0,0.E0,1.E0));
#2424=AXIS2_PLACEMENT_3D('',#2421,#2422,#2423);
#2425=PLANE('',#2424);
#2426=ORIENTED_EDGE('',*,*,#2277,.F.);
#2428=ORIENTED_EDGE('',*,*,#2427,.T.);
#2430=ORIENTED_EDGE('',*,*,#2429,.T.);
#2431=ORIENTED_EDGE('',*,*,#2313,.F.);
#2432=EDGE_LOOP('',(#2426,#2428,#2430,#2431));
#2433=FACE_OUTER_BOUND('',#2432,.F.);
#2434=ADVANCED_FACE('',(#2433),#2425,.F.);
#2435=CARTESIAN_POINT('',(-2.1E0,0.E0,-5.35E0));
#2436=DIRECTION('',(0.E0,0.E0,-1.E0));
#2437=DIRECTION('',(1.E0,0.E0,0.E0));
#2438=AXIS2_PLACEMENT_3D('',#2435,#2436,#2437);
#2439=PLANE('',#2438);
#2440=ORIENTED_EDGE('',*,*,#2275,.F.);
#2441=ORIENTED_EDGE('',*,*,#2301,.T.);
#2443=ORIENTED_EDGE('',*,*,#2442,.T.);
#2444=ORIENTED_EDGE('',*,*,#2427,.F.);
#2445=EDGE_LOOP('',(#2440,#2441,#2443,#2444));
#2446=FACE_OUTER_BOUND('',#2445,.F.);
#2447=ADVANCED_FACE('',(#2446),#2439,.F.);
#2448=CARTESIAN_POINT('',(0.E0,1.E0,0.E0));
#2449=DIRECTION('',(0.E0,-1.E0,0.E0));
#2450=DIRECTION('',(-1.E0,0.E0,0.E0));
#2451=AXIS2_PLACEMENT_3D('',#2448,#2449,#2450);
#2452=PLANE('',#2451);
#2453=ORIENTED_EDGE('',*,*,#2315,.F.);
#2454=ORIENTED_EDGE('',*,*,#2429,.F.);
#2455=ORIENTED_EDGE('',*,*,#2442,.F.);
#2456=ORIENTED_EDGE('',*,*,#2299,.F.);
#2457=EDGE_LOOP('',(#2453,#2454,#2455,#2456));
#2458=FACE_OUTER_BOUND('',#2457,.F.);
#2460=ORIENTED_EDGE('',*,*,#2459,.T.);
#2462=ORIENTED_EDGE('',*,*,#2461,.T.);
#2464=ORIENTED_EDGE('',*,*,#2463,.T.);
#2466=ORIENTED_EDGE('',*,*,#2465,.T.);
#2467=EDGE_LOOP('',(#2460,#2462,#2464,#2466));
#2468=FACE_BOUND('',#2467,.F.);
#2469=ADVANCED_FACE('',(#2458,#2468),#2452,.T.);
#2470=CARTESIAN_POINT('',(-2.E0,1.E0,-5.25E0));
#2471=DIRECTION('',(0.E0,0.E0,-1.E0));
#2472=DIRECTION('',(1.E0,0.E0,0.E0));
#2473=AXIS2_PLACEMENT_3D('',#2470,#2471,#2472);
#2474=PLANE('',#2473);
#2476=ORIENTED_EDGE('',*,*,#2475,.T.);
#2478=ORIENTED_EDGE('',*,*,#2477,.T.);
#2480=ORIENTED_EDGE('',*,*,#2479,.T.);
#2482=ORIENTED_EDGE('',*,*,#2481,.F.);
#2483=ORIENTED_EDGE('',*,*,#2459,.F.);
#2484=EDGE_LOOP('',(#2476,#2478,#2480,#2482,#2483));
#2485=FACE_OUTER_BOUND('',#2484,.F.);
#2486=ADVANCED_FACE('',(#2485),#2474,.T.);
#2487=CARTESIAN_POINT('',(-2.E0,1.E0,-1.25E0));
#2488=DIRECTION('',(-1.E0,0.E0,0.E0));
#2489=DIRECTION('',(0.E0,0.E0,-1.E0));
#2490=AXIS2_PLACEMENT_3D('',#2487,#2488,#2489);
#2491=PLANE('',#2490);
#2492=ORIENTED_EDGE('',*,*,#2465,.F.);
#2494=ORIENTED_EDGE('',*,*,#2493,.T.);
#2496=ORIENTED_EDGE('',*,*,#2495,.T.);
#2498=ORIENTED_EDGE('',*,*,#2497,.T.);
#2499=ORIENTED_EDGE('',*,*,#2475,.F.);
#2500=EDGE_LOOP('',(#2492,#2494,#2496,#2498,#2499));
#2501=FACE_OUTER_BOUND('',#2500,.F.);
#2502=ADVANCED_FACE('',(#2501),#2491,.T.);
#2503=CARTESIAN_POINT('',(2.E0,1.E0,-1.25E0));
#2504=DIRECTION('',(0.E0,0.E0,1.E0));
#2505=DIRECTION('',(-1.E0,0.E0,0.E0));
#2506=AXIS2_PLACEMENT_3D('',#2503,#2504,#2505);
#2507=PLANE('',#2506);
#2509=ORIENTED_EDGE('',*,*,#2508,.T.);
#2511=ORIENTED_EDGE('',*,*,#2510,.T.);
#2513=ORIENTED_EDGE('',*,*,#2512,.T.);
#2514=ORIENTED_EDGE('',*,*,#2493,.F.);
#2515=ORIENTED_EDGE('',*,*,#2463,.F.);
#2516=EDGE_LOOP('',(#2509,#2511,#2513,#2514,#2515));
#2517=FACE_OUTER_BOUND('',#2516,.F.);
#2519=ORIENTED_EDGE('',*,*,#2518,.F.);
#2521=ORIENTED_EDGE('',*,*,#2520,.F.);
#2522=EDGE_LOOP('',(#2519,#2521));
#2523=FACE_BOUND('',#2522,.F.);
#2524=ADVANCED_FACE('',(#2517,#2523),#2507,.T.);
#2525=CARTESIAN_POINT('',(2.E0,1.E0,-5.25E0));
#2526=DIRECTION('',(1.E0,0.E0,0.E0));
#2527=DIRECTION('',(0.E0,0.E0,1.E0));
#2528=AXIS2_PLACEMENT_3D('',#2525,#2526,#2527);
#2529=PLANE('',#2528);
#2530=ORIENTED_EDGE('',*,*,#2461,.F.);
#2531=ORIENTED_EDGE('',*,*,#2481,.T.);
#2533=ORIENTED_EDGE('',*,*,#2532,.T.);
#2535=ORIENTED_EDGE('',*,*,#2534,.T.);
#2536=ORIENTED_EDGE('',*,*,#2508,.F.);
#2537=EDGE_LOOP('',(#2530,#2531,#2533,#2535,#2536));
#2538=FACE_OUTER_BOUND('',#2537,.F.);
#2539=ADVANCED_FACE('',(#2538),#2529,.T.);
#2540=CARTESIAN_POINT('',(0.E0,-4.760853688262E0,-3.25E0));
#2541=DIRECTION('',(0.E0,1.E0,0.E0));
#2542=DIRECTION('',(1.E0,0.E0,0.E0));
#2543=AXIS2_PLACEMENT_3D('',#2540,#2541,#2542);
#2544=CONICAL_SURFACE('',#2543,2.414213562373E0,6.E1);
#2545=ORIENTED_EDGE('',*,*,#2532,.F.);
#2546=ORIENTED_EDGE('',*,*,#2479,.F.);
#2548=ORIENTED_EDGE('',*,*,#2547,.T.);
#2549=EDGE_LOOP('',(#2545,#2546,#2548));
#2550=FACE_OUTER_BOUND('',#2549,.F.);
#2551=ADVANCED_FACE('',(#2550),#2544,.T.);
#2552=CARTESIAN_POINT('',(-2.E0,-5.E0,-5.25E0));
#2553=DIRECTION('',(0.E0,-1.E0,0.E0));
#2554=DIRECTION('',(1.E0,0.E0,0.E0));
#2555=AXIS2_PLACEMENT_3D('',#2552,#2553,#2554);
#2556=PLANE('',#2555);
#2558=ORIENTED_EDGE('',*,*,#2557,.F.);
#2560=ORIENTED_EDGE('',*,*,#2559,.F.);
#2562=ORIENTED_EDGE('',*,*,#2561,.F.);
#2563=ORIENTED_EDGE('',*,*,#2547,.F.);
#2564=EDGE_LOOP('',(#2558,#2560,#2562,#2563));
#2565=FACE_OUTER_BOUND('',#2564,.F.);
#2567=ORIENTED_EDGE('',*,*,#2566,.F.);
#2569=ORIENTED_EDGE('',*,*,#2568,.F.);
#2570=EDGE_LOOP('',(#2567,#2569));
#2571=FACE_BOUND('',#2570,.F.);
#2572=ADVANCED_FACE('',(#2565,#2571),#2556,.T.);
#2573=CARTESIAN_POINT('',(0.E0,-4.760853688262E0,-3.25E0));
#2574=DIRECTION('',(0.E0,1.E0,0.E0));
#2575=DIRECTION('',(1.E0,0.E0,0.E0));
#2576=AXIS2_PLACEMENT_3D('',#2573,#2574,#2575);
#2577=CONICAL_SURFACE('',#2576,2.414213562373E0,6.E1);
#2578=ORIENTED_EDGE('',*,*,#2477,.F.);
#2579=ORIENTED_EDGE('',*,*,#2497,.F.);
#2580=ORIENTED_EDGE('',*,*,#2557,.T.);
#2581=EDGE_LOOP('',(#2578,#2579,#2580));
#2582=FACE_OUTER_BOUND('',#2581,.F.);
#2583=ADVANCED_FACE('',(#2582),#2577,.T.);
#2584=CARTESIAN_POINT('',(0.E0,-4.760853688262E0,-3.25E0));
#2585=DIRECTION('',(0.E0,1.E0,0.E0));
#2586=DIRECTION('',(1.E0,0.E0,0.E0));
#2587=AXIS2_PLACEMENT_3D('',#2584,#2585,#2586);
#2588=CONICAL_SURFACE('',#2587,2.414213562373E0,6.E1);
#2589=ORIENTED_EDGE('',*,*,#2495,.F.);
#2590=ORIENTED_EDGE('',*,*,#2512,.F.);
#2591=ORIENTED_EDGE('',*,*,#2559,.T.);
#2592=EDGE_LOOP('',(#2589,#2590,#2591));
#2593=FACE_OUTER_BOUND('',#2592,.F.);
#2594=ADVANCED_FACE('',(#2593),#2588,.T.);
#2595=CARTESIAN_POINT('',(0.E0,-4.760853688262E0,-3.25E0));
#2596=DIRECTION('',(0.E0,1.E0,0.E0));
#2597=DIRECTION('',(1.E0,0.E0,0.E0));
#2598=AXIS2_PLACEMENT_3D('',#2595,#2596,#2597);
#2599=CONICAL_SURFACE('',#2598,2.414213562373E0,6.E1);
#2600=ORIENTED_EDGE('',*,*,#2510,.F.);
#2601=ORIENTED_EDGE('',*,*,#2534,.F.);
#2602=ORIENTED_EDGE('',*,*,#2561,.T.);
#2603=EDGE_LOOP('',(#2600,#2601,#2602));
#2604=FACE_OUTER_BOUND('',#2603,.F.);
#2605=ADVANCED_FACE('',(#2604),#2599,.T.);
#2606=CARTESIAN_POINT('',(0.E0,-7.485E0,-3.25E0));
#2607=DIRECTION('',(0.E0,1.E0,0.E0));
#2608=DIRECTION('',(1.E0,0.E0,0.E0));
#2609=AXIS2_PLACEMENT_3D('',#2606,#2607,#2608);
#2610=CYLINDRICAL_SURFACE('',#2609,1.25E0);
#2611=ORIENTED_EDGE('',*,*,#2566,.T.);
#2613=ORIENTED_EDGE('',*,*,#2612,.T.);
#2615=ORIENTED_EDGE('',*,*,#2614,.F.);
#2617=ORIENTED_EDGE('',*,*,#2616,.F.);
#2618=EDGE_LOOP('',(#2611,#2613,#2615,#2617));
#2619=FACE_OUTER_BOUND('',#2618,.F.);
#2620=ADVANCED_FACE('',(#2619),#2610,.T.);
#2621=CARTESIAN_POINT('',(0.E0,-7.485E0,-3.25E0));
#2622=DIRECTION('',(0.E0,1.E0,0.E0));
#2623=DIRECTION('',(1.E0,0.E0,0.E0));
#2624=AXIS2_PLACEMENT_3D('',#2621,#2622,#2623);
#2625=CYLINDRICAL_SURFACE('',#2624,1.25E0);
#2626=ORIENTED_EDGE('',*,*,#2568,.T.);
#2627=ORIENTED_EDGE('',*,*,#2616,.T.);
#2629=ORIENTED_EDGE('',*,*,#2628,.T.);
#2630=ORIENTED_EDGE('',*,*,#2612,.F.);
#2631=EDGE_LOOP('',(#2626,#2627,#2629,#2630));
#2632=FACE_OUTER_BOUND('',#2631,.F.);
#2633=ADVANCED_FACE('',(#2632),#2625,.T.);
#2634=CARTESIAN_POINT('',(0.E0,-6.E0,-3.25E0));
#2635=DIRECTION('',(0.E0,1.E0,0.E0));
#2636=DIRECTION('',(1.E0,0.E0,0.E0));
#2637=AXIS2_PLACEMENT_3D('',#2634,#2635,#2636);
#2638=PLANE('',#2637);
#2640=ORIENTED_EDGE('',*,*,#2639,.F.);
#2642=ORIENTED_EDGE('',*,*,#2641,.T.);
#2643=EDGE_LOOP('',(#2640,#2642));
#2644=FACE_OUTER_BOUND('',#2643,.F.);
#2645=ORIENTED_EDGE('',*,*,#2628,.F.);
#2646=ORIENTED_EDGE('',*,*,#2614,.T.);
#2647=EDGE_LOOP('',(#2645,#2646));
#2648=FACE_BOUND('',#2647,.F.);
#2649=ADVANCED_FACE('',(#2644,#2648),#2638,.T.);
#2650=CARTESIAN_POINT('',(0.E0,-7.485E0,-3.25E0));
#2651=DIRECTION('',(0.E0,1.E0,0.E0));
#2652=DIRECTION('',(1.E0,0.E0,0.E0));
#2653=AXIS2_PLACEMENT_3D('',#2650,#2651,#2652);
#2654=CYLINDRICAL_SURFACE('',#2653,1.75E0);
#2656=ORIENTED_EDGE('',*,*,#2655,.T.);
#2658=ORIENTED_EDGE('',*,*,#2657,.F.);
#2660=ORIENTED_EDGE('',*,*,#2659,.F.);
#2662=ORIENTED_EDGE('',*,*,#2661,.T.);
#2664=ORIENTED_EDGE('',*,*,#2663,.F.);
#2665=ORIENTED_EDGE('',*,*,#2639,.T.);
#2667=ORIENTED_EDGE('',*,*,#2666,.T.);
#2669=ORIENTED_EDGE('',*,*,#2668,.T.);
#2670=EDGE_LOOP('',(#2656,#2658,#2660,#2662,#2664,#2665,#2667,#2669));
#2671=FACE_OUTER_BOUND('',#2670,.F.);
#2672=ADVANCED_FACE('',(#2671),#2654,.T.);
#2673=CARTESIAN_POINT('',(4.E-1,-7.788038340633E0,-1.148270380163E0));
#2674=DIRECTION('',(1.E0,0.E0,0.E0));
#2675=DIRECTION('',(0.E0,1.E0,0.E0));
#2676=AXIS2_PLACEMENT_3D('',#2673,#2674,#2675);
#2677=PLANE('',#2676);
#2678=ORIENTED_EDGE('',*,*,#2655,.F.);
#2680=ORIENTED_EDGE('',*,*,#2679,.T.);
#2682=ORIENTED_EDGE('',*,*,#2681,.T.);
#2684=ORIENTED_EDGE('',*,*,#2683,.T.);
#2686=ORIENTED_EDGE('',*,*,#2685,.T.);
#2688=ORIENTED_EDGE('',*,*,#2687,.F.);
#2689=EDGE_LOOP('',(#2678,#2680,#2682,#2684,#2686,#2688));
#2690=FACE_OUTER_BOUND('',#2689,.F.);
#2691=ADVANCED_FACE('',(#2690),#2677,.F.);
#2692=CARTESIAN_POINT('',(0.E0,-7.E0,-3.25E0));
#2693=DIRECTION('',(0.E0,1.E0,0.E0));
#2694=DIRECTION('',(-9.999555924467E-1,0.E0,9.424072080256E-3));
#2695=AXIS2_PLACEMENT_3D('',#2692,#2693,#2694);
#2696=TOROIDAL_SURFACE('',#2695,1.55E0,2.E-1);
#2698=ORIENTED_EDGE('',*,*,#2697,.T.);
#2699=ORIENTED_EDGE('',*,*,#2679,.F.);
#2700=ORIENTED_EDGE('',*,*,#2668,.F.);
#2702=ORIENTED_EDGE('',*,*,#2701,.F.);
#2703=ORIENTED_EDGE('',*,*,#2683,.F.);
#2704=EDGE_LOOP('',(#2698,#2699,#2700,#2702,#2703));
#2705=FACE_OUTER_BOUND('',#2704,.F.);
#2706=ADVANCED_FACE('',(#2705),#2696,.T.);
#2707=CARTESIAN_POINT('',(0.E0,-7.2E0,-3.25E0));
#2708=DIRECTION('',(0.E0,1.E0,0.E0));
#2709=DIRECTION('',(1.E0,0.E0,0.E0));
#2710=AXIS2_PLACEMENT_3D('',#2707,#2708,#2709);
#2711=PLANE('',#2710);
#2712=ORIENTED_EDGE('',*,*,#2681,.F.);
#2713=ORIENTED_EDGE('',*,*,#2697,.F.);
#2714=EDGE_LOOP('',(#2712,#2713));
#2715=FACE_OUTER_BOUND('',#2714,.F.);
#2716=ADVANCED_FACE('',(#2715),#2711,.F.);
#2717=CARTESIAN_POINT('',(0.E0,-7.485E0,-3.25E0));
#2718=DIRECTION('',(0.E0,1.E0,0.E0));
#2719=DIRECTION('',(1.E0,0.E0,0.E0));
#2720=AXIS2_PLACEMENT_3D('',#2717,#2718,#2719);
#2721=CYLINDRICAL_SURFACE('',#2720,1.75E0);
#2722=ORIENTED_EDGE('',*,*,#2685,.F.);
#2723=ORIENTED_EDGE('',*,*,#2701,.T.);
#2724=ORIENTED_EDGE('',*,*,#2666,.F.);
#2725=ORIENTED_EDGE('',*,*,#2641,.F.);
#2726=ORIENTED_EDGE('',*,*,#2663,.T.);
#2728=ORIENTED_EDGE('',*,*,#2727,.T.);
#2730=ORIENTED_EDGE('',*,*,#2729,.T.);
#2732=ORIENTED_EDGE('',*,*,#2731,.F.);
#2733=EDGE_LOOP('',(#2722,#2723,#2724,#2725,#2726,#2728,#2730,#2732));
#2734=FACE_OUTER_BOUND('',#2733,.F.);
#2735=ADVANCED_FACE('',(#2734),#2721,.T.);
#2736=CARTESIAN_POINT('',(0.E0,-7.E0,-3.25E0));
#2737=DIRECTION('',(0.E0,1.E0,0.E0));
#2738=DIRECTION('',(-9.999555924467E-1,0.E0,9.424072080256E-3));
#2739=AXIS2_PLACEMENT_3D('',#2736,#2737,#2738);
#2740=TOROIDAL_SURFACE('',#2739,1.55E0,2.E-1);
#2741=ORIENTED_EDGE('',*,*,#2727,.F.);
#2742=ORIENTED_EDGE('',*,*,#2661,.F.);
#2744=ORIENTED_EDGE('',*,*,#2743,.F.);
#2746=ORIENTED_EDGE('',*,*,#2745,.T.);
#2748=ORIENTED_EDGE('',*,*,#2747,.F.);
#2749=EDGE_LOOP('',(#2741,#2742,#2744,#2746,#2748));
#2750=FACE_OUTER_BOUND('',#2749,.F.);
#2751=ADVANCED_FACE('',(#2750),#2740,.T.);
#2752=CARTESIAN_POINT('',(-4.E-1,-6.4E0,-1.148270380163E0));
#2753=DIRECTION('',(-1.E0,0.E0,0.E0));
#2754=DIRECTION('',(0.E0,-1.E0,0.E0));
#2755=AXIS2_PLACEMENT_3D('',#2752,#2753,#2754);
#2756=PLANE('',#2755);
#2757=ORIENTED_EDGE('',*,*,#2659,.T.);
#2759=ORIENTED_EDGE('',*,*,#2758,.T.);
#2760=ORIENTED_EDGE('',*,*,#2729,.F.);
#2761=ORIENTED_EDGE('',*,*,#2747,.T.);
#2763=ORIENTED_EDGE('',*,*,#2762,.F.);
#2764=ORIENTED_EDGE('',*,*,#2743,.T.);
#2765=EDGE_LOOP('',(#2757,#2759,#2760,#2761,#2763,#2764));
#2766=FACE_OUTER_BOUND('',#2765,.F.);
#2767=ADVANCED_FACE('',(#2766),#2756,.F.);
#2768=CARTESIAN_POINT('',(4.E-1,-6.4E0,-1.148270380163E0));
#2769=DIRECTION('',(0.E0,1.E0,0.E0));
#2770=DIRECTION('',(-1.E0,0.E0,0.E0));
#2771=AXIS2_PLACEMENT_3D('',#2768,#2769,#2770);
#2772=PLANE('',#2771);
#2773=ORIENTED_EDGE('',*,*,#2657,.T.);
#2774=ORIENTED_EDGE('',*,*,#2687,.T.);
#2775=ORIENTED_EDGE('',*,*,#2731,.T.);
#2776=ORIENTED_EDGE('',*,*,#2758,.F.);
#2777=EDGE_LOOP('',(#2773,#2774,#2775,#2776));
#2778=FACE_OUTER_BOUND('',#2777,.F.);
#2779=ADVANCED_FACE('',(#2778),#2772,.F.);
#2780=CARTESIAN_POINT('',(0.E0,-7.2E0,-3.25E0));
#2781=DIRECTION('',(0.E0,1.E0,0.E0));
#2782=DIRECTION('',(1.E0,0.E0,0.E0));
#2783=AXIS2_PLACEMENT_3D('',#2780,#2781,#2782);
#2784=PLANE('',#2783);
#2785=ORIENTED_EDGE('',*,*,#2762,.T.);
#2786=ORIENTED_EDGE('',*,*,#2745,.F.);
#2787=EDGE_LOOP('',(#2785,#2786));
#2788=FACE_OUTER_BOUND('',#2787,.F.);
#2789=ADVANCED_FACE('',(#2788),#2784,.F.);
#2790=CARTESIAN_POINT('',(0.E0,-2.E0,-1.25E0));
#2791=DIRECTION('',(0.E0,0.E0,-1.E0));
#2792=DIRECTION('',(1.E0,0.E0,0.E0));
#2793=AXIS2_PLACEMENT_3D('',#2790,#2791,#2792);
#2794=CYLINDRICAL_SURFACE('',#2793,1.3E0);
#2796=ORIENTED_EDGE('',*,*,#2795,.F.);
#2798=ORIENTED_EDGE('',*,*,#2797,.F.);
#2799=ORIENTED_EDGE('',*,*,#2518,.T.);
#2801=ORIENTED_EDGE('',*,*,#2800,.T.);
#2802=EDGE_LOOP('',(#2796,#2798,#2799,#2801));
#2803=FACE_OUTER_BOUND('',#2802,.F.);
#2805=ORIENTED_EDGE('',*,*,#2804,.T.);
#2807=ORIENTED_EDGE('',*,*,#2806,.T.);
#2808=EDGE_LOOP('',(#2805,#2807));
#2809=FACE_BOUND('',#2808,.F.);
#2810=ADVANCED_FACE('',(#2803,#2809),#2794,.F.);
#2811=CARTESIAN_POINT('',(-2.E0,1.E0,-5.222819254623E0));
#2812=DIRECTION('',(0.E0,0.E0,-1.E0));
#2813=DIRECTION('',(1.E0,0.E0,0.E0));
#2814=AXIS2_PLACEMENT_3D('',#2811,#2812,#2813);
#2815=PLANE('',#2814);
#2816=ORIENTED_EDGE('',*,*,#2795,.T.);
#2818=ORIENTED_EDGE('',*,*,#2817,.T.);
#2819=EDGE_LOOP('',(#2816,#2818));
#2820=FACE_OUTER_BOUND('',#2819,.F.);
#2821=ADVANCED_FACE('',(#2820),#2815,.F.);
#2822=CARTESIAN_POINT('',(0.E0,-2.E0,-1.25E0));
#2823=DIRECTION('',(0.E0,0.E0,-1.E0));
#2824=DIRECTION('',(1.E0,0.E0,0.E0));
#2825=AXIS2_PLACEMENT_3D('',#2822,#2823,#2824);
#2826=CYLINDRICAL_SURFACE('',#2825,1.3E0);
#2827=ORIENTED_EDGE('',*,*,#2817,.F.);
#2828=ORIENTED_EDGE('',*,*,#2800,.F.);
#2829=ORIENTED_EDGE('',*,*,#2520,.T.);
#2830=ORIENTED_EDGE('',*,*,#2797,.T.);
#2831=EDGE_LOOP('',(#2827,#2828,#2829,#2830));
#2832=FACE_OUTER_BOUND('',#2831,.F.);
#2833=ADVANCED_FACE('',(#2832),#2826,.F.);
#2834=CARTESIAN_POINT('',(0.E0,-7.485E0,-3.25E0));
#2835=DIRECTION('',(0.E0,1.E0,0.E0));
#2836=DIRECTION('',(1.E0,0.E0,0.E0));
#2837=AXIS2_PLACEMENT_3D('',#2834,#2835,#2836);
#2838=CYLINDRICAL_SURFACE('',#2837,1.25E0);
#2839=ORIENTED_EDGE('',*,*,#2804,.F.);
#2841=ORIENTED_EDGE('',*,*,#2840,.F.);
#2843=ORIENTED_EDGE('',*,*,#2842,.T.);
#2845=ORIENTED_EDGE('',*,*,#2844,.T.);
#2846=EDGE_LOOP('',(#2839,#2841,#2843,#2845));
#2847=FACE_OUTER_BOUND('',#2846,.F.);
#2848=ADVANCED_FACE('',(#2847),#2838,.T.);
#2849=CARTESIAN_POINT('',(0.E0,-7.485E0,-3.25E0));
#2850=DIRECTION('',(0.E0,1.E0,0.E0));
#2851=DIRECTION('',(1.E0,0.E0,0.E0));
#2852=AXIS2_PLACEMENT_3D('',#2849,#2850,#2851);
#2853=CYLINDRICAL_SURFACE('',#2852,1.25E0);
#2854=ORIENTED_EDGE('',*,*,#2806,.F.);
#2855=ORIENTED_EDGE('',*,*,#2844,.F.);
#2857=ORIENTED_EDGE('',*,*,#2856,.F.);
#2858=ORIENTED_EDGE('',*,*,#2840,.T.);
#2859=EDGE_LOOP('',(#2854,#2855,#2857,#2858));
#2860=FACE_OUTER_BOUND('',#2859,.F.);
#2861=ADVANCED_FACE('',(#2860),#2853,.T.);
#2862=CARTESIAN_POINT('',(0.E0,-1.6125E0,-3.25E0));
#2863=DIRECTION('',(0.E0,-1.E0,0.E0));
#2864=DIRECTION('',(-1.E0,0.E0,0.E0));
#2865=AXIS2_PLACEMENT_3D('',#2862,#2863,#2864);
#2866=CONICAL_SURFACE('',#2865,1.1375E0,4.5E1);
#2867=ORIENTED_EDGE('',*,*,#2856,.T.);
#2869=ORIENTED_EDGE('',*,*,#2868,.T.);
#2871=ORIENTED_EDGE('',*,*,#2870,.F.);
#2873=ORIENTED_EDGE('',*,*,#2872,.F.);
#2874=EDGE_LOOP('',(#2867,#2869,#2871,#2873));
#2875=FACE_OUTER_BOUND('',#2874,.F.);
#2876=ADVANCED_FACE('',(#2875),#2866,.T.);
#2877=CARTESIAN_POINT('',(0.E0,-1.6125E0,-3.25E0));
#2878=DIRECTION('',(0.E0,-1.E0,0.E0));
#2879=DIRECTION('',(-1.E0,0.E0,0.E0));
#2880=AXIS2_PLACEMENT_3D('',#2877,#2878,#2879);
#2881=CONICAL_SURFACE('',#2880,1.1375E0,4.5E1);
#2882=ORIENTED_EDGE('',*,*,#2842,.F.);
#2883=ORIENTED_EDGE('',*,*,#2872,.T.);
#2885=ORIENTED_EDGE('',*,*,#2884,.T.);
#2886=ORIENTED_EDGE('',*,*,#2868,.F.);
#2887=EDGE_LOOP('',(#2882,#2883,#2885,#2886));
#2888=FACE_OUTER_BOUND('',#2887,.F.);
#2889=ADVANCED_FACE('',(#2888),#2881,.T.);
#2890=CARTESIAN_POINT('',(0.E0,-1.5E0,-3.25E0));
#2891=DIRECTION('',(0.E0,1.E0,0.E0));
#2892=DIRECTION('',(1.E0,0.E0,0.E0));
#2893=AXIS2_PLACEMENT_3D('',#2890,#2891,#2892);
#2894=PLANE('',#2893);
#2895=ORIENTED_EDGE('',*,*,#2884,.F.);
#2896=ORIENTED_EDGE('',*,*,#2870,.T.);
#2897=EDGE_LOOP('',(#2895,#2896));
#2898=FACE_OUTER_BOUND('',#2897,.F.);
#2899=ADVANCED_FACE('',(#2898),#2894,.T.);
#2900=CARTESIAN_POINT('',(-2.1E0,0.E0,5.35E0));
#2901=DIRECTION('',(-1.E0,0.E0,0.E0));
#2902=DIRECTION('',(0.E0,0.E0,-1.E0));
#2903=AXIS2_PLACEMENT_3D('',#2900,#2901,#2902);
#2904=PLANE('',#2903);
#2905=ORIENTED_EDGE('',*,*,#1796,.F.);
#2907=ORIENTED_EDGE('',*,*,#2906,.T.);
#2909=ORIENTED_EDGE('',*,*,#2908,.T.);
#2910=ORIENTED_EDGE('',*,*,#1833,.F.);
#2911=EDGE_LOOP('',(#2905,#2907,#2909,#2910));
#2912=FACE_OUTER_BOUND('',#2911,.F.);
#2913=ADVANCED_FACE('',(#2912),#2904,.F.);
#2914=CARTESIAN_POINT('',(2.1E0,0.E0,5.35E0));
#2915=DIRECTION('',(0.E0,0.E0,1.E0));
#2916=DIRECTION('',(-1.E0,0.E0,0.E0));
#2917=AXIS2_PLACEMENT_3D('',#2914,#2915,#2916);
#2918=PLANE('',#2917);
#2919=ORIENTED_EDGE('',*,*,#1794,.F.);
#2920=ORIENTED_EDGE('',*,*,#1821,.T.);
#2922=ORIENTED_EDGE('',*,*,#2921,.T.);
#2923=ORIENTED_EDGE('',*,*,#2906,.F.);
#2924=EDGE_LOOP('',(#2919,#2920,#2922,#2923));
#2925=FACE_OUTER_BOUND('',#2924,.F.);
#2926=ADVANCED_FACE('',(#2925),#2918,.F.);
#2927=CARTESIAN_POINT('',(0.E0,1.E0,0.E0));
#2928=DIRECTION('',(0.E0,-1.E0,0.E0));
#2929=DIRECTION('',(-1.E0,0.E0,0.E0));
#2930=AXIS2_PLACEMENT_3D('',#2927,#2928,#2929);
#2931=PLANE('',#2930);
#2932=ORIENTED_EDGE('',*,*,#1819,.F.);
#2933=ORIENTED_EDGE('',*,*,#1835,.F.);
#2934=ORIENTED_EDGE('',*,*,#2908,.F.);
#2935=ORIENTED_EDGE('',*,*,#2921,.F.);
#2936=EDGE_LOOP('',(#2932,#2933,#2934,#2935));
#2937=FACE_OUTER_BOUND('',#2936,.F.);
#2939=ORIENTED_EDGE('',*,*,#2938,.T.);
#2941=ORIENTED_EDGE('',*,*,#2940,.T.);
#2943=ORIENTED_EDGE('',*,*,#2942,.T.);
#2945=ORIENTED_EDGE('',*,*,#2944,.T.);
#2946=EDGE_LOOP('',(#2939,#2941,#2943,#2945));
#2947=FACE_BOUND('',#2946,.F.);
#2948=ADVANCED_FACE('',(#2937,#2947),#2931,.T.);
#2949=CARTESIAN_POINT('',(-2.E0,1.E0,1.25E0));
#2950=DIRECTION('',(0.E0,0.E0,-1.E0));
#2951=DIRECTION('',(1.E0,0.E0,0.E0));
#2952=AXIS2_PLACEMENT_3D('',#2949,#2950,#2951);
#2953=PLANE('',#2952);
#2955=ORIENTED_EDGE('',*,*,#2954,.T.);
#2957=ORIENTED_EDGE('',*,*,#2956,.T.);
#2959=ORIENTED_EDGE('',*,*,#2958,.T.);
#2961=ORIENTED_EDGE('',*,*,#2960,.F.);
#2962=ORIENTED_EDGE('',*,*,#2938,.F.);
#2963=EDGE_LOOP('',(#2955,#2957,#2959,#2961,#2962));
#2964=FACE_OUTER_BOUND('',#2963,.F.);
#2966=ORIENTED_EDGE('',*,*,#2965,.T.);
#2968=ORIENTED_EDGE('',*,*,#2967,.T.);
#2969=EDGE_LOOP('',(#2966,#2968));
#2970=FACE_BOUND('',#2969,.F.);
#2971=ADVANCED_FACE('',(#2964,#2970),#2953,.T.);
#2972=CARTESIAN_POINT('',(-2.E0,1.E0,5.25E0));
#2973=DIRECTION('',(-1.E0,0.E0,0.E0));
#2974=DIRECTION('',(0.E0,0.E0,-1.E0));
#2975=AXIS2_PLACEMENT_3D('',#2972,#2973,#2974);
#2976=PLANE('',#2975);
#2977=ORIENTED_EDGE('',*,*,#2944,.F.);
#2979=ORIENTED_EDGE('',*,*,#2978,.T.);
#2981=ORIENTED_EDGE('',*,*,#2980,.T.);
#2983=ORIENTED_EDGE('',*,*,#2982,.T.);
#2984=ORIENTED_EDGE('',*,*,#2954,.F.);
#2985=EDGE_LOOP('',(#2977,#2979,#2981,#2983,#2984));
#2986=FACE_OUTER_BOUND('',#2985,.F.);
#2987=ADVANCED_FACE('',(#2986),#2976,.T.);
#2988=CARTESIAN_POINT('',(2.E0,1.E0,5.25E0));
#2989=DIRECTION('',(0.E0,0.E0,1.E0));
#2990=DIRECTION('',(-1.E0,0.E0,0.E0));
#2991=AXIS2_PLACEMENT_3D('',#2988,#2989,#2990);
#2992=PLANE('',#2991);
#2994=ORIENTED_EDGE('',*,*,#2993,.T.);
#2996=ORIENTED_EDGE('',*,*,#2995,.T.);
#2998=ORIENTED_EDGE('',*,*,#2997,.T.);
#2999=ORIENTED_EDGE('',*,*,#2978,.F.);
#3000=ORIENTED_EDGE('',*,*,#2942,.F.);
#3001=EDGE_LOOP('',(#2994,#2996,#2998,#2999,#3000));
#3002=FACE_OUTER_BOUND('',#3001,.F.);
#3003=ADVANCED_FACE('',(#3002),#2992,.T.);
#3004=CARTESIAN_POINT('',(2.E0,1.E0,1.25E0));
#3005=DIRECTION('',(1.E0,0.E0,0.E0));
#3006=DIRECTION('',(0.E0,0.E0,1.E0));
#3007=AXIS2_PLACEMENT_3D('',#3004,#3005,#3006);
#3008=PLANE('',#3007);
#3009=ORIENTED_EDGE('',*,*,#2940,.F.);
#3010=ORIENTED_EDGE('',*,*,#2960,.T.);
#3012=ORIENTED_EDGE('',*,*,#3011,.T.);
#3014=ORIENTED_EDGE('',*,*,#3013,.T.);
#3015=ORIENTED_EDGE('',*,*,#2993,.F.);
#3016=EDGE_LOOP('',(#3009,#3010,#3012,#3014,#3015));
#3017=FACE_OUTER_BOUND('',#3016,.F.);
#3018=ADVANCED_FACE('',(#3017),#3008,.T.);
#3019=CARTESIAN_POINT('',(0.E0,-4.760853688262E0,3.25E0));
#3020=DIRECTION('',(0.E0,1.E0,0.E0));
#3021=DIRECTION('',(1.E0,0.E0,0.E0));
#3022=AXIS2_PLACEMENT_3D('',#3019,#3020,#3021);
#3023=CONICAL_SURFACE('',#3022,2.414213562373E0,6.E1);
#3024=ORIENTED_EDGE('',*,*,#3011,.F.);
#3025=ORIENTED_EDGE('',*,*,#2958,.F.);
#3027=ORIENTED_EDGE('',*,*,#3026,.T.);
#3028=EDGE_LOOP('',(#3024,#3025,#3027));
#3029=FACE_OUTER_BOUND('',#3028,.F.);
#3030=ADVANCED_FACE('',(#3029),#3023,.T.);
#3031=CARTESIAN_POINT('',(-2.E0,-5.E0,1.25E0));
#3032=DIRECTION('',(0.E0,-1.E0,0.E0));
#3033=DIRECTION('',(1.E0,0.E0,0.E0));
#3034=AXIS2_PLACEMENT_3D('',#3031,#3032,#3033);
#3035=PLANE('',#3034);
#3037=ORIENTED_EDGE('',*,*,#3036,.F.);
#3039=ORIENTED_EDGE('',*,*,#3038,.F.);
#3041=ORIENTED_EDGE('',*,*,#3040,.F.);
#3042=ORIENTED_EDGE('',*,*,#3026,.F.);
#3043=EDGE_LOOP('',(#3037,#3039,#3041,#3042));
#3044=FACE_OUTER_BOUND('',#3043,.F.);
#3046=ORIENTED_EDGE('',*,*,#3045,.F.);
#3048=ORIENTED_EDGE('',*,*,#3047,.F.);
#3049=EDGE_LOOP('',(#3046,#3048));
#3050=FACE_BOUND('',#3049,.F.);
#3051=ADVANCED_FACE('',(#3044,#3050),#3035,.T.);
#3052=CARTESIAN_POINT('',(0.E0,-4.760853688262E0,3.25E0));
#3053=DIRECTION('',(0.E0,1.E0,0.E0));
#3054=DIRECTION('',(1.E0,0.E0,0.E0));
#3055=AXIS2_PLACEMENT_3D('',#3052,#3053,#3054);
#3056=CONICAL_SURFACE('',#3055,2.414213562373E0,6.E1);
#3057=ORIENTED_EDGE('',*,*,#2956,.F.);
#3058=ORIENTED_EDGE('',*,*,#2982,.F.);
#3059=ORIENTED_EDGE('',*,*,#3036,.T.);
#3060=EDGE_LOOP('',(#3057,#3058,#3059));
#3061=FACE_OUTER_BOUND('',#3060,.F.);
#3062=ADVANCED_FACE('',(#3061),#3056,.T.);
#3063=CARTESIAN_POINT('',(0.E0,-4.760853688262E0,3.25E0));
#3064=DIRECTION('',(0.E0,1.E0,0.E0));
#3065=DIRECTION('',(1.E0,0.E0,0.E0));
#3066=AXIS2_PLACEMENT_3D('',#3063,#3064,#3065);
#3067=CONICAL_SURFACE('',#3066,2.414213562373E0,6.E1);
#3068=ORIENTED_EDGE('',*,*,#2980,.F.);
#3069=ORIENTED_EDGE('',*,*,#2997,.F.);
#3070=ORIENTED_EDGE('',*,*,#3038,.T.);
#3071=EDGE_LOOP('',(#3068,#3069,#3070));
#3072=FACE_OUTER_BOUND('',#3071,.F.);
#3073=ADVANCED_FACE('',(#3072),#3067,.T.);
#3074=CARTESIAN_POINT('',(0.E0,-4.760853688262E0,3.25E0));
#3075=DIRECTION('',(0.E0,1.E0,0.E0));
#3076=DIRECTION('',(1.E0,0.E0,0.E0));
#3077=AXIS2_PLACEMENT_3D('',#3074,#3075,#3076);
#3078=CONICAL_SURFACE('',#3077,2.414213562373E0,6.E1);
#3079=ORIENTED_EDGE('',*,*,#2995,.F.);
#3080=ORIENTED_EDGE('',*,*,#3013,.F.);
#3081=ORIENTED_EDGE('',*,*,#3040,.T.);
#3082=EDGE_LOOP('',(#3079,#3080,#3081));
#3083=FACE_OUTER_BOUND('',#3082,.F.);
#3084=ADVANCED_FACE('',(#3083),#3078,.T.);
#3085=CARTESIAN_POINT('',(0.E0,-7.485E0,3.25E0));
#3086=DIRECTION('',(0.E0,1.E0,0.E0));
#3087=DIRECTION('',(1.E0,0.E0,0.E0));
#3088=AXIS2_PLACEMENT_3D('',#3085,#3086,#3087);
#3089=CYLINDRICAL_SURFACE('',#3088,1.25E0);
#3090=ORIENTED_EDGE('',*,*,#3045,.T.);
#3092=ORIENTED_EDGE('',*,*,#3091,.T.);
#3094=ORIENTED_EDGE('',*,*,#3093,.F.);
#3096=ORIENTED_EDGE('',*,*,#3095,.F.);
#3097=EDGE_LOOP('',(#3090,#3092,#3094,#3096));
#3098=FACE_OUTER_BOUND('',#3097,.F.);
#3099=ADVANCED_FACE('',(#3098),#3089,.T.);
#3100=CARTESIAN_POINT('',(0.E0,-7.485E0,3.25E0));
#3101=DIRECTION('',(0.E0,1.E0,0.E0));
#3102=DIRECTION('',(1.E0,0.E0,0.E0));
#3103=AXIS2_PLACEMENT_3D('',#3100,#3101,#3102);
#3104=CYLINDRICAL_SURFACE('',#3103,1.25E0);
#3105=ORIENTED_EDGE('',*,*,#3047,.T.);
#3106=ORIENTED_EDGE('',*,*,#3095,.T.);
#3108=ORIENTED_EDGE('',*,*,#3107,.T.);
#3109=ORIENTED_EDGE('',*,*,#3091,.F.);
#3110=EDGE_LOOP('',(#3105,#3106,#3108,#3109));
#3111=FACE_OUTER_BOUND('',#3110,.F.);
#3112=ADVANCED_FACE('',(#3111),#3104,.T.);
#3113=CARTESIAN_POINT('',(0.E0,-6.E0,3.25E0));
#3114=DIRECTION('',(0.E0,1.E0,0.E0));
#3115=DIRECTION('',(1.E0,0.E0,0.E0));
#3116=AXIS2_PLACEMENT_3D('',#3113,#3114,#3115);
#3117=PLANE('',#3116);
#3119=ORIENTED_EDGE('',*,*,#3118,.F.);
#3121=ORIENTED_EDGE('',*,*,#3120,.T.);
#3122=EDGE_LOOP('',(#3119,#3121));
#3123=FACE_OUTER_BOUND('',#3122,.F.);
#3124=ORIENTED_EDGE('',*,*,#3107,.F.);
#3125=ORIENTED_EDGE('',*,*,#3093,.T.);
#3126=EDGE_LOOP('',(#3124,#3125));
#3127=FACE_BOUND('',#3126,.F.);
#3128=ADVANCED_FACE('',(#3123,#3127),#3117,.T.);
#3129=CARTESIAN_POINT('',(0.E0,-7.485E0,3.25E0));
#3130=DIRECTION('',(0.E0,1.E0,0.E0));
#3131=DIRECTION('',(1.E0,0.E0,0.E0));
#3132=AXIS2_PLACEMENT_3D('',#3129,#3130,#3131);
#3133=CYLINDRICAL_SURFACE('',#3132,1.75E0);
#3135=ORIENTED_EDGE('',*,*,#3134,.T.);
#3137=ORIENTED_EDGE('',*,*,#3136,.F.);
#3139=ORIENTED_EDGE('',*,*,#3138,.F.);
#3141=ORIENTED_EDGE('',*,*,#3140,.T.);
#3143=ORIENTED_EDGE('',*,*,#3142,.F.);
#3144=ORIENTED_EDGE('',*,*,#3118,.T.);
#3146=ORIENTED_EDGE('',*,*,#3145,.T.);
#3148=ORIENTED_EDGE('',*,*,#3147,.T.);
#3149=EDGE_LOOP('',(#3135,#3137,#3139,#3141,#3143,#3144,#3146,#3148));
#3150=FACE_OUTER_BOUND('',#3149,.F.);
#3151=ADVANCED_FACE('',(#3150),#3133,.T.);
#3152=CARTESIAN_POINT('',(4.E-1,-7.788038340633E0,5.351729619837E0));
#3153=DIRECTION('',(1.E0,0.E0,0.E0));
#3154=DIRECTION('',(0.E0,1.E0,0.E0));
#3155=AXIS2_PLACEMENT_3D('',#3152,#3153,#3154);
#3156=PLANE('',#3155);
#3157=ORIENTED_EDGE('',*,*,#3134,.F.);
#3159=ORIENTED_EDGE('',*,*,#3158,.T.);
#3161=ORIENTED_EDGE('',*,*,#3160,.T.);
#3163=ORIENTED_EDGE('',*,*,#3162,.T.);
#3165=ORIENTED_EDGE('',*,*,#3164,.T.);
#3167=ORIENTED_EDGE('',*,*,#3166,.F.);
#3168=EDGE_LOOP('',(#3157,#3159,#3161,#3163,#3165,#3167));
#3169=FACE_OUTER_BOUND('',#3168,.F.);
#3170=ADVANCED_FACE('',(#3169),#3156,.F.);
#3171=CARTESIAN_POINT('',(0.E0,-7.E0,3.25E0));
#3172=DIRECTION('',(0.E0,1.E0,0.E0));
#3173=DIRECTION('',(-9.999555924467E-1,0.E0,9.424072080256E-3));
#3174=AXIS2_PLACEMENT_3D('',#3171,#3172,#3173);
#3175=TOROIDAL_SURFACE('',#3174,1.55E0,2.E-1);
#3177=ORIENTED_EDGE('',*,*,#3176,.T.);
#3178=ORIENTED_EDGE('',*,*,#3158,.F.);
#3179=ORIENTED_EDGE('',*,*,#3147,.F.);
#3181=ORIENTED_EDGE('',*,*,#3180,.F.);
#3182=ORIENTED_EDGE('',*,*,#3162,.F.);
#3183=EDGE_LOOP('',(#3177,#3178,#3179,#3181,#3182));
#3184=FACE_OUTER_BOUND('',#3183,.F.);
#3185=ADVANCED_FACE('',(#3184),#3175,.T.);
#3186=CARTESIAN_POINT('',(0.E0,-7.2E0,3.25E0));
#3187=DIRECTION('',(0.E0,1.E0,0.E0));
#3188=DIRECTION('',(1.E0,0.E0,0.E0));
#3189=AXIS2_PLACEMENT_3D('',#3186,#3187,#3188);
#3190=PLANE('',#3189);
#3191=ORIENTED_EDGE('',*,*,#3160,.F.);
#3192=ORIENTED_EDGE('',*,*,#3176,.F.);
#3193=EDGE_LOOP('',(#3191,#3192));
#3194=FACE_OUTER_BOUND('',#3193,.F.);
#3195=ADVANCED_FACE('',(#3194),#3190,.F.);
#3196=CARTESIAN_POINT('',(0.E0,-7.485E0,3.25E0));
#3197=DIRECTION('',(0.E0,1.E0,0.E0));
#3198=DIRECTION('',(1.E0,0.E0,0.E0));
#3199=AXIS2_PLACEMENT_3D('',#3196,#3197,#3198);
#3200=CYLINDRICAL_SURFACE('',#3199,1.75E0);
#3201=ORIENTED_EDGE('',*,*,#3164,.F.);
#3202=ORIENTED_EDGE('',*,*,#3180,.T.);
#3203=ORIENTED_EDGE('',*,*,#3145,.F.);
#3204=ORIENTED_EDGE('',*,*,#3120,.F.);
#3205=ORIENTED_EDGE('',*,*,#3142,.T.);
#3207=ORIENTED_EDGE('',*,*,#3206,.T.);
#3209=ORIENTED_EDGE('',*,*,#3208,.T.);
#3211=ORIENTED_EDGE('',*,*,#3210,.F.);
#3212=EDGE_LOOP('',(#3201,#3202,#3203,#3204,#3205,#3207,#3209,#3211));
#3213=FACE_OUTER_BOUND('',#3212,.F.);
#3214=ADVANCED_FACE('',(#3213),#3200,.T.);
#3215=CARTESIAN_POINT('',(0.E0,-7.E0,3.25E0));
#3216=DIRECTION('',(0.E0,1.E0,0.E0));
#3217=DIRECTION('',(-9.999555924467E-1,0.E0,9.424072080256E-3));
#3218=AXIS2_PLACEMENT_3D('',#3215,#3216,#3217);
#3219=TOROIDAL_SURFACE('',#3218,1.55E0,2.E-1);
#3220=ORIENTED_EDGE('',*,*,#3206,.F.);
#3221=ORIENTED_EDGE('',*,*,#3140,.F.);
#3223=ORIENTED_EDGE('',*,*,#3222,.F.);
#3225=ORIENTED_EDGE('',*,*,#3224,.T.);
#3227=ORIENTED_EDGE('',*,*,#3226,.F.);
#3228=EDGE_LOOP('',(#3220,#3221,#3223,#3225,#3227));
#3229=FACE_OUTER_BOUND('',#3228,.F.);
#3230=ADVANCED_FACE('',(#3229),#3219,.T.);
#3231=CARTESIAN_POINT('',(-4.E-1,-6.4E0,5.351729619837E0));
#3232=DIRECTION('',(-1.E0,0.E0,0.E0));
#3233=DIRECTION('',(0.E0,-1.E0,0.E0));
#3234=AXIS2_PLACEMENT_3D('',#3231,#3232,#3233);
#3235=PLANE('',#3234);
#3236=ORIENTED_EDGE('',*,*,#3138,.T.);
#3238=ORIENTED_EDGE('',*,*,#3237,.T.);
#3239=ORIENTED_EDGE('',*,*,#3208,.F.);
#3240=ORIENTED_EDGE('',*,*,#3226,.T.);
#3242=ORIENTED_EDGE('',*,*,#3241,.F.);
#3243=ORIENTED_EDGE('',*,*,#3222,.T.);
#3244=EDGE_LOOP('',(#3236,#3238,#3239,#3240,#3242,#3243));
#3245=FACE_OUTER_BOUND('',#3244,.F.);
#3246=ADVANCED_FACE('',(#3245),#3235,.F.);
#3247=CARTESIAN_POINT('',(4.E-1,-6.4E0,5.351729619837E0));
#3248=DIRECTION('',(0.E0,1.E0,0.E0));
#3249=DIRECTION('',(-1.E0,0.E0,0.E0));
#3250=AXIS2_PLACEMENT_3D('',#3247,#3248,#3249);
#3251=PLANE('',#3250);
#3252=ORIENTED_EDGE('',*,*,#3136,.T.);
#3253=ORIENTED_EDGE('',*,*,#3166,.T.);
#3254=ORIENTED_EDGE('',*,*,#3210,.T.);
#3255=ORIENTED_EDGE('',*,*,#3237,.F.);
#3256=EDGE_LOOP('',(#3252,#3253,#3254,#3255));
#3257=FACE_OUTER_BOUND('',#3256,.F.);
#3258=ADVANCED_FACE('',(#3257),#3251,.F.);
#3259=CARTESIAN_POINT('',(0.E0,-7.2E0,3.25E0));
#3260=DIRECTION('',(0.E0,1.E0,0.E0));
#3261=DIRECTION('',(1.E0,0.E0,0.E0));
#3262=AXIS2_PLACEMENT_3D('',#3259,#3260,#3261);
#3263=PLANE('',#3262);
#3264=ORIENTED_EDGE('',*,*,#3241,.T.);
#3265=ORIENTED_EDGE('',*,*,#3224,.F.);
#3266=EDGE_LOOP('',(#3264,#3265));
#3267=FACE_OUTER_BOUND('',#3266,.F.);
#3268=ADVANCED_FACE('',(#3267),#3263,.F.);
#3269=CARTESIAN_POINT('',(0.E0,-2.E0,5.25E0));
#3270=DIRECTION('',(0.E0,0.E0,-1.E0));
#3271=DIRECTION('',(1.E0,0.E0,0.E0));
#3272=AXIS2_PLACEMENT_3D('',#3269,#3270,#3271);
#3273=CYLINDRICAL_SURFACE('',#3272,1.3E0);
#3275=ORIENTED_EDGE('',*,*,#3274,.T.);
#3277=ORIENTED_EDGE('',*,*,#3276,.T.);
#3278=ORIENTED_EDGE('',*,*,#2965,.F.);
#3280=ORIENTED_EDGE('',*,*,#3279,.F.);
#3281=EDGE_LOOP('',(#3275,#3277,#3278,#3280));
#3282=FACE_OUTER_BOUND('',#3281,.F.);
#3284=ORIENTED_EDGE('',*,*,#3283,.T.);
#3286=ORIENTED_EDGE('',*,*,#3285,.T.);
#3287=EDGE_LOOP('',(#3284,#3286));
#3288=FACE_BOUND('',#3287,.F.);
#3289=ADVANCED_FACE('',(#3282,#3288),#3273,.F.);
#3290=CARTESIAN_POINT('',(2.E0,1.E0,5.222819254623E0));
#3291=DIRECTION('',(0.E0,0.E0,1.E0));
#3292=DIRECTION('',(-1.E0,0.E0,0.E0));
#3293=AXIS2_PLACEMENT_3D('',#3290,#3291,#3292);
#3294=PLANE('',#3293);
#3295=ORIENTED_EDGE('',*,*,#3274,.F.);
#3297=ORIENTED_EDGE('',*,*,#3296,.F.);
#3298=EDGE_LOOP('',(#3295,#3297));
#3299=FACE_OUTER_BOUND('',#3298,.F.);
#3300=ADVANCED_FACE('',(#3299),#3294,.F.);
#3301=CARTESIAN_POINT('',(0.E0,-2.E0,5.25E0));
#3302=DIRECTION('',(0.E0,0.E0,-1.E0));
#3303=DIRECTION('',(1.E0,0.E0,0.E0));
#3304=AXIS2_PLACEMENT_3D('',#3301,#3302,#3303);
#3305=CYLINDRICAL_SURFACE('',#3304,1.3E0);
#3306=ORIENTED_EDGE('',*,*,#3296,.T.);
#3307=ORIENTED_EDGE('',*,*,#3279,.T.);
#3308=ORIENTED_EDGE('',*,*,#2967,.F.);
#3309=ORIENTED_EDGE('',*,*,#3276,.F.);
#3310=EDGE_LOOP('',(#3306,#3307,#3308,#3309));
#3311=FACE_OUTER_BOUND('',#3310,.F.);
#3312=ADVANCED_FACE('',(#3311),#3305,.F.);
#3313=CARTESIAN_POINT('',(0.E0,-7.485E0,3.25E0));
#3314=DIRECTION('',(0.E0,1.E0,0.E0));
#3315=DIRECTION('',(1.E0,0.E0,0.E0));
#3316=AXIS2_PLACEMENT_3D('',#3313,#3314,#3315);
#3317=CYLINDRICAL_SURFACE('',#3316,1.25E0);
#3318=ORIENTED_EDGE('',*,*,#3283,.F.);
#3320=ORIENTED_EDGE('',*,*,#3319,.F.);
#3322=ORIENTED_EDGE('',*,*,#3321,.T.);
#3324=ORIENTED_EDGE('',*,*,#3323,.T.);
#3325=EDGE_LOOP('',(#3318,#3320,#3322,#3324));
#3326=FACE_OUTER_BOUND('',#3325,.F.);
#3327=ADVANCED_FACE('',(#3326),#3317,.T.);
#3328=CARTESIAN_POINT('',(0.E0,-7.485E0,3.25E0));
#3329=DIRECTION('',(0.E0,1.E0,0.E0));
#3330=DIRECTION('',(1.E0,0.E0,0.E0));
#3331=AXIS2_PLACEMENT_3D('',#3328,#3329,#3330);
#3332=CYLINDRICAL_SURFACE('',#3331,1.25E0);
#3333=ORIENTED_EDGE('',*,*,#3285,.F.);
#3334=ORIENTED_EDGE('',*,*,#3323,.F.);
#3336=ORIENTED_EDGE('',*,*,#3335,.F.);
#3337=ORIENTED_EDGE('',*,*,#3319,.T.);
#3338=EDGE_LOOP('',(#3333,#3334,#3336,#3337));
#3339=FACE_OUTER_BOUND('',#3338,.F.);
#3340=ADVANCED_FACE('',(#3339),#3332,.T.);
#3341=CARTESIAN_POINT('',(0.E0,-1.6125E0,3.25E0));
#3342=DIRECTION('',(0.E0,-1.E0,0.E0));
#3343=DIRECTION('',(-1.E0,0.E0,0.E0));
#3344=AXIS2_PLACEMENT_3D('',#3341,#3342,#3343);
#3345=CONICAL_SURFACE('',#3344,1.1375E0,4.5E1);
#3346=ORIENTED_EDGE('',*,*,#3335,.T.);
#3348=ORIENTED_EDGE('',*,*,#3347,.T.);
#3350=ORIENTED_EDGE('',*,*,#3349,.F.);
#3352=ORIENTED_EDGE('',*,*,#3351,.F.);
#3353=EDGE_LOOP('',(#3346,#3348,#3350,#3352));
#3354=FACE_OUTER_BOUND('',#3353,.F.);
#3355=ADVANCED_FACE('',(#3354),#3345,.T.);
#3356=CARTESIAN_POINT('',(0.E0,-1.6125E0,3.25E0));
#3357=DIRECTION('',(0.E0,-1.E0,0.E0));
#3358=DIRECTION('',(-1.E0,0.E0,0.E0));
#3359=AXIS2_PLACEMENT_3D('',#3356,#3357,#3358);
#3360=CONICAL_SURFACE('',#3359,1.1375E0,4.5E1);
#3361=ORIENTED_EDGE('',*,*,#3321,.F.);
#3362=ORIENTED_EDGE('',*,*,#3351,.T.);
#3364=ORIENTED_EDGE('',*,*,#3363,.T.);
#3365=ORIENTED_EDGE('',*,*,#3347,.F.);
#3366=EDGE_LOOP('',(#3361,#3362,#3364,#3365));
#3367=FACE_OUTER_BOUND('',#3366,.F.);
#3368=ADVANCED_FACE('',(#3367),#3360,.T.);
#3369=CARTESIAN_POINT('',(0.E0,-1.5E0,3.25E0));
#3370=DIRECTION('',(0.E0,1.E0,0.E0));
#3371=DIRECTION('',(1.E0,0.E0,0.E0));
#3372=AXIS2_PLACEMENT_3D('',#3369,#3370,#3371);
#3373=PLANE('',#3372);
#3374=ORIENTED_EDGE('',*,*,#3363,.F.);
#3375=ORIENTED_EDGE('',*,*,#3349,.T.);
#3376=EDGE_LOOP('',(#3374,#3375));
#3377=FACE_OUTER_BOUND('',#3376,.F.);
#3378=ADVANCED_FACE('',(#3377),#3373,.T.);
#3379=CLOSED_SHELL('',(#1810,#1825,#1844,#1858,#1872,#1892,#1904,#1941,#1958,
#1973,#1988,#2003,#2017,#2030,#2042,#2057,#2070,#2086,#2101,#2114,#2129,#2142,
#2158,#2173,#2186,#2201,#2216,#2230,#2242,#2252,#2267,#2290,#2305,#2324,#2338,
#2352,#2370,#2382,#2395,#2408,#2420,#2434,#2447,#2469,#2486,#2502,#2524,#2539,
#2551,#2572,#2583,#2594,#2605,#2620,#2633,#2649,#2672,#2691,#2706,#2716,#2735,
#2751,#2767,#2779,#2789,#2810,#2821,#2833,#2848,#2861,#2876,#2889,#2899,#2913,
#2926,#2948,#2971,#2987,#3003,#3018,#3030,#3051,#3062,#3073,#3084,#3099,#3112,
#3128,#3151,#3170,#3185,#3195,#3214,#3230,#3246,#3258,#3268,#3289,#3300,#3312,
#3327,#3340,#3355,#3368,#3378));
#3380=MANIFOLD_SOLID_BREP('',#3379);
#3381=(LENGTH_UNIT()NAMED_UNIT(*)SI_UNIT(.MILLI.,.METRE.));
#3382=DIMENSIONAL_EXPONENTS(0.E0,0.E0,0.E0,0.E0,0.E0,0.E0,0.E0);
#3383=(NAMED_UNIT(*)PLANE_ANGLE_UNIT()SI_UNIT($,.RADIAN.));
#3384=PLANE_ANGLE_MEASURE_WITH_UNIT(PLANE_ANGLE_MEASURE(1.745329251994E-2),
#3383);
#3385=(CONVERSION_BASED_UNIT('DEGREE',#3384)NAMED_UNIT(#3382)PLANE_ANGLE_UNIT(
));
#3386=(NAMED_UNIT(*)SI_UNIT($,.STERADIAN.)SOLID_ANGLE_UNIT());
#3387=UNCERTAINTY_MEASURE_WITH_UNIT(LENGTH_MEASURE(7.550207049101E-4),#3381,
'closure',
'Maximum model space distance between geometric entities at asserted connectivities');
#3388=(GEOMETRIC_REPRESENTATION_CONTEXT(3)GLOBAL_UNCERTAINTY_ASSIGNED_CONTEXT((
#3387))GLOBAL_UNIT_ASSIGNED_CONTEXT((#3381,#3385,#3386))REPRESENTATION_CONTEXT(
'ID1','3'));
#3390=APPLICATION_CONTEXT(
'CONFIGURATION CONTROLLED 3D DESIGNS OF MECHANICAL PARTS AND ASSEMBLIES');
#3391=APPLICATION_PROTOCOL_DEFINITION('international standard',
'config_control_design',1994,#3390);
#3392=DESIGN_CONTEXT('',#3390,'design');
#3393=MECHANICAL_CONTEXT('',#3390,'mechanical');
#3394=PRODUCT('AV0630C900_SW0001','AV0630C900_SW0001','NOT SPECIFIED',(#3393));
#3395=PRODUCT_DEFINITION_FORMATION_WITH_SPECIFIED_SOURCE('1','LAST_VERSION',
#3394,.MADE.);
#3399=PRODUCT_CATEGORY('part','');
#3400=PRODUCT_RELATED_PRODUCT_CATEGORY('detail','',(#3394));
#3401=PRODUCT_CATEGORY_RELATIONSHIP('','',#3399,#3400);
#3402=SECURITY_CLASSIFICATION_LEVEL('unclassified');
#3403=SECURITY_CLASSIFICATION('','',#3402);
#3404=CC_DESIGN_SECURITY_CLASSIFICATION(#3403,(#3395));
#3405=APPROVAL_STATUS('approved');
#3406=APPROVAL(#3405,'');
#3407=CC_DESIGN_APPROVAL(#3406,(#3403,#3395,#3396));
#3408=CALENDAR_DATE(108,22,10);
#3409=COORDINATED_UNIVERSAL_TIME_OFFSET(3,0,.AHEAD.);
#3410=LOCAL_TIME(14,57,3.E0,#3409);
#3411=DATE_AND_TIME(#3408,#3410);
#3412=APPROVAL_DATE_TIME(#3411,#3406);
#3413=DATE_TIME_ROLE('creation_date');
#3414=CC_DESIGN_DATE_AND_TIME_ASSIGNMENT(#3411,#3413,(#3396));
#3415=DATE_TIME_ROLE('classification_date');
#3416=CC_DESIGN_DATE_AND_TIME_ASSIGNMENT(#3411,#3415,(#3403));
#3417=PERSON('UNSPECIFIED','UNSPECIFIED',$,$,$,$);
#3418=ORGANIZATION('UNSPECIFIED','UNSPECIFIED','UNSPECIFIED');
#3419=PERSON_AND_ORGANIZATION(#3417,#3418);
#3420=APPROVAL_ROLE('approver');
#3421=APPROVAL_PERSON_ORGANIZATION(#3419,#3406,#3420);
#3422=PERSON_AND_ORGANIZATION_ROLE('creator');
#3423=CC_DESIGN_PERSON_AND_ORGANIZATION_ASSIGNMENT(#3419,#3422,(#3395,#3396));
#3424=PERSON_AND_ORGANIZATION_ROLE('design_supplier');
#3425=CC_DESIGN_PERSON_AND_ORGANIZATION_ASSIGNMENT(#3419,#3424,(#3395));
#3426=PERSON_AND_ORGANIZATION_ROLE('classification_officer');
#3427=CC_DESIGN_PERSON_AND_ORGANIZATION_ASSIGNMENT(#3419,#3426,(#3403));
#3428=PERSON_AND_ORGANIZATION_ROLE('design_owner');
#3429=CC_DESIGN_PERSON_AND_ORGANIZATION_ASSIGNMENT(#3419,#3428,(#3394));
#77=CIRCLE('',#76,6.1E0);
#88=B_SPLINE_CURVE_WITH_KNOTS('',3,(#82,#83,#84,#85,#86,#87),.UNSPECIFIED.,.F.,
.F.,(4,1,1,4),(0.E0,3.333333333333E-1,6.666666666667E-1,1.E0),.UNSPECIFIED.);
#93=CIRCLE('',#92,6.1E0);
#104=B_SPLINE_CURVE_WITH_KNOTS('',3,(#98,#99,#100,#101,#102,#103),.UNSPECIFIED.,
.F.,.F.,(4,1,1,4),(0.E0,3.333333333333E-1,6.666666666667E-1,1.E0),
.UNSPECIFIED.);
#109=CIRCLE('',#108,7.2E0);
#114=CIRCLE('',#113,7.35E0);
#119=CIRCLE('',#118,3.E-1);
#124=CIRCLE('',#123,7.2E0);
#137=CIRCLE('',#136,7.35E0);
#142=CIRCLE('',#141,3.E-1);
#147=CIRCLE('',#146,7.2E0);
#156=CIRCLE('',#155,7.2E0);
#173=CIRCLE('',#172,8.E0);
#178=CIRCLE('',#177,8.E0);
#183=CIRCLE('',#182,8.E0);
#188=CIRCLE('',#187,8.E0);
#193=CIRCLE('',#192,9.E0);
#206=CIRCLE('',#205,9.E0);
#219=CIRCLE('',#218,9.E0);
#224=CIRCLE('',#223,9.E0);
#229=CIRCLE('',#228,6.5E0);
#234=CIRCLE('',#233,6.5E0);
#239=CIRCLE('',#238,5.9E0);
#244=CIRCLE('',#243,5.9E0);
#257=CIRCLE('',#256,5.856066017178E0);
#262=CIRCLE('',#261,5.9E0);
#267=CIRCLE('',#266,1.5E-1);
#280=CIRCLE('',#279,5.856066017178E0);
#285=CIRCLE('',#284,5.9E0);
#290=CIRCLE('',#289,1.5E-1);
#295=CIRCLE('',#294,5.4E0);
#300=CIRCLE('',#299,5.4E0);
#305=CIRCLE('',#304,6.1E0);
#314=CIRCLE('',#313,6.1E0);
#319=CIRCLE('',#318,6.1E0);
#324=CIRCLE('',#323,6.1E0);
#405=CIRCLE('',#404,9.5E0);
#420=B_SPLINE_CURVE_WITH_KNOTS('',3,(#406,#407,#408,#409,#410,#411,#412,#413,
#414,#415,#416,#417,#418,#419),.UNSPECIFIED.,.F.,.F.,(4,1,1,1,1,1,1,1,1,1,1,4),(
0.E0,9.090909090909E-2,1.818181818182E-1,2.727272727273E-1,3.636363636364E-1,
4.545454545455E-1,5.454545454545E-1,6.363636363636E-1,7.272727272727E-1,
8.181818181818E-1,9.090909090909E-1,1.E0),.UNSPECIFIED.);
#425=CIRCLE('',#424,1.E1);
#440=B_SPLINE_CURVE_WITH_KNOTS('',3,(#426,#427,#428,#429,#430,#431,#432,#433,
#434,#435,#436,#437,#438,#439),.UNSPECIFIED.,.F.,.F.,(4,1,1,1,1,1,1,1,1,1,1,4),(
0.E0,9.090909090909E-2,1.818181818182E-1,2.727272727273E-1,3.636363636364E-1,
4.545454545455E-1,5.454545454545E-1,6.363636363636E-1,7.272727272727E-1,
8.181818181818E-1,9.090909090909E-1,1.E0),.UNSPECIFIED.);
#445=CIRCLE('',#444,9.5E0);
#460=B_SPLINE_CURVE_WITH_KNOTS('',3,(#446,#447,#448,#449,#450,#451,#452,#453,
#454,#455,#456,#457,#458,#459),.UNSPECIFIED.,.F.,.F.,(4,1,1,1,1,1,1,1,1,1,1,4),(
0.E0,9.090909090909E-2,1.818181818182E-1,2.727272727273E-1,3.636363636364E-1,
4.545454545455E-1,5.454545454545E-1,6.363636363636E-1,7.272727272727E-1,
8.181818181818E-1,9.090909090909E-1,1.E0),.UNSPECIFIED.);
#465=CIRCLE('',#464,1.E1);
#480=B_SPLINE_CURVE_WITH_KNOTS('',3,(#466,#467,#468,#469,#470,#471,#472,#473,
#474,#475,#476,#477,#478,#479),.UNSPECIFIED.,.F.,.F.,(4,1,1,1,1,1,1,1,1,1,1,4),(
0.E0,9.090909090909E-2,1.818181818182E-1,2.727272727273E-1,3.636363636364E-1,
4.545454545455E-1,5.454545454545E-1,6.363636363636E-1,7.272727272727E-1,
8.181818181818E-1,9.090909090909E-1,1.E0),.UNSPECIFIED.);
#537=B_SPLINE_CURVE_WITH_KNOTS('',3,(#525,#526,#527,#528,#529,#530,#531,#532,
#533,#534,#535,#536),.UNSPECIFIED.,.F.,.F.,(4,1,1,1,1,1,1,1,1,4),(0.E0,
1.111111111111E-1,2.222222222222E-1,3.333333333333E-1,4.444444444444E-1,
5.555555555556E-1,6.666666666667E-1,7.777777777778E-1,8.888888888889E-1,1.E0),
.UNSPECIFIED.);
#550=B_SPLINE_CURVE_WITH_KNOTS('',3,(#538,#539,#540,#541,#542,#543,#544,#545,
#546,#547,#548,#549),.UNSPECIFIED.,.F.,.F.,(4,1,1,1,1,1,1,1,1,4),(0.E0,
1.111111111111E-1,2.222222222222E-1,3.333333333333E-1,4.444444444444E-1,
5.555555555556E-1,6.666666666667E-1,7.777777777778E-1,8.888888888889E-1,1.E0),
.UNSPECIFIED.);
#567=B_SPLINE_CURVE_WITH_KNOTS('',3,(#555,#556,#557,#558,#559,#560,#561,#562,
#563,#564,#565,#566),.UNSPECIFIED.,.F.,.F.,(4,1,1,1,1,1,1,1,1,4),(0.E0,
1.111111111111E-1,2.222222222222E-1,3.333333333333E-1,4.444444444444E-1,
5.555555555556E-1,6.666666666667E-1,7.777777777778E-1,8.888888888889E-1,1.E0),
.UNSPECIFIED.);
#580=B_SPLINE_CURVE_WITH_KNOTS('',3,(#568,#569,#570,#571,#572,#573,#574,#575,
#576,#577,#578,#579),.UNSPECIFIED.,.F.,.F.,(4,1,1,1,1,1,1,1,1,4),(0.E0,
1.111111111111E-1,2.222222222222E-1,3.333333333333E-1,4.444444444444E-1,
5.555555555556E-1,6.666666666667E-1,7.777777777778E-1,8.888888888889E-1,1.E0),
.UNSPECIFIED.);
#597=B_SPLINE_CURVE_WITH_KNOTS('',3,(#585,#586,#587,#588,#589,#590,#591,#592,
#593,#594,#595,#596),.UNSPECIFIED.,.F.,.F.,(4,1,1,1,1,1,1,1,1,4),(0.E0,
1.111111111111E-1,2.222222222222E-1,3.333333333333E-1,4.444444444444E-1,
5.555555555556E-1,6.666666666667E-1,7.777777777778E-1,8.888888888889E-1,1.E0),
.UNSPECIFIED.);
#610=B_SPLINE_CURVE_WITH_KNOTS('',3,(#598,#599,#600,#601,#602,#603,#604,#605,
#606,#607,#608,#609),.UNSPECIFIED.,.F.,.F.,(4,1,1,1,1,1,1,1,1,4),(0.E0,
1.111111111111E-1,2.222222222222E-1,3.333333333333E-1,4.444444444444E-1,
5.555555555556E-1,6.666666666667E-1,7.777777777778E-1,8.888888888889E-1,1.E0),
.UNSPECIFIED.);
#615=CIRCLE('',#614,1.3E0);
#620=CIRCLE('',#619,1.3E0);
#637=B_SPLINE_CURVE_WITH_KNOTS('',3,(#625,#626,#627,#628,#629,#630,#631,#632,
#633,#634,#635,#636),.UNSPECIFIED.,.F.,.F.,(4,1,1,1,1,1,1,1,1,4),(0.E0,
1.111111111111E-1,2.222222222222E-1,3.333333333333E-1,4.444444444444E-1,
5.555555555556E-1,6.666666666667E-1,7.777777777778E-1,8.888888888889E-1,1.E0),
.UNSPECIFIED.);
#650=B_SPLINE_CURVE_WITH_KNOTS('',3,(#638,#639,#640,#641,#642,#643,#644,#645,
#646,#647,#648,#649),.UNSPECIFIED.,.F.,.F.,(4,1,1,1,1,1,1,1,1,4),(0.E0,
1.111111111111E-1,2.222222222222E-1,3.333333333333E-1,4.444444444444E-1,
5.555555555556E-1,6.666666666667E-1,7.777777777778E-1,8.888888888889E-1,1.E0),
.UNSPECIFIED.);
#655=CIRCLE('',#654,2.E0);
#660=CIRCLE('',#659,2.E0);
#665=CIRCLE('',#664,2.E0);
#670=CIRCLE('',#669,2.E0);
#675=CIRCLE('',#674,1.25E0);
#680=CIRCLE('',#679,1.25E0);
#693=CIRCLE('',#692,1.25E0);
#698=CIRCLE('',#697,1.25E0);
#703=CIRCLE('',#702,1.75E0);
#716=CIRCLE('',#715,1.55E0);
#729=B_SPLINE_CURVE_WITH_KNOTS('',3,(#717,#718,#719,#720,#721,#722,#723,#724,
#725,#726,#727,#728),.UNSPECIFIED.,.F.,.F.,(4,1,1,1,1,1,1,1,1,4),(0.E0,
1.111111111111E-1,2.222222222222E-1,3.333333333333E-1,4.444444444444E-1,
5.555555555556E-1,6.666666666667E-1,7.777777777778E-1,8.888888888889E-1,1.E0),
.UNSPECIFIED.);
#734=CIRCLE('',#733,1.75E0);
#739=CIRCLE('',#738,1.75E0);
#752=B_SPLINE_CURVE_WITH_KNOTS('',3,(#740,#741,#742,#743,#744,#745,#746,#747,
#748,#749,#750,#751),.UNSPECIFIED.,.F.,.F.,(4,1,1,1,1,1,1,1,1,4),(0.E0,
1.111111111111E-1,2.222222222222E-1,3.333333333333E-1,4.444444444444E-1,
5.555555555556E-1,6.666666666667E-1,7.777777777778E-1,8.888888888889E-1,1.E0),
.UNSPECIFIED.);
#765=CIRCLE('',#764,1.75E0);
#774=CIRCLE('',#773,1.75E0);
#779=CIRCLE('',#778,1.75E0);
#792=B_SPLINE_CURVE_WITH_KNOTS('',3,(#780,#781,#782,#783,#784,#785,#786,#787,
#788,#789,#790,#791),.UNSPECIFIED.,.F.,.F.,(4,1,1,1,1,1,1,1,1,4),(0.E0,
1.111111111111E-1,2.222222222222E-1,3.333333333333E-1,4.444444444444E-1,
5.555555555556E-1,6.666666666667E-1,7.777777777778E-1,8.888888888889E-1,1.E0),
.UNSPECIFIED.);
#797=CIRCLE('',#796,1.55E0);
#810=B_SPLINE_CURVE_WITH_KNOTS('',3,(#798,#799,#800,#801,#802,#803,#804,#805,
#806,#807,#808,#809),.UNSPECIFIED.,.F.,.F.,(4,1,1,1,1,1,1,1,1,4),(0.E0,
1.111111111111E-1,2.222222222222E-1,3.333333333333E-1,4.444444444444E-1,
5.555555555556E-1,6.666666666667E-1,7.777777777778E-1,8.888888888889E-1,1.E0),
.UNSPECIFIED.);
#827=CIRCLE('',#826,1.75E0);
#836=CIRCLE('',#835,1.75E0);
#845=CIRCLE('',#844,1.3E0);
#896=B_SPLINE_CURVE_WITH_KNOTS('',3,(#850,#851,#852,#853,#854,#855,#856,#857,
#858,#859,#860,#861,#862,#863,#864,#865,#866,#867,#868,#869,#870,#871,#872,#873,
#874,#875,#876,#877,#878,#879,#880,#881,#882,#883,#884,#885,#886,#887,#888,#889,
#890,#891,#892,#893,#894,#895),.UNSPECIFIED.,.F.,.F.,(4,1,1,1,1,1,1,1,1,1,1,1,1,
1,1,1,1,1,1,1,1,1,1,1,1,1,1,1,1,1,1,1,1,1,1,1,1,1,1,1,1,1,1,4),(0.E0,
2.325581395349E-2,4.651162790698E-2,6.976744186047E-2,9.302325581395E-2,
1.162790697674E-1,1.395348837209E-1,1.627906976744E-1,1.860465116279E-1,
2.093023255814E-1,2.325581395349E-1,2.558139534884E-1,2.790697674419E-1,
3.023255813953E-1,3.255813953488E-1,3.488372093023E-1,3.720930232558E-1,
3.953488372093E-1,4.186046511628E-1,4.418604651163E-1,4.651162790698E-1,
4.883720930233E-1,5.116279069767E-1,5.348837209302E-1,5.581395348837E-1,
5.813953488372E-1,6.046511627907E-1,6.279069767442E-1,6.511627906977E-1,
6.744186046512E-1,6.976744186047E-1,7.209302325581E-1,7.441860465116E-1,
7.674418604651E-1,7.906976744186E-1,8.139534883721E-1,8.372093023256E-1,
8.604651162791E-1,8.837209302326E-1,9.069767441860E-1,9.302325581395E-1,
9.534883720930E-1,9.767441860465E-1,1.E0),.UNSPECIFIED.);
#943=B_SPLINE_CURVE_WITH_KNOTS('',3,(#897,#898,#899,#900,#901,#902,#903,#904,
#905,#906,#907,#908,#909,#910,#911,#912,#913,#914,#915,#916,#917,#918,#919,#920,
#921,#922,#923,#924,#925,#926,#927,#928,#929,#930,#931,#932,#933,#934,#935,#936,
#937,#938,#939,#940,#941,#942),.UNSPECIFIED.,.F.,.F.,(4,1,1,1,1,1,1,1,1,1,1,1,1,
1,1,1,1,1,1,1,1,1,1,1,1,1,1,1,1,1,1,1,1,1,1,1,1,1,1,1,1,1,1,4),(0.E0,
2.325581395349E-2,4.651162790698E-2,6.976744186047E-2,9.302325581395E-2,
1.162790697674E-1,1.395348837209E-1,1.627906976744E-1,1.860465116279E-1,
2.093023255814E-1,2.325581395349E-1,2.558139534884E-1,2.790697674419E-1,
3.023255813953E-1,3.255813953488E-1,3.488372093023E-1,3.720930232558E-1,
3.953488372093E-1,4.186046511628E-1,4.418604651163E-1,4.651162790698E-1,
4.883720930233E-1,5.116279069767E-1,5.348837209302E-1,5.581395348837E-1,
5.813953488372E-1,6.046511627907E-1,6.279069767442E-1,6.511627906977E-1,
6.744186046512E-1,6.976744186047E-1,7.209302325581E-1,7.441860465116E-1,
7.674418604651E-1,7.906976744186E-1,8.139534883721E-1,8.372093023256E-1,
8.604651162791E-1,8.837209302326E-1,9.069767441860E-1,9.302325581395E-1,
9.534883720930E-1,9.767441860465E-1,1.E0),.UNSPECIFIED.);
#948=CIRCLE('',#947,1.3E0);
#965=CIRCLE('',#964,1.25E0);
#974=CIRCLE('',#973,1.025E0);
#983=CIRCLE('',#982,1.25E0);
#988=CIRCLE('',#987,1.025E0);
#1045=B_SPLINE_CURVE_WITH_KNOTS('',3,(#1033,#1034,#1035,#1036,#1037,#1038,#1039,
#1040,#1041,#1042,#1043,#1044),.UNSPECIFIED.,.F.,.F.,(4,1,1,1,1,1,1,1,1,4),
(0.E0,1.111111111111E-1,2.222222222222E-1,3.333333333333E-1,4.444444444444E-1,
5.555555555556E-1,6.666666666667E-1,7.777777777778E-1,8.888888888889E-1,1.E0),
.UNSPECIFIED.);
#1058=B_SPLINE_CURVE_WITH_KNOTS('',3,(#1046,#1047,#1048,#1049,#1050,#1051,#1052,
#1053,#1054,#1055,#1056,#1057),.UNSPECIFIED.,.F.,.F.,(4,1,1,1,1,1,1,1,1,4),
(0.E0,1.111111111111E-1,2.222222222222E-1,3.333333333333E-1,4.444444444444E-1,
5.555555555556E-1,6.666666666667E-1,7.777777777778E-1,8.888888888889E-1,1.E0),
.UNSPECIFIED.);
#1063=CIRCLE('',#1062,1.3E0);
#1068=CIRCLE('',#1067,1.3E0);
#1085=B_SPLINE_CURVE_WITH_KNOTS('',3,(#1073,#1074,#1075,#1076,#1077,#1078,#1079,
#1080,#1081,#1082,#1083,#1084),.UNSPECIFIED.,.F.,.F.,(4,1,1,1,1,1,1,1,1,4),
(0.E0,1.111111111111E-1,2.222222222222E-1,3.333333333333E-1,4.444444444444E-1,
5.555555555556E-1,6.666666666667E-1,7.777777777778E-1,8.888888888889E-1,1.E0),
.UNSPECIFIED.);
#1098=B_SPLINE_CURVE_WITH_KNOTS('',3,(#1086,#1087,#1088,#1089,#1090,#1091,#1092,
#1093,#1094,#1095,#1096,#1097),.UNSPECIFIED.,.F.,.F.,(4,1,1,1,1,1,1,1,1,4),
(0.E0,1.111111111111E-1,2.222222222222E-1,3.333333333333E-1,4.444444444444E-1,
5.555555555556E-1,6.666666666667E-1,7.777777777778E-1,8.888888888889E-1,1.E0),
.UNSPECIFIED.);
#1115=B_SPLINE_CURVE_WITH_KNOTS('',3,(#1103,#1104,#1105,#1106,#1107,#1108,#1109,
#1110,#1111,#1112,#1113,#1114),.UNSPECIFIED.,.F.,.F.,(4,1,1,1,1,1,1,1,1,4),
(0.E0,1.111111111111E-1,2.222222222222E-1,3.333333333333E-1,4.444444444444E-1,
5.555555555556E-1,6.666666666667E-1,7.777777777778E-1,8.888888888889E-1,1.E0),
.UNSPECIFIED.);
#1128=B_SPLINE_CURVE_WITH_KNOTS('',3,(#1116,#1117,#1118,#1119,#1120,#1121,#1122,
#1123,#1124,#1125,#1126,#1127),.UNSPECIFIED.,.F.,.F.,(4,1,1,1,1,1,1,1,1,4),
(0.E0,1.111111111111E-1,2.222222222222E-1,3.333333333333E-1,4.444444444444E-1,
5.555555555556E-1,6.666666666667E-1,7.777777777778E-1,8.888888888889E-1,1.E0),
.UNSPECIFIED.);
#1145=B_SPLINE_CURVE_WITH_KNOTS('',3,(#1133,#1134,#1135,#1136,#1137,#1138,#1139,
#1140,#1141,#1142,#1143,#1144),.UNSPECIFIED.,.F.,.F.,(4,1,1,1,1,1,1,1,1,4),
(0.E0,1.111111111111E-1,2.222222222222E-1,3.333333333333E-1,4.444444444444E-1,
5.555555555556E-1,6.666666666667E-1,7.777777777778E-1,8.888888888889E-1,1.E0),
.UNSPECIFIED.);
#1158=B_SPLINE_CURVE_WITH_KNOTS('',3,(#1146,#1147,#1148,#1149,#1150,#1151,#1152,
#1153,#1154,#1155,#1156,#1157),.UNSPECIFIED.,.F.,.F.,(4,1,1,1,1,1,1,1,1,4),
(0.E0,1.111111111111E-1,2.222222222222E-1,3.333333333333E-1,4.444444444444E-1,
5.555555555556E-1,6.666666666667E-1,7.777777777778E-1,8.888888888889E-1,1.E0),
.UNSPECIFIED.);
#1163=CIRCLE('',#1162,2.E0);
#1168=CIRCLE('',#1167,2.E0);
#1173=CIRCLE('',#1172,2.E0);
#1178=CIRCLE('',#1177,2.E0);
#1183=CIRCLE('',#1182,1.25E0);
#1188=CIRCLE('',#1187,1.25E0);
#1201=CIRCLE('',#1200,1.25E0);
#1206=CIRCLE('',#1205,1.25E0);
#1211=CIRCLE('',#1210,1.75E0);
#1224=CIRCLE('',#1223,1.55E0);
#1237=B_SPLINE_CURVE_WITH_KNOTS('',3,(#1225,#1226,#1227,#1228,#1229,#1230,#1231,
#1232,#1233,#1234,#1235,#1236),.UNSPECIFIED.,.F.,.F.,(4,1,1,1,1,1,1,1,1,4),
(0.E0,1.111111111111E-1,2.222222222222E-1,3.333333333333E-1,4.444444444444E-1,
5.555555555556E-1,6.666666666667E-1,7.777777777778E-1,8.888888888889E-1,1.E0),
.UNSPECIFIED.);
#1242=CIRCLE('',#1241,1.75E0);
#1247=CIRCLE('',#1246,1.75E0);
#1260=B_SPLINE_CURVE_WITH_KNOTS('',3,(#1248,#1249,#1250,#1251,#1252,#1253,#1254,
#1255,#1256,#1257,#1258,#1259),.UNSPECIFIED.,.F.,.F.,(4,1,1,1,1,1,1,1,1,4),
(0.E0,1.111111111111E-1,2.222222222222E-1,3.333333333333E-1,4.444444444444E-1,
5.555555555556E-1,6.666666666667E-1,7.777777777778E-1,8.888888888889E-1,1.E0),
.UNSPECIFIED.);
#1273=CIRCLE('',#1272,1.75E0);
#1282=CIRCLE('',#1281,1.75E0);
#1287=CIRCLE('',#1286,1.75E0);
#1300=B_SPLINE_CURVE_WITH_KNOTS('',3,(#1288,#1289,#1290,#1291,#1292,#1293,#1294,
#1295,#1296,#1297,#1298,#1299),.UNSPECIFIED.,.F.,.F.,(4,1,1,1,1,1,1,1,1,4),
(0.E0,1.111111111111E-1,2.222222222222E-1,3.333333333333E-1,4.444444444444E-1,
5.555555555556E-1,6.666666666667E-1,7.777777777778E-1,8.888888888889E-1,1.E0),
.UNSPECIFIED.);
#1305=CIRCLE('',#1304,1.55E0);
#1318=B_SPLINE_CURVE_WITH_KNOTS('',3,(#1306,#1307,#1308,#1309,#1310,#1311,#1312,
#1313,#1314,#1315,#1316,#1317),.UNSPECIFIED.,.F.,.F.,(4,1,1,1,1,1,1,1,1,4),
(0.E0,1.111111111111E-1,2.222222222222E-1,3.333333333333E-1,4.444444444444E-1,
5.555555555556E-1,6.666666666667E-1,7.777777777778E-1,8.888888888889E-1,1.E0),
.UNSPECIFIED.);
#1335=CIRCLE('',#1334,1.75E0);
#1344=CIRCLE('',#1343,1.75E0);
#1353=CIRCLE('',#1352,1.3E0);
#1404=B_SPLINE_CURVE_WITH_KNOTS('',3,(#1358,#1359,#1360,#1361,#1362,#1363,#1364,
#1365,#1366,#1367,#1368,#1369,#1370,#1371,#1372,#1373,#1374,#1375,#1376,#1377,
#1378,#1379,#1380,#1381,#1382,#1383,#1384,#1385,#1386,#1387,#1388,#1389,#1390,
#1391,#1392,#1393,#1394,#1395,#1396,#1397,#1398,#1399,#1400,#1401,#1402,#1403),
.UNSPECIFIED.,.F.,.F.,(4,1,1,1,1,1,1,1,1,1,1,1,1,1,1,1,1,1,1,1,1,1,1,1,1,1,1,1,
1,1,1,1,1,1,1,1,1,1,1,1,1,1,1,4),(0.E0,2.325581395349E-2,4.651162790698E-2,
6.976744186047E-2,9.302325581395E-2,1.162790697674E-1,1.395348837209E-1,
1.627906976744E-1,1.860465116279E-1,2.093023255814E-1,2.325581395349E-1,
2.558139534884E-1,2.790697674419E-1,3.023255813953E-1,3.255813953488E-1,
3.488372093023E-1,3.720930232558E-1,3.953488372093E-1,4.186046511628E-1,
4.418604651163E-1,4.651162790698E-1,4.883720930233E-1,5.116279069767E-1,
5.348837209302E-1,5.581395348837E-1,5.813953488372E-1,6.046511627907E-1,
6.279069767442E-1,6.511627906977E-1,6.744186046512E-1,6.976744186047E-1,
7.209302325581E-1,7.441860465116E-1,7.674418604651E-1,7.906976744186E-1,
8.139534883721E-1,8.372093023256E-1,8.604651162791E-1,8.837209302326E-1,
9.069767441860E-1,9.302325581395E-1,9.534883720930E-1,9.767441860465E-1,1.E0),
.UNSPECIFIED.);
#1451=B_SPLINE_CURVE_WITH_KNOTS('',3,(#1405,#1406,#1407,#1408,#1409,#1410,#1411,
#1412,#1413,#1414,#1415,#1416,#1417,#1418,#1419,#1420,#1421,#1422,#1423,#1424,
#1425,#1426,#1427,#1428,#1429,#1430,#1431,#1432,#1433,#1434,#1435,#1436,#1437,
#1438,#1439,#1440,#1441,#1442,#1443,#1444,#1445,#1446,#1447,#1448,#1449,#1450),
.UNSPECIFIED.,.F.,.F.,(4,1,1,1,1,1,1,1,1,1,1,1,1,1,1,1,1,1,1,1,1,1,1,1,1,1,1,1,
1,1,1,1,1,1,1,1,1,1,1,1,1,1,1,4),(0.E0,2.325581395349E-2,4.651162790698E-2,
6.976744186047E-2,9.302325581395E-2,1.162790697674E-1,1.395348837209E-1,
1.627906976744E-1,1.860465116279E-1,2.093023255814E-1,2.325581395349E-1,
2.558139534884E-1,2.790697674419E-1,3.023255813953E-1,3.255813953488E-1,
3.488372093023E-1,3.720930232558E-1,3.953488372093E-1,4.186046511628E-1,
4.418604651163E-1,4.651162790698E-1,4.883720930233E-1,5.116279069767E-1,
5.348837209302E-1,5.581395348837E-1,5.813953488372E-1,6.046511627907E-1,
6.279069767442E-1,6.511627906977E-1,6.744186046512E-1,6.976744186047E-1,
7.209302325581E-1,7.441860465116E-1,7.674418604651E-1,7.906976744186E-1,
8.139534883721E-1,8.372093023256E-1,8.604651162791E-1,8.837209302326E-1,
9.069767441860E-1,9.302325581395E-1,9.534883720930E-1,9.767441860465E-1,1.E0),
.UNSPECIFIED.);
#1456=CIRCLE('',#1455,1.3E0);
#1473=CIRCLE('',#1472,1.25E0);
#1482=CIRCLE('',#1481,1.025E0);
#1491=CIRCLE('',#1490,1.25E0);
#1496=CIRCLE('',#1495,1.025E0);
#1792=EDGE_CURVE('',#1565,#1566,#4,.T.);
#1794=EDGE_CURVE('',#1566,#1568,#8,.T.);
#1796=EDGE_CURVE('',#1568,#1570,#12,.T.);
#1798=EDGE_CURVE('',#1570,#1572,#16,.T.);
#1800=EDGE_CURVE('',#1572,#1508,#20,.T.);
#1802=EDGE_CURVE('',#1507,#1508,#93,.T.);
#1804=EDGE_CURVE('',#1507,#1574,#24,.T.);
#1806=EDGE_CURVE('',#1565,#1574,#28,.T.);
#1817=EDGE_CURVE('',#1565,#1549,#32,.T.);
#1819=EDGE_CURVE('',#1549,#1550,#1000,.T.);
#1821=EDGE_CURVE('',#1566,#1550,#996,.T.);
#1831=EDGE_CURVE('',#1537,#1570,#44,.T.);
#1833=EDGE_CURVE('',#1570,#1554,#36,.T.);
#1835=EDGE_CURVE('',#1554,#1549,#1004,.T.);
#1838=EDGE_CURVE('',#1538,#1565,#72,.T.);
#1840=EDGE_CURVE('',#1537,#1538,#40,.T.);
#1852=EDGE_CURVE('',#1576,#1537,#48,.T.);
#1854=EDGE_CURVE('',#1572,#1576,#52,.T.);
#1864=EDGE_CURVE('',#1576,#1578,#56,.T.);
#1868=EDGE_CURVE('',#1578,#1538,#68,.T.);
#1880=EDGE_CURVE('',#1574,#1578,#60,.T.);
#1883=EDGE_CURVE('',#1507,#1519,#64,.T.);
#1885=EDGE_CURVE('',#1518,#1519,#445,.T.);
#1887=EDGE_CURVE('',#1508,#1518,#97,.T.);
#1910=EDGE_CURVE('',#1781,#1782,#77,.T.);
#1912=EDGE_CURVE('',#1504,#1781,#328,.T.);
#1914=EDGE_CURVE('',#1503,#1504,#324,.T.);
#1916=EDGE_CURVE('',#1503,#1511,#81,.T.);
#1918=EDGE_CURVE('',#1515,#1511,#440,.T.);
#1920=EDGE_CURVE('',#1515,#1520,#88,.T.);
#1922=EDGE_CURVE('',#1519,#1520,#460,.T.);
#1927=EDGE_CURVE('',#1522,#1518,#480,.T.);
#1929=EDGE_CURVE('',#1522,#1513,#104,.T.);
#1931=EDGE_CURVE('',#1512,#1513,#420,.T.);
#1933=EDGE_CURVE('',#1500,#1512,#384,.T.);
#1935=EDGE_CURVE('',#1499,#1500,#314,.T.);
#1937=EDGE_CURVE('',#1499,#1782,#309,.T.);
#1947=EDGE_CURVE('',#1649,#1650,#109,.T.);
#1949=EDGE_CURVE('',#1649,#1650,#156,.T.);
#1954=EDGE_CURVE('',#1782,#1781,#305,.T.);
#1964=EDGE_CURVE('',#1657,#1658,#124,.T.);
#1966=EDGE_CURVE('',#1649,#1657,#160,.T.);
#1969=EDGE_CURVE('',#1650,#1658,#151,.T.);
#1979=EDGE_CURVE('',#1653,#1654,#114,.T.);
#1981=EDGE_CURVE('',#1653,#1657,#119,.T.);
#1984=EDGE_CURVE('',#1654,#1658,#142,.T.);
#1995=EDGE_CURVE('',#1654,#1639,#132,.T.);
#1997=EDGE_CURVE('',#1629,#1639,#178,.T.);
#1999=EDGE_CURVE('',#1653,#1629,#128,.T.);
#2009=EDGE_CURVE('',#1654,#1653,#137,.T.);
#2012=EDGE_CURVE('',#1629,#1639,#173,.T.);
#2025=EDGE_CURVE('',#1658,#1657,#147,.T.);
#2048=EDGE_CURVE('',#1629,#1630,#164,.T.);
#2050=EDGE_CURVE('',#1630,#1640,#183,.T.);
#2052=EDGE_CURVE('',#1639,#1640,#168,.T.);
#2066=EDGE_CURVE('',#1630,#1640,#188,.T.);
#2076=EDGE_CURVE('',#1633,#1643,#193,.T.);
#2078=EDGE_CURVE('',#1633,#1643,#206,.T.);
#2092=EDGE_CURVE('',#1633,#1634,#197,.T.);
#2095=EDGE_CURVE('',#1643,#1644,#201,.T.);
#2097=EDGE_CURVE('',#1634,#1644,#224,.T.);
#2108=EDGE_CURVE('',#1634,#1644,#219,.T.);
#2120=EDGE_CURVE('',#1634,#1636,#210,.T.);
#2122=EDGE_CURVE('',#1636,#1646,#229,.T.);
#2124=EDGE_CURVE('',#1644,#1646,#214,.T.);
#2138=EDGE_CURVE('',#1636,#1646,#234,.T.);
#2152=EDGE_CURVE('',#1785,#1786,#239,.T.);
#2154=EDGE_CURVE('',#1786,#1785,#244,.T.);
#2165=EDGE_CURVE('',#1786,#1769,#252,.T.);
#2167=EDGE_CURVE('',#1769,#1770,#285,.T.);
#2169=EDGE_CURVE('',#1785,#1770,#248,.T.);
#2181=EDGE_CURVE('',#1770,#1769,#262,.T.);
#2192=EDGE_CURVE('',#1766,#1765,#257,.T.);
#2194=EDGE_CURVE('',#1765,#1769,#290,.T.);
#2197=EDGE_CURVE('',#1766,#1770,#267,.T.);
#2208=EDGE_CURVE('',#1766,#1761,#271,.T.);
#2210=EDGE_CURVE('',#1761,#1762,#295,.T.);
#2212=EDGE_CURVE('',#1765,#1762,#275,.T.);
#2222=EDGE_CURVE('',#1765,#1766,#280,.T.);
#2225=EDGE_CURVE('',#1761,#1762,#300,.T.);
#2261=EDGE_CURVE('',#1503,#1500,#319,.T.);
#2273=EDGE_CURVE('',#1557,#1558,#332,.T.);
#2275=EDGE_CURVE('',#1558,#1560,#336,.T.);
#2277=EDGE_CURVE('',#1560,#1562,#340,.T.);
#2279=EDGE_CURVE('',#1562,#1533,#344,.T.);
#2281=EDGE_CURVE('',#1533,#1503,#348,.T.);
#2284=EDGE_CURVE('',#1500,#1529,#352,.T.);
#2286=EDGE_CURVE('',#1557,#1529,#356,.T.);
#2297=EDGE_CURVE('',#1557,#1542,#360,.T.);
#2299=EDGE_CURVE('',#1542,#1544,#504,.T.);
#2301=EDGE_CURVE('',#1558,#1544,#488,.T.);
#2311=EDGE_CURVE('',#1526,#1562,#372,.T.);
#2313=EDGE_CURVE('',#1562,#1541,#364,.T.);
#2315=EDGE_CURVE('',#1541,#1542,#492,.T.);
#2318=EDGE_CURVE('',#1525,#1557,#400,.T.);
#2320=EDGE_CURVE('',#1525,#1526,#368,.T.);
#2332=EDGE_CURVE('',#1534,#1526,#376,.T.);
#2334=EDGE_CURVE('',#1533,#1534,#388,.T.);
#2344=EDGE_CURVE('',#1530,#1534,#392,.T.);
#2348=EDGE_CURVE('',#1530,#1525,#396,.T.);
#2358=EDGE_CURVE('',#1529,#1530,#380,.T.);
#2362=EDGE_CURVE('',#1511,#1512,#405,.T.);
#2390=EDGE_CURVE('',#1515,#1513,#425,.T.);
#2403=EDGE_CURVE('',#1522,#1520,#465,.T.);
#2427=EDGE_CURVE('',#1560,#1546,#484,.T.);
#2429=EDGE_CURVE('',#1546,#1541,#496,.T.);
#2442=EDGE_CURVE('',#1544,#1546,#500,.T.);
#2459=EDGE_CURVE('',#1597,#1598,#508,.T.);
#2461=EDGE_CURVE('',#1598,#1600,#512,.T.);
#2463=EDGE_CURVE('',#1600,#1602,#516,.T.);
#2465=EDGE_CURVE('',#1602,#1597,#520,.T.);
#2475=EDGE_CURVE('',#1597,#1587,#524,.T.);
#2477=EDGE_CURVE('',#1587,#1582,#537,.T.);
#2479=EDGE_CURVE('',#1582,#1588,#550,.T.);
#2481=EDGE_CURVE('',#1598,#1588,#624,.T.);
#2493=EDGE_CURVE('',#1602,#1590,#554,.T.);
#2495=EDGE_CURVE('',#1590,#1581,#567,.T.);
#2497=EDGE_CURVE('',#1581,#1587,#580,.T.);
#2508=EDGE_CURVE('',#1600,#1589,#584,.T.);
#2510=EDGE_CURVE('',#1589,#1586,#597,.T.);
#2512=EDGE_CURVE('',#1586,#1590,#610,.T.);
#2518=EDGE_CURVE('',#1593,#1594,#615,.T.);
#2520=EDGE_CURVE('',#1594,#1593,#620,.T.);
#2532=EDGE_CURVE('',#1588,#1584,#637,.T.);
#2534=EDGE_CURVE('',#1584,#1589,#650,.T.);
#2547=EDGE_CURVE('',#1582,#1584,#670,.T.);
#2557=EDGE_CURVE('',#1581,#1582,#655,.T.);
#2559=EDGE_CURVE('',#1586,#1581,#660,.T.);
#2561=EDGE_CURVE('',#1584,#1586,#665,.T.);
#2566=EDGE_CURVE('',#1755,#1756,#675,.T.);
#2568=EDGE_CURVE('',#1756,#1755,#680,.T.);
#2612=EDGE_CURVE('',#1756,#1712,#688,.T.);
#2614=EDGE_CURVE('',#1711,#1712,#698,.T.);
#2616=EDGE_CURVE('',#1755,#1711,#684,.T.);
#2628=EDGE_CURVE('',#1711,#1712,#693,.T.);
#2639=EDGE_CURVE('',#1715,#1716,#703,.T.);
#2641=EDGE_CURVE('',#1715,#1716,#765,.T.);
#2655=EDGE_CURVE('',#1723,#1724,#707,.T.);
#2657=EDGE_CURVE('',#1726,#1724,#827,.T.);
#2659=EDGE_CURVE('',#1728,#1726,#814,.T.);
#2661=EDGE_CURVE('',#1728,#1718,#779,.T.);
#2663=EDGE_CURVE('',#1715,#1718,#769,.T.);
#2666=EDGE_CURVE('',#1716,#1720,#760,.T.);
#2668=EDGE_CURVE('',#1720,#1723,#734,.T.);
#2679=EDGE_CURVE('',#1723,#1731,#729,.T.);
#2681=EDGE_CURVE('',#1731,#1732,#756,.T.);
#2683=EDGE_CURVE('',#1732,#1739,#752,.T.);
#2685=EDGE_CURVE('',#1739,#1740,#711,.T.);
#2687=EDGE_CURVE('',#1724,#1740,#831,.T.);
#2697=EDGE_CURVE('',#1732,#1731,#716,.T.);
#2701=EDGE_CURVE('',#1739,#1720,#739,.T.);
#2727=EDGE_CURVE('',#1718,#1744,#774,.T.);
#2729=EDGE_CURVE('',#1744,#1742,#822,.T.);
#2731=EDGE_CURVE('',#1740,#1742,#836,.T.);
#2743=EDGE_CURVE('',#1735,#1728,#792,.T.);
#2745=EDGE_CURVE('',#1735,#1736,#797,.T.);
#2747=EDGE_CURVE('',#1744,#1736,#810,.T.);
#2758=EDGE_CURVE('',#1726,#1742,#818,.T.);
#2762=EDGE_CURVE('',#1735,#1736,#840,.T.);
#2795=EDGE_CURVE('',#1773,#1774,#845,.T.);
#2797=EDGE_CURVE('',#1593,#1773,#849,.T.);
#2800=EDGE_CURVE('',#1594,#1774,#952,.T.);
#2804=EDGE_CURVE('',#1757,#1758,#896,.T.);
#2806=EDGE_CURVE('',#1758,#1757,#943,.T.);
#2817=EDGE_CURVE('',#1774,#1773,#948,.T.);
#2840=EDGE_CURVE('',#1747,#1757,#960,.T.);
#2842=EDGE_CURVE('',#1747,#1748,#983,.T.);
#2844=EDGE_CURVE('',#1748,#1758,#956,.T.);
#2856=EDGE_CURVE('',#1747,#1748,#965,.T.);
#2868=EDGE_CURVE('',#1748,#1752,#969,.T.);
#2870=EDGE_CURVE('',#1751,#1752,#974,.T.);
#2872=EDGE_CURVE('',#1747,#1751,#978,.T.);
#2884=EDGE_CURVE('',#1751,#1752,#988,.T.);
#2906=EDGE_CURVE('',#1568,#1552,#992,.T.);
#2908=EDGE_CURVE('',#1552,#1554,#1008,.T.);
#2921=EDGE_CURVE('',#1550,#1552,#1012,.T.);
#2938=EDGE_CURVE('',#1621,#1622,#1016,.T.);
#2940=EDGE_CURVE('',#1622,#1624,#1020,.T.);
#2942=EDGE_CURVE('',#1624,#1626,#1024,.T.);
#2944=EDGE_CURVE('',#1626,#1621,#1028,.T.);
#2954=EDGE_CURVE('',#1621,#1611,#1032,.T.);
#2956=EDGE_CURVE('',#1611,#1606,#1045,.T.);
#2958=EDGE_CURVE('',#1606,#1612,#1058,.T.);
#2960=EDGE_CURVE('',#1622,#1612,#1132,.T.);
#2965=EDGE_CURVE('',#1617,#1618,#1063,.T.);
#2967=EDGE_CURVE('',#1618,#1617,#1068,.T.);
#2978=EDGE_CURVE('',#1626,#1614,#1072,.T.);
#2980=EDGE_CURVE('',#1614,#1605,#1085,.T.);
#2982=EDGE_CURVE('',#1605,#1611,#1098,.T.);
#2993=EDGE_CURVE('',#1624,#1613,#1102,.T.);
#2995=EDGE_CURVE('',#1613,#1610,#1115,.T.);
#2997=EDGE_CURVE('',#1610,#1614,#1128,.T.);
#3011=EDGE_CURVE('',#1612,#1608,#1145,.T.);
#3013=EDGE_CURVE('',#1608,#1613,#1158,.T.);
#3026=EDGE_CURVE('',#1606,#1608,#1178,.T.);
#3036=EDGE_CURVE('',#1605,#1606,#1163,.T.);
#3038=EDGE_CURVE('',#1610,#1605,#1168,.T.);
#3040=EDGE_CURVE('',#1608,#1610,#1173,.T.);
#3045=EDGE_CURVE('',#1705,#1706,#1183,.T.);
#3047=EDGE_CURVE('',#1706,#1705,#1188,.T.);
#3091=EDGE_CURVE('',#1706,#1662,#1196,.T.);
#3093=EDGE_CURVE('',#1661,#1662,#1206,.T.);
#3095=EDGE_CURVE('',#1705,#1661,#1192,.T.);
#3107=EDGE_CURVE('',#1661,#1662,#1201,.T.);
#3118=EDGE_CURVE('',#1665,#1666,#1211,.T.);
#3120=EDGE_CURVE('',#1665,#1666,#1273,.T.);
#3134=EDGE_CURVE('',#1673,#1674,#1215,.T.);
#3136=EDGE_CURVE('',#1676,#1674,#1335,.T.);
#3138=EDGE_CURVE('',#1678,#1676,#1322,.T.);
#3140=EDGE_CURVE('',#1678,#1668,#1287,.T.);
#3142=EDGE_CURVE('',#1665,#1668,#1277,.T.);
#3145=EDGE_CURVE('',#1666,#1670,#1268,.T.);
#3147=EDGE_CURVE('',#1670,#1673,#1242,.T.);
#3158=EDGE_CURVE('',#1673,#1681,#1237,.T.);
#3160=EDGE_CURVE('',#1681,#1682,#1264,.T.);
#3162=EDGE_CURVE('',#1682,#1689,#1260,.T.);
#3164=EDGE_CURVE('',#1689,#1690,#1219,.T.);
#3166=EDGE_CURVE('',#1674,#1690,#1339,.T.);
#3176=EDGE_CURVE('',#1682,#1681,#1224,.T.);
#3180=EDGE_CURVE('',#1689,#1670,#1247,.T.);
#3206=EDGE_CURVE('',#1668,#1694,#1282,.T.);
#3208=EDGE_CURVE('',#1694,#1692,#1330,.T.);
#3210=EDGE_CURVE('',#1690,#1692,#1344,.T.);
#3222=EDGE_CURVE('',#1685,#1678,#1300,.T.);
#3224=EDGE_CURVE('',#1685,#1686,#1305,.T.);
#3226=EDGE_CURVE('',#1694,#1686,#1318,.T.);
#3237=EDGE_CURVE('',#1676,#1692,#1326,.T.);
#3241=EDGE_CURVE('',#1685,#1686,#1348,.T.);
#3274=EDGE_CURVE('',#1777,#1778,#1353,.T.);
#3276=EDGE_CURVE('',#1778,#1618,#1460,.T.);
#3279=EDGE_CURVE('',#1777,#1617,#1357,.T.);
#3283=EDGE_CURVE('',#1707,#1708,#1404,.T.);
#3285=EDGE_CURVE('',#1708,#1707,#1451,.T.);
#3296=EDGE_CURVE('',#1778,#1777,#1456,.T.);
#3319=EDGE_CURVE('',#1697,#1707,#1468,.T.);
#3321=EDGE_CURVE('',#1697,#1698,#1491,.T.);
#3323=EDGE_CURVE('',#1698,#1708,#1464,.T.);
#3335=EDGE_CURVE('',#1697,#1698,#1473,.T.);
#3347=EDGE_CURVE('',#1698,#1702,#1477,.T.);
#3349=EDGE_CURVE('',#1701,#1702,#1482,.T.);
#3351=EDGE_CURVE('',#1697,#1701,#1486,.T.);
#3363=EDGE_CURVE('',#1701,#1702,#1496,.T.);
#3389=ADVANCED_BREP_SHAPE_REPRESENTATION('',(#3380),#3388);
#3396=PRODUCT_DEFINITION('design','',#3395,#3392);
#3397=PRODUCT_DEFINITION_SHAPE('','SHAPE FOR AV0630C900_SW0001.',#3396);
#3398=SHAPE_DEFINITION_REPRESENTATION(#3397,#3389);
ENDSEC;
END-ISO-10303-21;
