ISO-10303-21;
HEADER;
FILE_DESCRIPTION((''),'2;1');
FILE_NAME('AV16-3D_ASM_SW0001','2009-06-08T',('jlgachon'),(''),
'PRO/ENGINEER BY PARAMETRIC TECHNOLOGY CORPORATION, 2007030',
'PRO/ENGINEER BY PARAMETRIC TECHNOLOGY CORPORATION, 2007030','');
FILE_SCHEMA(('CONFIG_CONTROL_DESIGN'));
ENDSEC;
DATA;
#1=DIRECTION('',(0.E0,0.E0,-1.E0));
#2=VECTOR('',#1,4.2E0);
#3=CARTESIAN_POINT('',(-2.1E0,0.E0,-1.15E0));
#4=LINE('',#3,#2);
#5=DIRECTION('',(1.E0,0.E0,0.E0));
#6=VECTOR('',#5,4.2E0);
#7=CARTESIAN_POINT('',(-2.1E0,0.E0,-5.35E0));
#8=LINE('',#7,#6);
#9=DIRECTION('',(0.E0,0.E0,1.E0));
#10=VECTOR('',#9,4.2E0);
#11=CARTESIAN_POINT('',(2.1E0,0.E0,-5.35E0));
#12=LINE('',#11,#10);
#13=DIRECTION('',(0.E0,0.E0,1.E0));
#14=VECTOR('',#13,4.E-1);
#15=CARTESIAN_POINT('',(2.1E0,0.E0,-1.15E0));
#16=LINE('',#15,#14);
#17=CARTESIAN_POINT('',(0.E0,0.E0,0.E0));
#18=DIRECTION('',(0.E0,1.E0,0.E0));
#19=DIRECTION('',(9.924127649028E-1,0.E0,-1.229508196721E-1));
#20=AXIS2_PLACEMENT_3D('',#17,#18,#19);
#22=DIRECTION('',(0.E0,0.E0,-1.E0));
#23=VECTOR('',#22,4.E-1);
#24=CARTESIAN_POINT('',(-2.1E0,0.E0,-7.5E-1));
#25=LINE('',#24,#23);
#26=DIRECTION('',(0.E0,1.E0,0.E0));
#27=VECTOR('',#26,2.6E0);
#28=CARTESIAN_POINT('',(-2.1E0,-2.6E0,-7.5E-1));
#29=LINE('',#28,#27);
#30=DIRECTION('',(-1.E0,0.E0,0.E0));
#31=VECTOR('',#30,3.953717865907E0);
#32=CARTESIAN_POINT('',(-2.1E0,0.E0,-7.5E-1));
#33=LINE('',#32,#31);
#34=CARTESIAN_POINT('',(0.E0,5.E0,-7.5E-1));
#35=DIRECTION('',(0.E0,0.E0,1.E0));
#36=DIRECTION('',(-6.372334595692E-1,-7.706708233776E-1,0.E0));
#37=AXIS2_PLACEMENT_3D('',#34,#35,#36);
#39=DIRECTION('',(-1.E0,0.E0,-1.432104570337E-14));
#40=VECTOR('',#39,3.953717865907E0);
#41=CARTESIAN_POINT('',(6.053717865907E0,0.E0,-7.499999999999E-1));
#42=LINE('',#41,#40);
#43=DIRECTION('',(0.E0,-1.E0,0.E0));
#44=VECTOR('',#43,2.6E0);
#45=CARTESIAN_POINT('',(2.1E0,0.E0,-7.5E-1));
#46=LINE('',#45,#44);
#47=DIRECTION('',(-1.E0,0.E0,0.E0));
#48=VECTOR('',#47,4.2E0);
#49=CARTESIAN_POINT('',(2.1E0,-2.6E0,-7.5E-1));
#50=LINE('',#49,#48);
#51=CARTESIAN_POINT('',(-6.094874896173E0,-2.927956861638E0,-2.5E-1));
#52=CARTESIAN_POINT('',(-6.094056854635E0,-2.928585757698E0,
-2.699434433450E-1));
#53=CARTESIAN_POINT('',(-6.092236951095E0,-2.926987048918E0,
-3.095346440608E-1));
#54=CARTESIAN_POINT('',(-6.088974913201E0,-2.916184885688E0,
-3.681261015726E-1));
#55=CARTESIAN_POINT('',(-6.085221391255E0,-2.896819252707E0,
-4.256188937158E-1));
#56=CARTESIAN_POINT('',(-6.081086053006E0,-2.868935639583E0,
-4.810220015223E-1));
#57=CARTESIAN_POINT('',(-6.076648966163E0,-2.832166481839E0,
-5.340660441955E-1));
#58=CARTESIAN_POINT('',(-6.072075380051E0,-2.786524040041E0,
-5.836664599246E-1));
#59=CARTESIAN_POINT('',(-6.067506657171E0,-2.731464537479E0,
-6.292770475418E-1));
#60=CARTESIAN_POINT('',(-6.063179225212E0,-2.667090148851E0,
-6.695699332824E-1));
#61=CARTESIAN_POINT('',(-6.059331440478E0,-2.593320443351E0,
-7.034254072064E-1));
#62=CARTESIAN_POINT('',(-6.056240685724E0,-2.510364718968E0,
-7.294525067069E-1));
#63=CARTESIAN_POINT('',(-6.054209972825E0,-2.419533697839E0,
-7.460424011792E-1));
#64=CARTESIAN_POINT('',(-6.053717865907E0,-2.354844617495E0,-7.5E-1));
#65=CARTESIAN_POINT('',(-6.053717865907E0,-2.321372822087E0,-7.5E-1));
#67=DIRECTION('',(2.448698387435E-14,1.E0,0.E0));
#68=VECTOR('',#67,2.321372822087E0);
#69=CARTESIAN_POINT('',(-6.053717865907E0,-2.321372822087E0,-7.5E-1));
#70=LINE('',#69,#68);
#71=CARTESIAN_POINT('',(0.E0,0.E0,0.E0));
#72=DIRECTION('',(0.E0,1.E0,0.E0));
#73=DIRECTION('',(-9.924127649028E-1,0.E0,-1.229508196721E-1));
#74=AXIS2_PLACEMENT_3D('',#71,#72,#73);
#76=CARTESIAN_POINT('',(0.E0,2.35E0,0.E0));
#77=DIRECTION('',(0.E0,1.E0,0.E0));
#78=DIRECTION('',(-1.E0,0.E0,0.E0));
#79=AXIS2_PLACEMENT_3D('',#76,#77,#78);
#81=DIRECTION('',(0.E0,-1.E0,0.E0));
#82=VECTOR('',#81,2.35E0);
#83=CARTESIAN_POINT('',(6.1E0,2.35E0,0.E0));
#84=LINE('',#83,#82);
#85=CARTESIAN_POINT('',(0.E0,0.E0,0.E0));
#86=DIRECTION('',(0.E0,1.E0,0.E0));
#87=DIRECTION('',(1.E0,0.E0,0.E0));
#88=AXIS2_PLACEMENT_3D('',#85,#86,#87);
#90=DIRECTION('',(2.295654738220E-14,-1.E0,-2.219132913613E-14));
#91=VECTOR('',#90,2.321372822087E0);
#92=CARTESIAN_POINT('',(6.053717865907E0,0.E0,-7.499999999999E-1));
#93=LINE('',#92,#91);
#94=CARTESIAN_POINT('',(6.094874896173E0,-2.927956861638E0,2.5E-1));
#95=CARTESIAN_POINT('',(6.094056854635E0,-2.928585757698E0,2.699434433450E-1));
#96=CARTESIAN_POINT('',(6.092236951095E0,-2.926987048918E0,3.095346440608E-1));
#97=CARTESIAN_POINT('',(6.088974913201E0,-2.916184885688E0,3.681261015726E-1));
#98=CARTESIAN_POINT('',(6.085221391255E0,-2.896819252707E0,4.256188937158E-1));
#99=CARTESIAN_POINT('',(6.081086053006E0,-2.868935639583E0,4.810220015223E-1));
#100=CARTESIAN_POINT('',(6.076648966163E0,-2.832166481839E0,5.340660441955E-1));
#101=CARTESIAN_POINT('',(6.072075380051E0,-2.786524040041E0,5.836664599246E-1));
#102=CARTESIAN_POINT('',(6.067506657171E0,-2.731464537479E0,6.292770475418E-1));
#103=CARTESIAN_POINT('',(6.063179225212E0,-2.667090148851E0,6.695699332824E-1));
#104=CARTESIAN_POINT('',(6.059331440478E0,-2.593320443351E0,7.034254072064E-1));
#105=CARTESIAN_POINT('',(6.056240685724E0,-2.510364718968E0,7.294525067069E-1));
#106=CARTESIAN_POINT('',(6.054209972825E0,-2.419533697839E0,7.460424011792E-1));
#107=CARTESIAN_POINT('',(6.053717865907E0,-2.354844617495E0,7.5E-1));
#108=CARTESIAN_POINT('',(6.053717865907E0,-2.321372822087E0,7.5E-1));
#110=DIRECTION('',(-2.257393825917E-14,1.E0,0.E0));
#111=VECTOR('',#110,2.321372822087E0);
#112=CARTESIAN_POINT('',(6.053717865907E0,-2.321372822087E0,7.5E-1));
#113=LINE('',#112,#111);
#114=DIRECTION('',(-1.951306527487E-14,-1.E0,0.E0));
#115=VECTOR('',#114,2.321372822087E0);
#116=CARTESIAN_POINT('',(-6.053717865907E0,0.E0,7.5E-1));
#117=LINE('',#116,#115);
#118=CARTESIAN_POINT('',(0.E0,5.E0,-2.5E-1));
#119=DIRECTION('',(0.E0,0.E0,1.E0));
#120=DIRECTION('',(-6.094874896173E-1,-7.927956861638E-1,0.E0));
#121=AXIS2_PLACEMENT_3D('',#118,#119,#120);
#123=CARTESIAN_POINT('',(6.094874896173E0,-2.927956861638E0,-2.5E-1));
#124=CARTESIAN_POINT('',(6.094056989884E0,-2.928585653722E0,
-2.699401460482E-1));
#125=CARTESIAN_POINT('',(6.092237332063E0,-2.926987515361E0,
-3.095265997114E-1));
#126=CARTESIAN_POINT('',(6.088975739786E0,-2.916188613756E0,
-3.681126775316E-1));
#127=CARTESIAN_POINT('',(6.085221764377E0,-2.896821328011E0,
-4.256134392760E-1));
#128=CARTESIAN_POINT('',(6.081087346471E0,-2.868945252829E0,
-4.810055513037E-1));
#129=CARTESIAN_POINT('',(6.076649488675E0,-2.832171718024E0,
-5.340605057358E-1));
#130=CARTESIAN_POINT('',(6.072075301815E0,-2.786523717630E0,
-5.836674157080E-1));
#131=CARTESIAN_POINT('',(6.067506203350E0,-2.731457900983E0,
-6.292813067831E-1));
#132=CARTESIAN_POINT('',(6.063179861769E0,-2.667100140688E0,
-6.695640773307E-1));
#133=CARTESIAN_POINT('',(6.059331682601E0,-2.593326559403E0,
-7.034233975342E-1));
#134=CARTESIAN_POINT('',(6.056240838804E0,-2.510369968358E0,
-7.294512282568E-1));
#135=CARTESIAN_POINT('',(6.054209996818E0,-2.419536386390E0,
-7.460422154849E-1));
#136=CARTESIAN_POINT('',(6.053717865907E0,-2.354845578711E0,-7.5E-1));
#137=CARTESIAN_POINT('',(6.053717865907E0,-2.321372822087E0,-7.5E-1));
#139=CARTESIAN_POINT('',(-6.094874896173E0,-2.927956861638E0,-2.5E-1));
#140=CARTESIAN_POINT('',(-6.096013384143E0,-2.927081611953E0,
-2.222442330009E-1));
#141=CARTESIAN_POINT('',(-6.097912244388E0,-2.925621041954E0,
-1.667179387875E-1));
#142=CARTESIAN_POINT('',(-6.099620313765E0,-2.924306442889E0,
-8.336880647278E-2));
#143=CARTESIAN_POINT('',(-6.1E0,-2.924014134263E0,-2.779290346798E-2));
#144=CARTESIAN_POINT('',(-6.1E0,-2.924014134263E0,0.E0));
#146=CARTESIAN_POINT('',(-6.1E0,-2.924014134263E0,0.E0));
#147=CARTESIAN_POINT('',(-6.1E0,-2.924014134263E0,2.779290346798E-2));
#148=CARTESIAN_POINT('',(-6.099620313765E0,-2.924306442889E0,
8.336880647278E-2));
#149=CARTESIAN_POINT('',(-6.097912244388E0,-2.925621041954E0,
1.667179387875E-1));
#150=CARTESIAN_POINT('',(-6.096013384143E0,-2.927081611953E0,
2.222442330009E-1));
#151=CARTESIAN_POINT('',(-6.094874896173E0,-2.927956861638E0,2.5E-1));
#153=CARTESIAN_POINT('',(6.094874896173E0,-2.927956861638E0,2.5E-1));
#154=CARTESIAN_POINT('',(6.096013384143E0,-2.927081611953E0,2.222442330002E-1));
#155=CARTESIAN_POINT('',(6.097912244388E0,-2.925621041954E0,1.667179387858E-1));
#156=CARTESIAN_POINT('',(6.099620313765E0,-2.924306442889E0,8.336880647115E-2));
#157=CARTESIAN_POINT('',(6.1E0,-2.924014134263E0,2.779290346728E-2));
#158=CARTESIAN_POINT('',(6.1E0,-2.924014134263E0,0.E0));
#160=CARTESIAN_POINT('',(6.1E0,-2.924014134263E0,0.E0));
#161=CARTESIAN_POINT('',(6.1E0,-2.924014134263E0,-2.779290346719E-2));
#162=CARTESIAN_POINT('',(6.099620313765E0,-2.924306442889E0,
-8.336880647095E-2));
#163=CARTESIAN_POINT('',(6.097912244388E0,-2.925621041954E0,
-1.667179387856E-1));
#164=CARTESIAN_POINT('',(6.096013384143E0,-2.927081611953E0,
-2.222442330001E-1));
#165=CARTESIAN_POINT('',(6.094874896173E0,-2.927956861638E0,-2.5E-1));
#167=CARTESIAN_POINT('',(0.E0,5.E0,2.5E-1));
#168=DIRECTION('',(0.E0,0.E0,-1.E0));
#169=DIRECTION('',(6.094874896173E-1,-7.927956861638E-1,0.E0));
#170=AXIS2_PLACEMENT_3D('',#167,#168,#169);
#172=CARTESIAN_POINT('',(-6.094874896173E0,-2.927956861638E0,2.5E-1));
#173=CARTESIAN_POINT('',(-6.094056989884E0,-2.928585653722E0,
2.699401460482E-1));
#174=CARTESIAN_POINT('',(-6.092237332063E0,-2.926987515361E0,
3.095265997114E-1));
#175=CARTESIAN_POINT('',(-6.088975739786E0,-2.916188613756E0,
3.681126775316E-1));
#176=CARTESIAN_POINT('',(-6.085221764377E0,-2.896821328011E0,
4.256134392760E-1));
#177=CARTESIAN_POINT('',(-6.081087346471E0,-2.868945252829E0,
4.810055513037E-1));
#178=CARTESIAN_POINT('',(-6.076649488675E0,-2.832171718024E0,
5.340605057358E-1));
#179=CARTESIAN_POINT('',(-6.072075301815E0,-2.786523717630E0,
5.836674157080E-1));
#180=CARTESIAN_POINT('',(-6.067506203350E0,-2.731457900983E0,
6.292813067831E-1));
#181=CARTESIAN_POINT('',(-6.063179861769E0,-2.667100140688E0,
6.695640773307E-1));
#182=CARTESIAN_POINT('',(-6.059331682601E0,-2.593326559403E0,
7.034233975342E-1));
#183=CARTESIAN_POINT('',(-6.056240838804E0,-2.510369968358E0,
7.294512282568E-1));
#184=CARTESIAN_POINT('',(-6.054209996818E0,-2.419536386390E0,
7.460422154849E-1));
#185=CARTESIAN_POINT('',(-6.053717865907E0,-2.354845578711E0,7.5E-1));
#186=CARTESIAN_POINT('',(-6.053717865907E0,-2.321372822087E0,7.5E-1));
#188=DIRECTION('',(0.E0,-1.E0,0.E0));
#189=VECTOR('',#188,2.6E0);
#190=CARTESIAN_POINT('',(-2.1E0,0.E0,7.5E-1));
#191=LINE('',#190,#189);
#192=DIRECTION('',(1.E0,0.E0,0.E0));
#193=VECTOR('',#192,4.2E0);
#194=CARTESIAN_POINT('',(-2.1E0,-2.6E0,7.5E-1));
#195=LINE('',#194,#193);
#196=DIRECTION('',(0.E0,1.E0,0.E0));
#197=VECTOR('',#196,2.6E0);
#198=CARTESIAN_POINT('',(2.1E0,-2.6E0,7.5E-1));
#199=LINE('',#198,#197);
#200=DIRECTION('',(1.E0,0.E0,0.E0));
#201=VECTOR('',#200,3.953717865907E0);
#202=CARTESIAN_POINT('',(2.1E0,0.E0,7.5E-1));
#203=LINE('',#202,#201);
#204=CARTESIAN_POINT('',(0.E0,5.E0,7.5E-1));
#205=DIRECTION('',(0.E0,0.E0,-1.E0));
#206=DIRECTION('',(6.372334595692E-1,-7.706708233776E-1,0.E0));
#207=AXIS2_PLACEMENT_3D('',#204,#205,#206);
#209=DIRECTION('',(1.E0,0.E0,0.E0));
#210=VECTOR('',#209,3.953717865907E0);
#211=CARTESIAN_POINT('',(-6.053717865907E0,0.E0,7.5E-1));
#212=LINE('',#211,#210);
#213=DIRECTION('',(0.E0,0.E0,1.E0));
#214=VECTOR('',#213,4.2E0);
#215=CARTESIAN_POINT('',(2.1E0,0.E0,1.15E0));
#216=LINE('',#215,#214);
#217=DIRECTION('',(-1.E0,0.E0,0.E0));
#218=VECTOR('',#217,4.2E0);
#219=CARTESIAN_POINT('',(2.1E0,0.E0,5.35E0));
#220=LINE('',#219,#218);
#221=DIRECTION('',(0.E0,0.E0,-1.E0));
#222=VECTOR('',#221,4.2E0);
#223=CARTESIAN_POINT('',(-2.1E0,0.E0,5.35E0));
#224=LINE('',#223,#222);
#225=DIRECTION('',(0.E0,0.E0,-1.E0));
#226=VECTOR('',#225,4.E-1);
#227=CARTESIAN_POINT('',(-2.1E0,0.E0,1.15E0));
#228=LINE('',#227,#226);
#229=CARTESIAN_POINT('',(0.E0,0.E0,0.E0));
#230=DIRECTION('',(0.E0,1.E0,0.E0));
#231=DIRECTION('',(-9.924127649028E-1,0.E0,1.229508196721E-1));
#232=AXIS2_PLACEMENT_3D('',#229,#230,#231);
#234=DIRECTION('',(0.E0,0.E0,1.E0));
#235=VECTOR('',#234,4.E-1);
#236=CARTESIAN_POINT('',(2.1E0,0.E0,7.5E-1));
#237=LINE('',#236,#235);
#238=CARTESIAN_POINT('',(0.E0,2.35E0,0.E0));
#239=DIRECTION('',(0.E0,1.E0,0.E0));
#240=DIRECTION('',(1.E0,0.E0,0.E0));
#241=AXIS2_PLACEMENT_3D('',#238,#239,#240);
#243=DIRECTION('',(0.E0,-1.E0,0.E0));
#244=VECTOR('',#243,2.35E0);
#245=CARTESIAN_POINT('',(-6.1E0,2.35E0,0.E0));
#246=LINE('',#245,#244);
#247=CARTESIAN_POINT('',(-2.1E0,0.E0,-5.35E0));
#248=CARTESIAN_POINT('',(-2.1E0,0.E0,-1.15E0));
#249=VERTEX_POINT('',#247);
#250=VERTEX_POINT('',#248);
#251=CARTESIAN_POINT('',(2.1E0,0.E0,-5.35E0));
#252=VERTEX_POINT('',#251);
#253=CARTESIAN_POINT('',(2.1E0,0.E0,-1.15E0));
#254=VERTEX_POINT('',#253);
#255=CARTESIAN_POINT('',(2.1E0,0.E0,-7.5E-1));
#256=VERTEX_POINT('',#255);
#257=CARTESIAN_POINT('',(6.053717865907E0,0.E0,-7.499999999999E-1));
#258=VERTEX_POINT('',#257);
#259=CARTESIAN_POINT('',(-6.053717865907E0,0.E0,-7.5E-1));
#260=VERTEX_POINT('',#259);
#261=CARTESIAN_POINT('',(-2.1E0,0.E0,-7.5E-1));
#262=VERTEX_POINT('',#261);
#263=CARTESIAN_POINT('',(2.1E0,0.E0,5.35E0));
#264=CARTESIAN_POINT('',(2.1E0,0.E0,1.15E0));
#265=VERTEX_POINT('',#263);
#266=VERTEX_POINT('',#264);
#267=CARTESIAN_POINT('',(-2.1E0,0.E0,5.35E0));
#268=VERTEX_POINT('',#267);
#269=CARTESIAN_POINT('',(-2.1E0,0.E0,1.15E0));
#270=VERTEX_POINT('',#269);
#271=CARTESIAN_POINT('',(-2.1E0,0.E0,7.5E-1));
#272=VERTEX_POINT('',#271);
#273=CARTESIAN_POINT('',(-6.053717865907E0,0.E0,7.5E-1));
#274=VERTEX_POINT('',#273);
#275=CARTESIAN_POINT('',(6.053717865907E0,0.E0,7.5E-1));
#276=VERTEX_POINT('',#275);
#277=CARTESIAN_POINT('',(2.1E0,0.E0,7.5E-1));
#278=VERTEX_POINT('',#277);
#279=CARTESIAN_POINT('',(2.1E0,-2.6E0,-7.5E-1));
#280=VERTEX_POINT('',#279);
#281=CARTESIAN_POINT('',(-2.1E0,-2.6E0,-7.5E-1));
#282=VERTEX_POINT('',#281);
#283=CARTESIAN_POINT('',(-6.053717865907E0,-2.321372822087E0,-7.5E-1));
#284=VERTEX_POINT('',#283);
#285=CARTESIAN_POINT('',(6.053717865907E0,-2.321372822087E0,-7.5E-1));
#286=VERTEX_POINT('',#285);
#287=VERTEX_POINT('',#51);
#288=CARTESIAN_POINT('',(-6.1E0,0.E0,0.E0));
#289=VERTEX_POINT('',#288);
#290=CARTESIAN_POINT('',(-6.1E0,2.35E0,0.E0));
#291=VERTEX_POINT('',#290);
#292=CARTESIAN_POINT('',(6.1E0,2.35E0,0.E0));
#293=VERTEX_POINT('',#292);
#294=CARTESIAN_POINT('',(6.1E0,0.E0,0.E0));
#295=VERTEX_POINT('',#294);
#296=VERTEX_POINT('',#123);
#297=VERTEX_POINT('',#160);
#298=VERTEX_POINT('',#153);
#299=VERTEX_POINT('',#108);
#300=CARTESIAN_POINT('',(-6.053717865907E0,-2.321372822087E0,7.5E-1));
#301=VERTEX_POINT('',#300);
#302=VERTEX_POINT('',#172);
#303=VERTEX_POINT('',#146);
#304=CARTESIAN_POINT('',(-2.1E0,-2.6E0,7.5E-1));
#305=VERTEX_POINT('',#304);
#306=CARTESIAN_POINT('',(2.1E0,-2.6E0,7.5E-1));
#307=VERTEX_POINT('',#306);
#308=CARTESIAN_POINT('',(0.E0,0.E0,0.E0));
#309=DIRECTION('',(0.E0,-1.E0,0.E0));
#310=DIRECTION('',(-1.E0,0.E0,0.E0));
#311=AXIS2_PLACEMENT_3D('',#308,#309,#310);
#312=PLANE('',#311);
#314=ORIENTED_EDGE('',*,*,#313,.T.);
#316=ORIENTED_EDGE('',*,*,#315,.T.);
#318=ORIENTED_EDGE('',*,*,#317,.T.);
#320=ORIENTED_EDGE('',*,*,#319,.T.);
#322=ORIENTED_EDGE('',*,*,#321,.F.);
#324=ORIENTED_EDGE('',*,*,#323,.T.);
#326=ORIENTED_EDGE('',*,*,#325,.F.);
#328=ORIENTED_EDGE('',*,*,#327,.T.);
#329=EDGE_LOOP('',(#314,#316,#318,#320,#322,#324,#326,#328));
#330=FACE_OUTER_BOUND('',#329,.F.);
#331=ADVANCED_FACE('',(#330),#312,.T.);
#332=CARTESIAN_POINT('',(-6.053717865907E0,0.E0,-7.5E-1));
#333=DIRECTION('',(0.E0,0.E0,-1.E0));
#334=DIRECTION('',(1.E0,0.E0,0.E0));
#335=AXIS2_PLACEMENT_3D('',#332,#333,#334);
#336=PLANE('',#335);
#338=ORIENTED_EDGE('',*,*,#337,.T.);
#339=ORIENTED_EDGE('',*,*,#325,.T.);
#341=ORIENTED_EDGE('',*,*,#340,.F.);
#343=ORIENTED_EDGE('',*,*,#342,.T.);
#345=ORIENTED_EDGE('',*,*,#344,.F.);
#346=ORIENTED_EDGE('',*,*,#321,.T.);
#348=ORIENTED_EDGE('',*,*,#347,.T.);
#350=ORIENTED_EDGE('',*,*,#349,.T.);
#351=EDGE_LOOP('',(#338,#339,#341,#343,#345,#346,#348,#350));
#352=FACE_OUTER_BOUND('',#351,.F.);
#353=ADVANCED_FACE('',(#352),#336,.T.);
#354=CARTESIAN_POINT('',(0.E0,9.2925E0,0.E0));
#355=DIRECTION('',(0.E0,-1.E0,0.E0));
#356=DIRECTION('',(-1.E0,0.E0,0.E0));
#357=AXIS2_PLACEMENT_3D('',#354,#355,#356);
#358=CYLINDRICAL_SURFACE('',#357,6.1E0);
#360=ORIENTED_EDGE('',*,*,#359,.T.);
#361=ORIENTED_EDGE('',*,*,#340,.T.);
#363=ORIENTED_EDGE('',*,*,#362,.T.);
#365=ORIENTED_EDGE('',*,*,#364,.F.);
#367=ORIENTED_EDGE('',*,*,#366,.T.);
#369=ORIENTED_EDGE('',*,*,#368,.T.);
#371=ORIENTED_EDGE('',*,*,#370,.T.);
#372=ORIENTED_EDGE('',*,*,#344,.T.);
#374=ORIENTED_EDGE('',*,*,#373,.F.);
#376=ORIENTED_EDGE('',*,*,#375,.F.);
#378=ORIENTED_EDGE('',*,*,#377,.F.);
#380=ORIENTED_EDGE('',*,*,#379,.T.);
#382=ORIENTED_EDGE('',*,*,#381,.T.);
#384=ORIENTED_EDGE('',*,*,#383,.F.);
#386=ORIENTED_EDGE('',*,*,#385,.T.);
#388=ORIENTED_EDGE('',*,*,#387,.F.);
#390=ORIENTED_EDGE('',*,*,#389,.F.);
#392=ORIENTED_EDGE('',*,*,#391,.F.);
#393=EDGE_LOOP('',(#360,#361,#363,#365,#367,#369,#371,#372,#374,#376,#378,#380,
#382,#384,#386,#388,#390,#392));
#394=FACE_OUTER_BOUND('',#393,.F.);
#395=ADVANCED_FACE('',(#394),#358,.T.);
#396=CARTESIAN_POINT('',(0.E0,5.E0,-2.5E-1));
#397=DIRECTION('',(0.E0,0.E0,-1.E0));
#398=DIRECTION('',(6.422047903400E-1,-7.665331090464E-1,0.E0));
#399=AXIS2_PLACEMENT_3D('',#396,#397,#398);
#400=TOROIDAL_SURFACE('',#399,9.5E0,5.E-1);
#401=ORIENTED_EDGE('',*,*,#342,.F.);
#402=ORIENTED_EDGE('',*,*,#359,.F.);
#404=ORIENTED_EDGE('',*,*,#403,.T.);
#405=ORIENTED_EDGE('',*,*,#373,.T.);
#406=EDGE_LOOP('',(#401,#402,#404,#405));
#407=FACE_OUTER_BOUND('',#406,.F.);
#408=ADVANCED_FACE('',(#407),#400,.T.);
#409=CARTESIAN_POINT('',(0.E0,5.E0,-7.5E-1));
#410=DIRECTION('',(0.E0,0.E0,-1.E0));
#411=DIRECTION('',(1.E0,0.E0,0.E0));
#412=AXIS2_PLACEMENT_3D('',#409,#410,#411);
#413=CYLINDRICAL_SURFACE('',#412,1.E1);
#414=ORIENTED_EDGE('',*,*,#403,.F.);
#415=ORIENTED_EDGE('',*,*,#391,.T.);
#416=ORIENTED_EDGE('',*,*,#389,.T.);
#418=ORIENTED_EDGE('',*,*,#417,.F.);
#419=ORIENTED_EDGE('',*,*,#377,.T.);
#420=ORIENTED_EDGE('',*,*,#375,.T.);
#421=EDGE_LOOP('',(#414,#415,#416,#418,#419,#420));
#422=FACE_OUTER_BOUND('',#421,.F.);
#423=ADVANCED_FACE('',(#422),#413,.T.);
#424=CARTESIAN_POINT('',(0.E0,5.E0,2.5E-1));
#425=DIRECTION('',(0.E0,0.E0,-1.E0));
#426=DIRECTION('',(-6.422047903400E-1,-7.665331090464E-1,0.E0));
#427=AXIS2_PLACEMENT_3D('',#424,#425,#426);
#428=TOROIDAL_SURFACE('',#427,9.5E0,5.E-1);
#430=ORIENTED_EDGE('',*,*,#429,.F.);
#431=ORIENTED_EDGE('',*,*,#379,.F.);
#432=ORIENTED_EDGE('',*,*,#417,.T.);
#433=ORIENTED_EDGE('',*,*,#387,.T.);
#434=EDGE_LOOP('',(#430,#431,#432,#433));
#435=FACE_OUTER_BOUND('',#434,.F.);
#436=ADVANCED_FACE('',(#435),#428,.T.);
#437=CARTESIAN_POINT('',(6.053717865907E0,0.E0,7.5E-1));
#438=DIRECTION('',(0.E0,0.E0,1.E0));
#439=DIRECTION('',(-1.E0,0.E0,0.E0));
#440=AXIS2_PLACEMENT_3D('',#437,#438,#439);
#441=PLANE('',#440);
#443=ORIENTED_EDGE('',*,*,#442,.T.);
#445=ORIENTED_EDGE('',*,*,#444,.T.);
#447=ORIENTED_EDGE('',*,*,#446,.T.);
#449=ORIENTED_EDGE('',*,*,#448,.T.);
#450=ORIENTED_EDGE('',*,*,#381,.F.);
#451=ORIENTED_EDGE('',*,*,#429,.T.);
#452=ORIENTED_EDGE('',*,*,#385,.F.);
#454=ORIENTED_EDGE('',*,*,#453,.T.);
#455=EDGE_LOOP('',(#443,#445,#447,#449,#450,#451,#452,#454));
#456=FACE_OUTER_BOUND('',#455,.F.);
#457=ADVANCED_FACE('',(#456),#441,.T.);
#458=CARTESIAN_POINT('',(0.E0,0.E0,0.E0));
#459=DIRECTION('',(0.E0,-1.E0,0.E0));
#460=DIRECTION('',(-1.E0,0.E0,0.E0));
#461=AXIS2_PLACEMENT_3D('',#458,#459,#460);
#462=PLANE('',#461);
#464=ORIENTED_EDGE('',*,*,#463,.T.);
#466=ORIENTED_EDGE('',*,*,#465,.T.);
#468=ORIENTED_EDGE('',*,*,#467,.T.);
#470=ORIENTED_EDGE('',*,*,#469,.T.);
#471=ORIENTED_EDGE('',*,*,#453,.F.);
#472=ORIENTED_EDGE('',*,*,#383,.T.);
#473=ORIENTED_EDGE('',*,*,#448,.F.);
#475=ORIENTED_EDGE('',*,*,#474,.T.);
#476=EDGE_LOOP('',(#464,#466,#468,#470,#471,#472,#473,#475));
#477=FACE_OUTER_BOUND('',#476,.F.);
#478=ADVANCED_FACE('',(#477),#462,.T.);
#479=CARTESIAN_POINT('',(0.E0,9.2925E0,0.E0));
#480=DIRECTION('',(0.E0,-1.E0,0.E0));
#481=DIRECTION('',(-1.E0,0.E0,0.E0));
#482=AXIS2_PLACEMENT_3D('',#479,#480,#481);
#483=CYLINDRICAL_SURFACE('',#482,6.1E0);
#484=ORIENTED_EDGE('',*,*,#362,.F.);
#485=ORIENTED_EDGE('',*,*,#323,.F.);
#486=ORIENTED_EDGE('',*,*,#370,.F.);
#487=ORIENTED_EDGE('',*,*,#368,.F.);
#489=ORIENTED_EDGE('',*,*,#488,.T.);
#490=ORIENTED_EDGE('',*,*,#364,.T.);
#491=EDGE_LOOP('',(#484,#485,#486,#487,#489,#490));
#492=FACE_OUTER_BOUND('',#491,.F.);
#493=ADVANCED_FACE('',(#492),#483,.T.);
#494=OPEN_SHELL('',(#331,#353,#395,#408,#423,#436,#457,#478,#493));
#495=DIRECTION('',(0.E0,1.E0,0.E0));
#496=VECTOR('',#495,5.521707376524E0);
#497=CARTESIAN_POINT('',(2.E0,-4.521707376524E0,-5.25E0));
#498=LINE('',#497,#496);
#499=DIRECTION('',(-1.E0,0.E0,0.E0));
#500=VECTOR('',#499,4.E0);
#501=CARTESIAN_POINT('',(2.E0,1.E0,-5.25E0));
#502=LINE('',#501,#500);
#503=CARTESIAN_POINT('',(-2.062407205737E-10,-5.E0,-5.25E0));
#504=CARTESIAN_POINT('',(-5.239707926387E-2,-4.999999999998E0,-5.25E0));
#505=CARTESIAN_POINT('',(-1.570318786137E-1,-4.997618059884E0,-5.25E0));
#506=CARTESIAN_POINT('',(-3.134573449753E-1,-4.987038069607E0,-5.25E0));
#507=CARTESIAN_POINT('',(-4.695021609344E-1,-4.969688146641E0,-5.25E0));
#508=CARTESIAN_POINT('',(-6.250629254258E-1,-4.945933221592E0,-5.25E0));
#509=CARTESIAN_POINT('',(-7.807991704653E-1,-4.916071383030E0,-5.25E0));
#510=CARTESIAN_POINT('',(-9.374033720851E-1,-4.880345120867E0,-5.25E0));
#511=CARTESIAN_POINT('',(-1.096321279296E0,-4.838733442338E0,-5.25E0));
#512=CARTESIAN_POINT('',(-1.259141972524E0,-4.791015451951E0,-5.25E0));
#513=CARTESIAN_POINT('',(-1.427775621341E0,-4.736723672346E0,-5.25E0));
#514=CARTESIAN_POINT('',(-1.604849877454E0,-4.674968807387E0,-5.25E0));
#515=CARTESIAN_POINT('',(-1.793333306068E0,-4.604546267580E0,-5.25E0));
#516=CARTESIAN_POINT('',(-1.929534063746E0,-4.550474974536E0,-5.25E0));
#517=CARTESIAN_POINT('',(-2.E0,-4.521707376524E0,-5.25E0));
#519=CARTESIAN_POINT('',(-2.E0,-4.521707376524E0,-5.25E0));
#520=CARTESIAN_POINT('',(-2.E0,-4.550793202481E0,-5.178754567658E0));
#521=CARTESIAN_POINT('',(-2.E0,-4.605410075905E0,-5.041134096325E0));
#522=CARTESIAN_POINT('',(-2.E0,-4.676408508054E0,-4.850904900792E0));
#523=CARTESIAN_POINT('',(-2.E0,-4.738468890704E0,-4.672596282605E0));
#524=CARTESIAN_POINT('',(-2.E0,-4.792741682907E0,-4.503540670459E0));
#525=CARTESIAN_POINT('',(-2.E0,-4.840354990291E0,-4.340478167048E0));
#526=CARTESIAN_POINT('',(-2.E0,-4.881735100270E0,-4.181722006772E0));
#527=CARTESIAN_POINT('',(-2.E0,-4.917215116476E0,-4.025317893550E0));
#528=CARTESIAN_POINT('',(-2.E0,-4.946729198669E0,-3.870377702748E0));
#529=CARTESIAN_POINT('',(-2.E0,-4.970191549818E0,-3.715578463232E0));
#530=CARTESIAN_POINT('',(-2.E0,-4.987254215887E0,-3.560812884998E0));
#531=CARTESIAN_POINT('',(-2.E0,-4.997657858650E0,-3.405717616655E0));
#532=CARTESIAN_POINT('',(-2.E0,-5.000000000001E0,-3.301958355420E0));
#533=CARTESIAN_POINT('',(-2.E0,-5.000000000001E0,-3.250000000001E0));
#535=CARTESIAN_POINT('',(0.E0,-5.E0,-3.25E0));
#536=DIRECTION('',(0.E0,-1.E0,0.E0));
#537=DIRECTION('',(-1.E0,0.E0,-1.510769287449E-11));
#538=AXIS2_PLACEMENT_3D('',#535,#536,#537);
#540=DIRECTION('',(0.E0,1.E0,0.E0));
#541=VECTOR('',#540,5.521707376524E0);
#542=CARTESIAN_POINT('',(-2.E0,-4.521707376524E0,-5.25E0));
#543=LINE('',#542,#541);
#544=DIRECTION('',(0.E0,0.E0,1.E0));
#545=VECTOR('',#544,4.E0);
#546=CARTESIAN_POINT('',(-2.E0,1.E0,-5.25E0));
#547=LINE('',#546,#545);
#548=DIRECTION('',(0.E0,-1.E0,0.E0));
#549=VECTOR('',#548,5.521707376524E0);
#550=CARTESIAN_POINT('',(-2.E0,1.E0,-1.25E0));
#551=LINE('',#550,#549);
#552=CARTESIAN_POINT('',(-2.E0,-5.000000000001E0,-3.250000000001E0));
#553=CARTESIAN_POINT('',(-2.E0,-5.000000000001E0,-3.197598901604E0));
#554=CARTESIAN_POINT('',(-2.E0,-4.997617721155E0,-3.092955561894E0));
#555=CARTESIAN_POINT('',(-2.E0,-4.987035664697E0,-2.936513152332E0));
#556=CARTESIAN_POINT('',(-2.E0,-4.969682618116E0,-2.780455143754E0));
#557=CARTESIAN_POINT('',(-2.E0,-4.945925185136E0,-2.624890596602E0));
#558=CARTESIAN_POINT('',(-2.E0,-4.916061997634E0,-2.469156211626E0));
#559=CARTESIAN_POINT('',(-2.E0,-4.880332310480E0,-2.312543541588E0));
#560=CARTESIAN_POINT('',(-2.E0,-4.838712660755E0,-2.153603559932E0));
#561=CARTESIAN_POINT('',(-2.E0,-4.790992718978E0,-1.990784355868E0));
#562=CARTESIAN_POINT('',(-2.E0,-4.736699397873E0,-1.822152384125E0));
#563=CARTESIAN_POINT('',(-2.E0,-4.674950178728E0,-1.645099295551E0));
#564=CARTESIAN_POINT('',(-2.E0,-4.604537234498E0,-1.456643813080E0));
#565=CARTESIAN_POINT('',(-2.E0,-4.550471901165E0,-1.320458408065E0));
#566=CARTESIAN_POINT('',(-2.E0,-4.521707376524E0,-1.25E0));
#568=CARTESIAN_POINT('',(-2.E0,-4.521707376524E0,-1.25E0));
#569=CARTESIAN_POINT('',(-1.928662576190E0,-4.550830757840E0,-1.25E0));
#570=CARTESIAN_POINT('',(-1.791195835123E0,-4.605385259744E0,-1.25E0));
#571=CARTESIAN_POINT('',(-1.600889462214E0,-4.676414876458E0,-1.25E0));
#572=CARTESIAN_POINT('',(-1.422575300219E0,-4.738475814849E0,-1.25E0));
#573=CARTESIAN_POINT('',(-1.253513190313E0,-4.792750097604E0,-1.25E0));
#574=CARTESIAN_POINT('',(-1.090471219226E0,-4.840356698728E0,-1.25E0));
#575=CARTESIAN_POINT('',(-9.317237516301E-1,-4.881734653025E0,-1.25E0));
#576=CARTESIAN_POINT('',(-7.753235808602E-1,-4.917213802227E0,-1.25E0));
#577=CARTESIAN_POINT('',(-6.203838496474E-1,-4.946728506879E0,-1.25E0));
#578=CARTESIAN_POINT('',(-4.655721062448E-1,-4.970191539966E0,-1.25E0));
#579=CARTESIAN_POINT('',(-3.108370589576E-1,-4.987254306590E0,-1.25E0));
#580=CARTESIAN_POINT('',(-1.556229749086E-1,-4.997657887116E0,-1.25E0));
#581=CARTESIAN_POINT('',(-5.216023712908E-2,-5.000000000005E0,-1.25E0));
#582=CARTESIAN_POINT('',(3.023302376135E-10,-5.E0,-1.25E0));
#584=CARTESIAN_POINT('',(0.E0,-5.E0,-3.25E0));
#585=DIRECTION('',(0.E0,-1.E0,0.E0));
#586=DIRECTION('',(1.511650192228E-10,0.E0,1.E0));
#587=AXIS2_PLACEMENT_3D('',#584,#585,#586);
#589=CARTESIAN_POINT('',(2.E0,-5.000000000001E0,-3.25E0));
#590=CARTESIAN_POINT('',(2.E0,-5.000000000001E0,-3.302401098396E0));
#591=CARTESIAN_POINT('',(2.E0,-4.997617721155E0,-3.407044438106E0));
#592=CARTESIAN_POINT('',(2.E0,-4.987035664697E0,-3.563486847668E0));
#593=CARTESIAN_POINT('',(2.E0,-4.969682618116E0,-3.719544856246E0));
#594=CARTESIAN_POINT('',(2.E0,-4.945925185136E0,-3.875109403398E0));
#595=CARTESIAN_POINT('',(2.E0,-4.916061997634E0,-4.030843788374E0));
#596=CARTESIAN_POINT('',(2.E0,-4.880332310480E0,-4.187456458412E0));
#597=CARTESIAN_POINT('',(2.E0,-4.838712660755E0,-4.346396440068E0));
#598=CARTESIAN_POINT('',(2.E0,-4.790992718978E0,-4.509215644132E0));
#599=CARTESIAN_POINT('',(2.E0,-4.736699397873E0,-4.677847615875E0));
#600=CARTESIAN_POINT('',(2.E0,-4.674950178728E0,-4.854900704449E0));
#601=CARTESIAN_POINT('',(2.E0,-4.604537234498E0,-5.043356186920E0));
#602=CARTESIAN_POINT('',(2.E0,-4.550471901165E0,-5.179541591935E0));
#603=CARTESIAN_POINT('',(2.E0,-4.521707376524E0,-5.25E0));
#605=CARTESIAN_POINT('',(2.E0,-4.521707376524E0,-5.25E0));
#606=CARTESIAN_POINT('',(1.928762048167E0,-4.550790148576E0,-5.25E0));
#607=CARTESIAN_POINT('',(1.791149670210E0,-4.605404106569E0,-5.25E0));
#608=CARTESIAN_POINT('',(1.600901831445E0,-4.676409826467E0,-5.25E0));
#609=CARTESIAN_POINT('',(1.422571988208E0,-4.738477167990E0,-5.25E0));
#610=CARTESIAN_POINT('',(1.253514069124E0,-4.792749735031E0,-5.25E0));
#611=CARTESIAN_POINT('',(1.090471015991E0,-4.840356795879E0,-5.25E0));
#612=CARTESIAN_POINT('',(9.317236857567E-1,-4.881734626993E0,-5.25E0));
#613=CARTESIAN_POINT('',(7.753240475882E-1,-4.917213809202E0,-5.25E0));
#614=CARTESIAN_POINT('',(6.203820486086E-1,-4.946728505010E0,-5.25E0));
#615=CARTESIAN_POINT('',(4.655788436717E-1,-4.970191540467E0,-5.25E0));
#616=CARTESIAN_POINT('',(3.108119102886E-1,-4.987254306455E0,-5.25E0));
#617=CARTESIAN_POINT('',(1.557168321577E-1,-4.997657887154E0,-5.25E0));
#618=CARTESIAN_POINT('',(5.195800266043E-2,-5.000000000004E0,-5.25E0));
#619=CARTESIAN_POINT('',(-2.062407205737E-10,-5.E0,-5.25E0));
#621=CARTESIAN_POINT('',(0.E0,-5.E0,-3.25E0));
#622=DIRECTION('',(0.E0,-1.E0,0.E0));
#623=DIRECTION('',(-1.465364994331E-10,0.E0,-1.E0));
#624=AXIS2_PLACEMENT_3D('',#621,#622,#623);
#626=DIRECTION('',(0.E0,1.E0,0.E0));
#627=VECTOR('',#626,5.521707376524E0);
#628=CARTESIAN_POINT('',(2.E0,-4.521707376524E0,-1.25E0));
#629=LINE('',#628,#627);
#630=DIRECTION('',(0.E0,0.E0,-1.E0));
#631=VECTOR('',#630,4.E0);
#632=CARTESIAN_POINT('',(2.E0,1.E0,-1.25E0));
#633=LINE('',#632,#631);
#634=CARTESIAN_POINT('',(1.104694881036E-10,-5.E0,-1.25E0));
#635=CARTESIAN_POINT('',(5.260442739887E-2,-4.999999999998E0,-1.25E0));
#636=CARTESIAN_POINT('',(1.569356481002E-1,-4.997618059847E0,-1.25E0));
#637=CARTESIAN_POINT('',(3.134831295701E-1,-4.987038069736E0,-1.25E0));
#638=CARTESIAN_POINT('',(4.694952530689E-1,-4.969688146159E0,-1.25E0));
#639=CARTESIAN_POINT('',(6.250647722929E-1,-4.945933223391E0,-1.25E0));
#640=CARTESIAN_POINT('',(7.807986908623E-1,-4.916071376317E0,-1.25E0));
#641=CARTESIAN_POINT('',(9.374034436299E-1,-4.880345145921E0,-1.25E0));
#642=CARTESIAN_POINT('',(1.096321472719E0,-4.838733348834E0,-1.25E0));
#643=CARTESIAN_POINT('',(1.259141127285E0,-4.791015800914E0,-1.25E0));
#644=CARTESIAN_POINT('',(1.427778808875E0,-4.736722369997E0,-1.25E0));
#645=CARTESIAN_POINT('',(1.604837972556E0,-4.674973667822E0,-1.25E0));
#646=CARTESIAN_POINT('',(1.793377738124E0,-4.604528128188E0,-1.25E0));
#647=CARTESIAN_POINT('',(1.929438325547E0,-4.550514059492E0,-1.25E0));
#648=CARTESIAN_POINT('',(2.E0,-4.521707376524E0,-1.25E0));
#650=CARTESIAN_POINT('',(2.E0,-4.521707376524E0,-1.25E0));
#651=CARTESIAN_POINT('',(2.E0,-4.550793202481E0,-1.321245432342E0));
#652=CARTESIAN_POINT('',(2.E0,-4.605410075905E0,-1.458865903675E0));
#653=CARTESIAN_POINT('',(2.E0,-4.676408508054E0,-1.649095099208E0));
#654=CARTESIAN_POINT('',(2.E0,-4.738468890704E0,-1.827403717395E0));
#655=CARTESIAN_POINT('',(2.E0,-4.792741682907E0,-1.996459329541E0));
#656=CARTESIAN_POINT('',(2.E0,-4.840354990291E0,-2.159521832952E0));
#657=CARTESIAN_POINT('',(2.E0,-4.881735100270E0,-2.318277993228E0));
#658=CARTESIAN_POINT('',(2.E0,-4.917215116476E0,-2.474682106450E0));
#659=CARTESIAN_POINT('',(2.E0,-4.946729198669E0,-2.629622297252E0));
#660=CARTESIAN_POINT('',(2.E0,-4.970191549818E0,-2.784421536768E0));
#661=CARTESIAN_POINT('',(2.E0,-4.987254215887E0,-2.939187115001E0));
#662=CARTESIAN_POINT('',(2.E0,-4.997657858650E0,-3.094282383345E0));
#663=CARTESIAN_POINT('',(2.E0,-5.000000000001E0,-3.198041644581E0));
#664=CARTESIAN_POINT('',(2.E0,-5.000000000001E0,-3.25E0));
#666=CARTESIAN_POINT('',(0.E0,-5.E0,-3.25E0));
#667=DIRECTION('',(0.E0,-1.E0,0.E0));
#668=DIRECTION('',(1.E0,0.E0,1.261235560435E-11));
#669=AXIS2_PLACEMENT_3D('',#666,#667,#668);
#671=CARTESIAN_POINT('',(2.E0,1.E0,-5.25E0));
#672=CARTESIAN_POINT('',(-2.E0,1.E0,-5.25E0));
#673=VERTEX_POINT('',#671);
#674=VERTEX_POINT('',#672);
#675=CARTESIAN_POINT('',(2.E0,1.E0,-1.25E0));
#676=VERTEX_POINT('',#675);
#677=CARTESIAN_POINT('',(-2.E0,1.E0,-1.25E0));
#678=VERTEX_POINT('',#677);
#679=VERTEX_POINT('',#503);
#680=VERTEX_POINT('',#517);
#681=VERTEX_POINT('',#605);
#682=VERTEX_POINT('',#533);
#683=VERTEX_POINT('',#589);
#684=CARTESIAN_POINT('',(-2.E0,-4.521707376524E0,-1.25E0));
#685=VERTEX_POINT('',#684);
#686=VERTEX_POINT('',#634);
#687=VERTEX_POINT('',#648);
#688=VERTEX_POINT('',#582);
#689=CARTESIAN_POINT('',(-2.E0,1.E0,-5.25E0));
#690=DIRECTION('',(0.E0,0.E0,-1.E0));
#691=DIRECTION('',(1.E0,0.E0,0.E0));
#692=AXIS2_PLACEMENT_3D('',#689,#690,#691);
#693=PLANE('',#692);
#695=ORIENTED_EDGE('',*,*,#694,.F.);
#697=ORIENTED_EDGE('',*,*,#696,.F.);
#699=ORIENTED_EDGE('',*,*,#698,.T.);
#701=ORIENTED_EDGE('',*,*,#700,.T.);
#703=ORIENTED_EDGE('',*,*,#702,.F.);
#704=EDGE_LOOP('',(#695,#697,#699,#701,#703));
#705=FACE_OUTER_BOUND('',#704,.F.);
#706=ADVANCED_FACE('',(#705),#693,.T.);
#707=CARTESIAN_POINT('',(0.E0,-4.760853688262E0,-3.25E0));
#708=DIRECTION('',(0.E0,1.E0,0.E0));
#709=DIRECTION('',(1.E0,0.E0,0.E0));
#710=AXIS2_PLACEMENT_3D('',#707,#708,#709);
#711=CONICAL_SURFACE('',#710,2.414213562373E0,6.E1);
#712=ORIENTED_EDGE('',*,*,#694,.T.);
#714=ORIENTED_EDGE('',*,*,#713,.T.);
#716=ORIENTED_EDGE('',*,*,#715,.T.);
#717=EDGE_LOOP('',(#712,#714,#716));
#718=FACE_OUTER_BOUND('',#717,.F.);
#719=ADVANCED_FACE('',(#718),#711,.T.);
#720=CARTESIAN_POINT('',(-2.E0,1.E0,-1.25E0));
#721=DIRECTION('',(-1.E0,0.E0,0.E0));
#722=DIRECTION('',(0.E0,0.E0,-1.E0));
#723=AXIS2_PLACEMENT_3D('',#720,#721,#722);
#724=PLANE('',#723);
#725=ORIENTED_EDGE('',*,*,#713,.F.);
#726=ORIENTED_EDGE('',*,*,#702,.T.);
#728=ORIENTED_EDGE('',*,*,#727,.T.);
#730=ORIENTED_EDGE('',*,*,#729,.T.);
#732=ORIENTED_EDGE('',*,*,#731,.F.);
#733=EDGE_LOOP('',(#725,#726,#728,#730,#732));
#734=FACE_OUTER_BOUND('',#733,.F.);
#735=ADVANCED_FACE('',(#734),#724,.T.);
#736=CARTESIAN_POINT('',(0.E0,-4.760853688262E0,-3.25E0));
#737=DIRECTION('',(0.E0,1.E0,0.E0));
#738=DIRECTION('',(1.E0,0.E0,0.E0));
#739=AXIS2_PLACEMENT_3D('',#736,#737,#738);
#740=CONICAL_SURFACE('',#739,2.414213562373E0,6.E1);
#741=ORIENTED_EDGE('',*,*,#731,.T.);
#743=ORIENTED_EDGE('',*,*,#742,.T.);
#745=ORIENTED_EDGE('',*,*,#744,.T.);
#746=EDGE_LOOP('',(#741,#743,#745));
#747=FACE_OUTER_BOUND('',#746,.F.);
#748=ADVANCED_FACE('',(#747),#740,.T.);
#749=CARTESIAN_POINT('',(0.E0,-4.760853688262E0,-3.25E0));
#750=DIRECTION('',(0.E0,1.E0,0.E0));
#751=DIRECTION('',(1.E0,0.E0,0.E0));
#752=AXIS2_PLACEMENT_3D('',#749,#750,#751);
#753=CONICAL_SURFACE('',#752,2.414213562373E0,6.E1);
#755=ORIENTED_EDGE('',*,*,#754,.T.);
#756=ORIENTED_EDGE('',*,*,#696,.T.);
#758=ORIENTED_EDGE('',*,*,#757,.T.);
#759=EDGE_LOOP('',(#755,#756,#758));
#760=FACE_OUTER_BOUND('',#759,.F.);
#761=ADVANCED_FACE('',(#760),#753,.T.);
#762=CARTESIAN_POINT('',(2.E0,1.E0,-5.25E0));
#763=DIRECTION('',(1.E0,0.E0,0.E0));
#764=DIRECTION('',(0.E0,0.E0,1.E0));
#765=AXIS2_PLACEMENT_3D('',#762,#763,#764);
#766=PLANE('',#765);
#767=ORIENTED_EDGE('',*,*,#754,.F.);
#769=ORIENTED_EDGE('',*,*,#768,.F.);
#771=ORIENTED_EDGE('',*,*,#770,.T.);
#773=ORIENTED_EDGE('',*,*,#772,.T.);
#774=ORIENTED_EDGE('',*,*,#698,.F.);
#775=EDGE_LOOP('',(#767,#769,#771,#773,#774));
#776=FACE_OUTER_BOUND('',#775,.F.);
#777=ADVANCED_FACE('',(#776),#766,.T.);
#778=CARTESIAN_POINT('',(0.E0,-4.760853688262E0,-3.25E0));
#779=DIRECTION('',(0.E0,1.E0,0.E0));
#780=DIRECTION('',(1.E0,0.E0,0.E0));
#781=AXIS2_PLACEMENT_3D('',#778,#779,#780);
#782=CONICAL_SURFACE('',#781,2.414213562373E0,6.E1);
#784=ORIENTED_EDGE('',*,*,#783,.T.);
#785=ORIENTED_EDGE('',*,*,#768,.T.);
#787=ORIENTED_EDGE('',*,*,#786,.T.);
#788=EDGE_LOOP('',(#784,#785,#787));
#789=FACE_OUTER_BOUND('',#788,.F.);
#790=ADVANCED_FACE('',(#789),#782,.T.);
#791=OPEN_SHELL('',(#706,#719,#735,#748,#761,#777,#790));
#792=CARTESIAN_POINT('',(-1.196490569924E-10,-5.E0,1.25E0));
#793=CARTESIAN_POINT('',(-5.260442740346E-2,-4.999999999998E0,1.25E0));
#794=CARTESIAN_POINT('',(-1.569356480981E-1,-4.997618059847E0,1.25E0));
#795=CARTESIAN_POINT('',(-3.134831295707E-1,-4.987038069736E0,1.25E0));
#796=CARTESIAN_POINT('',(-4.694952530688E-1,-4.969688146159E0,1.25E0));
#797=CARTESIAN_POINT('',(-6.250647722930E-1,-4.945933223391E0,1.25E0));
#798=CARTESIAN_POINT('',(-7.807986908623E-1,-4.916071376317E0,1.25E0));
#799=CARTESIAN_POINT('',(-9.374034436300E-1,-4.880345145921E0,1.25E0));
#800=CARTESIAN_POINT('',(-1.096321472719E0,-4.838733348834E0,1.25E0));
#801=CARTESIAN_POINT('',(-1.259141127285E0,-4.791015800914E0,1.25E0));
#802=CARTESIAN_POINT('',(-1.427778808875E0,-4.736722369997E0,1.25E0));
#803=CARTESIAN_POINT('',(-1.604837972557E0,-4.674973667822E0,1.25E0));
#804=CARTESIAN_POINT('',(-1.793377738124E0,-4.604528128188E0,1.25E0));
#805=CARTESIAN_POINT('',(-1.929438325547E0,-4.550514059492E0,1.25E0));
#806=CARTESIAN_POINT('',(-2.E0,-4.521707376524E0,1.25E0));
#808=CARTESIAN_POINT('',(-2.E0,-4.521707376524E0,1.25E0));
#809=CARTESIAN_POINT('',(-2.E0,-4.550793202481E0,1.321245432342E0));
#810=CARTESIAN_POINT('',(-2.E0,-4.605410075905E0,1.458865903675E0));
#811=CARTESIAN_POINT('',(-2.E0,-4.676408508054E0,1.649095099208E0));
#812=CARTESIAN_POINT('',(-2.E0,-4.738468890704E0,1.827403717395E0));
#813=CARTESIAN_POINT('',(-2.E0,-4.792741682907E0,1.996459329541E0));
#814=CARTESIAN_POINT('',(-2.E0,-4.840354990291E0,2.159521832952E0));
#815=CARTESIAN_POINT('',(-2.E0,-4.881735100270E0,2.318277993228E0));
#816=CARTESIAN_POINT('',(-2.E0,-4.917215116476E0,2.474682106450E0));
#817=CARTESIAN_POINT('',(-2.E0,-4.946729198669E0,2.629622297252E0));
#818=CARTESIAN_POINT('',(-2.E0,-4.970191549818E0,2.784421536768E0));
#819=CARTESIAN_POINT('',(-2.E0,-4.987254215887E0,2.939187115002E0));
#820=CARTESIAN_POINT('',(-2.E0,-4.997657858650E0,3.094282383345E0));
#821=CARTESIAN_POINT('',(-2.E0,-5.000000000001E0,3.198041644580E0));
#822=CARTESIAN_POINT('',(-2.E0,-5.000000000001E0,3.249999999999E0));
#824=CARTESIAN_POINT('',(0.E0,-5.E0,3.25E0));
#825=DIRECTION('',(0.E0,-1.E0,0.E0));
#826=DIRECTION('',(-1.E0,0.E0,-1.510769287449E-11));
#827=AXIS2_PLACEMENT_3D('',#824,#825,#826);
#829=DIRECTION('',(0.E0,1.E0,0.E0));
#830=VECTOR('',#829,5.521707376524E0);
#831=CARTESIAN_POINT('',(-2.E0,-4.521707376524E0,1.25E0));
#832=LINE('',#831,#830);
#833=DIRECTION('',(0.E0,0.E0,1.E0));
#834=VECTOR('',#833,4.E0);
#835=CARTESIAN_POINT('',(-2.E0,1.E0,1.25E0));
#836=LINE('',#835,#834);
#837=DIRECTION('',(0.E0,1.E0,0.E0));
#838=VECTOR('',#837,5.521707376524E0);
#839=CARTESIAN_POINT('',(-2.E0,-4.521707376524E0,5.25E0));
#840=LINE('',#839,#838);
#841=DIRECTION('',(1.E0,0.E0,0.E0));
#842=VECTOR('',#841,4.E0);
#843=CARTESIAN_POINT('',(-2.E0,1.E0,5.25E0));
#844=LINE('',#843,#842);
#845=CARTESIAN_POINT('',(2.062666105265E-10,-5.E0,5.25E0));
#846=CARTESIAN_POINT('',(5.239707926389E-2,-4.999999999998E0,5.25E0));
#847=CARTESIAN_POINT('',(1.570318786137E-1,-4.997618059884E0,5.25E0));
#848=CARTESIAN_POINT('',(3.134573449753E-1,-4.987038069607E0,5.25E0));
#849=CARTESIAN_POINT('',(4.695021609344E-1,-4.969688146641E0,5.25E0));
#850=CARTESIAN_POINT('',(6.250629254258E-1,-4.945933221592E0,5.25E0));
#851=CARTESIAN_POINT('',(7.807991704653E-1,-4.916071383030E0,5.25E0));
#852=CARTESIAN_POINT('',(9.374033720851E-1,-4.880345120867E0,5.25E0));
#853=CARTESIAN_POINT('',(1.096321279296E0,-4.838733442338E0,5.25E0));
#854=CARTESIAN_POINT('',(1.259141972524E0,-4.791015451951E0,5.25E0));
#855=CARTESIAN_POINT('',(1.427775621341E0,-4.736723672346E0,5.25E0));
#856=CARTESIAN_POINT('',(1.604849877454E0,-4.674968807387E0,5.25E0));
#857=CARTESIAN_POINT('',(1.793333306068E0,-4.604546267580E0,5.25E0));
#858=CARTESIAN_POINT('',(1.929534063746E0,-4.550474974536E0,5.25E0));
#859=CARTESIAN_POINT('',(2.E0,-4.521707376524E0,5.25E0));
#861=CARTESIAN_POINT('',(2.E0,-4.521707376524E0,5.25E0));
#862=CARTESIAN_POINT('',(2.E0,-4.550793202481E0,5.178754567658E0));
#863=CARTESIAN_POINT('',(2.E0,-4.605410075905E0,5.041134096325E0));
#864=CARTESIAN_POINT('',(2.E0,-4.676408508054E0,4.850904900792E0));
#865=CARTESIAN_POINT('',(2.E0,-4.738468890704E0,4.672596282605E0));
#866=CARTESIAN_POINT('',(2.E0,-4.792741682907E0,4.503540670459E0));
#867=CARTESIAN_POINT('',(2.E0,-4.840354990291E0,4.340478167048E0));
#868=CARTESIAN_POINT('',(2.E0,-4.881735100270E0,4.181722006772E0));
#869=CARTESIAN_POINT('',(2.E0,-4.917215116476E0,4.025317893550E0));
#870=CARTESIAN_POINT('',(2.E0,-4.946729198669E0,3.870377702748E0));
#871=CARTESIAN_POINT('',(2.E0,-4.970191549818E0,3.715578463232E0));
#872=CARTESIAN_POINT('',(2.E0,-4.987254215887E0,3.560812884999E0));
#873=CARTESIAN_POINT('',(2.E0,-4.997657858650E0,3.405717616655E0));
#874=CARTESIAN_POINT('',(2.E0,-5.000000000001E0,3.301958355419E0));
#875=CARTESIAN_POINT('',(2.E0,-5.000000000001E0,3.25E0));
#877=CARTESIAN_POINT('',(0.E0,-5.E0,3.25E0));
#878=DIRECTION('',(0.E0,-1.E0,0.E0));
#879=DIRECTION('',(1.E0,0.E0,1.261235560435E-11));
#880=AXIS2_PLACEMENT_3D('',#877,#878,#879);
#882=DIRECTION('',(0.E0,1.E0,0.E0));
#883=VECTOR('',#882,5.521707376524E0);
#884=CARTESIAN_POINT('',(2.E0,-4.521707376524E0,5.25E0));
#885=LINE('',#884,#883);
#886=DIRECTION('',(0.E0,0.E0,-1.E0));
#887=VECTOR('',#886,4.E0);
#888=CARTESIAN_POINT('',(2.E0,1.E0,5.25E0));
#889=LINE('',#888,#887);
#890=DIRECTION('',(0.E0,-1.E0,0.E0));
#891=VECTOR('',#890,5.521707376524E0);
#892=CARTESIAN_POINT('',(2.E0,1.E0,1.25E0));
#893=LINE('',#892,#891);
#894=CARTESIAN_POINT('',(2.E0,-5.000000000001E0,3.25E0));
#895=CARTESIAN_POINT('',(2.E0,-5.000000000001E0,3.197598901604E0));
#896=CARTESIAN_POINT('',(2.E0,-4.997617721155E0,3.092955561894E0));
#897=CARTESIAN_POINT('',(2.E0,-4.987035664697E0,2.936513152332E0));
#898=CARTESIAN_POINT('',(2.E0,-4.969682618116E0,2.780455143754E0));
#899=CARTESIAN_POINT('',(2.E0,-4.945925185136E0,2.624890596602E0));
#900=CARTESIAN_POINT('',(2.E0,-4.916061997634E0,2.469156211626E0));
#901=CARTESIAN_POINT('',(2.E0,-4.880332310480E0,2.312543541588E0));
#902=CARTESIAN_POINT('',(2.E0,-4.838712660755E0,2.153603559932E0));
#903=CARTESIAN_POINT('',(2.E0,-4.790992718978E0,1.990784355868E0));
#904=CARTESIAN_POINT('',(2.E0,-4.736699397873E0,1.822152384125E0));
#905=CARTESIAN_POINT('',(2.E0,-4.674950178728E0,1.645099295551E0));
#906=CARTESIAN_POINT('',(2.E0,-4.604537234498E0,1.456643813080E0));
#907=CARTESIAN_POINT('',(2.E0,-4.550471901165E0,1.320458408065E0));
#908=CARTESIAN_POINT('',(2.E0,-4.521707376524E0,1.25E0));
#910=CARTESIAN_POINT('',(2.E0,-4.521707376524E0,1.25E0));
#911=CARTESIAN_POINT('',(1.928662576190E0,-4.550830757840E0,1.25E0));
#912=CARTESIAN_POINT('',(1.791195835123E0,-4.605385259744E0,1.25E0));
#913=CARTESIAN_POINT('',(1.600889462214E0,-4.676414876458E0,1.25E0));
#914=CARTESIAN_POINT('',(1.422575300219E0,-4.738475814849E0,1.25E0));
#915=CARTESIAN_POINT('',(1.253513190313E0,-4.792750097604E0,1.25E0));
#916=CARTESIAN_POINT('',(1.090471219226E0,-4.840356698728E0,1.25E0));
#917=CARTESIAN_POINT('',(9.317237516301E-1,-4.881734653025E0,1.25E0));
#918=CARTESIAN_POINT('',(7.753235808601E-1,-4.917213802227E0,1.25E0));
#919=CARTESIAN_POINT('',(6.203838496474E-1,-4.946728506879E0,1.25E0));
#920=CARTESIAN_POINT('',(4.655721062446E-1,-4.970191539966E0,1.25E0));
#921=CARTESIAN_POINT('',(3.108370589581E-1,-4.987254306590E0,1.25E0));
#922=CARTESIAN_POINT('',(1.556229749065E-1,-4.997657887116E0,1.25E0));
#923=CARTESIAN_POINT('',(5.216023713370E-2,-5.000000000004E0,1.25E0));
#924=CARTESIAN_POINT('',(-2.930729988662E-10,-5.E0,1.25E0));
#926=CARTESIAN_POINT('',(0.E0,-5.E0,3.25E0));
#927=DIRECTION('',(0.E0,-1.E0,0.E0));
#928=DIRECTION('',(-1.465364994331E-10,0.E0,-1.E0));
#929=AXIS2_PLACEMENT_3D('',#926,#927,#928);
#931=CARTESIAN_POINT('',(-2.E0,-5.000000000001E0,3.249999999999E0));
#932=CARTESIAN_POINT('',(-2.E0,-5.000000000001E0,3.302401098396E0));
#933=CARTESIAN_POINT('',(-2.E0,-4.997617721155E0,3.407044438106E0));
#934=CARTESIAN_POINT('',(-2.E0,-4.987035664697E0,3.563486847668E0));
#935=CARTESIAN_POINT('',(-2.E0,-4.969682618116E0,3.719544856246E0));
#936=CARTESIAN_POINT('',(-2.E0,-4.945925185136E0,3.875109403398E0));
#937=CARTESIAN_POINT('',(-2.E0,-4.916061997634E0,4.030843788374E0));
#938=CARTESIAN_POINT('',(-2.E0,-4.880332310480E0,4.187456458412E0));
#939=CARTESIAN_POINT('',(-2.E0,-4.838712660755E0,4.346396440068E0));
#940=CARTESIAN_POINT('',(-2.E0,-4.790992718978E0,4.509215644132E0));
#941=CARTESIAN_POINT('',(-2.E0,-4.736699397873E0,4.677847615875E0));
#942=CARTESIAN_POINT('',(-2.E0,-4.674950178728E0,4.854900704449E0));
#943=CARTESIAN_POINT('',(-2.E0,-4.604537234498E0,5.043356186920E0));
#944=CARTESIAN_POINT('',(-2.E0,-4.550471901165E0,5.179541591935E0));
#945=CARTESIAN_POINT('',(-2.E0,-4.521707376524E0,5.25E0));
#947=CARTESIAN_POINT('',(-2.E0,-4.521707376524E0,5.25E0));
#948=CARTESIAN_POINT('',(-1.928762048167E0,-4.550790148576E0,5.25E0));
#949=CARTESIAN_POINT('',(-1.791149670210E0,-4.605404106569E0,5.25E0));
#950=CARTESIAN_POINT('',(-1.600901831445E0,-4.676409826467E0,5.25E0));
#951=CARTESIAN_POINT('',(-1.422571988208E0,-4.738477167990E0,5.25E0));
#952=CARTESIAN_POINT('',(-1.253514069124E0,-4.792749735031E0,5.25E0));
#953=CARTESIAN_POINT('',(-1.090471015991E0,-4.840356795879E0,5.25E0));
#954=CARTESIAN_POINT('',(-9.317236857567E-1,-4.881734626993E0,5.25E0));
#955=CARTESIAN_POINT('',(-7.753240475882E-1,-4.917213809202E0,5.25E0));
#956=CARTESIAN_POINT('',(-6.203820486086E-1,-4.946728505010E0,5.25E0));
#957=CARTESIAN_POINT('',(-4.655788436718E-1,-4.970191540467E0,5.25E0));
#958=CARTESIAN_POINT('',(-3.108119102886E-1,-4.987254306455E0,5.25E0));
#959=CARTESIAN_POINT('',(-1.557168321578E-1,-4.997657887154E0,5.25E0));
#960=CARTESIAN_POINT('',(-5.195800266041E-2,-5.000000000005E0,5.25E0));
#961=CARTESIAN_POINT('',(2.062666105265E-10,-5.E0,5.25E0));
#963=CARTESIAN_POINT('',(0.E0,-5.E0,3.25E0));
#964=DIRECTION('',(0.E0,-1.E0,0.E0));
#965=DIRECTION('',(1.511650192228E-10,0.E0,1.E0));
#966=AXIS2_PLACEMENT_3D('',#963,#964,#965);
#968=CARTESIAN_POINT('',(2.E0,1.E0,5.25E0));
#969=CARTESIAN_POINT('',(2.E0,1.E0,1.25E0));
#970=VERTEX_POINT('',#968);
#971=VERTEX_POINT('',#969);
#972=CARTESIAN_POINT('',(-2.E0,1.E0,5.25E0));
#973=VERTEX_POINT('',#972);
#974=CARTESIAN_POINT('',(-2.E0,1.E0,1.25E0));
#975=VERTEX_POINT('',#974);
#976=VERTEX_POINT('',#792);
#977=VERTEX_POINT('',#806);
#978=VERTEX_POINT('',#910);
#979=VERTEX_POINT('',#924);
#980=VERTEX_POINT('',#822);
#981=VERTEX_POINT('',#894);
#982=CARTESIAN_POINT('',(-2.E0,-4.521707376524E0,5.25E0));
#983=VERTEX_POINT('',#982);
#984=VERTEX_POINT('',#845);
#985=VERTEX_POINT('',#859);
#986=CARTESIAN_POINT('',(0.E0,-4.760853688262E0,3.25E0));
#987=DIRECTION('',(0.E0,1.E0,0.E0));
#988=DIRECTION('',(1.E0,0.E0,0.E0));
#989=AXIS2_PLACEMENT_3D('',#986,#987,#988);
#990=CONICAL_SURFACE('',#989,2.414213562373E0,6.E1);
#992=ORIENTED_EDGE('',*,*,#991,.T.);
#994=ORIENTED_EDGE('',*,*,#993,.T.);
#996=ORIENTED_EDGE('',*,*,#995,.T.);
#997=EDGE_LOOP('',(#992,#994,#996));
#998=FACE_OUTER_BOUND('',#997,.F.);
#999=ADVANCED_FACE('',(#998),#990,.T.);
#1000=CARTESIAN_POINT('',(-2.E0,1.E0,5.25E0));
#1001=DIRECTION('',(-1.E0,0.E0,0.E0));
#1002=DIRECTION('',(0.E0,0.E0,-1.E0));
#1003=AXIS2_PLACEMENT_3D('',#1000,#1001,#1002);
#1004=PLANE('',#1003);
#1005=ORIENTED_EDGE('',*,*,#993,.F.);
#1007=ORIENTED_EDGE('',*,*,#1006,.T.);
#1009=ORIENTED_EDGE('',*,*,#1008,.T.);
#1011=ORIENTED_EDGE('',*,*,#1010,.F.);
#1013=ORIENTED_EDGE('',*,*,#1012,.F.);
#1014=EDGE_LOOP('',(#1005,#1007,#1009,#1011,#1013));
#1015=FACE_OUTER_BOUND('',#1014,.F.);
#1016=ADVANCED_FACE('',(#1015),#1004,.T.);
#1017=CARTESIAN_POINT('',(2.E0,1.E0,5.25E0));
#1018=DIRECTION('',(0.E0,0.E0,1.E0));
#1019=DIRECTION('',(-1.E0,0.E0,0.E0));
#1020=AXIS2_PLACEMENT_3D('',#1017,#1018,#1019);
#1021=PLANE('',#1020);
#1023=ORIENTED_EDGE('',*,*,#1022,.F.);
#1025=ORIENTED_EDGE('',*,*,#1024,.F.);
#1026=ORIENTED_EDGE('',*,*,#1010,.T.);
#1028=ORIENTED_EDGE('',*,*,#1027,.T.);
#1030=ORIENTED_EDGE('',*,*,#1029,.F.);
#1031=EDGE_LOOP('',(#1023,#1025,#1026,#1028,#1030));
#1032=FACE_OUTER_BOUND('',#1031,.F.);
#1033=ADVANCED_FACE('',(#1032),#1021,.T.);
#1034=CARTESIAN_POINT('',(0.E0,-4.760853688262E0,3.25E0));
#1035=DIRECTION('',(0.E0,1.E0,0.E0));
#1036=DIRECTION('',(1.E0,0.E0,0.E0));
#1037=AXIS2_PLACEMENT_3D('',#1034,#1035,#1036);
#1038=CONICAL_SURFACE('',#1037,2.414213562373E0,6.E1);
#1039=ORIENTED_EDGE('',*,*,#1022,.T.);
#1041=ORIENTED_EDGE('',*,*,#1040,.T.);
#1043=ORIENTED_EDGE('',*,*,#1042,.T.);
#1044=EDGE_LOOP('',(#1039,#1041,#1043));
#1045=FACE_OUTER_BOUND('',#1044,.F.);
#1046=ADVANCED_FACE('',(#1045),#1038,.T.);
#1047=CARTESIAN_POINT('',(2.E0,1.E0,1.25E0));
#1048=DIRECTION('',(1.E0,0.E0,0.E0));
#1049=DIRECTION('',(0.E0,0.E0,1.E0));
#1050=AXIS2_PLACEMENT_3D('',#1047,#1048,#1049);
#1051=PLANE('',#1050);
#1053=ORIENTED_EDGE('',*,*,#1052,.F.);
#1054=ORIENTED_EDGE('',*,*,#1040,.F.);
#1055=ORIENTED_EDGE('',*,*,#1029,.T.);
#1057=ORIENTED_EDGE('',*,*,#1056,.T.);
#1059=ORIENTED_EDGE('',*,*,#1058,.T.);
#1060=EDGE_LOOP('',(#1053,#1054,#1055,#1057,#1059));
#1061=FACE_OUTER_BOUND('',#1060,.F.);
#1062=ADVANCED_FACE('',(#1061),#1051,.T.);
#1063=CARTESIAN_POINT('',(0.E0,-4.760853688262E0,3.25E0));
#1064=DIRECTION('',(0.E0,1.E0,0.E0));
#1065=DIRECTION('',(1.E0,0.E0,0.E0));
#1066=AXIS2_PLACEMENT_3D('',#1063,#1064,#1065);
#1067=CONICAL_SURFACE('',#1066,2.414213562373E0,6.E1);
#1068=ORIENTED_EDGE('',*,*,#1052,.T.);
#1070=ORIENTED_EDGE('',*,*,#1069,.T.);
#1072=ORIENTED_EDGE('',*,*,#1071,.T.);
#1073=EDGE_LOOP('',(#1068,#1070,#1072));
#1074=FACE_OUTER_BOUND('',#1073,.F.);
#1075=ADVANCED_FACE('',(#1074),#1067,.T.);
#1076=CARTESIAN_POINT('',(0.E0,-4.760853688262E0,3.25E0));
#1077=DIRECTION('',(0.E0,1.E0,0.E0));
#1078=DIRECTION('',(1.E0,0.E0,0.E0));
#1079=AXIS2_PLACEMENT_3D('',#1076,#1077,#1078);
#1080=CONICAL_SURFACE('',#1079,2.414213562373E0,6.E1);
#1081=ORIENTED_EDGE('',*,*,#1012,.T.);
#1082=ORIENTED_EDGE('',*,*,#1024,.T.);
#1084=ORIENTED_EDGE('',*,*,#1083,.T.);
#1085=EDGE_LOOP('',(#1081,#1082,#1084));
#1086=FACE_OUTER_BOUND('',#1085,.F.);
#1087=ADVANCED_FACE('',(#1086),#1080,.T.);
#1088=OPEN_SHELL('',(#999,#1016,#1033,#1046,#1062,#1075,#1087));
#1089=CARTESIAN_POINT('',(0.E0,1.55E0,0.E0));
#1090=DIRECTION('',(0.E0,1.E0,0.E0));
#1091=DIRECTION('',(-1.E0,0.E0,0.E0));
#1092=AXIS2_PLACEMENT_3D('',#1089,#1090,#1091);
#1094=CARTESIAN_POINT('',(0.E0,1.55E0,0.E0));
#1095=DIRECTION('',(0.E0,1.E0,0.E0));
#1096=DIRECTION('',(1.E0,0.E0,0.E0));
#1097=AXIS2_PLACEMENT_3D('',#1094,#1095,#1096);
#1099=DIRECTION('',(0.E0,-1.E0,2.059604972502E-12));
#1100=VECTOR('',#1099,1.826794919243E0);
#1101=CARTESIAN_POINT('',(7.2E0,3.376794919243E0,-4.142493531360E-12));
#1102=LINE('',#1101,#1100);
#1103=CARTESIAN_POINT('',(0.E0,3.636602543503E0,0.E0));
#1104=DIRECTION('',(0.E0,1.E0,0.E0));
#1105=DIRECTION('',(-1.E0,0.E0,1.586475091922E-14));
#1106=AXIS2_PLACEMENT_3D('',#1103,#1104,#1105);
#1108=CARTESIAN_POINT('',(0.E0,3.636602543503E0,0.E0));
#1109=DIRECTION('',(0.E0,1.E0,0.E0));
#1110=DIRECTION('',(-9.999813293488E-1,0.E0,6.110724498626E-3));
#1111=AXIS2_PLACEMENT_3D('',#1108,#1109,#1110);
#1113=CARTESIAN_POINT('',(0.E0,3.376794919243E0,0.E0));
#1114=DIRECTION('',(0.E0,-1.E0,0.E0));
#1115=DIRECTION('',(1.E0,0.E0,-7.917033998869E-14));
#1116=AXIS2_PLACEMENT_3D('',#1113,#1114,#1115);
#1118=CARTESIAN_POINT('',(0.E0,3.376794919243E0,0.E0));
#1119=DIRECTION('',(0.E0,-1.E0,0.E0));
#1120=DIRECTION('',(-9.999813293488E-1,0.E0,6.110724498626E-3));
#1121=AXIS2_PLACEMENT_3D('',#1118,#1119,#1120);
#1123=CARTESIAN_POINT('',(-7.5E0,3.376794919243E0,8.034364840093E-12));
#1124=DIRECTION('',(1.071248992290E-12,0.E0,1.E0));
#1125=DIRECTION('',(1.E0,0.E0,-1.071248992290E-12));
#1126=AXIS2_PLACEMENT_3D('',#1123,#1124,#1125);
#1128=CARTESIAN_POINT('',(0.E0,4.011880215352E0,0.E0));
#1129=DIRECTION('',(0.E0,1.E0,0.E0));
#1130=DIRECTION('',(-1.E0,0.E0,0.E0));
#1131=AXIS2_PLACEMENT_3D('',#1128,#1129,#1130);
#1133=DIRECTION('',(-8.660254037843E-1,-5.000000000002E-1,-5.245977617538E-12));
#1134=VECTOR('',#1133,7.505553436975E-1);
#1135=CARTESIAN_POINT('',(8.E0,4.011880215352E0,0.E0));
#1136=LINE('',#1135,#1134);
#1137=CARTESIAN_POINT('',(0.E0,4.011880215352E0,0.E0));
#1138=DIRECTION('',(0.E0,1.E0,0.E0));
#1139=DIRECTION('',(1.E0,0.E0,0.E0));
#1140=AXIS2_PLACEMENT_3D('',#1137,#1138,#1139);
#1142=DIRECTION('',(8.660254037843E-1,-5.000000000002E-1,5.236852327522E-12));
#1143=VECTOR('',#1142,7.505553436975E-1);
#1144=CARTESIAN_POINT('',(-8.E0,4.011880215352E0,6.394884621841E-14));
#1145=LINE('',#1144,#1143);
#1146=CARTESIAN_POINT('',(0.E0,3.636602543503E0,0.E0));
#1147=DIRECTION('',(0.E0,1.E0,0.E0));
#1148=DIRECTION('',(1.E0,0.E0,0.E0));
#1149=AXIS2_PLACEMENT_3D('',#1146,#1147,#1148);
#1151=CARTESIAN_POINT('',(0.E0,3.636602543503E0,0.E0));
#1152=DIRECTION('',(0.E0,1.E0,0.E0));
#1153=DIRECTION('',(9.999813293488E-1,0.E0,-6.110724498625E-3));
#1154=AXIS2_PLACEMENT_3D('',#1151,#1152,#1153);
#1156=CARTESIAN_POINT('',(0.E0,3.376794919243E0,0.E0));
#1157=DIRECTION('',(0.E0,-1.E0,0.E0));
#1158=DIRECTION('',(-1.E0,0.E0,0.E0));
#1159=AXIS2_PLACEMENT_3D('',#1156,#1157,#1158);
#1161=CARTESIAN_POINT('',(0.E0,3.376794919243E0,0.E0));
#1162=DIRECTION('',(0.E0,-1.E0,0.E0));
#1163=DIRECTION('',(9.999813293488E-1,0.E0,-6.110724498625E-3));
#1164=AXIS2_PLACEMENT_3D('',#1161,#1162,#1163);
#1166=CARTESIAN_POINT('',(7.5E0,3.376794919243E0,-8.036855903004E-12));
#1167=DIRECTION('',(-1.071581191836E-12,0.E0,-1.E0));
#1168=DIRECTION('',(-1.E0,0.E0,1.071581191836E-12));
#1169=AXIS2_PLACEMENT_3D('',#1166,#1167,#1168);
#1171=DIRECTION('',(0.E0,-1.E0,-2.110643841007E-12));
#1172=VECTOR('',#1171,1.826794919243E0);
#1173=CARTESIAN_POINT('',(-7.2E0,3.376794919243E0,3.856300933962E-12));
#1174=LINE('',#1173,#1172);
#1175=CARTESIAN_POINT('',(0.E0,1.355E1,0.E0));
#1176=DIRECTION('',(0.E0,1.E0,0.E0));
#1177=DIRECTION('',(1.E0,0.E0,0.E0));
#1178=AXIS2_PLACEMENT_3D('',#1175,#1176,#1177);
#1180=DIRECTION('',(0.E0,-1.E0,0.E0));
#1181=VECTOR('',#1180,9.538119784648E0);
#1182=CARTESIAN_POINT('',(-8.E0,1.355E1,0.E0));
#1183=LINE('',#1182,#1181);
#1184=DIRECTION('',(0.E0,-1.E0,0.E0));
#1185=VECTOR('',#1184,9.538119784648E0);
#1186=CARTESIAN_POINT('',(8.E0,1.355E1,0.E0));
#1187=LINE('',#1186,#1185);
#1188=CARTESIAN_POINT('',(0.E0,1.355E1,0.E0));
#1189=DIRECTION('',(0.E0,1.E0,0.E0));
#1190=DIRECTION('',(-1.E0,0.E0,0.E0));
#1191=AXIS2_PLACEMENT_3D('',#1188,#1189,#1190);
#1193=CARTESIAN_POINT('',(0.E0,1.355E1,0.E0));
#1194=DIRECTION('',(0.E0,1.E0,0.E0));
#1195=DIRECTION('',(-1.E0,0.E0,0.E0));
#1196=AXIS2_PLACEMENT_3D('',#1193,#1194,#1195);
#1198=CARTESIAN_POINT('',(0.E0,1.355E1,0.E0));
#1199=DIRECTION('',(0.E0,1.E0,0.E0));
#1200=DIRECTION('',(1.E0,0.E0,0.E0));
#1201=AXIS2_PLACEMENT_3D('',#1198,#1199,#1200);
#1203=DIRECTION('',(9.473903143469E-14,-1.E0,0.E0));
#1204=VECTOR('',#1203,3.E-1);
#1205=CARTESIAN_POINT('',(9.E0,1.385E1,0.E0));
#1206=LINE('',#1205,#1204);
#1207=DIRECTION('',(-9.473903143469E-14,-1.E0,0.E0));
#1208=VECTOR('',#1207,3.E-1);
#1209=CARTESIAN_POINT('',(-9.E0,1.385E1,0.E0));
#1210=LINE('',#1209,#1208);
#1211=DIRECTION('',(-9.015230574683E-1,-4.327310675848E-1,0.E0));
#1212=VECTOR('',#1211,2.773084924772E0);
#1213=CARTESIAN_POINT('',(-6.5E0,1.505E1,0.E0));
#1214=LINE('',#1213,#1212);
#1215=CARTESIAN_POINT('',(0.E0,1.385E1,0.E0));
#1216=DIRECTION('',(0.E0,-1.E0,0.E0));
#1217=DIRECTION('',(-1.E0,0.E0,0.E0));
#1218=AXIS2_PLACEMENT_3D('',#1215,#1216,#1217);
#1220=DIRECTION('',(9.015230574683E-1,-4.327310675848E-1,0.E0));
#1221=VECTOR('',#1220,2.773084924772E0);
#1222=CARTESIAN_POINT('',(6.5E0,1.505E1,0.E0));
#1223=LINE('',#1222,#1221);
#1224=CARTESIAN_POINT('',(0.E0,1.385E1,0.E0));
#1225=DIRECTION('',(0.E0,-1.E0,0.E0));
#1226=DIRECTION('',(1.E0,0.E0,0.E0));
#1227=AXIS2_PLACEMENT_3D('',#1224,#1225,#1226);
#1229=CARTESIAN_POINT('',(0.E0,1.505E1,0.E0));
#1230=DIRECTION('',(0.E0,-1.E0,0.E0));
#1231=DIRECTION('',(-1.E0,0.E0,0.E0));
#1232=AXIS2_PLACEMENT_3D('',#1229,#1230,#1231);
#1234=CARTESIAN_POINT('',(0.E0,1.505E1,0.E0));
#1235=DIRECTION('',(0.E0,-1.E0,0.E0));
#1236=DIRECTION('',(1.E0,0.E0,0.E0));
#1237=AXIS2_PLACEMENT_3D('',#1234,#1235,#1236);
#1239=CARTESIAN_POINT('',(-7.2E0,1.55E0,0.E0));
#1240=CARTESIAN_POINT('',(7.2E0,1.55E0,0.E0));
#1241=VERTEX_POINT('',#1239);
#1242=VERTEX_POINT('',#1240);
#1243=CARTESIAN_POINT('',(7.2E0,3.376794919243E0,-5.700264479186E-13));
#1244=CARTESIAN_POINT('',(-7.199865571311E0,3.376794919243E0,
4.399721639010E-2));
#1245=VERTEX_POINT('',#1243);
#1246=VERTEX_POINT('',#1244);
#1247=CARTESIAN_POINT('',(-7.2E0,3.376794919243E0,0.E0));
#1248=VERTEX_POINT('',#1247);
#1249=CARTESIAN_POINT('',(-7.349862776125E0,3.636602543503E0,
4.491382509797E-2));
#1250=CARTESIAN_POINT('',(7.350000005412E0,3.636602543503E0,0.E0));
#1251=VERTEX_POINT('',#1249);
#1252=VERTEX_POINT('',#1250);
#1253=CARTESIAN_POINT('',(-7.350000005412E0,3.636602543503E0,
1.166059193421E-13));
#1254=VERTEX_POINT('',#1253);
#1255=CARTESIAN_POINT('',(-8.E0,4.011880215352E0,6.394884621841E-14));
#1256=VERTEX_POINT('',#1255);
#1257=CARTESIAN_POINT('',(8.E0,4.011880215352E0,0.E0));
#1258=VERTEX_POINT('',#1257);
#1259=CARTESIAN_POINT('',(7.349862776125E0,3.636602543503E0,
-4.491382509796E-2));
#1260=VERTEX_POINT('',#1259);
#1261=CARTESIAN_POINT('',(7.199865571311E0,3.376794919243E0,
-4.399721639010E-2));
#1262=VERTEX_POINT('',#1261);
#1263=CARTESIAN_POINT('',(8.E0,1.355E1,0.E0));
#1264=VERTEX_POINT('',#1263);
#1265=CARTESIAN_POINT('',(-8.E0,1.355E1,0.E0));
#1266=VERTEX_POINT('',#1265);
#1267=CARTESIAN_POINT('',(-9.E0,1.355E1,0.E0));
#1268=CARTESIAN_POINT('',(9.E0,1.355E1,0.E0));
#1269=VERTEX_POINT('',#1267);
#1270=VERTEX_POINT('',#1268);
#1271=CARTESIAN_POINT('',(9.E0,1.385E1,0.E0));
#1272=VERTEX_POINT('',#1271);
#1273=CARTESIAN_POINT('',(-9.E0,1.385E1,0.E0));
#1274=VERTEX_POINT('',#1273);
#1275=CARTESIAN_POINT('',(6.5E0,1.505E1,0.E0));
#1276=VERTEX_POINT('',#1275);
#1277=CARTESIAN_POINT('',(-6.5E0,1.505E1,0.E0));
#1278=VERTEX_POINT('',#1277);
#1279=CARTESIAN_POINT('',(0.E0,1.55E0,0.E0));
#1280=DIRECTION('',(0.E0,-1.E0,0.E0));
#1281=DIRECTION('',(-1.E0,0.E0,0.E0));
#1282=AXIS2_PLACEMENT_3D('',#1279,#1280,#1281);
#1283=PLANE('',#1282);
#1285=ORIENTED_EDGE('',*,*,#1284,.T.);
#1287=ORIENTED_EDGE('',*,*,#1286,.T.);
#1288=EDGE_LOOP('',(#1285,#1287));
#1289=FACE_OUTER_BOUND('',#1288,.F.);
#1290=ADVANCED_FACE('',(#1289),#1283,.T.);
#1291=CARTESIAN_POINT('',(0.E0,1.5725E1,0.E0));
#1292=DIRECTION('',(0.E0,-1.E0,0.E0));
#1293=DIRECTION('',(-1.E0,0.E0,0.E0));
#1294=AXIS2_PLACEMENT_3D('',#1291,#1292,#1293);
#1295=CYLINDRICAL_SURFACE('',#1294,7.2E0);
#1297=ORIENTED_EDGE('',*,*,#1296,.F.);
#1299=ORIENTED_EDGE('',*,*,#1298,.F.);
#1301=ORIENTED_EDGE('',*,*,#1300,.T.);
#1302=ORIENTED_EDGE('',*,*,#1284,.F.);
#1304=ORIENTED_EDGE('',*,*,#1303,.F.);
#1305=EDGE_LOOP('',(#1297,#1299,#1301,#1302,#1304));
#1306=FACE_OUTER_BOUND('',#1305,.F.);
#1307=ADVANCED_FACE('',(#1306),#1295,.T.);
#1308=CARTESIAN_POINT('',(0.E0,3.376794919243E0,0.E0));
#1309=DIRECTION('',(0.E0,-1.E0,0.E0));
#1310=DIRECTION('',(9.999813293488E-1,0.E0,-6.110724498626E-3));
#1311=AXIS2_PLACEMENT_3D('',#1308,#1309,#1310);
#1312=TOROIDAL_SURFACE('',#1311,7.5E0,3.E-1);
#1314=ORIENTED_EDGE('',*,*,#1313,.T.);
#1316=ORIENTED_EDGE('',*,*,#1315,.T.);
#1318=ORIENTED_EDGE('',*,*,#1317,.F.);
#1319=ORIENTED_EDGE('',*,*,#1298,.T.);
#1320=ORIENTED_EDGE('',*,*,#1296,.T.);
#1322=ORIENTED_EDGE('',*,*,#1321,.T.);
#1323=EDGE_LOOP('',(#1314,#1316,#1318,#1319,#1320,#1322));
#1324=FACE_OUTER_BOUND('',#1323,.F.);
#1325=ADVANCED_FACE('',(#1324),#1312,.F.);
#1326=CARTESIAN_POINT('',(0.E0,3.824241379428E0,0.E0));
#1327=DIRECTION('',(0.E0,1.E0,0.E0));
#1328=DIRECTION('',(1.E0,0.E0,0.E0));
#1329=AXIS2_PLACEMENT_3D('',#1326,#1327,#1328);
#1330=CONICAL_SURFACE('',#1329,7.675000002706E0,6.E1);
#1331=ORIENTED_EDGE('',*,*,#1315,.F.);
#1332=ORIENTED_EDGE('',*,*,#1313,.F.);
#1334=ORIENTED_EDGE('',*,*,#1333,.F.);
#1336=ORIENTED_EDGE('',*,*,#1335,.T.);
#1338=ORIENTED_EDGE('',*,*,#1337,.T.);
#1339=EDGE_LOOP('',(#1331,#1332,#1334,#1336,#1338));
#1340=FACE_OUTER_BOUND('',#1339,.F.);
#1341=ADVANCED_FACE('',(#1340),#1330,.T.);
#1342=CARTESIAN_POINT('',(0.E0,3.824241379428E0,0.E0));
#1343=DIRECTION('',(0.E0,1.E0,0.E0));
#1344=DIRECTION('',(1.E0,0.E0,0.E0));
#1345=AXIS2_PLACEMENT_3D('',#1342,#1343,#1344);
#1346=CONICAL_SURFACE('',#1345,7.675000002706E0,6.E1);
#1348=ORIENTED_EDGE('',*,*,#1347,.F.);
#1350=ORIENTED_EDGE('',*,*,#1349,.F.);
#1351=ORIENTED_EDGE('',*,*,#1337,.F.);
#1353=ORIENTED_EDGE('',*,*,#1352,.T.);
#1354=ORIENTED_EDGE('',*,*,#1333,.T.);
#1355=EDGE_LOOP('',(#1348,#1350,#1351,#1353,#1354));
#1356=FACE_OUTER_BOUND('',#1355,.F.);
#1357=ADVANCED_FACE('',(#1356),#1346,.T.);
#1358=CARTESIAN_POINT('',(0.E0,3.376794919243E0,0.E0));
#1359=DIRECTION('',(0.E0,-1.E0,0.E0));
#1360=DIRECTION('',(-9.999813293488E-1,0.E0,6.110724498625E-3));
#1361=AXIS2_PLACEMENT_3D('',#1358,#1359,#1360);
#1362=TOROIDAL_SURFACE('',#1361,7.5E0,3.E-1);
#1363=ORIENTED_EDGE('',*,*,#1349,.T.);
#1364=ORIENTED_EDGE('',*,*,#1347,.T.);
#1365=ORIENTED_EDGE('',*,*,#1321,.F.);
#1367=ORIENTED_EDGE('',*,*,#1366,.T.);
#1369=ORIENTED_EDGE('',*,*,#1368,.T.);
#1370=ORIENTED_EDGE('',*,*,#1317,.T.);
#1371=EDGE_LOOP('',(#1363,#1364,#1365,#1367,#1369,#1370));
#1372=FACE_OUTER_BOUND('',#1371,.F.);
#1373=ADVANCED_FACE('',(#1372),#1362,.F.);
#1374=CARTESIAN_POINT('',(0.E0,1.5725E1,0.E0));
#1375=DIRECTION('',(0.E0,-1.E0,0.E0));
#1376=DIRECTION('',(-1.E0,0.E0,0.E0));
#1377=AXIS2_PLACEMENT_3D('',#1374,#1375,#1376);
#1378=CYLINDRICAL_SURFACE('',#1377,7.2E0);
#1379=ORIENTED_EDGE('',*,*,#1368,.F.);
#1380=ORIENTED_EDGE('',*,*,#1366,.F.);
#1381=ORIENTED_EDGE('',*,*,#1303,.T.);
#1382=ORIENTED_EDGE('',*,*,#1286,.F.);
#1383=ORIENTED_EDGE('',*,*,#1300,.F.);
#1384=EDGE_LOOP('',(#1379,#1380,#1381,#1382,#1383));
#1385=FACE_OUTER_BOUND('',#1384,.F.);
#1386=ADVANCED_FACE('',(#1385),#1378,.T.);
#1387=CARTESIAN_POINT('',(0.E0,1.5725E1,0.E0));
#1388=DIRECTION('',(0.E0,-1.E0,0.E0));
#1389=DIRECTION('',(-1.E0,0.E0,0.E0));
#1390=AXIS2_PLACEMENT_3D('',#1387,#1388,#1389);
#1391=CYLINDRICAL_SURFACE('',#1390,8.E0);
#1393=ORIENTED_EDGE('',*,*,#1392,.F.);
#1395=ORIENTED_EDGE('',*,*,#1394,.T.);
#1397=ORIENTED_EDGE('',*,*,#1396,.T.);
#1398=ORIENTED_EDGE('',*,*,#1352,.F.);
#1399=EDGE_LOOP('',(#1393,#1395,#1397,#1398));
#1400=FACE_OUTER_BOUND('',#1399,.F.);
#1401=ADVANCED_FACE('',(#1400),#1391,.T.);
#1402=CARTESIAN_POINT('',(0.E0,1.5725E1,0.E0));
#1403=DIRECTION('',(0.E0,-1.E0,0.E0));
#1404=DIRECTION('',(-1.E0,0.E0,0.E0));
#1405=AXIS2_PLACEMENT_3D('',#1402,#1403,#1404);
#1406=CYLINDRICAL_SURFACE('',#1405,8.E0);
#1407=ORIENTED_EDGE('',*,*,#1392,.T.);
#1408=ORIENTED_EDGE('',*,*,#1335,.F.);
#1409=ORIENTED_EDGE('',*,*,#1396,.F.);
#1411=ORIENTED_EDGE('',*,*,#1410,.T.);
#1412=EDGE_LOOP('',(#1407,#1408,#1409,#1411));
#1413=FACE_OUTER_BOUND('',#1412,.F.);
#1414=ADVANCED_FACE('',(#1413),#1406,.T.);
#1415=CARTESIAN_POINT('',(0.E0,1.355E1,0.E0));
#1416=DIRECTION('',(0.E0,-1.E0,0.E0));
#1417=DIRECTION('',(-1.E0,0.E0,0.E0));
#1418=AXIS2_PLACEMENT_3D('',#1415,#1416,#1417);
#1419=PLANE('',#1418);
#1421=ORIENTED_EDGE('',*,*,#1420,.T.);
#1423=ORIENTED_EDGE('',*,*,#1422,.T.);
#1424=EDGE_LOOP('',(#1421,#1423));
#1425=FACE_OUTER_BOUND('',#1424,.F.);
#1426=ADVANCED_FACE('',(#1425),#1419,.T.);
#1427=CARTESIAN_POINT('',(0.E0,1.5725E1,0.E0));
#1428=DIRECTION('',(0.E0,-1.E0,0.E0));
#1429=DIRECTION('',(-1.E0,0.E0,0.E0));
#1430=AXIS2_PLACEMENT_3D('',#1427,#1428,#1429);
#1431=CYLINDRICAL_SURFACE('',#1430,9.E0);
#1433=ORIENTED_EDGE('',*,*,#1432,.T.);
#1434=ORIENTED_EDGE('',*,*,#1420,.F.);
#1436=ORIENTED_EDGE('',*,*,#1435,.F.);
#1438=ORIENTED_EDGE('',*,*,#1437,.F.);
#1439=EDGE_LOOP('',(#1433,#1434,#1436,#1438));
#1440=FACE_OUTER_BOUND('',#1439,.F.);
#1441=ADVANCED_FACE('',(#1440),#1431,.T.);
#1442=CARTESIAN_POINT('',(0.E0,1.5725E1,0.E0));
#1443=DIRECTION('',(0.E0,-1.E0,0.E0));
#1444=DIRECTION('',(-1.E0,0.E0,0.E0));
#1445=AXIS2_PLACEMENT_3D('',#1442,#1443,#1444);
#1446=CYLINDRICAL_SURFACE('',#1445,9.E0);
#1447=ORIENTED_EDGE('',*,*,#1432,.F.);
#1449=ORIENTED_EDGE('',*,*,#1448,.F.);
#1450=ORIENTED_EDGE('',*,*,#1435,.T.);
#1451=ORIENTED_EDGE('',*,*,#1422,.F.);
#1452=EDGE_LOOP('',(#1447,#1449,#1450,#1451));
#1453=FACE_OUTER_BOUND('',#1452,.F.);
#1454=ADVANCED_FACE('',(#1453),#1446,.T.);
#1455=CARTESIAN_POINT('',(0.E0,1.445E1,0.E0));
#1456=DIRECTION('',(0.E0,-1.E0,0.E0));
#1457=DIRECTION('',(-1.E0,0.E0,0.E0));
#1458=AXIS2_PLACEMENT_3D('',#1455,#1456,#1457);
#1459=CONICAL_SURFACE('',#1458,7.75E0,6.435899417569E1);
#1461=ORIENTED_EDGE('',*,*,#1460,.F.);
#1463=ORIENTED_EDGE('',*,*,#1462,.F.);
#1465=ORIENTED_EDGE('',*,*,#1464,.T.);
#1466=ORIENTED_EDGE('',*,*,#1448,.T.);
#1467=EDGE_LOOP('',(#1461,#1463,#1465,#1466));
#1468=FACE_OUTER_BOUND('',#1467,.F.);
#1469=ADVANCED_FACE('',(#1468),#1459,.T.);
#1470=CARTESIAN_POINT('',(0.E0,1.445E1,0.E0));
#1471=DIRECTION('',(0.E0,-1.E0,0.E0));
#1472=DIRECTION('',(-1.E0,0.E0,0.E0));
#1473=AXIS2_PLACEMENT_3D('',#1470,#1471,#1472);
#1474=CONICAL_SURFACE('',#1473,7.75E0,6.435899417569E1);
#1475=ORIENTED_EDGE('',*,*,#1460,.T.);
#1476=ORIENTED_EDGE('',*,*,#1437,.T.);
#1477=ORIENTED_EDGE('',*,*,#1464,.F.);
#1479=ORIENTED_EDGE('',*,*,#1478,.F.);
#1480=EDGE_LOOP('',(#1475,#1476,#1477,#1479));
#1481=FACE_OUTER_BOUND('',#1480,.F.);
#1482=ADVANCED_FACE('',(#1481),#1474,.T.);
#1483=CARTESIAN_POINT('',(0.E0,1.505E1,0.E0));
#1484=DIRECTION('',(0.E0,-1.E0,0.E0));
#1485=DIRECTION('',(-1.E0,0.E0,0.E0));
#1486=AXIS2_PLACEMENT_3D('',#1483,#1484,#1485);
#1487=PLANE('',#1486);
#1488=ORIENTED_EDGE('',*,*,#1462,.T.);
#1489=ORIENTED_EDGE('',*,*,#1478,.T.);
#1490=EDGE_LOOP('',(#1488,#1489));
#1491=FACE_OUTER_BOUND('',#1490,.F.);
#1492=ADVANCED_FACE('',(#1491),#1487,.F.);
#1493=OPEN_SHELL('',(#1290,#1307,#1325,#1341,#1357,#1373,#1386,#1401,#1414,
#1426,#1441,#1454,#1469,#1482,#1492));
#1494=CARTESIAN_POINT('',(0.E0,1.518646211325E1,0.E0));
#1495=DIRECTION('',(0.E0,-1.E0,0.E0));
#1496=DIRECTION('',(1.E0,0.E0,0.E0));
#1497=AXIS2_PLACEMENT_3D('',#1494,#1495,#1496);
#1499=CARTESIAN_POINT('',(0.E0,1.518646211325E1,0.E0));
#1500=DIRECTION('',(0.E0,-1.E0,0.E0));
#1501=DIRECTION('',(9.999797356258E-1,0.E0,6.366187065987E-3));
#1502=AXIS2_PLACEMENT_3D('',#1499,#1500,#1501);
#1504=CARTESIAN_POINT('',(0.E0,2.45E0,0.E0));
#1505=DIRECTION('',(0.E0,0.E0,-1.E0));
#1506=DIRECTION('',(0.E0,1.E0,0.E0));
#1507=AXIS2_PLACEMENT_3D('',#1504,#1505,#1506);
#1509=CARTESIAN_POINT('',(0.E0,1.518646211325E1,0.E0));
#1510=DIRECTION('',(0.E0,-1.E0,0.E0));
#1511=DIRECTION('',(-1.E0,0.E0,0.E0));
#1512=AXIS2_PLACEMENT_3D('',#1509,#1510,#1511);
#1514=CARTESIAN_POINT('',(0.E0,1.518646211325E1,0.E0));
#1515=DIRECTION('',(0.E0,-1.E0,0.E0));
#1516=DIRECTION('',(-9.999797356258E-1,0.E0,-6.366187065987E-3));
#1517=AXIS2_PLACEMENT_3D('',#1514,#1515,#1516);
#1519=CARTESIAN_POINT('',(0.E0,2.45E0,0.E0));
#1520=DIRECTION('',(0.E0,0.E0,1.E0));
#1521=DIRECTION('',(0.E0,1.E0,0.E0));
#1522=AXIS2_PLACEMENT_3D('',#1519,#1520,#1521);
#1524=CARTESIAN_POINT('',(5.812156543643E0,1.518646211325E1,3.700202563652E-2));
#1525=CARTESIAN_POINT('',(-5.812274325745E0,1.518646211325E1,0.E0));
#1526=VERTEX_POINT('',#1524);
#1527=VERTEX_POINT('',#1525);
#1528=CARTESIAN_POINT('',(5.812274325745E0,1.518646211325E1,0.E0));
#1529=VERTEX_POINT('',#1528);
#1530=CARTESIAN_POINT('',(0.E0,1.645E1,0.E0));
#1531=VERTEX_POINT('',#1530);
#1532=CARTESIAN_POINT('',(-5.812156543643E0,1.518646211325E1,
-3.700202563653E-2));
#1533=VERTEX_POINT('',#1532);
#1534=CARTESIAN_POINT('',(0.E0,2.45E0,0.E0));
#1535=DIRECTION('',(0.E0,-1.E0,0.E0));
#1536=DIRECTION('',(-1.E0,0.E0,0.E0));
#1537=AXIS2_PLACEMENT_3D('',#1534,#1535,#1536);
#1538=SPHERICAL_SURFACE('',#1537,1.4E1);
#1540=ORIENTED_EDGE('',*,*,#1539,.T.);
#1542=ORIENTED_EDGE('',*,*,#1541,.T.);
#1544=ORIENTED_EDGE('',*,*,#1543,.F.);
#1546=ORIENTED_EDGE('',*,*,#1545,.T.);
#1547=EDGE_LOOP('',(#1540,#1542,#1544,#1546));
#1548=FACE_OUTER_BOUND('',#1547,.F.);
#1549=ADVANCED_FACE('',(#1548),#1538,.T.);
#1550=CARTESIAN_POINT('',(0.E0,2.45E0,0.E0));
#1551=DIRECTION('',(0.E0,-1.E0,0.E0));
#1552=DIRECTION('',(-1.E0,0.E0,0.E0));
#1553=AXIS2_PLACEMENT_3D('',#1550,#1551,#1552);
#1554=SPHERICAL_SURFACE('',#1553,1.4E1);
#1556=ORIENTED_EDGE('',*,*,#1555,.T.);
#1558=ORIENTED_EDGE('',*,*,#1557,.T.);
#1559=ORIENTED_EDGE('',*,*,#1545,.F.);
#1560=ORIENTED_EDGE('',*,*,#1543,.T.);
#1561=EDGE_LOOP('',(#1556,#1558,#1559,#1560));
#1562=FACE_OUTER_BOUND('',#1561,.F.);
#1563=ADVANCED_FACE('',(#1562),#1554,.T.);
#1564=OPEN_SHELL('',(#1549,#1563));
#1565=DIRECTION('',(0.E0,1.E0,0.E0));
#1566=VECTOR('',#1565,4.275E0);
#1567=CARTESIAN_POINT('',(-1.25E0,-6.E0,3.25E0));
#1568=LINE('',#1567,#1566);
#1569=CARTESIAN_POINT('',(0.E0,-1.725E0,3.25E0));
#1570=DIRECTION('',(0.E0,1.E0,0.E0));
#1571=DIRECTION('',(-1.E0,0.E0,0.E0));
#1572=AXIS2_PLACEMENT_3D('',#1569,#1570,#1571);
#1574=CARTESIAN_POINT('',(0.E0,-6.E0,3.25E0));
#1575=DIRECTION('',(0.E0,-1.E0,0.E0));
#1576=DIRECTION('',(1.E0,0.E0,0.E0));
#1577=AXIS2_PLACEMENT_3D('',#1574,#1575,#1576);
#1579=CARTESIAN_POINT('',(0.E0,-6.E0,3.25E0));
#1580=DIRECTION('',(0.E0,-1.E0,0.E0));
#1581=DIRECTION('',(-1.E0,0.E0,0.E0));
#1582=AXIS2_PLACEMENT_3D('',#1579,#1580,#1581);
#1584=DIRECTION('',(0.E0,1.E0,0.E0));
#1585=VECTOR('',#1584,4.275E0);
#1586=CARTESIAN_POINT('',(1.25E0,-6.E0,3.25E0));
#1587=LINE('',#1586,#1585);
#1588=CARTESIAN_POINT('',(0.E0,-1.725E0,3.25E0));
#1589=DIRECTION('',(0.E0,1.E0,0.E0));
#1590=DIRECTION('',(1.E0,0.E0,0.E0));
#1591=AXIS2_PLACEMENT_3D('',#1588,#1589,#1590);
#1593=DIRECTION('',(-1.526556658860E-14,1.E0,0.E0));
#1594=VECTOR('',#1593,6.E-1);
#1595=CARTESIAN_POINT('',(4.E-1,-7.E0,4.953672503740E0));
#1596=LINE('',#1595,#1594);
#1597=DIRECTION('',(-1.591319668629E-14,-1.E0,0.E0));
#1598=VECTOR('',#1597,6.E-1);
#1599=CARTESIAN_POINT('',(-4.E-1,-6.4E0,4.953672503740E0));
#1600=LINE('',#1599,#1598);
#1601=DIRECTION('',(0.E0,1.E0,0.E0));
#1602=VECTOR('',#1601,1.E0);
#1603=CARTESIAN_POINT('',(-1.75E0,-7.E0,3.250000000004E0));
#1604=LINE('',#1603,#1602);
#1605=CARTESIAN_POINT('',(0.E0,-6.E0,3.25E0));
#1606=DIRECTION('',(0.E0,1.E0,0.E0));
#1607=DIRECTION('',(-1.E0,0.E0,2.078083736836E-12));
#1608=AXIS2_PLACEMENT_3D('',#1605,#1606,#1607);
#1610=CARTESIAN_POINT('',(4.E-1,-7.2E0,4.747497913187E0));
#1611=CARTESIAN_POINT('',(4.E-1,-7.2E0,4.765925240930E0));
#1612=CARTESIAN_POINT('',(4.000004128902E-1,-7.195199184189E0,
4.802524810567E0));
#1613=CARTESIAN_POINT('',(3.999990523945E-1,-7.174749406900E0,
4.852819412808E0));
#1614=CARTESIAN_POINT('',(4.000006493125E-1,-7.142057201707E0,
4.896168220907E0));
#1615=CARTESIAN_POINT('',(3.999983591729E-1,-7.099949964769E0,
4.928893653700E0));
#1616=CARTESIAN_POINT('',(4.000033296559E-1,-7.051037929795E0,
4.949264750082E0));
#1617=CARTESIAN_POINT('',(4.E-1,-7.016919761603E0,4.953672503740E0));
#1618=CARTESIAN_POINT('',(4.E-1,-7.E0,4.953672503740E0));
#1620=CARTESIAN_POINT('',(0.E0,-7.E0,3.25E0));
#1621=DIRECTION('',(0.E0,1.E0,0.E0));
#1622=DIRECTION('',(2.285714285714E-1,0.E0,9.735271449943E-1));
#1623=AXIS2_PLACEMENT_3D('',#1620,#1621,#1622);
#1625=CARTESIAN_POINT('',(0.E0,-7.E0,3.25E0));
#1626=DIRECTION('',(0.E0,1.E0,0.E0));
#1627=DIRECTION('',(1.E0,0.E0,0.E0));
#1628=AXIS2_PLACEMENT_3D('',#1625,#1626,#1627);
#1630=CARTESIAN_POINT('',(0.E0,-7.E0,3.25E0));
#1631=DIRECTION('',(0.E0,1.E0,0.E0));
#1632=DIRECTION('',(9.999555924467E-1,0.E0,-9.424072080256E-3));
#1633=AXIS2_PLACEMENT_3D('',#1630,#1631,#1632);
#1635=CARTESIAN_POINT('',(4.E-1,-7.E0,1.546327496260E0));
#1636=CARTESIAN_POINT('',(4.E-1,-7.014604526661E0,1.546327496260E0));
#1637=CARTESIAN_POINT('',(4.000012725760E-1,-7.043978241090E0,
1.549613696514E0));
#1638=CARTESIAN_POINT('',(3.999992414073E-1,-7.086566331660E0,
1.564658398693E0));
#1639=CARTESIAN_POINT('',(4.000002359734E-1,-7.124838109455E0,
1.589081510575E0));
#1640=CARTESIAN_POINT('',(4.000006605066E-1,-7.157025921366E0,
1.621815425528E0));
#1641=CARTESIAN_POINT('',(3.999990387678E-1,-7.181325724180E0,
1.661249054711E0));
#1642=CARTESIAN_POINT('',(4.000007969238E-1,-7.196476535104E0,
1.705282004619E0));
#1643=CARTESIAN_POINT('',(4.E-1,-7.2E0,1.736689166583E0));
#1644=CARTESIAN_POINT('',(4.E-1,-7.2E0,1.752502086813E0));
#1646=CARTESIAN_POINT('',(0.E0,-7.E0,3.25E0));
#1647=DIRECTION('',(0.E0,1.E0,0.E0));
#1648=DIRECTION('',(-2.285714285714E-1,0.E0,-9.735271449943E-1));
#1649=AXIS2_PLACEMENT_3D('',#1646,#1647,#1648);
#1651=CARTESIAN_POINT('',(0.E0,-7.E0,3.25E0));
#1652=DIRECTION('',(0.E0,1.E0,0.E0));
#1653=DIRECTION('',(-1.E0,0.E0,2.078337502098E-12));
#1654=AXIS2_PLACEMENT_3D('',#1651,#1652,#1653);
#1656=CARTESIAN_POINT('',(0.E0,-7.E0,3.25E0));
#1657=DIRECTION('',(0.E0,1.E0,0.E0));
#1658=DIRECTION('',(-9.999555924467E-1,0.E0,9.424072080255E-3));
#1659=AXIS2_PLACEMENT_3D('',#1656,#1657,#1658);
#1661=CARTESIAN_POINT('',(-4.E-1,-7.E0,4.953672503740E0));
#1662=CARTESIAN_POINT('',(-4.E-1,-7.014604526661E0,4.953672503740E0));
#1663=CARTESIAN_POINT('',(-4.000012725760E-1,-7.043978241090E0,
4.950386303486E0));
#1664=CARTESIAN_POINT('',(-3.999992414073E-1,-7.086566331660E0,
4.935341601307E0));
#1665=CARTESIAN_POINT('',(-4.000002359734E-1,-7.124838109455E0,
4.910918489425E0));
#1666=CARTESIAN_POINT('',(-4.000006605066E-1,-7.157025921366E0,
4.878184574472E0));
#1667=CARTESIAN_POINT('',(-3.999990387678E-1,-7.181325724180E0,
4.838750945289E0));
#1668=CARTESIAN_POINT('',(-4.000007969238E-1,-7.196476535104E0,
4.794717995381E0));
#1669=CARTESIAN_POINT('',(-4.E-1,-7.2E0,4.763310833417E0));
#1670=CARTESIAN_POINT('',(-4.E-1,-7.2E0,4.747497913187E0));
#1672=CARTESIAN_POINT('',(-4.E-1,-7.2E0,1.752502086813E0));
#1673=CARTESIAN_POINT('',(-4.E-1,-7.2E0,1.734074759070E0));
#1674=CARTESIAN_POINT('',(-4.000004128902E-1,-7.195199184189E0,
1.697475189433E0));
#1675=CARTESIAN_POINT('',(-3.999990523945E-1,-7.174749406900E0,
1.647180587192E0));
#1676=CARTESIAN_POINT('',(-4.000006493125E-1,-7.142057201707E0,
1.603831779093E0));
#1677=CARTESIAN_POINT('',(-3.999983591729E-1,-7.099949964769E0,
1.571106346300E0));
#1678=CARTESIAN_POINT('',(-4.000033296559E-1,-7.051037929795E0,
1.550735249918E0));
#1679=CARTESIAN_POINT('',(-4.E-1,-7.016919761603E0,1.546327496260E0));
#1680=CARTESIAN_POINT('',(-4.E-1,-7.E0,1.546327496260E0));
#1682=DIRECTION('',(0.E0,0.E0,1.E0));
#1683=VECTOR('',#1682,2.994995826374E0);
#1684=CARTESIAN_POINT('',(4.E-1,-7.2E0,1.752502086813E0));
#1685=LINE('',#1684,#1683);
#1686=CARTESIAN_POINT('',(0.E0,-7.2E0,3.25E0));
#1687=DIRECTION('',(0.E0,1.E0,0.E0));
#1688=DIRECTION('',(2.580645161290E-1,0.E0,9.661276859272E-1));
#1689=AXIS2_PLACEMENT_3D('',#1686,#1687,#1688);
#1691=CARTESIAN_POINT('',(0.E0,-7.2E0,3.25E0));
#1692=DIRECTION('',(0.E0,1.E0,0.E0));
#1693=DIRECTION('',(9.999555924467E-1,0.E0,-9.424072080257E-3));
#1694=AXIS2_PLACEMENT_3D('',#1691,#1692,#1693);
#1696=DIRECTION('',(0.E0,0.E0,-1.E0));
#1697=VECTOR('',#1696,2.994995826374E0);
#1698=CARTESIAN_POINT('',(-4.E-1,-7.2E0,4.747497913187E0));
#1699=LINE('',#1698,#1697);
#1700=CARTESIAN_POINT('',(0.E0,-7.2E0,3.25E0));
#1701=DIRECTION('',(0.E0,1.E0,0.E0));
#1702=DIRECTION('',(-2.580645161290E-1,0.E0,-9.661276859272E-1));
#1703=AXIS2_PLACEMENT_3D('',#1700,#1701,#1702);
#1705=CARTESIAN_POINT('',(0.E0,-7.2E0,3.25E0));
#1706=DIRECTION('',(0.E0,1.E0,0.E0));
#1707=DIRECTION('',(-9.999555924467E-1,0.E0,9.424072080257E-3));
#1708=AXIS2_PLACEMENT_3D('',#1705,#1706,#1707);
#1710=CARTESIAN_POINT('',(0.E0,-6.4E0,3.25E0));
#1711=DIRECTION('',(0.E0,1.E0,0.E0));
#1712=DIRECTION('',(-2.285714285714E-1,0.E0,9.735271449943E-1));
#1713=AXIS2_PLACEMENT_3D('',#1710,#1711,#1712);
#1715=DIRECTION('',(0.E0,0.E0,-1.E0));
#1716=VECTOR('',#1715,3.407345007480E0);
#1717=CARTESIAN_POINT('',(4.E-1,-6.4E0,4.953672503740E0));
#1718=LINE('',#1717,#1716);
#1719=CARTESIAN_POINT('',(0.E0,-6.4E0,3.25E0));
#1720=DIRECTION('',(0.E0,1.E0,0.E0));
#1721=DIRECTION('',(2.285714285714E-1,0.E0,-9.735271449943E-1));
#1722=AXIS2_PLACEMENT_3D('',#1719,#1720,#1721);
#1724=DIRECTION('',(0.E0,0.E0,1.E0));
#1725=VECTOR('',#1724,3.407345007480E0);
#1726=CARTESIAN_POINT('',(-4.E-1,-6.4E0,1.546327496260E0));
#1727=LINE('',#1726,#1725);
#1728=DIRECTION('',(1.591319668629E-14,-1.E0,0.E0));
#1729=VECTOR('',#1728,6.E-1);
#1730=CARTESIAN_POINT('',(4.E-1,-6.4E0,1.546327496260E0));
#1731=LINE('',#1730,#1729);
#1732=DIRECTION('',(0.E0,1.E0,1.212807632101E-12));
#1733=VECTOR('',#1732,1.E0);
#1734=CARTESIAN_POINT('',(1.75E0,-7.E0,3.249999999999E0));
#1735=LINE('',#1734,#1733);
#1736=CARTESIAN_POINT('',(0.E0,-6.E0,3.25E0));
#1737=DIRECTION('',(0.E0,1.E0,0.E0));
#1738=DIRECTION('',(1.E0,0.E0,0.E0));
#1739=AXIS2_PLACEMENT_3D('',#1736,#1737,#1738);
#1741=DIRECTION('',(1.424786214936E-14,1.E0,0.E0));
#1742=VECTOR('',#1741,6.E-1);
#1743=CARTESIAN_POINT('',(-4.E-1,-7.E0,1.546327496260E0));
#1744=LINE('',#1743,#1742);
#1745=CARTESIAN_POINT('',(1.25E0,-1.725E0,3.25E0));
#1746=CARTESIAN_POINT('',(-1.25E0,-1.725E0,3.25E0));
#1747=VERTEX_POINT('',#1745);
#1748=VERTEX_POINT('',#1746);
#1749=CARTESIAN_POINT('',(-1.25E0,-6.E0,3.25E0));
#1750=VERTEX_POINT('',#1749);
#1751=CARTESIAN_POINT('',(1.25E0,-6.E0,3.25E0));
#1752=VERTEX_POINT('',#1751);
#1753=CARTESIAN_POINT('',(1.75E0,-6.E0,3.25E0));
#1754=CARTESIAN_POINT('',(-1.75E0,-6.E0,3.250000000004E0));
#1755=VERTEX_POINT('',#1753);
#1756=VERTEX_POINT('',#1754);
#1757=CARTESIAN_POINT('',(4.E-1,-7.E0,4.953672503740E0));
#1758=CARTESIAN_POINT('',(4.E-1,-6.4E0,4.953672503740E0));
#1759=VERTEX_POINT('',#1757);
#1760=VERTEX_POINT('',#1758);
#1761=CARTESIAN_POINT('',(-4.E-1,-6.4E0,4.953672503740E0));
#1762=VERTEX_POINT('',#1761);
#1763=CARTESIAN_POINT('',(-4.E-1,-7.E0,4.953672503740E0));
#1764=VERTEX_POINT('',#1763);
#1765=CARTESIAN_POINT('',(-1.749922286782E0,-7.E0,3.266492126140E0));
#1766=VERTEX_POINT('',#1765);
#1767=CARTESIAN_POINT('',(-1.75E0,-7.E0,3.250000000004E0));
#1768=VERTEX_POINT('',#1767);
#1769=CARTESIAN_POINT('',(1.75E0,-7.E0,3.249999999999E0));
#1770=VERTEX_POINT('',#1769);
#1771=VERTEX_POINT('',#1610);
#1772=CARTESIAN_POINT('',(4.E-1,-7.2E0,1.752502086813E0));
#1773=VERTEX_POINT('',#1772);
#1774=VERTEX_POINT('',#1635);
#1775=CARTESIAN_POINT('',(4.E-1,-6.4E0,1.546327496260E0));
#1776=VERTEX_POINT('',#1775);
#1777=CARTESIAN_POINT('',(1.549931168292E0,-7.2E0,3.235392688276E0));
#1778=VERTEX_POINT('',#1777);
#1779=CARTESIAN_POINT('',(1.749922286782E0,-7.E0,3.233507873860E0));
#1780=VERTEX_POINT('',#1779);
#1781=CARTESIAN_POINT('',(-4.E-1,-7.E0,1.546327496260E0));
#1782=VERTEX_POINT('',#1781);
#1783=VERTEX_POINT('',#1670);
#1784=CARTESIAN_POINT('',(-1.549931168292E0,-7.2E0,3.264607311724E0));
#1785=VERTEX_POINT('',#1784);
#1786=CARTESIAN_POINT('',(-4.E-1,-7.2E0,1.752502086813E0));
#1787=VERTEX_POINT('',#1786);
#1788=CARTESIAN_POINT('',(-4.E-1,-6.4E0,1.546327496260E0));
#1789=VERTEX_POINT('',#1788);
#1790=CARTESIAN_POINT('',(0.E0,-7.485E0,3.25E0));
#1791=DIRECTION('',(0.E0,1.E0,0.E0));
#1792=DIRECTION('',(1.E0,0.E0,0.E0));
#1793=AXIS2_PLACEMENT_3D('',#1790,#1791,#1792);
#1794=CYLINDRICAL_SURFACE('',#1793,1.25E0);
#1796=ORIENTED_EDGE('',*,*,#1795,.T.);
#1798=ORIENTED_EDGE('',*,*,#1797,.T.);
#1800=ORIENTED_EDGE('',*,*,#1799,.F.);
#1802=ORIENTED_EDGE('',*,*,#1801,.T.);
#1803=EDGE_LOOP('',(#1796,#1798,#1800,#1802));
#1804=FACE_OUTER_BOUND('',#1803,.F.);
#1805=ADVANCED_FACE('',(#1804),#1794,.T.);
#1806=CARTESIAN_POINT('',(0.E0,-7.485E0,3.25E0));
#1807=DIRECTION('',(0.E0,1.E0,0.E0));
#1808=DIRECTION('',(1.E0,0.E0,0.E0));
#1809=AXIS2_PLACEMENT_3D('',#1806,#1807,#1808);
#1810=CYLINDRICAL_SURFACE('',#1809,1.25E0);
#1811=ORIENTED_EDGE('',*,*,#1795,.F.);
#1813=ORIENTED_EDGE('',*,*,#1812,.T.);
#1814=ORIENTED_EDGE('',*,*,#1799,.T.);
#1816=ORIENTED_EDGE('',*,*,#1815,.T.);
#1817=EDGE_LOOP('',(#1811,#1813,#1814,#1816));
#1818=FACE_OUTER_BOUND('',#1817,.F.);
#1819=ADVANCED_FACE('',(#1818),#1810,.T.);
#1820=CARTESIAN_POINT('',(0.E0,-7.485E0,3.25E0));
#1821=DIRECTION('',(0.E0,1.E0,0.E0));
#1822=DIRECTION('',(1.E0,0.E0,0.E0));
#1823=AXIS2_PLACEMENT_3D('',#1820,#1821,#1822);
#1824=CYLINDRICAL_SURFACE('',#1823,1.75E0);
#1826=ORIENTED_EDGE('',*,*,#1825,.T.);
#1828=ORIENTED_EDGE('',*,*,#1827,.F.);
#1830=ORIENTED_EDGE('',*,*,#1829,.T.);
#1832=ORIENTED_EDGE('',*,*,#1831,.F.);
#1834=ORIENTED_EDGE('',*,*,#1833,.F.);
#1836=ORIENTED_EDGE('',*,*,#1835,.T.);
#1838=ORIENTED_EDGE('',*,*,#1837,.T.);
#1840=ORIENTED_EDGE('',*,*,#1839,.F.);
#1842=ORIENTED_EDGE('',*,*,#1841,.F.);
#1843=EDGE_LOOP('',(#1826,#1828,#1830,#1832,#1834,#1836,#1838,#1840,#1842));
#1844=FACE_OUTER_BOUND('',#1843,.F.);
#1845=ADVANCED_FACE('',(#1844),#1824,.T.);
#1846=CARTESIAN_POINT('',(0.E0,-7.E0,3.25E0));
#1847=DIRECTION('',(0.E0,1.E0,0.E0));
#1848=DIRECTION('',(-9.999555924467E-1,0.E0,9.424072080256E-3));
#1849=AXIS2_PLACEMENT_3D('',#1846,#1847,#1848);
#1850=TOROIDAL_SURFACE('',#1849,1.55E0,2.E-1);
#1852=ORIENTED_EDGE('',*,*,#1851,.F.);
#1854=ORIENTED_EDGE('',*,*,#1853,.F.);
#1856=ORIENTED_EDGE('',*,*,#1855,.T.);
#1857=ORIENTED_EDGE('',*,*,#1841,.T.);
#1859=ORIENTED_EDGE('',*,*,#1858,.T.);
#1861=ORIENTED_EDGE('',*,*,#1860,.T.);
#1863=ORIENTED_EDGE('',*,*,#1862,.T.);
#1864=EDGE_LOOP('',(#1852,#1854,#1856,#1857,#1859,#1861,#1863));
#1865=FACE_OUTER_BOUND('',#1864,.F.);
#1866=ADVANCED_FACE('',(#1865),#1850,.T.);
#1867=CARTESIAN_POINT('',(0.E0,-7.E0,3.25E0));
#1868=DIRECTION('',(0.E0,1.E0,0.E0));
#1869=DIRECTION('',(-9.999555924467E-1,0.E0,9.424072080256E-3));
#1870=AXIS2_PLACEMENT_3D('',#1867,#1868,#1869);
#1871=TOROIDAL_SURFACE('',#1870,1.55E0,2.E-1);
#1873=ORIENTED_EDGE('',*,*,#1872,.T.);
#1874=ORIENTED_EDGE('',*,*,#1833,.T.);
#1875=ORIENTED_EDGE('',*,*,#1831,.T.);
#1877=ORIENTED_EDGE('',*,*,#1876,.T.);
#1879=ORIENTED_EDGE('',*,*,#1878,.F.);
#1881=ORIENTED_EDGE('',*,*,#1880,.F.);
#1883=ORIENTED_EDGE('',*,*,#1882,.T.);
#1884=EDGE_LOOP('',(#1873,#1874,#1875,#1877,#1879,#1881,#1883));
#1885=FACE_OUTER_BOUND('',#1884,.F.);
#1886=ADVANCED_FACE('',(#1885),#1871,.T.);
#1887=CARTESIAN_POINT('',(0.E0,-7.2E0,3.25E0));
#1888=DIRECTION('',(0.E0,1.E0,0.E0));
#1889=DIRECTION('',(1.E0,0.E0,0.E0));
#1890=AXIS2_PLACEMENT_3D('',#1887,#1888,#1889);
#1891=PLANE('',#1890);
#1893=ORIENTED_EDGE('',*,*,#1892,.T.);
#1894=ORIENTED_EDGE('',*,*,#1853,.T.);
#1895=ORIENTED_EDGE('',*,*,#1851,.T.);
#1896=EDGE_LOOP('',(#1893,#1894,#1895));
#1897=FACE_OUTER_BOUND('',#1896,.F.);
#1898=ADVANCED_FACE('',(#1897),#1891,.F.);
#1899=CARTESIAN_POINT('',(0.E0,-7.2E0,3.25E0));
#1900=DIRECTION('',(0.E0,1.E0,0.E0));
#1901=DIRECTION('',(1.E0,0.E0,0.E0));
#1902=AXIS2_PLACEMENT_3D('',#1899,#1900,#1901);
#1903=PLANE('',#1902);
#1905=ORIENTED_EDGE('',*,*,#1904,.T.);
#1906=ORIENTED_EDGE('',*,*,#1880,.T.);
#1907=ORIENTED_EDGE('',*,*,#1878,.T.);
#1908=EDGE_LOOP('',(#1905,#1906,#1907));
#1909=FACE_OUTER_BOUND('',#1908,.F.);
#1910=ADVANCED_FACE('',(#1909),#1903,.F.);
#1911=CARTESIAN_POINT('',(4.E-1,-6.4E0,5.351729619837E0));
#1912=DIRECTION('',(0.E0,1.E0,0.E0));
#1913=DIRECTION('',(-1.E0,0.E0,0.E0));
#1914=AXIS2_PLACEMENT_3D('',#1911,#1912,#1913);
#1915=PLANE('',#1914);
#1916=ORIENTED_EDGE('',*,*,#1827,.T.);
#1918=ORIENTED_EDGE('',*,*,#1917,.T.);
#1920=ORIENTED_EDGE('',*,*,#1919,.T.);
#1922=ORIENTED_EDGE('',*,*,#1921,.T.);
#1923=EDGE_LOOP('',(#1916,#1918,#1920,#1922));
#1924=FACE_OUTER_BOUND('',#1923,.F.);
#1925=ADVANCED_FACE('',(#1924),#1915,.F.);
#1926=CARTESIAN_POINT('',(0.E0,-7.485E0,3.25E0));
#1927=DIRECTION('',(0.E0,1.E0,0.E0));
#1928=DIRECTION('',(1.E0,0.E0,0.E0));
#1929=AXIS2_PLACEMENT_3D('',#1926,#1927,#1928);
#1930=CYLINDRICAL_SURFACE('',#1929,1.75E0);
#1932=ORIENTED_EDGE('',*,*,#1931,.T.);
#1933=ORIENTED_EDGE('',*,*,#1860,.F.);
#1934=ORIENTED_EDGE('',*,*,#1858,.F.);
#1935=ORIENTED_EDGE('',*,*,#1839,.T.);
#1937=ORIENTED_EDGE('',*,*,#1936,.T.);
#1938=ORIENTED_EDGE('',*,*,#1835,.F.);
#1939=ORIENTED_EDGE('',*,*,#1872,.F.);
#1941=ORIENTED_EDGE('',*,*,#1940,.T.);
#1942=ORIENTED_EDGE('',*,*,#1919,.F.);
#1943=EDGE_LOOP('',(#1932,#1933,#1934,#1935,#1937,#1938,#1939,#1941,#1942));
#1944=FACE_OUTER_BOUND('',#1943,.F.);
#1945=ADVANCED_FACE('',(#1944),#1930,.T.);
#1946=OPEN_SHELL('',(#1805,#1819,#1845,#1866,#1886,#1898,#1910,#1925,#1945));
#1947=DIRECTION('',(0.E0,1.E0,0.E0));
#1948=VECTOR('',#1947,4.275E0);
#1949=CARTESIAN_POINT('',(-1.25E0,-6.E0,-3.25E0));
#1950=LINE('',#1949,#1948);
#1951=CARTESIAN_POINT('',(0.E0,-1.725E0,-3.25E0));
#1952=DIRECTION('',(0.E0,1.E0,0.E0));
#1953=DIRECTION('',(-1.E0,0.E0,0.E0));
#1954=AXIS2_PLACEMENT_3D('',#1951,#1952,#1953);
#1956=CARTESIAN_POINT('',(0.E0,-6.E0,-3.25E0));
#1957=DIRECTION('',(0.E0,-1.E0,0.E0));
#1958=DIRECTION('',(1.E0,0.E0,0.E0));
#1959=AXIS2_PLACEMENT_3D('',#1956,#1957,#1958);
#1961=CARTESIAN_POINT('',(0.E0,-6.E0,-3.25E0));
#1962=DIRECTION('',(0.E0,-1.E0,0.E0));
#1963=DIRECTION('',(-1.E0,0.E0,0.E0));
#1964=AXIS2_PLACEMENT_3D('',#1961,#1962,#1963);
#1966=DIRECTION('',(0.E0,1.E0,0.E0));
#1967=VECTOR('',#1966,4.275E0);
#1968=CARTESIAN_POINT('',(1.25E0,-6.E0,-3.25E0));
#1969=LINE('',#1968,#1967);
#1970=CARTESIAN_POINT('',(0.E0,-1.725E0,-3.25E0));
#1971=DIRECTION('',(0.E0,1.E0,0.E0));
#1972=DIRECTION('',(1.E0,0.E0,0.E0));
#1973=AXIS2_PLACEMENT_3D('',#1970,#1971,#1972);
#1975=DIRECTION('',(-1.526556658860E-14,1.E0,0.E0));
#1976=VECTOR('',#1975,6.E-1);
#1977=CARTESIAN_POINT('',(4.E-1,-7.E0,-1.546327496260E0));
#1978=LINE('',#1977,#1976);
#1979=DIRECTION('',(-1.591319668629E-14,-1.E0,0.E0));
#1980=VECTOR('',#1979,6.E-1);
#1981=CARTESIAN_POINT('',(-4.E-1,-6.4E0,-1.546327496260E0));
#1982=LINE('',#1981,#1980);
#1983=DIRECTION('',(0.E0,1.E0,0.E0));
#1984=VECTOR('',#1983,1.E0);
#1985=CARTESIAN_POINT('',(-1.75E0,-7.E0,-3.249999999996E0));
#1986=LINE('',#1985,#1984);
#1987=CARTESIAN_POINT('',(0.E0,-6.E0,-3.25E0));
#1988=DIRECTION('',(0.E0,1.E0,0.E0));
#1989=DIRECTION('',(-1.E0,0.E0,2.078083736836E-12));
#1990=AXIS2_PLACEMENT_3D('',#1987,#1988,#1989);
#1992=CARTESIAN_POINT('',(4.E-1,-7.2E0,-1.752502086813E0));
#1993=CARTESIAN_POINT('',(4.E-1,-7.2E0,-1.734074759070E0));
#1994=CARTESIAN_POINT('',(4.000004128902E-1,-7.195199184189E0,
-1.697475189433E0));
#1995=CARTESIAN_POINT('',(3.999990523945E-1,-7.174749406900E0,
-1.647180587192E0));
#1996=CARTESIAN_POINT('',(4.000006493125E-1,-7.142057201707E0,
-1.603831779093E0));
#1997=CARTESIAN_POINT('',(3.999983591729E-1,-7.099949964769E0,
-1.571106346300E0));
#1998=CARTESIAN_POINT('',(4.000033296559E-1,-7.051037929795E0,
-1.550735249918E0));
#1999=CARTESIAN_POINT('',(4.E-1,-7.016919761603E0,-1.546327496260E0));
#2000=CARTESIAN_POINT('',(4.E-1,-7.E0,-1.546327496260E0));
#2002=CARTESIAN_POINT('',(0.E0,-7.E0,-3.25E0));
#2003=DIRECTION('',(0.E0,1.E0,0.E0));
#2004=DIRECTION('',(2.285714285714E-1,0.E0,9.735271449943E-1));
#2005=AXIS2_PLACEMENT_3D('',#2002,#2003,#2004);
#2007=CARTESIAN_POINT('',(0.E0,-7.E0,-3.25E0));
#2008=DIRECTION('',(0.E0,1.E0,0.E0));
#2009=DIRECTION('',(1.E0,0.E0,0.E0));
#2010=AXIS2_PLACEMENT_3D('',#2007,#2008,#2009);
#2012=CARTESIAN_POINT('',(0.E0,-7.E0,-3.25E0));
#2013=DIRECTION('',(0.E0,1.E0,0.E0));
#2014=DIRECTION('',(9.999555924467E-1,0.E0,-9.424072080256E-3));
#2015=AXIS2_PLACEMENT_3D('',#2012,#2013,#2014);
#2017=CARTESIAN_POINT('',(4.E-1,-7.E0,-4.953672503740E0));
#2018=CARTESIAN_POINT('',(4.E-1,-7.014604526661E0,-4.953672503740E0));
#2019=CARTESIAN_POINT('',(4.000012725760E-1,-7.043978241090E0,
-4.950386303486E0));
#2020=CARTESIAN_POINT('',(3.999992414073E-1,-7.086566331660E0,
-4.935341601307E0));
#2021=CARTESIAN_POINT('',(4.000002359734E-1,-7.124838109455E0,
-4.910918489425E0));
#2022=CARTESIAN_POINT('',(4.000006605066E-1,-7.157025921366E0,
-4.878184574472E0));
#2023=CARTESIAN_POINT('',(3.999990387678E-1,-7.181325724180E0,
-4.838750945289E0));
#2024=CARTESIAN_POINT('',(4.000007969238E-1,-7.196476535104E0,
-4.794717995381E0));
#2025=CARTESIAN_POINT('',(4.E-1,-7.2E0,-4.763310833417E0));
#2026=CARTESIAN_POINT('',(4.E-1,-7.2E0,-4.747497913187E0));
#2028=CARTESIAN_POINT('',(0.E0,-7.E0,-3.25E0));
#2029=DIRECTION('',(0.E0,1.E0,0.E0));
#2030=DIRECTION('',(-2.285714285714E-1,0.E0,-9.735271449943E-1));
#2031=AXIS2_PLACEMENT_3D('',#2028,#2029,#2030);
#2033=CARTESIAN_POINT('',(0.E0,-7.E0,-3.25E0));
#2034=DIRECTION('',(0.E0,1.E0,0.E0));
#2035=DIRECTION('',(-1.E0,0.E0,2.078337502098E-12));
#2036=AXIS2_PLACEMENT_3D('',#2033,#2034,#2035);
#2038=CARTESIAN_POINT('',(0.E0,-7.E0,-3.25E0));
#2039=DIRECTION('',(0.E0,1.E0,0.E0));
#2040=DIRECTION('',(-9.999555924467E-1,0.E0,9.424072080255E-3));
#2041=AXIS2_PLACEMENT_3D('',#2038,#2039,#2040);
#2043=CARTESIAN_POINT('',(-4.E-1,-7.E0,-1.546327496260E0));
#2044=CARTESIAN_POINT('',(-4.E-1,-7.014604526661E0,-1.546327496260E0));
#2045=CARTESIAN_POINT('',(-4.000012725760E-1,-7.043978241090E0,
-1.549613696514E0));
#2046=CARTESIAN_POINT('',(-3.999992414073E-1,-7.086566331660E0,
-1.564658398693E0));
#2047=CARTESIAN_POINT('',(-4.000002359734E-1,-7.124838109455E0,
-1.589081510575E0));
#2048=CARTESIAN_POINT('',(-4.000006605066E-1,-7.157025921366E0,
-1.621815425528E0));
#2049=CARTESIAN_POINT('',(-3.999990387678E-1,-7.181325724180E0,
-1.661249054711E0));
#2050=CARTESIAN_POINT('',(-4.000007969238E-1,-7.196476535104E0,
-1.705282004619E0));
#2051=CARTESIAN_POINT('',(-4.E-1,-7.2E0,-1.736689166583E0));
#2052=CARTESIAN_POINT('',(-4.E-1,-7.2E0,-1.752502086813E0));
#2054=CARTESIAN_POINT('',(-4.E-1,-7.2E0,-4.747497913187E0));
#2055=CARTESIAN_POINT('',(-4.E-1,-7.2E0,-4.765925240930E0));
#2056=CARTESIAN_POINT('',(-4.000004128902E-1,-7.195199184189E0,
-4.802524810567E0));
#2057=CARTESIAN_POINT('',(-3.999990523945E-1,-7.174749406900E0,
-4.852819412808E0));
#2058=CARTESIAN_POINT('',(-4.000006493125E-1,-7.142057201707E0,
-4.896168220907E0));
#2059=CARTESIAN_POINT('',(-3.999983591729E-1,-7.099949964769E0,
-4.928893653700E0));
#2060=CARTESIAN_POINT('',(-4.000033296559E-1,-7.051037929795E0,
-4.949264750082E0));
#2061=CARTESIAN_POINT('',(-4.E-1,-7.016919761603E0,-4.953672503740E0));
#2062=CARTESIAN_POINT('',(-4.E-1,-7.E0,-4.953672503740E0));
#2064=DIRECTION('',(0.E0,0.E0,1.E0));
#2065=VECTOR('',#2064,2.994995826374E0);
#2066=CARTESIAN_POINT('',(4.E-1,-7.2E0,-4.747497913187E0));
#2067=LINE('',#2066,#2065);
#2068=CARTESIAN_POINT('',(0.E0,-7.2E0,-3.25E0));
#2069=DIRECTION('',(0.E0,1.E0,0.E0));
#2070=DIRECTION('',(2.580645161290E-1,0.E0,9.661276859272E-1));
#2071=AXIS2_PLACEMENT_3D('',#2068,#2069,#2070);
#2073=CARTESIAN_POINT('',(0.E0,-7.2E0,-3.25E0));
#2074=DIRECTION('',(0.E0,1.E0,0.E0));
#2075=DIRECTION('',(9.999555924467E-1,0.E0,-9.424072080257E-3));
#2076=AXIS2_PLACEMENT_3D('',#2073,#2074,#2075);
#2078=DIRECTION('',(0.E0,0.E0,-1.E0));
#2079=VECTOR('',#2078,2.994995826374E0);
#2080=CARTESIAN_POINT('',(-4.E-1,-7.2E0,-1.752502086813E0));
#2081=LINE('',#2080,#2079);
#2082=CARTESIAN_POINT('',(0.E0,-7.2E0,-3.25E0));
#2083=DIRECTION('',(0.E0,1.E0,0.E0));
#2084=DIRECTION('',(-2.580645161290E-1,0.E0,-9.661276859272E-1));
#2085=AXIS2_PLACEMENT_3D('',#2082,#2083,#2084);
#2087=CARTESIAN_POINT('',(0.E0,-7.2E0,-3.25E0));
#2088=DIRECTION('',(0.E0,1.E0,0.E0));
#2089=DIRECTION('',(-9.999555924467E-1,0.E0,9.424072080257E-3));
#2090=AXIS2_PLACEMENT_3D('',#2087,#2088,#2089);
#2092=CARTESIAN_POINT('',(0.E0,-6.4E0,-3.25E0));
#2093=DIRECTION('',(0.E0,1.E0,0.E0));
#2094=DIRECTION('',(-2.285714285714E-1,0.E0,9.735271449943E-1));
#2095=AXIS2_PLACEMENT_3D('',#2092,#2093,#2094);
#2097=DIRECTION('',(0.E0,0.E0,-1.E0));
#2098=VECTOR('',#2097,3.407345007480E0);
#2099=CARTESIAN_POINT('',(4.E-1,-6.4E0,-1.546327496260E0));
#2100=LINE('',#2099,#2098);
#2101=CARTESIAN_POINT('',(0.E0,-6.4E0,-3.25E0));
#2102=DIRECTION('',(0.E0,1.E0,0.E0));
#2103=DIRECTION('',(2.285714285714E-1,0.E0,-9.735271449943E-1));
#2104=AXIS2_PLACEMENT_3D('',#2101,#2102,#2103);
#2106=DIRECTION('',(0.E0,0.E0,1.E0));
#2107=VECTOR('',#2106,3.407345007480E0);
#2108=CARTESIAN_POINT('',(-4.E-1,-6.4E0,-4.953672503740E0));
#2109=LINE('',#2108,#2107);
#2110=DIRECTION('',(1.591319668629E-14,-1.E0,0.E0));
#2111=VECTOR('',#2110,6.E-1);
#2112=CARTESIAN_POINT('',(4.E-1,-6.4E0,-4.953672503740E0));
#2113=LINE('',#2112,#2111);
#2114=DIRECTION('',(0.E0,1.E0,1.212363542891E-12));
#2115=VECTOR('',#2114,1.E0);
#2116=CARTESIAN_POINT('',(1.75E0,-7.E0,-3.250000000001E0));
#2117=LINE('',#2116,#2115);
#2118=CARTESIAN_POINT('',(0.E0,-6.E0,-3.25E0));
#2119=DIRECTION('',(0.E0,1.E0,0.E0));
#2120=DIRECTION('',(1.E0,0.E0,0.E0));
#2121=AXIS2_PLACEMENT_3D('',#2118,#2119,#2120);
#2123=DIRECTION('',(1.424786214936E-14,1.E0,0.E0));
#2124=VECTOR('',#2123,6.E-1);
#2125=CARTESIAN_POINT('',(-4.E-1,-7.E0,-4.953672503740E0));
#2126=LINE('',#2125,#2124);
#2127=CARTESIAN_POINT('',(1.25E0,-1.725E0,-3.25E0));
#2128=CARTESIAN_POINT('',(-1.25E0,-1.725E0,-3.25E0));
#2129=VERTEX_POINT('',#2127);
#2130=VERTEX_POINT('',#2128);
#2131=CARTESIAN_POINT('',(-1.25E0,-6.E0,-3.25E0));
#2132=VERTEX_POINT('',#2131);
#2133=CARTESIAN_POINT('',(1.25E0,-6.E0,-3.25E0));
#2134=VERTEX_POINT('',#2133);
#2135=CARTESIAN_POINT('',(1.75E0,-6.E0,-3.25E0));
#2136=CARTESIAN_POINT('',(-1.75E0,-6.E0,-3.249999999996E0));
#2137=VERTEX_POINT('',#2135);
#2138=VERTEX_POINT('',#2136);
#2139=CARTESIAN_POINT('',(4.E-1,-7.E0,-1.546327496260E0));
#2140=CARTESIAN_POINT('',(4.E-1,-6.4E0,-1.546327496260E0));
#2141=VERTEX_POINT('',#2139);
#2142=VERTEX_POINT('',#2140);
#2143=CARTESIAN_POINT('',(-4.E-1,-6.4E0,-1.546327496260E0));
#2144=VERTEX_POINT('',#2143);
#2145=CARTESIAN_POINT('',(-4.E-1,-7.E0,-1.546327496260E0));
#2146=VERTEX_POINT('',#2145);
#2147=CARTESIAN_POINT('',(-1.749922286782E0,-7.E0,-3.233507873860E0));
#2148=VERTEX_POINT('',#2147);
#2149=CARTESIAN_POINT('',(-1.75E0,-7.E0,-3.249999999996E0));
#2150=VERTEX_POINT('',#2149);
#2151=CARTESIAN_POINT('',(1.75E0,-7.E0,-3.250000000001E0));
#2152=VERTEX_POINT('',#2151);
#2153=VERTEX_POINT('',#1992);
#2154=CARTESIAN_POINT('',(4.E-1,-7.2E0,-4.747497913187E0));
#2155=VERTEX_POINT('',#2154);
#2156=VERTEX_POINT('',#2017);
#2157=CARTESIAN_POINT('',(4.E-1,-6.4E0,-4.953672503740E0));
#2158=VERTEX_POINT('',#2157);
#2159=CARTESIAN_POINT('',(1.549931168292E0,-7.2E0,-3.264607311724E0));
#2160=VERTEX_POINT('',#2159);
#2161=CARTESIAN_POINT('',(1.749922286782E0,-7.E0,-3.266492126140E0));
#2162=VERTEX_POINT('',#2161);
#2163=CARTESIAN_POINT('',(-4.E-1,-7.E0,-4.953672503740E0));
#2164=VERTEX_POINT('',#2163);
#2165=VERTEX_POINT('',#2052);
#2166=CARTESIAN_POINT('',(-1.549931168292E0,-7.2E0,-3.235392688276E0));
#2167=VERTEX_POINT('',#2166);
#2168=CARTESIAN_POINT('',(-4.E-1,-7.2E0,-4.747497913187E0));
#2169=VERTEX_POINT('',#2168);
#2170=CARTESIAN_POINT('',(-4.E-1,-6.4E0,-4.953672503740E0));
#2171=VERTEX_POINT('',#2170);
#2172=CARTESIAN_POINT('',(0.E0,-7.485E0,-3.25E0));
#2173=DIRECTION('',(0.E0,1.E0,0.E0));
#2174=DIRECTION('',(1.E0,0.E0,0.E0));
#2175=AXIS2_PLACEMENT_3D('',#2172,#2173,#2174);
#2176=CYLINDRICAL_SURFACE('',#2175,1.25E0);
#2178=ORIENTED_EDGE('',*,*,#2177,.T.);
#2180=ORIENTED_EDGE('',*,*,#2179,.T.);
#2182=ORIENTED_EDGE('',*,*,#2181,.F.);
#2184=ORIENTED_EDGE('',*,*,#2183,.T.);
#2185=EDGE_LOOP('',(#2178,#2180,#2182,#2184));
#2186=FACE_OUTER_BOUND('',#2185,.F.);
#2187=ADVANCED_FACE('',(#2186),#2176,.T.);
#2188=CARTESIAN_POINT('',(0.E0,-7.485E0,-3.25E0));
#2189=DIRECTION('',(0.E0,1.E0,0.E0));
#2190=DIRECTION('',(1.E0,0.E0,0.E0));
#2191=AXIS2_PLACEMENT_3D('',#2188,#2189,#2190);
#2192=CYLINDRICAL_SURFACE('',#2191,1.25E0);
#2193=ORIENTED_EDGE('',*,*,#2177,.F.);
#2195=ORIENTED_EDGE('',*,*,#2194,.T.);
#2196=ORIENTED_EDGE('',*,*,#2181,.T.);
#2198=ORIENTED_EDGE('',*,*,#2197,.T.);
#2199=EDGE_LOOP('',(#2193,#2195,#2196,#2198));
#2200=FACE_OUTER_BOUND('',#2199,.F.);
#2201=ADVANCED_FACE('',(#2200),#2192,.T.);
#2202=CARTESIAN_POINT('',(0.E0,-7.485E0,-3.25E0));
#2203=DIRECTION('',(0.E0,1.E0,0.E0));
#2204=DIRECTION('',(1.E0,0.E0,0.E0));
#2205=AXIS2_PLACEMENT_3D('',#2202,#2203,#2204);
#2206=CYLINDRICAL_SURFACE('',#2205,1.75E0);
#2208=ORIENTED_EDGE('',*,*,#2207,.T.);
#2210=ORIENTED_EDGE('',*,*,#2209,.F.);
#2212=ORIENTED_EDGE('',*,*,#2211,.T.);
#2214=ORIENTED_EDGE('',*,*,#2213,.F.);
#2216=ORIENTED_EDGE('',*,*,#2215,.F.);
#2218=ORIENTED_EDGE('',*,*,#2217,.T.);
#2220=ORIENTED_EDGE('',*,*,#2219,.T.);
#2222=ORIENTED_EDGE('',*,*,#2221,.F.);
#2224=ORIENTED_EDGE('',*,*,#2223,.F.);
#2225=EDGE_LOOP('',(#2208,#2210,#2212,#2214,#2216,#2218,#2220,#2222,#2224));
#2226=FACE_OUTER_BOUND('',#2225,.F.);
#2227=ADVANCED_FACE('',(#2226),#2206,.T.);
#2228=CARTESIAN_POINT('',(0.E0,-7.E0,-3.25E0));
#2229=DIRECTION('',(0.E0,1.E0,0.E0));
#2230=DIRECTION('',(-9.999555924467E-1,0.E0,9.424072080256E-3));
#2231=AXIS2_PLACEMENT_3D('',#2228,#2229,#2230);
#2232=TOROIDAL_SURFACE('',#2231,1.55E0,2.E-1);
#2234=ORIENTED_EDGE('',*,*,#2233,.F.);
#2236=ORIENTED_EDGE('',*,*,#2235,.F.);
#2238=ORIENTED_EDGE('',*,*,#2237,.T.);
#2239=ORIENTED_EDGE('',*,*,#2223,.T.);
#2241=ORIENTED_EDGE('',*,*,#2240,.T.);
#2243=ORIENTED_EDGE('',*,*,#2242,.T.);
#2245=ORIENTED_EDGE('',*,*,#2244,.T.);
#2246=EDGE_LOOP('',(#2234,#2236,#2238,#2239,#2241,#2243,#2245));
#2247=FACE_OUTER_BOUND('',#2246,.F.);
#2248=ADVANCED_FACE('',(#2247),#2232,.T.);
#2249=CARTESIAN_POINT('',(0.E0,-7.E0,-3.25E0));
#2250=DIRECTION('',(0.E0,1.E0,0.E0));
#2251=DIRECTION('',(-9.999555924467E-1,0.E0,9.424072080256E-3));
#2252=AXIS2_PLACEMENT_3D('',#2249,#2250,#2251);
#2253=TOROIDAL_SURFACE('',#2252,1.55E0,2.E-1);
#2255=ORIENTED_EDGE('',*,*,#2254,.T.);
#2256=ORIENTED_EDGE('',*,*,#2215,.T.);
#2257=ORIENTED_EDGE('',*,*,#2213,.T.);
#2259=ORIENTED_EDGE('',*,*,#2258,.T.);
#2261=ORIENTED_EDGE('',*,*,#2260,.F.);
#2263=ORIENTED_EDGE('',*,*,#2262,.F.);
#2265=ORIENTED_EDGE('',*,*,#2264,.T.);
#2266=EDGE_LOOP('',(#2255,#2256,#2257,#2259,#2261,#2263,#2265));
#2267=FACE_OUTER_BOUND('',#2266,.F.);
#2268=ADVANCED_FACE('',(#2267),#2253,.T.);
#2269=CARTESIAN_POINT('',(0.E0,-7.2E0,-3.25E0));
#2270=DIRECTION('',(0.E0,1.E0,0.E0));
#2271=DIRECTION('',(1.E0,0.E0,0.E0));
#2272=AXIS2_PLACEMENT_3D('',#2269,#2270,#2271);
#2273=PLANE('',#2272);
#2275=ORIENTED_EDGE('',*,*,#2274,.T.);
#2276=ORIENTED_EDGE('',*,*,#2235,.T.);
#2277=ORIENTED_EDGE('',*,*,#2233,.T.);
#2278=EDGE_LOOP('',(#2275,#2276,#2277));
#2279=FACE_OUTER_BOUND('',#2278,.F.);
#2280=ADVANCED_FACE('',(#2279),#2273,.F.);
#2281=CARTESIAN_POINT('',(0.E0,-7.2E0,-3.25E0));
#2282=DIRECTION('',(0.E0,1.E0,0.E0));
#2283=DIRECTION('',(1.E0,0.E0,0.E0));
#2284=AXIS2_PLACEMENT_3D('',#2281,#2282,#2283);
#2285=PLANE('',#2284);
#2287=ORIENTED_EDGE('',*,*,#2286,.T.);
#2288=ORIENTED_EDGE('',*,*,#2262,.T.);
#2289=ORIENTED_EDGE('',*,*,#2260,.T.);
#2290=EDGE_LOOP('',(#2287,#2288,#2289));
#2291=FACE_OUTER_BOUND('',#2290,.F.);
#2292=ADVANCED_FACE('',(#2291),#2285,.F.);
#2293=CARTESIAN_POINT('',(4.E-1,-6.4E0,-1.148270380163E0));
#2294=DIRECTION('',(0.E0,1.E0,0.E0));
#2295=DIRECTION('',(-1.E0,0.E0,0.E0));
#2296=AXIS2_PLACEMENT_3D('',#2293,#2294,#2295);
#2297=PLANE('',#2296);
#2298=ORIENTED_EDGE('',*,*,#2209,.T.);
#2300=ORIENTED_EDGE('',*,*,#2299,.T.);
#2302=ORIENTED_EDGE('',*,*,#2301,.T.);
#2304=ORIENTED_EDGE('',*,*,#2303,.T.);
#2305=EDGE_LOOP('',(#2298,#2300,#2302,#2304));
#2306=FACE_OUTER_BOUND('',#2305,.F.);
#2307=ADVANCED_FACE('',(#2306),#2297,.F.);
#2308=CARTESIAN_POINT('',(0.E0,-7.485E0,-3.25E0));
#2309=DIRECTION('',(0.E0,1.E0,0.E0));
#2310=DIRECTION('',(1.E0,0.E0,0.E0));
#2311=AXIS2_PLACEMENT_3D('',#2308,#2309,#2310);
#2312=CYLINDRICAL_SURFACE('',#2311,1.75E0);
#2314=ORIENTED_EDGE('',*,*,#2313,.T.);
#2315=ORIENTED_EDGE('',*,*,#2242,.F.);
#2316=ORIENTED_EDGE('',*,*,#2240,.F.);
#2317=ORIENTED_EDGE('',*,*,#2221,.T.);
#2319=ORIENTED_EDGE('',*,*,#2318,.T.);
#2320=ORIENTED_EDGE('',*,*,#2217,.F.);
#2321=ORIENTED_EDGE('',*,*,#2254,.F.);
#2323=ORIENTED_EDGE('',*,*,#2322,.T.);
#2324=ORIENTED_EDGE('',*,*,#2301,.F.);
#2325=EDGE_LOOP('',(#2314,#2315,#2316,#2317,#2319,#2320,#2321,#2323,#2324));
#2326=FACE_OUTER_BOUND('',#2325,.F.);
#2327=ADVANCED_FACE('',(#2326),#2312,.T.);
#2328=OPEN_SHELL('',(#2187,#2201,#2227,#2248,#2268,#2280,#2292,#2307,#2327));
#2329=SHELL_BASED_SURFACE_MODEL('',(#494,#791,#1088,#1493,#1564,#1946,#2328));
#2330=(LENGTH_UNIT()NAMED_UNIT(*)SI_UNIT(.MILLI.,.METRE.));
#2331=DIMENSIONAL_EXPONENTS(0.E0,0.E0,0.E0,0.E0,0.E0,0.E0,0.E0);
#2332=(NAMED_UNIT(*)PLANE_ANGLE_UNIT()SI_UNIT($,.RADIAN.));
#2333=PLANE_ANGLE_MEASURE_WITH_UNIT(PLANE_ANGLE_MEASURE(1.745329251994E-2),
#2332);
#2334=(CONVERSION_BASED_UNIT('DEGREE',#2333)NAMED_UNIT(#2331)PLANE_ANGLE_UNIT(
));
#2335=(NAMED_UNIT(*)SI_UNIT($,.STERADIAN.)SOLID_ANGLE_UNIT());
#2336=UNCERTAINTY_MEASURE_WITH_UNIT(LENGTH_MEASURE(7.550207049101E-4),#2330,
'closure',
'Maximum model space distance between geometric entities at asserted connectivities');
#2337=(GEOMETRIC_REPRESENTATION_CONTEXT(3)GLOBAL_UNCERTAINTY_ASSIGNED_CONTEXT((
#2336))GLOBAL_UNIT_ASSIGNED_CONTEXT((#2330,#2334,#2335))REPRESENTATION_CONTEXT(
'ID1','3'));
#2339=APPLICATION_CONTEXT(
'CONFIGURATION CONTROLLED 3D DESIGNS OF MECHANICAL PARTS AND ASSEMBLIES');
#2340=APPLICATION_PROTOCOL_DEFINITION('international standard',
'config_control_design',1994,#2339);
#2341=DESIGN_CONTEXT('',#2339,'design');
#2342=MECHANICAL_CONTEXT('',#2339,'mechanical');
#2343=PRODUCT('AV16-3D_ASM_SW0001','AV16-3D_ASM_SW0001','NOT SPECIFIED',
(#2342));
#2344=PRODUCT_DEFINITION_FORMATION_WITH_SPECIFIED_SOURCE('1','LAST_VERSION',
#2343,.MADE.);
#2348=PRODUCT_CATEGORY('part','');
#2349=PRODUCT_RELATED_PRODUCT_CATEGORY('detail','',(#2343));
#2350=PRODUCT_CATEGORY_RELATIONSHIP('','',#2348,#2349);
#2351=SECURITY_CLASSIFICATION_LEVEL('unclassified');
#2352=SECURITY_CLASSIFICATION('','',#2351);
#2353=CC_DESIGN_SECURITY_CLASSIFICATION(#2352,(#2344));
#2354=APPROVAL_STATUS('approved');
#2355=APPROVAL(#2354,'');
#2356=CC_DESIGN_APPROVAL(#2355,(#2352,#2344,#2345));
#2357=CALENDAR_DATE(109,8,6);
#2358=COORDINATED_UNIVERSAL_TIME_OFFSET(3,0,.AHEAD.);
#2359=LOCAL_TIME(10,33,2.7E1,#2358);
#2360=DATE_AND_TIME(#2357,#2359);
#2361=APPROVAL_DATE_TIME(#2360,#2355);
#2362=DATE_TIME_ROLE('creation_date');
#2363=CC_DESIGN_DATE_AND_TIME_ASSIGNMENT(#2360,#2362,(#2345));
#2364=DATE_TIME_ROLE('classification_date');
#2365=CC_DESIGN_DATE_AND_TIME_ASSIGNMENT(#2360,#2364,(#2352));
#2366=PERSON('UNSPECIFIED','UNSPECIFIED',$,$,$,$);
#2367=ORGANIZATION('UNSPECIFIED','UNSPECIFIED','UNSPECIFIED');
#2368=PERSON_AND_ORGANIZATION(#2366,#2367);
#2369=APPROVAL_ROLE('approver');
#2370=APPROVAL_PERSON_ORGANIZATION(#2368,#2355,#2369);
#2371=PERSON_AND_ORGANIZATION_ROLE('creator');
#2372=CC_DESIGN_PERSON_AND_ORGANIZATION_ASSIGNMENT(#2368,#2371,(#2344,#2345));
#2373=PERSON_AND_ORGANIZATION_ROLE('design_supplier');
#2374=CC_DESIGN_PERSON_AND_ORGANIZATION_ASSIGNMENT(#2368,#2373,(#2344));
#2375=PERSON_AND_ORGANIZATION_ROLE('classification_officer');
#2376=CC_DESIGN_PERSON_AND_ORGANIZATION_ASSIGNMENT(#2368,#2375,(#2352));
#2377=PERSON_AND_ORGANIZATION_ROLE('design_owner');
#2378=CC_DESIGN_PERSON_AND_ORGANIZATION_ASSIGNMENT(#2368,#2377,(#2343));
#21=CIRCLE('',#20,6.1E0);
#38=CIRCLE('',#37,9.5E0);
#66=B_SPLINE_CURVE_WITH_KNOTS('',3,(#51,#52,#53,#54,#55,#56,#57,#58,#59,#60,#61,
#62,#63,#64,#65),.UNSPECIFIED.,.F.,.F.,(4,1,1,1,1,1,1,1,1,1,1,1,4),(0.E0,
8.333333333333E-2,1.666666666667E-1,2.5E-1,3.333333333333E-1,4.166666666667E-1,
5.E-1,5.833333333333E-1,6.666666666667E-1,7.5E-1,8.333333333333E-1,
9.166666666667E-1,1.E0),.UNSPECIFIED.);
#75=CIRCLE('',#74,6.1E0);
#80=CIRCLE('',#79,6.1E0);
#89=CIRCLE('',#88,6.1E0);
#109=B_SPLINE_CURVE_WITH_KNOTS('',3,(#94,#95,#96,#97,#98,#99,#100,#101,#102,
#103,#104,#105,#106,#107,#108),.UNSPECIFIED.,.F.,.F.,(4,1,1,1,1,1,1,1,1,1,1,1,
4),(0.E0,8.333333333333E-2,1.666666666667E-1,2.5E-1,3.333333333333E-1,
4.166666666667E-1,5.E-1,5.833333333333E-1,6.666666666667E-1,7.5E-1,
8.333333333333E-1,9.166666666667E-1,1.E0),.UNSPECIFIED.);
#122=CIRCLE('',#121,1.E1);
#138=B_SPLINE_CURVE_WITH_KNOTS('',3,(#123,#124,#125,#126,#127,#128,#129,#130,
#131,#132,#133,#134,#135,#136,#137),.UNSPECIFIED.,.F.,.F.,(4,1,1,1,1,1,1,1,1,1,
1,1,4),(0.E0,8.333333333333E-2,1.666666666667E-1,2.5E-1,3.333333333333E-1,
4.166666666667E-1,5.E-1,5.833333333333E-1,6.666666666667E-1,7.5E-1,
8.333333333333E-1,9.166666666667E-1,1.E0),.UNSPECIFIED.);
#145=B_SPLINE_CURVE_WITH_KNOTS('',3,(#139,#140,#141,#142,#143,#144),
.UNSPECIFIED.,.F.,.F.,(4,1,1,4),(0.E0,3.333333333333E-1,6.666666666667E-1,1.E0),
.UNSPECIFIED.);
#152=B_SPLINE_CURVE_WITH_KNOTS('',3,(#146,#147,#148,#149,#150,#151),
.UNSPECIFIED.,.F.,.F.,(4,1,1,4),(0.E0,3.333333333333E-1,6.666666666667E-1,1.E0),
.UNSPECIFIED.);
#159=B_SPLINE_CURVE_WITH_KNOTS('',3,(#153,#154,#155,#156,#157,#158),
.UNSPECIFIED.,.F.,.F.,(4,1,1,4),(0.E0,3.333333333333E-1,6.666666666667E-1,1.E0),
.UNSPECIFIED.);
#166=B_SPLINE_CURVE_WITH_KNOTS('',3,(#160,#161,#162,#163,#164,#165),
.UNSPECIFIED.,.F.,.F.,(4,1,1,4),(0.E0,3.333333333333E-1,6.666666666667E-1,1.E0),
.UNSPECIFIED.);
#171=CIRCLE('',#170,1.E1);
#187=B_SPLINE_CURVE_WITH_KNOTS('',3,(#172,#173,#174,#175,#176,#177,#178,#179,
#180,#181,#182,#183,#184,#185,#186),.UNSPECIFIED.,.F.,.F.,(4,1,1,1,1,1,1,1,1,1,
1,1,4),(0.E0,8.333333333333E-2,1.666666666667E-1,2.5E-1,3.333333333333E-1,
4.166666666667E-1,5.E-1,5.833333333333E-1,6.666666666667E-1,7.5E-1,
8.333333333333E-1,9.166666666667E-1,1.E0),.UNSPECIFIED.);
#208=CIRCLE('',#207,9.5E0);
#233=CIRCLE('',#232,6.1E0);
#242=CIRCLE('',#241,6.1E0);
#313=EDGE_CURVE('',#250,#249,#4,.T.);
#315=EDGE_CURVE('',#249,#252,#8,.T.);
#317=EDGE_CURVE('',#252,#254,#12,.T.);
#319=EDGE_CURVE('',#254,#256,#16,.T.);
#321=EDGE_CURVE('',#258,#256,#42,.T.);
#323=EDGE_CURVE('',#258,#260,#21,.T.);
#325=EDGE_CURVE('',#262,#260,#33,.T.);
#327=EDGE_CURVE('',#262,#250,#25,.T.);
#337=EDGE_CURVE('',#282,#262,#29,.T.);
#340=EDGE_CURVE('',#284,#260,#70,.T.);
#342=EDGE_CURVE('',#284,#286,#38,.T.);
#344=EDGE_CURVE('',#258,#286,#93,.T.);
#347=EDGE_CURVE('',#256,#280,#46,.T.);
#349=EDGE_CURVE('',#280,#282,#50,.T.);
#359=EDGE_CURVE('',#287,#284,#66,.T.);
#362=EDGE_CURVE('',#260,#289,#75,.T.);
#364=EDGE_CURVE('',#291,#289,#246,.T.);
#366=EDGE_CURVE('',#291,#293,#80,.T.);
#368=EDGE_CURVE('',#293,#295,#84,.T.);
#370=EDGE_CURVE('',#295,#258,#89,.T.);
#373=EDGE_CURVE('',#296,#286,#138,.T.);
#375=EDGE_CURVE('',#297,#296,#166,.T.);
#377=EDGE_CURVE('',#298,#297,#159,.T.);
#379=EDGE_CURVE('',#298,#299,#109,.T.);
#381=EDGE_CURVE('',#299,#276,#113,.T.);
#383=EDGE_CURVE('',#274,#276,#233,.T.);
#385=EDGE_CURVE('',#274,#301,#117,.T.);
#387=EDGE_CURVE('',#302,#301,#187,.T.);
#389=EDGE_CURVE('',#303,#302,#152,.T.);
#391=EDGE_CURVE('',#287,#303,#145,.T.);
#403=EDGE_CURVE('',#287,#296,#122,.T.);
#417=EDGE_CURVE('',#298,#302,#171,.T.);
#429=EDGE_CURVE('',#299,#301,#208,.T.);
#442=EDGE_CURVE('',#272,#305,#191,.T.);
#444=EDGE_CURVE('',#305,#307,#195,.T.);
#446=EDGE_CURVE('',#307,#278,#199,.T.);
#448=EDGE_CURVE('',#278,#276,#203,.T.);
#453=EDGE_CURVE('',#274,#272,#212,.T.);
#463=EDGE_CURVE('',#266,#265,#216,.T.);
#465=EDGE_CURVE('',#265,#268,#220,.T.);
#467=EDGE_CURVE('',#268,#270,#224,.T.);
#469=EDGE_CURVE('',#270,#272,#228,.T.);
#474=EDGE_CURVE('',#278,#266,#237,.T.);
#488=EDGE_CURVE('',#293,#291,#242,.T.);
#518=B_SPLINE_CURVE_WITH_KNOTS('',3,(#503,#504,#505,#506,#507,#508,#509,#510,
#511,#512,#513,#514,#515,#516,#517),.UNSPECIFIED.,.F.,.F.,(4,1,1,1,1,1,1,1,1,1,
1,1,4),(0.E0,8.333333333333E-2,1.666666666667E-1,2.5E-1,3.333333333333E-1,
4.166666666667E-1,5.E-1,5.833333333333E-1,6.666666666667E-1,7.5E-1,
8.333333333333E-1,9.166666666667E-1,1.E0),.UNSPECIFIED.);
#534=B_SPLINE_CURVE_WITH_KNOTS('',3,(#519,#520,#521,#522,#523,#524,#525,#526,
#527,#528,#529,#530,#531,#532,#533),.UNSPECIFIED.,.F.,.F.,(4,1,1,1,1,1,1,1,1,1,
1,1,4),(0.E0,8.333333333333E-2,1.666666666667E-1,2.5E-1,3.333333333333E-1,
4.166666666667E-1,5.E-1,5.833333333333E-1,6.666666666667E-1,7.5E-1,
8.333333333333E-1,9.166666666667E-1,1.E0),.UNSPECIFIED.);
#539=CIRCLE('',#538,2.E0);
#567=B_SPLINE_CURVE_WITH_KNOTS('',3,(#552,#553,#554,#555,#556,#557,#558,#559,
#560,#561,#562,#563,#564,#565,#566),.UNSPECIFIED.,.F.,.F.,(4,1,1,1,1,1,1,1,1,1,
1,1,4),(0.E0,8.333333333333E-2,1.666666666667E-1,2.5E-1,3.333333333333E-1,
4.166666666667E-1,5.E-1,5.833333333333E-1,6.666666666667E-1,7.5E-1,
8.333333333333E-1,9.166666666667E-1,1.E0),.UNSPECIFIED.);
#583=B_SPLINE_CURVE_WITH_KNOTS('',3,(#568,#569,#570,#571,#572,#573,#574,#575,
#576,#577,#578,#579,#580,#581,#582),.UNSPECIFIED.,.F.,.F.,(4,1,1,1,1,1,1,1,1,1,
1,1,4),(0.E0,8.333333333333E-2,1.666666666667E-1,2.5E-1,3.333333333333E-1,
4.166666666667E-1,5.E-1,5.833333333333E-1,6.666666666667E-1,7.5E-1,
8.333333333333E-1,9.166666666667E-1,1.E0),.UNSPECIFIED.);
#588=CIRCLE('',#587,2.E0);
#604=B_SPLINE_CURVE_WITH_KNOTS('',3,(#589,#590,#591,#592,#593,#594,#595,#596,
#597,#598,#599,#600,#601,#602,#603),.UNSPECIFIED.,.F.,.F.,(4,1,1,1,1,1,1,1,1,1,
1,1,4),(0.E0,8.333333333333E-2,1.666666666667E-1,2.5E-1,3.333333333333E-1,
4.166666666667E-1,5.E-1,5.833333333333E-1,6.666666666667E-1,7.5E-1,
8.333333333333E-1,9.166666666667E-1,1.E0),.UNSPECIFIED.);
#620=B_SPLINE_CURVE_WITH_KNOTS('',3,(#605,#606,#607,#608,#609,#610,#611,#612,
#613,#614,#615,#616,#617,#618,#619),.UNSPECIFIED.,.F.,.F.,(4,1,1,1,1,1,1,1,1,1,
1,1,4),(0.E0,8.333333333333E-2,1.666666666667E-1,2.5E-1,3.333333333333E-1,
4.166666666667E-1,5.E-1,5.833333333333E-1,6.666666666667E-1,7.5E-1,
8.333333333333E-1,9.166666666667E-1,1.E0),.UNSPECIFIED.);
#625=CIRCLE('',#624,2.E0);
#649=B_SPLINE_CURVE_WITH_KNOTS('',3,(#634,#635,#636,#637,#638,#639,#640,#641,
#642,#643,#644,#645,#646,#647,#648),.UNSPECIFIED.,.F.,.F.,(4,1,1,1,1,1,1,1,1,1,
1,1,4),(0.E0,8.333333333333E-2,1.666666666667E-1,2.5E-1,3.333333333333E-1,
4.166666666667E-1,5.E-1,5.833333333333E-1,6.666666666667E-1,7.5E-1,
8.333333333333E-1,9.166666666667E-1,1.E0),.UNSPECIFIED.);
#665=B_SPLINE_CURVE_WITH_KNOTS('',3,(#650,#651,#652,#653,#654,#655,#656,#657,
#658,#659,#660,#661,#662,#663,#664),.UNSPECIFIED.,.F.,.F.,(4,1,1,1,1,1,1,1,1,1,
1,1,4),(0.E0,8.333333333333E-2,1.666666666667E-1,2.5E-1,3.333333333333E-1,
4.166666666667E-1,5.E-1,5.833333333333E-1,6.666666666667E-1,7.5E-1,
8.333333333333E-1,9.166666666667E-1,1.E0),.UNSPECIFIED.);
#670=CIRCLE('',#669,2.E0);
#694=EDGE_CURVE('',#679,#680,#518,.T.);
#696=EDGE_CURVE('',#681,#679,#620,.T.);
#698=EDGE_CURVE('',#681,#673,#498,.T.);
#700=EDGE_CURVE('',#673,#674,#502,.T.);
#702=EDGE_CURVE('',#680,#674,#543,.T.);
#713=EDGE_CURVE('',#680,#682,#534,.T.);
#715=EDGE_CURVE('',#682,#679,#539,.T.);
#727=EDGE_CURVE('',#674,#678,#547,.T.);
#729=EDGE_CURVE('',#678,#685,#551,.T.);
#731=EDGE_CURVE('',#682,#685,#567,.T.);
#742=EDGE_CURVE('',#685,#688,#583,.T.);
#744=EDGE_CURVE('',#688,#682,#588,.T.);
#754=EDGE_CURVE('',#683,#681,#604,.T.);
#757=EDGE_CURVE('',#679,#683,#625,.T.);
#768=EDGE_CURVE('',#687,#683,#665,.T.);
#770=EDGE_CURVE('',#687,#676,#629,.T.);
#772=EDGE_CURVE('',#676,#673,#633,.T.);
#783=EDGE_CURVE('',#686,#687,#649,.T.);
#786=EDGE_CURVE('',#683,#686,#670,.T.);
#807=B_SPLINE_CURVE_WITH_KNOTS('',3,(#792,#793,#794,#795,#796,#797,#798,#799,
#800,#801,#802,#803,#804,#805,#806),.UNSPECIFIED.,.F.,.F.,(4,1,1,1,1,1,1,1,1,1,
1,1,4),(0.E0,8.333333333333E-2,1.666666666667E-1,2.5E-1,3.333333333333E-1,
4.166666666667E-1,5.E-1,5.833333333333E-1,6.666666666667E-1,7.5E-1,
8.333333333333E-1,9.166666666667E-1,1.E0),.UNSPECIFIED.);
#823=B_SPLINE_CURVE_WITH_KNOTS('',3,(#808,#809,#810,#811,#812,#813,#814,#815,
#816,#817,#818,#819,#820,#821,#822),.UNSPECIFIED.,.F.,.F.,(4,1,1,1,1,1,1,1,1,1,
1,1,4),(0.E0,8.333333333333E-2,1.666666666667E-1,2.5E-1,3.333333333333E-1,
4.166666666667E-1,5.E-1,5.833333333333E-1,6.666666666667E-1,7.5E-1,
8.333333333333E-1,9.166666666667E-1,1.E0),.UNSPECIFIED.);
#828=CIRCLE('',#827,2.E0);
#860=B_SPLINE_CURVE_WITH_KNOTS('',3,(#845,#846,#847,#848,#849,#850,#851,#852,
#853,#854,#855,#856,#857,#858,#859),.UNSPECIFIED.,.F.,.F.,(4,1,1,1,1,1,1,1,1,1,
1,1,4),(0.E0,8.333333333333E-2,1.666666666667E-1,2.5E-1,3.333333333333E-1,
4.166666666667E-1,5.E-1,5.833333333333E-1,6.666666666667E-1,7.5E-1,
8.333333333333E-1,9.166666666667E-1,1.E0),.UNSPECIFIED.);
#876=B_SPLINE_CURVE_WITH_KNOTS('',3,(#861,#862,#863,#864,#865,#866,#867,#868,
#869,#870,#871,#872,#873,#874,#875),.UNSPECIFIED.,.F.,.F.,(4,1,1,1,1,1,1,1,1,1,
1,1,4),(0.E0,8.333333333333E-2,1.666666666667E-1,2.5E-1,3.333333333333E-1,
4.166666666667E-1,5.E-1,5.833333333333E-1,6.666666666667E-1,7.5E-1,
8.333333333333E-1,9.166666666667E-1,1.E0),.UNSPECIFIED.);
#881=CIRCLE('',#880,2.E0);
#909=B_SPLINE_CURVE_WITH_KNOTS('',3,(#894,#895,#896,#897,#898,#899,#900,#901,
#902,#903,#904,#905,#906,#907,#908),.UNSPECIFIED.,.F.,.F.,(4,1,1,1,1,1,1,1,1,1,
1,1,4),(0.E0,8.333333333333E-2,1.666666666667E-1,2.5E-1,3.333333333333E-1,
4.166666666667E-1,5.E-1,5.833333333333E-1,6.666666666667E-1,7.5E-1,
8.333333333333E-1,9.166666666667E-1,1.E0),.UNSPECIFIED.);
#925=B_SPLINE_CURVE_WITH_KNOTS('',3,(#910,#911,#912,#913,#914,#915,#916,#917,
#918,#919,#920,#921,#922,#923,#924),.UNSPECIFIED.,.F.,.F.,(4,1,1,1,1,1,1,1,1,1,
1,1,4),(0.E0,8.333333333333E-2,1.666666666667E-1,2.5E-1,3.333333333333E-1,
4.166666666667E-1,5.E-1,5.833333333333E-1,6.666666666667E-1,7.5E-1,
8.333333333333E-1,9.166666666667E-1,1.E0),.UNSPECIFIED.);
#930=CIRCLE('',#929,2.E0);
#946=B_SPLINE_CURVE_WITH_KNOTS('',3,(#931,#932,#933,#934,#935,#936,#937,#938,
#939,#940,#941,#942,#943,#944,#945),.UNSPECIFIED.,.F.,.F.,(4,1,1,1,1,1,1,1,1,1,
1,1,4),(0.E0,8.333333333333E-2,1.666666666667E-1,2.5E-1,3.333333333333E-1,
4.166666666667E-1,5.E-1,5.833333333333E-1,6.666666666667E-1,7.5E-1,
8.333333333333E-1,9.166666666667E-1,1.E0),.UNSPECIFIED.);
#962=B_SPLINE_CURVE_WITH_KNOTS('',3,(#947,#948,#949,#950,#951,#952,#953,#954,
#955,#956,#957,#958,#959,#960,#961),.UNSPECIFIED.,.F.,.F.,(4,1,1,1,1,1,1,1,1,1,
1,1,4),(0.E0,8.333333333333E-2,1.666666666667E-1,2.5E-1,3.333333333333E-1,
4.166666666667E-1,5.E-1,5.833333333333E-1,6.666666666667E-1,7.5E-1,
8.333333333333E-1,9.166666666667E-1,1.E0),.UNSPECIFIED.);
#967=CIRCLE('',#966,2.E0);
#991=EDGE_CURVE('',#976,#977,#807,.T.);
#993=EDGE_CURVE('',#977,#980,#823,.T.);
#995=EDGE_CURVE('',#980,#976,#828,.T.);
#1006=EDGE_CURVE('',#977,#975,#832,.T.);
#1008=EDGE_CURVE('',#975,#973,#836,.T.);
#1010=EDGE_CURVE('',#983,#973,#840,.T.);
#1012=EDGE_CURVE('',#980,#983,#946,.T.);
#1022=EDGE_CURVE('',#984,#985,#860,.T.);
#1024=EDGE_CURVE('',#983,#984,#962,.T.);
#1027=EDGE_CURVE('',#973,#970,#844,.T.);
#1029=EDGE_CURVE('',#985,#970,#885,.T.);
#1040=EDGE_CURVE('',#985,#981,#876,.T.);
#1042=EDGE_CURVE('',#981,#984,#881,.T.);
#1052=EDGE_CURVE('',#981,#978,#909,.T.);
#1056=EDGE_CURVE('',#970,#971,#889,.T.);
#1058=EDGE_CURVE('',#971,#978,#893,.T.);
#1069=EDGE_CURVE('',#978,#979,#925,.T.);
#1071=EDGE_CURVE('',#979,#981,#930,.T.);
#1083=EDGE_CURVE('',#984,#980,#967,.T.);
#1093=CIRCLE('',#1092,7.2E0);
#1098=CIRCLE('',#1097,7.2E0);
#1107=CIRCLE('',#1106,7.350000005412E0);
#1112=CIRCLE('',#1111,7.350000005412E0);
#1117=CIRCLE('',#1116,7.2E0);
#1122=CIRCLE('',#1121,7.2E0);
#1127=CIRCLE('',#1126,3.E-1);
#1132=CIRCLE('',#1131,8.E0);
#1141=CIRCLE('',#1140,8.E0);
#1150=CIRCLE('',#1149,7.350000005412E0);
#1155=CIRCLE('',#1154,7.350000005412E0);
#1160=CIRCLE('',#1159,7.2E0);
#1165=CIRCLE('',#1164,7.2E0);
#1170=CIRCLE('',#1169,3.E-1);
#1179=CIRCLE('',#1178,8.E0);
#1192=CIRCLE('',#1191,8.E0);
#1197=CIRCLE('',#1196,9.E0);
#1202=CIRCLE('',#1201,9.E0);
#1219=CIRCLE('',#1218,9.E0);
#1228=CIRCLE('',#1227,9.E0);
#1233=CIRCLE('',#1232,6.5E0);
#1238=CIRCLE('',#1237,6.5E0);
#1284=EDGE_CURVE('',#1241,#1242,#1093,.T.);
#1286=EDGE_CURVE('',#1242,#1241,#1098,.T.);
#1296=EDGE_CURVE('',#1246,#1248,#1122,.T.);
#1298=EDGE_CURVE('',#1245,#1246,#1117,.T.);
#1300=EDGE_CURVE('',#1245,#1242,#1102,.T.);
#1303=EDGE_CURVE('',#1248,#1241,#1174,.T.);
#1313=EDGE_CURVE('',#1254,#1251,#1107,.T.);
#1315=EDGE_CURVE('',#1251,#1252,#1112,.T.);
#1317=EDGE_CURVE('',#1245,#1252,#1170,.T.);
#1321=EDGE_CURVE('',#1248,#1254,#1127,.T.);
#1333=EDGE_CURVE('',#1256,#1254,#1145,.T.);
#1335=EDGE_CURVE('',#1256,#1258,#1132,.T.);
#1337=EDGE_CURVE('',#1258,#1252,#1136,.T.);
#1347=EDGE_CURVE('',#1260,#1254,#1155,.T.);
#1349=EDGE_CURVE('',#1252,#1260,#1150,.T.);
#1352=EDGE_CURVE('',#1258,#1256,#1141,.T.);
#1366=EDGE_CURVE('',#1248,#1262,#1160,.T.);
#1368=EDGE_CURVE('',#1262,#1245,#1165,.T.);
#1392=EDGE_CURVE('',#1264,#1258,#1187,.T.);
#1394=EDGE_CURVE('',#1264,#1266,#1179,.T.);
#1396=EDGE_CURVE('',#1266,#1256,#1183,.T.);
#1410=EDGE_CURVE('',#1266,#1264,#1192,.T.);
#1420=EDGE_CURVE('',#1269,#1270,#1197,.T.);
#1422=EDGE_CURVE('',#1270,#1269,#1202,.T.);
#1432=EDGE_CURVE('',#1272,#1270,#1206,.T.);
#1435=EDGE_CURVE('',#1274,#1269,#1210,.T.);
#1437=EDGE_CURVE('',#1272,#1274,#1228,.T.);
#1448=EDGE_CURVE('',#1274,#1272,#1219,.T.);
#1460=EDGE_CURVE('',#1276,#1272,#1223,.T.);
#1462=EDGE_CURVE('',#1278,#1276,#1233,.T.);
#1464=EDGE_CURVE('',#1278,#1274,#1214,.T.);
#1478=EDGE_CURVE('',#1276,#1278,#1238,.T.);
#1498=CIRCLE('',#1497,5.812274325745E0);
#1503=CIRCLE('',#1502,5.812274325745E0);
#1508=CIRCLE('',#1507,1.4E1);
#1513=CIRCLE('',#1512,5.812274325745E0);
#1518=CIRCLE('',#1517,5.812274325745E0);
#1523=CIRCLE('',#1522,1.4E1);
#1539=EDGE_CURVE('',#1529,#1526,#1498,.T.);
#1541=EDGE_CURVE('',#1526,#1527,#1503,.T.);
#1543=EDGE_CURVE('',#1531,#1527,#1523,.T.);
#1545=EDGE_CURVE('',#1531,#1529,#1508,.T.);
#1555=EDGE_CURVE('',#1527,#1533,#1513,.T.);
#1557=EDGE_CURVE('',#1533,#1529,#1518,.T.);
#1573=CIRCLE('',#1572,1.25E0);
#1578=CIRCLE('',#1577,1.25E0);
#1583=CIRCLE('',#1582,1.25E0);
#1592=CIRCLE('',#1591,1.25E0);
#1609=CIRCLE('',#1608,1.75E0);
#1619=B_SPLINE_CURVE_WITH_KNOTS('',3,(#1610,#1611,#1612,#1613,#1614,#1615,#1616,
#1617,#1618),.UNSPECIFIED.,.F.,.F.,(4,1,1,1,1,1,4),(0.E0,1.666666666667E-1,
3.333333333333E-1,5.E-1,6.666666666667E-1,8.333333333333E-1,1.E0),
.UNSPECIFIED.);
#1624=CIRCLE('',#1623,1.75E0);
#1629=CIRCLE('',#1628,1.75E0);
#1634=CIRCLE('',#1633,1.75E0);
#1645=B_SPLINE_CURVE_WITH_KNOTS('',3,(#1635,#1636,#1637,#1638,#1639,#1640,#1641,
#1642,#1643,#1644),.UNSPECIFIED.,.F.,.F.,(4,1,1,1,1,1,1,4),(0.E0,
1.428571428571E-1,2.857142857143E-1,4.285714285714E-1,5.714285714286E-1,
7.142857142857E-1,8.571428571429E-1,1.E0),.UNSPECIFIED.);
#1650=CIRCLE('',#1649,1.75E0);
#1655=CIRCLE('',#1654,1.75E0);
#1660=CIRCLE('',#1659,1.75E0);
#1671=B_SPLINE_CURVE_WITH_KNOTS('',3,(#1661,#1662,#1663,#1664,#1665,#1666,#1667,
#1668,#1669,#1670),.UNSPECIFIED.,.F.,.F.,(4,1,1,1,1,1,1,4),(0.E0,
1.428571428571E-1,2.857142857143E-1,4.285714285714E-1,5.714285714286E-1,
7.142857142857E-1,8.571428571429E-1,1.E0),.UNSPECIFIED.);
#1681=B_SPLINE_CURVE_WITH_KNOTS('',3,(#1672,#1673,#1674,#1675,#1676,#1677,#1678,
#1679,#1680),.UNSPECIFIED.,.F.,.F.,(4,1,1,1,1,1,4),(0.E0,1.666666666667E-1,
3.333333333333E-1,5.E-1,6.666666666667E-1,8.333333333333E-1,1.E0),
.UNSPECIFIED.);
#1690=CIRCLE('',#1689,1.55E0);
#1695=CIRCLE('',#1694,1.55E0);
#1704=CIRCLE('',#1703,1.55E0);
#1709=CIRCLE('',#1708,1.55E0);
#1714=CIRCLE('',#1713,1.75E0);
#1723=CIRCLE('',#1722,1.75E0);
#1740=CIRCLE('',#1739,1.75E0);
#1795=EDGE_CURVE('',#1750,#1748,#1568,.T.);
#1797=EDGE_CURVE('',#1748,#1747,#1573,.T.);
#1799=EDGE_CURVE('',#1752,#1747,#1587,.T.);
#1801=EDGE_CURVE('',#1752,#1750,#1578,.T.);
#1812=EDGE_CURVE('',#1750,#1752,#1583,.T.);
#1815=EDGE_CURVE('',#1747,#1748,#1592,.T.);
#1825=EDGE_CURVE('',#1759,#1760,#1596,.T.);
#1827=EDGE_CURVE('',#1762,#1760,#1714,.T.);
#1829=EDGE_CURVE('',#1762,#1764,#1600,.T.);
#1831=EDGE_CURVE('',#1766,#1764,#1660,.T.);
#1833=EDGE_CURVE('',#1768,#1766,#1655,.T.);
#1835=EDGE_CURVE('',#1768,#1756,#1604,.T.);
#1837=EDGE_CURVE('',#1756,#1755,#1609,.T.);
#1839=EDGE_CURVE('',#1770,#1755,#1735,.T.);
#1841=EDGE_CURVE('',#1759,#1770,#1624,.T.);
#1851=EDGE_CURVE('',#1778,#1773,#1695,.T.);
#1853=EDGE_CURVE('',#1771,#1778,#1690,.T.);
#1855=EDGE_CURVE('',#1771,#1759,#1619,.T.);
#1858=EDGE_CURVE('',#1770,#1780,#1629,.T.);
#1860=EDGE_CURVE('',#1780,#1774,#1634,.T.);
#1862=EDGE_CURVE('',#1774,#1773,#1645,.T.);
#1872=EDGE_CURVE('',#1782,#1768,#1650,.T.);
#1876=EDGE_CURVE('',#1764,#1783,#1671,.T.);
#1878=EDGE_CURVE('',#1785,#1783,#1709,.T.);
#1880=EDGE_CURVE('',#1787,#1785,#1704,.T.);
#1882=EDGE_CURVE('',#1787,#1782,#1681,.T.);
#1892=EDGE_CURVE('',#1773,#1771,#1685,.T.);
#1904=EDGE_CURVE('',#1783,#1787,#1699,.T.);
#1917=EDGE_CURVE('',#1760,#1776,#1718,.T.);
#1919=EDGE_CURVE('',#1776,#1789,#1723,.T.);
#1921=EDGE_CURVE('',#1789,#1762,#1727,.T.);
#1931=EDGE_CURVE('',#1776,#1774,#1731,.T.);
#1936=EDGE_CURVE('',#1755,#1756,#1740,.T.);
#1940=EDGE_CURVE('',#1782,#1789,#1744,.T.);
#1955=CIRCLE('',#1954,1.25E0);
#1960=CIRCLE('',#1959,1.25E0);
#1965=CIRCLE('',#1964,1.25E0);
#1974=CIRCLE('',#1973,1.25E0);
#1991=CIRCLE('',#1990,1.75E0);
#2001=B_SPLINE_CURVE_WITH_KNOTS('',3,(#1992,#1993,#1994,#1995,#1996,#1997,#1998,
#1999,#2000),.UNSPECIFIED.,.F.,.F.,(4,1,1,1,1,1,4),(0.E0,1.666666666667E-1,
3.333333333333E-1,5.E-1,6.666666666667E-1,8.333333333333E-1,1.E0),
.UNSPECIFIED.);
#2006=CIRCLE('',#2005,1.75E0);
#2011=CIRCLE('',#2010,1.75E0);
#2016=CIRCLE('',#2015,1.75E0);
#2027=B_SPLINE_CURVE_WITH_KNOTS('',3,(#2017,#2018,#2019,#2020,#2021,#2022,#2023,
#2024,#2025,#2026),.UNSPECIFIED.,.F.,.F.,(4,1,1,1,1,1,1,4),(0.E0,
1.428571428571E-1,2.857142857143E-1,4.285714285714E-1,5.714285714286E-1,
7.142857142857E-1,8.571428571429E-1,1.E0),.UNSPECIFIED.);
#2032=CIRCLE('',#2031,1.75E0);
#2037=CIRCLE('',#2036,1.75E0);
#2042=CIRCLE('',#2041,1.75E0);
#2053=B_SPLINE_CURVE_WITH_KNOTS('',3,(#2043,#2044,#2045,#2046,#2047,#2048,#2049,
#2050,#2051,#2052),.UNSPECIFIED.,.F.,.F.,(4,1,1,1,1,1,1,4),(0.E0,
1.428571428571E-1,2.857142857143E-1,4.285714285714E-1,5.714285714286E-1,
7.142857142857E-1,8.571428571429E-1,1.E0),.UNSPECIFIED.);
#2063=B_SPLINE_CURVE_WITH_KNOTS('',3,(#2054,#2055,#2056,#2057,#2058,#2059,#2060,
#2061,#2062),.UNSPECIFIED.,.F.,.F.,(4,1,1,1,1,1,4),(0.E0,1.666666666667E-1,
3.333333333333E-1,5.E-1,6.666666666667E-1,8.333333333333E-1,1.E0),
.UNSPECIFIED.);
#2072=CIRCLE('',#2071,1.55E0);
#2077=CIRCLE('',#2076,1.55E0);
#2086=CIRCLE('',#2085,1.55E0);
#2091=CIRCLE('',#2090,1.55E0);
#2096=CIRCLE('',#2095,1.75E0);
#2105=CIRCLE('',#2104,1.75E0);
#2122=CIRCLE('',#2121,1.75E0);
#2177=EDGE_CURVE('',#2132,#2130,#1950,.T.);
#2179=EDGE_CURVE('',#2130,#2129,#1955,.T.);
#2181=EDGE_CURVE('',#2134,#2129,#1969,.T.);
#2183=EDGE_CURVE('',#2134,#2132,#1960,.T.);
#2194=EDGE_CURVE('',#2132,#2134,#1965,.T.);
#2197=EDGE_CURVE('',#2129,#2130,#1974,.T.);
#2207=EDGE_CURVE('',#2141,#2142,#1978,.T.);
#2209=EDGE_CURVE('',#2144,#2142,#2096,.T.);
#2211=EDGE_CURVE('',#2144,#2146,#1982,.T.);
#2213=EDGE_CURVE('',#2148,#2146,#2042,.T.);
#2215=EDGE_CURVE('',#2150,#2148,#2037,.T.);
#2217=EDGE_CURVE('',#2150,#2138,#1986,.T.);
#2219=EDGE_CURVE('',#2138,#2137,#1991,.T.);
#2221=EDGE_CURVE('',#2152,#2137,#2117,.T.);
#2223=EDGE_CURVE('',#2141,#2152,#2006,.T.);
#2233=EDGE_CURVE('',#2160,#2155,#2077,.T.);
#2235=EDGE_CURVE('',#2153,#2160,#2072,.T.);
#2237=EDGE_CURVE('',#2153,#2141,#2001,.T.);
#2240=EDGE_CURVE('',#2152,#2162,#2011,.T.);
#2242=EDGE_CURVE('',#2162,#2156,#2016,.T.);
#2244=EDGE_CURVE('',#2156,#2155,#2027,.T.);
#2254=EDGE_CURVE('',#2164,#2150,#2032,.T.);
#2258=EDGE_CURVE('',#2146,#2165,#2053,.T.);
#2260=EDGE_CURVE('',#2167,#2165,#2091,.T.);
#2262=EDGE_CURVE('',#2169,#2167,#2086,.T.);
#2264=EDGE_CURVE('',#2169,#2164,#2063,.T.);
#2274=EDGE_CURVE('',#2155,#2153,#2067,.T.);
#2286=EDGE_CURVE('',#2165,#2169,#2081,.T.);
#2299=EDGE_CURVE('',#2142,#2158,#2100,.T.);
#2301=EDGE_CURVE('',#2158,#2171,#2105,.T.);
#2303=EDGE_CURVE('',#2171,#2144,#2109,.T.);
#2313=EDGE_CURVE('',#2158,#2156,#2113,.T.);
#2318=EDGE_CURVE('',#2137,#2138,#2122,.T.);
#2322=EDGE_CURVE('',#2164,#2171,#2126,.T.);
#2338=MANIFOLD_SURFACE_SHAPE_REPRESENTATION('',(#2329),#2337);
#2345=PRODUCT_DEFINITION('design','',#2344,#2341);
#2346=PRODUCT_DEFINITION_SHAPE('','SHAPE FOR AV16-3D_ASM_SW0001.',#2345);
#2347=SHAPE_DEFINITION_REPRESENTATION(#2346,#2338);
ENDSEC;
END-ISO-10303-21;
