ISO-10303-21;
HEADER;
FILE_DESCRIPTION((''),'2;1');
FILE_NAME('AV3SLD209V009','2011-10-27T',('jlgachon'),(''),
'PRO/ENGINEER BY PARAMETRIC TECHNOLOGY CORPORATION, 2010280',
'PRO/ENGINEER BY PARAMETRIC TECHNOLOGY CORPORATION, 2010280','');
FILE_SCHEMA(('CONFIG_CONTROL_DESIGN'));
ENDSEC;
DATA;
#1=CARTESIAN_POINT('',(1.25E1,-1.155831216351E1,-1.25E1));
#2=DIRECTION('',(0.E0,1.E0,0.E0));
#3=DIRECTION('',(1.E0,0.E0,0.E0));
#4=AXIS2_PLACEMENT_3D('',#1,#2,#3);
#6=DIRECTION('',(3.256812387230E-1,9.454796299994E-1,0.E0));
#7=VECTOR('',#6,2.302865227794E0);
#8=CARTESIAN_POINT('',(2.275E1,-1.155831216351E1,-1.25E1));
#9=LINE('',#8,#7);
#10=CARTESIAN_POINT('',(1.25E1,-1.155831216351E1,-1.25E1));
#11=DIRECTION('',(0.E0,-1.E0,0.E0));
#12=DIRECTION('',(1.E0,0.E0,0.E0));
#13=AXIS2_PLACEMENT_3D('',#10,#11,#12);
#15=DIRECTION('',(-3.256812387230E-1,9.454796299994E-1,0.E0));
#16=VECTOR('',#15,2.302865227794E0);
#17=CARTESIAN_POINT('',(2.25E0,-1.155831216351E1,-1.25E1));
#18=LINE('',#17,#16);
#19=DIRECTION('',(8.660254037844E-1,5.E-1,0.E0));
#20=VECTOR('',#19,1.443375672974E0);
#21=CARTESIAN_POINT('',(2.15E1,-1.228E1,-1.25E1));
#22=LINE('',#21,#20);
#23=CARTESIAN_POINT('',(1.25E1,-1.228E1,-1.25E1));
#24=DIRECTION('',(0.E0,-1.E0,0.E0));
#25=DIRECTION('',(1.E0,0.E0,0.E0));
#26=AXIS2_PLACEMENT_3D('',#23,#24,#25);
#28=DIRECTION('',(-8.660254037844E-1,5.E-1,0.E0));
#29=VECTOR('',#28,1.443375672974E0);
#30=CARTESIAN_POINT('',(3.5E0,-1.228E1,-1.25E1));
#31=LINE('',#30,#29);
#32=CARTESIAN_POINT('',(1.25E1,-1.228E1,-1.25E1));
#33=DIRECTION('',(0.E0,1.E0,0.E0));
#34=DIRECTION('',(1.E0,0.E0,0.E0));
#35=AXIS2_PLACEMENT_3D('',#32,#33,#34);
#37=CARTESIAN_POINT('',(1.25E1,-1.348E1,-1.25E1));
#38=DIRECTION('',(0.E0,1.E0,0.E0));
#39=DIRECTION('',(1.E0,0.E0,0.E0));
#40=AXIS2_PLACEMENT_3D('',#37,#38,#39);
#42=CARTESIAN_POINT('',(2.1E1,-1.348E1,-1.25E1));
#43=DIRECTION('',(3.767758674500E-13,0.E0,-1.E0));
#44=DIRECTION('',(1.E0,0.E0,3.765876499529E-13));
#45=AXIS2_PLACEMENT_3D('',#42,#43,#44);
#47=CARTESIAN_POINT('',(4.E0,-1.348E1,-1.25E1));
#48=DIRECTION('',(-3.764636172243E-13,0.E0,1.E0));
#49=DIRECTION('',(-1.E0,0.E0,-3.765876499529E-13));
#50=AXIS2_PLACEMENT_3D('',#47,#48,#49);
#52=CARTESIAN_POINT('',(1.25E1,-1.348E1,-1.25E1));
#53=DIRECTION('',(0.E0,1.E0,0.E0));
#54=DIRECTION('',(-1.E0,0.E0,0.E0));
#55=AXIS2_PLACEMENT_3D('',#52,#53,#54);
#57=DIRECTION('',(0.E0,1.E0,9.917992353318E-14));
#58=VECTOR('',#57,1.2E0);
#59=CARTESIAN_POINT('',(3.5E0,-1.348E1,-1.25E1));
#60=LINE('',#59,#58);
#61=DIRECTION('',(0.E0,1.E0,-1.006602208993E-13));
#62=VECTOR('',#61,1.2E0);
#63=CARTESIAN_POINT('',(2.15E1,-1.348E1,-1.25E1));
#64=LINE('',#63,#62);
#65=CARTESIAN_POINT('',(1.25E1,-1.398E1,-1.25E1));
#66=DIRECTION('',(0.E0,-1.E0,0.E0));
#67=DIRECTION('',(-1.E0,0.E0,0.E0));
#68=AXIS2_PLACEMENT_3D('',#65,#66,#67);
#70=CARTESIAN_POINT('',(1.25E1,-1.398E1,-1.25E1));
#71=DIRECTION('',(0.E0,-1.E0,0.E0));
#72=DIRECTION('',(1.E0,0.E0,0.E0));
#73=AXIS2_PLACEMENT_3D('',#70,#71,#72);
#75=CARTESIAN_POINT('',(1.25E1,-1.398E1,-1.25E1));
#76=DIRECTION('',(0.E0,1.E0,0.E0));
#77=DIRECTION('',(1.E0,0.E0,0.E0));
#78=AXIS2_PLACEMENT_3D('',#75,#76,#77);
#80=CARTESIAN_POINT('',(1.25E1,-1.398E1,-1.25E1));
#81=DIRECTION('',(0.E0,1.E0,0.E0));
#82=DIRECTION('',(-1.E0,0.E0,0.E0));
#83=AXIS2_PLACEMENT_3D('',#80,#81,#82);
#85=DIRECTION('',(0.E0,1.E0,0.E0));
#86=VECTOR('',#85,7.261E0);
#87=CARTESIAN_POINT('',(2.35E1,-9.381E0,-1.25E1));
#88=LINE('',#87,#86);
#89=CARTESIAN_POINT('',(1.25E1,-9.381E0,-1.25E1));
#90=DIRECTION('',(0.E0,-1.E0,0.E0));
#91=DIRECTION('',(1.E0,0.E0,0.E0));
#92=AXIS2_PLACEMENT_3D('',#89,#90,#91);
#94=DIRECTION('',(0.E0,1.E0,0.E0));
#95=VECTOR('',#94,7.261E0);
#96=CARTESIAN_POINT('',(1.5E0,-9.381E0,-1.25E1));
#97=LINE('',#96,#95);
#98=CARTESIAN_POINT('',(1.25E1,-9.381E0,-1.25E1));
#99=DIRECTION('',(0.E0,1.E0,0.E0));
#100=DIRECTION('',(1.E0,0.E0,0.E0));
#101=AXIS2_PLACEMENT_3D('',#98,#99,#100);
#103=CARTESIAN_POINT('',(1.25E1,-2.12E0,-1.25E1));
#104=DIRECTION('',(0.E0,1.E0,0.E0));
#105=DIRECTION('',(1.E0,0.E0,0.E0));
#106=AXIS2_PLACEMENT_3D('',#103,#104,#105);
#108=CARTESIAN_POINT('',(1.25E1,-2.12E0,-1.25E1));
#109=DIRECTION('',(0.E0,-1.E0,0.E0));
#110=DIRECTION('',(1.E0,0.E0,0.E0));
#111=AXIS2_PLACEMENT_3D('',#108,#109,#110);
#113=DIRECTION('',(0.E0,1.E0,0.E0));
#114=VECTOR('',#113,7.7E-1);
#115=CARTESIAN_POINT('',(2.5E1,-2.12E0,-1.25E1));
#116=LINE('',#115,#114);
#117=CARTESIAN_POINT('',(1.25E1,-2.12E0,-1.25E1));
#118=DIRECTION('',(0.E0,-1.E0,0.E0));
#119=DIRECTION('',(1.E0,0.E0,0.E0));
#120=AXIS2_PLACEMENT_3D('',#117,#118,#119);
#122=DIRECTION('',(0.E0,1.E0,0.E0));
#123=VECTOR('',#122,7.7E-1);
#124=CARTESIAN_POINT('',(0.E0,-2.12E0,-1.25E1));
#125=LINE('',#124,#123);
#126=CARTESIAN_POINT('',(1.25E1,-2.12E0,-1.25E1));
#127=DIRECTION('',(0.E0,1.E0,0.E0));
#128=DIRECTION('',(1.E0,0.E0,0.E0));
#129=AXIS2_PLACEMENT_3D('',#126,#127,#128);
#131=CARTESIAN_POINT('',(1.25E1,-1.35E0,-1.25E1));
#132=DIRECTION('',(0.E0,1.E0,0.E0));
#133=DIRECTION('',(1.E0,0.E0,0.E0));
#134=AXIS2_PLACEMENT_3D('',#131,#132,#133);
#136=CARTESIAN_POINT('',(1.613217307417E1,-2.257172579254E1,-1.25E1));
#137=DIRECTION('',(0.E0,0.E0,1.E0));
#138=DIRECTION('',(3.855576924272E-1,9.226837301103E-1,0.E0));
#139=AXIS2_PLACEMENT_3D('',#136,#137,#138);
#141=CARTESIAN_POINT('',(1.25E1,-1.35E0,-1.25E1));
#142=DIRECTION('',(0.E0,-1.E0,0.E0));
#143=DIRECTION('',(1.E0,0.E0,0.E0));
#144=AXIS2_PLACEMENT_3D('',#141,#142,#143);
#146=CARTESIAN_POINT('',(8.867826925826E0,-2.257172579254E1,-1.25E1));
#147=DIRECTION('',(0.E0,0.E0,-1.E0));
#148=DIRECTION('',(-3.855576924272E-1,9.226837301103E-1,0.E0));
#149=AXIS2_PLACEMENT_3D('',#146,#147,#148);
#151=CARTESIAN_POINT('',(1.25E1,0.E0,-1.25E1));
#152=DIRECTION('',(0.E0,-1.E0,0.E0));
#153=DIRECTION('',(1.E0,0.E0,0.E0));
#154=AXIS2_PLACEMENT_3D('',#151,#152,#153);
#156=CARTESIAN_POINT('',(1.25E1,0.E0,-1.25E1));
#157=DIRECTION('',(0.E0,1.E0,0.E0));
#158=DIRECTION('',(1.E0,0.E0,0.E0));
#159=AXIS2_PLACEMENT_3D('',#156,#157,#158);
#161=CARTESIAN_POINT('',(1.25E1,0.E0,-1.25E1));
#162=DIRECTION('',(0.E0,1.E0,0.E0));
#163=DIRECTION('',(1.E0,0.E0,0.E0));
#164=AXIS2_PLACEMENT_3D('',#161,#162,#163);
#166=CARTESIAN_POINT('',(1.25E1,0.E0,-1.25E1));
#167=DIRECTION('',(0.E0,1.E0,0.E0));
#168=DIRECTION('',(-1.E0,0.E0,0.E0));
#169=AXIS2_PLACEMENT_3D('',#166,#167,#168);
#171=CARTESIAN_POINT('',(2.275E1,-1.155831216351E1,-1.25E1));
#172=CARTESIAN_POINT('',(2.35E1,-9.381E0,-1.25E1));
#173=VERTEX_POINT('',#171);
#174=VERTEX_POINT('',#172);
#175=CARTESIAN_POINT('',(2.35E1,-2.12E0,-1.25E1));
#176=VERTEX_POINT('',#175);
#177=CARTESIAN_POINT('',(2.5E1,-2.12E0,-1.25E1));
#178=CARTESIAN_POINT('',(2.5E1,-1.35E0,-1.25E1));
#179=VERTEX_POINT('',#177);
#180=VERTEX_POINT('',#178);
#181=CARTESIAN_POINT('',(2.055E1,0.E0,-1.25E1));
#182=VERTEX_POINT('',#181);
#183=CARTESIAN_POINT('',(2.25E0,-1.155831216351E1,-1.25E1));
#184=CARTESIAN_POINT('',(1.5E0,-9.381E0,-1.25E1));
#185=VERTEX_POINT('',#183);
#186=VERTEX_POINT('',#184);
#187=CARTESIAN_POINT('',(1.5E0,-2.12E0,-1.25E1));
#188=VERTEX_POINT('',#187);
#189=CARTESIAN_POINT('',(0.E0,-2.12E0,-1.25E1));
#190=CARTESIAN_POINT('',(0.E0,-1.35E0,-1.25E1));
#191=VERTEX_POINT('',#189);
#192=VERTEX_POINT('',#190);
#193=CARTESIAN_POINT('',(4.45E0,0.E0,-1.25E1));
#194=VERTEX_POINT('',#193);
#195=CARTESIAN_POINT('',(2.015E1,0.E0,-1.25E1));
#196=CARTESIAN_POINT('',(4.85E0,0.E0,-1.25E1));
#197=VERTEX_POINT('',#195);
#198=VERTEX_POINT('',#196);
#199=CARTESIAN_POINT('',(2.15E1,-1.228E1,-1.25E1));
#200=VERTEX_POINT('',#199);
#201=CARTESIAN_POINT('',(3.5E0,-1.228E1,-1.25E1));
#202=VERTEX_POINT('',#201);
#203=CARTESIAN_POINT('',(2.02E1,-1.398E1,-1.25E1));
#204=CARTESIAN_POINT('',(4.8E0,-1.398E1,-1.25E1));
#205=VERTEX_POINT('',#203);
#206=VERTEX_POINT('',#204);
#207=CARTESIAN_POINT('',(2.15E1,-1.348E1,-1.25E1));
#208=CARTESIAN_POINT('',(3.5E0,-1.348E1,-1.25E1));
#209=VERTEX_POINT('',#207);
#210=VERTEX_POINT('',#208);
#211=CARTESIAN_POINT('',(2.1E1,-1.398E1,-1.25E1));
#212=CARTESIAN_POINT('',(4.E0,-1.398E1,-1.25E1));
#213=VERTEX_POINT('',#211);
#214=VERTEX_POINT('',#212);
#215=CARTESIAN_POINT('',(1.25E1,-1.046965608176E1,-1.25E1));
#216=DIRECTION('',(0.E0,1.E0,0.E0));
#217=DIRECTION('',(1.E0,0.E0,0.E0));
#218=AXIS2_PLACEMENT_3D('',#215,#216,#217);
#219=CONICAL_SURFACE('',#218,1.0625E1,1.900685273115E1);
#221=ORIENTED_EDGE('',*,*,#220,.T.);
#223=ORIENTED_EDGE('',*,*,#222,.T.);
#225=ORIENTED_EDGE('',*,*,#224,.F.);
#227=ORIENTED_EDGE('',*,*,#226,.F.);
#228=EDGE_LOOP('',(#221,#223,#225,#227));
#229=FACE_OUTER_BOUND('',#228,.F.);
#231=CARTESIAN_POINT('',(1.25E1,-1.046965608176E1,-1.25E1));
#232=DIRECTION('',(0.E0,1.E0,0.E0));
#233=DIRECTION('',(1.E0,0.E0,0.E0));
#234=AXIS2_PLACEMENT_3D('',#231,#232,#233);
#235=CONICAL_SURFACE('',#234,1.0625E1,1.900685273115E1);
#236=ORIENTED_EDGE('',*,*,#220,.F.);
#238=ORIENTED_EDGE('',*,*,#237,.T.);
#239=ORIENTED_EDGE('',*,*,#224,.T.);
#241=ORIENTED_EDGE('',*,*,#240,.F.);
#242=EDGE_LOOP('',(#236,#238,#239,#241));
#243=FACE_OUTER_BOUND('',#242,.F.);
#245=CARTESIAN_POINT('',(1.25E1,-1.191915608176E1,-1.25E1));
#246=DIRECTION('',(0.E0,1.E0,0.E0));
#247=DIRECTION('',(1.E0,0.E0,0.E0));
#248=AXIS2_PLACEMENT_3D('',#245,#246,#247);
#249=CONICAL_SURFACE('',#248,9.625E0,6.E1);
#251=ORIENTED_EDGE('',*,*,#250,.F.);
#253=ORIENTED_EDGE('',*,*,#252,.T.);
#255=ORIENTED_EDGE('',*,*,#254,.T.);
#256=ORIENTED_EDGE('',*,*,#237,.F.);
#257=EDGE_LOOP('',(#251,#253,#255,#256));
#258=FACE_OUTER_BOUND('',#257,.F.);
#260=CARTESIAN_POINT('',(1.25E1,-1.191915608176E1,-1.25E1));
#261=DIRECTION('',(0.E0,1.E0,0.E0));
#262=DIRECTION('',(1.E0,0.E0,0.E0));
#263=AXIS2_PLACEMENT_3D('',#260,#261,#262);
#264=CONICAL_SURFACE('',#263,9.625E0,6.E1);
#265=ORIENTED_EDGE('',*,*,#250,.T.);
#266=ORIENTED_EDGE('',*,*,#226,.T.);
#267=ORIENTED_EDGE('',*,*,#254,.F.);
#269=ORIENTED_EDGE('',*,*,#268,.F.);
#270=EDGE_LOOP('',(#265,#266,#267,#269));
#271=FACE_OUTER_BOUND('',#270,.F.);
#273=CARTESIAN_POINT('',(1.25E1,-1.4679E1,-1.25E1));
#274=DIRECTION('',(0.E0,1.E0,0.E0));
#275=DIRECTION('',(1.E0,0.E0,0.E0));
#276=AXIS2_PLACEMENT_3D('',#273,#274,#275);
#277=CYLINDRICAL_SURFACE('',#276,9.E0);
#279=ORIENTED_EDGE('',*,*,#278,.F.);
#281=ORIENTED_EDGE('',*,*,#280,.T.);
#282=ORIENTED_EDGE('',*,*,#268,.T.);
#284=ORIENTED_EDGE('',*,*,#283,.F.);
#285=EDGE_LOOP('',(#279,#281,#282,#284));
#286=FACE_OUTER_BOUND('',#285,.F.);
#288=CARTESIAN_POINT('',(1.25E1,-1.348E1,-1.25E1));
#289=DIRECTION('',(0.E0,1.E0,0.E0));
#290=DIRECTION('',(9.999768211113E-1,0.E0,6.808615147127E-3));
#291=AXIS2_PLACEMENT_3D('',#288,#289,#290);
#292=TOROIDAL_SURFACE('',#291,8.5E0,5.E-1);
#293=ORIENTED_EDGE('',*,*,#278,.T.);
#295=ORIENTED_EDGE('',*,*,#294,.T.);
#297=ORIENTED_EDGE('',*,*,#296,.F.);
#299=ORIENTED_EDGE('',*,*,#298,.F.);
#300=EDGE_LOOP('',(#293,#295,#297,#299));
#301=FACE_OUTER_BOUND('',#300,.F.);
#303=CARTESIAN_POINT('',(1.25E1,-1.348E1,-1.25E1));
#304=DIRECTION('',(0.E0,1.E0,0.E0));
#305=DIRECTION('',(-9.999768211113E-1,0.E0,-6.808615147126E-3));
#306=AXIS2_PLACEMENT_3D('',#303,#304,#305);
#307=TOROIDAL_SURFACE('',#306,8.5E0,5.E-1);
#309=ORIENTED_EDGE('',*,*,#308,.T.);
#310=ORIENTED_EDGE('',*,*,#298,.T.);
#312=ORIENTED_EDGE('',*,*,#311,.F.);
#313=ORIENTED_EDGE('',*,*,#294,.F.);
#314=EDGE_LOOP('',(#309,#310,#312,#313));
#315=FACE_OUTER_BOUND('',#314,.F.);
#317=CARTESIAN_POINT('',(1.25E1,-1.4679E1,-1.25E1));
#318=DIRECTION('',(0.E0,1.E0,0.E0));
#319=DIRECTION('',(1.E0,0.E0,0.E0));
#320=AXIS2_PLACEMENT_3D('',#317,#318,#319);
#321=CYLINDRICAL_SURFACE('',#320,9.E0);
#322=ORIENTED_EDGE('',*,*,#308,.F.);
#323=ORIENTED_EDGE('',*,*,#283,.T.);
#324=ORIENTED_EDGE('',*,*,#252,.F.);
#325=ORIENTED_EDGE('',*,*,#280,.F.);
#326=EDGE_LOOP('',(#322,#323,#324,#325));
#327=FACE_OUTER_BOUND('',#326,.F.);
#329=CARTESIAN_POINT('',(1.25E1,-1.398E1,-1.25E1));
#330=DIRECTION('',(0.E0,1.E0,0.E0));
#331=DIRECTION('',(1.E0,0.E0,0.E0));
#332=AXIS2_PLACEMENT_3D('',#329,#330,#331);
#333=PLANE('',#332);
#334=ORIENTED_EDGE('',*,*,#296,.T.);
#335=ORIENTED_EDGE('',*,*,#311,.T.);
#336=EDGE_LOOP('',(#334,#335));
#337=FACE_OUTER_BOUND('',#336,.F.);
#339=ORIENTED_EDGE('',*,*,#338,.T.);
#341=ORIENTED_EDGE('',*,*,#340,.T.);
#342=EDGE_LOOP('',(#339,#341));
#343=FACE_BOUND('',#342,.F.);
#345=CARTESIAN_POINT('',(1.25E1,-1.4679E1,-1.25E1));
#346=DIRECTION('',(0.E0,1.E0,0.E0));
#347=DIRECTION('',(1.E0,0.E0,0.E0));
#348=AXIS2_PLACEMENT_3D('',#345,#346,#347);
#349=CYLINDRICAL_SURFACE('',#348,1.1E1);
#351=ORIENTED_EDGE('',*,*,#350,.F.);
#352=ORIENTED_EDGE('',*,*,#240,.T.);
#354=ORIENTED_EDGE('',*,*,#353,.T.);
#356=ORIENTED_EDGE('',*,*,#355,.F.);
#357=EDGE_LOOP('',(#351,#352,#354,#356));
#358=FACE_OUTER_BOUND('',#357,.F.);
#360=CARTESIAN_POINT('',(1.25E1,-1.4679E1,-1.25E1));
#361=DIRECTION('',(0.E0,1.E0,0.E0));
#362=DIRECTION('',(1.E0,0.E0,0.E0));
#363=AXIS2_PLACEMENT_3D('',#360,#361,#362);
#364=CYLINDRICAL_SURFACE('',#363,1.1E1);
#365=ORIENTED_EDGE('',*,*,#350,.T.);
#367=ORIENTED_EDGE('',*,*,#366,.T.);
#368=ORIENTED_EDGE('',*,*,#353,.F.);
#369=ORIENTED_EDGE('',*,*,#222,.F.);
#370=EDGE_LOOP('',(#365,#367,#368,#369));
#371=FACE_OUTER_BOUND('',#370,.F.);
#373=CARTESIAN_POINT('',(1.25E1,-2.12E0,-1.25E1));
#374=DIRECTION('',(0.E0,1.E0,0.E0));
#375=DIRECTION('',(1.E0,0.E0,0.E0));
#376=AXIS2_PLACEMENT_3D('',#373,#374,#375);
#377=PLANE('',#376);
#379=ORIENTED_EDGE('',*,*,#378,.F.);
#381=ORIENTED_EDGE('',*,*,#380,.T.);
#382=EDGE_LOOP('',(#379,#381));
#383=FACE_OUTER_BOUND('',#382,.F.);
#384=ORIENTED_EDGE('',*,*,#366,.F.);
#385=ORIENTED_EDGE('',*,*,#355,.T.);
#386=EDGE_LOOP('',(#384,#385));
#387=FACE_BOUND('',#386,.F.);
#389=CARTESIAN_POINT('',(1.25E1,-1.4679E1,-1.25E1));
#390=DIRECTION('',(0.E0,1.E0,0.E0));
#391=DIRECTION('',(1.E0,0.E0,0.E0));
#392=AXIS2_PLACEMENT_3D('',#389,#390,#391);
#393=CYLINDRICAL_SURFACE('',#392,1.25E1);
#395=ORIENTED_EDGE('',*,*,#394,.F.);
#396=ORIENTED_EDGE('',*,*,#378,.T.);
#398=ORIENTED_EDGE('',*,*,#397,.T.);
#400=ORIENTED_EDGE('',*,*,#399,.F.);
#401=EDGE_LOOP('',(#395,#396,#398,#400));
#402=FACE_OUTER_BOUND('',#401,.F.);
#404=CARTESIAN_POINT('',(1.25E1,-1.4679E1,-1.25E1));
#405=DIRECTION('',(0.E0,1.E0,0.E0));
#406=DIRECTION('',(1.E0,0.E0,0.E0));
#407=AXIS2_PLACEMENT_3D('',#404,#405,#406);
#408=CYLINDRICAL_SURFACE('',#407,1.25E1);
#409=ORIENTED_EDGE('',*,*,#394,.T.);
#411=ORIENTED_EDGE('',*,*,#410,.T.);
#412=ORIENTED_EDGE('',*,*,#397,.F.);
#413=ORIENTED_EDGE('',*,*,#380,.F.);
#414=EDGE_LOOP('',(#409,#411,#412,#413));
#415=FACE_OUTER_BOUND('',#414,.F.);
#417=CARTESIAN_POINT('',(2.5E1,-1.35E0,-1.25E1));
#418=CARTESIAN_POINT('',(2.356485604829E1,-7.503028640619E-1,-1.25E1));
#419=CARTESIAN_POINT('',(2.207643927584E1,-2.987606971413E-1,-1.25E1));
#420=CARTESIAN_POINT('',(2.055E1,0.E0,-1.25E1));
#421=CARTESIAN_POINT('',(2.5E1,-1.35E0,-3.75E1));
#422=CARTESIAN_POINT('',(2.356485604829E1,-7.503028640619E-1,
-3.462971209657E1));
#423=CARTESIAN_POINT('',(2.207643927584E1,-2.987606971413E-1,
-3.165287855169E1));
#424=CARTESIAN_POINT('',(2.055E1,0.E0,-2.86E1));
#425=CARTESIAN_POINT('',(0.E0,-1.35E0,-3.75E1));
#426=CARTESIAN_POINT('',(1.435143951714E0,-7.503028640619E-1,
-3.462971209657E1));
#427=CARTESIAN_POINT('',(2.923560724156E0,-2.987606971413E-1,
-3.165287855169E1));
#428=CARTESIAN_POINT('',(4.45E0,0.E0,-2.86E1));
#429=CARTESIAN_POINT('',(0.E0,-1.35E0,-1.25E1));
#430=CARTESIAN_POINT('',(1.435143951714E0,-7.503028640619E-1,-1.25E1));
#431=CARTESIAN_POINT('',(2.923560724156E0,-2.987606971413E-1,-1.25E1));
#432=CARTESIAN_POINT('',(4.45E0,0.E0,-1.25E1));
#433=(BOUNDED_SURFACE()B_SPLINE_SURFACE(3,3,((#417,#418,#419,#420),(#421,#422,
#423,#424),(#425,#426,#427,#428),(#429,#430,#431,#432)),.UNSPECIFIED.,.F.,.F.,
.F.)B_SPLINE_SURFACE_WITH_KNOTS((4,4),(4,4),(0.E0,1.E0),(0.E0,1.E0),
.UNSPECIFIED.)GEOMETRIC_REPRESENTATION_ITEM()RATIONAL_B_SPLINE_SURFACE(((
2.005136155952E0,1.998287948016E0,1.998287948016E0,2.005136155952E0),(
6.683787186507E-1,6.660959826720E-1,6.660959826720E-1,6.683787186507E-1),(
6.683787186507E-1,6.660959826720E-1,6.660959826720E-1,6.683787186507E-1),(
2.005136155952E0,1.998287948016E0,1.998287948016E0,2.005136155952E0)))REPRESENTATION_ITEM('')SURFACE());
#435=ORIENTED_EDGE('',*,*,#434,.T.);
#437=ORIENTED_EDGE('',*,*,#436,.T.);
#439=ORIENTED_EDGE('',*,*,#438,.F.);
#440=ORIENTED_EDGE('',*,*,#410,.F.);
#441=EDGE_LOOP('',(#435,#437,#439,#440));
#442=FACE_OUTER_BOUND('',#441,.F.);
#444=CARTESIAN_POINT('',(0.E0,-1.35E0,-1.25E1));
#445=CARTESIAN_POINT('',(1.435143951714E0,-7.503028640619E-1,-1.25E1));
#446=CARTESIAN_POINT('',(2.923560724156E0,-2.987606971413E-1,-1.25E1));
#447=CARTESIAN_POINT('',(4.45E0,0.E0,-1.25E1));
#448=CARTESIAN_POINT('',(0.E0,-1.35E0,1.25E1));
#449=CARTESIAN_POINT('',(1.435143951714E0,-7.503028640619E-1,9.629712096572E0));
#450=CARTESIAN_POINT('',(2.923560724156E0,-2.987606971413E-1,6.652878551687E0));
#451=CARTESIAN_POINT('',(4.45E0,0.E0,3.6E0));
#452=CARTESIAN_POINT('',(2.5E1,-1.35E0,1.25E1));
#453=CARTESIAN_POINT('',(2.356485604829E1,-7.503028640619E-1,9.629712096571E0));
#454=CARTESIAN_POINT('',(2.207643927584E1,-2.987606971413E-1,6.652878551687E0));
#455=CARTESIAN_POINT('',(2.055E1,0.E0,3.6E0));
#456=CARTESIAN_POINT('',(2.5E1,-1.35E0,-1.25E1));
#457=CARTESIAN_POINT('',(2.356485604829E1,-7.503028640619E-1,-1.25E1));
#458=CARTESIAN_POINT('',(2.207643927584E1,-2.987606971413E-1,-1.25E1));
#459=CARTESIAN_POINT('',(2.055E1,0.E0,-1.25E1));
#460=(BOUNDED_SURFACE()B_SPLINE_SURFACE(3,3,((#444,#445,#446,#447),(#448,#449,
#450,#451),(#452,#453,#454,#455),(#456,#457,#458,#459)),.UNSPECIFIED.,.F.,.F.,
.F.)B_SPLINE_SURFACE_WITH_KNOTS((4,4),(4,4),(0.E0,1.E0),(0.E0,1.E0),
.UNSPECIFIED.)GEOMETRIC_REPRESENTATION_ITEM()RATIONAL_B_SPLINE_SURFACE(((
2.005136155952E0,1.998287948016E0,1.998287948016E0,2.005136155952E0),(
6.683787186507E-1,6.660959826720E-1,6.660959826720E-1,6.683787186507E-1),(
6.683787186507E-1,6.660959826720E-1,6.660959826720E-1,6.683787186507E-1),(
2.005136155952E0,1.998287948016E0,1.998287948016E0,2.005136155952E0)))REPRESENTATION_ITEM('')SURFACE());
#461=ORIENTED_EDGE('',*,*,#434,.F.);
#462=ORIENTED_EDGE('',*,*,#399,.T.);
#463=ORIENTED_EDGE('',*,*,#438,.T.);
#465=ORIENTED_EDGE('',*,*,#464,.F.);
#466=EDGE_LOOP('',(#461,#462,#463,#465));
#467=FACE_OUTER_BOUND('',#466,.F.);
#469=CARTESIAN_POINT('',(1.25E1,0.E0,-1.25E1));
#470=DIRECTION('',(0.E0,1.E0,0.E0));
#471=DIRECTION('',(1.E0,0.E0,0.E0));
#472=AXIS2_PLACEMENT_3D('',#469,#470,#471);
#473=PLANE('',#472);
#474=ORIENTED_EDGE('',*,*,#464,.T.);
#475=ORIENTED_EDGE('',*,*,#436,.F.);
#476=EDGE_LOOP('',(#474,#475));
#477=FACE_OUTER_BOUND('',#476,.F.);
#479=ORIENTED_EDGE('',*,*,#478,.T.);
#481=ORIENTED_EDGE('',*,*,#480,.T.);
#482=EDGE_LOOP('',(#479,#481));
#483=FACE_BOUND('',#482,.F.);
#485=OPEN_SHELL('',(#230,#244,#259,#272,#287,#302,#316,#328,#344,#359,#372,#388,
#403,#416,#443,#468,#484));
#486=CARTESIAN_POINT('',(1.25E1,-2.E-2,-1.25E1));
#487=DIRECTION('',(0.E0,-1.E0,0.E0));
#488=DIRECTION('',(-1.E0,0.E0,0.E0));
#489=AXIS2_PLACEMENT_3D('',#486,#487,#488);
#491=CARTESIAN_POINT('',(1.25E1,-2.E-2,-1.25E1));
#492=DIRECTION('',(0.E0,-1.E0,0.E0));
#493=DIRECTION('',(1.E0,0.E0,0.E0));
#494=AXIS2_PLACEMENT_3D('',#491,#492,#493);
#496=CARTESIAN_POINT('',(1.25E1,-2.E-2,-1.25E1));
#497=DIRECTION('',(0.E0,1.E0,0.E0));
#498=DIRECTION('',(0.E0,0.E0,-1.E0));
#499=AXIS2_PLACEMENT_3D('',#496,#497,#498);
#501=CARTESIAN_POINT('',(1.25E1,-2.E-2,-1.25E1));
#502=DIRECTION('',(0.E0,1.E0,0.E0));
#503=DIRECTION('',(0.E0,0.E0,1.E0));
#504=AXIS2_PLACEMENT_3D('',#501,#502,#503);
#506=DIRECTION('',(1.E0,0.E0,0.E0));
#507=VECTOR('',#506,5.2E0);
#508=CARTESIAN_POINT('',(9.899999999999E0,-2.E-2,-1.29E1));
#509=LINE('',#508,#507);
#510=CARTESIAN_POINT('',(1.51E1,-2.E-2,-1.25E1));
#511=DIRECTION('',(0.E0,-1.E0,0.E0));
#512=DIRECTION('',(0.E0,0.E0,-1.E0));
#513=AXIS2_PLACEMENT_3D('',#510,#511,#512);
#515=DIRECTION('',(-1.E0,0.E0,0.E0));
#516=VECTOR('',#515,5.2E0);
#517=CARTESIAN_POINT('',(1.51E1,-2.E-2,-1.21E1));
#518=LINE('',#517,#516);
#519=CARTESIAN_POINT('',(9.899999999999E0,-2.E-2,-1.25E1));
#520=DIRECTION('',(0.E0,-1.E0,0.E0));
#521=DIRECTION('',(0.E0,0.E0,1.E0));
#522=AXIS2_PLACEMENT_3D('',#519,#520,#521);
#524=DIRECTION('',(0.E0,0.E0,1.E0));
#525=VECTOR('',#524,8.038721346531E-1);
#526=CARTESIAN_POINT('',(1.21E1,-2.E-2,-8.821685168450E0));
#527=LINE('',#526,#525);
#528=CARTESIAN_POINT('',(1.25E1,-2.E-2,-1.25E1));
#529=DIRECTION('',(0.E0,-1.E0,0.E0));
#530=DIRECTION('',(-8.888888888889E-2,0.E0,9.960415480451E-1));
#531=AXIS2_PLACEMENT_3D('',#528,#529,#530);
#533=DIRECTION('',(1.E0,0.E0,0.E0));
#534=VECTOR('',#533,8.038721346531E-1);
#535=CARTESIAN_POINT('',(8.017813033797E0,-2.E-2,-1.21E1));
#536=LINE('',#535,#534);
#537=CARTESIAN_POINT('',(1.25E1,-2.E-2,-1.25E1));
#538=DIRECTION('',(0.E0,1.E0,0.E0));
#539=DIRECTION('',(-9.941391436621E-1,0.E0,1.081081081081E-1));
#540=AXIS2_PLACEMENT_3D('',#537,#538,#539);
#542=CARTESIAN_POINT('',(1.25E1,-2.E-2,-1.25E1));
#543=DIRECTION('',(0.E0,-1.E0,0.E0));
#544=DIRECTION('',(9.960415480451E-1,0.E0,8.888888888889E-2));
#545=AXIS2_PLACEMENT_3D('',#542,#543,#544);
#547=DIRECTION('',(0.E0,0.E0,-1.E0));
#548=VECTOR('',#547,8.038721346531E-1);
#549=CARTESIAN_POINT('',(1.29E1,-2.E-2,-8.017813033797E0));
#550=LINE('',#549,#548);
#551=CARTESIAN_POINT('',(1.25E1,-2.E-2,-1.25E1));
#552=DIRECTION('',(0.E0,1.E0,0.E0));
#553=DIRECTION('',(1.081081081081E-1,0.E0,9.941391436621E-1));
#554=AXIS2_PLACEMENT_3D('',#551,#552,#553);
#556=DIRECTION('',(1.E0,0.E0,0.E0));
#557=VECTOR('',#556,8.038721346531E-1);
#558=CARTESIAN_POINT('',(1.617831483155E1,-2.E-2,-1.21E1));
#559=LINE('',#558,#557);
#560=CARTESIAN_POINT('',(1.25E1,-2.E-2,-1.25E1));
#561=DIRECTION('',(0.E0,-1.E0,0.E0));
#562=DIRECTION('',(8.888888888890E-2,0.E0,-9.960415480451E-1));
#563=AXIS2_PLACEMENT_3D('',#560,#561,#562);
#565=DIRECTION('',(-1.E0,0.E0,0.E0));
#566=VECTOR('',#565,8.038721346531E-1);
#567=CARTESIAN_POINT('',(1.698218696620E1,-2.E-2,-1.29E1));
#568=LINE('',#567,#566);
#569=CARTESIAN_POINT('',(1.25E1,-2.E-2,-1.25E1));
#570=DIRECTION('',(0.E0,1.E0,0.E0));
#571=DIRECTION('',(9.941391436621E-1,0.E0,-1.081081081081E-1));
#572=AXIS2_PLACEMENT_3D('',#569,#570,#571);
#574=DIRECTION('',(0.E0,0.E0,-1.E0));
#575=VECTOR('',#574,8.038721346531E-1);
#576=CARTESIAN_POINT('',(1.29E1,-2.E-2,-1.617831483155E1));
#577=LINE('',#576,#575);
#578=DIRECTION('',(0.E0,0.E0,1.E0));
#579=VECTOR('',#578,8.038721346531E-1);
#580=CARTESIAN_POINT('',(1.21E1,-2.E-2,-1.698218696620E1));
#581=LINE('',#580,#579);
#582=CARTESIAN_POINT('',(1.25E1,-2.E-2,-1.25E1));
#583=DIRECTION('',(0.E0,1.E0,0.E0));
#584=DIRECTION('',(-1.081081081081E-1,0.E0,-9.941391436621E-1));
#585=AXIS2_PLACEMENT_3D('',#582,#583,#584);
#587=DIRECTION('',(-1.E0,0.E0,0.E0));
#588=VECTOR('',#587,8.038721346531E-1);
#589=CARTESIAN_POINT('',(8.821685168450E0,-2.E-2,-1.29E1));
#590=LINE('',#589,#588);
#591=CARTESIAN_POINT('',(1.25E1,-2.E-2,-1.25E1));
#592=DIRECTION('',(0.E0,-1.E0,0.E0));
#593=DIRECTION('',(-9.960415480451E-1,0.E0,-8.888888888889E-2));
#594=AXIS2_PLACEMENT_3D('',#591,#592,#593);
#596=CARTESIAN_POINT('',(5.E0,-2.E-2,-1.25E1));
#597=CARTESIAN_POINT('',(2.E1,-2.E-2,-1.25E1));
#598=VERTEX_POINT('',#596);
#599=VERTEX_POINT('',#597);
#600=CARTESIAN_POINT('',(1.25E1,-2.E-2,-1.9E1));
#601=CARTESIAN_POINT('',(1.25E1,-2.E-2,-6.E0));
#602=VERTEX_POINT('',#600);
#603=VERTEX_POINT('',#601);
#604=CARTESIAN_POINT('',(1.51E1,-2.E-2,-1.29E1));
#605=CARTESIAN_POINT('',(9.899999999999E0,-2.E-2,-1.29E1));
#606=VERTEX_POINT('',#604);
#607=VERTEX_POINT('',#605);
#608=CARTESIAN_POINT('',(9.899999999999E0,-2.E-2,-1.21E1));
#609=VERTEX_POINT('',#608);
#610=CARTESIAN_POINT('',(1.51E1,-2.E-2,-1.21E1));
#611=VERTEX_POINT('',#610);
#612=CARTESIAN_POINT('',(1.21E1,-2.E-2,-8.017813033797E0));
#613=CARTESIAN_POINT('',(1.21E1,-2.E-2,-8.821685168450E0));
#614=VERTEX_POINT('',#612);
#615=VERTEX_POINT('',#613);
#616=CARTESIAN_POINT('',(8.821685168450E0,-2.E-2,-1.21E1));
#617=VERTEX_POINT('',#616);
#618=CARTESIAN_POINT('',(8.017813033797E0,-2.E-2,-1.21E1));
#619=VERTEX_POINT('',#618);
#620=CARTESIAN_POINT('',(1.29E1,-2.E-2,-8.017813033797E0));
#621=CARTESIAN_POINT('',(1.698218696620E1,-2.E-2,-1.21E1));
#622=VERTEX_POINT('',#620);
#623=VERTEX_POINT('',#621);
#624=CARTESIAN_POINT('',(1.617831483155E1,-2.E-2,-1.21E1));
#625=VERTEX_POINT('',#624);
#626=CARTESIAN_POINT('',(1.29E1,-2.E-2,-8.821685168450E0));
#627=VERTEX_POINT('',#626);
#628=CARTESIAN_POINT('',(1.698218696620E1,-2.E-2,-1.29E1));
#629=CARTESIAN_POINT('',(1.29E1,-2.E-2,-1.698218696620E1));
#630=VERTEX_POINT('',#628);
#631=VERTEX_POINT('',#629);
#632=CARTESIAN_POINT('',(1.29E1,-2.E-2,-1.617831483155E1));
#633=VERTEX_POINT('',#632);
#634=CARTESIAN_POINT('',(1.617831483155E1,-2.E-2,-1.29E1));
#635=VERTEX_POINT('',#634);
#636=CARTESIAN_POINT('',(1.21E1,-2.E-2,-1.617831483155E1));
#637=CARTESIAN_POINT('',(1.21E1,-2.E-2,-1.698218696620E1));
#638=VERTEX_POINT('',#636);
#639=VERTEX_POINT('',#637);
#640=CARTESIAN_POINT('',(8.017813033797E0,-2.E-2,-1.29E1));
#641=VERTEX_POINT('',#640);
#642=CARTESIAN_POINT('',(8.821685168450E0,-2.E-2,-1.29E1));
#643=VERTEX_POINT('',#642);
#644=CARTESIAN_POINT('',(1.25E1,-2.E-2,-1.25E1));
#645=DIRECTION('',(0.E0,1.E0,0.E0));
#646=DIRECTION('',(1.E0,0.E0,0.E0));
#647=AXIS2_PLACEMENT_3D('',#644,#645,#646);
#648=PLANE('',#647);
#650=ORIENTED_EDGE('',*,*,#649,.T.);
#652=ORIENTED_EDGE('',*,*,#651,.T.);
#653=EDGE_LOOP('',(#650,#652));
#654=FACE_OUTER_BOUND('',#653,.F.);
#656=ORIENTED_EDGE('',*,*,#655,.T.);
#658=ORIENTED_EDGE('',*,*,#657,.T.);
#659=EDGE_LOOP('',(#656,#658));
#660=FACE_BOUND('',#659,.F.);
#662=CARTESIAN_POINT('',(1.25E1,-2.E-2,-1.25E1));
#663=DIRECTION('',(0.E0,1.E0,0.E0));
#664=DIRECTION('',(0.E0,0.E0,-1.E0));
#665=AXIS2_PLACEMENT_3D('',#662,#663,#664);
#666=PLANE('',#665);
#668=ORIENTED_EDGE('',*,*,#667,.T.);
#670=ORIENTED_EDGE('',*,*,#669,.T.);
#672=ORIENTED_EDGE('',*,*,#671,.T.);
#674=ORIENTED_EDGE('',*,*,#673,.T.);
#675=EDGE_LOOP('',(#668,#670,#672,#674));
#676=FACE_OUTER_BOUND('',#675,.F.);
#678=CARTESIAN_POINT('',(1.25E1,-2.E-2,-1.25E1));
#679=DIRECTION('',(0.E0,1.E0,0.E0));
#680=DIRECTION('',(0.E0,0.E0,-1.E0));
#681=AXIS2_PLACEMENT_3D('',#678,#679,#680);
#682=PLANE('',#681);
#684=ORIENTED_EDGE('',*,*,#683,.T.);
#686=ORIENTED_EDGE('',*,*,#685,.T.);
#688=ORIENTED_EDGE('',*,*,#687,.T.);
#690=ORIENTED_EDGE('',*,*,#689,.T.);
#691=EDGE_LOOP('',(#684,#686,#688,#690));
#692=FACE_OUTER_BOUND('',#691,.F.);
#694=CARTESIAN_POINT('',(1.25E1,-2.E-2,-1.25E1));
#695=DIRECTION('',(0.E0,1.E0,0.E0));
#696=DIRECTION('',(0.E0,0.E0,-1.E0));
#697=AXIS2_PLACEMENT_3D('',#694,#695,#696);
#698=PLANE('',#697);
#700=ORIENTED_EDGE('',*,*,#699,.T.);
#702=ORIENTED_EDGE('',*,*,#701,.T.);
#704=ORIENTED_EDGE('',*,*,#703,.T.);
#706=ORIENTED_EDGE('',*,*,#705,.T.);
#707=EDGE_LOOP('',(#700,#702,#704,#706));
#708=FACE_OUTER_BOUND('',#707,.F.);
#710=CARTESIAN_POINT('',(1.25E1,-2.E-2,-1.25E1));
#711=DIRECTION('',(0.E0,1.E0,0.E0));
#712=DIRECTION('',(0.E0,0.E0,-1.E0));
#713=AXIS2_PLACEMENT_3D('',#710,#711,#712);
#714=PLANE('',#713);
#716=ORIENTED_EDGE('',*,*,#715,.T.);
#718=ORIENTED_EDGE('',*,*,#717,.T.);
#720=ORIENTED_EDGE('',*,*,#719,.T.);
#722=ORIENTED_EDGE('',*,*,#721,.T.);
#723=EDGE_LOOP('',(#716,#718,#720,#722));
#724=FACE_OUTER_BOUND('',#723,.F.);
#726=CARTESIAN_POINT('',(1.25E1,-2.E-2,-1.25E1));
#727=DIRECTION('',(0.E0,1.E0,0.E0));
#728=DIRECTION('',(0.E0,0.E0,-1.E0));
#729=AXIS2_PLACEMENT_3D('',#726,#727,#728);
#730=PLANE('',#729);
#732=ORIENTED_EDGE('',*,*,#731,.T.);
#734=ORIENTED_EDGE('',*,*,#733,.T.);
#736=ORIENTED_EDGE('',*,*,#735,.T.);
#738=ORIENTED_EDGE('',*,*,#737,.T.);
#739=EDGE_LOOP('',(#732,#734,#736,#738));
#740=FACE_OUTER_BOUND('',#739,.F.);
#742=OPEN_SHELL('',(#661,#677,#693,#709,#725,#741));
#743=CARTESIAN_POINT('',(1.25E1,-2.E-2,-1.25E1));
#744=DIRECTION('',(0.E0,-1.E0,0.E0));
#745=DIRECTION('',(0.E0,0.E0,1.E0));
#746=AXIS2_PLACEMENT_3D('',#743,#744,#745);
#748=CARTESIAN_POINT('',(1.25E1,-2.E-2,-1.25E1));
#749=DIRECTION('',(0.E0,-1.E0,0.E0));
#750=DIRECTION('',(0.E0,0.E0,-1.E0));
#751=AXIS2_PLACEMENT_3D('',#748,#749,#750);
#753=CARTESIAN_POINT('',(1.51E1,-2.E-2,-1.25E1));
#754=DIRECTION('',(0.E0,1.E0,0.E0));
#755=DIRECTION('',(0.E0,0.E0,1.E0));
#756=AXIS2_PLACEMENT_3D('',#753,#754,#755);
#758=DIRECTION('',(-1.E0,0.E0,0.E0));
#759=VECTOR('',#758,5.2E0);
#760=CARTESIAN_POINT('',(1.51E1,-2.E-2,-1.29E1));
#761=LINE('',#760,#759);
#762=CARTESIAN_POINT('',(9.899999999999E0,-2.E-2,-1.25E1));
#763=DIRECTION('',(0.E0,1.E0,0.E0));
#764=DIRECTION('',(0.E0,0.E0,-1.E0));
#765=AXIS2_PLACEMENT_3D('',#762,#763,#764);
#767=DIRECTION('',(1.E0,0.E0,0.E0));
#768=VECTOR('',#767,5.2E0);
#769=CARTESIAN_POINT('',(9.899999999999E0,-2.E-2,-1.21E1));
#770=LINE('',#769,#768);
#771=CARTESIAN_POINT('',(1.25E1,-2.E-2,-1.25E1));
#772=DIRECTION('',(0.E0,1.E0,0.E0));
#773=DIRECTION('',(-9.960415480451E-1,0.E0,8.888888888889E-2));
#774=AXIS2_PLACEMENT_3D('',#771,#772,#773);
#776=DIRECTION('',(0.E0,0.E0,-1.E0));
#777=VECTOR('',#776,8.038721346531E-1);
#778=CARTESIAN_POINT('',(1.21E1,-2.E-2,-8.017813033797E0));
#779=LINE('',#778,#777);
#780=CARTESIAN_POINT('',(1.25E1,-2.E-2,-1.25E1));
#781=DIRECTION('',(0.E0,-1.E0,0.E0));
#782=DIRECTION('',(-1.081081081081E-1,0.E0,9.941391436621E-1));
#783=AXIS2_PLACEMENT_3D('',#780,#781,#782);
#785=DIRECTION('',(-1.E0,0.E0,0.E0));
#786=VECTOR('',#785,8.038721346531E-1);
#787=CARTESIAN_POINT('',(8.821685168450E0,-2.E-2,-1.21E1));
#788=LINE('',#787,#786);
#789=DIRECTION('',(0.E0,0.E0,1.E0));
#790=VECTOR('',#789,8.038721346531E-1);
#791=CARTESIAN_POINT('',(1.29E1,-2.E-2,-8.821685168450E0));
#792=LINE('',#791,#790);
#793=CARTESIAN_POINT('',(1.25E1,-2.E-2,-1.25E1));
#794=DIRECTION('',(0.E0,1.E0,0.E0));
#795=DIRECTION('',(8.888888888890E-2,0.E0,9.960415480451E-1));
#796=AXIS2_PLACEMENT_3D('',#793,#794,#795);
#798=DIRECTION('',(-1.E0,0.E0,0.E0));
#799=VECTOR('',#798,8.038721346531E-1);
#800=CARTESIAN_POINT('',(1.698218696620E1,-2.E-2,-1.21E1));
#801=LINE('',#800,#799);
#802=CARTESIAN_POINT('',(1.25E1,-2.E-2,-1.25E1));
#803=DIRECTION('',(0.E0,-1.E0,0.E0));
#804=DIRECTION('',(9.941391436621E-1,0.E0,1.081081081081E-1));
#805=AXIS2_PLACEMENT_3D('',#802,#803,#804);
#807=DIRECTION('',(1.E0,0.E0,0.E0));
#808=VECTOR('',#807,8.038721346531E-1);
#809=CARTESIAN_POINT('',(1.617831483155E1,-2.E-2,-1.29E1));
#810=LINE('',#809,#808);
#811=CARTESIAN_POINT('',(1.25E1,-2.E-2,-1.25E1));
#812=DIRECTION('',(0.E0,1.E0,0.E0));
#813=DIRECTION('',(9.960415480451E-1,0.E0,-8.888888888889E-2));
#814=AXIS2_PLACEMENT_3D('',#811,#812,#813);
#816=DIRECTION('',(0.E0,0.E0,1.E0));
#817=VECTOR('',#816,8.038721346531E-1);
#818=CARTESIAN_POINT('',(1.29E1,-2.E-2,-1.698218696620E1));
#819=LINE('',#818,#817);
#820=CARTESIAN_POINT('',(1.25E1,-2.E-2,-1.25E1));
#821=DIRECTION('',(0.E0,-1.E0,0.E0));
#822=DIRECTION('',(1.081081081081E-1,0.E0,-9.941391436621E-1));
#823=AXIS2_PLACEMENT_3D('',#820,#821,#822);
#825=CARTESIAN_POINT('',(1.25E1,-2.E-2,-1.25E1));
#826=DIRECTION('',(0.E0,-1.E0,0.E0));
#827=DIRECTION('',(-9.941391436621E-1,0.E0,-1.081081081081E-1));
#828=AXIS2_PLACEMENT_3D('',#825,#826,#827);
#830=DIRECTION('',(0.E0,0.E0,-1.E0));
#831=VECTOR('',#830,8.038721346531E-1);
#832=CARTESIAN_POINT('',(1.21E1,-2.E-2,-1.617831483155E1));
#833=LINE('',#832,#831);
#834=CARTESIAN_POINT('',(1.25E1,-2.E-2,-1.25E1));
#835=DIRECTION('',(0.E0,1.E0,0.E0));
#836=DIRECTION('',(-8.888888888889E-2,0.E0,-9.960415480451E-1));
#837=AXIS2_PLACEMENT_3D('',#834,#835,#836);
#839=DIRECTION('',(1.E0,0.E0,0.E0));
#840=VECTOR('',#839,8.038721346531E-1);
#841=CARTESIAN_POINT('',(8.017813033797E0,-2.E-2,-1.29E1));
#842=LINE('',#841,#840);
#843=CARTESIAN_POINT('',(1.25E1,-2.E-2,-1.9E1));
#844=CARTESIAN_POINT('',(1.25E1,-2.E-2,-6.E0));
#845=VERTEX_POINT('',#843);
#846=VERTEX_POINT('',#844);
#847=CARTESIAN_POINT('',(1.51E1,-2.E-2,-1.29E1));
#848=CARTESIAN_POINT('',(1.51E1,-2.E-2,-1.21E1));
#849=VERTEX_POINT('',#847);
#850=VERTEX_POINT('',#848);
#851=CARTESIAN_POINT('',(9.899999999999E0,-2.E-2,-1.21E1));
#852=VERTEX_POINT('',#851);
#853=CARTESIAN_POINT('',(9.899999999999E0,-2.E-2,-1.29E1));
#854=VERTEX_POINT('',#853);
#855=CARTESIAN_POINT('',(1.21E1,-2.E-2,-8.017813033797E0));
#856=CARTESIAN_POINT('',(8.017813033797E0,-2.E-2,-1.21E1));
#857=VERTEX_POINT('',#855);
#858=VERTEX_POINT('',#856);
#859=CARTESIAN_POINT('',(8.821685168450E0,-2.E-2,-1.21E1));
#860=VERTEX_POINT('',#859);
#861=CARTESIAN_POINT('',(1.21E1,-2.E-2,-8.821685168450E0));
#862=VERTEX_POINT('',#861);
#863=CARTESIAN_POINT('',(1.29E1,-2.E-2,-8.017813033797E0));
#864=CARTESIAN_POINT('',(1.29E1,-2.E-2,-8.821685168450E0));
#865=VERTEX_POINT('',#863);
#866=VERTEX_POINT('',#864);
#867=CARTESIAN_POINT('',(1.617831483155E1,-2.E-2,-1.21E1));
#868=VERTEX_POINT('',#867);
#869=CARTESIAN_POINT('',(1.698218696620E1,-2.E-2,-1.21E1));
#870=VERTEX_POINT('',#869);
#871=CARTESIAN_POINT('',(1.698218696620E1,-2.E-2,-1.29E1));
#872=CARTESIAN_POINT('',(1.617831483155E1,-2.E-2,-1.29E1));
#873=VERTEX_POINT('',#871);
#874=VERTEX_POINT('',#872);
#875=CARTESIAN_POINT('',(1.29E1,-2.E-2,-1.617831483155E1));
#876=VERTEX_POINT('',#875);
#877=CARTESIAN_POINT('',(1.29E1,-2.E-2,-1.698218696620E1));
#878=VERTEX_POINT('',#877);
#879=CARTESIAN_POINT('',(1.21E1,-2.E-2,-1.617831483155E1));
#880=CARTESIAN_POINT('',(8.821685168450E0,-2.E-2,-1.29E1));
#881=VERTEX_POINT('',#879);
#882=VERTEX_POINT('',#880);
#883=CARTESIAN_POINT('',(8.017813033797E0,-2.E-2,-1.29E1));
#884=VERTEX_POINT('',#883);
#885=CARTESIAN_POINT('',(1.21E1,-2.E-2,-1.698218696620E1));
#886=VERTEX_POINT('',#885);
#887=CARTESIAN_POINT('',(1.25E1,-2.E-2,-1.25E1));
#888=DIRECTION('',(0.E0,1.E0,0.E0));
#889=DIRECTION('',(0.E0,0.E0,-1.E0));
#890=AXIS2_PLACEMENT_3D('',#887,#888,#889);
#891=PLANE('',#890);
#893=ORIENTED_EDGE('',*,*,#892,.T.);
#895=ORIENTED_EDGE('',*,*,#894,.T.);
#896=EDGE_LOOP('',(#893,#895));
#897=FACE_OUTER_BOUND('',#896,.F.);
#899=ORIENTED_EDGE('',*,*,#898,.T.);
#901=ORIENTED_EDGE('',*,*,#900,.T.);
#903=ORIENTED_EDGE('',*,*,#902,.T.);
#905=ORIENTED_EDGE('',*,*,#904,.T.);
#906=EDGE_LOOP('',(#899,#901,#903,#905));
#907=FACE_BOUND('',#906,.F.);
#909=ORIENTED_EDGE('',*,*,#908,.T.);
#911=ORIENTED_EDGE('',*,*,#910,.T.);
#913=ORIENTED_EDGE('',*,*,#912,.T.);
#915=ORIENTED_EDGE('',*,*,#914,.T.);
#916=EDGE_LOOP('',(#909,#911,#913,#915));
#917=FACE_BOUND('',#916,.F.);
#919=ORIENTED_EDGE('',*,*,#918,.T.);
#921=ORIENTED_EDGE('',*,*,#920,.T.);
#923=ORIENTED_EDGE('',*,*,#922,.T.);
#925=ORIENTED_EDGE('',*,*,#924,.T.);
#926=EDGE_LOOP('',(#919,#921,#923,#925));
#927=FACE_BOUND('',#926,.F.);
#929=ORIENTED_EDGE('',*,*,#928,.T.);
#931=ORIENTED_EDGE('',*,*,#930,.T.);
#933=ORIENTED_EDGE('',*,*,#932,.T.);
#935=ORIENTED_EDGE('',*,*,#934,.T.);
#936=EDGE_LOOP('',(#929,#931,#933,#935));
#937=FACE_BOUND('',#936,.F.);
#939=ORIENTED_EDGE('',*,*,#938,.T.);
#941=ORIENTED_EDGE('',*,*,#940,.T.);
#943=ORIENTED_EDGE('',*,*,#942,.T.);
#945=ORIENTED_EDGE('',*,*,#944,.T.);
#946=EDGE_LOOP('',(#939,#941,#943,#945));
#947=FACE_BOUND('',#946,.F.);
#949=OPEN_SHELL('',(#948));
#950=CARTESIAN_POINT('',(1.25E1,-1.348E1,-1.25E1));
#951=DIRECTION('',(0.E0,1.E0,0.E0));
#952=DIRECTION('',(-1.E0,0.E0,0.E0));
#953=AXIS2_PLACEMENT_3D('',#950,#951,#952);
#955=DIRECTION('',(0.E0,-1.E0,0.E0));
#956=VECTOR('',#955,2.5E0);
#957=CARTESIAN_POINT('',(5.1E0,-1.348E1,-1.25E1));
#958=LINE('',#957,#956);
#959=DIRECTION('',(0.E0,-1.E0,0.E0));
#960=VECTOR('',#959,2.5E0);
#961=CARTESIAN_POINT('',(1.99E1,-1.348E1,-1.25E1));
#962=LINE('',#961,#960);
#963=CARTESIAN_POINT('',(1.25E1,-1.348E1,-1.25E1));
#964=DIRECTION('',(0.E0,1.E0,0.E0));
#965=DIRECTION('',(1.E0,0.E0,0.E0));
#966=AXIS2_PLACEMENT_3D('',#963,#964,#965);
#968=CARTESIAN_POINT('',(1.25E1,-1.598E1,-1.25E1));
#969=DIRECTION('',(0.E0,-1.E0,0.E0));
#970=DIRECTION('',(-1.E0,0.E0,0.E0));
#971=AXIS2_PLACEMENT_3D('',#968,#969,#970);
#973=CARTESIAN_POINT('',(1.25E1,-1.598E1,-1.25E1));
#974=DIRECTION('',(0.E0,1.E0,0.E0));
#975=DIRECTION('',(-1.E0,0.E0,0.E0));
#976=AXIS2_PLACEMENT_3D('',#973,#974,#975);
#978=DIRECTION('',(-7.071067811865E-1,0.E0,7.071067811865E-1));
#979=VECTOR('',#978,7.E-1);
#980=CARTESIAN_POINT('',(1.815685424949E1,-1.598E1,-1.596482322781E1));
#981=LINE('',#980,#979);
#982=DIRECTION('',(-7.071067811865E-1,0.E0,-7.071067811865E-1));
#983=VECTOR('',#982,3.1E0);
#984=CARTESIAN_POINT('',(1.766187950266E1,-1.598E1,-1.546984848098E1));
#985=LINE('',#984,#983);
#986=DIRECTION('',(7.071067811865E-1,0.E0,-7.071067811865E-1));
#987=VECTOR('',#986,7.E-1);
#988=CARTESIAN_POINT('',(1.546984848098E1,-1.598E1,-1.766187950266E1));
#989=LINE('',#988,#987);
#990=DIRECTION('',(7.071067811865E-1,0.E0,7.071067811865E-1));
#991=VECTOR('',#990,3.1E0);
#992=CARTESIAN_POINT('',(1.596482322781E1,-1.598E1,-1.815685424949E1));
#993=LINE('',#992,#991);
#994=DIRECTION('',(-7.071067811865E-1,0.E0,7.071067811865E-1));
#995=VECTOR('',#994,7.E-1);
#996=CARTESIAN_POINT('',(9.530151519016E0,-1.598E1,-7.338120497338E0));
#997=LINE('',#996,#995);
#998=DIRECTION('',(-7.071067811865E-1,0.E0,-7.071067811865E-1));
#999=VECTOR('',#998,3.1E0);
#1000=CARTESIAN_POINT('',(9.035176772186E0,-1.598E1,-6.843145750508E0));
#1001=LINE('',#1000,#999);
#1002=DIRECTION('',(7.071067811865E-1,0.E0,-7.071067811865E-1));
#1003=VECTOR('',#1002,7.E-1);
#1004=CARTESIAN_POINT('',(6.843145750508E0,-1.598E1,-9.035176772186E0));
#1005=LINE('',#1004,#1003);
#1006=DIRECTION('',(7.071067811865E-1,0.E0,7.071067811865E-1));
#1007=VECTOR('',#1006,3.1E0);
#1008=CARTESIAN_POINT('',(7.338120497338E0,-1.598E1,-9.530151519017E0));
#1009=LINE('',#1008,#1007);
#1010=DIRECTION('',(0.E0,0.E0,1.E0));
#1011=VECTOR('',#1010,2.9E0);
#1012=CARTESIAN_POINT('',(1.295E1,-1.598E1,-1.395E1));
#1013=LINE('',#1012,#1011);
#1014=DIRECTION('',(-1.E0,0.E0,0.E0));
#1015=VECTOR('',#1014,9.E-1);
#1016=CARTESIAN_POINT('',(1.295E1,-1.598E1,-1.105E1));
#1017=LINE('',#1016,#1015);
#1018=DIRECTION('',(0.E0,0.E0,-1.E0));
#1019=VECTOR('',#1018,2.9E0);
#1020=CARTESIAN_POINT('',(1.205E1,-1.598E1,-1.105E1));
#1021=LINE('',#1020,#1019);
#1022=DIRECTION('',(1.E0,0.E0,0.E0));
#1023=VECTOR('',#1022,9.E-1);
#1024=CARTESIAN_POINT('',(1.205E1,-1.598E1,-1.395E1));
#1025=LINE('',#1024,#1023);
#1026=DIRECTION('',(0.E0,0.E0,1.E0));
#1027=VECTOR('',#1026,2.9E0);
#1028=CARTESIAN_POINT('',(7.87E0,-1.598E1,-1.395E1));
#1029=LINE('',#1028,#1027);
#1030=DIRECTION('',(-1.E0,0.E0,0.E0));
#1031=VECTOR('',#1030,9.E-1);
#1032=CARTESIAN_POINT('',(7.87E0,-1.598E1,-1.105E1));
#1033=LINE('',#1032,#1031);
#1034=DIRECTION('',(0.E0,0.E0,-1.E0));
#1035=VECTOR('',#1034,2.9E0);
#1036=CARTESIAN_POINT('',(6.97E0,-1.598E1,-1.105E1));
#1037=LINE('',#1036,#1035);
#1038=DIRECTION('',(1.E0,0.E0,0.E0));
#1039=VECTOR('',#1038,9.E-1);
#1040=CARTESIAN_POINT('',(6.97E0,-1.598E1,-1.395E1));
#1041=LINE('',#1040,#1039);
#1042=CARTESIAN_POINT('',(5.1E0,-1.348E1,-1.25E1));
#1043=CARTESIAN_POINT('',(5.1E0,-1.598E1,-1.25E1));
#1044=VERTEX_POINT('',#1042);
#1045=VERTEX_POINT('',#1043);
#1046=CARTESIAN_POINT('',(1.99E1,-1.348E1,-1.25E1));
#1047=CARTESIAN_POINT('',(1.99E1,-1.598E1,-1.25E1));
#1048=VERTEX_POINT('',#1046);
#1049=VERTEX_POINT('',#1047);
#1050=CARTESIAN_POINT('',(1.766187950266E1,-1.598E1,-1.546984848098E1));
#1051=CARTESIAN_POINT('',(1.815685424949E1,-1.598E1,-1.596482322781E1));
#1052=VERTEX_POINT('',#1050);
#1053=VERTEX_POINT('',#1051);
#1054=CARTESIAN_POINT('',(1.546984848098E1,-1.598E1,-1.766187950266E1));
#1055=CARTESIAN_POINT('',(1.596482322781E1,-1.598E1,-1.815685424949E1));
#1056=VERTEX_POINT('',#1054);
#1057=VERTEX_POINT('',#1055);
#1058=CARTESIAN_POINT('',(9.530151519016E0,-1.598E1,-7.338120497338E0));
#1059=CARTESIAN_POINT('',(9.035176772186E0,-1.598E1,-6.843145750508E0));
#1060=VERTEX_POINT('',#1058);
#1061=VERTEX_POINT('',#1059);
#1062=CARTESIAN_POINT('',(7.338120497338E0,-1.598E1,-9.530151519017E0));
#1063=CARTESIAN_POINT('',(6.843145750508E0,-1.598E1,-9.035176772186E0));
#1064=VERTEX_POINT('',#1062);
#1065=VERTEX_POINT('',#1063);
#1066=CARTESIAN_POINT('',(1.295E1,-1.598E1,-1.105E1));
#1067=CARTESIAN_POINT('',(1.295E1,-1.598E1,-1.395E1));
#1068=VERTEX_POINT('',#1066);
#1069=VERTEX_POINT('',#1067);
#1070=CARTESIAN_POINT('',(1.205E1,-1.598E1,-1.395E1));
#1071=VERTEX_POINT('',#1070);
#1072=CARTESIAN_POINT('',(1.205E1,-1.598E1,-1.105E1));
#1073=VERTEX_POINT('',#1072);
#1074=CARTESIAN_POINT('',(7.87E0,-1.598E1,-1.105E1));
#1075=CARTESIAN_POINT('',(7.87E0,-1.598E1,-1.395E1));
#1076=VERTEX_POINT('',#1074);
#1077=VERTEX_POINT('',#1075);
#1078=CARTESIAN_POINT('',(6.97E0,-1.598E1,-1.395E1));
#1079=VERTEX_POINT('',#1078);
#1080=CARTESIAN_POINT('',(6.97E0,-1.598E1,-1.105E1));
#1081=VERTEX_POINT('',#1080);
#1082=CARTESIAN_POINT('',(1.25E1,-1.6275E1,-1.25E1));
#1083=DIRECTION('',(0.E0,1.E0,0.E0));
#1084=DIRECTION('',(1.E0,0.E0,0.E0));
#1085=AXIS2_PLACEMENT_3D('',#1082,#1083,#1084);
#1086=CYLINDRICAL_SURFACE('',#1085,7.4E0);
#1088=ORIENTED_EDGE('',*,*,#1087,.F.);
#1090=ORIENTED_EDGE('',*,*,#1089,.T.);
#1092=ORIENTED_EDGE('',*,*,#1091,.T.);
#1094=ORIENTED_EDGE('',*,*,#1093,.F.);
#1095=EDGE_LOOP('',(#1088,#1090,#1092,#1094));
#1096=FACE_OUTER_BOUND('',#1095,.F.);
#1098=CARTESIAN_POINT('',(1.25E1,-1.6275E1,-1.25E1));
#1099=DIRECTION('',(0.E0,1.E0,0.E0));
#1100=DIRECTION('',(1.E0,0.E0,0.E0));
#1101=AXIS2_PLACEMENT_3D('',#1098,#1099,#1100);
#1102=CYLINDRICAL_SURFACE('',#1101,7.4E0);
#1103=ORIENTED_EDGE('',*,*,#1087,.T.);
#1105=ORIENTED_EDGE('',*,*,#1104,.T.);
#1106=ORIENTED_EDGE('',*,*,#1091,.F.);
#1108=ORIENTED_EDGE('',*,*,#1107,.T.);
#1109=EDGE_LOOP('',(#1103,#1105,#1106,#1108));
#1110=FACE_OUTER_BOUND('',#1109,.F.);
#1112=CARTESIAN_POINT('',(1.25E1,-1.598E1,-1.25E1));
#1113=DIRECTION('',(0.E0,1.E0,0.E0));
#1114=DIRECTION('',(1.E0,0.E0,0.E0));
#1115=AXIS2_PLACEMENT_3D('',#1112,#1113,#1114);
#1116=PLANE('',#1115);
#1117=ORIENTED_EDGE('',*,*,#1104,.F.);
#1118=ORIENTED_EDGE('',*,*,#1093,.T.);
#1119=EDGE_LOOP('',(#1117,#1118));
#1120=FACE_OUTER_BOUND('',#1119,.F.);
#1122=ORIENTED_EDGE('',*,*,#1121,.T.);
#1124=ORIENTED_EDGE('',*,*,#1123,.T.);
#1126=ORIENTED_EDGE('',*,*,#1125,.T.);
#1128=ORIENTED_EDGE('',*,*,#1127,.T.);
#1129=EDGE_LOOP('',(#1122,#1124,#1126,#1128));
#1130=FACE_BOUND('',#1129,.F.);
#1132=ORIENTED_EDGE('',*,*,#1131,.T.);
#1134=ORIENTED_EDGE('',*,*,#1133,.T.);
#1136=ORIENTED_EDGE('',*,*,#1135,.T.);
#1138=ORIENTED_EDGE('',*,*,#1137,.T.);
#1139=EDGE_LOOP('',(#1132,#1134,#1136,#1138));
#1140=FACE_BOUND('',#1139,.F.);
#1142=ORIENTED_EDGE('',*,*,#1141,.T.);
#1144=ORIENTED_EDGE('',*,*,#1143,.T.);
#1146=ORIENTED_EDGE('',*,*,#1145,.T.);
#1148=ORIENTED_EDGE('',*,*,#1147,.T.);
#1149=EDGE_LOOP('',(#1142,#1144,#1146,#1148));
#1150=FACE_BOUND('',#1149,.F.);
#1152=ORIENTED_EDGE('',*,*,#1151,.T.);
#1154=ORIENTED_EDGE('',*,*,#1153,.T.);
#1156=ORIENTED_EDGE('',*,*,#1155,.T.);
#1158=ORIENTED_EDGE('',*,*,#1157,.T.);
#1159=EDGE_LOOP('',(#1152,#1154,#1156,#1158));
#1160=FACE_BOUND('',#1159,.F.);
#1162=OPEN_SHELL('',(#1097,#1111,#1161));
#1163=CARTESIAN_POINT('',(1.21E1,-1.823E1,-1.25E1));
#1164=DIRECTION('',(-1.E0,0.E0,0.E0));
#1165=DIRECTION('',(0.E0,0.E0,1.E0));
#1166=AXIS2_PLACEMENT_3D('',#1163,#1164,#1165);
#1168=DIRECTION('',(0.E0,-1.E0,0.E0));
#1169=VECTOR('',#1168,8.E-1);
#1170=CARTESIAN_POINT('',(1.21E1,-1.823E1,-1.305E1));
#1171=LINE('',#1170,#1169);
#1172=CARTESIAN_POINT('',(1.21E1,-1.903E1,-1.25E1));
#1173=DIRECTION('',(-1.E0,0.E0,0.E0));
#1174=DIRECTION('',(0.E0,0.E0,-1.E0));
#1175=AXIS2_PLACEMENT_3D('',#1172,#1173,#1174);
#1177=DIRECTION('',(0.E0,1.E0,0.E0));
#1178=VECTOR('',#1177,8.E-1);
#1179=CARTESIAN_POINT('',(1.21E1,-1.903E1,-1.195E1));
#1180=LINE('',#1179,#1178);
#1181=DIRECTION('',(0.E0,-7.071067811865E-1,7.071067811866E-1));
#1182=VECTOR('',#1181,5.656854249492E-1);
#1183=CARTESIAN_POINT('',(1.21E1,-1.968E1,-1.345E1));
#1184=LINE('',#1183,#1182);
#1185=DIRECTION('',(0.E0,1.E0,0.E0));
#1186=VECTOR('',#1185,2.4E0);
#1187=CARTESIAN_POINT('',(1.21E1,-1.968E1,-1.345E1));
#1188=LINE('',#1187,#1186);
#1189=DIRECTION('',(0.E0,0.E0,-1.E0));
#1190=VECTOR('',#1189,4.75E-1);
#1191=CARTESIAN_POINT('',(1.21E1,-1.728E1,-1.345E1));
#1192=LINE('',#1191,#1190);
#1193=DIRECTION('',(0.E0,1.E0,0.E0));
#1194=VECTOR('',#1193,3.E0);
#1195=CARTESIAN_POINT('',(1.21E1,-1.728E1,-1.3925E1));
#1196=LINE('',#1195,#1194);
#1197=DIRECTION('',(0.E0,0.E0,1.E0));
#1198=VECTOR('',#1197,2.75E-1);
#1199=CARTESIAN_POINT('',(1.21E1,-1.428E1,-1.3925E1));
#1200=LINE('',#1199,#1198);
#1201=DIRECTION('',(0.E0,1.E0,0.E0));
#1202=VECTOR('',#1201,2.E-1);
#1203=CARTESIAN_POINT('',(1.21E1,-1.428E1,-1.365E1));
#1204=LINE('',#1203,#1202);
#1205=DIRECTION('',(0.E0,0.E0,1.E0));
#1206=VECTOR('',#1205,2.3E0);
#1207=CARTESIAN_POINT('',(1.21E1,-1.408E1,-1.365E1));
#1208=LINE('',#1207,#1206);
#1209=DIRECTION('',(0.E0,-1.E0,0.E0));
#1210=VECTOR('',#1209,2.E-1);
#1211=CARTESIAN_POINT('',(1.21E1,-1.408E1,-1.135E1));
#1212=LINE('',#1211,#1210);
#1213=DIRECTION('',(0.E0,0.E0,1.E0));
#1214=VECTOR('',#1213,2.75E-1);
#1215=CARTESIAN_POINT('',(1.21E1,-1.428E1,-1.135E1));
#1216=LINE('',#1215,#1214);
#1217=DIRECTION('',(0.E0,-1.E0,0.E0));
#1218=VECTOR('',#1217,3.E0);
#1219=CARTESIAN_POINT('',(1.21E1,-1.428E1,-1.1075E1));
#1220=LINE('',#1219,#1218);
#1221=DIRECTION('',(0.E0,0.E0,-1.E0));
#1222=VECTOR('',#1221,4.75E-1);
#1223=CARTESIAN_POINT('',(1.21E1,-1.728E1,-1.1075E1));
#1224=LINE('',#1223,#1222);
#1225=DIRECTION('',(0.E0,-1.E0,0.E0));
#1226=VECTOR('',#1225,2.4E0);
#1227=CARTESIAN_POINT('',(1.21E1,-1.728E1,-1.155E1));
#1228=LINE('',#1227,#1226);
#1229=DIRECTION('',(0.E0,7.071067811865E-1,7.071067811865E-1));
#1230=VECTOR('',#1229,5.656854249492E-1);
#1231=CARTESIAN_POINT('',(1.21E1,-2.008E1,-1.195E1));
#1232=LINE('',#1231,#1230);
#1233=DIRECTION('',(0.E0,0.E0,-1.E0));
#1234=VECTOR('',#1233,1.1E0);
#1235=CARTESIAN_POINT('',(1.21E1,-2.008E1,-1.195E1));
#1236=LINE('',#1235,#1234);
#1237=DIRECTION('',(1.E0,0.E0,0.E0));
#1238=VECTOR('',#1237,8.E-1);
#1239=CARTESIAN_POINT('',(1.21E1,-1.823E1,-1.195E1));
#1240=LINE('',#1239,#1238);
#1241=DIRECTION('',(1.E0,0.E0,0.E0));
#1242=VECTOR('',#1241,8.E-1);
#1243=CARTESIAN_POINT('',(1.21E1,-1.903E1,-1.195E1));
#1244=LINE('',#1243,#1242);
#1245=DIRECTION('',(1.E0,0.E0,0.E0));
#1246=VECTOR('',#1245,8.E-1);
#1247=CARTESIAN_POINT('',(1.21E1,-1.903E1,-1.305E1));
#1248=LINE('',#1247,#1246);
#1249=DIRECTION('',(1.E0,0.E0,0.E0));
#1250=VECTOR('',#1249,8.E-1);
#1251=CARTESIAN_POINT('',(1.21E1,-1.823E1,-1.305E1));
#1252=LINE('',#1251,#1250);
#1253=CARTESIAN_POINT('',(1.29E1,-1.823E1,-1.25E1));
#1254=DIRECTION('',(-1.E0,0.E0,0.E0));
#1255=DIRECTION('',(0.E0,0.E0,1.E0));
#1256=AXIS2_PLACEMENT_3D('',#1253,#1254,#1255);
#1258=DIRECTION('',(0.E0,1.E0,0.E0));
#1259=VECTOR('',#1258,8.E-1);
#1260=CARTESIAN_POINT('',(1.29E1,-1.903E1,-1.195E1));
#1261=LINE('',#1260,#1259);
#1262=CARTESIAN_POINT('',(1.29E1,-1.903E1,-1.25E1));
#1263=DIRECTION('',(-1.E0,0.E0,0.E0));
#1264=DIRECTION('',(0.E0,0.E0,-1.E0));
#1265=AXIS2_PLACEMENT_3D('',#1262,#1263,#1264);
#1267=DIRECTION('',(0.E0,-1.E0,0.E0));
#1268=VECTOR('',#1267,8.E-1);
#1269=CARTESIAN_POINT('',(1.29E1,-1.823E1,-1.305E1));
#1270=LINE('',#1269,#1268);
#1271=DIRECTION('',(0.E0,7.071067811865E-1,-7.071067811866E-1));
#1272=VECTOR('',#1271,5.656854249492E-1);
#1273=CARTESIAN_POINT('',(1.29E1,-2.008E1,-1.305E1));
#1274=LINE('',#1273,#1272);
#1275=DIRECTION('',(0.E0,0.E0,-1.E0));
#1276=VECTOR('',#1275,1.1E0);
#1277=CARTESIAN_POINT('',(1.29E1,-2.008E1,-1.195E1));
#1278=LINE('',#1277,#1276);
#1279=DIRECTION('',(0.E0,-7.071067811865E-1,-7.071067811865E-1));
#1280=VECTOR('',#1279,5.656854249492E-1);
#1281=CARTESIAN_POINT('',(1.29E1,-1.968E1,-1.155E1));
#1282=LINE('',#1281,#1280);
#1283=DIRECTION('',(0.E0,-1.E0,0.E0));
#1284=VECTOR('',#1283,2.4E0);
#1285=CARTESIAN_POINT('',(1.29E1,-1.728E1,-1.155E1));
#1286=LINE('',#1285,#1284);
#1287=DIRECTION('',(0.E0,0.E0,-1.E0));
#1288=VECTOR('',#1287,4.75E-1);
#1289=CARTESIAN_POINT('',(1.29E1,-1.728E1,-1.1075E1));
#1290=LINE('',#1289,#1288);
#1291=DIRECTION('',(0.E0,-1.E0,0.E0));
#1292=VECTOR('',#1291,3.E0);
#1293=CARTESIAN_POINT('',(1.29E1,-1.428E1,-1.1075E1));
#1294=LINE('',#1293,#1292);
#1295=DIRECTION('',(0.E0,0.E0,-1.E0));
#1296=VECTOR('',#1295,2.75E-1);
#1297=CARTESIAN_POINT('',(1.29E1,-1.428E1,-1.1075E1));
#1298=LINE('',#1297,#1296);
#1299=DIRECTION('',(0.E0,1.E0,0.E0));
#1300=VECTOR('',#1299,2.E-1);
#1301=CARTESIAN_POINT('',(1.29E1,-1.428E1,-1.135E1));
#1302=LINE('',#1301,#1300);
#1303=DIRECTION('',(0.E0,0.E0,-1.E0));
#1304=VECTOR('',#1303,2.3E0);
#1305=CARTESIAN_POINT('',(1.29E1,-1.408E1,-1.135E1));
#1306=LINE('',#1305,#1304);
#1307=DIRECTION('',(0.E0,-1.E0,0.E0));
#1308=VECTOR('',#1307,2.E-1);
#1309=CARTESIAN_POINT('',(1.29E1,-1.408E1,-1.365E1));
#1310=LINE('',#1309,#1308);
#1311=DIRECTION('',(0.E0,0.E0,-1.E0));
#1312=VECTOR('',#1311,2.75E-1);
#1313=CARTESIAN_POINT('',(1.29E1,-1.428E1,-1.365E1));
#1314=LINE('',#1313,#1312);
#1315=DIRECTION('',(0.E0,1.E0,0.E0));
#1316=VECTOR('',#1315,3.E0);
#1317=CARTESIAN_POINT('',(1.29E1,-1.728E1,-1.3925E1));
#1318=LINE('',#1317,#1316);
#1319=DIRECTION('',(0.E0,0.E0,-1.E0));
#1320=VECTOR('',#1319,4.75E-1);
#1321=CARTESIAN_POINT('',(1.29E1,-1.728E1,-1.345E1));
#1322=LINE('',#1321,#1320);
#1323=DIRECTION('',(0.E0,1.E0,0.E0));
#1324=VECTOR('',#1323,2.4E0);
#1325=CARTESIAN_POINT('',(1.29E1,-1.968E1,-1.345E1));
#1326=LINE('',#1325,#1324);
#1327=DIRECTION('',(-1.E0,0.E0,0.E0));
#1328=VECTOR('',#1327,8.E-1);
#1329=CARTESIAN_POINT('',(1.29E1,-2.008E1,-1.305E1));
#1330=LINE('',#1329,#1328);
#1331=DIRECTION('',(-1.E0,0.E0,0.E0));
#1332=VECTOR('',#1331,8.E-1);
#1333=CARTESIAN_POINT('',(1.29E1,-2.008E1,-1.195E1));
#1334=LINE('',#1333,#1332);
#1335=DIRECTION('',(-1.E0,0.E0,0.E0));
#1336=VECTOR('',#1335,8.E-1);
#1337=CARTESIAN_POINT('',(1.29E1,-1.968E1,-1.155E1));
#1338=LINE('',#1337,#1336);
#1339=DIRECTION('',(1.E0,0.E0,0.E0));
#1340=VECTOR('',#1339,8.E-1);
#1341=CARTESIAN_POINT('',(1.21E1,-1.728E1,-1.155E1));
#1342=LINE('',#1341,#1340);
#1343=DIRECTION('',(1.E0,0.E0,0.E0));
#1344=VECTOR('',#1343,8.E-1);
#1345=CARTESIAN_POINT('',(1.21E1,-1.728E1,-1.1075E1));
#1346=LINE('',#1345,#1344);
#1347=DIRECTION('',(1.E0,0.E0,0.E0));
#1348=VECTOR('',#1347,8.E-1);
#1349=CARTESIAN_POINT('',(1.21E1,-1.428E1,-1.1075E1));
#1350=LINE('',#1349,#1348);
#1351=DIRECTION('',(-1.E0,0.E0,0.E0));
#1352=VECTOR('',#1351,8.E-1);
#1353=CARTESIAN_POINT('',(1.29E1,-1.968E1,-1.345E1));
#1354=LINE('',#1353,#1352);
#1355=DIRECTION('',(1.E0,0.E0,0.E0));
#1356=VECTOR('',#1355,8.E-1);
#1357=CARTESIAN_POINT('',(1.21E1,-1.728E1,-1.345E1));
#1358=LINE('',#1357,#1356);
#1359=DIRECTION('',(1.E0,0.E0,0.E0));
#1360=VECTOR('',#1359,8.E-1);
#1361=CARTESIAN_POINT('',(1.21E1,-1.728E1,-1.3925E1));
#1362=LINE('',#1361,#1360);
#1363=DIRECTION('',(-1.E0,0.E0,0.E0));
#1364=VECTOR('',#1363,8.E-1);
#1365=CARTESIAN_POINT('',(1.29E1,-1.428E1,-1.3925E1));
#1366=LINE('',#1365,#1364);
#1367=CARTESIAN_POINT('',(1.21E1,-1.428E1,-1.1075E1));
#1368=CARTESIAN_POINT('',(1.21E1,-1.728E1,-1.1075E1));
#1369=VERTEX_POINT('',#1367);
#1370=VERTEX_POINT('',#1368);
#1371=CARTESIAN_POINT('',(1.21E1,-1.728E1,-1.155E1));
#1372=VERTEX_POINT('',#1371);
#1373=CARTESIAN_POINT('',(1.21E1,-1.728E1,-1.345E1));
#1374=CARTESIAN_POINT('',(1.21E1,-1.728E1,-1.3925E1));
#1375=VERTEX_POINT('',#1373);
#1376=VERTEX_POINT('',#1374);
#1377=CARTESIAN_POINT('',(1.21E1,-1.428E1,-1.3925E1));
#1378=VERTEX_POINT('',#1377);
#1379=CARTESIAN_POINT('',(1.29E1,-1.428E1,-1.1075E1));
#1380=CARTESIAN_POINT('',(1.29E1,-1.728E1,-1.1075E1));
#1381=VERTEX_POINT('',#1379);
#1382=VERTEX_POINT('',#1380);
#1383=CARTESIAN_POINT('',(1.29E1,-1.728E1,-1.155E1));
#1384=VERTEX_POINT('',#1383);
#1385=CARTESIAN_POINT('',(1.29E1,-1.728E1,-1.345E1));
#1386=CARTESIAN_POINT('',(1.29E1,-1.728E1,-1.3925E1));
#1387=VERTEX_POINT('',#1385);
#1388=VERTEX_POINT('',#1386);
#1389=CARTESIAN_POINT('',(1.29E1,-1.428E1,-1.3925E1));
#1390=VERTEX_POINT('',#1389);
#1391=CARTESIAN_POINT('',(1.21E1,-1.408E1,-1.135E1));
#1392=CARTESIAN_POINT('',(1.21E1,-1.408E1,-1.365E1));
#1393=VERTEX_POINT('',#1391);
#1394=VERTEX_POINT('',#1392);
#1395=CARTESIAN_POINT('',(1.29E1,-1.408E1,-1.135E1));
#1396=CARTESIAN_POINT('',(1.29E1,-1.408E1,-1.365E1));
#1397=VERTEX_POINT('',#1395);
#1398=VERTEX_POINT('',#1396);
#1399=CARTESIAN_POINT('',(1.21E1,-1.823E1,-1.195E1));
#1400=CARTESIAN_POINT('',(1.21E1,-1.823E1,-1.305E1));
#1401=VERTEX_POINT('',#1399);
#1402=VERTEX_POINT('',#1400);
#1403=CARTESIAN_POINT('',(1.21E1,-1.903E1,-1.305E1));
#1404=VERTEX_POINT('',#1403);
#1405=CARTESIAN_POINT('',(1.21E1,-1.903E1,-1.195E1));
#1406=VERTEX_POINT('',#1405);
#1407=CARTESIAN_POINT('',(1.29E1,-1.823E1,-1.195E1));
#1408=CARTESIAN_POINT('',(1.29E1,-1.823E1,-1.305E1));
#1409=VERTEX_POINT('',#1407);
#1410=VERTEX_POINT('',#1408);
#1411=CARTESIAN_POINT('',(1.29E1,-1.903E1,-1.305E1));
#1412=VERTEX_POINT('',#1411);
#1413=CARTESIAN_POINT('',(1.29E1,-1.903E1,-1.195E1));
#1414=VERTEX_POINT('',#1413);
#1415=CARTESIAN_POINT('',(1.21E1,-1.968E1,-1.345E1));
#1416=CARTESIAN_POINT('',(1.21E1,-2.008E1,-1.305E1));
#1417=VERTEX_POINT('',#1415);
#1418=VERTEX_POINT('',#1416);
#1419=CARTESIAN_POINT('',(1.29E1,-2.008E1,-1.305E1));
#1420=VERTEX_POINT('',#1419);
#1421=CARTESIAN_POINT('',(1.29E1,-1.968E1,-1.345E1));
#1422=VERTEX_POINT('',#1421);
#1423=CARTESIAN_POINT('',(1.21E1,-2.008E1,-1.195E1));
#1424=CARTESIAN_POINT('',(1.21E1,-1.968E1,-1.155E1));
#1425=VERTEX_POINT('',#1423);
#1426=VERTEX_POINT('',#1424);
#1427=CARTESIAN_POINT('',(1.29E1,-1.968E1,-1.155E1));
#1428=VERTEX_POINT('',#1427);
#1429=CARTESIAN_POINT('',(1.29E1,-2.008E1,-1.195E1));
#1430=VERTEX_POINT('',#1429);
#1431=CARTESIAN_POINT('',(1.21E1,-1.428E1,-1.135E1));
#1432=VERTEX_POINT('',#1431);
#1433=CARTESIAN_POINT('',(1.21E1,-1.428E1,-1.365E1));
#1434=VERTEX_POINT('',#1433);
#1435=CARTESIAN_POINT('',(1.29E1,-1.428E1,-1.135E1));
#1436=VERTEX_POINT('',#1435);
#1437=CARTESIAN_POINT('',(1.29E1,-1.428E1,-1.365E1));
#1438=VERTEX_POINT('',#1437);
#1439=CARTESIAN_POINT('',(1.21E1,-1.408E1,-1.25E1));
#1440=DIRECTION('',(1.E0,0.E0,0.E0));
#1441=DIRECTION('',(0.E0,0.E0,-1.E0));
#1442=AXIS2_PLACEMENT_3D('',#1439,#1440,#1441);
#1443=PLANE('',#1442);
#1445=ORIENTED_EDGE('',*,*,#1444,.F.);
#1447=ORIENTED_EDGE('',*,*,#1446,.T.);
#1449=ORIENTED_EDGE('',*,*,#1448,.T.);
#1451=ORIENTED_EDGE('',*,*,#1450,.T.);
#1453=ORIENTED_EDGE('',*,*,#1452,.T.);
#1455=ORIENTED_EDGE('',*,*,#1454,.T.);
#1457=ORIENTED_EDGE('',*,*,#1456,.T.);
#1459=ORIENTED_EDGE('',*,*,#1458,.T.);
#1461=ORIENTED_EDGE('',*,*,#1460,.T.);
#1463=ORIENTED_EDGE('',*,*,#1462,.T.);
#1465=ORIENTED_EDGE('',*,*,#1464,.T.);
#1467=ORIENTED_EDGE('',*,*,#1466,.T.);
#1469=ORIENTED_EDGE('',*,*,#1468,.F.);
#1471=ORIENTED_EDGE('',*,*,#1470,.T.);
#1472=EDGE_LOOP('',(#1445,#1447,#1449,#1451,#1453,#1455,#1457,#1459,#1461,#1463,
#1465,#1467,#1469,#1471));
#1473=FACE_OUTER_BOUND('',#1472,.F.);
#1475=ORIENTED_EDGE('',*,*,#1474,.T.);
#1477=ORIENTED_EDGE('',*,*,#1476,.T.);
#1479=ORIENTED_EDGE('',*,*,#1478,.T.);
#1481=ORIENTED_EDGE('',*,*,#1480,.T.);
#1482=EDGE_LOOP('',(#1475,#1477,#1479,#1481));
#1483=FACE_BOUND('',#1482,.F.);
#1485=CARTESIAN_POINT('',(1.21E1,-1.823E1,-1.25E1));
#1486=DIRECTION('',(1.E0,0.E0,0.E0));
#1487=DIRECTION('',(0.E0,0.E0,-1.E0));
#1488=AXIS2_PLACEMENT_3D('',#1485,#1486,#1487);
#1489=CYLINDRICAL_SURFACE('',#1488,5.5E-1);
#1490=ORIENTED_EDGE('',*,*,#1474,.F.);
#1492=ORIENTED_EDGE('',*,*,#1491,.T.);
#1494=ORIENTED_EDGE('',*,*,#1493,.T.);
#1496=ORIENTED_EDGE('',*,*,#1495,.F.);
#1497=EDGE_LOOP('',(#1490,#1492,#1494,#1496));
#1498=FACE_OUTER_BOUND('',#1497,.F.);
#1500=CARTESIAN_POINT('',(1.21E1,-1.903E1,-1.195E1));
#1501=DIRECTION('',(0.E0,0.E0,-1.E0));
#1502=DIRECTION('',(0.E0,1.E0,0.E0));
#1503=AXIS2_PLACEMENT_3D('',#1500,#1501,#1502);
#1504=PLANE('',#1503);
#1505=ORIENTED_EDGE('',*,*,#1480,.F.);
#1507=ORIENTED_EDGE('',*,*,#1506,.T.);
#1509=ORIENTED_EDGE('',*,*,#1508,.T.);
#1510=ORIENTED_EDGE('',*,*,#1491,.F.);
#1511=EDGE_LOOP('',(#1505,#1507,#1509,#1510));
#1512=FACE_OUTER_BOUND('',#1511,.F.);
#1514=CARTESIAN_POINT('',(1.21E1,-1.903E1,-1.25E1));
#1515=DIRECTION('',(1.E0,0.E0,0.E0));
#1516=DIRECTION('',(0.E0,0.E0,-1.E0));
#1517=AXIS2_PLACEMENT_3D('',#1514,#1515,#1516);
#1518=CYLINDRICAL_SURFACE('',#1517,5.5E-1);
#1519=ORIENTED_EDGE('',*,*,#1478,.F.);
#1521=ORIENTED_EDGE('',*,*,#1520,.T.);
#1523=ORIENTED_EDGE('',*,*,#1522,.T.);
#1524=ORIENTED_EDGE('',*,*,#1506,.F.);
#1525=EDGE_LOOP('',(#1519,#1521,#1523,#1524));
#1526=FACE_OUTER_BOUND('',#1525,.F.);
#1528=CARTESIAN_POINT('',(1.21E1,-1.823E1,-1.305E1));
#1529=DIRECTION('',(0.E0,0.E0,1.E0));
#1530=DIRECTION('',(0.E0,-1.E0,0.E0));
#1531=AXIS2_PLACEMENT_3D('',#1528,#1529,#1530);
#1532=PLANE('',#1531);
#1533=ORIENTED_EDGE('',*,*,#1476,.F.);
#1534=ORIENTED_EDGE('',*,*,#1495,.T.);
#1536=ORIENTED_EDGE('',*,*,#1535,.T.);
#1537=ORIENTED_EDGE('',*,*,#1520,.F.);
#1538=EDGE_LOOP('',(#1533,#1534,#1536,#1537));
#1539=FACE_OUTER_BOUND('',#1538,.F.);
#1541=CARTESIAN_POINT('',(1.29E1,-1.408E1,-1.25E1));
#1542=DIRECTION('',(1.E0,0.E0,0.E0));
#1543=DIRECTION('',(0.E0,0.E0,-1.E0));
#1544=AXIS2_PLACEMENT_3D('',#1541,#1542,#1543);
#1545=PLANE('',#1544);
#1547=ORIENTED_EDGE('',*,*,#1546,.F.);
#1549=ORIENTED_EDGE('',*,*,#1548,.F.);
#1551=ORIENTED_EDGE('',*,*,#1550,.F.);
#1553=ORIENTED_EDGE('',*,*,#1552,.F.);
#1555=ORIENTED_EDGE('',*,*,#1554,.F.);
#1557=ORIENTED_EDGE('',*,*,#1556,.F.);
#1559=ORIENTED_EDGE('',*,*,#1558,.T.);
#1561=ORIENTED_EDGE('',*,*,#1560,.T.);
#1563=ORIENTED_EDGE('',*,*,#1562,.T.);
#1565=ORIENTED_EDGE('',*,*,#1564,.T.);
#1567=ORIENTED_EDGE('',*,*,#1566,.T.);
#1569=ORIENTED_EDGE('',*,*,#1568,.F.);
#1571=ORIENTED_EDGE('',*,*,#1570,.F.);
#1573=ORIENTED_EDGE('',*,*,#1572,.F.);
#1574=EDGE_LOOP('',(#1547,#1549,#1551,#1553,#1555,#1557,#1559,#1561,#1563,#1565,
#1567,#1569,#1571,#1573));
#1575=FACE_OUTER_BOUND('',#1574,.F.);
#1576=ORIENTED_EDGE('',*,*,#1493,.F.);
#1577=ORIENTED_EDGE('',*,*,#1508,.F.);
#1578=ORIENTED_EDGE('',*,*,#1522,.F.);
#1579=ORIENTED_EDGE('',*,*,#1535,.F.);
#1580=EDGE_LOOP('',(#1576,#1577,#1578,#1579));
#1581=FACE_BOUND('',#1580,.F.);
#1583=CARTESIAN_POINT('',(1.25E1,-1.988E1,-1.325E1));
#1584=DIRECTION('',(0.E0,-7.071067811865E-1,-7.071067811865E-1));
#1585=DIRECTION('',(0.E0,-7.071067811865E-1,7.071067811865E-1));
#1586=AXIS2_PLACEMENT_3D('',#1583,#1584,#1585);
#1587=PLANE('',#1586);
#1588=ORIENTED_EDGE('',*,*,#1444,.T.);
#1590=ORIENTED_EDGE('',*,*,#1589,.F.);
#1591=ORIENTED_EDGE('',*,*,#1546,.T.);
#1593=ORIENTED_EDGE('',*,*,#1592,.T.);
#1594=EDGE_LOOP('',(#1588,#1590,#1591,#1593));
#1595=FACE_OUTER_BOUND('',#1594,.F.);
#1597=CARTESIAN_POINT('',(1.21E1,-2.008E1,-1.155E1));
#1598=DIRECTION('',(0.E0,-1.E0,0.E0));
#1599=DIRECTION('',(0.E0,0.E0,-1.E0));
#1600=AXIS2_PLACEMENT_3D('',#1597,#1598,#1599);
#1601=PLANE('',#1600);
#1602=ORIENTED_EDGE('',*,*,#1589,.T.);
#1603=ORIENTED_EDGE('',*,*,#1470,.F.);
#1605=ORIENTED_EDGE('',*,*,#1604,.F.);
#1606=ORIENTED_EDGE('',*,*,#1548,.T.);
#1607=EDGE_LOOP('',(#1602,#1603,#1605,#1606));
#1608=FACE_OUTER_BOUND('',#1607,.F.);
#1610=CARTESIAN_POINT('',(1.25E1,-1.988E1,-1.175E1));
#1611=DIRECTION('',(0.E0,-7.071067811865E-1,7.071067811865E-1));
#1612=DIRECTION('',(0.E0,7.071067811865E-1,7.071067811865E-1));
#1613=AXIS2_PLACEMENT_3D('',#1610,#1611,#1612);
#1614=PLANE('',#1613);
#1615=ORIENTED_EDGE('',*,*,#1468,.T.);
#1617=ORIENTED_EDGE('',*,*,#1616,.F.);
#1618=ORIENTED_EDGE('',*,*,#1550,.T.);
#1619=ORIENTED_EDGE('',*,*,#1604,.T.);
#1620=EDGE_LOOP('',(#1615,#1617,#1618,#1619));
#1621=FACE_OUTER_BOUND('',#1620,.F.);
#1623=CARTESIAN_POINT('',(1.21E1,-1.728E1,-1.155E1));
#1624=DIRECTION('',(0.E0,0.E0,1.E0));
#1625=DIRECTION('',(0.E0,-1.E0,0.E0));
#1626=AXIS2_PLACEMENT_3D('',#1623,#1624,#1625);
#1627=PLANE('',#1626);
#1628=ORIENTED_EDGE('',*,*,#1616,.T.);
#1629=ORIENTED_EDGE('',*,*,#1466,.F.);
#1631=ORIENTED_EDGE('',*,*,#1630,.T.);
#1632=ORIENTED_EDGE('',*,*,#1552,.T.);
#1633=EDGE_LOOP('',(#1628,#1629,#1631,#1632));
#1634=FACE_OUTER_BOUND('',#1633,.F.);
#1636=CARTESIAN_POINT('',(1.21E1,-1.728E1,-1.1075E1));
#1637=DIRECTION('',(0.E0,-1.E0,0.E0));
#1638=DIRECTION('',(0.E0,0.E0,-1.E0));
#1639=AXIS2_PLACEMENT_3D('',#1636,#1637,#1638);
#1640=PLANE('',#1639);
#1641=ORIENTED_EDGE('',*,*,#1464,.F.);
#1643=ORIENTED_EDGE('',*,*,#1642,.T.);
#1644=ORIENTED_EDGE('',*,*,#1554,.T.);
#1645=ORIENTED_EDGE('',*,*,#1630,.F.);
#1646=EDGE_LOOP('',(#1641,#1643,#1644,#1645));
#1647=FACE_OUTER_BOUND('',#1646,.F.);
#1649=CARTESIAN_POINT('',(1.21E1,-1.428E1,-1.1075E1));
#1650=DIRECTION('',(0.E0,0.E0,1.E0));
#1651=DIRECTION('',(0.E0,-1.E0,0.E0));
#1652=AXIS2_PLACEMENT_3D('',#1649,#1650,#1651);
#1653=PLANE('',#1652);
#1654=ORIENTED_EDGE('',*,*,#1462,.F.);
#1656=ORIENTED_EDGE('',*,*,#1655,.T.);
#1657=ORIENTED_EDGE('',*,*,#1556,.T.);
#1658=ORIENTED_EDGE('',*,*,#1642,.F.);
#1659=EDGE_LOOP('',(#1654,#1656,#1657,#1658));
#1660=FACE_OUTER_BOUND('',#1659,.F.);
#1662=CARTESIAN_POINT('',(1.21E1,-2.008E1,-1.345E1));
#1663=DIRECTION('',(0.E0,0.E0,-1.E0));
#1664=DIRECTION('',(0.E0,1.E0,0.E0));
#1665=AXIS2_PLACEMENT_3D('',#1662,#1663,#1664);
#1666=PLANE('',#1665);
#1667=ORIENTED_EDGE('',*,*,#1592,.F.);
#1668=ORIENTED_EDGE('',*,*,#1572,.T.);
#1670=ORIENTED_EDGE('',*,*,#1669,.F.);
#1671=ORIENTED_EDGE('',*,*,#1446,.F.);
#1672=EDGE_LOOP('',(#1667,#1668,#1670,#1671));
#1673=FACE_OUTER_BOUND('',#1672,.F.);
#1675=CARTESIAN_POINT('',(1.21E1,-1.728E1,-1.345E1));
#1676=DIRECTION('',(0.E0,-1.E0,0.E0));
#1677=DIRECTION('',(0.E0,0.E0,-1.E0));
#1678=AXIS2_PLACEMENT_3D('',#1675,#1676,#1677);
#1679=PLANE('',#1678);
#1680=ORIENTED_EDGE('',*,*,#1448,.F.);
#1681=ORIENTED_EDGE('',*,*,#1669,.T.);
#1682=ORIENTED_EDGE('',*,*,#1570,.T.);
#1684=ORIENTED_EDGE('',*,*,#1683,.F.);
#1685=EDGE_LOOP('',(#1680,#1681,#1682,#1684));
#1686=FACE_OUTER_BOUND('',#1685,.F.);
#1688=CARTESIAN_POINT('',(1.21E1,-1.728E1,-1.3925E1));
#1689=DIRECTION('',(0.E0,0.E0,-1.E0));
#1690=DIRECTION('',(0.E0,1.E0,0.E0));
#1691=AXIS2_PLACEMENT_3D('',#1688,#1689,#1690);
#1692=PLANE('',#1691);
#1693=ORIENTED_EDGE('',*,*,#1450,.F.);
#1694=ORIENTED_EDGE('',*,*,#1683,.T.);
#1695=ORIENTED_EDGE('',*,*,#1568,.T.);
#1697=ORIENTED_EDGE('',*,*,#1696,.T.);
#1698=EDGE_LOOP('',(#1693,#1694,#1695,#1697));
#1699=FACE_OUTER_BOUND('',#1698,.F.);
#1701=OPEN_SHELL('',(#1484,#1499,#1513,#1527,#1540,#1582,#1596,#1609,#1622,
#1635,#1648,#1661,#1674,#1687,#1700));
#1702=CARTESIAN_POINT('',(7.02E0,-1.823E1,-1.25E1));
#1703=DIRECTION('',(-1.E0,0.E0,0.E0));
#1704=DIRECTION('',(0.E0,0.E0,1.E0));
#1705=AXIS2_PLACEMENT_3D('',#1702,#1703,#1704);
#1707=DIRECTION('',(0.E0,-1.E0,0.E0));
#1708=VECTOR('',#1707,8.E-1);
#1709=CARTESIAN_POINT('',(7.02E0,-1.823E1,-1.305E1));
#1710=LINE('',#1709,#1708);
#1711=CARTESIAN_POINT('',(7.02E0,-1.903E1,-1.25E1));
#1712=DIRECTION('',(-1.E0,0.E0,0.E0));
#1713=DIRECTION('',(0.E0,0.E0,-1.E0));
#1714=AXIS2_PLACEMENT_3D('',#1711,#1712,#1713);
#1716=DIRECTION('',(0.E0,1.E0,0.E0));
#1717=VECTOR('',#1716,8.E-1);
#1718=CARTESIAN_POINT('',(7.02E0,-1.903E1,-1.195E1));
#1719=LINE('',#1718,#1717);
#1720=DIRECTION('',(0.E0,-7.071067811865E-1,7.071067811866E-1));
#1721=VECTOR('',#1720,5.656854249492E-1);
#1722=CARTESIAN_POINT('',(7.02E0,-1.968E1,-1.345E1));
#1723=LINE('',#1722,#1721);
#1724=DIRECTION('',(0.E0,1.E0,0.E0));
#1725=VECTOR('',#1724,2.4E0);
#1726=CARTESIAN_POINT('',(7.02E0,-1.968E1,-1.345E1));
#1727=LINE('',#1726,#1725);
#1728=DIRECTION('',(0.E0,0.E0,-1.E0));
#1729=VECTOR('',#1728,4.75E-1);
#1730=CARTESIAN_POINT('',(7.02E0,-1.728E1,-1.345E1));
#1731=LINE('',#1730,#1729);
#1732=DIRECTION('',(0.E0,1.E0,0.E0));
#1733=VECTOR('',#1732,3.E0);
#1734=CARTESIAN_POINT('',(7.02E0,-1.728E1,-1.3925E1));
#1735=LINE('',#1734,#1733);
#1736=DIRECTION('',(0.E0,0.E0,1.E0));
#1737=VECTOR('',#1736,2.75E-1);
#1738=CARTESIAN_POINT('',(7.02E0,-1.428E1,-1.3925E1));
#1739=LINE('',#1738,#1737);
#1740=DIRECTION('',(0.E0,1.E0,0.E0));
#1741=VECTOR('',#1740,2.E-1);
#1742=CARTESIAN_POINT('',(7.02E0,-1.428E1,-1.365E1));
#1743=LINE('',#1742,#1741);
#1744=DIRECTION('',(0.E0,0.E0,1.E0));
#1745=VECTOR('',#1744,2.3E0);
#1746=CARTESIAN_POINT('',(7.02E0,-1.408E1,-1.365E1));
#1747=LINE('',#1746,#1745);
#1748=DIRECTION('',(0.E0,-1.E0,0.E0));
#1749=VECTOR('',#1748,2.E-1);
#1750=CARTESIAN_POINT('',(7.02E0,-1.408E1,-1.135E1));
#1751=LINE('',#1750,#1749);
#1752=DIRECTION('',(0.E0,0.E0,1.E0));
#1753=VECTOR('',#1752,2.75E-1);
#1754=CARTESIAN_POINT('',(7.02E0,-1.428E1,-1.135E1));
#1755=LINE('',#1754,#1753);
#1756=DIRECTION('',(0.E0,-1.E0,0.E0));
#1757=VECTOR('',#1756,3.E0);
#1758=CARTESIAN_POINT('',(7.02E0,-1.428E1,-1.1075E1));
#1759=LINE('',#1758,#1757);
#1760=DIRECTION('',(0.E0,0.E0,-1.E0));
#1761=VECTOR('',#1760,4.75E-1);
#1762=CARTESIAN_POINT('',(7.02E0,-1.728E1,-1.1075E1));
#1763=LINE('',#1762,#1761);
#1764=DIRECTION('',(0.E0,-1.E0,0.E0));
#1765=VECTOR('',#1764,2.4E0);
#1766=CARTESIAN_POINT('',(7.02E0,-1.728E1,-1.155E1));
#1767=LINE('',#1766,#1765);
#1768=DIRECTION('',(0.E0,7.071067811865E-1,7.071067811865E-1));
#1769=VECTOR('',#1768,5.656854249492E-1);
#1770=CARTESIAN_POINT('',(7.02E0,-2.008E1,-1.195E1));
#1771=LINE('',#1770,#1769);
#1772=DIRECTION('',(0.E0,0.E0,-1.E0));
#1773=VECTOR('',#1772,1.1E0);
#1774=CARTESIAN_POINT('',(7.02E0,-2.008E1,-1.195E1));
#1775=LINE('',#1774,#1773);
#1776=DIRECTION('',(1.E0,0.E0,0.E0));
#1777=VECTOR('',#1776,8.E-1);
#1778=CARTESIAN_POINT('',(7.02E0,-1.823E1,-1.195E1));
#1779=LINE('',#1778,#1777);
#1780=DIRECTION('',(1.E0,0.E0,0.E0));
#1781=VECTOR('',#1780,8.E-1);
#1782=CARTESIAN_POINT('',(7.02E0,-1.903E1,-1.195E1));
#1783=LINE('',#1782,#1781);
#1784=DIRECTION('',(1.E0,0.E0,0.E0));
#1785=VECTOR('',#1784,8.E-1);
#1786=CARTESIAN_POINT('',(7.02E0,-1.903E1,-1.305E1));
#1787=LINE('',#1786,#1785);
#1788=DIRECTION('',(1.E0,0.E0,0.E0));
#1789=VECTOR('',#1788,8.E-1);
#1790=CARTESIAN_POINT('',(7.02E0,-1.823E1,-1.305E1));
#1791=LINE('',#1790,#1789);
#1792=CARTESIAN_POINT('',(7.82E0,-1.823E1,-1.25E1));
#1793=DIRECTION('',(-1.E0,0.E0,0.E0));
#1794=DIRECTION('',(0.E0,0.E0,1.E0));
#1795=AXIS2_PLACEMENT_3D('',#1792,#1793,#1794);
#1797=DIRECTION('',(0.E0,1.E0,0.E0));
#1798=VECTOR('',#1797,8.E-1);
#1799=CARTESIAN_POINT('',(7.82E0,-1.903E1,-1.195E1));
#1800=LINE('',#1799,#1798);
#1801=CARTESIAN_POINT('',(7.82E0,-1.903E1,-1.25E1));
#1802=DIRECTION('',(-1.E0,0.E0,0.E0));
#1803=DIRECTION('',(0.E0,0.E0,-1.E0));
#1804=AXIS2_PLACEMENT_3D('',#1801,#1802,#1803);
#1806=DIRECTION('',(0.E0,-1.E0,0.E0));
#1807=VECTOR('',#1806,8.E-1);
#1808=CARTESIAN_POINT('',(7.82E0,-1.823E1,-1.305E1));
#1809=LINE('',#1808,#1807);
#1810=DIRECTION('',(0.E0,7.071067811865E-1,-7.071067811866E-1));
#1811=VECTOR('',#1810,5.656854249492E-1);
#1812=CARTESIAN_POINT('',(7.82E0,-2.008E1,-1.305E1));
#1813=LINE('',#1812,#1811);
#1814=DIRECTION('',(0.E0,0.E0,-1.E0));
#1815=VECTOR('',#1814,1.1E0);
#1816=CARTESIAN_POINT('',(7.82E0,-2.008E1,-1.195E1));
#1817=LINE('',#1816,#1815);
#1818=DIRECTION('',(0.E0,-7.071067811865E-1,-7.071067811865E-1));
#1819=VECTOR('',#1818,5.656854249492E-1);
#1820=CARTESIAN_POINT('',(7.82E0,-1.968E1,-1.155E1));
#1821=LINE('',#1820,#1819);
#1822=DIRECTION('',(0.E0,-1.E0,0.E0));
#1823=VECTOR('',#1822,2.4E0);
#1824=CARTESIAN_POINT('',(7.82E0,-1.728E1,-1.155E1));
#1825=LINE('',#1824,#1823);
#1826=DIRECTION('',(0.E0,0.E0,-1.E0));
#1827=VECTOR('',#1826,4.75E-1);
#1828=CARTESIAN_POINT('',(7.82E0,-1.728E1,-1.1075E1));
#1829=LINE('',#1828,#1827);
#1830=DIRECTION('',(0.E0,-1.E0,0.E0));
#1831=VECTOR('',#1830,3.E0);
#1832=CARTESIAN_POINT('',(7.82E0,-1.428E1,-1.1075E1));
#1833=LINE('',#1832,#1831);
#1834=DIRECTION('',(0.E0,0.E0,-1.E0));
#1835=VECTOR('',#1834,2.75E-1);
#1836=CARTESIAN_POINT('',(7.82E0,-1.428E1,-1.1075E1));
#1837=LINE('',#1836,#1835);
#1838=DIRECTION('',(0.E0,1.E0,0.E0));
#1839=VECTOR('',#1838,2.E-1);
#1840=CARTESIAN_POINT('',(7.82E0,-1.428E1,-1.135E1));
#1841=LINE('',#1840,#1839);
#1842=DIRECTION('',(0.E0,0.E0,-1.E0));
#1843=VECTOR('',#1842,2.3E0);
#1844=CARTESIAN_POINT('',(7.82E0,-1.408E1,-1.135E1));
#1845=LINE('',#1844,#1843);
#1846=DIRECTION('',(0.E0,-1.E0,0.E0));
#1847=VECTOR('',#1846,2.E-1);
#1848=CARTESIAN_POINT('',(7.82E0,-1.408E1,-1.365E1));
#1849=LINE('',#1848,#1847);
#1850=DIRECTION('',(0.E0,0.E0,-1.E0));
#1851=VECTOR('',#1850,2.75E-1);
#1852=CARTESIAN_POINT('',(7.82E0,-1.428E1,-1.365E1));
#1853=LINE('',#1852,#1851);
#1854=DIRECTION('',(0.E0,1.E0,0.E0));
#1855=VECTOR('',#1854,3.E0);
#1856=CARTESIAN_POINT('',(7.82E0,-1.728E1,-1.3925E1));
#1857=LINE('',#1856,#1855);
#1858=DIRECTION('',(0.E0,0.E0,-1.E0));
#1859=VECTOR('',#1858,4.75E-1);
#1860=CARTESIAN_POINT('',(7.82E0,-1.728E1,-1.345E1));
#1861=LINE('',#1860,#1859);
#1862=DIRECTION('',(0.E0,1.E0,0.E0));
#1863=VECTOR('',#1862,2.4E0);
#1864=CARTESIAN_POINT('',(7.82E0,-1.968E1,-1.345E1));
#1865=LINE('',#1864,#1863);
#1866=DIRECTION('',(-1.E0,0.E0,0.E0));
#1867=VECTOR('',#1866,8.E-1);
#1868=CARTESIAN_POINT('',(7.82E0,-2.008E1,-1.305E1));
#1869=LINE('',#1868,#1867);
#1870=DIRECTION('',(-1.E0,0.E0,0.E0));
#1871=VECTOR('',#1870,8.E-1);
#1872=CARTESIAN_POINT('',(7.82E0,-2.008E1,-1.195E1));
#1873=LINE('',#1872,#1871);
#1874=DIRECTION('',(-1.E0,0.E0,0.E0));
#1875=VECTOR('',#1874,8.E-1);
#1876=CARTESIAN_POINT('',(7.82E0,-1.968E1,-1.155E1));
#1877=LINE('',#1876,#1875);
#1878=DIRECTION('',(1.E0,0.E0,0.E0));
#1879=VECTOR('',#1878,8.E-1);
#1880=CARTESIAN_POINT('',(7.02E0,-1.728E1,-1.155E1));
#1881=LINE('',#1880,#1879);
#1882=DIRECTION('',(1.E0,0.E0,0.E0));
#1883=VECTOR('',#1882,8.E-1);
#1884=CARTESIAN_POINT('',(7.02E0,-1.728E1,-1.1075E1));
#1885=LINE('',#1884,#1883);
#1886=DIRECTION('',(1.E0,0.E0,0.E0));
#1887=VECTOR('',#1886,8.E-1);
#1888=CARTESIAN_POINT('',(7.02E0,-1.428E1,-1.1075E1));
#1889=LINE('',#1888,#1887);
#1890=DIRECTION('',(-1.E0,0.E0,0.E0));
#1891=VECTOR('',#1890,8.E-1);
#1892=CARTESIAN_POINT('',(7.82E0,-1.968E1,-1.345E1));
#1893=LINE('',#1892,#1891);
#1894=DIRECTION('',(1.E0,0.E0,0.E0));
#1895=VECTOR('',#1894,8.E-1);
#1896=CARTESIAN_POINT('',(7.02E0,-1.728E1,-1.345E1));
#1897=LINE('',#1896,#1895);
#1898=DIRECTION('',(1.E0,0.E0,0.E0));
#1899=VECTOR('',#1898,8.E-1);
#1900=CARTESIAN_POINT('',(7.02E0,-1.728E1,-1.3925E1));
#1901=LINE('',#1900,#1899);
#1902=DIRECTION('',(-1.E0,0.E0,0.E0));
#1903=VECTOR('',#1902,8.E-1);
#1904=CARTESIAN_POINT('',(7.82E0,-1.428E1,-1.3925E1));
#1905=LINE('',#1904,#1903);
#1906=CARTESIAN_POINT('',(7.02E0,-1.428E1,-1.1075E1));
#1907=CARTESIAN_POINT('',(7.02E0,-1.728E1,-1.1075E1));
#1908=VERTEX_POINT('',#1906);
#1909=VERTEX_POINT('',#1907);
#1910=CARTESIAN_POINT('',(7.02E0,-1.728E1,-1.155E1));
#1911=VERTEX_POINT('',#1910);
#1912=CARTESIAN_POINT('',(7.02E0,-1.728E1,-1.345E1));
#1913=CARTESIAN_POINT('',(7.02E0,-1.728E1,-1.3925E1));
#1914=VERTEX_POINT('',#1912);
#1915=VERTEX_POINT('',#1913);
#1916=CARTESIAN_POINT('',(7.02E0,-1.428E1,-1.3925E1));
#1917=VERTEX_POINT('',#1916);
#1918=CARTESIAN_POINT('',(7.82E0,-1.428E1,-1.1075E1));
#1919=CARTESIAN_POINT('',(7.82E0,-1.728E1,-1.1075E1));
#1920=VERTEX_POINT('',#1918);
#1921=VERTEX_POINT('',#1919);
#1922=CARTESIAN_POINT('',(7.82E0,-1.728E1,-1.155E1));
#1923=VERTEX_POINT('',#1922);
#1924=CARTESIAN_POINT('',(7.82E0,-1.728E1,-1.345E1));
#1925=CARTESIAN_POINT('',(7.82E0,-1.728E1,-1.3925E1));
#1926=VERTEX_POINT('',#1924);
#1927=VERTEX_POINT('',#1925);
#1928=CARTESIAN_POINT('',(7.82E0,-1.428E1,-1.3925E1));
#1929=VERTEX_POINT('',#1928);
#1930=CARTESIAN_POINT('',(7.02E0,-1.408E1,-1.135E1));
#1931=CARTESIAN_POINT('',(7.02E0,-1.408E1,-1.365E1));
#1932=VERTEX_POINT('',#1930);
#1933=VERTEX_POINT('',#1931);
#1934=CARTESIAN_POINT('',(7.82E0,-1.408E1,-1.135E1));
#1935=CARTESIAN_POINT('',(7.82E0,-1.408E1,-1.365E1));
#1936=VERTEX_POINT('',#1934);
#1937=VERTEX_POINT('',#1935);
#1938=CARTESIAN_POINT('',(7.02E0,-1.823E1,-1.195E1));
#1939=CARTESIAN_POINT('',(7.02E0,-1.823E1,-1.305E1));
#1940=VERTEX_POINT('',#1938);
#1941=VERTEX_POINT('',#1939);
#1942=CARTESIAN_POINT('',(7.02E0,-1.903E1,-1.305E1));
#1943=VERTEX_POINT('',#1942);
#1944=CARTESIAN_POINT('',(7.02E0,-1.903E1,-1.195E1));
#1945=VERTEX_POINT('',#1944);
#1946=CARTESIAN_POINT('',(7.82E0,-1.823E1,-1.195E1));
#1947=CARTESIAN_POINT('',(7.82E0,-1.823E1,-1.305E1));
#1948=VERTEX_POINT('',#1946);
#1949=VERTEX_POINT('',#1947);
#1950=CARTESIAN_POINT('',(7.82E0,-1.903E1,-1.305E1));
#1951=VERTEX_POINT('',#1950);
#1952=CARTESIAN_POINT('',(7.82E0,-1.903E1,-1.195E1));
#1953=VERTEX_POINT('',#1952);
#1954=CARTESIAN_POINT('',(7.02E0,-1.968E1,-1.345E1));
#1955=CARTESIAN_POINT('',(7.02E0,-2.008E1,-1.305E1));
#1956=VERTEX_POINT('',#1954);
#1957=VERTEX_POINT('',#1955);
#1958=CARTESIAN_POINT('',(7.82E0,-2.008E1,-1.305E1));
#1959=VERTEX_POINT('',#1958);
#1960=CARTESIAN_POINT('',(7.82E0,-1.968E1,-1.345E1));
#1961=VERTEX_POINT('',#1960);
#1962=CARTESIAN_POINT('',(7.02E0,-2.008E1,-1.195E1));
#1963=CARTESIAN_POINT('',(7.02E0,-1.968E1,-1.155E1));
#1964=VERTEX_POINT('',#1962);
#1965=VERTEX_POINT('',#1963);
#1966=CARTESIAN_POINT('',(7.82E0,-1.968E1,-1.155E1));
#1967=VERTEX_POINT('',#1966);
#1968=CARTESIAN_POINT('',(7.82E0,-2.008E1,-1.195E1));
#1969=VERTEX_POINT('',#1968);
#1970=CARTESIAN_POINT('',(7.02E0,-1.428E1,-1.135E1));
#1971=VERTEX_POINT('',#1970);
#1972=CARTESIAN_POINT('',(7.02E0,-1.428E1,-1.365E1));
#1973=VERTEX_POINT('',#1972);
#1974=CARTESIAN_POINT('',(7.82E0,-1.428E1,-1.135E1));
#1975=VERTEX_POINT('',#1974);
#1976=CARTESIAN_POINT('',(7.82E0,-1.428E1,-1.365E1));
#1977=VERTEX_POINT('',#1976);
#1978=CARTESIAN_POINT('',(7.02E0,-1.408E1,-1.25E1));
#1979=DIRECTION('',(1.E0,0.E0,0.E0));
#1980=DIRECTION('',(0.E0,0.E0,-1.E0));
#1981=AXIS2_PLACEMENT_3D('',#1978,#1979,#1980);
#1982=PLANE('',#1981);
#1984=ORIENTED_EDGE('',*,*,#1983,.F.);
#1986=ORIENTED_EDGE('',*,*,#1985,.T.);
#1988=ORIENTED_EDGE('',*,*,#1987,.T.);
#1990=ORIENTED_EDGE('',*,*,#1989,.T.);
#1992=ORIENTED_EDGE('',*,*,#1991,.T.);
#1994=ORIENTED_EDGE('',*,*,#1993,.T.);
#1996=ORIENTED_EDGE('',*,*,#1995,.T.);
#1998=ORIENTED_EDGE('',*,*,#1997,.T.);
#2000=ORIENTED_EDGE('',*,*,#1999,.T.);
#2002=ORIENTED_EDGE('',*,*,#2001,.T.);
#2004=ORIENTED_EDGE('',*,*,#2003,.T.);
#2006=ORIENTED_EDGE('',*,*,#2005,.T.);
#2008=ORIENTED_EDGE('',*,*,#2007,.F.);
#2010=ORIENTED_EDGE('',*,*,#2009,.T.);
#2011=EDGE_LOOP('',(#1984,#1986,#1988,#1990,#1992,#1994,#1996,#1998,#2000,#2002,
#2004,#2006,#2008,#2010));
#2012=FACE_OUTER_BOUND('',#2011,.F.);
#2014=ORIENTED_EDGE('',*,*,#2013,.T.);
#2016=ORIENTED_EDGE('',*,*,#2015,.T.);
#2018=ORIENTED_EDGE('',*,*,#2017,.T.);
#2020=ORIENTED_EDGE('',*,*,#2019,.T.);
#2021=EDGE_LOOP('',(#2014,#2016,#2018,#2020));
#2022=FACE_BOUND('',#2021,.F.);
#2024=CARTESIAN_POINT('',(7.02E0,-1.823E1,-1.25E1));
#2025=DIRECTION('',(1.E0,0.E0,0.E0));
#2026=DIRECTION('',(0.E0,0.E0,-1.E0));
#2027=AXIS2_PLACEMENT_3D('',#2024,#2025,#2026);
#2028=CYLINDRICAL_SURFACE('',#2027,5.5E-1);
#2029=ORIENTED_EDGE('',*,*,#2013,.F.);
#2031=ORIENTED_EDGE('',*,*,#2030,.T.);
#2033=ORIENTED_EDGE('',*,*,#2032,.T.);
#2035=ORIENTED_EDGE('',*,*,#2034,.F.);
#2036=EDGE_LOOP('',(#2029,#2031,#2033,#2035));
#2037=FACE_OUTER_BOUND('',#2036,.F.);
#2039=CARTESIAN_POINT('',(7.02E0,-1.903E1,-1.195E1));
#2040=DIRECTION('',(0.E0,0.E0,-1.E0));
#2041=DIRECTION('',(0.E0,1.E0,0.E0));
#2042=AXIS2_PLACEMENT_3D('',#2039,#2040,#2041);
#2043=PLANE('',#2042);
#2044=ORIENTED_EDGE('',*,*,#2019,.F.);
#2046=ORIENTED_EDGE('',*,*,#2045,.T.);
#2048=ORIENTED_EDGE('',*,*,#2047,.T.);
#2049=ORIENTED_EDGE('',*,*,#2030,.F.);
#2050=EDGE_LOOP('',(#2044,#2046,#2048,#2049));
#2051=FACE_OUTER_BOUND('',#2050,.F.);
#2053=CARTESIAN_POINT('',(7.02E0,-1.903E1,-1.25E1));
#2054=DIRECTION('',(1.E0,0.E0,0.E0));
#2055=DIRECTION('',(0.E0,0.E0,-1.E0));
#2056=AXIS2_PLACEMENT_3D('',#2053,#2054,#2055);
#2057=CYLINDRICAL_SURFACE('',#2056,5.5E-1);
#2058=ORIENTED_EDGE('',*,*,#2017,.F.);
#2060=ORIENTED_EDGE('',*,*,#2059,.T.);
#2062=ORIENTED_EDGE('',*,*,#2061,.T.);
#2063=ORIENTED_EDGE('',*,*,#2045,.F.);
#2064=EDGE_LOOP('',(#2058,#2060,#2062,#2063));
#2065=FACE_OUTER_BOUND('',#2064,.F.);
#2067=CARTESIAN_POINT('',(7.02E0,-1.823E1,-1.305E1));
#2068=DIRECTION('',(0.E0,0.E0,1.E0));
#2069=DIRECTION('',(0.E0,-1.E0,0.E0));
#2070=AXIS2_PLACEMENT_3D('',#2067,#2068,#2069);
#2071=PLANE('',#2070);
#2072=ORIENTED_EDGE('',*,*,#2015,.F.);
#2073=ORIENTED_EDGE('',*,*,#2034,.T.);
#2075=ORIENTED_EDGE('',*,*,#2074,.T.);
#2076=ORIENTED_EDGE('',*,*,#2059,.F.);
#2077=EDGE_LOOP('',(#2072,#2073,#2075,#2076));
#2078=FACE_OUTER_BOUND('',#2077,.F.);
#2080=CARTESIAN_POINT('',(7.82E0,-1.408E1,-1.25E1));
#2081=DIRECTION('',(1.E0,0.E0,0.E0));
#2082=DIRECTION('',(0.E0,0.E0,-1.E0));
#2083=AXIS2_PLACEMENT_3D('',#2080,#2081,#2082);
#2084=PLANE('',#2083);
#2086=ORIENTED_EDGE('',*,*,#2085,.F.);
#2088=ORIENTED_EDGE('',*,*,#2087,.F.);
#2090=ORIENTED_EDGE('',*,*,#2089,.F.);
#2092=ORIENTED_EDGE('',*,*,#2091,.F.);
#2094=ORIENTED_EDGE('',*,*,#2093,.F.);
#2096=ORIENTED_EDGE('',*,*,#2095,.F.);
#2098=ORIENTED_EDGE('',*,*,#2097,.T.);
#2100=ORIENTED_EDGE('',*,*,#2099,.T.);
#2102=ORIENTED_EDGE('',*,*,#2101,.T.);
#2104=ORIENTED_EDGE('',*,*,#2103,.T.);
#2106=ORIENTED_EDGE('',*,*,#2105,.T.);
#2108=ORIENTED_EDGE('',*,*,#2107,.F.);
#2110=ORIENTED_EDGE('',*,*,#2109,.F.);
#2112=ORIENTED_EDGE('',*,*,#2111,.F.);
#2113=EDGE_LOOP('',(#2086,#2088,#2090,#2092,#2094,#2096,#2098,#2100,#2102,#2104,
#2106,#2108,#2110,#2112));
#2114=FACE_OUTER_BOUND('',#2113,.F.);
#2115=ORIENTED_EDGE('',*,*,#2032,.F.);
#2116=ORIENTED_EDGE('',*,*,#2047,.F.);
#2117=ORIENTED_EDGE('',*,*,#2061,.F.);
#2118=ORIENTED_EDGE('',*,*,#2074,.F.);
#2119=EDGE_LOOP('',(#2115,#2116,#2117,#2118));
#2120=FACE_BOUND('',#2119,.F.);
#2122=CARTESIAN_POINT('',(7.42E0,-1.988E1,-1.325E1));
#2123=DIRECTION('',(0.E0,-7.071067811865E-1,-7.071067811865E-1));
#2124=DIRECTION('',(0.E0,-7.071067811865E-1,7.071067811865E-1));
#2125=AXIS2_PLACEMENT_3D('',#2122,#2123,#2124);
#2126=PLANE('',#2125);
#2127=ORIENTED_EDGE('',*,*,#1983,.T.);
#2129=ORIENTED_EDGE('',*,*,#2128,.F.);
#2130=ORIENTED_EDGE('',*,*,#2085,.T.);
#2132=ORIENTED_EDGE('',*,*,#2131,.T.);
#2133=EDGE_LOOP('',(#2127,#2129,#2130,#2132));
#2134=FACE_OUTER_BOUND('',#2133,.F.);
#2136=CARTESIAN_POINT('',(7.02E0,-2.008E1,-1.155E1));
#2137=DIRECTION('',(0.E0,-1.E0,0.E0));
#2138=DIRECTION('',(0.E0,0.E0,-1.E0));
#2139=AXIS2_PLACEMENT_3D('',#2136,#2137,#2138);
#2140=PLANE('',#2139);
#2141=ORIENTED_EDGE('',*,*,#2128,.T.);
#2142=ORIENTED_EDGE('',*,*,#2009,.F.);
#2144=ORIENTED_EDGE('',*,*,#2143,.F.);
#2145=ORIENTED_EDGE('',*,*,#2087,.T.);
#2146=EDGE_LOOP('',(#2141,#2142,#2144,#2145));
#2147=FACE_OUTER_BOUND('',#2146,.F.);
#2149=CARTESIAN_POINT('',(7.42E0,-1.988E1,-1.175E1));
#2150=DIRECTION('',(0.E0,-7.071067811865E-1,7.071067811865E-1));
#2151=DIRECTION('',(0.E0,7.071067811865E-1,7.071067811865E-1));
#2152=AXIS2_PLACEMENT_3D('',#2149,#2150,#2151);
#2153=PLANE('',#2152);
#2154=ORIENTED_EDGE('',*,*,#2007,.T.);
#2156=ORIENTED_EDGE('',*,*,#2155,.F.);
#2157=ORIENTED_EDGE('',*,*,#2089,.T.);
#2158=ORIENTED_EDGE('',*,*,#2143,.T.);
#2159=EDGE_LOOP('',(#2154,#2156,#2157,#2158));
#2160=FACE_OUTER_BOUND('',#2159,.F.);
#2162=CARTESIAN_POINT('',(7.02E0,-1.728E1,-1.155E1));
#2163=DIRECTION('',(0.E0,0.E0,1.E0));
#2164=DIRECTION('',(0.E0,-1.E0,0.E0));
#2165=AXIS2_PLACEMENT_3D('',#2162,#2163,#2164);
#2166=PLANE('',#2165);
#2167=ORIENTED_EDGE('',*,*,#2155,.T.);
#2168=ORIENTED_EDGE('',*,*,#2005,.F.);
#2170=ORIENTED_EDGE('',*,*,#2169,.T.);
#2171=ORIENTED_EDGE('',*,*,#2091,.T.);
#2172=EDGE_LOOP('',(#2167,#2168,#2170,#2171));
#2173=FACE_OUTER_BOUND('',#2172,.F.);
#2175=CARTESIAN_POINT('',(7.02E0,-1.728E1,-1.1075E1));
#2176=DIRECTION('',(0.E0,-1.E0,0.E0));
#2177=DIRECTION('',(0.E0,0.E0,-1.E0));
#2178=AXIS2_PLACEMENT_3D('',#2175,#2176,#2177);
#2179=PLANE('',#2178);
#2180=ORIENTED_EDGE('',*,*,#2003,.F.);
#2182=ORIENTED_EDGE('',*,*,#2181,.T.);
#2183=ORIENTED_EDGE('',*,*,#2093,.T.);
#2184=ORIENTED_EDGE('',*,*,#2169,.F.);
#2185=EDGE_LOOP('',(#2180,#2182,#2183,#2184));
#2186=FACE_OUTER_BOUND('',#2185,.F.);
#2188=CARTESIAN_POINT('',(7.02E0,-1.428E1,-1.1075E1));
#2189=DIRECTION('',(0.E0,0.E0,1.E0));
#2190=DIRECTION('',(0.E0,-1.E0,0.E0));
#2191=AXIS2_PLACEMENT_3D('',#2188,#2189,#2190);
#2192=PLANE('',#2191);
#2193=ORIENTED_EDGE('',*,*,#2001,.F.);
#2195=ORIENTED_EDGE('',*,*,#2194,.T.);
#2196=ORIENTED_EDGE('',*,*,#2095,.T.);
#2197=ORIENTED_EDGE('',*,*,#2181,.F.);
#2198=EDGE_LOOP('',(#2193,#2195,#2196,#2197));
#2199=FACE_OUTER_BOUND('',#2198,.F.);
#2201=CARTESIAN_POINT('',(7.02E0,-2.008E1,-1.345E1));
#2202=DIRECTION('',(0.E0,0.E0,-1.E0));
#2203=DIRECTION('',(0.E0,1.E0,0.E0));
#2204=AXIS2_PLACEMENT_3D('',#2201,#2202,#2203);
#2205=PLANE('',#2204);
#2206=ORIENTED_EDGE('',*,*,#2131,.F.);
#2207=ORIENTED_EDGE('',*,*,#2111,.T.);
#2209=ORIENTED_EDGE('',*,*,#2208,.F.);
#2210=ORIENTED_EDGE('',*,*,#1985,.F.);
#2211=EDGE_LOOP('',(#2206,#2207,#2209,#2210));
#2212=FACE_OUTER_BOUND('',#2211,.F.);
#2214=CARTESIAN_POINT('',(7.02E0,-1.728E1,-1.345E1));
#2215=DIRECTION('',(0.E0,-1.E0,0.E0));
#2216=DIRECTION('',(0.E0,0.E0,-1.E0));
#2217=AXIS2_PLACEMENT_3D('',#2214,#2215,#2216);
#2218=PLANE('',#2217);
#2219=ORIENTED_EDGE('',*,*,#1987,.F.);
#2220=ORIENTED_EDGE('',*,*,#2208,.T.);
#2221=ORIENTED_EDGE('',*,*,#2109,.T.);
#2223=ORIENTED_EDGE('',*,*,#2222,.F.);
#2224=EDGE_LOOP('',(#2219,#2220,#2221,#2223));
#2225=FACE_OUTER_BOUND('',#2224,.F.);
#2227=CARTESIAN_POINT('',(7.02E0,-1.728E1,-1.3925E1));
#2228=DIRECTION('',(0.E0,0.E0,-1.E0));
#2229=DIRECTION('',(0.E0,1.E0,0.E0));
#2230=AXIS2_PLACEMENT_3D('',#2227,#2228,#2229);
#2231=PLANE('',#2230);
#2232=ORIENTED_EDGE('',*,*,#1989,.F.);
#2233=ORIENTED_EDGE('',*,*,#2222,.T.);
#2234=ORIENTED_EDGE('',*,*,#2107,.T.);
#2236=ORIENTED_EDGE('',*,*,#2235,.T.);
#2237=EDGE_LOOP('',(#2232,#2233,#2234,#2236));
#2238=FACE_OUTER_BOUND('',#2237,.F.);
#2240=OPEN_SHELL('',(#2023,#2038,#2052,#2066,#2079,#2121,#2135,#2148,#2161,
#2174,#2187,#2200,#2213,#2226,#2239));
#2241=DIRECTION('',(0.E0,-1.E0,0.E0));
#2242=VECTOR('',#2241,2.E0);
#2243=CARTESIAN_POINT('',(1.737903679019E1,-1.808E1,-1.667193000900E1));
#2244=LINE('',#2243,#2242);
#2245=DIRECTION('',(-7.071067811865E-1,0.E0,-7.071067811865E-1));
#2246=VECTOR('',#2245,1.E0);
#2247=CARTESIAN_POINT('',(1.737903679019E1,-2.008E1,-1.667193000900E1));
#2248=LINE('',#2247,#2246);
#2249=DIRECTION('',(0.E0,1.E0,0.E0));
#2250=VECTOR('',#2249,2.E0);
#2251=CARTESIAN_POINT('',(1.667193000900E1,-2.008E1,-1.737903679019E1));
#2252=LINE('',#2251,#2250);
#2253=DIRECTION('',(7.071067811865E-1,0.E0,7.071067811865E-1));
#2254=VECTOR('',#2253,1.E0);
#2255=CARTESIAN_POINT('',(1.667193000900E1,-1.808E1,-1.737903679019E1));
#2256=LINE('',#2255,#2254);
#2257=DIRECTION('',(-5.E-1,7.071067811865E-1,-5.E-1));
#2258=VECTOR('',#2257,5.656854249492E-1);
#2259=CARTESIAN_POINT('',(1.667193000900E1,-2.048E1,-1.737903679019E1));
#2260=LINE('',#2259,#2258);
#2261=DIRECTION('',(7.071067811865E-1,0.E0,7.071067811865E-1));
#2262=VECTOR('',#2261,1.E0);
#2263=CARTESIAN_POINT('',(1.667193000900E1,-2.048E1,-1.737903679019E1));
#2264=LINE('',#2263,#2262);
#2265=DIRECTION('',(-5.E-1,-7.071067811865E-1,-5.E-1));
#2266=VECTOR('',#2265,5.656854249492E-1);
#2267=CARTESIAN_POINT('',(1.766187950266E1,-2.008E1,-1.638908729653E1));
#2268=LINE('',#2267,#2266);
#2269=DIRECTION('',(0.E0,1.E0,0.E0));
#2270=VECTOR('',#2269,2.5E0);
#2271=CARTESIAN_POINT('',(1.766187950266E1,-2.008E1,-1.638908729653E1));
#2272=LINE('',#2271,#2270);
#2273=DIRECTION('',(7.071067811865E-1,0.E0,7.071067811865E-1));
#2274=VECTOR('',#2273,5.85E-1);
#2275=CARTESIAN_POINT('',(1.766187950266E1,-1.758E1,-1.638908729653E1));
#2276=LINE('',#2275,#2274);
#2277=DIRECTION('',(0.E0,-1.E0,0.E0));
#2278=VECTOR('',#2277,3.7E0);
#2279=CARTESIAN_POINT('',(1.807553696966E1,-1.388E1,-1.597542982953E1));
#2280=LINE('',#2279,#2278);
#2281=DIRECTION('',(-7.071067811865E-1,0.E0,-7.071067811865E-1));
#2282=VECTOR('',#2281,2.97E0);
#2283=CARTESIAN_POINT('',(1.807553696966E1,-1.388E1,-1.597542982953E1));
#2284=LINE('',#2283,#2282);
#2285=DIRECTION('',(0.E0,-1.E0,0.E0));
#2286=VECTOR('',#2285,3.7E0);
#2287=CARTESIAN_POINT('',(1.597542982953E1,-1.388E1,-1.807553696966E1));
#2288=LINE('',#2287,#2286);
#2289=DIRECTION('',(7.071067811865E-1,0.E0,7.071067811866E-1));
#2290=VECTOR('',#2289,5.85E-1);
#2291=CARTESIAN_POINT('',(1.597542982953E1,-1.758E1,-1.807553696966E1));
#2292=LINE('',#2291,#2290);
#2293=DIRECTION('',(0.E0,1.E0,0.E0));
#2294=VECTOR('',#2293,2.5E0);
#2295=CARTESIAN_POINT('',(1.638908729653E1,-2.008E1,-1.766187950266E1));
#2296=LINE('',#2295,#2294);
#2297=DIRECTION('',(-7.071067811866E-1,0.E0,7.071067811865E-1));
#2298=VECTOR('',#2297,6.E-1);
#2299=CARTESIAN_POINT('',(1.737903679019E1,-1.808E1,-1.667193000900E1));
#2300=LINE('',#2299,#2298);
#2301=DIRECTION('',(-7.071067811865E-1,0.E0,7.071067811866E-1));
#2302=VECTOR('',#2301,6.E-1);
#2303=CARTESIAN_POINT('',(1.667193000900E1,-1.808E1,-1.737903679019E1));
#2304=LINE('',#2303,#2302);
#2305=DIRECTION('',(-7.071067811865E-1,0.E0,7.071067811866E-1));
#2306=VECTOR('',#2305,6.E-1);
#2307=CARTESIAN_POINT('',(1.667193000900E1,-2.008E1,-1.737903679019E1));
#2308=LINE('',#2307,#2306);
#2309=DIRECTION('',(-7.071067811866E-1,0.E0,7.071067811865E-1));
#2310=VECTOR('',#2309,6.E-1);
#2311=CARTESIAN_POINT('',(1.737903679019E1,-2.008E1,-1.667193000900E1));
#2312=LINE('',#2311,#2310);
#2313=DIRECTION('',(0.E0,-1.E0,0.E0));
#2314=VECTOR('',#2313,2.E0);
#2315=CARTESIAN_POINT('',(1.695477272148E1,-1.808E1,-1.624766594029E1));
#2316=LINE('',#2315,#2314);
#2317=DIRECTION('',(7.071067811865E-1,0.E0,7.071067811865E-1));
#2318=VECTOR('',#2317,1.E0);
#2319=CARTESIAN_POINT('',(1.624766594029E1,-1.808E1,-1.695477272148E1));
#2320=LINE('',#2319,#2318);
#2321=DIRECTION('',(0.E0,1.E0,0.E0));
#2322=VECTOR('',#2321,2.E0);
#2323=CARTESIAN_POINT('',(1.624766594029E1,-2.008E1,-1.695477272148E1));
#2324=LINE('',#2323,#2322);
#2325=DIRECTION('',(-7.071067811865E-1,0.E0,-7.071067811865E-1));
#2326=VECTOR('',#2325,1.E0);
#2327=CARTESIAN_POINT('',(1.695477272148E1,-2.008E1,-1.624766594029E1));
#2328=LINE('',#2327,#2326);
#2329=DIRECTION('',(5.E-1,-7.071067811865E-1,5.E-1));
#2330=VECTOR('',#2329,5.656854249492E-1);
#2331=CARTESIAN_POINT('',(1.596482322781E1,-2.008E1,-1.723761543395E1));
#2332=LINE('',#2331,#2330);
#2333=DIRECTION('',(0.E0,1.E0,0.E0));
#2334=VECTOR('',#2333,2.5E0);
#2335=CARTESIAN_POINT('',(1.596482322781E1,-2.008E1,-1.723761543395E1));
#2336=LINE('',#2335,#2334);
#2337=DIRECTION('',(7.071067811865E-1,0.E0,7.071067811865E-1));
#2338=VECTOR('',#2337,5.85E-1);
#2339=CARTESIAN_POINT('',(1.555116576082E1,-1.758E1,-1.765127290094E1));
#2340=LINE('',#2339,#2338);
#2341=DIRECTION('',(0.E0,-1.E0,0.E0));
#2342=VECTOR('',#2341,3.646410161514E0);
#2343=CARTESIAN_POINT('',(1.555116576082E1,-1.393358983849E1,
-1.765127290094E1));
#2344=LINE('',#2343,#2342);
#2345=DIRECTION('',(7.071067811865E-1,0.E0,7.071067811865E-1));
#2346=VECTOR('',#2345,2.97E0);
#2347=CARTESIAN_POINT('',(1.555116576082E1,-1.393358983849E1,
-1.765127290094E1));
#2348=LINE('',#2347,#2346);
#2349=DIRECTION('',(0.E0,-1.E0,0.E0));
#2350=VECTOR('',#2349,3.646410161514E0);
#2351=CARTESIAN_POINT('',(1.765127290094E1,-1.393358983849E1,
-1.555116576082E1));
#2352=LINE('',#2351,#2350);
#2353=DIRECTION('',(7.071067811865E-1,0.E0,7.071067811865E-1));
#2354=VECTOR('',#2353,5.85E-1);
#2355=CARTESIAN_POINT('',(1.723761543395E1,-1.758E1,-1.596482322781E1));
#2356=LINE('',#2355,#2354);
#2357=DIRECTION('',(0.E0,1.E0,0.E0));
#2358=VECTOR('',#2357,2.5E0);
#2359=CARTESIAN_POINT('',(1.723761543395E1,-2.008E1,-1.596482322781E1));
#2360=LINE('',#2359,#2358);
#2361=DIRECTION('',(5.E-1,7.071067811865E-1,5.E-1));
#2362=VECTOR('',#2361,5.656854249492E-1);
#2363=CARTESIAN_POINT('',(1.695477272148E1,-2.048E1,-1.624766594029E1));
#2364=LINE('',#2363,#2362);
#2365=DIRECTION('',(7.071067811865E-1,0.E0,-7.071067811866E-1));
#2366=VECTOR('',#2365,6.E-1);
#2367=CARTESIAN_POINT('',(1.596482322781E1,-2.008E1,-1.723761543395E1));
#2368=LINE('',#2367,#2366);
#2369=DIRECTION('',(-7.071067811865E-1,0.E0,7.071067811866E-1));
#2370=VECTOR('',#2369,6.E-1);
#2371=CARTESIAN_POINT('',(1.638908729653E1,-1.758E1,-1.766187950266E1));
#2372=LINE('',#2371,#2370);
#2373=DIRECTION('',(-7.071067811865E-1,0.E0,7.071067811866E-1));
#2374=VECTOR('',#2373,6.E-1);
#2375=CARTESIAN_POINT('',(1.597542982953E1,-1.758E1,-1.807553696966E1));
#2376=LINE('',#2375,#2374);
#2377=CARTESIAN_POINT('',(1.583400847329E1,-1.262641016151E1,
-1.793411561342E1));
#2378=DIRECTION('',(7.071067811865E-1,0.E0,7.071067811865E-1));
#2379=DIRECTION('',(6.123724356958E-1,-5.E-1,-6.123724356958E-1));
#2380=AXIS2_PLACEMENT_3D('',#2377,#2378,#2379);
#2382=DIRECTION('',(0.E0,1.E0,0.E0));
#2383=VECTOR('',#2382,4.641016151377E-2);
#2384=CARTESIAN_POINT('',(1.639969389824E1,-1.262641016151E1,
-1.849980103837E1));
#2385=LINE('',#2384,#2383);
#2386=DIRECTION('',(-7.071067811865E-1,0.E0,7.071067811865E-1));
#2387=VECTOR('',#2386,6.E-1);
#2388=CARTESIAN_POINT('',(1.639969389824E1,-1.258E1,-1.849980103837E1));
#2389=LINE('',#2388,#2387);
#2390=DIRECTION('',(0.E0,-1.E0,0.E0));
#2391=VECTOR('',#2390,1.E-1);
#2392=CARTESIAN_POINT('',(1.597542982953E1,-1.258E1,-1.807553696966E1));
#2393=LINE('',#2392,#2391);
#2394=DIRECTION('',(-3.535533905933E-1,-8.660254037844E-1,3.535533905933E-1));
#2395=VECTOR('',#2394,9.856406460551E-1);
#2396=CARTESIAN_POINT('',(1.597542982953E1,-1.268E1,-1.807553696966E1));
#2397=LINE('',#2396,#2395);
#2398=CARTESIAN_POINT('',(1.611685118577E1,-1.393358983849E1,
-1.821695832589E1));
#2399=DIRECTION('',(7.071067811865E-1,0.E0,7.071067811865E-1));
#2400=DIRECTION('',(-6.123724356958E-1,5.E-1,6.123724356958E-1));
#2401=AXIS2_PLACEMENT_3D('',#2398,#2399,#2400);
#2403=DIRECTION('',(3.535533905933E-1,8.660254037844E-1,-3.535533905933E-1));
#2404=VECTOR('',#2403,9.856406460551E-1);
#2405=CARTESIAN_POINT('',(1.597542982953E1,-1.388E1,-1.807553696966E1));
#2406=LINE('',#2405,#2404);
#2407=DIRECTION('',(7.071067811865E-1,0.E0,-7.071067811866E-1));
#2408=VECTOR('',#2407,6.E-1);
#2409=CARTESIAN_POINT('',(1.624766594029E1,-2.048E1,-1.695477272148E1));
#2410=LINE('',#2409,#2408);
#2411=DIRECTION('',(7.071067811865E-1,0.E0,7.071067811865E-1));
#2412=VECTOR('',#2411,1.E0);
#2413=CARTESIAN_POINT('',(1.624766594029E1,-2.048E1,-1.695477272148E1));
#2414=LINE('',#2413,#2412);
#2415=DIRECTION('',(-7.071067811866E-1,0.E0,7.071067811865E-1));
#2416=VECTOR('',#2415,6.E-1);
#2417=CARTESIAN_POINT('',(1.737903679019E1,-2.048E1,-1.667193000900E1));
#2418=LINE('',#2417,#2416);
#2419=DIRECTION('',(-7.071067811865E-1,0.E0,7.071067811865E-1));
#2420=VECTOR('',#2419,6.E-1);
#2421=CARTESIAN_POINT('',(1.766187950266E1,-2.008E1,-1.638908729653E1));
#2422=LINE('',#2421,#2420);
#2423=DIRECTION('',(-7.071067811866E-1,0.E0,7.071067811865E-1));
#2424=VECTOR('',#2423,6.E-1);
#2425=CARTESIAN_POINT('',(1.766187950266E1,-1.758E1,-1.638908729653E1));
#2426=LINE('',#2425,#2424);
#2427=CARTESIAN_POINT('',(1.793411561342E1,-1.262641016151E1,
-1.583400847329E1));
#2428=DIRECTION('',(-7.071067811865E-1,0.E0,-7.071067811865E-1));
#2429=DIRECTION('',(7.071067811865E-1,0.E0,-7.071067811865E-1));
#2430=AXIS2_PLACEMENT_3D('',#2427,#2428,#2429);
#2432=DIRECTION('',(-3.535533905933E-1,-8.660254037844E-1,3.535533905933E-1));
#2433=VECTOR('',#2432,9.856406460551E-1);
#2434=CARTESIAN_POINT('',(1.842401356198E1,-1.302641016151E1,
-1.632390642185E1));
#2435=LINE('',#2434,#2433);
#2436=DIRECTION('',(-7.071067811866E-1,0.E0,7.071067811865E-1));
#2437=VECTOR('',#2436,6.E-1);
#2438=CARTESIAN_POINT('',(1.807553696966E1,-1.758E1,-1.597542982953E1));
#2439=LINE('',#2438,#2437);
#2440=CARTESIAN_POINT('',(1.821695832589E1,-1.393358983849E1,
-1.611685118577E1));
#2441=DIRECTION('',(-7.071067811865E-1,0.E0,-7.071067811865E-1));
#2442=DIRECTION('',(-7.071067811865E-1,0.E0,7.071067811865E-1));
#2443=AXIS2_PLACEMENT_3D('',#2440,#2441,#2442);
#2445=DIRECTION('',(3.535533905933E-1,8.660254037844E-1,-3.535533905933E-1));
#2446=VECTOR('',#2445,9.856406460551E-1);
#2447=CARTESIAN_POINT('',(1.772706037734E1,-1.353358983849E1,
-1.562695323721E1));
#2448=LINE('',#2447,#2446);
#2449=DIRECTION('',(0.E0,1.E0,0.E0));
#2450=VECTOR('',#2449,1.E-1);
#2451=CARTESIAN_POINT('',(1.807553696966E1,-1.268E1,-1.597542982953E1));
#2452=LINE('',#2451,#2450);
#2453=DIRECTION('',(7.071067811865E-1,0.E0,-7.071067811865E-1));
#2454=VECTOR('',#2453,6.E-1);
#2455=CARTESIAN_POINT('',(1.807553696966E1,-1.258E1,-1.597542982953E1));
#2456=LINE('',#2455,#2454);
#2457=DIRECTION('',(0.E0,-1.E0,0.E0));
#2458=VECTOR('',#2457,4.641016151377E-2);
#2459=CARTESIAN_POINT('',(1.849980103837E1,-1.258E1,-1.639969389824E1));
#2460=LINE('',#2459,#2458);
#2461=CARTESIAN_POINT('',(1.597542982953E1,-1.388E1,-1.807553696966E1));
#2462=CARTESIAN_POINT('',(1.597542982953E1,-1.758E1,-1.807553696966E1));
#2463=VERTEX_POINT('',#2461);
#2464=VERTEX_POINT('',#2462);
#2465=CARTESIAN_POINT('',(1.638908729653E1,-1.758E1,-1.766187950266E1));
#2466=VERTEX_POINT('',#2465);
#2467=CARTESIAN_POINT('',(1.766187950266E1,-1.758E1,-1.638908729653E1));
#2468=CARTESIAN_POINT('',(1.807553696966E1,-1.758E1,-1.597542982953E1));
#2469=VERTEX_POINT('',#2467);
#2470=VERTEX_POINT('',#2468);
#2471=CARTESIAN_POINT('',(1.807553696966E1,-1.388E1,-1.597542982953E1));
#2472=VERTEX_POINT('',#2471);
#2473=CARTESIAN_POINT('',(1.597542982953E1,-1.268E1,-1.807553696966E1));
#2474=CARTESIAN_POINT('',(1.597542982953E1,-1.258E1,-1.807553696966E1));
#2475=VERTEX_POINT('',#2473);
#2476=VERTEX_POINT('',#2474);
#2477=CARTESIAN_POINT('',(1.807553696966E1,-1.268E1,-1.597542982953E1));
#2478=CARTESIAN_POINT('',(1.807553696966E1,-1.258E1,-1.597542982953E1));
#2479=VERTEX_POINT('',#2477);
#2480=VERTEX_POINT('',#2478);
#2481=CARTESIAN_POINT('',(1.555116576082E1,-1.758E1,-1.765127290094E1));
#2482=CARTESIAN_POINT('',(1.596482322781E1,-1.758E1,-1.723761543395E1));
#2483=VERTEX_POINT('',#2481);
#2484=VERTEX_POINT('',#2482);
#2485=CARTESIAN_POINT('',(1.723761543395E1,-1.758E1,-1.596482322781E1));
#2486=CARTESIAN_POINT('',(1.765127290094E1,-1.758E1,-1.555116576082E1));
#2487=VERTEX_POINT('',#2485);
#2488=VERTEX_POINT('',#2486);
#2489=CARTESIAN_POINT('',(1.639969389824E1,-1.258E1,-1.849980103837E1));
#2490=VERTEX_POINT('',#2489);
#2491=CARTESIAN_POINT('',(1.849980103837E1,-1.258E1,-1.639969389824E1));
#2492=VERTEX_POINT('',#2491);
#2493=CARTESIAN_POINT('',(1.765127290094E1,-1.393358983849E1,
-1.555116576082E1));
#2494=CARTESIAN_POINT('',(1.555116576082E1,-1.393358983849E1,
-1.765127290094E1));
#2495=VERTEX_POINT('',#2493);
#2496=VERTEX_POINT('',#2494);
#2497=CARTESIAN_POINT('',(1.562695323721E1,-1.353358983849E1,
-1.772706037734E1));
#2498=VERTEX_POINT('',#2497);
#2499=CARTESIAN_POINT('',(1.772706037734E1,-1.353358983849E1,
-1.562695323721E1));
#2500=VERTEX_POINT('',#2499);
#2501=CARTESIAN_POINT('',(1.639969389824E1,-1.262641016151E1,
-1.849980103837E1));
#2502=CARTESIAN_POINT('',(1.632390642185E1,-1.302641016151E1,
-1.842401356198E1));
#2503=VERTEX_POINT('',#2501);
#2504=VERTEX_POINT('',#2502);
#2505=CARTESIAN_POINT('',(1.842401356198E1,-1.302641016151E1,
-1.632390642185E1));
#2506=CARTESIAN_POINT('',(1.849980103837E1,-1.262641016151E1,
-1.639969389824E1));
#2507=VERTEX_POINT('',#2505);
#2508=VERTEX_POINT('',#2506);
#2509=CARTESIAN_POINT('',(1.737903679019E1,-1.808E1,-1.667193000900E1));
#2510=CARTESIAN_POINT('',(1.737903679019E1,-2.008E1,-1.667193000900E1));
#2511=VERTEX_POINT('',#2509);
#2512=VERTEX_POINT('',#2510);
#2513=CARTESIAN_POINT('',(1.667193000900E1,-2.008E1,-1.737903679019E1));
#2514=VERTEX_POINT('',#2513);
#2515=CARTESIAN_POINT('',(1.667193000900E1,-1.808E1,-1.737903679019E1));
#2516=VERTEX_POINT('',#2515);
#2517=CARTESIAN_POINT('',(1.695477272148E1,-1.808E1,-1.624766594029E1));
#2518=CARTESIAN_POINT('',(1.695477272148E1,-2.008E1,-1.624766594029E1));
#2519=VERTEX_POINT('',#2517);
#2520=VERTEX_POINT('',#2518);
#2521=CARTESIAN_POINT('',(1.624766594029E1,-2.008E1,-1.695477272148E1));
#2522=VERTEX_POINT('',#2521);
#2523=CARTESIAN_POINT('',(1.624766594029E1,-1.808E1,-1.695477272148E1));
#2524=VERTEX_POINT('',#2523);
#2525=CARTESIAN_POINT('',(1.667193000900E1,-2.048E1,-1.737903679019E1));
#2526=CARTESIAN_POINT('',(1.638908729653E1,-2.008E1,-1.766187950266E1));
#2527=VERTEX_POINT('',#2525);
#2528=VERTEX_POINT('',#2526);
#2529=CARTESIAN_POINT('',(1.596482322781E1,-2.008E1,-1.723761543395E1));
#2530=VERTEX_POINT('',#2529);
#2531=CARTESIAN_POINT('',(1.624766594029E1,-2.048E1,-1.695477272148E1));
#2532=VERTEX_POINT('',#2531);
#2533=CARTESIAN_POINT('',(1.695477272148E1,-2.048E1,-1.624766594029E1));
#2534=CARTESIAN_POINT('',(1.723761543395E1,-2.008E1,-1.596482322781E1));
#2535=VERTEX_POINT('',#2533);
#2536=VERTEX_POINT('',#2534);
#2537=CARTESIAN_POINT('',(1.766187950266E1,-2.008E1,-1.638908729653E1));
#2538=VERTEX_POINT('',#2537);
#2539=CARTESIAN_POINT('',(1.737903679019E1,-2.048E1,-1.667193000900E1));
#2540=VERTEX_POINT('',#2539);
#2541=CARTESIAN_POINT('',(1.560066323550E1,-2.048E1,-1.845030356368E1));
#2542=DIRECTION('',(7.071067811865E-1,0.E0,-7.071067811865E-1));
#2543=DIRECTION('',(0.E0,1.E0,0.E0));
#2544=AXIS2_PLACEMENT_3D('',#2541,#2542,#2543);
#2545=PLANE('',#2544);
#2547=ORIENTED_EDGE('',*,*,#2546,.F.);
#2549=ORIENTED_EDGE('',*,*,#2548,.T.);
#2551=ORIENTED_EDGE('',*,*,#2550,.F.);
#2553=ORIENTED_EDGE('',*,*,#2552,.T.);
#2555=ORIENTED_EDGE('',*,*,#2554,.T.);
#2557=ORIENTED_EDGE('',*,*,#2556,.F.);
#2559=ORIENTED_EDGE('',*,*,#2558,.T.);
#2561=ORIENTED_EDGE('',*,*,#2560,.T.);
#2563=ORIENTED_EDGE('',*,*,#2562,.T.);
#2565=ORIENTED_EDGE('',*,*,#2564,.F.);
#2566=EDGE_LOOP('',(#2547,#2549,#2551,#2553,#2555,#2557,#2559,#2561,#2563,
#2565));
#2567=FACE_OUTER_BOUND('',#2566,.F.);
#2569=ORIENTED_EDGE('',*,*,#2568,.T.);
#2571=ORIENTED_EDGE('',*,*,#2570,.T.);
#2573=ORIENTED_EDGE('',*,*,#2572,.T.);
#2575=ORIENTED_EDGE('',*,*,#2574,.T.);
#2576=EDGE_LOOP('',(#2569,#2571,#2573,#2575));
#2577=FACE_BOUND('',#2576,.F.);
#2579=CARTESIAN_POINT('',(1.737903679019E1,-1.808E1,-1.667193000900E1));
#2580=DIRECTION('',(7.071067811865E-1,0.E0,7.071067811865E-1));
#2581=DIRECTION('',(0.E0,-1.E0,0.E0));
#2582=AXIS2_PLACEMENT_3D('',#2579,#2580,#2581);
#2583=PLANE('',#2582);
#2584=ORIENTED_EDGE('',*,*,#2568,.F.);
#2586=ORIENTED_EDGE('',*,*,#2585,.T.);
#2588=ORIENTED_EDGE('',*,*,#2587,.T.);
#2590=ORIENTED_EDGE('',*,*,#2589,.F.);
#2591=EDGE_LOOP('',(#2584,#2586,#2588,#2590));
#2592=FACE_OUTER_BOUND('',#2591,.F.);
#2594=CARTESIAN_POINT('',(1.667193000900E1,-1.808E1,-1.737903679019E1));
#2595=DIRECTION('',(0.E0,1.E0,0.E0));
#2596=DIRECTION('',(7.071067811865E-1,0.E0,7.071067811865E-1));
#2597=AXIS2_PLACEMENT_3D('',#2594,#2595,#2596);
#2598=PLANE('',#2597);
#2599=ORIENTED_EDGE('',*,*,#2574,.F.);
#2601=ORIENTED_EDGE('',*,*,#2600,.T.);
#2603=ORIENTED_EDGE('',*,*,#2602,.T.);
#2604=ORIENTED_EDGE('',*,*,#2585,.F.);
#2605=EDGE_LOOP('',(#2599,#2601,#2603,#2604));
#2606=FACE_OUTER_BOUND('',#2605,.F.);
#2608=CARTESIAN_POINT('',(1.667193000900E1,-2.008E1,-1.737903679019E1));
#2609=DIRECTION('',(-7.071067811865E-1,0.E0,-7.071067811865E-1));
#2610=DIRECTION('',(0.E0,1.E0,0.E0));
#2611=AXIS2_PLACEMENT_3D('',#2608,#2609,#2610);
#2612=PLANE('',#2611);
#2613=ORIENTED_EDGE('',*,*,#2572,.F.);
#2615=ORIENTED_EDGE('',*,*,#2614,.T.);
#2617=ORIENTED_EDGE('',*,*,#2616,.T.);
#2618=ORIENTED_EDGE('',*,*,#2600,.F.);
#2619=EDGE_LOOP('',(#2613,#2615,#2617,#2618));
#2620=FACE_OUTER_BOUND('',#2619,.F.);
#2622=CARTESIAN_POINT('',(1.737903679019E1,-2.008E1,-1.667193000900E1));
#2623=DIRECTION('',(0.E0,-1.E0,0.E0));
#2624=DIRECTION('',(-7.071067811865E-1,0.E0,-7.071067811865E-1));
#2625=AXIS2_PLACEMENT_3D('',#2622,#2623,#2624);
#2626=PLANE('',#2625);
#2627=ORIENTED_EDGE('',*,*,#2570,.F.);
#2628=ORIENTED_EDGE('',*,*,#2589,.T.);
#2630=ORIENTED_EDGE('',*,*,#2629,.T.);
#2631=ORIENTED_EDGE('',*,*,#2614,.F.);
#2632=EDGE_LOOP('',(#2627,#2628,#2630,#2631));
#2633=FACE_OUTER_BOUND('',#2632,.F.);
#2635=CARTESIAN_POINT('',(1.517639916679E1,-1.371923048454E1,
-1.802603949497E1));
#2636=DIRECTION('',(-7.071067811865E-1,0.E0,7.071067811865E-1));
#2637=DIRECTION('',(0.E0,-1.E0,0.E0));
#2638=AXIS2_PLACEMENT_3D('',#2635,#2636,#2637);
#2639=PLANE('',#2638);
#2641=ORIENTED_EDGE('',*,*,#2640,.F.);
#2643=ORIENTED_EDGE('',*,*,#2642,.T.);
#2645=ORIENTED_EDGE('',*,*,#2644,.F.);
#2647=ORIENTED_EDGE('',*,*,#2646,.F.);
#2649=ORIENTED_EDGE('',*,*,#2648,.T.);
#2651=ORIENTED_EDGE('',*,*,#2650,.T.);
#2653=ORIENTED_EDGE('',*,*,#2652,.F.);
#2655=ORIENTED_EDGE('',*,*,#2654,.F.);
#2657=ORIENTED_EDGE('',*,*,#2656,.F.);
#2659=ORIENTED_EDGE('',*,*,#2658,.F.);
#2660=EDGE_LOOP('',(#2641,#2643,#2645,#2647,#2649,#2651,#2653,#2655,#2657,
#2659));
#2661=FACE_OUTER_BOUND('',#2660,.F.);
#2662=ORIENTED_EDGE('',*,*,#2587,.F.);
#2663=ORIENTED_EDGE('',*,*,#2602,.F.);
#2664=ORIENTED_EDGE('',*,*,#2616,.F.);
#2665=ORIENTED_EDGE('',*,*,#2629,.F.);
#2666=EDGE_LOOP('',(#2662,#2663,#2664,#2665));
#2667=FACE_BOUND('',#2666,.F.);
#2669=CARTESIAN_POINT('',(1.631837661841E1,-2.028E1,-1.730832611207E1));
#2670=DIRECTION('',(-5.E-1,-7.071067811865E-1,-5.E-1));
#2671=DIRECTION('',(-5.E-1,7.071067811865E-1,-5.E-1));
#2672=AXIS2_PLACEMENT_3D('',#2669,#2670,#2671);
#2673=PLANE('',#2672);
#2674=ORIENTED_EDGE('',*,*,#2546,.T.);
#2676=ORIENTED_EDGE('',*,*,#2675,.F.);
#2677=ORIENTED_EDGE('',*,*,#2640,.T.);
#2679=ORIENTED_EDGE('',*,*,#2678,.T.);
#2680=EDGE_LOOP('',(#2674,#2676,#2677,#2679));
#2681=FACE_OUTER_BOUND('',#2680,.F.);
#2683=CARTESIAN_POINT('',(1.681335136524E1,-1.758E1,-1.808614357137E1));
#2684=DIRECTION('',(7.071067811865E-1,0.E0,7.071067811865E-1));
#2685=DIRECTION('',(0.E0,-1.E0,0.E0));
#2686=AXIS2_PLACEMENT_3D('',#2683,#2684,#2685);
#2687=PLANE('',#2686);
#2688=ORIENTED_EDGE('',*,*,#2675,.T.);
#2689=ORIENTED_EDGE('',*,*,#2564,.T.);
#2691=ORIENTED_EDGE('',*,*,#2690,.T.);
#2692=ORIENTED_EDGE('',*,*,#2642,.F.);
#2693=EDGE_LOOP('',(#2688,#2689,#2691,#2692));
#2694=FACE_OUTER_BOUND('',#2693,.F.);
#2696=CARTESIAN_POINT('',(1.639969389824E1,-1.758E1,-1.849980103837E1));
#2697=DIRECTION('',(0.E0,1.E0,0.E0));
#2698=DIRECTION('',(7.071067811865E-1,0.E0,7.071067811865E-1));
#2699=AXIS2_PLACEMENT_3D('',#2696,#2697,#2698);
#2700=PLANE('',#2699);
#2701=ORIENTED_EDGE('',*,*,#2562,.F.);
#2703=ORIENTED_EDGE('',*,*,#2702,.T.);
#2704=ORIENTED_EDGE('',*,*,#2644,.T.);
#2705=ORIENTED_EDGE('',*,*,#2690,.F.);
#2706=EDGE_LOOP('',(#2701,#2703,#2704,#2705));
#2707=FACE_OUTER_BOUND('',#2706,.F.);
#2709=CARTESIAN_POINT('',(1.639969389824E1,-1.258E1,-1.849980103837E1));
#2710=DIRECTION('',(7.071067811865E-1,0.E0,7.071067811865E-1));
#2711=DIRECTION('',(0.E0,-1.E0,0.E0));
#2712=AXIS2_PLACEMENT_3D('',#2709,#2710,#2711);
#2713=PLANE('',#2712);
#2715=ORIENTED_EDGE('',*,*,#2714,.T.);
#2717=ORIENTED_EDGE('',*,*,#2716,.T.);
#2719=ORIENTED_EDGE('',*,*,#2718,.T.);
#2721=ORIENTED_EDGE('',*,*,#2720,.T.);
#2723=ORIENTED_EDGE('',*,*,#2722,.T.);
#2725=ORIENTED_EDGE('',*,*,#2724,.T.);
#2726=ORIENTED_EDGE('',*,*,#2646,.T.);
#2727=ORIENTED_EDGE('',*,*,#2702,.F.);
#2728=ORIENTED_EDGE('',*,*,#2560,.F.);
#2730=ORIENTED_EDGE('',*,*,#2729,.T.);
#2731=EDGE_LOOP('',(#2715,#2717,#2719,#2721,#2723,#2725,#2726,#2727,#2728,
#2730));
#2732=FACE_OUTER_BOUND('',#2731,.F.);
#2734=CARTESIAN_POINT('',(1.517639916679E1,-2.048E1,-1.802603949497E1));
#2735=DIRECTION('',(0.E0,-1.E0,0.E0));
#2736=DIRECTION('',(7.071067811865E-1,0.E0,-7.071067811865E-1));
#2737=AXIS2_PLACEMENT_3D('',#2734,#2735,#2736);
#2738=PLANE('',#2737);
#2739=ORIENTED_EDGE('',*,*,#2678,.F.);
#2740=ORIENTED_EDGE('',*,*,#2658,.T.);
#2742=ORIENTED_EDGE('',*,*,#2741,.F.);
#2743=ORIENTED_EDGE('',*,*,#2548,.F.);
#2744=EDGE_LOOP('',(#2739,#2740,#2742,#2743));
#2745=FACE_OUTER_BOUND('',#2744,.F.);
#2747=CARTESIAN_POINT('',(1.730832611207E1,-2.028E1,-1.631837661841E1));
#2748=DIRECTION('',(5.E-1,-7.071067811865E-1,5.E-1));
#2749=DIRECTION('',(5.E-1,7.071067811865E-1,5.E-1));
#2750=AXIS2_PLACEMENT_3D('',#2747,#2748,#2749);
#2751=PLANE('',#2750);
#2752=ORIENTED_EDGE('',*,*,#2656,.T.);
#2754=ORIENTED_EDGE('',*,*,#2753,.F.);
#2755=ORIENTED_EDGE('',*,*,#2550,.T.);
#2756=ORIENTED_EDGE('',*,*,#2741,.T.);
#2757=EDGE_LOOP('',(#2752,#2754,#2755,#2756));
#2758=FACE_OUTER_BOUND('',#2757,.F.);
#2760=CARTESIAN_POINT('',(1.808614357137E1,-2.312E1,-1.681335136524E1));
#2761=DIRECTION('',(-7.071067811865E-1,0.E0,-7.071067811865E-1));
#2762=DIRECTION('',(0.E0,1.E0,0.E0));
#2763=AXIS2_PLACEMENT_3D('',#2760,#2761,#2762);
#2764=PLANE('',#2763);
#2765=ORIENTED_EDGE('',*,*,#2753,.T.);
#2766=ORIENTED_EDGE('',*,*,#2654,.T.);
#2768=ORIENTED_EDGE('',*,*,#2767,.F.);
#2769=ORIENTED_EDGE('',*,*,#2552,.F.);
#2770=EDGE_LOOP('',(#2765,#2766,#2768,#2769));
#2771=FACE_OUTER_BOUND('',#2770,.F.);
#2773=CARTESIAN_POINT('',(1.808614357137E1,-1.758E1,-1.681335136524E1));
#2774=DIRECTION('',(0.E0,1.E0,0.E0));
#2775=DIRECTION('',(7.071067811865E-1,0.E0,7.071067811865E-1));
#2776=AXIS2_PLACEMENT_3D('',#2773,#2774,#2775);
#2777=PLANE('',#2776);
#2778=ORIENTED_EDGE('',*,*,#2554,.F.);
#2779=ORIENTED_EDGE('',*,*,#2767,.T.);
#2780=ORIENTED_EDGE('',*,*,#2652,.T.);
#2782=ORIENTED_EDGE('',*,*,#2781,.F.);
#2783=EDGE_LOOP('',(#2778,#2779,#2780,#2782));
#2784=FACE_OUTER_BOUND('',#2783,.F.);
#2786=CARTESIAN_POINT('',(1.849980103837E1,-1.758E1,-1.639969389824E1));
#2787=DIRECTION('',(-7.071067811865E-1,0.E0,-7.071067811865E-1));
#2788=DIRECTION('',(0.E0,1.E0,0.E0));
#2789=AXIS2_PLACEMENT_3D('',#2786,#2787,#2788);
#2790=PLANE('',#2789);
#2792=ORIENTED_EDGE('',*,*,#2791,.T.);
#2794=ORIENTED_EDGE('',*,*,#2793,.T.);
#2795=ORIENTED_EDGE('',*,*,#2556,.T.);
#2796=ORIENTED_EDGE('',*,*,#2781,.T.);
#2797=ORIENTED_EDGE('',*,*,#2650,.F.);
#2799=ORIENTED_EDGE('',*,*,#2798,.T.);
#2801=ORIENTED_EDGE('',*,*,#2800,.T.);
#2803=ORIENTED_EDGE('',*,*,#2802,.T.);
#2805=ORIENTED_EDGE('',*,*,#2804,.T.);
#2807=ORIENTED_EDGE('',*,*,#2806,.T.);
#2808=EDGE_LOOP('',(#2792,#2794,#2795,#2796,#2797,#2799,#2801,#2803,#2805,
#2807));
#2809=FACE_OUTER_BOUND('',#2808,.F.);
#2811=OPEN_SHELL('',(#2578,#2593,#2607,#2621,#2634,#2668,#2682,#2695,#2708,
#2733,#2746,#2759,#2772,#2785,#2810));
#2812=DIRECTION('',(0.E0,-1.E0,0.E0));
#2813=VECTOR('',#2812,2.E0);
#2814=CARTESIAN_POINT('',(7.620963209813E0,-1.808E1,-8.328069990999E0));
#2815=LINE('',#2814,#2813);
#2816=DIRECTION('',(7.071067811865E-1,0.E0,7.071067811865E-1));
#2817=VECTOR('',#2816,1.E0);
#2818=CARTESIAN_POINT('',(7.620963209813E0,-2.008E1,-8.328069990999E0));
#2819=LINE('',#2818,#2817);
#2820=DIRECTION('',(0.E0,1.E0,0.E0));
#2821=VECTOR('',#2820,2.E0);
#2822=CARTESIAN_POINT('',(8.328069990999E0,-2.008E1,-7.620963209813E0));
#2823=LINE('',#2822,#2821);
#2824=DIRECTION('',(-7.071067811865E-1,0.E0,-7.071067811865E-1));
#2825=VECTOR('',#2824,1.E0);
#2826=CARTESIAN_POINT('',(8.328069990999E0,-1.808E1,-7.620963209813E0));
#2827=LINE('',#2826,#2825);
#2828=DIRECTION('',(5.E-1,7.071067811865E-1,5.E-1));
#2829=VECTOR('',#2828,5.656854249492E-1);
#2830=CARTESIAN_POINT('',(8.328069990999E0,-2.048E1,-7.620963209813E0));
#2831=LINE('',#2830,#2829);
#2832=DIRECTION('',(-7.071067811865E-1,0.E0,-7.071067811865E-1));
#2833=VECTOR('',#2832,1.E0);
#2834=CARTESIAN_POINT('',(8.328069990999E0,-2.048E1,-7.620963209813E0));
#2835=LINE('',#2834,#2833);
#2836=DIRECTION('',(5.E-1,-7.071067811865E-1,5.E-1));
#2837=VECTOR('',#2836,5.656854249492E-1);
#2838=CARTESIAN_POINT('',(7.338120497338E0,-2.008E1,-8.610912703474E0));
#2839=LINE('',#2838,#2837);
#2840=DIRECTION('',(0.E0,1.E0,0.E0));
#2841=VECTOR('',#2840,2.5E0);
#2842=CARTESIAN_POINT('',(7.338120497338E0,-2.008E1,-8.610912703474E0));
#2843=LINE('',#2842,#2841);
#2844=DIRECTION('',(-7.071067811865E-1,0.E0,-7.071067811865E-1));
#2845=VECTOR('',#2844,5.85E-1);
#2846=CARTESIAN_POINT('',(7.338120497338E0,-1.758E1,-8.610912703474E0));
#2847=LINE('',#2846,#2845);
#2848=DIRECTION('',(0.E0,-1.E0,0.E0));
#2849=VECTOR('',#2848,3.7E0);
#2850=CARTESIAN_POINT('',(6.924463030344E0,-1.388E1,-9.024570170468E0));
#2851=LINE('',#2850,#2849);
#2852=DIRECTION('',(7.071067811865E-1,0.E0,7.071067811865E-1));
#2853=VECTOR('',#2852,2.97E0);
#2854=CARTESIAN_POINT('',(6.924463030344E0,-1.388E1,-9.024570170468E0));
#2855=LINE('',#2854,#2853);
#2856=DIRECTION('',(0.E0,-1.E0,0.E0));
#2857=VECTOR('',#2856,3.7E0);
#2858=CARTESIAN_POINT('',(9.024570170468E0,-1.388E1,-6.924463030344E0));
#2859=LINE('',#2858,#2857);
#2860=DIRECTION('',(-7.071067811865E-1,0.E0,-7.071067811865E-1));
#2861=VECTOR('',#2860,5.85E-1);
#2862=CARTESIAN_POINT('',(9.024570170468E0,-1.758E1,-6.924463030344E0));
#2863=LINE('',#2862,#2861);
#2864=DIRECTION('',(0.E0,1.E0,0.E0));
#2865=VECTOR('',#2864,2.5E0);
#2866=CARTESIAN_POINT('',(8.610912703474E0,-2.008E1,-7.338120497338E0));
#2867=LINE('',#2866,#2865);
#2868=DIRECTION('',(7.071067811866E-1,0.E0,-7.071067811865E-1));
#2869=VECTOR('',#2868,6.E-1);
#2870=CARTESIAN_POINT('',(7.620963209813E0,-1.808E1,-8.328069990999E0));
#2871=LINE('',#2870,#2869);
#2872=DIRECTION('',(7.071067811865E-1,0.E0,-7.071067811865E-1));
#2873=VECTOR('',#2872,6.E-1);
#2874=CARTESIAN_POINT('',(8.328069990999E0,-1.808E1,-7.620963209813E0));
#2875=LINE('',#2874,#2873);
#2876=DIRECTION('',(7.071067811865E-1,0.E0,-7.071067811865E-1));
#2877=VECTOR('',#2876,6.E-1);
#2878=CARTESIAN_POINT('',(8.328069990999E0,-2.008E1,-7.620963209813E0));
#2879=LINE('',#2878,#2877);
#2880=DIRECTION('',(7.071067811866E-1,0.E0,-7.071067811865E-1));
#2881=VECTOR('',#2880,6.E-1);
#2882=CARTESIAN_POINT('',(7.620963209813E0,-2.008E1,-8.328069990999E0));
#2883=LINE('',#2882,#2881);
#2884=DIRECTION('',(0.E0,-1.E0,0.E0));
#2885=VECTOR('',#2884,2.E0);
#2886=CARTESIAN_POINT('',(8.045227278525E0,-1.808E1,-8.752334059711E0));
#2887=LINE('',#2886,#2885);
#2888=DIRECTION('',(-7.071067811865E-1,0.E0,-7.071067811865E-1));
#2889=VECTOR('',#2888,1.E0);
#2890=CARTESIAN_POINT('',(8.752334059711E0,-1.808E1,-8.045227278525E0));
#2891=LINE('',#2890,#2889);
#2892=DIRECTION('',(0.E0,1.E0,0.E0));
#2893=VECTOR('',#2892,2.E0);
#2894=CARTESIAN_POINT('',(8.752334059711E0,-2.008E1,-8.045227278525E0));
#2895=LINE('',#2894,#2893);
#2896=DIRECTION('',(7.071067811865E-1,0.E0,7.071067811865E-1));
#2897=VECTOR('',#2896,1.E0);
#2898=CARTESIAN_POINT('',(8.045227278525E0,-2.008E1,-8.752334059711E0));
#2899=LINE('',#2898,#2897);
#2900=DIRECTION('',(-5.E-1,-7.071067811866E-1,-5.E-1));
#2901=VECTOR('',#2900,5.656854249492E-1);
#2902=CARTESIAN_POINT('',(9.035176772186E0,-2.008E1,-7.762384566050E0));
#2903=LINE('',#2902,#2901);
#2904=DIRECTION('',(0.E0,1.E0,0.E0));
#2905=VECTOR('',#2904,2.5E0);
#2906=CARTESIAN_POINT('',(9.035176772186E0,-2.008E1,-7.762384566050E0));
#2907=LINE('',#2906,#2905);
#2908=DIRECTION('',(-7.071067811865E-1,0.E0,-7.071067811865E-1));
#2909=VECTOR('',#2908,5.85E-1);
#2910=CARTESIAN_POINT('',(9.448834239180E0,-1.758E1,-7.348727099056E0));
#2911=LINE('',#2910,#2909);
#2912=DIRECTION('',(0.E0,-1.E0,0.E0));
#2913=VECTOR('',#2912,3.646410161514E0);
#2914=CARTESIAN_POINT('',(9.448834239180E0,-1.393358983849E1,
-7.348727099056E0));
#2915=LINE('',#2914,#2913);
#2916=DIRECTION('',(-7.071067811865E-1,0.E0,-7.071067811865E-1));
#2917=VECTOR('',#2916,2.97E0);
#2918=CARTESIAN_POINT('',(9.448834239180E0,-1.393358983849E1,
-7.348727099056E0));
#2919=LINE('',#2918,#2917);
#2920=DIRECTION('',(0.E0,-1.E0,0.E0));
#2921=VECTOR('',#2920,3.646410161514E0);
#2922=CARTESIAN_POINT('',(7.348727099056E0,-1.393358983849E1,
-9.448834239180E0));
#2923=LINE('',#2922,#2921);
#2924=DIRECTION('',(-7.071067811865E-1,0.E0,-7.071067811865E-1));
#2925=VECTOR('',#2924,5.85E-1);
#2926=CARTESIAN_POINT('',(7.762384566050E0,-1.758E1,-9.035176772186E0));
#2927=LINE('',#2926,#2925);
#2928=DIRECTION('',(0.E0,1.E0,0.E0));
#2929=VECTOR('',#2928,2.5E0);
#2930=CARTESIAN_POINT('',(7.762384566050E0,-2.008E1,-9.035176772186E0));
#2931=LINE('',#2930,#2929);
#2932=DIRECTION('',(-5.E-1,7.071067811865E-1,-5.E-1));
#2933=VECTOR('',#2932,5.656854249492E-1);
#2934=CARTESIAN_POINT('',(8.045227278525E0,-2.048E1,-8.752334059711E0));
#2935=LINE('',#2934,#2933);
#2936=DIRECTION('',(-7.071067811865E-1,0.E0,7.071067811865E-1));
#2937=VECTOR('',#2936,6.E-1);
#2938=CARTESIAN_POINT('',(9.035176772186E0,-2.008E1,-7.762384566050E0));
#2939=LINE('',#2938,#2937);
#2940=DIRECTION('',(7.071067811865E-1,0.E0,-7.071067811865E-1));
#2941=VECTOR('',#2940,6.E-1);
#2942=CARTESIAN_POINT('',(8.610912703474E0,-1.758E1,-7.338120497338E0));
#2943=LINE('',#2942,#2941);
#2944=DIRECTION('',(7.071067811865E-1,0.E0,-7.071067811865E-1));
#2945=VECTOR('',#2944,6.E-1);
#2946=CARTESIAN_POINT('',(9.024570170468E0,-1.758E1,-6.924463030344E0));
#2947=LINE('',#2946,#2945);
#2948=CARTESIAN_POINT('',(9.165991526705E0,-1.262641016151E1,
-7.065884386581E0));
#2949=DIRECTION('',(-7.071067811865E-1,0.E0,-7.071067811865E-1));
#2950=DIRECTION('',(-6.123724356958E-1,-5.E-1,6.123724356958E-1));
#2951=AXIS2_PLACEMENT_3D('',#2948,#2949,#2950);
#2953=DIRECTION('',(0.E0,1.E0,0.E0));
#2954=VECTOR('',#2953,4.641016151377E-2);
#2955=CARTESIAN_POINT('',(8.600306101756E0,-1.262641016151E1,
-6.500198961632E0));
#2956=LINE('',#2955,#2954);
#2957=DIRECTION('',(7.071067811865E-1,0.E0,-7.071067811865E-1));
#2958=VECTOR('',#2957,6.E-1);
#2959=CARTESIAN_POINT('',(8.600306101756E0,-1.258E1,-6.500198961632E0));
#2960=LINE('',#2959,#2958);
#2961=DIRECTION('',(0.E0,-1.E0,0.E0));
#2962=VECTOR('',#2961,1.E-1);
#2963=CARTESIAN_POINT('',(9.024570170468E0,-1.258E1,-6.924463030344E0));
#2964=LINE('',#2963,#2962);
#2965=DIRECTION('',(3.535533905933E-1,-8.660254037844E-1,-3.535533905933E-1));
#2966=VECTOR('',#2965,9.856406460551E-1);
#2967=CARTESIAN_POINT('',(9.024570170468E0,-1.268E1,-6.924463030344E0));
#2968=LINE('',#2967,#2966);
#2969=CARTESIAN_POINT('',(8.883148814231E0,-1.393358983849E1,
-6.783041674107E0));
#2970=DIRECTION('',(-7.071067811865E-1,0.E0,-7.071067811865E-1));
#2971=DIRECTION('',(6.123724356958E-1,5.E-1,-6.123724356958E-1));
#2972=AXIS2_PLACEMENT_3D('',#2969,#2970,#2971);
#2974=DIRECTION('',(-3.535533905933E-1,8.660254037844E-1,3.535533905933E-1));
#2975=VECTOR('',#2974,9.856406460551E-1);
#2976=CARTESIAN_POINT('',(9.024570170468E0,-1.388E1,-6.924463030344E0));
#2977=LINE('',#2976,#2975);
#2978=DIRECTION('',(-7.071067811865E-1,0.E0,7.071067811865E-1));
#2979=VECTOR('',#2978,6.E-1);
#2980=CARTESIAN_POINT('',(8.752334059711E0,-2.048E1,-8.045227278525E0));
#2981=LINE('',#2980,#2979);
#2982=DIRECTION('',(-7.071067811865E-1,0.E0,-7.071067811865E-1));
#2983=VECTOR('',#2982,1.E0);
#2984=CARTESIAN_POINT('',(8.752334059711E0,-2.048E1,-8.045227278525E0));
#2985=LINE('',#2984,#2983);
#2986=DIRECTION('',(7.071067811865E-1,0.E0,-7.071067811865E-1));
#2987=VECTOR('',#2986,6.E-1);
#2988=CARTESIAN_POINT('',(7.620963209813E0,-2.048E1,-8.328069990999E0));
#2989=LINE('',#2988,#2987);
#2990=DIRECTION('',(7.071067811865E-1,0.E0,-7.071067811865E-1));
#2991=VECTOR('',#2990,6.E-1);
#2992=CARTESIAN_POINT('',(7.338120497338E0,-2.008E1,-8.610912703474E0));
#2993=LINE('',#2992,#2991);
#2994=DIRECTION('',(7.071067811865E-1,0.E0,-7.071067811865E-1));
#2995=VECTOR('',#2994,6.E-1);
#2996=CARTESIAN_POINT('',(7.338120497338E0,-1.758E1,-8.610912703474E0));
#2997=LINE('',#2996,#2995);
#2998=CARTESIAN_POINT('',(7.065884386581E0,-1.262641016151E1,
-9.165991526705E0));
#2999=DIRECTION('',(7.071067811865E-1,0.E0,7.071067811865E-1));
#3000=DIRECTION('',(-7.071067811865E-1,0.E0,7.071067811865E-1));
#3001=AXIS2_PLACEMENT_3D('',#2998,#2999,#3000);
#3003=DIRECTION('',(3.535533905933E-1,-8.660254037844E-1,-3.535533905933E-1));
#3004=VECTOR('',#3003,9.856406460551E-1);
#3005=CARTESIAN_POINT('',(6.575986438025E0,-1.302641016151E1,
-8.676093578149E0));
#3006=LINE('',#3005,#3004);
#3007=DIRECTION('',(7.071067811865E-1,0.E0,-7.071067811865E-1));
#3008=VECTOR('',#3007,6.E-1);
#3009=CARTESIAN_POINT('',(6.924463030344E0,-1.758E1,-9.024570170468E0));
#3010=LINE('',#3009,#3008);
#3011=CARTESIAN_POINT('',(6.783041674107E0,-1.393358983849E1,
-8.883148814231E0));
#3012=DIRECTION('',(7.071067811865E-1,0.E0,7.071067811865E-1));
#3013=DIRECTION('',(7.071067811865E-1,0.E0,-7.071067811865E-1));
#3014=AXIS2_PLACEMENT_3D('',#3011,#3012,#3013);
#3016=DIRECTION('',(-3.535533905933E-1,8.660254037844E-1,3.535533905933E-1));
#3017=VECTOR('',#3016,9.856406460551E-1);
#3018=CARTESIAN_POINT('',(7.272939622663E0,-1.353358983849E1,
-9.373046762787E0));
#3019=LINE('',#3018,#3017);
#3020=DIRECTION('',(0.E0,1.E0,0.E0));
#3021=VECTOR('',#3020,1.E-1);
#3022=CARTESIAN_POINT('',(6.924463030344E0,-1.268E1,-9.024570170468E0));
#3023=LINE('',#3022,#3021);
#3024=DIRECTION('',(-7.071067811865E-1,0.E0,7.071067811865E-1));
#3025=VECTOR('',#3024,6.E-1);
#3026=CARTESIAN_POINT('',(6.924463030344E0,-1.258E1,-9.024570170468E0));
#3027=LINE('',#3026,#3025);
#3028=DIRECTION('',(0.E0,-1.E0,0.E0));
#3029=VECTOR('',#3028,4.641016151377E-2);
#3030=CARTESIAN_POINT('',(6.500198961632E0,-1.258E1,-8.600306101756E0));
#3031=LINE('',#3030,#3029);
#3032=CARTESIAN_POINT('',(9.024570170468E0,-1.388E1,-6.924463030344E0));
#3033=CARTESIAN_POINT('',(9.024570170468E0,-1.758E1,-6.924463030344E0));
#3034=VERTEX_POINT('',#3032);
#3035=VERTEX_POINT('',#3033);
#3036=CARTESIAN_POINT('',(8.610912703474E0,-1.758E1,-7.338120497338E0));
#3037=VERTEX_POINT('',#3036);
#3038=CARTESIAN_POINT('',(7.338120497338E0,-1.758E1,-8.610912703474E0));
#3039=CARTESIAN_POINT('',(6.924463030344E0,-1.758E1,-9.024570170468E0));
#3040=VERTEX_POINT('',#3038);
#3041=VERTEX_POINT('',#3039);
#3042=CARTESIAN_POINT('',(6.924463030344E0,-1.388E1,-9.024570170468E0));
#3043=VERTEX_POINT('',#3042);
#3044=CARTESIAN_POINT('',(9.024570170468E0,-1.268E1,-6.924463030344E0));
#3045=CARTESIAN_POINT('',(9.024570170468E0,-1.258E1,-6.924463030344E0));
#3046=VERTEX_POINT('',#3044);
#3047=VERTEX_POINT('',#3045);
#3048=CARTESIAN_POINT('',(6.924463030344E0,-1.268E1,-9.024570170468E0));
#3049=CARTESIAN_POINT('',(6.924463030344E0,-1.258E1,-9.024570170468E0));
#3050=VERTEX_POINT('',#3048);
#3051=VERTEX_POINT('',#3049);
#3052=CARTESIAN_POINT('',(9.448834239180E0,-1.758E1,-7.348727099056E0));
#3053=CARTESIAN_POINT('',(9.035176772186E0,-1.758E1,-7.762384566050E0));
#3054=VERTEX_POINT('',#3052);
#3055=VERTEX_POINT('',#3053);
#3056=CARTESIAN_POINT('',(7.762384566050E0,-1.758E1,-9.035176772186E0));
#3057=CARTESIAN_POINT('',(7.348727099056E0,-1.758E1,-9.448834239180E0));
#3058=VERTEX_POINT('',#3056);
#3059=VERTEX_POINT('',#3057);
#3060=CARTESIAN_POINT('',(8.600306101756E0,-1.258E1,-6.500198961632E0));
#3061=VERTEX_POINT('',#3060);
#3062=CARTESIAN_POINT('',(6.500198961632E0,-1.258E1,-8.600306101756E0));
#3063=VERTEX_POINT('',#3062);
#3064=CARTESIAN_POINT('',(7.348727099056E0,-1.393358983849E1,
-9.448834239180E0));
#3065=CARTESIAN_POINT('',(9.448834239180E0,-1.393358983849E1,
-7.348727099056E0));
#3066=VERTEX_POINT('',#3064);
#3067=VERTEX_POINT('',#3065);
#3068=CARTESIAN_POINT('',(9.373046762787E0,-1.353358983849E1,
-7.272939622663E0));
#3069=VERTEX_POINT('',#3068);
#3070=CARTESIAN_POINT('',(7.272939622663E0,-1.353358983849E1,
-9.373046762787E0));
#3071=VERTEX_POINT('',#3070);
#3072=CARTESIAN_POINT('',(8.600306101756E0,-1.262641016151E1,
-6.500198961632E0));
#3073=CARTESIAN_POINT('',(8.676093578149E0,-1.302641016151E1,
-6.575986438025E0));
#3074=VERTEX_POINT('',#3072);
#3075=VERTEX_POINT('',#3073);
#3076=CARTESIAN_POINT('',(6.575986438025E0,-1.302641016151E1,
-8.676093578149E0));
#3077=CARTESIAN_POINT('',(6.500198961632E0,-1.262641016151E1,
-8.600306101756E0));
#3078=VERTEX_POINT('',#3076);
#3079=VERTEX_POINT('',#3077);
#3080=CARTESIAN_POINT('',(7.620963209813E0,-1.808E1,-8.328069990999E0));
#3081=CARTESIAN_POINT('',(7.620963209813E0,-2.008E1,-8.328069990999E0));
#3082=VERTEX_POINT('',#3080);
#3083=VERTEX_POINT('',#3081);
#3084=CARTESIAN_POINT('',(8.328069990999E0,-2.008E1,-7.620963209813E0));
#3085=VERTEX_POINT('',#3084);
#3086=CARTESIAN_POINT('',(8.328069990999E0,-1.808E1,-7.620963209813E0));
#3087=VERTEX_POINT('',#3086);
#3088=CARTESIAN_POINT('',(8.045227278525E0,-1.808E1,-8.752334059711E0));
#3089=CARTESIAN_POINT('',(8.045227278525E0,-2.008E1,-8.752334059711E0));
#3090=VERTEX_POINT('',#3088);
#3091=VERTEX_POINT('',#3089);
#3092=CARTESIAN_POINT('',(8.752334059711E0,-2.008E1,-8.045227278525E0));
#3093=VERTEX_POINT('',#3092);
#3094=CARTESIAN_POINT('',(8.752334059711E0,-1.808E1,-8.045227278525E0));
#3095=VERTEX_POINT('',#3094);
#3096=CARTESIAN_POINT('',(8.328069990999E0,-2.048E1,-7.620963209813E0));
#3097=CARTESIAN_POINT('',(8.610912703474E0,-2.008E1,-7.338120497338E0));
#3098=VERTEX_POINT('',#3096);
#3099=VERTEX_POINT('',#3097);
#3100=CARTESIAN_POINT('',(9.035176772186E0,-2.008E1,-7.762384566050E0));
#3101=VERTEX_POINT('',#3100);
#3102=CARTESIAN_POINT('',(8.752334059711E0,-2.048E1,-8.045227278525E0));
#3103=VERTEX_POINT('',#3102);
#3104=CARTESIAN_POINT('',(8.045227278525E0,-2.048E1,-8.752334059711E0));
#3105=CARTESIAN_POINT('',(7.762384566050E0,-2.008E1,-9.035176772186E0));
#3106=VERTEX_POINT('',#3104);
#3107=VERTEX_POINT('',#3105);
#3108=CARTESIAN_POINT('',(7.338120497338E0,-2.008E1,-8.610912703474E0));
#3109=VERTEX_POINT('',#3108);
#3110=CARTESIAN_POINT('',(7.620963209813E0,-2.048E1,-8.328069990999E0));
#3111=VERTEX_POINT('',#3110);
#3112=CARTESIAN_POINT('',(9.399336764497E0,-2.048E1,-6.549696436315E0));
#3113=DIRECTION('',(-7.071067811865E-1,0.E0,7.071067811865E-1));
#3114=DIRECTION('',(0.E0,1.E0,0.E0));
#3115=AXIS2_PLACEMENT_3D('',#3112,#3113,#3114);
#3116=PLANE('',#3115);
#3118=ORIENTED_EDGE('',*,*,#3117,.F.);
#3120=ORIENTED_EDGE('',*,*,#3119,.T.);
#3122=ORIENTED_EDGE('',*,*,#3121,.F.);
#3124=ORIENTED_EDGE('',*,*,#3123,.T.);
#3126=ORIENTED_EDGE('',*,*,#3125,.T.);
#3128=ORIENTED_EDGE('',*,*,#3127,.F.);
#3130=ORIENTED_EDGE('',*,*,#3129,.T.);
#3132=ORIENTED_EDGE('',*,*,#3131,.T.);
#3134=ORIENTED_EDGE('',*,*,#3133,.T.);
#3136=ORIENTED_EDGE('',*,*,#3135,.F.);
#3137=EDGE_LOOP('',(#3118,#3120,#3122,#3124,#3126,#3128,#3130,#3132,#3134,
#3136));
#3138=FACE_OUTER_BOUND('',#3137,.F.);
#3140=ORIENTED_EDGE('',*,*,#3139,.T.);
#3142=ORIENTED_EDGE('',*,*,#3141,.T.);
#3144=ORIENTED_EDGE('',*,*,#3143,.T.);
#3146=ORIENTED_EDGE('',*,*,#3145,.T.);
#3147=EDGE_LOOP('',(#3140,#3142,#3144,#3146));
#3148=FACE_BOUND('',#3147,.F.);
#3150=CARTESIAN_POINT('',(7.620963209813E0,-1.808E1,-8.328069990999E0));
#3151=DIRECTION('',(-7.071067811865E-1,0.E0,-7.071067811865E-1));
#3152=DIRECTION('',(0.E0,-1.E0,0.E0));
#3153=AXIS2_PLACEMENT_3D('',#3150,#3151,#3152);
#3154=PLANE('',#3153);
#3155=ORIENTED_EDGE('',*,*,#3139,.F.);
#3157=ORIENTED_EDGE('',*,*,#3156,.T.);
#3159=ORIENTED_EDGE('',*,*,#3158,.T.);
#3161=ORIENTED_EDGE('',*,*,#3160,.F.);
#3162=EDGE_LOOP('',(#3155,#3157,#3159,#3161));
#3163=FACE_OUTER_BOUND('',#3162,.F.);
#3165=CARTESIAN_POINT('',(8.328069990999E0,-1.808E1,-7.620963209813E0));
#3166=DIRECTION('',(0.E0,1.E0,0.E0));
#3167=DIRECTION('',(-7.071067811865E-1,0.E0,-7.071067811865E-1));
#3168=AXIS2_PLACEMENT_3D('',#3165,#3166,#3167);
#3169=PLANE('',#3168);
#3170=ORIENTED_EDGE('',*,*,#3145,.F.);
#3172=ORIENTED_EDGE('',*,*,#3171,.T.);
#3174=ORIENTED_EDGE('',*,*,#3173,.T.);
#3175=ORIENTED_EDGE('',*,*,#3156,.F.);
#3176=EDGE_LOOP('',(#3170,#3172,#3174,#3175));
#3177=FACE_OUTER_BOUND('',#3176,.F.);
#3179=CARTESIAN_POINT('',(8.328069990999E0,-2.008E1,-7.620963209813E0));
#3180=DIRECTION('',(7.071067811865E-1,0.E0,7.071067811865E-1));
#3181=DIRECTION('',(0.E0,1.E0,0.E0));
#3182=AXIS2_PLACEMENT_3D('',#3179,#3180,#3181);
#3183=PLANE('',#3182);
#3184=ORIENTED_EDGE('',*,*,#3143,.F.);
#3186=ORIENTED_EDGE('',*,*,#3185,.T.);
#3188=ORIENTED_EDGE('',*,*,#3187,.T.);
#3189=ORIENTED_EDGE('',*,*,#3171,.F.);
#3190=EDGE_LOOP('',(#3184,#3186,#3188,#3189));
#3191=FACE_OUTER_BOUND('',#3190,.F.);
#3193=CARTESIAN_POINT('',(7.620963209813E0,-2.008E1,-8.328069990999E0));
#3194=DIRECTION('',(0.E0,-1.E0,0.E0));
#3195=DIRECTION('',(7.071067811865E-1,0.E0,7.071067811865E-1));
#3196=AXIS2_PLACEMENT_3D('',#3193,#3194,#3195);
#3197=PLANE('',#3196);
#3198=ORIENTED_EDGE('',*,*,#3141,.F.);
#3199=ORIENTED_EDGE('',*,*,#3160,.T.);
#3201=ORIENTED_EDGE('',*,*,#3200,.T.);
#3202=ORIENTED_EDGE('',*,*,#3185,.F.);
#3203=EDGE_LOOP('',(#3198,#3199,#3201,#3202));
#3204=FACE_OUTER_BOUND('',#3203,.F.);
#3206=CARTESIAN_POINT('',(9.823600833209E0,-1.371923048454E1,
-6.973960505027E0));
#3207=DIRECTION('',(7.071067811865E-1,0.E0,-7.071067811865E-1));
#3208=DIRECTION('',(0.E0,-1.E0,0.E0));
#3209=AXIS2_PLACEMENT_3D('',#3206,#3207,#3208);
#3210=PLANE('',#3209);
#3212=ORIENTED_EDGE('',*,*,#3211,.F.);
#3214=ORIENTED_EDGE('',*,*,#3213,.T.);
#3216=ORIENTED_EDGE('',*,*,#3215,.F.);
#3218=ORIENTED_EDGE('',*,*,#3217,.F.);
#3220=ORIENTED_EDGE('',*,*,#3219,.T.);
#3222=ORIENTED_EDGE('',*,*,#3221,.T.);
#3224=ORIENTED_EDGE('',*,*,#3223,.F.);
#3226=ORIENTED_EDGE('',*,*,#3225,.F.);
#3228=ORIENTED_EDGE('',*,*,#3227,.F.);
#3230=ORIENTED_EDGE('',*,*,#3229,.F.);
#3231=EDGE_LOOP('',(#3212,#3214,#3216,#3218,#3220,#3222,#3224,#3226,#3228,
#3230));
#3232=FACE_OUTER_BOUND('',#3231,.F.);
#3233=ORIENTED_EDGE('',*,*,#3158,.F.);
#3234=ORIENTED_EDGE('',*,*,#3173,.F.);
#3235=ORIENTED_EDGE('',*,*,#3187,.F.);
#3236=ORIENTED_EDGE('',*,*,#3200,.F.);
#3237=EDGE_LOOP('',(#3233,#3234,#3235,#3236));
#3238=FACE_BOUND('',#3237,.F.);
#3240=CARTESIAN_POINT('',(8.681623381593E0,-2.028E1,-7.691673887931E0));
#3241=DIRECTION('',(5.E-1,-7.071067811865E-1,5.E-1));
#3242=DIRECTION('',(5.E-1,7.071067811865E-1,5.E-1));
#3243=AXIS2_PLACEMENT_3D('',#3240,#3241,#3242);
#3244=PLANE('',#3243);
#3245=ORIENTED_EDGE('',*,*,#3117,.T.);
#3247=ORIENTED_EDGE('',*,*,#3246,.F.);
#3248=ORIENTED_EDGE('',*,*,#3211,.T.);
#3250=ORIENTED_EDGE('',*,*,#3249,.T.);
#3251=EDGE_LOOP('',(#3245,#3247,#3248,#3250));
#3252=FACE_OUTER_BOUND('',#3251,.F.);
#3254=CARTESIAN_POINT('',(8.186648634762E0,-1.758E1,-6.913856428626E0));
#3255=DIRECTION('',(-7.071067811865E-1,0.E0,-7.071067811865E-1));
#3256=DIRECTION('',(0.E0,-1.E0,0.E0));
#3257=AXIS2_PLACEMENT_3D('',#3254,#3255,#3256);
#3258=PLANE('',#3257);
#3259=ORIENTED_EDGE('',*,*,#3246,.T.);
#3260=ORIENTED_EDGE('',*,*,#3135,.T.);
#3262=ORIENTED_EDGE('',*,*,#3261,.T.);
#3263=ORIENTED_EDGE('',*,*,#3213,.F.);
#3264=EDGE_LOOP('',(#3259,#3260,#3262,#3263));
#3265=FACE_OUTER_BOUND('',#3264,.F.);
#3267=CARTESIAN_POINT('',(8.600306101756E0,-1.758E1,-6.500198961632E0));
#3268=DIRECTION('',(0.E0,1.E0,0.E0));
#3269=DIRECTION('',(-7.071067811865E-1,0.E0,-7.071067811865E-1));
#3270=AXIS2_PLACEMENT_3D('',#3267,#3268,#3269);
#3271=PLANE('',#3270);
#3272=ORIENTED_EDGE('',*,*,#3133,.F.);
#3274=ORIENTED_EDGE('',*,*,#3273,.T.);
#3275=ORIENTED_EDGE('',*,*,#3215,.T.);
#3276=ORIENTED_EDGE('',*,*,#3261,.F.);
#3277=EDGE_LOOP('',(#3272,#3274,#3275,#3276));
#3278=FACE_OUTER_BOUND('',#3277,.F.);
#3280=CARTESIAN_POINT('',(8.600306101756E0,-1.258E1,-6.500198961632E0));
#3281=DIRECTION('',(-7.071067811865E-1,0.E0,-7.071067811865E-1));
#3282=DIRECTION('',(0.E0,-1.E0,0.E0));
#3283=AXIS2_PLACEMENT_3D('',#3280,#3281,#3282);
#3284=PLANE('',#3283);
#3286=ORIENTED_EDGE('',*,*,#3285,.T.);
#3288=ORIENTED_EDGE('',*,*,#3287,.T.);
#3290=ORIENTED_EDGE('',*,*,#3289,.T.);
#3292=ORIENTED_EDGE('',*,*,#3291,.T.);
#3294=ORIENTED_EDGE('',*,*,#3293,.T.);
#3296=ORIENTED_EDGE('',*,*,#3295,.T.);
#3297=ORIENTED_EDGE('',*,*,#3217,.T.);
#3298=ORIENTED_EDGE('',*,*,#3273,.F.);
#3299=ORIENTED_EDGE('',*,*,#3131,.F.);
#3301=ORIENTED_EDGE('',*,*,#3300,.T.);
#3302=EDGE_LOOP('',(#3286,#3288,#3290,#3292,#3294,#3296,#3297,#3298,#3299,
#3301));
#3303=FACE_OUTER_BOUND('',#3302,.F.);
#3305=CARTESIAN_POINT('',(9.823600833209E0,-2.048E1,-6.973960505027E0));
#3306=DIRECTION('',(0.E0,-1.E0,0.E0));
#3307=DIRECTION('',(-7.071067811865E-1,0.E0,7.071067811865E-1));
#3308=AXIS2_PLACEMENT_3D('',#3305,#3306,#3307);
#3309=PLANE('',#3308);
#3310=ORIENTED_EDGE('',*,*,#3249,.F.);
#3311=ORIENTED_EDGE('',*,*,#3229,.T.);
#3313=ORIENTED_EDGE('',*,*,#3312,.F.);
#3314=ORIENTED_EDGE('',*,*,#3119,.F.);
#3315=EDGE_LOOP('',(#3310,#3311,#3313,#3314));
#3316=FACE_OUTER_BOUND('',#3315,.F.);
#3318=CARTESIAN_POINT('',(7.691673887931E0,-2.028E1,-8.681623381593E0));
#3319=DIRECTION('',(-5.E-1,-7.071067811865E-1,-5.E-1));
#3320=DIRECTION('',(-5.E-1,7.071067811865E-1,-5.E-1));
#3321=AXIS2_PLACEMENT_3D('',#3318,#3319,#3320);
#3322=PLANE('',#3321);
#3323=ORIENTED_EDGE('',*,*,#3227,.T.);
#3325=ORIENTED_EDGE('',*,*,#3324,.F.);
#3326=ORIENTED_EDGE('',*,*,#3121,.T.);
#3327=ORIENTED_EDGE('',*,*,#3312,.T.);
#3328=EDGE_LOOP('',(#3323,#3325,#3326,#3327));
#3329=FACE_OUTER_BOUND('',#3328,.F.);
#3331=CARTESIAN_POINT('',(6.913856428626E0,-2.312E1,-8.186648634762E0));
#3332=DIRECTION('',(7.071067811865E-1,0.E0,7.071067811865E-1));
#3333=DIRECTION('',(0.E0,1.E0,0.E0));
#3334=AXIS2_PLACEMENT_3D('',#3331,#3332,#3333);
#3335=PLANE('',#3334);
#3336=ORIENTED_EDGE('',*,*,#3324,.T.);
#3337=ORIENTED_EDGE('',*,*,#3225,.T.);
#3339=ORIENTED_EDGE('',*,*,#3338,.F.);
#3340=ORIENTED_EDGE('',*,*,#3123,.F.);
#3341=EDGE_LOOP('',(#3336,#3337,#3339,#3340));
#3342=FACE_OUTER_BOUND('',#3341,.F.);
#3344=CARTESIAN_POINT('',(6.913856428626E0,-1.758E1,-8.186648634762E0));
#3345=DIRECTION('',(0.E0,1.E0,0.E0));
#3346=DIRECTION('',(-7.071067811865E-1,0.E0,-7.071067811865E-1));
#3347=AXIS2_PLACEMENT_3D('',#3344,#3345,#3346);
#3348=PLANE('',#3347);
#3349=ORIENTED_EDGE('',*,*,#3125,.F.);
#3350=ORIENTED_EDGE('',*,*,#3338,.T.);
#3351=ORIENTED_EDGE('',*,*,#3223,.T.);
#3353=ORIENTED_EDGE('',*,*,#3352,.F.);
#3354=EDGE_LOOP('',(#3349,#3350,#3351,#3353));
#3355=FACE_OUTER_BOUND('',#3354,.F.);
#3357=CARTESIAN_POINT('',(6.500198961632E0,-1.758E1,-8.600306101756E0));
#3358=DIRECTION('',(7.071067811865E-1,0.E0,7.071067811865E-1));
#3359=DIRECTION('',(0.E0,1.E0,0.E0));
#3360=AXIS2_PLACEMENT_3D('',#3357,#3358,#3359);
#3361=PLANE('',#3360);
#3363=ORIENTED_EDGE('',*,*,#3362,.T.);
#3365=ORIENTED_EDGE('',*,*,#3364,.T.);
#3366=ORIENTED_EDGE('',*,*,#3127,.T.);
#3367=ORIENTED_EDGE('',*,*,#3352,.T.);
#3368=ORIENTED_EDGE('',*,*,#3221,.F.);
#3370=ORIENTED_EDGE('',*,*,#3369,.T.);
#3372=ORIENTED_EDGE('',*,*,#3371,.T.);
#3374=ORIENTED_EDGE('',*,*,#3373,.T.);
#3376=ORIENTED_EDGE('',*,*,#3375,.T.);
#3378=ORIENTED_EDGE('',*,*,#3377,.T.);
#3379=EDGE_LOOP('',(#3363,#3365,#3366,#3367,#3368,#3370,#3372,#3374,#3376,
#3378));
#3380=FACE_OUTER_BOUND('',#3379,.F.);
#3382=OPEN_SHELL('',(#3149,#3164,#3178,#3192,#3205,#3239,#3253,#3266,#3279,
#3304,#3317,#3330,#3343,#3356,#3381));
#3383=SHELL_BASED_SURFACE_MODEL('',(#485,#742,#949,#1162,#1701,#2240,#2811,
#3382));
#3385=DIMENSIONAL_EXPONENTS(0.E0,0.E0,0.E0,0.E0,0.E0,0.E0,0.E0);
#3387=PLANE_ANGLE_MEASURE_WITH_UNIT(PLANE_ANGLE_MEASURE(1.745329251994E-2),
#3386);
#3388=(CONVERSION_BASED_UNIT('DEGREE',#3387)NAMED_UNIT(*)PLANE_ANGLE_UNIT());
#3390=UNCERTAINTY_MEASURE_WITH_UNIT(LENGTH_MEASURE(7.587068617252E-4),#3384,
'closure',
'Maximum model space distance between geometric entities at asserted connectivities');
#3393=APPLICATION_CONTEXT(
'CONFIGURATION CONTROLLED 3D DESIGNS OF MECHANICAL PARTS AND ASSEMBLIES');
#3394=APPLICATION_PROTOCOL_DEFINITION('international standard',
'config_control_design',1994,#3393);
#3395=DESIGN_CONTEXT('',#3393,'design');
#3396=MECHANICAL_CONTEXT('',#3393,'mechanical');
#3397=PRODUCT('AV3SLD209V009','AV3SLD209V009','NOT SPECIFIED',(#3396));
#3398=PRODUCT_DEFINITION_FORMATION_WITH_SPECIFIED_SOURCE('1','LAST_VERSION',
#3397,.MADE.);
#3402=PRODUCT_CATEGORY('part','');
#3403=PRODUCT_RELATED_PRODUCT_CATEGORY('detail','',(#3397));
#3404=PRODUCT_CATEGORY_RELATIONSHIP('','',#3402,#3403);
#3405=SECURITY_CLASSIFICATION_LEVEL('unclassified');
#3406=SECURITY_CLASSIFICATION('','',#3405);
#3407=CC_DESIGN_SECURITY_CLASSIFICATION(#3406,(#3398));
#3408=APPROVAL_STATUS('approved');
#3409=APPROVAL(#3408,'');
#3410=CC_DESIGN_APPROVAL(#3409,(#3406,#3398,#3399));
#3411=CALENDAR_DATE(111,27,10);
#3412=COORDINATED_UNIVERSAL_TIME_OFFSET(2,0,.AHEAD.);
#3413=LOCAL_TIME(12,20,4.3E1,#3412);
#3414=DATE_AND_TIME(#3411,#3413);
#3415=APPROVAL_DATE_TIME(#3414,#3409);
#3416=DATE_TIME_ROLE('creation_date');
#3417=CC_DESIGN_DATE_AND_TIME_ASSIGNMENT(#3414,#3416,(#3399));
#3418=DATE_TIME_ROLE('classification_date');
#3419=CC_DESIGN_DATE_AND_TIME_ASSIGNMENT(#3414,#3418,(#3406));
#3420=PERSON('UNSPECIFIED','UNSPECIFIED',$,$,$,$);
#3421=ORGANIZATION('UNSPECIFIED','UNSPECIFIED','UNSPECIFIED');
#3422=PERSON_AND_ORGANIZATION(#3420,#3421);
#3423=APPROVAL_ROLE('approver');
#3424=APPROVAL_PERSON_ORGANIZATION(#3422,#3409,#3423);
#3425=PERSON_AND_ORGANIZATION_ROLE('creator');
#3426=CC_DESIGN_PERSON_AND_ORGANIZATION_ASSIGNMENT(#3422,#3425,(#3398,#3399));
#3427=PERSON_AND_ORGANIZATION_ROLE('design_supplier');
#3428=CC_DESIGN_PERSON_AND_ORGANIZATION_ASSIGNMENT(#3422,#3427,(#3398));
#3429=PERSON_AND_ORGANIZATION_ROLE('classification_officer');
#3430=CC_DESIGN_PERSON_AND_ORGANIZATION_ASSIGNMENT(#3422,#3429,(#3406));
#3431=PERSON_AND_ORGANIZATION_ROLE('design_owner');
#3432=CC_DESIGN_PERSON_AND_ORGANIZATION_ASSIGNMENT(#3422,#3431,(#3397));
#5=CIRCLE('',#4,1.025E1);
#14=CIRCLE('',#13,1.025E1);
#27=CIRCLE('',#26,9.E0);
#36=CIRCLE('',#35,9.E0);
#41=CIRCLE('',#40,9.E0);
#46=CIRCLE('',#45,5.E-1);
#51=CIRCLE('',#50,5.E-1);
#56=CIRCLE('',#55,9.E0);
#69=CIRCLE('',#68,7.7E0);
#74=CIRCLE('',#73,7.7E0);
#79=CIRCLE('',#78,8.5E0);
#84=CIRCLE('',#83,8.5E0);
#93=CIRCLE('',#92,1.1E1);
#102=CIRCLE('',#101,1.1E1);
#107=CIRCLE('',#106,1.1E1);
#112=CIRCLE('',#111,1.1E1);
#121=CIRCLE('',#120,1.25E1);
#130=CIRCLE('',#129,1.25E1);
#135=CIRCLE('',#134,1.25E1);
#140=CIRCLE('',#139,2.3E1);
#145=CIRCLE('',#144,1.25E1);
#150=CIRCLE('',#149,2.3E1);
#155=CIRCLE('',#154,8.05E0);
#160=CIRCLE('',#159,8.05E0);
#165=CIRCLE('',#164,7.65E0);
#170=CIRCLE('',#169,7.65E0);
#220=EDGE_CURVE('',#173,#174,#9,.T.);
#222=EDGE_CURVE('',#174,#186,#102,.T.);
#224=EDGE_CURVE('',#185,#186,#18,.T.);
#226=EDGE_CURVE('',#173,#185,#5,.T.);
#230=ADVANCED_FACE('',(#229),#219,.T.);
#237=EDGE_CURVE('',#173,#185,#14,.T.);
#240=EDGE_CURVE('',#174,#186,#93,.T.);
#244=ADVANCED_FACE('',(#243),#235,.T.);
#250=EDGE_CURVE('',#200,#173,#22,.T.);
#252=EDGE_CURVE('',#200,#202,#27,.T.);
#254=EDGE_CURVE('',#202,#185,#31,.T.);
#259=ADVANCED_FACE('',(#258),#249,.T.);
#268=EDGE_CURVE('',#200,#202,#36,.T.);
#272=ADVANCED_FACE('',(#271),#264,.T.);
#278=EDGE_CURVE('',#209,#210,#41,.T.);
#280=EDGE_CURVE('',#209,#200,#64,.T.);
#283=EDGE_CURVE('',#210,#202,#60,.T.);
#287=ADVANCED_FACE('',(#286),#277,.T.);
#294=EDGE_CURVE('',#210,#214,#51,.T.);
#296=EDGE_CURVE('',#213,#214,#79,.T.);
#298=EDGE_CURVE('',#209,#213,#46,.T.);
#302=ADVANCED_FACE('',(#301),#292,.T.);
#308=EDGE_CURVE('',#210,#209,#56,.T.);
#311=EDGE_CURVE('',#214,#213,#84,.T.);
#316=ADVANCED_FACE('',(#315),#307,.T.);
#328=ADVANCED_FACE('',(#327),#321,.T.);
#338=EDGE_CURVE('',#206,#205,#69,.T.);
#340=EDGE_CURVE('',#205,#206,#74,.T.);
#344=ADVANCED_FACE('',(#337,#343),#333,.F.);
#350=EDGE_CURVE('',#174,#176,#88,.T.);
#353=EDGE_CURVE('',#186,#188,#97,.T.);
#355=EDGE_CURVE('',#176,#188,#112,.T.);
#359=ADVANCED_FACE('',(#358),#349,.T.);
#366=EDGE_CURVE('',#176,#188,#107,.T.);
#372=ADVANCED_FACE('',(#371),#364,.T.);
#378=EDGE_CURVE('',#179,#191,#121,.T.);
#380=EDGE_CURVE('',#179,#191,#130,.T.);
#388=ADVANCED_FACE('',(#383,#387),#377,.F.);
#394=EDGE_CURVE('',#179,#180,#116,.T.);
#397=EDGE_CURVE('',#191,#192,#125,.T.);
#399=EDGE_CURVE('',#180,#192,#145,.T.);
#403=ADVANCED_FACE('',(#402),#393,.T.);
#410=EDGE_CURVE('',#180,#192,#135,.T.);
#416=ADVANCED_FACE('',(#415),#408,.T.);
#434=EDGE_CURVE('',#180,#182,#140,.T.);
#436=EDGE_CURVE('',#182,#194,#160,.T.);
#438=EDGE_CURVE('',#192,#194,#150,.T.);
#443=ADVANCED_FACE('',(#442),#433,.T.);
#464=EDGE_CURVE('',#182,#194,#155,.T.);
#468=ADVANCED_FACE('',(#467),#460,.T.);
#478=EDGE_CURVE('',#197,#198,#165,.T.);
#480=EDGE_CURVE('',#198,#197,#170,.T.);
#484=ADVANCED_FACE('',(#477,#483),#473,.T.);
#490=CIRCLE('',#489,7.5E0);
#495=CIRCLE('',#494,7.5E0);
#500=CIRCLE('',#499,6.5E0);
#505=CIRCLE('',#504,6.5E0);
#514=CIRCLE('',#513,4.E-1);
#523=CIRCLE('',#522,4.E-1);
#532=CIRCLE('',#531,4.5E0);
#541=CIRCLE('',#540,3.7E0);
#546=CIRCLE('',#545,4.5E0);
#555=CIRCLE('',#554,3.7E0);
#564=CIRCLE('',#563,4.5E0);
#573=CIRCLE('',#572,3.7E0);
#586=CIRCLE('',#585,3.7E0);
#595=CIRCLE('',#594,4.5E0);
#649=EDGE_CURVE('',#598,#599,#490,.T.);
#651=EDGE_CURVE('',#599,#598,#495,.T.);
#655=EDGE_CURVE('',#602,#603,#500,.T.);
#657=EDGE_CURVE('',#603,#602,#505,.T.);
#661=ADVANCED_FACE('',(#654,#660),#648,.T.);
#667=EDGE_CURVE('',#607,#606,#509,.T.);
#669=EDGE_CURVE('',#606,#611,#514,.T.);
#671=EDGE_CURVE('',#611,#609,#518,.T.);
#673=EDGE_CURVE('',#609,#607,#523,.T.);
#677=ADVANCED_FACE('',(#676),#666,.T.);
#683=EDGE_CURVE('',#615,#614,#527,.T.);
#685=EDGE_CURVE('',#614,#619,#532,.T.);
#687=EDGE_CURVE('',#619,#617,#536,.T.);
#689=EDGE_CURVE('',#617,#615,#541,.T.);
#693=ADVANCED_FACE('',(#692),#682,.T.);
#699=EDGE_CURVE('',#623,#622,#546,.T.);
#701=EDGE_CURVE('',#622,#627,#550,.T.);
#703=EDGE_CURVE('',#627,#625,#555,.T.);
#705=EDGE_CURVE('',#625,#623,#559,.T.);
#709=ADVANCED_FACE('',(#708),#698,.T.);
#715=EDGE_CURVE('',#631,#630,#564,.T.);
#717=EDGE_CURVE('',#630,#635,#568,.T.);
#719=EDGE_CURVE('',#635,#633,#573,.T.);
#721=EDGE_CURVE('',#633,#631,#577,.T.);
#725=ADVANCED_FACE('',(#724),#714,.T.);
#731=EDGE_CURVE('',#639,#638,#581,.T.);
#733=EDGE_CURVE('',#638,#643,#586,.T.);
#735=EDGE_CURVE('',#643,#641,#590,.T.);
#737=EDGE_CURVE('',#641,#639,#595,.T.);
#741=ADVANCED_FACE('',(#740),#730,.T.);
#747=CIRCLE('',#746,6.5E0);
#752=CIRCLE('',#751,6.5E0);
#757=CIRCLE('',#756,4.E-1);
#766=CIRCLE('',#765,4.E-1);
#775=CIRCLE('',#774,4.5E0);
#784=CIRCLE('',#783,3.7E0);
#797=CIRCLE('',#796,4.5E0);
#806=CIRCLE('',#805,3.7E0);
#815=CIRCLE('',#814,4.5E0);
#824=CIRCLE('',#823,3.7E0);
#829=CIRCLE('',#828,3.7E0);
#838=CIRCLE('',#837,4.5E0);
#892=EDGE_CURVE('',#846,#845,#747,.T.);
#894=EDGE_CURVE('',#845,#846,#752,.T.);
#898=EDGE_CURVE('',#850,#849,#757,.T.);
#900=EDGE_CURVE('',#849,#854,#761,.T.);
#902=EDGE_CURVE('',#854,#852,#766,.T.);
#904=EDGE_CURVE('',#852,#850,#770,.T.);
#908=EDGE_CURVE('',#858,#857,#775,.T.);
#910=EDGE_CURVE('',#857,#862,#779,.T.);
#912=EDGE_CURVE('',#862,#860,#784,.T.);
#914=EDGE_CURVE('',#860,#858,#788,.T.);
#918=EDGE_CURVE('',#866,#865,#792,.T.);
#920=EDGE_CURVE('',#865,#870,#797,.T.);
#922=EDGE_CURVE('',#870,#868,#801,.T.);
#924=EDGE_CURVE('',#868,#866,#806,.T.);
#928=EDGE_CURVE('',#874,#873,#810,.T.);
#930=EDGE_CURVE('',#873,#878,#815,.T.);
#932=EDGE_CURVE('',#878,#876,#819,.T.);
#934=EDGE_CURVE('',#876,#874,#824,.T.);
#938=EDGE_CURVE('',#882,#881,#829,.T.);
#940=EDGE_CURVE('',#881,#886,#833,.T.);
#942=EDGE_CURVE('',#886,#884,#838,.T.);
#944=EDGE_CURVE('',#884,#882,#842,.T.);
#948=ADVANCED_FACE('',(#897,#907,#917,#927,#937,#947),#891,.T.);
#954=CIRCLE('',#953,7.4E0);
#967=CIRCLE('',#966,7.4E0);
#972=CIRCLE('',#971,7.4E0);
#977=CIRCLE('',#976,7.4E0);
#1087=EDGE_CURVE('',#1044,#1045,#958,.T.);
#1089=EDGE_CURVE('',#1044,#1048,#954,.T.);
#1091=EDGE_CURVE('',#1048,#1049,#962,.T.);
#1093=EDGE_CURVE('',#1045,#1049,#977,.T.);
#1097=ADVANCED_FACE('',(#1096),#1086,.T.);
#1104=EDGE_CURVE('',#1045,#1049,#972,.T.);
#1107=EDGE_CURVE('',#1048,#1044,#967,.T.);
#1111=ADVANCED_FACE('',(#1110),#1102,.T.);
#1121=EDGE_CURVE('',#1053,#1052,#981,.T.);
#1123=EDGE_CURVE('',#1052,#1056,#985,.T.);
#1125=EDGE_CURVE('',#1056,#1057,#989,.T.);
#1127=EDGE_CURVE('',#1057,#1053,#993,.T.);
#1131=EDGE_CURVE('',#1060,#1061,#997,.T.);
#1133=EDGE_CURVE('',#1061,#1065,#1001,.T.);
#1135=EDGE_CURVE('',#1065,#1064,#1005,.T.);
#1137=EDGE_CURVE('',#1064,#1060,#1009,.T.);
#1141=EDGE_CURVE('',#1069,#1068,#1013,.T.);
#1143=EDGE_CURVE('',#1068,#1073,#1017,.T.);
#1145=EDGE_CURVE('',#1073,#1071,#1021,.T.);
#1147=EDGE_CURVE('',#1071,#1069,#1025,.T.);
#1151=EDGE_CURVE('',#1077,#1076,#1029,.T.);
#1153=EDGE_CURVE('',#1076,#1081,#1033,.T.);
#1155=EDGE_CURVE('',#1081,#1079,#1037,.T.);
#1157=EDGE_CURVE('',#1079,#1077,#1041,.T.);
#1161=ADVANCED_FACE('',(#1120,#1130,#1140,#1150,#1160),#1116,.F.);
#1167=CIRCLE('',#1166,5.5E-1);
#1176=CIRCLE('',#1175,5.5E-1);
#1257=CIRCLE('',#1256,5.5E-1);
#1266=CIRCLE('',#1265,5.5E-1);
#1444=EDGE_CURVE('',#1417,#1418,#1184,.T.);
#1446=EDGE_CURVE('',#1417,#1375,#1188,.T.);
#1448=EDGE_CURVE('',#1375,#1376,#1192,.T.);
#1450=EDGE_CURVE('',#1376,#1378,#1196,.T.);
#1452=EDGE_CURVE('',#1378,#1434,#1200,.T.);
#1454=EDGE_CURVE('',#1434,#1394,#1204,.T.);
#1456=EDGE_CURVE('',#1394,#1393,#1208,.T.);
#1458=EDGE_CURVE('',#1393,#1432,#1212,.T.);
#1460=EDGE_CURVE('',#1432,#1369,#1216,.T.);
#1462=EDGE_CURVE('',#1369,#1370,#1220,.T.);
#1464=EDGE_CURVE('',#1370,#1372,#1224,.T.);
#1466=EDGE_CURVE('',#1372,#1426,#1228,.T.);
#1468=EDGE_CURVE('',#1425,#1426,#1232,.T.);
#1470=EDGE_CURVE('',#1425,#1418,#1236,.T.);
#1474=EDGE_CURVE('',#1401,#1402,#1167,.T.);
#1476=EDGE_CURVE('',#1402,#1404,#1171,.T.);
#1478=EDGE_CURVE('',#1404,#1406,#1176,.T.);
#1480=EDGE_CURVE('',#1406,#1401,#1180,.T.);
#1484=ADVANCED_FACE('',(#1473,#1483),#1443,.F.);
#1491=EDGE_CURVE('',#1401,#1409,#1240,.T.);
#1493=EDGE_CURVE('',#1409,#1410,#1257,.T.);
#1495=EDGE_CURVE('',#1402,#1410,#1252,.T.);
#1499=ADVANCED_FACE('',(#1498),#1489,.F.);
#1506=EDGE_CURVE('',#1406,#1414,#1244,.T.);
#1508=EDGE_CURVE('',#1414,#1409,#1261,.T.);
#1513=ADVANCED_FACE('',(#1512),#1504,.T.);
#1520=EDGE_CURVE('',#1404,#1412,#1248,.T.);
#1522=EDGE_CURVE('',#1412,#1414,#1266,.T.);
#1527=ADVANCED_FACE('',(#1526),#1518,.F.);
#1535=EDGE_CURVE('',#1410,#1412,#1270,.T.);
#1540=ADVANCED_FACE('',(#1539),#1532,.T.);
#1546=EDGE_CURVE('',#1420,#1422,#1274,.T.);
#1548=EDGE_CURVE('',#1430,#1420,#1278,.T.);
#1550=EDGE_CURVE('',#1428,#1430,#1282,.T.);
#1552=EDGE_CURVE('',#1384,#1428,#1286,.T.);
#1554=EDGE_CURVE('',#1382,#1384,#1290,.T.);
#1556=EDGE_CURVE('',#1381,#1382,#1294,.T.);
#1558=EDGE_CURVE('',#1381,#1436,#1298,.T.);
#1560=EDGE_CURVE('',#1436,#1397,#1302,.T.);
#1562=EDGE_CURVE('',#1397,#1398,#1306,.T.);
#1564=EDGE_CURVE('',#1398,#1438,#1310,.T.);
#1566=EDGE_CURVE('',#1438,#1390,#1314,.T.);
#1568=EDGE_CURVE('',#1388,#1390,#1318,.T.);
#1570=EDGE_CURVE('',#1387,#1388,#1322,.T.);
#1572=EDGE_CURVE('',#1422,#1387,#1326,.T.);
#1582=ADVANCED_FACE('',(#1575,#1581),#1545,.T.);
#1589=EDGE_CURVE('',#1420,#1418,#1330,.T.);
#1592=EDGE_CURVE('',#1422,#1417,#1354,.T.);
#1596=ADVANCED_FACE('',(#1595),#1587,.T.);
#1604=EDGE_CURVE('',#1430,#1425,#1334,.T.);
#1609=ADVANCED_FACE('',(#1608),#1601,.T.);
#1616=EDGE_CURVE('',#1428,#1426,#1338,.T.);
#1622=ADVANCED_FACE('',(#1621),#1614,.T.);
#1630=EDGE_CURVE('',#1372,#1384,#1342,.T.);
#1635=ADVANCED_FACE('',(#1634),#1627,.T.);
#1642=EDGE_CURVE('',#1370,#1382,#1346,.T.);
#1648=ADVANCED_FACE('',(#1647),#1640,.T.);
#1655=EDGE_CURVE('',#1369,#1381,#1350,.T.);
#1661=ADVANCED_FACE('',(#1660),#1653,.T.);
#1669=EDGE_CURVE('',#1375,#1387,#1358,.T.);
#1674=ADVANCED_FACE('',(#1673),#1666,.T.);
#1683=EDGE_CURVE('',#1376,#1388,#1362,.T.);
#1687=ADVANCED_FACE('',(#1686),#1679,.T.);
#1696=EDGE_CURVE('',#1390,#1378,#1366,.T.);
#1700=ADVANCED_FACE('',(#1699),#1692,.T.);
#1706=CIRCLE('',#1705,5.5E-1);
#1715=CIRCLE('',#1714,5.5E-1);
#1796=CIRCLE('',#1795,5.5E-1);
#1805=CIRCLE('',#1804,5.5E-1);
#1983=EDGE_CURVE('',#1956,#1957,#1723,.T.);
#1985=EDGE_CURVE('',#1956,#1914,#1727,.T.);
#1987=EDGE_CURVE('',#1914,#1915,#1731,.T.);
#1989=EDGE_CURVE('',#1915,#1917,#1735,.T.);
#1991=EDGE_CURVE('',#1917,#1973,#1739,.T.);
#1993=EDGE_CURVE('',#1973,#1933,#1743,.T.);
#1995=EDGE_CURVE('',#1933,#1932,#1747,.T.);
#1997=EDGE_CURVE('',#1932,#1971,#1751,.T.);
#1999=EDGE_CURVE('',#1971,#1908,#1755,.T.);
#2001=EDGE_CURVE('',#1908,#1909,#1759,.T.);
#2003=EDGE_CURVE('',#1909,#1911,#1763,.T.);
#2005=EDGE_CURVE('',#1911,#1965,#1767,.T.);
#2007=EDGE_CURVE('',#1964,#1965,#1771,.T.);
#2009=EDGE_CURVE('',#1964,#1957,#1775,.T.);
#2013=EDGE_CURVE('',#1940,#1941,#1706,.T.);
#2015=EDGE_CURVE('',#1941,#1943,#1710,.T.);
#2017=EDGE_CURVE('',#1943,#1945,#1715,.T.);
#2019=EDGE_CURVE('',#1945,#1940,#1719,.T.);
#2023=ADVANCED_FACE('',(#2012,#2022),#1982,.F.);
#2030=EDGE_CURVE('',#1940,#1948,#1779,.T.);
#2032=EDGE_CURVE('',#1948,#1949,#1796,.T.);
#2034=EDGE_CURVE('',#1941,#1949,#1791,.T.);
#2038=ADVANCED_FACE('',(#2037),#2028,.F.);
#2045=EDGE_CURVE('',#1945,#1953,#1783,.T.);
#2047=EDGE_CURVE('',#1953,#1948,#1800,.T.);
#2052=ADVANCED_FACE('',(#2051),#2043,.T.);
#2059=EDGE_CURVE('',#1943,#1951,#1787,.T.);
#2061=EDGE_CURVE('',#1951,#1953,#1805,.T.);
#2066=ADVANCED_FACE('',(#2065),#2057,.F.);
#2074=EDGE_CURVE('',#1949,#1951,#1809,.T.);
#2079=ADVANCED_FACE('',(#2078),#2071,.T.);
#2085=EDGE_CURVE('',#1959,#1961,#1813,.T.);
#2087=EDGE_CURVE('',#1969,#1959,#1817,.T.);
#2089=EDGE_CURVE('',#1967,#1969,#1821,.T.);
#2091=EDGE_CURVE('',#1923,#1967,#1825,.T.);
#2093=EDGE_CURVE('',#1921,#1923,#1829,.T.);
#2095=EDGE_CURVE('',#1920,#1921,#1833,.T.);
#2097=EDGE_CURVE('',#1920,#1975,#1837,.T.);
#2099=EDGE_CURVE('',#1975,#1936,#1841,.T.);
#2101=EDGE_CURVE('',#1936,#1937,#1845,.T.);
#2103=EDGE_CURVE('',#1937,#1977,#1849,.T.);
#2105=EDGE_CURVE('',#1977,#1929,#1853,.T.);
#2107=EDGE_CURVE('',#1927,#1929,#1857,.T.);
#2109=EDGE_CURVE('',#1926,#1927,#1861,.T.);
#2111=EDGE_CURVE('',#1961,#1926,#1865,.T.);
#2121=ADVANCED_FACE('',(#2114,#2120),#2084,.T.);
#2128=EDGE_CURVE('',#1959,#1957,#1869,.T.);
#2131=EDGE_CURVE('',#1961,#1956,#1893,.T.);
#2135=ADVANCED_FACE('',(#2134),#2126,.T.);
#2143=EDGE_CURVE('',#1969,#1964,#1873,.T.);
#2148=ADVANCED_FACE('',(#2147),#2140,.T.);
#2155=EDGE_CURVE('',#1967,#1965,#1877,.T.);
#2161=ADVANCED_FACE('',(#2160),#2153,.T.);
#2169=EDGE_CURVE('',#1911,#1923,#1881,.T.);
#2174=ADVANCED_FACE('',(#2173),#2166,.T.);
#2181=EDGE_CURVE('',#1909,#1921,#1885,.T.);
#2187=ADVANCED_FACE('',(#2186),#2179,.T.);
#2194=EDGE_CURVE('',#1908,#1920,#1889,.T.);
#2200=ADVANCED_FACE('',(#2199),#2192,.T.);
#2208=EDGE_CURVE('',#1914,#1926,#1897,.T.);
#2213=ADVANCED_FACE('',(#2212),#2205,.T.);
#2222=EDGE_CURVE('',#1915,#1927,#1901,.T.);
#2226=ADVANCED_FACE('',(#2225),#2218,.T.);
#2235=EDGE_CURVE('',#1929,#1917,#1905,.T.);
#2239=ADVANCED_FACE('',(#2238),#2231,.T.);
#2381=CIRCLE('',#2380,8.E-1);
#2402=CIRCLE('',#2401,8.E-1);
#2431=CIRCLE('',#2430,8.E-1);
#2444=CIRCLE('',#2443,8.E-1);
#2546=EDGE_CURVE('',#2527,#2528,#2260,.T.);
#2548=EDGE_CURVE('',#2527,#2540,#2264,.T.);
#2550=EDGE_CURVE('',#2538,#2540,#2268,.T.);
#2552=EDGE_CURVE('',#2538,#2469,#2272,.T.);
#2554=EDGE_CURVE('',#2469,#2470,#2276,.T.);
#2556=EDGE_CURVE('',#2472,#2470,#2280,.T.);
#2558=EDGE_CURVE('',#2472,#2463,#2284,.T.);
#2560=EDGE_CURVE('',#2463,#2464,#2288,.T.);
#2562=EDGE_CURVE('',#2464,#2466,#2292,.T.);
#2564=EDGE_CURVE('',#2528,#2466,#2296,.T.);
#2568=EDGE_CURVE('',#2511,#2512,#2244,.T.);
#2570=EDGE_CURVE('',#2512,#2514,#2248,.T.);
#2572=EDGE_CURVE('',#2514,#2516,#2252,.T.);
#2574=EDGE_CURVE('',#2516,#2511,#2256,.T.);
#2578=ADVANCED_FACE('',(#2567,#2577),#2545,.T.);
#2585=EDGE_CURVE('',#2511,#2519,#2300,.T.);
#2587=EDGE_CURVE('',#2519,#2520,#2316,.T.);
#2589=EDGE_CURVE('',#2512,#2520,#2312,.T.);
#2593=ADVANCED_FACE('',(#2592),#2583,.F.);
#2600=EDGE_CURVE('',#2516,#2524,#2304,.T.);
#2602=EDGE_CURVE('',#2524,#2519,#2320,.T.);
#2607=ADVANCED_FACE('',(#2606),#2598,.F.);
#2614=EDGE_CURVE('',#2514,#2522,#2308,.T.);
#2616=EDGE_CURVE('',#2522,#2524,#2324,.T.);
#2621=ADVANCED_FACE('',(#2620),#2612,.F.);
#2629=EDGE_CURVE('',#2520,#2522,#2328,.T.);
#2634=ADVANCED_FACE('',(#2633),#2626,.F.);
#2640=EDGE_CURVE('',#2530,#2532,#2332,.T.);
#2642=EDGE_CURVE('',#2530,#2484,#2336,.T.);
#2644=EDGE_CURVE('',#2483,#2484,#2340,.T.);
#2646=EDGE_CURVE('',#2496,#2483,#2344,.T.);
#2648=EDGE_CURVE('',#2496,#2495,#2348,.T.);
#2650=EDGE_CURVE('',#2495,#2488,#2352,.T.);
#2652=EDGE_CURVE('',#2487,#2488,#2356,.T.);
#2654=EDGE_CURVE('',#2536,#2487,#2360,.T.);
#2656=EDGE_CURVE('',#2535,#2536,#2364,.T.);
#2658=EDGE_CURVE('',#2532,#2535,#2414,.T.);
#2668=ADVANCED_FACE('',(#2661,#2667),#2639,.T.);
#2675=EDGE_CURVE('',#2530,#2528,#2368,.T.);
#2678=EDGE_CURVE('',#2532,#2527,#2410,.T.);
#2682=ADVANCED_FACE('',(#2681),#2673,.T.);
#2690=EDGE_CURVE('',#2466,#2484,#2372,.T.);
#2695=ADVANCED_FACE('',(#2694),#2687,.F.);
#2702=EDGE_CURVE('',#2464,#2483,#2376,.T.);
#2708=ADVANCED_FACE('',(#2707),#2700,.F.);
#2714=EDGE_CURVE('',#2504,#2503,#2381,.T.);
#2716=EDGE_CURVE('',#2503,#2490,#2385,.T.);
#2718=EDGE_CURVE('',#2490,#2476,#2389,.T.);
#2720=EDGE_CURVE('',#2476,#2475,#2393,.T.);
#2722=EDGE_CURVE('',#2475,#2498,#2397,.T.);
#2724=EDGE_CURVE('',#2498,#2496,#2402,.T.);
#2729=EDGE_CURVE('',#2463,#2504,#2406,.T.);
#2733=ADVANCED_FACE('',(#2732),#2713,.F.);
#2741=EDGE_CURVE('',#2540,#2535,#2418,.T.);
#2746=ADVANCED_FACE('',(#2745),#2738,.T.);
#2753=EDGE_CURVE('',#2538,#2536,#2422,.T.);
#2759=ADVANCED_FACE('',(#2758),#2751,.T.);
#2767=EDGE_CURVE('',#2469,#2487,#2426,.T.);
#2772=ADVANCED_FACE('',(#2771),#2764,.F.);
#2781=EDGE_CURVE('',#2470,#2488,#2439,.T.);
#2785=ADVANCED_FACE('',(#2784),#2777,.F.);
#2791=EDGE_CURVE('',#2508,#2507,#2431,.T.);
#2793=EDGE_CURVE('',#2507,#2472,#2435,.T.);
#2798=EDGE_CURVE('',#2495,#2500,#2444,.T.);
#2800=EDGE_CURVE('',#2500,#2479,#2448,.T.);
#2802=EDGE_CURVE('',#2479,#2480,#2452,.T.);
#2804=EDGE_CURVE('',#2480,#2492,#2456,.T.);
#2806=EDGE_CURVE('',#2492,#2508,#2460,.T.);
#2810=ADVANCED_FACE('',(#2809),#2790,.F.);
#2952=CIRCLE('',#2951,8.E-1);
#2973=CIRCLE('',#2972,8.E-1);
#3002=CIRCLE('',#3001,8.E-1);
#3015=CIRCLE('',#3014,8.E-1);
#3117=EDGE_CURVE('',#3098,#3099,#2831,.T.);
#3119=EDGE_CURVE('',#3098,#3111,#2835,.T.);
#3121=EDGE_CURVE('',#3109,#3111,#2839,.T.);
#3123=EDGE_CURVE('',#3109,#3040,#2843,.T.);
#3125=EDGE_CURVE('',#3040,#3041,#2847,.T.);
#3127=EDGE_CURVE('',#3043,#3041,#2851,.T.);
#3129=EDGE_CURVE('',#3043,#3034,#2855,.T.);
#3131=EDGE_CURVE('',#3034,#3035,#2859,.T.);
#3133=EDGE_CURVE('',#3035,#3037,#2863,.T.);
#3135=EDGE_CURVE('',#3099,#3037,#2867,.T.);
#3139=EDGE_CURVE('',#3082,#3083,#2815,.T.);
#3141=EDGE_CURVE('',#3083,#3085,#2819,.T.);
#3143=EDGE_CURVE('',#3085,#3087,#2823,.T.);
#3145=EDGE_CURVE('',#3087,#3082,#2827,.T.);
#3149=ADVANCED_FACE('',(#3138,#3148),#3116,.T.);
#3156=EDGE_CURVE('',#3082,#3090,#2871,.T.);
#3158=EDGE_CURVE('',#3090,#3091,#2887,.T.);
#3160=EDGE_CURVE('',#3083,#3091,#2883,.T.);
#3164=ADVANCED_FACE('',(#3163),#3154,.F.);
#3171=EDGE_CURVE('',#3087,#3095,#2875,.T.);
#3173=EDGE_CURVE('',#3095,#3090,#2891,.T.);
#3178=ADVANCED_FACE('',(#3177),#3169,.F.);
#3185=EDGE_CURVE('',#3085,#3093,#2879,.T.);
#3187=EDGE_CURVE('',#3093,#3095,#2895,.T.);
#3192=ADVANCED_FACE('',(#3191),#3183,.F.);
#3200=EDGE_CURVE('',#3091,#3093,#2899,.T.);
#3205=ADVANCED_FACE('',(#3204),#3197,.F.);
#3211=EDGE_CURVE('',#3101,#3103,#2903,.T.);
#3213=EDGE_CURVE('',#3101,#3055,#2907,.T.);
#3215=EDGE_CURVE('',#3054,#3055,#2911,.T.);
#3217=EDGE_CURVE('',#3067,#3054,#2915,.T.);
#3219=EDGE_CURVE('',#3067,#3066,#2919,.T.);
#3221=EDGE_CURVE('',#3066,#3059,#2923,.T.);
#3223=EDGE_CURVE('',#3058,#3059,#2927,.T.);
#3225=EDGE_CURVE('',#3107,#3058,#2931,.T.);
#3227=EDGE_CURVE('',#3106,#3107,#2935,.T.);
#3229=EDGE_CURVE('',#3103,#3106,#2985,.T.);
#3239=ADVANCED_FACE('',(#3232,#3238),#3210,.T.);
#3246=EDGE_CURVE('',#3101,#3099,#2939,.T.);
#3249=EDGE_CURVE('',#3103,#3098,#2981,.T.);
#3253=ADVANCED_FACE('',(#3252),#3244,.T.);
#3261=EDGE_CURVE('',#3037,#3055,#2943,.T.);
#3266=ADVANCED_FACE('',(#3265),#3258,.F.);
#3273=EDGE_CURVE('',#3035,#3054,#2947,.T.);
#3279=ADVANCED_FACE('',(#3278),#3271,.F.);
#3285=EDGE_CURVE('',#3075,#3074,#2952,.T.);
#3287=EDGE_CURVE('',#3074,#3061,#2956,.T.);
#3289=EDGE_CURVE('',#3061,#3047,#2960,.T.);
#3291=EDGE_CURVE('',#3047,#3046,#2964,.T.);
#3293=EDGE_CURVE('',#3046,#3069,#2968,.T.);
#3295=EDGE_CURVE('',#3069,#3067,#2973,.T.);
#3300=EDGE_CURVE('',#3034,#3075,#2977,.T.);
#3304=ADVANCED_FACE('',(#3303),#3284,.F.);
#3312=EDGE_CURVE('',#3111,#3106,#2989,.T.);
#3317=ADVANCED_FACE('',(#3316),#3309,.T.);
#3324=EDGE_CURVE('',#3109,#3107,#2993,.T.);
#3330=ADVANCED_FACE('',(#3329),#3322,.T.);
#3338=EDGE_CURVE('',#3040,#3058,#2997,.T.);
#3343=ADVANCED_FACE('',(#3342),#3335,.F.);
#3352=EDGE_CURVE('',#3041,#3059,#3010,.T.);
#3356=ADVANCED_FACE('',(#3355),#3348,.F.);
#3362=EDGE_CURVE('',#3079,#3078,#3002,.T.);
#3364=EDGE_CURVE('',#3078,#3043,#3006,.T.);
#3369=EDGE_CURVE('',#3066,#3071,#3015,.T.);
#3371=EDGE_CURVE('',#3071,#3050,#3019,.T.);
#3373=EDGE_CURVE('',#3050,#3051,#3023,.T.);
#3375=EDGE_CURVE('',#3051,#3063,#3027,.T.);
#3377=EDGE_CURVE('',#3063,#3079,#3031,.T.);
#3381=ADVANCED_FACE('',(#3380),#3361,.F.);
#3384=(LENGTH_UNIT()NAMED_UNIT(*)SI_UNIT(.MILLI.,.METRE.));
#3386=(NAMED_UNIT(*)PLANE_ANGLE_UNIT()SI_UNIT($,.RADIAN.));
#3389=(NAMED_UNIT(*)SI_UNIT($,.STERADIAN.)SOLID_ANGLE_UNIT());
#3391=(GEOMETRIC_REPRESENTATION_CONTEXT(3)GLOBAL_UNCERTAINTY_ASSIGNED_CONTEXT((
#3390))GLOBAL_UNIT_ASSIGNED_CONTEXT((#3384,#3388,#3389))REPRESENTATION_CONTEXT(
'ID1','3'));
#3392=MANIFOLD_SURFACE_SHAPE_REPRESENTATION('',(#3383),#3391);
#3399=PRODUCT_DEFINITION('design','',#3398,#3395);
#3400=PRODUCT_DEFINITION_SHAPE('','SHAPE FOR AV3SLD209V009.',#3399);
#3401=SHAPE_DEFINITION_REPRESENTATION(#3400,#3392);
ENDSEC;
END-ISO-10303-21;
