ISO-10303-21;
HEADER;
FILE_DESCRIPTION((''),'2;1');
FILE_NAME('AV900220000840K','2014-12-22T',('brevel'),(''),
'PRO/ENGINEER BY PARAMETRIC TECHNOLOGY CORPORATION, 2013410',
'PRO/ENGINEER BY PARAMETRIC TECHNOLOGY CORPORATION, 2013410','');
FILE_SCHEMA(('CONFIG_CONTROL_DESIGN'));
ENDSEC;
DATA;
#1=CARTESIAN_POINT('',(0.E0,0.E0,7.1E0));
#2=DIRECTION('',(0.E0,0.E0,1.E0));
#3=DIRECTION('',(1.E0,0.E0,0.E0));
#4=AXIS2_PLACEMENT_3D('',#1,#2,#3);
#6=CARTESIAN_POINT('',(0.E0,0.E0,7.1E0));
#7=DIRECTION('',(0.E0,0.E0,1.E0));
#8=DIRECTION('',(-1.E0,0.E0,0.E0));
#9=AXIS2_PLACEMENT_3D('',#6,#7,#8);
#11=DIRECTION('',(-2.182381259834E-13,0.E0,1.E0));
#12=VECTOR('',#11,2.1E0);
#13=CARTESIAN_POINT('',(8.88E0,0.E0,7.1E0));
#14=LINE('',#13,#12);
#15=DIRECTION('',(2.182381259834E-13,0.E0,1.E0));
#16=VECTOR('',#15,2.1E0);
#17=CARTESIAN_POINT('',(-8.88E0,0.E0,7.1E0));
#18=LINE('',#17,#16);
#19=CARTESIAN_POINT('',(0.E0,0.E0,9.2E0));
#20=DIRECTION('',(0.E0,0.E0,-1.E0));
#21=DIRECTION('',(1.E0,0.E0,0.E0));
#22=AXIS2_PLACEMENT_3D('',#19,#20,#21);
#24=DIRECTION('',(-2.588190451027E-1,0.E0,9.659258262890E-1));
#25=VECTOR('',#24,2.395496049194E0);
#26=CARTESIAN_POINT('',(-8.88E0,0.E0,9.2E0));
#27=LINE('',#26,#25);
#28=CARTESIAN_POINT('',(0.E0,0.E0,1.151387150069E1));
#29=DIRECTION('',(0.E0,0.E0,1.E0));
#30=DIRECTION('',(-1.E0,0.E0,0.E0));
#31=AXIS2_PLACEMENT_3D('',#28,#29,#30);
#33=DIRECTION('',(2.588190451027E-1,0.E0,9.659258262890E-1));
#34=VECTOR('',#33,2.395496049194E0);
#35=CARTESIAN_POINT('',(8.88E0,0.E0,9.2E0));
#36=LINE('',#35,#34);
#37=CARTESIAN_POINT('',(0.E0,0.E0,1.151387150069E1));
#38=DIRECTION('',(0.E0,0.E0,1.E0));
#39=DIRECTION('',(1.E0,0.E0,0.E0));
#40=AXIS2_PLACEMENT_3D('',#37,#38,#39);
#42=CARTESIAN_POINT('',(0.E0,0.E0,9.2E0));
#43=DIRECTION('',(0.E0,0.E0,-1.E0));
#44=DIRECTION('',(-1.E0,0.E0,0.E0));
#45=AXIS2_PLACEMENT_3D('',#42,#43,#44);
#47=DIRECTION('',(7.517458947369E-14,0.E0,1.E0));
#48=VECTOR('',#47,1.058612849931E1);
#49=CARTESIAN_POINT('',(9.499999999999E0,0.E0,1.151387150069E1));
#50=LINE('',#49,#48);
#51=CARTESIAN_POINT('',(0.E0,0.E0,2.21E1));
#52=DIRECTION('',(0.E0,0.E0,-1.E0));
#53=DIRECTION('',(1.E0,0.E0,0.E0));
#54=AXIS2_PLACEMENT_3D('',#51,#52,#53);
#56=CARTESIAN_POINT('',(0.E0,0.E0,2.21E1));
#57=DIRECTION('',(0.E0,0.E0,-1.E0));
#58=DIRECTION('',(-1.E0,0.E0,0.E0));
#59=AXIS2_PLACEMENT_3D('',#56,#57,#58);
#61=DIRECTION('',(-7.517458947369E-14,0.E0,1.E0));
#62=VECTOR('',#61,1.058612849931E1);
#63=CARTESIAN_POINT('',(-9.499999999999E0,0.E0,1.151387150069E1));
#64=LINE('',#63,#62);
#65=DIRECTION('',(0.E0,0.E0,1.E0));
#66=VECTOR('',#65,1.E0);
#67=CARTESIAN_POINT('',(0.E0,-8.85E0,2.21E1));
#68=LINE('',#67,#66);
#69=CARTESIAN_POINT('',(0.E0,0.E0,2.31E1));
#70=DIRECTION('',(0.E0,0.E0,1.E0));
#71=DIRECTION('',(0.E0,-1.E0,0.E0));
#72=AXIS2_PLACEMENT_3D('',#69,#70,#71);
#74=CARTESIAN_POINT('',(0.E0,0.E0,2.21E1));
#75=DIRECTION('',(0.E0,0.E0,-1.E0));
#76=DIRECTION('',(0.E0,1.E0,0.E0));
#77=AXIS2_PLACEMENT_3D('',#74,#75,#76);
#79=CARTESIAN_POINT('',(0.E0,0.E0,2.21E1));
#80=DIRECTION('',(0.E0,0.E0,-1.E0));
#81=DIRECTION('',(0.E0,-1.E0,0.E0));
#82=AXIS2_PLACEMENT_3D('',#79,#80,#81);
#84=DIRECTION('',(0.E0,0.E0,1.E0));
#85=VECTOR('',#84,1.E0);
#86=CARTESIAN_POINT('',(0.E0,8.85E0,2.21E1));
#87=LINE('',#86,#85);
#88=CARTESIAN_POINT('',(0.E0,0.E0,2.31E1));
#89=DIRECTION('',(0.E0,0.E0,1.E0));
#90=DIRECTION('',(0.E0,1.E0,0.E0));
#91=AXIS2_PLACEMENT_3D('',#88,#89,#90);
#93=CARTESIAN_POINT('',(0.E0,0.E0,2.31E1));
#94=DIRECTION('',(0.E0,0.E0,1.E0));
#95=DIRECTION('',(-1.E0,0.E0,0.E0));
#96=AXIS2_PLACEMENT_3D('',#93,#94,#95);
#98=CARTESIAN_POINT('',(0.E0,0.E0,2.31E1));
#99=DIRECTION('',(0.E0,0.E0,1.E0));
#100=DIRECTION('',(1.E0,0.E0,0.E0));
#101=AXIS2_PLACEMENT_3D('',#98,#99,#100);
#103=DIRECTION('',(9.643079985317E-14,0.E0,1.E0));
#104=VECTOR('',#103,6.999999999999E-1);
#105=CARTESIAN_POINT('',(-1.1E1,0.E0,2.31E1));
#106=LINE('',#105,#104);
#107=DIRECTION('',(-9.135549459774E-14,0.E0,1.E0));
#108=VECTOR('',#107,6.999999999999E-1);
#109=CARTESIAN_POINT('',(1.1E1,0.E0,2.31E1));
#110=LINE('',#109,#108);
#111=CARTESIAN_POINT('',(0.E0,0.E0,4.747441116742E0));
#112=DIRECTION('',(0.E0,-1.E0,0.E0));
#113=DIRECTION('',(5.E-1,0.E0,8.660254037844E-1));
#114=AXIS2_PLACEMENT_3D('',#111,#112,#113);
#116=CARTESIAN_POINT('',(0.E0,0.E0,2.38E1));
#117=DIRECTION('',(0.E0,0.E0,-1.E0));
#118=DIRECTION('',(-1.E0,0.E0,0.E0));
#119=AXIS2_PLACEMENT_3D('',#116,#117,#118);
#121=CARTESIAN_POINT('',(0.E0,0.E0,2.38E1));
#122=DIRECTION('',(0.E0,0.E0,-1.E0));
#123=DIRECTION('',(1.E0,0.E0,0.E0));
#124=AXIS2_PLACEMENT_3D('',#121,#122,#123);
#126=CARTESIAN_POINT('',(0.E0,0.E0,4.747441116742E0));
#127=DIRECTION('',(0.E0,1.E0,0.E0));
#128=DIRECTION('',(-5.E-1,0.E0,8.660254037844E-1));
#129=AXIS2_PLACEMENT_3D('',#126,#127,#128);
#131=CARTESIAN_POINT('',(0.E0,0.E0,2.53E1));
#132=DIRECTION('',(0.E0,0.E0,1.E0));
#133=DIRECTION('',(-1.E0,0.E0,0.E0));
#134=AXIS2_PLACEMENT_3D('',#131,#132,#133);
#136=CARTESIAN_POINT('',(0.E0,0.E0,2.53E1));
#137=DIRECTION('',(0.E0,0.E0,-1.E0));
#138=DIRECTION('',(-1.E0,0.E0,0.E0));
#139=AXIS2_PLACEMENT_3D('',#136,#137,#138);
#141=DIRECTION('',(5.000000000002E-1,8.660254037843E-1,0.E0));
#142=VECTOR('',#141,9.999999999996E-2);
#143=CARTESIAN_POINT('',(-1.167949192431E0,-6.022947341949E0,0.E0));
#144=LINE('',#143,#142);
#145=DIRECTION('',(8.400687552997E-14,-9.029813933618E-14,-1.E0));
#146=VECTOR('',#145,1.2E0);
#147=CARTESIAN_POINT('',(-1.117949192431E0,-5.936344801571E0,0.E0));
#148=LINE('',#147,#146);
#149=DIRECTION('',(-4.999999999998E-1,-8.660254037846E-1,0.E0));
#150=VECTOR('',#149,5.000000000007E-1);
#151=CARTESIAN_POINT('',(-1.117949192431E0,-5.936344801571E0,-1.2E0));
#152=LINE('',#151,#150);
#153=DIRECTION('',(4.999999999996E-1,8.660254037847E-1,0.E0));
#154=VECTOR('',#153,5.000000000007E-1);
#155=CARTESIAN_POINT('',(-1.367949192431E0,-6.369357503464E0,2.E0));
#156=LINE('',#155,#154);
#157=DIRECTION('',(0.E0,0.E0,-1.E0));
#158=VECTOR('',#157,1.826794919243E0);
#159=CARTESIAN_POINT('',(-1.117949192431E0,-5.936344801571E0,2.E0));
#160=LINE('',#159,#158);
#161=DIRECTION('',(-2.5E-1,-4.330127018922E-1,-8.660254037844E-1));
#162=VECTOR('',#161,2.E-1);
#163=CARTESIAN_POINT('',(-1.117949192431E0,-5.936344801571E0,
1.732050807569E-1));
#164=LINE('',#163,#162);
#165=CARTESIAN_POINT('',(0.E0,0.E0,-6.E-1));
#166=DIRECTION('',(0.E0,0.E0,1.E0));
#167=DIRECTION('',(8.586264300444E-1,-5.126018470793E-1,0.E0));
#168=AXIS2_PLACEMENT_3D('',#165,#166,#167);
#170=DIRECTION('',(-8.660254037844E-1,-5.E-1,0.E0));
#171=VECTOR('',#170,6.919537556802E0);
#172=CARTESIAN_POINT('',(-1.037523466852E-1,7.099241892665E0,-6.E-1));
#173=LINE('',#172,#171);
#174=CARTESIAN_POINT('',(0.E0,0.E0,-6.E-1));
#175=DIRECTION('',(0.E0,0.E0,1.E0));
#176=DIRECTION('',(-8.586264300444E-1,5.126018470793E-1,0.E0));
#177=AXIS2_PLACEMENT_3D('',#174,#175,#176);
#179=DIRECTION('',(8.660254037844E-1,5.E-1,0.E0));
#180=VECTOR('',#179,6.919537556802E0);
#181=CARTESIAN_POINT('',(1.037523466852E-1,-7.099241892665E0,-6.E-1));
#182=LINE('',#181,#180);
#183=CARTESIAN_POINT('',(0.E0,0.E0,-3.E-1));
#184=DIRECTION('',(0.E0,0.E0,1.E0));
#185=DIRECTION('',(8.531198214188E-1,-5.217150278670E-1,0.E0));
#186=AXIS2_PLACEMENT_3D('',#183,#184,#185);
#188=CARTESIAN_POINT('',(0.E0,0.E0,-3.E-1));
#189=DIRECTION('',(0.E0,0.E0,1.E0));
#190=DIRECTION('',(4.393551943801E-9,1.E0,0.E0));
#191=AXIS2_PLACEMENT_3D('',#188,#189,#190);
#193=DIRECTION('',(8.660254037844E-1,5.E-1,0.E0));
#194=VECTOR('',#193,7.073895673531E0);
#195=CARTESIAN_POINT('',(1.869133215011E-1,-7.397639042982E0,-3.E-1));
#196=LINE('',#195,#194);
#197=CARTESIAN_POINT('',(6.313086678500E0,-3.860691206217E0,-3.E-1));
#198=CARTESIAN_POINT('',(6.313086678500E0,-3.860691206217E0,
-3.155371398111E-1));
#199=CARTESIAN_POINT('',(6.311332850242E0,-3.858893234551E0,
-3.466744924443E-1));
#200=CARTESIAN_POINT('',(6.303571285519E0,-3.850931808349E0,
-3.921718856497E-1));
#201=CARTESIAN_POINT('',(6.290531017670E0,-3.837572165889E0,
-4.361485693226E-1));
#202=CARTESIAN_POINT('',(6.273150203741E0,-3.819764813837E0,
-4.757503309472E-1));
#203=CARTESIAN_POINT('',(6.251449522410E0,-3.797570456519E0,
-5.114729819857E-1));
#204=CARTESIAN_POINT('',(6.225581162494E0,-3.771125749927E0,
-5.425456303332E-1));
#205=CARTESIAN_POINT('',(6.196372778029E0,-3.741322997992E0,
-5.676282560816E-1));
#206=CARTESIAN_POINT('',(6.164993030472E0,-3.709341726420E0,
-5.859041086362E-1));
#207=CARTESIAN_POINT('',(6.131416129341E0,-3.675182115762E0,
-5.973528115583E-1));
#208=CARTESIAN_POINT('',(6.108042906860E0,-3.651442009912E0,-6.E-1));
#209=CARTESIAN_POINT('',(6.096247653316E0,-3.639473114264E0,-6.E-1));
#211=CARTESIAN_POINT('',(1.037523466852E-1,-7.099241892665E0,-6.E-1));
#212=CARTESIAN_POINT('',(1.081289910902E-1,-7.115111025819E0,-6.E-1));
#213=CARTESIAN_POINT('',(1.168647110003E-1,-7.146728172570E0,
-5.974617945935E-1));
#214=CARTESIAN_POINT('',(1.296155608932E-1,-7.192731677643E0,
-5.862300957621E-1));
#215=CARTESIAN_POINT('',(1.416835958643E-1,-7.236120900629E0,
-5.680374980650E-1));
#216=CARTESIAN_POINT('',(1.530005867294E-1,-7.276718232963E0,
-5.428425303351E-1));
#217=CARTESIAN_POINT('',(1.630931643446E-1,-7.312790451965E0,
-5.114218992282E-1));
#218=CARTESIAN_POINT('',(1.715451386587E-1,-7.342971280526E0,
-4.752601422934E-1));
#219=CARTESIAN_POINT('',(1.783080075942E-1,-7.367038561400E0,
-4.352010022848E-1));
#220=CARTESIAN_POINT('',(1.833192396247E-1,-7.384874968940E0,
-3.910399600325E-1));
#221=CARTESIAN_POINT('',(1.862653476335E-1,-7.395335266236E0,
-3.457553232751E-1));
#222=CARTESIAN_POINT('',(1.869133215011E-1,-7.397639042982E0,
-3.151732219462E-1));
#223=CARTESIAN_POINT('',(1.869133215011E-1,-7.397639042982E0,-3.E-1));
#225=CARTESIAN_POINT('',(1.869133215006E-1,-7.397639042982E0,4.3E0));
#226=CARTESIAN_POINT('',(1.869133215006E-1,-7.397639042982E0,4.295145834738E0));
#227=CARTESIAN_POINT('',(1.873413095688E-1,-7.397391943955E0,4.285402347130E0));
#228=CARTESIAN_POINT('',(1.892830547579E-1,-7.396270876847E0,4.270740795591E0));
#229=CARTESIAN_POINT('',(1.926000150482E-1,-7.394355828931E0,4.255855412975E0));
#230=CARTESIAN_POINT('',(1.973923948815E-1,-7.391588947144E0,4.240723515632E0));
#231=CARTESIAN_POINT('',(2.038301441228E-1,-7.387872110887E0,4.225225288178E0));
#232=CARTESIAN_POINT('',(2.121145986996E-1,-7.383089078807E0,4.209317706071E0));
#233=CARTESIAN_POINT('',(2.225441617132E-1,-7.377067567793E0,4.192901560490E0));
#234=CARTESIAN_POINT('',(2.354106929688E-1,-7.369639072509E0,4.176006912337E0));
#235=CARTESIAN_POINT('',(2.511774502337E-1,-7.360536130958E0,4.158550115644E0));
#236=CARTESIAN_POINT('',(2.703285344525E-1,-7.349479247329E0,4.140582874241E0));
#237=CARTESIAN_POINT('',(2.933803374737E-1,-7.336170282650E0,4.122232182388E0));
#238=CARTESIAN_POINT('',(3.209364654594E-1,-7.320260744739E0,4.103662468565E0));
#239=CARTESIAN_POINT('',(3.536772957979E-1,-7.301357817530E0,4.085111744608E0));
#240=CARTESIAN_POINT('',(3.922135720840E-1,-7.279108888042E0,4.066965108276E0));
#241=CARTESIAN_POINT('',(4.372637276689E-1,-7.253099168588E0,4.049645875064E0));
#242=CARTESIAN_POINT('',(4.896262894379E-1,-7.222867629456E0,4.033686309099E0));
#243=CARTESIAN_POINT('',(5.495458990010E-1,-7.188273026745E0,4.019862853292E0));
#244=CARTESIAN_POINT('',(6.173021417202E-1,-7.149153941771E0,4.008934043118E0));
#245=CARTESIAN_POINT('',(6.928027099665E-1,-7.105563668371E0,4.001750768251E0));
#246=CARTESIAN_POINT('',(7.475781837462E-1,-7.073939033839E0,4.E0));
#247=CARTESIAN_POINT('',(7.761366246288E-1,-7.057450810307E0,4.E0));
#249=CARTESIAN_POINT('',(0.E0,0.E0,4.E0));
#250=DIRECTION('',(0.E0,0.E0,1.E0));
#251=DIRECTION('',(1.093150175533E-1,-9.940071563813E-1,0.E0));
#252=AXIS2_PLACEMENT_3D('',#249,#250,#251);
#254=DIRECTION('',(-8.660254037844E-1,-5.E-1,0.E0));
#255=VECTOR('',#254,5.713142742835E0);
#256=CARTESIAN_POINT('',(5.723863375371E0,-4.200879438890E0,4.E0));
#257=LINE('',#256,#255);
#258=CARTESIAN_POINT('',(0.E0,0.E0,4.3E0));
#259=DIRECTION('',(0.E0,0.E0,1.E0));
#260=DIRECTION('',(2.525855695955E-2,-9.996809517543E-1,0.E0));
#261=AXIS2_PLACEMENT_3D('',#258,#259,#260);
#263=CARTESIAN_POINT('',(6.313086678499E0,-3.860691206216E0,4.3E0));
#264=CARTESIAN_POINT('',(6.313086678499E0,-3.860691206216E0,4.295145979454E0));
#265=CARTESIAN_POINT('',(6.312658711404E0,-3.860938293133E0,4.285402705827E0));
#266=CARTESIAN_POINT('',(6.310717054629E0,-3.862059309195E0,4.270741392499E0));
#267=CARTESIAN_POINT('',(6.307400072197E0,-3.863974369895E0,4.255855734381E0));
#268=CARTESIAN_POINT('',(6.302607800031E0,-3.866741189520E0,4.240724050765E0));
#269=CARTESIAN_POINT('',(6.296169996668E0,-3.870458057025E0,4.225225575021E0));
#270=CARTESIAN_POINT('',(6.287885565244E0,-3.875241075738E0,4.209317990234E0));
#271=CARTESIAN_POINT('',(6.277456020654E0,-3.881262576114E0,4.192901828026E0));
#272=CARTESIAN_POINT('',(6.264589681529E0,-3.888690960472E0,4.176007370802E0));
#273=CARTESIAN_POINT('',(6.248823002901E0,-3.897793856622E0,4.158550573942E0));
#274=CARTESIAN_POINT('',(6.229671927698E0,-3.908850735045E0,4.140583270170E0));
#275=CARTESIAN_POINT('',(6.206620089060E0,-3.922159720288E0,4.122232488188E0));
#276=CARTESIAN_POINT('',(6.179063771348E0,-3.938069367737E0,4.103662604023E0));
#277=CARTESIAN_POINT('',(6.146322700999E0,-3.956972433517E0,4.085111740756E0));
#278=CARTESIAN_POINT('',(6.107786256446E0,-3.979221460153E0,4.066965015266E0));
#279=CARTESIAN_POINT('',(6.062735114760E0,-4.005231748933E0,4.049645467445E0));
#280=CARTESIAN_POINT('',(6.010372700856E0,-4.035463202696E0,4.033686046987E0));
#281=CARTESIAN_POINT('',(5.950452913931E0,-4.070057907807E0,4.019862616246E0));
#282=CARTESIAN_POINT('',(5.882696579010E0,-4.109177046013E0,4.008933889113E0));
#283=CARTESIAN_POINT('',(5.807196657449E0,-4.152766946049E0,4.001750743973E0));
#284=CARTESIAN_POINT('',(5.752421581698E0,-4.184391350779E0,4.E0));
#285=CARTESIAN_POINT('',(5.723863375371E0,-4.200879438890E0,4.E0));
#287=DIRECTION('',(0.E0,0.E0,-1.E0));
#288=VECTOR('',#287,4.3E0);
#289=CARTESIAN_POINT('',(1.869133215006E-1,-7.397639042982E0,4.3E0));
#290=LINE('',#289,#288);
#291=CARTESIAN_POINT('',(0.E0,0.E0,8.1E0));
#292=DIRECTION('',(0.E0,0.E0,1.E0));
#293=DIRECTION('',(0.E0,-1.E0,0.E0));
#294=AXIS2_PLACEMENT_3D('',#291,#292,#293);
#296=DIRECTION('',(0.E0,0.E0,-1.E0));
#297=VECTOR('',#296,8.1E0);
#298=CARTESIAN_POINT('',(0.E0,7.4E0,8.1E0));
#299=LINE('',#298,#297);
#300=DIRECTION('',(0.E0,0.E0,1.E0));
#301=VECTOR('',#300,4.3E0);
#302=CARTESIAN_POINT('',(6.313086678499E0,-3.860691206216E0,0.E0));
#303=LINE('',#302,#301);
#304=DIRECTION('',(-9.591964903514E-14,1.803388356522E-13,-1.E0));
#305=VECTOR('',#304,4.6E0);
#306=CARTESIAN_POINT('',(-1.869133215006E-1,7.397639042982E0,4.3E0));
#307=LINE('',#306,#305);
#308=DIRECTION('',(-1.447730824111E-12,2.673417043297E-12,1.E0));
#309=VECTOR('',#308,3.E-1);
#310=CARTESIAN_POINT('',(6.313086678500E0,-3.860691206217E0,-3.E-1));
#311=LINE('',#310,#309);
#312=CARTESIAN_POINT('',(0.E0,0.E0,0.E0));
#313=DIRECTION('',(0.E0,0.E0,1.E0));
#314=DIRECTION('',(8.531198214188E-1,-5.217150278670E-1,0.E0));
#315=AXIS2_PLACEMENT_3D('',#312,#313,#314);
#317=CARTESIAN_POINT('',(0.E0,0.E0,8.1E0));
#318=DIRECTION('',(0.E0,0.E0,1.E0));
#319=DIRECTION('',(0.E0,1.E0,0.E0));
#320=AXIS2_PLACEMENT_3D('',#317,#318,#319);
#322=DIRECTION('',(0.E0,0.E0,-1.E0));
#323=VECTOR('',#322,8.1E0);
#324=CARTESIAN_POINT('',(0.E0,-7.4E0,8.1E0));
#325=LINE('',#324,#323);
#326=CARTESIAN_POINT('',(0.E0,0.E0,0.E0));
#327=DIRECTION('',(0.E0,0.E0,1.E0));
#328=DIRECTION('',(0.E0,-1.E0,0.E0));
#329=AXIS2_PLACEMENT_3D('',#326,#327,#328);
#331=DIRECTION('',(1.473636028019E-12,-2.768156074732E-12,-1.E0));
#332=VECTOR('',#331,3.E-1);
#333=CARTESIAN_POINT('',(1.869133215006E-1,-7.397639042982E0,0.E0));
#334=LINE('',#333,#332);
#335=DIRECTION('',(9.441722765943E-14,-1.740636620347E-13,1.E0));
#336=VECTOR('',#335,4.6E0);
#337=CARTESIAN_POINT('',(-6.313086678500E0,3.860691206217E0,-3.E-1));
#338=LINE('',#337,#336);
#339=CARTESIAN_POINT('',(0.E0,0.E0,4.3E0));
#340=DIRECTION('',(0.E0,0.E0,1.E0));
#341=DIRECTION('',(-2.525855695955E-2,9.996809517543E-1,0.E0));
#342=AXIS2_PLACEMENT_3D('',#339,#340,#341);
#344=CARTESIAN_POINT('',(0.E0,0.E0,4.3E0));
#345=DIRECTION('',(0.E0,0.E0,1.E0));
#346=DIRECTION('',(-5.009417065232E-1,8.654810261731E-1,0.E0));
#347=AXIS2_PLACEMENT_3D('',#344,#345,#346);
#349=CARTESIAN_POINT('',(-6.313086678499E0,3.860691206216E0,4.3E0));
#350=CARTESIAN_POINT('',(-6.313086678499E0,3.860691206216E0,4.295145979454E0));
#351=CARTESIAN_POINT('',(-6.312658711404E0,3.860938293133E0,4.285402705828E0));
#352=CARTESIAN_POINT('',(-6.310717054629E0,3.862059309195E0,4.270741392499E0));
#353=CARTESIAN_POINT('',(-6.307400072197E0,3.863974369895E0,4.255855734381E0));
#354=CARTESIAN_POINT('',(-6.302607800031E0,3.866741189520E0,4.240724050765E0));
#355=CARTESIAN_POINT('',(-6.296169996667E0,3.870458057025E0,4.225225575021E0));
#356=CARTESIAN_POINT('',(-6.287885565243E0,3.875241075738E0,4.209317990234E0));
#357=CARTESIAN_POINT('',(-6.277456020654E0,3.881262576114E0,4.192901828025E0));
#358=CARTESIAN_POINT('',(-6.264589681527E0,3.888690960472E0,4.176007370801E0));
#359=CARTESIAN_POINT('',(-6.248823002899E0,3.897793856623E0,4.158550573940E0));
#360=CARTESIAN_POINT('',(-6.229671927695E0,3.908850735047E0,4.140583270168E0));
#361=CARTESIAN_POINT('',(-6.206620089056E0,3.922159720291E0,4.122232488184E0));
#362=CARTESIAN_POINT('',(-6.179063771342E0,3.938069367741E0,4.103662604019E0));
#363=CARTESIAN_POINT('',(-6.146322700992E0,3.956972433521E0,4.085111740752E0));
#364=CARTESIAN_POINT('',(-6.107786256443E0,3.979221460155E0,4.066965015265E0));
#365=CARTESIAN_POINT('',(-6.062735114761E0,4.005231748932E0,4.049645467446E0));
#366=CARTESIAN_POINT('',(-6.010372700854E0,4.035463202697E0,4.033686046986E0));
#367=CARTESIAN_POINT('',(-5.950452913931E0,4.070057907807E0,4.019862616246E0));
#368=CARTESIAN_POINT('',(-5.882696579010E0,4.109177046013E0,4.008933889113E0));
#369=CARTESIAN_POINT('',(-5.807196657450E0,4.152766946049E0,4.001750743973E0));
#370=CARTESIAN_POINT('',(-5.752421581698E0,4.184391350779E0,4.E0));
#371=CARTESIAN_POINT('',(-5.723863375371E0,4.200879438890E0,4.E0));
#373=CARTESIAN_POINT('',(-1.869133215006E-1,7.397639042982E0,4.3E0));
#374=CARTESIAN_POINT('',(-1.869133215006E-1,7.397639042982E0,4.295145834738E0));
#375=CARTESIAN_POINT('',(-1.873413095687E-1,7.397391943955E0,4.285402347130E0));
#376=CARTESIAN_POINT('',(-1.892830547576E-1,7.396270876848E0,4.270740795593E0));
#377=CARTESIAN_POINT('',(-1.926000150479E-1,7.394355828931E0,4.255855412976E0));
#378=CARTESIAN_POINT('',(-1.973923948814E-1,7.391588947144E0,4.240723515632E0));
#379=CARTESIAN_POINT('',(-2.038301441232E-1,7.387872110886E0,4.225225288177E0));
#380=CARTESIAN_POINT('',(-2.121145987E-1,7.383089078807E0,4.209317706070E0));
#381=CARTESIAN_POINT('',(-2.225441617139E-1,7.377067567793E0,4.192901560489E0));
#382=CARTESIAN_POINT('',(-2.354106929704E-1,7.369639072508E0,4.176006912335E0));
#383=CARTESIAN_POINT('',(-2.511774502368E-1,7.360536130956E0,4.158550115640E0));
#384=CARTESIAN_POINT('',(-2.703285344568E-1,7.349479247327E0,4.140582874238E0));
#385=CARTESIAN_POINT('',(-2.933803374801E-1,7.336170282646E0,4.122232182383E0));
#386=CARTESIAN_POINT('',(-3.209364654674E-1,7.320260744735E0,4.103662468560E0));
#387=CARTESIAN_POINT('',(-3.536772958068E-1,7.301357817525E0,4.085111744603E0));
#388=CARTESIAN_POINT('',(-3.922135720875E-1,7.279108888040E0,4.066965108274E0));
#389=CARTESIAN_POINT('',(-4.372637276685E-1,7.253099168589E0,4.049645875064E0));
#390=CARTESIAN_POINT('',(-4.896262894422E-1,7.222867629453E0,4.033686309098E0));
#391=CARTESIAN_POINT('',(-5.495458990025E-1,7.188273026744E0,4.019862853292E0));
#392=CARTESIAN_POINT('',(-6.173021417218E-1,7.149153941771E0,4.008934043118E0));
#393=CARTESIAN_POINT('',(-6.928027099665E-1,7.105563668371E0,4.001750768251E0));
#394=CARTESIAN_POINT('',(-7.475781837461E-1,7.073939033839E0,4.E0));
#395=CARTESIAN_POINT('',(-7.761366246288E-1,7.057450810307E0,4.E0));
#397=CARTESIAN_POINT('',(0.E0,0.E0,4.E0));
#398=DIRECTION('',(0.E0,0.E0,1.E0));
#399=DIRECTION('',(-1.093150175533E-1,9.940071563813E-1,0.E0));
#400=AXIS2_PLACEMENT_3D('',#397,#398,#399);
#402=DIRECTION('',(8.660254037844E-1,5.E-1,0.E0));
#403=VECTOR('',#402,5.713142742835E0);
#404=CARTESIAN_POINT('',(-5.723863375371E0,4.200879438890E0,4.E0));
#405=LINE('',#404,#403);
#406=CARTESIAN_POINT('',(-1.037523466852E-1,7.099241892665E0,-6.E-1));
#407=CARTESIAN_POINT('',(-1.081289910902E-1,7.115111025819E0,-6.E-1));
#408=CARTESIAN_POINT('',(-1.168647110003E-1,7.146728172570E0,
-5.974617945935E-1));
#409=CARTESIAN_POINT('',(-1.296155608932E-1,7.192731677643E0,
-5.862300957621E-1));
#410=CARTESIAN_POINT('',(-1.416835958644E-1,7.236120900629E0,
-5.680374980649E-1));
#411=CARTESIAN_POINT('',(-1.530005867294E-1,7.276718232963E0,
-5.428425303350E-1));
#412=CARTESIAN_POINT('',(-1.630931643447E-1,7.312790451965E0,
-5.114218992280E-1));
#413=CARTESIAN_POINT('',(-1.715451386588E-1,7.342971280527E0,
-4.752601422931E-1));
#414=CARTESIAN_POINT('',(-1.783080075943E-1,7.367038561401E0,
-4.352010022844E-1));
#415=CARTESIAN_POINT('',(-1.833192396249E-1,7.384874968940E0,
-3.910399600322E-1));
#416=CARTESIAN_POINT('',(-1.862653476338E-1,7.395335266236E0,
-3.457553232749E-1));
#417=CARTESIAN_POINT('',(-1.869133215011E-1,7.397639042982E0,
-3.151732219462E-1));
#418=CARTESIAN_POINT('',(-1.869133215011E-1,7.397639042982E0,-3.E-1));
#420=DIRECTION('',(-8.660254037844E-1,-5.E-1,0.E0));
#421=VECTOR('',#420,7.073895673531E0);
#422=CARTESIAN_POINT('',(-1.869133215011E-1,7.397639042982E0,-3.E-1));
#423=LINE('',#422,#421);
#424=CARTESIAN_POINT('',(-6.313086678500E0,3.860691206217E0,-3.E-1));
#425=CARTESIAN_POINT('',(-6.313086678500E0,3.860691206217E0,
-3.155371398111E-1));
#426=CARTESIAN_POINT('',(-6.311332850242E0,3.858893234551E0,
-3.466744924443E-1));
#427=CARTESIAN_POINT('',(-6.303571285519E0,3.850931808349E0,
-3.921718856497E-1));
#428=CARTESIAN_POINT('',(-6.290531017670E0,3.837572165889E0,
-4.361485693226E-1));
#429=CARTESIAN_POINT('',(-6.273150203741E0,3.819764813837E0,
-4.757503309472E-1));
#430=CARTESIAN_POINT('',(-6.251449522410E0,3.797570456519E0,
-5.114729819857E-1));
#431=CARTESIAN_POINT('',(-6.225581162494E0,3.771125749927E0,
-5.425456303332E-1));
#432=CARTESIAN_POINT('',(-6.196372778029E0,3.741322997992E0,
-5.676282560816E-1));
#433=CARTESIAN_POINT('',(-6.164993030472E0,3.709341726420E0,
-5.859041086362E-1));
#434=CARTESIAN_POINT('',(-6.131416129341E0,3.675182115762E0,
-5.973528115583E-1));
#435=CARTESIAN_POINT('',(-6.108042906860E0,3.651442009912E0,-6.E-1));
#436=CARTESIAN_POINT('',(-6.096247653316E0,3.639473114264E0,-6.E-1));
#438=CARTESIAN_POINT('',(0.E0,0.E0,-3.E-1));
#439=DIRECTION('',(0.E0,0.E0,1.E0));
#440=DIRECTION('',(-8.531198214188E-1,5.217150278671E-1,0.E0));
#441=AXIS2_PLACEMENT_3D('',#438,#439,#440);
#443=CARTESIAN_POINT('',(0.E0,0.E0,-3.E-1));
#444=DIRECTION('',(0.E0,0.E0,1.E0));
#445=DIRECTION('',(-8.787104699086E-9,-1.E0,0.E0));
#446=AXIS2_PLACEMENT_3D('',#443,#444,#445);
#448=DIRECTION('',(-8.660254037844E-1,5.E-1,4.747601193071E-13));
#449=VECTOR('',#448,2.780000000001E0);
#450=CARTESIAN_POINT('',(-1.896224688740E0,-6.064357503464E0,-8.7E0));
#451=LINE('',#450,#449);
#452=DIRECTION('',(-6.123724357007E-1,3.535533905815E-1,7.071067811882E-1));
#453=VECTOR('',#452,1.414213562161E-2);
#454=CARTESIAN_POINT('',(-4.303775311262E0,-4.674357503463E0,
-8.699999999999E0));
#455=LINE('',#454,#453);
#456=DIRECTION('',(0.E0,-1.197677174763E-14,1.E0));
#457=VECTOR('',#456,7.49E0);
#458=CARTESIAN_POINT('',(-4.312435565298E0,-4.669357503464E0,-8.69E0));
#459=LINE('',#458,#457);
#460=DIRECTION('',(-8.660254037845E-1,4.999999999999E-1,0.E0));
#461=VECTOR('',#460,6.000000000003E-1);
#462=CARTESIAN_POINT('',(-4.312435565298E0,-4.669357503464E0,-1.2E0));
#463=LINE('',#462,#461);
#464=DIRECTION('',(-1.776356839400E-14,1.637578961322E-14,1.E0));
#465=VECTOR('',#464,3.2E0);
#466=CARTESIAN_POINT('',(-4.832050807569E0,-4.369357503464E0,-1.2E0));
#467=LINE('',#466,#465);
#468=DIRECTION('',(8.660254037845E-1,-4.999999999999E-1,0.E0));
#469=VECTOR('',#468,5.E-1);
#470=CARTESIAN_POINT('',(-4.832050807569E0,-4.369357503464E0,2.E0));
#471=LINE('',#470,#469);
#472=DIRECTION('',(0.E0,0.E0,1.E0));
#473=VECTOR('',#472,2.8E0);
#474=CARTESIAN_POINT('',(-4.399038105677E0,-4.619357503464E0,2.E0));
#475=LINE('',#474,#473);
#476=DIRECTION('',(8.660254037844E-1,-5.E-1,0.E0));
#477=VECTOR('',#476,3.000000000001E0);
#478=CARTESIAN_POINT('',(-4.399038105677E0,-4.619357503464E0,4.8E0));
#479=LINE('',#478,#477);
#480=DIRECTION('',(0.E0,0.E0,-1.E0));
#481=VECTOR('',#480,2.8E0);
#482=CARTESIAN_POINT('',(-1.800961894323E0,-6.119357503464E0,4.8E0));
#483=LINE('',#482,#481);
#484=DIRECTION('',(8.660254037845E-1,-4.999999999999E-1,0.E0));
#485=VECTOR('',#484,4.999999999996E-1);
#486=CARTESIAN_POINT('',(-1.800961894323E0,-6.119357503464E0,2.E0));
#487=LINE('',#486,#485);
#488=DIRECTION('',(1.346145417358E-14,-2.359223927328E-14,-1.E0));
#489=VECTOR('',#488,3.2E0);
#490=CARTESIAN_POINT('',(-1.367949192431E0,-6.369357503464E0,2.E0));
#491=LINE('',#490,#489);
#492=DIRECTION('',(-8.660254037845E-1,4.999999999999E-1,0.E0));
#493=VECTOR('',#492,6.000000000003E-1);
#494=CARTESIAN_POINT('',(-1.367949192431E0,-6.369357503464E0,-1.2E0));
#495=LINE('',#494,#493);
#496=DIRECTION('',(-1.034627064337E-14,0.E0,-1.E0));
#497=VECTOR('',#496,7.49E0);
#498=CARTESIAN_POINT('',(-1.887564434702E0,-6.069357503464E0,-1.2E0));
#499=LINE('',#498,#497);
#500=DIRECTION('',(-6.123724356858E-1,3.535533906064E-1,-7.071067811886E-1));
#501=VECTOR('',#500,1.414213562374E-2);
#502=CARTESIAN_POINT('',(-1.887564434702E0,-6.069357503464E0,-8.69E0));
#503=LINE('',#502,#501);
#504=DIRECTION('',(-8.660254037843E-1,5.000000000002E-1,1.796315905012E-14));
#505=VECTOR('',#504,1.78E0);
#506=CARTESIAN_POINT('',(-2.285155645455E0,-5.738005681130E0,-9.2E0));
#507=LINE('',#506,#505);
#508=DIRECTION('',(5.458053582441E-1,-4.579850747977E-1,7.016738431598E-1));
#509=VECTOR('',#508,7.125817855038E-1);
#510=CARTESIAN_POINT('',(-2.285155645455E0,-5.738005681130E0,-9.2E0));
#511=LINE('',#510,#509);
#512=DIRECTION('',(-6.695293884507E-1,2.436887683625E-1,-7.016738431599E-1));
#513=VECTOR('',#512,7.125817855030E-1);
#514=CARTESIAN_POINT('',(-1.646224688740E0,-5.631344801571E0,-8.7E0));
#515=LINE('',#514,#513);
#516=DIRECTION('',(-5.E-1,-8.660254037844E-1,-1.262267933102E-13));
#517=VECTOR('',#516,3.236730192916E-1);
#518=CARTESIAN_POINT('',(-2.123319135809E0,-5.457696623904E0,-9.2E0));
#519=LINE('',#518,#517);
#520=DIRECTION('',(3.535533905929E-1,6.123724356964E-1,-7.071067811862E-1));
#521=VECTOR('',#520,1.414213562376E-1);
#522=CARTESIAN_POINT('',(-1.687564434702E0,-5.722947341950E0,-7.E0));
#523=LINE('',#522,#521);
#524=DIRECTION('',(1.745633686518E-14,-4.524682515454E-14,-1.E0));
#525=VECTOR('',#524,1.59E0);
#526=CARTESIAN_POINT('',(-1.637564434702E0,-5.636344801571E0,-7.1E0));
#527=LINE('',#526,#525);
#528=DIRECTION('',(-4.999999999998E-1,-8.660254037846E-1,0.E0));
#529=VECTOR('',#528,5.000000000007E-1);
#530=CARTESIAN_POINT('',(-1.637564434702E0,-5.636344801571E0,-8.69E0));
#531=LINE('',#530,#529);
#532=DIRECTION('',(-1.121909582779E-14,0.E0,-1.E0));
#533=VECTOR('',#532,5.7E0);
#534=CARTESIAN_POINT('',(-1.637564434702E0,-5.636344801571E0,-1.2E0));
#535=LINE('',#534,#533);
#536=DIRECTION('',(-3.535533905935E-1,-6.123724356961E-1,-7.071067811862E-1));
#537=VECTOR('',#536,1.414213562375E-1);
#538=CARTESIAN_POINT('',(-1.637564434702E0,-5.636344801571E0,-6.9E0));
#539=LINE('',#538,#537);
#540=DIRECTION('',(8.660254037844E-1,-5.000000000001E-1,0.E0));
#541=VECTOR('',#540,7.999999999995E-1);
#542=CARTESIAN_POINT('',(-2.330384757729E0,-5.236344801571E0,-7.1E0));
#543=LINE('',#542,#541);
#544=DIRECTION('',(-8.660254037844E-1,5.000000000001E-1,0.E0));
#545=VECTOR('',#544,7.999999999995E-1);
#546=CARTESIAN_POINT('',(-1.687564434702E0,-5.722947341950E0,-7.E0));
#547=LINE('',#546,#545);
#548=CARTESIAN_POINT('',(-2.85E0,-4.936344801571E0,-7.6E0));
#549=DIRECTION('',(5.E-1,8.660254037844E-1,0.E0));
#550=DIRECTION('',(8.660254037844E-1,-5.E-1,6.790124018607E-12));
#551=AXIS2_PLACEMENT_3D('',#548,#549,#550);
#553=DIRECTION('',(6.123724356909E-1,-3.535533906093E-1,-7.071067811828E-1));
#554=VECTOR('',#553,1.414213562390E-2);
#555=CARTESIAN_POINT('',(-4.062435565298E0,-4.236344801571E0,-8.69E0));
#556=LINE('',#555,#554);
#557=DIRECTION('',(8.660254037844E-1,-5.E-1,-8.881784197005E-14));
#558=VECTOR('',#557,2.779999999999E0);
#559=CARTESIAN_POINT('',(-4.053775311260E0,-4.241344801571E0,-8.7E0));
#560=LINE('',#559,#558);
#561=DIRECTION('',(6.123724357022E-1,-3.535533905823E-1,7.071067811865E-1));
#562=VECTOR('',#561,1.414213562445E-2);
#563=CARTESIAN_POINT('',(-1.646224688740E0,-5.631344801571E0,-8.7E0));
#564=LINE('',#563,#562);
#565=DIRECTION('',(-3.535533905929E-1,-6.123724356964E-1,7.071067811862E-1));
#566=VECTOR('',#565,1.414213562376E-1);
#567=CARTESIAN_POINT('',(-2.330384757729E0,-5.236344801571E0,-7.1E0));
#568=LINE('',#567,#566);
#569=DIRECTION('',(3.535533905935E-1,6.123724356961E-1,7.071067811862E-1));
#570=VECTOR('',#569,1.414213562375E-1);
#571=CARTESIAN_POINT('',(-2.380384757729E0,-5.322947341950E0,-7.E0));
#572=LINE('',#571,#570);
#573=DIRECTION('',(-2.753353101079E-13,3.552713678812E-13,1.E0));
#574=VECTOR('',#573,4.999999999984E-1);
#575=CARTESIAN_POINT('',(-2.330384757729E0,-5.236344801571E0,-6.9E0));
#576=LINE('',#575,#574);
#577=DIRECTION('',(0.E0,0.E0,-1.E0));
#578=VECTOR('',#577,1.2E0);
#579=CARTESIAN_POINT('',(-2.580384757730E0,-5.669357503464E0,-6.4E0));
#580=LINE('',#579,#578);
#581=DIRECTION('',(1.945110739148E-13,-1.172395514007E-13,1.E0));
#582=VECTOR('',#581,4.999999999987E-1);
#583=CARTESIAN_POINT('',(-2.330384757729E0,-5.236344801571E0,
-7.599999999999E0));
#584=LINE('',#583,#582);
#585=DIRECTION('',(-8.660254037844E-1,5.E-1,0.E0));
#586=VECTOR('',#585,4.E0);
#587=CARTESIAN_POINT('',(-1.117949192431E0,-5.936344801571E0,0.E0));
#588=LINE('',#587,#586);
#589=DIRECTION('',(8.660254037844E-1,-5.000000000001E-1,0.E0));
#590=VECTOR('',#589,7.999999999995E-1);
#591=CARTESIAN_POINT('',(-4.062435565298E0,-4.236344801571E0,-6.9E0));
#592=LINE('',#591,#590);
#593=CARTESIAN_POINT('',(-2.85E0,-4.936344801571E0,-6.4E0));
#594=DIRECTION('',(5.E-1,8.660254037844E-1,0.E0));
#595=DIRECTION('',(-8.660254037844E-1,5.E-1,-6.791604315974E-12));
#596=AXIS2_PLACEMENT_3D('',#593,#594,#595);
#598=DIRECTION('',(8.660254037844E-1,-5.000000000001E-1,0.E0));
#599=VECTOR('',#598,7.999999999995E-1);
#600=CARTESIAN_POINT('',(-2.330384757729E0,-5.236344801571E0,-6.9E0));
#601=LINE('',#600,#599);
#602=DIRECTION('',(-5.000000000002E-1,-8.660254037843E-1,0.E0));
#603=VECTOR('',#602,1.000000000001E-1);
#604=CARTESIAN_POINT('',(-4.582050807569E0,-3.936344801571E0,0.E0));
#605=LINE('',#604,#603);
#606=DIRECTION('',(2.5E-1,4.330127018922E-1,8.660254037844E-1));
#607=VECTOR('',#606,2.E-1);
#608=CARTESIAN_POINT('',(-4.632050807569E0,-4.022947341949E0,0.E0));
#609=LINE('',#608,#607);
#610=DIRECTION('',(0.E0,0.E0,1.E0));
#611=VECTOR('',#610,1.826794919243E0);
#612=CARTESIAN_POINT('',(-4.582050807569E0,-3.936344801571E0,
1.732050807569E-1));
#613=LINE('',#612,#611);
#614=DIRECTION('',(-4.999999999996E-1,-8.660254037847E-1,0.E0));
#615=VECTOR('',#614,5.000000000006E-1);
#616=CARTESIAN_POINT('',(-4.582050807569E0,-3.936344801571E0,2.E0));
#617=LINE('',#616,#615);
#618=DIRECTION('',(-9.547918011776E-14,7.105427357601E-14,1.E0));
#619=VECTOR('',#618,1.2E0);
#620=CARTESIAN_POINT('',(-4.582050807569E0,-3.936344801571E0,-1.2E0));
#621=LINE('',#620,#619);
#622=DIRECTION('',(-5.000000000002E-1,-8.660254037843E-1,0.E0));
#623=VECTOR('',#622,9.999999999996E-2);
#624=CARTESIAN_POINT('',(1.167949192431E0,6.022947341949E0,0.E0));
#625=LINE('',#624,#623);
#626=DIRECTION('',(-8.400687552997E-14,9.029813933618E-14,-1.E0));
#627=VECTOR('',#626,1.2E0);
#628=CARTESIAN_POINT('',(1.117949192431E0,5.936344801571E0,0.E0));
#629=LINE('',#628,#627);
#630=DIRECTION('',(4.999999999998E-1,8.660254037846E-1,0.E0));
#631=VECTOR('',#630,5.000000000007E-1);
#632=CARTESIAN_POINT('',(1.117949192431E0,5.936344801571E0,-1.2E0));
#633=LINE('',#632,#631);
#634=DIRECTION('',(-4.999999999996E-1,-8.660254037847E-1,0.E0));
#635=VECTOR('',#634,5.000000000007E-1);
#636=CARTESIAN_POINT('',(1.367949192431E0,6.369357503464E0,2.E0));
#637=LINE('',#636,#635);
#638=DIRECTION('',(0.E0,0.E0,-1.E0));
#639=VECTOR('',#638,1.826794919243E0);
#640=CARTESIAN_POINT('',(1.117949192431E0,5.936344801571E0,2.E0));
#641=LINE('',#640,#639);
#642=DIRECTION('',(2.5E-1,4.330127018922E-1,-8.660254037844E-1));
#643=VECTOR('',#642,2.E-1);
#644=CARTESIAN_POINT('',(1.117949192431E0,5.936344801571E0,1.732050807569E-1));
#645=LINE('',#644,#643);
#646=DIRECTION('',(8.660254037844E-1,-5.E-1,0.E0));
#647=VECTOR('',#646,4.E0);
#648=CARTESIAN_POINT('',(1.117949192431E0,5.936344801571E0,0.E0));
#649=LINE('',#648,#647);
#650=DIRECTION('',(-8.660254037844E-1,5.000000000001E-1,0.E0));
#651=VECTOR('',#650,7.999999999995E-1);
#652=CARTESIAN_POINT('',(4.062435565298E0,4.236344801571E0,-6.9E0));
#653=LINE('',#652,#651);
#654=CARTESIAN_POINT('',(2.85E0,4.936344801571E0,-6.4E0));
#655=DIRECTION('',(-5.E-1,-8.660254037844E-1,0.E0));
#656=DIRECTION('',(8.660254037844E-1,-5.E-1,-6.791604315974E-12));
#657=AXIS2_PLACEMENT_3D('',#654,#655,#656);
#659=DIRECTION('',(-8.660254037844E-1,5.000000000001E-1,0.E0));
#660=VECTOR('',#659,7.999999999995E-1);
#661=CARTESIAN_POINT('',(2.330384757729E0,5.236344801571E0,-6.9E0));
#662=LINE('',#661,#660);
#663=DIRECTION('',(5.000000000002E-1,8.660254037843E-1,0.E0));
#664=VECTOR('',#663,1.000000000001E-1);
#665=CARTESIAN_POINT('',(4.582050807569E0,3.936344801571E0,0.E0));
#666=LINE('',#665,#664);
#667=DIRECTION('',(-2.5E-1,-4.330127018922E-1,8.660254037844E-1));
#668=VECTOR('',#667,2.E-1);
#669=CARTESIAN_POINT('',(4.632050807569E0,4.022947341949E0,0.E0));
#670=LINE('',#669,#668);
#671=DIRECTION('',(0.E0,0.E0,1.E0));
#672=VECTOR('',#671,1.826794919243E0);
#673=CARTESIAN_POINT('',(4.582050807569E0,3.936344801571E0,1.732050807569E-1));
#674=LINE('',#673,#672);
#675=DIRECTION('',(4.999999999996E-1,8.660254037847E-1,0.E0));
#676=VECTOR('',#675,5.000000000006E-1);
#677=CARTESIAN_POINT('',(4.582050807569E0,3.936344801571E0,2.E0));
#678=LINE('',#677,#676);
#679=DIRECTION('',(9.547918011776E-14,-7.105427357601E-14,1.E0));
#680=VECTOR('',#679,1.2E0);
#681=CARTESIAN_POINT('',(4.582050807569E0,3.936344801571E0,-1.2E0));
#682=LINE('',#681,#680);
#683=DIRECTION('',(8.660254037844E-1,-5.E-1,4.753990965875E-13));
#684=VECTOR('',#683,2.780000000001E0);
#685=CARTESIAN_POINT('',(1.896224688740E0,6.064357503464E0,-8.7E0));
#686=LINE('',#685,#684);
#687=DIRECTION('',(6.123724357007E-1,-3.535533905814E-1,7.071067811882E-1));
#688=VECTOR('',#687,1.414213562161E-2);
#689=CARTESIAN_POINT('',(4.303775311262E0,4.674357503463E0,-8.699999999999E0));
#690=LINE('',#689,#688);
#691=DIRECTION('',(0.E0,1.197677174763E-14,1.E0));
#692=VECTOR('',#691,7.49E0);
#693=CARTESIAN_POINT('',(4.312435565298E0,4.669357503464E0,-8.69E0));
#694=LINE('',#693,#692);
#695=DIRECTION('',(8.660254037845E-1,-4.999999999999E-1,0.E0));
#696=VECTOR('',#695,6.000000000003E-1);
#697=CARTESIAN_POINT('',(4.312435565298E0,4.669357503464E0,-1.2E0));
#698=LINE('',#697,#696);
#699=DIRECTION('',(1.776356839400E-14,-1.637578961322E-14,1.E0));
#700=VECTOR('',#699,3.2E0);
#701=CARTESIAN_POINT('',(4.832050807569E0,4.369357503464E0,-1.2E0));
#702=LINE('',#701,#700);
#703=DIRECTION('',(-8.660254037845E-1,4.999999999999E-1,0.E0));
#704=VECTOR('',#703,5.E-1);
#705=CARTESIAN_POINT('',(4.832050807569E0,4.369357503464E0,2.E0));
#706=LINE('',#705,#704);
#707=DIRECTION('',(0.E0,0.E0,1.E0));
#708=VECTOR('',#707,2.8E0);
#709=CARTESIAN_POINT('',(4.399038105677E0,4.619357503464E0,2.E0));
#710=LINE('',#709,#708);
#711=DIRECTION('',(-8.660254037844E-1,5.E-1,0.E0));
#712=VECTOR('',#711,3.000000000001E0);
#713=CARTESIAN_POINT('',(4.399038105677E0,4.619357503464E0,4.8E0));
#714=LINE('',#713,#712);
#715=DIRECTION('',(0.E0,0.E0,-1.E0));
#716=VECTOR('',#715,2.8E0);
#717=CARTESIAN_POINT('',(1.800961894323E0,6.119357503464E0,4.8E0));
#718=LINE('',#717,#716);
#719=DIRECTION('',(-8.660254037845E-1,4.999999999999E-1,0.E0));
#720=VECTOR('',#719,4.999999999996E-1);
#721=CARTESIAN_POINT('',(1.800961894323E0,6.119357503464E0,2.E0));
#722=LINE('',#721,#720);
#723=DIRECTION('',(-1.346145417358E-14,2.359223927328E-14,-1.E0));
#724=VECTOR('',#723,3.2E0);
#725=CARTESIAN_POINT('',(1.367949192431E0,6.369357503464E0,2.E0));
#726=LINE('',#725,#724);
#727=DIRECTION('',(8.660254037845E-1,-4.999999999999E-1,0.E0));
#728=VECTOR('',#727,6.000000000003E-1);
#729=CARTESIAN_POINT('',(1.367949192431E0,6.369357503464E0,-1.2E0));
#730=LINE('',#729,#728);
#731=DIRECTION('',(1.031662516875E-14,0.E0,-1.E0));
#732=VECTOR('',#731,7.49E0);
#733=CARTESIAN_POINT('',(1.887564434702E0,6.069357503464E0,-1.2E0));
#734=LINE('',#733,#732);
#735=DIRECTION('',(6.123724356857E-1,-3.535533906063E-1,-7.071067811887E-1));
#736=VECTOR('',#735,1.414213562374E-2);
#737=CARTESIAN_POINT('',(1.887564434702E0,6.069357503464E0,-8.69E0));
#738=LINE('',#737,#736);
#739=DIRECTION('',(8.660254037843E-1,-5.000000000002E-1,1.796315905012E-14));
#740=VECTOR('',#739,1.78E0);
#741=CARTESIAN_POINT('',(2.285155645455E0,5.738005681130E0,-9.2E0));
#742=LINE('',#741,#740);
#743=DIRECTION('',(-5.458053582441E-1,4.579850747977E-1,7.016738431598E-1));
#744=VECTOR('',#743,7.125817855038E-1);
#745=CARTESIAN_POINT('',(2.285155645455E0,5.738005681130E0,-9.2E0));
#746=LINE('',#745,#744);
#747=DIRECTION('',(6.695293884507E-1,-2.436887683625E-1,-7.016738431599E-1));
#748=VECTOR('',#747,7.125817855030E-1);
#749=CARTESIAN_POINT('',(1.646224688740E0,5.631344801571E0,-8.7E0));
#750=LINE('',#749,#748);
#751=DIRECTION('',(5.E-1,8.660254037844E-1,-1.262267933102E-13));
#752=VECTOR('',#751,3.236730192916E-1);
#753=CARTESIAN_POINT('',(2.123319135809E0,5.457696623904E0,-9.2E0));
#754=LINE('',#753,#752);
#755=DIRECTION('',(-3.535533905929E-1,-6.123724356964E-1,-7.071067811862E-1));
#756=VECTOR('',#755,1.414213562376E-1);
#757=CARTESIAN_POINT('',(1.687564434702E0,5.722947341950E0,-7.E0));
#758=LINE('',#757,#756);
#759=DIRECTION('',(-1.745633686518E-14,4.524682515454E-14,-1.E0));
#760=VECTOR('',#759,1.59E0);
#761=CARTESIAN_POINT('',(1.637564434702E0,5.636344801571E0,-7.1E0));
#762=LINE('',#761,#760);
#763=DIRECTION('',(4.999999999998E-1,8.660254037846E-1,0.E0));
#764=VECTOR('',#763,5.000000000007E-1);
#765=CARTESIAN_POINT('',(1.637564434702E0,5.636344801571E0,-8.69E0));
#766=LINE('',#765,#764);
#767=DIRECTION('',(1.121909582779E-14,0.E0,-1.E0));
#768=VECTOR('',#767,5.7E0);
#769=CARTESIAN_POINT('',(1.637564434702E0,5.636344801571E0,-1.2E0));
#770=LINE('',#769,#768);
#771=DIRECTION('',(3.535533905935E-1,6.123724356961E-1,-7.071067811862E-1));
#772=VECTOR('',#771,1.414213562375E-1);
#773=CARTESIAN_POINT('',(1.637564434702E0,5.636344801571E0,-6.9E0));
#774=LINE('',#773,#772);
#775=DIRECTION('',(-8.660254037844E-1,5.000000000001E-1,0.E0));
#776=VECTOR('',#775,7.999999999995E-1);
#777=CARTESIAN_POINT('',(2.330384757729E0,5.236344801571E0,-7.1E0));
#778=LINE('',#777,#776);
#779=DIRECTION('',(8.660254037844E-1,-5.000000000001E-1,0.E0));
#780=VECTOR('',#779,7.999999999995E-1);
#781=CARTESIAN_POINT('',(1.687564434702E0,5.722947341950E0,-7.E0));
#782=LINE('',#781,#780);
#783=CARTESIAN_POINT('',(2.85E0,4.936344801571E0,-7.6E0));
#784=DIRECTION('',(-5.E-1,-8.660254037844E-1,0.E0));
#785=DIRECTION('',(-8.660254037844E-1,5.E-1,6.790124018607E-12));
#786=AXIS2_PLACEMENT_3D('',#783,#784,#785);
#788=DIRECTION('',(-6.123724356909E-1,3.535533906093E-1,-7.071067811828E-1));
#789=VECTOR('',#788,1.414213562390E-2);
#790=CARTESIAN_POINT('',(4.062435565298E0,4.236344801571E0,-8.69E0));
#791=LINE('',#790,#789);
#792=DIRECTION('',(-8.660254037844E-1,5.E-1,-8.753988740933E-14));
#793=VECTOR('',#792,2.779999999999E0);
#794=CARTESIAN_POINT('',(4.053775311260E0,4.241344801571E0,-8.7E0));
#795=LINE('',#794,#793);
#796=DIRECTION('',(-6.123724357022E-1,3.535533905823E-1,7.071067811865E-1));
#797=VECTOR('',#796,1.414213562445E-2);
#798=CARTESIAN_POINT('',(1.646224688740E0,5.631344801571E0,-8.7E0));
#799=LINE('',#798,#797);
#800=DIRECTION('',(3.535533905929E-1,6.123724356964E-1,7.071067811862E-1));
#801=VECTOR('',#800,1.414213562376E-1);
#802=CARTESIAN_POINT('',(2.330384757729E0,5.236344801571E0,-7.1E0));
#803=LINE('',#802,#801);
#804=DIRECTION('',(-3.535533905935E-1,-6.123724356961E-1,7.071067811862E-1));
#805=VECTOR('',#804,1.414213562375E-1);
#806=CARTESIAN_POINT('',(2.380384757729E0,5.322947341950E0,-7.E0));
#807=LINE('',#806,#805);
#808=DIRECTION('',(2.753353101079E-13,-3.552713678812E-13,1.E0));
#809=VECTOR('',#808,4.999999999984E-1);
#810=CARTESIAN_POINT('',(2.330384757729E0,5.236344801571E0,-6.9E0));
#811=LINE('',#810,#809);
#812=DIRECTION('',(0.E0,0.E0,-1.E0));
#813=VECTOR('',#812,1.2E0);
#814=CARTESIAN_POINT('',(2.580384757730E0,5.669357503464E0,-6.4E0));
#815=LINE('',#814,#813);
#816=DIRECTION('',(-1.945110739148E-13,1.172395514007E-13,1.E0));
#817=VECTOR('',#816,4.999999999987E-1);
#818=CARTESIAN_POINT('',(2.330384757729E0,5.236344801571E0,-7.599999999999E0));
#819=LINE('',#818,#817);
#820=CARTESIAN_POINT('',(3.1E0,5.369357503464E0,-6.4E0));
#821=DIRECTION('',(-5.E-1,-8.660254037844E-1,0.E0));
#822=DIRECTION('',(8.660254037844E-1,-5.E-1,0.E0));
#823=AXIS2_PLACEMENT_3D('',#820,#821,#822);
#825=DIRECTION('',(-5.000000000001E-1,-8.660254037844E-1,-2.707167823242E-12));
#826=VECTOR('',#825,5.000000000006E-1);
#827=CARTESIAN_POINT('',(2.580384757730E0,5.669357503464E0,-6.4E0));
#828=LINE('',#827,#826);
#829=DIRECTION('',(5.E-1,8.660254037845E-1,2.714273250600E-12));
#830=VECTOR('',#829,5.000000000007E-1);
#831=CARTESIAN_POINT('',(3.369615242271E0,4.636344801571E0,-6.400000000001E0));
#832=LINE('',#831,#830);
#833=DIRECTION('',(-3.535533905930E-1,-6.123724356965E-1,-7.071067811861E-1));
#834=VECTOR('',#833,1.414213562376E-1);
#835=CARTESIAN_POINT('',(3.419615242271E0,4.722947341950E0,-7.E0));
#836=LINE('',#835,#834);
#837=DIRECTION('',(-1.589839371267E-13,4.796163466393E-14,-1.E0));
#838=VECTOR('',#837,4.999999999987E-1);
#839=CARTESIAN_POINT('',(3.369615242271E0,4.636344801571E0,-7.1E0));
#840=LINE('',#839,#838);
#841=DIRECTION('',(0.E0,0.E0,1.E0));
#842=VECTOR('',#841,1.2E0);
#843=CARTESIAN_POINT('',(3.619615242271E0,5.069357503464E0,-7.6E0));
#844=LINE('',#843,#842);
#845=DIRECTION('',(7.815970093385E-14,1.865174681376E-13,-1.E0));
#846=VECTOR('',#845,4.999999999984E-1);
#847=CARTESIAN_POINT('',(3.369615242271E0,4.636344801571E0,-6.400000000001E0));
#848=LINE('',#847,#846);
#849=DIRECTION('',(3.535533905935E-1,6.123724356962E-1,-7.071067811861E-1));
#850=VECTOR('',#849,1.414213562375E-1);
#851=CARTESIAN_POINT('',(3.369615242271E0,4.636344801571E0,-6.9E0));
#852=LINE('',#851,#850);
#853=DIRECTION('',(-8.660254037844E-1,5.000000000001E-1,0.E0));
#854=VECTOR('',#853,7.999999999995E-1);
#855=CARTESIAN_POINT('',(4.062435565298E0,4.236344801571E0,-7.1E0));
#856=LINE('',#855,#854);
#857=DIRECTION('',(8.660254037844E-1,-5.000000000001E-1,0.E0));
#858=VECTOR('',#857,7.999999999995E-1);
#859=CARTESIAN_POINT('',(3.419615242271E0,4.722947341950E0,-7.E0));
#860=LINE('',#859,#858);
#861=DIRECTION('',(3.535533905930E-1,6.123724356965E-1,7.071067811861E-1));
#862=VECTOR('',#861,1.414213562376E-1);
#863=CARTESIAN_POINT('',(4.062435565298E0,4.236344801571E0,-7.1E0));
#864=LINE('',#863,#862);
#865=DIRECTION('',(-3.535533905935E-1,-6.123724356962E-1,7.071067811861E-1));
#866=VECTOR('',#865,1.414213562375E-1);
#867=CARTESIAN_POINT('',(4.112435565298E0,4.322947341950E0,-7.E0));
#868=LINE('',#867,#866);
#869=DIRECTION('',(-1.168655815395E-14,0.E0,1.E0));
#870=VECTOR('',#869,5.7E0);
#871=CARTESIAN_POINT('',(4.062435565298E0,4.236344801571E0,-6.9E0));
#872=LINE('',#871,#870);
#873=DIRECTION('',(4.999999999998E-1,8.660254037846E-1,0.E0));
#874=VECTOR('',#873,5.000000000007E-1);
#875=CARTESIAN_POINT('',(4.062435565298E0,4.236344801571E0,-1.2E0));
#876=LINE('',#875,#874);
#877=DIRECTION('',(4.468822237485E-14,0.E0,1.E0));
#878=VECTOR('',#877,1.59E0);
#879=CARTESIAN_POINT('',(4.062435565298E0,4.236344801571E0,-8.69E0));
#880=LINE('',#879,#878);
#881=DIRECTION('',(8.660254037845E-1,-4.999999999999E-1,0.E0));
#882=VECTOR('',#881,6.000000000003E-1);
#883=CARTESIAN_POINT('',(4.062435565298E0,4.236344801571E0,-1.2E0));
#884=LINE('',#883,#882);
#885=DIRECTION('',(4.999999999998E-1,8.660254037846E-1,0.E0));
#886=VECTOR('',#885,5.000000000007E-1);
#887=CARTESIAN_POINT('',(4.582050807569E0,3.936344801571E0,-1.2E0));
#888=LINE('',#887,#886);
#889=DIRECTION('',(-6.695293884508E-1,2.436887683621E-1,-7.016738431600E-1));
#890=VECTOR('',#889,7.125817855054E-1);
#891=CARTESIAN_POINT('',(4.303775311262E0,4.674357503463E0,-8.699999999999E0));
#892=LINE('',#891,#890);
#893=DIRECTION('',(5.458053582442E-1,-4.579850747973E-1,7.016738431599E-1));
#894=VECTOR('',#893,7.125817855032E-1);
#895=CARTESIAN_POINT('',(3.664844354545E0,4.567696623904E0,-9.2E0));
#896=LINE('',#895,#894);
#897=DIRECTION('',(4.999999999998E-1,8.660254037846E-1,0.E0));
#898=VECTOR('',#897,5.000000000007E-1);
#899=CARTESIAN_POINT('',(4.062435565298E0,4.236344801571E0,-8.69E0));
#900=LINE('',#899,#898);
#901=DIRECTION('',(5.000000000003E-1,8.660254037842E-1,-1.811080077930E-13));
#902=VECTOR('',#901,3.236730192914E-1);
#903=CARTESIAN_POINT('',(3.664844354545E0,4.567696623904E0,-9.2E0));
#904=LINE('',#903,#902);
#905=DIRECTION('',(-8.660254037844E-1,5.000000000001E-1,-2.894064513630E-14));
#906=VECTOR('',#905,1.78E0);
#907=CARTESIAN_POINT('',(3.664844354545E0,4.567696623904E0,-9.2E0));
#908=LINE('',#907,#906);
#909=CARTESIAN_POINT('',(3.1E0,5.369357503464E0,-7.6E0));
#910=DIRECTION('',(-5.E-1,-8.660254037844E-1,0.E0));
#911=DIRECTION('',(-8.660254037844E-1,5.E-1,0.E0));
#912=AXIS2_PLACEMENT_3D('',#909,#910,#911);
#914=DIRECTION('',(-5.E-1,-8.660254037845E-1,2.708944180082E-12));
#915=VECTOR('',#914,5.000000000007E-1);
#916=CARTESIAN_POINT('',(3.619615242271E0,5.069357503464E0,-7.6E0));
#917=LINE('',#916,#915);
#918=DIRECTION('',(5.000000000001E-1,8.660254037844E-1,-2.716049607439E-12));
#919=VECTOR('',#918,5.000000000006E-1);
#920=CARTESIAN_POINT('',(2.330384757729E0,5.236344801571E0,-7.599999999999E0));
#921=LINE('',#920,#919);
#922=DIRECTION('',(8.660254037845E-1,-4.999999999999E-1,0.E0));
#923=VECTOR('',#922,6.000000000003E-1);
#924=CARTESIAN_POINT('',(1.117949192431E0,5.936344801571E0,-1.2E0));
#925=LINE('',#924,#923);
#926=DIRECTION('',(4.999999999998E-1,8.660254037846E-1,0.E0));
#927=VECTOR('',#926,5.000000000007E-1);
#928=CARTESIAN_POINT('',(1.637564434702E0,5.636344801571E0,-1.2E0));
#929=LINE('',#928,#927);
#930=DIRECTION('',(-5.E-1,8.660254037844E-1,0.E0));
#931=VECTOR('',#930,4.999999999992E-2);
#932=CARTESIAN_POINT('',(3.515544456623E0,-2.589101615138E0,0.E0));
#933=LINE('',#932,#931);
#934=DIRECTION('',(2.5E-1,-4.330127018922E-1,8.660254037844E-1));
#935=VECTOR('',#934,1.E-1);
#936=CARTESIAN_POINT('',(3.490544456623E0,-2.545800344949E0,0.E0));
#937=LINE('',#936,#935);
#938=DIRECTION('',(0.E0,0.E0,1.E0));
#939=VECTOR('',#938,1.913397459622E0);
#940=CARTESIAN_POINT('',(3.515544456623E0,-2.589101615138E0,8.660254037844E-2));
#941=LINE('',#940,#939);
#942=DIRECTION('',(-5.E-1,8.660254037844E-1,0.E0));
#943=VECTOR('',#942,4.999999999998E-1);
#944=CARTESIAN_POINT('',(3.515544456623E0,-2.589101615138E0,2.E0));
#945=LINE('',#944,#943);
#946=DIRECTION('',(0.E0,0.E0,-1.E0));
#947=VECTOR('',#946,1.913397459622E0);
#948=CARTESIAN_POINT('',(3.265544456623E0,-2.156088913246E0,2.E0));
#949=LINE('',#948,#947);
#950=DIRECTION('',(2.5E-1,-4.330127018922E-1,-8.660254037844E-1));
#951=VECTOR('',#950,9.999999999961E-2);
#952=CARTESIAN_POINT('',(3.265544456623E0,-2.156088913246E0,8.660254037811E-2));
#953=LINE('',#952,#951);
#954=DIRECTION('',(-5.000000000009E-1,8.660254037839E-1,0.E0));
#955=VECTOR('',#954,4.999999999988E-2);
#956=CARTESIAN_POINT('',(3.290544456623E0,-2.199390183435E0,0.E0));
#957=LINE('',#956,#955);
#958=DIRECTION('',(5.000000000001E-1,-8.660254037844E-1,0.E0));
#959=VECTOR('',#958,4.999999999998E-1);
#960=CARTESIAN_POINT('',(3.265544456623E0,-2.156088913246E0,-7.E-1));
#961=LINE('',#960,#959);
#962=DIRECTION('',(-1.776356839400E-14,3.108624468950E-14,1.E0));
#963=VECTOR('',#962,7.E-1);
#964=CARTESIAN_POINT('',(3.515544456623E0,-2.589101615138E0,-7.E-1));
#965=LINE('',#964,#963);
#966=DIRECTION('',(-8.660254037844E-1,-5.E-1,0.E0));
#967=VECTOR('',#966,3.5E0);
#968=CARTESIAN_POINT('',(3.265544456623E0,-2.156088913246E0,0.E0));
#969=LINE('',#968,#967);
#970=DIRECTION('',(2.168899980250E-14,1.078502366779E-14,-1.E0));
#971=VECTOR('',#970,7.E-1);
#972=CARTESIAN_POINT('',(2.344555433773E-1,-3.906088913246E0,0.E0));
#973=LINE('',#972,#971);
#974=DIRECTION('',(8.660254037844E-1,5.E-1,0.E0));
#975=VECTOR('',#974,3.5E-1);
#976=CARTESIAN_POINT('',(2.344555433773E-1,-3.906088913246E0,-7.E-1));
#977=LINE('',#976,#975);
#978=DIRECTION('',(0.E0,0.E0,-1.E0));
#979=VECTOR('',#978,7.5E0);
#980=CARTESIAN_POINT('',(5.375644347019E-1,-3.731088913246E0,-7.E-1));
#981=LINE('',#980,#979);
#982=DIRECTION('',(8.660254037844E-1,5.E-1,0.E0));
#983=VECTOR('',#982,2.8E0);
#984=CARTESIAN_POINT('',(5.375644347018E-1,-3.731088913246E0,-8.2E0));
#985=LINE('',#984,#983);
#986=DIRECTION('',(0.E0,0.E0,1.E0));
#987=VECTOR('',#986,7.5E0);
#988=CARTESIAN_POINT('',(2.962435565298E0,-2.331088913246E0,-8.2E0));
#989=LINE('',#988,#987);
#990=DIRECTION('',(8.660254037845E-1,4.999999999998E-1,0.E0));
#991=VECTOR('',#990,3.500000000004E-1);
#992=CARTESIAN_POINT('',(2.962435565298E0,-2.331088913246E0,-7.E-1));
#993=LINE('',#992,#991);
#994=DIRECTION('',(-3.806478941572E-14,1.903239470786E-14,1.E0));
#995=VECTOR('',#994,7.E-1);
#996=CARTESIAN_POINT('',(3.265544456623E0,-2.156088913246E0,-7.E-1));
#997=LINE('',#996,#995);
#998=DIRECTION('',(5.E-1,-8.660254037844E-1,0.E0));
#999=VECTOR('',#998,5.000000000002E-2);
#1000=CARTESIAN_POINT('',(4.594555433772E-1,-4.295800344949E0,0.E0));
#1001=LINE('',#1000,#999);
#1002=DIRECTION('',(0.E0,0.E0,-1.E0));
#1003=VECTOR('',#1002,7.E-1);
#1004=CARTESIAN_POINT('',(4.844555433772E-1,-4.339101615138E0,0.E0));
#1005=LINE('',#1004,#1003);
#1006=DIRECTION('',(5.000000000009E-1,-8.660254037839E-1,0.E0));
#1007=VECTOR('',#1006,4.999999999978E-2);
#1008=CARTESIAN_POINT('',(2.344555433773E-1,-3.906088913246E0,0.E0));
#1009=LINE('',#1008,#1007);
#1010=DIRECTION('',(-2.5E-1,4.330127018922E-1,8.660254037844E-1));
#1011=VECTOR('',#1010,9.999999999961E-2);
#1012=CARTESIAN_POINT('',(2.594555433772E-1,-3.949390183435E0,0.E0));
#1013=LINE('',#1012,#1011);
#1014=DIRECTION('',(0.E0,0.E0,1.E0));
#1015=VECTOR('',#1014,1.913397459622E0);
#1016=CARTESIAN_POINT('',(2.344555433773E-1,-3.906088913246E0,
8.660254037811E-2));
#1017=LINE('',#1016,#1015);
#1018=DIRECTION('',(5.E-1,-8.660254037844E-1,0.E0));
#1019=VECTOR('',#1018,4.999999999998E-1);
#1020=CARTESIAN_POINT('',(2.344555433773E-1,-3.906088913246E0,2.E0));
#1021=LINE('',#1020,#1019);
#1022=DIRECTION('',(0.E0,0.E0,-1.E0));
#1023=VECTOR('',#1022,1.913397459622E0);
#1024=CARTESIAN_POINT('',(4.844555433772E-1,-4.339101615138E0,2.E0));
#1025=LINE('',#1024,#1023);
#1026=DIRECTION('',(-2.5E-1,4.330127018922E-1,-8.660254037844E-1));
#1027=VECTOR('',#1026,1.E-1);
#1028=CARTESIAN_POINT('',(4.844555433772E-1,-4.339101615138E0,
8.660254037844E-2));
#1029=LINE('',#1028,#1027);
#1030=DIRECTION('',(8.660254037844E-1,5.E-1,0.E0));
#1031=VECTOR('',#1030,3.5E0);
#1032=CARTESIAN_POINT('',(4.844555433772E-1,-4.339101615138E0,0.E0));
#1033=LINE('',#1032,#1031);
#1034=DIRECTION('',(-2.299395242119E-13,-1.815831435837E-13,1.E0));
#1035=VECTOR('',#1034,4.499999999986E-1);
#1036=CARTESIAN_POINT('',(2.519615242271E0,-3.164101615138E0,-6.35E0));
#1037=LINE('',#1036,#1035);
#1038=CARTESIAN_POINT('',(2.E0,-3.464101615138E0,-5.9E0));
#1039=DIRECTION('',(5.E-1,-8.660254037844E-1,0.E0));
#1040=DIRECTION('',(8.660254037844E-1,5.E-1,-6.794564910706E-12));
#1041=AXIS2_PLACEMENT_3D('',#1038,#1039,#1040);
#1043=DIRECTION('',(-1.618458453681E-13,0.E0,-1.E0));
#1044=VECTOR('',#1043,4.499999999987E-1);
#1045=CARTESIAN_POINT('',(1.480384757729E0,-3.764101615138E0,
-5.900000000001E0));
#1046=LINE('',#1045,#1044);
#1047=DIRECTION('',(8.660254037845E-1,4.999999999998E-1,0.E0));
#1048=VECTOR('',#1047,3.500000000004E-1);
#1049=CARTESIAN_POINT('',(3.212435565298E0,-2.764101615138E0,-7.E-1));
#1050=LINE('',#1049,#1048);
#1051=DIRECTION('',(5.000000000001E-1,-8.660254037844E-1,0.E0));
#1052=VECTOR('',#1051,4.999999999998E-1);
#1053=CARTESIAN_POINT('',(2.962435565298E0,-2.331088913246E0,-7.E-1));
#1054=LINE('',#1053,#1052);
#1055=DIRECTION('',(3.535533905931E-1,-6.123724356960E-1,7.071067811864E-1));
#1056=VECTOR('',#1055,2.121320343561E-1);
#1057=CARTESIAN_POINT('',(3.137435565298E0,-2.634197804570E0,-6.5E0));
#1058=LINE('',#1057,#1056);
#1059=DIRECTION('',(0.E0,-1.084678070076E-14,1.E0));
#1060=VECTOR('',#1059,5.65E0);
#1061=CARTESIAN_POINT('',(3.212435565298E0,-2.764101615138E0,-6.35E0));
#1062=LINE('',#1061,#1060);
#1063=DIRECTION('',(5.000000000001E-1,-8.660254037844E-1,0.E0));
#1064=VECTOR('',#1063,4.999999999998E-1);
#1065=CARTESIAN_POINT('',(2.962435565298E0,-2.331088913246E0,-8.2E0));
#1066=LINE('',#1065,#1064);
#1067=DIRECTION('',(0.E0,3.409459094978E-14,1.E0));
#1068=VECTOR('',#1067,1.55E0);
#1069=CARTESIAN_POINT('',(3.212435565298E0,-2.764101615138E0,-8.2E0));
#1070=LINE('',#1069,#1068);
#1071=DIRECTION('',(-3.535533905933E-1,6.123724356959E-1,7.071067811865E-1));
#1072=VECTOR('',#1071,2.121320343561E-1);
#1073=CARTESIAN_POINT('',(3.212435565298E0,-2.764101615138E0,-6.65E0));
#1074=LINE('',#1073,#1072);
#1075=DIRECTION('',(8.660254037844E-1,5.000000000001E-1,0.E0));
#1076=VECTOR('',#1075,7.999999999996E-1);
#1077=CARTESIAN_POINT('',(2.519615242271E0,-3.164101615138E0,-6.35E0));
#1078=LINE('',#1077,#1076);
#1079=DIRECTION('',(-8.660254037844E-1,-5.000000000001E-1,0.E0));
#1080=VECTOR('',#1079,7.999999999996E-1);
#1081=CARTESIAN_POINT('',(3.137435565298E0,-2.634197804570E0,-6.5E0));
#1082=LINE('',#1081,#1080);
#1083=DIRECTION('',(8.660254037844E-1,5.000000000001E-1,0.E0));
#1084=VECTOR('',#1083,7.999999999996E-1);
#1085=CARTESIAN_POINT('',(2.519615242271E0,-3.164101615138E0,-6.65E0));
#1086=LINE('',#1085,#1084);
#1087=DIRECTION('',(8.660254037844E-1,5.000000000001E-1,0.E0));
#1088=VECTOR('',#1087,7.999999999997E-1);
#1089=CARTESIAN_POINT('',(7.875644347018E-1,-4.164101615138E0,-6.65E0));
#1090=LINE('',#1089,#1088);
#1091=DIRECTION('',(1.085551401859E-13,-1.569115208142E-13,-1.E0));
#1092=VECTOR('',#1091,4.499999999985E-1);
#1093=CARTESIAN_POINT('',(1.480384757729E0,-3.764101615138E0,-6.65E0));
#1094=LINE('',#1093,#1092);
#1095=CARTESIAN_POINT('',(2.E0,-3.464101615138E0,-7.1E0));
#1096=DIRECTION('',(5.E-1,-8.660254037844E-1,0.E0));
#1097=DIRECTION('',(-8.660254037844E-1,-5.E-1,6.791604315974E-12));
#1098=AXIS2_PLACEMENT_3D('',#1095,#1096,#1097);
#1100=DIRECTION('',(2.822433644834E-13,3.414552591303E-13,1.E0));
#1101=VECTOR('',#1100,4.499999999985E-1);
#1102=CARTESIAN_POINT('',(2.519615242271E0,-3.164101615138E0,
-7.099999999999E0));
#1103=LINE('',#1102,#1101);
#1104=DIRECTION('',(8.660254037844E-1,5.E-1,0.E0));
#1105=VECTOR('',#1104,2.8E0);
#1106=CARTESIAN_POINT('',(7.875644347018E-1,-4.164101615138E0,-8.2E0));
#1107=LINE('',#1106,#1105);
#1108=DIRECTION('',(-5.458053582443E-1,-4.579850747973E-1,7.016738431599E-1));
#1109=VECTOR('',#1108,7.125817855036E-1);
#1110=CARTESIAN_POINT('',(1.176495391417E0,-3.837749792805E0,-8.7E0));
#1111=LINE('',#1110,#1109);
#1112=DIRECTION('',(5.000000000002E-1,-8.660254037843E-1,2.744060724136E-14));
#1113=VECTOR('',#1112,3.236730192915E-1);
#1114=CARTESIAN_POINT('',(2.573504608583E0,-2.657440735579E0,-8.7E0));
#1115=LINE('',#1114,#1113);
#1116=DIRECTION('',(6.695293884506E-1,2.436887683625E-1,7.016738431600E-1));
#1117=VECTOR('',#1116,7.125817855034E-1);
#1118=CARTESIAN_POINT('',(2.735341118229E0,-2.937749792805E0,-8.7E0));
#1119=LINE('',#1118,#1117);
#1120=DIRECTION('',(8.660254037844E-1,5.E-1,1.480297366167E-14));
#1121=VECTOR('',#1120,1.8E0);
#1122=CARTESIAN_POINT('',(1.176495391417E0,-3.837749792805E0,-8.7E0));
#1123=LINE('',#1122,#1121);
#1124=DIRECTION('',(5.000000000001E-1,-8.660254037844E-1,4.390497158617E-14));
#1125=VECTOR('',#1124,3.236730192914E-1);
#1126=CARTESIAN_POINT('',(1.014658881771E0,-3.557440735579E0,-8.7E0));
#1127=LINE('',#1126,#1125);
#1128=DIRECTION('',(8.660254037844E-1,5.E-1,1.776356839400E-14));
#1129=VECTOR('',#1128,1.8E0);
#1130=CARTESIAN_POINT('',(1.014658881771E0,-3.557440735579E0,-8.7E0));
#1131=LINE('',#1130,#1129);
#1132=DIRECTION('',(5.458053582442E-1,4.579850747973E-1,7.016738431600E-1));
#1133=VECTOR('',#1132,7.125817855034E-1);
#1134=CARTESIAN_POINT('',(2.573504608583E0,-2.657440735579E0,-8.7E0));
#1135=LINE('',#1134,#1133);
#1136=DIRECTION('',(5.000000000001E-1,-8.660254037844E-1,0.E0));
#1137=VECTOR('',#1136,4.999999999998E-1);
#1138=CARTESIAN_POINT('',(5.375644347018E-1,-3.731088913246E0,-8.2E0));
#1139=LINE('',#1138,#1137);
#1140=DIRECTION('',(-6.695293884507E-1,-2.436887683626E-1,7.016738431599E-1));
#1141=VECTOR('',#1140,7.125817855036E-1);
#1142=CARTESIAN_POINT('',(1.014658881771E0,-3.557440735579E0,-8.7E0));
#1143=LINE('',#1142,#1141);
#1144=DIRECTION('',(-3.535533905932E-1,6.123724356961E-1,-7.071067811863E-1));
#1145=VECTOR('',#1144,2.121320343561E-1);
#1146=CARTESIAN_POINT('',(7.875644347018E-1,-4.164101615138E0,-6.35E0));
#1147=LINE('',#1146,#1145);
#1148=DIRECTION('',(3.535533905934E-1,-6.123724356960E-1,-7.071067811863E-1));
#1149=VECTOR('',#1148,2.121320343561E-1);
#1150=CARTESIAN_POINT('',(7.125644347017E-1,-4.034197804570E0,-6.5E0));
#1151=LINE('',#1150,#1149);
#1152=DIRECTION('',(-1.117385753816E-14,-5.099863184085E-14,-1.E0));
#1153=VECTOR('',#1152,1.55E0);
#1154=CARTESIAN_POINT('',(7.875644347018E-1,-4.164101615138E0,-6.65E0));
#1155=LINE('',#1154,#1153);
#1156=DIRECTION('',(5.000000000001E-1,-8.660254037844E-1,0.E0));
#1157=VECTOR('',#1156,4.999999999998E-1);
#1158=CARTESIAN_POINT('',(5.375644347019E-1,-3.731088913246E0,-7.E-1));
#1159=LINE('',#1158,#1157);
#1160=DIRECTION('',(0.E0,0.E0,-1.E0));
#1161=VECTOR('',#1160,5.65E0);
#1162=CARTESIAN_POINT('',(7.875644347018E-1,-4.164101615138E0,-7.E-1));
#1163=LINE('',#1162,#1161);
#1164=DIRECTION('',(8.660254037844E-1,5.000000000001E-1,0.E0));
#1165=VECTOR('',#1164,7.999999999997E-1);
#1166=CARTESIAN_POINT('',(7.875644347018E-1,-4.164101615138E0,-6.35E0));
#1167=LINE('',#1166,#1165);
#1168=DIRECTION('',(-8.660254037844E-1,-5.000000000001E-1,0.E0));
#1169=VECTOR('',#1168,7.999999999997E-1);
#1170=CARTESIAN_POINT('',(1.405384757729E0,-3.634197804570E0,-6.5E0));
#1171=LINE('',#1170,#1169);
#1172=DIRECTION('',(3.535533905932E-1,-6.123724356962E-1,7.071067811863E-1));
#1173=VECTOR('',#1172,2.121320343561E-1);
#1174=CARTESIAN_POINT('',(1.405384757729E0,-3.634197804570E0,-6.5E0));
#1175=LINE('',#1174,#1173);
#1176=DIRECTION('',(0.E0,0.E0,-1.E0));
#1177=VECTOR('',#1176,1.2E0);
#1178=CARTESIAN_POINT('',(1.230384757729E0,-3.331088913246E0,-5.9E0));
#1179=LINE('',#1178,#1177);
#1180=DIRECTION('',(-3.535533905934E-1,6.123724356960E-1,7.071067811863E-1));
#1181=VECTOR('',#1180,2.121320343561E-1);
#1182=CARTESIAN_POINT('',(1.480384757729E0,-3.764101615138E0,-6.65E0));
#1183=LINE('',#1182,#1181);
#1184=DIRECTION('',(-5.000000000002E-1,8.660254037843E-1,2.716049607444E-12));
#1185=VECTOR('',#1184,4.999999999998E-1);
#1186=CARTESIAN_POINT('',(2.519615242271E0,-3.164101615138E0,
-5.900000000001E0));
#1187=LINE('',#1186,#1185);
#1188=CARTESIAN_POINT('',(1.75E0,-3.031088913246E0,-5.9E0));
#1189=DIRECTION('',(5.E-1,-8.660254037844E-1,0.E0));
#1190=DIRECTION('',(8.660254037844E-1,5.E-1,0.E0));
#1191=AXIS2_PLACEMENT_3D('',#1188,#1189,#1190);
#1193=DIRECTION('',(5.E-1,-8.660254037844E-1,-2.712496893765E-12));
#1194=VECTOR('',#1193,4.999999999998E-1);
#1195=CARTESIAN_POINT('',(1.230384757729E0,-3.331088913246E0,-5.9E0));
#1196=LINE('',#1195,#1194);
#1197=DIRECTION('',(-3.535533905931E-1,6.123724356960E-1,-7.071067811864E-1));
#1198=VECTOR('',#1197,2.121320343561E-1);
#1199=CARTESIAN_POINT('',(2.519615242271E0,-3.164101615138E0,-6.35E0));
#1200=LINE('',#1199,#1198);
#1201=DIRECTION('',(3.535533905933E-1,-6.123724356959E-1,-7.071067811865E-1));
#1202=VECTOR('',#1201,2.121320343560E-1);
#1203=CARTESIAN_POINT('',(2.444615242271E0,-3.034197804570E0,-6.5E0));
#1204=LINE('',#1203,#1202);
#1205=DIRECTION('',(0.E0,0.E0,1.E0));
#1206=VECTOR('',#1205,1.2E0);
#1207=CARTESIAN_POINT('',(2.269615242271E0,-2.731088913246E0,-7.1E0));
#1208=LINE('',#1207,#1206);
#1209=DIRECTION('',(-5.E-1,8.660254037844E-1,-2.716049607444E-12));
#1210=VECTOR('',#1209,4.999999999998E-1);
#1211=CARTESIAN_POINT('',(1.480384757729E0,-3.764101615138E0,
-7.099999999999E0));
#1212=LINE('',#1211,#1210);
#1213=CARTESIAN_POINT('',(1.75E0,-3.031088913246E0,-7.1E0));
#1214=DIRECTION('',(5.E-1,-8.660254037844E-1,0.E0));
#1215=DIRECTION('',(-8.660254037844E-1,-5.E-1,0.E0));
#1216=AXIS2_PLACEMENT_3D('',#1213,#1214,#1215);
#1218=DIRECTION('',(5.000000000002E-1,-8.660254037843E-1,2.710720536926E-12));
#1219=VECTOR('',#1218,4.999999999998E-1);
#1220=CARTESIAN_POINT('',(2.269615242271E0,-2.731088913246E0,-7.1E0));
#1221=LINE('',#1220,#1219);
#1222=DIRECTION('',(8.660254037844E-1,5.E-1,0.E0));
#1223=VECTOR('',#1222,3.5E-1);
#1224=CARTESIAN_POINT('',(4.844555433772E-1,-4.339101615138E0,-7.E-1));
#1225=LINE('',#1224,#1223);
#1226=DIRECTION('',(5.000000000001E-1,-8.660254037844E-1,0.E0));
#1227=VECTOR('',#1226,4.999999999998E-1);
#1228=CARTESIAN_POINT('',(2.344555433773E-1,-3.906088913246E0,-7.E-1));
#1229=LINE('',#1228,#1227);
#1230=DIRECTION('',(5.E-1,-8.660254037844E-1,0.E0));
#1231=VECTOR('',#1230,4.999999999992E-2);
#1232=CARTESIAN_POINT('',(-3.515544456623E0,2.589101615138E0,0.E0));
#1233=LINE('',#1232,#1231);
#1234=DIRECTION('',(-2.5E-1,4.330127018922E-1,8.660254037844E-1));
#1235=VECTOR('',#1234,1.E-1);
#1236=CARTESIAN_POINT('',(-3.490544456623E0,2.545800344949E0,0.E0));
#1237=LINE('',#1236,#1235);
#1238=DIRECTION('',(0.E0,0.E0,1.E0));
#1239=VECTOR('',#1238,1.913397459622E0);
#1240=CARTESIAN_POINT('',(-3.515544456623E0,2.589101615138E0,
8.660254037844E-2));
#1241=LINE('',#1240,#1239);
#1242=DIRECTION('',(5.E-1,-8.660254037844E-1,0.E0));
#1243=VECTOR('',#1242,4.999999999998E-1);
#1244=CARTESIAN_POINT('',(-3.515544456623E0,2.589101615138E0,2.E0));
#1245=LINE('',#1244,#1243);
#1246=DIRECTION('',(0.E0,0.E0,-1.E0));
#1247=VECTOR('',#1246,1.913397459622E0);
#1248=CARTESIAN_POINT('',(-3.265544456623E0,2.156088913246E0,2.E0));
#1249=LINE('',#1248,#1247);
#1250=DIRECTION('',(-2.5E-1,4.330127018922E-1,-8.660254037844E-1));
#1251=VECTOR('',#1250,9.999999999961E-2);
#1252=CARTESIAN_POINT('',(-3.265544456623E0,2.156088913246E0,
8.660254037811E-2));
#1253=LINE('',#1252,#1251);
#1254=DIRECTION('',(5.000000000009E-1,-8.660254037839E-1,0.E0));
#1255=VECTOR('',#1254,4.999999999988E-2);
#1256=CARTESIAN_POINT('',(-3.290544456623E0,2.199390183435E0,0.E0));
#1257=LINE('',#1256,#1255);
#1258=DIRECTION('',(-5.000000000001E-1,8.660254037844E-1,0.E0));
#1259=VECTOR('',#1258,4.999999999998E-1);
#1260=CARTESIAN_POINT('',(-3.265544456623E0,2.156088913246E0,-7.E-1));
#1261=LINE('',#1260,#1259);
#1262=DIRECTION('',(1.776356839400E-14,-3.108624468950E-14,1.E0));
#1263=VECTOR('',#1262,7.E-1);
#1264=CARTESIAN_POINT('',(-3.515544456623E0,2.589101615138E0,-7.E-1));
#1265=LINE('',#1264,#1263);
#1266=DIRECTION('',(8.660254037844E-1,5.E-1,0.E0));
#1267=VECTOR('',#1266,3.5E0);
#1268=CARTESIAN_POINT('',(-3.265544456623E0,2.156088913246E0,0.E0));
#1269=LINE('',#1268,#1267);
#1270=DIRECTION('',(-2.168899980250E-14,-1.078502366779E-14,-1.E0));
#1271=VECTOR('',#1270,7.E-1);
#1272=CARTESIAN_POINT('',(-2.344555433773E-1,3.906088913246E0,0.E0));
#1273=LINE('',#1272,#1271);
#1274=DIRECTION('',(-8.660254037844E-1,-5.E-1,0.E0));
#1275=VECTOR('',#1274,3.5E-1);
#1276=CARTESIAN_POINT('',(-2.344555433773E-1,3.906088913246E0,-7.E-1));
#1277=LINE('',#1276,#1275);
#1278=DIRECTION('',(0.E0,0.E0,-1.E0));
#1279=VECTOR('',#1278,7.5E0);
#1280=CARTESIAN_POINT('',(-5.375644347019E-1,3.731088913246E0,-7.E-1));
#1281=LINE('',#1280,#1279);
#1282=DIRECTION('',(-8.660254037844E-1,-5.E-1,0.E0));
#1283=VECTOR('',#1282,2.8E0);
#1284=CARTESIAN_POINT('',(-5.375644347018E-1,3.731088913246E0,-8.2E0));
#1285=LINE('',#1284,#1283);
#1286=DIRECTION('',(0.E0,0.E0,1.E0));
#1287=VECTOR('',#1286,7.5E0);
#1288=CARTESIAN_POINT('',(-2.962435565298E0,2.331088913246E0,-8.2E0));
#1289=LINE('',#1288,#1287);
#1290=DIRECTION('',(-8.660254037845E-1,-4.999999999998E-1,0.E0));
#1291=VECTOR('',#1290,3.500000000004E-1);
#1292=CARTESIAN_POINT('',(-2.962435565298E0,2.331088913246E0,-7.E-1));
#1293=LINE('',#1292,#1291);
#1294=DIRECTION('',(3.806478941572E-14,-1.903239470786E-14,1.E0));
#1295=VECTOR('',#1294,7.E-1);
#1296=CARTESIAN_POINT('',(-3.265544456623E0,2.156088913246E0,-7.E-1));
#1297=LINE('',#1296,#1295);
#1298=DIRECTION('',(-5.E-1,8.660254037844E-1,0.E0));
#1299=VECTOR('',#1298,5.000000000002E-2);
#1300=CARTESIAN_POINT('',(-4.594555433772E-1,4.295800344949E0,0.E0));
#1301=LINE('',#1300,#1299);
#1302=DIRECTION('',(0.E0,0.E0,-1.E0));
#1303=VECTOR('',#1302,7.E-1);
#1304=CARTESIAN_POINT('',(-4.844555433772E-1,4.339101615138E0,0.E0));
#1305=LINE('',#1304,#1303);
#1306=DIRECTION('',(-5.000000000009E-1,8.660254037839E-1,0.E0));
#1307=VECTOR('',#1306,4.999999999978E-2);
#1308=CARTESIAN_POINT('',(-2.344555433773E-1,3.906088913246E0,0.E0));
#1309=LINE('',#1308,#1307);
#1310=DIRECTION('',(2.5E-1,-4.330127018922E-1,8.660254037844E-1));
#1311=VECTOR('',#1310,9.999999999961E-2);
#1312=CARTESIAN_POINT('',(-2.594555433772E-1,3.949390183435E0,0.E0));
#1313=LINE('',#1312,#1311);
#1314=DIRECTION('',(0.E0,0.E0,1.E0));
#1315=VECTOR('',#1314,1.913397459622E0);
#1316=CARTESIAN_POINT('',(-2.344555433773E-1,3.906088913246E0,
8.660254037811E-2));
#1317=LINE('',#1316,#1315);
#1318=DIRECTION('',(-5.E-1,8.660254037844E-1,0.E0));
#1319=VECTOR('',#1318,4.999999999998E-1);
#1320=CARTESIAN_POINT('',(-2.344555433773E-1,3.906088913246E0,2.E0));
#1321=LINE('',#1320,#1319);
#1322=DIRECTION('',(0.E0,0.E0,-1.E0));
#1323=VECTOR('',#1322,1.913397459622E0);
#1324=CARTESIAN_POINT('',(-4.844555433772E-1,4.339101615138E0,2.E0));
#1325=LINE('',#1324,#1323);
#1326=DIRECTION('',(2.5E-1,-4.330127018922E-1,-8.660254037844E-1));
#1327=VECTOR('',#1326,1.E-1);
#1328=CARTESIAN_POINT('',(-4.844555433772E-1,4.339101615138E0,
8.660254037844E-2));
#1329=LINE('',#1328,#1327);
#1330=DIRECTION('',(-8.660254037844E-1,-5.E-1,0.E0));
#1331=VECTOR('',#1330,3.5E0);
#1332=CARTESIAN_POINT('',(-4.844555433772E-1,4.339101615138E0,0.E0));
#1333=LINE('',#1332,#1331);
#1334=DIRECTION('',(2.299395242119E-13,1.815831435837E-13,1.E0));
#1335=VECTOR('',#1334,4.499999999986E-1);
#1336=CARTESIAN_POINT('',(-2.519615242271E0,3.164101615138E0,-6.35E0));
#1337=LINE('',#1336,#1335);
#1338=CARTESIAN_POINT('',(-2.E0,3.464101615138E0,-5.9E0));
#1339=DIRECTION('',(-5.E-1,8.660254037844E-1,0.E0));
#1340=DIRECTION('',(-8.660254037844E-1,-5.E-1,-6.794564910706E-12));
#1341=AXIS2_PLACEMENT_3D('',#1338,#1339,#1340);
#1343=DIRECTION('',(1.618458453681E-13,0.E0,-1.E0));
#1344=VECTOR('',#1343,4.499999999987E-1);
#1345=CARTESIAN_POINT('',(-1.480384757729E0,3.764101615138E0,
-5.900000000001E0));
#1346=LINE('',#1345,#1344);
#1347=DIRECTION('',(-8.660254037845E-1,-4.999999999998E-1,0.E0));
#1348=VECTOR('',#1347,3.500000000004E-1);
#1349=CARTESIAN_POINT('',(-3.212435565298E0,2.764101615138E0,-7.E-1));
#1350=LINE('',#1349,#1348);
#1351=DIRECTION('',(-5.000000000001E-1,8.660254037844E-1,0.E0));
#1352=VECTOR('',#1351,4.999999999998E-1);
#1353=CARTESIAN_POINT('',(-2.962435565298E0,2.331088913246E0,-7.E-1));
#1354=LINE('',#1353,#1352);
#1355=DIRECTION('',(-3.535533905931E-1,6.123724356960E-1,7.071067811864E-1));
#1356=VECTOR('',#1355,2.121320343561E-1);
#1357=CARTESIAN_POINT('',(-3.137435565298E0,2.634197804570E0,-6.5E0));
#1358=LINE('',#1357,#1356);
#1359=DIRECTION('',(0.E0,1.084678070076E-14,1.E0));
#1360=VECTOR('',#1359,5.65E0);
#1361=CARTESIAN_POINT('',(-3.212435565298E0,2.764101615138E0,-6.35E0));
#1362=LINE('',#1361,#1360);
#1363=DIRECTION('',(-5.000000000001E-1,8.660254037844E-1,0.E0));
#1364=VECTOR('',#1363,4.999999999998E-1);
#1365=CARTESIAN_POINT('',(-2.962435565298E0,2.331088913246E0,-8.2E0));
#1366=LINE('',#1365,#1364);
#1367=DIRECTION('',(0.E0,-3.409459094978E-14,1.E0));
#1368=VECTOR('',#1367,1.55E0);
#1369=CARTESIAN_POINT('',(-3.212435565298E0,2.764101615138E0,-8.2E0));
#1370=LINE('',#1369,#1368);
#1371=DIRECTION('',(3.535533905933E-1,-6.123724356959E-1,7.071067811865E-1));
#1372=VECTOR('',#1371,2.121320343561E-1);
#1373=CARTESIAN_POINT('',(-3.212435565298E0,2.764101615138E0,-6.65E0));
#1374=LINE('',#1373,#1372);
#1375=DIRECTION('',(-8.660254037844E-1,-5.000000000001E-1,0.E0));
#1376=VECTOR('',#1375,7.999999999996E-1);
#1377=CARTESIAN_POINT('',(-2.519615242271E0,3.164101615138E0,-6.35E0));
#1378=LINE('',#1377,#1376);
#1379=DIRECTION('',(8.660254037844E-1,5.000000000001E-1,0.E0));
#1380=VECTOR('',#1379,7.999999999996E-1);
#1381=CARTESIAN_POINT('',(-3.137435565298E0,2.634197804570E0,-6.5E0));
#1382=LINE('',#1381,#1380);
#1383=DIRECTION('',(-8.660254037844E-1,-5.000000000001E-1,0.E0));
#1384=VECTOR('',#1383,7.999999999996E-1);
#1385=CARTESIAN_POINT('',(-2.519615242271E0,3.164101615138E0,-6.65E0));
#1386=LINE('',#1385,#1384);
#1387=DIRECTION('',(-8.660254037844E-1,-5.000000000001E-1,0.E0));
#1388=VECTOR('',#1387,7.999999999997E-1);
#1389=CARTESIAN_POINT('',(-7.875644347018E-1,4.164101615138E0,-6.65E0));
#1390=LINE('',#1389,#1388);
#1391=DIRECTION('',(-1.085551401859E-13,1.569115208142E-13,-1.E0));
#1392=VECTOR('',#1391,4.499999999985E-1);
#1393=CARTESIAN_POINT('',(-1.480384757729E0,3.764101615138E0,-6.65E0));
#1394=LINE('',#1393,#1392);
#1395=CARTESIAN_POINT('',(-2.E0,3.464101615138E0,-7.1E0));
#1396=DIRECTION('',(-5.E-1,8.660254037844E-1,0.E0));
#1397=DIRECTION('',(8.660254037844E-1,5.E-1,6.791604315974E-12));
#1398=AXIS2_PLACEMENT_3D('',#1395,#1396,#1397);
#1400=DIRECTION('',(-2.822433644834E-13,-3.414552591303E-13,1.E0));
#1401=VECTOR('',#1400,4.499999999985E-1);
#1402=CARTESIAN_POINT('',(-2.519615242271E0,3.164101615138E0,
-7.099999999999E0));
#1403=LINE('',#1402,#1401);
#1404=DIRECTION('',(-8.660254037844E-1,-5.E-1,0.E0));
#1405=VECTOR('',#1404,2.8E0);
#1406=CARTESIAN_POINT('',(-7.875644347018E-1,4.164101615138E0,-8.2E0));
#1407=LINE('',#1406,#1405);
#1408=DIRECTION('',(5.458053582443E-1,4.579850747973E-1,7.016738431599E-1));
#1409=VECTOR('',#1408,7.125817855036E-1);
#1410=CARTESIAN_POINT('',(-1.176495391417E0,3.837749792805E0,-8.7E0));
#1411=LINE('',#1410,#1409);
#1412=DIRECTION('',(-5.000000000002E-1,8.660254037843E-1,2.744060724136E-14));
#1413=VECTOR('',#1412,3.236730192915E-1);
#1414=CARTESIAN_POINT('',(-2.573504608583E0,2.657440735579E0,-8.7E0));
#1415=LINE('',#1414,#1413);
#1416=DIRECTION('',(-6.695293884506E-1,-2.436887683625E-1,7.016738431600E-1));
#1417=VECTOR('',#1416,7.125817855034E-1);
#1418=CARTESIAN_POINT('',(-2.735341118229E0,2.937749792805E0,-8.7E0));
#1419=LINE('',#1418,#1417);
#1420=DIRECTION('',(-8.660254037844E-1,-5.E-1,1.480297366167E-14));
#1421=VECTOR('',#1420,1.8E0);
#1422=CARTESIAN_POINT('',(-1.176495391417E0,3.837749792805E0,-8.7E0));
#1423=LINE('',#1422,#1421);
#1424=DIRECTION('',(-5.000000000001E-1,8.660254037844E-1,4.390497158617E-14));
#1425=VECTOR('',#1424,3.236730192914E-1);
#1426=CARTESIAN_POINT('',(-1.014658881771E0,3.557440735579E0,-8.7E0));
#1427=LINE('',#1426,#1425);
#1428=DIRECTION('',(-8.660254037844E-1,-5.E-1,1.776356839400E-14));
#1429=VECTOR('',#1428,1.8E0);
#1430=CARTESIAN_POINT('',(-1.014658881771E0,3.557440735579E0,-8.7E0));
#1431=LINE('',#1430,#1429);
#1432=DIRECTION('',(-5.458053582442E-1,-4.579850747973E-1,7.016738431600E-1));
#1433=VECTOR('',#1432,7.125817855034E-1);
#1434=CARTESIAN_POINT('',(-2.573504608583E0,2.657440735579E0,-8.7E0));
#1435=LINE('',#1434,#1433);
#1436=DIRECTION('',(-5.000000000001E-1,8.660254037844E-1,0.E0));
#1437=VECTOR('',#1436,4.999999999998E-1);
#1438=CARTESIAN_POINT('',(-5.375644347018E-1,3.731088913246E0,-8.2E0));
#1439=LINE('',#1438,#1437);
#1440=DIRECTION('',(6.695293884507E-1,2.436887683626E-1,7.016738431599E-1));
#1441=VECTOR('',#1440,7.125817855036E-1);
#1442=CARTESIAN_POINT('',(-1.014658881771E0,3.557440735579E0,-8.7E0));
#1443=LINE('',#1442,#1441);
#1444=DIRECTION('',(3.535533905932E-1,-6.123724356961E-1,-7.071067811863E-1));
#1445=VECTOR('',#1444,2.121320343561E-1);
#1446=CARTESIAN_POINT('',(-7.875644347018E-1,4.164101615138E0,-6.35E0));
#1447=LINE('',#1446,#1445);
#1448=DIRECTION('',(-3.535533905934E-1,6.123724356960E-1,-7.071067811863E-1));
#1449=VECTOR('',#1448,2.121320343561E-1);
#1450=CARTESIAN_POINT('',(-7.125644347017E-1,4.034197804570E0,-6.5E0));
#1451=LINE('',#1450,#1449);
#1452=DIRECTION('',(1.117385753816E-14,5.099863184085E-14,-1.E0));
#1453=VECTOR('',#1452,1.55E0);
#1454=CARTESIAN_POINT('',(-7.875644347018E-1,4.164101615138E0,-6.65E0));
#1455=LINE('',#1454,#1453);
#1456=DIRECTION('',(-5.000000000001E-1,8.660254037844E-1,0.E0));
#1457=VECTOR('',#1456,4.999999999998E-1);
#1458=CARTESIAN_POINT('',(-5.375644347019E-1,3.731088913246E0,-7.E-1));
#1459=LINE('',#1458,#1457);
#1460=DIRECTION('',(0.E0,0.E0,-1.E0));
#1461=VECTOR('',#1460,5.65E0);
#1462=CARTESIAN_POINT('',(-7.875644347018E-1,4.164101615138E0,-7.E-1));
#1463=LINE('',#1462,#1461);
#1464=DIRECTION('',(-8.660254037844E-1,-5.000000000001E-1,0.E0));
#1465=VECTOR('',#1464,7.999999999997E-1);
#1466=CARTESIAN_POINT('',(-7.875644347018E-1,4.164101615138E0,-6.35E0));
#1467=LINE('',#1466,#1465);
#1468=DIRECTION('',(8.660254037844E-1,5.000000000001E-1,0.E0));
#1469=VECTOR('',#1468,7.999999999997E-1);
#1470=CARTESIAN_POINT('',(-1.405384757729E0,3.634197804570E0,-6.5E0));
#1471=LINE('',#1470,#1469);
#1472=DIRECTION('',(-3.535533905932E-1,6.123724356962E-1,7.071067811863E-1));
#1473=VECTOR('',#1472,2.121320343561E-1);
#1474=CARTESIAN_POINT('',(-1.405384757729E0,3.634197804570E0,-6.5E0));
#1475=LINE('',#1474,#1473);
#1476=DIRECTION('',(0.E0,0.E0,-1.E0));
#1477=VECTOR('',#1476,1.2E0);
#1478=CARTESIAN_POINT('',(-1.230384757729E0,3.331088913246E0,-5.9E0));
#1479=LINE('',#1478,#1477);
#1480=DIRECTION('',(3.535533905934E-1,-6.123724356960E-1,7.071067811863E-1));
#1481=VECTOR('',#1480,2.121320343561E-1);
#1482=CARTESIAN_POINT('',(-1.480384757729E0,3.764101615138E0,-6.65E0));
#1483=LINE('',#1482,#1481);
#1484=DIRECTION('',(5.000000000002E-1,-8.660254037843E-1,2.716049607444E-12));
#1485=VECTOR('',#1484,4.999999999998E-1);
#1486=CARTESIAN_POINT('',(-2.519615242271E0,3.164101615138E0,
-5.900000000001E0));
#1487=LINE('',#1486,#1485);
#1488=CARTESIAN_POINT('',(-1.75E0,3.031088913246E0,-5.9E0));
#1489=DIRECTION('',(-5.E-1,8.660254037844E-1,0.E0));
#1490=DIRECTION('',(-8.660254037844E-1,-5.E-1,0.E0));
#1491=AXIS2_PLACEMENT_3D('',#1488,#1489,#1490);
#1493=DIRECTION('',(-5.E-1,8.660254037844E-1,-2.712496893765E-12));
#1494=VECTOR('',#1493,4.999999999998E-1);
#1495=CARTESIAN_POINT('',(-1.230384757729E0,3.331088913246E0,-5.9E0));
#1496=LINE('',#1495,#1494);
#1497=DIRECTION('',(3.535533905931E-1,-6.123724356960E-1,-7.071067811864E-1));
#1498=VECTOR('',#1497,2.121320343561E-1);
#1499=CARTESIAN_POINT('',(-2.519615242271E0,3.164101615138E0,-6.35E0));
#1500=LINE('',#1499,#1498);
#1501=DIRECTION('',(-3.535533905933E-1,6.123724356959E-1,-7.071067811865E-1));
#1502=VECTOR('',#1501,2.121320343560E-1);
#1503=CARTESIAN_POINT('',(-2.444615242271E0,3.034197804570E0,-6.5E0));
#1504=LINE('',#1503,#1502);
#1505=DIRECTION('',(0.E0,0.E0,1.E0));
#1506=VECTOR('',#1505,1.2E0);
#1507=CARTESIAN_POINT('',(-2.269615242271E0,2.731088913246E0,-7.1E0));
#1508=LINE('',#1507,#1506);
#1509=DIRECTION('',(5.E-1,-8.660254037844E-1,-2.716049607444E-12));
#1510=VECTOR('',#1509,4.999999999998E-1);
#1511=CARTESIAN_POINT('',(-1.480384757729E0,3.764101615138E0,
-7.099999999999E0));
#1512=LINE('',#1511,#1510);
#1513=CARTESIAN_POINT('',(-1.75E0,3.031088913246E0,-7.1E0));
#1514=DIRECTION('',(-5.E-1,8.660254037844E-1,0.E0));
#1515=DIRECTION('',(8.660254037844E-1,5.E-1,0.E0));
#1516=AXIS2_PLACEMENT_3D('',#1513,#1514,#1515);
#1518=DIRECTION('',(-5.000000000002E-1,8.660254037843E-1,2.710720536926E-12));
#1519=VECTOR('',#1518,4.999999999998E-1);
#1520=CARTESIAN_POINT('',(-2.269615242271E0,2.731088913246E0,-7.1E0));
#1521=LINE('',#1520,#1519);
#1522=DIRECTION('',(-8.660254037844E-1,-5.E-1,0.E0));
#1523=VECTOR('',#1522,3.5E-1);
#1524=CARTESIAN_POINT('',(-4.844555433772E-1,4.339101615138E0,-7.E-1));
#1525=LINE('',#1524,#1523);
#1526=DIRECTION('',(-5.000000000001E-1,8.660254037844E-1,0.E0));
#1527=VECTOR('',#1526,4.999999999998E-1);
#1528=CARTESIAN_POINT('',(-2.344555433773E-1,3.906088913246E0,-7.E-1));
#1529=LINE('',#1528,#1527);
#1530=DIRECTION('',(-8.660254037845E-1,4.999999999999E-1,0.E0));
#1531=VECTOR('',#1530,6.000000000003E-1);
#1532=CARTESIAN_POINT('',(-4.062435565298E0,-4.236344801571E0,-1.2E0));
#1533=LINE('',#1532,#1531);
#1534=DIRECTION('',(-4.999999999998E-1,-8.660254037846E-1,0.E0));
#1535=VECTOR('',#1534,5.000000000007E-1);
#1536=CARTESIAN_POINT('',(-4.582050807569E0,-3.936344801571E0,-1.2E0));
#1537=LINE('',#1536,#1535);
#1538=DIRECTION('',(-3.535533905930E-1,-6.123724356965E-1,7.071067811861E-1));
#1539=VECTOR('',#1538,1.414213562376E-1);
#1540=CARTESIAN_POINT('',(-4.062435565298E0,-4.236344801571E0,-7.1E0));
#1541=LINE('',#1540,#1539);
#1542=DIRECTION('',(3.535533905935E-1,6.123724356962E-1,7.071067811861E-1));
#1543=VECTOR('',#1542,1.414213562375E-1);
#1544=CARTESIAN_POINT('',(-4.112435565298E0,-4.322947341950E0,-7.E0));
#1545=LINE('',#1544,#1543);
#1546=DIRECTION('',(1.168655815395E-14,0.E0,1.E0));
#1547=VECTOR('',#1546,5.7E0);
#1548=CARTESIAN_POINT('',(-4.062435565298E0,-4.236344801571E0,-6.9E0));
#1549=LINE('',#1548,#1547);
#1550=DIRECTION('',(-4.999999999998E-1,-8.660254037846E-1,0.E0));
#1551=VECTOR('',#1550,5.000000000007E-1);
#1552=CARTESIAN_POINT('',(-4.062435565298E0,-4.236344801571E0,-1.2E0));
#1553=LINE('',#1552,#1551);
#1554=DIRECTION('',(-4.468822237485E-14,0.E0,1.E0));
#1555=VECTOR('',#1554,1.59E0);
#1556=CARTESIAN_POINT('',(-4.062435565298E0,-4.236344801571E0,-8.69E0));
#1557=LINE('',#1556,#1555);
#1558=DIRECTION('',(8.660254037844E-1,-5.000000000001E-1,0.E0));
#1559=VECTOR('',#1558,7.999999999995E-1);
#1560=CARTESIAN_POINT('',(-4.062435565298E0,-4.236344801571E0,-7.1E0));
#1561=LINE('',#1560,#1559);
#1562=DIRECTION('',(-8.660254037844E-1,5.000000000001E-1,0.E0));
#1563=VECTOR('',#1562,7.999999999995E-1);
#1564=CARTESIAN_POINT('',(-3.419615242271E0,-4.722947341950E0,-7.E0));
#1565=LINE('',#1564,#1563);
#1566=DIRECTION('',(3.535533905930E-1,6.123724356965E-1,-7.071067811861E-1));
#1567=VECTOR('',#1566,1.414213562376E-1);
#1568=CARTESIAN_POINT('',(-3.419615242271E0,-4.722947341950E0,-7.E0));
#1569=LINE('',#1568,#1567);
#1570=DIRECTION('',(1.589839371267E-13,-4.796163466393E-14,-1.E0));
#1571=VECTOR('',#1570,4.999999999987E-1);
#1572=CARTESIAN_POINT('',(-3.369615242271E0,-4.636344801571E0,-7.1E0));
#1573=LINE('',#1572,#1571);
#1574=DIRECTION('',(0.E0,0.E0,1.E0));
#1575=VECTOR('',#1574,1.2E0);
#1576=CARTESIAN_POINT('',(-3.619615242271E0,-5.069357503464E0,-7.6E0));
#1577=LINE('',#1576,#1575);
#1578=DIRECTION('',(-7.815970093385E-14,-1.865174681376E-13,-1.E0));
#1579=VECTOR('',#1578,4.999999999984E-1);
#1580=CARTESIAN_POINT('',(-3.369615242271E0,-4.636344801571E0,
-6.400000000001E0));
#1581=LINE('',#1580,#1579);
#1582=DIRECTION('',(-3.535533905935E-1,-6.123724356962E-1,-7.071067811861E-1));
#1583=VECTOR('',#1582,1.414213562375E-1);
#1584=CARTESIAN_POINT('',(-3.369615242271E0,-4.636344801571E0,-6.9E0));
#1585=LINE('',#1584,#1583);
#1586=CARTESIAN_POINT('',(-3.1E0,-5.369357503464E0,-7.6E0));
#1587=DIRECTION('',(5.E-1,8.660254037844E-1,0.E0));
#1588=DIRECTION('',(8.660254037844E-1,-5.E-1,0.E0));
#1589=AXIS2_PLACEMENT_3D('',#1586,#1587,#1588);
#1591=DIRECTION('',(5.E-1,8.660254037845E-1,2.708944180082E-12));
#1592=VECTOR('',#1591,5.000000000007E-1);
#1593=CARTESIAN_POINT('',(-3.619615242271E0,-5.069357503464E0,-7.6E0));
#1594=LINE('',#1593,#1592);
#1595=DIRECTION('',(-5.000000000001E-1,-8.660254037844E-1,-2.716049607439E-12));
#1596=VECTOR('',#1595,5.000000000006E-1);
#1597=CARTESIAN_POINT('',(-2.330384757729E0,-5.236344801571E0,
-7.599999999999E0));
#1598=LINE('',#1597,#1596);
#1599=CARTESIAN_POINT('',(-3.1E0,-5.369357503464E0,-6.4E0));
#1600=DIRECTION('',(5.E-1,8.660254037844E-1,0.E0));
#1601=DIRECTION('',(-8.660254037844E-1,5.E-1,0.E0));
#1602=AXIS2_PLACEMENT_3D('',#1599,#1600,#1601);
#1604=DIRECTION('',(5.000000000001E-1,8.660254037844E-1,-2.707167823242E-12));
#1605=VECTOR('',#1604,5.000000000006E-1);
#1606=CARTESIAN_POINT('',(-2.580384757730E0,-5.669357503464E0,-6.4E0));
#1607=LINE('',#1606,#1605);
#1608=DIRECTION('',(-5.E-1,-8.660254037845E-1,2.714273250600E-12));
#1609=VECTOR('',#1608,5.000000000007E-1);
#1610=CARTESIAN_POINT('',(-3.369615242271E0,-4.636344801571E0,
-6.400000000001E0));
#1611=LINE('',#1610,#1609);
#1612=DIRECTION('',(6.695293884508E-1,-2.436887683621E-1,-7.016738431600E-1));
#1613=VECTOR('',#1612,7.125817855054E-1);
#1614=CARTESIAN_POINT('',(-4.303775311262E0,-4.674357503463E0,
-8.699999999999E0));
#1615=LINE('',#1614,#1613);
#1616=DIRECTION('',(-5.458053582442E-1,4.579850747973E-1,7.016738431599E-1));
#1617=VECTOR('',#1616,7.125817855032E-1);
#1618=CARTESIAN_POINT('',(-3.664844354545E0,-4.567696623904E0,-9.2E0));
#1619=LINE('',#1618,#1617);
#1620=DIRECTION('',(-4.999999999998E-1,-8.660254037846E-1,0.E0));
#1621=VECTOR('',#1620,5.000000000007E-1);
#1622=CARTESIAN_POINT('',(-4.062435565298E0,-4.236344801571E0,-8.69E0));
#1623=LINE('',#1622,#1621);
#1624=DIRECTION('',(-5.000000000003E-1,-8.660254037842E-1,-1.811080077930E-13));
#1625=VECTOR('',#1624,3.236730192914E-1);
#1626=CARTESIAN_POINT('',(-3.664844354545E0,-4.567696623904E0,-9.2E0));
#1627=LINE('',#1626,#1625);
#1628=DIRECTION('',(8.660254037844E-1,-5.000000000001E-1,-2.894064513630E-14));
#1629=VECTOR('',#1628,1.78E0);
#1630=CARTESIAN_POINT('',(-3.664844354545E0,-4.567696623904E0,-9.2E0));
#1631=LINE('',#1630,#1629);
#1632=DIRECTION('',(-8.660254037845E-1,4.999999999999E-1,0.E0));
#1633=VECTOR('',#1632,6.000000000003E-1);
#1634=CARTESIAN_POINT('',(-1.117949192431E0,-5.936344801571E0,-1.2E0));
#1635=LINE('',#1634,#1633);
#1636=DIRECTION('',(-4.999999999998E-1,-8.660254037846E-1,0.E0));
#1637=VECTOR('',#1636,5.000000000007E-1);
#1638=CARTESIAN_POINT('',(-1.637564434702E0,-5.636344801571E0,-1.2E0));
#1639=LINE('',#1638,#1637);
#1640=CARTESIAN_POINT('',(0.E0,0.E0,-4.980874116662E-1));
#1641=DIRECTION('',(0.E0,0.E0,1.E0));
#1642=DIRECTION('',(1.422614363049E-10,1.E0,0.E0));
#1643=AXIS2_PLACEMENT_3D('',#1640,#1641,#1642);
#1645=DIRECTION('',(1.822932210145E-10,8.715574274745E-2,9.961946980918E-1));
#1646=VECTOR('',#1645,1.093228395180E0);
#1647=CARTESIAN_POINT('',(1.857314974870E-10,2.611141865259E0,
-1.587155742748E0));
#1648=LINE('',#1647,#1646);
#1649=CARTESIAN_POINT('',(0.E0,0.E0,-4.980874116662E-1));
#1650=DIRECTION('',(0.E0,0.E0,1.E0));
#1651=DIRECTION('',(0.E0,-1.E0,0.E0));
#1652=AXIS2_PLACEMENT_3D('',#1649,#1650,#1651);
#1654=DIRECTION('',(0.E0,-8.715574274745E-2,9.961946980918E-1));
#1655=VECTOR('',#1654,1.093228395180E0);
#1656=CARTESIAN_POINT('',(0.E0,-2.611141865259E0,-1.587155742748E0));
#1657=LINE('',#1656,#1655);
#1658=CARTESIAN_POINT('',(0.E0,0.E0,-1.587155742748E0));
#1659=DIRECTION('',(0.E0,0.E0,1.E0));
#1660=DIRECTION('',(0.E0,-1.E0,0.E0));
#1661=AXIS2_PLACEMENT_3D('',#1658,#1659,#1660);
#1663=CARTESIAN_POINT('',(0.E0,0.E0,-1.587155742748E0));
#1664=DIRECTION('',(0.E0,0.E0,1.E0));
#1665=DIRECTION('',(1.594004612970E-2,-9.998729493938E-1,0.E0));
#1666=AXIS2_PLACEMENT_3D('',#1663,#1664,#1665);
#1668=CARTESIAN_POINT('',(0.E0,1.614947167168E0,-1.5E0));
#1669=DIRECTION('',(-1.E0,0.E0,0.E0));
#1670=DIRECTION('',(0.E0,9.961946980917E-1,-8.715574274798E-2));
#1671=AXIS2_PLACEMENT_3D('',#1668,#1669,#1670);
#1673=CARTESIAN_POINT('',(0.E0,0.E0,-2.5E0));
#1674=DIRECTION('',(0.E0,0.E0,1.E0));
#1675=DIRECTION('',(0.E0,-1.E0,0.E0));
#1676=AXIS2_PLACEMENT_3D('',#1673,#1674,#1675);
#1678=CARTESIAN_POINT('',(0.E0,0.E0,-2.5E0));
#1679=DIRECTION('',(0.E0,0.E0,1.E0));
#1680=DIRECTION('',(0.E0,1.E0,0.E0));
#1681=AXIS2_PLACEMENT_3D('',#1678,#1679,#1680);
#1683=CARTESIAN_POINT('',(0.E0,0.E0,-1.587155742748E0));
#1684=DIRECTION('',(0.E0,0.E0,1.E0));
#1685=DIRECTION('',(1.422614363049E-10,1.E0,0.E0));
#1686=AXIS2_PLACEMENT_3D('',#1683,#1684,#1685);
#1688=CARTESIAN_POINT('',(0.E0,0.E0,-1.587155742748E0));
#1689=DIRECTION('',(0.E0,0.E0,1.E0));
#1690=DIRECTION('',(-1.594004612970E-2,9.998729493938E-1,0.E0));
#1691=AXIS2_PLACEMENT_3D('',#1688,#1689,#1690);
#1693=CARTESIAN_POINT('',(0.E0,-1.614947167168E0,-1.5E0));
#1694=DIRECTION('',(1.E0,0.E0,0.E0));
#1695=DIRECTION('',(0.E0,-9.961946980917E-1,-8.715574274798E-2));
#1696=AXIS2_PLACEMENT_3D('',#1693,#1694,#1695);
#1698=CARTESIAN_POINT('',(-3.972795266285E-1,-1.472334528386E0,
-2.499999999927E0));
#1699=CARTESIAN_POINT('',(-3.708940962735E-1,-1.479447162586E0,
-2.499999999927E0));
#1700=CARTESIAN_POINT('',(-3.176832510926E-1,-1.492143372483E0,
-2.500000000034E0));
#1701=CARTESIAN_POINT('',(-2.367840180665E-1,-1.506603781585E0,
-2.499999999991E0));
#1702=CARTESIAN_POINT('',(-1.552304537956E-1,-1.516365470556E0,
-2.500000000002E0));
#1703=CARTESIAN_POINT('',(-7.352877017552E-2,-1.521393464464E0,
-2.499999999999E0));
#1704=CARTESIAN_POINT('',(8.068854128841E-3,-1.521684615144E0,-2.5E0));
#1705=CARTESIAN_POINT('',(8.945848409425E-2,-1.517251333009E0,-2.5E0));
#1706=CARTESIAN_POINT('',(1.703980230290E-1,-1.508135218701E0,-2.5E0));
#1707=CARTESIAN_POINT('',(2.505575561762E-1,-1.494371718734E0,-2.5E0));
#1708=CARTESIAN_POINT('',(3.292142737401E-1,-1.476119831642E0,-2.5E0));
#1709=CARTESIAN_POINT('',(4.060434812585E-1,-1.453525434106E0,-2.5E0));
#1710=CARTESIAN_POINT('',(4.807344013760E-1,-1.426736116894E0,-2.5E0));
#1711=CARTESIAN_POINT('',(5.532828751611E-1,-1.395817492030E0,-2.5E0));
#1712=CARTESIAN_POINT('',(6.231978136326E-1,-1.361060436165E0,-2.5E0));
#1713=CARTESIAN_POINT('',(6.904024275400E-1,-1.322567851882E0,-2.5E0));
#1714=CARTESIAN_POINT('',(7.527191241641E-1,-1.281676851372E0,-2.5E0));
#1715=CARTESIAN_POINT('',(8.040742973554E-1,-1.243692076968E0,-2.5E0));
#1716=CARTESIAN_POINT('',(8.475752702566E-1,-1.208111242808E0,-2.5E0));
#1717=CARTESIAN_POINT('',(8.844101811034E-1,-1.175091245951E0,-2.5E0));
#1718=CARTESIAN_POINT('',(9.157395087038E-1,-1.144614313086E0,-2.5E0));
#1719=CARTESIAN_POINT('',(9.426297757108E-1,-1.116408929224E0,-2.5E0));
#1720=CARTESIAN_POINT('',(9.657450693479E-1,-1.090393638571E0,-2.5E0));
#1721=CARTESIAN_POINT('',(9.856639412751E-1,-1.066431683756E0,-2.5E0));
#1722=CARTESIAN_POINT('',(1.002857723545E0,-1.044383956570E0,-2.5E0));
#1723=CARTESIAN_POINT('',(1.017714245253E0,-1.024115372946E0,-2.5E0));
#1724=CARTESIAN_POINT('',(1.030557624671E0,-1.005493089491E0,-2.5E0));
#1725=CARTESIAN_POINT('',(1.041658158420E0,-9.883919708109E-1,-2.5E0));
#1726=CARTESIAN_POINT('',(1.051243035368E0,-9.726947466793E-1,-2.5E0));
#1727=CARTESIAN_POINT('',(1.059504302325E0,-9.582910947916E-1,-2.5E0));
#1728=CARTESIAN_POINT('',(1.066596269247E0,-9.450964534197E-1,-2.5E0));
#1729=CARTESIAN_POINT('',(1.072683888392E0,-9.329657199953E-1,-2.5E0));
#1730=CARTESIAN_POINT('',(1.077871420519E0,-9.218333763597E-1,-2.5E0));
#1731=CARTESIAN_POINT('',(1.082257763941E0,-9.116215329951E-1,-2.5E0));
#1732=CARTESIAN_POINT('',(1.085927411202E0,-9.022559709236E-1,-2.5E0));
#1733=CARTESIAN_POINT('',(1.088943665922E0,-8.936938053171E-1,-2.5E0));
#1734=CARTESIAN_POINT('',(1.091373422278E0,-8.858605923095E-1,-2.5E0));
#1735=CARTESIAN_POINT('',(1.093268339280E0,-8.786945526536E-1,-2.5E0));
#1736=CARTESIAN_POINT('',(1.094664255476E0,-8.721650626313E-1,-2.5E0));
#1737=CARTESIAN_POINT('',(1.095593492680E0,-8.662372934040E-1,-2.5E0));
#1738=CARTESIAN_POINT('',(1.096081671256E0,-8.608752836917E-1,-2.5E0));
#1739=CARTESIAN_POINT('',(1.096147248348E0,-8.560597616499E-1,-2.5E0));
#1740=CARTESIAN_POINT('',(1.095801816410E0,-8.517691711565E-1,-2.5E0));
#1741=CARTESIAN_POINT('',(1.095063685981E0,-8.480278032491E-1,-2.5E0));
#1742=CARTESIAN_POINT('',(1.093945288045E0,-8.448182744151E-1,-2.5E0));
#1743=CARTESIAN_POINT('',(1.092529155732E0,-8.422237079455E-1,-2.5E0));
#1744=CARTESIAN_POINT('',(1.090846763902E0,-8.401429772228E-1,-2.5E0));
#1745=CARTESIAN_POINT('',(1.088932383237E0,-8.385208570920E-1,-2.5E0));
#1746=CARTESIAN_POINT('',(1.086684166100E0,-8.372521160981E-1,-2.5E0));
#1747=CARTESIAN_POINT('',(1.084078368416E0,-8.363538461583E-1,-2.5E0));
#1748=CARTESIAN_POINT('',(1.081000157564E0,-8.358405587756E-1,-2.5E0));
#1749=CARTESIAN_POINT('',(1.077482825614E0,-8.357726043359E-1,-2.5E0));
#1750=CARTESIAN_POINT('',(1.073509161913E0,-8.361773061551E-1,-2.5E0));
#1751=CARTESIAN_POINT('',(1.069141408019E0,-8.370597496745E-1,-2.5E0));
#1752=CARTESIAN_POINT('',(1.064345655790E0,-8.384263664040E-1,-2.5E0));
#1753=CARTESIAN_POINT('',(1.059106201759E0,-8.402869134766E-1,-2.5E0));
#1754=CARTESIAN_POINT('',(1.053404411234E0,-8.426505564573E-1,-2.5E0));
#1755=CARTESIAN_POINT('',(1.047208882911E0,-8.455327851886E-1,-2.5E0));
#1756=CARTESIAN_POINT('',(1.040475724326E0,-8.489568565825E-1,-2.5E0));
#1757=CARTESIAN_POINT('',(1.033154170916E0,-8.529515843588E-1,-2.5E0));
#1758=CARTESIAN_POINT('',(1.025190880177E0,-8.575481394449E-1,-2.5E0));
#1759=CARTESIAN_POINT('',(1.016534082732E0,-8.627760648273E-1,-2.5E0));
#1760=CARTESIAN_POINT('',(1.007118799620E0,-8.686711756760E-1,-2.5E0));
#1761=CARTESIAN_POINT('',(9.968758444852E-1,-8.752696846092E-1,-2.5E0));
#1762=CARTESIAN_POINT('',(9.857254616634E-1,-8.826110218073E-1,-2.5E0));
#1763=CARTESIAN_POINT('',(9.735586127837E-1,-8.907496594757E-1,-2.5E0));
#1764=CARTESIAN_POINT('',(9.602756493859E-1,-8.997279156354E-1,-2.5E0));
#1765=CARTESIAN_POINT('',(9.457741803199E-1,-9.095815243702E-1,-2.5E0));
#1766=CARTESIAN_POINT('',(9.299195649516E-1,-9.203578896890E-1,-2.5E0));
#1767=CARTESIAN_POINT('',(9.125822726002E-1,-9.320883045613E-1,-2.5E0));
#1768=CARTESIAN_POINT('',(8.935917879777E-1,-9.448163892943E-1,-2.5E0));
#1769=CARTESIAN_POINT('',(8.727435767520E-1,-9.585887484263E-1,-2.5E0));
#1770=CARTESIAN_POINT('',(8.498378298947E-1,-9.734250228732E-1,-2.5E0));
#1771=CARTESIAN_POINT('',(8.245450242157E-1,-9.893977510252E-1,-2.5E0));
#1772=CARTESIAN_POINT('',(7.965104226596E-1,-1.006552067113E0,-2.5E0));
#1773=CARTESIAN_POINT('',(7.652768279277E-1,-1.024939823718E0,-2.5E0));
#1774=CARTESIAN_POINT('',(7.302638510395E-1,-1.044608618997E0,-2.5E0));
#1775=CARTESIAN_POINT('',(6.907839872298E-1,-1.065556008492E0,-2.5E0));
#1776=CARTESIAN_POINT('',(6.460305240135E-1,-1.087727203788E0,-2.5E0));
#1777=CARTESIAN_POINT('',(5.948805343765E-1,-1.111016367379E0,-2.5E0));
#1778=CARTESIAN_POINT('',(5.362665378246E-1,-1.135064367777E0,-2.5E0));
#1779=CARTESIAN_POINT('',(4.676356162544E-1,-1.159683650288E0,-2.5E0));
#1780=CARTESIAN_POINT('',(3.904968708995E-1,-1.182765299511E0,-2.5E0));
#1781=CARTESIAN_POINT('',(3.110676257358E-1,-1.201563114802E0,-2.5E0));
#1782=CARTESIAN_POINT('',(2.312824580435E-1,-1.215591741289E0,-2.5E0));
#1783=CARTESIAN_POINT('',(1.515571430288E-1,-1.224890047244E0,-2.5E0));
#1784=CARTESIAN_POINT('',(7.177472988489E-2,-1.229518848244E0,-2.5E0));
#1785=CARTESIAN_POINT('',(-7.341634769171E-3,-1.229492882077E0,
-2.499999999999E0));
#1786=CARTESIAN_POINT('',(-8.609885275337E-2,-1.224847670006E0,
-2.500000000002E0));
#1787=CARTESIAN_POINT('',(-1.645271730507E-1,-1.215598936755E0,
-2.499999999992E0));
#1788=CARTESIAN_POINT('',(-2.423108662735E-1,-1.201788795490E0,
-2.500000000031E0));
#1789=CARTESIAN_POINT('',(-2.936393625880E-1,-1.189565345017E0,
-2.499999999933E0));
#1790=CARTESIAN_POINT('',(-3.191261804371E-1,-1.182694948139E0,
-2.499999999933E0));
#1792=CARTESIAN_POINT('',(-1.524978914543E0,-1.949347822931E-13,
-2.666443536577E0));
#1793=CARTESIAN_POINT('',(-1.524978914543E0,-1.579236005082E-1,
-2.653258318661E0));
#1794=CARTESIAN_POINT('',(-1.475551914499E0,-4.737427766488E-1,
-2.626887844232E0));
#1795=CARTESIAN_POINT('',(-1.260081713912E0,-9.021336400021E-1,
-2.587332205990E0));
#1796=CARTESIAN_POINT('',(-9.239849780172E-1,-1.244159315434E0,
-2.547776548119E0));
#1797=CARTESIAN_POINT('',(-6.115283089206E-1,-1.408173423524E0,
-2.518665814563E0));
#1798=CARTESIAN_POINT('',(-4.289691039815E-1,-1.463792073410E0,
-2.502740298384E0));
#1799=CARTESIAN_POINT('',(-3.972795266285E-1,-1.472334528386E0,
-2.499999999927E0));
#1801=CARTESIAN_POINT('',(-3.191261804371E-1,-1.182694948139E0,
-2.499999999933E0));
#1802=CARTESIAN_POINT('',(-3.443368032477E-1,-1.175892409987E0,
-2.499999999933E0));
#1803=CARTESIAN_POINT('',(-3.944753782457E-1,-1.160791623633E0,
-2.500000000031E0));
#1804=CARTESIAN_POINT('',(-4.687108969493E-1,-1.133592868975E0,
-2.499999999992E0));
#1805=CARTESIAN_POINT('',(-5.414081921906E-1,-1.102029341292E0,
-2.500000000002E0));
#1806=CARTESIAN_POINT('',(-6.120192019437E-1,-1.066341564388E0,
-2.499999999999E0));
#1807=CARTESIAN_POINT('',(-6.803419282567E-1,-1.026655843330E0,-2.5E0));
#1808=CARTESIAN_POINT('',(-7.463963558358E-1,-9.829387141781E-1,-2.5E0));
#1809=CARTESIAN_POINT('',(-8.106332184893E-1,-9.348291984256E-1,-2.5E0));
#1810=CARTESIAN_POINT('',(-8.724968033682E-1,-8.826433568769E-1,-2.5E0));
#1811=CARTESIAN_POINT('',(-9.321582904203E-1,-8.260890519399E-1,-2.5E0));
#1812=CARTESIAN_POINT('',(-9.876525272948E-1,-7.669506407701E-1,-2.5E0));
#1813=CARTESIAN_POINT('',(-1.034757542544E0,-7.108975917904E-1,-2.5E0));
#1814=CARTESIAN_POINT('',(-1.073135851739E0,-6.608000629124E-1,-2.5E0));
#1815=CARTESIAN_POINT('',(-1.105625222278E0,-6.148961239886E-1,-2.5E0));
#1816=CARTESIAN_POINT('',(-1.133116630645E0,-5.732376969577E-1,-2.5E0));
#1817=CARTESIAN_POINT('',(-1.156714999704E0,-5.352468314339E-1,-2.5E0));
#1818=CARTESIAN_POINT('',(-1.177094290185E0,-5.006361086833E-1,-2.5E0));
#1819=CARTESIAN_POINT('',(-1.194864704062E0,-4.690154287314E-1,-2.5E0));
#1820=CARTESIAN_POINT('',(-1.210469436036E0,-4.401018567650E-1,-2.5E0));
#1821=CARTESIAN_POINT('',(-1.224288972237E0,-4.135963452813E-1,-2.5E0));
#1822=CARTESIAN_POINT('',(-1.236623252512E0,-3.892465597195E-1,-2.5E0));
#1823=CARTESIAN_POINT('',(-1.247704232914E0,-3.668629309357E-1,-2.5E0));
#1824=CARTESIAN_POINT('',(-1.257720565842E0,-3.462797843831E-1,-2.5E0));
#1825=CARTESIAN_POINT('',(-1.266808842857E0,-3.273907205712E-1,-2.5E0));
#1826=CARTESIAN_POINT('',(-1.275088699582E0,-3.100872705879E-1,-2.5E0));
#1827=CARTESIAN_POINT('',(-1.282662542670E0,-2.942659710234E-1,-2.5E0));
#1828=CARTESIAN_POINT('',(-1.289617915970E0,-2.798292975902E-1,-2.5E0));
#1829=CARTESIAN_POINT('',(-1.296033036365E0,-2.666791471594E-1,-2.5E0));
#1830=CARTESIAN_POINT('',(-1.301965902110E0,-2.547427721236E-1,-2.5E0));
#1831=CARTESIAN_POINT('',(-1.307481639168E0,-2.439202199005E-1,-2.5E0));
#1832=CARTESIAN_POINT('',(-1.312641938128E0,-2.341119280273E-1,-2.5E0));
#1833=CARTESIAN_POINT('',(-1.317482455379E0,-2.252631719415E-1,-2.5E0));
#1834=CARTESIAN_POINT('',(-1.322043223291E0,-2.173060874565E-1,-2.5E0));
#1835=CARTESIAN_POINT('',(-1.326358580921E0,-2.101822260737E-1,-2.5E0));
#1836=CARTESIAN_POINT('',(-1.330448841045E0,-2.038544420725E-1,-2.5E0));
#1837=CARTESIAN_POINT('',(-1.334348811020E0,-1.982626998759E-1,-2.5E0));
#1838=CARTESIAN_POINT('',(-1.338088023746E0,-1.933614249261E-1,-2.5E0));
#1839=CARTESIAN_POINT('',(-1.341679775127E0,-1.891299021653E-1,-2.5E0));
#1840=CARTESIAN_POINT('',(-1.345137888318E0,-1.855478095428E-1,-2.5E0));
#1841=CARTESIAN_POINT('',(-1.348470233503E0,-1.826001602994E-1,-2.5E0));
#1842=CARTESIAN_POINT('',(-1.351700975295E0,-1.802659063375E-1,-2.5E0));
#1843=CARTESIAN_POINT('',(-1.354773688483E0,-1.785706845048E-1,-2.5E0));
#1844=CARTESIAN_POINT('',(-1.357695211507E0,-1.774797894877E-1,-2.5E0));
#1845=CARTESIAN_POINT('',(-1.360405910149E0,-1.769601388325E-1,-2.5E0));
#1846=CARTESIAN_POINT('',(-1.362995271681E0,-1.769440640979E-1,-2.5E0));
#1847=CARTESIAN_POINT('',(-1.365472033169E0,-1.774046541839E-1,-2.5E0));
#1848=CARTESIAN_POINT('',(-1.367978689067E0,-1.783830601642E-1,-2.5E0));
#1849=CARTESIAN_POINT('',(-1.370505497613E0,-1.799389141621E-1,-2.5E0));
#1850=CARTESIAN_POINT('',(-1.373082438283E0,-1.821760494989E-1,-2.5E0));
#1851=CARTESIAN_POINT('',(-1.375596913345E0,-1.850629539023E-1,-2.5E0));
#1852=CARTESIAN_POINT('',(-1.378047595593E0,-1.886206681244E-1,-2.5E0));
#1853=CARTESIAN_POINT('',(-1.380408137138E0,-1.928401092485E-1,-2.5E0));
#1854=CARTESIAN_POINT('',(-1.382677565106E0,-1.977429232590E-1,-2.5E0));
#1855=CARTESIAN_POINT('',(-1.384850228758E0,-2.033556526717E-1,-2.5E0));
#1856=CARTESIAN_POINT('',(-1.386922092275E0,-2.097223638320E-1,-2.5E0));
#1857=CARTESIAN_POINT('',(-1.388883256586E0,-2.168903892901E-1,-2.5E0));
#1858=CARTESIAN_POINT('',(-1.390720692494E0,-2.249173858201E-1,-2.5E0));
#1859=CARTESIAN_POINT('',(-1.392415903457E0,-2.338651117857E-1,-2.5E0));
#1860=CARTESIAN_POINT('',(-1.393947001476E0,-2.438110036049E-1,-2.5E0));
#1861=CARTESIAN_POINT('',(-1.395287872209E0,-2.548681530816E-1,-2.5E0));
#1862=CARTESIAN_POINT('',(-1.396398982739E0,-2.671229860496E-1,-2.5E0));
#1863=CARTESIAN_POINT('',(-1.397234816172E0,-2.806923125654E-1,-2.5E0));
#1864=CARTESIAN_POINT('',(-1.397738057951E0,-2.957131204674E-1,-2.5E0));
#1865=CARTESIAN_POINT('',(-1.397837736598E0,-3.123163595786E-1,-2.5E0));
#1866=CARTESIAN_POINT('',(-1.397445462854E0,-3.307121768080E-1,-2.5E0));
#1867=CARTESIAN_POINT('',(-1.396449228061E0,-3.510896926599E-1,-2.5E0));
#1868=CARTESIAN_POINT('',(-1.394710720581E0,-3.736641987750E-1,-2.5E0));
#1869=CARTESIAN_POINT('',(-1.392057493973E0,-3.986818840812E-1,-2.5E0));
#1870=CARTESIAN_POINT('',(-1.388273070385E0,-4.264229420003E-1,-2.5E0));
#1871=CARTESIAN_POINT('',(-1.383088865322E0,-4.571901308601E-1,-2.5E0));
#1872=CARTESIAN_POINT('',(-1.376154805705E0,-4.913667090113E-1,-2.5E0));
#1873=CARTESIAN_POINT('',(-1.367060542034E0,-5.292705340840E-1,-2.5E0));
#1874=CARTESIAN_POINT('',(-1.355232536809E0,-5.714662043084E-1,-2.5E0));
#1875=CARTESIAN_POINT('',(-1.339946110100E0,-6.185397613982E-1,-2.5E0));
#1876=CARTESIAN_POINT('',(-1.320146778900E0,-6.712915404682E-1,-2.5E0));
#1877=CARTESIAN_POINT('',(-1.294924393791E0,-7.297715345336E-1,-2.5E0));
#1878=CARTESIAN_POINT('',(-1.261372860579E0,-7.969181012275E-1,-2.5E0));
#1879=CARTESIAN_POINT('',(-1.222779411636E0,-8.636613287077E-1,-2.5E0));
#1880=CARTESIAN_POINT('',(-1.180116611582E0,-9.283743540292E-1,-2.5E0));
#1881=CARTESIAN_POINT('',(-1.133064870805E0,-9.913753172096E-1,-2.5E0));
#1882=CARTESIAN_POINT('',(-1.081733452593E0,-1.052339593161E0,-2.5E0));
#1883=CARTESIAN_POINT('',(-1.026443445807E0,-1.110741423005E0,-2.5E0));
#1884=CARTESIAN_POINT('',(-9.675798020486E-1,-1.166105346546E0,-2.5E0));
#1885=CARTESIAN_POINT('',(-9.054169264923E-1,-1.218132525679E0,-2.5E0));
#1886=CARTESIAN_POINT('',(-8.402862420201E-1,-1.266518012960E0,-2.5E0));
#1887=CARTESIAN_POINT('',(-7.722425948022E-1,-1.311181582739E0,-2.5E0));
#1888=CARTESIAN_POINT('',(-7.013895771912E-1,-1.352041482872E0,
-2.499999999999E0));
#1889=CARTESIAN_POINT('',(-6.280476479712E-1,-1.388875830189E0,
-2.500000000002E0));
#1890=CARTESIAN_POINT('',(-5.526125084875E-1,-1.421462521864E0,
-2.499999999991E0));
#1891=CARTESIAN_POINT('',(-4.755392122974E-1,-1.449607604635E0,
-2.500000000034E0));
#1892=CARTESIAN_POINT('',(-4.234618995722E-1,-1.465269784599E0,
-2.499999999927E0));
#1893=CARTESIAN_POINT('',(-3.972795266285E-1,-1.472334528386E0,
-2.499999999927E0));
#1895=CARTESIAN_POINT('',(-1.225021085457E0,-2.428209367201E-13,
-2.666443536316E0));
#1896=CARTESIAN_POINT('',(-1.225021085457E0,-1.334478844580E-1,
-2.652573240508E0));
#1897=CARTESIAN_POINT('',(-1.180988128612E0,-4.003143022815E-1,
-2.624832668491E0));
#1898=CARTESIAN_POINT('',(-9.899807262137E-1,-7.582588861252E-1,
-2.583221773169E0));
#1899=CARTESIAN_POINT('',(-6.941541479386E-1,-1.035935815239E0,
-2.541610887934E0));
#1900=CARTESIAN_POINT('',(-4.479662162309E-1,-1.147930267170E0,
-2.513870295741E0));
#1901=CARTESIAN_POINT('',(-3.191261804371E-1,-1.182694948139E0,
-2.499999999933E0));
#1903=CARTESIAN_POINT('',(-1.524978914543E0,-1.949347822931E-13,
-2.666443536577E0));
#1904=CARTESIAN_POINT('',(-1.524978917306E0,-1.949347822931E-13,
-2.676370637981E0));
#1905=CARTESIAN_POINT('',(-1.522978914210E0,9.046954849656E-14,
-2.695806746308E0));
#1906=CARTESIAN_POINT('',(-1.514408047049E0,-2.424124629831E-14,
-2.724226149526E0));
#1907=CARTESIAN_POINT('',(-1.500382150954E0,0.E0,-2.750352563139E0));
#1908=CARTESIAN_POINT('',(-1.481805314929E0,0.E0,-2.772999908913E0));
#1909=CARTESIAN_POINT('',(-1.458864055983E0,0.E0,-2.791872886769E0));
#1910=CARTESIAN_POINT('',(-1.432707203807E0,0.E0,-2.805841488714E0));
#1911=CARTESIAN_POINT('',(-1.404385073955E0,0.E0,-2.814418490271E0));
#1912=CARTESIAN_POINT('',(-1.375029394701E0,0.E0,-2.817301720165E0));
#1913=CARTESIAN_POINT('',(-1.345709242156E0,0.E0,-2.814431923188E0));
#1914=CARTESIAN_POINT('',(-1.317492863354E0,0.E0,-2.805913866821E0));
#1915=CARTESIAN_POINT('',(-1.291437957075E0,0.E0,-2.792064208033E0));
#1916=CARTESIAN_POINT('',(-1.268505811935E0,0.E0,-2.773308585284E0));
#1917=CARTESIAN_POINT('',(-1.249840561303E0,0.E0,-2.750692538062E0));
#1918=CARTESIAN_POINT('',(-1.235701055736E0,-3.019615948104E-14,
-2.724511697297E0));
#1919=CARTESIAN_POINT('',(-1.227040628878E0,1.126935898746E-13,
-2.695956257564E0));
#1920=CARTESIAN_POINT('',(-1.225021082630E0,-2.428209367201E-13,
-2.676424095246E0));
#1921=CARTESIAN_POINT('',(-1.225021085457E0,-2.428209367201E-13,
-2.666443536316E0));
#1923=CARTESIAN_POINT('',(-1.225021085457E0,-2.428209367201E-13,
-2.666443536316E0));
#1924=CARTESIAN_POINT('',(-1.225021085457E0,-2.428209367201E-13,
-2.656516434836E0));
#1925=CARTESIAN_POINT('',(-1.227021084530E0,1.126935898746E-13,
-2.637080365433E0));
#1926=CARTESIAN_POINT('',(-1.235591953307E0,-3.019615948104E-14,
-2.608660946574E0));
#1927=CARTESIAN_POINT('',(-1.249617848967E0,0.E0,-2.582534537155E0));
#1928=CARTESIAN_POINT('',(-1.268194685106E0,0.E0,-2.559887190260E0));
#1929=CARTESIAN_POINT('',(-1.291135944019E0,0.E0,-2.541014212707E0));
#1930=CARTESIAN_POINT('',(-1.317292796201E0,0.E0,-2.527045610683E0));
#1931=CARTESIAN_POINT('',(-1.345614926048E0,0.E0,-2.518468609149E0));
#1932=CARTESIAN_POINT('',(-1.374970605298E0,0.E0,-2.515585379248E0));
#1933=CARTESIAN_POINT('',(-1.404290757841E0,0.E0,-2.518455176232E0));
#1934=CARTESIAN_POINT('',(-1.432507136638E0,0.E0,-2.526973232577E0));
#1935=CARTESIAN_POINT('',(-1.458562042923E0,0.E0,-2.540822891444E0));
#1936=CARTESIAN_POINT('',(-1.481494188028E0,0.E0,-2.559578513889E0));
#1937=CARTESIAN_POINT('',(-1.500159438777E0,0.E0,-2.582194562233E0));
#1938=CARTESIAN_POINT('',(-1.514298943900E0,-2.424124629831E-14,
-2.608375398803E0));
#1939=CARTESIAN_POINT('',(-1.522959372411E0,9.046954849656E-14,
-2.636930854177E0));
#1940=CARTESIAN_POINT('',(-1.524978914543E0,-1.949347822931E-13,
-2.656462977571E0));
#1941=CARTESIAN_POINT('',(-1.524978914543E0,-1.949347822931E-13,
-2.666443536577E0));
#1943=CARTESIAN_POINT('',(8.88E0,0.E0,7.1E0));
#1944=CARTESIAN_POINT('',(-8.88E0,0.E0,7.1E0));
#1945=VERTEX_POINT('',#1943);
#1946=VERTEX_POINT('',#1944);
#1947=CARTESIAN_POINT('',(8.88E0,0.E0,9.2E0));
#1948=VERTEX_POINT('',#1947);
#1949=CARTESIAN_POINT('',(-8.879999999999E0,0.E0,9.2E0));
#1950=VERTEX_POINT('',#1949);
#1951=CARTESIAN_POINT('',(9.499999999999E0,0.E0,1.151387150069E1));
#1952=VERTEX_POINT('',#1951);
#1953=CARTESIAN_POINT('',(-9.499999999999E0,0.E0,1.151387150069E1));
#1954=VERTEX_POINT('',#1953);
#1955=CARTESIAN_POINT('',(-9.5E0,0.E0,2.21E1));
#1956=CARTESIAN_POINT('',(9.5E0,0.E0,2.21E1));
#1957=VERTEX_POINT('',#1955);
#1958=VERTEX_POINT('',#1956);
#1959=CARTESIAN_POINT('',(0.E0,-8.85E0,2.21E1));
#1960=CARTESIAN_POINT('',(0.E0,8.85E0,2.21E1));
#1961=VERTEX_POINT('',#1959);
#1962=VERTEX_POINT('',#1960);
#1963=CARTESIAN_POINT('',(0.E0,-8.85E0,2.31E1));
#1964=VERTEX_POINT('',#1963);
#1965=CARTESIAN_POINT('',(0.E0,8.85E0,2.31E1));
#1966=VERTEX_POINT('',#1965);
#1967=CARTESIAN_POINT('',(-1.1E1,0.E0,2.31E1));
#1968=CARTESIAN_POINT('',(1.1E1,0.E0,2.31E1));
#1969=VERTEX_POINT('',#1967);
#1970=VERTEX_POINT('',#1968);
#1971=CARTESIAN_POINT('',(1.1E1,0.E0,2.38E1));
#1972=VERTEX_POINT('',#1971);
#1973=CARTESIAN_POINT('',(-1.1E1,0.E0,2.38E1));
#1974=VERTEX_POINT('',#1973);
#1975=CARTESIAN_POINT('',(7.848077685028E0,0.E0,2.53E1));
#1976=VERTEX_POINT('',#1975);
#1977=CARTESIAN_POINT('',(-7.848077685027E0,0.E0,2.53E1));
#1978=VERTEX_POINT('',#1977);
#1979=CARTESIAN_POINT('',(-1.117949192431E0,-5.936344801571E0,
1.732050807569E-1));
#1980=CARTESIAN_POINT('',(-1.167949192431E0,-6.022947341949E0,0.E0));
#1981=VERTEX_POINT('',#1979);
#1982=VERTEX_POINT('',#1980);
#1983=CARTESIAN_POINT('',(-1.117949192431E0,-5.936344801571E0,0.E0));
#1984=VERTEX_POINT('',#1983);
#1985=CARTESIAN_POINT('',(-1.117949192431E0,-5.936344801571E0,-1.2E0));
#1986=VERTEX_POINT('',#1985);
#1987=CARTESIAN_POINT('',(-1.367949192431E0,-6.369357503464E0,-1.2E0));
#1988=VERTEX_POINT('',#1987);
#1989=CARTESIAN_POINT('',(-1.367949192431E0,-6.369357503464E0,2.E0));
#1990=VERTEX_POINT('',#1989);
#1991=CARTESIAN_POINT('',(-1.117949192431E0,-5.936344801571E0,2.E0));
#1992=VERTEX_POINT('',#1991);
#1993=CARTESIAN_POINT('',(3.515544456623E0,-2.589101615138E0,0.E0));
#1994=CARTESIAN_POINT('',(4.844555433772E-1,-4.339101615138E0,0.E0));
#1995=VERTEX_POINT('',#1993);
#1996=VERTEX_POINT('',#1994);
#1997=CARTESIAN_POINT('',(4.594555433772E-1,-4.295800344949E0,0.E0));
#1998=VERTEX_POINT('',#1997);
#1999=CARTESIAN_POINT('',(2.594555433772E-1,-3.949390183435E0,0.E0));
#2000=CARTESIAN_POINT('',(2.344555433773E-1,-3.906088913246E0,0.E0));
#2001=VERTEX_POINT('',#1999);
#2002=VERTEX_POINT('',#2000);
#2003=CARTESIAN_POINT('',(3.265544456623E0,-2.156088913246E0,0.E0));
#2004=VERTEX_POINT('',#2003);
#2005=CARTESIAN_POINT('',(3.290544456623E0,-2.199390183435E0,0.E0));
#2006=VERTEX_POINT('',#2005);
#2007=CARTESIAN_POINT('',(3.490544456623E0,-2.545800344949E0,0.E0));
#2008=VERTEX_POINT('',#2007);
#2009=CARTESIAN_POINT('',(-3.515544456623E0,2.589101615138E0,0.E0));
#2010=CARTESIAN_POINT('',(-4.844555433772E-1,4.339101615138E0,0.E0));
#2011=VERTEX_POINT('',#2009);
#2012=VERTEX_POINT('',#2010);
#2013=CARTESIAN_POINT('',(-4.594555433772E-1,4.295800344949E0,0.E0));
#2014=VERTEX_POINT('',#2013);
#2015=CARTESIAN_POINT('',(-2.594555433772E-1,3.949390183435E0,0.E0));
#2016=CARTESIAN_POINT('',(-2.344555433773E-1,3.906088913246E0,0.E0));
#2017=VERTEX_POINT('',#2015);
#2018=VERTEX_POINT('',#2016);
#2019=CARTESIAN_POINT('',(-3.265544456623E0,2.156088913246E0,0.E0));
#2020=VERTEX_POINT('',#2019);
#2021=CARTESIAN_POINT('',(-3.290544456623E0,2.199390183435E0,0.E0));
#2022=VERTEX_POINT('',#2021);
#2023=CARTESIAN_POINT('',(-3.490544456623E0,2.545800344949E0,0.E0));
#2024=VERTEX_POINT('',#2023);
#2025=CARTESIAN_POINT('',(-4.582050807569E0,-3.936344801571E0,0.E0));
#2026=VERTEX_POINT('',#2025);
#2027=CARTESIAN_POINT('',(-4.632050807569E0,-4.022947341949E0,0.E0));
#2028=VERTEX_POINT('',#2027);
#2029=CARTESIAN_POINT('',(4.582050807569E0,3.936344801571E0,0.E0));
#2030=CARTESIAN_POINT('',(1.117949192431E0,5.936344801571E0,0.E0));
#2031=VERTEX_POINT('',#2029);
#2032=VERTEX_POINT('',#2030);
#2033=CARTESIAN_POINT('',(1.167949192431E0,6.022947341949E0,0.E0));
#2034=VERTEX_POINT('',#2033);
#2035=CARTESIAN_POINT('',(4.632050807569E0,4.022947341949E0,0.E0));
#2036=VERTEX_POINT('',#2035);
#2037=CARTESIAN_POINT('',(6.096247653316E0,-3.639473114263E0,-6.E-1));
#2038=CARTESIAN_POINT('',(-1.037523466850E-1,7.099241892664E0,-6.E-1));
#2039=VERTEX_POINT('',#2037);
#2040=VERTEX_POINT('',#2038);
#2041=CARTESIAN_POINT('',(-6.096247653316E0,3.639473114264E0,-6.E-1));
#2042=VERTEX_POINT('',#2041);
#2043=CARTESIAN_POINT('',(1.037523466850E-1,-7.099241892664E0,-6.E-1));
#2044=VERTEX_POINT('',#2043);
#2045=VERTEX_POINT('',#197);
#2046=CARTESIAN_POINT('',(3.251228486434E-8,7.4E0,-3.E-1));
#2047=VERTEX_POINT('',#2046);
#2048=CARTESIAN_POINT('',(-1.869133215007E-1,7.397639042982E0,-3.E-1));
#2049=VERTEX_POINT('',#2048);
#2050=CARTESIAN_POINT('',(1.869133215011E-1,-7.397639042982E0,-3.E-1));
#2051=VERTEX_POINT('',#2050);
#2052=CARTESIAN_POINT('',(5.723863375371E0,-4.200879438890E0,4.E0));
#2053=CARTESIAN_POINT('',(7.761366246288E-1,-7.057450810307E0,4.E0));
#2054=VERTEX_POINT('',#2052);
#2055=VERTEX_POINT('',#2053);
#2056=VERTEX_POINT('',#263);
#2057=CARTESIAN_POINT('',(6.313086678499E0,-3.860691206216E0,0.E0));
#2058=VERTEX_POINT('',#2057);
#2059=CARTESIAN_POINT('',(1.869133215006E-1,-7.397639042982E0,0.E0));
#2060=VERTEX_POINT('',#2059);
#2061=CARTESIAN_POINT('',(1.869133215006E-1,-7.397639042982E0,4.3E0));
#2062=VERTEX_POINT('',#2061);
#2063=CARTESIAN_POINT('',(0.E0,-7.4E0,0.E0));
#2064=VERTEX_POINT('',#2063);
#2065=CARTESIAN_POINT('',(0.E0,-7.4E0,8.1E0));
#2066=VERTEX_POINT('',#2065);
#2067=CARTESIAN_POINT('',(0.E0,7.4E0,8.1E0));
#2068=VERTEX_POINT('',#2067);
#2069=CARTESIAN_POINT('',(0.E0,7.4E0,0.E0));
#2070=VERTEX_POINT('',#2069);
#2071=CARTESIAN_POINT('',(-1.869133215007E-1,7.397639042982E0,4.3E0));
#2072=CARTESIAN_POINT('',(-3.706968628272E0,6.404559593681E0,4.3E0));
#2073=VERTEX_POINT('',#2071);
#2074=VERTEX_POINT('',#2072);
#2075=CARTESIAN_POINT('',(-6.313086678499E0,3.860691206216E0,4.3E0));
#2076=VERTEX_POINT('',#2075);
#2077=CARTESIAN_POINT('',(-6.313086678499E0,3.860691206216E0,-3.E-1));
#2078=CARTESIAN_POINT('',(-6.502457416957E-8,-7.4E0,-3.E-1));
#2079=VERTEX_POINT('',#2077);
#2080=VERTEX_POINT('',#2078);
#2081=VERTEX_POINT('',#371);
#2082=CARTESIAN_POINT('',(-7.761366246284E-1,7.057450810308E0,4.E0));
#2083=VERTEX_POINT('',#2082);
#2084=CARTESIAN_POINT('',(-1.800961894323E0,-6.119357503464E0,4.8E0));
#2085=CARTESIAN_POINT('',(-1.800961894323E0,-6.119357503464E0,2.E0));
#2086=VERTEX_POINT('',#2084);
#2087=VERTEX_POINT('',#2085);
#2088=CARTESIAN_POINT('',(-1.896224688740E0,-6.064357503464E0,-8.7E0));
#2089=CARTESIAN_POINT('',(-4.303775311262E0,-4.674357503463E0,
-8.699999999999E0));
#2090=VERTEX_POINT('',#2088);
#2091=VERTEX_POINT('',#2089);
#2092=CARTESIAN_POINT('',(-4.312435565298E0,-4.669357503464E0,-8.69E0));
#2093=VERTEX_POINT('',#2092);
#2094=CARTESIAN_POINT('',(-4.312435565298E0,-4.669357503464E0,-1.2E0));
#2095=VERTEX_POINT('',#2094);
#2096=CARTESIAN_POINT('',(-4.832050807569E0,-4.369357503464E0,-1.2E0));
#2097=VERTEX_POINT('',#2096);
#2098=CARTESIAN_POINT('',(-4.832050807569E0,-4.369357503464E0,2.E0));
#2099=VERTEX_POINT('',#2098);
#2100=CARTESIAN_POINT('',(-4.399038105677E0,-4.619357503464E0,2.E0));
#2101=VERTEX_POINT('',#2100);
#2102=CARTESIAN_POINT('',(-4.399038105677E0,-4.619357503464E0,4.8E0));
#2103=VERTEX_POINT('',#2102);
#2104=CARTESIAN_POINT('',(-1.887564434702E0,-6.069357503464E0,-1.2E0));
#2105=VERTEX_POINT('',#2104);
#2106=CARTESIAN_POINT('',(-1.887564434702E0,-6.069357503464E0,-8.69E0));
#2107=VERTEX_POINT('',#2106);
#2108=CARTESIAN_POINT('',(-2.580384757730E0,-5.669357503464E0,-6.4E0));
#2109=CARTESIAN_POINT('',(-3.619615242271E0,-5.069357503464E0,-6.4E0));
#2110=VERTEX_POINT('',#2108);
#2111=VERTEX_POINT('',#2109);
#2112=CARTESIAN_POINT('',(-3.619615242271E0,-5.069357503464E0,-7.6E0));
#2113=VERTEX_POINT('',#2112);
#2114=CARTESIAN_POINT('',(-2.580384757730E0,-5.669357503464E0,-7.6E0));
#2115=VERTEX_POINT('',#2114);
#2116=CARTESIAN_POINT('',(-2.285155645455E0,-5.738005681130E0,-9.2E0));
#2117=VERTEX_POINT('',#2116);
#2118=CARTESIAN_POINT('',(-3.826680864191E0,-4.848005681130E0,-9.2E0));
#2119=VERTEX_POINT('',#2118);
#2120=CARTESIAN_POINT('',(-1.637564434702E0,-5.636344801571E0,-8.69E0));
#2121=VERTEX_POINT('',#2120);
#2122=CARTESIAN_POINT('',(-1.646224688740E0,-5.631344801571E0,-8.7E0));
#2123=VERTEX_POINT('',#2122);
#2124=CARTESIAN_POINT('',(-2.123319135809E0,-5.457696623904E0,-9.2E0));
#2125=VERTEX_POINT('',#2124);
#2126=CARTESIAN_POINT('',(-1.687564434702E0,-5.722947341950E0,-7.E0));
#2127=CARTESIAN_POINT('',(-1.637564434702E0,-5.636344801571E0,-7.1E0));
#2128=VERTEX_POINT('',#2126);
#2129=VERTEX_POINT('',#2127);
#2130=CARTESIAN_POINT('',(-1.637564434702E0,-5.636344801571E0,-1.2E0));
#2131=VERTEX_POINT('',#2130);
#2132=CARTESIAN_POINT('',(-1.637564434702E0,-5.636344801571E0,-6.9E0));
#2133=VERTEX_POINT('',#2132);
#2134=CARTESIAN_POINT('',(-2.330384757729E0,-5.236344801571E0,-7.1E0));
#2135=VERTEX_POINT('',#2134);
#2136=CARTESIAN_POINT('',(-2.380384757729E0,-5.322947341950E0,-7.E0));
#2137=VERTEX_POINT('',#2136);
#2138=CARTESIAN_POINT('',(-2.330384757729E0,-5.236344801571E0,
-7.599999999999E0));
#2139=VERTEX_POINT('',#2138);
#2140=CARTESIAN_POINT('',(-3.369615242271E0,-4.636344801571E0,
-7.599999999996E0));
#2141=VERTEX_POINT('',#2140);
#2142=CARTESIAN_POINT('',(-3.369615242271E0,-4.636344801571E0,-7.1E0));
#2143=VERTEX_POINT('',#2142);
#2144=CARTESIAN_POINT('',(-4.062435565298E0,-4.236344801571E0,-7.1E0));
#2145=VERTEX_POINT('',#2144);
#2146=CARTESIAN_POINT('',(-4.062435565298E0,-4.236344801571E0,-8.69E0));
#2147=VERTEX_POINT('',#2146);
#2148=CARTESIAN_POINT('',(-4.053775311260E0,-4.241344801571E0,-8.7E0));
#2149=VERTEX_POINT('',#2148);
#2150=CARTESIAN_POINT('',(-2.330384757729E0,-5.236344801571E0,-6.9E0));
#2151=VERTEX_POINT('',#2150);
#2152=CARTESIAN_POINT('',(-2.330384757729E0,-5.236344801571E0,
-6.400000000001E0));
#2153=VERTEX_POINT('',#2152);
#2154=CARTESIAN_POINT('',(-4.582050807569E0,-3.936344801571E0,-1.2E0));
#2155=VERTEX_POINT('',#2154);
#2156=CARTESIAN_POINT('',(-4.062435565298E0,-4.236344801571E0,-1.2E0));
#2157=VERTEX_POINT('',#2156);
#2158=CARTESIAN_POINT('',(-4.062435565298E0,-4.236344801571E0,-6.9E0));
#2159=VERTEX_POINT('',#2158);
#2160=CARTESIAN_POINT('',(-3.369615242271E0,-4.636344801571E0,-6.9E0));
#2161=VERTEX_POINT('',#2160);
#2162=CARTESIAN_POINT('',(-3.369615242271E0,-4.636344801571E0,
-6.400000000001E0));
#2163=VERTEX_POINT('',#2162);
#2164=CARTESIAN_POINT('',(-4.582050807569E0,-3.936344801571E0,
1.732050807569E-1));
#2165=VERTEX_POINT('',#2164);
#2166=CARTESIAN_POINT('',(-4.582050807569E0,-3.936344801571E0,2.E0));
#2167=VERTEX_POINT('',#2166);
#2168=CARTESIAN_POINT('',(1.117949192431E0,5.936344801571E0,1.732050807569E-1));
#2169=VERTEX_POINT('',#2168);
#2170=CARTESIAN_POINT('',(1.117949192431E0,5.936344801571E0,-1.2E0));
#2171=VERTEX_POINT('',#2170);
#2172=CARTESIAN_POINT('',(1.367949192431E0,6.369357503464E0,-1.2E0));
#2173=VERTEX_POINT('',#2172);
#2174=CARTESIAN_POINT('',(1.367949192431E0,6.369357503464E0,2.E0));
#2175=VERTEX_POINT('',#2174);
#2176=CARTESIAN_POINT('',(1.117949192431E0,5.936344801571E0,2.E0));
#2177=VERTEX_POINT('',#2176);
#2178=CARTESIAN_POINT('',(4.582050807569E0,3.936344801571E0,-1.2E0));
#2179=VERTEX_POINT('',#2178);
#2180=CARTESIAN_POINT('',(4.062435565298E0,4.236344801571E0,-1.2E0));
#2181=VERTEX_POINT('',#2180);
#2182=CARTESIAN_POINT('',(4.062435565298E0,4.236344801571E0,-6.9E0));
#2183=VERTEX_POINT('',#2182);
#2184=CARTESIAN_POINT('',(3.369615242271E0,4.636344801571E0,-6.9E0));
#2185=VERTEX_POINT('',#2184);
#2186=CARTESIAN_POINT('',(3.369615242271E0,4.636344801571E0,-6.400000000001E0));
#2187=VERTEX_POINT('',#2186);
#2188=CARTESIAN_POINT('',(2.330384757729E0,5.236344801571E0,-6.400000000004E0));
#2189=VERTEX_POINT('',#2188);
#2190=CARTESIAN_POINT('',(2.330384757729E0,5.236344801571E0,-6.9E0));
#2191=VERTEX_POINT('',#2190);
#2192=CARTESIAN_POINT('',(1.637564434702E0,5.636344801571E0,-6.9E0));
#2193=VERTEX_POINT('',#2192);
#2194=CARTESIAN_POINT('',(1.637564434702E0,5.636344801571E0,-1.2E0));
#2195=VERTEX_POINT('',#2194);
#2196=CARTESIAN_POINT('',(4.582050807569E0,3.936344801571E0,1.732050807569E-1));
#2197=VERTEX_POINT('',#2196);
#2198=CARTESIAN_POINT('',(4.582050807569E0,3.936344801571E0,2.E0));
#2199=VERTEX_POINT('',#2198);
#2200=CARTESIAN_POINT('',(4.832050807569E0,4.369357503464E0,2.E0));
#2201=VERTEX_POINT('',#2200);
#2202=CARTESIAN_POINT('',(4.832050807569E0,4.369357503464E0,-1.2E0));
#2203=VERTEX_POINT('',#2202);
#2204=CARTESIAN_POINT('',(1.800961894323E0,6.119357503464E0,4.8E0));
#2205=CARTESIAN_POINT('',(1.800961894323E0,6.119357503464E0,2.E0));
#2206=VERTEX_POINT('',#2204);
#2207=VERTEX_POINT('',#2205);
#2208=CARTESIAN_POINT('',(1.896224688740E0,6.064357503464E0,-8.7E0));
#2209=CARTESIAN_POINT('',(4.303775311262E0,4.674357503463E0,-8.699999999999E0));
#2210=VERTEX_POINT('',#2208);
#2211=VERTEX_POINT('',#2209);
#2212=CARTESIAN_POINT('',(4.312435565298E0,4.669357503464E0,-8.69E0));
#2213=VERTEX_POINT('',#2212);
#2214=CARTESIAN_POINT('',(4.312435565298E0,4.669357503464E0,-1.2E0));
#2215=VERTEX_POINT('',#2214);
#2216=CARTESIAN_POINT('',(4.399038105677E0,4.619357503464E0,2.E0));
#2217=VERTEX_POINT('',#2216);
#2218=CARTESIAN_POINT('',(4.399038105677E0,4.619357503464E0,4.8E0));
#2219=VERTEX_POINT('',#2218);
#2220=CARTESIAN_POINT('',(1.887564434702E0,6.069357503464E0,-1.2E0));
#2221=VERTEX_POINT('',#2220);
#2222=CARTESIAN_POINT('',(1.887564434702E0,6.069357503464E0,-8.69E0));
#2223=VERTEX_POINT('',#2222);
#2224=CARTESIAN_POINT('',(2.580384757730E0,5.669357503464E0,-6.4E0));
#2225=CARTESIAN_POINT('',(3.619615242271E0,5.069357503464E0,-6.4E0));
#2226=VERTEX_POINT('',#2224);
#2227=VERTEX_POINT('',#2225);
#2228=CARTESIAN_POINT('',(3.619615242271E0,5.069357503464E0,-7.6E0));
#2229=VERTEX_POINT('',#2228);
#2230=CARTESIAN_POINT('',(2.580384757730E0,5.669357503464E0,-7.6E0));
#2231=VERTEX_POINT('',#2230);
#2232=CARTESIAN_POINT('',(2.285155645455E0,5.738005681130E0,-9.2E0));
#2233=VERTEX_POINT('',#2232);
#2234=CARTESIAN_POINT('',(3.826680864191E0,4.848005681130E0,-9.2E0));
#2235=VERTEX_POINT('',#2234);
#2236=CARTESIAN_POINT('',(1.637564434702E0,5.636344801571E0,-8.69E0));
#2237=VERTEX_POINT('',#2236);
#2238=CARTESIAN_POINT('',(1.646224688740E0,5.631344801571E0,-8.7E0));
#2239=VERTEX_POINT('',#2238);
#2240=CARTESIAN_POINT('',(2.123319135809E0,5.457696623904E0,-9.2E0));
#2241=VERTEX_POINT('',#2240);
#2242=CARTESIAN_POINT('',(1.687564434702E0,5.722947341950E0,-7.E0));
#2243=CARTESIAN_POINT('',(1.637564434702E0,5.636344801571E0,-7.1E0));
#2244=VERTEX_POINT('',#2242);
#2245=VERTEX_POINT('',#2243);
#2246=CARTESIAN_POINT('',(2.330384757729E0,5.236344801571E0,-7.1E0));
#2247=VERTEX_POINT('',#2246);
#2248=CARTESIAN_POINT('',(2.380384757729E0,5.322947341950E0,-7.E0));
#2249=VERTEX_POINT('',#2248);
#2250=CARTESIAN_POINT('',(2.330384757729E0,5.236344801571E0,-7.599999999999E0));
#2251=VERTEX_POINT('',#2250);
#2252=CARTESIAN_POINT('',(3.369615242271E0,4.636344801571E0,-7.599999999996E0));
#2253=VERTEX_POINT('',#2252);
#2254=CARTESIAN_POINT('',(3.369615242271E0,4.636344801571E0,-7.1E0));
#2255=VERTEX_POINT('',#2254);
#2256=CARTESIAN_POINT('',(4.062435565298E0,4.236344801571E0,-7.1E0));
#2257=VERTEX_POINT('',#2256);
#2258=CARTESIAN_POINT('',(4.062435565298E0,4.236344801571E0,-8.69E0));
#2259=VERTEX_POINT('',#2258);
#2260=CARTESIAN_POINT('',(4.053775311260E0,4.241344801571E0,-8.7E0));
#2261=VERTEX_POINT('',#2260);
#2262=CARTESIAN_POINT('',(3.419615242271E0,4.722947341950E0,-7.E0));
#2263=VERTEX_POINT('',#2262);
#2264=CARTESIAN_POINT('',(4.112435565298E0,4.322947341950E0,-7.E0));
#2265=VERTEX_POINT('',#2264);
#2266=CARTESIAN_POINT('',(3.664844354545E0,4.567696623904E0,-9.2E0));
#2267=VERTEX_POINT('',#2266);
#2268=CARTESIAN_POINT('',(2.344555433773E-1,-3.906088913246E0,
8.660254037811E-2));
#2269=VERTEX_POINT('',#2268);
#2270=CARTESIAN_POINT('',(3.265544456623E0,-2.156088913246E0,
8.660254037811E-2));
#2271=VERTEX_POINT('',#2270);
#2272=CARTESIAN_POINT('',(2.344555433773E-1,-3.906088913246E0,2.E0));
#2273=VERTEX_POINT('',#2272);
#2274=CARTESIAN_POINT('',(3.265544456623E0,-2.156088913246E0,2.E0));
#2275=VERTEX_POINT('',#2274);
#2276=CARTESIAN_POINT('',(3.515544456623E0,-2.589101615138E0,
8.660254037844E-2));
#2277=CARTESIAN_POINT('',(3.515544456623E0,-2.589101615138E0,2.E0));
#2278=VERTEX_POINT('',#2276);
#2279=VERTEX_POINT('',#2277);
#2280=CARTESIAN_POINT('',(4.844555433772E-1,-4.339101615138E0,2.E0));
#2281=CARTESIAN_POINT('',(4.844555433772E-1,-4.339101615138E0,
8.660254037844E-2));
#2282=VERTEX_POINT('',#2280);
#2283=VERTEX_POINT('',#2281);
#2284=CARTESIAN_POINT('',(3.265544456623E0,-2.156088913246E0,-7.E-1));
#2285=VERTEX_POINT('',#2284);
#2286=CARTESIAN_POINT('',(3.515544456623E0,-2.589101615138E0,-7.E-1));
#2287=VERTEX_POINT('',#2286);
#2288=CARTESIAN_POINT('',(2.344555433773E-1,-3.906088913246E0,-7.E-1));
#2289=VERTEX_POINT('',#2288);
#2290=CARTESIAN_POINT('',(5.375644347019E-1,-3.731088913246E0,-7.E-1));
#2291=VERTEX_POINT('',#2290);
#2292=CARTESIAN_POINT('',(5.375644347018E-1,-3.731088913246E0,-8.2E0));
#2293=VERTEX_POINT('',#2292);
#2294=CARTESIAN_POINT('',(2.962435565298E0,-2.331088913246E0,-8.2E0));
#2295=VERTEX_POINT('',#2294);
#2296=CARTESIAN_POINT('',(2.962435565298E0,-2.331088913246E0,-7.E-1));
#2297=VERTEX_POINT('',#2296);
#2298=CARTESIAN_POINT('',(1.230384757729E0,-3.331088913246E0,-5.9E0));
#2299=CARTESIAN_POINT('',(2.269615242271E0,-2.731088913246E0,-5.9E0));
#2300=VERTEX_POINT('',#2298);
#2301=VERTEX_POINT('',#2299);
#2302=CARTESIAN_POINT('',(2.269615242271E0,-2.731088913246E0,-7.1E0));
#2303=VERTEX_POINT('',#2302);
#2304=CARTESIAN_POINT('',(1.230384757729E0,-3.331088913246E0,-7.1E0));
#2305=VERTEX_POINT('',#2304);
#2306=CARTESIAN_POINT('',(4.844555433772E-1,-4.339101615138E0,-7.E-1));
#2307=VERTEX_POINT('',#2306);
#2308=CARTESIAN_POINT('',(3.212435565298E0,-2.764101615138E0,-7.E-1));
#2309=VERTEX_POINT('',#2308);
#2310=CARTESIAN_POINT('',(3.212435565298E0,-2.764101615138E0,-6.35E0));
#2311=VERTEX_POINT('',#2310);
#2312=CARTESIAN_POINT('',(2.519615242271E0,-3.164101615138E0,-6.35E0));
#2313=VERTEX_POINT('',#2312);
#2314=CARTESIAN_POINT('',(2.519615242271E0,-3.164101615138E0,
-5.900000000001E0));
#2315=VERTEX_POINT('',#2314);
#2316=CARTESIAN_POINT('',(1.480384757729E0,-3.764101615138E0,
-5.900000000004E0));
#2317=VERTEX_POINT('',#2316);
#2318=CARTESIAN_POINT('',(1.480384757729E0,-3.764101615138E0,-6.35E0));
#2319=VERTEX_POINT('',#2318);
#2320=CARTESIAN_POINT('',(7.875644347018E-1,-4.164101615138E0,-6.35E0));
#2321=VERTEX_POINT('',#2320);
#2322=CARTESIAN_POINT('',(7.875644347018E-1,-4.164101615138E0,-7.E-1));
#2323=VERTEX_POINT('',#2322);
#2324=CARTESIAN_POINT('',(3.137435565298E0,-2.634197804570E0,-6.5E0));
#2325=VERTEX_POINT('',#2324);
#2326=CARTESIAN_POINT('',(3.212435565298E0,-2.764101615138E0,-8.2E0));
#2327=VERTEX_POINT('',#2326);
#2328=CARTESIAN_POINT('',(3.212435565298E0,-2.764101615138E0,-6.65E0));
#2329=VERTEX_POINT('',#2328);
#2330=CARTESIAN_POINT('',(2.444615242271E0,-3.034197804570E0,-6.5E0));
#2331=VERTEX_POINT('',#2330);
#2332=CARTESIAN_POINT('',(2.519615242271E0,-3.164101615138E0,-6.65E0));
#2333=VERTEX_POINT('',#2332);
#2334=CARTESIAN_POINT('',(7.875644347018E-1,-4.164101615138E0,-8.2E0));
#2335=VERTEX_POINT('',#2334);
#2336=CARTESIAN_POINT('',(7.875644347018E-1,-4.164101615138E0,-6.65E0));
#2337=VERTEX_POINT('',#2336);
#2338=CARTESIAN_POINT('',(1.480384757729E0,-3.764101615138E0,-6.65E0));
#2339=VERTEX_POINT('',#2338);
#2340=CARTESIAN_POINT('',(1.480384757729E0,-3.764101615138E0,
-7.099999999999E0));
#2341=VERTEX_POINT('',#2340);
#2342=CARTESIAN_POINT('',(2.519615242271E0,-3.164101615138E0,
-7.099999999996E0));
#2343=VERTEX_POINT('',#2342);
#2344=CARTESIAN_POINT('',(2.735341118229E0,-2.937749792805E0,-8.7E0));
#2345=VERTEX_POINT('',#2344);
#2346=CARTESIAN_POINT('',(1.176495391417E0,-3.837749792805E0,-8.7E0));
#2347=VERTEX_POINT('',#2346);
#2348=CARTESIAN_POINT('',(2.573504608583E0,-2.657440735579E0,-8.7E0));
#2349=VERTEX_POINT('',#2348);
#2350=CARTESIAN_POINT('',(1.014658881771E0,-3.557440735579E0,-8.7E0));
#2351=VERTEX_POINT('',#2350);
#2352=CARTESIAN_POINT('',(7.125644347017E-1,-4.034197804570E0,-6.5E0));
#2353=VERTEX_POINT('',#2352);
#2354=CARTESIAN_POINT('',(1.405384757729E0,-3.634197804570E0,-6.5E0));
#2355=VERTEX_POINT('',#2354);
#2356=CARTESIAN_POINT('',(-2.344555433773E-1,3.906088913246E0,
8.660254037811E-2));
#2357=VERTEX_POINT('',#2356);
#2358=CARTESIAN_POINT('',(-3.265544456623E0,2.156088913246E0,
8.660254037811E-2));
#2359=VERTEX_POINT('',#2358);
#2360=CARTESIAN_POINT('',(-2.344555433773E-1,3.906088913246E0,2.E0));
#2361=VERTEX_POINT('',#2360);
#2362=CARTESIAN_POINT('',(-3.265544456623E0,2.156088913246E0,2.E0));
#2363=VERTEX_POINT('',#2362);
#2364=CARTESIAN_POINT('',(-3.515544456623E0,2.589101615138E0,
8.660254037844E-2));
#2365=CARTESIAN_POINT('',(-3.515544456623E0,2.589101615138E0,2.E0));
#2366=VERTEX_POINT('',#2364);
#2367=VERTEX_POINT('',#2365);
#2368=CARTESIAN_POINT('',(-4.844555433772E-1,4.339101615138E0,2.E0));
#2369=CARTESIAN_POINT('',(-4.844555433772E-1,4.339101615138E0,
8.660254037844E-2));
#2370=VERTEX_POINT('',#2368);
#2371=VERTEX_POINT('',#2369);
#2372=CARTESIAN_POINT('',(-3.265544456623E0,2.156088913246E0,-7.E-1));
#2373=VERTEX_POINT('',#2372);
#2374=CARTESIAN_POINT('',(-3.515544456623E0,2.589101615138E0,-7.E-1));
#2375=VERTEX_POINT('',#2374);
#2376=CARTESIAN_POINT('',(-2.344555433773E-1,3.906088913246E0,-7.E-1));
#2377=VERTEX_POINT('',#2376);
#2378=CARTESIAN_POINT('',(-5.375644347019E-1,3.731088913246E0,-7.E-1));
#2379=VERTEX_POINT('',#2378);
#2380=CARTESIAN_POINT('',(-5.375644347018E-1,3.731088913246E0,-8.2E0));
#2381=VERTEX_POINT('',#2380);
#2382=CARTESIAN_POINT('',(-2.962435565298E0,2.331088913246E0,-8.2E0));
#2383=VERTEX_POINT('',#2382);
#2384=CARTESIAN_POINT('',(-2.962435565298E0,2.331088913246E0,-7.E-1));
#2385=VERTEX_POINT('',#2384);
#2386=CARTESIAN_POINT('',(-1.230384757729E0,3.331088913246E0,-5.9E0));
#2387=CARTESIAN_POINT('',(-2.269615242271E0,2.731088913246E0,-5.9E0));
#2388=VERTEX_POINT('',#2386);
#2389=VERTEX_POINT('',#2387);
#2390=CARTESIAN_POINT('',(-2.269615242271E0,2.731088913246E0,-7.1E0));
#2391=VERTEX_POINT('',#2390);
#2392=CARTESIAN_POINT('',(-1.230384757729E0,3.331088913246E0,-7.1E0));
#2393=VERTEX_POINT('',#2392);
#2394=CARTESIAN_POINT('',(-4.844555433772E-1,4.339101615138E0,-7.E-1));
#2395=VERTEX_POINT('',#2394);
#2396=CARTESIAN_POINT('',(-3.212435565298E0,2.764101615138E0,-7.E-1));
#2397=VERTEX_POINT('',#2396);
#2398=CARTESIAN_POINT('',(-3.212435565298E0,2.764101615138E0,-6.35E0));
#2399=VERTEX_POINT('',#2398);
#2400=CARTESIAN_POINT('',(-2.519615242271E0,3.164101615138E0,-6.35E0));
#2401=VERTEX_POINT('',#2400);
#2402=CARTESIAN_POINT('',(-2.519615242271E0,3.164101615138E0,
-5.900000000001E0));
#2403=VERTEX_POINT('',#2402);
#2404=CARTESIAN_POINT('',(-1.480384757729E0,3.764101615138E0,
-5.900000000004E0));
#2405=VERTEX_POINT('',#2404);
#2406=CARTESIAN_POINT('',(-1.480384757729E0,3.764101615138E0,-6.35E0));
#2407=VERTEX_POINT('',#2406);
#2408=CARTESIAN_POINT('',(-7.875644347018E-1,4.164101615138E0,-6.35E0));
#2409=VERTEX_POINT('',#2408);
#2410=CARTESIAN_POINT('',(-7.875644347018E-1,4.164101615138E0,-7.E-1));
#2411=VERTEX_POINT('',#2410);
#2412=CARTESIAN_POINT('',(-3.137435565298E0,2.634197804570E0,-6.5E0));
#2413=VERTEX_POINT('',#2412);
#2414=CARTESIAN_POINT('',(-3.212435565298E0,2.764101615138E0,-8.2E0));
#2415=VERTEX_POINT('',#2414);
#2416=CARTESIAN_POINT('',(-3.212435565298E0,2.764101615138E0,-6.65E0));
#2417=VERTEX_POINT('',#2416);
#2418=CARTESIAN_POINT('',(-2.444615242271E0,3.034197804570E0,-6.5E0));
#2419=VERTEX_POINT('',#2418);
#2420=CARTESIAN_POINT('',(-2.519615242271E0,3.164101615138E0,-6.65E0));
#2421=VERTEX_POINT('',#2420);
#2422=CARTESIAN_POINT('',(-7.875644347018E-1,4.164101615138E0,-8.2E0));
#2423=VERTEX_POINT('',#2422);
#2424=CARTESIAN_POINT('',(-7.875644347018E-1,4.164101615138E0,-6.65E0));
#2425=VERTEX_POINT('',#2424);
#2426=CARTESIAN_POINT('',(-1.480384757729E0,3.764101615138E0,-6.65E0));
#2427=VERTEX_POINT('',#2426);
#2428=CARTESIAN_POINT('',(-1.480384757729E0,3.764101615138E0,
-7.099999999999E0));
#2429=VERTEX_POINT('',#2428);
#2430=CARTESIAN_POINT('',(-2.519615242271E0,3.164101615138E0,
-7.099999999996E0));
#2431=VERTEX_POINT('',#2430);
#2432=CARTESIAN_POINT('',(-2.735341118229E0,2.937749792805E0,-8.7E0));
#2433=VERTEX_POINT('',#2432);
#2434=CARTESIAN_POINT('',(-1.176495391417E0,3.837749792805E0,-8.7E0));
#2435=VERTEX_POINT('',#2434);
#2436=CARTESIAN_POINT('',(-2.573504608583E0,2.657440735579E0,-8.7E0));
#2437=VERTEX_POINT('',#2436);
#2438=CARTESIAN_POINT('',(-1.014658881771E0,3.557440735579E0,-8.7E0));
#2439=VERTEX_POINT('',#2438);
#2440=CARTESIAN_POINT('',(-7.125644347017E-1,4.034197804570E0,-6.5E0));
#2441=VERTEX_POINT('',#2440);
#2442=CARTESIAN_POINT('',(-1.405384757729E0,3.634197804570E0,-6.5E0));
#2443=VERTEX_POINT('',#2442);
#2444=CARTESIAN_POINT('',(-4.112435565298E0,-4.322947341950E0,-7.E0));
#2445=VERTEX_POINT('',#2444);
#2446=CARTESIAN_POINT('',(-3.419615242271E0,-4.722947341950E0,-7.E0));
#2447=VERTEX_POINT('',#2446);
#2448=CARTESIAN_POINT('',(-3.664844354545E0,-4.567696623904E0,-9.2E0));
#2449=VERTEX_POINT('',#2448);
#2450=CARTESIAN_POINT('',(0.E0,-2.706422998034E0,-4.980874116662E-1));
#2451=CARTESIAN_POINT('',(3.850196229489E-10,2.706422998034E0,
-4.980874116662E-1));
#2452=VERTEX_POINT('',#2450);
#2453=VERTEX_POINT('',#2451);
#2454=CARTESIAN_POINT('',(0.E0,-2.611141865259E0,-1.587155742748E0));
#2455=VERTEX_POINT('',#2454);
#2456=CARTESIAN_POINT('',(-4.162172178343E-2,2.610810118103E0,
-1.587155742748E0));
#2457=VERTEX_POINT('',#2456);
#2458=CARTESIAN_POINT('',(3.714647921477E-10,2.611141865260E0,
-1.587155742748E0));
#2459=VERTEX_POINT('',#2458);
#2460=CARTESIAN_POINT('',(4.162172178343E-2,-2.610810118103E0,
-1.587155742748E0));
#2461=VERTEX_POINT('',#2460);
#2462=CARTESIAN_POINT('',(0.E0,-1.614947167168E0,-2.5E0));
#2463=CARTESIAN_POINT('',(0.E0,1.614947167168E0,-2.5E0));
#2464=VERTEX_POINT('',#2462);
#2465=VERTEX_POINT('',#2463);
#2466=VERTEX_POINT('',#1698);
#2467=VERTEX_POINT('',#1790);
#2468=VERTEX_POINT('',#1895);
#2469=VERTEX_POINT('',#1903);
#2470=CARTESIAN_POINT('',(0.E0,0.E0,7.1E0));
#2471=DIRECTION('',(0.E0,0.E0,-1.E0));
#2472=DIRECTION('',(1.E0,0.E0,0.E0));
#2473=AXIS2_PLACEMENT_3D('',#2470,#2471,#2472);
#2474=PLANE('',#2473);
#2476=ORIENTED_EDGE('',*,*,#2475,.T.);
#2478=ORIENTED_EDGE('',*,*,#2477,.T.);
#2479=EDGE_LOOP('',(#2476,#2478));
#2480=FACE_OUTER_BOUND('',#2479,.F.);
#2481=ADVANCED_FACE('',(#2480),#2474,.T.);
#2482=CARTESIAN_POINT('',(0.E0,0.E0,2.621E1));
#2483=DIRECTION('',(0.E0,0.E0,-1.E0));
#2484=DIRECTION('',(1.E0,0.E0,0.E0));
#2485=AXIS2_PLACEMENT_3D('',#2482,#2483,#2484);
#2486=CYLINDRICAL_SURFACE('',#2485,8.88E0);
#2488=ORIENTED_EDGE('',*,*,#2487,.T.);
#2490=ORIENTED_EDGE('',*,*,#2489,.F.);
#2492=ORIENTED_EDGE('',*,*,#2491,.F.);
#2493=ORIENTED_EDGE('',*,*,#2475,.F.);
#2494=EDGE_LOOP('',(#2488,#2490,#2492,#2493));
#2495=FACE_OUTER_BOUND('',#2494,.F.);
#2496=ADVANCED_FACE('',(#2495),#2486,.T.);
#2497=CARTESIAN_POINT('',(0.E0,0.E0,2.621E1));
#2498=DIRECTION('',(0.E0,0.E0,-1.E0));
#2499=DIRECTION('',(1.E0,0.E0,0.E0));
#2500=AXIS2_PLACEMENT_3D('',#2497,#2498,#2499);
#2501=CYLINDRICAL_SURFACE('',#2500,8.88E0);
#2502=ORIENTED_EDGE('',*,*,#2487,.F.);
#2503=ORIENTED_EDGE('',*,*,#2477,.F.);
#2504=ORIENTED_EDGE('',*,*,#2491,.T.);
#2506=ORIENTED_EDGE('',*,*,#2505,.F.);
#2507=EDGE_LOOP('',(#2502,#2503,#2504,#2506));
#2508=FACE_OUTER_BOUND('',#2507,.F.);
#2509=ADVANCED_FACE('',(#2508),#2501,.T.);
#2510=CARTESIAN_POINT('',(0.E0,0.E0,1.035693575035E1));
#2511=DIRECTION('',(0.E0,0.E0,1.E0));
#2512=DIRECTION('',(-1.E0,0.E0,0.E0));
#2513=AXIS2_PLACEMENT_3D('',#2510,#2511,#2512);
#2514=CONICAL_SURFACE('',#2513,9.189999999999E0,1.5E1);
#2516=ORIENTED_EDGE('',*,*,#2515,.F.);
#2517=ORIENTED_EDGE('',*,*,#2505,.T.);
#2519=ORIENTED_EDGE('',*,*,#2518,.T.);
#2521=ORIENTED_EDGE('',*,*,#2520,.T.);
#2522=EDGE_LOOP('',(#2516,#2517,#2519,#2521));
#2523=FACE_OUTER_BOUND('',#2522,.F.);
#2524=ADVANCED_FACE('',(#2523),#2514,.T.);
#2525=CARTESIAN_POINT('',(0.E0,0.E0,1.035693575035E1));
#2526=DIRECTION('',(0.E0,0.E0,1.E0));
#2527=DIRECTION('',(-1.E0,0.E0,0.E0));
#2528=AXIS2_PLACEMENT_3D('',#2525,#2526,#2527);
#2529=CONICAL_SURFACE('',#2528,9.189999999999E0,1.5E1);
#2530=ORIENTED_EDGE('',*,*,#2515,.T.);
#2532=ORIENTED_EDGE('',*,*,#2531,.T.);
#2533=ORIENTED_EDGE('',*,*,#2518,.F.);
#2534=ORIENTED_EDGE('',*,*,#2489,.T.);
#2535=EDGE_LOOP('',(#2530,#2532,#2533,#2534));
#2536=FACE_OUTER_BOUND('',#2535,.F.);
#2537=ADVANCED_FACE('',(#2536),#2529,.T.);
#2538=CARTESIAN_POINT('',(0.E0,0.E0,2.621E1));
#2539=DIRECTION('',(0.E0,0.E0,-1.E0));
#2540=DIRECTION('',(1.E0,0.E0,0.E0));
#2541=AXIS2_PLACEMENT_3D('',#2538,#2539,#2540);
#2542=CYLINDRICAL_SURFACE('',#2541,9.5E0);
#2544=ORIENTED_EDGE('',*,*,#2543,.F.);
#2546=ORIENTED_EDGE('',*,*,#2545,.F.);
#2547=ORIENTED_EDGE('',*,*,#2531,.F.);
#2549=ORIENTED_EDGE('',*,*,#2548,.T.);
#2550=EDGE_LOOP('',(#2544,#2546,#2547,#2549));
#2551=FACE_OUTER_BOUND('',#2550,.F.);
#2552=ADVANCED_FACE('',(#2551),#2542,.T.);
#2553=CARTESIAN_POINT('',(0.E0,0.E0,2.21E1));
#2554=DIRECTION('',(0.E0,0.E0,-1.E0));
#2555=DIRECTION('',(0.E0,1.E0,0.E0));
#2556=AXIS2_PLACEMENT_3D('',#2553,#2554,#2555);
#2557=PLANE('',#2556);
#2559=ORIENTED_EDGE('',*,*,#2558,.T.);
#2560=ORIENTED_EDGE('',*,*,#2543,.T.);
#2561=EDGE_LOOP('',(#2559,#2560));
#2562=FACE_OUTER_BOUND('',#2561,.F.);
#2563=ADVANCED_FACE('',(#2562),#2557,.F.);
#2564=CARTESIAN_POINT('',(0.E0,0.E0,2.621E1));
#2565=DIRECTION('',(0.E0,0.E0,-1.E0));
#2566=DIRECTION('',(1.E0,0.E0,0.E0));
#2567=AXIS2_PLACEMENT_3D('',#2564,#2565,#2566);
#2568=CYLINDRICAL_SURFACE('',#2567,9.5E0);
#2569=ORIENTED_EDGE('',*,*,#2558,.F.);
#2570=ORIENTED_EDGE('',*,*,#2548,.F.);
#2571=ORIENTED_EDGE('',*,*,#2520,.F.);
#2572=ORIENTED_EDGE('',*,*,#2545,.T.);
#2573=EDGE_LOOP('',(#2569,#2570,#2571,#2572));
#2574=FACE_OUTER_BOUND('',#2573,.F.);
#2575=ADVANCED_FACE('',(#2574),#2568,.T.);
#2576=CARTESIAN_POINT('',(0.E0,0.E0,2.315E1));
#2577=DIRECTION('',(0.E0,0.E0,-1.E0));
#2578=DIRECTION('',(0.E0,1.E0,0.E0));
#2579=AXIS2_PLACEMENT_3D('',#2576,#2577,#2578);
#2580=CYLINDRICAL_SURFACE('',#2579,8.85E0);
#2582=ORIENTED_EDGE('',*,*,#2581,.T.);
#2584=ORIENTED_EDGE('',*,*,#2583,.T.);
#2586=ORIENTED_EDGE('',*,*,#2585,.F.);
#2588=ORIENTED_EDGE('',*,*,#2587,.T.);
#2589=EDGE_LOOP('',(#2582,#2584,#2586,#2588));
#2590=FACE_OUTER_BOUND('',#2589,.F.);
#2591=ADVANCED_FACE('',(#2590),#2580,.T.);
#2592=CARTESIAN_POINT('',(0.E0,0.E0,2.315E1));
#2593=DIRECTION('',(0.E0,0.E0,-1.E0));
#2594=DIRECTION('',(0.E0,1.E0,0.E0));
#2595=AXIS2_PLACEMENT_3D('',#2592,#2593,#2594);
#2596=CYLINDRICAL_SURFACE('',#2595,8.85E0);
#2597=ORIENTED_EDGE('',*,*,#2581,.F.);
#2599=ORIENTED_EDGE('',*,*,#2598,.T.);
#2600=ORIENTED_EDGE('',*,*,#2585,.T.);
#2602=ORIENTED_EDGE('',*,*,#2601,.T.);
#2603=EDGE_LOOP('',(#2597,#2599,#2600,#2602));
#2604=FACE_OUTER_BOUND('',#2603,.F.);
#2605=ADVANCED_FACE('',(#2604),#2596,.T.);
#2606=CARTESIAN_POINT('',(0.E0,0.E0,2.31E1));
#2607=DIRECTION('',(0.E0,0.E0,-1.E0));
#2608=DIRECTION('',(1.E0,0.E0,0.E0));
#2609=AXIS2_PLACEMENT_3D('',#2606,#2607,#2608);
#2610=PLANE('',#2609);
#2612=ORIENTED_EDGE('',*,*,#2611,.T.);
#2614=ORIENTED_EDGE('',*,*,#2613,.T.);
#2615=EDGE_LOOP('',(#2612,#2614));
#2616=FACE_OUTER_BOUND('',#2615,.F.);
#2617=ADVANCED_FACE('',(#2616),#2610,.T.);
#2618=CARTESIAN_POINT('',(0.E0,0.E0,2.621E1));
#2619=DIRECTION('',(0.E0,0.E0,-1.E0));
#2620=DIRECTION('',(1.E0,0.E0,0.E0));
#2621=AXIS2_PLACEMENT_3D('',#2618,#2619,#2620);
#2622=CYLINDRICAL_SURFACE('',#2621,1.1E1);
#2624=ORIENTED_EDGE('',*,*,#2623,.F.);
#2625=ORIENTED_EDGE('',*,*,#2611,.F.);
#2627=ORIENTED_EDGE('',*,*,#2626,.T.);
#2629=ORIENTED_EDGE('',*,*,#2628,.F.);
#2630=EDGE_LOOP('',(#2624,#2625,#2627,#2629));
#2631=FACE_OUTER_BOUND('',#2630,.F.);
#2632=ADVANCED_FACE('',(#2631),#2622,.T.);
#2633=CARTESIAN_POINT('',(0.E0,0.E0,2.621E1));
#2634=DIRECTION('',(0.E0,0.E0,-1.E0));
#2635=DIRECTION('',(1.E0,0.E0,0.E0));
#2636=AXIS2_PLACEMENT_3D('',#2633,#2634,#2635);
#2637=CYLINDRICAL_SURFACE('',#2636,1.1E1);
#2638=ORIENTED_EDGE('',*,*,#2623,.T.);
#2640=ORIENTED_EDGE('',*,*,#2639,.F.);
#2641=ORIENTED_EDGE('',*,*,#2626,.F.);
#2642=ORIENTED_EDGE('',*,*,#2613,.F.);
#2643=EDGE_LOOP('',(#2638,#2640,#2641,#2642));
#2644=FACE_OUTER_BOUND('',#2643,.F.);
#2645=ADVANCED_FACE('',(#2644),#2637,.T.);
#2646=CARTESIAN_POINT('',(0.E0,0.E0,4.747441116742E0));
#2647=DIRECTION('',(0.E0,0.E0,-1.E0));
#2648=DIRECTION('',(1.E0,0.E0,0.E0));
#2649=AXIS2_PLACEMENT_3D('',#2646,#2647,#2648);
#2650=SPHERICAL_SURFACE('',#2649,2.2E1);
#2652=ORIENTED_EDGE('',*,*,#2651,.T.);
#2654=ORIENTED_EDGE('',*,*,#2653,.F.);
#2656=ORIENTED_EDGE('',*,*,#2655,.F.);
#2657=ORIENTED_EDGE('',*,*,#2639,.T.);
#2658=EDGE_LOOP('',(#2652,#2654,#2656,#2657));
#2659=FACE_OUTER_BOUND('',#2658,.F.);
#2660=ADVANCED_FACE('',(#2659),#2650,.T.);
#2661=CARTESIAN_POINT('',(0.E0,0.E0,4.747441116742E0));
#2662=DIRECTION('',(-3.567308038649E-1,0.E0,9.342072219663E-1));
#2663=DIRECTION('',(-9.342072219663E-1,0.E0,-3.567308038649E-1));
#2664=AXIS2_PLACEMENT_3D('',#2661,#2662,#2663);
#2665=SPHERICAL_SURFACE('',#2664,2.2E1);
#2666=ORIENTED_EDGE('',*,*,#2651,.F.);
#2667=ORIENTED_EDGE('',*,*,#2628,.T.);
#2668=ORIENTED_EDGE('',*,*,#2655,.T.);
#2670=ORIENTED_EDGE('',*,*,#2669,.T.);
#2671=EDGE_LOOP('',(#2666,#2667,#2668,#2670));
#2672=FACE_OUTER_BOUND('',#2671,.F.);
#2673=ADVANCED_FACE('',(#2672),#2665,.T.);
#2674=CARTESIAN_POINT('',(0.E0,0.E0,2.53E1));
#2675=DIRECTION('',(0.E0,0.E0,-1.E0));
#2676=DIRECTION('',(1.E0,0.E0,0.E0));
#2677=AXIS2_PLACEMENT_3D('',#2674,#2675,#2676);
#2678=PLANE('',#2677);
#2679=ORIENTED_EDGE('',*,*,#2653,.T.);
#2680=ORIENTED_EDGE('',*,*,#2669,.F.);
#2681=EDGE_LOOP('',(#2679,#2680));
#2682=FACE_OUTER_BOUND('',#2681,.F.);
#2683=ADVANCED_FACE('',(#2682),#2678,.F.);
#2684=CARTESIAN_POINT('',(-1.242949192431E0,-6.152851152517E0,4.E-1));
#2685=DIRECTION('',(8.660254037844E-1,-5.E-1,0.E0));
#2686=DIRECTION('',(0.E0,0.E0,1.E0));
#2687=AXIS2_PLACEMENT_3D('',#2684,#2685,#2686);
#2688=PLANE('',#2687);
#2690=ORIENTED_EDGE('',*,*,#2689,.T.);
#2692=ORIENTED_EDGE('',*,*,#2691,.T.);
#2694=ORIENTED_EDGE('',*,*,#2693,.T.);
#2696=ORIENTED_EDGE('',*,*,#2695,.F.);
#2698=ORIENTED_EDGE('',*,*,#2697,.T.);
#2700=ORIENTED_EDGE('',*,*,#2699,.T.);
#2702=ORIENTED_EDGE('',*,*,#2701,.T.);
#2703=EDGE_LOOP('',(#2690,#2692,#2694,#2696,#2698,#2700,#2702));
#2704=FACE_OUTER_BOUND('',#2703,.F.);
#2705=ADVANCED_FACE('',(#2704),#2688,.T.);
#2706=CARTESIAN_POINT('',(0.E0,0.E0,-6.E-1));
#2707=DIRECTION('',(0.E0,0.E0,-1.E0));
#2708=DIRECTION('',(0.E0,-1.E0,0.E0));
#2709=AXIS2_PLACEMENT_3D('',#2706,#2707,#2708);
#2710=PLANE('',#2709);
#2712=ORIENTED_EDGE('',*,*,#2711,.T.);
#2714=ORIENTED_EDGE('',*,*,#2713,.T.);
#2716=ORIENTED_EDGE('',*,*,#2715,.T.);
#2718=ORIENTED_EDGE('',*,*,#2717,.T.);
#2719=EDGE_LOOP('',(#2712,#2714,#2716,#2718));
#2720=FACE_OUTER_BOUND('',#2719,.F.);
#2721=ADVANCED_FACE('',(#2720),#2710,.T.);
#2722=CARTESIAN_POINT('',(0.E0,0.E0,-3.E-1));
#2723=DIRECTION('',(0.E0,0.E0,-1.E0));
#2724=DIRECTION('',(4.987125691810E-1,-8.667674274804E-1,0.E0));
#2725=AXIS2_PLACEMENT_3D('',#2722,#2723,#2724);
#2726=TOROIDAL_SURFACE('',#2725,7.1E0,3.E-1);
#2727=ORIENTED_EDGE('',*,*,#2711,.F.);
#2729=ORIENTED_EDGE('',*,*,#2728,.F.);
#2731=ORIENTED_EDGE('',*,*,#2730,.T.);
#2733=ORIENTED_EDGE('',*,*,#2732,.T.);
#2735=ORIENTED_EDGE('',*,*,#2734,.F.);
#2736=EDGE_LOOP('',(#2727,#2729,#2731,#2733,#2735));
#2737=FACE_OUTER_BOUND('',#2736,.F.);
#2738=ADVANCED_FACE('',(#2737),#2726,.T.);
#2739=CARTESIAN_POINT('',(3.030048E1,1.033484694662E1,-3.E-1));
#2740=DIRECTION('',(-8.660254037844E-1,-5.E-1,0.E0));
#2741=DIRECTION('',(0.E0,0.E0,-1.E0));
#2742=AXIS2_PLACEMENT_3D('',#2739,#2740,#2741);
#2743=CYLINDRICAL_SURFACE('',#2742,3.E-1);
#2745=ORIENTED_EDGE('',*,*,#2744,.T.);
#2746=ORIENTED_EDGE('',*,*,#2728,.T.);
#2747=ORIENTED_EDGE('',*,*,#2717,.F.);
#2749=ORIENTED_EDGE('',*,*,#2748,.T.);
#2750=EDGE_LOOP('',(#2745,#2746,#2747,#2749));
#2751=FACE_OUTER_BOUND('',#2750,.F.);
#2752=ADVANCED_FACE('',(#2751),#2743,.T.);
#2753=CARTESIAN_POINT('',(6.313086678499E0,-3.860691206216E0,0.E0));
#2754=DIRECTION('',(5.E-1,-8.660254037844E-1,0.E0));
#2755=DIRECTION('',(-8.660254037844E-1,-5.E-1,0.E0));
#2756=AXIS2_PLACEMENT_3D('',#2753,#2754,#2755);
#2757=PLANE('',#2756);
#2759=ORIENTED_EDGE('',*,*,#2758,.F.);
#2761=ORIENTED_EDGE('',*,*,#2760,.F.);
#2763=ORIENTED_EDGE('',*,*,#2762,.F.);
#2765=ORIENTED_EDGE('',*,*,#2764,.F.);
#2766=ORIENTED_EDGE('',*,*,#2744,.F.);
#2768=ORIENTED_EDGE('',*,*,#2767,.F.);
#2770=ORIENTED_EDGE('',*,*,#2769,.F.);
#2772=ORIENTED_EDGE('',*,*,#2771,.T.);
#2773=EDGE_LOOP('',(#2759,#2761,#2763,#2765,#2766,#2768,#2770,#2772));
#2774=FACE_OUTER_BOUND('',#2773,.F.);
#2775=ADVANCED_FACE('',(#2774),#2757,.T.);
#2776=CARTESIAN_POINT('',(0.E0,0.E0,4.E0));
#2777=DIRECTION('',(0.E0,0.E0,-1.E0));
#2778=DIRECTION('',(-1.E0,0.E0,0.E0));
#2779=AXIS2_PLACEMENT_3D('',#2776,#2777,#2778);
#2780=PLANE('',#2779);
#2782=ORIENTED_EDGE('',*,*,#2781,.T.);
#2783=ORIENTED_EDGE('',*,*,#2758,.T.);
#2784=EDGE_LOOP('',(#2782,#2783));
#2785=FACE_OUTER_BOUND('',#2784,.F.);
#2786=ADVANCED_FACE('',(#2785),#2780,.T.);
#2787=CARTESIAN_POINT('',(0.E0,0.E0,4.3E0));
#2788=DIRECTION('',(0.E0,0.E0,-1.E0));
#2789=DIRECTION('',(-9.999994084209E-1,-1.087730577646E-3,0.E0));
#2790=AXIS2_PLACEMENT_3D('',#2787,#2788,#2789);
#2791=TOROIDAL_SURFACE('',#2790,7.1E0,3.E-1);
#2793=ORIENTED_EDGE('',*,*,#2792,.T.);
#2794=ORIENTED_EDGE('',*,*,#2760,.T.);
#2795=ORIENTED_EDGE('',*,*,#2781,.F.);
#2796=ORIENTED_EDGE('',*,*,#2771,.F.);
#2797=EDGE_LOOP('',(#2793,#2794,#2795,#2796));
#2798=FACE_OUTER_BOUND('',#2797,.F.);
#2799=ADVANCED_FACE('',(#2798),#2791,.T.);
#2800=CARTESIAN_POINT('',(0.E0,0.E0,0.E0));
#2801=DIRECTION('',(0.E0,0.E0,-1.E0));
#2802=DIRECTION('',(0.E0,1.E0,0.E0));
#2803=AXIS2_PLACEMENT_3D('',#2800,#2801,#2802);
#2804=CYLINDRICAL_SURFACE('',#2803,7.4E0);
#2805=ORIENTED_EDGE('',*,*,#2792,.F.);
#2806=ORIENTED_EDGE('',*,*,#2769,.T.);
#2808=ORIENTED_EDGE('',*,*,#2807,.F.);
#2810=ORIENTED_EDGE('',*,*,#2809,.F.);
#2812=ORIENTED_EDGE('',*,*,#2811,.T.);
#2814=ORIENTED_EDGE('',*,*,#2813,.T.);
#2816=ORIENTED_EDGE('',*,*,#2815,.F.);
#2817=ORIENTED_EDGE('',*,*,#2762,.T.);
#2818=EDGE_LOOP('',(#2805,#2806,#2808,#2810,#2812,#2814,#2816,#2817));
#2819=FACE_OUTER_BOUND('',#2818,.F.);
#2820=ADVANCED_FACE('',(#2819),#2804,.T.);
#2821=CARTESIAN_POINT('',(0.E0,0.E0,0.E0));
#2822=DIRECTION('',(0.E0,0.E0,-1.E0));
#2823=DIRECTION('',(0.E0,1.E0,0.E0));
#2824=AXIS2_PLACEMENT_3D('',#2821,#2822,#2823);
#2825=CYLINDRICAL_SURFACE('',#2824,7.4E0);
#2827=ORIENTED_EDGE('',*,*,#2826,.F.);
#2829=ORIENTED_EDGE('',*,*,#2828,.F.);
#2831=ORIENTED_EDGE('',*,*,#2830,.T.);
#2832=ORIENTED_EDGE('',*,*,#2732,.F.);
#2833=ORIENTED_EDGE('',*,*,#2730,.F.);
#2834=ORIENTED_EDGE('',*,*,#2764,.T.);
#2835=ORIENTED_EDGE('',*,*,#2815,.T.);
#2836=ORIENTED_EDGE('',*,*,#2813,.F.);
#2838=ORIENTED_EDGE('',*,*,#2837,.T.);
#2839=ORIENTED_EDGE('',*,*,#2809,.T.);
#2840=ORIENTED_EDGE('',*,*,#2807,.T.);
#2841=ORIENTED_EDGE('',*,*,#2767,.T.);
#2843=ORIENTED_EDGE('',*,*,#2842,.F.);
#2845=ORIENTED_EDGE('',*,*,#2844,.F.);
#2847=ORIENTED_EDGE('',*,*,#2846,.T.);
#2848=EDGE_LOOP('',(#2827,#2829,#2831,#2832,#2833,#2834,#2835,#2836,#2838,#2839,
#2840,#2841,#2843,#2845,#2847));
#2849=FACE_OUTER_BOUND('',#2848,.F.);
#2850=ADVANCED_FACE('',(#2849),#2825,.T.);
#2851=CARTESIAN_POINT('',(0.E0,0.E0,4.3E0));
#2852=DIRECTION('',(0.E0,0.E0,-1.E0));
#2853=DIRECTION('',(5.009417065232E-1,-8.654810261731E-1,0.E0));
#2854=AXIS2_PLACEMENT_3D('',#2851,#2852,#2853);
#2855=TOROIDAL_SURFACE('',#2854,7.1E0,3.E-1);
#2856=ORIENTED_EDGE('',*,*,#2828,.T.);
#2857=ORIENTED_EDGE('',*,*,#2826,.T.);
#2859=ORIENTED_EDGE('',*,*,#2858,.T.);
#2861=ORIENTED_EDGE('',*,*,#2860,.F.);
#2863=ORIENTED_EDGE('',*,*,#2862,.F.);
#2864=EDGE_LOOP('',(#2856,#2857,#2859,#2861,#2863));
#2865=FACE_OUTER_BOUND('',#2864,.F.);
#2866=ADVANCED_FACE('',(#2865),#2855,.T.);
#2867=CARTESIAN_POINT('',(-6.313086678499E0,3.860691206216E0,0.E0));
#2868=DIRECTION('',(-5.E-1,8.660254037844E-1,0.E0));
#2869=DIRECTION('',(8.660254037844E-1,5.E-1,0.E0));
#2870=AXIS2_PLACEMENT_3D('',#2867,#2868,#2869);
#2871=PLANE('',#2870);
#2873=ORIENTED_EDGE('',*,*,#2872,.F.);
#2874=ORIENTED_EDGE('',*,*,#2858,.F.);
#2875=ORIENTED_EDGE('',*,*,#2846,.F.);
#2877=ORIENTED_EDGE('',*,*,#2876,.F.);
#2878=ORIENTED_EDGE('',*,*,#2830,.F.);
#2879=ORIENTED_EDGE('',*,*,#2862,.T.);
#2880=EDGE_LOOP('',(#2873,#2874,#2875,#2877,#2878,#2879));
#2881=FACE_OUTER_BOUND('',#2880,.F.);
#2882=ADVANCED_FACE('',(#2881),#2871,.T.);
#2883=CARTESIAN_POINT('',(0.E0,0.E0,4.E0));
#2884=DIRECTION('',(0.E0,0.E0,-1.E0));
#2885=DIRECTION('',(-1.E0,0.E0,0.E0));
#2886=AXIS2_PLACEMENT_3D('',#2883,#2884,#2885);
#2887=PLANE('',#2886);
#2888=ORIENTED_EDGE('',*,*,#2860,.T.);
#2889=ORIENTED_EDGE('',*,*,#2872,.T.);
#2890=EDGE_LOOP('',(#2888,#2889));
#2891=FACE_OUTER_BOUND('',#2890,.F.);
#2892=ADVANCED_FACE('',(#2891),#2887,.T.);
#2893=CARTESIAN_POINT('',(-3.030048E1,-1.033484694662E1,-3.E-1));
#2894=DIRECTION('',(8.660254037844E-1,5.E-1,0.E0));
#2895=DIRECTION('',(0.E0,0.E0,-1.E0));
#2896=AXIS2_PLACEMENT_3D('',#2893,#2894,#2895);
#2897=CYLINDRICAL_SURFACE('',#2896,3.E-1);
#2898=ORIENTED_EDGE('',*,*,#2713,.F.);
#2899=ORIENTED_EDGE('',*,*,#2734,.T.);
#2900=ORIENTED_EDGE('',*,*,#2876,.T.);
#2902=ORIENTED_EDGE('',*,*,#2901,.T.);
#2903=EDGE_LOOP('',(#2898,#2899,#2900,#2902));
#2904=FACE_OUTER_BOUND('',#2903,.F.);
#2905=ADVANCED_FACE('',(#2904),#2897,.T.);
#2906=CARTESIAN_POINT('',(0.E0,0.E0,-3.E-1));
#2907=DIRECTION('',(0.E0,0.E0,-1.E0));
#2908=DIRECTION('',(4.987125691810E-1,-8.667674274804E-1,0.E0));
#2909=AXIS2_PLACEMENT_3D('',#2906,#2907,#2908);
#2910=TOROIDAL_SURFACE('',#2909,7.1E0,3.E-1);
#2911=ORIENTED_EDGE('',*,*,#2715,.F.);
#2912=ORIENTED_EDGE('',*,*,#2901,.F.);
#2913=ORIENTED_EDGE('',*,*,#2844,.T.);
#2914=ORIENTED_EDGE('',*,*,#2842,.T.);
#2915=ORIENTED_EDGE('',*,*,#2748,.F.);
#2916=EDGE_LOOP('',(#2911,#2912,#2913,#2914,#2915));
#2917=FACE_OUTER_BOUND('',#2916,.F.);
#2918=ADVANCED_FACE('',(#2917),#2910,.T.);
#2919=CARTESIAN_POINT('',(-3.1E0,-5.369357503464E0,-1.2E0));
#2920=DIRECTION('',(-5.E-1,-8.660254037844E-1,0.E0));
#2921=DIRECTION('',(8.660254037844E-1,-5.E-1,0.E0));
#2922=AXIS2_PLACEMENT_3D('',#2919,#2920,#2921);
#2923=PLANE('',#2922);
#2925=ORIENTED_EDGE('',*,*,#2924,.T.);
#2927=ORIENTED_EDGE('',*,*,#2926,.T.);
#2929=ORIENTED_EDGE('',*,*,#2928,.T.);
#2931=ORIENTED_EDGE('',*,*,#2930,.T.);
#2933=ORIENTED_EDGE('',*,*,#2932,.T.);
#2935=ORIENTED_EDGE('',*,*,#2934,.T.);
#2937=ORIENTED_EDGE('',*,*,#2936,.T.);
#2939=ORIENTED_EDGE('',*,*,#2938,.T.);
#2941=ORIENTED_EDGE('',*,*,#2940,.T.);
#2943=ORIENTED_EDGE('',*,*,#2942,.T.);
#2944=ORIENTED_EDGE('',*,*,#2695,.T.);
#2946=ORIENTED_EDGE('',*,*,#2945,.T.);
#2948=ORIENTED_EDGE('',*,*,#2947,.T.);
#2950=ORIENTED_EDGE('',*,*,#2949,.T.);
#2951=EDGE_LOOP('',(#2925,#2927,#2929,#2931,#2933,#2935,#2937,#2939,#2941,#2943,
#2944,#2946,#2948,#2950));
#2952=FACE_OUTER_BOUND('',#2951,.F.);
#2953=ADVANCED_FACE('',(#2952),#2923,.T.);
#2954=CARTESIAN_POINT('',(-3.077959127411E0,-5.331181592297E0,-8.95E0));
#2955=DIRECTION('',(-4.924038765061E-1,-8.528685319524E-1,-1.736481776669E-1));
#2956=DIRECTION('',(8.682408883347E-2,1.503837331804E-1,-9.848077530122E-1));
#2957=AXIS2_PLACEMENT_3D('',#2954,#2955,#2956);
#2958=PLANE('',#2957);
#2960=ORIENTED_EDGE('',*,*,#2959,.F.);
#2962=ORIENTED_EDGE('',*,*,#2961,.T.);
#2964=ORIENTED_EDGE('',*,*,#2963,.F.);
#2965=ORIENTED_EDGE('',*,*,#2924,.F.);
#2966=EDGE_LOOP('',(#2960,#2962,#2964,#2965));
#2967=FACE_OUTER_BOUND('',#2966,.F.);
#2968=ADVANCED_FACE('',(#2967),#2958,.T.);
#2969=CARTESIAN_POINT('',(-1.983400912667E0,-5.725351152517E0,-8.945E0));
#2970=DIRECTION('',(6.123724356958E-1,-3.535533905933E-1,-7.071067811865E-1));
#2971=DIRECTION('',(6.123724356958E-1,-3.535533905933E-1,7.071067811866E-1));
#2972=AXIS2_PLACEMENT_3D('',#2969,#2970,#2971);
#2973=PLANE('',#2972);
#2974=ORIENTED_EDGE('',*,*,#2959,.T.);
#2975=ORIENTED_EDGE('',*,*,#2949,.F.);
#2977=ORIENTED_EDGE('',*,*,#2976,.F.);
#2979=ORIENTED_EDGE('',*,*,#2978,.F.);
#2981=ORIENTED_EDGE('',*,*,#2980,.T.);
#2983=ORIENTED_EDGE('',*,*,#2982,.T.);
#2984=EDGE_LOOP('',(#2974,#2975,#2977,#2979,#2981,#2983));
#2985=FACE_OUTER_BOUND('',#2984,.F.);
#2986=ADVANCED_FACE('',(#2985),#2973,.T.);
#2987=CARTESIAN_POINT('',(-1.762564434702E0,-5.852851152517E0,-4.945E0));
#2988=DIRECTION('',(8.660254037844E-1,-5.E-1,0.E0));
#2989=DIRECTION('',(0.E0,0.E0,1.E0));
#2990=AXIS2_PLACEMENT_3D('',#2987,#2988,#2989);
#2991=PLANE('',#2990);
#2993=ORIENTED_EDGE('',*,*,#2992,.T.);
#2995=ORIENTED_EDGE('',*,*,#2994,.T.);
#2996=ORIENTED_EDGE('',*,*,#2976,.T.);
#2997=ORIENTED_EDGE('',*,*,#2947,.F.);
#2999=ORIENTED_EDGE('',*,*,#2998,.F.);
#3001=ORIENTED_EDGE('',*,*,#3000,.T.);
#3003=ORIENTED_EDGE('',*,*,#3002,.T.);
#3004=EDGE_LOOP('',(#2993,#2995,#2996,#2997,#2999,#3001,#3003));
#3005=FACE_OUTER_BOUND('',#3004,.F.);
#3006=ADVANCED_FACE('',(#3005),#2991,.T.);
#3007=CARTESIAN_POINT('',(-4.062435565298E0,-4.236344801571E0,-7.1E0));
#3008=DIRECTION('',(-3.535533905933E-1,-6.123724356958E-1,-7.071067811866E-1));
#3009=DIRECTION('',(-3.535533905933E-1,-6.123724356958E-1,7.071067811865E-1));
#3010=AXIS2_PLACEMENT_3D('',#3007,#3008,#3009);
#3011=PLANE('',#3010);
#3013=ORIENTED_EDGE('',*,*,#3012,.T.);
#3014=ORIENTED_EDGE('',*,*,#2992,.F.);
#3016=ORIENTED_EDGE('',*,*,#3015,.T.);
#3018=ORIENTED_EDGE('',*,*,#3017,.F.);
#3019=EDGE_LOOP('',(#3013,#3014,#3016,#3018));
#3020=FACE_OUTER_BOUND('',#3019,.F.);
#3021=ADVANCED_FACE('',(#3020),#3011,.F.);
#3022=CARTESIAN_POINT('',(-2.85E0,-4.936344801571E0,-1.2E0));
#3023=DIRECTION('',(-5.E-1,-8.660254037844E-1,0.E0));
#3024=DIRECTION('',(8.660254037844E-1,-5.E-1,0.E0));
#3025=AXIS2_PLACEMENT_3D('',#3022,#3023,#3024);
#3026=PLANE('',#3025);
#3027=ORIENTED_EDGE('',*,*,#3012,.F.);
#3029=ORIENTED_EDGE('',*,*,#3028,.F.);
#3031=ORIENTED_EDGE('',*,*,#3030,.T.);
#3033=ORIENTED_EDGE('',*,*,#3032,.F.);
#3035=ORIENTED_EDGE('',*,*,#3034,.F.);
#3037=ORIENTED_EDGE('',*,*,#3036,.F.);
#3039=ORIENTED_EDGE('',*,*,#3038,.T.);
#3041=ORIENTED_EDGE('',*,*,#3040,.T.);
#3042=ORIENTED_EDGE('',*,*,#2978,.T.);
#3043=ORIENTED_EDGE('',*,*,#2994,.F.);
#3044=EDGE_LOOP('',(#3027,#3029,#3031,#3033,#3035,#3037,#3039,#3041,#3042,
#3043));
#3045=FACE_OUTER_BOUND('',#3044,.F.);
#3046=ADVANCED_FACE('',(#3045),#3026,.F.);
#3047=CARTESIAN_POINT('',(-2.455384757729E0,-5.452851152517E0,-7.E0));
#3048=DIRECTION('',(-8.660254037844E-1,5.E-1,0.E0));
#3049=DIRECTION('',(0.E0,0.E0,-1.E0));
#3050=AXIS2_PLACEMENT_3D('',#3047,#3048,#3049);
#3051=PLANE('',#3050);
#3052=ORIENTED_EDGE('',*,*,#3017,.T.);
#3054=ORIENTED_EDGE('',*,*,#3053,.T.);
#3056=ORIENTED_EDGE('',*,*,#3055,.T.);
#3058=ORIENTED_EDGE('',*,*,#3057,.F.);
#3060=ORIENTED_EDGE('',*,*,#3059,.T.);
#3062=ORIENTED_EDGE('',*,*,#3061,.F.);
#3063=ORIENTED_EDGE('',*,*,#3028,.T.);
#3064=EDGE_LOOP('',(#3052,#3054,#3056,#3058,#3060,#3062,#3063));
#3065=FACE_OUTER_BOUND('',#3064,.F.);
#3066=ADVANCED_FACE('',(#3065),#3051,.T.);
#3067=CARTESIAN_POINT('',(-4.112435565298E0,-4.322947341950E0,-7.E0));
#3068=DIRECTION('',(-3.535533905933E-1,-6.123724356958E-1,7.071067811865E-1));
#3069=DIRECTION('',(3.535533905933E-1,6.123724356958E-1,7.071067811866E-1));
#3070=AXIS2_PLACEMENT_3D('',#3067,#3068,#3069);
#3071=PLANE('',#3070);
#3073=ORIENTED_EDGE('',*,*,#3072,.F.);
#3074=ORIENTED_EDGE('',*,*,#3053,.F.);
#3075=ORIENTED_EDGE('',*,*,#3015,.F.);
#3076=ORIENTED_EDGE('',*,*,#3002,.F.);
#3077=EDGE_LOOP('',(#3073,#3074,#3075,#3076));
#3078=FACE_OUTER_BOUND('',#3077,.F.);
#3079=ADVANCED_FACE('',(#3078),#3071,.F.);
#3080=CARTESIAN_POINT('',(-2.85E0,-4.936344801571E0,-1.2E0));
#3081=DIRECTION('',(-5.E-1,-8.660254037844E-1,0.E0));
#3082=DIRECTION('',(8.660254037844E-1,-5.E-1,0.E0));
#3083=AXIS2_PLACEMENT_3D('',#3080,#3081,#3082);
#3084=PLANE('',#3083);
#3086=ORIENTED_EDGE('',*,*,#3085,.T.);
#3088=ORIENTED_EDGE('',*,*,#3087,.F.);
#3090=ORIENTED_EDGE('',*,*,#3089,.F.);
#3092=ORIENTED_EDGE('',*,*,#3091,.F.);
#3094=ORIENTED_EDGE('',*,*,#3093,.T.);
#3096=ORIENTED_EDGE('',*,*,#3095,.F.);
#3098=ORIENTED_EDGE('',*,*,#3097,.T.);
#3099=ORIENTED_EDGE('',*,*,#3055,.F.);
#3100=ORIENTED_EDGE('',*,*,#3072,.T.);
#3101=ORIENTED_EDGE('',*,*,#3000,.F.);
#3103=ORIENTED_EDGE('',*,*,#3102,.F.);
#3104=ORIENTED_EDGE('',*,*,#2691,.F.);
#3105=EDGE_LOOP('',(#3086,#3088,#3090,#3092,#3094,#3096,#3098,#3099,#3100,#3101,
#3103,#3104));
#3106=FACE_OUTER_BOUND('',#3105,.F.);
#3107=ADVANCED_FACE('',(#3106),#3084,.F.);
#3108=CARTESIAN_POINT('',(-4.707050807569E0,-4.152851152517E0,4.E-1));
#3109=DIRECTION('',(-8.660254037844E-1,5.E-1,0.E0));
#3110=DIRECTION('',(0.E0,0.E0,-1.E0));
#3111=AXIS2_PLACEMENT_3D('',#3108,#3109,#3110);
#3112=PLANE('',#3111);
#3114=ORIENTED_EDGE('',*,*,#3113,.T.);
#3116=ORIENTED_EDGE('',*,*,#3115,.T.);
#3118=ORIENTED_EDGE('',*,*,#3117,.T.);
#3120=ORIENTED_EDGE('',*,*,#3119,.T.);
#3121=ORIENTED_EDGE('',*,*,#2932,.F.);
#3123=ORIENTED_EDGE('',*,*,#3122,.F.);
#3124=ORIENTED_EDGE('',*,*,#3087,.T.);
#3125=EDGE_LOOP('',(#3114,#3116,#3118,#3120,#3121,#3123,#3124));
#3126=FACE_OUTER_BOUND('',#3125,.F.);
#3127=ADVANCED_FACE('',(#3126),#3112,.T.);
#3128=CARTESIAN_POINT('',(1.242949192431E0,6.152851152517E0,4.E-1));
#3129=DIRECTION('',(-8.660254037844E-1,5.E-1,0.E0));
#3130=DIRECTION('',(0.E0,0.E0,1.E0));
#3131=AXIS2_PLACEMENT_3D('',#3128,#3129,#3130);
#3132=PLANE('',#3131);
#3134=ORIENTED_EDGE('',*,*,#3133,.T.);
#3136=ORIENTED_EDGE('',*,*,#3135,.T.);
#3138=ORIENTED_EDGE('',*,*,#3137,.T.);
#3140=ORIENTED_EDGE('',*,*,#3139,.F.);
#3142=ORIENTED_EDGE('',*,*,#3141,.T.);
#3144=ORIENTED_EDGE('',*,*,#3143,.T.);
#3146=ORIENTED_EDGE('',*,*,#3145,.T.);
#3147=EDGE_LOOP('',(#3134,#3136,#3138,#3140,#3142,#3144,#3146));
#3148=FACE_OUTER_BOUND('',#3147,.F.);
#3149=ADVANCED_FACE('',(#3148),#3132,.T.);
#3150=CARTESIAN_POINT('',(2.85E0,4.936344801571E0,-1.2E0));
#3151=DIRECTION('',(5.E-1,8.660254037844E-1,0.E0));
#3152=DIRECTION('',(-8.660254037844E-1,5.E-1,0.E0));
#3153=AXIS2_PLACEMENT_3D('',#3150,#3151,#3152);
#3154=PLANE('',#3153);
#3156=ORIENTED_EDGE('',*,*,#3155,.T.);
#3158=ORIENTED_EDGE('',*,*,#3157,.F.);
#3160=ORIENTED_EDGE('',*,*,#3159,.F.);
#3162=ORIENTED_EDGE('',*,*,#3161,.F.);
#3164=ORIENTED_EDGE('',*,*,#3163,.T.);
#3166=ORIENTED_EDGE('',*,*,#3165,.F.);
#3168=ORIENTED_EDGE('',*,*,#3167,.T.);
#3170=ORIENTED_EDGE('',*,*,#3169,.F.);
#3172=ORIENTED_EDGE('',*,*,#3171,.T.);
#3174=ORIENTED_EDGE('',*,*,#3173,.F.);
#3176=ORIENTED_EDGE('',*,*,#3175,.F.);
#3177=ORIENTED_EDGE('',*,*,#3135,.F.);
#3178=EDGE_LOOP('',(#3156,#3158,#3160,#3162,#3164,#3166,#3168,#3170,#3172,#3174,
#3176,#3177));
#3179=FACE_OUTER_BOUND('',#3178,.F.);
#3180=ADVANCED_FACE('',(#3179),#3154,.F.);
#3181=CARTESIAN_POINT('',(4.707050807569E0,4.152851152517E0,4.E-1));
#3182=DIRECTION('',(8.660254037844E-1,-5.E-1,0.E0));
#3183=DIRECTION('',(0.E0,0.E0,-1.E0));
#3184=AXIS2_PLACEMENT_3D('',#3181,#3182,#3183);
#3185=PLANE('',#3184);
#3187=ORIENTED_EDGE('',*,*,#3186,.T.);
#3189=ORIENTED_EDGE('',*,*,#3188,.T.);
#3191=ORIENTED_EDGE('',*,*,#3190,.T.);
#3193=ORIENTED_EDGE('',*,*,#3192,.T.);
#3195=ORIENTED_EDGE('',*,*,#3194,.F.);
#3197=ORIENTED_EDGE('',*,*,#3196,.F.);
#3198=ORIENTED_EDGE('',*,*,#3157,.T.);
#3199=EDGE_LOOP('',(#3187,#3189,#3191,#3193,#3195,#3197,#3198));
#3200=FACE_OUTER_BOUND('',#3199,.F.);
#3201=ADVANCED_FACE('',(#3200),#3185,.T.);
#3202=CARTESIAN_POINT('',(3.1E0,5.369357503464E0,-1.2E0));
#3203=DIRECTION('',(5.E-1,8.660254037844E-1,0.E0));
#3204=DIRECTION('',(-8.660254037844E-1,5.E-1,0.E0));
#3205=AXIS2_PLACEMENT_3D('',#3202,#3203,#3204);
#3206=PLANE('',#3205);
#3208=ORIENTED_EDGE('',*,*,#3207,.T.);
#3210=ORIENTED_EDGE('',*,*,#3209,.T.);
#3212=ORIENTED_EDGE('',*,*,#3211,.T.);
#3214=ORIENTED_EDGE('',*,*,#3213,.T.);
#3215=ORIENTED_EDGE('',*,*,#3194,.T.);
#3217=ORIENTED_EDGE('',*,*,#3216,.T.);
#3219=ORIENTED_EDGE('',*,*,#3218,.T.);
#3221=ORIENTED_EDGE('',*,*,#3220,.T.);
#3223=ORIENTED_EDGE('',*,*,#3222,.T.);
#3225=ORIENTED_EDGE('',*,*,#3224,.T.);
#3226=ORIENTED_EDGE('',*,*,#3139,.T.);
#3228=ORIENTED_EDGE('',*,*,#3227,.T.);
#3230=ORIENTED_EDGE('',*,*,#3229,.T.);
#3232=ORIENTED_EDGE('',*,*,#3231,.T.);
#3233=EDGE_LOOP('',(#3208,#3210,#3212,#3214,#3215,#3217,#3219,#3221,#3223,#3225,
#3226,#3228,#3230,#3232));
#3234=FACE_OUTER_BOUND('',#3233,.F.);
#3235=ADVANCED_FACE('',(#3234),#3206,.T.);
#3236=CARTESIAN_POINT('',(3.077959127411E0,5.331181592297E0,-8.95E0));
#3237=DIRECTION('',(4.924038765061E-1,8.528685319524E-1,-1.736481776669E-1));
#3238=DIRECTION('',(-8.682408883347E-2,-1.503837331804E-1,-9.848077530122E-1));
#3239=AXIS2_PLACEMENT_3D('',#3236,#3237,#3238);
#3240=PLANE('',#3239);
#3242=ORIENTED_EDGE('',*,*,#3241,.F.);
#3244=ORIENTED_EDGE('',*,*,#3243,.T.);
#3246=ORIENTED_EDGE('',*,*,#3245,.F.);
#3247=ORIENTED_EDGE('',*,*,#3207,.F.);
#3248=EDGE_LOOP('',(#3242,#3244,#3246,#3247));
#3249=FACE_OUTER_BOUND('',#3248,.F.);
#3250=ADVANCED_FACE('',(#3249),#3240,.T.);
#3251=CARTESIAN_POINT('',(1.983400912667E0,5.725351152517E0,-8.945E0));
#3252=DIRECTION('',(-6.123724356958E-1,3.535533905933E-1,-7.071067811865E-1));
#3253=DIRECTION('',(-6.123724356958E-1,3.535533905933E-1,7.071067811866E-1));
#3254=AXIS2_PLACEMENT_3D('',#3251,#3252,#3253);
#3255=PLANE('',#3254);
#3256=ORIENTED_EDGE('',*,*,#3241,.T.);
#3257=ORIENTED_EDGE('',*,*,#3231,.F.);
#3259=ORIENTED_EDGE('',*,*,#3258,.F.);
#3261=ORIENTED_EDGE('',*,*,#3260,.F.);
#3263=ORIENTED_EDGE('',*,*,#3262,.T.);
#3265=ORIENTED_EDGE('',*,*,#3264,.T.);
#3266=EDGE_LOOP('',(#3256,#3257,#3259,#3261,#3263,#3265));
#3267=FACE_OUTER_BOUND('',#3266,.F.);
#3268=ADVANCED_FACE('',(#3267),#3255,.T.);
#3269=CARTESIAN_POINT('',(1.762564434702E0,5.852851152517E0,-4.945E0));
#3270=DIRECTION('',(-8.660254037844E-1,5.E-1,0.E0));
#3271=DIRECTION('',(0.E0,0.E0,1.E0));
#3272=AXIS2_PLACEMENT_3D('',#3269,#3270,#3271);
#3273=PLANE('',#3272);
#3275=ORIENTED_EDGE('',*,*,#3274,.T.);
#3277=ORIENTED_EDGE('',*,*,#3276,.T.);
#3278=ORIENTED_EDGE('',*,*,#3258,.T.);
#3279=ORIENTED_EDGE('',*,*,#3229,.F.);
#3281=ORIENTED_EDGE('',*,*,#3280,.F.);
#3282=ORIENTED_EDGE('',*,*,#3173,.T.);
#3284=ORIENTED_EDGE('',*,*,#3283,.T.);
#3285=EDGE_LOOP('',(#3275,#3277,#3278,#3279,#3281,#3282,#3284));
#3286=FACE_OUTER_BOUND('',#3285,.F.);
#3287=ADVANCED_FACE('',(#3286),#3273,.T.);
#3288=CARTESIAN_POINT('',(4.062435565298E0,4.236344801571E0,-7.1E0));
#3289=DIRECTION('',(3.535533905933E-1,6.123724356958E-1,-7.071067811866E-1));
#3290=DIRECTION('',(3.535533905933E-1,6.123724356958E-1,7.071067811865E-1));
#3291=AXIS2_PLACEMENT_3D('',#3288,#3289,#3290);
#3292=PLANE('',#3291);
#3294=ORIENTED_EDGE('',*,*,#3293,.T.);
#3295=ORIENTED_EDGE('',*,*,#3274,.F.);
#3297=ORIENTED_EDGE('',*,*,#3296,.T.);
#3299=ORIENTED_EDGE('',*,*,#3298,.F.);
#3300=EDGE_LOOP('',(#3294,#3295,#3297,#3299));
#3301=FACE_OUTER_BOUND('',#3300,.F.);
#3302=ADVANCED_FACE('',(#3301),#3292,.F.);
#3303=CARTESIAN_POINT('',(2.85E0,4.936344801571E0,-1.2E0));
#3304=DIRECTION('',(5.E-1,8.660254037844E-1,0.E0));
#3305=DIRECTION('',(-8.660254037844E-1,5.E-1,0.E0));
#3306=AXIS2_PLACEMENT_3D('',#3303,#3304,#3305);
#3307=PLANE('',#3306);
#3308=ORIENTED_EDGE('',*,*,#3293,.F.);
#3310=ORIENTED_EDGE('',*,*,#3309,.F.);
#3312=ORIENTED_EDGE('',*,*,#3311,.T.);
#3314=ORIENTED_EDGE('',*,*,#3313,.F.);
#3316=ORIENTED_EDGE('',*,*,#3315,.F.);
#3318=ORIENTED_EDGE('',*,*,#3317,.F.);
#3320=ORIENTED_EDGE('',*,*,#3319,.T.);
#3322=ORIENTED_EDGE('',*,*,#3321,.T.);
#3323=ORIENTED_EDGE('',*,*,#3260,.T.);
#3324=ORIENTED_EDGE('',*,*,#3276,.F.);
#3325=EDGE_LOOP('',(#3308,#3310,#3312,#3314,#3316,#3318,#3320,#3322,#3323,
#3324));
#3326=FACE_OUTER_BOUND('',#3325,.F.);
#3327=ADVANCED_FACE('',(#3326),#3307,.F.);
#3328=CARTESIAN_POINT('',(2.455384757729E0,5.452851152517E0,-7.E0));
#3329=DIRECTION('',(8.660254037844E-1,-5.E-1,0.E0));
#3330=DIRECTION('',(0.E0,0.E0,-1.E0));
#3331=AXIS2_PLACEMENT_3D('',#3328,#3329,#3330);
#3332=PLANE('',#3331);
#3333=ORIENTED_EDGE('',*,*,#3298,.T.);
#3335=ORIENTED_EDGE('',*,*,#3334,.T.);
#3336=ORIENTED_EDGE('',*,*,#3169,.T.);
#3338=ORIENTED_EDGE('',*,*,#3337,.F.);
#3340=ORIENTED_EDGE('',*,*,#3339,.T.);
#3342=ORIENTED_EDGE('',*,*,#3341,.F.);
#3343=ORIENTED_EDGE('',*,*,#3309,.T.);
#3344=EDGE_LOOP('',(#3333,#3335,#3336,#3338,#3340,#3342,#3343));
#3345=FACE_OUTER_BOUND('',#3344,.F.);
#3346=ADVANCED_FACE('',(#3345),#3332,.T.);
#3347=CARTESIAN_POINT('',(4.112435565298E0,4.322947341950E0,-7.E0));
#3348=DIRECTION('',(3.535533905933E-1,6.123724356958E-1,7.071067811865E-1));
#3349=DIRECTION('',(-3.535533905933E-1,-6.123724356958E-1,7.071067811866E-1));
#3350=AXIS2_PLACEMENT_3D('',#3347,#3348,#3349);
#3351=PLANE('',#3350);
#3352=ORIENTED_EDGE('',*,*,#3171,.F.);
#3353=ORIENTED_EDGE('',*,*,#3334,.F.);
#3354=ORIENTED_EDGE('',*,*,#3296,.F.);
#3355=ORIENTED_EDGE('',*,*,#3283,.F.);
#3356=EDGE_LOOP('',(#3352,#3353,#3354,#3355));
#3357=FACE_OUTER_BOUND('',#3356,.F.);
#3358=ADVANCED_FACE('',(#3357),#3351,.F.);
#3359=CARTESIAN_POINT('',(2.975E0,5.152851152517E0,-6.4E0));
#3360=DIRECTION('',(5.E-1,8.660254037844E-1,0.E0));
#3361=DIRECTION('',(-8.660254037844E-1,5.E-1,0.E0));
#3362=AXIS2_PLACEMENT_3D('',#3359,#3360,#3361);
#3363=CYLINDRICAL_SURFACE('',#3362,6.E-1);
#3365=ORIENTED_EDGE('',*,*,#3364,.T.);
#3366=ORIENTED_EDGE('',*,*,#3337,.T.);
#3367=ORIENTED_EDGE('',*,*,#3167,.F.);
#3369=ORIENTED_EDGE('',*,*,#3368,.T.);
#3370=EDGE_LOOP('',(#3365,#3366,#3367,#3369));
#3371=FACE_OUTER_BOUND('',#3370,.F.);
#3372=ADVANCED_FACE('',(#3371),#3363,.F.);
#3373=CARTESIAN_POINT('',(3.494615242271E0,4.852851152517E0,-7.E0));
#3374=DIRECTION('',(-8.660254037844E-1,5.E-1,0.E0));
#3375=DIRECTION('',(0.E0,0.E0,1.E0));
#3376=AXIS2_PLACEMENT_3D('',#3373,#3374,#3375);
#3377=PLANE('',#3376);
#3379=ORIENTED_EDGE('',*,*,#3378,.T.);
#3380=ORIENTED_EDGE('',*,*,#3313,.T.);
#3382=ORIENTED_EDGE('',*,*,#3381,.F.);
#3384=ORIENTED_EDGE('',*,*,#3383,.T.);
#3385=ORIENTED_EDGE('',*,*,#3368,.F.);
#3386=ORIENTED_EDGE('',*,*,#3165,.T.);
#3388=ORIENTED_EDGE('',*,*,#3387,.T.);
#3389=EDGE_LOOP('',(#3379,#3380,#3382,#3384,#3385,#3386,#3388));
#3390=FACE_OUTER_BOUND('',#3389,.F.);
#3391=ADVANCED_FACE('',(#3390),#3377,.T.);
#3392=CARTESIAN_POINT('',(4.062435565298E0,4.236344801571E0,-7.1E0));
#3393=DIRECTION('',(3.535533905933E-1,6.123724356958E-1,-7.071067811866E-1));
#3394=DIRECTION('',(3.535533905933E-1,6.123724356958E-1,7.071067811865E-1));
#3395=AXIS2_PLACEMENT_3D('',#3392,#3393,#3394);
#3396=PLANE('',#3395);
#3397=ORIENTED_EDGE('',*,*,#3315,.T.);
#3398=ORIENTED_EDGE('',*,*,#3378,.F.);
#3400=ORIENTED_EDGE('',*,*,#3399,.T.);
#3402=ORIENTED_EDGE('',*,*,#3401,.F.);
#3403=EDGE_LOOP('',(#3397,#3398,#3400,#3402));
#3404=FACE_OUTER_BOUND('',#3403,.F.);
#3405=ADVANCED_FACE('',(#3404),#3396,.F.);
#3406=CARTESIAN_POINT('',(4.112435565298E0,4.322947341950E0,-7.E0));
#3407=DIRECTION('',(3.535533905933E-1,6.123724356958E-1,7.071067811865E-1));
#3408=DIRECTION('',(-3.535533905933E-1,-6.123724356958E-1,7.071067811866E-1));
#3409=AXIS2_PLACEMENT_3D('',#3406,#3407,#3408);
#3410=PLANE('',#3409);
#3411=ORIENTED_EDGE('',*,*,#3163,.F.);
#3413=ORIENTED_EDGE('',*,*,#3412,.F.);
#3414=ORIENTED_EDGE('',*,*,#3399,.F.);
#3415=ORIENTED_EDGE('',*,*,#3387,.F.);
#3416=EDGE_LOOP('',(#3411,#3413,#3414,#3415));
#3417=FACE_OUTER_BOUND('',#3416,.F.);
#3418=ADVANCED_FACE('',(#3417),#3410,.F.);
#3419=CARTESIAN_POINT('',(4.187435565298E0,4.452851152517E0,-4.945E0));
#3420=DIRECTION('',(8.660254037844E-1,-5.E-1,0.E0));
#3421=DIRECTION('',(0.E0,0.E0,-1.E0));
#3422=AXIS2_PLACEMENT_3D('',#3419,#3420,#3421);
#3423=PLANE('',#3422);
#3424=ORIENTED_EDGE('',*,*,#3401,.T.);
#3425=ORIENTED_EDGE('',*,*,#3412,.T.);
#3426=ORIENTED_EDGE('',*,*,#3161,.T.);
#3428=ORIENTED_EDGE('',*,*,#3427,.T.);
#3429=ORIENTED_EDGE('',*,*,#3211,.F.);
#3431=ORIENTED_EDGE('',*,*,#3430,.F.);
#3432=ORIENTED_EDGE('',*,*,#3317,.T.);
#3433=EDGE_LOOP('',(#3424,#3425,#3426,#3428,#3429,#3431,#3432));
#3434=FACE_OUTER_BOUND('',#3433,.F.);
#3435=ADVANCED_FACE('',(#3434),#3423,.T.);
#3436=CARTESIAN_POINT('',(4.447243186434E0,4.302851152517E0,-1.2E0));
#3437=DIRECTION('',(0.E0,0.E0,-1.E0));
#3438=DIRECTION('',(-8.660254037844E-1,5.E-1,0.E0));
#3439=AXIS2_PLACEMENT_3D('',#3436,#3437,#3438);
#3440=PLANE('',#3439);
#3441=ORIENTED_EDGE('',*,*,#3213,.F.);
#3442=ORIENTED_EDGE('',*,*,#3427,.F.);
#3443=ORIENTED_EDGE('',*,*,#3159,.T.);
#3444=ORIENTED_EDGE('',*,*,#3196,.T.);
#3445=EDGE_LOOP('',(#3441,#3442,#3443,#3444));
#3446=FACE_OUTER_BOUND('',#3445,.F.);
#3447=ADVANCED_FACE('',(#3446),#3440,.T.);
#3448=CARTESIAN_POINT('',(3.966599087333E0,4.580351152517E0,-8.945E0));
#3449=DIRECTION('',(6.123724356958E-1,-3.535533905933E-1,-7.071067811865E-1));
#3450=DIRECTION('',(-6.123724356958E-1,3.535533905933E-1,-7.071067811866E-1));
#3451=AXIS2_PLACEMENT_3D('',#3448,#3449,#3450);
#3452=PLANE('',#3451);
#3453=ORIENTED_EDGE('',*,*,#3245,.T.);
#3455=ORIENTED_EDGE('',*,*,#3454,.F.);
#3457=ORIENTED_EDGE('',*,*,#3456,.T.);
#3458=ORIENTED_EDGE('',*,*,#3319,.F.);
#3459=ORIENTED_EDGE('',*,*,#3430,.T.);
#3460=ORIENTED_EDGE('',*,*,#3209,.F.);
#3461=EDGE_LOOP('',(#3453,#3455,#3457,#3458,#3459,#3460));
#3462=FACE_OUTER_BOUND('',#3461,.F.);
#3463=ADVANCED_FACE('',(#3462),#3452,.T.);
#3464=CARTESIAN_POINT('',(2.975E0,5.152851152517E0,-9.2E0));
#3465=DIRECTION('',(0.E0,0.E0,-1.E0));
#3466=DIRECTION('',(-8.660254037844E-1,5.E-1,0.E0));
#3467=AXIS2_PLACEMENT_3D('',#3464,#3465,#3466);
#3468=PLANE('',#3467);
#3469=ORIENTED_EDGE('',*,*,#3243,.F.);
#3470=ORIENTED_EDGE('',*,*,#3264,.F.);
#3472=ORIENTED_EDGE('',*,*,#3471,.F.);
#3473=ORIENTED_EDGE('',*,*,#3454,.T.);
#3474=EDGE_LOOP('',(#3469,#3470,#3472,#3473));
#3475=FACE_OUTER_BOUND('',#3474,.F.);
#3476=ADVANCED_FACE('',(#3475),#3468,.T.);
#3477=CARTESIAN_POINT('',(2.872040872589E0,4.974520712738E0,-8.95E0));
#3478=DIRECTION('',(-4.924038765061E-1,-8.528685319524E-1,-1.736481776669E-1));
#3479=DIRECTION('',(8.682408883347E-2,1.503837331804E-1,-9.848077530122E-1));
#3480=AXIS2_PLACEMENT_3D('',#3477,#3478,#3479);
#3481=PLANE('',#3480);
#3482=ORIENTED_EDGE('',*,*,#3456,.F.);
#3483=ORIENTED_EDGE('',*,*,#3471,.T.);
#3484=ORIENTED_EDGE('',*,*,#3262,.F.);
#3485=ORIENTED_EDGE('',*,*,#3321,.F.);
#3486=EDGE_LOOP('',(#3482,#3483,#3484,#3485));
#3487=FACE_OUTER_BOUND('',#3486,.F.);
#3488=ADVANCED_FACE('',(#3487),#3481,.T.);
#3489=CARTESIAN_POINT('',(2.975E0,5.152851152517E0,-7.6E0));
#3490=DIRECTION('',(5.E-1,8.660254037844E-1,0.E0));
#3491=DIRECTION('',(8.660254037844E-1,-5.E-1,0.E0));
#3492=AXIS2_PLACEMENT_3D('',#3489,#3490,#3491);
#3493=CYLINDRICAL_SURFACE('',#3492,6.E-1);
#3495=ORIENTED_EDGE('',*,*,#3494,.T.);
#3496=ORIENTED_EDGE('',*,*,#3381,.T.);
#3497=ORIENTED_EDGE('',*,*,#3311,.F.);
#3498=ORIENTED_EDGE('',*,*,#3341,.T.);
#3499=EDGE_LOOP('',(#3495,#3496,#3497,#3498));
#3500=FACE_OUTER_BOUND('',#3499,.F.);
#3501=ADVANCED_FACE('',(#3500),#3493,.F.);
#3502=CARTESIAN_POINT('',(1.502756813566E0,6.002851152517E0,-1.2E0));
#3503=DIRECTION('',(0.E0,0.E0,-1.E0));
#3504=DIRECTION('',(-8.660254037844E-1,5.E-1,0.E0));
#3505=AXIS2_PLACEMENT_3D('',#3502,#3503,#3504);
#3506=PLANE('',#3505);
#3507=ORIENTED_EDGE('',*,*,#3227,.F.);
#3508=ORIENTED_EDGE('',*,*,#3137,.F.);
#3509=ORIENTED_EDGE('',*,*,#3175,.T.);
#3510=ORIENTED_EDGE('',*,*,#3280,.T.);
#3511=EDGE_LOOP('',(#3507,#3508,#3509,#3510));
#3512=FACE_OUTER_BOUND('',#3511,.F.);
#3513=ADVANCED_FACE('',(#3512),#3506,.T.);
#3514=CARTESIAN_POINT('',(3.515544456623E0,-2.589101615138E0,2.E0));
#3515=DIRECTION('',(8.660254037844E-1,5.E-1,0.E0));
#3516=DIRECTION('',(0.E0,0.E0,-1.E0));
#3517=AXIS2_PLACEMENT_3D('',#3514,#3515,#3516);
#3518=PLANE('',#3517);
#3520=ORIENTED_EDGE('',*,*,#3519,.T.);
#3522=ORIENTED_EDGE('',*,*,#3521,.T.);
#3524=ORIENTED_EDGE('',*,*,#3523,.T.);
#3526=ORIENTED_EDGE('',*,*,#3525,.T.);
#3528=ORIENTED_EDGE('',*,*,#3527,.T.);
#3530=ORIENTED_EDGE('',*,*,#3529,.T.);
#3532=ORIENTED_EDGE('',*,*,#3531,.T.);
#3534=ORIENTED_EDGE('',*,*,#3533,.F.);
#3536=ORIENTED_EDGE('',*,*,#3535,.T.);
#3538=ORIENTED_EDGE('',*,*,#3537,.T.);
#3539=EDGE_LOOP('',(#3520,#3522,#3524,#3526,#3528,#3530,#3532,#3534,#3536,
#3538));
#3540=FACE_OUTER_BOUND('',#3539,.F.);
#3541=ADVANCED_FACE('',(#3540),#3518,.T.);
#3542=CARTESIAN_POINT('',(1.75E0,-3.031088913246E0,2.E0));
#3543=DIRECTION('',(-5.E-1,8.660254037844E-1,0.E0));
#3544=DIRECTION('',(-8.660254037844E-1,-5.E-1,0.E0));
#3545=AXIS2_PLACEMENT_3D('',#3542,#3543,#3544);
#3546=PLANE('',#3545);
#3548=ORIENTED_EDGE('',*,*,#3547,.T.);
#3550=ORIENTED_EDGE('',*,*,#3549,.T.);
#3552=ORIENTED_EDGE('',*,*,#3551,.T.);
#3554=ORIENTED_EDGE('',*,*,#3553,.T.);
#3556=ORIENTED_EDGE('',*,*,#3555,.T.);
#3558=ORIENTED_EDGE('',*,*,#3557,.T.);
#3560=ORIENTED_EDGE('',*,*,#3559,.T.);
#3561=ORIENTED_EDGE('',*,*,#3533,.T.);
#3562=EDGE_LOOP('',(#3548,#3550,#3552,#3554,#3556,#3558,#3560,#3561));
#3563=FACE_OUTER_BOUND('',#3562,.F.);
#3564=ADVANCED_FACE('',(#3563),#3546,.T.);
#3565=CARTESIAN_POINT('',(4.844555433772E-1,-4.339101615138E0,-7.E-1));
#3566=DIRECTION('',(-8.660254037844E-1,-5.E-1,0.E0));
#3567=DIRECTION('',(0.E0,0.E0,1.E0));
#3568=AXIS2_PLACEMENT_3D('',#3565,#3566,#3567);
#3569=PLANE('',#3568);
#3571=ORIENTED_EDGE('',*,*,#3570,.T.);
#3573=ORIENTED_EDGE('',*,*,#3572,.T.);
#3575=ORIENTED_EDGE('',*,*,#3574,.F.);
#3576=ORIENTED_EDGE('',*,*,#3549,.F.);
#3578=ORIENTED_EDGE('',*,*,#3577,.T.);
#3580=ORIENTED_EDGE('',*,*,#3579,.T.);
#3582=ORIENTED_EDGE('',*,*,#3581,.T.);
#3584=ORIENTED_EDGE('',*,*,#3583,.T.);
#3586=ORIENTED_EDGE('',*,*,#3585,.T.);
#3588=ORIENTED_EDGE('',*,*,#3587,.T.);
#3589=EDGE_LOOP('',(#3571,#3573,#3575,#3576,#3578,#3580,#3582,#3584,#3586,
#3588));
#3590=FACE_OUTER_BOUND('',#3589,.F.);
#3591=ADVANCED_FACE('',(#3590),#3569,.T.);
#3592=CARTESIAN_POINT('',(2.E0,-3.464101615138E0,2.E0));
#3593=DIRECTION('',(-5.E-1,8.660254037844E-1,0.E0));
#3594=DIRECTION('',(-8.660254037844E-1,-5.E-1,0.E0));
#3595=AXIS2_PLACEMENT_3D('',#3592,#3593,#3594);
#3596=PLANE('',#3595);
#3598=ORIENTED_EDGE('',*,*,#3597,.T.);
#3599=ORIENTED_EDGE('',*,*,#3537,.F.);
#3601=ORIENTED_EDGE('',*,*,#3600,.F.);
#3603=ORIENTED_EDGE('',*,*,#3602,.F.);
#3605=ORIENTED_EDGE('',*,*,#3604,.F.);
#3607=ORIENTED_EDGE('',*,*,#3606,.T.);
#3609=ORIENTED_EDGE('',*,*,#3608,.T.);
#3611=ORIENTED_EDGE('',*,*,#3610,.T.);
#3613=ORIENTED_EDGE('',*,*,#3612,.F.);
#3615=ORIENTED_EDGE('',*,*,#3614,.F.);
#3617=ORIENTED_EDGE('',*,*,#3616,.F.);
#3618=ORIENTED_EDGE('',*,*,#3572,.F.);
#3619=EDGE_LOOP('',(#3598,#3599,#3601,#3603,#3605,#3607,#3609,#3611,#3613,#3615,
#3617,#3618));
#3620=FACE_OUTER_BOUND('',#3619,.F.);
#3621=ADVANCED_FACE('',(#3620),#3596,.F.);
#3622=CARTESIAN_POINT('',(3.515544456623E0,-2.589101615138E0,-7.E-1));
#3623=DIRECTION('',(0.E0,0.E0,-1.E0));
#3624=DIRECTION('',(-8.660254037844E-1,-5.E-1,0.E0));
#3625=AXIS2_PLACEMENT_3D('',#3622,#3623,#3624);
#3626=PLANE('',#3625);
#3627=ORIENTED_EDGE('',*,*,#3600,.T.);
#3628=ORIENTED_EDGE('',*,*,#3535,.F.);
#3629=ORIENTED_EDGE('',*,*,#3559,.F.);
#3631=ORIENTED_EDGE('',*,*,#3630,.T.);
#3632=EDGE_LOOP('',(#3627,#3628,#3629,#3631));
#3633=FACE_OUTER_BOUND('',#3632,.F.);
#3634=ADVANCED_FACE('',(#3633),#3626,.T.);
#3635=CARTESIAN_POINT('',(3.212435565298E0,-2.764101615138E0,-7.E-1));
#3636=DIRECTION('',(8.660254037844E-1,5.E-1,0.E0));
#3637=DIRECTION('',(0.E0,0.E0,-1.E0));
#3638=AXIS2_PLACEMENT_3D('',#3635,#3636,#3637);
#3639=PLANE('',#3638);
#3641=ORIENTED_EDGE('',*,*,#3640,.T.);
#3642=ORIENTED_EDGE('',*,*,#3602,.T.);
#3643=ORIENTED_EDGE('',*,*,#3630,.F.);
#3644=ORIENTED_EDGE('',*,*,#3557,.F.);
#3646=ORIENTED_EDGE('',*,*,#3645,.T.);
#3648=ORIENTED_EDGE('',*,*,#3647,.T.);
#3650=ORIENTED_EDGE('',*,*,#3649,.T.);
#3651=EDGE_LOOP('',(#3641,#3642,#3643,#3644,#3646,#3648,#3650));
#3652=FACE_OUTER_BOUND('',#3651,.F.);
#3653=ADVANCED_FACE('',(#3652),#3639,.T.);
#3654=CARTESIAN_POINT('',(7.875644347018E-1,-4.164101615138E0,-6.35E0));
#3655=DIRECTION('',(-3.535533905933E-1,6.123724356958E-1,7.071067811866E-1));
#3656=DIRECTION('',(-3.535533905933E-1,6.123724356958E-1,-7.071067811865E-1));
#3657=AXIS2_PLACEMENT_3D('',#3654,#3655,#3656);
#3658=PLANE('',#3657);
#3659=ORIENTED_EDGE('',*,*,#3604,.T.);
#3660=ORIENTED_EDGE('',*,*,#3640,.F.);
#3662=ORIENTED_EDGE('',*,*,#3661,.T.);
#3664=ORIENTED_EDGE('',*,*,#3663,.F.);
#3665=EDGE_LOOP('',(#3659,#3660,#3662,#3664));
#3666=FACE_OUTER_BOUND('',#3665,.F.);
#3667=ADVANCED_FACE('',(#3666),#3658,.F.);
#3668=CARTESIAN_POINT('',(7.125644347018E-1,-4.034197804570E0,-6.5E0));
#3669=DIRECTION('',(-3.535533905933E-1,6.123724356958E-1,-7.071067811865E-1));
#3670=DIRECTION('',(3.535533905933E-1,-6.123724356958E-1,-7.071067811866E-1));
#3671=AXIS2_PLACEMENT_3D('',#3668,#3669,#3670);
#3672=PLANE('',#3671);
#3674=ORIENTED_EDGE('',*,*,#3673,.F.);
#3676=ORIENTED_EDGE('',*,*,#3675,.F.);
#3677=ORIENTED_EDGE('',*,*,#3661,.F.);
#3678=ORIENTED_EDGE('',*,*,#3649,.F.);
#3679=EDGE_LOOP('',(#3674,#3676,#3677,#3678));
#3680=FACE_OUTER_BOUND('',#3679,.F.);
#3681=ADVANCED_FACE('',(#3680),#3672,.F.);
#3682=CARTESIAN_POINT('',(2.E0,-3.464101615138E0,2.E0));
#3683=DIRECTION('',(-5.E-1,8.660254037844E-1,0.E0));
#3684=DIRECTION('',(-8.660254037844E-1,-5.E-1,0.E0));
#3685=AXIS2_PLACEMENT_3D('',#3682,#3683,#3684);
#3686=PLANE('',#3685);
#3687=ORIENTED_EDGE('',*,*,#3673,.T.);
#3688=ORIENTED_EDGE('',*,*,#3647,.F.);
#3690=ORIENTED_EDGE('',*,*,#3689,.F.);
#3692=ORIENTED_EDGE('',*,*,#3691,.F.);
#3694=ORIENTED_EDGE('',*,*,#3693,.T.);
#3696=ORIENTED_EDGE('',*,*,#3695,.T.);
#3698=ORIENTED_EDGE('',*,*,#3697,.T.);
#3700=ORIENTED_EDGE('',*,*,#3699,.T.);
#3701=EDGE_LOOP('',(#3687,#3688,#3690,#3692,#3694,#3696,#3698,#3700));
#3702=FACE_OUTER_BOUND('',#3701,.F.);
#3703=ADVANCED_FACE('',(#3702),#3686,.F.);
#3704=CARTESIAN_POINT('',(3.212435565298E0,-2.764101615138E0,-8.2E0));
#3705=DIRECTION('',(4.924038765061E-1,-8.528685319524E-1,-1.736481776669E-1));
#3706=DIRECTION('',(-8.660254037844E-1,-5.E-1,0.E0));
#3707=AXIS2_PLACEMENT_3D('',#3704,#3705,#3706);
#3708=PLANE('',#3707);
#3709=ORIENTED_EDGE('',*,*,#3689,.T.);
#3711=ORIENTED_EDGE('',*,*,#3710,.F.);
#3713=ORIENTED_EDGE('',*,*,#3712,.F.);
#3715=ORIENTED_EDGE('',*,*,#3714,.T.);
#3716=EDGE_LOOP('',(#3709,#3711,#3713,#3715));
#3717=FACE_OUTER_BOUND('',#3716,.F.);
#3718=ADVANCED_FACE('',(#3717),#3708,.T.);
#3719=CARTESIAN_POINT('',(2.779422863406E0,-3.014101615138E0,-8.7E0));
#3720=DIRECTION('',(6.123724356958E-1,3.535533905933E-1,-7.071067811865E-1));
#3721=DIRECTION('',(-5.E-1,8.660254037844E-1,0.E0));
#3722=AXIS2_PLACEMENT_3D('',#3719,#3720,#3721);
#3723=PLANE('',#3722);
#3725=ORIENTED_EDGE('',*,*,#3724,.T.);
#3726=ORIENTED_EDGE('',*,*,#3710,.T.);
#3727=ORIENTED_EDGE('',*,*,#3645,.F.);
#3729=ORIENTED_EDGE('',*,*,#3728,.F.);
#3730=EDGE_LOOP('',(#3725,#3726,#3727,#3729));
#3731=FACE_OUTER_BOUND('',#3730,.F.);
#3732=ADVANCED_FACE('',(#3731),#3723,.T.);
#3733=CARTESIAN_POINT('',(3.212435565298E0,-2.764101615138E0,-8.7E0));
#3734=DIRECTION('',(0.E0,0.E0,-1.E0));
#3735=DIRECTION('',(-8.660254037844E-1,-5.E-1,0.E0));
#3736=AXIS2_PLACEMENT_3D('',#3733,#3734,#3735);
#3737=PLANE('',#3736);
#3738=ORIENTED_EDGE('',*,*,#3712,.T.);
#3739=ORIENTED_EDGE('',*,*,#3724,.F.);
#3741=ORIENTED_EDGE('',*,*,#3740,.F.);
#3743=ORIENTED_EDGE('',*,*,#3742,.T.);
#3744=EDGE_LOOP('',(#3738,#3739,#3741,#3743));
#3745=FACE_OUTER_BOUND('',#3744,.F.);
#3746=ADVANCED_FACE('',(#3745),#3737,.T.);
#3747=CARTESIAN_POINT('',(2.962435565298E0,-2.331088913246E0,-8.2E0));
#3748=DIRECTION('',(4.924038765061E-1,-8.528685319524E-1,1.736481776669E-1));
#3749=DIRECTION('',(-8.660254037844E-1,-5.E-1,0.E0));
#3750=AXIS2_PLACEMENT_3D('',#3747,#3748,#3749);
#3751=PLANE('',#3750);
#3752=ORIENTED_EDGE('',*,*,#3555,.F.);
#3754=ORIENTED_EDGE('',*,*,#3753,.F.);
#3755=ORIENTED_EDGE('',*,*,#3740,.T.);
#3756=ORIENTED_EDGE('',*,*,#3728,.T.);
#3757=EDGE_LOOP('',(#3752,#3754,#3755,#3756));
#3758=FACE_OUTER_BOUND('',#3757,.F.);
#3759=ADVANCED_FACE('',(#3758),#3751,.F.);
#3760=CARTESIAN_POINT('',(7.875644347018E-1,-4.164101615138E0,-8.2E0));
#3761=DIRECTION('',(-6.123724356958E-1,-3.535533905933E-1,-7.071067811865E-1));
#3762=DIRECTION('',(-5.E-1,8.660254037844E-1,0.E0));
#3763=AXIS2_PLACEMENT_3D('',#3760,#3761,#3762);
#3764=PLANE('',#3763);
#3766=ORIENTED_EDGE('',*,*,#3765,.T.);
#3767=ORIENTED_EDGE('',*,*,#3714,.F.);
#3768=ORIENTED_EDGE('',*,*,#3742,.F.);
#3769=ORIENTED_EDGE('',*,*,#3753,.T.);
#3770=EDGE_LOOP('',(#3766,#3767,#3768,#3769));
#3771=FACE_OUTER_BOUND('',#3770,.F.);
#3772=ADVANCED_FACE('',(#3771),#3764,.T.);
#3773=CARTESIAN_POINT('',(7.875644347018E-1,-4.164101615138E0,-8.7E0));
#3774=DIRECTION('',(-8.660254037844E-1,-5.E-1,0.E0));
#3775=DIRECTION('',(0.E0,0.E0,1.E0));
#3776=AXIS2_PLACEMENT_3D('',#3773,#3774,#3775);
#3777=PLANE('',#3776);
#3779=ORIENTED_EDGE('',*,*,#3778,.T.);
#3781=ORIENTED_EDGE('',*,*,#3780,.T.);
#3782=ORIENTED_EDGE('',*,*,#3691,.T.);
#3783=ORIENTED_EDGE('',*,*,#3765,.F.);
#3784=ORIENTED_EDGE('',*,*,#3553,.F.);
#3786=ORIENTED_EDGE('',*,*,#3785,.T.);
#3787=ORIENTED_EDGE('',*,*,#3614,.T.);
#3788=EDGE_LOOP('',(#3779,#3781,#3782,#3783,#3784,#3786,#3787));
#3789=FACE_OUTER_BOUND('',#3788,.F.);
#3790=ADVANCED_FACE('',(#3789),#3777,.T.);
#3791=CARTESIAN_POINT('',(7.875644347018E-1,-4.164101615138E0,-6.35E0));
#3792=DIRECTION('',(-3.535533905933E-1,6.123724356958E-1,7.071067811866E-1));
#3793=DIRECTION('',(-3.535533905933E-1,6.123724356958E-1,-7.071067811865E-1));
#3794=AXIS2_PLACEMENT_3D('',#3791,#3792,#3793);
#3795=PLANE('',#3794);
#3796=ORIENTED_EDGE('',*,*,#3612,.T.);
#3798=ORIENTED_EDGE('',*,*,#3797,.F.);
#3800=ORIENTED_EDGE('',*,*,#3799,.T.);
#3801=ORIENTED_EDGE('',*,*,#3778,.F.);
#3802=EDGE_LOOP('',(#3796,#3798,#3800,#3801));
#3803=FACE_OUTER_BOUND('',#3802,.F.);
#3804=ADVANCED_FACE('',(#3803),#3795,.F.);
#3805=CARTESIAN_POINT('',(1.230384757729E0,-3.331088913246E0,-7.1E0));
#3806=DIRECTION('',(-8.660254037844E-1,-5.E-1,0.E0));
#3807=DIRECTION('',(0.E0,0.E0,1.E0));
#3808=AXIS2_PLACEMENT_3D('',#3805,#3806,#3807);
#3809=PLANE('',#3808);
#3810=ORIENTED_EDGE('',*,*,#3797,.T.);
#3811=ORIENTED_EDGE('',*,*,#3610,.F.);
#3813=ORIENTED_EDGE('',*,*,#3812,.F.);
#3815=ORIENTED_EDGE('',*,*,#3814,.T.);
#3817=ORIENTED_EDGE('',*,*,#3816,.F.);
#3818=ORIENTED_EDGE('',*,*,#3695,.F.);
#3820=ORIENTED_EDGE('',*,*,#3819,.T.);
#3821=EDGE_LOOP('',(#3810,#3811,#3813,#3815,#3817,#3818,#3820));
#3822=FACE_OUTER_BOUND('',#3821,.F.);
#3823=ADVANCED_FACE('',(#3822),#3809,.F.);
#3824=CARTESIAN_POINT('',(1.75E0,-3.031088913246E0,-5.9E0));
#3825=DIRECTION('',(-5.E-1,8.660254037844E-1,0.E0));
#3826=DIRECTION('',(-8.660254037844E-1,-5.E-1,0.E0));
#3827=AXIS2_PLACEMENT_3D('',#3824,#3825,#3826);
#3828=CYLINDRICAL_SURFACE('',#3827,6.E-1);
#3829=ORIENTED_EDGE('',*,*,#3608,.F.);
#3831=ORIENTED_EDGE('',*,*,#3830,.T.);
#3833=ORIENTED_EDGE('',*,*,#3832,.T.);
#3834=ORIENTED_EDGE('',*,*,#3812,.T.);
#3835=EDGE_LOOP('',(#3829,#3831,#3833,#3834));
#3836=FACE_OUTER_BOUND('',#3835,.F.);
#3837=ADVANCED_FACE('',(#3836),#3828,.F.);
#3838=CARTESIAN_POINT('',(2.269615242271E0,-2.731088913246E0,-5.9E0));
#3839=DIRECTION('',(8.660254037844E-1,5.E-1,0.E0));
#3840=DIRECTION('',(0.E0,0.E0,-1.E0));
#3841=AXIS2_PLACEMENT_3D('',#3838,#3839,#3840);
#3842=PLANE('',#3841);
#3843=ORIENTED_EDGE('',*,*,#3663,.T.);
#3844=ORIENTED_EDGE('',*,*,#3675,.T.);
#3845=ORIENTED_EDGE('',*,*,#3699,.F.);
#3847=ORIENTED_EDGE('',*,*,#3846,.F.);
#3849=ORIENTED_EDGE('',*,*,#3848,.T.);
#3850=ORIENTED_EDGE('',*,*,#3830,.F.);
#3851=ORIENTED_EDGE('',*,*,#3606,.F.);
#3852=EDGE_LOOP('',(#3843,#3844,#3845,#3847,#3849,#3850,#3851));
#3853=FACE_OUTER_BOUND('',#3852,.F.);
#3854=ADVANCED_FACE('',(#3853),#3842,.F.);
#3855=CARTESIAN_POINT('',(1.75E0,-3.031088913246E0,-7.1E0));
#3856=DIRECTION('',(-5.E-1,8.660254037844E-1,0.E0));
#3857=DIRECTION('',(-8.660254037844E-1,-5.E-1,0.E0));
#3858=AXIS2_PLACEMENT_3D('',#3855,#3856,#3857);
#3859=CYLINDRICAL_SURFACE('',#3858,6.E-1);
#3860=ORIENTED_EDGE('',*,*,#3697,.F.);
#3861=ORIENTED_EDGE('',*,*,#3816,.T.);
#3863=ORIENTED_EDGE('',*,*,#3862,.T.);
#3864=ORIENTED_EDGE('',*,*,#3846,.T.);
#3865=EDGE_LOOP('',(#3860,#3861,#3863,#3864));
#3866=FACE_OUTER_BOUND('',#3865,.F.);
#3867=ADVANCED_FACE('',(#3866),#3859,.F.);
#3868=CARTESIAN_POINT('',(7.125644347018E-1,-4.034197804570E0,-6.5E0));
#3869=DIRECTION('',(-3.535533905933E-1,6.123724356958E-1,-7.071067811865E-1));
#3870=DIRECTION('',(3.535533905933E-1,-6.123724356958E-1,-7.071067811866E-1));
#3871=AXIS2_PLACEMENT_3D('',#3868,#3869,#3870);
#3872=PLANE('',#3871);
#3873=ORIENTED_EDGE('',*,*,#3693,.F.);
#3874=ORIENTED_EDGE('',*,*,#3780,.F.);
#3875=ORIENTED_EDGE('',*,*,#3799,.F.);
#3876=ORIENTED_EDGE('',*,*,#3819,.F.);
#3877=EDGE_LOOP('',(#3873,#3874,#3875,#3876));
#3878=FACE_OUTER_BOUND('',#3877,.F.);
#3879=ADVANCED_FACE('',(#3878),#3872,.F.);
#3880=CARTESIAN_POINT('',(7.875644347018E-1,-4.164101615138E0,-7.E-1));
#3881=DIRECTION('',(0.E0,0.E0,-1.E0));
#3882=DIRECTION('',(-8.660254037844E-1,-5.E-1,0.E0));
#3883=AXIS2_PLACEMENT_3D('',#3880,#3881,#3882);
#3884=PLANE('',#3883);
#3885=ORIENTED_EDGE('',*,*,#3616,.T.);
#3886=ORIENTED_EDGE('',*,*,#3785,.F.);
#3887=ORIENTED_EDGE('',*,*,#3551,.F.);
#3888=ORIENTED_EDGE('',*,*,#3574,.T.);
#3889=EDGE_LOOP('',(#3885,#3886,#3887,#3888));
#3890=FACE_OUTER_BOUND('',#3889,.F.);
#3891=ADVANCED_FACE('',(#3890),#3884,.T.);
#3892=CARTESIAN_POINT('',(-3.515544456623E0,2.589101615138E0,2.E0));
#3893=DIRECTION('',(-8.660254037844E-1,-5.E-1,0.E0));
#3894=DIRECTION('',(0.E0,0.E0,-1.E0));
#3895=AXIS2_PLACEMENT_3D('',#3892,#3893,#3894);
#3896=PLANE('',#3895);
#3898=ORIENTED_EDGE('',*,*,#3897,.T.);
#3900=ORIENTED_EDGE('',*,*,#3899,.T.);
#3902=ORIENTED_EDGE('',*,*,#3901,.T.);
#3904=ORIENTED_EDGE('',*,*,#3903,.T.);
#3906=ORIENTED_EDGE('',*,*,#3905,.T.);
#3908=ORIENTED_EDGE('',*,*,#3907,.T.);
#3910=ORIENTED_EDGE('',*,*,#3909,.T.);
#3912=ORIENTED_EDGE('',*,*,#3911,.F.);
#3914=ORIENTED_EDGE('',*,*,#3913,.T.);
#3916=ORIENTED_EDGE('',*,*,#3915,.T.);
#3917=EDGE_LOOP('',(#3898,#3900,#3902,#3904,#3906,#3908,#3910,#3912,#3914,
#3916));
#3918=FACE_OUTER_BOUND('',#3917,.F.);
#3919=ADVANCED_FACE('',(#3918),#3896,.T.);
#3920=CARTESIAN_POINT('',(-1.75E0,3.031088913246E0,2.E0));
#3921=DIRECTION('',(5.E-1,-8.660254037844E-1,0.E0));
#3922=DIRECTION('',(8.660254037844E-1,5.E-1,0.E0));
#3923=AXIS2_PLACEMENT_3D('',#3920,#3921,#3922);
#3924=PLANE('',#3923);
#3926=ORIENTED_EDGE('',*,*,#3925,.T.);
#3928=ORIENTED_EDGE('',*,*,#3927,.T.);
#3930=ORIENTED_EDGE('',*,*,#3929,.T.);
#3932=ORIENTED_EDGE('',*,*,#3931,.T.);
#3934=ORIENTED_EDGE('',*,*,#3933,.T.);
#3936=ORIENTED_EDGE('',*,*,#3935,.T.);
#3938=ORIENTED_EDGE('',*,*,#3937,.T.);
#3939=ORIENTED_EDGE('',*,*,#3911,.T.);
#3940=EDGE_LOOP('',(#3926,#3928,#3930,#3932,#3934,#3936,#3938,#3939));
#3941=FACE_OUTER_BOUND('',#3940,.F.);
#3942=ADVANCED_FACE('',(#3941),#3924,.T.);
#3943=CARTESIAN_POINT('',(-4.844555433772E-1,4.339101615138E0,-7.E-1));
#3944=DIRECTION('',(8.660254037844E-1,5.E-1,0.E0));
#3945=DIRECTION('',(0.E0,0.E0,1.E0));
#3946=AXIS2_PLACEMENT_3D('',#3943,#3944,#3945);
#3947=PLANE('',#3946);
#3949=ORIENTED_EDGE('',*,*,#3948,.T.);
#3951=ORIENTED_EDGE('',*,*,#3950,.T.);
#3953=ORIENTED_EDGE('',*,*,#3952,.F.);
#3954=ORIENTED_EDGE('',*,*,#3927,.F.);
#3956=ORIENTED_EDGE('',*,*,#3955,.T.);
#3958=ORIENTED_EDGE('',*,*,#3957,.T.);
#3960=ORIENTED_EDGE('',*,*,#3959,.T.);
#3962=ORIENTED_EDGE('',*,*,#3961,.T.);
#3964=ORIENTED_EDGE('',*,*,#3963,.T.);
#3966=ORIENTED_EDGE('',*,*,#3965,.T.);
#3967=EDGE_LOOP('',(#3949,#3951,#3953,#3954,#3956,#3958,#3960,#3962,#3964,
#3966));
#3968=FACE_OUTER_BOUND('',#3967,.F.);
#3969=ADVANCED_FACE('',(#3968),#3947,.T.);
#3970=CARTESIAN_POINT('',(-2.E0,3.464101615138E0,2.E0));
#3971=DIRECTION('',(5.E-1,-8.660254037844E-1,0.E0));
#3972=DIRECTION('',(8.660254037844E-1,5.E-1,0.E0));
#3973=AXIS2_PLACEMENT_3D('',#3970,#3971,#3972);
#3974=PLANE('',#3973);
#3976=ORIENTED_EDGE('',*,*,#3975,.T.);
#3977=ORIENTED_EDGE('',*,*,#3915,.F.);
#3979=ORIENTED_EDGE('',*,*,#3978,.F.);
#3981=ORIENTED_EDGE('',*,*,#3980,.F.);
#3983=ORIENTED_EDGE('',*,*,#3982,.F.);
#3985=ORIENTED_EDGE('',*,*,#3984,.T.);
#3987=ORIENTED_EDGE('',*,*,#3986,.T.);
#3989=ORIENTED_EDGE('',*,*,#3988,.T.);
#3991=ORIENTED_EDGE('',*,*,#3990,.F.);
#3993=ORIENTED_EDGE('',*,*,#3992,.F.);
#3995=ORIENTED_EDGE('',*,*,#3994,.F.);
#3996=ORIENTED_EDGE('',*,*,#3950,.F.);
#3997=EDGE_LOOP('',(#3976,#3977,#3979,#3981,#3983,#3985,#3987,#3989,#3991,#3993,
#3995,#3996));
#3998=FACE_OUTER_BOUND('',#3997,.F.);
#3999=ADVANCED_FACE('',(#3998),#3974,.F.);
#4000=CARTESIAN_POINT('',(-3.515544456623E0,2.589101615138E0,-7.E-1));
#4001=DIRECTION('',(0.E0,0.E0,-1.E0));
#4002=DIRECTION('',(8.660254037844E-1,5.E-1,0.E0));
#4003=AXIS2_PLACEMENT_3D('',#4000,#4001,#4002);
#4004=PLANE('',#4003);
#4005=ORIENTED_EDGE('',*,*,#3978,.T.);
#4006=ORIENTED_EDGE('',*,*,#3913,.F.);
#4007=ORIENTED_EDGE('',*,*,#3937,.F.);
#4009=ORIENTED_EDGE('',*,*,#4008,.T.);
#4010=EDGE_LOOP('',(#4005,#4006,#4007,#4009));
#4011=FACE_OUTER_BOUND('',#4010,.F.);
#4012=ADVANCED_FACE('',(#4011),#4004,.T.);
#4013=CARTESIAN_POINT('',(-3.212435565298E0,2.764101615138E0,-7.E-1));
#4014=DIRECTION('',(-8.660254037844E-1,-5.E-1,0.E0));
#4015=DIRECTION('',(0.E0,0.E0,-1.E0));
#4016=AXIS2_PLACEMENT_3D('',#4013,#4014,#4015);
#4017=PLANE('',#4016);
#4019=ORIENTED_EDGE('',*,*,#4018,.T.);
#4020=ORIENTED_EDGE('',*,*,#3980,.T.);
#4021=ORIENTED_EDGE('',*,*,#4008,.F.);
#4022=ORIENTED_EDGE('',*,*,#3935,.F.);
#4024=ORIENTED_EDGE('',*,*,#4023,.T.);
#4026=ORIENTED_EDGE('',*,*,#4025,.T.);
#4028=ORIENTED_EDGE('',*,*,#4027,.T.);
#4029=EDGE_LOOP('',(#4019,#4020,#4021,#4022,#4024,#4026,#4028));
#4030=FACE_OUTER_BOUND('',#4029,.F.);
#4031=ADVANCED_FACE('',(#4030),#4017,.T.);
#4032=CARTESIAN_POINT('',(-7.875644347018E-1,4.164101615138E0,-6.35E0));
#4033=DIRECTION('',(3.535533905933E-1,-6.123724356958E-1,7.071067811866E-1));
#4034=DIRECTION('',(3.535533905933E-1,-6.123724356958E-1,-7.071067811865E-1));
#4035=AXIS2_PLACEMENT_3D('',#4032,#4033,#4034);
#4036=PLANE('',#4035);
#4037=ORIENTED_EDGE('',*,*,#3982,.T.);
#4038=ORIENTED_EDGE('',*,*,#4018,.F.);
#4040=ORIENTED_EDGE('',*,*,#4039,.T.);
#4042=ORIENTED_EDGE('',*,*,#4041,.F.);
#4043=EDGE_LOOP('',(#4037,#4038,#4040,#4042));
#4044=FACE_OUTER_BOUND('',#4043,.F.);
#4045=ADVANCED_FACE('',(#4044),#4036,.F.);
#4046=CARTESIAN_POINT('',(-7.125644347018E-1,4.034197804570E0,-6.5E0));
#4047=DIRECTION('',(3.535533905933E-1,-6.123724356958E-1,-7.071067811865E-1));
#4048=DIRECTION('',(-3.535533905933E-1,6.123724356958E-1,-7.071067811866E-1));
#4049=AXIS2_PLACEMENT_3D('',#4046,#4047,#4048);
#4050=PLANE('',#4049);
#4052=ORIENTED_EDGE('',*,*,#4051,.F.);
#4054=ORIENTED_EDGE('',*,*,#4053,.F.);
#4055=ORIENTED_EDGE('',*,*,#4039,.F.);
#4056=ORIENTED_EDGE('',*,*,#4027,.F.);
#4057=EDGE_LOOP('',(#4052,#4054,#4055,#4056));
#4058=FACE_OUTER_BOUND('',#4057,.F.);
#4059=ADVANCED_FACE('',(#4058),#4050,.F.);
#4060=CARTESIAN_POINT('',(-2.E0,3.464101615138E0,2.E0));
#4061=DIRECTION('',(5.E-1,-8.660254037844E-1,0.E0));
#4062=DIRECTION('',(8.660254037844E-1,5.E-1,0.E0));
#4063=AXIS2_PLACEMENT_3D('',#4060,#4061,#4062);
#4064=PLANE('',#4063);
#4065=ORIENTED_EDGE('',*,*,#4051,.T.);
#4066=ORIENTED_EDGE('',*,*,#4025,.F.);
#4068=ORIENTED_EDGE('',*,*,#4067,.F.);
#4070=ORIENTED_EDGE('',*,*,#4069,.F.);
#4072=ORIENTED_EDGE('',*,*,#4071,.T.);
#4074=ORIENTED_EDGE('',*,*,#4073,.T.);
#4076=ORIENTED_EDGE('',*,*,#4075,.T.);
#4078=ORIENTED_EDGE('',*,*,#4077,.T.);
#4079=EDGE_LOOP('',(#4065,#4066,#4068,#4070,#4072,#4074,#4076,#4078));
#4080=FACE_OUTER_BOUND('',#4079,.F.);
#4081=ADVANCED_FACE('',(#4080),#4064,.F.);
#4082=CARTESIAN_POINT('',(-3.212435565298E0,2.764101615138E0,-8.2E0));
#4083=DIRECTION('',(-4.924038765061E-1,8.528685319524E-1,-1.736481776669E-1));
#4084=DIRECTION('',(8.660254037844E-1,5.E-1,0.E0));
#4085=AXIS2_PLACEMENT_3D('',#4082,#4083,#4084);
#4086=PLANE('',#4085);
#4087=ORIENTED_EDGE('',*,*,#4067,.T.);
#4089=ORIENTED_EDGE('',*,*,#4088,.F.);
#4091=ORIENTED_EDGE('',*,*,#4090,.F.);
#4093=ORIENTED_EDGE('',*,*,#4092,.T.);
#4094=EDGE_LOOP('',(#4087,#4089,#4091,#4093));
#4095=FACE_OUTER_BOUND('',#4094,.F.);
#4096=ADVANCED_FACE('',(#4095),#4086,.T.);
#4097=CARTESIAN_POINT('',(-2.779422863406E0,3.014101615138E0,-8.7E0));
#4098=DIRECTION('',(-6.123724356958E-1,-3.535533905933E-1,-7.071067811865E-1));
#4099=DIRECTION('',(5.E-1,-8.660254037844E-1,0.E0));
#4100=AXIS2_PLACEMENT_3D('',#4097,#4098,#4099);
#4101=PLANE('',#4100);
#4103=ORIENTED_EDGE('',*,*,#4102,.T.);
#4104=ORIENTED_EDGE('',*,*,#4088,.T.);
#4105=ORIENTED_EDGE('',*,*,#4023,.F.);
#4107=ORIENTED_EDGE('',*,*,#4106,.F.);
#4108=EDGE_LOOP('',(#4103,#4104,#4105,#4107));
#4109=FACE_OUTER_BOUND('',#4108,.F.);
#4110=ADVANCED_FACE('',(#4109),#4101,.T.);
#4111=CARTESIAN_POINT('',(-3.212435565298E0,2.764101615138E0,-8.7E0));
#4112=DIRECTION('',(0.E0,0.E0,-1.E0));
#4113=DIRECTION('',(8.660254037844E-1,5.E-1,0.E0));
#4114=AXIS2_PLACEMENT_3D('',#4111,#4112,#4113);
#4115=PLANE('',#4114);
#4116=ORIENTED_EDGE('',*,*,#4090,.T.);
#4117=ORIENTED_EDGE('',*,*,#4102,.F.);
#4119=ORIENTED_EDGE('',*,*,#4118,.F.);
#4121=ORIENTED_EDGE('',*,*,#4120,.T.);
#4122=EDGE_LOOP('',(#4116,#4117,#4119,#4121));
#4123=FACE_OUTER_BOUND('',#4122,.F.);
#4124=ADVANCED_FACE('',(#4123),#4115,.T.);
#4125=CARTESIAN_POINT('',(-2.962435565298E0,2.331088913246E0,-8.2E0));
#4126=DIRECTION('',(-4.924038765061E-1,8.528685319524E-1,1.736481776669E-1));
#4127=DIRECTION('',(8.660254037844E-1,5.E-1,0.E0));
#4128=AXIS2_PLACEMENT_3D('',#4125,#4126,#4127);
#4129=PLANE('',#4128);
#4130=ORIENTED_EDGE('',*,*,#3933,.F.);
#4132=ORIENTED_EDGE('',*,*,#4131,.F.);
#4133=ORIENTED_EDGE('',*,*,#4118,.T.);
#4134=ORIENTED_EDGE('',*,*,#4106,.T.);
#4135=EDGE_LOOP('',(#4130,#4132,#4133,#4134));
#4136=FACE_OUTER_BOUND('',#4135,.F.);
#4137=ADVANCED_FACE('',(#4136),#4129,.F.);
#4138=CARTESIAN_POINT('',(-7.875644347018E-1,4.164101615138E0,-8.2E0));
#4139=DIRECTION('',(6.123724356958E-1,3.535533905933E-1,-7.071067811865E-1));
#4140=DIRECTION('',(5.E-1,-8.660254037844E-1,0.E0));
#4141=AXIS2_PLACEMENT_3D('',#4138,#4139,#4140);
#4142=PLANE('',#4141);
#4144=ORIENTED_EDGE('',*,*,#4143,.T.);
#4145=ORIENTED_EDGE('',*,*,#4092,.F.);
#4146=ORIENTED_EDGE('',*,*,#4120,.F.);
#4147=ORIENTED_EDGE('',*,*,#4131,.T.);
#4148=EDGE_LOOP('',(#4144,#4145,#4146,#4147));
#4149=FACE_OUTER_BOUND('',#4148,.F.);
#4150=ADVANCED_FACE('',(#4149),#4142,.T.);
#4151=CARTESIAN_POINT('',(-7.875644347018E-1,4.164101615138E0,-8.7E0));
#4152=DIRECTION('',(8.660254037844E-1,5.E-1,0.E0));
#4153=DIRECTION('',(0.E0,0.E0,1.E0));
#4154=AXIS2_PLACEMENT_3D('',#4151,#4152,#4153);
#4155=PLANE('',#4154);
#4157=ORIENTED_EDGE('',*,*,#4156,.T.);
#4159=ORIENTED_EDGE('',*,*,#4158,.T.);
#4160=ORIENTED_EDGE('',*,*,#4069,.T.);
#4161=ORIENTED_EDGE('',*,*,#4143,.F.);
#4162=ORIENTED_EDGE('',*,*,#3931,.F.);
#4164=ORIENTED_EDGE('',*,*,#4163,.T.);
#4165=ORIENTED_EDGE('',*,*,#3992,.T.);
#4166=EDGE_LOOP('',(#4157,#4159,#4160,#4161,#4162,#4164,#4165));
#4167=FACE_OUTER_BOUND('',#4166,.F.);
#4168=ADVANCED_FACE('',(#4167),#4155,.T.);
#4169=CARTESIAN_POINT('',(-7.875644347018E-1,4.164101615138E0,-6.35E0));
#4170=DIRECTION('',(3.535533905933E-1,-6.123724356958E-1,7.071067811866E-1));
#4171=DIRECTION('',(3.535533905933E-1,-6.123724356958E-1,-7.071067811865E-1));
#4172=AXIS2_PLACEMENT_3D('',#4169,#4170,#4171);
#4173=PLANE('',#4172);
#4174=ORIENTED_EDGE('',*,*,#3990,.T.);
#4176=ORIENTED_EDGE('',*,*,#4175,.F.);
#4178=ORIENTED_EDGE('',*,*,#4177,.T.);
#4179=ORIENTED_EDGE('',*,*,#4156,.F.);
#4180=EDGE_LOOP('',(#4174,#4176,#4178,#4179));
#4181=FACE_OUTER_BOUND('',#4180,.F.);
#4182=ADVANCED_FACE('',(#4181),#4173,.F.);
#4183=CARTESIAN_POINT('',(-1.230384757729E0,3.331088913246E0,-7.1E0));
#4184=DIRECTION('',(8.660254037844E-1,5.E-1,0.E0));
#4185=DIRECTION('',(0.E0,0.E0,1.E0));
#4186=AXIS2_PLACEMENT_3D('',#4183,#4184,#4185);
#4187=PLANE('',#4186);
#4188=ORIENTED_EDGE('',*,*,#4175,.T.);
#4189=ORIENTED_EDGE('',*,*,#3988,.F.);
#4191=ORIENTED_EDGE('',*,*,#4190,.F.);
#4193=ORIENTED_EDGE('',*,*,#4192,.T.);
#4195=ORIENTED_EDGE('',*,*,#4194,.F.);
#4196=ORIENTED_EDGE('',*,*,#4073,.F.);
#4198=ORIENTED_EDGE('',*,*,#4197,.T.);
#4199=EDGE_LOOP('',(#4188,#4189,#4191,#4193,#4195,#4196,#4198));
#4200=FACE_OUTER_BOUND('',#4199,.F.);
#4201=ADVANCED_FACE('',(#4200),#4187,.F.);
#4202=CARTESIAN_POINT('',(-1.75E0,3.031088913246E0,-5.9E0));
#4203=DIRECTION('',(5.E-1,-8.660254037844E-1,0.E0));
#4204=DIRECTION('',(8.660254037844E-1,5.E-1,0.E0));
#4205=AXIS2_PLACEMENT_3D('',#4202,#4203,#4204);
#4206=CYLINDRICAL_SURFACE('',#4205,6.E-1);
#4207=ORIENTED_EDGE('',*,*,#3986,.F.);
#4209=ORIENTED_EDGE('',*,*,#4208,.T.);
#4211=ORIENTED_EDGE('',*,*,#4210,.T.);
#4212=ORIENTED_EDGE('',*,*,#4190,.T.);
#4213=EDGE_LOOP('',(#4207,#4209,#4211,#4212));
#4214=FACE_OUTER_BOUND('',#4213,.F.);
#4215=ADVANCED_FACE('',(#4214),#4206,.F.);
#4216=CARTESIAN_POINT('',(-2.269615242271E0,2.731088913246E0,-5.9E0));
#4217=DIRECTION('',(-8.660254037844E-1,-5.E-1,0.E0));
#4218=DIRECTION('',(0.E0,0.E0,-1.E0));
#4219=AXIS2_PLACEMENT_3D('',#4216,#4217,#4218);
#4220=PLANE('',#4219);
#4221=ORIENTED_EDGE('',*,*,#4041,.T.);
#4222=ORIENTED_EDGE('',*,*,#4053,.T.);
#4223=ORIENTED_EDGE('',*,*,#4077,.F.);
#4225=ORIENTED_EDGE('',*,*,#4224,.F.);
#4227=ORIENTED_EDGE('',*,*,#4226,.T.);
#4228=ORIENTED_EDGE('',*,*,#4208,.F.);
#4229=ORIENTED_EDGE('',*,*,#3984,.F.);
#4230=EDGE_LOOP('',(#4221,#4222,#4223,#4225,#4227,#4228,#4229));
#4231=FACE_OUTER_BOUND('',#4230,.F.);
#4232=ADVANCED_FACE('',(#4231),#4220,.F.);
#4233=CARTESIAN_POINT('',(-1.75E0,3.031088913246E0,-7.1E0));
#4234=DIRECTION('',(5.E-1,-8.660254037844E-1,0.E0));
#4235=DIRECTION('',(8.660254037844E-1,5.E-1,0.E0));
#4236=AXIS2_PLACEMENT_3D('',#4233,#4234,#4235);
#4237=CYLINDRICAL_SURFACE('',#4236,6.E-1);
#4238=ORIENTED_EDGE('',*,*,#4075,.F.);
#4239=ORIENTED_EDGE('',*,*,#4194,.T.);
#4241=ORIENTED_EDGE('',*,*,#4240,.T.);
#4242=ORIENTED_EDGE('',*,*,#4224,.T.);
#4243=EDGE_LOOP('',(#4238,#4239,#4241,#4242));
#4244=FACE_OUTER_BOUND('',#4243,.F.);
#4245=ADVANCED_FACE('',(#4244),#4237,.F.);
#4246=CARTESIAN_POINT('',(-7.125644347018E-1,4.034197804570E0,-6.5E0));
#4247=DIRECTION('',(3.535533905933E-1,-6.123724356958E-1,-7.071067811865E-1));
#4248=DIRECTION('',(-3.535533905933E-1,6.123724356958E-1,-7.071067811866E-1));
#4249=AXIS2_PLACEMENT_3D('',#4246,#4247,#4248);
#4250=PLANE('',#4249);
#4251=ORIENTED_EDGE('',*,*,#4071,.F.);
#4252=ORIENTED_EDGE('',*,*,#4158,.F.);
#4253=ORIENTED_EDGE('',*,*,#4177,.F.);
#4254=ORIENTED_EDGE('',*,*,#4197,.F.);
#4255=EDGE_LOOP('',(#4251,#4252,#4253,#4254));
#4256=FACE_OUTER_BOUND('',#4255,.F.);
#4257=ADVANCED_FACE('',(#4256),#4250,.F.);
#4258=CARTESIAN_POINT('',(-7.875644347018E-1,4.164101615138E0,-7.E-1));
#4259=DIRECTION('',(0.E0,0.E0,-1.E0));
#4260=DIRECTION('',(8.660254037844E-1,5.E-1,0.E0));
#4261=AXIS2_PLACEMENT_3D('',#4258,#4259,#4260);
#4262=PLANE('',#4261);
#4263=ORIENTED_EDGE('',*,*,#3994,.T.);
#4264=ORIENTED_EDGE('',*,*,#4163,.F.);
#4265=ORIENTED_EDGE('',*,*,#3929,.F.);
#4266=ORIENTED_EDGE('',*,*,#3952,.T.);
#4267=EDGE_LOOP('',(#4263,#4264,#4265,#4266));
#4268=FACE_OUTER_BOUND('',#4267,.F.);
#4269=ADVANCED_FACE('',(#4268),#4262,.T.);
#4270=CARTESIAN_POINT('',(-4.447243186434E0,-4.302851152517E0,-1.2E0));
#4271=DIRECTION('',(0.E0,0.E0,-1.E0));
#4272=DIRECTION('',(8.660254037844E-1,-5.E-1,0.E0));
#4273=AXIS2_PLACEMENT_3D('',#4270,#4271,#4272);
#4274=PLANE('',#4273);
#4275=ORIENTED_EDGE('',*,*,#2930,.F.);
#4277=ORIENTED_EDGE('',*,*,#4276,.F.);
#4278=ORIENTED_EDGE('',*,*,#3089,.T.);
#4279=ORIENTED_EDGE('',*,*,#3122,.T.);
#4280=EDGE_LOOP('',(#4275,#4277,#4278,#4279));
#4281=FACE_OUTER_BOUND('',#4280,.F.);
#4282=ADVANCED_FACE('',(#4281),#4274,.T.);
#4283=CARTESIAN_POINT('',(-4.187435565298E0,-4.452851152517E0,-4.945E0));
#4284=DIRECTION('',(-8.660254037844E-1,5.E-1,0.E0));
#4285=DIRECTION('',(0.E0,0.E0,-1.E0));
#4286=AXIS2_PLACEMENT_3D('',#4283,#4284,#4285);
#4287=PLANE('',#4286);
#4289=ORIENTED_EDGE('',*,*,#4288,.T.);
#4291=ORIENTED_EDGE('',*,*,#4290,.T.);
#4292=ORIENTED_EDGE('',*,*,#3091,.T.);
#4293=ORIENTED_EDGE('',*,*,#4276,.T.);
#4294=ORIENTED_EDGE('',*,*,#2928,.F.);
#4296=ORIENTED_EDGE('',*,*,#4295,.F.);
#4297=ORIENTED_EDGE('',*,*,#3036,.T.);
#4298=EDGE_LOOP('',(#4289,#4291,#4292,#4293,#4294,#4296,#4297));
#4299=FACE_OUTER_BOUND('',#4298,.F.);
#4300=ADVANCED_FACE('',(#4299),#4287,.T.);
#4301=CARTESIAN_POINT('',(-4.062435565298E0,-4.236344801571E0,-7.1E0));
#4302=DIRECTION('',(-3.535533905933E-1,-6.123724356958E-1,-7.071067811866E-1));
#4303=DIRECTION('',(-3.535533905933E-1,-6.123724356958E-1,7.071067811865E-1));
#4304=AXIS2_PLACEMENT_3D('',#4301,#4302,#4303);
#4305=PLANE('',#4304);
#4306=ORIENTED_EDGE('',*,*,#3034,.T.);
#4308=ORIENTED_EDGE('',*,*,#4307,.F.);
#4310=ORIENTED_EDGE('',*,*,#4309,.T.);
#4311=ORIENTED_EDGE('',*,*,#4288,.F.);
#4312=EDGE_LOOP('',(#4306,#4308,#4310,#4311));
#4313=FACE_OUTER_BOUND('',#4312,.F.);
#4314=ADVANCED_FACE('',(#4313),#4305,.F.);
#4315=CARTESIAN_POINT('',(-3.494615242271E0,-4.852851152517E0,-7.E0));
#4316=DIRECTION('',(8.660254037844E-1,-5.E-1,0.E0));
#4317=DIRECTION('',(0.E0,0.E0,1.E0));
#4318=AXIS2_PLACEMENT_3D('',#4315,#4316,#4317);
#4319=PLANE('',#4318);
#4320=ORIENTED_EDGE('',*,*,#4307,.T.);
#4321=ORIENTED_EDGE('',*,*,#3032,.T.);
#4323=ORIENTED_EDGE('',*,*,#4322,.F.);
#4325=ORIENTED_EDGE('',*,*,#4324,.T.);
#4327=ORIENTED_EDGE('',*,*,#4326,.F.);
#4328=ORIENTED_EDGE('',*,*,#3095,.T.);
#4330=ORIENTED_EDGE('',*,*,#4329,.T.);
#4331=EDGE_LOOP('',(#4320,#4321,#4323,#4325,#4327,#4328,#4330));
#4332=FACE_OUTER_BOUND('',#4331,.F.);
#4333=ADVANCED_FACE('',(#4332),#4319,.T.);
#4334=CARTESIAN_POINT('',(-2.975E0,-5.152851152517E0,-7.6E0));
#4335=DIRECTION('',(-5.E-1,-8.660254037844E-1,0.E0));
#4336=DIRECTION('',(-8.660254037844E-1,5.E-1,0.E0));
#4337=AXIS2_PLACEMENT_3D('',#4334,#4335,#4336);
#4338=CYLINDRICAL_SURFACE('',#4337,6.E-1);
#4340=ORIENTED_EDGE('',*,*,#4339,.T.);
#4341=ORIENTED_EDGE('',*,*,#4322,.T.);
#4342=ORIENTED_EDGE('',*,*,#3030,.F.);
#4343=ORIENTED_EDGE('',*,*,#3061,.T.);
#4344=EDGE_LOOP('',(#4340,#4341,#4342,#4343));
#4345=FACE_OUTER_BOUND('',#4344,.F.);
#4346=ADVANCED_FACE('',(#4345),#4338,.F.);
#4347=CARTESIAN_POINT('',(-2.975E0,-5.152851152517E0,-6.4E0));
#4348=DIRECTION('',(-5.E-1,-8.660254037844E-1,0.E0));
#4349=DIRECTION('',(8.660254037844E-1,-5.E-1,0.E0));
#4350=AXIS2_PLACEMENT_3D('',#4347,#4348,#4349);
#4351=CYLINDRICAL_SURFACE('',#4350,6.E-1);
#4353=ORIENTED_EDGE('',*,*,#4352,.T.);
#4354=ORIENTED_EDGE('',*,*,#3057,.T.);
#4355=ORIENTED_EDGE('',*,*,#3097,.F.);
#4356=ORIENTED_EDGE('',*,*,#4326,.T.);
#4357=EDGE_LOOP('',(#4353,#4354,#4355,#4356));
#4358=FACE_OUTER_BOUND('',#4357,.F.);
#4359=ADVANCED_FACE('',(#4358),#4351,.F.);
#4360=CARTESIAN_POINT('',(-4.112435565298E0,-4.322947341950E0,-7.E0));
#4361=DIRECTION('',(-3.535533905933E-1,-6.123724356958E-1,7.071067811865E-1));
#4362=DIRECTION('',(3.535533905933E-1,6.123724356958E-1,7.071067811866E-1));
#4363=AXIS2_PLACEMENT_3D('',#4360,#4361,#4362);
#4364=PLANE('',#4363);
#4365=ORIENTED_EDGE('',*,*,#3093,.F.);
#4366=ORIENTED_EDGE('',*,*,#4290,.F.);
#4367=ORIENTED_EDGE('',*,*,#4309,.F.);
#4368=ORIENTED_EDGE('',*,*,#4329,.F.);
#4369=EDGE_LOOP('',(#4365,#4366,#4367,#4368));
#4370=FACE_OUTER_BOUND('',#4369,.F.);
#4371=ADVANCED_FACE('',(#4370),#4364,.F.);
#4372=CARTESIAN_POINT('',(-3.966599087333E0,-4.580351152517E0,-8.945E0));
#4373=DIRECTION('',(-6.123724356958E-1,3.535533905933E-1,-7.071067811865E-1));
#4374=DIRECTION('',(6.123724356958E-1,-3.535533905933E-1,-7.071067811866E-1));
#4375=AXIS2_PLACEMENT_3D('',#4372,#4373,#4374);
#4376=PLANE('',#4375);
#4377=ORIENTED_EDGE('',*,*,#2963,.T.);
#4379=ORIENTED_EDGE('',*,*,#4378,.F.);
#4381=ORIENTED_EDGE('',*,*,#4380,.T.);
#4382=ORIENTED_EDGE('',*,*,#3038,.F.);
#4383=ORIENTED_EDGE('',*,*,#4295,.T.);
#4384=ORIENTED_EDGE('',*,*,#2926,.F.);
#4385=EDGE_LOOP('',(#4377,#4379,#4381,#4382,#4383,#4384));
#4386=FACE_OUTER_BOUND('',#4385,.F.);
#4387=ADVANCED_FACE('',(#4386),#4376,.T.);
#4388=CARTESIAN_POINT('',(-2.975E0,-5.152851152517E0,-9.2E0));
#4389=DIRECTION('',(0.E0,0.E0,-1.E0));
#4390=DIRECTION('',(8.660254037844E-1,-5.E-1,0.E0));
#4391=AXIS2_PLACEMENT_3D('',#4388,#4389,#4390);
#4392=PLANE('',#4391);
#4393=ORIENTED_EDGE('',*,*,#2961,.F.);
#4394=ORIENTED_EDGE('',*,*,#2982,.F.);
#4396=ORIENTED_EDGE('',*,*,#4395,.F.);
#4397=ORIENTED_EDGE('',*,*,#4378,.T.);
#4398=EDGE_LOOP('',(#4393,#4394,#4396,#4397));
#4399=FACE_OUTER_BOUND('',#4398,.F.);
#4400=ADVANCED_FACE('',(#4399),#4392,.T.);
#4401=CARTESIAN_POINT('',(-2.872040872589E0,-4.974520712738E0,-8.95E0));
#4402=DIRECTION('',(4.924038765061E-1,8.528685319524E-1,-1.736481776669E-1));
#4403=DIRECTION('',(-8.682408883347E-2,-1.503837331804E-1,-9.848077530122E-1));
#4404=AXIS2_PLACEMENT_3D('',#4401,#4402,#4403);
#4405=PLANE('',#4404);
#4406=ORIENTED_EDGE('',*,*,#4380,.F.);
#4407=ORIENTED_EDGE('',*,*,#4395,.T.);
#4408=ORIENTED_EDGE('',*,*,#2980,.F.);
#4409=ORIENTED_EDGE('',*,*,#3040,.F.);
#4410=EDGE_LOOP('',(#4406,#4407,#4408,#4409));
#4411=FACE_OUTER_BOUND('',#4410,.F.);
#4412=ADVANCED_FACE('',(#4411),#4405,.T.);
#4413=CARTESIAN_POINT('',(-1.502756813566E0,-6.002851152517E0,-1.2E0));
#4414=DIRECTION('',(0.E0,0.E0,-1.E0));
#4415=DIRECTION('',(8.660254037844E-1,-5.E-1,0.E0));
#4416=AXIS2_PLACEMENT_3D('',#4413,#4414,#4415);
#4417=PLANE('',#4416);
#4418=ORIENTED_EDGE('',*,*,#2945,.F.);
#4419=ORIENTED_EDGE('',*,*,#2693,.F.);
#4420=ORIENTED_EDGE('',*,*,#3102,.T.);
#4421=ORIENTED_EDGE('',*,*,#2998,.T.);
#4422=EDGE_LOOP('',(#4418,#4419,#4420,#4421));
#4423=FACE_OUTER_BOUND('',#4422,.F.);
#4424=ADVANCED_FACE('',(#4423),#4417,.T.);
#4425=CARTESIAN_POINT('',(0.E0,0.E0,-1.042621577207E0));
#4426=DIRECTION('',(0.E0,0.E0,1.E0));
#4427=DIRECTION('',(0.E0,-1.E0,0.E0));
#4428=AXIS2_PLACEMENT_3D('',#4425,#4426,#4427);
#4429=CONICAL_SURFACE('',#4428,2.658782431647E0,5.E0);
#4431=ORIENTED_EDGE('',*,*,#4430,.T.);
#4433=ORIENTED_EDGE('',*,*,#4432,.F.);
#4435=ORIENTED_EDGE('',*,*,#4434,.F.);
#4437=ORIENTED_EDGE('',*,*,#4436,.F.);
#4439=ORIENTED_EDGE('',*,*,#4438,.T.);
#4440=EDGE_LOOP('',(#4431,#4433,#4435,#4437,#4439));
#4441=FACE_OUTER_BOUND('',#4440,.F.);
#4442=ADVANCED_FACE('',(#4441),#4429,.T.);
#4443=CARTESIAN_POINT('',(0.E0,0.E0,-1.042621577207E0));
#4444=DIRECTION('',(0.E0,0.E0,1.E0));
#4445=DIRECTION('',(0.E0,-1.E0,0.E0));
#4446=AXIS2_PLACEMENT_3D('',#4443,#4444,#4445);
#4447=CONICAL_SURFACE('',#4446,2.658782431647E0,5.E0);
#4449=ORIENTED_EDGE('',*,*,#4448,.T.);
#4450=ORIENTED_EDGE('',*,*,#4438,.F.);
#4452=ORIENTED_EDGE('',*,*,#4451,.F.);
#4454=ORIENTED_EDGE('',*,*,#4453,.F.);
#4455=ORIENTED_EDGE('',*,*,#4432,.T.);
#4456=EDGE_LOOP('',(#4449,#4450,#4452,#4454,#4455));
#4457=FACE_OUTER_BOUND('',#4456,.F.);
#4458=ADVANCED_FACE('',(#4457),#4447,.T.);
#4459=CARTESIAN_POINT('',(0.E0,0.E0,-1.5E0));
#4460=DIRECTION('',(0.E0,0.E0,-1.E0));
#4461=DIRECTION('',(-1.594004612970E-2,9.998729493938E-1,0.E0));
#4462=AXIS2_PLACEMENT_3D('',#4459,#4460,#4461);
#4463=TOROIDAL_SURFACE('',#4462,1.614947167168E0,1.E0);
#4465=ORIENTED_EDGE('',*,*,#4464,.F.);
#4467=ORIENTED_EDGE('',*,*,#4466,.F.);
#4468=ORIENTED_EDGE('',*,*,#4453,.T.);
#4469=ORIENTED_EDGE('',*,*,#4451,.T.);
#4471=ORIENTED_EDGE('',*,*,#4470,.T.);
#4472=EDGE_LOOP('',(#4465,#4467,#4468,#4469,#4471));
#4473=FACE_OUTER_BOUND('',#4472,.F.);
#4474=ADVANCED_FACE('',(#4473),#4463,.T.);
#4475=CARTESIAN_POINT('',(0.E0,0.E0,-2.5E0));
#4476=DIRECTION('',(0.E0,0.E0,-1.E0));
#4477=DIRECTION('',(0.E0,1.E0,0.E0));
#4478=AXIS2_PLACEMENT_3D('',#4475,#4476,#4477);
#4479=PLANE('',#4478);
#4480=ORIENTED_EDGE('',*,*,#4464,.T.);
#4482=ORIENTED_EDGE('',*,*,#4481,.T.);
#4483=EDGE_LOOP('',(#4480,#4482));
#4484=FACE_OUTER_BOUND('',#4483,.F.);
#4485=ADVANCED_FACE('',(#4484),#4479,.T.);
#4486=CARTESIAN_POINT('',(0.E0,0.E0,-1.5E0));
#4487=DIRECTION('',(0.E0,0.E0,-1.E0));
#4488=DIRECTION('',(1.594004612970E-2,-9.998729493938E-1,0.E0));
#4489=AXIS2_PLACEMENT_3D('',#4486,#4487,#4488);
#4490=TOROIDAL_SURFACE('',#4489,1.614947167168E0,1.E0);
#4491=ORIENTED_EDGE('',*,*,#4481,.F.);
#4492=ORIENTED_EDGE('',*,*,#4470,.F.);
#4493=ORIENTED_EDGE('',*,*,#4436,.T.);
#4494=ORIENTED_EDGE('',*,*,#4434,.T.);
#4495=ORIENTED_EDGE('',*,*,#4466,.T.);
#4496=EDGE_LOOP('',(#4491,#4492,#4493,#4494,#4495));
#4497=FACE_OUTER_BOUND('',#4496,.F.);
#4498=ADVANCED_FACE('',(#4497),#4490,.T.);
#4499=CARTESIAN_POINT('',(9.705527830306E-1,-7.474304618830E-1,
-2.349999410891E0));
#4500=CARTESIAN_POINT('',(8.931537377809E-1,-8.479345909785E-1,
-2.363184251689E0));
#4501=CARTESIAN_POINT('',(7.068924714464E-1,-1.024688357863E0,
-2.389554310402E0));
#4502=CARTESIAN_POINT('',(3.598103568029E-1,-1.191731796129E0,
-2.429109587031E0));
#4503=CARTESIAN_POINT('',(-2.172094212514E-2,-1.244674527129E0,
-2.468665240778E0));
#4504=CARTESIAN_POINT('',(-4.011734385781E-1,-1.178451149325E0,
-2.508220894525E0));
#4505=CARTESIAN_POINT('',(-7.422167000368E-1,-9.994002441450E-1,
-2.547776548272E0));
#4506=CARTESIAN_POINT('',(-1.012198940498E0,-7.246664554271E-1,
-2.587332202018E0));
#4507=CARTESIAN_POINT('',(-1.185272468087E0,-3.805451221225E-1,
-2.626888069616E0));
#4508=CARTESIAN_POINT('',(-1.225000644352E0,-1.268525480918E-1,
-2.653258719299E0));
#4509=CARTESIAN_POINT('',(-1.224999999984E0,6.172474229729E-6,
-2.666444151066E0));
#4510=CARTESIAN_POINT('',(9.705527742391E-1,-7.474304551105E-1,
-2.389180005531E0));
#4511=CARTESIAN_POINT('',(8.931537296907E-1,-8.479345832956E-1,
-2.402364846330E0));
#4512=CARTESIAN_POINT('',(7.068924650437E-1,-1.024688348579E0,
-2.428734905043E0));
#4513=CARTESIAN_POINT('',(3.598103535446E-1,-1.191731785332E0,
-2.468290181672E0));
#4514=CARTESIAN_POINT('',(-2.172094192717E-2,-1.244674515853E0,
-2.507845835419E0));
#4515=CARTESIAN_POINT('',(-4.011734349429E-1,-1.178451138649E0,
-2.547401489165E0));
#4516=CARTESIAN_POINT('',(-7.422166933123E-1,-9.994002350917E-1,
-2.586957142912E0));
#4517=CARTESIAN_POINT('',(-1.012198931328E0,-7.246664488626E-1,
-2.626512796659E0));
#4518=CARTESIAN_POINT('',(-1.185272457349E0,-3.805451186753E-1,
-2.666068664257E0));
#4519=CARTESIAN_POINT('',(-1.225000633254E0,-1.268525469427E-1,
-2.692439313940E0));
#4520=CARTESIAN_POINT('',(-1.224999988887E0,6.172474173820E-6,
-2.705624745707E0));
#4521=CARTESIAN_POINT('',(9.962690589083E-1,-7.672347716465E-1,
-2.467541189263E0));
#4522=CARTESIAN_POINT('',(9.168192079373E-1,-8.704019108903E-1,
-2.480726030062E0));
#4523=CARTESIAN_POINT('',(7.256226653416E-1,-1.051839038341E0,
-2.507096088775E0));
#4524=CARTESIAN_POINT('',(3.693440808425E-1,-1.223308547210E0,
-2.546651365404E0));
#4525=CARTESIAN_POINT('',(-2.229647160650E-2,-1.277654076595E0,
-2.586207019151E0));
#4526=CARTESIAN_POINT('',(-4.118031405392E-1,-1.209676009420E0,
-2.625762672897E0));
#4527=CARTESIAN_POINT('',(-7.618828632304E-1,-1.025880877491E0,
-2.665318326644E0));
#4528=CARTESIAN_POINT('',(-1.039018694819E0,-7.438675981294E-1,
-2.704873980391E0));
#4529=CARTESIAN_POINT('',(-1.216678069423E0,-3.906282453854E-1,
-2.744429847990E0));
#4530=CARTESIAN_POINT('',(-1.257458904295E0,-1.302136997774E-1,
-2.770800497672E0));
#4531=CARTESIAN_POINT('',(-1.257458242854E0,6.336023346144E-6,
-2.783985929439E0));
#4532=CARTESIAN_POINT('',(1.089395980948E0,-8.389525592614E-1,
-2.516228579212E0));
#4533=CARTESIAN_POINT('',(1.002519501587E0,-9.517633164088E-1,
-2.529413420010E0));
#4534=CARTESIAN_POINT('',(7.934507332514E-1,-1.150160401686E0,
-2.555783478724E0));
#4535=CARTESIAN_POINT('',(4.038687678351E-1,-1.337658138513E0,
-2.595338755352E0));
#4536=CARTESIAN_POINT('',(-2.438064932849E-2,-1.397083652900E0,
-2.634894409099E0));
#4537=CARTESIAN_POINT('',(-4.502967167747E-1,-1.322751290058E0,
-2.674450062846E0));
#4538=CARTESIAN_POINT('',(-8.331003775945E-1,-1.121775784243E0,
-2.714005716593E0));
#4539=CARTESIAN_POINT('',(-1.136141667907E0,-8.134011234369E-1,
-2.753561370340E0));
#4540=CARTESIAN_POINT('',(-1.330407872343E0,-4.271424840141E-1,
-2.793117237937E0));
#4541=CARTESIAN_POINT('',(-1.375000723252E0,-1.423855131640E-1,
-2.819487887621E0));
#4542=CARTESIAN_POINT('',(-1.374999999982E0,6.928287400704E-6,
-2.832673319387E0));
#4543=CARTESIAN_POINT('',(1.182522902813E0,-9.106703467231E-1,
-2.467541189360E0));
#4544=CARTESIAN_POINT('',(1.088219795075E0,-1.033124721756E0,
-2.480726030158E0));
#4545=CARTESIAN_POINT('',(8.612788010367E-1,-1.248481764828E0,
-2.507096088872E0));
#4546=CARTESIAN_POINT('',(4.383934547695E-1,-1.452007729586E0,
-2.546651365501E0));
#4547=CARTESIAN_POINT('',(-2.646482703696E-2,-1.516513228967E0,
-2.586207019248E0));
#4548=CARTESIAN_POINT('',(-4.887902929265E-1,-1.435826570473E0,
-2.625762672994E0));
#4549=CARTESIAN_POINT('',(-9.043178918125E-1,-1.217670690807E0,
-2.665318326741E0));
#4550=CARTESIAN_POINT('',(-1.233264640799E0,-8.829346486099E-1,
-2.704873980488E0));
#4551=CARTESIAN_POINT('',(-1.444137675036E0,-4.636567225723E-1,
-2.744429848086E0));
#4552=CARTESIAN_POINT('',(-1.492542541976E0,-1.545573265272E-1,
-2.770800497769E0));
#4553=CARTESIAN_POINT('',(-1.492541756877E0,7.520551453948E-6,
-2.783985929536E0));
#4554=CARTESIAN_POINT('',(1.208239187513E0,-9.304746632840E-1,
-2.389180005998E0));
#4555=CARTESIAN_POINT('',(1.111885273350E0,-1.055592049380E0,
-2.402364846797E0));
#4556=CARTESIAN_POINT('',(8.800090013572E-1,-1.275632454624E0,
-2.428734905510E0));
#4557=CARTESIAN_POINT('',(4.479271820788E-1,-1.483584491503E0,
-2.468290182139E0));
#4558=CARTESIAN_POINT('',(-2.704035671737E-2,-1.549492789750E0,
-2.507845835886E0));
#4559=CARTESIAN_POINT('',(-4.994199985363E-1,-1.467051441282E0,
-2.547401489632E0));
#4560=CARTESIAN_POINT('',(-9.239840617550E-1,-1.244151333239E0,
-2.586957143379E0));
#4561=CARTESIAN_POINT('',(-1.260084404324E0,-9.021357979002E-1,
-2.626512797126E0));
#4562=CARTESIAN_POINT('',(-1.475543287149E0,-4.737398492948E-1,
-2.666068664724E0));
#4563=CARTESIAN_POINT('',(-1.525000813057E0,-1.579184793659E-1,
-2.692439314407E0));
#4564=CARTESIAN_POINT('',(-1.525000010885E0,7.684100626341E-6,
-2.705624746174E0));
#4565=CARTESIAN_POINT('',(1.208239178874E0,-9.304746566310E-1,
-2.349999411592E0));
#4566=CARTESIAN_POINT('',(1.111885265399E0,-1.055592041832E0,
-2.363184252389E0));
#4567=CARTESIAN_POINT('',(8.800089950648E-1,-1.275632445503E0,
-2.389554311102E0));
#4568=CARTESIAN_POINT('',(4.479271788759E-1,-1.483584480895E0,
-2.429109587732E0));
#4569=CARTESIAN_POINT('',(-2.704035652412E-2,-1.549492778671E0,
-2.468665241479E0));
#4570=CARTESIAN_POINT('',(-4.994199949653E-1,-1.467051430792E0,
-2.508220895226E0));
#4571=CARTESIAN_POINT('',(-9.239840551484E-1,-1.244151324343E0,
-2.547776548973E0));
#4572=CARTESIAN_POINT('',(-1.260084395314E0,-9.021357914497E-1,
-2.587332202719E0));
#4573=CARTESIAN_POINT('',(-1.475543276598E0,-4.737398459073E-1,
-2.626888070317E0));
#4574=CARTESIAN_POINT('',(-1.525000802153E0,-1.579184782367E-1,
-2.653258719999E0));
#4575=CARTESIAN_POINT('',(-1.524999999980E0,7.684100571393E-6,
-2.666444151767E0));
#4576=B_SPLINE_SURFACE_WITH_KNOTS('',3,3,((#4499,#4500,#4501,#4502,#4503,#4504,
#4505,#4506,#4507,#4508,#4509),(#4510,#4511,#4512,#4513,#4514,#4515,#4516,#4517,
#4518,#4519,#4520),(#4521,#4522,#4523,#4524,#4525,#4526,#4527,#4528,#4529,#4530,
#4531),(#4532,#4533,#4534,#4535,#4536,#4537,#4538,#4539,#4540,#4541,#4542),(
#4543,#4544,#4545,#4546,#4547,#4548,#4549,#4550,#4551,#4552,#4553),(#4554,#4555,
#4556,#4557,#4558,#4559,#4560,#4561,#4562,#4563,#4564),(#4565,#4566,#4567,#4568,
#4569,#4570,#4571,#4572,#4573,#4574,#4575)),.UNSPECIFIED.,.F.,.F.,.F.,(4,1,1,1,
4),(4,1,1,1,1,1,1,1,4),(-4.273791185125E-8,1.25E-1,2.5E-1,3.75E-1,
5.000000419930E-1),(8.813334630171E-1,8.961664089146E-1,9.109997790697E-1,
9.258331492247E-1,9.406665193798E-1,9.554998895348E-1,9.703332596899E-1,
9.851666298449E-1,1.000000240583E0),.UNSPECIFIED.);
#4578=ORIENTED_EDGE('',*,*,#4577,.T.);
#4580=ORIENTED_EDGE('',*,*,#4579,.F.);
#4582=ORIENTED_EDGE('',*,*,#4581,.F.);
#4584=ORIENTED_EDGE('',*,*,#4583,.T.);
#4585=EDGE_LOOP('',(#4578,#4580,#4582,#4584));
#4586=FACE_OUTER_BOUND('',#4585,.F.);
#4587=ADVANCED_FACE('',(#4586),#4576,.T.);
#4588=CARTESIAN_POINT('',(-3.972797222895E-1,-1.472342970322E0,-2.5E0));
#4589=CARTESIAN_POINT('',(-5.576724199101E-1,-1.429064489933E0,
-2.513870295808E0));
#4590=CARTESIAN_POINT('',(-8.641519306718E-1,-1.289630462250E0,
-2.541610887425E0));
#4591=CARTESIAN_POINT('',(-1.232421728482E0,-9.439559952507E-1,
-2.583221774850E0));
#4592=CARTESIAN_POINT('',(-1.470223521792E0,-4.983471013337E-1,
-2.624832947559E0));
#4593=CARTESIAN_POINT('',(-1.525001126664E0,-1.661221658962E-1,
-2.652573824460E0));
#4594=CARTESIAN_POINT('',(-1.524999999965E0,1.025081482852E-5,
-2.666444405552E0));
#4595=CARTESIAN_POINT('',(-3.972797222896E-1,-1.472342970322E0,
-2.460819418755E0));
#4596=CARTESIAN_POINT('',(-5.576724199102E-1,-1.429064489933E0,
-2.474689714564E0));
#4597=CARTESIAN_POINT('',(-8.641519306719E-1,-1.289630462250E0,
-2.502430306180E0));
#4598=CARTESIAN_POINT('',(-1.232421728482E0,-9.439559952507E-1,
-2.544041193605E0));
#4599=CARTESIAN_POINT('',(-1.470223521792E0,-4.983471013337E-1,
-2.585652366314E0));
#4600=CARTESIAN_POINT('',(-1.525001126664E0,-1.661221658962E-1,
-2.613393243215E0));
#4601=CARTESIAN_POINT('',(-1.524999999965E0,1.025081482852E-5,
-2.627263824307E0));
#4602=CARTESIAN_POINT('',(-3.888239799704E-1,-1.441005471672E0,
-2.382458256266E0));
#4603=CARTESIAN_POINT('',(-5.458028629795E-1,-1.398648134893E0,
-2.396328552075E0));
#4604=CARTESIAN_POINT('',(-8.457592324294E-1,-1.262181835344E0,
-2.424069143691E0));
#4605=CARTESIAN_POINT('',(-1.206190738127E0,-9.238647391213E-1,
-2.465680031116E0));
#4606=CARTESIAN_POINT('',(-1.438931133702E0,-4.877402305637E-1,
-2.507291203825E0));
#4607=CARTESIAN_POINT('',(-1.492542846418E0,-1.625864046948E-1,
-2.535032080726E0));
#4608=CARTESIAN_POINT('',(-1.492541743700E0,1.003263543548E-5,
-2.548902661818E0));
#4609=CARTESIAN_POINT('',(-3.582030282951E-1,-1.327522350290E0,
-2.333770871867E0));
#4610=CARTESIAN_POINT('',(-5.028193950020E-1,-1.288500769611E0,
-2.347641167675E0));
#4611=CARTESIAN_POINT('',(-7.791533801147E-1,-1.162781564323E0,
-2.375381759292E0));
#4612=CARTESIAN_POINT('',(-1.111199919124E0,-8.511078645698E-1,
-2.416992646717E0));
#4613=CARTESIAN_POINT('',(-1.325611372109E0,-4.493293536612E-1,
-2.458603819426E0));
#4614=CARTESIAN_POINT('',(-1.375001015845E0,-1.497822807259E-1,
-2.486344696326E0));
#4615=CARTESIAN_POINT('',(-1.374999999969E0,9.242537960323E-6,
-2.500215277419E0));
#4616=CARTESIAN_POINT('',(-3.275820766218E-1,-1.214039228908E0,
-2.382458256266E0));
#4617=CARTESIAN_POINT('',(-4.598359270264E-1,-1.178353404328E0,
-2.396328552075E0));
#4618=CARTESIAN_POINT('',(-7.125475278013E-1,-1.063381293302E0,
-2.424069143691E0));
#4619=CARTESIAN_POINT('',(-1.016209100121E0,-7.783509900173E-1,
-2.465680031116E0));
#4620=CARTESIAN_POINT('',(-1.212291610515E0,-4.109184767582E-1,
-2.507291203825E0));
#4621=CARTESIAN_POINT('',(-1.257459185271E0,-1.369781567568E-1,
-2.535032080726E0));
#4622=CARTESIAN_POINT('',(-1.257458256237E0,8.452440485328E-6,
-2.548902661818E0));
#4623=CARTESIAN_POINT('',(-3.191263342985E-1,-1.182701730259E0,
-2.460819418755E0));
#4624=CARTESIAN_POINT('',(-4.479663700920E-1,-1.147937049290E0,
-2.474689714564E0));
#4625=CARTESIAN_POINT('',(-6.941548295562E-1,-1.035932666398E0,
-2.502430306180E0));
#4626=CARTESIAN_POINT('',(-9.899781097644E-1,-7.582597338898E-1,
-2.544041193605E0));
#4627=CARTESIAN_POINT('',(-1.180999222424E0,-4.003116059893E-1,
-2.585652366314E0));
#4628=CARTESIAN_POINT('',(-1.225000905025E0,-1.334423955559E-1,
-2.613393243215E0));
#4629=CARTESIAN_POINT('',(-1.224999999972E0,8.234261092006E-6,
-2.627263824307E0));
#4630=CARTESIAN_POINT('',(-3.191263342975E-1,-1.182701730259E0,-2.5E0));
#4631=CARTESIAN_POINT('',(-4.479663700912E-1,-1.147937049290E0,
-2.513870295808E0));
#4632=CARTESIAN_POINT('',(-6.941548295555E-1,-1.035932666398E0,
-2.541610887425E0));
#4633=CARTESIAN_POINT('',(-9.899781097641E-1,-7.582597338902E-1,
-2.583221774850E0));
#4634=CARTESIAN_POINT('',(-1.180999222424E0,-4.003116059896E-1,
-2.624832947559E0));
#4635=CARTESIAN_POINT('',(-1.225000905025E0,-1.334423955560E-1,
-2.652573824460E0));
#4636=CARTESIAN_POINT('',(-1.224999999972E0,8.234261092017E-6,
-2.666444405552E0));
#4637=B_SPLINE_SURFACE_WITH_KNOTS('',3,3,((#4588,#4589,#4590,#4591,#4592,#4593,
#4594),(#4595,#4596,#4597,#4598,#4599,#4600,#4601),(#4602,#4603,#4604,#4605,
#4606,#4607,#4608),(#4609,#4610,#4611,#4612,#4613,#4614,#4615),(#4616,#4617,
#4618,#4619,#4620,#4621,#4622),(#4623,#4624,#4625,#4626,#4627,#4628,#4629),(
#4630,#4631,#4632,#4633,#4634,#4635,#4636)),.UNSPECIFIED.,.F.,.F.,.F.,(4,1,1,1,
4),(4,1,1,1,4),(5.E-1,6.25E-1,7.5E-1,8.75E-1,1.E0),(9.375836688625E-1,
9.531877516469E-1,9.687918344312E-1,9.843959172156E-1,1.000000320944E0),
.UNSPECIFIED.);
#4639=ORIENTED_EDGE('',*,*,#4638,.T.);
#4640=ORIENTED_EDGE('',*,*,#4583,.F.);
#4642=ORIENTED_EDGE('',*,*,#4641,.F.);
#4643=ORIENTED_EDGE('',*,*,#4579,.T.);
#4644=EDGE_LOOP('',(#4639,#4640,#4642,#4643));
#4645=FACE_OUTER_BOUND('',#4644,.F.);
#4646=ADVANCED_FACE('',(#4645),#4637,.T.);
#4647=CARTESIAN_POINT('',(-1.375E0,0.E0,-2.666443549700E0));
#4648=DIRECTION('',(0.E0,1.E0,0.E0));
#4649=DIRECTION('',(1.E0,0.E0,0.E0));
#4650=AXIS2_PLACEMENT_3D('',#4647,#4648,#4649);
#4651=PLANE('',#4650);
#4652=ORIENTED_EDGE('',*,*,#4581,.T.);
#4653=ORIENTED_EDGE('',*,*,#4641,.T.);
#4654=EDGE_LOOP('',(#4652,#4653));
#4655=FACE_OUTER_BOUND('',#4654,.F.);
#4656=ADVANCED_FACE('',(#4655),#4651,.T.);
#4657=OPEN_SHELL('',(#2481,#2496,#2509,#2524,#2537,#2552,#2563,#2575,#2591,
#2605,#2617,#2632,#2645,#2660,#2673,#2683,#2705,#2721,#2738,#2752,#2775,#2786,
#2799,#2820,#2850,#2866,#2882,#2892,#2905,#2918,#2953,#2968,#2986,#3006,#3021,
#3046,#3066,#3079,#3107,#3127,#3149,#3180,#3201,#3235,#3250,#3268,#3287,#3302,
#3327,#3346,#3358,#3372,#3391,#3405,#3418,#3435,#3447,#3463,#3476,#3488,#3501,
#3513,#3541,#3564,#3591,#3621,#3634,#3653,#3667,#3681,#3703,#3718,#3732,#3746,
#3759,#3772,#3790,#3804,#3823,#3837,#3854,#3867,#3879,#3891,#3919,#3942,#3969,
#3999,#4012,#4031,#4045,#4059,#4081,#4096,#4110,#4124,#4137,#4150,#4168,#4182,
#4201,#4215,#4232,#4245,#4257,#4269,#4282,#4300,#4314,#4333,#4346,#4359,#4371,
#4387,#4400,#4412,#4424,#4442,#4458,#4474,#4485,#4498,#4587,#4646,#4656));
#4658=SHELL_BASED_SURFACE_MODEL('',(#4657));
#4660=DIMENSIONAL_EXPONENTS(0.E0,0.E0,0.E0,0.E0,0.E0,0.E0,0.E0);
#4662=PLANE_ANGLE_MEASURE_WITH_UNIT(PLANE_ANGLE_MEASURE(1.745329251994E-2),
#4661);
#4663=(CONVERSION_BASED_UNIT('DEGREE',#4662)NAMED_UNIT(*)PLANE_ANGLE_UNIT());
#4665=UNCERTAINTY_MEASURE_WITH_UNIT(LENGTH_MEASURE(9.616844338101E-4),#4659,
'closure',
'Maximum model space distance between geometric entities at asserted connectivities');
#4666=(GEOMETRIC_REPRESENTATION_CONTEXT(3)GLOBAL_UNCERTAINTY_ASSIGNED_CONTEXT((
#4665))GLOBAL_UNIT_ASSIGNED_CONTEXT((#4659,#4663,#4664))REPRESENTATION_CONTEXT(
'ID1','3'));
#4668=APPLICATION_CONTEXT(
'CONFIGURATION CONTROLLED 3D DESIGNS OF MECHANICAL PARTS AND ASSEMBLIES');
#4669=APPLICATION_PROTOCOL_DEFINITION('international standard',
'config_control_design',1994,#4668);
#4670=DESIGN_CONTEXT('',#4668,'design');
#4671=MECHANICAL_CONTEXT('',#4668,'mechanical');
#4672=PRODUCT('AV900220000840K','AV900220000840K','NOT SPECIFIED',(#4671));
#4673=PRODUCT_DEFINITION_FORMATION_WITH_SPECIFIED_SOURCE('1','LAST_VERSION',
#4672,.MADE.);
#4677=PRODUCT_CATEGORY('part','');
#4678=PRODUCT_RELATED_PRODUCT_CATEGORY('detail','',(#4672));
#4679=PRODUCT_CATEGORY_RELATIONSHIP('','',#4677,#4678);
#4680=SECURITY_CLASSIFICATION_LEVEL('unclassified');
#4681=SECURITY_CLASSIFICATION('','',#4680);
#4682=CC_DESIGN_SECURITY_CLASSIFICATION(#4681,(#4673));
#4683=APPROVAL_STATUS('approved');
#4684=APPROVAL(#4683,'');
#4685=CC_DESIGN_APPROVAL(#4684,(#4681,#4673,#4674));
#4686=CALENDAR_DATE(114,22,12);
#4687=COORDINATED_UNIVERSAL_TIME_OFFSET(1,0,.AHEAD.);
#4688=LOCAL_TIME(13,58,1.5E1,#4687);
#4689=DATE_AND_TIME(#4686,#4688);
#4690=APPROVAL_DATE_TIME(#4689,#4684);
#4691=DATE_TIME_ROLE('creation_date');
#4692=CC_DESIGN_DATE_AND_TIME_ASSIGNMENT(#4689,#4691,(#4674));
#4693=DATE_TIME_ROLE('classification_date');
#4694=CC_DESIGN_DATE_AND_TIME_ASSIGNMENT(#4689,#4693,(#4681));
#4695=PERSON('UNSPECIFIED','UNSPECIFIED',$,$,$,$);
#4696=ORGANIZATION('UNSPECIFIED','UNSPECIFIED','UNSPECIFIED');
#4697=PERSON_AND_ORGANIZATION(#4695,#4696);
#4698=APPROVAL_ROLE('approver');
#4699=APPROVAL_PERSON_ORGANIZATION(#4697,#4684,#4698);
#4700=PERSON_AND_ORGANIZATION_ROLE('creator');
#4701=CC_DESIGN_PERSON_AND_ORGANIZATION_ASSIGNMENT(#4697,#4700,(#4673,#4674));
#4702=PERSON_AND_ORGANIZATION_ROLE('design_supplier');
#4703=CC_DESIGN_PERSON_AND_ORGANIZATION_ASSIGNMENT(#4697,#4702,(#4673));
#4704=PERSON_AND_ORGANIZATION_ROLE('classification_officer');
#4705=CC_DESIGN_PERSON_AND_ORGANIZATION_ASSIGNMENT(#4697,#4704,(#4681));
#4706=PERSON_AND_ORGANIZATION_ROLE('design_owner');
#4707=CC_DESIGN_PERSON_AND_ORGANIZATION_ASSIGNMENT(#4697,#4706,(#4672));
#5=CIRCLE('',#4,8.88E0);
#10=CIRCLE('',#9,8.88E0);
#23=CIRCLE('',#22,8.879999999999E0);
#32=CIRCLE('',#31,9.499999999998E0);
#41=CIRCLE('',#40,9.499999999998E0);
#46=CIRCLE('',#45,8.879999999999E0);
#55=CIRCLE('',#54,9.5E0);
#60=CIRCLE('',#59,9.5E0);
#73=CIRCLE('',#72,8.85E0);
#78=CIRCLE('',#77,8.85E0);
#83=CIRCLE('',#82,8.85E0);
#92=CIRCLE('',#91,8.85E0);
#97=CIRCLE('',#96,1.1E1);
#102=CIRCLE('',#101,1.1E1);
#115=CIRCLE('',#114,2.2E1);
#120=CIRCLE('',#119,1.1E1);
#125=CIRCLE('',#124,1.1E1);
#130=CIRCLE('',#129,2.2E1);
#135=CIRCLE('',#134,7.848077685027E0);
#140=CIRCLE('',#139,7.848077685027E0);
#169=CIRCLE('',#168,7.1E0);
#178=CIRCLE('',#177,7.1E0);
#187=CIRCLE('',#186,7.4E0);
#192=CIRCLE('',#191,7.4E0);
#210=B_SPLINE_CURVE_WITH_KNOTS('',3,(#197,#198,#199,#200,#201,#202,#203,#204,
#205,#206,#207,#208,#209),.UNSPECIFIED.,.F.,.F.,(4,1,1,1,1,1,1,1,1,1,4),(0.E0,
1.E-1,2.E-1,3.E-1,4.E-1,5.E-1,6.E-1,7.E-1,8.E-1,9.E-1,1.E0),.UNSPECIFIED.);
#224=B_SPLINE_CURVE_WITH_KNOTS('',3,(#211,#212,#213,#214,#215,#216,#217,#218,
#219,#220,#221,#222,#223),.UNSPECIFIED.,.F.,.F.,(4,1,1,1,1,1,1,1,1,1,4),(0.E0,
1.E-1,2.E-1,3.E-1,4.E-1,5.E-1,6.E-1,7.E-1,8.E-1,9.E-1,1.E0),.UNSPECIFIED.);
#248=B_SPLINE_CURVE_WITH_KNOTS('',3,(#225,#226,#227,#228,#229,#230,#231,#232,
#233,#234,#235,#236,#237,#238,#239,#240,#241,#242,#243,#244,#245,#246,#247),
.UNSPECIFIED.,.F.,.F.,(4,1,1,1,1,1,1,1,1,1,1,1,1,1,1,1,1,1,1,1,4),(0.E0,5.E-2,
1.E-1,1.5E-1,2.E-1,2.5E-1,3.E-1,3.5E-1,4.E-1,4.5E-1,5.E-1,5.5E-1,6.E-1,6.5E-1,
7.E-1,7.5E-1,8.E-1,8.5E-1,9.E-1,9.5E-1,1.E0),.UNSPECIFIED.);
#253=CIRCLE('',#252,7.1E0);
#262=CIRCLE('',#261,7.4E0);
#286=B_SPLINE_CURVE_WITH_KNOTS('',3,(#263,#264,#265,#266,#267,#268,#269,#270,
#271,#272,#273,#274,#275,#276,#277,#278,#279,#280,#281,#282,#283,#284,#285),
.UNSPECIFIED.,.F.,.F.,(4,1,1,1,1,1,1,1,1,1,1,1,1,1,1,1,1,1,1,1,4),(0.E0,5.E-2,
1.E-1,1.5E-1,2.E-1,2.5E-1,3.E-1,3.5E-1,4.E-1,4.5E-1,5.E-1,5.5E-1,6.E-1,6.5E-1,
7.E-1,7.5E-1,8.E-1,8.5E-1,9.E-1,9.5E-1,1.E0),.UNSPECIFIED.);
#295=CIRCLE('',#294,7.4E0);
#316=CIRCLE('',#315,7.4E0);
#321=CIRCLE('',#320,7.4E0);
#330=CIRCLE('',#329,7.4E0);
#343=CIRCLE('',#342,7.4E0);
#348=CIRCLE('',#347,7.4E0);
#372=B_SPLINE_CURVE_WITH_KNOTS('',3,(#349,#350,#351,#352,#353,#354,#355,#356,
#357,#358,#359,#360,#361,#362,#363,#364,#365,#366,#367,#368,#369,#370,#371),
.UNSPECIFIED.,.F.,.F.,(4,1,1,1,1,1,1,1,1,1,1,1,1,1,1,1,1,1,1,1,4),(0.E0,5.E-2,
1.E-1,1.5E-1,2.E-1,2.5E-1,3.E-1,3.5E-1,4.E-1,4.5E-1,5.E-1,5.5E-1,6.E-1,6.5E-1,
7.E-1,7.5E-1,8.E-1,8.5E-1,9.E-1,9.5E-1,1.E0),.UNSPECIFIED.);
#396=B_SPLINE_CURVE_WITH_KNOTS('',3,(#373,#374,#375,#376,#377,#378,#379,#380,
#381,#382,#383,#384,#385,#386,#387,#388,#389,#390,#391,#392,#393,#394,#395),
.UNSPECIFIED.,.F.,.F.,(4,1,1,1,1,1,1,1,1,1,1,1,1,1,1,1,1,1,1,1,4),(0.E0,5.E-2,
1.E-1,1.5E-1,2.E-1,2.5E-1,3.E-1,3.5E-1,4.E-1,4.5E-1,5.E-1,5.5E-1,6.E-1,6.5E-1,
7.E-1,7.5E-1,8.E-1,8.5E-1,9.E-1,9.5E-1,1.E0),.UNSPECIFIED.);
#401=CIRCLE('',#400,7.1E0);
#419=B_SPLINE_CURVE_WITH_KNOTS('',3,(#406,#407,#408,#409,#410,#411,#412,#413,
#414,#415,#416,#417,#418),.UNSPECIFIED.,.F.,.F.,(4,1,1,1,1,1,1,1,1,1,4),(0.E0,
1.E-1,2.E-1,3.E-1,4.E-1,5.E-1,6.E-1,7.E-1,8.E-1,9.E-1,1.E0),.UNSPECIFIED.);
#437=B_SPLINE_CURVE_WITH_KNOTS('',3,(#424,#425,#426,#427,#428,#429,#430,#431,
#432,#433,#434,#435,#436),.UNSPECIFIED.,.F.,.F.,(4,1,1,1,1,1,1,1,1,1,4),(0.E0,
1.E-1,2.E-1,3.E-1,4.E-1,5.E-1,6.E-1,7.E-1,8.E-1,9.E-1,1.E0),.UNSPECIFIED.);
#442=CIRCLE('',#441,7.4E0);
#447=CIRCLE('',#446,7.4E0);
#552=CIRCLE('',#551,6.E-1);
#597=CIRCLE('',#596,6.E-1);
#658=CIRCLE('',#657,6.E-1);
#787=CIRCLE('',#786,6.E-1);
#824=CIRCLE('',#823,6.E-1);
#913=CIRCLE('',#912,6.E-1);
#1042=CIRCLE('',#1041,6.E-1);
#1099=CIRCLE('',#1098,6.E-1);
#1192=CIRCLE('',#1191,6.E-1);
#1217=CIRCLE('',#1216,6.E-1);
#1342=CIRCLE('',#1341,6.E-1);
#1399=CIRCLE('',#1398,6.E-1);
#1492=CIRCLE('',#1491,6.E-1);
#1517=CIRCLE('',#1516,6.E-1);
#1590=CIRCLE('',#1589,6.E-1);
#1603=CIRCLE('',#1602,6.E-1);
#1644=CIRCLE('',#1643,2.706422998034E0);
#1653=CIRCLE('',#1652,2.706422998034E0);
#1662=CIRCLE('',#1661,2.611141865260E0);
#1667=CIRCLE('',#1666,2.611141865260E0);
#1672=CIRCLE('',#1671,1.E0);
#1677=CIRCLE('',#1676,1.614947167168E0);
#1682=CIRCLE('',#1681,1.614947167168E0);
#1687=CIRCLE('',#1686,2.611141865260E0);
#1692=CIRCLE('',#1691,2.611141865260E0);
#1697=CIRCLE('',#1696,1.E0);
#1791=B_SPLINE_CURVE_WITH_KNOTS('',3,(#1698,#1699,#1700,#1701,#1702,#1703,#1704,
#1705,#1706,#1707,#1708,#1709,#1710,#1711,#1712,#1713,#1714,#1715,#1716,#1717,
#1718,#1719,#1720,#1721,#1722,#1723,#1724,#1725,#1726,#1727,#1728,#1729,#1730,
#1731,#1732,#1733,#1734,#1735,#1736,#1737,#1738,#1739,#1740,#1741,#1742,#1743,
#1744,#1745,#1746,#1747,#1748,#1749,#1750,#1751,#1752,#1753,#1754,#1755,#1756,
#1757,#1758,#1759,#1760,#1761,#1762,#1763,#1764,#1765,#1766,#1767,#1768,#1769,
#1770,#1771,#1772,#1773,#1774,#1775,#1776,#1777,#1778,#1779,#1780,#1781,#1782,
#1783,#1784,#1785,#1786,#1787,#1788,#1789,#1790),.UNSPECIFIED.,.F.,.F.,(4,1,1,1,
1,1,1,1,1,1,1,1,1,1,1,1,1,1,1,1,1,1,1,1,1,1,1,1,1,1,1,1,1,1,1,1,1,1,1,1,1,1,1,1,
1,1,1,1,1,1,1,1,1,1,1,1,1,1,1,1,1,1,1,1,1,1,1,1,1,1,1,1,1,1,1,1,1,1,1,1,1,1,1,1,
1,1,1,1,1,1,4),(0.E0,1.111111111111E-2,2.222222222222E-2,3.333333333333E-2,
4.444444444444E-2,5.555555555556E-2,6.666666666667E-2,7.777777777778E-2,
8.888888888889E-2,1.E-1,1.111111111111E-1,1.222222222222E-1,1.333333333333E-1,
1.444444444444E-1,1.555555555556E-1,1.666666666667E-1,1.777777777778E-1,
1.888888888889E-1,2.E-1,2.111111111111E-1,2.222222222222E-1,2.333333333333E-1,
2.444444444444E-1,2.555555555556E-1,2.666666666667E-1,2.777777777778E-1,
2.888888888889E-1,3.E-1,3.111111111111E-1,3.222222222222E-1,3.333333333333E-1,
3.444444444444E-1,3.555555555556E-1,3.666666666667E-1,3.777777777778E-1,
3.888888888889E-1,4.E-1,4.111111111111E-1,4.222222222222E-1,4.333333333333E-1,
4.444444444444E-1,4.555555555556E-1,4.666666666667E-1,4.777777777778E-1,
4.888888888889E-1,5.E-1,5.111111111111E-1,5.222222222222E-1,5.333333333333E-1,
5.444444444444E-1,5.555555555556E-1,5.666666666667E-1,5.777777777778E-1,
5.888888888889E-1,6.E-1,6.111111111111E-1,6.222222222222E-1,6.333333333333E-1,
6.444444444444E-1,6.555555555556E-1,6.666666666667E-1,6.777777777778E-1,
6.888888888889E-1,7.E-1,7.111111111111E-1,7.222222222222E-1,7.333333333333E-1,
7.444444444444E-1,7.555555555556E-1,7.666666666667E-1,7.777777777778E-1,
7.888888888889E-1,8.E-1,8.111111111111E-1,8.222222222222E-1,8.333333333333E-1,
8.444444444444E-1,8.555555555556E-1,8.666666666667E-1,8.777777777778E-1,
8.888888888889E-1,9.E-1,9.111111111111E-1,9.222222222222E-1,9.333333333333E-1,
9.444444444444E-1,9.555555555556E-1,9.666666666667E-1,9.777777777778E-1,
9.888888888889E-1,1.E0),.UNSPECIFIED.);
#1800=B_SPLINE_CURVE_WITH_KNOTS('',3,(#1792,#1793,#1794,#1795,#1796,#1797,#1798,
#1799),.UNSPECIFIED.,.F.,.F.,(4,1,1,1,1,4),(0.E0,2.376521239056E-1,
4.753042478095E-1,7.129563717150E-1,9.506084956189E-1,1.E0),.UNSPECIFIED.);
#1894=B_SPLINE_CURVE_WITH_KNOTS('',3,(#1801,#1802,#1803,#1804,#1805,#1806,#1807,
#1808,#1809,#1810,#1811,#1812,#1813,#1814,#1815,#1816,#1817,#1818,#1819,#1820,
#1821,#1822,#1823,#1824,#1825,#1826,#1827,#1828,#1829,#1830,#1831,#1832,#1833,
#1834,#1835,#1836,#1837,#1838,#1839,#1840,#1841,#1842,#1843,#1844,#1845,#1846,
#1847,#1848,#1849,#1850,#1851,#1852,#1853,#1854,#1855,#1856,#1857,#1858,#1859,
#1860,#1861,#1862,#1863,#1864,#1865,#1866,#1867,#1868,#1869,#1870,#1871,#1872,
#1873,#1874,#1875,#1876,#1877,#1878,#1879,#1880,#1881,#1882,#1883,#1884,#1885,
#1886,#1887,#1888,#1889,#1890,#1891,#1892,#1893),.UNSPECIFIED.,.F.,.F.,(4,1,1,1,
1,1,1,1,1,1,1,1,1,1,1,1,1,1,1,1,1,1,1,1,1,1,1,1,1,1,1,1,1,1,1,1,1,1,1,1,1,1,1,1,
1,1,1,1,1,1,1,1,1,1,1,1,1,1,1,1,1,1,1,1,1,1,1,1,1,1,1,1,1,1,1,1,1,1,1,1,1,1,1,1,
1,1,1,1,1,1,4),(0.E0,1.111111111111E-2,2.222222222222E-2,3.333333333333E-2,
4.444444444444E-2,5.555555555556E-2,6.666666666667E-2,7.777777777778E-2,
8.888888888889E-2,1.E-1,1.111111111111E-1,1.222222222222E-1,1.333333333333E-1,
1.444444444444E-1,1.555555555556E-1,1.666666666667E-1,1.777777777778E-1,
1.888888888889E-1,2.E-1,2.111111111111E-1,2.222222222222E-1,2.333333333333E-1,
2.444444444444E-1,2.555555555556E-1,2.666666666667E-1,2.777777777778E-1,
2.888888888889E-1,3.E-1,3.111111111111E-1,3.222222222222E-1,3.333333333333E-1,
3.444444444444E-1,3.555555555556E-1,3.666666666667E-1,3.777777777778E-1,
3.888888888889E-1,4.E-1,4.111111111111E-1,4.222222222222E-1,4.333333333333E-1,
4.444444444444E-1,4.555555555556E-1,4.666666666667E-1,4.777777777778E-1,
4.888888888889E-1,5.E-1,5.111111111111E-1,5.222222222222E-1,5.333333333333E-1,
5.444444444444E-1,5.555555555556E-1,5.666666666667E-1,5.777777777778E-1,
5.888888888889E-1,6.E-1,6.111111111111E-1,6.222222222222E-1,6.333333333333E-1,
6.444444444444E-1,6.555555555556E-1,6.666666666667E-1,6.777777777778E-1,
6.888888888889E-1,7.E-1,7.111111111111E-1,7.222222222222E-1,7.333333333333E-1,
7.444444444444E-1,7.555555555556E-1,7.666666666667E-1,7.777777777778E-1,
7.888888888889E-1,8.E-1,8.111111111111E-1,8.222222222222E-1,8.333333333333E-1,
8.444444444444E-1,8.555555555556E-1,8.666666666667E-1,8.777777777778E-1,
8.888888888889E-1,9.E-1,9.111111111111E-1,9.222222222222E-1,9.333333333333E-1,
9.444444444444E-1,9.555555555556E-1,9.666666666667E-1,9.777777777778E-1,
9.888888888889E-1,1.E0),.UNSPECIFIED.);
#1902=B_SPLINE_CURVE_WITH_KNOTS('',3,(#1895,#1896,#1897,#1898,#1899,#1900,
#1901),.UNSPECIFIED.,.F.,.F.,(4,1,1,1,4),(0.E0,2.500000000004E-1,
5.000000000008E-1,7.499999999996E-1,1.E0),.UNSPECIFIED.);
#1922=B_SPLINE_CURVE_WITH_KNOTS('',3,(#1903,#1904,#1905,#1906,#1907,#1908,#1909,
#1910,#1911,#1912,#1913,#1914,#1915,#1916,#1917,#1918,#1919,#1920,#1921),
.UNSPECIFIED.,.F.,.F.,(4,1,1,1,1,1,1,1,1,1,1,1,1,1,1,1,4),(0.E0,6.25E-2,1.25E-1,
1.875E-1,2.5E-1,3.125E-1,3.75E-1,4.375E-1,5.E-1,5.625E-1,6.25E-1,6.875E-1,
7.5E-1,8.125E-1,8.75E-1,9.375E-1,1.E0),.UNSPECIFIED.);
#1942=B_SPLINE_CURVE_WITH_KNOTS('',3,(#1923,#1924,#1925,#1926,#1927,#1928,#1929,
#1930,#1931,#1932,#1933,#1934,#1935,#1936,#1937,#1938,#1939,#1940,#1941),
.UNSPECIFIED.,.F.,.F.,(4,1,1,1,1,1,1,1,1,1,1,1,1,1,1,1,4),(0.E0,6.25E-2,1.25E-1,
1.875E-1,2.5E-1,3.125E-1,3.75E-1,4.375E-1,5.E-1,5.625E-1,6.25E-1,6.875E-1,
7.5E-1,8.125E-1,8.75E-1,9.375E-1,1.E0),.UNSPECIFIED.);
#2475=EDGE_CURVE('',#1945,#1946,#5,.T.);
#2477=EDGE_CURVE('',#1946,#1945,#10,.T.);
#2487=EDGE_CURVE('',#1945,#1948,#14,.T.);
#2489=EDGE_CURVE('',#1950,#1948,#46,.T.);
#2491=EDGE_CURVE('',#1946,#1950,#18,.T.);
#2505=EDGE_CURVE('',#1948,#1950,#23,.T.);
#2515=EDGE_CURVE('',#1948,#1952,#36,.T.);
#2518=EDGE_CURVE('',#1950,#1954,#27,.T.);
#2520=EDGE_CURVE('',#1954,#1952,#32,.T.);
#2531=EDGE_CURVE('',#1952,#1954,#41,.T.);
#2543=EDGE_CURVE('',#1957,#1958,#60,.T.);
#2545=EDGE_CURVE('',#1954,#1957,#64,.T.);
#2548=EDGE_CURVE('',#1952,#1958,#50,.T.);
#2558=EDGE_CURVE('',#1958,#1957,#55,.T.);
#2581=EDGE_CURVE('',#1961,#1964,#68,.T.);
#2583=EDGE_CURVE('',#1964,#1966,#73,.T.);
#2585=EDGE_CURVE('',#1962,#1966,#87,.T.);
#2587=EDGE_CURVE('',#1962,#1961,#78,.T.);
#2598=EDGE_CURVE('',#1961,#1962,#83,.T.);
#2601=EDGE_CURVE('',#1966,#1964,#92,.T.);
#2611=EDGE_CURVE('',#1969,#1970,#97,.T.);
#2613=EDGE_CURVE('',#1970,#1969,#102,.T.);
#2623=EDGE_CURVE('',#1970,#1972,#110,.T.);
#2626=EDGE_CURVE('',#1969,#1974,#106,.T.);
#2628=EDGE_CURVE('',#1972,#1974,#125,.T.);
#2639=EDGE_CURVE('',#1974,#1972,#120,.T.);
#2651=EDGE_CURVE('',#1972,#1976,#115,.T.);
#2653=EDGE_CURVE('',#1978,#1976,#140,.T.);
#2655=EDGE_CURVE('',#1974,#1978,#130,.T.);
#2669=EDGE_CURVE('',#1978,#1976,#135,.T.);
#2689=EDGE_CURVE('',#1982,#1984,#144,.T.);
#2691=EDGE_CURVE('',#1984,#1986,#148,.T.);
#2693=EDGE_CURVE('',#1986,#1988,#152,.T.);
#2695=EDGE_CURVE('',#1990,#1988,#491,.T.);
#2697=EDGE_CURVE('',#1990,#1992,#156,.T.);
#2699=EDGE_CURVE('',#1992,#1981,#160,.T.);
#2701=EDGE_CURVE('',#1981,#1982,#164,.T.);
#2711=EDGE_CURVE('',#2039,#2040,#169,.T.);
#2713=EDGE_CURVE('',#2040,#2042,#173,.T.);
#2715=EDGE_CURVE('',#2042,#2044,#178,.T.);
#2717=EDGE_CURVE('',#2044,#2039,#182,.T.);
#2728=EDGE_CURVE('',#2045,#2039,#210,.T.);
#2730=EDGE_CURVE('',#2045,#2047,#187,.T.);
#2732=EDGE_CURVE('',#2047,#2049,#192,.T.);
#2734=EDGE_CURVE('',#2040,#2049,#419,.T.);
#2744=EDGE_CURVE('',#2051,#2045,#196,.T.);
#2748=EDGE_CURVE('',#2044,#2051,#224,.T.);
#2758=EDGE_CURVE('',#2054,#2055,#257,.T.);
#2760=EDGE_CURVE('',#2056,#2054,#286,.T.);
#2762=EDGE_CURVE('',#2058,#2056,#303,.T.);
#2764=EDGE_CURVE('',#2045,#2058,#311,.T.);
#2767=EDGE_CURVE('',#2060,#2051,#334,.T.);
#2769=EDGE_CURVE('',#2062,#2060,#290,.T.);
#2771=EDGE_CURVE('',#2062,#2055,#248,.T.);
#2781=EDGE_CURVE('',#2055,#2054,#253,.T.);
#2792=EDGE_CURVE('',#2062,#2056,#262,.T.);
#2807=EDGE_CURVE('',#2064,#2060,#330,.T.);
#2809=EDGE_CURVE('',#2066,#2064,#325,.T.);
#2811=EDGE_CURVE('',#2066,#2068,#295,.T.);
#2813=EDGE_CURVE('',#2068,#2070,#299,.T.);
#2815=EDGE_CURVE('',#2058,#2070,#316,.T.);
#2826=EDGE_CURVE('',#2074,#2076,#348,.T.);
#2828=EDGE_CURVE('',#2073,#2074,#343,.T.);
#2830=EDGE_CURVE('',#2073,#2049,#307,.T.);
#2837=EDGE_CURVE('',#2068,#2066,#321,.T.);
#2842=EDGE_CURVE('',#2080,#2051,#447,.T.);
#2844=EDGE_CURVE('',#2079,#2080,#442,.T.);
#2846=EDGE_CURVE('',#2079,#2076,#338,.T.);
#2858=EDGE_CURVE('',#2076,#2081,#372,.T.);
#2860=EDGE_CURVE('',#2083,#2081,#401,.T.);
#2862=EDGE_CURVE('',#2073,#2083,#396,.T.);
#2872=EDGE_CURVE('',#2081,#2083,#405,.T.);
#2876=EDGE_CURVE('',#2049,#2079,#423,.T.);
#2901=EDGE_CURVE('',#2079,#2042,#437,.T.);
#2924=EDGE_CURVE('',#2090,#2091,#451,.T.);
#2926=EDGE_CURVE('',#2091,#2093,#455,.T.);
#2928=EDGE_CURVE('',#2093,#2095,#459,.T.);
#2930=EDGE_CURVE('',#2095,#2097,#463,.T.);
#2932=EDGE_CURVE('',#2097,#2099,#467,.T.);
#2934=EDGE_CURVE('',#2099,#2101,#471,.T.);
#2936=EDGE_CURVE('',#2101,#2103,#475,.T.);
#2938=EDGE_CURVE('',#2103,#2086,#479,.T.);
#2940=EDGE_CURVE('',#2086,#2087,#483,.T.);
#2942=EDGE_CURVE('',#2087,#1990,#487,.T.);
#2945=EDGE_CURVE('',#1988,#2105,#495,.T.);
#2947=EDGE_CURVE('',#2105,#2107,#499,.T.);
#2949=EDGE_CURVE('',#2107,#2090,#503,.T.);
#2959=EDGE_CURVE('',#2117,#2090,#511,.T.);
#2961=EDGE_CURVE('',#2117,#2119,#507,.T.);
#2963=EDGE_CURVE('',#2091,#2119,#1615,.T.);
#2976=EDGE_CURVE('',#2121,#2107,#531,.T.);
#2978=EDGE_CURVE('',#2123,#2121,#564,.T.);
#2980=EDGE_CURVE('',#2123,#2125,#515,.T.);
#2982=EDGE_CURVE('',#2125,#2117,#519,.T.);
#2992=EDGE_CURVE('',#2128,#2129,#523,.T.);
#2994=EDGE_CURVE('',#2129,#2121,#527,.T.);
#2998=EDGE_CURVE('',#2131,#2105,#1639,.T.);
#3000=EDGE_CURVE('',#2131,#2133,#535,.T.);
#3002=EDGE_CURVE('',#2133,#2128,#539,.T.);
#3012=EDGE_CURVE('',#2135,#2129,#543,.T.);
#3015=EDGE_CURVE('',#2128,#2137,#547,.T.);
#3017=EDGE_CURVE('',#2135,#2137,#568,.T.);
#3028=EDGE_CURVE('',#2139,#2135,#584,.T.);
#3030=EDGE_CURVE('',#2139,#2141,#552,.T.);
#3032=EDGE_CURVE('',#2143,#2141,#1573,.T.);
#3034=EDGE_CURVE('',#2145,#2143,#1561,.T.);
#3036=EDGE_CURVE('',#2147,#2145,#1557,.T.);
#3038=EDGE_CURVE('',#2147,#2149,#556,.T.);
#3040=EDGE_CURVE('',#2149,#2123,#560,.T.);
#3053=EDGE_CURVE('',#2137,#2151,#572,.T.);
#3055=EDGE_CURVE('',#2151,#2153,#576,.T.);
#3057=EDGE_CURVE('',#2110,#2153,#1607,.T.);
#3059=EDGE_CURVE('',#2110,#2115,#580,.T.);
#3061=EDGE_CURVE('',#2139,#2115,#1598,.T.);
#3072=EDGE_CURVE('',#2151,#2133,#601,.T.);
#3085=EDGE_CURVE('',#1984,#2026,#588,.T.);
#3087=EDGE_CURVE('',#2155,#2026,#621,.T.);
#3089=EDGE_CURVE('',#2157,#2155,#1533,.T.);
#3091=EDGE_CURVE('',#2159,#2157,#1549,.T.);
#3093=EDGE_CURVE('',#2159,#2161,#592,.T.);
#3095=EDGE_CURVE('',#2163,#2161,#1581,.T.);
#3097=EDGE_CURVE('',#2163,#2153,#597,.T.);
#3102=EDGE_CURVE('',#1986,#2131,#1635,.T.);
#3113=EDGE_CURVE('',#2026,#2028,#605,.T.);
#3115=EDGE_CURVE('',#2028,#2165,#609,.T.);
#3117=EDGE_CURVE('',#2165,#2167,#613,.T.);
#3119=EDGE_CURVE('',#2167,#2099,#617,.T.);
#3122=EDGE_CURVE('',#2155,#2097,#1537,.T.);
#3133=EDGE_CURVE('',#2034,#2032,#625,.T.);
#3135=EDGE_CURVE('',#2032,#2171,#629,.T.);
#3137=EDGE_CURVE('',#2171,#2173,#633,.T.);
#3139=EDGE_CURVE('',#2175,#2173,#726,.T.);
#3141=EDGE_CURVE('',#2175,#2177,#637,.T.);
#3143=EDGE_CURVE('',#2177,#2169,#641,.T.);
#3145=EDGE_CURVE('',#2169,#2034,#645,.T.);
#3155=EDGE_CURVE('',#2032,#2031,#649,.T.);
#3157=EDGE_CURVE('',#2179,#2031,#682,.T.);
#3159=EDGE_CURVE('',#2181,#2179,#884,.T.);
#3161=EDGE_CURVE('',#2183,#2181,#872,.T.);
#3163=EDGE_CURVE('',#2183,#2185,#653,.T.);
#3165=EDGE_CURVE('',#2187,#2185,#848,.T.);
#3167=EDGE_CURVE('',#2187,#2189,#658,.T.);
#3169=EDGE_CURVE('',#2191,#2189,#811,.T.);
#3171=EDGE_CURVE('',#2191,#2193,#662,.T.);
#3173=EDGE_CURVE('',#2195,#2193,#770,.T.);
#3175=EDGE_CURVE('',#2171,#2195,#925,.T.);
#3186=EDGE_CURVE('',#2031,#2036,#666,.T.);
#3188=EDGE_CURVE('',#2036,#2197,#670,.T.);
#3190=EDGE_CURVE('',#2197,#2199,#674,.T.);
#3192=EDGE_CURVE('',#2199,#2201,#678,.T.);
#3194=EDGE_CURVE('',#2203,#2201,#702,.T.);
#3196=EDGE_CURVE('',#2179,#2203,#888,.T.);
#3207=EDGE_CURVE('',#2210,#2211,#686,.T.);
#3209=EDGE_CURVE('',#2211,#2213,#690,.T.);
#3211=EDGE_CURVE('',#2213,#2215,#694,.T.);
#3213=EDGE_CURVE('',#2215,#2203,#698,.T.);
#3216=EDGE_CURVE('',#2201,#2217,#706,.T.);
#3218=EDGE_CURVE('',#2217,#2219,#710,.T.);
#3220=EDGE_CURVE('',#2219,#2206,#714,.T.);
#3222=EDGE_CURVE('',#2206,#2207,#718,.T.);
#3224=EDGE_CURVE('',#2207,#2175,#722,.T.);
#3227=EDGE_CURVE('',#2173,#2221,#730,.T.);
#3229=EDGE_CURVE('',#2221,#2223,#734,.T.);
#3231=EDGE_CURVE('',#2223,#2210,#738,.T.);
#3241=EDGE_CURVE('',#2233,#2210,#746,.T.);
#3243=EDGE_CURVE('',#2233,#2235,#742,.T.);
#3245=EDGE_CURVE('',#2211,#2235,#892,.T.);
#3258=EDGE_CURVE('',#2237,#2223,#766,.T.);
#3260=EDGE_CURVE('',#2239,#2237,#799,.T.);
#3262=EDGE_CURVE('',#2239,#2241,#750,.T.);
#3264=EDGE_CURVE('',#2241,#2233,#754,.T.);
#3274=EDGE_CURVE('',#2244,#2245,#758,.T.);
#3276=EDGE_CURVE('',#2245,#2237,#762,.T.);
#3280=EDGE_CURVE('',#2195,#2221,#929,.T.);
#3283=EDGE_CURVE('',#2193,#2244,#774,.T.);
#3293=EDGE_CURVE('',#2247,#2245,#778,.T.);
#3296=EDGE_CURVE('',#2244,#2249,#782,.T.);
#3298=EDGE_CURVE('',#2247,#2249,#803,.T.);
#3309=EDGE_CURVE('',#2251,#2247,#819,.T.);
#3311=EDGE_CURVE('',#2251,#2253,#787,.T.);
#3313=EDGE_CURVE('',#2255,#2253,#840,.T.);
#3315=EDGE_CURVE('',#2257,#2255,#856,.T.);
#3317=EDGE_CURVE('',#2259,#2257,#880,.T.);
#3319=EDGE_CURVE('',#2259,#2261,#791,.T.);
#3321=EDGE_CURVE('',#2261,#2239,#795,.T.);
#3334=EDGE_CURVE('',#2249,#2191,#807,.T.);
#3337=EDGE_CURVE('',#2226,#2189,#828,.T.);
#3339=EDGE_CURVE('',#2226,#2231,#815,.T.);
#3341=EDGE_CURVE('',#2251,#2231,#921,.T.);
#3364=EDGE_CURVE('',#2227,#2226,#824,.T.);
#3368=EDGE_CURVE('',#2187,#2227,#832,.T.);
#3378=EDGE_CURVE('',#2263,#2255,#836,.T.);
#3381=EDGE_CURVE('',#2229,#2253,#917,.T.);
#3383=EDGE_CURVE('',#2229,#2227,#844,.T.);
#3387=EDGE_CURVE('',#2185,#2263,#852,.T.);
#3399=EDGE_CURVE('',#2263,#2265,#860,.T.);
#3401=EDGE_CURVE('',#2257,#2265,#864,.T.);
#3412=EDGE_CURVE('',#2265,#2183,#868,.T.);
#3427=EDGE_CURVE('',#2181,#2215,#876,.T.);
#3430=EDGE_CURVE('',#2259,#2213,#900,.T.);
#3454=EDGE_CURVE('',#2267,#2235,#904,.T.);
#3456=EDGE_CURVE('',#2267,#2261,#896,.T.);
#3471=EDGE_CURVE('',#2267,#2241,#908,.T.);
#3494=EDGE_CURVE('',#2231,#2229,#913,.T.);
#3519=EDGE_CURVE('',#1995,#2008,#933,.T.);
#3521=EDGE_CURVE('',#2008,#2278,#937,.T.);
#3523=EDGE_CURVE('',#2278,#2279,#941,.T.);
#3525=EDGE_CURVE('',#2279,#2275,#945,.T.);
#3527=EDGE_CURVE('',#2275,#2271,#949,.T.);
#3529=EDGE_CURVE('',#2271,#2006,#953,.T.);
#3531=EDGE_CURVE('',#2006,#2004,#957,.T.);
#3533=EDGE_CURVE('',#2285,#2004,#997,.T.);
#3535=EDGE_CURVE('',#2285,#2287,#961,.T.);
#3537=EDGE_CURVE('',#2287,#1995,#965,.T.);
#3547=EDGE_CURVE('',#2004,#2002,#969,.T.);
#3549=EDGE_CURVE('',#2002,#2289,#973,.T.);
#3551=EDGE_CURVE('',#2289,#2291,#977,.T.);
#3553=EDGE_CURVE('',#2291,#2293,#981,.T.);
#3555=EDGE_CURVE('',#2293,#2295,#985,.T.);
#3557=EDGE_CURVE('',#2295,#2297,#989,.T.);
#3559=EDGE_CURVE('',#2297,#2285,#993,.T.);
#3570=EDGE_CURVE('',#1998,#1996,#1001,.T.);
#3572=EDGE_CURVE('',#1996,#2307,#1005,.T.);
#3574=EDGE_CURVE('',#2289,#2307,#1229,.T.);
#3577=EDGE_CURVE('',#2002,#2001,#1009,.T.);
#3579=EDGE_CURVE('',#2001,#2269,#1013,.T.);
#3581=EDGE_CURVE('',#2269,#2273,#1017,.T.);
#3583=EDGE_CURVE('',#2273,#2282,#1021,.T.);
#3585=EDGE_CURVE('',#2282,#2283,#1025,.T.);
#3587=EDGE_CURVE('',#2283,#1998,#1029,.T.);
#3597=EDGE_CURVE('',#1996,#1995,#1033,.T.);
#3600=EDGE_CURVE('',#2309,#2287,#1050,.T.);
#3602=EDGE_CURVE('',#2311,#2309,#1062,.T.);
#3604=EDGE_CURVE('',#2313,#2311,#1078,.T.);
#3606=EDGE_CURVE('',#2313,#2315,#1037,.T.);
#3608=EDGE_CURVE('',#2315,#2317,#1042,.T.);
#3610=EDGE_CURVE('',#2317,#2319,#1046,.T.);
#3612=EDGE_CURVE('',#2321,#2319,#1167,.T.);
#3614=EDGE_CURVE('',#2323,#2321,#1163,.T.);
#3616=EDGE_CURVE('',#2307,#2323,#1225,.T.);
#3630=EDGE_CURVE('',#2297,#2309,#1054,.T.);
#3640=EDGE_CURVE('',#2325,#2311,#1058,.T.);
#3645=EDGE_CURVE('',#2295,#2327,#1066,.T.);
#3647=EDGE_CURVE('',#2327,#2329,#1070,.T.);
#3649=EDGE_CURVE('',#2329,#2325,#1074,.T.);
#3661=EDGE_CURVE('',#2325,#2331,#1082,.T.);
#3663=EDGE_CURVE('',#2313,#2331,#1200,.T.);
#3673=EDGE_CURVE('',#2333,#2329,#1086,.T.);
#3675=EDGE_CURVE('',#2331,#2333,#1204,.T.);
#3689=EDGE_CURVE('',#2335,#2327,#1107,.T.);
#3691=EDGE_CURVE('',#2337,#2335,#1155,.T.);
#3693=EDGE_CURVE('',#2337,#2339,#1090,.T.);
#3695=EDGE_CURVE('',#2339,#2341,#1094,.T.);
#3697=EDGE_CURVE('',#2341,#2343,#1099,.T.);
#3699=EDGE_CURVE('',#2343,#2333,#1103,.T.);
#3710=EDGE_CURVE('',#2345,#2327,#1119,.T.);
#3712=EDGE_CURVE('',#2347,#2345,#1123,.T.);
#3714=EDGE_CURVE('',#2347,#2335,#1111,.T.);
#3724=EDGE_CURVE('',#2349,#2345,#1115,.T.);
#3728=EDGE_CURVE('',#2349,#2295,#1135,.T.);
#3740=EDGE_CURVE('',#2351,#2349,#1131,.T.);
#3742=EDGE_CURVE('',#2351,#2347,#1127,.T.);
#3753=EDGE_CURVE('',#2351,#2293,#1143,.T.);
#3765=EDGE_CURVE('',#2293,#2335,#1139,.T.);
#3778=EDGE_CURVE('',#2321,#2353,#1147,.T.);
#3780=EDGE_CURVE('',#2353,#2337,#1151,.T.);
#3785=EDGE_CURVE('',#2291,#2323,#1159,.T.);
#3797=EDGE_CURVE('',#2355,#2319,#1175,.T.);
#3799=EDGE_CURVE('',#2355,#2353,#1171,.T.);
#3812=EDGE_CURVE('',#2300,#2317,#1196,.T.);
#3814=EDGE_CURVE('',#2300,#2305,#1179,.T.);
#3816=EDGE_CURVE('',#2341,#2305,#1212,.T.);
#3819=EDGE_CURVE('',#2339,#2355,#1183,.T.);
#3830=EDGE_CURVE('',#2315,#2301,#1187,.T.);
#3832=EDGE_CURVE('',#2301,#2300,#1192,.T.);
#3846=EDGE_CURVE('',#2303,#2343,#1221,.T.);
#3848=EDGE_CURVE('',#2303,#2301,#1208,.T.);
#3862=EDGE_CURVE('',#2305,#2303,#1217,.T.);
#3897=EDGE_CURVE('',#2011,#2024,#1233,.T.);
#3899=EDGE_CURVE('',#2024,#2366,#1237,.T.);
#3901=EDGE_CURVE('',#2366,#2367,#1241,.T.);
#3903=EDGE_CURVE('',#2367,#2363,#1245,.T.);
#3905=EDGE_CURVE('',#2363,#2359,#1249,.T.);
#3907=EDGE_CURVE('',#2359,#2022,#1253,.T.);
#3909=EDGE_CURVE('',#2022,#2020,#1257,.T.);
#3911=EDGE_CURVE('',#2373,#2020,#1297,.T.);
#3913=EDGE_CURVE('',#2373,#2375,#1261,.T.);
#3915=EDGE_CURVE('',#2375,#2011,#1265,.T.);
#3925=EDGE_CURVE('',#2020,#2018,#1269,.T.);
#3927=EDGE_CURVE('',#2018,#2377,#1273,.T.);
#3929=EDGE_CURVE('',#2377,#2379,#1277,.T.);
#3931=EDGE_CURVE('',#2379,#2381,#1281,.T.);
#3933=EDGE_CURVE('',#2381,#2383,#1285,.T.);
#3935=EDGE_CURVE('',#2383,#2385,#1289,.T.);
#3937=EDGE_CURVE('',#2385,#2373,#1293,.T.);
#3948=EDGE_CURVE('',#2014,#2012,#1301,.T.);
#3950=EDGE_CURVE('',#2012,#2395,#1305,.T.);
#3952=EDGE_CURVE('',#2377,#2395,#1529,.T.);
#3955=EDGE_CURVE('',#2018,#2017,#1309,.T.);
#3957=EDGE_CURVE('',#2017,#2357,#1313,.T.);
#3959=EDGE_CURVE('',#2357,#2361,#1317,.T.);
#3961=EDGE_CURVE('',#2361,#2370,#1321,.T.);
#3963=EDGE_CURVE('',#2370,#2371,#1325,.T.);
#3965=EDGE_CURVE('',#2371,#2014,#1329,.T.);
#3975=EDGE_CURVE('',#2012,#2011,#1333,.T.);
#3978=EDGE_CURVE('',#2397,#2375,#1350,.T.);
#3980=EDGE_CURVE('',#2399,#2397,#1362,.T.);
#3982=EDGE_CURVE('',#2401,#2399,#1378,.T.);
#3984=EDGE_CURVE('',#2401,#2403,#1337,.T.);
#3986=EDGE_CURVE('',#2403,#2405,#1342,.T.);
#3988=EDGE_CURVE('',#2405,#2407,#1346,.T.);
#3990=EDGE_CURVE('',#2409,#2407,#1467,.T.);
#3992=EDGE_CURVE('',#2411,#2409,#1463,.T.);
#3994=EDGE_CURVE('',#2395,#2411,#1525,.T.);
#4008=EDGE_CURVE('',#2385,#2397,#1354,.T.);
#4018=EDGE_CURVE('',#2413,#2399,#1358,.T.);
#4023=EDGE_CURVE('',#2383,#2415,#1366,.T.);
#4025=EDGE_CURVE('',#2415,#2417,#1370,.T.);
#4027=EDGE_CURVE('',#2417,#2413,#1374,.T.);
#4039=EDGE_CURVE('',#2413,#2419,#1382,.T.);
#4041=EDGE_CURVE('',#2401,#2419,#1500,.T.);
#4051=EDGE_CURVE('',#2421,#2417,#1386,.T.);
#4053=EDGE_CURVE('',#2419,#2421,#1504,.T.);
#4067=EDGE_CURVE('',#2423,#2415,#1407,.T.);
#4069=EDGE_CURVE('',#2425,#2423,#1455,.T.);
#4071=EDGE_CURVE('',#2425,#2427,#1390,.T.);
#4073=EDGE_CURVE('',#2427,#2429,#1394,.T.);
#4075=EDGE_CURVE('',#2429,#2431,#1399,.T.);
#4077=EDGE_CURVE('',#2431,#2421,#1403,.T.);
#4088=EDGE_CURVE('',#2433,#2415,#1419,.T.);
#4090=EDGE_CURVE('',#2435,#2433,#1423,.T.);
#4092=EDGE_CURVE('',#2435,#2423,#1411,.T.);
#4102=EDGE_CURVE('',#2437,#2433,#1415,.T.);
#4106=EDGE_CURVE('',#2437,#2383,#1435,.T.);
#4118=EDGE_CURVE('',#2439,#2437,#1431,.T.);
#4120=EDGE_CURVE('',#2439,#2435,#1427,.T.);
#4131=EDGE_CURVE('',#2439,#2381,#1443,.T.);
#4143=EDGE_CURVE('',#2381,#2423,#1439,.T.);
#4156=EDGE_CURVE('',#2409,#2441,#1447,.T.);
#4158=EDGE_CURVE('',#2441,#2425,#1451,.T.);
#4163=EDGE_CURVE('',#2379,#2411,#1459,.T.);
#4175=EDGE_CURVE('',#2443,#2407,#1475,.T.);
#4177=EDGE_CURVE('',#2443,#2441,#1471,.T.);
#4190=EDGE_CURVE('',#2388,#2405,#1496,.T.);
#4192=EDGE_CURVE('',#2388,#2393,#1479,.T.);
#4194=EDGE_CURVE('',#2429,#2393,#1512,.T.);
#4197=EDGE_CURVE('',#2427,#2443,#1483,.T.);
#4208=EDGE_CURVE('',#2403,#2389,#1487,.T.);
#4210=EDGE_CURVE('',#2389,#2388,#1492,.T.);
#4224=EDGE_CURVE('',#2391,#2431,#1521,.T.);
#4226=EDGE_CURVE('',#2391,#2389,#1508,.T.);
#4240=EDGE_CURVE('',#2393,#2391,#1517,.T.);
#4276=EDGE_CURVE('',#2157,#2095,#1553,.T.);
#4288=EDGE_CURVE('',#2145,#2445,#1541,.T.);
#4290=EDGE_CURVE('',#2445,#2159,#1545,.T.);
#4295=EDGE_CURVE('',#2147,#2093,#1623,.T.);
#4307=EDGE_CURVE('',#2447,#2143,#1569,.T.);
#4309=EDGE_CURVE('',#2447,#2445,#1565,.T.);
#4322=EDGE_CURVE('',#2113,#2141,#1594,.T.);
#4324=EDGE_CURVE('',#2113,#2111,#1577,.T.);
#4326=EDGE_CURVE('',#2163,#2111,#1611,.T.);
#4329=EDGE_CURVE('',#2161,#2447,#1585,.T.);
#4339=EDGE_CURVE('',#2115,#2113,#1590,.T.);
#4352=EDGE_CURVE('',#2111,#2110,#1603,.T.);
#4378=EDGE_CURVE('',#2449,#2119,#1627,.T.);
#4380=EDGE_CURVE('',#2449,#2149,#1619,.T.);
#4395=EDGE_CURVE('',#2449,#2125,#1631,.T.);
#4430=EDGE_CURVE('',#2453,#2452,#1644,.T.);
#4432=EDGE_CURVE('',#2455,#2452,#1657,.T.);
#4434=EDGE_CURVE('',#2457,#2455,#1692,.T.);
#4436=EDGE_CURVE('',#2459,#2457,#1687,.T.);
#4438=EDGE_CURVE('',#2459,#2453,#1648,.T.);
#4448=EDGE_CURVE('',#2452,#2453,#1653,.T.);
#4451=EDGE_CURVE('',#2461,#2459,#1667,.T.);
#4453=EDGE_CURVE('',#2455,#2461,#1662,.T.);
#4464=EDGE_CURVE('',#2464,#2465,#1677,.T.);
#4466=EDGE_CURVE('',#2455,#2464,#1697,.T.);
#4470=EDGE_CURVE('',#2459,#2465,#1672,.T.);
#4481=EDGE_CURVE('',#2465,#2464,#1682,.T.);
#4577=EDGE_CURVE('',#2466,#2467,#1791,.T.);
#4579=EDGE_CURVE('',#2468,#2467,#1902,.T.);
#4581=EDGE_CURVE('',#2469,#2468,#1922,.T.);
#4583=EDGE_CURVE('',#2469,#2466,#1800,.T.);
#4638=EDGE_CURVE('',#2467,#2466,#1894,.T.);
#4641=EDGE_CURVE('',#2468,#2469,#1942,.T.);
#4659=(LENGTH_UNIT()NAMED_UNIT(*)SI_UNIT(.MILLI.,.METRE.));
#4661=(NAMED_UNIT(*)PLANE_ANGLE_UNIT()SI_UNIT($,.RADIAN.));
#4664=(NAMED_UNIT(*)SI_UNIT($,.STERADIAN.)SOLID_ANGLE_UNIT());
#4667=MANIFOLD_SURFACE_SHAPE_REPRESENTATION('',(#4658),#4666);
#4674=PRODUCT_DEFINITION('design','',#4673,#4670);
#4675=PRODUCT_DEFINITION_SHAPE('','SHAPE FOR AV900220000840K.',#4674);
#4676=SHAPE_DEFINITION_REPRESENTATION(#4675,#4667);
ENDSEC;
END-ISO-10303-21;
