ISO-10303-21;
HEADER;
FILE_DESCRIPTION((''),'2;1');
FILE_NAME('AV9SLD2611001','2012-09-25T',('jlgachon'),(''),
'PRO/ENGINEER BY PARAMETRIC TECHNOLOGY CORPORATION, 2011250',
'PRO/ENGINEER BY PARAMETRIC TECHNOLOGY CORPORATION, 2011250','');
FILE_SCHEMA(('CONFIG_CONTROL_DESIGN'));
ENDSEC;
DATA;
#1=CARTESIAN_POINT('',(0.E0,0.E0,0.E0));
#2=DIRECTION('',(0.E0,-1.E0,0.E0));
#3=DIRECTION('',(-1.E0,0.E0,0.E0));
#4=AXIS2_PLACEMENT_3D('',#1,#2,#3);
#6=CARTESIAN_POINT('',(0.E0,0.E0,0.E0));
#7=DIRECTION('',(0.E0,-1.E0,0.E0));
#8=DIRECTION('',(1.E0,0.E0,0.E0));
#9=AXIS2_PLACEMENT_3D('',#6,#7,#8);
#11=CARTESIAN_POINT('',(0.E0,0.E0,0.E0));
#12=DIRECTION('',(0.E0,1.E0,0.E0));
#13=DIRECTION('',(0.E0,0.E0,-1.E0));
#14=AXIS2_PLACEMENT_3D('',#11,#12,#13);
#16=CARTESIAN_POINT('',(0.E0,0.E0,0.E0));
#17=DIRECTION('',(0.E0,1.E0,0.E0));
#18=DIRECTION('',(0.E0,0.E0,1.E0));
#19=AXIS2_PLACEMENT_3D('',#16,#17,#18);
#21=CARTESIAN_POINT('',(0.E0,0.E0,0.E0));
#22=DIRECTION('',(0.E0,-1.E0,0.E0));
#23=DIRECTION('',(0.E0,0.E0,-1.E0));
#24=AXIS2_PLACEMENT_3D('',#21,#22,#23);
#26=CARTESIAN_POINT('',(0.E0,0.E0,0.E0));
#27=DIRECTION('',(0.E0,-1.E0,0.E0));
#28=DIRECTION('',(0.E0,0.E0,1.E0));
#29=AXIS2_PLACEMENT_3D('',#26,#27,#28);
#31=CARTESIAN_POINT('',(-7.5E0,0.E0,0.E0));
#32=CARTESIAN_POINT('',(7.5E0,0.E0,0.E0));
#33=VERTEX_POINT('',#31);
#34=VERTEX_POINT('',#32);
#35=CARTESIAN_POINT('',(0.E0,0.E0,-6.5E0));
#36=CARTESIAN_POINT('',(0.E0,0.E0,6.5E0));
#37=VERTEX_POINT('',#35);
#38=VERTEX_POINT('',#36);
#39=CARTESIAN_POINT('',(0.E0,0.E0,4.5E0));
#40=CARTESIAN_POINT('',(0.E0,0.E0,-4.5E0));
#41=VERTEX_POINT('',#39);
#42=VERTEX_POINT('',#40);
#43=CARTESIAN_POINT('',(0.E0,0.E0,0.E0));
#44=DIRECTION('',(0.E0,1.E0,0.E0));
#45=DIRECTION('',(1.E0,0.E0,0.E0));
#46=AXIS2_PLACEMENT_3D('',#43,#44,#45);
#47=PLANE('',#46);
#49=ORIENTED_EDGE('',*,*,#48,.T.);
#51=ORIENTED_EDGE('',*,*,#50,.T.);
#52=EDGE_LOOP('',(#49,#51));
#53=FACE_OUTER_BOUND('',#52,.F.);
#55=ORIENTED_EDGE('',*,*,#54,.T.);
#57=ORIENTED_EDGE('',*,*,#56,.T.);
#58=EDGE_LOOP('',(#55,#57));
#59=FACE_BOUND('',#58,.F.);
#60=ADVANCED_FACE('',(#53,#59),#47,.T.);
#61=CARTESIAN_POINT('',(0.E0,0.E0,0.E0));
#62=DIRECTION('',(0.E0,1.E0,0.E0));
#63=DIRECTION('',(1.E0,0.E0,0.E0));
#64=AXIS2_PLACEMENT_3D('',#61,#62,#63);
#65=PLANE('',#64);
#67=ORIENTED_EDGE('',*,*,#66,.T.);
#69=ORIENTED_EDGE('',*,*,#68,.T.);
#70=EDGE_LOOP('',(#67,#69));
#71=FACE_OUTER_BOUND('',#70,.F.);
#72=ADVANCED_FACE('',(#71),#65,.T.);
#73=OPEN_SHELL('',(#60,#72));
#74=CARTESIAN_POINT('',(0.E0,0.E0,0.E0));
#75=DIRECTION('',(0.E0,-1.E0,0.E0));
#76=DIRECTION('',(-1.E0,0.E0,0.E0));
#77=AXIS2_PLACEMENT_3D('',#74,#75,#76);
#79=CARTESIAN_POINT('',(0.E0,0.E0,0.E0));
#80=DIRECTION('',(0.E0,-1.E0,0.E0));
#81=DIRECTION('',(1.E0,0.E0,0.E0));
#82=AXIS2_PLACEMENT_3D('',#79,#80,#81);
#84=CARTESIAN_POINT('',(0.E0,0.E0,0.E0));
#85=DIRECTION('',(0.E0,1.E0,0.E0));
#86=DIRECTION('',(-1.E0,0.E0,0.E0));
#87=AXIS2_PLACEMENT_3D('',#84,#85,#86);
#89=CARTESIAN_POINT('',(0.E0,0.E0,0.E0));
#90=DIRECTION('',(0.E0,1.E0,0.E0));
#91=DIRECTION('',(1.E0,0.E0,0.E0));
#92=AXIS2_PLACEMENT_3D('',#89,#90,#91);
#94=CARTESIAN_POINT('',(-6.5E0,0.E0,0.E0));
#95=CARTESIAN_POINT('',(6.5E0,0.E0,0.E0));
#96=VERTEX_POINT('',#94);
#97=VERTEX_POINT('',#95);
#98=CARTESIAN_POINT('',(-4.5E0,0.E0,0.E0));
#99=CARTESIAN_POINT('',(4.5E0,0.E0,0.E0));
#100=VERTEX_POINT('',#98);
#101=VERTEX_POINT('',#99);
#102=CARTESIAN_POINT('',(0.E0,0.E0,0.E0));
#103=DIRECTION('',(0.E0,-1.E0,0.E0));
#104=DIRECTION('',(-1.E0,0.E0,0.E0));
#105=AXIS2_PLACEMENT_3D('',#102,#103,#104);
#106=PLANE('',#105);
#108=ORIENTED_EDGE('',*,*,#107,.T.);
#110=ORIENTED_EDGE('',*,*,#109,.T.);
#111=EDGE_LOOP('',(#108,#110));
#112=FACE_OUTER_BOUND('',#111,.F.);
#114=ORIENTED_EDGE('',*,*,#113,.T.);
#116=ORIENTED_EDGE('',*,*,#115,.T.);
#117=EDGE_LOOP('',(#114,#116));
#118=FACE_BOUND('',#117,.F.);
#119=ADVANCED_FACE('',(#112,#118),#106,.F.);
#120=OPEN_SHELL('',(#119));
#121=CARTESIAN_POINT('',(0.E0,-1.346E1,0.E0));
#122=DIRECTION('',(0.E0,1.E0,0.E0));
#123=DIRECTION('',(1.E0,0.E0,0.E0));
#124=AXIS2_PLACEMENT_3D('',#121,#122,#123);
#126=CARTESIAN_POINT('',(8.5E0,-1.346E1,3.648581446977E-12));
#127=DIRECTION('',(4.292443137044E-13,0.E0,-1.E0));
#128=DIRECTION('',(1.E0,0.E0,4.292443137044E-13));
#129=AXIS2_PLACEMENT_3D('',#126,#127,#128);
#131=CARTESIAN_POINT('',(-8.5E0,-1.346E1,-3.649150416277E-12));
#132=DIRECTION('',(-4.293111005582E-13,0.E0,1.E0));
#133=DIRECTION('',(-1.E0,0.E0,-4.293111005582E-13));
#134=AXIS2_PLACEMENT_3D('',#131,#132,#133);
#136=CARTESIAN_POINT('',(0.E0,-1.346E1,0.E0));
#137=DIRECTION('',(0.E0,1.E0,0.E0));
#138=DIRECTION('',(-1.E0,0.E0,0.E0));
#139=AXIS2_PLACEMENT_3D('',#136,#137,#138);
#141=DIRECTION('',(0.E0,1.E0,1.402952212679E-13));
#142=VECTOR('',#141,1.205E0);
#143=CARTESIAN_POINT('',(-8.875E0,-1.346E1,-1.690557316278E-13));
#144=LINE('',#143,#142);
#145=DIRECTION('',(0.E0,1.E0,-1.419306120303E-13));
#146=VECTOR('',#145,1.205E0);
#147=CARTESIAN_POINT('',(8.875E0,-1.346E1,1.710263974966E-13));
#148=LINE('',#147,#146);
#149=CARTESIAN_POINT('',(9.075E0,-1.2255E1,0.E0));
#150=DIRECTION('',(0.E0,0.E0,-1.E0));
#151=DIRECTION('',(-1.E0,0.E0,0.E0));
#152=AXIS2_PLACEMENT_3D('',#149,#150,#151);
#154=CARTESIAN_POINT('',(0.E0,-1.2255E1,0.E0));
#155=DIRECTION('',(0.E0,-1.E0,0.E0));
#156=DIRECTION('',(1.E0,0.E0,0.E0));
#157=AXIS2_PLACEMENT_3D('',#154,#155,#156);
#159=CARTESIAN_POINT('',(-9.075E0,-1.2255E1,0.E0));
#160=DIRECTION('',(0.E0,0.E0,1.E0));
#161=DIRECTION('',(1.E0,0.E0,0.E0));
#162=AXIS2_PLACEMENT_3D('',#159,#160,#161);
#164=CARTESIAN_POINT('',(0.E0,-1.2255E1,0.E0));
#165=DIRECTION('',(0.E0,1.E0,0.E0));
#166=DIRECTION('',(1.E0,0.E0,0.E0));
#167=AXIS2_PLACEMENT_3D('',#164,#165,#166);
#169=CARTESIAN_POINT('',(0.E0,-1.206042457755E1,0.E0));
#170=DIRECTION('',(0.E0,1.E0,0.E0));
#171=DIRECTION('',(1.E0,0.E0,0.E0));
#172=AXIS2_PLACEMENT_3D('',#169,#170,#171);
#174=DIRECTION('',(2.058536820469E-1,9.785827821844E-1,0.E0));
#175=VECTOR('',#174,1.839828587144E0);
#176=CARTESIAN_POINT('',(9.121264511001E0,-1.206042457755E1,0.E0));
#177=LINE('',#176,#175);
#178=CARTESIAN_POINT('',(0.E0,-1.206042457755E1,0.E0));
#179=DIRECTION('',(0.E0,-1.E0,0.E0));
#180=DIRECTION('',(1.E0,0.E0,0.E0));
#181=AXIS2_PLACEMENT_3D('',#178,#179,#180);
#183=DIRECTION('',(-2.058536820469E-1,9.785827821844E-1,0.E0));
#184=VECTOR('',#183,1.839828587144E0);
#185=CARTESIAN_POINT('',(-9.121264511001E0,-1.206042457755E1,0.E0));
#186=LINE('',#185,#184);
#187=DIRECTION('',(0.E0,1.E0,0.E0));
#188=VECTOR('',#187,8.16E0);
#189=CARTESIAN_POINT('',(9.5E0,-1.026E1,0.E0));
#190=LINE('',#189,#188);
#191=CARTESIAN_POINT('',(0.E0,-1.026E1,0.E0));
#192=DIRECTION('',(0.E0,-1.E0,0.E0));
#193=DIRECTION('',(1.E0,0.E0,0.E0));
#194=AXIS2_PLACEMENT_3D('',#191,#192,#193);
#196=DIRECTION('',(0.E0,1.E0,0.E0));
#197=VECTOR('',#196,8.16E0);
#198=CARTESIAN_POINT('',(-9.5E0,-1.026E1,0.E0));
#199=LINE('',#198,#197);
#200=CARTESIAN_POINT('',(0.E0,-1.026E1,0.E0));
#201=DIRECTION('',(0.E0,1.E0,0.E0));
#202=DIRECTION('',(1.E0,0.E0,0.E0));
#203=AXIS2_PLACEMENT_3D('',#200,#201,#202);
#205=CARTESIAN_POINT('',(0.E0,-2.1E0,0.E0));
#206=DIRECTION('',(0.E0,-1.E0,0.E0));
#207=DIRECTION('',(1.E0,0.E0,0.E0));
#208=AXIS2_PLACEMENT_3D('',#205,#206,#207);
#210=CARTESIAN_POINT('',(0.E0,-2.1E0,0.E0));
#211=DIRECTION('',(0.E0,1.E0,0.E0));
#212=DIRECTION('',(1.E0,0.E0,0.E0));
#213=AXIS2_PLACEMENT_3D('',#210,#211,#212);
#215=CARTESIAN_POINT('',(0.E0,-2.1E0,0.E0));
#216=DIRECTION('',(0.E0,1.E0,0.E0));
#217=DIRECTION('',(1.E0,0.E0,0.E0));
#218=AXIS2_PLACEMENT_3D('',#215,#216,#217);
#220=DIRECTION('',(0.E0,1.E0,0.E0));
#221=VECTOR('',#220,7.7E-1);
#222=CARTESIAN_POINT('',(1.1E1,-2.1E0,0.E0));
#223=LINE('',#222,#221);
#224=CARTESIAN_POINT('',(0.E0,-2.1E0,0.E0));
#225=DIRECTION('',(0.E0,-1.E0,0.E0));
#226=DIRECTION('',(1.E0,0.E0,0.E0));
#227=AXIS2_PLACEMENT_3D('',#224,#225,#226);
#229=DIRECTION('',(0.E0,1.E0,0.E0));
#230=VECTOR('',#229,7.7E-1);
#231=CARTESIAN_POINT('',(-1.1E1,-2.1E0,0.E0));
#232=LINE('',#231,#230);
#233=CARTESIAN_POINT('',(-2.201852142627E-2,-2.151700343571E1,0.E0));
#234=DIRECTION('',(0.E0,0.E0,1.E0));
#235=DIRECTION('',(4.792181965838E-1,8.776958015526E-1,0.E0));
#236=AXIS2_PLACEMENT_3D('',#233,#234,#235);
#238=CARTESIAN_POINT('',(0.E0,-1.33E0,0.E0));
#239=DIRECTION('',(0.E0,-1.E0,0.E0));
#240=DIRECTION('',(1.E0,0.E0,0.E0));
#241=AXIS2_PLACEMENT_3D('',#238,#239,#240);
#243=CARTESIAN_POINT('',(2.201852142627E-2,-2.151700343571E1,0.E0));
#244=DIRECTION('',(0.E0,0.E0,-1.E0));
#245=DIRECTION('',(-4.792181965838E-1,8.776958015526E-1,0.E0));
#246=AXIS2_PLACEMENT_3D('',#243,#244,#245);
#248=CARTESIAN_POINT('',(0.E0,-1.33E0,0.E0));
#249=DIRECTION('',(0.E0,1.E0,0.E0));
#250=DIRECTION('',(1.E0,0.E0,0.E0));
#251=AXIS2_PLACEMENT_3D('',#248,#249,#250);
#253=CARTESIAN_POINT('',(0.E0,2.000000000001E-2,0.E0));
#254=DIRECTION('',(0.E0,-1.E0,0.E0));
#255=DIRECTION('',(1.E0,0.E0,0.E0));
#256=AXIS2_PLACEMENT_3D('',#253,#254,#255);
#258=CARTESIAN_POINT('',(0.E0,2.000000000001E-2,0.E0));
#259=DIRECTION('',(0.E0,1.E0,0.E0));
#260=DIRECTION('',(1.E0,0.E0,0.E0));
#261=AXIS2_PLACEMENT_3D('',#258,#259,#260);
#263=CARTESIAN_POINT('',(0.E0,2.E-2,0.E0));
#264=DIRECTION('',(0.E0,1.E0,0.E0));
#265=DIRECTION('',(1.E0,0.E0,0.E0));
#266=AXIS2_PLACEMENT_3D('',#263,#264,#265);
#268=CARTESIAN_POINT('',(0.E0,2.E-2,0.E0));
#269=DIRECTION('',(0.E0,1.E0,0.E0));
#270=DIRECTION('',(-1.E0,0.E0,0.E0));
#271=AXIS2_PLACEMENT_3D('',#268,#269,#270);
#273=CARTESIAN_POINT('',(0.E0,-1.3835E1,0.E0));
#274=DIRECTION('',(0.E0,-1.E0,0.E0));
#275=DIRECTION('',(-1.E0,0.E0,0.E0));
#276=AXIS2_PLACEMENT_3D('',#273,#274,#275);
#278=CARTESIAN_POINT('',(0.E0,-1.3835E1,0.E0));
#279=DIRECTION('',(0.E0,-1.E0,0.E0));
#280=DIRECTION('',(1.E0,0.E0,0.E0));
#281=AXIS2_PLACEMENT_3D('',#278,#279,#280);
#283=CARTESIAN_POINT('',(0.E0,-1.3835E1,0.E0));
#284=DIRECTION('',(0.E0,1.E0,0.E0));
#285=DIRECTION('',(-1.E0,0.E0,0.E0));
#286=AXIS2_PLACEMENT_3D('',#283,#284,#285);
#288=CARTESIAN_POINT('',(0.E0,-1.3835E1,0.E0));
#289=DIRECTION('',(0.E0,1.E0,0.E0));
#290=DIRECTION('',(1.E0,0.E0,0.E0));
#291=AXIS2_PLACEMENT_3D('',#288,#289,#290);
#293=CARTESIAN_POINT('',(8.875E0,-1.2255E1,0.E0));
#294=CARTESIAN_POINT('',(9.121264511001E0,-1.206042457755E1,0.E0));
#295=VERTEX_POINT('',#293);
#296=VERTEX_POINT('',#294);
#297=CARTESIAN_POINT('',(9.5E0,-1.026E1,0.E0));
#298=VERTEX_POINT('',#297);
#299=CARTESIAN_POINT('',(9.5E0,-2.1E0,0.E0));
#300=VERTEX_POINT('',#299);
#301=CARTESIAN_POINT('',(1.1E1,-2.1E0,0.E0));
#302=CARTESIAN_POINT('',(1.1E1,-1.33E0,0.E0));
#303=VERTEX_POINT('',#301);
#304=VERTEX_POINT('',#302);
#305=CARTESIAN_POINT('',(8.05E0,2.E-2,0.E0));
#306=VERTEX_POINT('',#305);
#307=CARTESIAN_POINT('',(-8.875E0,-1.2255E1,0.E0));
#308=CARTESIAN_POINT('',(-9.121264511001E0,-1.206042457755E1,0.E0));
#309=VERTEX_POINT('',#307);
#310=VERTEX_POINT('',#308);
#311=CARTESIAN_POINT('',(-9.5E0,-1.026E1,0.E0));
#312=VERTEX_POINT('',#311);
#313=CARTESIAN_POINT('',(-9.5E0,-2.1E0,0.E0));
#314=VERTEX_POINT('',#313);
#315=CARTESIAN_POINT('',(-1.1E1,-2.1E0,0.E0));
#316=CARTESIAN_POINT('',(-1.1E1,-1.33E0,0.E0));
#317=VERTEX_POINT('',#315);
#318=VERTEX_POINT('',#316);
#319=CARTESIAN_POINT('',(-8.05E0,2.E-2,0.E0));
#320=VERTEX_POINT('',#319);
#321=CARTESIAN_POINT('',(7.65E0,2.E-2,0.E0));
#322=CARTESIAN_POINT('',(-7.65E0,2.E-2,0.E0));
#323=VERTEX_POINT('',#321);
#324=VERTEX_POINT('',#322);
#325=CARTESIAN_POINT('',(7.7E0,-1.3835E1,0.E0));
#326=CARTESIAN_POINT('',(-7.7E0,-1.3835E1,0.E0));
#327=VERTEX_POINT('',#325);
#328=VERTEX_POINT('',#326);
#329=CARTESIAN_POINT('',(-8.875E0,-1.346E1,0.E0));
#330=CARTESIAN_POINT('',(8.875E0,-1.346E1,0.E0));
#331=VERTEX_POINT('',#329);
#332=VERTEX_POINT('',#330);
#333=CARTESIAN_POINT('',(-8.5E0,-1.3835E1,0.E0));
#334=CARTESIAN_POINT('',(8.5E0,-1.3835E1,0.E0));
#335=VERTEX_POINT('',#333);
#336=VERTEX_POINT('',#334);
#337=CARTESIAN_POINT('',(0.E0,-1.4974E1,0.E0));
#338=DIRECTION('',(0.E0,1.E0,0.E0));
#339=DIRECTION('',(1.E0,0.E0,0.E0));
#340=AXIS2_PLACEMENT_3D('',#337,#338,#339);
#341=CYLINDRICAL_SURFACE('',#340,8.875E0);
#343=ORIENTED_EDGE('',*,*,#342,.F.);
#345=ORIENTED_EDGE('',*,*,#344,.T.);
#347=ORIENTED_EDGE('',*,*,#346,.T.);
#349=ORIENTED_EDGE('',*,*,#348,.F.);
#350=EDGE_LOOP('',(#343,#345,#347,#349));
#351=FACE_OUTER_BOUND('',#350,.F.);
#352=ADVANCED_FACE('',(#351),#341,.T.);
#353=CARTESIAN_POINT('',(0.E0,-1.346E1,0.E0));
#354=DIRECTION('',(0.E0,1.E0,0.E0));
#355=DIRECTION('',(9.999806661454E-1,0.E0,6.218306468355E-3));
#356=AXIS2_PLACEMENT_3D('',#353,#354,#355);
#357=TOROIDAL_SURFACE('',#356,8.5E0,3.75E-1);
#358=ORIENTED_EDGE('',*,*,#342,.T.);
#360=ORIENTED_EDGE('',*,*,#359,.T.);
#362=ORIENTED_EDGE('',*,*,#361,.F.);
#364=ORIENTED_EDGE('',*,*,#363,.F.);
#365=EDGE_LOOP('',(#358,#360,#362,#364));
#366=FACE_OUTER_BOUND('',#365,.F.);
#367=ADVANCED_FACE('',(#366),#357,.T.);
#368=CARTESIAN_POINT('',(0.E0,-1.346E1,0.E0));
#369=DIRECTION('',(0.E0,1.E0,0.E0));
#370=DIRECTION('',(-9.999806661454E-1,0.E0,-6.218306468355E-3));
#371=AXIS2_PLACEMENT_3D('',#368,#369,#370);
#372=TOROIDAL_SURFACE('',#371,8.5E0,3.75E-1);
#374=ORIENTED_EDGE('',*,*,#373,.T.);
#375=ORIENTED_EDGE('',*,*,#363,.T.);
#377=ORIENTED_EDGE('',*,*,#376,.F.);
#378=ORIENTED_EDGE('',*,*,#359,.F.);
#379=EDGE_LOOP('',(#374,#375,#377,#378));
#380=FACE_OUTER_BOUND('',#379,.F.);
#381=ADVANCED_FACE('',(#380),#372,.T.);
#382=CARTESIAN_POINT('',(0.E0,-1.4974E1,0.E0));
#383=DIRECTION('',(0.E0,1.E0,0.E0));
#384=DIRECTION('',(1.E0,0.E0,0.E0));
#385=AXIS2_PLACEMENT_3D('',#382,#383,#384);
#386=CYLINDRICAL_SURFACE('',#385,8.875E0);
#387=ORIENTED_EDGE('',*,*,#373,.F.);
#388=ORIENTED_EDGE('',*,*,#348,.T.);
#390=ORIENTED_EDGE('',*,*,#389,.F.);
#391=ORIENTED_EDGE('',*,*,#344,.F.);
#392=EDGE_LOOP('',(#387,#388,#390,#391));
#393=FACE_OUTER_BOUND('',#392,.F.);
#394=ADVANCED_FACE('',(#393),#386,.T.);
#395=CARTESIAN_POINT('',(0.E0,-1.2255E1,0.E0));
#396=DIRECTION('',(0.E0,1.E0,0.E0));
#397=DIRECTION('',(1.E0,0.E0,0.E0));
#398=AXIS2_PLACEMENT_3D('',#395,#396,#397);
#399=TOROIDAL_SURFACE('',#398,9.075E0,2.E-1);
#401=ORIENTED_EDGE('',*,*,#400,.F.);
#402=ORIENTED_EDGE('',*,*,#389,.T.);
#404=ORIENTED_EDGE('',*,*,#403,.T.);
#406=ORIENTED_EDGE('',*,*,#405,.F.);
#407=EDGE_LOOP('',(#401,#402,#404,#406));
#408=FACE_OUTER_BOUND('',#407,.F.);
#409=ADVANCED_FACE('',(#408),#399,.F.);
#410=CARTESIAN_POINT('',(0.E0,-1.2255E1,0.E0));
#411=DIRECTION('',(0.E0,1.E0,0.E0));
#412=DIRECTION('',(1.E0,0.E0,0.E0));
#413=AXIS2_PLACEMENT_3D('',#410,#411,#412);
#414=TOROIDAL_SURFACE('',#413,9.075E0,2.E-1);
#415=ORIENTED_EDGE('',*,*,#400,.T.);
#417=ORIENTED_EDGE('',*,*,#416,.T.);
#418=ORIENTED_EDGE('',*,*,#403,.F.);
#419=ORIENTED_EDGE('',*,*,#346,.F.);
#420=EDGE_LOOP('',(#415,#417,#418,#419));
#421=FACE_OUTER_BOUND('',#420,.F.);
#422=ADVANCED_FACE('',(#421),#414,.F.);
#423=CARTESIAN_POINT('',(0.E0,-1.116021228877E1,0.E0));
#424=DIRECTION('',(0.E0,1.E0,0.E0));
#425=DIRECTION('',(1.E0,0.E0,0.E0));
#426=AXIS2_PLACEMENT_3D('',#423,#424,#425);
#427=CONICAL_SURFACE('',#426,9.310632255501E0,1.187947734208E1);
#429=ORIENTED_EDGE('',*,*,#428,.T.);
#431=ORIENTED_EDGE('',*,*,#430,.T.);
#433=ORIENTED_EDGE('',*,*,#432,.F.);
#434=ORIENTED_EDGE('',*,*,#416,.F.);
#435=EDGE_LOOP('',(#429,#431,#433,#434));
#436=FACE_OUTER_BOUND('',#435,.F.);
#437=ADVANCED_FACE('',(#436),#427,.T.);
#438=CARTESIAN_POINT('',(0.E0,-1.116021228877E1,0.E0));
#439=DIRECTION('',(0.E0,1.E0,0.E0));
#440=DIRECTION('',(1.E0,0.E0,0.E0));
#441=AXIS2_PLACEMENT_3D('',#438,#439,#440);
#442=CONICAL_SURFACE('',#441,9.310632255501E0,1.187947734208E1);
#443=ORIENTED_EDGE('',*,*,#428,.F.);
#444=ORIENTED_EDGE('',*,*,#405,.T.);
#445=ORIENTED_EDGE('',*,*,#432,.T.);
#447=ORIENTED_EDGE('',*,*,#446,.F.);
#448=EDGE_LOOP('',(#443,#444,#445,#447));
#449=FACE_OUTER_BOUND('',#448,.F.);
#450=ADVANCED_FACE('',(#449),#442,.T.);
#451=CARTESIAN_POINT('',(0.E0,-1.4974E1,0.E0));
#452=DIRECTION('',(0.E0,1.E0,0.E0));
#453=DIRECTION('',(1.E0,0.E0,0.E0));
#454=AXIS2_PLACEMENT_3D('',#451,#452,#453);
#455=CYLINDRICAL_SURFACE('',#454,9.5E0);
#457=ORIENTED_EDGE('',*,*,#456,.F.);
#458=ORIENTED_EDGE('',*,*,#446,.T.);
#460=ORIENTED_EDGE('',*,*,#459,.T.);
#462=ORIENTED_EDGE('',*,*,#461,.F.);
#463=EDGE_LOOP('',(#457,#458,#460,#462));
#464=FACE_OUTER_BOUND('',#463,.F.);
#465=ADVANCED_FACE('',(#464),#455,.T.);
#466=CARTESIAN_POINT('',(0.E0,-1.4974E1,0.E0));
#467=DIRECTION('',(0.E0,1.E0,0.E0));
#468=DIRECTION('',(1.E0,0.E0,0.E0));
#469=AXIS2_PLACEMENT_3D('',#466,#467,#468);
#470=CYLINDRICAL_SURFACE('',#469,9.5E0);
#471=ORIENTED_EDGE('',*,*,#456,.T.);
#473=ORIENTED_EDGE('',*,*,#472,.T.);
#474=ORIENTED_EDGE('',*,*,#459,.F.);
#475=ORIENTED_EDGE('',*,*,#430,.F.);
#476=EDGE_LOOP('',(#471,#473,#474,#475));
#477=FACE_OUTER_BOUND('',#476,.F.);
#478=ADVANCED_FACE('',(#477),#470,.T.);
#479=CARTESIAN_POINT('',(0.E0,-2.1E0,0.E0));
#480=DIRECTION('',(0.E0,1.E0,0.E0));
#481=DIRECTION('',(1.E0,0.E0,0.E0));
#482=AXIS2_PLACEMENT_3D('',#479,#480,#481);
#483=PLANE('',#482);
#485=ORIENTED_EDGE('',*,*,#484,.T.);
#487=ORIENTED_EDGE('',*,*,#486,.F.);
#488=EDGE_LOOP('',(#485,#487));
#489=FACE_OUTER_BOUND('',#488,.F.);
#490=ORIENTED_EDGE('',*,*,#461,.T.);
#491=ORIENTED_EDGE('',*,*,#472,.F.);
#492=EDGE_LOOP('',(#490,#491));
#493=FACE_BOUND('',#492,.F.);
#494=ADVANCED_FACE('',(#489,#493),#483,.F.);
#495=CARTESIAN_POINT('',(0.E0,-1.4974E1,0.E0));
#496=DIRECTION('',(0.E0,1.E0,0.E0));
#497=DIRECTION('',(1.E0,0.E0,0.E0));
#498=AXIS2_PLACEMENT_3D('',#495,#496,#497);
#499=CYLINDRICAL_SURFACE('',#498,1.1E1);
#501=ORIENTED_EDGE('',*,*,#500,.T.);
#503=ORIENTED_EDGE('',*,*,#502,.T.);
#505=ORIENTED_EDGE('',*,*,#504,.F.);
#506=ORIENTED_EDGE('',*,*,#484,.F.);
#507=EDGE_LOOP('',(#501,#503,#505,#506));
#508=FACE_OUTER_BOUND('',#507,.F.);
#509=ADVANCED_FACE('',(#508),#499,.T.);
#510=CARTESIAN_POINT('',(0.E0,-1.4974E1,0.E0));
#511=DIRECTION('',(0.E0,1.E0,0.E0));
#512=DIRECTION('',(1.E0,0.E0,0.E0));
#513=AXIS2_PLACEMENT_3D('',#510,#511,#512);
#514=CYLINDRICAL_SURFACE('',#513,1.1E1);
#515=ORIENTED_EDGE('',*,*,#500,.F.);
#516=ORIENTED_EDGE('',*,*,#486,.T.);
#517=ORIENTED_EDGE('',*,*,#504,.T.);
#519=ORIENTED_EDGE('',*,*,#518,.F.);
#520=EDGE_LOOP('',(#515,#516,#517,#519));
#521=FACE_OUTER_BOUND('',#520,.F.);
#522=ADVANCED_FACE('',(#521),#514,.T.);
#523=CARTESIAN_POINT('',(-1.1E1,-1.33E0,0.E0));
#524=CARTESIAN_POINT('',(-1.004927398782E1,-8.109076171988E-1,0.E0));
#525=CARTESIAN_POINT('',(-9.064305538510E0,-3.601593437860E-1,0.E0));
#526=CARTESIAN_POINT('',(-8.05E0,2.E-2,0.E0));
#527=CARTESIAN_POINT('',(-1.1E1,-1.33E0,2.2E1));
#528=CARTESIAN_POINT('',(-1.004927398782E1,-8.109076171988E-1,
2.009854797564E1));
#529=CARTESIAN_POINT('',(-9.064305538510E0,-3.601593437860E-1,
1.812861107702E1));
#530=CARTESIAN_POINT('',(-8.05E0,2.E-2,1.61E1));
#531=CARTESIAN_POINT('',(1.1E1,-1.33E0,2.2E1));
#532=CARTESIAN_POINT('',(1.004927398782E1,-8.109076171988E-1,2.009854797564E1));
#533=CARTESIAN_POINT('',(9.064305538510E0,-3.601593437860E-1,1.812861107702E1));
#534=CARTESIAN_POINT('',(8.05E0,2.E-2,1.61E1));
#535=CARTESIAN_POINT('',(1.1E1,-1.33E0,0.E0));
#536=CARTESIAN_POINT('',(1.004927398782E1,-8.109076171988E-1,0.E0));
#537=CARTESIAN_POINT('',(9.064305538510E0,-3.601593437860E-1,0.E0));
#538=CARTESIAN_POINT('',(8.05E0,2.E-2,0.E0));
#539=(BOUNDED_SURFACE()B_SPLINE_SURFACE(3,3,((#523,#524,#525,#526),(#527,#528,
#529,#530),(#531,#532,#533,#534),(#535,#536,#537,#538)),.UNSPECIFIED.,.F.,.F.,
.F.)B_SPLINE_SURFACE_WITH_KNOTS((4,4),(4,4),(0.E0,1.E0),(0.E0,1.E0),
.UNSPECIFIED.)GEOMETRIC_REPRESENTATION_ITEM()RATIONAL_B_SPLINE_SURFACE(((
2.002493208264E0,1.999168930579E0,1.999168930579E0,2.002493208264E0),(
6.674977360880E-1,6.663896435262E-1,6.663896435262E-1,6.674977360880E-1),(
6.674977360880E-1,6.663896435262E-1,6.663896435262E-1,6.674977360880E-1),(
2.002493208264E0,1.999168930579E0,1.999168930579E0,2.002493208264E0)))REPRESENTATION_ITEM('')SURFACE());
#541=ORIENTED_EDGE('',*,*,#540,.F.);
#542=ORIENTED_EDGE('',*,*,#518,.T.);
#544=ORIENTED_EDGE('',*,*,#543,.T.);
#546=ORIENTED_EDGE('',*,*,#545,.F.);
#547=EDGE_LOOP('',(#541,#542,#544,#546));
#548=FACE_OUTER_BOUND('',#547,.F.);
#549=ADVANCED_FACE('',(#548),#539,.T.);
#550=CARTESIAN_POINT('',(1.1E1,-1.33E0,0.E0));
#551=CARTESIAN_POINT('',(1.004927398782E1,-8.109076171988E-1,0.E0));
#552=CARTESIAN_POINT('',(9.064305538510E0,-3.601593437860E-1,0.E0));
#553=CARTESIAN_POINT('',(8.05E0,2.E-2,0.E0));
#554=CARTESIAN_POINT('',(1.1E1,-1.33E0,-2.2E1));
#555=CARTESIAN_POINT('',(1.004927398782E1,-8.109076171988E-1,
-2.009854797564E1));
#556=CARTESIAN_POINT('',(9.064305538510E0,-3.601593437860E-1,
-1.812861107702E1));
#557=CARTESIAN_POINT('',(8.05E0,2.E-2,-1.61E1));
#558=CARTESIAN_POINT('',(-1.1E1,-1.33E0,-2.2E1));
#559=CARTESIAN_POINT('',(-1.004927398782E1,-8.109076171988E-1,
-2.009854797564E1));
#560=CARTESIAN_POINT('',(-9.064305538510E0,-3.601593437860E-1,
-1.812861107702E1));
#561=CARTESIAN_POINT('',(-8.05E0,2.E-2,-1.61E1));
#562=CARTESIAN_POINT('',(-1.1E1,-1.33E0,0.E0));
#563=CARTESIAN_POINT('',(-1.004927398782E1,-8.109076171988E-1,0.E0));
#564=CARTESIAN_POINT('',(-9.064305538510E0,-3.601593437860E-1,0.E0));
#565=CARTESIAN_POINT('',(-8.05E0,2.E-2,0.E0));
#566=(BOUNDED_SURFACE()B_SPLINE_SURFACE(3,3,((#550,#551,#552,#553),(#554,#555,
#556,#557),(#558,#559,#560,#561),(#562,#563,#564,#565)),.UNSPECIFIED.,.F.,.F.,
.F.)B_SPLINE_SURFACE_WITH_KNOTS((4,4),(4,4),(0.E0,1.E0),(0.E0,1.E0),
.UNSPECIFIED.)GEOMETRIC_REPRESENTATION_ITEM()RATIONAL_B_SPLINE_SURFACE(((
2.002493208264E0,1.999168930579E0,1.999168930579E0,2.002493208264E0),(
6.674977360880E-1,6.663896435262E-1,6.663896435262E-1,6.674977360880E-1),(
6.674977360880E-1,6.663896435262E-1,6.663896435262E-1,6.674977360880E-1),(
2.002493208264E0,1.999168930579E0,1.999168930579E0,2.002493208264E0)))REPRESENTATION_ITEM('')SURFACE());
#567=ORIENTED_EDGE('',*,*,#540,.T.);
#569=ORIENTED_EDGE('',*,*,#568,.T.);
#570=ORIENTED_EDGE('',*,*,#543,.F.);
#571=ORIENTED_EDGE('',*,*,#502,.F.);
#572=EDGE_LOOP('',(#567,#569,#570,#571));
#573=FACE_OUTER_BOUND('',#572,.F.);
#574=ADVANCED_FACE('',(#573),#566,.T.);
#575=CARTESIAN_POINT('',(0.E0,2.E-2,0.E0));
#576=DIRECTION('',(0.E0,1.E0,0.E0));
#577=DIRECTION('',(1.E0,0.E0,0.E0));
#578=AXIS2_PLACEMENT_3D('',#575,#576,#577);
#579=PLANE('',#578);
#580=ORIENTED_EDGE('',*,*,#545,.T.);
#581=ORIENTED_EDGE('',*,*,#568,.F.);
#582=EDGE_LOOP('',(#580,#581));
#583=FACE_OUTER_BOUND('',#582,.F.);
#585=ORIENTED_EDGE('',*,*,#584,.T.);
#587=ORIENTED_EDGE('',*,*,#586,.T.);
#588=EDGE_LOOP('',(#585,#587));
#589=FACE_BOUND('',#588,.F.);
#590=ADVANCED_FACE('',(#583,#589),#579,.T.);
#591=CARTESIAN_POINT('',(0.E0,-1.3835E1,0.E0));
#592=DIRECTION('',(0.E0,1.E0,0.E0));
#593=DIRECTION('',(1.E0,0.E0,0.E0));
#594=AXIS2_PLACEMENT_3D('',#591,#592,#593);
#595=PLANE('',#594);
#596=ORIENTED_EDGE('',*,*,#376,.T.);
#597=ORIENTED_EDGE('',*,*,#361,.T.);
#598=EDGE_LOOP('',(#596,#597));
#599=FACE_OUTER_BOUND('',#598,.F.);
#601=ORIENTED_EDGE('',*,*,#600,.T.);
#603=ORIENTED_EDGE('',*,*,#602,.T.);
#604=EDGE_LOOP('',(#601,#603));
#605=FACE_BOUND('',#604,.F.);
#606=ADVANCED_FACE('',(#599,#605),#595,.F.);
#607=OPEN_SHELL('',(#352,#367,#381,#394,#409,#422,#437,#450,#465,#478,#494,#509,
#522,#549,#574,#590,#606));
#608=CARTESIAN_POINT('',(0.E0,-1.346E1,0.E0));
#609=DIRECTION('',(0.E0,1.E0,0.E0));
#610=DIRECTION('',(-1.E0,0.E0,0.E0));
#611=AXIS2_PLACEMENT_3D('',#608,#609,#610);
#613=DIRECTION('',(0.E0,-1.E0,0.E0));
#614=VECTOR('',#613,2.5E0);
#615=CARTESIAN_POINT('',(-7.4E0,-1.346E1,0.E0));
#616=LINE('',#615,#614);
#617=DIRECTION('',(0.E0,-1.E0,0.E0));
#618=VECTOR('',#617,2.5E0);
#619=CARTESIAN_POINT('',(7.4E0,-1.346E1,0.E0));
#620=LINE('',#619,#618);
#621=CARTESIAN_POINT('',(0.E0,-1.346E1,0.E0));
#622=DIRECTION('',(0.E0,1.E0,0.E0));
#623=DIRECTION('',(1.E0,0.E0,0.E0));
#624=AXIS2_PLACEMENT_3D('',#621,#622,#623);
#626=CARTESIAN_POINT('',(0.E0,-1.596E1,0.E0));
#627=DIRECTION('',(0.E0,-1.E0,0.E0));
#628=DIRECTION('',(-1.E0,0.E0,0.E0));
#629=AXIS2_PLACEMENT_3D('',#626,#627,#628);
#631=CARTESIAN_POINT('',(0.E0,-1.596E1,0.E0));
#632=DIRECTION('',(0.E0,1.E0,0.E0));
#633=DIRECTION('',(-1.E0,0.E0,0.E0));
#634=AXIS2_PLACEMENT_3D('',#631,#632,#633);
#636=DIRECTION('',(-7.071067811865E-1,0.E0,7.071067811865E-1));
#637=VECTOR('',#636,7.E-1);
#638=CARTESIAN_POINT('',(5.656854249492E0,-1.596E1,-3.464823227814E0));
#639=LINE('',#638,#637);
#640=DIRECTION('',(-7.071067811865E-1,0.E0,-7.071067811865E-1));
#641=VECTOR('',#640,3.1E0);
#642=CARTESIAN_POINT('',(5.161879502662E0,-1.596E1,-2.969848480983E0));
#643=LINE('',#642,#641);
#644=DIRECTION('',(7.071067811865E-1,0.E0,-7.071067811865E-1));
#645=VECTOR('',#644,7.E-1);
#646=CARTESIAN_POINT('',(2.969848480983E0,-1.596E1,-5.161879502662E0));
#647=LINE('',#646,#645);
#648=DIRECTION('',(7.071067811865E-1,0.E0,7.071067811865E-1));
#649=VECTOR('',#648,3.1E0);
#650=CARTESIAN_POINT('',(3.464823227814E0,-1.596E1,-5.656854249492E0));
#651=LINE('',#650,#649);
#652=DIRECTION('',(-7.071067811865E-1,0.E0,7.071067811865E-1));
#653=VECTOR('',#652,7.E-1);
#654=CARTESIAN_POINT('',(-2.969848480983E0,-1.596E1,5.161879502662E0));
#655=LINE('',#654,#653);
#656=DIRECTION('',(-7.071067811865E-1,0.E0,-7.071067811865E-1));
#657=VECTOR('',#656,3.1E0);
#658=CARTESIAN_POINT('',(-3.464823227814E0,-1.596E1,5.656854249492E0));
#659=LINE('',#658,#657);
#660=DIRECTION('',(7.071067811865E-1,0.E0,-7.071067811865E-1));
#661=VECTOR('',#660,7.E-1);
#662=CARTESIAN_POINT('',(-5.656854249492E0,-1.596E1,3.464823227814E0));
#663=LINE('',#662,#661);
#664=DIRECTION('',(7.071067811865E-1,0.E0,7.071067811865E-1));
#665=VECTOR('',#664,3.1E0);
#666=CARTESIAN_POINT('',(-5.161879502662E0,-1.596E1,2.969848480983E0));
#667=LINE('',#666,#665);
#668=DIRECTION('',(0.E0,0.E0,1.E0));
#669=VECTOR('',#668,2.9E0);
#670=CARTESIAN_POINT('',(4.5E-1,-1.596E1,-1.45E0));
#671=LINE('',#670,#669);
#672=DIRECTION('',(-1.E0,0.E0,0.E0));
#673=VECTOR('',#672,9.E-1);
#674=CARTESIAN_POINT('',(4.5E-1,-1.596E1,1.45E0));
#675=LINE('',#674,#673);
#676=DIRECTION('',(0.E0,0.E0,-1.E0));
#677=VECTOR('',#676,2.9E0);
#678=CARTESIAN_POINT('',(-4.5E-1,-1.596E1,1.45E0));
#679=LINE('',#678,#677);
#680=DIRECTION('',(1.E0,0.E0,0.E0));
#681=VECTOR('',#680,9.E-1);
#682=CARTESIAN_POINT('',(-4.5E-1,-1.596E1,-1.45E0));
#683=LINE('',#682,#681);
#684=DIRECTION('',(0.E0,0.E0,1.E0));
#685=VECTOR('',#684,2.9E0);
#686=CARTESIAN_POINT('',(-4.63E0,-1.596E1,-1.45E0));
#687=LINE('',#686,#685);
#688=DIRECTION('',(-1.E0,0.E0,0.E0));
#689=VECTOR('',#688,9.E-1);
#690=CARTESIAN_POINT('',(-4.63E0,-1.596E1,1.45E0));
#691=LINE('',#690,#689);
#692=DIRECTION('',(0.E0,0.E0,-1.E0));
#693=VECTOR('',#692,2.9E0);
#694=CARTESIAN_POINT('',(-5.53E0,-1.596E1,1.45E0));
#695=LINE('',#694,#693);
#696=DIRECTION('',(1.E0,0.E0,0.E0));
#697=VECTOR('',#696,9.E-1);
#698=CARTESIAN_POINT('',(-5.53E0,-1.596E1,-1.45E0));
#699=LINE('',#698,#697);
#700=CARTESIAN_POINT('',(-7.4E0,-1.346E1,0.E0));
#701=CARTESIAN_POINT('',(-7.4E0,-1.596E1,0.E0));
#702=VERTEX_POINT('',#700);
#703=VERTEX_POINT('',#701);
#704=CARTESIAN_POINT('',(7.4E0,-1.346E1,0.E0));
#705=CARTESIAN_POINT('',(7.4E0,-1.596E1,0.E0));
#706=VERTEX_POINT('',#704);
#707=VERTEX_POINT('',#705);
#708=CARTESIAN_POINT('',(5.161879502662E0,-1.596E1,-2.969848480983E0));
#709=CARTESIAN_POINT('',(5.656854249492E0,-1.596E1,-3.464823227814E0));
#710=VERTEX_POINT('',#708);
#711=VERTEX_POINT('',#709);
#712=CARTESIAN_POINT('',(2.969848480983E0,-1.596E1,-5.161879502662E0));
#713=CARTESIAN_POINT('',(3.464823227814E0,-1.596E1,-5.656854249492E0));
#714=VERTEX_POINT('',#712);
#715=VERTEX_POINT('',#713);
#716=CARTESIAN_POINT('',(-2.969848480983E0,-1.596E1,5.161879502662E0));
#717=CARTESIAN_POINT('',(-3.464823227814E0,-1.596E1,5.656854249492E0));
#718=VERTEX_POINT('',#716);
#719=VERTEX_POINT('',#717);
#720=CARTESIAN_POINT('',(-5.161879502662E0,-1.596E1,2.969848480983E0));
#721=CARTESIAN_POINT('',(-5.656854249492E0,-1.596E1,3.464823227814E0));
#722=VERTEX_POINT('',#720);
#723=VERTEX_POINT('',#721);
#724=CARTESIAN_POINT('',(4.5E-1,-1.596E1,1.45E0));
#725=CARTESIAN_POINT('',(4.5E-1,-1.596E1,-1.45E0));
#726=VERTEX_POINT('',#724);
#727=VERTEX_POINT('',#725);
#728=CARTESIAN_POINT('',(-4.5E-1,-1.596E1,-1.45E0));
#729=VERTEX_POINT('',#728);
#730=CARTESIAN_POINT('',(-4.5E-1,-1.596E1,1.45E0));
#731=VERTEX_POINT('',#730);
#732=CARTESIAN_POINT('',(-4.63E0,-1.596E1,1.45E0));
#733=CARTESIAN_POINT('',(-4.63E0,-1.596E1,-1.45E0));
#734=VERTEX_POINT('',#732);
#735=VERTEX_POINT('',#733);
#736=CARTESIAN_POINT('',(-5.53E0,-1.596E1,-1.45E0));
#737=VERTEX_POINT('',#736);
#738=CARTESIAN_POINT('',(-5.53E0,-1.596E1,1.45E0));
#739=VERTEX_POINT('',#738);
#740=CARTESIAN_POINT('',(0.E0,-1.6255E1,0.E0));
#741=DIRECTION('',(0.E0,1.E0,0.E0));
#742=DIRECTION('',(1.E0,0.E0,0.E0));
#743=AXIS2_PLACEMENT_3D('',#740,#741,#742);
#744=CYLINDRICAL_SURFACE('',#743,7.4E0);
#746=ORIENTED_EDGE('',*,*,#745,.F.);
#748=ORIENTED_EDGE('',*,*,#747,.T.);
#750=ORIENTED_EDGE('',*,*,#749,.T.);
#752=ORIENTED_EDGE('',*,*,#751,.F.);
#753=EDGE_LOOP('',(#746,#748,#750,#752));
#754=FACE_OUTER_BOUND('',#753,.F.);
#755=ADVANCED_FACE('',(#754),#744,.T.);
#756=CARTESIAN_POINT('',(0.E0,-1.6255E1,0.E0));
#757=DIRECTION('',(0.E0,1.E0,0.E0));
#758=DIRECTION('',(1.E0,0.E0,0.E0));
#759=AXIS2_PLACEMENT_3D('',#756,#757,#758);
#760=CYLINDRICAL_SURFACE('',#759,7.4E0);
#761=ORIENTED_EDGE('',*,*,#745,.T.);
#763=ORIENTED_EDGE('',*,*,#762,.T.);
#764=ORIENTED_EDGE('',*,*,#749,.F.);
#766=ORIENTED_EDGE('',*,*,#765,.T.);
#767=EDGE_LOOP('',(#761,#763,#764,#766));
#768=FACE_OUTER_BOUND('',#767,.F.);
#769=ADVANCED_FACE('',(#768),#760,.T.);
#770=CARTESIAN_POINT('',(0.E0,-1.596E1,0.E0));
#771=DIRECTION('',(0.E0,1.E0,0.E0));
#772=DIRECTION('',(1.E0,0.E0,0.E0));
#773=AXIS2_PLACEMENT_3D('',#770,#771,#772);
#774=PLANE('',#773);
#775=ORIENTED_EDGE('',*,*,#762,.F.);
#776=ORIENTED_EDGE('',*,*,#751,.T.);
#777=EDGE_LOOP('',(#775,#776));
#778=FACE_OUTER_BOUND('',#777,.F.);
#780=ORIENTED_EDGE('',*,*,#779,.T.);
#782=ORIENTED_EDGE('',*,*,#781,.T.);
#784=ORIENTED_EDGE('',*,*,#783,.T.);
#786=ORIENTED_EDGE('',*,*,#785,.T.);
#787=EDGE_LOOP('',(#780,#782,#784,#786));
#788=FACE_BOUND('',#787,.F.);
#790=ORIENTED_EDGE('',*,*,#789,.T.);
#792=ORIENTED_EDGE('',*,*,#791,.T.);
#794=ORIENTED_EDGE('',*,*,#793,.T.);
#796=ORIENTED_EDGE('',*,*,#795,.T.);
#797=EDGE_LOOP('',(#790,#792,#794,#796));
#798=FACE_BOUND('',#797,.F.);
#800=ORIENTED_EDGE('',*,*,#799,.T.);
#802=ORIENTED_EDGE('',*,*,#801,.T.);
#804=ORIENTED_EDGE('',*,*,#803,.T.);
#806=ORIENTED_EDGE('',*,*,#805,.T.);
#807=EDGE_LOOP('',(#800,#802,#804,#806));
#808=FACE_BOUND('',#807,.F.);
#810=ORIENTED_EDGE('',*,*,#809,.T.);
#812=ORIENTED_EDGE('',*,*,#811,.T.);
#814=ORIENTED_EDGE('',*,*,#813,.T.);
#816=ORIENTED_EDGE('',*,*,#815,.T.);
#817=EDGE_LOOP('',(#810,#812,#814,#816));
#818=FACE_BOUND('',#817,.F.);
#819=ADVANCED_FACE('',(#778,#788,#798,#808,#818),#774,.F.);
#820=OPEN_SHELL('',(#755,#769,#819));
#821=CARTESIAN_POINT('',(-4.E-1,-1.821E1,0.E0));
#822=DIRECTION('',(-1.E0,0.E0,0.E0));
#823=DIRECTION('',(0.E0,0.E0,1.E0));
#824=AXIS2_PLACEMENT_3D('',#821,#822,#823);
#826=DIRECTION('',(0.E0,-1.E0,0.E0));
#827=VECTOR('',#826,8.E-1);
#828=CARTESIAN_POINT('',(-4.E-1,-1.821E1,-5.5E-1));
#829=LINE('',#828,#827);
#830=CARTESIAN_POINT('',(-4.E-1,-1.901E1,0.E0));
#831=DIRECTION('',(-1.E0,0.E0,0.E0));
#832=DIRECTION('',(0.E0,0.E0,-1.E0));
#833=AXIS2_PLACEMENT_3D('',#830,#831,#832);
#835=DIRECTION('',(0.E0,1.E0,0.E0));
#836=VECTOR('',#835,8.E-1);
#837=CARTESIAN_POINT('',(-4.E-1,-1.901E1,5.5E-1));
#838=LINE('',#837,#836);
#839=DIRECTION('',(0.E0,-7.071067811865E-1,7.071067811865E-1));
#840=VECTOR('',#839,5.656854249492E-1);
#841=CARTESIAN_POINT('',(-4.E-1,-1.966E1,-9.5E-1));
#842=LINE('',#841,#840);
#843=DIRECTION('',(0.E0,1.E0,0.E0));
#844=VECTOR('',#843,2.4E0);
#845=CARTESIAN_POINT('',(-4.E-1,-1.966E1,-9.5E-1));
#846=LINE('',#845,#844);
#847=DIRECTION('',(0.E0,0.E0,-1.E0));
#848=VECTOR('',#847,4.75E-1);
#849=CARTESIAN_POINT('',(-4.E-1,-1.726E1,-9.5E-1));
#850=LINE('',#849,#848);
#851=DIRECTION('',(0.E0,1.E0,0.E0));
#852=VECTOR('',#851,3.E0);
#853=CARTESIAN_POINT('',(-4.E-1,-1.726E1,-1.425E0));
#854=LINE('',#853,#852);
#855=DIRECTION('',(0.E0,0.E0,1.E0));
#856=VECTOR('',#855,2.75E-1);
#857=CARTESIAN_POINT('',(-4.E-1,-1.426E1,-1.425E0));
#858=LINE('',#857,#856);
#859=DIRECTION('',(0.E0,1.E0,0.E0));
#860=VECTOR('',#859,2.E-1);
#861=CARTESIAN_POINT('',(-4.E-1,-1.426E1,-1.15E0));
#862=LINE('',#861,#860);
#863=DIRECTION('',(0.E0,0.E0,1.E0));
#864=VECTOR('',#863,2.3E0);
#865=CARTESIAN_POINT('',(-4.E-1,-1.406E1,-1.15E0));
#866=LINE('',#865,#864);
#867=DIRECTION('',(0.E0,-1.E0,0.E0));
#868=VECTOR('',#867,2.E-1);
#869=CARTESIAN_POINT('',(-4.E-1,-1.406E1,1.15E0));
#870=LINE('',#869,#868);
#871=DIRECTION('',(0.E0,0.E0,1.E0));
#872=VECTOR('',#871,2.75E-1);
#873=CARTESIAN_POINT('',(-4.E-1,-1.426E1,1.15E0));
#874=LINE('',#873,#872);
#875=DIRECTION('',(0.E0,-1.E0,0.E0));
#876=VECTOR('',#875,3.E0);
#877=CARTESIAN_POINT('',(-4.E-1,-1.426E1,1.425E0));
#878=LINE('',#877,#876);
#879=DIRECTION('',(0.E0,0.E0,-1.E0));
#880=VECTOR('',#879,4.75E-1);
#881=CARTESIAN_POINT('',(-4.E-1,-1.726E1,1.425E0));
#882=LINE('',#881,#880);
#883=DIRECTION('',(0.E0,-1.E0,0.E0));
#884=VECTOR('',#883,2.4E0);
#885=CARTESIAN_POINT('',(-4.E-1,-1.726E1,9.5E-1));
#886=LINE('',#885,#884);
#887=DIRECTION('',(0.E0,7.071067811866E-1,7.071067811865E-1));
#888=VECTOR('',#887,5.656854249492E-1);
#889=CARTESIAN_POINT('',(-4.E-1,-2.006E1,5.5E-1));
#890=LINE('',#889,#888);
#891=DIRECTION('',(0.E0,0.E0,-1.E0));
#892=VECTOR('',#891,1.1E0);
#893=CARTESIAN_POINT('',(-4.E-1,-2.006E1,5.5E-1));
#894=LINE('',#893,#892);
#895=DIRECTION('',(1.E0,0.E0,0.E0));
#896=VECTOR('',#895,8.E-1);
#897=CARTESIAN_POINT('',(-4.E-1,-1.821E1,5.5E-1));
#898=LINE('',#897,#896);
#899=DIRECTION('',(1.E0,0.E0,0.E0));
#900=VECTOR('',#899,8.E-1);
#901=CARTESIAN_POINT('',(-4.E-1,-1.901E1,5.5E-1));
#902=LINE('',#901,#900);
#903=DIRECTION('',(1.E0,0.E0,0.E0));
#904=VECTOR('',#903,8.E-1);
#905=CARTESIAN_POINT('',(-4.E-1,-1.901E1,-5.5E-1));
#906=LINE('',#905,#904);
#907=DIRECTION('',(1.E0,0.E0,0.E0));
#908=VECTOR('',#907,8.E-1);
#909=CARTESIAN_POINT('',(-4.E-1,-1.821E1,-5.5E-1));
#910=LINE('',#909,#908);
#911=CARTESIAN_POINT('',(4.E-1,-1.821E1,0.E0));
#912=DIRECTION('',(-1.E0,0.E0,0.E0));
#913=DIRECTION('',(0.E0,0.E0,1.E0));
#914=AXIS2_PLACEMENT_3D('',#911,#912,#913);
#916=DIRECTION('',(0.E0,1.E0,0.E0));
#917=VECTOR('',#916,8.E-1);
#918=CARTESIAN_POINT('',(4.E-1,-1.901E1,5.5E-1));
#919=LINE('',#918,#917);
#920=CARTESIAN_POINT('',(4.E-1,-1.901E1,0.E0));
#921=DIRECTION('',(-1.E0,0.E0,0.E0));
#922=DIRECTION('',(0.E0,0.E0,-1.E0));
#923=AXIS2_PLACEMENT_3D('',#920,#921,#922);
#925=DIRECTION('',(0.E0,-1.E0,0.E0));
#926=VECTOR('',#925,8.E-1);
#927=CARTESIAN_POINT('',(4.E-1,-1.821E1,-5.5E-1));
#928=LINE('',#927,#926);
#929=DIRECTION('',(0.E0,7.071067811865E-1,-7.071067811865E-1));
#930=VECTOR('',#929,5.656854249492E-1);
#931=CARTESIAN_POINT('',(4.E-1,-2.006E1,-5.5E-1));
#932=LINE('',#931,#930);
#933=DIRECTION('',(0.E0,0.E0,-1.E0));
#934=VECTOR('',#933,1.1E0);
#935=CARTESIAN_POINT('',(4.E-1,-2.006E1,5.5E-1));
#936=LINE('',#935,#934);
#937=DIRECTION('',(0.E0,-7.071067811866E-1,-7.071067811865E-1));
#938=VECTOR('',#937,5.656854249492E-1);
#939=CARTESIAN_POINT('',(4.E-1,-1.966E1,9.5E-1));
#940=LINE('',#939,#938);
#941=DIRECTION('',(0.E0,-1.E0,0.E0));
#942=VECTOR('',#941,2.4E0);
#943=CARTESIAN_POINT('',(4.E-1,-1.726E1,9.5E-1));
#944=LINE('',#943,#942);
#945=DIRECTION('',(0.E0,0.E0,-1.E0));
#946=VECTOR('',#945,4.75E-1);
#947=CARTESIAN_POINT('',(4.E-1,-1.726E1,1.425E0));
#948=LINE('',#947,#946);
#949=DIRECTION('',(0.E0,-1.E0,0.E0));
#950=VECTOR('',#949,3.E0);
#951=CARTESIAN_POINT('',(4.E-1,-1.426E1,1.425E0));
#952=LINE('',#951,#950);
#953=DIRECTION('',(0.E0,0.E0,-1.E0));
#954=VECTOR('',#953,2.75E-1);
#955=CARTESIAN_POINT('',(4.E-1,-1.426E1,1.425E0));
#956=LINE('',#955,#954);
#957=DIRECTION('',(0.E0,1.E0,0.E0));
#958=VECTOR('',#957,2.E-1);
#959=CARTESIAN_POINT('',(4.E-1,-1.426E1,1.15E0));
#960=LINE('',#959,#958);
#961=DIRECTION('',(0.E0,0.E0,-1.E0));
#962=VECTOR('',#961,2.3E0);
#963=CARTESIAN_POINT('',(4.E-1,-1.406E1,1.15E0));
#964=LINE('',#963,#962);
#965=DIRECTION('',(0.E0,-1.E0,0.E0));
#966=VECTOR('',#965,2.E-1);
#967=CARTESIAN_POINT('',(4.E-1,-1.406E1,-1.15E0));
#968=LINE('',#967,#966);
#969=DIRECTION('',(0.E0,0.E0,-1.E0));
#970=VECTOR('',#969,2.75E-1);
#971=CARTESIAN_POINT('',(4.E-1,-1.426E1,-1.15E0));
#972=LINE('',#971,#970);
#973=DIRECTION('',(0.E0,1.E0,0.E0));
#974=VECTOR('',#973,3.E0);
#975=CARTESIAN_POINT('',(4.E-1,-1.726E1,-1.425E0));
#976=LINE('',#975,#974);
#977=DIRECTION('',(0.E0,0.E0,-1.E0));
#978=VECTOR('',#977,4.75E-1);
#979=CARTESIAN_POINT('',(4.E-1,-1.726E1,-9.5E-1));
#980=LINE('',#979,#978);
#981=DIRECTION('',(0.E0,1.E0,0.E0));
#982=VECTOR('',#981,2.4E0);
#983=CARTESIAN_POINT('',(4.E-1,-1.966E1,-9.5E-1));
#984=LINE('',#983,#982);
#985=DIRECTION('',(-1.E0,0.E0,0.E0));
#986=VECTOR('',#985,8.E-1);
#987=CARTESIAN_POINT('',(4.E-1,-2.006E1,-5.5E-1));
#988=LINE('',#987,#986);
#989=DIRECTION('',(-1.E0,0.E0,0.E0));
#990=VECTOR('',#989,8.E-1);
#991=CARTESIAN_POINT('',(4.E-1,-2.006E1,5.5E-1));
#992=LINE('',#991,#990);
#993=DIRECTION('',(-1.E0,0.E0,0.E0));
#994=VECTOR('',#993,8.E-1);
#995=CARTESIAN_POINT('',(4.E-1,-1.966E1,9.5E-1));
#996=LINE('',#995,#994);
#997=DIRECTION('',(1.E0,0.E0,0.E0));
#998=VECTOR('',#997,8.E-1);
#999=CARTESIAN_POINT('',(-4.E-1,-1.726E1,9.5E-1));
#1000=LINE('',#999,#998);
#1001=DIRECTION('',(1.E0,0.E0,0.E0));
#1002=VECTOR('',#1001,8.E-1);
#1003=CARTESIAN_POINT('',(-4.E-1,-1.726E1,1.425E0));
#1004=LINE('',#1003,#1002);
#1005=DIRECTION('',(1.E0,0.E0,0.E0));
#1006=VECTOR('',#1005,8.E-1);
#1007=CARTESIAN_POINT('',(-4.E-1,-1.426E1,1.425E0));
#1008=LINE('',#1007,#1006);
#1009=DIRECTION('',(-1.E0,0.E0,0.E0));
#1010=VECTOR('',#1009,8.E-1);
#1011=CARTESIAN_POINT('',(4.E-1,-1.966E1,-9.5E-1));
#1012=LINE('',#1011,#1010);
#1013=DIRECTION('',(1.E0,0.E0,0.E0));
#1014=VECTOR('',#1013,8.E-1);
#1015=CARTESIAN_POINT('',(-4.E-1,-1.726E1,-9.5E-1));
#1016=LINE('',#1015,#1014);
#1017=DIRECTION('',(1.E0,0.E0,0.E0));
#1018=VECTOR('',#1017,8.E-1);
#1019=CARTESIAN_POINT('',(-4.E-1,-1.726E1,-1.425E0));
#1020=LINE('',#1019,#1018);
#1021=DIRECTION('',(-1.E0,0.E0,0.E0));
#1022=VECTOR('',#1021,8.E-1);
#1023=CARTESIAN_POINT('',(4.E-1,-1.426E1,-1.425E0));
#1024=LINE('',#1023,#1022);
#1025=CARTESIAN_POINT('',(-4.E-1,-1.426E1,1.425E0));
#1026=CARTESIAN_POINT('',(-4.E-1,-1.726E1,1.425E0));
#1027=VERTEX_POINT('',#1025);
#1028=VERTEX_POINT('',#1026);
#1029=CARTESIAN_POINT('',(-4.E-1,-1.726E1,9.5E-1));
#1030=VERTEX_POINT('',#1029);
#1031=CARTESIAN_POINT('',(-4.E-1,-1.726E1,-9.5E-1));
#1032=CARTESIAN_POINT('',(-4.E-1,-1.726E1,-1.425E0));
#1033=VERTEX_POINT('',#1031);
#1034=VERTEX_POINT('',#1032);
#1035=CARTESIAN_POINT('',(-4.E-1,-1.426E1,-1.425E0));
#1036=VERTEX_POINT('',#1035);
#1037=CARTESIAN_POINT('',(4.E-1,-1.426E1,1.425E0));
#1038=CARTESIAN_POINT('',(4.E-1,-1.726E1,1.425E0));
#1039=VERTEX_POINT('',#1037);
#1040=VERTEX_POINT('',#1038);
#1041=CARTESIAN_POINT('',(4.E-1,-1.726E1,9.5E-1));
#1042=VERTEX_POINT('',#1041);
#1043=CARTESIAN_POINT('',(4.E-1,-1.726E1,-9.5E-1));
#1044=CARTESIAN_POINT('',(4.E-1,-1.726E1,-1.425E0));
#1045=VERTEX_POINT('',#1043);
#1046=VERTEX_POINT('',#1044);
#1047=CARTESIAN_POINT('',(4.E-1,-1.426E1,-1.425E0));
#1048=VERTEX_POINT('',#1047);
#1049=CARTESIAN_POINT('',(-4.E-1,-1.406E1,1.15E0));
#1050=CARTESIAN_POINT('',(-4.E-1,-1.406E1,-1.15E0));
#1051=VERTEX_POINT('',#1049);
#1052=VERTEX_POINT('',#1050);
#1053=CARTESIAN_POINT('',(4.E-1,-1.406E1,1.15E0));
#1054=CARTESIAN_POINT('',(4.E-1,-1.406E1,-1.15E0));
#1055=VERTEX_POINT('',#1053);
#1056=VERTEX_POINT('',#1054);
#1057=CARTESIAN_POINT('',(-4.E-1,-1.821E1,5.5E-1));
#1058=CARTESIAN_POINT('',(-4.E-1,-1.821E1,-5.5E-1));
#1059=VERTEX_POINT('',#1057);
#1060=VERTEX_POINT('',#1058);
#1061=CARTESIAN_POINT('',(-4.E-1,-1.901E1,-5.5E-1));
#1062=VERTEX_POINT('',#1061);
#1063=CARTESIAN_POINT('',(-4.E-1,-1.901E1,5.5E-1));
#1064=VERTEX_POINT('',#1063);
#1065=CARTESIAN_POINT('',(4.E-1,-1.821E1,5.5E-1));
#1066=CARTESIAN_POINT('',(4.E-1,-1.821E1,-5.5E-1));
#1067=VERTEX_POINT('',#1065);
#1068=VERTEX_POINT('',#1066);
#1069=CARTESIAN_POINT('',(4.E-1,-1.901E1,-5.5E-1));
#1070=VERTEX_POINT('',#1069);
#1071=CARTESIAN_POINT('',(4.E-1,-1.901E1,5.5E-1));
#1072=VERTEX_POINT('',#1071);
#1073=CARTESIAN_POINT('',(-4.E-1,-1.966E1,-9.5E-1));
#1074=CARTESIAN_POINT('',(-4.E-1,-2.006E1,-5.5E-1));
#1075=VERTEX_POINT('',#1073);
#1076=VERTEX_POINT('',#1074);
#1077=CARTESIAN_POINT('',(4.E-1,-2.006E1,-5.5E-1));
#1078=VERTEX_POINT('',#1077);
#1079=CARTESIAN_POINT('',(4.E-1,-1.966E1,-9.5E-1));
#1080=VERTEX_POINT('',#1079);
#1081=CARTESIAN_POINT('',(-4.E-1,-2.006E1,5.5E-1));
#1082=CARTESIAN_POINT('',(-4.E-1,-1.966E1,9.5E-1));
#1083=VERTEX_POINT('',#1081);
#1084=VERTEX_POINT('',#1082);
#1085=CARTESIAN_POINT('',(4.E-1,-1.966E1,9.5E-1));
#1086=VERTEX_POINT('',#1085);
#1087=CARTESIAN_POINT('',(4.E-1,-2.006E1,5.5E-1));
#1088=VERTEX_POINT('',#1087);
#1089=CARTESIAN_POINT('',(-4.E-1,-1.426E1,1.15E0));
#1090=VERTEX_POINT('',#1089);
#1091=CARTESIAN_POINT('',(-4.E-1,-1.426E1,-1.15E0));
#1092=VERTEX_POINT('',#1091);
#1093=CARTESIAN_POINT('',(4.E-1,-1.426E1,1.15E0));
#1094=VERTEX_POINT('',#1093);
#1095=CARTESIAN_POINT('',(4.E-1,-1.426E1,-1.15E0));
#1096=VERTEX_POINT('',#1095);
#1097=CARTESIAN_POINT('',(-4.E-1,-1.406E1,0.E0));
#1098=DIRECTION('',(1.E0,0.E0,0.E0));
#1099=DIRECTION('',(0.E0,0.E0,-1.E0));
#1100=AXIS2_PLACEMENT_3D('',#1097,#1098,#1099);
#1101=PLANE('',#1100);
#1103=ORIENTED_EDGE('',*,*,#1102,.F.);
#1105=ORIENTED_EDGE('',*,*,#1104,.T.);
#1107=ORIENTED_EDGE('',*,*,#1106,.T.);
#1109=ORIENTED_EDGE('',*,*,#1108,.T.);
#1111=ORIENTED_EDGE('',*,*,#1110,.T.);
#1113=ORIENTED_EDGE('',*,*,#1112,.T.);
#1115=ORIENTED_EDGE('',*,*,#1114,.T.);
#1117=ORIENTED_EDGE('',*,*,#1116,.T.);
#1119=ORIENTED_EDGE('',*,*,#1118,.T.);
#1121=ORIENTED_EDGE('',*,*,#1120,.T.);
#1123=ORIENTED_EDGE('',*,*,#1122,.T.);
#1125=ORIENTED_EDGE('',*,*,#1124,.T.);
#1127=ORIENTED_EDGE('',*,*,#1126,.F.);
#1129=ORIENTED_EDGE('',*,*,#1128,.T.);
#1130=EDGE_LOOP('',(#1103,#1105,#1107,#1109,#1111,#1113,#1115,#1117,#1119,#1121,
#1123,#1125,#1127,#1129));
#1131=FACE_OUTER_BOUND('',#1130,.F.);
#1133=ORIENTED_EDGE('',*,*,#1132,.T.);
#1135=ORIENTED_EDGE('',*,*,#1134,.T.);
#1137=ORIENTED_EDGE('',*,*,#1136,.T.);
#1139=ORIENTED_EDGE('',*,*,#1138,.T.);
#1140=EDGE_LOOP('',(#1133,#1135,#1137,#1139));
#1141=FACE_BOUND('',#1140,.F.);
#1142=ADVANCED_FACE('',(#1131,#1141),#1101,.F.);
#1143=CARTESIAN_POINT('',(-4.E-1,-1.821E1,0.E0));
#1144=DIRECTION('',(1.E0,0.E0,0.E0));
#1145=DIRECTION('',(0.E0,0.E0,-1.E0));
#1146=AXIS2_PLACEMENT_3D('',#1143,#1144,#1145);
#1147=CYLINDRICAL_SURFACE('',#1146,5.5E-1);
#1148=ORIENTED_EDGE('',*,*,#1132,.F.);
#1150=ORIENTED_EDGE('',*,*,#1149,.T.);
#1152=ORIENTED_EDGE('',*,*,#1151,.T.);
#1154=ORIENTED_EDGE('',*,*,#1153,.F.);
#1155=EDGE_LOOP('',(#1148,#1150,#1152,#1154));
#1156=FACE_OUTER_BOUND('',#1155,.F.);
#1157=ADVANCED_FACE('',(#1156),#1147,.F.);
#1158=CARTESIAN_POINT('',(-4.E-1,-1.901E1,5.5E-1));
#1159=DIRECTION('',(0.E0,0.E0,-1.E0));
#1160=DIRECTION('',(0.E0,1.E0,0.E0));
#1161=AXIS2_PLACEMENT_3D('',#1158,#1159,#1160);
#1162=PLANE('',#1161);
#1163=ORIENTED_EDGE('',*,*,#1138,.F.);
#1165=ORIENTED_EDGE('',*,*,#1164,.T.);
#1167=ORIENTED_EDGE('',*,*,#1166,.T.);
#1168=ORIENTED_EDGE('',*,*,#1149,.F.);
#1169=EDGE_LOOP('',(#1163,#1165,#1167,#1168));
#1170=FACE_OUTER_BOUND('',#1169,.F.);
#1171=ADVANCED_FACE('',(#1170),#1162,.T.);
#1172=CARTESIAN_POINT('',(-4.E-1,-1.901E1,0.E0));
#1173=DIRECTION('',(1.E0,0.E0,0.E0));
#1174=DIRECTION('',(0.E0,0.E0,-1.E0));
#1175=AXIS2_PLACEMENT_3D('',#1172,#1173,#1174);
#1176=CYLINDRICAL_SURFACE('',#1175,5.5E-1);
#1177=ORIENTED_EDGE('',*,*,#1136,.F.);
#1179=ORIENTED_EDGE('',*,*,#1178,.T.);
#1181=ORIENTED_EDGE('',*,*,#1180,.T.);
#1182=ORIENTED_EDGE('',*,*,#1164,.F.);
#1183=EDGE_LOOP('',(#1177,#1179,#1181,#1182));
#1184=FACE_OUTER_BOUND('',#1183,.F.);
#1185=ADVANCED_FACE('',(#1184),#1176,.F.);
#1186=CARTESIAN_POINT('',(-4.E-1,-1.821E1,-5.5E-1));
#1187=DIRECTION('',(0.E0,0.E0,1.E0));
#1188=DIRECTION('',(0.E0,-1.E0,0.E0));
#1189=AXIS2_PLACEMENT_3D('',#1186,#1187,#1188);
#1190=PLANE('',#1189);
#1191=ORIENTED_EDGE('',*,*,#1134,.F.);
#1192=ORIENTED_EDGE('',*,*,#1153,.T.);
#1194=ORIENTED_EDGE('',*,*,#1193,.T.);
#1195=ORIENTED_EDGE('',*,*,#1178,.F.);
#1196=EDGE_LOOP('',(#1191,#1192,#1194,#1195));
#1197=FACE_OUTER_BOUND('',#1196,.F.);
#1198=ADVANCED_FACE('',(#1197),#1190,.T.);
#1199=CARTESIAN_POINT('',(4.E-1,-1.406E1,0.E0));
#1200=DIRECTION('',(1.E0,0.E0,0.E0));
#1201=DIRECTION('',(0.E0,0.E0,-1.E0));
#1202=AXIS2_PLACEMENT_3D('',#1199,#1200,#1201);
#1203=PLANE('',#1202);
#1205=ORIENTED_EDGE('',*,*,#1204,.F.);
#1207=ORIENTED_EDGE('',*,*,#1206,.F.);
#1209=ORIENTED_EDGE('',*,*,#1208,.F.);
#1211=ORIENTED_EDGE('',*,*,#1210,.F.);
#1213=ORIENTED_EDGE('',*,*,#1212,.F.);
#1215=ORIENTED_EDGE('',*,*,#1214,.F.);
#1217=ORIENTED_EDGE('',*,*,#1216,.T.);
#1219=ORIENTED_EDGE('',*,*,#1218,.T.);
#1221=ORIENTED_EDGE('',*,*,#1220,.T.);
#1223=ORIENTED_EDGE('',*,*,#1222,.T.);
#1225=ORIENTED_EDGE('',*,*,#1224,.T.);
#1227=ORIENTED_EDGE('',*,*,#1226,.F.);
#1229=ORIENTED_EDGE('',*,*,#1228,.F.);
#1231=ORIENTED_EDGE('',*,*,#1230,.F.);
#1232=EDGE_LOOP('',(#1205,#1207,#1209,#1211,#1213,#1215,#1217,#1219,#1221,#1223,
#1225,#1227,#1229,#1231));
#1233=FACE_OUTER_BOUND('',#1232,.F.);
#1234=ORIENTED_EDGE('',*,*,#1151,.F.);
#1235=ORIENTED_EDGE('',*,*,#1166,.F.);
#1236=ORIENTED_EDGE('',*,*,#1180,.F.);
#1237=ORIENTED_EDGE('',*,*,#1193,.F.);
#1238=EDGE_LOOP('',(#1234,#1235,#1236,#1237));
#1239=FACE_BOUND('',#1238,.F.);
#1240=ADVANCED_FACE('',(#1233,#1239),#1203,.T.);
#1241=CARTESIAN_POINT('',(0.E0,-1.986E1,-7.5E-1));
#1242=DIRECTION('',(0.E0,-7.071067811865E-1,-7.071067811865E-1));
#1243=DIRECTION('',(0.E0,-7.071067811865E-1,7.071067811865E-1));
#1244=AXIS2_PLACEMENT_3D('',#1241,#1242,#1243);
#1245=PLANE('',#1244);
#1246=ORIENTED_EDGE('',*,*,#1102,.T.);
#1248=ORIENTED_EDGE('',*,*,#1247,.F.);
#1249=ORIENTED_EDGE('',*,*,#1204,.T.);
#1251=ORIENTED_EDGE('',*,*,#1250,.T.);
#1252=EDGE_LOOP('',(#1246,#1248,#1249,#1251));
#1253=FACE_OUTER_BOUND('',#1252,.F.);
#1254=ADVANCED_FACE('',(#1253),#1245,.T.);
#1255=CARTESIAN_POINT('',(-4.E-1,-2.006E1,9.5E-1));
#1256=DIRECTION('',(0.E0,-1.E0,0.E0));
#1257=DIRECTION('',(0.E0,0.E0,-1.E0));
#1258=AXIS2_PLACEMENT_3D('',#1255,#1256,#1257);
#1259=PLANE('',#1258);
#1260=ORIENTED_EDGE('',*,*,#1247,.T.);
#1261=ORIENTED_EDGE('',*,*,#1128,.F.);
#1263=ORIENTED_EDGE('',*,*,#1262,.F.);
#1264=ORIENTED_EDGE('',*,*,#1206,.T.);
#1265=EDGE_LOOP('',(#1260,#1261,#1263,#1264));
#1266=FACE_OUTER_BOUND('',#1265,.F.);
#1267=ADVANCED_FACE('',(#1266),#1259,.T.);
#1268=CARTESIAN_POINT('',(0.E0,-1.986E1,7.5E-1));
#1269=DIRECTION('',(0.E0,-7.071067811865E-1,7.071067811865E-1));
#1270=DIRECTION('',(0.E0,7.071067811865E-1,7.071067811865E-1));
#1271=AXIS2_PLACEMENT_3D('',#1268,#1269,#1270);
#1272=PLANE('',#1271);
#1273=ORIENTED_EDGE('',*,*,#1126,.T.);
#1275=ORIENTED_EDGE('',*,*,#1274,.F.);
#1276=ORIENTED_EDGE('',*,*,#1208,.T.);
#1277=ORIENTED_EDGE('',*,*,#1262,.T.);
#1278=EDGE_LOOP('',(#1273,#1275,#1276,#1277));
#1279=FACE_OUTER_BOUND('',#1278,.F.);
#1280=ADVANCED_FACE('',(#1279),#1272,.T.);
#1281=CARTESIAN_POINT('',(-4.E-1,-1.726E1,9.5E-1));
#1282=DIRECTION('',(0.E0,0.E0,1.E0));
#1283=DIRECTION('',(0.E0,-1.E0,0.E0));
#1284=AXIS2_PLACEMENT_3D('',#1281,#1282,#1283);
#1285=PLANE('',#1284);
#1286=ORIENTED_EDGE('',*,*,#1274,.T.);
#1287=ORIENTED_EDGE('',*,*,#1124,.F.);
#1289=ORIENTED_EDGE('',*,*,#1288,.T.);
#1290=ORIENTED_EDGE('',*,*,#1210,.T.);
#1291=EDGE_LOOP('',(#1286,#1287,#1289,#1290));
#1292=FACE_OUTER_BOUND('',#1291,.F.);
#1293=ADVANCED_FACE('',(#1292),#1285,.T.);
#1294=CARTESIAN_POINT('',(-4.E-1,-1.726E1,1.425E0));
#1295=DIRECTION('',(0.E0,-1.E0,0.E0));
#1296=DIRECTION('',(0.E0,0.E0,-1.E0));
#1297=AXIS2_PLACEMENT_3D('',#1294,#1295,#1296);
#1298=PLANE('',#1297);
#1299=ORIENTED_EDGE('',*,*,#1122,.F.);
#1301=ORIENTED_EDGE('',*,*,#1300,.T.);
#1302=ORIENTED_EDGE('',*,*,#1212,.T.);
#1303=ORIENTED_EDGE('',*,*,#1288,.F.);
#1304=EDGE_LOOP('',(#1299,#1301,#1302,#1303));
#1305=FACE_OUTER_BOUND('',#1304,.F.);
#1306=ADVANCED_FACE('',(#1305),#1298,.T.);
#1307=CARTESIAN_POINT('',(-4.E-1,-1.426E1,1.425E0));
#1308=DIRECTION('',(0.E0,0.E0,1.E0));
#1309=DIRECTION('',(0.E0,-1.E0,0.E0));
#1310=AXIS2_PLACEMENT_3D('',#1307,#1308,#1309);
#1311=PLANE('',#1310);
#1312=ORIENTED_EDGE('',*,*,#1120,.F.);
#1314=ORIENTED_EDGE('',*,*,#1313,.T.);
#1315=ORIENTED_EDGE('',*,*,#1214,.T.);
#1316=ORIENTED_EDGE('',*,*,#1300,.F.);
#1317=EDGE_LOOP('',(#1312,#1314,#1315,#1316));
#1318=FACE_OUTER_BOUND('',#1317,.F.);
#1319=ADVANCED_FACE('',(#1318),#1311,.T.);
#1320=CARTESIAN_POINT('',(-4.E-1,-2.006E1,-9.5E-1));
#1321=DIRECTION('',(0.E0,0.E0,-1.E0));
#1322=DIRECTION('',(0.E0,1.E0,0.E0));
#1323=AXIS2_PLACEMENT_3D('',#1320,#1321,#1322);
#1324=PLANE('',#1323);
#1325=ORIENTED_EDGE('',*,*,#1250,.F.);
#1326=ORIENTED_EDGE('',*,*,#1230,.T.);
#1328=ORIENTED_EDGE('',*,*,#1327,.F.);
#1329=ORIENTED_EDGE('',*,*,#1104,.F.);
#1330=EDGE_LOOP('',(#1325,#1326,#1328,#1329));
#1331=FACE_OUTER_BOUND('',#1330,.F.);
#1332=ADVANCED_FACE('',(#1331),#1324,.T.);
#1333=CARTESIAN_POINT('',(-4.E-1,-1.726E1,-9.5E-1));
#1334=DIRECTION('',(0.E0,-1.E0,0.E0));
#1335=DIRECTION('',(0.E0,0.E0,-1.E0));
#1336=AXIS2_PLACEMENT_3D('',#1333,#1334,#1335);
#1337=PLANE('',#1336);
#1338=ORIENTED_EDGE('',*,*,#1106,.F.);
#1339=ORIENTED_EDGE('',*,*,#1327,.T.);
#1340=ORIENTED_EDGE('',*,*,#1228,.T.);
#1342=ORIENTED_EDGE('',*,*,#1341,.F.);
#1343=EDGE_LOOP('',(#1338,#1339,#1340,#1342));
#1344=FACE_OUTER_BOUND('',#1343,.F.);
#1345=ADVANCED_FACE('',(#1344),#1337,.T.);
#1346=CARTESIAN_POINT('',(-4.E-1,-1.726E1,-1.425E0));
#1347=DIRECTION('',(0.E0,0.E0,-1.E0));
#1348=DIRECTION('',(0.E0,1.E0,0.E0));
#1349=AXIS2_PLACEMENT_3D('',#1346,#1347,#1348);
#1350=PLANE('',#1349);
#1351=ORIENTED_EDGE('',*,*,#1108,.F.);
#1352=ORIENTED_EDGE('',*,*,#1341,.T.);
#1353=ORIENTED_EDGE('',*,*,#1226,.T.);
#1355=ORIENTED_EDGE('',*,*,#1354,.T.);
#1356=EDGE_LOOP('',(#1351,#1352,#1353,#1355));
#1357=FACE_OUTER_BOUND('',#1356,.F.);
#1358=ADVANCED_FACE('',(#1357),#1350,.T.);
#1359=OPEN_SHELL('',(#1142,#1157,#1171,#1185,#1198,#1240,#1254,#1267,#1280,
#1293,#1306,#1319,#1332,#1345,#1358));
#1360=CARTESIAN_POINT('',(-5.48E0,-1.821E1,0.E0));
#1361=DIRECTION('',(-1.E0,0.E0,0.E0));
#1362=DIRECTION('',(0.E0,0.E0,1.E0));
#1363=AXIS2_PLACEMENT_3D('',#1360,#1361,#1362);
#1365=DIRECTION('',(0.E0,-1.E0,0.E0));
#1366=VECTOR('',#1365,8.E-1);
#1367=CARTESIAN_POINT('',(-5.48E0,-1.821E1,-5.5E-1));
#1368=LINE('',#1367,#1366);
#1369=CARTESIAN_POINT('',(-5.48E0,-1.901E1,0.E0));
#1370=DIRECTION('',(-1.E0,0.E0,0.E0));
#1371=DIRECTION('',(0.E0,0.E0,-1.E0));
#1372=AXIS2_PLACEMENT_3D('',#1369,#1370,#1371);
#1374=DIRECTION('',(0.E0,1.E0,0.E0));
#1375=VECTOR('',#1374,8.E-1);
#1376=CARTESIAN_POINT('',(-5.48E0,-1.901E1,5.5E-1));
#1377=LINE('',#1376,#1375);
#1378=DIRECTION('',(0.E0,-7.071067811865E-1,7.071067811865E-1));
#1379=VECTOR('',#1378,5.656854249492E-1);
#1380=CARTESIAN_POINT('',(-5.48E0,-1.966E1,-9.5E-1));
#1381=LINE('',#1380,#1379);
#1382=DIRECTION('',(0.E0,1.E0,0.E0));
#1383=VECTOR('',#1382,2.4E0);
#1384=CARTESIAN_POINT('',(-5.48E0,-1.966E1,-9.5E-1));
#1385=LINE('',#1384,#1383);
#1386=DIRECTION('',(0.E0,0.E0,-1.E0));
#1387=VECTOR('',#1386,4.75E-1);
#1388=CARTESIAN_POINT('',(-5.48E0,-1.726E1,-9.5E-1));
#1389=LINE('',#1388,#1387);
#1390=DIRECTION('',(0.E0,1.E0,0.E0));
#1391=VECTOR('',#1390,3.E0);
#1392=CARTESIAN_POINT('',(-5.48E0,-1.726E1,-1.425E0));
#1393=LINE('',#1392,#1391);
#1394=DIRECTION('',(0.E0,0.E0,1.E0));
#1395=VECTOR('',#1394,2.75E-1);
#1396=CARTESIAN_POINT('',(-5.48E0,-1.426E1,-1.425E0));
#1397=LINE('',#1396,#1395);
#1398=DIRECTION('',(0.E0,1.E0,0.E0));
#1399=VECTOR('',#1398,2.E-1);
#1400=CARTESIAN_POINT('',(-5.48E0,-1.426E1,-1.15E0));
#1401=LINE('',#1400,#1399);
#1402=DIRECTION('',(0.E0,0.E0,1.E0));
#1403=VECTOR('',#1402,2.3E0);
#1404=CARTESIAN_POINT('',(-5.48E0,-1.406E1,-1.15E0));
#1405=LINE('',#1404,#1403);
#1406=DIRECTION('',(0.E0,-1.E0,0.E0));
#1407=VECTOR('',#1406,2.E-1);
#1408=CARTESIAN_POINT('',(-5.48E0,-1.406E1,1.15E0));
#1409=LINE('',#1408,#1407);
#1410=DIRECTION('',(0.E0,0.E0,1.E0));
#1411=VECTOR('',#1410,2.75E-1);
#1412=CARTESIAN_POINT('',(-5.48E0,-1.426E1,1.15E0));
#1413=LINE('',#1412,#1411);
#1414=DIRECTION('',(0.E0,-1.E0,0.E0));
#1415=VECTOR('',#1414,3.E0);
#1416=CARTESIAN_POINT('',(-5.48E0,-1.426E1,1.425E0));
#1417=LINE('',#1416,#1415);
#1418=DIRECTION('',(0.E0,0.E0,-1.E0));
#1419=VECTOR('',#1418,4.75E-1);
#1420=CARTESIAN_POINT('',(-5.48E0,-1.726E1,1.425E0));
#1421=LINE('',#1420,#1419);
#1422=DIRECTION('',(0.E0,-1.E0,0.E0));
#1423=VECTOR('',#1422,2.4E0);
#1424=CARTESIAN_POINT('',(-5.48E0,-1.726E1,9.5E-1));
#1425=LINE('',#1424,#1423);
#1426=DIRECTION('',(0.E0,7.071067811866E-1,7.071067811865E-1));
#1427=VECTOR('',#1426,5.656854249492E-1);
#1428=CARTESIAN_POINT('',(-5.48E0,-2.006E1,5.5E-1));
#1429=LINE('',#1428,#1427);
#1430=DIRECTION('',(0.E0,0.E0,-1.E0));
#1431=VECTOR('',#1430,1.1E0);
#1432=CARTESIAN_POINT('',(-5.48E0,-2.006E1,5.5E-1));
#1433=LINE('',#1432,#1431);
#1434=DIRECTION('',(1.E0,0.E0,0.E0));
#1435=VECTOR('',#1434,8.E-1);
#1436=CARTESIAN_POINT('',(-5.48E0,-1.821E1,5.5E-1));
#1437=LINE('',#1436,#1435);
#1438=DIRECTION('',(1.E0,0.E0,0.E0));
#1439=VECTOR('',#1438,8.E-1);
#1440=CARTESIAN_POINT('',(-5.48E0,-1.901E1,5.5E-1));
#1441=LINE('',#1440,#1439);
#1442=DIRECTION('',(1.E0,0.E0,0.E0));
#1443=VECTOR('',#1442,8.E-1);
#1444=CARTESIAN_POINT('',(-5.48E0,-1.901E1,-5.5E-1));
#1445=LINE('',#1444,#1443);
#1446=DIRECTION('',(1.E0,0.E0,0.E0));
#1447=VECTOR('',#1446,8.E-1);
#1448=CARTESIAN_POINT('',(-5.48E0,-1.821E1,-5.5E-1));
#1449=LINE('',#1448,#1447);
#1450=CARTESIAN_POINT('',(-4.68E0,-1.821E1,0.E0));
#1451=DIRECTION('',(-1.E0,0.E0,0.E0));
#1452=DIRECTION('',(0.E0,0.E0,1.E0));
#1453=AXIS2_PLACEMENT_3D('',#1450,#1451,#1452);
#1455=DIRECTION('',(0.E0,1.E0,0.E0));
#1456=VECTOR('',#1455,8.E-1);
#1457=CARTESIAN_POINT('',(-4.68E0,-1.901E1,5.5E-1));
#1458=LINE('',#1457,#1456);
#1459=CARTESIAN_POINT('',(-4.68E0,-1.901E1,0.E0));
#1460=DIRECTION('',(-1.E0,0.E0,0.E0));
#1461=DIRECTION('',(0.E0,0.E0,-1.E0));
#1462=AXIS2_PLACEMENT_3D('',#1459,#1460,#1461);
#1464=DIRECTION('',(0.E0,-1.E0,0.E0));
#1465=VECTOR('',#1464,8.E-1);
#1466=CARTESIAN_POINT('',(-4.68E0,-1.821E1,-5.5E-1));
#1467=LINE('',#1466,#1465);
#1468=DIRECTION('',(0.E0,7.071067811865E-1,-7.071067811865E-1));
#1469=VECTOR('',#1468,5.656854249492E-1);
#1470=CARTESIAN_POINT('',(-4.68E0,-2.006E1,-5.5E-1));
#1471=LINE('',#1470,#1469);
#1472=DIRECTION('',(0.E0,0.E0,-1.E0));
#1473=VECTOR('',#1472,1.1E0);
#1474=CARTESIAN_POINT('',(-4.68E0,-2.006E1,5.5E-1));
#1475=LINE('',#1474,#1473);
#1476=DIRECTION('',(0.E0,-7.071067811866E-1,-7.071067811865E-1));
#1477=VECTOR('',#1476,5.656854249492E-1);
#1478=CARTESIAN_POINT('',(-4.68E0,-1.966E1,9.5E-1));
#1479=LINE('',#1478,#1477);
#1480=DIRECTION('',(0.E0,-1.E0,0.E0));
#1481=VECTOR('',#1480,2.4E0);
#1482=CARTESIAN_POINT('',(-4.68E0,-1.726E1,9.5E-1));
#1483=LINE('',#1482,#1481);
#1484=DIRECTION('',(0.E0,0.E0,-1.E0));
#1485=VECTOR('',#1484,4.75E-1);
#1486=CARTESIAN_POINT('',(-4.68E0,-1.726E1,1.425E0));
#1487=LINE('',#1486,#1485);
#1488=DIRECTION('',(0.E0,-1.E0,0.E0));
#1489=VECTOR('',#1488,3.E0);
#1490=CARTESIAN_POINT('',(-4.68E0,-1.426E1,1.425E0));
#1491=LINE('',#1490,#1489);
#1492=DIRECTION('',(0.E0,0.E0,-1.E0));
#1493=VECTOR('',#1492,2.75E-1);
#1494=CARTESIAN_POINT('',(-4.68E0,-1.426E1,1.425E0));
#1495=LINE('',#1494,#1493);
#1496=DIRECTION('',(0.E0,1.E0,0.E0));
#1497=VECTOR('',#1496,2.E-1);
#1498=CARTESIAN_POINT('',(-4.68E0,-1.426E1,1.15E0));
#1499=LINE('',#1498,#1497);
#1500=DIRECTION('',(0.E0,0.E0,-1.E0));
#1501=VECTOR('',#1500,2.3E0);
#1502=CARTESIAN_POINT('',(-4.68E0,-1.406E1,1.15E0));
#1503=LINE('',#1502,#1501);
#1504=DIRECTION('',(0.E0,-1.E0,0.E0));
#1505=VECTOR('',#1504,2.E-1);
#1506=CARTESIAN_POINT('',(-4.68E0,-1.406E1,-1.15E0));
#1507=LINE('',#1506,#1505);
#1508=DIRECTION('',(0.E0,0.E0,-1.E0));
#1509=VECTOR('',#1508,2.75E-1);
#1510=CARTESIAN_POINT('',(-4.68E0,-1.426E1,-1.15E0));
#1511=LINE('',#1510,#1509);
#1512=DIRECTION('',(0.E0,1.E0,0.E0));
#1513=VECTOR('',#1512,3.E0);
#1514=CARTESIAN_POINT('',(-4.68E0,-1.726E1,-1.425E0));
#1515=LINE('',#1514,#1513);
#1516=DIRECTION('',(0.E0,0.E0,-1.E0));
#1517=VECTOR('',#1516,4.75E-1);
#1518=CARTESIAN_POINT('',(-4.68E0,-1.726E1,-9.5E-1));
#1519=LINE('',#1518,#1517);
#1520=DIRECTION('',(0.E0,1.E0,0.E0));
#1521=VECTOR('',#1520,2.4E0);
#1522=CARTESIAN_POINT('',(-4.68E0,-1.966E1,-9.5E-1));
#1523=LINE('',#1522,#1521);
#1524=DIRECTION('',(-1.E0,0.E0,0.E0));
#1525=VECTOR('',#1524,8.E-1);
#1526=CARTESIAN_POINT('',(-4.68E0,-2.006E1,-5.5E-1));
#1527=LINE('',#1526,#1525);
#1528=DIRECTION('',(-1.E0,0.E0,0.E0));
#1529=VECTOR('',#1528,8.E-1);
#1530=CARTESIAN_POINT('',(-4.68E0,-2.006E1,5.5E-1));
#1531=LINE('',#1530,#1529);
#1532=DIRECTION('',(-1.E0,0.E0,0.E0));
#1533=VECTOR('',#1532,8.E-1);
#1534=CARTESIAN_POINT('',(-4.68E0,-1.966E1,9.5E-1));
#1535=LINE('',#1534,#1533);
#1536=DIRECTION('',(1.E0,0.E0,0.E0));
#1537=VECTOR('',#1536,8.E-1);
#1538=CARTESIAN_POINT('',(-5.48E0,-1.726E1,9.5E-1));
#1539=LINE('',#1538,#1537);
#1540=DIRECTION('',(1.E0,0.E0,0.E0));
#1541=VECTOR('',#1540,8.E-1);
#1542=CARTESIAN_POINT('',(-5.48E0,-1.726E1,1.425E0));
#1543=LINE('',#1542,#1541);
#1544=DIRECTION('',(1.E0,0.E0,0.E0));
#1545=VECTOR('',#1544,8.E-1);
#1546=CARTESIAN_POINT('',(-5.48E0,-1.426E1,1.425E0));
#1547=LINE('',#1546,#1545);
#1548=DIRECTION('',(-1.E0,0.E0,0.E0));
#1549=VECTOR('',#1548,8.E-1);
#1550=CARTESIAN_POINT('',(-4.68E0,-1.966E1,-9.5E-1));
#1551=LINE('',#1550,#1549);
#1552=DIRECTION('',(1.E0,0.E0,0.E0));
#1553=VECTOR('',#1552,8.E-1);
#1554=CARTESIAN_POINT('',(-5.48E0,-1.726E1,-9.5E-1));
#1555=LINE('',#1554,#1553);
#1556=DIRECTION('',(1.E0,0.E0,0.E0));
#1557=VECTOR('',#1556,8.E-1);
#1558=CARTESIAN_POINT('',(-5.48E0,-1.726E1,-1.425E0));
#1559=LINE('',#1558,#1557);
#1560=DIRECTION('',(-1.E0,0.E0,0.E0));
#1561=VECTOR('',#1560,8.E-1);
#1562=CARTESIAN_POINT('',(-4.68E0,-1.426E1,-1.425E0));
#1563=LINE('',#1562,#1561);
#1564=CARTESIAN_POINT('',(-5.48E0,-1.426E1,1.425E0));
#1565=CARTESIAN_POINT('',(-5.48E0,-1.726E1,1.425E0));
#1566=VERTEX_POINT('',#1564);
#1567=VERTEX_POINT('',#1565);
#1568=CARTESIAN_POINT('',(-5.48E0,-1.726E1,9.5E-1));
#1569=VERTEX_POINT('',#1568);
#1570=CARTESIAN_POINT('',(-5.48E0,-1.726E1,-9.5E-1));
#1571=CARTESIAN_POINT('',(-5.48E0,-1.726E1,-1.425E0));
#1572=VERTEX_POINT('',#1570);
#1573=VERTEX_POINT('',#1571);
#1574=CARTESIAN_POINT('',(-5.48E0,-1.426E1,-1.425E0));
#1575=VERTEX_POINT('',#1574);
#1576=CARTESIAN_POINT('',(-4.68E0,-1.426E1,1.425E0));
#1577=CARTESIAN_POINT('',(-4.68E0,-1.726E1,1.425E0));
#1578=VERTEX_POINT('',#1576);
#1579=VERTEX_POINT('',#1577);
#1580=CARTESIAN_POINT('',(-4.68E0,-1.726E1,9.5E-1));
#1581=VERTEX_POINT('',#1580);
#1582=CARTESIAN_POINT('',(-4.68E0,-1.726E1,-9.5E-1));
#1583=CARTESIAN_POINT('',(-4.68E0,-1.726E1,-1.425E0));
#1584=VERTEX_POINT('',#1582);
#1585=VERTEX_POINT('',#1583);
#1586=CARTESIAN_POINT('',(-4.68E0,-1.426E1,-1.425E0));
#1587=VERTEX_POINT('',#1586);
#1588=CARTESIAN_POINT('',(-5.48E0,-1.406E1,1.15E0));
#1589=CARTESIAN_POINT('',(-5.48E0,-1.406E1,-1.15E0));
#1590=VERTEX_POINT('',#1588);
#1591=VERTEX_POINT('',#1589);
#1592=CARTESIAN_POINT('',(-4.68E0,-1.406E1,1.15E0));
#1593=CARTESIAN_POINT('',(-4.68E0,-1.406E1,-1.15E0));
#1594=VERTEX_POINT('',#1592);
#1595=VERTEX_POINT('',#1593);
#1596=CARTESIAN_POINT('',(-5.48E0,-1.821E1,5.5E-1));
#1597=CARTESIAN_POINT('',(-5.48E0,-1.821E1,-5.5E-1));
#1598=VERTEX_POINT('',#1596);
#1599=VERTEX_POINT('',#1597);
#1600=CARTESIAN_POINT('',(-5.48E0,-1.901E1,-5.5E-1));
#1601=VERTEX_POINT('',#1600);
#1602=CARTESIAN_POINT('',(-5.48E0,-1.901E1,5.5E-1));
#1603=VERTEX_POINT('',#1602);
#1604=CARTESIAN_POINT('',(-4.68E0,-1.821E1,5.5E-1));
#1605=CARTESIAN_POINT('',(-4.68E0,-1.821E1,-5.5E-1));
#1606=VERTEX_POINT('',#1604);
#1607=VERTEX_POINT('',#1605);
#1608=CARTESIAN_POINT('',(-4.68E0,-1.901E1,-5.5E-1));
#1609=VERTEX_POINT('',#1608);
#1610=CARTESIAN_POINT('',(-4.68E0,-1.901E1,5.5E-1));
#1611=VERTEX_POINT('',#1610);
#1612=CARTESIAN_POINT('',(-5.48E0,-1.966E1,-9.5E-1));
#1613=CARTESIAN_POINT('',(-5.48E0,-2.006E1,-5.5E-1));
#1614=VERTEX_POINT('',#1612);
#1615=VERTEX_POINT('',#1613);
#1616=CARTESIAN_POINT('',(-4.68E0,-2.006E1,-5.5E-1));
#1617=VERTEX_POINT('',#1616);
#1618=CARTESIAN_POINT('',(-4.68E0,-1.966E1,-9.5E-1));
#1619=VERTEX_POINT('',#1618);
#1620=CARTESIAN_POINT('',(-5.48E0,-2.006E1,5.5E-1));
#1621=CARTESIAN_POINT('',(-5.48E0,-1.966E1,9.5E-1));
#1622=VERTEX_POINT('',#1620);
#1623=VERTEX_POINT('',#1621);
#1624=CARTESIAN_POINT('',(-4.68E0,-1.966E1,9.5E-1));
#1625=VERTEX_POINT('',#1624);
#1626=CARTESIAN_POINT('',(-4.68E0,-2.006E1,5.5E-1));
#1627=VERTEX_POINT('',#1626);
#1628=CARTESIAN_POINT('',(-5.48E0,-1.426E1,1.15E0));
#1629=VERTEX_POINT('',#1628);
#1630=CARTESIAN_POINT('',(-5.48E0,-1.426E1,-1.15E0));
#1631=VERTEX_POINT('',#1630);
#1632=CARTESIAN_POINT('',(-4.68E0,-1.426E1,1.15E0));
#1633=VERTEX_POINT('',#1632);
#1634=CARTESIAN_POINT('',(-4.68E0,-1.426E1,-1.15E0));
#1635=VERTEX_POINT('',#1634);
#1636=CARTESIAN_POINT('',(-5.48E0,-1.406E1,0.E0));
#1637=DIRECTION('',(1.E0,0.E0,0.E0));
#1638=DIRECTION('',(0.E0,0.E0,-1.E0));
#1639=AXIS2_PLACEMENT_3D('',#1636,#1637,#1638);
#1640=PLANE('',#1639);
#1642=ORIENTED_EDGE('',*,*,#1641,.F.);
#1644=ORIENTED_EDGE('',*,*,#1643,.T.);
#1646=ORIENTED_EDGE('',*,*,#1645,.T.);
#1648=ORIENTED_EDGE('',*,*,#1647,.T.);
#1650=ORIENTED_EDGE('',*,*,#1649,.T.);
#1652=ORIENTED_EDGE('',*,*,#1651,.T.);
#1654=ORIENTED_EDGE('',*,*,#1653,.T.);
#1656=ORIENTED_EDGE('',*,*,#1655,.T.);
#1658=ORIENTED_EDGE('',*,*,#1657,.T.);
#1660=ORIENTED_EDGE('',*,*,#1659,.T.);
#1662=ORIENTED_EDGE('',*,*,#1661,.T.);
#1664=ORIENTED_EDGE('',*,*,#1663,.T.);
#1666=ORIENTED_EDGE('',*,*,#1665,.F.);
#1668=ORIENTED_EDGE('',*,*,#1667,.T.);
#1669=EDGE_LOOP('',(#1642,#1644,#1646,#1648,#1650,#1652,#1654,#1656,#1658,#1660,
#1662,#1664,#1666,#1668));
#1670=FACE_OUTER_BOUND('',#1669,.F.);
#1672=ORIENTED_EDGE('',*,*,#1671,.T.);
#1674=ORIENTED_EDGE('',*,*,#1673,.T.);
#1676=ORIENTED_EDGE('',*,*,#1675,.T.);
#1678=ORIENTED_EDGE('',*,*,#1677,.T.);
#1679=EDGE_LOOP('',(#1672,#1674,#1676,#1678));
#1680=FACE_BOUND('',#1679,.F.);
#1681=ADVANCED_FACE('',(#1670,#1680),#1640,.F.);
#1682=CARTESIAN_POINT('',(-5.48E0,-1.821E1,0.E0));
#1683=DIRECTION('',(1.E0,0.E0,0.E0));
#1684=DIRECTION('',(0.E0,0.E0,-1.E0));
#1685=AXIS2_PLACEMENT_3D('',#1682,#1683,#1684);
#1686=CYLINDRICAL_SURFACE('',#1685,5.5E-1);
#1687=ORIENTED_EDGE('',*,*,#1671,.F.);
#1689=ORIENTED_EDGE('',*,*,#1688,.T.);
#1691=ORIENTED_EDGE('',*,*,#1690,.T.);
#1693=ORIENTED_EDGE('',*,*,#1692,.F.);
#1694=EDGE_LOOP('',(#1687,#1689,#1691,#1693));
#1695=FACE_OUTER_BOUND('',#1694,.F.);
#1696=ADVANCED_FACE('',(#1695),#1686,.F.);
#1697=CARTESIAN_POINT('',(-5.48E0,-1.901E1,5.5E-1));
#1698=DIRECTION('',(0.E0,0.E0,-1.E0));
#1699=DIRECTION('',(0.E0,1.E0,0.E0));
#1700=AXIS2_PLACEMENT_3D('',#1697,#1698,#1699);
#1701=PLANE('',#1700);
#1702=ORIENTED_EDGE('',*,*,#1677,.F.);
#1704=ORIENTED_EDGE('',*,*,#1703,.T.);
#1706=ORIENTED_EDGE('',*,*,#1705,.T.);
#1707=ORIENTED_EDGE('',*,*,#1688,.F.);
#1708=EDGE_LOOP('',(#1702,#1704,#1706,#1707));
#1709=FACE_OUTER_BOUND('',#1708,.F.);
#1710=ADVANCED_FACE('',(#1709),#1701,.T.);
#1711=CARTESIAN_POINT('',(-5.48E0,-1.901E1,0.E0));
#1712=DIRECTION('',(1.E0,0.E0,0.E0));
#1713=DIRECTION('',(0.E0,0.E0,-1.E0));
#1714=AXIS2_PLACEMENT_3D('',#1711,#1712,#1713);
#1715=CYLINDRICAL_SURFACE('',#1714,5.5E-1);
#1716=ORIENTED_EDGE('',*,*,#1675,.F.);
#1718=ORIENTED_EDGE('',*,*,#1717,.T.);
#1720=ORIENTED_EDGE('',*,*,#1719,.T.);
#1721=ORIENTED_EDGE('',*,*,#1703,.F.);
#1722=EDGE_LOOP('',(#1716,#1718,#1720,#1721));
#1723=FACE_OUTER_BOUND('',#1722,.F.);
#1724=ADVANCED_FACE('',(#1723),#1715,.F.);
#1725=CARTESIAN_POINT('',(-5.48E0,-1.821E1,-5.5E-1));
#1726=DIRECTION('',(0.E0,0.E0,1.E0));
#1727=DIRECTION('',(0.E0,-1.E0,0.E0));
#1728=AXIS2_PLACEMENT_3D('',#1725,#1726,#1727);
#1729=PLANE('',#1728);
#1730=ORIENTED_EDGE('',*,*,#1673,.F.);
#1731=ORIENTED_EDGE('',*,*,#1692,.T.);
#1733=ORIENTED_EDGE('',*,*,#1732,.T.);
#1734=ORIENTED_EDGE('',*,*,#1717,.F.);
#1735=EDGE_LOOP('',(#1730,#1731,#1733,#1734));
#1736=FACE_OUTER_BOUND('',#1735,.F.);
#1737=ADVANCED_FACE('',(#1736),#1729,.T.);
#1738=CARTESIAN_POINT('',(-4.68E0,-1.406E1,0.E0));
#1739=DIRECTION('',(1.E0,0.E0,0.E0));
#1740=DIRECTION('',(0.E0,0.E0,-1.E0));
#1741=AXIS2_PLACEMENT_3D('',#1738,#1739,#1740);
#1742=PLANE('',#1741);
#1744=ORIENTED_EDGE('',*,*,#1743,.F.);
#1746=ORIENTED_EDGE('',*,*,#1745,.F.);
#1748=ORIENTED_EDGE('',*,*,#1747,.F.);
#1750=ORIENTED_EDGE('',*,*,#1749,.F.);
#1752=ORIENTED_EDGE('',*,*,#1751,.F.);
#1754=ORIENTED_EDGE('',*,*,#1753,.F.);
#1756=ORIENTED_EDGE('',*,*,#1755,.T.);
#1758=ORIENTED_EDGE('',*,*,#1757,.T.);
#1760=ORIENTED_EDGE('',*,*,#1759,.T.);
#1762=ORIENTED_EDGE('',*,*,#1761,.T.);
#1764=ORIENTED_EDGE('',*,*,#1763,.T.);
#1766=ORIENTED_EDGE('',*,*,#1765,.F.);
#1768=ORIENTED_EDGE('',*,*,#1767,.F.);
#1770=ORIENTED_EDGE('',*,*,#1769,.F.);
#1771=EDGE_LOOP('',(#1744,#1746,#1748,#1750,#1752,#1754,#1756,#1758,#1760,#1762,
#1764,#1766,#1768,#1770));
#1772=FACE_OUTER_BOUND('',#1771,.F.);
#1773=ORIENTED_EDGE('',*,*,#1690,.F.);
#1774=ORIENTED_EDGE('',*,*,#1705,.F.);
#1775=ORIENTED_EDGE('',*,*,#1719,.F.);
#1776=ORIENTED_EDGE('',*,*,#1732,.F.);
#1777=EDGE_LOOP('',(#1773,#1774,#1775,#1776));
#1778=FACE_BOUND('',#1777,.F.);
#1779=ADVANCED_FACE('',(#1772,#1778),#1742,.T.);
#1780=CARTESIAN_POINT('',(-5.08E0,-1.986E1,-7.5E-1));
#1781=DIRECTION('',(0.E0,-7.071067811865E-1,-7.071067811865E-1));
#1782=DIRECTION('',(0.E0,-7.071067811865E-1,7.071067811865E-1));
#1783=AXIS2_PLACEMENT_3D('',#1780,#1781,#1782);
#1784=PLANE('',#1783);
#1785=ORIENTED_EDGE('',*,*,#1641,.T.);
#1787=ORIENTED_EDGE('',*,*,#1786,.F.);
#1788=ORIENTED_EDGE('',*,*,#1743,.T.);
#1790=ORIENTED_EDGE('',*,*,#1789,.T.);
#1791=EDGE_LOOP('',(#1785,#1787,#1788,#1790));
#1792=FACE_OUTER_BOUND('',#1791,.F.);
#1793=ADVANCED_FACE('',(#1792),#1784,.T.);
#1794=CARTESIAN_POINT('',(-5.48E0,-2.006E1,9.5E-1));
#1795=DIRECTION('',(0.E0,-1.E0,0.E0));
#1796=DIRECTION('',(0.E0,0.E0,-1.E0));
#1797=AXIS2_PLACEMENT_3D('',#1794,#1795,#1796);
#1798=PLANE('',#1797);
#1799=ORIENTED_EDGE('',*,*,#1786,.T.);
#1800=ORIENTED_EDGE('',*,*,#1667,.F.);
#1802=ORIENTED_EDGE('',*,*,#1801,.F.);
#1803=ORIENTED_EDGE('',*,*,#1745,.T.);
#1804=EDGE_LOOP('',(#1799,#1800,#1802,#1803));
#1805=FACE_OUTER_BOUND('',#1804,.F.);
#1806=ADVANCED_FACE('',(#1805),#1798,.T.);
#1807=CARTESIAN_POINT('',(-5.08E0,-1.986E1,7.5E-1));
#1808=DIRECTION('',(0.E0,-7.071067811865E-1,7.071067811865E-1));
#1809=DIRECTION('',(0.E0,7.071067811865E-1,7.071067811865E-1));
#1810=AXIS2_PLACEMENT_3D('',#1807,#1808,#1809);
#1811=PLANE('',#1810);
#1812=ORIENTED_EDGE('',*,*,#1665,.T.);
#1814=ORIENTED_EDGE('',*,*,#1813,.F.);
#1815=ORIENTED_EDGE('',*,*,#1747,.T.);
#1816=ORIENTED_EDGE('',*,*,#1801,.T.);
#1817=EDGE_LOOP('',(#1812,#1814,#1815,#1816));
#1818=FACE_OUTER_BOUND('',#1817,.F.);
#1819=ADVANCED_FACE('',(#1818),#1811,.T.);
#1820=CARTESIAN_POINT('',(-5.48E0,-1.726E1,9.5E-1));
#1821=DIRECTION('',(0.E0,0.E0,1.E0));
#1822=DIRECTION('',(0.E0,-1.E0,0.E0));
#1823=AXIS2_PLACEMENT_3D('',#1820,#1821,#1822);
#1824=PLANE('',#1823);
#1825=ORIENTED_EDGE('',*,*,#1813,.T.);
#1826=ORIENTED_EDGE('',*,*,#1663,.F.);
#1828=ORIENTED_EDGE('',*,*,#1827,.T.);
#1829=ORIENTED_EDGE('',*,*,#1749,.T.);
#1830=EDGE_LOOP('',(#1825,#1826,#1828,#1829));
#1831=FACE_OUTER_BOUND('',#1830,.F.);
#1832=ADVANCED_FACE('',(#1831),#1824,.T.);
#1833=CARTESIAN_POINT('',(-5.48E0,-1.726E1,1.425E0));
#1834=DIRECTION('',(0.E0,-1.E0,0.E0));
#1835=DIRECTION('',(0.E0,0.E0,-1.E0));
#1836=AXIS2_PLACEMENT_3D('',#1833,#1834,#1835);
#1837=PLANE('',#1836);
#1838=ORIENTED_EDGE('',*,*,#1661,.F.);
#1840=ORIENTED_EDGE('',*,*,#1839,.T.);
#1841=ORIENTED_EDGE('',*,*,#1751,.T.);
#1842=ORIENTED_EDGE('',*,*,#1827,.F.);
#1843=EDGE_LOOP('',(#1838,#1840,#1841,#1842));
#1844=FACE_OUTER_BOUND('',#1843,.F.);
#1845=ADVANCED_FACE('',(#1844),#1837,.T.);
#1846=CARTESIAN_POINT('',(-5.48E0,-1.426E1,1.425E0));
#1847=DIRECTION('',(0.E0,0.E0,1.E0));
#1848=DIRECTION('',(0.E0,-1.E0,0.E0));
#1849=AXIS2_PLACEMENT_3D('',#1846,#1847,#1848);
#1850=PLANE('',#1849);
#1851=ORIENTED_EDGE('',*,*,#1659,.F.);
#1853=ORIENTED_EDGE('',*,*,#1852,.T.);
#1854=ORIENTED_EDGE('',*,*,#1753,.T.);
#1855=ORIENTED_EDGE('',*,*,#1839,.F.);
#1856=EDGE_LOOP('',(#1851,#1853,#1854,#1855));
#1857=FACE_OUTER_BOUND('',#1856,.F.);
#1858=ADVANCED_FACE('',(#1857),#1850,.T.);
#1859=CARTESIAN_POINT('',(-5.48E0,-2.006E1,-9.5E-1));
#1860=DIRECTION('',(0.E0,0.E0,-1.E0));
#1861=DIRECTION('',(0.E0,1.E0,0.E0));
#1862=AXIS2_PLACEMENT_3D('',#1859,#1860,#1861);
#1863=PLANE('',#1862);
#1864=ORIENTED_EDGE('',*,*,#1789,.F.);
#1865=ORIENTED_EDGE('',*,*,#1769,.T.);
#1867=ORIENTED_EDGE('',*,*,#1866,.F.);
#1868=ORIENTED_EDGE('',*,*,#1643,.F.);
#1869=EDGE_LOOP('',(#1864,#1865,#1867,#1868));
#1870=FACE_OUTER_BOUND('',#1869,.F.);
#1871=ADVANCED_FACE('',(#1870),#1863,.T.);
#1872=CARTESIAN_POINT('',(-5.48E0,-1.726E1,-9.5E-1));
#1873=DIRECTION('',(0.E0,-1.E0,0.E0));
#1874=DIRECTION('',(0.E0,0.E0,-1.E0));
#1875=AXIS2_PLACEMENT_3D('',#1872,#1873,#1874);
#1876=PLANE('',#1875);
#1877=ORIENTED_EDGE('',*,*,#1645,.F.);
#1878=ORIENTED_EDGE('',*,*,#1866,.T.);
#1879=ORIENTED_EDGE('',*,*,#1767,.T.);
#1881=ORIENTED_EDGE('',*,*,#1880,.F.);
#1882=EDGE_LOOP('',(#1877,#1878,#1879,#1881));
#1883=FACE_OUTER_BOUND('',#1882,.F.);
#1884=ADVANCED_FACE('',(#1883),#1876,.T.);
#1885=CARTESIAN_POINT('',(-5.48E0,-1.726E1,-1.425E0));
#1886=DIRECTION('',(0.E0,0.E0,-1.E0));
#1887=DIRECTION('',(0.E0,1.E0,0.E0));
#1888=AXIS2_PLACEMENT_3D('',#1885,#1886,#1887);
#1889=PLANE('',#1888);
#1890=ORIENTED_EDGE('',*,*,#1647,.F.);
#1891=ORIENTED_EDGE('',*,*,#1880,.T.);
#1892=ORIENTED_EDGE('',*,*,#1765,.T.);
#1894=ORIENTED_EDGE('',*,*,#1893,.T.);
#1895=EDGE_LOOP('',(#1890,#1891,#1892,#1894));
#1896=FACE_OUTER_BOUND('',#1895,.F.);
#1897=ADVANCED_FACE('',(#1896),#1889,.T.);
#1898=OPEN_SHELL('',(#1681,#1696,#1710,#1724,#1737,#1779,#1793,#1806,#1819,
#1832,#1845,#1858,#1871,#1884,#1897));
#1899=DIRECTION('',(0.E0,-1.E0,0.E0));
#1900=VECTOR('',#1899,2.E0);
#1901=CARTESIAN_POINT('',(4.879036790187E0,-1.806E1,-4.171930009001E0));
#1902=LINE('',#1901,#1900);
#1903=DIRECTION('',(-7.071067811865E-1,0.E0,-7.071067811865E-1));
#1904=VECTOR('',#1903,1.E0);
#1905=CARTESIAN_POINT('',(4.879036790187E0,-2.006E1,-4.171930009001E0));
#1906=LINE('',#1905,#1904);
#1907=DIRECTION('',(0.E0,1.E0,0.E0));
#1908=VECTOR('',#1907,2.E0);
#1909=CARTESIAN_POINT('',(4.171930009001E0,-2.006E1,-4.879036790187E0));
#1910=LINE('',#1909,#1908);
#1911=DIRECTION('',(7.071067811865E-1,0.E0,7.071067811865E-1));
#1912=VECTOR('',#1911,1.E0);
#1913=CARTESIAN_POINT('',(4.171930009001E0,-1.806E1,-4.879036790187E0));
#1914=LINE('',#1913,#1912);
#1915=DIRECTION('',(-5.E-1,7.071067811865E-1,-5.E-1));
#1916=VECTOR('',#1915,5.656854249492E-1);
#1917=CARTESIAN_POINT('',(4.171930009001E0,-2.046E1,-4.879036790187E0));
#1918=LINE('',#1917,#1916);
#1919=DIRECTION('',(7.071067811865E-1,0.E0,7.071067811865E-1));
#1920=VECTOR('',#1919,1.E0);
#1921=CARTESIAN_POINT('',(4.171930009001E0,-2.046E1,-4.879036790187E0));
#1922=LINE('',#1921,#1920);
#1923=DIRECTION('',(-5.E-1,-7.071067811865E-1,-5.E-1));
#1924=VECTOR('',#1923,5.656854249492E-1);
#1925=CARTESIAN_POINT('',(5.161879502662E0,-2.006E1,-3.889087296526E0));
#1926=LINE('',#1925,#1924);
#1927=DIRECTION('',(0.E0,1.E0,0.E0));
#1928=VECTOR('',#1927,2.5E0);
#1929=CARTESIAN_POINT('',(5.161879502662E0,-2.006E1,-3.889087296526E0));
#1930=LINE('',#1929,#1928);
#1931=DIRECTION('',(7.071067811865E-1,0.E0,7.071067811865E-1));
#1932=VECTOR('',#1931,5.85E-1);
#1933=CARTESIAN_POINT('',(5.161879502662E0,-1.756E1,-3.889087296526E0));
#1934=LINE('',#1933,#1932);
#1935=DIRECTION('',(0.E0,-1.E0,0.E0));
#1936=VECTOR('',#1935,3.7E0);
#1937=CARTESIAN_POINT('',(5.575536969656E0,-1.386E1,-3.475429829532E0));
#1938=LINE('',#1937,#1936);
#1939=DIRECTION('',(-7.071067811865E-1,0.E0,-7.071067811865E-1));
#1940=VECTOR('',#1939,2.97E0);
#1941=CARTESIAN_POINT('',(5.575536969656E0,-1.386E1,-3.475429829532E0));
#1942=LINE('',#1941,#1940);
#1943=DIRECTION('',(0.E0,-1.E0,0.E0));
#1944=VECTOR('',#1943,3.7E0);
#1945=CARTESIAN_POINT('',(3.475429829532E0,-1.386E1,-5.575536969656E0));
#1946=LINE('',#1945,#1944);
#1947=DIRECTION('',(7.071067811865E-1,0.E0,7.071067811865E-1));
#1948=VECTOR('',#1947,5.85E-1);
#1949=CARTESIAN_POINT('',(3.475429829532E0,-1.756E1,-5.575536969656E0));
#1950=LINE('',#1949,#1948);
#1951=DIRECTION('',(0.E0,1.E0,0.E0));
#1952=VECTOR('',#1951,2.5E0);
#1953=CARTESIAN_POINT('',(3.889087296526E0,-2.006E1,-5.161879502662E0));
#1954=LINE('',#1953,#1952);
#1955=DIRECTION('',(-7.071067811865E-1,0.E0,7.071067811865E-1));
#1956=VECTOR('',#1955,6.E-1);
#1957=CARTESIAN_POINT('',(4.879036790187E0,-1.806E1,-4.171930009001E0));
#1958=LINE('',#1957,#1956);
#1959=DIRECTION('',(-7.071067811865E-1,0.E0,7.071067811865E-1));
#1960=VECTOR('',#1959,6.E-1);
#1961=CARTESIAN_POINT('',(4.171930009001E0,-1.806E1,-4.879036790187E0));
#1962=LINE('',#1961,#1960);
#1963=DIRECTION('',(-7.071067811865E-1,0.E0,7.071067811865E-1));
#1964=VECTOR('',#1963,6.E-1);
#1965=CARTESIAN_POINT('',(4.171930009001E0,-2.006E1,-4.879036790187E0));
#1966=LINE('',#1965,#1964);
#1967=DIRECTION('',(-7.071067811865E-1,0.E0,7.071067811865E-1));
#1968=VECTOR('',#1967,6.E-1);
#1969=CARTESIAN_POINT('',(4.879036790187E0,-2.006E1,-4.171930009001E0));
#1970=LINE('',#1969,#1968);
#1971=DIRECTION('',(0.E0,-1.E0,0.E0));
#1972=VECTOR('',#1971,2.E0);
#1973=CARTESIAN_POINT('',(4.454772721475E0,-1.806E1,-3.747665940289E0));
#1974=LINE('',#1973,#1972);
#1975=DIRECTION('',(7.071067811865E-1,0.E0,7.071067811865E-1));
#1976=VECTOR('',#1975,1.E0);
#1977=CARTESIAN_POINT('',(3.747665940289E0,-1.806E1,-4.454772721475E0));
#1978=LINE('',#1977,#1976);
#1979=DIRECTION('',(0.E0,1.E0,0.E0));
#1980=VECTOR('',#1979,2.E0);
#1981=CARTESIAN_POINT('',(3.747665940289E0,-2.006E1,-4.454772721475E0));
#1982=LINE('',#1981,#1980);
#1983=DIRECTION('',(-7.071067811865E-1,0.E0,-7.071067811865E-1));
#1984=VECTOR('',#1983,1.E0);
#1985=CARTESIAN_POINT('',(4.454772721475E0,-2.006E1,-3.747665940289E0));
#1986=LINE('',#1985,#1984);
#1987=DIRECTION('',(5.E-1,-7.071067811865E-1,5.E-1));
#1988=VECTOR('',#1987,5.656854249492E-1);
#1989=CARTESIAN_POINT('',(3.464823227814E0,-2.006E1,-4.737615433950E0));
#1990=LINE('',#1989,#1988);
#1991=DIRECTION('',(0.E0,1.E0,0.E0));
#1992=VECTOR('',#1991,2.5E0);
#1993=CARTESIAN_POINT('',(3.464823227814E0,-2.006E1,-4.737615433950E0));
#1994=LINE('',#1993,#1992);
#1995=DIRECTION('',(7.071067811865E-1,0.E0,7.071067811865E-1));
#1996=VECTOR('',#1995,5.85E-1);
#1997=CARTESIAN_POINT('',(3.051165760820E0,-1.756E1,-5.151272900944E0));
#1998=LINE('',#1997,#1996);
#1999=DIRECTION('',(0.E0,-1.E0,0.E0));
#2000=VECTOR('',#1999,3.646410161514E0);
#2001=CARTESIAN_POINT('',(3.051165760820E0,-1.391358983849E1,
-5.151272900944E0));
#2002=LINE('',#2001,#2000);
#2003=DIRECTION('',(7.071067811865E-1,0.E0,7.071067811865E-1));
#2004=VECTOR('',#2003,2.97E0);
#2005=CARTESIAN_POINT('',(3.051165760820E0,-1.391358983849E1,
-5.151272900944E0));
#2006=LINE('',#2005,#2004);
#2007=DIRECTION('',(0.E0,-1.E0,0.E0));
#2008=VECTOR('',#2007,3.646410161514E0);
#2009=CARTESIAN_POINT('',(5.151272900944E0,-1.391358983849E1,
-3.051165760820E0));
#2010=LINE('',#2009,#2008);
#2011=DIRECTION('',(7.071067811865E-1,0.E0,7.071067811865E-1));
#2012=VECTOR('',#2011,5.85E-1);
#2013=CARTESIAN_POINT('',(4.737615433950E0,-1.756E1,-3.464823227814E0));
#2014=LINE('',#2013,#2012);
#2015=DIRECTION('',(0.E0,1.E0,0.E0));
#2016=VECTOR('',#2015,2.5E0);
#2017=CARTESIAN_POINT('',(4.737615433950E0,-2.006E1,-3.464823227814E0));
#2018=LINE('',#2017,#2016);
#2019=DIRECTION('',(5.E-1,7.071067811865E-1,5.E-1));
#2020=VECTOR('',#2019,5.656854249492E-1);
#2021=CARTESIAN_POINT('',(4.454772721475E0,-2.046E1,-3.747665940289E0));
#2022=LINE('',#2021,#2020);
#2023=DIRECTION('',(7.071067811865E-1,0.E0,-7.071067811865E-1));
#2024=VECTOR('',#2023,6.E-1);
#2025=CARTESIAN_POINT('',(3.464823227814E0,-2.006E1,-4.737615433950E0));
#2026=LINE('',#2025,#2024);
#2027=DIRECTION('',(-7.071067811865E-1,0.E0,7.071067811865E-1));
#2028=VECTOR('',#2027,6.E-1);
#2029=CARTESIAN_POINT('',(3.889087296526E0,-1.756E1,-5.161879502662E0));
#2030=LINE('',#2029,#2028);
#2031=DIRECTION('',(-7.071067811865E-1,0.E0,7.071067811865E-1));
#2032=VECTOR('',#2031,6.E-1);
#2033=CARTESIAN_POINT('',(3.475429829532E0,-1.756E1,-5.575536969656E0));
#2034=LINE('',#2033,#2032);
#2035=CARTESIAN_POINT('',(3.334008473295E0,-1.260641016151E1,
-5.434115613419E0));
#2036=DIRECTION('',(7.071067811865E-1,0.E0,7.071067811865E-1));
#2037=DIRECTION('',(6.123724356958E-1,-5.E-1,-6.123724356958E-1));
#2038=AXIS2_PLACEMENT_3D('',#2035,#2036,#2037);
#2040=DIRECTION('',(0.E0,1.E0,0.E0));
#2041=VECTOR('',#2040,4.641016151377E-2);
#2042=CARTESIAN_POINT('',(3.899693898244E0,-1.260641016151E1,
-5.999801038368E0));
#2043=LINE('',#2042,#2041);
#2044=DIRECTION('',(-7.071067811865E-1,0.E0,7.071067811865E-1));
#2045=VECTOR('',#2044,6.E-1);
#2046=CARTESIAN_POINT('',(3.899693898244E0,-1.256E1,-5.999801038368E0));
#2047=LINE('',#2046,#2045);
#2048=DIRECTION('',(0.E0,-1.E0,0.E0));
#2049=VECTOR('',#2048,1.E-1);
#2050=CARTESIAN_POINT('',(3.475429829532E0,-1.256E1,-5.575536969656E0));
#2051=LINE('',#2050,#2049);
#2052=DIRECTION('',(-3.535533905933E-1,-8.660254037844E-1,3.535533905933E-1));
#2053=VECTOR('',#2052,9.856406460551E-1);
#2054=CARTESIAN_POINT('',(3.475429829532E0,-1.266E1,-5.575536969656E0));
#2055=LINE('',#2054,#2053);
#2056=CARTESIAN_POINT('',(3.616851185769E0,-1.391358983849E1,
-5.716958325893E0));
#2057=DIRECTION('',(7.071067811865E-1,0.E0,7.071067811865E-1));
#2058=DIRECTION('',(-6.123724356958E-1,5.E-1,6.123724356958E-1));
#2059=AXIS2_PLACEMENT_3D('',#2056,#2057,#2058);
#2061=DIRECTION('',(3.535533905933E-1,8.660254037844E-1,-3.535533905933E-1));
#2062=VECTOR('',#2061,9.856406460551E-1);
#2063=CARTESIAN_POINT('',(3.475429829532E0,-1.386E1,-5.575536969656E0));
#2064=LINE('',#2063,#2062);
#2065=DIRECTION('',(7.071067811865E-1,0.E0,-7.071067811865E-1));
#2066=VECTOR('',#2065,6.E-1);
#2067=CARTESIAN_POINT('',(3.747665940289E0,-2.046E1,-4.454772721475E0));
#2068=LINE('',#2067,#2066);
#2069=DIRECTION('',(7.071067811865E-1,0.E0,7.071067811865E-1));
#2070=VECTOR('',#2069,1.E0);
#2071=CARTESIAN_POINT('',(3.747665940289E0,-2.046E1,-4.454772721475E0));
#2072=LINE('',#2071,#2070);
#2073=DIRECTION('',(-7.071067811865E-1,0.E0,7.071067811865E-1));
#2074=VECTOR('',#2073,6.E-1);
#2075=CARTESIAN_POINT('',(4.879036790187E0,-2.046E1,-4.171930009001E0));
#2076=LINE('',#2075,#2074);
#2077=DIRECTION('',(-7.071067811865E-1,0.E0,7.071067811865E-1));
#2078=VECTOR('',#2077,6.E-1);
#2079=CARTESIAN_POINT('',(5.161879502662E0,-2.006E1,-3.889087296526E0));
#2080=LINE('',#2079,#2078);
#2081=DIRECTION('',(-7.071067811865E-1,0.E0,7.071067811865E-1));
#2082=VECTOR('',#2081,6.E-1);
#2083=CARTESIAN_POINT('',(5.161879502662E0,-1.756E1,-3.889087296526E0));
#2084=LINE('',#2083,#2082);
#2085=CARTESIAN_POINT('',(5.434115613419E0,-1.260641016151E1,
-3.334008473295E0));
#2086=DIRECTION('',(-7.071067811865E-1,0.E0,-7.071067811865E-1));
#2087=DIRECTION('',(7.071067811865E-1,0.E0,-7.071067811865E-1));
#2088=AXIS2_PLACEMENT_3D('',#2085,#2086,#2087);
#2090=DIRECTION('',(-3.535533905933E-1,-8.660254037844E-1,3.535533905933E-1));
#2091=VECTOR('',#2090,9.856406460551E-1);
#2092=CARTESIAN_POINT('',(5.924013561975E0,-1.300641016151E1,
-3.823906421851E0));
#2093=LINE('',#2092,#2091);
#2094=DIRECTION('',(-7.071067811865E-1,0.E0,7.071067811865E-1));
#2095=VECTOR('',#2094,6.E-1);
#2096=CARTESIAN_POINT('',(5.575536969656E0,-1.756E1,-3.475429829532E0));
#2097=LINE('',#2096,#2095);
#2098=CARTESIAN_POINT('',(5.716958325893E0,-1.391358983849E1,
-3.616851185769E0));
#2099=DIRECTION('',(-7.071067811865E-1,0.E0,-7.071067811865E-1));
#2100=DIRECTION('',(-7.071067811865E-1,0.E0,7.071067811865E-1));
#2101=AXIS2_PLACEMENT_3D('',#2098,#2099,#2100);
#2103=DIRECTION('',(3.535533905933E-1,8.660254037844E-1,-3.535533905933E-1));
#2104=VECTOR('',#2103,9.856406460551E-1);
#2105=CARTESIAN_POINT('',(5.227060377337E0,-1.351358983849E1,
-3.126953237213E0));
#2106=LINE('',#2105,#2104);
#2107=DIRECTION('',(0.E0,1.E0,0.E0));
#2108=VECTOR('',#2107,1.E-1);
#2109=CARTESIAN_POINT('',(5.575536969656E0,-1.266E1,-3.475429829532E0));
#2110=LINE('',#2109,#2108);
#2111=DIRECTION('',(7.071067811865E-1,0.E0,-7.071067811865E-1));
#2112=VECTOR('',#2111,6.E-1);
#2113=CARTESIAN_POINT('',(5.575536969656E0,-1.256E1,-3.475429829532E0));
#2114=LINE('',#2113,#2112);
#2115=DIRECTION('',(0.E0,-1.E0,0.E0));
#2116=VECTOR('',#2115,4.641016151377E-2);
#2117=CARTESIAN_POINT('',(5.999801038368E0,-1.256E1,-3.899693898244E0));
#2118=LINE('',#2117,#2116);
#2119=CARTESIAN_POINT('',(3.475429829532E0,-1.386E1,-5.575536969656E0));
#2120=CARTESIAN_POINT('',(3.475429829532E0,-1.756E1,-5.575536969656E0));
#2121=VERTEX_POINT('',#2119);
#2122=VERTEX_POINT('',#2120);
#2123=CARTESIAN_POINT('',(3.889087296526E0,-1.756E1,-5.161879502662E0));
#2124=VERTEX_POINT('',#2123);
#2125=CARTESIAN_POINT('',(5.161879502662E0,-1.756E1,-3.889087296526E0));
#2126=CARTESIAN_POINT('',(5.575536969656E0,-1.756E1,-3.475429829532E0));
#2127=VERTEX_POINT('',#2125);
#2128=VERTEX_POINT('',#2126);
#2129=CARTESIAN_POINT('',(5.575536969656E0,-1.386E1,-3.475429829532E0));
#2130=VERTEX_POINT('',#2129);
#2131=CARTESIAN_POINT('',(3.475429829532E0,-1.266E1,-5.575536969656E0));
#2132=CARTESIAN_POINT('',(3.475429829532E0,-1.256E1,-5.575536969656E0));
#2133=VERTEX_POINT('',#2131);
#2134=VERTEX_POINT('',#2132);
#2135=CARTESIAN_POINT('',(5.575536969656E0,-1.266E1,-3.475429829532E0));
#2136=CARTESIAN_POINT('',(5.575536969656E0,-1.256E1,-3.475429829532E0));
#2137=VERTEX_POINT('',#2135);
#2138=VERTEX_POINT('',#2136);
#2139=CARTESIAN_POINT('',(3.051165760820E0,-1.756E1,-5.151272900944E0));
#2140=CARTESIAN_POINT('',(3.464823227814E0,-1.756E1,-4.737615433950E0));
#2141=VERTEX_POINT('',#2139);
#2142=VERTEX_POINT('',#2140);
#2143=CARTESIAN_POINT('',(4.737615433950E0,-1.756E1,-3.464823227814E0));
#2144=CARTESIAN_POINT('',(5.151272900944E0,-1.756E1,-3.051165760820E0));
#2145=VERTEX_POINT('',#2143);
#2146=VERTEX_POINT('',#2144);
#2147=CARTESIAN_POINT('',(3.899693898244E0,-1.256E1,-5.999801038368E0));
#2148=VERTEX_POINT('',#2147);
#2149=CARTESIAN_POINT('',(5.999801038368E0,-1.256E1,-3.899693898244E0));
#2150=VERTEX_POINT('',#2149);
#2151=CARTESIAN_POINT('',(5.151272900944E0,-1.391358983849E1,
-3.051165760820E0));
#2152=CARTESIAN_POINT('',(3.051165760820E0,-1.391358983849E1,
-5.151272900944E0));
#2153=VERTEX_POINT('',#2151);
#2154=VERTEX_POINT('',#2152);
#2155=CARTESIAN_POINT('',(3.126953237213E0,-1.351358983849E1,
-5.227060377337E0));
#2156=VERTEX_POINT('',#2155);
#2157=CARTESIAN_POINT('',(5.227060377337E0,-1.351358983849E1,
-3.126953237213E0));
#2158=VERTEX_POINT('',#2157);
#2159=CARTESIAN_POINT('',(3.899693898244E0,-1.260641016151E1,
-5.999801038368E0));
#2160=CARTESIAN_POINT('',(3.823906421851E0,-1.300641016151E1,
-5.924013561975E0));
#2161=VERTEX_POINT('',#2159);
#2162=VERTEX_POINT('',#2160);
#2163=CARTESIAN_POINT('',(5.924013561975E0,-1.300641016151E1,
-3.823906421851E0));
#2164=CARTESIAN_POINT('',(5.999801038368E0,-1.260641016151E1,
-3.899693898244E0));
#2165=VERTEX_POINT('',#2163);
#2166=VERTEX_POINT('',#2164);
#2167=CARTESIAN_POINT('',(4.879036790187E0,-1.806E1,-4.171930009001E0));
#2168=CARTESIAN_POINT('',(4.879036790187E0,-2.006E1,-4.171930009001E0));
#2169=VERTEX_POINT('',#2167);
#2170=VERTEX_POINT('',#2168);
#2171=CARTESIAN_POINT('',(4.171930009001E0,-2.006E1,-4.879036790187E0));
#2172=VERTEX_POINT('',#2171);
#2173=CARTESIAN_POINT('',(4.171930009001E0,-1.806E1,-4.879036790187E0));
#2174=VERTEX_POINT('',#2173);
#2175=CARTESIAN_POINT('',(4.454772721475E0,-1.806E1,-3.747665940289E0));
#2176=CARTESIAN_POINT('',(4.454772721475E0,-2.006E1,-3.747665940289E0));
#2177=VERTEX_POINT('',#2175);
#2178=VERTEX_POINT('',#2176);
#2179=CARTESIAN_POINT('',(3.747665940289E0,-2.006E1,-4.454772721475E0));
#2180=VERTEX_POINT('',#2179);
#2181=CARTESIAN_POINT('',(3.747665940289E0,-1.806E1,-4.454772721475E0));
#2182=VERTEX_POINT('',#2181);
#2183=CARTESIAN_POINT('',(4.171930009001E0,-2.046E1,-4.879036790187E0));
#2184=CARTESIAN_POINT('',(3.889087296526E0,-2.006E1,-5.161879502662E0));
#2185=VERTEX_POINT('',#2183);
#2186=VERTEX_POINT('',#2184);
#2187=CARTESIAN_POINT('',(3.464823227814E0,-2.006E1,-4.737615433950E0));
#2188=VERTEX_POINT('',#2187);
#2189=CARTESIAN_POINT('',(3.747665940289E0,-2.046E1,-4.454772721475E0));
#2190=VERTEX_POINT('',#2189);
#2191=CARTESIAN_POINT('',(4.454772721475E0,-2.046E1,-3.747665940289E0));
#2192=CARTESIAN_POINT('',(4.737615433950E0,-2.006E1,-3.464823227814E0));
#2193=VERTEX_POINT('',#2191);
#2194=VERTEX_POINT('',#2192);
#2195=CARTESIAN_POINT('',(5.161879502662E0,-2.006E1,-3.889087296526E0));
#2196=VERTEX_POINT('',#2195);
#2197=CARTESIAN_POINT('',(4.879036790187E0,-2.046E1,-4.171930009001E0));
#2198=VERTEX_POINT('',#2197);
#2199=CARTESIAN_POINT('',(3.100663235503E0,-2.046E1,-5.950303563685E0));
#2200=DIRECTION('',(7.071067811865E-1,0.E0,-7.071067811865E-1));
#2201=DIRECTION('',(0.E0,1.E0,0.E0));
#2202=AXIS2_PLACEMENT_3D('',#2199,#2200,#2201);
#2203=PLANE('',#2202);
#2205=ORIENTED_EDGE('',*,*,#2204,.F.);
#2207=ORIENTED_EDGE('',*,*,#2206,.T.);
#2209=ORIENTED_EDGE('',*,*,#2208,.F.);
#2211=ORIENTED_EDGE('',*,*,#2210,.T.);
#2213=ORIENTED_EDGE('',*,*,#2212,.T.);
#2215=ORIENTED_EDGE('',*,*,#2214,.F.);
#2217=ORIENTED_EDGE('',*,*,#2216,.T.);
#2219=ORIENTED_EDGE('',*,*,#2218,.T.);
#2221=ORIENTED_EDGE('',*,*,#2220,.T.);
#2223=ORIENTED_EDGE('',*,*,#2222,.F.);
#2224=EDGE_LOOP('',(#2205,#2207,#2209,#2211,#2213,#2215,#2217,#2219,#2221,
#2223));
#2225=FACE_OUTER_BOUND('',#2224,.F.);
#2227=ORIENTED_EDGE('',*,*,#2226,.T.);
#2229=ORIENTED_EDGE('',*,*,#2228,.T.);
#2231=ORIENTED_EDGE('',*,*,#2230,.T.);
#2233=ORIENTED_EDGE('',*,*,#2232,.T.);
#2234=EDGE_LOOP('',(#2227,#2229,#2231,#2233));
#2235=FACE_BOUND('',#2234,.F.);
#2236=ADVANCED_FACE('',(#2225,#2235),#2203,.T.);
#2237=CARTESIAN_POINT('',(4.879036790187E0,-1.806E1,-4.171930009001E0));
#2238=DIRECTION('',(7.071067811865E-1,0.E0,7.071067811865E-1));
#2239=DIRECTION('',(0.E0,-1.E0,0.E0));
#2240=AXIS2_PLACEMENT_3D('',#2237,#2238,#2239);
#2241=PLANE('',#2240);
#2242=ORIENTED_EDGE('',*,*,#2226,.F.);
#2244=ORIENTED_EDGE('',*,*,#2243,.T.);
#2246=ORIENTED_EDGE('',*,*,#2245,.T.);
#2248=ORIENTED_EDGE('',*,*,#2247,.F.);
#2249=EDGE_LOOP('',(#2242,#2244,#2246,#2248));
#2250=FACE_OUTER_BOUND('',#2249,.F.);
#2251=ADVANCED_FACE('',(#2250),#2241,.F.);
#2252=CARTESIAN_POINT('',(4.171930009001E0,-1.806E1,-4.879036790187E0));
#2253=DIRECTION('',(0.E0,1.E0,0.E0));
#2254=DIRECTION('',(7.071067811865E-1,0.E0,7.071067811865E-1));
#2255=AXIS2_PLACEMENT_3D('',#2252,#2253,#2254);
#2256=PLANE('',#2255);
#2257=ORIENTED_EDGE('',*,*,#2232,.F.);
#2259=ORIENTED_EDGE('',*,*,#2258,.T.);
#2261=ORIENTED_EDGE('',*,*,#2260,.T.);
#2262=ORIENTED_EDGE('',*,*,#2243,.F.);
#2263=EDGE_LOOP('',(#2257,#2259,#2261,#2262));
#2264=FACE_OUTER_BOUND('',#2263,.F.);
#2265=ADVANCED_FACE('',(#2264),#2256,.F.);
#2266=CARTESIAN_POINT('',(4.171930009001E0,-2.006E1,-4.879036790187E0));
#2267=DIRECTION('',(-7.071067811865E-1,0.E0,-7.071067811865E-1));
#2268=DIRECTION('',(0.E0,1.E0,0.E0));
#2269=AXIS2_PLACEMENT_3D('',#2266,#2267,#2268);
#2270=PLANE('',#2269);
#2271=ORIENTED_EDGE('',*,*,#2230,.F.);
#2273=ORIENTED_EDGE('',*,*,#2272,.T.);
#2275=ORIENTED_EDGE('',*,*,#2274,.T.);
#2276=ORIENTED_EDGE('',*,*,#2258,.F.);
#2277=EDGE_LOOP('',(#2271,#2273,#2275,#2276));
#2278=FACE_OUTER_BOUND('',#2277,.F.);
#2279=ADVANCED_FACE('',(#2278),#2270,.F.);
#2280=CARTESIAN_POINT('',(4.879036790187E0,-2.006E1,-4.171930009001E0));
#2281=DIRECTION('',(0.E0,-1.E0,0.E0));
#2282=DIRECTION('',(-7.071067811865E-1,0.E0,-7.071067811865E-1));
#2283=AXIS2_PLACEMENT_3D('',#2280,#2281,#2282);
#2284=PLANE('',#2283);
#2285=ORIENTED_EDGE('',*,*,#2228,.F.);
#2286=ORIENTED_EDGE('',*,*,#2247,.T.);
#2288=ORIENTED_EDGE('',*,*,#2287,.T.);
#2289=ORIENTED_EDGE('',*,*,#2272,.F.);
#2290=EDGE_LOOP('',(#2285,#2286,#2288,#2289));
#2291=FACE_OUTER_BOUND('',#2290,.F.);
#2292=ADVANCED_FACE('',(#2291),#2284,.F.);
#2293=CARTESIAN_POINT('',(2.676399166791E0,-1.369923048454E1,
-5.526039494973E0));
#2294=DIRECTION('',(-7.071067811865E-1,0.E0,7.071067811865E-1));
#2295=DIRECTION('',(0.E0,-1.E0,0.E0));
#2296=AXIS2_PLACEMENT_3D('',#2293,#2294,#2295);
#2297=PLANE('',#2296);
#2299=ORIENTED_EDGE('',*,*,#2298,.F.);
#2301=ORIENTED_EDGE('',*,*,#2300,.T.);
#2303=ORIENTED_EDGE('',*,*,#2302,.F.);
#2305=ORIENTED_EDGE('',*,*,#2304,.F.);
#2307=ORIENTED_EDGE('',*,*,#2306,.T.);
#2309=ORIENTED_EDGE('',*,*,#2308,.T.);
#2311=ORIENTED_EDGE('',*,*,#2310,.F.);
#2313=ORIENTED_EDGE('',*,*,#2312,.F.);
#2315=ORIENTED_EDGE('',*,*,#2314,.F.);
#2317=ORIENTED_EDGE('',*,*,#2316,.F.);
#2318=EDGE_LOOP('',(#2299,#2301,#2303,#2305,#2307,#2309,#2311,#2313,#2315,
#2317));
#2319=FACE_OUTER_BOUND('',#2318,.F.);
#2320=ORIENTED_EDGE('',*,*,#2245,.F.);
#2321=ORIENTED_EDGE('',*,*,#2260,.F.);
#2322=ORIENTED_EDGE('',*,*,#2274,.F.);
#2323=ORIENTED_EDGE('',*,*,#2287,.F.);
#2324=EDGE_LOOP('',(#2320,#2321,#2322,#2323));
#2325=FACE_BOUND('',#2324,.F.);
#2326=ADVANCED_FACE('',(#2319,#2325),#2297,.T.);
#2327=CARTESIAN_POINT('',(3.818376618407E0,-2.026E1,-4.808326112069E0));
#2328=DIRECTION('',(-5.E-1,-7.071067811865E-1,-5.E-1));
#2329=DIRECTION('',(-5.E-1,7.071067811865E-1,-5.E-1));
#2330=AXIS2_PLACEMENT_3D('',#2327,#2328,#2329);
#2331=PLANE('',#2330);
#2332=ORIENTED_EDGE('',*,*,#2204,.T.);
#2334=ORIENTED_EDGE('',*,*,#2333,.F.);
#2335=ORIENTED_EDGE('',*,*,#2298,.T.);
#2337=ORIENTED_EDGE('',*,*,#2336,.T.);
#2338=EDGE_LOOP('',(#2332,#2334,#2335,#2337));
#2339=FACE_OUTER_BOUND('',#2338,.F.);
#2340=ADVANCED_FACE('',(#2339),#2331,.T.);
#2341=CARTESIAN_POINT('',(4.313351365238E0,-1.756E1,-5.586143571374E0));
#2342=DIRECTION('',(7.071067811865E-1,0.E0,7.071067811865E-1));
#2343=DIRECTION('',(0.E0,-1.E0,0.E0));
#2344=AXIS2_PLACEMENT_3D('',#2341,#2342,#2343);
#2345=PLANE('',#2344);
#2346=ORIENTED_EDGE('',*,*,#2333,.T.);
#2347=ORIENTED_EDGE('',*,*,#2222,.T.);
#2349=ORIENTED_EDGE('',*,*,#2348,.T.);
#2350=ORIENTED_EDGE('',*,*,#2300,.F.);
#2351=EDGE_LOOP('',(#2346,#2347,#2349,#2350));
#2352=FACE_OUTER_BOUND('',#2351,.F.);
#2353=ADVANCED_FACE('',(#2352),#2345,.F.);
#2354=CARTESIAN_POINT('',(3.899693898244E0,-1.756E1,-5.999801038368E0));
#2355=DIRECTION('',(0.E0,1.E0,0.E0));
#2356=DIRECTION('',(7.071067811865E-1,0.E0,7.071067811865E-1));
#2357=AXIS2_PLACEMENT_3D('',#2354,#2355,#2356);
#2358=PLANE('',#2357);
#2359=ORIENTED_EDGE('',*,*,#2220,.F.);
#2361=ORIENTED_EDGE('',*,*,#2360,.T.);
#2362=ORIENTED_EDGE('',*,*,#2302,.T.);
#2363=ORIENTED_EDGE('',*,*,#2348,.F.);
#2364=EDGE_LOOP('',(#2359,#2361,#2362,#2363));
#2365=FACE_OUTER_BOUND('',#2364,.F.);
#2366=ADVANCED_FACE('',(#2365),#2358,.F.);
#2367=CARTESIAN_POINT('',(3.899693898244E0,-1.256E1,-5.999801038368E0));
#2368=DIRECTION('',(7.071067811865E-1,0.E0,7.071067811865E-1));
#2369=DIRECTION('',(0.E0,-1.E0,0.E0));
#2370=AXIS2_PLACEMENT_3D('',#2367,#2368,#2369);
#2371=PLANE('',#2370);
#2373=ORIENTED_EDGE('',*,*,#2372,.T.);
#2375=ORIENTED_EDGE('',*,*,#2374,.T.);
#2377=ORIENTED_EDGE('',*,*,#2376,.T.);
#2379=ORIENTED_EDGE('',*,*,#2378,.T.);
#2381=ORIENTED_EDGE('',*,*,#2380,.T.);
#2383=ORIENTED_EDGE('',*,*,#2382,.T.);
#2384=ORIENTED_EDGE('',*,*,#2304,.T.);
#2385=ORIENTED_EDGE('',*,*,#2360,.F.);
#2386=ORIENTED_EDGE('',*,*,#2218,.F.);
#2388=ORIENTED_EDGE('',*,*,#2387,.T.);
#2389=EDGE_LOOP('',(#2373,#2375,#2377,#2379,#2381,#2383,#2384,#2385,#2386,
#2388));
#2390=FACE_OUTER_BOUND('',#2389,.F.);
#2391=ADVANCED_FACE('',(#2390),#2371,.F.);
#2392=CARTESIAN_POINT('',(2.676399166791E0,-2.046E1,-5.526039494973E0));
#2393=DIRECTION('',(0.E0,-1.E0,0.E0));
#2394=DIRECTION('',(7.071067811865E-1,0.E0,-7.071067811865E-1));
#2395=AXIS2_PLACEMENT_3D('',#2392,#2393,#2394);
#2396=PLANE('',#2395);
#2397=ORIENTED_EDGE('',*,*,#2336,.F.);
#2398=ORIENTED_EDGE('',*,*,#2316,.T.);
#2400=ORIENTED_EDGE('',*,*,#2399,.F.);
#2401=ORIENTED_EDGE('',*,*,#2206,.F.);
#2402=EDGE_LOOP('',(#2397,#2398,#2400,#2401));
#2403=FACE_OUTER_BOUND('',#2402,.F.);
#2404=ADVANCED_FACE('',(#2403),#2396,.T.);
#2405=CARTESIAN_POINT('',(4.808326112069E0,-2.026E1,-3.818376618407E0));
#2406=DIRECTION('',(5.E-1,-7.071067811865E-1,5.E-1));
#2407=DIRECTION('',(5.E-1,7.071067811865E-1,5.E-1));
#2408=AXIS2_PLACEMENT_3D('',#2405,#2406,#2407);
#2409=PLANE('',#2408);
#2410=ORIENTED_EDGE('',*,*,#2314,.T.);
#2412=ORIENTED_EDGE('',*,*,#2411,.F.);
#2413=ORIENTED_EDGE('',*,*,#2208,.T.);
#2414=ORIENTED_EDGE('',*,*,#2399,.T.);
#2415=EDGE_LOOP('',(#2410,#2412,#2413,#2414));
#2416=FACE_OUTER_BOUND('',#2415,.F.);
#2417=ADVANCED_FACE('',(#2416),#2409,.T.);
#2418=CARTESIAN_POINT('',(5.586143571374E0,-2.31E1,-4.313351365238E0));
#2419=DIRECTION('',(-7.071067811865E-1,0.E0,-7.071067811865E-1));
#2420=DIRECTION('',(0.E0,1.E0,0.E0));
#2421=AXIS2_PLACEMENT_3D('',#2418,#2419,#2420);
#2422=PLANE('',#2421);
#2423=ORIENTED_EDGE('',*,*,#2411,.T.);
#2424=ORIENTED_EDGE('',*,*,#2312,.T.);
#2426=ORIENTED_EDGE('',*,*,#2425,.F.);
#2427=ORIENTED_EDGE('',*,*,#2210,.F.);
#2428=EDGE_LOOP('',(#2423,#2424,#2426,#2427));
#2429=FACE_OUTER_BOUND('',#2428,.F.);
#2430=ADVANCED_FACE('',(#2429),#2422,.F.);
#2431=CARTESIAN_POINT('',(5.586143571374E0,-1.756E1,-4.313351365238E0));
#2432=DIRECTION('',(0.E0,1.E0,0.E0));
#2433=DIRECTION('',(7.071067811865E-1,0.E0,7.071067811865E-1));
#2434=AXIS2_PLACEMENT_3D('',#2431,#2432,#2433);
#2435=PLANE('',#2434);
#2436=ORIENTED_EDGE('',*,*,#2212,.F.);
#2437=ORIENTED_EDGE('',*,*,#2425,.T.);
#2438=ORIENTED_EDGE('',*,*,#2310,.T.);
#2440=ORIENTED_EDGE('',*,*,#2439,.F.);
#2441=EDGE_LOOP('',(#2436,#2437,#2438,#2440));
#2442=FACE_OUTER_BOUND('',#2441,.F.);
#2443=ADVANCED_FACE('',(#2442),#2435,.F.);
#2444=CARTESIAN_POINT('',(5.999801038368E0,-1.756E1,-3.899693898244E0));
#2445=DIRECTION('',(-7.071067811865E-1,0.E0,-7.071067811865E-1));
#2446=DIRECTION('',(0.E0,1.E0,0.E0));
#2447=AXIS2_PLACEMENT_3D('',#2444,#2445,#2446);
#2448=PLANE('',#2447);
#2450=ORIENTED_EDGE('',*,*,#2449,.T.);
#2452=ORIENTED_EDGE('',*,*,#2451,.T.);
#2453=ORIENTED_EDGE('',*,*,#2214,.T.);
#2454=ORIENTED_EDGE('',*,*,#2439,.T.);
#2455=ORIENTED_EDGE('',*,*,#2308,.F.);
#2457=ORIENTED_EDGE('',*,*,#2456,.T.);
#2459=ORIENTED_EDGE('',*,*,#2458,.T.);
#2461=ORIENTED_EDGE('',*,*,#2460,.T.);
#2463=ORIENTED_EDGE('',*,*,#2462,.T.);
#2465=ORIENTED_EDGE('',*,*,#2464,.T.);
#2466=EDGE_LOOP('',(#2450,#2452,#2453,#2454,#2455,#2457,#2459,#2461,#2463,
#2465));
#2467=FACE_OUTER_BOUND('',#2466,.F.);
#2468=ADVANCED_FACE('',(#2467),#2448,.F.);
#2469=OPEN_SHELL('',(#2236,#2251,#2265,#2279,#2292,#2326,#2340,#2353,#2366,
#2391,#2404,#2417,#2430,#2443,#2468));
#2470=DIRECTION('',(0.E0,-1.E0,0.E0));
#2471=VECTOR('',#2470,2.E0);
#2472=CARTESIAN_POINT('',(-4.879036790187E0,-1.806E1,4.171930009001E0));
#2473=LINE('',#2472,#2471);
#2474=DIRECTION('',(7.071067811865E-1,0.E0,7.071067811865E-1));
#2475=VECTOR('',#2474,1.E0);
#2476=CARTESIAN_POINT('',(-4.879036790187E0,-2.006E1,4.171930009001E0));
#2477=LINE('',#2476,#2475);
#2478=DIRECTION('',(0.E0,1.E0,0.E0));
#2479=VECTOR('',#2478,2.E0);
#2480=CARTESIAN_POINT('',(-4.171930009001E0,-2.006E1,4.879036790187E0));
#2481=LINE('',#2480,#2479);
#2482=DIRECTION('',(-7.071067811865E-1,0.E0,-7.071067811865E-1));
#2483=VECTOR('',#2482,1.E0);
#2484=CARTESIAN_POINT('',(-4.171930009001E0,-1.806E1,4.879036790187E0));
#2485=LINE('',#2484,#2483);
#2486=DIRECTION('',(5.E-1,7.071067811865E-1,5.E-1));
#2487=VECTOR('',#2486,5.656854249492E-1);
#2488=CARTESIAN_POINT('',(-4.171930009001E0,-2.046E1,4.879036790187E0));
#2489=LINE('',#2488,#2487);
#2490=DIRECTION('',(-7.071067811865E-1,0.E0,-7.071067811865E-1));
#2491=VECTOR('',#2490,1.E0);
#2492=CARTESIAN_POINT('',(-4.171930009001E0,-2.046E1,4.879036790187E0));
#2493=LINE('',#2492,#2491);
#2494=DIRECTION('',(5.E-1,-7.071067811865E-1,5.E-1));
#2495=VECTOR('',#2494,5.656854249492E-1);
#2496=CARTESIAN_POINT('',(-5.161879502662E0,-2.006E1,3.889087296526E0));
#2497=LINE('',#2496,#2495);
#2498=DIRECTION('',(0.E0,1.E0,0.E0));
#2499=VECTOR('',#2498,2.5E0);
#2500=CARTESIAN_POINT('',(-5.161879502662E0,-2.006E1,3.889087296526E0));
#2501=LINE('',#2500,#2499);
#2502=DIRECTION('',(-7.071067811865E-1,0.E0,-7.071067811865E-1));
#2503=VECTOR('',#2502,5.85E-1);
#2504=CARTESIAN_POINT('',(-5.161879502662E0,-1.756E1,3.889087296526E0));
#2505=LINE('',#2504,#2503);
#2506=DIRECTION('',(0.E0,-1.E0,0.E0));
#2507=VECTOR('',#2506,3.7E0);
#2508=CARTESIAN_POINT('',(-5.575536969656E0,-1.386E1,3.475429829532E0));
#2509=LINE('',#2508,#2507);
#2510=DIRECTION('',(7.071067811865E-1,0.E0,7.071067811865E-1));
#2511=VECTOR('',#2510,2.97E0);
#2512=CARTESIAN_POINT('',(-5.575536969656E0,-1.386E1,3.475429829532E0));
#2513=LINE('',#2512,#2511);
#2514=DIRECTION('',(0.E0,-1.E0,0.E0));
#2515=VECTOR('',#2514,3.7E0);
#2516=CARTESIAN_POINT('',(-3.475429829532E0,-1.386E1,5.575536969656E0));
#2517=LINE('',#2516,#2515);
#2518=DIRECTION('',(-7.071067811865E-1,0.E0,-7.071067811865E-1));
#2519=VECTOR('',#2518,5.85E-1);
#2520=CARTESIAN_POINT('',(-3.475429829532E0,-1.756E1,5.575536969656E0));
#2521=LINE('',#2520,#2519);
#2522=DIRECTION('',(0.E0,1.E0,0.E0));
#2523=VECTOR('',#2522,2.5E0);
#2524=CARTESIAN_POINT('',(-3.889087296526E0,-2.006E1,5.161879502662E0));
#2525=LINE('',#2524,#2523);
#2526=DIRECTION('',(7.071067811865E-1,0.E0,-7.071067811865E-1));
#2527=VECTOR('',#2526,6.E-1);
#2528=CARTESIAN_POINT('',(-4.879036790187E0,-1.806E1,4.171930009001E0));
#2529=LINE('',#2528,#2527);
#2530=DIRECTION('',(7.071067811865E-1,0.E0,-7.071067811865E-1));
#2531=VECTOR('',#2530,6.E-1);
#2532=CARTESIAN_POINT('',(-4.171930009001E0,-1.806E1,4.879036790187E0));
#2533=LINE('',#2532,#2531);
#2534=DIRECTION('',(7.071067811865E-1,0.E0,-7.071067811865E-1));
#2535=VECTOR('',#2534,6.E-1);
#2536=CARTESIAN_POINT('',(-4.171930009001E0,-2.006E1,4.879036790187E0));
#2537=LINE('',#2536,#2535);
#2538=DIRECTION('',(7.071067811865E-1,0.E0,-7.071067811865E-1));
#2539=VECTOR('',#2538,6.E-1);
#2540=CARTESIAN_POINT('',(-4.879036790187E0,-2.006E1,4.171930009001E0));
#2541=LINE('',#2540,#2539);
#2542=DIRECTION('',(0.E0,-1.E0,0.E0));
#2543=VECTOR('',#2542,2.E0);
#2544=CARTESIAN_POINT('',(-4.454772721475E0,-1.806E1,3.747665940289E0));
#2545=LINE('',#2544,#2543);
#2546=DIRECTION('',(-7.071067811865E-1,0.E0,-7.071067811865E-1));
#2547=VECTOR('',#2546,1.E0);
#2548=CARTESIAN_POINT('',(-3.747665940289E0,-1.806E1,4.454772721475E0));
#2549=LINE('',#2548,#2547);
#2550=DIRECTION('',(0.E0,1.E0,0.E0));
#2551=VECTOR('',#2550,2.E0);
#2552=CARTESIAN_POINT('',(-3.747665940289E0,-2.006E1,4.454772721475E0));
#2553=LINE('',#2552,#2551);
#2554=DIRECTION('',(7.071067811865E-1,0.E0,7.071067811865E-1));
#2555=VECTOR('',#2554,1.E0);
#2556=CARTESIAN_POINT('',(-4.454772721475E0,-2.006E1,3.747665940289E0));
#2557=LINE('',#2556,#2555);
#2558=DIRECTION('',(-5.E-1,-7.071067811865E-1,-5.E-1));
#2559=VECTOR('',#2558,5.656854249492E-1);
#2560=CARTESIAN_POINT('',(-3.464823227814E0,-2.006E1,4.737615433950E0));
#2561=LINE('',#2560,#2559);
#2562=DIRECTION('',(0.E0,1.E0,0.E0));
#2563=VECTOR('',#2562,2.5E0);
#2564=CARTESIAN_POINT('',(-3.464823227814E0,-2.006E1,4.737615433950E0));
#2565=LINE('',#2564,#2563);
#2566=DIRECTION('',(-7.071067811865E-1,0.E0,-7.071067811865E-1));
#2567=VECTOR('',#2566,5.85E-1);
#2568=CARTESIAN_POINT('',(-3.051165760820E0,-1.756E1,5.151272900944E0));
#2569=LINE('',#2568,#2567);
#2570=DIRECTION('',(0.E0,-1.E0,0.E0));
#2571=VECTOR('',#2570,3.646410161514E0);
#2572=CARTESIAN_POINT('',(-3.051165760820E0,-1.391358983849E1,
5.151272900944E0));
#2573=LINE('',#2572,#2571);
#2574=DIRECTION('',(-7.071067811865E-1,0.E0,-7.071067811865E-1));
#2575=VECTOR('',#2574,2.97E0);
#2576=CARTESIAN_POINT('',(-3.051165760820E0,-1.391358983849E1,
5.151272900944E0));
#2577=LINE('',#2576,#2575);
#2578=DIRECTION('',(0.E0,-1.E0,0.E0));
#2579=VECTOR('',#2578,3.646410161514E0);
#2580=CARTESIAN_POINT('',(-5.151272900944E0,-1.391358983849E1,
3.051165760820E0));
#2581=LINE('',#2580,#2579);
#2582=DIRECTION('',(-7.071067811865E-1,0.E0,-7.071067811865E-1));
#2583=VECTOR('',#2582,5.85E-1);
#2584=CARTESIAN_POINT('',(-4.737615433950E0,-1.756E1,3.464823227814E0));
#2585=LINE('',#2584,#2583);
#2586=DIRECTION('',(0.E0,1.E0,0.E0));
#2587=VECTOR('',#2586,2.5E0);
#2588=CARTESIAN_POINT('',(-4.737615433950E0,-2.006E1,3.464823227814E0));
#2589=LINE('',#2588,#2587);
#2590=DIRECTION('',(-5.E-1,7.071067811865E-1,-5.E-1));
#2591=VECTOR('',#2590,5.656854249492E-1);
#2592=CARTESIAN_POINT('',(-4.454772721475E0,-2.046E1,3.747665940289E0));
#2593=LINE('',#2592,#2591);
#2594=DIRECTION('',(-7.071067811865E-1,0.E0,7.071067811865E-1));
#2595=VECTOR('',#2594,6.E-1);
#2596=CARTESIAN_POINT('',(-3.464823227814E0,-2.006E1,4.737615433950E0));
#2597=LINE('',#2596,#2595);
#2598=DIRECTION('',(7.071067811865E-1,0.E0,-7.071067811865E-1));
#2599=VECTOR('',#2598,6.E-1);
#2600=CARTESIAN_POINT('',(-3.889087296526E0,-1.756E1,5.161879502662E0));
#2601=LINE('',#2600,#2599);
#2602=DIRECTION('',(7.071067811865E-1,0.E0,-7.071067811865E-1));
#2603=VECTOR('',#2602,6.E-1);
#2604=CARTESIAN_POINT('',(-3.475429829532E0,-1.756E1,5.575536969656E0));
#2605=LINE('',#2604,#2603);
#2606=CARTESIAN_POINT('',(-3.334008473295E0,-1.260641016151E1,
5.434115613419E0));
#2607=DIRECTION('',(-7.071067811865E-1,0.E0,-7.071067811865E-1));
#2608=DIRECTION('',(-6.123724356958E-1,-5.E-1,6.123724356958E-1));
#2609=AXIS2_PLACEMENT_3D('',#2606,#2607,#2608);
#2611=DIRECTION('',(0.E0,1.E0,0.E0));
#2612=VECTOR('',#2611,4.641016151377E-2);
#2613=CARTESIAN_POINT('',(-3.899693898244E0,-1.260641016151E1,
5.999801038368E0));
#2614=LINE('',#2613,#2612);
#2615=DIRECTION('',(7.071067811865E-1,0.E0,-7.071067811865E-1));
#2616=VECTOR('',#2615,6.E-1);
#2617=CARTESIAN_POINT('',(-3.899693898244E0,-1.256E1,5.999801038368E0));
#2618=LINE('',#2617,#2616);
#2619=DIRECTION('',(0.E0,-1.E0,0.E0));
#2620=VECTOR('',#2619,1.E-1);
#2621=CARTESIAN_POINT('',(-3.475429829532E0,-1.256E1,5.575536969656E0));
#2622=LINE('',#2621,#2620);
#2623=DIRECTION('',(3.535533905933E-1,-8.660254037844E-1,-3.535533905933E-1));
#2624=VECTOR('',#2623,9.856406460551E-1);
#2625=CARTESIAN_POINT('',(-3.475429829532E0,-1.266E1,5.575536969656E0));
#2626=LINE('',#2625,#2624);
#2627=CARTESIAN_POINT('',(-3.616851185769E0,-1.391358983849E1,
5.716958325893E0));
#2628=DIRECTION('',(-7.071067811865E-1,0.E0,-7.071067811865E-1));
#2629=DIRECTION('',(6.123724356958E-1,5.E-1,-6.123724356958E-1));
#2630=AXIS2_PLACEMENT_3D('',#2627,#2628,#2629);
#2632=DIRECTION('',(-3.535533905933E-1,8.660254037844E-1,3.535533905933E-1));
#2633=VECTOR('',#2632,9.856406460551E-1);
#2634=CARTESIAN_POINT('',(-3.475429829532E0,-1.386E1,5.575536969656E0));
#2635=LINE('',#2634,#2633);
#2636=DIRECTION('',(-7.071067811865E-1,0.E0,7.071067811865E-1));
#2637=VECTOR('',#2636,6.E-1);
#2638=CARTESIAN_POINT('',(-3.747665940289E0,-2.046E1,4.454772721475E0));
#2639=LINE('',#2638,#2637);
#2640=DIRECTION('',(-7.071067811865E-1,0.E0,-7.071067811865E-1));
#2641=VECTOR('',#2640,1.E0);
#2642=CARTESIAN_POINT('',(-3.747665940289E0,-2.046E1,4.454772721475E0));
#2643=LINE('',#2642,#2641);
#2644=DIRECTION('',(7.071067811865E-1,0.E0,-7.071067811865E-1));
#2645=VECTOR('',#2644,6.E-1);
#2646=CARTESIAN_POINT('',(-4.879036790187E0,-2.046E1,4.171930009001E0));
#2647=LINE('',#2646,#2645);
#2648=DIRECTION('',(7.071067811865E-1,0.E0,-7.071067811865E-1));
#2649=VECTOR('',#2648,6.E-1);
#2650=CARTESIAN_POINT('',(-5.161879502662E0,-2.006E1,3.889087296526E0));
#2651=LINE('',#2650,#2649);
#2652=DIRECTION('',(7.071067811865E-1,0.E0,-7.071067811865E-1));
#2653=VECTOR('',#2652,6.E-1);
#2654=CARTESIAN_POINT('',(-5.161879502662E0,-1.756E1,3.889087296526E0));
#2655=LINE('',#2654,#2653);
#2656=CARTESIAN_POINT('',(-5.434115613419E0,-1.260641016151E1,
3.334008473295E0));
#2657=DIRECTION('',(7.071067811865E-1,0.E0,7.071067811865E-1));
#2658=DIRECTION('',(-7.071067811865E-1,0.E0,7.071067811865E-1));
#2659=AXIS2_PLACEMENT_3D('',#2656,#2657,#2658);
#2661=DIRECTION('',(3.535533905933E-1,-8.660254037844E-1,-3.535533905933E-1));
#2662=VECTOR('',#2661,9.856406460551E-1);
#2663=CARTESIAN_POINT('',(-5.924013561975E0,-1.300641016151E1,
3.823906421851E0));
#2664=LINE('',#2663,#2662);
#2665=DIRECTION('',(7.071067811865E-1,0.E0,-7.071067811865E-1));
#2666=VECTOR('',#2665,6.E-1);
#2667=CARTESIAN_POINT('',(-5.575536969656E0,-1.756E1,3.475429829532E0));
#2668=LINE('',#2667,#2666);
#2669=CARTESIAN_POINT('',(-5.716958325893E0,-1.391358983849E1,
3.616851185769E0));
#2670=DIRECTION('',(7.071067811865E-1,0.E0,7.071067811865E-1));
#2671=DIRECTION('',(7.071067811865E-1,0.E0,-7.071067811865E-1));
#2672=AXIS2_PLACEMENT_3D('',#2669,#2670,#2671);
#2674=DIRECTION('',(-3.535533905933E-1,8.660254037844E-1,3.535533905933E-1));
#2675=VECTOR('',#2674,9.856406460551E-1);
#2676=CARTESIAN_POINT('',(-5.227060377337E0,-1.351358983849E1,
3.126953237213E0));
#2677=LINE('',#2676,#2675);
#2678=DIRECTION('',(0.E0,1.E0,0.E0));
#2679=VECTOR('',#2678,1.E-1);
#2680=CARTESIAN_POINT('',(-5.575536969656E0,-1.266E1,3.475429829532E0));
#2681=LINE('',#2680,#2679);
#2682=DIRECTION('',(-7.071067811865E-1,0.E0,7.071067811865E-1));
#2683=VECTOR('',#2682,6.E-1);
#2684=CARTESIAN_POINT('',(-5.575536969656E0,-1.256E1,3.475429829532E0));
#2685=LINE('',#2684,#2683);
#2686=DIRECTION('',(0.E0,-1.E0,0.E0));
#2687=VECTOR('',#2686,4.641016151377E-2);
#2688=CARTESIAN_POINT('',(-5.999801038368E0,-1.256E1,3.899693898244E0));
#2689=LINE('',#2688,#2687);
#2690=CARTESIAN_POINT('',(-3.475429829532E0,-1.386E1,5.575536969656E0));
#2691=CARTESIAN_POINT('',(-3.475429829532E0,-1.756E1,5.575536969656E0));
#2692=VERTEX_POINT('',#2690);
#2693=VERTEX_POINT('',#2691);
#2694=CARTESIAN_POINT('',(-3.889087296526E0,-1.756E1,5.161879502662E0));
#2695=VERTEX_POINT('',#2694);
#2696=CARTESIAN_POINT('',(-5.161879502662E0,-1.756E1,3.889087296526E0));
#2697=CARTESIAN_POINT('',(-5.575536969656E0,-1.756E1,3.475429829532E0));
#2698=VERTEX_POINT('',#2696);
#2699=VERTEX_POINT('',#2697);
#2700=CARTESIAN_POINT('',(-5.575536969656E0,-1.386E1,3.475429829532E0));
#2701=VERTEX_POINT('',#2700);
#2702=CARTESIAN_POINT('',(-3.475429829532E0,-1.266E1,5.575536969656E0));
#2703=CARTESIAN_POINT('',(-3.475429829532E0,-1.256E1,5.575536969656E0));
#2704=VERTEX_POINT('',#2702);
#2705=VERTEX_POINT('',#2703);
#2706=CARTESIAN_POINT('',(-5.575536969656E0,-1.266E1,3.475429829532E0));
#2707=CARTESIAN_POINT('',(-5.575536969656E0,-1.256E1,3.475429829532E0));
#2708=VERTEX_POINT('',#2706);
#2709=VERTEX_POINT('',#2707);
#2710=CARTESIAN_POINT('',(-3.051165760820E0,-1.756E1,5.151272900944E0));
#2711=CARTESIAN_POINT('',(-3.464823227814E0,-1.756E1,4.737615433950E0));
#2712=VERTEX_POINT('',#2710);
#2713=VERTEX_POINT('',#2711);
#2714=CARTESIAN_POINT('',(-4.737615433950E0,-1.756E1,3.464823227814E0));
#2715=CARTESIAN_POINT('',(-5.151272900944E0,-1.756E1,3.051165760820E0));
#2716=VERTEX_POINT('',#2714);
#2717=VERTEX_POINT('',#2715);
#2718=CARTESIAN_POINT('',(-3.899693898244E0,-1.256E1,5.999801038368E0));
#2719=VERTEX_POINT('',#2718);
#2720=CARTESIAN_POINT('',(-5.999801038368E0,-1.256E1,3.899693898244E0));
#2721=VERTEX_POINT('',#2720);
#2722=CARTESIAN_POINT('',(-5.151272900944E0,-1.391358983849E1,
3.051165760820E0));
#2723=CARTESIAN_POINT('',(-3.051165760820E0,-1.391358983849E1,
5.151272900944E0));
#2724=VERTEX_POINT('',#2722);
#2725=VERTEX_POINT('',#2723);
#2726=CARTESIAN_POINT('',(-3.126953237213E0,-1.351358983849E1,
5.227060377337E0));
#2727=VERTEX_POINT('',#2726);
#2728=CARTESIAN_POINT('',(-5.227060377337E0,-1.351358983849E1,
3.126953237213E0));
#2729=VERTEX_POINT('',#2728);
#2730=CARTESIAN_POINT('',(-3.899693898244E0,-1.260641016151E1,
5.999801038368E0));
#2731=CARTESIAN_POINT('',(-3.823906421851E0,-1.300641016151E1,
5.924013561975E0));
#2732=VERTEX_POINT('',#2730);
#2733=VERTEX_POINT('',#2731);
#2734=CARTESIAN_POINT('',(-5.924013561975E0,-1.300641016151E1,
3.823906421851E0));
#2735=CARTESIAN_POINT('',(-5.999801038368E0,-1.260641016151E1,
3.899693898244E0));
#2736=VERTEX_POINT('',#2734);
#2737=VERTEX_POINT('',#2735);
#2738=CARTESIAN_POINT('',(-4.879036790187E0,-1.806E1,4.171930009001E0));
#2739=CARTESIAN_POINT('',(-4.879036790187E0,-2.006E1,4.171930009001E0));
#2740=VERTEX_POINT('',#2738);
#2741=VERTEX_POINT('',#2739);
#2742=CARTESIAN_POINT('',(-4.171930009001E0,-2.006E1,4.879036790187E0));
#2743=VERTEX_POINT('',#2742);
#2744=CARTESIAN_POINT('',(-4.171930009001E0,-1.806E1,4.879036790187E0));
#2745=VERTEX_POINT('',#2744);
#2746=CARTESIAN_POINT('',(-4.454772721475E0,-1.806E1,3.747665940289E0));
#2747=CARTESIAN_POINT('',(-4.454772721475E0,-2.006E1,3.747665940289E0));
#2748=VERTEX_POINT('',#2746);
#2749=VERTEX_POINT('',#2747);
#2750=CARTESIAN_POINT('',(-3.747665940289E0,-2.006E1,4.454772721475E0));
#2751=VERTEX_POINT('',#2750);
#2752=CARTESIAN_POINT('',(-3.747665940289E0,-1.806E1,4.454772721475E0));
#2753=VERTEX_POINT('',#2752);
#2754=CARTESIAN_POINT('',(-4.171930009001E0,-2.046E1,4.879036790187E0));
#2755=CARTESIAN_POINT('',(-3.889087296526E0,-2.006E1,5.161879502662E0));
#2756=VERTEX_POINT('',#2754);
#2757=VERTEX_POINT('',#2755);
#2758=CARTESIAN_POINT('',(-3.464823227814E0,-2.006E1,4.737615433950E0));
#2759=VERTEX_POINT('',#2758);
#2760=CARTESIAN_POINT('',(-3.747665940289E0,-2.046E1,4.454772721475E0));
#2761=VERTEX_POINT('',#2760);
#2762=CARTESIAN_POINT('',(-4.454772721475E0,-2.046E1,3.747665940289E0));
#2763=CARTESIAN_POINT('',(-4.737615433950E0,-2.006E1,3.464823227814E0));
#2764=VERTEX_POINT('',#2762);
#2765=VERTEX_POINT('',#2763);
#2766=CARTESIAN_POINT('',(-5.161879502662E0,-2.006E1,3.889087296526E0));
#2767=VERTEX_POINT('',#2766);
#2768=CARTESIAN_POINT('',(-4.879036790187E0,-2.046E1,4.171930009001E0));
#2769=VERTEX_POINT('',#2768);
#2770=CARTESIAN_POINT('',(-3.100663235503E0,-2.046E1,5.950303563685E0));
#2771=DIRECTION('',(-7.071067811865E-1,0.E0,7.071067811865E-1));
#2772=DIRECTION('',(0.E0,1.E0,0.E0));
#2773=AXIS2_PLACEMENT_3D('',#2770,#2771,#2772);
#2774=PLANE('',#2773);
#2776=ORIENTED_EDGE('',*,*,#2775,.F.);
#2778=ORIENTED_EDGE('',*,*,#2777,.T.);
#2780=ORIENTED_EDGE('',*,*,#2779,.F.);
#2782=ORIENTED_EDGE('',*,*,#2781,.T.);
#2784=ORIENTED_EDGE('',*,*,#2783,.T.);
#2786=ORIENTED_EDGE('',*,*,#2785,.F.);
#2788=ORIENTED_EDGE('',*,*,#2787,.T.);
#2790=ORIENTED_EDGE('',*,*,#2789,.T.);
#2792=ORIENTED_EDGE('',*,*,#2791,.T.);
#2794=ORIENTED_EDGE('',*,*,#2793,.F.);
#2795=EDGE_LOOP('',(#2776,#2778,#2780,#2782,#2784,#2786,#2788,#2790,#2792,
#2794));
#2796=FACE_OUTER_BOUND('',#2795,.F.);
#2798=ORIENTED_EDGE('',*,*,#2797,.T.);
#2800=ORIENTED_EDGE('',*,*,#2799,.T.);
#2802=ORIENTED_EDGE('',*,*,#2801,.T.);
#2804=ORIENTED_EDGE('',*,*,#2803,.T.);
#2805=EDGE_LOOP('',(#2798,#2800,#2802,#2804));
#2806=FACE_BOUND('',#2805,.F.);
#2807=ADVANCED_FACE('',(#2796,#2806),#2774,.T.);
#2808=CARTESIAN_POINT('',(-4.879036790187E0,-1.806E1,4.171930009001E0));
#2809=DIRECTION('',(-7.071067811865E-1,0.E0,-7.071067811865E-1));
#2810=DIRECTION('',(0.E0,-1.E0,0.E0));
#2811=AXIS2_PLACEMENT_3D('',#2808,#2809,#2810);
#2812=PLANE('',#2811);
#2813=ORIENTED_EDGE('',*,*,#2797,.F.);
#2815=ORIENTED_EDGE('',*,*,#2814,.T.);
#2817=ORIENTED_EDGE('',*,*,#2816,.T.);
#2819=ORIENTED_EDGE('',*,*,#2818,.F.);
#2820=EDGE_LOOP('',(#2813,#2815,#2817,#2819));
#2821=FACE_OUTER_BOUND('',#2820,.F.);
#2822=ADVANCED_FACE('',(#2821),#2812,.F.);
#2823=CARTESIAN_POINT('',(-4.171930009001E0,-1.806E1,4.879036790187E0));
#2824=DIRECTION('',(0.E0,1.E0,0.E0));
#2825=DIRECTION('',(-7.071067811865E-1,0.E0,-7.071067811865E-1));
#2826=AXIS2_PLACEMENT_3D('',#2823,#2824,#2825);
#2827=PLANE('',#2826);
#2828=ORIENTED_EDGE('',*,*,#2803,.F.);
#2830=ORIENTED_EDGE('',*,*,#2829,.T.);
#2832=ORIENTED_EDGE('',*,*,#2831,.T.);
#2833=ORIENTED_EDGE('',*,*,#2814,.F.);
#2834=EDGE_LOOP('',(#2828,#2830,#2832,#2833));
#2835=FACE_OUTER_BOUND('',#2834,.F.);
#2836=ADVANCED_FACE('',(#2835),#2827,.F.);
#2837=CARTESIAN_POINT('',(-4.171930009001E0,-2.006E1,4.879036790187E0));
#2838=DIRECTION('',(7.071067811865E-1,0.E0,7.071067811865E-1));
#2839=DIRECTION('',(0.E0,1.E0,0.E0));
#2840=AXIS2_PLACEMENT_3D('',#2837,#2838,#2839);
#2841=PLANE('',#2840);
#2842=ORIENTED_EDGE('',*,*,#2801,.F.);
#2844=ORIENTED_EDGE('',*,*,#2843,.T.);
#2846=ORIENTED_EDGE('',*,*,#2845,.T.);
#2847=ORIENTED_EDGE('',*,*,#2829,.F.);
#2848=EDGE_LOOP('',(#2842,#2844,#2846,#2847));
#2849=FACE_OUTER_BOUND('',#2848,.F.);
#2850=ADVANCED_FACE('',(#2849),#2841,.F.);
#2851=CARTESIAN_POINT('',(-4.879036790187E0,-2.006E1,4.171930009001E0));
#2852=DIRECTION('',(0.E0,-1.E0,0.E0));
#2853=DIRECTION('',(7.071067811865E-1,0.E0,7.071067811865E-1));
#2854=AXIS2_PLACEMENT_3D('',#2851,#2852,#2853);
#2855=PLANE('',#2854);
#2856=ORIENTED_EDGE('',*,*,#2799,.F.);
#2857=ORIENTED_EDGE('',*,*,#2818,.T.);
#2859=ORIENTED_EDGE('',*,*,#2858,.T.);
#2860=ORIENTED_EDGE('',*,*,#2843,.F.);
#2861=EDGE_LOOP('',(#2856,#2857,#2859,#2860));
#2862=FACE_OUTER_BOUND('',#2861,.F.);
#2863=ADVANCED_FACE('',(#2862),#2855,.F.);
#2864=CARTESIAN_POINT('',(-2.676399166791E0,-1.369923048454E1,
5.526039494973E0));
#2865=DIRECTION('',(7.071067811865E-1,0.E0,-7.071067811865E-1));
#2866=DIRECTION('',(0.E0,-1.E0,0.E0));
#2867=AXIS2_PLACEMENT_3D('',#2864,#2865,#2866);
#2868=PLANE('',#2867);
#2870=ORIENTED_EDGE('',*,*,#2869,.F.);
#2872=ORIENTED_EDGE('',*,*,#2871,.T.);
#2874=ORIENTED_EDGE('',*,*,#2873,.F.);
#2876=ORIENTED_EDGE('',*,*,#2875,.F.);
#2878=ORIENTED_EDGE('',*,*,#2877,.T.);
#2880=ORIENTED_EDGE('',*,*,#2879,.T.);
#2882=ORIENTED_EDGE('',*,*,#2881,.F.);
#2884=ORIENTED_EDGE('',*,*,#2883,.F.);
#2886=ORIENTED_EDGE('',*,*,#2885,.F.);
#2888=ORIENTED_EDGE('',*,*,#2887,.F.);
#2889=EDGE_LOOP('',(#2870,#2872,#2874,#2876,#2878,#2880,#2882,#2884,#2886,
#2888));
#2890=FACE_OUTER_BOUND('',#2889,.F.);
#2891=ORIENTED_EDGE('',*,*,#2816,.F.);
#2892=ORIENTED_EDGE('',*,*,#2831,.F.);
#2893=ORIENTED_EDGE('',*,*,#2845,.F.);
#2894=ORIENTED_EDGE('',*,*,#2858,.F.);
#2895=EDGE_LOOP('',(#2891,#2892,#2893,#2894));
#2896=FACE_BOUND('',#2895,.F.);
#2897=ADVANCED_FACE('',(#2890,#2896),#2868,.T.);
#2898=CARTESIAN_POINT('',(-3.818376618407E0,-2.026E1,4.808326112069E0));
#2899=DIRECTION('',(5.E-1,-7.071067811865E-1,5.E-1));
#2900=DIRECTION('',(5.E-1,7.071067811865E-1,5.E-1));
#2901=AXIS2_PLACEMENT_3D('',#2898,#2899,#2900);
#2902=PLANE('',#2901);
#2903=ORIENTED_EDGE('',*,*,#2775,.T.);
#2905=ORIENTED_EDGE('',*,*,#2904,.F.);
#2906=ORIENTED_EDGE('',*,*,#2869,.T.);
#2908=ORIENTED_EDGE('',*,*,#2907,.T.);
#2909=EDGE_LOOP('',(#2903,#2905,#2906,#2908));
#2910=FACE_OUTER_BOUND('',#2909,.F.);
#2911=ADVANCED_FACE('',(#2910),#2902,.T.);
#2912=CARTESIAN_POINT('',(-4.313351365238E0,-1.756E1,5.586143571374E0));
#2913=DIRECTION('',(-7.071067811865E-1,0.E0,-7.071067811865E-1));
#2914=DIRECTION('',(0.E0,-1.E0,0.E0));
#2915=AXIS2_PLACEMENT_3D('',#2912,#2913,#2914);
#2916=PLANE('',#2915);
#2917=ORIENTED_EDGE('',*,*,#2904,.T.);
#2918=ORIENTED_EDGE('',*,*,#2793,.T.);
#2920=ORIENTED_EDGE('',*,*,#2919,.T.);
#2921=ORIENTED_EDGE('',*,*,#2871,.F.);
#2922=EDGE_LOOP('',(#2917,#2918,#2920,#2921));
#2923=FACE_OUTER_BOUND('',#2922,.F.);
#2924=ADVANCED_FACE('',(#2923),#2916,.F.);
#2925=CARTESIAN_POINT('',(-3.899693898244E0,-1.756E1,5.999801038368E0));
#2926=DIRECTION('',(0.E0,1.E0,0.E0));
#2927=DIRECTION('',(-7.071067811865E-1,0.E0,-7.071067811865E-1));
#2928=AXIS2_PLACEMENT_3D('',#2925,#2926,#2927);
#2929=PLANE('',#2928);
#2930=ORIENTED_EDGE('',*,*,#2791,.F.);
#2932=ORIENTED_EDGE('',*,*,#2931,.T.);
#2933=ORIENTED_EDGE('',*,*,#2873,.T.);
#2934=ORIENTED_EDGE('',*,*,#2919,.F.);
#2935=EDGE_LOOP('',(#2930,#2932,#2933,#2934));
#2936=FACE_OUTER_BOUND('',#2935,.F.);
#2937=ADVANCED_FACE('',(#2936),#2929,.F.);
#2938=CARTESIAN_POINT('',(-3.899693898244E0,-1.256E1,5.999801038368E0));
#2939=DIRECTION('',(-7.071067811865E-1,0.E0,-7.071067811865E-1));
#2940=DIRECTION('',(0.E0,-1.E0,0.E0));
#2941=AXIS2_PLACEMENT_3D('',#2938,#2939,#2940);
#2942=PLANE('',#2941);
#2944=ORIENTED_EDGE('',*,*,#2943,.T.);
#2946=ORIENTED_EDGE('',*,*,#2945,.T.);
#2948=ORIENTED_EDGE('',*,*,#2947,.T.);
#2950=ORIENTED_EDGE('',*,*,#2949,.T.);
#2952=ORIENTED_EDGE('',*,*,#2951,.T.);
#2954=ORIENTED_EDGE('',*,*,#2953,.T.);
#2955=ORIENTED_EDGE('',*,*,#2875,.T.);
#2956=ORIENTED_EDGE('',*,*,#2931,.F.);
#2957=ORIENTED_EDGE('',*,*,#2789,.F.);
#2959=ORIENTED_EDGE('',*,*,#2958,.T.);
#2960=EDGE_LOOP('',(#2944,#2946,#2948,#2950,#2952,#2954,#2955,#2956,#2957,
#2959));
#2961=FACE_OUTER_BOUND('',#2960,.F.);
#2962=ADVANCED_FACE('',(#2961),#2942,.F.);
#2963=CARTESIAN_POINT('',(-2.676399166791E0,-2.046E1,5.526039494973E0));
#2964=DIRECTION('',(0.E0,-1.E0,0.E0));
#2965=DIRECTION('',(-7.071067811865E-1,0.E0,7.071067811865E-1));
#2966=AXIS2_PLACEMENT_3D('',#2963,#2964,#2965);
#2967=PLANE('',#2966);
#2968=ORIENTED_EDGE('',*,*,#2907,.F.);
#2969=ORIENTED_EDGE('',*,*,#2887,.T.);
#2971=ORIENTED_EDGE('',*,*,#2970,.F.);
#2972=ORIENTED_EDGE('',*,*,#2777,.F.);
#2973=EDGE_LOOP('',(#2968,#2969,#2971,#2972));
#2974=FACE_OUTER_BOUND('',#2973,.F.);
#2975=ADVANCED_FACE('',(#2974),#2967,.T.);
#2976=CARTESIAN_POINT('',(-4.808326112069E0,-2.026E1,3.818376618407E0));
#2977=DIRECTION('',(-5.E-1,-7.071067811865E-1,-5.E-1));
#2978=DIRECTION('',(-5.E-1,7.071067811865E-1,-5.E-1));
#2979=AXIS2_PLACEMENT_3D('',#2976,#2977,#2978);
#2980=PLANE('',#2979);
#2981=ORIENTED_EDGE('',*,*,#2885,.T.);
#2983=ORIENTED_EDGE('',*,*,#2982,.F.);
#2984=ORIENTED_EDGE('',*,*,#2779,.T.);
#2985=ORIENTED_EDGE('',*,*,#2970,.T.);
#2986=EDGE_LOOP('',(#2981,#2983,#2984,#2985));
#2987=FACE_OUTER_BOUND('',#2986,.F.);
#2988=ADVANCED_FACE('',(#2987),#2980,.T.);
#2989=CARTESIAN_POINT('',(-5.586143571374E0,-2.31E1,4.313351365238E0));
#2990=DIRECTION('',(7.071067811865E-1,0.E0,7.071067811865E-1));
#2991=DIRECTION('',(0.E0,1.E0,0.E0));
#2992=AXIS2_PLACEMENT_3D('',#2989,#2990,#2991);
#2993=PLANE('',#2992);
#2994=ORIENTED_EDGE('',*,*,#2982,.T.);
#2995=ORIENTED_EDGE('',*,*,#2883,.T.);
#2997=ORIENTED_EDGE('',*,*,#2996,.F.);
#2998=ORIENTED_EDGE('',*,*,#2781,.F.);
#2999=EDGE_LOOP('',(#2994,#2995,#2997,#2998));
#3000=FACE_OUTER_BOUND('',#2999,.F.);
#3001=ADVANCED_FACE('',(#3000),#2993,.F.);
#3002=CARTESIAN_POINT('',(-5.586143571374E0,-1.756E1,4.313351365238E0));
#3003=DIRECTION('',(0.E0,1.E0,0.E0));
#3004=DIRECTION('',(-7.071067811865E-1,0.E0,-7.071067811865E-1));
#3005=AXIS2_PLACEMENT_3D('',#3002,#3003,#3004);
#3006=PLANE('',#3005);
#3007=ORIENTED_EDGE('',*,*,#2783,.F.);
#3008=ORIENTED_EDGE('',*,*,#2996,.T.);
#3009=ORIENTED_EDGE('',*,*,#2881,.T.);
#3011=ORIENTED_EDGE('',*,*,#3010,.F.);
#3012=EDGE_LOOP('',(#3007,#3008,#3009,#3011));
#3013=FACE_OUTER_BOUND('',#3012,.F.);
#3014=ADVANCED_FACE('',(#3013),#3006,.F.);
#3015=CARTESIAN_POINT('',(-5.999801038368E0,-1.756E1,3.899693898244E0));
#3016=DIRECTION('',(7.071067811865E-1,0.E0,7.071067811865E-1));
#3017=DIRECTION('',(0.E0,1.E0,0.E0));
#3018=AXIS2_PLACEMENT_3D('',#3015,#3016,#3017);
#3019=PLANE('',#3018);
#3021=ORIENTED_EDGE('',*,*,#3020,.T.);
#3023=ORIENTED_EDGE('',*,*,#3022,.T.);
#3024=ORIENTED_EDGE('',*,*,#2785,.T.);
#3025=ORIENTED_EDGE('',*,*,#3010,.T.);
#3026=ORIENTED_EDGE('',*,*,#2879,.F.);
#3028=ORIENTED_EDGE('',*,*,#3027,.T.);
#3030=ORIENTED_EDGE('',*,*,#3029,.T.);
#3032=ORIENTED_EDGE('',*,*,#3031,.T.);
#3034=ORIENTED_EDGE('',*,*,#3033,.T.);
#3036=ORIENTED_EDGE('',*,*,#3035,.T.);
#3037=EDGE_LOOP('',(#3021,#3023,#3024,#3025,#3026,#3028,#3030,#3032,#3034,
#3036));
#3038=FACE_OUTER_BOUND('',#3037,.F.);
#3039=ADVANCED_FACE('',(#3038),#3019,.F.);
#3040=OPEN_SHELL('',(#2807,#2822,#2836,#2850,#2863,#2897,#2911,#2924,#2937,
#2962,#2975,#2988,#3001,#3014,#3039));
#3041=SHELL_BASED_SURFACE_MODEL('',(#73,#120,#607,#820,#1359,#1898,#2469,
#3040));
#3043=DIMENSIONAL_EXPONENTS(0.E0,0.E0,0.E0,0.E0,0.E0,0.E0,0.E0);
#3045=PLANE_ANGLE_MEASURE_WITH_UNIT(PLANE_ANGLE_MEASURE(1.745329251994E-2),
#3044);
#3046=(CONVERSION_BASED_UNIT('DEGREE',#3045)NAMED_UNIT(*)PLANE_ANGLE_UNIT());
#3048=UNCERTAINTY_MEASURE_WITH_UNIT(LENGTH_MEASURE(7.587068617252E-4),#3042,
'closure',
'Maximum model space distance between geometric entities at asserted connectivities');
#3049=(GEOMETRIC_REPRESENTATION_CONTEXT(3)GLOBAL_UNCERTAINTY_ASSIGNED_CONTEXT((
#3048))GLOBAL_UNIT_ASSIGNED_CONTEXT((#3042,#3046,#3047))REPRESENTATION_CONTEXT(
'ID1','3'));
#3051=APPLICATION_CONTEXT(
'CONFIGURATION CONTROLLED 3D DESIGNS OF MECHANICAL PARTS AND ASSEMBLIES');
#3052=APPLICATION_PROTOCOL_DEFINITION('international standard',
'config_control_design',1994,#3051);
#3053=DESIGN_CONTEXT('',#3051,'design');
#3054=MECHANICAL_CONTEXT('',#3051,'mechanical');
#3055=PRODUCT('AV9SLD2611001','AV9SLD2611001','NOT SPECIFIED',(#3054));
#3056=PRODUCT_DEFINITION_FORMATION_WITH_SPECIFIED_SOURCE('1','LAST_VERSION',
#3055,.MADE.);
#3060=PRODUCT_CATEGORY('part','');
#3061=PRODUCT_RELATED_PRODUCT_CATEGORY('detail','',(#3055));
#3062=PRODUCT_CATEGORY_RELATIONSHIP('','',#3060,#3061);
#3063=SECURITY_CLASSIFICATION_LEVEL('unclassified');
#3064=SECURITY_CLASSIFICATION('','',#3063);
#3065=CC_DESIGN_SECURITY_CLASSIFICATION(#3064,(#3056));
#3066=APPROVAL_STATUS('approved');
#3067=APPROVAL(#3066,'');
#3068=CC_DESIGN_APPROVAL(#3067,(#3064,#3056,#3057));
#3069=CALENDAR_DATE(112,25,9);
#3070=COORDINATED_UNIVERSAL_TIME_OFFSET(2,0,.AHEAD.);
#3071=LOCAL_TIME(13,14,4.5E1,#3070);
#3072=DATE_AND_TIME(#3069,#3071);
#3073=APPROVAL_DATE_TIME(#3072,#3067);
#3074=DATE_TIME_ROLE('creation_date');
#3075=CC_DESIGN_DATE_AND_TIME_ASSIGNMENT(#3072,#3074,(#3057));
#3076=DATE_TIME_ROLE('classification_date');
#3077=CC_DESIGN_DATE_AND_TIME_ASSIGNMENT(#3072,#3076,(#3064));
#3078=PERSON('UNSPECIFIED','UNSPECIFIED',$,$,$,$);
#3079=ORGANIZATION('UNSPECIFIED','UNSPECIFIED','UNSPECIFIED');
#3080=PERSON_AND_ORGANIZATION(#3078,#3079);
#3081=APPROVAL_ROLE('approver');
#3082=APPROVAL_PERSON_ORGANIZATION(#3080,#3067,#3081);
#3083=PERSON_AND_ORGANIZATION_ROLE('creator');
#3084=CC_DESIGN_PERSON_AND_ORGANIZATION_ASSIGNMENT(#3080,#3083,(#3056,#3057));
#3085=PERSON_AND_ORGANIZATION_ROLE('design_supplier');
#3086=CC_DESIGN_PERSON_AND_ORGANIZATION_ASSIGNMENT(#3080,#3085,(#3056));
#3087=PERSON_AND_ORGANIZATION_ROLE('classification_officer');
#3088=CC_DESIGN_PERSON_AND_ORGANIZATION_ASSIGNMENT(#3080,#3087,(#3064));
#3089=PERSON_AND_ORGANIZATION_ROLE('design_owner');
#3090=CC_DESIGN_PERSON_AND_ORGANIZATION_ASSIGNMENT(#3080,#3089,(#3055));
#5=CIRCLE('',#4,7.5E0);
#10=CIRCLE('',#9,7.5E0);
#15=CIRCLE('',#14,6.5E0);
#20=CIRCLE('',#19,6.5E0);
#25=CIRCLE('',#24,4.5E0);
#30=CIRCLE('',#29,4.5E0);
#48=EDGE_CURVE('',#33,#34,#5,.T.);
#50=EDGE_CURVE('',#34,#33,#10,.T.);
#54=EDGE_CURVE('',#37,#38,#15,.T.);
#56=EDGE_CURVE('',#38,#37,#20,.T.);
#66=EDGE_CURVE('',#42,#41,#25,.T.);
#68=EDGE_CURVE('',#41,#42,#30,.T.);
#78=CIRCLE('',#77,6.5E0);
#83=CIRCLE('',#82,6.5E0);
#88=CIRCLE('',#87,4.5E0);
#93=CIRCLE('',#92,4.5E0);
#107=EDGE_CURVE('',#96,#97,#78,.T.);
#109=EDGE_CURVE('',#97,#96,#83,.T.);
#113=EDGE_CURVE('',#100,#101,#88,.T.);
#115=EDGE_CURVE('',#101,#100,#93,.T.);
#125=CIRCLE('',#124,8.875E0);
#130=CIRCLE('',#129,3.75E-1);
#135=CIRCLE('',#134,3.75E-1);
#140=CIRCLE('',#139,8.875E0);
#153=CIRCLE('',#152,2.E-1);
#158=CIRCLE('',#157,8.875E0);
#163=CIRCLE('',#162,2.E-1);
#168=CIRCLE('',#167,8.875E0);
#173=CIRCLE('',#172,9.121264511001E0);
#182=CIRCLE('',#181,9.121264511001E0);
#195=CIRCLE('',#194,9.5E0);
#204=CIRCLE('',#203,9.5E0);
#209=CIRCLE('',#208,9.5E0);
#214=CIRCLE('',#213,9.5E0);
#219=CIRCLE('',#218,1.1E1);
#228=CIRCLE('',#227,1.1E1);
#237=CIRCLE('',#236,2.3E1);
#242=CIRCLE('',#241,1.1E1);
#247=CIRCLE('',#246,2.3E1);
#252=CIRCLE('',#251,1.1E1);
#257=CIRCLE('',#256,8.05E0);
#262=CIRCLE('',#261,8.05E0);
#267=CIRCLE('',#266,7.65E0);
#272=CIRCLE('',#271,7.65E0);
#277=CIRCLE('',#276,7.7E0);
#282=CIRCLE('',#281,7.7E0);
#287=CIRCLE('',#286,8.5E0);
#292=CIRCLE('',#291,8.5E0);
#342=EDGE_CURVE('',#332,#331,#125,.T.);
#344=EDGE_CURVE('',#332,#295,#148,.T.);
#346=EDGE_CURVE('',#295,#309,#168,.T.);
#348=EDGE_CURVE('',#331,#309,#144,.T.);
#359=EDGE_CURVE('',#331,#335,#135,.T.);
#361=EDGE_CURVE('',#336,#335,#292,.T.);
#363=EDGE_CURVE('',#332,#336,#130,.T.);
#373=EDGE_CURVE('',#331,#332,#140,.T.);
#376=EDGE_CURVE('',#335,#336,#287,.T.);
#389=EDGE_CURVE('',#295,#309,#158,.T.);
#400=EDGE_CURVE('',#295,#296,#153,.T.);
#403=EDGE_CURVE('',#309,#310,#163,.T.);
#405=EDGE_CURVE('',#296,#310,#182,.T.);
#416=EDGE_CURVE('',#296,#310,#173,.T.);
#428=EDGE_CURVE('',#296,#298,#177,.T.);
#430=EDGE_CURVE('',#298,#312,#204,.T.);
#432=EDGE_CURVE('',#310,#312,#186,.T.);
#446=EDGE_CURVE('',#298,#312,#195,.T.);
#456=EDGE_CURVE('',#298,#300,#190,.T.);
#459=EDGE_CURVE('',#312,#314,#199,.T.);
#461=EDGE_CURVE('',#300,#314,#209,.T.);
#472=EDGE_CURVE('',#300,#314,#214,.T.);
#484=EDGE_CURVE('',#303,#317,#219,.T.);
#486=EDGE_CURVE('',#303,#317,#228,.T.);
#500=EDGE_CURVE('',#303,#304,#223,.T.);
#502=EDGE_CURVE('',#304,#318,#252,.T.);
#504=EDGE_CURVE('',#317,#318,#232,.T.);
#518=EDGE_CURVE('',#304,#318,#242,.T.);
#540=EDGE_CURVE('',#304,#306,#237,.T.);
#543=EDGE_CURVE('',#318,#320,#247,.T.);
#545=EDGE_CURVE('',#306,#320,#257,.T.);
#568=EDGE_CURVE('',#306,#320,#262,.T.);
#584=EDGE_CURVE('',#323,#324,#267,.T.);
#586=EDGE_CURVE('',#324,#323,#272,.T.);
#600=EDGE_CURVE('',#328,#327,#277,.T.);
#602=EDGE_CURVE('',#327,#328,#282,.T.);
#612=CIRCLE('',#611,7.4E0);
#625=CIRCLE('',#624,7.4E0);
#630=CIRCLE('',#629,7.4E0);
#635=CIRCLE('',#634,7.4E0);
#745=EDGE_CURVE('',#702,#703,#616,.T.);
#747=EDGE_CURVE('',#702,#706,#612,.T.);
#749=EDGE_CURVE('',#706,#707,#620,.T.);
#751=EDGE_CURVE('',#703,#707,#635,.T.);
#762=EDGE_CURVE('',#703,#707,#630,.T.);
#765=EDGE_CURVE('',#706,#702,#625,.T.);
#779=EDGE_CURVE('',#711,#710,#639,.T.);
#781=EDGE_CURVE('',#710,#714,#643,.T.);
#783=EDGE_CURVE('',#714,#715,#647,.T.);
#785=EDGE_CURVE('',#715,#711,#651,.T.);
#789=EDGE_CURVE('',#718,#719,#655,.T.);
#791=EDGE_CURVE('',#719,#723,#659,.T.);
#793=EDGE_CURVE('',#723,#722,#663,.T.);
#795=EDGE_CURVE('',#722,#718,#667,.T.);
#799=EDGE_CURVE('',#727,#726,#671,.T.);
#801=EDGE_CURVE('',#726,#731,#675,.T.);
#803=EDGE_CURVE('',#731,#729,#679,.T.);
#805=EDGE_CURVE('',#729,#727,#683,.T.);
#809=EDGE_CURVE('',#735,#734,#687,.T.);
#811=EDGE_CURVE('',#734,#739,#691,.T.);
#813=EDGE_CURVE('',#739,#737,#695,.T.);
#815=EDGE_CURVE('',#737,#735,#699,.T.);
#825=CIRCLE('',#824,5.5E-1);
#834=CIRCLE('',#833,5.5E-1);
#915=CIRCLE('',#914,5.5E-1);
#924=CIRCLE('',#923,5.5E-1);
#1102=EDGE_CURVE('',#1075,#1076,#842,.T.);
#1104=EDGE_CURVE('',#1075,#1033,#846,.T.);
#1106=EDGE_CURVE('',#1033,#1034,#850,.T.);
#1108=EDGE_CURVE('',#1034,#1036,#854,.T.);
#1110=EDGE_CURVE('',#1036,#1092,#858,.T.);
#1112=EDGE_CURVE('',#1092,#1052,#862,.T.);
#1114=EDGE_CURVE('',#1052,#1051,#866,.T.);
#1116=EDGE_CURVE('',#1051,#1090,#870,.T.);
#1118=EDGE_CURVE('',#1090,#1027,#874,.T.);
#1120=EDGE_CURVE('',#1027,#1028,#878,.T.);
#1122=EDGE_CURVE('',#1028,#1030,#882,.T.);
#1124=EDGE_CURVE('',#1030,#1084,#886,.T.);
#1126=EDGE_CURVE('',#1083,#1084,#890,.T.);
#1128=EDGE_CURVE('',#1083,#1076,#894,.T.);
#1132=EDGE_CURVE('',#1059,#1060,#825,.T.);
#1134=EDGE_CURVE('',#1060,#1062,#829,.T.);
#1136=EDGE_CURVE('',#1062,#1064,#834,.T.);
#1138=EDGE_CURVE('',#1064,#1059,#838,.T.);
#1149=EDGE_CURVE('',#1059,#1067,#898,.T.);
#1151=EDGE_CURVE('',#1067,#1068,#915,.T.);
#1153=EDGE_CURVE('',#1060,#1068,#910,.T.);
#1164=EDGE_CURVE('',#1064,#1072,#902,.T.);
#1166=EDGE_CURVE('',#1072,#1067,#919,.T.);
#1178=EDGE_CURVE('',#1062,#1070,#906,.T.);
#1180=EDGE_CURVE('',#1070,#1072,#924,.T.);
#1193=EDGE_CURVE('',#1068,#1070,#928,.T.);
#1204=EDGE_CURVE('',#1078,#1080,#932,.T.);
#1206=EDGE_CURVE('',#1088,#1078,#936,.T.);
#1208=EDGE_CURVE('',#1086,#1088,#940,.T.);
#1210=EDGE_CURVE('',#1042,#1086,#944,.T.);
#1212=EDGE_CURVE('',#1040,#1042,#948,.T.);
#1214=EDGE_CURVE('',#1039,#1040,#952,.T.);
#1216=EDGE_CURVE('',#1039,#1094,#956,.T.);
#1218=EDGE_CURVE('',#1094,#1055,#960,.T.);
#1220=EDGE_CURVE('',#1055,#1056,#964,.T.);
#1222=EDGE_CURVE('',#1056,#1096,#968,.T.);
#1224=EDGE_CURVE('',#1096,#1048,#972,.T.);
#1226=EDGE_CURVE('',#1046,#1048,#976,.T.);
#1228=EDGE_CURVE('',#1045,#1046,#980,.T.);
#1230=EDGE_CURVE('',#1080,#1045,#984,.T.);
#1247=EDGE_CURVE('',#1078,#1076,#988,.T.);
#1250=EDGE_CURVE('',#1080,#1075,#1012,.T.);
#1262=EDGE_CURVE('',#1088,#1083,#992,.T.);
#1274=EDGE_CURVE('',#1086,#1084,#996,.T.);
#1288=EDGE_CURVE('',#1030,#1042,#1000,.T.);
#1300=EDGE_CURVE('',#1028,#1040,#1004,.T.);
#1313=EDGE_CURVE('',#1027,#1039,#1008,.T.);
#1327=EDGE_CURVE('',#1033,#1045,#1016,.T.);
#1341=EDGE_CURVE('',#1034,#1046,#1020,.T.);
#1354=EDGE_CURVE('',#1048,#1036,#1024,.T.);
#1364=CIRCLE('',#1363,5.5E-1);
#1373=CIRCLE('',#1372,5.5E-1);
#1454=CIRCLE('',#1453,5.5E-1);
#1463=CIRCLE('',#1462,5.5E-1);
#1641=EDGE_CURVE('',#1614,#1615,#1381,.T.);
#1643=EDGE_CURVE('',#1614,#1572,#1385,.T.);
#1645=EDGE_CURVE('',#1572,#1573,#1389,.T.);
#1647=EDGE_CURVE('',#1573,#1575,#1393,.T.);
#1649=EDGE_CURVE('',#1575,#1631,#1397,.T.);
#1651=EDGE_CURVE('',#1631,#1591,#1401,.T.);
#1653=EDGE_CURVE('',#1591,#1590,#1405,.T.);
#1655=EDGE_CURVE('',#1590,#1629,#1409,.T.);
#1657=EDGE_CURVE('',#1629,#1566,#1413,.T.);
#1659=EDGE_CURVE('',#1566,#1567,#1417,.T.);
#1661=EDGE_CURVE('',#1567,#1569,#1421,.T.);
#1663=EDGE_CURVE('',#1569,#1623,#1425,.T.);
#1665=EDGE_CURVE('',#1622,#1623,#1429,.T.);
#1667=EDGE_CURVE('',#1622,#1615,#1433,.T.);
#1671=EDGE_CURVE('',#1598,#1599,#1364,.T.);
#1673=EDGE_CURVE('',#1599,#1601,#1368,.T.);
#1675=EDGE_CURVE('',#1601,#1603,#1373,.T.);
#1677=EDGE_CURVE('',#1603,#1598,#1377,.T.);
#1688=EDGE_CURVE('',#1598,#1606,#1437,.T.);
#1690=EDGE_CURVE('',#1606,#1607,#1454,.T.);
#1692=EDGE_CURVE('',#1599,#1607,#1449,.T.);
#1703=EDGE_CURVE('',#1603,#1611,#1441,.T.);
#1705=EDGE_CURVE('',#1611,#1606,#1458,.T.);
#1717=EDGE_CURVE('',#1601,#1609,#1445,.T.);
#1719=EDGE_CURVE('',#1609,#1611,#1463,.T.);
#1732=EDGE_CURVE('',#1607,#1609,#1467,.T.);
#1743=EDGE_CURVE('',#1617,#1619,#1471,.T.);
#1745=EDGE_CURVE('',#1627,#1617,#1475,.T.);
#1747=EDGE_CURVE('',#1625,#1627,#1479,.T.);
#1749=EDGE_CURVE('',#1581,#1625,#1483,.T.);
#1751=EDGE_CURVE('',#1579,#1581,#1487,.T.);
#1753=EDGE_CURVE('',#1578,#1579,#1491,.T.);
#1755=EDGE_CURVE('',#1578,#1633,#1495,.T.);
#1757=EDGE_CURVE('',#1633,#1594,#1499,.T.);
#1759=EDGE_CURVE('',#1594,#1595,#1503,.T.);
#1761=EDGE_CURVE('',#1595,#1635,#1507,.T.);
#1763=EDGE_CURVE('',#1635,#1587,#1511,.T.);
#1765=EDGE_CURVE('',#1585,#1587,#1515,.T.);
#1767=EDGE_CURVE('',#1584,#1585,#1519,.T.);
#1769=EDGE_CURVE('',#1619,#1584,#1523,.T.);
#1786=EDGE_CURVE('',#1617,#1615,#1527,.T.);
#1789=EDGE_CURVE('',#1619,#1614,#1551,.T.);
#1801=EDGE_CURVE('',#1627,#1622,#1531,.T.);
#1813=EDGE_CURVE('',#1625,#1623,#1535,.T.);
#1827=EDGE_CURVE('',#1569,#1581,#1539,.T.);
#1839=EDGE_CURVE('',#1567,#1579,#1543,.T.);
#1852=EDGE_CURVE('',#1566,#1578,#1547,.T.);
#1866=EDGE_CURVE('',#1572,#1584,#1555,.T.);
#1880=EDGE_CURVE('',#1573,#1585,#1559,.T.);
#1893=EDGE_CURVE('',#1587,#1575,#1563,.T.);
#2039=CIRCLE('',#2038,8.E-1);
#2060=CIRCLE('',#2059,8.E-1);
#2089=CIRCLE('',#2088,8.E-1);
#2102=CIRCLE('',#2101,8.E-1);
#2204=EDGE_CURVE('',#2185,#2186,#1918,.T.);
#2206=EDGE_CURVE('',#2185,#2198,#1922,.T.);
#2208=EDGE_CURVE('',#2196,#2198,#1926,.T.);
#2210=EDGE_CURVE('',#2196,#2127,#1930,.T.);
#2212=EDGE_CURVE('',#2127,#2128,#1934,.T.);
#2214=EDGE_CURVE('',#2130,#2128,#1938,.T.);
#2216=EDGE_CURVE('',#2130,#2121,#1942,.T.);
#2218=EDGE_CURVE('',#2121,#2122,#1946,.T.);
#2220=EDGE_CURVE('',#2122,#2124,#1950,.T.);
#2222=EDGE_CURVE('',#2186,#2124,#1954,.T.);
#2226=EDGE_CURVE('',#2169,#2170,#1902,.T.);
#2228=EDGE_CURVE('',#2170,#2172,#1906,.T.);
#2230=EDGE_CURVE('',#2172,#2174,#1910,.T.);
#2232=EDGE_CURVE('',#2174,#2169,#1914,.T.);
#2243=EDGE_CURVE('',#2169,#2177,#1958,.T.);
#2245=EDGE_CURVE('',#2177,#2178,#1974,.T.);
#2247=EDGE_CURVE('',#2170,#2178,#1970,.T.);
#2258=EDGE_CURVE('',#2174,#2182,#1962,.T.);
#2260=EDGE_CURVE('',#2182,#2177,#1978,.T.);
#2272=EDGE_CURVE('',#2172,#2180,#1966,.T.);
#2274=EDGE_CURVE('',#2180,#2182,#1982,.T.);
#2287=EDGE_CURVE('',#2178,#2180,#1986,.T.);
#2298=EDGE_CURVE('',#2188,#2190,#1990,.T.);
#2300=EDGE_CURVE('',#2188,#2142,#1994,.T.);
#2302=EDGE_CURVE('',#2141,#2142,#1998,.T.);
#2304=EDGE_CURVE('',#2154,#2141,#2002,.T.);
#2306=EDGE_CURVE('',#2154,#2153,#2006,.T.);
#2308=EDGE_CURVE('',#2153,#2146,#2010,.T.);
#2310=EDGE_CURVE('',#2145,#2146,#2014,.T.);
#2312=EDGE_CURVE('',#2194,#2145,#2018,.T.);
#2314=EDGE_CURVE('',#2193,#2194,#2022,.T.);
#2316=EDGE_CURVE('',#2190,#2193,#2072,.T.);
#2333=EDGE_CURVE('',#2188,#2186,#2026,.T.);
#2336=EDGE_CURVE('',#2190,#2185,#2068,.T.);
#2348=EDGE_CURVE('',#2124,#2142,#2030,.T.);
#2360=EDGE_CURVE('',#2122,#2141,#2034,.T.);
#2372=EDGE_CURVE('',#2162,#2161,#2039,.T.);
#2374=EDGE_CURVE('',#2161,#2148,#2043,.T.);
#2376=EDGE_CURVE('',#2148,#2134,#2047,.T.);
#2378=EDGE_CURVE('',#2134,#2133,#2051,.T.);
#2380=EDGE_CURVE('',#2133,#2156,#2055,.T.);
#2382=EDGE_CURVE('',#2156,#2154,#2060,.T.);
#2387=EDGE_CURVE('',#2121,#2162,#2064,.T.);
#2399=EDGE_CURVE('',#2198,#2193,#2076,.T.);
#2411=EDGE_CURVE('',#2196,#2194,#2080,.T.);
#2425=EDGE_CURVE('',#2127,#2145,#2084,.T.);
#2439=EDGE_CURVE('',#2128,#2146,#2097,.T.);
#2449=EDGE_CURVE('',#2166,#2165,#2089,.T.);
#2451=EDGE_CURVE('',#2165,#2130,#2093,.T.);
#2456=EDGE_CURVE('',#2153,#2158,#2102,.T.);
#2458=EDGE_CURVE('',#2158,#2137,#2106,.T.);
#2460=EDGE_CURVE('',#2137,#2138,#2110,.T.);
#2462=EDGE_CURVE('',#2138,#2150,#2114,.T.);
#2464=EDGE_CURVE('',#2150,#2166,#2118,.T.);
#2610=CIRCLE('',#2609,8.E-1);
#2631=CIRCLE('',#2630,8.E-1);
#2660=CIRCLE('',#2659,8.E-1);
#2673=CIRCLE('',#2672,8.E-1);
#2775=EDGE_CURVE('',#2756,#2757,#2489,.T.);
#2777=EDGE_CURVE('',#2756,#2769,#2493,.T.);
#2779=EDGE_CURVE('',#2767,#2769,#2497,.T.);
#2781=EDGE_CURVE('',#2767,#2698,#2501,.T.);
#2783=EDGE_CURVE('',#2698,#2699,#2505,.T.);
#2785=EDGE_CURVE('',#2701,#2699,#2509,.T.);
#2787=EDGE_CURVE('',#2701,#2692,#2513,.T.);
#2789=EDGE_CURVE('',#2692,#2693,#2517,.T.);
#2791=EDGE_CURVE('',#2693,#2695,#2521,.T.);
#2793=EDGE_CURVE('',#2757,#2695,#2525,.T.);
#2797=EDGE_CURVE('',#2740,#2741,#2473,.T.);
#2799=EDGE_CURVE('',#2741,#2743,#2477,.T.);
#2801=EDGE_CURVE('',#2743,#2745,#2481,.T.);
#2803=EDGE_CURVE('',#2745,#2740,#2485,.T.);
#2814=EDGE_CURVE('',#2740,#2748,#2529,.T.);
#2816=EDGE_CURVE('',#2748,#2749,#2545,.T.);
#2818=EDGE_CURVE('',#2741,#2749,#2541,.T.);
#2829=EDGE_CURVE('',#2745,#2753,#2533,.T.);
#2831=EDGE_CURVE('',#2753,#2748,#2549,.T.);
#2843=EDGE_CURVE('',#2743,#2751,#2537,.T.);
#2845=EDGE_CURVE('',#2751,#2753,#2553,.T.);
#2858=EDGE_CURVE('',#2749,#2751,#2557,.T.);
#2869=EDGE_CURVE('',#2759,#2761,#2561,.T.);
#2871=EDGE_CURVE('',#2759,#2713,#2565,.T.);
#2873=EDGE_CURVE('',#2712,#2713,#2569,.T.);
#2875=EDGE_CURVE('',#2725,#2712,#2573,.T.);
#2877=EDGE_CURVE('',#2725,#2724,#2577,.T.);
#2879=EDGE_CURVE('',#2724,#2717,#2581,.T.);
#2881=EDGE_CURVE('',#2716,#2717,#2585,.T.);
#2883=EDGE_CURVE('',#2765,#2716,#2589,.T.);
#2885=EDGE_CURVE('',#2764,#2765,#2593,.T.);
#2887=EDGE_CURVE('',#2761,#2764,#2643,.T.);
#2904=EDGE_CURVE('',#2759,#2757,#2597,.T.);
#2907=EDGE_CURVE('',#2761,#2756,#2639,.T.);
#2919=EDGE_CURVE('',#2695,#2713,#2601,.T.);
#2931=EDGE_CURVE('',#2693,#2712,#2605,.T.);
#2943=EDGE_CURVE('',#2733,#2732,#2610,.T.);
#2945=EDGE_CURVE('',#2732,#2719,#2614,.T.);
#2947=EDGE_CURVE('',#2719,#2705,#2618,.T.);
#2949=EDGE_CURVE('',#2705,#2704,#2622,.T.);
#2951=EDGE_CURVE('',#2704,#2727,#2626,.T.);
#2953=EDGE_CURVE('',#2727,#2725,#2631,.T.);
#2958=EDGE_CURVE('',#2692,#2733,#2635,.T.);
#2970=EDGE_CURVE('',#2769,#2764,#2647,.T.);
#2982=EDGE_CURVE('',#2767,#2765,#2651,.T.);
#2996=EDGE_CURVE('',#2698,#2716,#2655,.T.);
#3010=EDGE_CURVE('',#2699,#2717,#2668,.T.);
#3020=EDGE_CURVE('',#2737,#2736,#2660,.T.);
#3022=EDGE_CURVE('',#2736,#2701,#2664,.T.);
#3027=EDGE_CURVE('',#2724,#2729,#2673,.T.);
#3029=EDGE_CURVE('',#2729,#2708,#2677,.T.);
#3031=EDGE_CURVE('',#2708,#2709,#2681,.T.);
#3033=EDGE_CURVE('',#2709,#2721,#2685,.T.);
#3035=EDGE_CURVE('',#2721,#2737,#2689,.T.);
#3042=(LENGTH_UNIT()NAMED_UNIT(*)SI_UNIT(.MILLI.,.METRE.));
#3044=(NAMED_UNIT(*)PLANE_ANGLE_UNIT()SI_UNIT($,.RADIAN.));
#3047=(NAMED_UNIT(*)SI_UNIT($,.STERADIAN.)SOLID_ANGLE_UNIT());
#3050=MANIFOLD_SURFACE_SHAPE_REPRESENTATION('',(#3041),#3049);
#3057=PRODUCT_DEFINITION('design','',#3056,#3053);
#3058=PRODUCT_DEFINITION_SHAPE('','SHAPE FOR AV9SLD2611001.',#3057);
#3059=SHAPE_DEFINITION_REPRESENTATION(#3058,#3050);
ENDSEC;
END-ISO-10303-21;
