ISO-10303-21;
HEADER;
FILE_DESCRIPTION((''),'2;1');
FILE_NAME('AV9SLD2633011','2012-09-25T',('jlgachon'),(''),
'PRO/ENGINEER BY PARAMETRIC TECHNOLOGY CORPORATION, 2011250',
'PRO/ENGINEER BY PARAMETRIC TECHNOLOGY CORPORATION, 2011250','');
FILE_SCHEMA(('CONFIG_CONTROL_DESIGN'));
ENDSEC;
DATA;
#1=CARTESIAN_POINT('',(0.E0,0.E0,0.E0));
#2=DIRECTION('',(0.E0,-1.E0,0.E0));
#3=DIRECTION('',(-1.E0,0.E0,0.E0));
#4=AXIS2_PLACEMENT_3D('',#1,#2,#3);
#6=CARTESIAN_POINT('',(0.E0,0.E0,0.E0));
#7=DIRECTION('',(0.E0,-1.E0,0.E0));
#8=DIRECTION('',(1.E0,0.E0,0.E0));
#9=AXIS2_PLACEMENT_3D('',#6,#7,#8);
#11=CARTESIAN_POINT('',(0.E0,0.E0,0.E0));
#12=DIRECTION('',(0.E0,1.E0,0.E0));
#13=DIRECTION('',(0.E0,0.E0,-1.E0));
#14=AXIS2_PLACEMENT_3D('',#11,#12,#13);
#16=CARTESIAN_POINT('',(0.E0,0.E0,0.E0));
#17=DIRECTION('',(0.E0,1.E0,0.E0));
#18=DIRECTION('',(0.E0,0.E0,1.E0));
#19=AXIS2_PLACEMENT_3D('',#16,#17,#18);
#21=CARTESIAN_POINT('',(0.E0,0.E0,0.E0));
#22=DIRECTION('',(0.E0,-1.E0,0.E0));
#23=DIRECTION('',(-8.963473729402E-1,0.E0,-4.433524410932E-1));
#24=AXIS2_PLACEMENT_3D('',#21,#22,#23);
#26=DIRECTION('',(-1.E0,0.E0,0.E0));
#27=VECTOR('',#26,8.044014614719E-1);
#28=CARTESIAN_POINT('',(4.231134599608E0,0.E0,-4.E-1));
#29=LINE('',#28,#27);
#30=CARTESIAN_POINT('',(0.E0,0.E0,0.E0));
#31=DIRECTION('',(0.E0,1.E0,0.E0));
#32=DIRECTION('',(9.932559820684E-1,0.E0,-1.159420289855E-1));
#33=AXIS2_PLACEMENT_3D('',#30,#31,#32);
#35=CARTESIAN_POINT('',(-3.450937385820E0,0.E0,-1.706906898209E0));
#36=DIRECTION('',(0.E0,-1.E0,0.E0));
#37=DIRECTION('',(8.963473729402E-1,0.E0,4.433524410932E-1));
#38=AXIS2_PLACEMENT_3D('',#35,#36,#37);
#40=DIRECTION('',(1.E0,0.E0,0.E0));
#41=VECTOR('',#40,8.044014614719E-1);
#42=CARTESIAN_POINT('',(3.426733138136E0,0.E0,4.E-1));
#43=LINE('',#42,#41);
#44=CARTESIAN_POINT('',(0.E0,0.E0,0.E0));
#45=DIRECTION('',(0.E0,-1.E0,0.E0));
#46=DIRECTION('',(9.955610822607E-1,0.E0,9.411764705882E-2));
#47=AXIS2_PLACEMENT_3D('',#44,#45,#46);
#49=CARTESIAN_POINT('',(-3.450937385820E0,0.E0,1.706906898209E0));
#50=DIRECTION('',(0.E0,-1.E0,0.E0));
#51=DIRECTION('',(-8.963473729402E-1,0.E0,4.433524410932E-1));
#52=AXIS2_PLACEMENT_3D('',#49,#50,#51);
#54=CARTESIAN_POINT('',(0.E0,0.E0,0.E0));
#55=DIRECTION('',(0.E0,1.E0,0.E0));
#56=DIRECTION('',(-8.963473729402E-1,0.E0,4.433524410932E-1));
#57=AXIS2_PLACEMENT_3D('',#54,#55,#56);
#59=CARTESIAN_POINT('',(1.000000000573E-1,0.E0,0.E0));
#60=DIRECTION('',(0.E0,-1.E0,0.E0));
#61=DIRECTION('',(0.E0,0.E0,-1.E0));
#62=AXIS2_PLACEMENT_3D('',#59,#60,#61);
#64=DIRECTION('',(-1.E0,0.E0,0.E0));
#65=VECTOR('',#64,5.2E0);
#66=CARTESIAN_POINT('',(1.000000000573E-1,0.E0,4.E-1));
#67=LINE('',#66,#65);
#68=CARTESIAN_POINT('',(-5.099999999943E0,0.E0,0.E0));
#69=DIRECTION('',(0.E0,-1.E0,0.E0));
#70=DIRECTION('',(0.E0,0.E0,1.E0));
#71=AXIS2_PLACEMENT_3D('',#68,#69,#70);
#73=DIRECTION('',(1.E0,0.E0,0.E0));
#74=VECTOR('',#73,5.2E0);
#75=CARTESIAN_POINT('',(-5.099999999943E0,0.E0,-4.E-1));
#76=LINE('',#75,#74);
#77=CARTESIAN_POINT('',(-7.5E0,0.E0,0.E0));
#78=CARTESIAN_POINT('',(7.5E0,0.E0,0.E0));
#79=VERTEX_POINT('',#77);
#80=VERTEX_POINT('',#78);
#81=CARTESIAN_POINT('',(0.E0,0.E0,-6.5E0));
#82=CARTESIAN_POINT('',(0.E0,0.E0,6.5E0));
#83=VERTEX_POINT('',#81);
#84=VERTEX_POINT('',#82);
#85=CARTESIAN_POINT('',(4.231134599608E0,0.E0,-4.E-1));
#86=CARTESIAN_POINT('',(-3.809476334996E0,0.E0,-1.884247874646E0));
#87=VERTEX_POINT('',#85);
#88=VERTEX_POINT('',#86);
#89=CARTESIAN_POINT('',(-3.092398436644E0,0.E0,-1.529565921771E0));
#90=VERTEX_POINT('',#89);
#91=CARTESIAN_POINT('',(3.426733138136E0,0.E0,-4.E-1));
#92=VERTEX_POINT('',#91);
#93=CARTESIAN_POINT('',(4.231134599608E0,0.E0,4.E-1));
#94=CARTESIAN_POINT('',(3.426733138136E0,0.E0,4.E-1));
#95=VERTEX_POINT('',#93);
#96=VERTEX_POINT('',#94);
#97=CARTESIAN_POINT('',(-3.092398436644E0,0.E0,1.529565921771E0));
#98=VERTEX_POINT('',#97);
#99=CARTESIAN_POINT('',(-3.809476334996E0,0.E0,1.884247874646E0));
#100=VERTEX_POINT('',#99);
#101=CARTESIAN_POINT('',(1.000000000573E-1,0.E0,4.E-1));
#102=CARTESIAN_POINT('',(1.000000000573E-1,0.E0,-4.E-1));
#103=VERTEX_POINT('',#101);
#104=VERTEX_POINT('',#102);
#105=CARTESIAN_POINT('',(-5.099999999943E0,0.E0,-4.E-1));
#106=VERTEX_POINT('',#105);
#107=CARTESIAN_POINT('',(-5.099999999943E0,0.E0,4.E-1));
#108=VERTEX_POINT('',#107);
#109=CARTESIAN_POINT('',(0.E0,0.E0,0.E0));
#110=DIRECTION('',(0.E0,1.E0,0.E0));
#111=DIRECTION('',(1.E0,0.E0,0.E0));
#112=AXIS2_PLACEMENT_3D('',#109,#110,#111);
#113=PLANE('',#112);
#115=ORIENTED_EDGE('',*,*,#114,.T.);
#117=ORIENTED_EDGE('',*,*,#116,.T.);
#118=EDGE_LOOP('',(#115,#117));
#119=FACE_OUTER_BOUND('',#118,.F.);
#121=ORIENTED_EDGE('',*,*,#120,.T.);
#123=ORIENTED_EDGE('',*,*,#122,.T.);
#124=EDGE_LOOP('',(#121,#123));
#125=FACE_BOUND('',#124,.F.);
#126=ADVANCED_FACE('',(#119,#125),#113,.T.);
#127=CARTESIAN_POINT('',(0.E0,0.E0,0.E0));
#128=DIRECTION('',(0.E0,1.E0,0.E0));
#129=DIRECTION('',(0.E0,0.E0,-1.E0));
#130=AXIS2_PLACEMENT_3D('',#127,#128,#129);
#131=PLANE('',#130);
#133=ORIENTED_EDGE('',*,*,#132,.T.);
#135=ORIENTED_EDGE('',*,*,#134,.T.);
#137=ORIENTED_EDGE('',*,*,#136,.T.);
#139=ORIENTED_EDGE('',*,*,#138,.T.);
#140=EDGE_LOOP('',(#133,#135,#137,#139));
#141=FACE_OUTER_BOUND('',#140,.F.);
#142=ADVANCED_FACE('',(#141),#131,.T.);
#143=CARTESIAN_POINT('',(0.E0,0.E0,0.E0));
#144=DIRECTION('',(0.E0,1.E0,0.E0));
#145=DIRECTION('',(0.E0,0.E0,-1.E0));
#146=AXIS2_PLACEMENT_3D('',#143,#144,#145);
#147=PLANE('',#146);
#149=ORIENTED_EDGE('',*,*,#148,.T.);
#151=ORIENTED_EDGE('',*,*,#150,.T.);
#153=ORIENTED_EDGE('',*,*,#152,.T.);
#155=ORIENTED_EDGE('',*,*,#154,.T.);
#156=EDGE_LOOP('',(#149,#151,#153,#155));
#157=FACE_OUTER_BOUND('',#156,.F.);
#158=ADVANCED_FACE('',(#157),#147,.T.);
#159=CARTESIAN_POINT('',(0.E0,0.E0,0.E0));
#160=DIRECTION('',(0.E0,1.E0,0.E0));
#161=DIRECTION('',(0.E0,0.E0,-1.E0));
#162=AXIS2_PLACEMENT_3D('',#159,#160,#161);
#163=PLANE('',#162);
#165=ORIENTED_EDGE('',*,*,#164,.T.);
#167=ORIENTED_EDGE('',*,*,#166,.T.);
#169=ORIENTED_EDGE('',*,*,#168,.T.);
#171=ORIENTED_EDGE('',*,*,#170,.T.);
#172=EDGE_LOOP('',(#165,#167,#169,#171));
#173=FACE_OUTER_BOUND('',#172,.F.);
#174=ADVANCED_FACE('',(#173),#163,.T.);
#175=OPEN_SHELL('',(#126,#142,#158,#174));
#176=CARTESIAN_POINT('',(0.E0,0.E0,0.E0));
#177=DIRECTION('',(0.E0,-1.E0,0.E0));
#178=DIRECTION('',(0.E0,0.E0,1.E0));
#179=AXIS2_PLACEMENT_3D('',#176,#177,#178);
#181=CARTESIAN_POINT('',(0.E0,0.E0,0.E0));
#182=DIRECTION('',(0.E0,-1.E0,0.E0));
#183=DIRECTION('',(0.E0,0.E0,-1.E0));
#184=AXIS2_PLACEMENT_3D('',#181,#182,#183);
#186=DIRECTION('',(1.E0,0.E0,0.E0));
#187=VECTOR('',#186,8.044014614719E-1);
#188=CARTESIAN_POINT('',(3.426733138136E0,0.E0,-4.E-1));
#189=LINE('',#188,#187);
#190=CARTESIAN_POINT('',(0.E0,0.E0,0.E0));
#191=DIRECTION('',(0.E0,1.E0,0.E0));
#192=DIRECTION('',(9.955610822607E-1,0.E0,-9.411764705882E-2));
#193=AXIS2_PLACEMENT_3D('',#190,#191,#192);
#195=CARTESIAN_POINT('',(-3.450937385820E0,0.E0,-1.706906898209E0));
#196=DIRECTION('',(0.E0,1.E0,0.E0));
#197=DIRECTION('',(-8.963473729402E-1,0.E0,-4.433524410932E-1));
#198=AXIS2_PLACEMENT_3D('',#195,#196,#197);
#200=CARTESIAN_POINT('',(0.E0,0.E0,0.E0));
#201=DIRECTION('',(0.E0,-1.E0,0.E0));
#202=DIRECTION('',(-8.963473729402E-1,0.E0,-4.433524410932E-1));
#203=AXIS2_PLACEMENT_3D('',#200,#201,#202);
#205=CARTESIAN_POINT('',(0.E0,0.E0,0.E0));
#206=DIRECTION('',(0.E0,1.E0,0.E0));
#207=DIRECTION('',(-8.963473729402E-1,0.E0,4.433524410932E-1));
#208=AXIS2_PLACEMENT_3D('',#205,#206,#207);
#210=DIRECTION('',(-1.E0,0.E0,0.E0));
#211=VECTOR('',#210,8.044014614719E-1);
#212=CARTESIAN_POINT('',(4.231134599608E0,0.E0,4.E-1));
#213=LINE('',#212,#211);
#214=CARTESIAN_POINT('',(0.E0,0.E0,0.E0));
#215=DIRECTION('',(0.E0,-1.E0,0.E0));
#216=DIRECTION('',(9.932559820684E-1,0.E0,1.159420289855E-1));
#217=AXIS2_PLACEMENT_3D('',#214,#215,#216);
#219=CARTESIAN_POINT('',(-3.450937385820E0,0.E0,1.706906898209E0));
#220=DIRECTION('',(0.E0,1.E0,0.E0));
#221=DIRECTION('',(8.963473729402E-1,0.E0,-4.433524410932E-1));
#222=AXIS2_PLACEMENT_3D('',#219,#220,#221);
#224=DIRECTION('',(1.E0,0.E0,0.E0));
#225=VECTOR('',#224,5.2E0);
#226=CARTESIAN_POINT('',(-5.099999999943E0,0.E0,4.E-1));
#227=LINE('',#226,#225);
#228=CARTESIAN_POINT('',(1.000000000573E-1,0.E0,0.E0));
#229=DIRECTION('',(0.E0,1.E0,0.E0));
#230=DIRECTION('',(0.E0,0.E0,1.E0));
#231=AXIS2_PLACEMENT_3D('',#228,#229,#230);
#233=DIRECTION('',(-1.E0,0.E0,0.E0));
#234=VECTOR('',#233,5.2E0);
#235=CARTESIAN_POINT('',(1.000000000573E-1,0.E0,-4.E-1));
#236=LINE('',#235,#234);
#237=CARTESIAN_POINT('',(-5.099999999943E0,0.E0,0.E0));
#238=DIRECTION('',(0.E0,1.E0,0.E0));
#239=DIRECTION('',(0.E0,0.E0,-1.E0));
#240=AXIS2_PLACEMENT_3D('',#237,#238,#239);
#242=CARTESIAN_POINT('',(0.E0,0.E0,-6.5E0));
#243=CARTESIAN_POINT('',(0.E0,0.E0,6.5E0));
#244=VERTEX_POINT('',#242);
#245=VERTEX_POINT('',#243);
#246=CARTESIAN_POINT('',(4.231134599608E0,0.E0,-4.E-1));
#247=CARTESIAN_POINT('',(3.426733138136E0,0.E0,-4.E-1));
#248=VERTEX_POINT('',#246);
#249=VERTEX_POINT('',#247);
#250=CARTESIAN_POINT('',(-3.092398436644E0,0.E0,-1.529565921771E0));
#251=VERTEX_POINT('',#250);
#252=CARTESIAN_POINT('',(-3.809476334996E0,0.E0,-1.884247874646E0));
#253=VERTEX_POINT('',#252);
#254=CARTESIAN_POINT('',(4.231134599608E0,0.E0,4.E-1));
#255=CARTESIAN_POINT('',(-3.809476334996E0,0.E0,1.884247874646E0));
#256=VERTEX_POINT('',#254);
#257=VERTEX_POINT('',#255);
#258=CARTESIAN_POINT('',(-3.092398436644E0,0.E0,1.529565921771E0));
#259=VERTEX_POINT('',#258);
#260=CARTESIAN_POINT('',(3.426733138136E0,0.E0,4.E-1));
#261=VERTEX_POINT('',#260);
#262=CARTESIAN_POINT('',(1.000000000573E-1,0.E0,4.E-1));
#263=CARTESIAN_POINT('',(-5.099999999943E0,0.E0,4.E-1));
#264=VERTEX_POINT('',#262);
#265=VERTEX_POINT('',#263);
#266=CARTESIAN_POINT('',(-5.099999999943E0,0.E0,-4.E-1));
#267=VERTEX_POINT('',#266);
#268=CARTESIAN_POINT('',(1.000000000573E-1,0.E0,-4.E-1));
#269=VERTEX_POINT('',#268);
#270=CARTESIAN_POINT('',(0.E0,0.E0,0.E0));
#271=DIRECTION('',(0.E0,1.E0,0.E0));
#272=DIRECTION('',(0.E0,0.E0,-1.E0));
#273=AXIS2_PLACEMENT_3D('',#270,#271,#272);
#274=PLANE('',#273);
#276=ORIENTED_EDGE('',*,*,#275,.T.);
#278=ORIENTED_EDGE('',*,*,#277,.T.);
#279=EDGE_LOOP('',(#276,#278));
#280=FACE_OUTER_BOUND('',#279,.F.);
#282=ORIENTED_EDGE('',*,*,#281,.T.);
#284=ORIENTED_EDGE('',*,*,#283,.T.);
#286=ORIENTED_EDGE('',*,*,#285,.T.);
#288=ORIENTED_EDGE('',*,*,#287,.T.);
#289=EDGE_LOOP('',(#282,#284,#286,#288));
#290=FACE_BOUND('',#289,.F.);
#292=ORIENTED_EDGE('',*,*,#291,.T.);
#294=ORIENTED_EDGE('',*,*,#293,.T.);
#296=ORIENTED_EDGE('',*,*,#295,.T.);
#298=ORIENTED_EDGE('',*,*,#297,.T.);
#299=EDGE_LOOP('',(#292,#294,#296,#298));
#300=FACE_BOUND('',#299,.F.);
#302=ORIENTED_EDGE('',*,*,#301,.T.);
#304=ORIENTED_EDGE('',*,*,#303,.T.);
#306=ORIENTED_EDGE('',*,*,#305,.T.);
#308=ORIENTED_EDGE('',*,*,#307,.T.);
#309=EDGE_LOOP('',(#302,#304,#306,#308));
#310=FACE_BOUND('',#309,.F.);
#311=ADVANCED_FACE('',(#280,#290,#300,#310),#274,.T.);
#312=OPEN_SHELL('',(#311));
#313=CARTESIAN_POINT('',(0.E0,-1.346E1,0.E0));
#314=DIRECTION('',(0.E0,1.E0,0.E0));
#315=DIRECTION('',(1.E0,0.E0,0.E0));
#316=AXIS2_PLACEMENT_3D('',#313,#314,#315);
#318=CARTESIAN_POINT('',(8.5E0,-1.346E1,3.648581446977E-12));
#319=DIRECTION('',(4.292443137044E-13,0.E0,-1.E0));
#320=DIRECTION('',(1.E0,0.E0,4.292443137044E-13));
#321=AXIS2_PLACEMENT_3D('',#318,#319,#320);
#323=CARTESIAN_POINT('',(-8.5E0,-1.346E1,-3.649150416277E-12));
#324=DIRECTION('',(-4.293111005582E-13,0.E0,1.E0));
#325=DIRECTION('',(-1.E0,0.E0,-4.293111005582E-13));
#326=AXIS2_PLACEMENT_3D('',#323,#324,#325);
#328=CARTESIAN_POINT('',(0.E0,-1.346E1,0.E0));
#329=DIRECTION('',(0.E0,1.E0,0.E0));
#330=DIRECTION('',(-1.E0,0.E0,0.E0));
#331=AXIS2_PLACEMENT_3D('',#328,#329,#330);
#333=DIRECTION('',(0.E0,1.E0,1.402952212679E-13));
#334=VECTOR('',#333,1.205E0);
#335=CARTESIAN_POINT('',(-8.875E0,-1.346E1,-1.690557316278E-13));
#336=LINE('',#335,#334);
#337=DIRECTION('',(0.E0,1.E0,-1.419306120303E-13));
#338=VECTOR('',#337,1.205E0);
#339=CARTESIAN_POINT('',(8.875E0,-1.346E1,1.710263974966E-13));
#340=LINE('',#339,#338);
#341=CARTESIAN_POINT('',(9.075E0,-1.2255E1,0.E0));
#342=DIRECTION('',(0.E0,0.E0,-1.E0));
#343=DIRECTION('',(-1.E0,0.E0,0.E0));
#344=AXIS2_PLACEMENT_3D('',#341,#342,#343);
#346=CARTESIAN_POINT('',(0.E0,-1.2255E1,0.E0));
#347=DIRECTION('',(0.E0,-1.E0,0.E0));
#348=DIRECTION('',(1.E0,0.E0,0.E0));
#349=AXIS2_PLACEMENT_3D('',#346,#347,#348);
#351=CARTESIAN_POINT('',(-9.075E0,-1.2255E1,0.E0));
#352=DIRECTION('',(0.E0,0.E0,1.E0));
#353=DIRECTION('',(1.E0,0.E0,0.E0));
#354=AXIS2_PLACEMENT_3D('',#351,#352,#353);
#356=CARTESIAN_POINT('',(0.E0,-1.2255E1,0.E0));
#357=DIRECTION('',(0.E0,1.E0,0.E0));
#358=DIRECTION('',(1.E0,0.E0,0.E0));
#359=AXIS2_PLACEMENT_3D('',#356,#357,#358);
#361=CARTESIAN_POINT('',(0.E0,-1.206042457755E1,0.E0));
#362=DIRECTION('',(0.E0,1.E0,0.E0));
#363=DIRECTION('',(1.E0,0.E0,0.E0));
#364=AXIS2_PLACEMENT_3D('',#361,#362,#363);
#366=DIRECTION('',(2.058536820469E-1,9.785827821844E-1,0.E0));
#367=VECTOR('',#366,1.839828587144E0);
#368=CARTESIAN_POINT('',(9.121264511001E0,-1.206042457755E1,0.E0));
#369=LINE('',#368,#367);
#370=CARTESIAN_POINT('',(0.E0,-1.206042457755E1,0.E0));
#371=DIRECTION('',(0.E0,-1.E0,0.E0));
#372=DIRECTION('',(1.E0,0.E0,0.E0));
#373=AXIS2_PLACEMENT_3D('',#370,#371,#372);
#375=DIRECTION('',(-2.058536820469E-1,9.785827821844E-1,0.E0));
#376=VECTOR('',#375,1.839828587144E0);
#377=CARTESIAN_POINT('',(-9.121264511001E0,-1.206042457755E1,0.E0));
#378=LINE('',#377,#376);
#379=DIRECTION('',(0.E0,1.E0,0.E0));
#380=VECTOR('',#379,8.16E0);
#381=CARTESIAN_POINT('',(9.5E0,-1.026E1,0.E0));
#382=LINE('',#381,#380);
#383=CARTESIAN_POINT('',(0.E0,-1.026E1,0.E0));
#384=DIRECTION('',(0.E0,-1.E0,0.E0));
#385=DIRECTION('',(1.E0,0.E0,0.E0));
#386=AXIS2_PLACEMENT_3D('',#383,#384,#385);
#388=DIRECTION('',(0.E0,1.E0,0.E0));
#389=VECTOR('',#388,8.16E0);
#390=CARTESIAN_POINT('',(-9.5E0,-1.026E1,0.E0));
#391=LINE('',#390,#389);
#392=CARTESIAN_POINT('',(0.E0,-1.026E1,0.E0));
#393=DIRECTION('',(0.E0,1.E0,0.E0));
#394=DIRECTION('',(1.E0,0.E0,0.E0));
#395=AXIS2_PLACEMENT_3D('',#392,#393,#394);
#397=CARTESIAN_POINT('',(0.E0,-2.1E0,0.E0));
#398=DIRECTION('',(0.E0,-1.E0,0.E0));
#399=DIRECTION('',(1.E0,0.E0,0.E0));
#400=AXIS2_PLACEMENT_3D('',#397,#398,#399);
#402=CARTESIAN_POINT('',(0.E0,-2.1E0,0.E0));
#403=DIRECTION('',(0.E0,1.E0,0.E0));
#404=DIRECTION('',(1.E0,0.E0,0.E0));
#405=AXIS2_PLACEMENT_3D('',#402,#403,#404);
#407=CARTESIAN_POINT('',(0.E0,-2.1E0,0.E0));
#408=DIRECTION('',(0.E0,1.E0,0.E0));
#409=DIRECTION('',(1.E0,0.E0,0.E0));
#410=AXIS2_PLACEMENT_3D('',#407,#408,#409);
#412=DIRECTION('',(0.E0,1.E0,0.E0));
#413=VECTOR('',#412,7.7E-1);
#414=CARTESIAN_POINT('',(1.1E1,-2.1E0,0.E0));
#415=LINE('',#414,#413);
#416=CARTESIAN_POINT('',(0.E0,-2.1E0,0.E0));
#417=DIRECTION('',(0.E0,-1.E0,0.E0));
#418=DIRECTION('',(1.E0,0.E0,0.E0));
#419=AXIS2_PLACEMENT_3D('',#416,#417,#418);
#421=DIRECTION('',(0.E0,1.E0,0.E0));
#422=VECTOR('',#421,7.7E-1);
#423=CARTESIAN_POINT('',(-1.1E1,-2.1E0,0.E0));
#424=LINE('',#423,#422);
#425=CARTESIAN_POINT('',(-2.201852142627E-2,-2.151700343571E1,0.E0));
#426=DIRECTION('',(0.E0,0.E0,1.E0));
#427=DIRECTION('',(4.792181965838E-1,8.776958015526E-1,0.E0));
#428=AXIS2_PLACEMENT_3D('',#425,#426,#427);
#430=CARTESIAN_POINT('',(0.E0,-1.33E0,0.E0));
#431=DIRECTION('',(0.E0,-1.E0,0.E0));
#432=DIRECTION('',(1.E0,0.E0,0.E0));
#433=AXIS2_PLACEMENT_3D('',#430,#431,#432);
#435=CARTESIAN_POINT('',(2.201852142627E-2,-2.151700343571E1,0.E0));
#436=DIRECTION('',(0.E0,0.E0,-1.E0));
#437=DIRECTION('',(-4.792181965838E-1,8.776958015526E-1,0.E0));
#438=AXIS2_PLACEMENT_3D('',#435,#436,#437);
#440=CARTESIAN_POINT('',(0.E0,-1.33E0,0.E0));
#441=DIRECTION('',(0.E0,1.E0,0.E0));
#442=DIRECTION('',(1.E0,0.E0,0.E0));
#443=AXIS2_PLACEMENT_3D('',#440,#441,#442);
#445=CARTESIAN_POINT('',(0.E0,2.000000000001E-2,0.E0));
#446=DIRECTION('',(0.E0,-1.E0,0.E0));
#447=DIRECTION('',(1.E0,0.E0,0.E0));
#448=AXIS2_PLACEMENT_3D('',#445,#446,#447);
#450=CARTESIAN_POINT('',(0.E0,2.000000000001E-2,0.E0));
#451=DIRECTION('',(0.E0,1.E0,0.E0));
#452=DIRECTION('',(1.E0,0.E0,0.E0));
#453=AXIS2_PLACEMENT_3D('',#450,#451,#452);
#455=CARTESIAN_POINT('',(0.E0,2.E-2,0.E0));
#456=DIRECTION('',(0.E0,1.E0,0.E0));
#457=DIRECTION('',(1.E0,0.E0,0.E0));
#458=AXIS2_PLACEMENT_3D('',#455,#456,#457);
#460=CARTESIAN_POINT('',(0.E0,2.E-2,0.E0));
#461=DIRECTION('',(0.E0,1.E0,0.E0));
#462=DIRECTION('',(-1.E0,0.E0,0.E0));
#463=AXIS2_PLACEMENT_3D('',#460,#461,#462);
#465=CARTESIAN_POINT('',(0.E0,-1.3835E1,0.E0));
#466=DIRECTION('',(0.E0,-1.E0,0.E0));
#467=DIRECTION('',(-1.E0,0.E0,0.E0));
#468=AXIS2_PLACEMENT_3D('',#465,#466,#467);
#470=CARTESIAN_POINT('',(0.E0,-1.3835E1,0.E0));
#471=DIRECTION('',(0.E0,-1.E0,0.E0));
#472=DIRECTION('',(1.E0,0.E0,0.E0));
#473=AXIS2_PLACEMENT_3D('',#470,#471,#472);
#475=CARTESIAN_POINT('',(0.E0,-1.3835E1,0.E0));
#476=DIRECTION('',(0.E0,1.E0,0.E0));
#477=DIRECTION('',(-1.E0,0.E0,0.E0));
#478=AXIS2_PLACEMENT_3D('',#475,#476,#477);
#480=CARTESIAN_POINT('',(0.E0,-1.3835E1,0.E0));
#481=DIRECTION('',(0.E0,1.E0,0.E0));
#482=DIRECTION('',(1.E0,0.E0,0.E0));
#483=AXIS2_PLACEMENT_3D('',#480,#481,#482);
#485=CARTESIAN_POINT('',(8.875E0,-1.2255E1,0.E0));
#486=CARTESIAN_POINT('',(9.121264511001E0,-1.206042457755E1,0.E0));
#487=VERTEX_POINT('',#485);
#488=VERTEX_POINT('',#486);
#489=CARTESIAN_POINT('',(9.5E0,-1.026E1,0.E0));
#490=VERTEX_POINT('',#489);
#491=CARTESIAN_POINT('',(9.5E0,-2.1E0,0.E0));
#492=VERTEX_POINT('',#491);
#493=CARTESIAN_POINT('',(1.1E1,-2.1E0,0.E0));
#494=CARTESIAN_POINT('',(1.1E1,-1.33E0,0.E0));
#495=VERTEX_POINT('',#493);
#496=VERTEX_POINT('',#494);
#497=CARTESIAN_POINT('',(8.05E0,2.E-2,0.E0));
#498=VERTEX_POINT('',#497);
#499=CARTESIAN_POINT('',(-8.875E0,-1.2255E1,0.E0));
#500=CARTESIAN_POINT('',(-9.121264511001E0,-1.206042457755E1,0.E0));
#501=VERTEX_POINT('',#499);
#502=VERTEX_POINT('',#500);
#503=CARTESIAN_POINT('',(-9.5E0,-1.026E1,0.E0));
#504=VERTEX_POINT('',#503);
#505=CARTESIAN_POINT('',(-9.5E0,-2.1E0,0.E0));
#506=VERTEX_POINT('',#505);
#507=CARTESIAN_POINT('',(-1.1E1,-2.1E0,0.E0));
#508=CARTESIAN_POINT('',(-1.1E1,-1.33E0,0.E0));
#509=VERTEX_POINT('',#507);
#510=VERTEX_POINT('',#508);
#511=CARTESIAN_POINT('',(-8.05E0,2.E-2,0.E0));
#512=VERTEX_POINT('',#511);
#513=CARTESIAN_POINT('',(7.65E0,2.E-2,0.E0));
#514=CARTESIAN_POINT('',(-7.65E0,2.E-2,0.E0));
#515=VERTEX_POINT('',#513);
#516=VERTEX_POINT('',#514);
#517=CARTESIAN_POINT('',(7.7E0,-1.3835E1,0.E0));
#518=CARTESIAN_POINT('',(-7.7E0,-1.3835E1,0.E0));
#519=VERTEX_POINT('',#517);
#520=VERTEX_POINT('',#518);
#521=CARTESIAN_POINT('',(-8.875E0,-1.346E1,0.E0));
#522=CARTESIAN_POINT('',(8.875E0,-1.346E1,0.E0));
#523=VERTEX_POINT('',#521);
#524=VERTEX_POINT('',#522);
#525=CARTESIAN_POINT('',(-8.5E0,-1.3835E1,0.E0));
#526=CARTESIAN_POINT('',(8.5E0,-1.3835E1,0.E0));
#527=VERTEX_POINT('',#525);
#528=VERTEX_POINT('',#526);
#529=CARTESIAN_POINT('',(0.E0,-1.4974E1,0.E0));
#530=DIRECTION('',(0.E0,1.E0,0.E0));
#531=DIRECTION('',(1.E0,0.E0,0.E0));
#532=AXIS2_PLACEMENT_3D('',#529,#530,#531);
#533=CYLINDRICAL_SURFACE('',#532,8.875E0);
#535=ORIENTED_EDGE('',*,*,#534,.F.);
#537=ORIENTED_EDGE('',*,*,#536,.T.);
#539=ORIENTED_EDGE('',*,*,#538,.T.);
#541=ORIENTED_EDGE('',*,*,#540,.F.);
#542=EDGE_LOOP('',(#535,#537,#539,#541));
#543=FACE_OUTER_BOUND('',#542,.F.);
#544=ADVANCED_FACE('',(#543),#533,.T.);
#545=CARTESIAN_POINT('',(0.E0,-1.346E1,0.E0));
#546=DIRECTION('',(0.E0,1.E0,0.E0));
#547=DIRECTION('',(9.999806661454E-1,0.E0,6.218306468355E-3));
#548=AXIS2_PLACEMENT_3D('',#545,#546,#547);
#549=TOROIDAL_SURFACE('',#548,8.5E0,3.75E-1);
#550=ORIENTED_EDGE('',*,*,#534,.T.);
#552=ORIENTED_EDGE('',*,*,#551,.T.);
#554=ORIENTED_EDGE('',*,*,#553,.F.);
#556=ORIENTED_EDGE('',*,*,#555,.F.);
#557=EDGE_LOOP('',(#550,#552,#554,#556));
#558=FACE_OUTER_BOUND('',#557,.F.);
#559=ADVANCED_FACE('',(#558),#549,.T.);
#560=CARTESIAN_POINT('',(0.E0,-1.346E1,0.E0));
#561=DIRECTION('',(0.E0,1.E0,0.E0));
#562=DIRECTION('',(-9.999806661454E-1,0.E0,-6.218306468355E-3));
#563=AXIS2_PLACEMENT_3D('',#560,#561,#562);
#564=TOROIDAL_SURFACE('',#563,8.5E0,3.75E-1);
#566=ORIENTED_EDGE('',*,*,#565,.T.);
#567=ORIENTED_EDGE('',*,*,#555,.T.);
#569=ORIENTED_EDGE('',*,*,#568,.F.);
#570=ORIENTED_EDGE('',*,*,#551,.F.);
#571=EDGE_LOOP('',(#566,#567,#569,#570));
#572=FACE_OUTER_BOUND('',#571,.F.);
#573=ADVANCED_FACE('',(#572),#564,.T.);
#574=CARTESIAN_POINT('',(0.E0,-1.4974E1,0.E0));
#575=DIRECTION('',(0.E0,1.E0,0.E0));
#576=DIRECTION('',(1.E0,0.E0,0.E0));
#577=AXIS2_PLACEMENT_3D('',#574,#575,#576);
#578=CYLINDRICAL_SURFACE('',#577,8.875E0);
#579=ORIENTED_EDGE('',*,*,#565,.F.);
#580=ORIENTED_EDGE('',*,*,#540,.T.);
#582=ORIENTED_EDGE('',*,*,#581,.F.);
#583=ORIENTED_EDGE('',*,*,#536,.F.);
#584=EDGE_LOOP('',(#579,#580,#582,#583));
#585=FACE_OUTER_BOUND('',#584,.F.);
#586=ADVANCED_FACE('',(#585),#578,.T.);
#587=CARTESIAN_POINT('',(0.E0,-1.2255E1,0.E0));
#588=DIRECTION('',(0.E0,1.E0,0.E0));
#589=DIRECTION('',(1.E0,0.E0,0.E0));
#590=AXIS2_PLACEMENT_3D('',#587,#588,#589);
#591=TOROIDAL_SURFACE('',#590,9.075E0,2.E-1);
#593=ORIENTED_EDGE('',*,*,#592,.F.);
#594=ORIENTED_EDGE('',*,*,#581,.T.);
#596=ORIENTED_EDGE('',*,*,#595,.T.);
#598=ORIENTED_EDGE('',*,*,#597,.F.);
#599=EDGE_LOOP('',(#593,#594,#596,#598));
#600=FACE_OUTER_BOUND('',#599,.F.);
#601=ADVANCED_FACE('',(#600),#591,.F.);
#602=CARTESIAN_POINT('',(0.E0,-1.2255E1,0.E0));
#603=DIRECTION('',(0.E0,1.E0,0.E0));
#604=DIRECTION('',(1.E0,0.E0,0.E0));
#605=AXIS2_PLACEMENT_3D('',#602,#603,#604);
#606=TOROIDAL_SURFACE('',#605,9.075E0,2.E-1);
#607=ORIENTED_EDGE('',*,*,#592,.T.);
#609=ORIENTED_EDGE('',*,*,#608,.T.);
#610=ORIENTED_EDGE('',*,*,#595,.F.);
#611=ORIENTED_EDGE('',*,*,#538,.F.);
#612=EDGE_LOOP('',(#607,#609,#610,#611));
#613=FACE_OUTER_BOUND('',#612,.F.);
#614=ADVANCED_FACE('',(#613),#606,.F.);
#615=CARTESIAN_POINT('',(0.E0,-1.116021228877E1,0.E0));
#616=DIRECTION('',(0.E0,1.E0,0.E0));
#617=DIRECTION('',(1.E0,0.E0,0.E0));
#618=AXIS2_PLACEMENT_3D('',#615,#616,#617);
#619=CONICAL_SURFACE('',#618,9.310632255501E0,1.187947734208E1);
#621=ORIENTED_EDGE('',*,*,#620,.T.);
#623=ORIENTED_EDGE('',*,*,#622,.T.);
#625=ORIENTED_EDGE('',*,*,#624,.F.);
#626=ORIENTED_EDGE('',*,*,#608,.F.);
#627=EDGE_LOOP('',(#621,#623,#625,#626));
#628=FACE_OUTER_BOUND('',#627,.F.);
#629=ADVANCED_FACE('',(#628),#619,.T.);
#630=CARTESIAN_POINT('',(0.E0,-1.116021228877E1,0.E0));
#631=DIRECTION('',(0.E0,1.E0,0.E0));
#632=DIRECTION('',(1.E0,0.E0,0.E0));
#633=AXIS2_PLACEMENT_3D('',#630,#631,#632);
#634=CONICAL_SURFACE('',#633,9.310632255501E0,1.187947734208E1);
#635=ORIENTED_EDGE('',*,*,#620,.F.);
#636=ORIENTED_EDGE('',*,*,#597,.T.);
#637=ORIENTED_EDGE('',*,*,#624,.T.);
#639=ORIENTED_EDGE('',*,*,#638,.F.);
#640=EDGE_LOOP('',(#635,#636,#637,#639));
#641=FACE_OUTER_BOUND('',#640,.F.);
#642=ADVANCED_FACE('',(#641),#634,.T.);
#643=CARTESIAN_POINT('',(0.E0,-1.4974E1,0.E0));
#644=DIRECTION('',(0.E0,1.E0,0.E0));
#645=DIRECTION('',(1.E0,0.E0,0.E0));
#646=AXIS2_PLACEMENT_3D('',#643,#644,#645);
#647=CYLINDRICAL_SURFACE('',#646,9.5E0);
#649=ORIENTED_EDGE('',*,*,#648,.F.);
#650=ORIENTED_EDGE('',*,*,#638,.T.);
#652=ORIENTED_EDGE('',*,*,#651,.T.);
#654=ORIENTED_EDGE('',*,*,#653,.F.);
#655=EDGE_LOOP('',(#649,#650,#652,#654));
#656=FACE_OUTER_BOUND('',#655,.F.);
#657=ADVANCED_FACE('',(#656),#647,.T.);
#658=CARTESIAN_POINT('',(0.E0,-1.4974E1,0.E0));
#659=DIRECTION('',(0.E0,1.E0,0.E0));
#660=DIRECTION('',(1.E0,0.E0,0.E0));
#661=AXIS2_PLACEMENT_3D('',#658,#659,#660);
#662=CYLINDRICAL_SURFACE('',#661,9.5E0);
#663=ORIENTED_EDGE('',*,*,#648,.T.);
#665=ORIENTED_EDGE('',*,*,#664,.T.);
#666=ORIENTED_EDGE('',*,*,#651,.F.);
#667=ORIENTED_EDGE('',*,*,#622,.F.);
#668=EDGE_LOOP('',(#663,#665,#666,#667));
#669=FACE_OUTER_BOUND('',#668,.F.);
#670=ADVANCED_FACE('',(#669),#662,.T.);
#671=CARTESIAN_POINT('',(0.E0,-2.1E0,0.E0));
#672=DIRECTION('',(0.E0,1.E0,0.E0));
#673=DIRECTION('',(1.E0,0.E0,0.E0));
#674=AXIS2_PLACEMENT_3D('',#671,#672,#673);
#675=PLANE('',#674);
#677=ORIENTED_EDGE('',*,*,#676,.T.);
#679=ORIENTED_EDGE('',*,*,#678,.F.);
#680=EDGE_LOOP('',(#677,#679));
#681=FACE_OUTER_BOUND('',#680,.F.);
#682=ORIENTED_EDGE('',*,*,#653,.T.);
#683=ORIENTED_EDGE('',*,*,#664,.F.);
#684=EDGE_LOOP('',(#682,#683));
#685=FACE_BOUND('',#684,.F.);
#686=ADVANCED_FACE('',(#681,#685),#675,.F.);
#687=CARTESIAN_POINT('',(0.E0,-1.4974E1,0.E0));
#688=DIRECTION('',(0.E0,1.E0,0.E0));
#689=DIRECTION('',(1.E0,0.E0,0.E0));
#690=AXIS2_PLACEMENT_3D('',#687,#688,#689);
#691=CYLINDRICAL_SURFACE('',#690,1.1E1);
#693=ORIENTED_EDGE('',*,*,#692,.T.);
#695=ORIENTED_EDGE('',*,*,#694,.T.);
#697=ORIENTED_EDGE('',*,*,#696,.F.);
#698=ORIENTED_EDGE('',*,*,#676,.F.);
#699=EDGE_LOOP('',(#693,#695,#697,#698));
#700=FACE_OUTER_BOUND('',#699,.F.);
#701=ADVANCED_FACE('',(#700),#691,.T.);
#702=CARTESIAN_POINT('',(0.E0,-1.4974E1,0.E0));
#703=DIRECTION('',(0.E0,1.E0,0.E0));
#704=DIRECTION('',(1.E0,0.E0,0.E0));
#705=AXIS2_PLACEMENT_3D('',#702,#703,#704);
#706=CYLINDRICAL_SURFACE('',#705,1.1E1);
#707=ORIENTED_EDGE('',*,*,#692,.F.);
#708=ORIENTED_EDGE('',*,*,#678,.T.);
#709=ORIENTED_EDGE('',*,*,#696,.T.);
#711=ORIENTED_EDGE('',*,*,#710,.F.);
#712=EDGE_LOOP('',(#707,#708,#709,#711));
#713=FACE_OUTER_BOUND('',#712,.F.);
#714=ADVANCED_FACE('',(#713),#706,.T.);
#715=CARTESIAN_POINT('',(-1.1E1,-1.33E0,0.E0));
#716=CARTESIAN_POINT('',(-1.004927398782E1,-8.109076171988E-1,0.E0));
#717=CARTESIAN_POINT('',(-9.064305538510E0,-3.601593437860E-1,0.E0));
#718=CARTESIAN_POINT('',(-8.05E0,2.E-2,0.E0));
#719=CARTESIAN_POINT('',(-1.1E1,-1.33E0,2.2E1));
#720=CARTESIAN_POINT('',(-1.004927398782E1,-8.109076171988E-1,
2.009854797564E1));
#721=CARTESIAN_POINT('',(-9.064305538510E0,-3.601593437860E-1,
1.812861107702E1));
#722=CARTESIAN_POINT('',(-8.05E0,2.E-2,1.61E1));
#723=CARTESIAN_POINT('',(1.1E1,-1.33E0,2.2E1));
#724=CARTESIAN_POINT('',(1.004927398782E1,-8.109076171988E-1,2.009854797564E1));
#725=CARTESIAN_POINT('',(9.064305538510E0,-3.601593437860E-1,1.812861107702E1));
#726=CARTESIAN_POINT('',(8.05E0,2.E-2,1.61E1));
#727=CARTESIAN_POINT('',(1.1E1,-1.33E0,0.E0));
#728=CARTESIAN_POINT('',(1.004927398782E1,-8.109076171988E-1,0.E0));
#729=CARTESIAN_POINT('',(9.064305538510E0,-3.601593437860E-1,0.E0));
#730=CARTESIAN_POINT('',(8.05E0,2.E-2,0.E0));
#731=(BOUNDED_SURFACE()B_SPLINE_SURFACE(3,3,((#715,#716,#717,#718),(#719,#720,
#721,#722),(#723,#724,#725,#726),(#727,#728,#729,#730)),.UNSPECIFIED.,.F.,.F.,
.F.)B_SPLINE_SURFACE_WITH_KNOTS((4,4),(4,4),(0.E0,1.E0),(0.E0,1.E0),
.UNSPECIFIED.)GEOMETRIC_REPRESENTATION_ITEM()RATIONAL_B_SPLINE_SURFACE(((
2.002493208264E0,1.999168930579E0,1.999168930579E0,2.002493208264E0),(
6.674977360880E-1,6.663896435262E-1,6.663896435262E-1,6.674977360880E-1),(
6.674977360880E-1,6.663896435262E-1,6.663896435262E-1,6.674977360880E-1),(
2.002493208264E0,1.999168930579E0,1.999168930579E0,2.002493208264E0)))REPRESENTATION_ITEM('')SURFACE());
#733=ORIENTED_EDGE('',*,*,#732,.F.);
#734=ORIENTED_EDGE('',*,*,#710,.T.);
#736=ORIENTED_EDGE('',*,*,#735,.T.);
#738=ORIENTED_EDGE('',*,*,#737,.F.);
#739=EDGE_LOOP('',(#733,#734,#736,#738));
#740=FACE_OUTER_BOUND('',#739,.F.);
#741=ADVANCED_FACE('',(#740),#731,.T.);
#742=CARTESIAN_POINT('',(1.1E1,-1.33E0,0.E0));
#743=CARTESIAN_POINT('',(1.004927398782E1,-8.109076171988E-1,0.E0));
#744=CARTESIAN_POINT('',(9.064305538510E0,-3.601593437860E-1,0.E0));
#745=CARTESIAN_POINT('',(8.05E0,2.E-2,0.E0));
#746=CARTESIAN_POINT('',(1.1E1,-1.33E0,-2.2E1));
#747=CARTESIAN_POINT('',(1.004927398782E1,-8.109076171988E-1,
-2.009854797564E1));
#748=CARTESIAN_POINT('',(9.064305538510E0,-3.601593437860E-1,
-1.812861107702E1));
#749=CARTESIAN_POINT('',(8.05E0,2.E-2,-1.61E1));
#750=CARTESIAN_POINT('',(-1.1E1,-1.33E0,-2.2E1));
#751=CARTESIAN_POINT('',(-1.004927398782E1,-8.109076171988E-1,
-2.009854797564E1));
#752=CARTESIAN_POINT('',(-9.064305538510E0,-3.601593437860E-1,
-1.812861107702E1));
#753=CARTESIAN_POINT('',(-8.05E0,2.E-2,-1.61E1));
#754=CARTESIAN_POINT('',(-1.1E1,-1.33E0,0.E0));
#755=CARTESIAN_POINT('',(-1.004927398782E1,-8.109076171988E-1,0.E0));
#756=CARTESIAN_POINT('',(-9.064305538510E0,-3.601593437860E-1,0.E0));
#757=CARTESIAN_POINT('',(-8.05E0,2.E-2,0.E0));
#758=(BOUNDED_SURFACE()B_SPLINE_SURFACE(3,3,((#742,#743,#744,#745),(#746,#747,
#748,#749),(#750,#751,#752,#753),(#754,#755,#756,#757)),.UNSPECIFIED.,.F.,.F.,
.F.)B_SPLINE_SURFACE_WITH_KNOTS((4,4),(4,4),(0.E0,1.E0),(0.E0,1.E0),
.UNSPECIFIED.)GEOMETRIC_REPRESENTATION_ITEM()RATIONAL_B_SPLINE_SURFACE(((
2.002493208264E0,1.999168930579E0,1.999168930579E0,2.002493208264E0),(
6.674977360880E-1,6.663896435262E-1,6.663896435262E-1,6.674977360880E-1),(
6.674977360880E-1,6.663896435262E-1,6.663896435262E-1,6.674977360880E-1),(
2.002493208264E0,1.999168930579E0,1.999168930579E0,2.002493208264E0)))REPRESENTATION_ITEM('')SURFACE());
#759=ORIENTED_EDGE('',*,*,#732,.T.);
#761=ORIENTED_EDGE('',*,*,#760,.T.);
#762=ORIENTED_EDGE('',*,*,#735,.F.);
#763=ORIENTED_EDGE('',*,*,#694,.F.);
#764=EDGE_LOOP('',(#759,#761,#762,#763));
#765=FACE_OUTER_BOUND('',#764,.F.);
#766=ADVANCED_FACE('',(#765),#758,.T.);
#767=CARTESIAN_POINT('',(0.E0,2.E-2,0.E0));
#768=DIRECTION('',(0.E0,1.E0,0.E0));
#769=DIRECTION('',(1.E0,0.E0,0.E0));
#770=AXIS2_PLACEMENT_3D('',#767,#768,#769);
#771=PLANE('',#770);
#772=ORIENTED_EDGE('',*,*,#737,.T.);
#773=ORIENTED_EDGE('',*,*,#760,.F.);
#774=EDGE_LOOP('',(#772,#773));
#775=FACE_OUTER_BOUND('',#774,.F.);
#777=ORIENTED_EDGE('',*,*,#776,.T.);
#779=ORIENTED_EDGE('',*,*,#778,.T.);
#780=EDGE_LOOP('',(#777,#779));
#781=FACE_BOUND('',#780,.F.);
#782=ADVANCED_FACE('',(#775,#781),#771,.T.);
#783=CARTESIAN_POINT('',(0.E0,-1.3835E1,0.E0));
#784=DIRECTION('',(0.E0,1.E0,0.E0));
#785=DIRECTION('',(1.E0,0.E0,0.E0));
#786=AXIS2_PLACEMENT_3D('',#783,#784,#785);
#787=PLANE('',#786);
#788=ORIENTED_EDGE('',*,*,#568,.T.);
#789=ORIENTED_EDGE('',*,*,#553,.T.);
#790=EDGE_LOOP('',(#788,#789));
#791=FACE_OUTER_BOUND('',#790,.F.);
#793=ORIENTED_EDGE('',*,*,#792,.T.);
#795=ORIENTED_EDGE('',*,*,#794,.T.);
#796=EDGE_LOOP('',(#793,#795));
#797=FACE_BOUND('',#796,.F.);
#798=ADVANCED_FACE('',(#791,#797),#787,.F.);
#799=OPEN_SHELL('',(#544,#559,#573,#586,#601,#614,#629,#642,#657,#670,#686,#701,
#714,#741,#766,#782,#798));
#800=CARTESIAN_POINT('',(0.E0,-1.346E1,0.E0));
#801=DIRECTION('',(0.E0,1.E0,0.E0));
#802=DIRECTION('',(-1.E0,0.E0,0.E0));
#803=AXIS2_PLACEMENT_3D('',#800,#801,#802);
#805=DIRECTION('',(0.E0,-1.E0,0.E0));
#806=VECTOR('',#805,2.5E0);
#807=CARTESIAN_POINT('',(-7.4E0,-1.346E1,0.E0));
#808=LINE('',#807,#806);
#809=DIRECTION('',(0.E0,-1.E0,0.E0));
#810=VECTOR('',#809,2.5E0);
#811=CARTESIAN_POINT('',(7.4E0,-1.346E1,0.E0));
#812=LINE('',#811,#810);
#813=CARTESIAN_POINT('',(0.E0,-1.346E1,0.E0));
#814=DIRECTION('',(0.E0,1.E0,0.E0));
#815=DIRECTION('',(1.E0,0.E0,0.E0));
#816=AXIS2_PLACEMENT_3D('',#813,#814,#815);
#818=CARTESIAN_POINT('',(0.E0,-1.596E1,0.E0));
#819=DIRECTION('',(0.E0,-1.E0,0.E0));
#820=DIRECTION('',(-1.E0,0.E0,0.E0));
#821=AXIS2_PLACEMENT_3D('',#818,#819,#820);
#823=CARTESIAN_POINT('',(0.E0,-1.596E1,0.E0));
#824=DIRECTION('',(0.E0,1.E0,0.E0));
#825=DIRECTION('',(-1.E0,0.E0,0.E0));
#826=AXIS2_PLACEMENT_3D('',#823,#824,#825);
#828=DIRECTION('',(-7.071067811865E-1,0.E0,7.071067811865E-1));
#829=VECTOR('',#828,7.E-1);
#830=CARTESIAN_POINT('',(5.656854249492E0,-1.596E1,-3.464823227814E0));
#831=LINE('',#830,#829);
#832=DIRECTION('',(-7.071067811865E-1,0.E0,-7.071067811865E-1));
#833=VECTOR('',#832,3.1E0);
#834=CARTESIAN_POINT('',(5.161879502662E0,-1.596E1,-2.969848480983E0));
#835=LINE('',#834,#833);
#836=DIRECTION('',(7.071067811865E-1,0.E0,-7.071067811865E-1));
#837=VECTOR('',#836,7.E-1);
#838=CARTESIAN_POINT('',(2.969848480983E0,-1.596E1,-5.161879502662E0));
#839=LINE('',#838,#837);
#840=DIRECTION('',(7.071067811865E-1,0.E0,7.071067811865E-1));
#841=VECTOR('',#840,3.1E0);
#842=CARTESIAN_POINT('',(3.464823227814E0,-1.596E1,-5.656854249492E0));
#843=LINE('',#842,#841);
#844=DIRECTION('',(-7.071067811865E-1,0.E0,7.071067811865E-1));
#845=VECTOR('',#844,7.E-1);
#846=CARTESIAN_POINT('',(-2.969848480983E0,-1.596E1,5.161879502662E0));
#847=LINE('',#846,#845);
#848=DIRECTION('',(-7.071067811865E-1,0.E0,-7.071067811865E-1));
#849=VECTOR('',#848,3.1E0);
#850=CARTESIAN_POINT('',(-3.464823227814E0,-1.596E1,5.656854249492E0));
#851=LINE('',#850,#849);
#852=DIRECTION('',(7.071067811865E-1,0.E0,-7.071067811865E-1));
#853=VECTOR('',#852,7.E-1);
#854=CARTESIAN_POINT('',(-5.656854249492E0,-1.596E1,3.464823227814E0));
#855=LINE('',#854,#853);
#856=DIRECTION('',(7.071067811865E-1,0.E0,7.071067811865E-1));
#857=VECTOR('',#856,3.1E0);
#858=CARTESIAN_POINT('',(-5.161879502662E0,-1.596E1,2.969848480983E0));
#859=LINE('',#858,#857);
#860=DIRECTION('',(0.E0,0.E0,1.E0));
#861=VECTOR('',#860,2.9E0);
#862=CARTESIAN_POINT('',(4.5E-1,-1.596E1,-1.45E0));
#863=LINE('',#862,#861);
#864=DIRECTION('',(-1.E0,0.E0,0.E0));
#865=VECTOR('',#864,9.E-1);
#866=CARTESIAN_POINT('',(4.5E-1,-1.596E1,1.45E0));
#867=LINE('',#866,#865);
#868=DIRECTION('',(0.E0,0.E0,-1.E0));
#869=VECTOR('',#868,2.9E0);
#870=CARTESIAN_POINT('',(-4.5E-1,-1.596E1,1.45E0));
#871=LINE('',#870,#869);
#872=DIRECTION('',(1.E0,0.E0,0.E0));
#873=VECTOR('',#872,9.E-1);
#874=CARTESIAN_POINT('',(-4.5E-1,-1.596E1,-1.45E0));
#875=LINE('',#874,#873);
#876=DIRECTION('',(0.E0,0.E0,1.E0));
#877=VECTOR('',#876,2.9E0);
#878=CARTESIAN_POINT('',(-4.63E0,-1.596E1,-1.45E0));
#879=LINE('',#878,#877);
#880=DIRECTION('',(-1.E0,0.E0,0.E0));
#881=VECTOR('',#880,9.E-1);
#882=CARTESIAN_POINT('',(-4.63E0,-1.596E1,1.45E0));
#883=LINE('',#882,#881);
#884=DIRECTION('',(0.E0,0.E0,-1.E0));
#885=VECTOR('',#884,2.9E0);
#886=CARTESIAN_POINT('',(-5.53E0,-1.596E1,1.45E0));
#887=LINE('',#886,#885);
#888=DIRECTION('',(1.E0,0.E0,0.E0));
#889=VECTOR('',#888,9.E-1);
#890=CARTESIAN_POINT('',(-5.53E0,-1.596E1,-1.45E0));
#891=LINE('',#890,#889);
#892=CARTESIAN_POINT('',(-7.4E0,-1.346E1,0.E0));
#893=CARTESIAN_POINT('',(-7.4E0,-1.596E1,0.E0));
#894=VERTEX_POINT('',#892);
#895=VERTEX_POINT('',#893);
#896=CARTESIAN_POINT('',(7.4E0,-1.346E1,0.E0));
#897=CARTESIAN_POINT('',(7.4E0,-1.596E1,0.E0));
#898=VERTEX_POINT('',#896);
#899=VERTEX_POINT('',#897);
#900=CARTESIAN_POINT('',(5.161879502662E0,-1.596E1,-2.969848480983E0));
#901=CARTESIAN_POINT('',(5.656854249492E0,-1.596E1,-3.464823227814E0));
#902=VERTEX_POINT('',#900);
#903=VERTEX_POINT('',#901);
#904=CARTESIAN_POINT('',(2.969848480983E0,-1.596E1,-5.161879502662E0));
#905=CARTESIAN_POINT('',(3.464823227814E0,-1.596E1,-5.656854249492E0));
#906=VERTEX_POINT('',#904);
#907=VERTEX_POINT('',#905);
#908=CARTESIAN_POINT('',(-2.969848480983E0,-1.596E1,5.161879502662E0));
#909=CARTESIAN_POINT('',(-3.464823227814E0,-1.596E1,5.656854249492E0));
#910=VERTEX_POINT('',#908);
#911=VERTEX_POINT('',#909);
#912=CARTESIAN_POINT('',(-5.161879502662E0,-1.596E1,2.969848480983E0));
#913=CARTESIAN_POINT('',(-5.656854249492E0,-1.596E1,3.464823227814E0));
#914=VERTEX_POINT('',#912);
#915=VERTEX_POINT('',#913);
#916=CARTESIAN_POINT('',(4.5E-1,-1.596E1,1.45E0));
#917=CARTESIAN_POINT('',(4.5E-1,-1.596E1,-1.45E0));
#918=VERTEX_POINT('',#916);
#919=VERTEX_POINT('',#917);
#920=CARTESIAN_POINT('',(-4.5E-1,-1.596E1,-1.45E0));
#921=VERTEX_POINT('',#920);
#922=CARTESIAN_POINT('',(-4.5E-1,-1.596E1,1.45E0));
#923=VERTEX_POINT('',#922);
#924=CARTESIAN_POINT('',(-4.63E0,-1.596E1,1.45E0));
#925=CARTESIAN_POINT('',(-4.63E0,-1.596E1,-1.45E0));
#926=VERTEX_POINT('',#924);
#927=VERTEX_POINT('',#925);
#928=CARTESIAN_POINT('',(-5.53E0,-1.596E1,-1.45E0));
#929=VERTEX_POINT('',#928);
#930=CARTESIAN_POINT('',(-5.53E0,-1.596E1,1.45E0));
#931=VERTEX_POINT('',#930);
#932=CARTESIAN_POINT('',(0.E0,-1.6255E1,0.E0));
#933=DIRECTION('',(0.E0,1.E0,0.E0));
#934=DIRECTION('',(1.E0,0.E0,0.E0));
#935=AXIS2_PLACEMENT_3D('',#932,#933,#934);
#936=CYLINDRICAL_SURFACE('',#935,7.4E0);
#938=ORIENTED_EDGE('',*,*,#937,.F.);
#940=ORIENTED_EDGE('',*,*,#939,.T.);
#942=ORIENTED_EDGE('',*,*,#941,.T.);
#944=ORIENTED_EDGE('',*,*,#943,.F.);
#945=EDGE_LOOP('',(#938,#940,#942,#944));
#946=FACE_OUTER_BOUND('',#945,.F.);
#947=ADVANCED_FACE('',(#946),#936,.T.);
#948=CARTESIAN_POINT('',(0.E0,-1.6255E1,0.E0));
#949=DIRECTION('',(0.E0,1.E0,0.E0));
#950=DIRECTION('',(1.E0,0.E0,0.E0));
#951=AXIS2_PLACEMENT_3D('',#948,#949,#950);
#952=CYLINDRICAL_SURFACE('',#951,7.4E0);
#953=ORIENTED_EDGE('',*,*,#937,.T.);
#955=ORIENTED_EDGE('',*,*,#954,.T.);
#956=ORIENTED_EDGE('',*,*,#941,.F.);
#958=ORIENTED_EDGE('',*,*,#957,.T.);
#959=EDGE_LOOP('',(#953,#955,#956,#958));
#960=FACE_OUTER_BOUND('',#959,.F.);
#961=ADVANCED_FACE('',(#960),#952,.T.);
#962=CARTESIAN_POINT('',(0.E0,-1.596E1,0.E0));
#963=DIRECTION('',(0.E0,1.E0,0.E0));
#964=DIRECTION('',(1.E0,0.E0,0.E0));
#965=AXIS2_PLACEMENT_3D('',#962,#963,#964);
#966=PLANE('',#965);
#967=ORIENTED_EDGE('',*,*,#954,.F.);
#968=ORIENTED_EDGE('',*,*,#943,.T.);
#969=EDGE_LOOP('',(#967,#968));
#970=FACE_OUTER_BOUND('',#969,.F.);
#972=ORIENTED_EDGE('',*,*,#971,.T.);
#974=ORIENTED_EDGE('',*,*,#973,.T.);
#976=ORIENTED_EDGE('',*,*,#975,.T.);
#978=ORIENTED_EDGE('',*,*,#977,.T.);
#979=EDGE_LOOP('',(#972,#974,#976,#978));
#980=FACE_BOUND('',#979,.F.);
#982=ORIENTED_EDGE('',*,*,#981,.T.);
#984=ORIENTED_EDGE('',*,*,#983,.T.);
#986=ORIENTED_EDGE('',*,*,#985,.T.);
#988=ORIENTED_EDGE('',*,*,#987,.T.);
#989=EDGE_LOOP('',(#982,#984,#986,#988));
#990=FACE_BOUND('',#989,.F.);
#992=ORIENTED_EDGE('',*,*,#991,.T.);
#994=ORIENTED_EDGE('',*,*,#993,.T.);
#996=ORIENTED_EDGE('',*,*,#995,.T.);
#998=ORIENTED_EDGE('',*,*,#997,.T.);
#999=EDGE_LOOP('',(#992,#994,#996,#998));
#1000=FACE_BOUND('',#999,.F.);
#1002=ORIENTED_EDGE('',*,*,#1001,.T.);
#1004=ORIENTED_EDGE('',*,*,#1003,.T.);
#1006=ORIENTED_EDGE('',*,*,#1005,.T.);
#1008=ORIENTED_EDGE('',*,*,#1007,.T.);
#1009=EDGE_LOOP('',(#1002,#1004,#1006,#1008));
#1010=FACE_BOUND('',#1009,.F.);
#1011=ADVANCED_FACE('',(#970,#980,#990,#1000,#1010),#966,.F.);
#1012=OPEN_SHELL('',(#947,#961,#1011));
#1013=CARTESIAN_POINT('',(-4.E-1,-1.821E1,0.E0));
#1014=DIRECTION('',(-1.E0,0.E0,0.E0));
#1015=DIRECTION('',(0.E0,0.E0,1.E0));
#1016=AXIS2_PLACEMENT_3D('',#1013,#1014,#1015);
#1018=DIRECTION('',(0.E0,-1.E0,0.E0));
#1019=VECTOR('',#1018,8.E-1);
#1020=CARTESIAN_POINT('',(-4.E-1,-1.821E1,-5.5E-1));
#1021=LINE('',#1020,#1019);
#1022=CARTESIAN_POINT('',(-4.E-1,-1.901E1,0.E0));
#1023=DIRECTION('',(-1.E0,0.E0,0.E0));
#1024=DIRECTION('',(0.E0,0.E0,-1.E0));
#1025=AXIS2_PLACEMENT_3D('',#1022,#1023,#1024);
#1027=DIRECTION('',(0.E0,1.E0,0.E0));
#1028=VECTOR('',#1027,8.E-1);
#1029=CARTESIAN_POINT('',(-4.E-1,-1.901E1,5.5E-1));
#1030=LINE('',#1029,#1028);
#1031=DIRECTION('',(0.E0,-7.071067811865E-1,7.071067811865E-1));
#1032=VECTOR('',#1031,5.656854249492E-1);
#1033=CARTESIAN_POINT('',(-4.E-1,-1.966E1,-9.5E-1));
#1034=LINE('',#1033,#1032);
#1035=DIRECTION('',(0.E0,1.E0,0.E0));
#1036=VECTOR('',#1035,2.4E0);
#1037=CARTESIAN_POINT('',(-4.E-1,-1.966E1,-9.5E-1));
#1038=LINE('',#1037,#1036);
#1039=DIRECTION('',(0.E0,0.E0,-1.E0));
#1040=VECTOR('',#1039,4.75E-1);
#1041=CARTESIAN_POINT('',(-4.E-1,-1.726E1,-9.5E-1));
#1042=LINE('',#1041,#1040);
#1043=DIRECTION('',(0.E0,1.E0,0.E0));
#1044=VECTOR('',#1043,3.E0);
#1045=CARTESIAN_POINT('',(-4.E-1,-1.726E1,-1.425E0));
#1046=LINE('',#1045,#1044);
#1047=DIRECTION('',(0.E0,0.E0,1.E0));
#1048=VECTOR('',#1047,2.75E-1);
#1049=CARTESIAN_POINT('',(-4.E-1,-1.426E1,-1.425E0));
#1050=LINE('',#1049,#1048);
#1051=DIRECTION('',(0.E0,1.E0,0.E0));
#1052=VECTOR('',#1051,2.E-1);
#1053=CARTESIAN_POINT('',(-4.E-1,-1.426E1,-1.15E0));
#1054=LINE('',#1053,#1052);
#1055=DIRECTION('',(0.E0,0.E0,1.E0));
#1056=VECTOR('',#1055,2.3E0);
#1057=CARTESIAN_POINT('',(-4.E-1,-1.406E1,-1.15E0));
#1058=LINE('',#1057,#1056);
#1059=DIRECTION('',(0.E0,-1.E0,0.E0));
#1060=VECTOR('',#1059,2.E-1);
#1061=CARTESIAN_POINT('',(-4.E-1,-1.406E1,1.15E0));
#1062=LINE('',#1061,#1060);
#1063=DIRECTION('',(0.E0,0.E0,1.E0));
#1064=VECTOR('',#1063,2.75E-1);
#1065=CARTESIAN_POINT('',(-4.E-1,-1.426E1,1.15E0));
#1066=LINE('',#1065,#1064);
#1067=DIRECTION('',(0.E0,-1.E0,0.E0));
#1068=VECTOR('',#1067,3.E0);
#1069=CARTESIAN_POINT('',(-4.E-1,-1.426E1,1.425E0));
#1070=LINE('',#1069,#1068);
#1071=DIRECTION('',(0.E0,0.E0,-1.E0));
#1072=VECTOR('',#1071,4.75E-1);
#1073=CARTESIAN_POINT('',(-4.E-1,-1.726E1,1.425E0));
#1074=LINE('',#1073,#1072);
#1075=DIRECTION('',(0.E0,-1.E0,0.E0));
#1076=VECTOR('',#1075,2.4E0);
#1077=CARTESIAN_POINT('',(-4.E-1,-1.726E1,9.5E-1));
#1078=LINE('',#1077,#1076);
#1079=DIRECTION('',(0.E0,7.071067811866E-1,7.071067811865E-1));
#1080=VECTOR('',#1079,5.656854249492E-1);
#1081=CARTESIAN_POINT('',(-4.E-1,-2.006E1,5.5E-1));
#1082=LINE('',#1081,#1080);
#1083=DIRECTION('',(0.E0,0.E0,-1.E0));
#1084=VECTOR('',#1083,1.1E0);
#1085=CARTESIAN_POINT('',(-4.E-1,-2.006E1,5.5E-1));
#1086=LINE('',#1085,#1084);
#1087=DIRECTION('',(1.E0,0.E0,0.E0));
#1088=VECTOR('',#1087,8.E-1);
#1089=CARTESIAN_POINT('',(-4.E-1,-1.821E1,5.5E-1));
#1090=LINE('',#1089,#1088);
#1091=DIRECTION('',(1.E0,0.E0,0.E0));
#1092=VECTOR('',#1091,8.E-1);
#1093=CARTESIAN_POINT('',(-4.E-1,-1.901E1,5.5E-1));
#1094=LINE('',#1093,#1092);
#1095=DIRECTION('',(1.E0,0.E0,0.E0));
#1096=VECTOR('',#1095,8.E-1);
#1097=CARTESIAN_POINT('',(-4.E-1,-1.901E1,-5.5E-1));
#1098=LINE('',#1097,#1096);
#1099=DIRECTION('',(1.E0,0.E0,0.E0));
#1100=VECTOR('',#1099,8.E-1);
#1101=CARTESIAN_POINT('',(-4.E-1,-1.821E1,-5.5E-1));
#1102=LINE('',#1101,#1100);
#1103=CARTESIAN_POINT('',(4.E-1,-1.821E1,0.E0));
#1104=DIRECTION('',(-1.E0,0.E0,0.E0));
#1105=DIRECTION('',(0.E0,0.E0,1.E0));
#1106=AXIS2_PLACEMENT_3D('',#1103,#1104,#1105);
#1108=DIRECTION('',(0.E0,1.E0,0.E0));
#1109=VECTOR('',#1108,8.E-1);
#1110=CARTESIAN_POINT('',(4.E-1,-1.901E1,5.5E-1));
#1111=LINE('',#1110,#1109);
#1112=CARTESIAN_POINT('',(4.E-1,-1.901E1,0.E0));
#1113=DIRECTION('',(-1.E0,0.E0,0.E0));
#1114=DIRECTION('',(0.E0,0.E0,-1.E0));
#1115=AXIS2_PLACEMENT_3D('',#1112,#1113,#1114);
#1117=DIRECTION('',(0.E0,-1.E0,0.E0));
#1118=VECTOR('',#1117,8.E-1);
#1119=CARTESIAN_POINT('',(4.E-1,-1.821E1,-5.5E-1));
#1120=LINE('',#1119,#1118);
#1121=DIRECTION('',(0.E0,7.071067811865E-1,-7.071067811865E-1));
#1122=VECTOR('',#1121,5.656854249492E-1);
#1123=CARTESIAN_POINT('',(4.E-1,-2.006E1,-5.5E-1));
#1124=LINE('',#1123,#1122);
#1125=DIRECTION('',(0.E0,0.E0,-1.E0));
#1126=VECTOR('',#1125,1.1E0);
#1127=CARTESIAN_POINT('',(4.E-1,-2.006E1,5.5E-1));
#1128=LINE('',#1127,#1126);
#1129=DIRECTION('',(0.E0,-7.071067811866E-1,-7.071067811865E-1));
#1130=VECTOR('',#1129,5.656854249492E-1);
#1131=CARTESIAN_POINT('',(4.E-1,-1.966E1,9.5E-1));
#1132=LINE('',#1131,#1130);
#1133=DIRECTION('',(0.E0,-1.E0,0.E0));
#1134=VECTOR('',#1133,2.4E0);
#1135=CARTESIAN_POINT('',(4.E-1,-1.726E1,9.5E-1));
#1136=LINE('',#1135,#1134);
#1137=DIRECTION('',(0.E0,0.E0,-1.E0));
#1138=VECTOR('',#1137,4.75E-1);
#1139=CARTESIAN_POINT('',(4.E-1,-1.726E1,1.425E0));
#1140=LINE('',#1139,#1138);
#1141=DIRECTION('',(0.E0,-1.E0,0.E0));
#1142=VECTOR('',#1141,3.E0);
#1143=CARTESIAN_POINT('',(4.E-1,-1.426E1,1.425E0));
#1144=LINE('',#1143,#1142);
#1145=DIRECTION('',(0.E0,0.E0,-1.E0));
#1146=VECTOR('',#1145,2.75E-1);
#1147=CARTESIAN_POINT('',(4.E-1,-1.426E1,1.425E0));
#1148=LINE('',#1147,#1146);
#1149=DIRECTION('',(0.E0,1.E0,0.E0));
#1150=VECTOR('',#1149,2.E-1);
#1151=CARTESIAN_POINT('',(4.E-1,-1.426E1,1.15E0));
#1152=LINE('',#1151,#1150);
#1153=DIRECTION('',(0.E0,0.E0,-1.E0));
#1154=VECTOR('',#1153,2.3E0);
#1155=CARTESIAN_POINT('',(4.E-1,-1.406E1,1.15E0));
#1156=LINE('',#1155,#1154);
#1157=DIRECTION('',(0.E0,-1.E0,0.E0));
#1158=VECTOR('',#1157,2.E-1);
#1159=CARTESIAN_POINT('',(4.E-1,-1.406E1,-1.15E0));
#1160=LINE('',#1159,#1158);
#1161=DIRECTION('',(0.E0,0.E0,-1.E0));
#1162=VECTOR('',#1161,2.75E-1);
#1163=CARTESIAN_POINT('',(4.E-1,-1.426E1,-1.15E0));
#1164=LINE('',#1163,#1162);
#1165=DIRECTION('',(0.E0,1.E0,0.E0));
#1166=VECTOR('',#1165,3.E0);
#1167=CARTESIAN_POINT('',(4.E-1,-1.726E1,-1.425E0));
#1168=LINE('',#1167,#1166);
#1169=DIRECTION('',(0.E0,0.E0,-1.E0));
#1170=VECTOR('',#1169,4.75E-1);
#1171=CARTESIAN_POINT('',(4.E-1,-1.726E1,-9.5E-1));
#1172=LINE('',#1171,#1170);
#1173=DIRECTION('',(0.E0,1.E0,0.E0));
#1174=VECTOR('',#1173,2.4E0);
#1175=CARTESIAN_POINT('',(4.E-1,-1.966E1,-9.5E-1));
#1176=LINE('',#1175,#1174);
#1177=DIRECTION('',(-1.E0,0.E0,0.E0));
#1178=VECTOR('',#1177,8.E-1);
#1179=CARTESIAN_POINT('',(4.E-1,-2.006E1,-5.5E-1));
#1180=LINE('',#1179,#1178);
#1181=DIRECTION('',(-1.E0,0.E0,0.E0));
#1182=VECTOR('',#1181,8.E-1);
#1183=CARTESIAN_POINT('',(4.E-1,-2.006E1,5.5E-1));
#1184=LINE('',#1183,#1182);
#1185=DIRECTION('',(-1.E0,0.E0,0.E0));
#1186=VECTOR('',#1185,8.E-1);
#1187=CARTESIAN_POINT('',(4.E-1,-1.966E1,9.5E-1));
#1188=LINE('',#1187,#1186);
#1189=DIRECTION('',(1.E0,0.E0,0.E0));
#1190=VECTOR('',#1189,8.E-1);
#1191=CARTESIAN_POINT('',(-4.E-1,-1.726E1,9.5E-1));
#1192=LINE('',#1191,#1190);
#1193=DIRECTION('',(1.E0,0.E0,0.E0));
#1194=VECTOR('',#1193,8.E-1);
#1195=CARTESIAN_POINT('',(-4.E-1,-1.726E1,1.425E0));
#1196=LINE('',#1195,#1194);
#1197=DIRECTION('',(1.E0,0.E0,0.E0));
#1198=VECTOR('',#1197,8.E-1);
#1199=CARTESIAN_POINT('',(-4.E-1,-1.426E1,1.425E0));
#1200=LINE('',#1199,#1198);
#1201=DIRECTION('',(-1.E0,0.E0,0.E0));
#1202=VECTOR('',#1201,8.E-1);
#1203=CARTESIAN_POINT('',(4.E-1,-1.966E1,-9.5E-1));
#1204=LINE('',#1203,#1202);
#1205=DIRECTION('',(1.E0,0.E0,0.E0));
#1206=VECTOR('',#1205,8.E-1);
#1207=CARTESIAN_POINT('',(-4.E-1,-1.726E1,-9.5E-1));
#1208=LINE('',#1207,#1206);
#1209=DIRECTION('',(1.E0,0.E0,0.E0));
#1210=VECTOR('',#1209,8.E-1);
#1211=CARTESIAN_POINT('',(-4.E-1,-1.726E1,-1.425E0));
#1212=LINE('',#1211,#1210);
#1213=DIRECTION('',(-1.E0,0.E0,0.E0));
#1214=VECTOR('',#1213,8.E-1);
#1215=CARTESIAN_POINT('',(4.E-1,-1.426E1,-1.425E0));
#1216=LINE('',#1215,#1214);
#1217=CARTESIAN_POINT('',(-4.E-1,-1.426E1,1.425E0));
#1218=CARTESIAN_POINT('',(-4.E-1,-1.726E1,1.425E0));
#1219=VERTEX_POINT('',#1217);
#1220=VERTEX_POINT('',#1218);
#1221=CARTESIAN_POINT('',(-4.E-1,-1.726E1,9.5E-1));
#1222=VERTEX_POINT('',#1221);
#1223=CARTESIAN_POINT('',(-4.E-1,-1.726E1,-9.5E-1));
#1224=CARTESIAN_POINT('',(-4.E-1,-1.726E1,-1.425E0));
#1225=VERTEX_POINT('',#1223);
#1226=VERTEX_POINT('',#1224);
#1227=CARTESIAN_POINT('',(-4.E-1,-1.426E1,-1.425E0));
#1228=VERTEX_POINT('',#1227);
#1229=CARTESIAN_POINT('',(4.E-1,-1.426E1,1.425E0));
#1230=CARTESIAN_POINT('',(4.E-1,-1.726E1,1.425E0));
#1231=VERTEX_POINT('',#1229);
#1232=VERTEX_POINT('',#1230);
#1233=CARTESIAN_POINT('',(4.E-1,-1.726E1,9.5E-1));
#1234=VERTEX_POINT('',#1233);
#1235=CARTESIAN_POINT('',(4.E-1,-1.726E1,-9.5E-1));
#1236=CARTESIAN_POINT('',(4.E-1,-1.726E1,-1.425E0));
#1237=VERTEX_POINT('',#1235);
#1238=VERTEX_POINT('',#1236);
#1239=CARTESIAN_POINT('',(4.E-1,-1.426E1,-1.425E0));
#1240=VERTEX_POINT('',#1239);
#1241=CARTESIAN_POINT('',(-4.E-1,-1.406E1,1.15E0));
#1242=CARTESIAN_POINT('',(-4.E-1,-1.406E1,-1.15E0));
#1243=VERTEX_POINT('',#1241);
#1244=VERTEX_POINT('',#1242);
#1245=CARTESIAN_POINT('',(4.E-1,-1.406E1,1.15E0));
#1246=CARTESIAN_POINT('',(4.E-1,-1.406E1,-1.15E0));
#1247=VERTEX_POINT('',#1245);
#1248=VERTEX_POINT('',#1246);
#1249=CARTESIAN_POINT('',(-4.E-1,-1.821E1,5.5E-1));
#1250=CARTESIAN_POINT('',(-4.E-1,-1.821E1,-5.5E-1));
#1251=VERTEX_POINT('',#1249);
#1252=VERTEX_POINT('',#1250);
#1253=CARTESIAN_POINT('',(-4.E-1,-1.901E1,-5.5E-1));
#1254=VERTEX_POINT('',#1253);
#1255=CARTESIAN_POINT('',(-4.E-1,-1.901E1,5.5E-1));
#1256=VERTEX_POINT('',#1255);
#1257=CARTESIAN_POINT('',(4.E-1,-1.821E1,5.5E-1));
#1258=CARTESIAN_POINT('',(4.E-1,-1.821E1,-5.5E-1));
#1259=VERTEX_POINT('',#1257);
#1260=VERTEX_POINT('',#1258);
#1261=CARTESIAN_POINT('',(4.E-1,-1.901E1,-5.5E-1));
#1262=VERTEX_POINT('',#1261);
#1263=CARTESIAN_POINT('',(4.E-1,-1.901E1,5.5E-1));
#1264=VERTEX_POINT('',#1263);
#1265=CARTESIAN_POINT('',(-4.E-1,-1.966E1,-9.5E-1));
#1266=CARTESIAN_POINT('',(-4.E-1,-2.006E1,-5.5E-1));
#1267=VERTEX_POINT('',#1265);
#1268=VERTEX_POINT('',#1266);
#1269=CARTESIAN_POINT('',(4.E-1,-2.006E1,-5.5E-1));
#1270=VERTEX_POINT('',#1269);
#1271=CARTESIAN_POINT('',(4.E-1,-1.966E1,-9.5E-1));
#1272=VERTEX_POINT('',#1271);
#1273=CARTESIAN_POINT('',(-4.E-1,-2.006E1,5.5E-1));
#1274=CARTESIAN_POINT('',(-4.E-1,-1.966E1,9.5E-1));
#1275=VERTEX_POINT('',#1273);
#1276=VERTEX_POINT('',#1274);
#1277=CARTESIAN_POINT('',(4.E-1,-1.966E1,9.5E-1));
#1278=VERTEX_POINT('',#1277);
#1279=CARTESIAN_POINT('',(4.E-1,-2.006E1,5.5E-1));
#1280=VERTEX_POINT('',#1279);
#1281=CARTESIAN_POINT('',(-4.E-1,-1.426E1,1.15E0));
#1282=VERTEX_POINT('',#1281);
#1283=CARTESIAN_POINT('',(-4.E-1,-1.426E1,-1.15E0));
#1284=VERTEX_POINT('',#1283);
#1285=CARTESIAN_POINT('',(4.E-1,-1.426E1,1.15E0));
#1286=VERTEX_POINT('',#1285);
#1287=CARTESIAN_POINT('',(4.E-1,-1.426E1,-1.15E0));
#1288=VERTEX_POINT('',#1287);
#1289=CARTESIAN_POINT('',(-4.E-1,-1.406E1,0.E0));
#1290=DIRECTION('',(1.E0,0.E0,0.E0));
#1291=DIRECTION('',(0.E0,0.E0,-1.E0));
#1292=AXIS2_PLACEMENT_3D('',#1289,#1290,#1291);
#1293=PLANE('',#1292);
#1295=ORIENTED_EDGE('',*,*,#1294,.F.);
#1297=ORIENTED_EDGE('',*,*,#1296,.T.);
#1299=ORIENTED_EDGE('',*,*,#1298,.T.);
#1301=ORIENTED_EDGE('',*,*,#1300,.T.);
#1303=ORIENTED_EDGE('',*,*,#1302,.T.);
#1305=ORIENTED_EDGE('',*,*,#1304,.T.);
#1307=ORIENTED_EDGE('',*,*,#1306,.T.);
#1309=ORIENTED_EDGE('',*,*,#1308,.T.);
#1311=ORIENTED_EDGE('',*,*,#1310,.T.);
#1313=ORIENTED_EDGE('',*,*,#1312,.T.);
#1315=ORIENTED_EDGE('',*,*,#1314,.T.);
#1317=ORIENTED_EDGE('',*,*,#1316,.T.);
#1319=ORIENTED_EDGE('',*,*,#1318,.F.);
#1321=ORIENTED_EDGE('',*,*,#1320,.T.);
#1322=EDGE_LOOP('',(#1295,#1297,#1299,#1301,#1303,#1305,#1307,#1309,#1311,#1313,
#1315,#1317,#1319,#1321));
#1323=FACE_OUTER_BOUND('',#1322,.F.);
#1325=ORIENTED_EDGE('',*,*,#1324,.T.);
#1327=ORIENTED_EDGE('',*,*,#1326,.T.);
#1329=ORIENTED_EDGE('',*,*,#1328,.T.);
#1331=ORIENTED_EDGE('',*,*,#1330,.T.);
#1332=EDGE_LOOP('',(#1325,#1327,#1329,#1331));
#1333=FACE_BOUND('',#1332,.F.);
#1334=ADVANCED_FACE('',(#1323,#1333),#1293,.F.);
#1335=CARTESIAN_POINT('',(-4.E-1,-1.821E1,0.E0));
#1336=DIRECTION('',(1.E0,0.E0,0.E0));
#1337=DIRECTION('',(0.E0,0.E0,-1.E0));
#1338=AXIS2_PLACEMENT_3D('',#1335,#1336,#1337);
#1339=CYLINDRICAL_SURFACE('',#1338,5.5E-1);
#1340=ORIENTED_EDGE('',*,*,#1324,.F.);
#1342=ORIENTED_EDGE('',*,*,#1341,.T.);
#1344=ORIENTED_EDGE('',*,*,#1343,.T.);
#1346=ORIENTED_EDGE('',*,*,#1345,.F.);
#1347=EDGE_LOOP('',(#1340,#1342,#1344,#1346));
#1348=FACE_OUTER_BOUND('',#1347,.F.);
#1349=ADVANCED_FACE('',(#1348),#1339,.F.);
#1350=CARTESIAN_POINT('',(-4.E-1,-1.901E1,5.5E-1));
#1351=DIRECTION('',(0.E0,0.E0,-1.E0));
#1352=DIRECTION('',(0.E0,1.E0,0.E0));
#1353=AXIS2_PLACEMENT_3D('',#1350,#1351,#1352);
#1354=PLANE('',#1353);
#1355=ORIENTED_EDGE('',*,*,#1330,.F.);
#1357=ORIENTED_EDGE('',*,*,#1356,.T.);
#1359=ORIENTED_EDGE('',*,*,#1358,.T.);
#1360=ORIENTED_EDGE('',*,*,#1341,.F.);
#1361=EDGE_LOOP('',(#1355,#1357,#1359,#1360));
#1362=FACE_OUTER_BOUND('',#1361,.F.);
#1363=ADVANCED_FACE('',(#1362),#1354,.T.);
#1364=CARTESIAN_POINT('',(-4.E-1,-1.901E1,0.E0));
#1365=DIRECTION('',(1.E0,0.E0,0.E0));
#1366=DIRECTION('',(0.E0,0.E0,-1.E0));
#1367=AXIS2_PLACEMENT_3D('',#1364,#1365,#1366);
#1368=CYLINDRICAL_SURFACE('',#1367,5.5E-1);
#1369=ORIENTED_EDGE('',*,*,#1328,.F.);
#1371=ORIENTED_EDGE('',*,*,#1370,.T.);
#1373=ORIENTED_EDGE('',*,*,#1372,.T.);
#1374=ORIENTED_EDGE('',*,*,#1356,.F.);
#1375=EDGE_LOOP('',(#1369,#1371,#1373,#1374));
#1376=FACE_OUTER_BOUND('',#1375,.F.);
#1377=ADVANCED_FACE('',(#1376),#1368,.F.);
#1378=CARTESIAN_POINT('',(-4.E-1,-1.821E1,-5.5E-1));
#1379=DIRECTION('',(0.E0,0.E0,1.E0));
#1380=DIRECTION('',(0.E0,-1.E0,0.E0));
#1381=AXIS2_PLACEMENT_3D('',#1378,#1379,#1380);
#1382=PLANE('',#1381);
#1383=ORIENTED_EDGE('',*,*,#1326,.F.);
#1384=ORIENTED_EDGE('',*,*,#1345,.T.);
#1386=ORIENTED_EDGE('',*,*,#1385,.T.);
#1387=ORIENTED_EDGE('',*,*,#1370,.F.);
#1388=EDGE_LOOP('',(#1383,#1384,#1386,#1387));
#1389=FACE_OUTER_BOUND('',#1388,.F.);
#1390=ADVANCED_FACE('',(#1389),#1382,.T.);
#1391=CARTESIAN_POINT('',(4.E-1,-1.406E1,0.E0));
#1392=DIRECTION('',(1.E0,0.E0,0.E0));
#1393=DIRECTION('',(0.E0,0.E0,-1.E0));
#1394=AXIS2_PLACEMENT_3D('',#1391,#1392,#1393);
#1395=PLANE('',#1394);
#1397=ORIENTED_EDGE('',*,*,#1396,.F.);
#1399=ORIENTED_EDGE('',*,*,#1398,.F.);
#1401=ORIENTED_EDGE('',*,*,#1400,.F.);
#1403=ORIENTED_EDGE('',*,*,#1402,.F.);
#1405=ORIENTED_EDGE('',*,*,#1404,.F.);
#1407=ORIENTED_EDGE('',*,*,#1406,.F.);
#1409=ORIENTED_EDGE('',*,*,#1408,.T.);
#1411=ORIENTED_EDGE('',*,*,#1410,.T.);
#1413=ORIENTED_EDGE('',*,*,#1412,.T.);
#1415=ORIENTED_EDGE('',*,*,#1414,.T.);
#1417=ORIENTED_EDGE('',*,*,#1416,.T.);
#1419=ORIENTED_EDGE('',*,*,#1418,.F.);
#1421=ORIENTED_EDGE('',*,*,#1420,.F.);
#1423=ORIENTED_EDGE('',*,*,#1422,.F.);
#1424=EDGE_LOOP('',(#1397,#1399,#1401,#1403,#1405,#1407,#1409,#1411,#1413,#1415,
#1417,#1419,#1421,#1423));
#1425=FACE_OUTER_BOUND('',#1424,.F.);
#1426=ORIENTED_EDGE('',*,*,#1343,.F.);
#1427=ORIENTED_EDGE('',*,*,#1358,.F.);
#1428=ORIENTED_EDGE('',*,*,#1372,.F.);
#1429=ORIENTED_EDGE('',*,*,#1385,.F.);
#1430=EDGE_LOOP('',(#1426,#1427,#1428,#1429));
#1431=FACE_BOUND('',#1430,.F.);
#1432=ADVANCED_FACE('',(#1425,#1431),#1395,.T.);
#1433=CARTESIAN_POINT('',(0.E0,-1.986E1,-7.5E-1));
#1434=DIRECTION('',(0.E0,-7.071067811865E-1,-7.071067811865E-1));
#1435=DIRECTION('',(0.E0,-7.071067811865E-1,7.071067811865E-1));
#1436=AXIS2_PLACEMENT_3D('',#1433,#1434,#1435);
#1437=PLANE('',#1436);
#1438=ORIENTED_EDGE('',*,*,#1294,.T.);
#1440=ORIENTED_EDGE('',*,*,#1439,.F.);
#1441=ORIENTED_EDGE('',*,*,#1396,.T.);
#1443=ORIENTED_EDGE('',*,*,#1442,.T.);
#1444=EDGE_LOOP('',(#1438,#1440,#1441,#1443));
#1445=FACE_OUTER_BOUND('',#1444,.F.);
#1446=ADVANCED_FACE('',(#1445),#1437,.T.);
#1447=CARTESIAN_POINT('',(-4.E-1,-2.006E1,9.5E-1));
#1448=DIRECTION('',(0.E0,-1.E0,0.E0));
#1449=DIRECTION('',(0.E0,0.E0,-1.E0));
#1450=AXIS2_PLACEMENT_3D('',#1447,#1448,#1449);
#1451=PLANE('',#1450);
#1452=ORIENTED_EDGE('',*,*,#1439,.T.);
#1453=ORIENTED_EDGE('',*,*,#1320,.F.);
#1455=ORIENTED_EDGE('',*,*,#1454,.F.);
#1456=ORIENTED_EDGE('',*,*,#1398,.T.);
#1457=EDGE_LOOP('',(#1452,#1453,#1455,#1456));
#1458=FACE_OUTER_BOUND('',#1457,.F.);
#1459=ADVANCED_FACE('',(#1458),#1451,.T.);
#1460=CARTESIAN_POINT('',(0.E0,-1.986E1,7.5E-1));
#1461=DIRECTION('',(0.E0,-7.071067811865E-1,7.071067811865E-1));
#1462=DIRECTION('',(0.E0,7.071067811865E-1,7.071067811865E-1));
#1463=AXIS2_PLACEMENT_3D('',#1460,#1461,#1462);
#1464=PLANE('',#1463);
#1465=ORIENTED_EDGE('',*,*,#1318,.T.);
#1467=ORIENTED_EDGE('',*,*,#1466,.F.);
#1468=ORIENTED_EDGE('',*,*,#1400,.T.);
#1469=ORIENTED_EDGE('',*,*,#1454,.T.);
#1470=EDGE_LOOP('',(#1465,#1467,#1468,#1469));
#1471=FACE_OUTER_BOUND('',#1470,.F.);
#1472=ADVANCED_FACE('',(#1471),#1464,.T.);
#1473=CARTESIAN_POINT('',(-4.E-1,-1.726E1,9.5E-1));
#1474=DIRECTION('',(0.E0,0.E0,1.E0));
#1475=DIRECTION('',(0.E0,-1.E0,0.E0));
#1476=AXIS2_PLACEMENT_3D('',#1473,#1474,#1475);
#1477=PLANE('',#1476);
#1478=ORIENTED_EDGE('',*,*,#1466,.T.);
#1479=ORIENTED_EDGE('',*,*,#1316,.F.);
#1481=ORIENTED_EDGE('',*,*,#1480,.T.);
#1482=ORIENTED_EDGE('',*,*,#1402,.T.);
#1483=EDGE_LOOP('',(#1478,#1479,#1481,#1482));
#1484=FACE_OUTER_BOUND('',#1483,.F.);
#1485=ADVANCED_FACE('',(#1484),#1477,.T.);
#1486=CARTESIAN_POINT('',(-4.E-1,-1.726E1,1.425E0));
#1487=DIRECTION('',(0.E0,-1.E0,0.E0));
#1488=DIRECTION('',(0.E0,0.E0,-1.E0));
#1489=AXIS2_PLACEMENT_3D('',#1486,#1487,#1488);
#1490=PLANE('',#1489);
#1491=ORIENTED_EDGE('',*,*,#1314,.F.);
#1493=ORIENTED_EDGE('',*,*,#1492,.T.);
#1494=ORIENTED_EDGE('',*,*,#1404,.T.);
#1495=ORIENTED_EDGE('',*,*,#1480,.F.);
#1496=EDGE_LOOP('',(#1491,#1493,#1494,#1495));
#1497=FACE_OUTER_BOUND('',#1496,.F.);
#1498=ADVANCED_FACE('',(#1497),#1490,.T.);
#1499=CARTESIAN_POINT('',(-4.E-1,-1.426E1,1.425E0));
#1500=DIRECTION('',(0.E0,0.E0,1.E0));
#1501=DIRECTION('',(0.E0,-1.E0,0.E0));
#1502=AXIS2_PLACEMENT_3D('',#1499,#1500,#1501);
#1503=PLANE('',#1502);
#1504=ORIENTED_EDGE('',*,*,#1312,.F.);
#1506=ORIENTED_EDGE('',*,*,#1505,.T.);
#1507=ORIENTED_EDGE('',*,*,#1406,.T.);
#1508=ORIENTED_EDGE('',*,*,#1492,.F.);
#1509=EDGE_LOOP('',(#1504,#1506,#1507,#1508));
#1510=FACE_OUTER_BOUND('',#1509,.F.);
#1511=ADVANCED_FACE('',(#1510),#1503,.T.);
#1512=CARTESIAN_POINT('',(-4.E-1,-2.006E1,-9.5E-1));
#1513=DIRECTION('',(0.E0,0.E0,-1.E0));
#1514=DIRECTION('',(0.E0,1.E0,0.E0));
#1515=AXIS2_PLACEMENT_3D('',#1512,#1513,#1514);
#1516=PLANE('',#1515);
#1517=ORIENTED_EDGE('',*,*,#1442,.F.);
#1518=ORIENTED_EDGE('',*,*,#1422,.T.);
#1520=ORIENTED_EDGE('',*,*,#1519,.F.);
#1521=ORIENTED_EDGE('',*,*,#1296,.F.);
#1522=EDGE_LOOP('',(#1517,#1518,#1520,#1521));
#1523=FACE_OUTER_BOUND('',#1522,.F.);
#1524=ADVANCED_FACE('',(#1523),#1516,.T.);
#1525=CARTESIAN_POINT('',(-4.E-1,-1.726E1,-9.5E-1));
#1526=DIRECTION('',(0.E0,-1.E0,0.E0));
#1527=DIRECTION('',(0.E0,0.E0,-1.E0));
#1528=AXIS2_PLACEMENT_3D('',#1525,#1526,#1527);
#1529=PLANE('',#1528);
#1530=ORIENTED_EDGE('',*,*,#1298,.F.);
#1531=ORIENTED_EDGE('',*,*,#1519,.T.);
#1532=ORIENTED_EDGE('',*,*,#1420,.T.);
#1534=ORIENTED_EDGE('',*,*,#1533,.F.);
#1535=EDGE_LOOP('',(#1530,#1531,#1532,#1534));
#1536=FACE_OUTER_BOUND('',#1535,.F.);
#1537=ADVANCED_FACE('',(#1536),#1529,.T.);
#1538=CARTESIAN_POINT('',(-4.E-1,-1.726E1,-1.425E0));
#1539=DIRECTION('',(0.E0,0.E0,-1.E0));
#1540=DIRECTION('',(0.E0,1.E0,0.E0));
#1541=AXIS2_PLACEMENT_3D('',#1538,#1539,#1540);
#1542=PLANE('',#1541);
#1543=ORIENTED_EDGE('',*,*,#1300,.F.);
#1544=ORIENTED_EDGE('',*,*,#1533,.T.);
#1545=ORIENTED_EDGE('',*,*,#1418,.T.);
#1547=ORIENTED_EDGE('',*,*,#1546,.T.);
#1548=EDGE_LOOP('',(#1543,#1544,#1545,#1547));
#1549=FACE_OUTER_BOUND('',#1548,.F.);
#1550=ADVANCED_FACE('',(#1549),#1542,.T.);
#1551=OPEN_SHELL('',(#1334,#1349,#1363,#1377,#1390,#1432,#1446,#1459,#1472,
#1485,#1498,#1511,#1524,#1537,#1550));
#1552=CARTESIAN_POINT('',(-5.48E0,-1.821E1,0.E0));
#1553=DIRECTION('',(-1.E0,0.E0,0.E0));
#1554=DIRECTION('',(0.E0,0.E0,1.E0));
#1555=AXIS2_PLACEMENT_3D('',#1552,#1553,#1554);
#1557=DIRECTION('',(0.E0,-1.E0,0.E0));
#1558=VECTOR('',#1557,8.E-1);
#1559=CARTESIAN_POINT('',(-5.48E0,-1.821E1,-5.5E-1));
#1560=LINE('',#1559,#1558);
#1561=CARTESIAN_POINT('',(-5.48E0,-1.901E1,0.E0));
#1562=DIRECTION('',(-1.E0,0.E0,0.E0));
#1563=DIRECTION('',(0.E0,0.E0,-1.E0));
#1564=AXIS2_PLACEMENT_3D('',#1561,#1562,#1563);
#1566=DIRECTION('',(0.E0,1.E0,0.E0));
#1567=VECTOR('',#1566,8.E-1);
#1568=CARTESIAN_POINT('',(-5.48E0,-1.901E1,5.5E-1));
#1569=LINE('',#1568,#1567);
#1570=DIRECTION('',(0.E0,-7.071067811865E-1,7.071067811865E-1));
#1571=VECTOR('',#1570,5.656854249492E-1);
#1572=CARTESIAN_POINT('',(-5.48E0,-1.966E1,-9.5E-1));
#1573=LINE('',#1572,#1571);
#1574=DIRECTION('',(0.E0,1.E0,0.E0));
#1575=VECTOR('',#1574,2.4E0);
#1576=CARTESIAN_POINT('',(-5.48E0,-1.966E1,-9.5E-1));
#1577=LINE('',#1576,#1575);
#1578=DIRECTION('',(0.E0,0.E0,-1.E0));
#1579=VECTOR('',#1578,4.75E-1);
#1580=CARTESIAN_POINT('',(-5.48E0,-1.726E1,-9.5E-1));
#1581=LINE('',#1580,#1579);
#1582=DIRECTION('',(0.E0,1.E0,0.E0));
#1583=VECTOR('',#1582,3.E0);
#1584=CARTESIAN_POINT('',(-5.48E0,-1.726E1,-1.425E0));
#1585=LINE('',#1584,#1583);
#1586=DIRECTION('',(0.E0,0.E0,1.E0));
#1587=VECTOR('',#1586,2.75E-1);
#1588=CARTESIAN_POINT('',(-5.48E0,-1.426E1,-1.425E0));
#1589=LINE('',#1588,#1587);
#1590=DIRECTION('',(0.E0,1.E0,0.E0));
#1591=VECTOR('',#1590,2.E-1);
#1592=CARTESIAN_POINT('',(-5.48E0,-1.426E1,-1.15E0));
#1593=LINE('',#1592,#1591);
#1594=DIRECTION('',(0.E0,0.E0,1.E0));
#1595=VECTOR('',#1594,2.3E0);
#1596=CARTESIAN_POINT('',(-5.48E0,-1.406E1,-1.15E0));
#1597=LINE('',#1596,#1595);
#1598=DIRECTION('',(0.E0,-1.E0,0.E0));
#1599=VECTOR('',#1598,2.E-1);
#1600=CARTESIAN_POINT('',(-5.48E0,-1.406E1,1.15E0));
#1601=LINE('',#1600,#1599);
#1602=DIRECTION('',(0.E0,0.E0,1.E0));
#1603=VECTOR('',#1602,2.75E-1);
#1604=CARTESIAN_POINT('',(-5.48E0,-1.426E1,1.15E0));
#1605=LINE('',#1604,#1603);
#1606=DIRECTION('',(0.E0,-1.E0,0.E0));
#1607=VECTOR('',#1606,3.E0);
#1608=CARTESIAN_POINT('',(-5.48E0,-1.426E1,1.425E0));
#1609=LINE('',#1608,#1607);
#1610=DIRECTION('',(0.E0,0.E0,-1.E0));
#1611=VECTOR('',#1610,4.75E-1);
#1612=CARTESIAN_POINT('',(-5.48E0,-1.726E1,1.425E0));
#1613=LINE('',#1612,#1611);
#1614=DIRECTION('',(0.E0,-1.E0,0.E0));
#1615=VECTOR('',#1614,2.4E0);
#1616=CARTESIAN_POINT('',(-5.48E0,-1.726E1,9.5E-1));
#1617=LINE('',#1616,#1615);
#1618=DIRECTION('',(0.E0,7.071067811866E-1,7.071067811865E-1));
#1619=VECTOR('',#1618,5.656854249492E-1);
#1620=CARTESIAN_POINT('',(-5.48E0,-2.006E1,5.5E-1));
#1621=LINE('',#1620,#1619);
#1622=DIRECTION('',(0.E0,0.E0,-1.E0));
#1623=VECTOR('',#1622,1.1E0);
#1624=CARTESIAN_POINT('',(-5.48E0,-2.006E1,5.5E-1));
#1625=LINE('',#1624,#1623);
#1626=DIRECTION('',(1.E0,0.E0,0.E0));
#1627=VECTOR('',#1626,8.E-1);
#1628=CARTESIAN_POINT('',(-5.48E0,-1.821E1,5.5E-1));
#1629=LINE('',#1628,#1627);
#1630=DIRECTION('',(1.E0,0.E0,0.E0));
#1631=VECTOR('',#1630,8.E-1);
#1632=CARTESIAN_POINT('',(-5.48E0,-1.901E1,5.5E-1));
#1633=LINE('',#1632,#1631);
#1634=DIRECTION('',(1.E0,0.E0,0.E0));
#1635=VECTOR('',#1634,8.E-1);
#1636=CARTESIAN_POINT('',(-5.48E0,-1.901E1,-5.5E-1));
#1637=LINE('',#1636,#1635);
#1638=DIRECTION('',(1.E0,0.E0,0.E0));
#1639=VECTOR('',#1638,8.E-1);
#1640=CARTESIAN_POINT('',(-5.48E0,-1.821E1,-5.5E-1));
#1641=LINE('',#1640,#1639);
#1642=CARTESIAN_POINT('',(-4.68E0,-1.821E1,0.E0));
#1643=DIRECTION('',(-1.E0,0.E0,0.E0));
#1644=DIRECTION('',(0.E0,0.E0,1.E0));
#1645=AXIS2_PLACEMENT_3D('',#1642,#1643,#1644);
#1647=DIRECTION('',(0.E0,1.E0,0.E0));
#1648=VECTOR('',#1647,8.E-1);
#1649=CARTESIAN_POINT('',(-4.68E0,-1.901E1,5.5E-1));
#1650=LINE('',#1649,#1648);
#1651=CARTESIAN_POINT('',(-4.68E0,-1.901E1,0.E0));
#1652=DIRECTION('',(-1.E0,0.E0,0.E0));
#1653=DIRECTION('',(0.E0,0.E0,-1.E0));
#1654=AXIS2_PLACEMENT_3D('',#1651,#1652,#1653);
#1656=DIRECTION('',(0.E0,-1.E0,0.E0));
#1657=VECTOR('',#1656,8.E-1);
#1658=CARTESIAN_POINT('',(-4.68E0,-1.821E1,-5.5E-1));
#1659=LINE('',#1658,#1657);
#1660=DIRECTION('',(0.E0,7.071067811865E-1,-7.071067811865E-1));
#1661=VECTOR('',#1660,5.656854249492E-1);
#1662=CARTESIAN_POINT('',(-4.68E0,-2.006E1,-5.5E-1));
#1663=LINE('',#1662,#1661);
#1664=DIRECTION('',(0.E0,0.E0,-1.E0));
#1665=VECTOR('',#1664,1.1E0);
#1666=CARTESIAN_POINT('',(-4.68E0,-2.006E1,5.5E-1));
#1667=LINE('',#1666,#1665);
#1668=DIRECTION('',(0.E0,-7.071067811866E-1,-7.071067811865E-1));
#1669=VECTOR('',#1668,5.656854249492E-1);
#1670=CARTESIAN_POINT('',(-4.68E0,-1.966E1,9.5E-1));
#1671=LINE('',#1670,#1669);
#1672=DIRECTION('',(0.E0,-1.E0,0.E0));
#1673=VECTOR('',#1672,2.4E0);
#1674=CARTESIAN_POINT('',(-4.68E0,-1.726E1,9.5E-1));
#1675=LINE('',#1674,#1673);
#1676=DIRECTION('',(0.E0,0.E0,-1.E0));
#1677=VECTOR('',#1676,4.75E-1);
#1678=CARTESIAN_POINT('',(-4.68E0,-1.726E1,1.425E0));
#1679=LINE('',#1678,#1677);
#1680=DIRECTION('',(0.E0,-1.E0,0.E0));
#1681=VECTOR('',#1680,3.E0);
#1682=CARTESIAN_POINT('',(-4.68E0,-1.426E1,1.425E0));
#1683=LINE('',#1682,#1681);
#1684=DIRECTION('',(0.E0,0.E0,-1.E0));
#1685=VECTOR('',#1684,2.75E-1);
#1686=CARTESIAN_POINT('',(-4.68E0,-1.426E1,1.425E0));
#1687=LINE('',#1686,#1685);
#1688=DIRECTION('',(0.E0,1.E0,0.E0));
#1689=VECTOR('',#1688,2.E-1);
#1690=CARTESIAN_POINT('',(-4.68E0,-1.426E1,1.15E0));
#1691=LINE('',#1690,#1689);
#1692=DIRECTION('',(0.E0,0.E0,-1.E0));
#1693=VECTOR('',#1692,2.3E0);
#1694=CARTESIAN_POINT('',(-4.68E0,-1.406E1,1.15E0));
#1695=LINE('',#1694,#1693);
#1696=DIRECTION('',(0.E0,-1.E0,0.E0));
#1697=VECTOR('',#1696,2.E-1);
#1698=CARTESIAN_POINT('',(-4.68E0,-1.406E1,-1.15E0));
#1699=LINE('',#1698,#1697);
#1700=DIRECTION('',(0.E0,0.E0,-1.E0));
#1701=VECTOR('',#1700,2.75E-1);
#1702=CARTESIAN_POINT('',(-4.68E0,-1.426E1,-1.15E0));
#1703=LINE('',#1702,#1701);
#1704=DIRECTION('',(0.E0,1.E0,0.E0));
#1705=VECTOR('',#1704,3.E0);
#1706=CARTESIAN_POINT('',(-4.68E0,-1.726E1,-1.425E0));
#1707=LINE('',#1706,#1705);
#1708=DIRECTION('',(0.E0,0.E0,-1.E0));
#1709=VECTOR('',#1708,4.75E-1);
#1710=CARTESIAN_POINT('',(-4.68E0,-1.726E1,-9.5E-1));
#1711=LINE('',#1710,#1709);
#1712=DIRECTION('',(0.E0,1.E0,0.E0));
#1713=VECTOR('',#1712,2.4E0);
#1714=CARTESIAN_POINT('',(-4.68E0,-1.966E1,-9.5E-1));
#1715=LINE('',#1714,#1713);
#1716=DIRECTION('',(-1.E0,0.E0,0.E0));
#1717=VECTOR('',#1716,8.E-1);
#1718=CARTESIAN_POINT('',(-4.68E0,-2.006E1,-5.5E-1));
#1719=LINE('',#1718,#1717);
#1720=DIRECTION('',(-1.E0,0.E0,0.E0));
#1721=VECTOR('',#1720,8.E-1);
#1722=CARTESIAN_POINT('',(-4.68E0,-2.006E1,5.5E-1));
#1723=LINE('',#1722,#1721);
#1724=DIRECTION('',(-1.E0,0.E0,0.E0));
#1725=VECTOR('',#1724,8.E-1);
#1726=CARTESIAN_POINT('',(-4.68E0,-1.966E1,9.5E-1));
#1727=LINE('',#1726,#1725);
#1728=DIRECTION('',(1.E0,0.E0,0.E0));
#1729=VECTOR('',#1728,8.E-1);
#1730=CARTESIAN_POINT('',(-5.48E0,-1.726E1,9.5E-1));
#1731=LINE('',#1730,#1729);
#1732=DIRECTION('',(1.E0,0.E0,0.E0));
#1733=VECTOR('',#1732,8.E-1);
#1734=CARTESIAN_POINT('',(-5.48E0,-1.726E1,1.425E0));
#1735=LINE('',#1734,#1733);
#1736=DIRECTION('',(1.E0,0.E0,0.E0));
#1737=VECTOR('',#1736,8.E-1);
#1738=CARTESIAN_POINT('',(-5.48E0,-1.426E1,1.425E0));
#1739=LINE('',#1738,#1737);
#1740=DIRECTION('',(-1.E0,0.E0,0.E0));
#1741=VECTOR('',#1740,8.E-1);
#1742=CARTESIAN_POINT('',(-4.68E0,-1.966E1,-9.5E-1));
#1743=LINE('',#1742,#1741);
#1744=DIRECTION('',(1.E0,0.E0,0.E0));
#1745=VECTOR('',#1744,8.E-1);
#1746=CARTESIAN_POINT('',(-5.48E0,-1.726E1,-9.5E-1));
#1747=LINE('',#1746,#1745);
#1748=DIRECTION('',(1.E0,0.E0,0.E0));
#1749=VECTOR('',#1748,8.E-1);
#1750=CARTESIAN_POINT('',(-5.48E0,-1.726E1,-1.425E0));
#1751=LINE('',#1750,#1749);
#1752=DIRECTION('',(-1.E0,0.E0,0.E0));
#1753=VECTOR('',#1752,8.E-1);
#1754=CARTESIAN_POINT('',(-4.68E0,-1.426E1,-1.425E0));
#1755=LINE('',#1754,#1753);
#1756=CARTESIAN_POINT('',(-5.48E0,-1.426E1,1.425E0));
#1757=CARTESIAN_POINT('',(-5.48E0,-1.726E1,1.425E0));
#1758=VERTEX_POINT('',#1756);
#1759=VERTEX_POINT('',#1757);
#1760=CARTESIAN_POINT('',(-5.48E0,-1.726E1,9.5E-1));
#1761=VERTEX_POINT('',#1760);
#1762=CARTESIAN_POINT('',(-5.48E0,-1.726E1,-9.5E-1));
#1763=CARTESIAN_POINT('',(-5.48E0,-1.726E1,-1.425E0));
#1764=VERTEX_POINT('',#1762);
#1765=VERTEX_POINT('',#1763);
#1766=CARTESIAN_POINT('',(-5.48E0,-1.426E1,-1.425E0));
#1767=VERTEX_POINT('',#1766);
#1768=CARTESIAN_POINT('',(-4.68E0,-1.426E1,1.425E0));
#1769=CARTESIAN_POINT('',(-4.68E0,-1.726E1,1.425E0));
#1770=VERTEX_POINT('',#1768);
#1771=VERTEX_POINT('',#1769);
#1772=CARTESIAN_POINT('',(-4.68E0,-1.726E1,9.5E-1));
#1773=VERTEX_POINT('',#1772);
#1774=CARTESIAN_POINT('',(-4.68E0,-1.726E1,-9.5E-1));
#1775=CARTESIAN_POINT('',(-4.68E0,-1.726E1,-1.425E0));
#1776=VERTEX_POINT('',#1774);
#1777=VERTEX_POINT('',#1775);
#1778=CARTESIAN_POINT('',(-4.68E0,-1.426E1,-1.425E0));
#1779=VERTEX_POINT('',#1778);
#1780=CARTESIAN_POINT('',(-5.48E0,-1.406E1,1.15E0));
#1781=CARTESIAN_POINT('',(-5.48E0,-1.406E1,-1.15E0));
#1782=VERTEX_POINT('',#1780);
#1783=VERTEX_POINT('',#1781);
#1784=CARTESIAN_POINT('',(-4.68E0,-1.406E1,1.15E0));
#1785=CARTESIAN_POINT('',(-4.68E0,-1.406E1,-1.15E0));
#1786=VERTEX_POINT('',#1784);
#1787=VERTEX_POINT('',#1785);
#1788=CARTESIAN_POINT('',(-5.48E0,-1.821E1,5.5E-1));
#1789=CARTESIAN_POINT('',(-5.48E0,-1.821E1,-5.5E-1));
#1790=VERTEX_POINT('',#1788);
#1791=VERTEX_POINT('',#1789);
#1792=CARTESIAN_POINT('',(-5.48E0,-1.901E1,-5.5E-1));
#1793=VERTEX_POINT('',#1792);
#1794=CARTESIAN_POINT('',(-5.48E0,-1.901E1,5.5E-1));
#1795=VERTEX_POINT('',#1794);
#1796=CARTESIAN_POINT('',(-4.68E0,-1.821E1,5.5E-1));
#1797=CARTESIAN_POINT('',(-4.68E0,-1.821E1,-5.5E-1));
#1798=VERTEX_POINT('',#1796);
#1799=VERTEX_POINT('',#1797);
#1800=CARTESIAN_POINT('',(-4.68E0,-1.901E1,-5.5E-1));
#1801=VERTEX_POINT('',#1800);
#1802=CARTESIAN_POINT('',(-4.68E0,-1.901E1,5.5E-1));
#1803=VERTEX_POINT('',#1802);
#1804=CARTESIAN_POINT('',(-5.48E0,-1.966E1,-9.5E-1));
#1805=CARTESIAN_POINT('',(-5.48E0,-2.006E1,-5.5E-1));
#1806=VERTEX_POINT('',#1804);
#1807=VERTEX_POINT('',#1805);
#1808=CARTESIAN_POINT('',(-4.68E0,-2.006E1,-5.5E-1));
#1809=VERTEX_POINT('',#1808);
#1810=CARTESIAN_POINT('',(-4.68E0,-1.966E1,-9.5E-1));
#1811=VERTEX_POINT('',#1810);
#1812=CARTESIAN_POINT('',(-5.48E0,-2.006E1,5.5E-1));
#1813=CARTESIAN_POINT('',(-5.48E0,-1.966E1,9.5E-1));
#1814=VERTEX_POINT('',#1812);
#1815=VERTEX_POINT('',#1813);
#1816=CARTESIAN_POINT('',(-4.68E0,-1.966E1,9.5E-1));
#1817=VERTEX_POINT('',#1816);
#1818=CARTESIAN_POINT('',(-4.68E0,-2.006E1,5.5E-1));
#1819=VERTEX_POINT('',#1818);
#1820=CARTESIAN_POINT('',(-5.48E0,-1.426E1,1.15E0));
#1821=VERTEX_POINT('',#1820);
#1822=CARTESIAN_POINT('',(-5.48E0,-1.426E1,-1.15E0));
#1823=VERTEX_POINT('',#1822);
#1824=CARTESIAN_POINT('',(-4.68E0,-1.426E1,1.15E0));
#1825=VERTEX_POINT('',#1824);
#1826=CARTESIAN_POINT('',(-4.68E0,-1.426E1,-1.15E0));
#1827=VERTEX_POINT('',#1826);
#1828=CARTESIAN_POINT('',(-5.48E0,-1.406E1,0.E0));
#1829=DIRECTION('',(1.E0,0.E0,0.E0));
#1830=DIRECTION('',(0.E0,0.E0,-1.E0));
#1831=AXIS2_PLACEMENT_3D('',#1828,#1829,#1830);
#1832=PLANE('',#1831);
#1834=ORIENTED_EDGE('',*,*,#1833,.F.);
#1836=ORIENTED_EDGE('',*,*,#1835,.T.);
#1838=ORIENTED_EDGE('',*,*,#1837,.T.);
#1840=ORIENTED_EDGE('',*,*,#1839,.T.);
#1842=ORIENTED_EDGE('',*,*,#1841,.T.);
#1844=ORIENTED_EDGE('',*,*,#1843,.T.);
#1846=ORIENTED_EDGE('',*,*,#1845,.T.);
#1848=ORIENTED_EDGE('',*,*,#1847,.T.);
#1850=ORIENTED_EDGE('',*,*,#1849,.T.);
#1852=ORIENTED_EDGE('',*,*,#1851,.T.);
#1854=ORIENTED_EDGE('',*,*,#1853,.T.);
#1856=ORIENTED_EDGE('',*,*,#1855,.T.);
#1858=ORIENTED_EDGE('',*,*,#1857,.F.);
#1860=ORIENTED_EDGE('',*,*,#1859,.T.);
#1861=EDGE_LOOP('',(#1834,#1836,#1838,#1840,#1842,#1844,#1846,#1848,#1850,#1852,
#1854,#1856,#1858,#1860));
#1862=FACE_OUTER_BOUND('',#1861,.F.);
#1864=ORIENTED_EDGE('',*,*,#1863,.T.);
#1866=ORIENTED_EDGE('',*,*,#1865,.T.);
#1868=ORIENTED_EDGE('',*,*,#1867,.T.);
#1870=ORIENTED_EDGE('',*,*,#1869,.T.);
#1871=EDGE_LOOP('',(#1864,#1866,#1868,#1870));
#1872=FACE_BOUND('',#1871,.F.);
#1873=ADVANCED_FACE('',(#1862,#1872),#1832,.F.);
#1874=CARTESIAN_POINT('',(-5.48E0,-1.821E1,0.E0));
#1875=DIRECTION('',(1.E0,0.E0,0.E0));
#1876=DIRECTION('',(0.E0,0.E0,-1.E0));
#1877=AXIS2_PLACEMENT_3D('',#1874,#1875,#1876);
#1878=CYLINDRICAL_SURFACE('',#1877,5.5E-1);
#1879=ORIENTED_EDGE('',*,*,#1863,.F.);
#1881=ORIENTED_EDGE('',*,*,#1880,.T.);
#1883=ORIENTED_EDGE('',*,*,#1882,.T.);
#1885=ORIENTED_EDGE('',*,*,#1884,.F.);
#1886=EDGE_LOOP('',(#1879,#1881,#1883,#1885));
#1887=FACE_OUTER_BOUND('',#1886,.F.);
#1888=ADVANCED_FACE('',(#1887),#1878,.F.);
#1889=CARTESIAN_POINT('',(-5.48E0,-1.901E1,5.5E-1));
#1890=DIRECTION('',(0.E0,0.E0,-1.E0));
#1891=DIRECTION('',(0.E0,1.E0,0.E0));
#1892=AXIS2_PLACEMENT_3D('',#1889,#1890,#1891);
#1893=PLANE('',#1892);
#1894=ORIENTED_EDGE('',*,*,#1869,.F.);
#1896=ORIENTED_EDGE('',*,*,#1895,.T.);
#1898=ORIENTED_EDGE('',*,*,#1897,.T.);
#1899=ORIENTED_EDGE('',*,*,#1880,.F.);
#1900=EDGE_LOOP('',(#1894,#1896,#1898,#1899));
#1901=FACE_OUTER_BOUND('',#1900,.F.);
#1902=ADVANCED_FACE('',(#1901),#1893,.T.);
#1903=CARTESIAN_POINT('',(-5.48E0,-1.901E1,0.E0));
#1904=DIRECTION('',(1.E0,0.E0,0.E0));
#1905=DIRECTION('',(0.E0,0.E0,-1.E0));
#1906=AXIS2_PLACEMENT_3D('',#1903,#1904,#1905);
#1907=CYLINDRICAL_SURFACE('',#1906,5.5E-1);
#1908=ORIENTED_EDGE('',*,*,#1867,.F.);
#1910=ORIENTED_EDGE('',*,*,#1909,.T.);
#1912=ORIENTED_EDGE('',*,*,#1911,.T.);
#1913=ORIENTED_EDGE('',*,*,#1895,.F.);
#1914=EDGE_LOOP('',(#1908,#1910,#1912,#1913));
#1915=FACE_OUTER_BOUND('',#1914,.F.);
#1916=ADVANCED_FACE('',(#1915),#1907,.F.);
#1917=CARTESIAN_POINT('',(-5.48E0,-1.821E1,-5.5E-1));
#1918=DIRECTION('',(0.E0,0.E0,1.E0));
#1919=DIRECTION('',(0.E0,-1.E0,0.E0));
#1920=AXIS2_PLACEMENT_3D('',#1917,#1918,#1919);
#1921=PLANE('',#1920);
#1922=ORIENTED_EDGE('',*,*,#1865,.F.);
#1923=ORIENTED_EDGE('',*,*,#1884,.T.);
#1925=ORIENTED_EDGE('',*,*,#1924,.T.);
#1926=ORIENTED_EDGE('',*,*,#1909,.F.);
#1927=EDGE_LOOP('',(#1922,#1923,#1925,#1926));
#1928=FACE_OUTER_BOUND('',#1927,.F.);
#1929=ADVANCED_FACE('',(#1928),#1921,.T.);
#1930=CARTESIAN_POINT('',(-4.68E0,-1.406E1,0.E0));
#1931=DIRECTION('',(1.E0,0.E0,0.E0));
#1932=DIRECTION('',(0.E0,0.E0,-1.E0));
#1933=AXIS2_PLACEMENT_3D('',#1930,#1931,#1932);
#1934=PLANE('',#1933);
#1936=ORIENTED_EDGE('',*,*,#1935,.F.);
#1938=ORIENTED_EDGE('',*,*,#1937,.F.);
#1940=ORIENTED_EDGE('',*,*,#1939,.F.);
#1942=ORIENTED_EDGE('',*,*,#1941,.F.);
#1944=ORIENTED_EDGE('',*,*,#1943,.F.);
#1946=ORIENTED_EDGE('',*,*,#1945,.F.);
#1948=ORIENTED_EDGE('',*,*,#1947,.T.);
#1950=ORIENTED_EDGE('',*,*,#1949,.T.);
#1952=ORIENTED_EDGE('',*,*,#1951,.T.);
#1954=ORIENTED_EDGE('',*,*,#1953,.T.);
#1956=ORIENTED_EDGE('',*,*,#1955,.T.);
#1958=ORIENTED_EDGE('',*,*,#1957,.F.);
#1960=ORIENTED_EDGE('',*,*,#1959,.F.);
#1962=ORIENTED_EDGE('',*,*,#1961,.F.);
#1963=EDGE_LOOP('',(#1936,#1938,#1940,#1942,#1944,#1946,#1948,#1950,#1952,#1954,
#1956,#1958,#1960,#1962));
#1964=FACE_OUTER_BOUND('',#1963,.F.);
#1965=ORIENTED_EDGE('',*,*,#1882,.F.);
#1966=ORIENTED_EDGE('',*,*,#1897,.F.);
#1967=ORIENTED_EDGE('',*,*,#1911,.F.);
#1968=ORIENTED_EDGE('',*,*,#1924,.F.);
#1969=EDGE_LOOP('',(#1965,#1966,#1967,#1968));
#1970=FACE_BOUND('',#1969,.F.);
#1971=ADVANCED_FACE('',(#1964,#1970),#1934,.T.);
#1972=CARTESIAN_POINT('',(-5.08E0,-1.986E1,-7.5E-1));
#1973=DIRECTION('',(0.E0,-7.071067811865E-1,-7.071067811865E-1));
#1974=DIRECTION('',(0.E0,-7.071067811865E-1,7.071067811865E-1));
#1975=AXIS2_PLACEMENT_3D('',#1972,#1973,#1974);
#1976=PLANE('',#1975);
#1977=ORIENTED_EDGE('',*,*,#1833,.T.);
#1979=ORIENTED_EDGE('',*,*,#1978,.F.);
#1980=ORIENTED_EDGE('',*,*,#1935,.T.);
#1982=ORIENTED_EDGE('',*,*,#1981,.T.);
#1983=EDGE_LOOP('',(#1977,#1979,#1980,#1982));
#1984=FACE_OUTER_BOUND('',#1983,.F.);
#1985=ADVANCED_FACE('',(#1984),#1976,.T.);
#1986=CARTESIAN_POINT('',(-5.48E0,-2.006E1,9.5E-1));
#1987=DIRECTION('',(0.E0,-1.E0,0.E0));
#1988=DIRECTION('',(0.E0,0.E0,-1.E0));
#1989=AXIS2_PLACEMENT_3D('',#1986,#1987,#1988);
#1990=PLANE('',#1989);
#1991=ORIENTED_EDGE('',*,*,#1978,.T.);
#1992=ORIENTED_EDGE('',*,*,#1859,.F.);
#1994=ORIENTED_EDGE('',*,*,#1993,.F.);
#1995=ORIENTED_EDGE('',*,*,#1937,.T.);
#1996=EDGE_LOOP('',(#1991,#1992,#1994,#1995));
#1997=FACE_OUTER_BOUND('',#1996,.F.);
#1998=ADVANCED_FACE('',(#1997),#1990,.T.);
#1999=CARTESIAN_POINT('',(-5.08E0,-1.986E1,7.5E-1));
#2000=DIRECTION('',(0.E0,-7.071067811865E-1,7.071067811865E-1));
#2001=DIRECTION('',(0.E0,7.071067811865E-1,7.071067811865E-1));
#2002=AXIS2_PLACEMENT_3D('',#1999,#2000,#2001);
#2003=PLANE('',#2002);
#2004=ORIENTED_EDGE('',*,*,#1857,.T.);
#2006=ORIENTED_EDGE('',*,*,#2005,.F.);
#2007=ORIENTED_EDGE('',*,*,#1939,.T.);
#2008=ORIENTED_EDGE('',*,*,#1993,.T.);
#2009=EDGE_LOOP('',(#2004,#2006,#2007,#2008));
#2010=FACE_OUTER_BOUND('',#2009,.F.);
#2011=ADVANCED_FACE('',(#2010),#2003,.T.);
#2012=CARTESIAN_POINT('',(-5.48E0,-1.726E1,9.5E-1));
#2013=DIRECTION('',(0.E0,0.E0,1.E0));
#2014=DIRECTION('',(0.E0,-1.E0,0.E0));
#2015=AXIS2_PLACEMENT_3D('',#2012,#2013,#2014);
#2016=PLANE('',#2015);
#2017=ORIENTED_EDGE('',*,*,#2005,.T.);
#2018=ORIENTED_EDGE('',*,*,#1855,.F.);
#2020=ORIENTED_EDGE('',*,*,#2019,.T.);
#2021=ORIENTED_EDGE('',*,*,#1941,.T.);
#2022=EDGE_LOOP('',(#2017,#2018,#2020,#2021));
#2023=FACE_OUTER_BOUND('',#2022,.F.);
#2024=ADVANCED_FACE('',(#2023),#2016,.T.);
#2025=CARTESIAN_POINT('',(-5.48E0,-1.726E1,1.425E0));
#2026=DIRECTION('',(0.E0,-1.E0,0.E0));
#2027=DIRECTION('',(0.E0,0.E0,-1.E0));
#2028=AXIS2_PLACEMENT_3D('',#2025,#2026,#2027);
#2029=PLANE('',#2028);
#2030=ORIENTED_EDGE('',*,*,#1853,.F.);
#2032=ORIENTED_EDGE('',*,*,#2031,.T.);
#2033=ORIENTED_EDGE('',*,*,#1943,.T.);
#2034=ORIENTED_EDGE('',*,*,#2019,.F.);
#2035=EDGE_LOOP('',(#2030,#2032,#2033,#2034));
#2036=FACE_OUTER_BOUND('',#2035,.F.);
#2037=ADVANCED_FACE('',(#2036),#2029,.T.);
#2038=CARTESIAN_POINT('',(-5.48E0,-1.426E1,1.425E0));
#2039=DIRECTION('',(0.E0,0.E0,1.E0));
#2040=DIRECTION('',(0.E0,-1.E0,0.E0));
#2041=AXIS2_PLACEMENT_3D('',#2038,#2039,#2040);
#2042=PLANE('',#2041);
#2043=ORIENTED_EDGE('',*,*,#1851,.F.);
#2045=ORIENTED_EDGE('',*,*,#2044,.T.);
#2046=ORIENTED_EDGE('',*,*,#1945,.T.);
#2047=ORIENTED_EDGE('',*,*,#2031,.F.);
#2048=EDGE_LOOP('',(#2043,#2045,#2046,#2047));
#2049=FACE_OUTER_BOUND('',#2048,.F.);
#2050=ADVANCED_FACE('',(#2049),#2042,.T.);
#2051=CARTESIAN_POINT('',(-5.48E0,-2.006E1,-9.5E-1));
#2052=DIRECTION('',(0.E0,0.E0,-1.E0));
#2053=DIRECTION('',(0.E0,1.E0,0.E0));
#2054=AXIS2_PLACEMENT_3D('',#2051,#2052,#2053);
#2055=PLANE('',#2054);
#2056=ORIENTED_EDGE('',*,*,#1981,.F.);
#2057=ORIENTED_EDGE('',*,*,#1961,.T.);
#2059=ORIENTED_EDGE('',*,*,#2058,.F.);
#2060=ORIENTED_EDGE('',*,*,#1835,.F.);
#2061=EDGE_LOOP('',(#2056,#2057,#2059,#2060));
#2062=FACE_OUTER_BOUND('',#2061,.F.);
#2063=ADVANCED_FACE('',(#2062),#2055,.T.);
#2064=CARTESIAN_POINT('',(-5.48E0,-1.726E1,-9.5E-1));
#2065=DIRECTION('',(0.E0,-1.E0,0.E0));
#2066=DIRECTION('',(0.E0,0.E0,-1.E0));
#2067=AXIS2_PLACEMENT_3D('',#2064,#2065,#2066);
#2068=PLANE('',#2067);
#2069=ORIENTED_EDGE('',*,*,#1837,.F.);
#2070=ORIENTED_EDGE('',*,*,#2058,.T.);
#2071=ORIENTED_EDGE('',*,*,#1959,.T.);
#2073=ORIENTED_EDGE('',*,*,#2072,.F.);
#2074=EDGE_LOOP('',(#2069,#2070,#2071,#2073));
#2075=FACE_OUTER_BOUND('',#2074,.F.);
#2076=ADVANCED_FACE('',(#2075),#2068,.T.);
#2077=CARTESIAN_POINT('',(-5.48E0,-1.726E1,-1.425E0));
#2078=DIRECTION('',(0.E0,0.E0,-1.E0));
#2079=DIRECTION('',(0.E0,1.E0,0.E0));
#2080=AXIS2_PLACEMENT_3D('',#2077,#2078,#2079);
#2081=PLANE('',#2080);
#2082=ORIENTED_EDGE('',*,*,#1839,.F.);
#2083=ORIENTED_EDGE('',*,*,#2072,.T.);
#2084=ORIENTED_EDGE('',*,*,#1957,.T.);
#2086=ORIENTED_EDGE('',*,*,#2085,.T.);
#2087=EDGE_LOOP('',(#2082,#2083,#2084,#2086));
#2088=FACE_OUTER_BOUND('',#2087,.F.);
#2089=ADVANCED_FACE('',(#2088),#2081,.T.);
#2090=OPEN_SHELL('',(#1873,#1888,#1902,#1916,#1929,#1971,#1985,#1998,#2011,
#2024,#2037,#2050,#2063,#2076,#2089));
#2091=DIRECTION('',(0.E0,-1.E0,0.E0));
#2092=VECTOR('',#2091,2.E0);
#2093=CARTESIAN_POINT('',(4.879036790187E0,-1.806E1,-4.171930009001E0));
#2094=LINE('',#2093,#2092);
#2095=DIRECTION('',(-7.071067811865E-1,0.E0,-7.071067811865E-1));
#2096=VECTOR('',#2095,1.E0);
#2097=CARTESIAN_POINT('',(4.879036790187E0,-2.006E1,-4.171930009001E0));
#2098=LINE('',#2097,#2096);
#2099=DIRECTION('',(0.E0,1.E0,0.E0));
#2100=VECTOR('',#2099,2.E0);
#2101=CARTESIAN_POINT('',(4.171930009001E0,-2.006E1,-4.879036790187E0));
#2102=LINE('',#2101,#2100);
#2103=DIRECTION('',(7.071067811865E-1,0.E0,7.071067811865E-1));
#2104=VECTOR('',#2103,1.E0);
#2105=CARTESIAN_POINT('',(4.171930009001E0,-1.806E1,-4.879036790187E0));
#2106=LINE('',#2105,#2104);
#2107=DIRECTION('',(-5.E-1,7.071067811865E-1,-5.E-1));
#2108=VECTOR('',#2107,5.656854249492E-1);
#2109=CARTESIAN_POINT('',(4.171930009001E0,-2.046E1,-4.879036790187E0));
#2110=LINE('',#2109,#2108);
#2111=DIRECTION('',(7.071067811865E-1,0.E0,7.071067811865E-1));
#2112=VECTOR('',#2111,1.E0);
#2113=CARTESIAN_POINT('',(4.171930009001E0,-2.046E1,-4.879036790187E0));
#2114=LINE('',#2113,#2112);
#2115=DIRECTION('',(-5.E-1,-7.071067811865E-1,-5.E-1));
#2116=VECTOR('',#2115,5.656854249492E-1);
#2117=CARTESIAN_POINT('',(5.161879502662E0,-2.006E1,-3.889087296526E0));
#2118=LINE('',#2117,#2116);
#2119=DIRECTION('',(0.E0,1.E0,0.E0));
#2120=VECTOR('',#2119,2.5E0);
#2121=CARTESIAN_POINT('',(5.161879502662E0,-2.006E1,-3.889087296526E0));
#2122=LINE('',#2121,#2120);
#2123=DIRECTION('',(7.071067811865E-1,0.E0,7.071067811865E-1));
#2124=VECTOR('',#2123,5.85E-1);
#2125=CARTESIAN_POINT('',(5.161879502662E0,-1.756E1,-3.889087296526E0));
#2126=LINE('',#2125,#2124);
#2127=DIRECTION('',(0.E0,-1.E0,0.E0));
#2128=VECTOR('',#2127,3.7E0);
#2129=CARTESIAN_POINT('',(5.575536969656E0,-1.386E1,-3.475429829532E0));
#2130=LINE('',#2129,#2128);
#2131=DIRECTION('',(-7.071067811865E-1,0.E0,-7.071067811865E-1));
#2132=VECTOR('',#2131,2.97E0);
#2133=CARTESIAN_POINT('',(5.575536969656E0,-1.386E1,-3.475429829532E0));
#2134=LINE('',#2133,#2132);
#2135=DIRECTION('',(0.E0,-1.E0,0.E0));
#2136=VECTOR('',#2135,3.7E0);
#2137=CARTESIAN_POINT('',(3.475429829532E0,-1.386E1,-5.575536969656E0));
#2138=LINE('',#2137,#2136);
#2139=DIRECTION('',(7.071067811865E-1,0.E0,7.071067811865E-1));
#2140=VECTOR('',#2139,5.85E-1);
#2141=CARTESIAN_POINT('',(3.475429829532E0,-1.756E1,-5.575536969656E0));
#2142=LINE('',#2141,#2140);
#2143=DIRECTION('',(0.E0,1.E0,0.E0));
#2144=VECTOR('',#2143,2.5E0);
#2145=CARTESIAN_POINT('',(3.889087296526E0,-2.006E1,-5.161879502662E0));
#2146=LINE('',#2145,#2144);
#2147=DIRECTION('',(-7.071067811865E-1,0.E0,7.071067811865E-1));
#2148=VECTOR('',#2147,6.E-1);
#2149=CARTESIAN_POINT('',(4.879036790187E0,-1.806E1,-4.171930009001E0));
#2150=LINE('',#2149,#2148);
#2151=DIRECTION('',(-7.071067811865E-1,0.E0,7.071067811865E-1));
#2152=VECTOR('',#2151,6.E-1);
#2153=CARTESIAN_POINT('',(4.171930009001E0,-1.806E1,-4.879036790187E0));
#2154=LINE('',#2153,#2152);
#2155=DIRECTION('',(-7.071067811865E-1,0.E0,7.071067811865E-1));
#2156=VECTOR('',#2155,6.E-1);
#2157=CARTESIAN_POINT('',(4.171930009001E0,-2.006E1,-4.879036790187E0));
#2158=LINE('',#2157,#2156);
#2159=DIRECTION('',(-7.071067811865E-1,0.E0,7.071067811865E-1));
#2160=VECTOR('',#2159,6.E-1);
#2161=CARTESIAN_POINT('',(4.879036790187E0,-2.006E1,-4.171930009001E0));
#2162=LINE('',#2161,#2160);
#2163=DIRECTION('',(0.E0,-1.E0,0.E0));
#2164=VECTOR('',#2163,2.E0);
#2165=CARTESIAN_POINT('',(4.454772721475E0,-1.806E1,-3.747665940289E0));
#2166=LINE('',#2165,#2164);
#2167=DIRECTION('',(7.071067811865E-1,0.E0,7.071067811865E-1));
#2168=VECTOR('',#2167,1.E0);
#2169=CARTESIAN_POINT('',(3.747665940289E0,-1.806E1,-4.454772721475E0));
#2170=LINE('',#2169,#2168);
#2171=DIRECTION('',(0.E0,1.E0,0.E0));
#2172=VECTOR('',#2171,2.E0);
#2173=CARTESIAN_POINT('',(3.747665940289E0,-2.006E1,-4.454772721475E0));
#2174=LINE('',#2173,#2172);
#2175=DIRECTION('',(-7.071067811865E-1,0.E0,-7.071067811865E-1));
#2176=VECTOR('',#2175,1.E0);
#2177=CARTESIAN_POINT('',(4.454772721475E0,-2.006E1,-3.747665940289E0));
#2178=LINE('',#2177,#2176);
#2179=DIRECTION('',(5.E-1,-7.071067811865E-1,5.E-1));
#2180=VECTOR('',#2179,5.656854249492E-1);
#2181=CARTESIAN_POINT('',(3.464823227814E0,-2.006E1,-4.737615433950E0));
#2182=LINE('',#2181,#2180);
#2183=DIRECTION('',(0.E0,1.E0,0.E0));
#2184=VECTOR('',#2183,2.5E0);
#2185=CARTESIAN_POINT('',(3.464823227814E0,-2.006E1,-4.737615433950E0));
#2186=LINE('',#2185,#2184);
#2187=DIRECTION('',(7.071067811865E-1,0.E0,7.071067811865E-1));
#2188=VECTOR('',#2187,5.85E-1);
#2189=CARTESIAN_POINT('',(3.051165760820E0,-1.756E1,-5.151272900944E0));
#2190=LINE('',#2189,#2188);
#2191=DIRECTION('',(0.E0,-1.E0,0.E0));
#2192=VECTOR('',#2191,3.646410161514E0);
#2193=CARTESIAN_POINT('',(3.051165760820E0,-1.391358983849E1,
-5.151272900944E0));
#2194=LINE('',#2193,#2192);
#2195=DIRECTION('',(7.071067811865E-1,0.E0,7.071067811865E-1));
#2196=VECTOR('',#2195,2.97E0);
#2197=CARTESIAN_POINT('',(3.051165760820E0,-1.391358983849E1,
-5.151272900944E0));
#2198=LINE('',#2197,#2196);
#2199=DIRECTION('',(0.E0,-1.E0,0.E0));
#2200=VECTOR('',#2199,3.646410161514E0);
#2201=CARTESIAN_POINT('',(5.151272900944E0,-1.391358983849E1,
-3.051165760820E0));
#2202=LINE('',#2201,#2200);
#2203=DIRECTION('',(7.071067811865E-1,0.E0,7.071067811865E-1));
#2204=VECTOR('',#2203,5.85E-1);
#2205=CARTESIAN_POINT('',(4.737615433950E0,-1.756E1,-3.464823227814E0));
#2206=LINE('',#2205,#2204);
#2207=DIRECTION('',(0.E0,1.E0,0.E0));
#2208=VECTOR('',#2207,2.5E0);
#2209=CARTESIAN_POINT('',(4.737615433950E0,-2.006E1,-3.464823227814E0));
#2210=LINE('',#2209,#2208);
#2211=DIRECTION('',(5.E-1,7.071067811865E-1,5.E-1));
#2212=VECTOR('',#2211,5.656854249492E-1);
#2213=CARTESIAN_POINT('',(4.454772721475E0,-2.046E1,-3.747665940289E0));
#2214=LINE('',#2213,#2212);
#2215=DIRECTION('',(7.071067811865E-1,0.E0,-7.071067811865E-1));
#2216=VECTOR('',#2215,6.E-1);
#2217=CARTESIAN_POINT('',(3.464823227814E0,-2.006E1,-4.737615433950E0));
#2218=LINE('',#2217,#2216);
#2219=DIRECTION('',(-7.071067811865E-1,0.E0,7.071067811865E-1));
#2220=VECTOR('',#2219,6.E-1);
#2221=CARTESIAN_POINT('',(3.889087296526E0,-1.756E1,-5.161879502662E0));
#2222=LINE('',#2221,#2220);
#2223=DIRECTION('',(-7.071067811865E-1,0.E0,7.071067811865E-1));
#2224=VECTOR('',#2223,6.E-1);
#2225=CARTESIAN_POINT('',(3.475429829532E0,-1.756E1,-5.575536969656E0));
#2226=LINE('',#2225,#2224);
#2227=CARTESIAN_POINT('',(3.334008473295E0,-1.260641016151E1,
-5.434115613419E0));
#2228=DIRECTION('',(7.071067811865E-1,0.E0,7.071067811865E-1));
#2229=DIRECTION('',(6.123724356958E-1,-5.E-1,-6.123724356958E-1));
#2230=AXIS2_PLACEMENT_3D('',#2227,#2228,#2229);
#2232=DIRECTION('',(0.E0,1.E0,0.E0));
#2233=VECTOR('',#2232,4.641016151377E-2);
#2234=CARTESIAN_POINT('',(3.899693898244E0,-1.260641016151E1,
-5.999801038368E0));
#2235=LINE('',#2234,#2233);
#2236=DIRECTION('',(-7.071067811865E-1,0.E0,7.071067811865E-1));
#2237=VECTOR('',#2236,6.E-1);
#2238=CARTESIAN_POINT('',(3.899693898244E0,-1.256E1,-5.999801038368E0));
#2239=LINE('',#2238,#2237);
#2240=DIRECTION('',(0.E0,-1.E0,0.E0));
#2241=VECTOR('',#2240,1.E-1);
#2242=CARTESIAN_POINT('',(3.475429829532E0,-1.256E1,-5.575536969656E0));
#2243=LINE('',#2242,#2241);
#2244=DIRECTION('',(-3.535533905933E-1,-8.660254037844E-1,3.535533905933E-1));
#2245=VECTOR('',#2244,9.856406460551E-1);
#2246=CARTESIAN_POINT('',(3.475429829532E0,-1.266E1,-5.575536969656E0));
#2247=LINE('',#2246,#2245);
#2248=CARTESIAN_POINT('',(3.616851185769E0,-1.391358983849E1,
-5.716958325893E0));
#2249=DIRECTION('',(7.071067811865E-1,0.E0,7.071067811865E-1));
#2250=DIRECTION('',(-6.123724356958E-1,5.E-1,6.123724356958E-1));
#2251=AXIS2_PLACEMENT_3D('',#2248,#2249,#2250);
#2253=DIRECTION('',(3.535533905933E-1,8.660254037844E-1,-3.535533905933E-1));
#2254=VECTOR('',#2253,9.856406460551E-1);
#2255=CARTESIAN_POINT('',(3.475429829532E0,-1.386E1,-5.575536969656E0));
#2256=LINE('',#2255,#2254);
#2257=DIRECTION('',(7.071067811865E-1,0.E0,-7.071067811865E-1));
#2258=VECTOR('',#2257,6.E-1);
#2259=CARTESIAN_POINT('',(3.747665940289E0,-2.046E1,-4.454772721475E0));
#2260=LINE('',#2259,#2258);
#2261=DIRECTION('',(7.071067811865E-1,0.E0,7.071067811865E-1));
#2262=VECTOR('',#2261,1.E0);
#2263=CARTESIAN_POINT('',(3.747665940289E0,-2.046E1,-4.454772721475E0));
#2264=LINE('',#2263,#2262);
#2265=DIRECTION('',(-7.071067811865E-1,0.E0,7.071067811865E-1));
#2266=VECTOR('',#2265,6.E-1);
#2267=CARTESIAN_POINT('',(4.879036790187E0,-2.046E1,-4.171930009001E0));
#2268=LINE('',#2267,#2266);
#2269=DIRECTION('',(-7.071067811865E-1,0.E0,7.071067811865E-1));
#2270=VECTOR('',#2269,6.E-1);
#2271=CARTESIAN_POINT('',(5.161879502662E0,-2.006E1,-3.889087296526E0));
#2272=LINE('',#2271,#2270);
#2273=DIRECTION('',(-7.071067811865E-1,0.E0,7.071067811865E-1));
#2274=VECTOR('',#2273,6.E-1);
#2275=CARTESIAN_POINT('',(5.161879502662E0,-1.756E1,-3.889087296526E0));
#2276=LINE('',#2275,#2274);
#2277=CARTESIAN_POINT('',(5.434115613419E0,-1.260641016151E1,
-3.334008473295E0));
#2278=DIRECTION('',(-7.071067811865E-1,0.E0,-7.071067811865E-1));
#2279=DIRECTION('',(7.071067811865E-1,0.E0,-7.071067811865E-1));
#2280=AXIS2_PLACEMENT_3D('',#2277,#2278,#2279);
#2282=DIRECTION('',(-3.535533905933E-1,-8.660254037844E-1,3.535533905933E-1));
#2283=VECTOR('',#2282,9.856406460551E-1);
#2284=CARTESIAN_POINT('',(5.924013561975E0,-1.300641016151E1,
-3.823906421851E0));
#2285=LINE('',#2284,#2283);
#2286=DIRECTION('',(-7.071067811865E-1,0.E0,7.071067811865E-1));
#2287=VECTOR('',#2286,6.E-1);
#2288=CARTESIAN_POINT('',(5.575536969656E0,-1.756E1,-3.475429829532E0));
#2289=LINE('',#2288,#2287);
#2290=CARTESIAN_POINT('',(5.716958325893E0,-1.391358983849E1,
-3.616851185769E0));
#2291=DIRECTION('',(-7.071067811865E-1,0.E0,-7.071067811865E-1));
#2292=DIRECTION('',(-7.071067811865E-1,0.E0,7.071067811865E-1));
#2293=AXIS2_PLACEMENT_3D('',#2290,#2291,#2292);
#2295=DIRECTION('',(3.535533905933E-1,8.660254037844E-1,-3.535533905933E-1));
#2296=VECTOR('',#2295,9.856406460551E-1);
#2297=CARTESIAN_POINT('',(5.227060377337E0,-1.351358983849E1,
-3.126953237213E0));
#2298=LINE('',#2297,#2296);
#2299=DIRECTION('',(0.E0,1.E0,0.E0));
#2300=VECTOR('',#2299,1.E-1);
#2301=CARTESIAN_POINT('',(5.575536969656E0,-1.266E1,-3.475429829532E0));
#2302=LINE('',#2301,#2300);
#2303=DIRECTION('',(7.071067811865E-1,0.E0,-7.071067811865E-1));
#2304=VECTOR('',#2303,6.E-1);
#2305=CARTESIAN_POINT('',(5.575536969656E0,-1.256E1,-3.475429829532E0));
#2306=LINE('',#2305,#2304);
#2307=DIRECTION('',(0.E0,-1.E0,0.E0));
#2308=VECTOR('',#2307,4.641016151377E-2);
#2309=CARTESIAN_POINT('',(5.999801038368E0,-1.256E1,-3.899693898244E0));
#2310=LINE('',#2309,#2308);
#2311=CARTESIAN_POINT('',(3.475429829532E0,-1.386E1,-5.575536969656E0));
#2312=CARTESIAN_POINT('',(3.475429829532E0,-1.756E1,-5.575536969656E0));
#2313=VERTEX_POINT('',#2311);
#2314=VERTEX_POINT('',#2312);
#2315=CARTESIAN_POINT('',(3.889087296526E0,-1.756E1,-5.161879502662E0));
#2316=VERTEX_POINT('',#2315);
#2317=CARTESIAN_POINT('',(5.161879502662E0,-1.756E1,-3.889087296526E0));
#2318=CARTESIAN_POINT('',(5.575536969656E0,-1.756E1,-3.475429829532E0));
#2319=VERTEX_POINT('',#2317);
#2320=VERTEX_POINT('',#2318);
#2321=CARTESIAN_POINT('',(5.575536969656E0,-1.386E1,-3.475429829532E0));
#2322=VERTEX_POINT('',#2321);
#2323=CARTESIAN_POINT('',(3.475429829532E0,-1.266E1,-5.575536969656E0));
#2324=CARTESIAN_POINT('',(3.475429829532E0,-1.256E1,-5.575536969656E0));
#2325=VERTEX_POINT('',#2323);
#2326=VERTEX_POINT('',#2324);
#2327=CARTESIAN_POINT('',(5.575536969656E0,-1.266E1,-3.475429829532E0));
#2328=CARTESIAN_POINT('',(5.575536969656E0,-1.256E1,-3.475429829532E0));
#2329=VERTEX_POINT('',#2327);
#2330=VERTEX_POINT('',#2328);
#2331=CARTESIAN_POINT('',(3.051165760820E0,-1.756E1,-5.151272900944E0));
#2332=CARTESIAN_POINT('',(3.464823227814E0,-1.756E1,-4.737615433950E0));
#2333=VERTEX_POINT('',#2331);
#2334=VERTEX_POINT('',#2332);
#2335=CARTESIAN_POINT('',(4.737615433950E0,-1.756E1,-3.464823227814E0));
#2336=CARTESIAN_POINT('',(5.151272900944E0,-1.756E1,-3.051165760820E0));
#2337=VERTEX_POINT('',#2335);
#2338=VERTEX_POINT('',#2336);
#2339=CARTESIAN_POINT('',(3.899693898244E0,-1.256E1,-5.999801038368E0));
#2340=VERTEX_POINT('',#2339);
#2341=CARTESIAN_POINT('',(5.999801038368E0,-1.256E1,-3.899693898244E0));
#2342=VERTEX_POINT('',#2341);
#2343=CARTESIAN_POINT('',(5.151272900944E0,-1.391358983849E1,
-3.051165760820E0));
#2344=CARTESIAN_POINT('',(3.051165760820E0,-1.391358983849E1,
-5.151272900944E0));
#2345=VERTEX_POINT('',#2343);
#2346=VERTEX_POINT('',#2344);
#2347=CARTESIAN_POINT('',(3.126953237213E0,-1.351358983849E1,
-5.227060377337E0));
#2348=VERTEX_POINT('',#2347);
#2349=CARTESIAN_POINT('',(5.227060377337E0,-1.351358983849E1,
-3.126953237213E0));
#2350=VERTEX_POINT('',#2349);
#2351=CARTESIAN_POINT('',(3.899693898244E0,-1.260641016151E1,
-5.999801038368E0));
#2352=CARTESIAN_POINT('',(3.823906421851E0,-1.300641016151E1,
-5.924013561975E0));
#2353=VERTEX_POINT('',#2351);
#2354=VERTEX_POINT('',#2352);
#2355=CARTESIAN_POINT('',(5.924013561975E0,-1.300641016151E1,
-3.823906421851E0));
#2356=CARTESIAN_POINT('',(5.999801038368E0,-1.260641016151E1,
-3.899693898244E0));
#2357=VERTEX_POINT('',#2355);
#2358=VERTEX_POINT('',#2356);
#2359=CARTESIAN_POINT('',(4.879036790187E0,-1.806E1,-4.171930009001E0));
#2360=CARTESIAN_POINT('',(4.879036790187E0,-2.006E1,-4.171930009001E0));
#2361=VERTEX_POINT('',#2359);
#2362=VERTEX_POINT('',#2360);
#2363=CARTESIAN_POINT('',(4.171930009001E0,-2.006E1,-4.879036790187E0));
#2364=VERTEX_POINT('',#2363);
#2365=CARTESIAN_POINT('',(4.171930009001E0,-1.806E1,-4.879036790187E0));
#2366=VERTEX_POINT('',#2365);
#2367=CARTESIAN_POINT('',(4.454772721475E0,-1.806E1,-3.747665940289E0));
#2368=CARTESIAN_POINT('',(4.454772721475E0,-2.006E1,-3.747665940289E0));
#2369=VERTEX_POINT('',#2367);
#2370=VERTEX_POINT('',#2368);
#2371=CARTESIAN_POINT('',(3.747665940289E0,-2.006E1,-4.454772721475E0));
#2372=VERTEX_POINT('',#2371);
#2373=CARTESIAN_POINT('',(3.747665940289E0,-1.806E1,-4.454772721475E0));
#2374=VERTEX_POINT('',#2373);
#2375=CARTESIAN_POINT('',(4.171930009001E0,-2.046E1,-4.879036790187E0));
#2376=CARTESIAN_POINT('',(3.889087296526E0,-2.006E1,-5.161879502662E0));
#2377=VERTEX_POINT('',#2375);
#2378=VERTEX_POINT('',#2376);
#2379=CARTESIAN_POINT('',(3.464823227814E0,-2.006E1,-4.737615433950E0));
#2380=VERTEX_POINT('',#2379);
#2381=CARTESIAN_POINT('',(3.747665940289E0,-2.046E1,-4.454772721475E0));
#2382=VERTEX_POINT('',#2381);
#2383=CARTESIAN_POINT('',(4.454772721475E0,-2.046E1,-3.747665940289E0));
#2384=CARTESIAN_POINT('',(4.737615433950E0,-2.006E1,-3.464823227814E0));
#2385=VERTEX_POINT('',#2383);
#2386=VERTEX_POINT('',#2384);
#2387=CARTESIAN_POINT('',(5.161879502662E0,-2.006E1,-3.889087296526E0));
#2388=VERTEX_POINT('',#2387);
#2389=CARTESIAN_POINT('',(4.879036790187E0,-2.046E1,-4.171930009001E0));
#2390=VERTEX_POINT('',#2389);
#2391=CARTESIAN_POINT('',(3.100663235503E0,-2.046E1,-5.950303563685E0));
#2392=DIRECTION('',(7.071067811865E-1,0.E0,-7.071067811865E-1));
#2393=DIRECTION('',(0.E0,1.E0,0.E0));
#2394=AXIS2_PLACEMENT_3D('',#2391,#2392,#2393);
#2395=PLANE('',#2394);
#2397=ORIENTED_EDGE('',*,*,#2396,.F.);
#2399=ORIENTED_EDGE('',*,*,#2398,.T.);
#2401=ORIENTED_EDGE('',*,*,#2400,.F.);
#2403=ORIENTED_EDGE('',*,*,#2402,.T.);
#2405=ORIENTED_EDGE('',*,*,#2404,.T.);
#2407=ORIENTED_EDGE('',*,*,#2406,.F.);
#2409=ORIENTED_EDGE('',*,*,#2408,.T.);
#2411=ORIENTED_EDGE('',*,*,#2410,.T.);
#2413=ORIENTED_EDGE('',*,*,#2412,.T.);
#2415=ORIENTED_EDGE('',*,*,#2414,.F.);
#2416=EDGE_LOOP('',(#2397,#2399,#2401,#2403,#2405,#2407,#2409,#2411,#2413,
#2415));
#2417=FACE_OUTER_BOUND('',#2416,.F.);
#2419=ORIENTED_EDGE('',*,*,#2418,.T.);
#2421=ORIENTED_EDGE('',*,*,#2420,.T.);
#2423=ORIENTED_EDGE('',*,*,#2422,.T.);
#2425=ORIENTED_EDGE('',*,*,#2424,.T.);
#2426=EDGE_LOOP('',(#2419,#2421,#2423,#2425));
#2427=FACE_BOUND('',#2426,.F.);
#2428=ADVANCED_FACE('',(#2417,#2427),#2395,.T.);
#2429=CARTESIAN_POINT('',(4.879036790187E0,-1.806E1,-4.171930009001E0));
#2430=DIRECTION('',(7.071067811865E-1,0.E0,7.071067811865E-1));
#2431=DIRECTION('',(0.E0,-1.E0,0.E0));
#2432=AXIS2_PLACEMENT_3D('',#2429,#2430,#2431);
#2433=PLANE('',#2432);
#2434=ORIENTED_EDGE('',*,*,#2418,.F.);
#2436=ORIENTED_EDGE('',*,*,#2435,.T.);
#2438=ORIENTED_EDGE('',*,*,#2437,.T.);
#2440=ORIENTED_EDGE('',*,*,#2439,.F.);
#2441=EDGE_LOOP('',(#2434,#2436,#2438,#2440));
#2442=FACE_OUTER_BOUND('',#2441,.F.);
#2443=ADVANCED_FACE('',(#2442),#2433,.F.);
#2444=CARTESIAN_POINT('',(4.171930009001E0,-1.806E1,-4.879036790187E0));
#2445=DIRECTION('',(0.E0,1.E0,0.E0));
#2446=DIRECTION('',(7.071067811865E-1,0.E0,7.071067811865E-1));
#2447=AXIS2_PLACEMENT_3D('',#2444,#2445,#2446);
#2448=PLANE('',#2447);
#2449=ORIENTED_EDGE('',*,*,#2424,.F.);
#2451=ORIENTED_EDGE('',*,*,#2450,.T.);
#2453=ORIENTED_EDGE('',*,*,#2452,.T.);
#2454=ORIENTED_EDGE('',*,*,#2435,.F.);
#2455=EDGE_LOOP('',(#2449,#2451,#2453,#2454));
#2456=FACE_OUTER_BOUND('',#2455,.F.);
#2457=ADVANCED_FACE('',(#2456),#2448,.F.);
#2458=CARTESIAN_POINT('',(4.171930009001E0,-2.006E1,-4.879036790187E0));
#2459=DIRECTION('',(-7.071067811865E-1,0.E0,-7.071067811865E-1));
#2460=DIRECTION('',(0.E0,1.E0,0.E0));
#2461=AXIS2_PLACEMENT_3D('',#2458,#2459,#2460);
#2462=PLANE('',#2461);
#2463=ORIENTED_EDGE('',*,*,#2422,.F.);
#2465=ORIENTED_EDGE('',*,*,#2464,.T.);
#2467=ORIENTED_EDGE('',*,*,#2466,.T.);
#2468=ORIENTED_EDGE('',*,*,#2450,.F.);
#2469=EDGE_LOOP('',(#2463,#2465,#2467,#2468));
#2470=FACE_OUTER_BOUND('',#2469,.F.);
#2471=ADVANCED_FACE('',(#2470),#2462,.F.);
#2472=CARTESIAN_POINT('',(4.879036790187E0,-2.006E1,-4.171930009001E0));
#2473=DIRECTION('',(0.E0,-1.E0,0.E0));
#2474=DIRECTION('',(-7.071067811865E-1,0.E0,-7.071067811865E-1));
#2475=AXIS2_PLACEMENT_3D('',#2472,#2473,#2474);
#2476=PLANE('',#2475);
#2477=ORIENTED_EDGE('',*,*,#2420,.F.);
#2478=ORIENTED_EDGE('',*,*,#2439,.T.);
#2480=ORIENTED_EDGE('',*,*,#2479,.T.);
#2481=ORIENTED_EDGE('',*,*,#2464,.F.);
#2482=EDGE_LOOP('',(#2477,#2478,#2480,#2481));
#2483=FACE_OUTER_BOUND('',#2482,.F.);
#2484=ADVANCED_FACE('',(#2483),#2476,.F.);
#2485=CARTESIAN_POINT('',(2.676399166791E0,-1.369923048454E1,
-5.526039494973E0));
#2486=DIRECTION('',(-7.071067811865E-1,0.E0,7.071067811865E-1));
#2487=DIRECTION('',(0.E0,-1.E0,0.E0));
#2488=AXIS2_PLACEMENT_3D('',#2485,#2486,#2487);
#2489=PLANE('',#2488);
#2491=ORIENTED_EDGE('',*,*,#2490,.F.);
#2493=ORIENTED_EDGE('',*,*,#2492,.T.);
#2495=ORIENTED_EDGE('',*,*,#2494,.F.);
#2497=ORIENTED_EDGE('',*,*,#2496,.F.);
#2499=ORIENTED_EDGE('',*,*,#2498,.T.);
#2501=ORIENTED_EDGE('',*,*,#2500,.T.);
#2503=ORIENTED_EDGE('',*,*,#2502,.F.);
#2505=ORIENTED_EDGE('',*,*,#2504,.F.);
#2507=ORIENTED_EDGE('',*,*,#2506,.F.);
#2509=ORIENTED_EDGE('',*,*,#2508,.F.);
#2510=EDGE_LOOP('',(#2491,#2493,#2495,#2497,#2499,#2501,#2503,#2505,#2507,
#2509));
#2511=FACE_OUTER_BOUND('',#2510,.F.);
#2512=ORIENTED_EDGE('',*,*,#2437,.F.);
#2513=ORIENTED_EDGE('',*,*,#2452,.F.);
#2514=ORIENTED_EDGE('',*,*,#2466,.F.);
#2515=ORIENTED_EDGE('',*,*,#2479,.F.);
#2516=EDGE_LOOP('',(#2512,#2513,#2514,#2515));
#2517=FACE_BOUND('',#2516,.F.);
#2518=ADVANCED_FACE('',(#2511,#2517),#2489,.T.);
#2519=CARTESIAN_POINT('',(3.818376618407E0,-2.026E1,-4.808326112069E0));
#2520=DIRECTION('',(-5.E-1,-7.071067811865E-1,-5.E-1));
#2521=DIRECTION('',(-5.E-1,7.071067811865E-1,-5.E-1));
#2522=AXIS2_PLACEMENT_3D('',#2519,#2520,#2521);
#2523=PLANE('',#2522);
#2524=ORIENTED_EDGE('',*,*,#2396,.T.);
#2526=ORIENTED_EDGE('',*,*,#2525,.F.);
#2527=ORIENTED_EDGE('',*,*,#2490,.T.);
#2529=ORIENTED_EDGE('',*,*,#2528,.T.);
#2530=EDGE_LOOP('',(#2524,#2526,#2527,#2529));
#2531=FACE_OUTER_BOUND('',#2530,.F.);
#2532=ADVANCED_FACE('',(#2531),#2523,.T.);
#2533=CARTESIAN_POINT('',(4.313351365238E0,-1.756E1,-5.586143571374E0));
#2534=DIRECTION('',(7.071067811865E-1,0.E0,7.071067811865E-1));
#2535=DIRECTION('',(0.E0,-1.E0,0.E0));
#2536=AXIS2_PLACEMENT_3D('',#2533,#2534,#2535);
#2537=PLANE('',#2536);
#2538=ORIENTED_EDGE('',*,*,#2525,.T.);
#2539=ORIENTED_EDGE('',*,*,#2414,.T.);
#2541=ORIENTED_EDGE('',*,*,#2540,.T.);
#2542=ORIENTED_EDGE('',*,*,#2492,.F.);
#2543=EDGE_LOOP('',(#2538,#2539,#2541,#2542));
#2544=FACE_OUTER_BOUND('',#2543,.F.);
#2545=ADVANCED_FACE('',(#2544),#2537,.F.);
#2546=CARTESIAN_POINT('',(3.899693898244E0,-1.756E1,-5.999801038368E0));
#2547=DIRECTION('',(0.E0,1.E0,0.E0));
#2548=DIRECTION('',(7.071067811865E-1,0.E0,7.071067811865E-1));
#2549=AXIS2_PLACEMENT_3D('',#2546,#2547,#2548);
#2550=PLANE('',#2549);
#2551=ORIENTED_EDGE('',*,*,#2412,.F.);
#2553=ORIENTED_EDGE('',*,*,#2552,.T.);
#2554=ORIENTED_EDGE('',*,*,#2494,.T.);
#2555=ORIENTED_EDGE('',*,*,#2540,.F.);
#2556=EDGE_LOOP('',(#2551,#2553,#2554,#2555));
#2557=FACE_OUTER_BOUND('',#2556,.F.);
#2558=ADVANCED_FACE('',(#2557),#2550,.F.);
#2559=CARTESIAN_POINT('',(3.899693898244E0,-1.256E1,-5.999801038368E0));
#2560=DIRECTION('',(7.071067811865E-1,0.E0,7.071067811865E-1));
#2561=DIRECTION('',(0.E0,-1.E0,0.E0));
#2562=AXIS2_PLACEMENT_3D('',#2559,#2560,#2561);
#2563=PLANE('',#2562);
#2565=ORIENTED_EDGE('',*,*,#2564,.T.);
#2567=ORIENTED_EDGE('',*,*,#2566,.T.);
#2569=ORIENTED_EDGE('',*,*,#2568,.T.);
#2571=ORIENTED_EDGE('',*,*,#2570,.T.);
#2573=ORIENTED_EDGE('',*,*,#2572,.T.);
#2575=ORIENTED_EDGE('',*,*,#2574,.T.);
#2576=ORIENTED_EDGE('',*,*,#2496,.T.);
#2577=ORIENTED_EDGE('',*,*,#2552,.F.);
#2578=ORIENTED_EDGE('',*,*,#2410,.F.);
#2580=ORIENTED_EDGE('',*,*,#2579,.T.);
#2581=EDGE_LOOP('',(#2565,#2567,#2569,#2571,#2573,#2575,#2576,#2577,#2578,
#2580));
#2582=FACE_OUTER_BOUND('',#2581,.F.);
#2583=ADVANCED_FACE('',(#2582),#2563,.F.);
#2584=CARTESIAN_POINT('',(2.676399166791E0,-2.046E1,-5.526039494973E0));
#2585=DIRECTION('',(0.E0,-1.E0,0.E0));
#2586=DIRECTION('',(7.071067811865E-1,0.E0,-7.071067811865E-1));
#2587=AXIS2_PLACEMENT_3D('',#2584,#2585,#2586);
#2588=PLANE('',#2587);
#2589=ORIENTED_EDGE('',*,*,#2528,.F.);
#2590=ORIENTED_EDGE('',*,*,#2508,.T.);
#2592=ORIENTED_EDGE('',*,*,#2591,.F.);
#2593=ORIENTED_EDGE('',*,*,#2398,.F.);
#2594=EDGE_LOOP('',(#2589,#2590,#2592,#2593));
#2595=FACE_OUTER_BOUND('',#2594,.F.);
#2596=ADVANCED_FACE('',(#2595),#2588,.T.);
#2597=CARTESIAN_POINT('',(4.808326112069E0,-2.026E1,-3.818376618407E0));
#2598=DIRECTION('',(5.E-1,-7.071067811865E-1,5.E-1));
#2599=DIRECTION('',(5.E-1,7.071067811865E-1,5.E-1));
#2600=AXIS2_PLACEMENT_3D('',#2597,#2598,#2599);
#2601=PLANE('',#2600);
#2602=ORIENTED_EDGE('',*,*,#2506,.T.);
#2604=ORIENTED_EDGE('',*,*,#2603,.F.);
#2605=ORIENTED_EDGE('',*,*,#2400,.T.);
#2606=ORIENTED_EDGE('',*,*,#2591,.T.);
#2607=EDGE_LOOP('',(#2602,#2604,#2605,#2606));
#2608=FACE_OUTER_BOUND('',#2607,.F.);
#2609=ADVANCED_FACE('',(#2608),#2601,.T.);
#2610=CARTESIAN_POINT('',(5.586143571374E0,-2.31E1,-4.313351365238E0));
#2611=DIRECTION('',(-7.071067811865E-1,0.E0,-7.071067811865E-1));
#2612=DIRECTION('',(0.E0,1.E0,0.E0));
#2613=AXIS2_PLACEMENT_3D('',#2610,#2611,#2612);
#2614=PLANE('',#2613);
#2615=ORIENTED_EDGE('',*,*,#2603,.T.);
#2616=ORIENTED_EDGE('',*,*,#2504,.T.);
#2618=ORIENTED_EDGE('',*,*,#2617,.F.);
#2619=ORIENTED_EDGE('',*,*,#2402,.F.);
#2620=EDGE_LOOP('',(#2615,#2616,#2618,#2619));
#2621=FACE_OUTER_BOUND('',#2620,.F.);
#2622=ADVANCED_FACE('',(#2621),#2614,.F.);
#2623=CARTESIAN_POINT('',(5.586143571374E0,-1.756E1,-4.313351365238E0));
#2624=DIRECTION('',(0.E0,1.E0,0.E0));
#2625=DIRECTION('',(7.071067811865E-1,0.E0,7.071067811865E-1));
#2626=AXIS2_PLACEMENT_3D('',#2623,#2624,#2625);
#2627=PLANE('',#2626);
#2628=ORIENTED_EDGE('',*,*,#2404,.F.);
#2629=ORIENTED_EDGE('',*,*,#2617,.T.);
#2630=ORIENTED_EDGE('',*,*,#2502,.T.);
#2632=ORIENTED_EDGE('',*,*,#2631,.F.);
#2633=EDGE_LOOP('',(#2628,#2629,#2630,#2632));
#2634=FACE_OUTER_BOUND('',#2633,.F.);
#2635=ADVANCED_FACE('',(#2634),#2627,.F.);
#2636=CARTESIAN_POINT('',(5.999801038368E0,-1.756E1,-3.899693898244E0));
#2637=DIRECTION('',(-7.071067811865E-1,0.E0,-7.071067811865E-1));
#2638=DIRECTION('',(0.E0,1.E0,0.E0));
#2639=AXIS2_PLACEMENT_3D('',#2636,#2637,#2638);
#2640=PLANE('',#2639);
#2642=ORIENTED_EDGE('',*,*,#2641,.T.);
#2644=ORIENTED_EDGE('',*,*,#2643,.T.);
#2645=ORIENTED_EDGE('',*,*,#2406,.T.);
#2646=ORIENTED_EDGE('',*,*,#2631,.T.);
#2647=ORIENTED_EDGE('',*,*,#2500,.F.);
#2649=ORIENTED_EDGE('',*,*,#2648,.T.);
#2651=ORIENTED_EDGE('',*,*,#2650,.T.);
#2653=ORIENTED_EDGE('',*,*,#2652,.T.);
#2655=ORIENTED_EDGE('',*,*,#2654,.T.);
#2657=ORIENTED_EDGE('',*,*,#2656,.T.);
#2658=EDGE_LOOP('',(#2642,#2644,#2645,#2646,#2647,#2649,#2651,#2653,#2655,
#2657));
#2659=FACE_OUTER_BOUND('',#2658,.F.);
#2660=ADVANCED_FACE('',(#2659),#2640,.F.);
#2661=OPEN_SHELL('',(#2428,#2443,#2457,#2471,#2484,#2518,#2532,#2545,#2558,
#2583,#2596,#2609,#2622,#2635,#2660));
#2662=DIRECTION('',(0.E0,-1.E0,0.E0));
#2663=VECTOR('',#2662,2.E0);
#2664=CARTESIAN_POINT('',(-4.879036790187E0,-1.806E1,4.171930009001E0));
#2665=LINE('',#2664,#2663);
#2666=DIRECTION('',(7.071067811865E-1,0.E0,7.071067811865E-1));
#2667=VECTOR('',#2666,1.E0);
#2668=CARTESIAN_POINT('',(-4.879036790187E0,-2.006E1,4.171930009001E0));
#2669=LINE('',#2668,#2667);
#2670=DIRECTION('',(0.E0,1.E0,0.E0));
#2671=VECTOR('',#2670,2.E0);
#2672=CARTESIAN_POINT('',(-4.171930009001E0,-2.006E1,4.879036790187E0));
#2673=LINE('',#2672,#2671);
#2674=DIRECTION('',(-7.071067811865E-1,0.E0,-7.071067811865E-1));
#2675=VECTOR('',#2674,1.E0);
#2676=CARTESIAN_POINT('',(-4.171930009001E0,-1.806E1,4.879036790187E0));
#2677=LINE('',#2676,#2675);
#2678=DIRECTION('',(5.E-1,7.071067811865E-1,5.E-1));
#2679=VECTOR('',#2678,5.656854249492E-1);
#2680=CARTESIAN_POINT('',(-4.171930009001E0,-2.046E1,4.879036790187E0));
#2681=LINE('',#2680,#2679);
#2682=DIRECTION('',(-7.071067811865E-1,0.E0,-7.071067811865E-1));
#2683=VECTOR('',#2682,1.E0);
#2684=CARTESIAN_POINT('',(-4.171930009001E0,-2.046E1,4.879036790187E0));
#2685=LINE('',#2684,#2683);
#2686=DIRECTION('',(5.E-1,-7.071067811865E-1,5.E-1));
#2687=VECTOR('',#2686,5.656854249492E-1);
#2688=CARTESIAN_POINT('',(-5.161879502662E0,-2.006E1,3.889087296526E0));
#2689=LINE('',#2688,#2687);
#2690=DIRECTION('',(0.E0,1.E0,0.E0));
#2691=VECTOR('',#2690,2.5E0);
#2692=CARTESIAN_POINT('',(-5.161879502662E0,-2.006E1,3.889087296526E0));
#2693=LINE('',#2692,#2691);
#2694=DIRECTION('',(-7.071067811865E-1,0.E0,-7.071067811865E-1));
#2695=VECTOR('',#2694,5.85E-1);
#2696=CARTESIAN_POINT('',(-5.161879502662E0,-1.756E1,3.889087296526E0));
#2697=LINE('',#2696,#2695);
#2698=DIRECTION('',(0.E0,-1.E0,0.E0));
#2699=VECTOR('',#2698,3.7E0);
#2700=CARTESIAN_POINT('',(-5.575536969656E0,-1.386E1,3.475429829532E0));
#2701=LINE('',#2700,#2699);
#2702=DIRECTION('',(7.071067811865E-1,0.E0,7.071067811865E-1));
#2703=VECTOR('',#2702,2.97E0);
#2704=CARTESIAN_POINT('',(-5.575536969656E0,-1.386E1,3.475429829532E0));
#2705=LINE('',#2704,#2703);
#2706=DIRECTION('',(0.E0,-1.E0,0.E0));
#2707=VECTOR('',#2706,3.7E0);
#2708=CARTESIAN_POINT('',(-3.475429829532E0,-1.386E1,5.575536969656E0));
#2709=LINE('',#2708,#2707);
#2710=DIRECTION('',(-7.071067811865E-1,0.E0,-7.071067811865E-1));
#2711=VECTOR('',#2710,5.85E-1);
#2712=CARTESIAN_POINT('',(-3.475429829532E0,-1.756E1,5.575536969656E0));
#2713=LINE('',#2712,#2711);
#2714=DIRECTION('',(0.E0,1.E0,0.E0));
#2715=VECTOR('',#2714,2.5E0);
#2716=CARTESIAN_POINT('',(-3.889087296526E0,-2.006E1,5.161879502662E0));
#2717=LINE('',#2716,#2715);
#2718=DIRECTION('',(7.071067811865E-1,0.E0,-7.071067811865E-1));
#2719=VECTOR('',#2718,6.E-1);
#2720=CARTESIAN_POINT('',(-4.879036790187E0,-1.806E1,4.171930009001E0));
#2721=LINE('',#2720,#2719);
#2722=DIRECTION('',(7.071067811865E-1,0.E0,-7.071067811865E-1));
#2723=VECTOR('',#2722,6.E-1);
#2724=CARTESIAN_POINT('',(-4.171930009001E0,-1.806E1,4.879036790187E0));
#2725=LINE('',#2724,#2723);
#2726=DIRECTION('',(7.071067811865E-1,0.E0,-7.071067811865E-1));
#2727=VECTOR('',#2726,6.E-1);
#2728=CARTESIAN_POINT('',(-4.171930009001E0,-2.006E1,4.879036790187E0));
#2729=LINE('',#2728,#2727);
#2730=DIRECTION('',(7.071067811865E-1,0.E0,-7.071067811865E-1));
#2731=VECTOR('',#2730,6.E-1);
#2732=CARTESIAN_POINT('',(-4.879036790187E0,-2.006E1,4.171930009001E0));
#2733=LINE('',#2732,#2731);
#2734=DIRECTION('',(0.E0,-1.E0,0.E0));
#2735=VECTOR('',#2734,2.E0);
#2736=CARTESIAN_POINT('',(-4.454772721475E0,-1.806E1,3.747665940289E0));
#2737=LINE('',#2736,#2735);
#2738=DIRECTION('',(-7.071067811865E-1,0.E0,-7.071067811865E-1));
#2739=VECTOR('',#2738,1.E0);
#2740=CARTESIAN_POINT('',(-3.747665940289E0,-1.806E1,4.454772721475E0));
#2741=LINE('',#2740,#2739);
#2742=DIRECTION('',(0.E0,1.E0,0.E0));
#2743=VECTOR('',#2742,2.E0);
#2744=CARTESIAN_POINT('',(-3.747665940289E0,-2.006E1,4.454772721475E0));
#2745=LINE('',#2744,#2743);
#2746=DIRECTION('',(7.071067811865E-1,0.E0,7.071067811865E-1));
#2747=VECTOR('',#2746,1.E0);
#2748=CARTESIAN_POINT('',(-4.454772721475E0,-2.006E1,3.747665940289E0));
#2749=LINE('',#2748,#2747);
#2750=DIRECTION('',(-5.E-1,-7.071067811865E-1,-5.E-1));
#2751=VECTOR('',#2750,5.656854249492E-1);
#2752=CARTESIAN_POINT('',(-3.464823227814E0,-2.006E1,4.737615433950E0));
#2753=LINE('',#2752,#2751);
#2754=DIRECTION('',(0.E0,1.E0,0.E0));
#2755=VECTOR('',#2754,2.5E0);
#2756=CARTESIAN_POINT('',(-3.464823227814E0,-2.006E1,4.737615433950E0));
#2757=LINE('',#2756,#2755);
#2758=DIRECTION('',(-7.071067811865E-1,0.E0,-7.071067811865E-1));
#2759=VECTOR('',#2758,5.85E-1);
#2760=CARTESIAN_POINT('',(-3.051165760820E0,-1.756E1,5.151272900944E0));
#2761=LINE('',#2760,#2759);
#2762=DIRECTION('',(0.E0,-1.E0,0.E0));
#2763=VECTOR('',#2762,3.646410161514E0);
#2764=CARTESIAN_POINT('',(-3.051165760820E0,-1.391358983849E1,
5.151272900944E0));
#2765=LINE('',#2764,#2763);
#2766=DIRECTION('',(-7.071067811865E-1,0.E0,-7.071067811865E-1));
#2767=VECTOR('',#2766,2.97E0);
#2768=CARTESIAN_POINT('',(-3.051165760820E0,-1.391358983849E1,
5.151272900944E0));
#2769=LINE('',#2768,#2767);
#2770=DIRECTION('',(0.E0,-1.E0,0.E0));
#2771=VECTOR('',#2770,3.646410161514E0);
#2772=CARTESIAN_POINT('',(-5.151272900944E0,-1.391358983849E1,
3.051165760820E0));
#2773=LINE('',#2772,#2771);
#2774=DIRECTION('',(-7.071067811865E-1,0.E0,-7.071067811865E-1));
#2775=VECTOR('',#2774,5.85E-1);
#2776=CARTESIAN_POINT('',(-4.737615433950E0,-1.756E1,3.464823227814E0));
#2777=LINE('',#2776,#2775);
#2778=DIRECTION('',(0.E0,1.E0,0.E0));
#2779=VECTOR('',#2778,2.5E0);
#2780=CARTESIAN_POINT('',(-4.737615433950E0,-2.006E1,3.464823227814E0));
#2781=LINE('',#2780,#2779);
#2782=DIRECTION('',(-5.E-1,7.071067811865E-1,-5.E-1));
#2783=VECTOR('',#2782,5.656854249492E-1);
#2784=CARTESIAN_POINT('',(-4.454772721475E0,-2.046E1,3.747665940289E0));
#2785=LINE('',#2784,#2783);
#2786=DIRECTION('',(-7.071067811865E-1,0.E0,7.071067811865E-1));
#2787=VECTOR('',#2786,6.E-1);
#2788=CARTESIAN_POINT('',(-3.464823227814E0,-2.006E1,4.737615433950E0));
#2789=LINE('',#2788,#2787);
#2790=DIRECTION('',(7.071067811865E-1,0.E0,-7.071067811865E-1));
#2791=VECTOR('',#2790,6.E-1);
#2792=CARTESIAN_POINT('',(-3.889087296526E0,-1.756E1,5.161879502662E0));
#2793=LINE('',#2792,#2791);
#2794=DIRECTION('',(7.071067811865E-1,0.E0,-7.071067811865E-1));
#2795=VECTOR('',#2794,6.E-1);
#2796=CARTESIAN_POINT('',(-3.475429829532E0,-1.756E1,5.575536969656E0));
#2797=LINE('',#2796,#2795);
#2798=CARTESIAN_POINT('',(-3.334008473295E0,-1.260641016151E1,
5.434115613419E0));
#2799=DIRECTION('',(-7.071067811865E-1,0.E0,-7.071067811865E-1));
#2800=DIRECTION('',(-6.123724356958E-1,-5.E-1,6.123724356958E-1));
#2801=AXIS2_PLACEMENT_3D('',#2798,#2799,#2800);
#2803=DIRECTION('',(0.E0,1.E0,0.E0));
#2804=VECTOR('',#2803,4.641016151377E-2);
#2805=CARTESIAN_POINT('',(-3.899693898244E0,-1.260641016151E1,
5.999801038368E0));
#2806=LINE('',#2805,#2804);
#2807=DIRECTION('',(7.071067811865E-1,0.E0,-7.071067811865E-1));
#2808=VECTOR('',#2807,6.E-1);
#2809=CARTESIAN_POINT('',(-3.899693898244E0,-1.256E1,5.999801038368E0));
#2810=LINE('',#2809,#2808);
#2811=DIRECTION('',(0.E0,-1.E0,0.E0));
#2812=VECTOR('',#2811,1.E-1);
#2813=CARTESIAN_POINT('',(-3.475429829532E0,-1.256E1,5.575536969656E0));
#2814=LINE('',#2813,#2812);
#2815=DIRECTION('',(3.535533905933E-1,-8.660254037844E-1,-3.535533905933E-1));
#2816=VECTOR('',#2815,9.856406460551E-1);
#2817=CARTESIAN_POINT('',(-3.475429829532E0,-1.266E1,5.575536969656E0));
#2818=LINE('',#2817,#2816);
#2819=CARTESIAN_POINT('',(-3.616851185769E0,-1.391358983849E1,
5.716958325893E0));
#2820=DIRECTION('',(-7.071067811865E-1,0.E0,-7.071067811865E-1));
#2821=DIRECTION('',(6.123724356958E-1,5.E-1,-6.123724356958E-1));
#2822=AXIS2_PLACEMENT_3D('',#2819,#2820,#2821);
#2824=DIRECTION('',(-3.535533905933E-1,8.660254037844E-1,3.535533905933E-1));
#2825=VECTOR('',#2824,9.856406460551E-1);
#2826=CARTESIAN_POINT('',(-3.475429829532E0,-1.386E1,5.575536969656E0));
#2827=LINE('',#2826,#2825);
#2828=DIRECTION('',(-7.071067811865E-1,0.E0,7.071067811865E-1));
#2829=VECTOR('',#2828,6.E-1);
#2830=CARTESIAN_POINT('',(-3.747665940289E0,-2.046E1,4.454772721475E0));
#2831=LINE('',#2830,#2829);
#2832=DIRECTION('',(-7.071067811865E-1,0.E0,-7.071067811865E-1));
#2833=VECTOR('',#2832,1.E0);
#2834=CARTESIAN_POINT('',(-3.747665940289E0,-2.046E1,4.454772721475E0));
#2835=LINE('',#2834,#2833);
#2836=DIRECTION('',(7.071067811865E-1,0.E0,-7.071067811865E-1));
#2837=VECTOR('',#2836,6.E-1);
#2838=CARTESIAN_POINT('',(-4.879036790187E0,-2.046E1,4.171930009001E0));
#2839=LINE('',#2838,#2837);
#2840=DIRECTION('',(7.071067811865E-1,0.E0,-7.071067811865E-1));
#2841=VECTOR('',#2840,6.E-1);
#2842=CARTESIAN_POINT('',(-5.161879502662E0,-2.006E1,3.889087296526E0));
#2843=LINE('',#2842,#2841);
#2844=DIRECTION('',(7.071067811865E-1,0.E0,-7.071067811865E-1));
#2845=VECTOR('',#2844,6.E-1);
#2846=CARTESIAN_POINT('',(-5.161879502662E0,-1.756E1,3.889087296526E0));
#2847=LINE('',#2846,#2845);
#2848=CARTESIAN_POINT('',(-5.434115613419E0,-1.260641016151E1,
3.334008473295E0));
#2849=DIRECTION('',(7.071067811865E-1,0.E0,7.071067811865E-1));
#2850=DIRECTION('',(-7.071067811865E-1,0.E0,7.071067811865E-1));
#2851=AXIS2_PLACEMENT_3D('',#2848,#2849,#2850);
#2853=DIRECTION('',(3.535533905933E-1,-8.660254037844E-1,-3.535533905933E-1));
#2854=VECTOR('',#2853,9.856406460551E-1);
#2855=CARTESIAN_POINT('',(-5.924013561975E0,-1.300641016151E1,
3.823906421851E0));
#2856=LINE('',#2855,#2854);
#2857=DIRECTION('',(7.071067811865E-1,0.E0,-7.071067811865E-1));
#2858=VECTOR('',#2857,6.E-1);
#2859=CARTESIAN_POINT('',(-5.575536969656E0,-1.756E1,3.475429829532E0));
#2860=LINE('',#2859,#2858);
#2861=CARTESIAN_POINT('',(-5.716958325893E0,-1.391358983849E1,
3.616851185769E0));
#2862=DIRECTION('',(7.071067811865E-1,0.E0,7.071067811865E-1));
#2863=DIRECTION('',(7.071067811865E-1,0.E0,-7.071067811865E-1));
#2864=AXIS2_PLACEMENT_3D('',#2861,#2862,#2863);
#2866=DIRECTION('',(-3.535533905933E-1,8.660254037844E-1,3.535533905933E-1));
#2867=VECTOR('',#2866,9.856406460551E-1);
#2868=CARTESIAN_POINT('',(-5.227060377337E0,-1.351358983849E1,
3.126953237213E0));
#2869=LINE('',#2868,#2867);
#2870=DIRECTION('',(0.E0,1.E0,0.E0));
#2871=VECTOR('',#2870,1.E-1);
#2872=CARTESIAN_POINT('',(-5.575536969656E0,-1.266E1,3.475429829532E0));
#2873=LINE('',#2872,#2871);
#2874=DIRECTION('',(-7.071067811865E-1,0.E0,7.071067811865E-1));
#2875=VECTOR('',#2874,6.E-1);
#2876=CARTESIAN_POINT('',(-5.575536969656E0,-1.256E1,3.475429829532E0));
#2877=LINE('',#2876,#2875);
#2878=DIRECTION('',(0.E0,-1.E0,0.E0));
#2879=VECTOR('',#2878,4.641016151377E-2);
#2880=CARTESIAN_POINT('',(-5.999801038368E0,-1.256E1,3.899693898244E0));
#2881=LINE('',#2880,#2879);
#2882=CARTESIAN_POINT('',(-3.475429829532E0,-1.386E1,5.575536969656E0));
#2883=CARTESIAN_POINT('',(-3.475429829532E0,-1.756E1,5.575536969656E0));
#2884=VERTEX_POINT('',#2882);
#2885=VERTEX_POINT('',#2883);
#2886=CARTESIAN_POINT('',(-3.889087296526E0,-1.756E1,5.161879502662E0));
#2887=VERTEX_POINT('',#2886);
#2888=CARTESIAN_POINT('',(-5.161879502662E0,-1.756E1,3.889087296526E0));
#2889=CARTESIAN_POINT('',(-5.575536969656E0,-1.756E1,3.475429829532E0));
#2890=VERTEX_POINT('',#2888);
#2891=VERTEX_POINT('',#2889);
#2892=CARTESIAN_POINT('',(-5.575536969656E0,-1.386E1,3.475429829532E0));
#2893=VERTEX_POINT('',#2892);
#2894=CARTESIAN_POINT('',(-3.475429829532E0,-1.266E1,5.575536969656E0));
#2895=CARTESIAN_POINT('',(-3.475429829532E0,-1.256E1,5.575536969656E0));
#2896=VERTEX_POINT('',#2894);
#2897=VERTEX_POINT('',#2895);
#2898=CARTESIAN_POINT('',(-5.575536969656E0,-1.266E1,3.475429829532E0));
#2899=CARTESIAN_POINT('',(-5.575536969656E0,-1.256E1,3.475429829532E0));
#2900=VERTEX_POINT('',#2898);
#2901=VERTEX_POINT('',#2899);
#2902=CARTESIAN_POINT('',(-3.051165760820E0,-1.756E1,5.151272900944E0));
#2903=CARTESIAN_POINT('',(-3.464823227814E0,-1.756E1,4.737615433950E0));
#2904=VERTEX_POINT('',#2902);
#2905=VERTEX_POINT('',#2903);
#2906=CARTESIAN_POINT('',(-4.737615433950E0,-1.756E1,3.464823227814E0));
#2907=CARTESIAN_POINT('',(-5.151272900944E0,-1.756E1,3.051165760820E0));
#2908=VERTEX_POINT('',#2906);
#2909=VERTEX_POINT('',#2907);
#2910=CARTESIAN_POINT('',(-3.899693898244E0,-1.256E1,5.999801038368E0));
#2911=VERTEX_POINT('',#2910);
#2912=CARTESIAN_POINT('',(-5.999801038368E0,-1.256E1,3.899693898244E0));
#2913=VERTEX_POINT('',#2912);
#2914=CARTESIAN_POINT('',(-5.151272900944E0,-1.391358983849E1,
3.051165760820E0));
#2915=CARTESIAN_POINT('',(-3.051165760820E0,-1.391358983849E1,
5.151272900944E0));
#2916=VERTEX_POINT('',#2914);
#2917=VERTEX_POINT('',#2915);
#2918=CARTESIAN_POINT('',(-3.126953237213E0,-1.351358983849E1,
5.227060377337E0));
#2919=VERTEX_POINT('',#2918);
#2920=CARTESIAN_POINT('',(-5.227060377337E0,-1.351358983849E1,
3.126953237213E0));
#2921=VERTEX_POINT('',#2920);
#2922=CARTESIAN_POINT('',(-3.899693898244E0,-1.260641016151E1,
5.999801038368E0));
#2923=CARTESIAN_POINT('',(-3.823906421851E0,-1.300641016151E1,
5.924013561975E0));
#2924=VERTEX_POINT('',#2922);
#2925=VERTEX_POINT('',#2923);
#2926=CARTESIAN_POINT('',(-5.924013561975E0,-1.300641016151E1,
3.823906421851E0));
#2927=CARTESIAN_POINT('',(-5.999801038368E0,-1.260641016151E1,
3.899693898244E0));
#2928=VERTEX_POINT('',#2926);
#2929=VERTEX_POINT('',#2927);
#2930=CARTESIAN_POINT('',(-4.879036790187E0,-1.806E1,4.171930009001E0));
#2931=CARTESIAN_POINT('',(-4.879036790187E0,-2.006E1,4.171930009001E0));
#2932=VERTEX_POINT('',#2930);
#2933=VERTEX_POINT('',#2931);
#2934=CARTESIAN_POINT('',(-4.171930009001E0,-2.006E1,4.879036790187E0));
#2935=VERTEX_POINT('',#2934);
#2936=CARTESIAN_POINT('',(-4.171930009001E0,-1.806E1,4.879036790187E0));
#2937=VERTEX_POINT('',#2936);
#2938=CARTESIAN_POINT('',(-4.454772721475E0,-1.806E1,3.747665940289E0));
#2939=CARTESIAN_POINT('',(-4.454772721475E0,-2.006E1,3.747665940289E0));
#2940=VERTEX_POINT('',#2938);
#2941=VERTEX_POINT('',#2939);
#2942=CARTESIAN_POINT('',(-3.747665940289E0,-2.006E1,4.454772721475E0));
#2943=VERTEX_POINT('',#2942);
#2944=CARTESIAN_POINT('',(-3.747665940289E0,-1.806E1,4.454772721475E0));
#2945=VERTEX_POINT('',#2944);
#2946=CARTESIAN_POINT('',(-4.171930009001E0,-2.046E1,4.879036790187E0));
#2947=CARTESIAN_POINT('',(-3.889087296526E0,-2.006E1,5.161879502662E0));
#2948=VERTEX_POINT('',#2946);
#2949=VERTEX_POINT('',#2947);
#2950=CARTESIAN_POINT('',(-3.464823227814E0,-2.006E1,4.737615433950E0));
#2951=VERTEX_POINT('',#2950);
#2952=CARTESIAN_POINT('',(-3.747665940289E0,-2.046E1,4.454772721475E0));
#2953=VERTEX_POINT('',#2952);
#2954=CARTESIAN_POINT('',(-4.454772721475E0,-2.046E1,3.747665940289E0));
#2955=CARTESIAN_POINT('',(-4.737615433950E0,-2.006E1,3.464823227814E0));
#2956=VERTEX_POINT('',#2954);
#2957=VERTEX_POINT('',#2955);
#2958=CARTESIAN_POINT('',(-5.161879502662E0,-2.006E1,3.889087296526E0));
#2959=VERTEX_POINT('',#2958);
#2960=CARTESIAN_POINT('',(-4.879036790187E0,-2.046E1,4.171930009001E0));
#2961=VERTEX_POINT('',#2960);
#2962=CARTESIAN_POINT('',(-3.100663235503E0,-2.046E1,5.950303563685E0));
#2963=DIRECTION('',(-7.071067811865E-1,0.E0,7.071067811865E-1));
#2964=DIRECTION('',(0.E0,1.E0,0.E0));
#2965=AXIS2_PLACEMENT_3D('',#2962,#2963,#2964);
#2966=PLANE('',#2965);
#2968=ORIENTED_EDGE('',*,*,#2967,.F.);
#2970=ORIENTED_EDGE('',*,*,#2969,.T.);
#2972=ORIENTED_EDGE('',*,*,#2971,.F.);
#2974=ORIENTED_EDGE('',*,*,#2973,.T.);
#2976=ORIENTED_EDGE('',*,*,#2975,.T.);
#2978=ORIENTED_EDGE('',*,*,#2977,.F.);
#2980=ORIENTED_EDGE('',*,*,#2979,.T.);
#2982=ORIENTED_EDGE('',*,*,#2981,.T.);
#2984=ORIENTED_EDGE('',*,*,#2983,.T.);
#2986=ORIENTED_EDGE('',*,*,#2985,.F.);
#2987=EDGE_LOOP('',(#2968,#2970,#2972,#2974,#2976,#2978,#2980,#2982,#2984,
#2986));
#2988=FACE_OUTER_BOUND('',#2987,.F.);
#2990=ORIENTED_EDGE('',*,*,#2989,.T.);
#2992=ORIENTED_EDGE('',*,*,#2991,.T.);
#2994=ORIENTED_EDGE('',*,*,#2993,.T.);
#2996=ORIENTED_EDGE('',*,*,#2995,.T.);
#2997=EDGE_LOOP('',(#2990,#2992,#2994,#2996));
#2998=FACE_BOUND('',#2997,.F.);
#2999=ADVANCED_FACE('',(#2988,#2998),#2966,.T.);
#3000=CARTESIAN_POINT('',(-4.879036790187E0,-1.806E1,4.171930009001E0));
#3001=DIRECTION('',(-7.071067811865E-1,0.E0,-7.071067811865E-1));
#3002=DIRECTION('',(0.E0,-1.E0,0.E0));
#3003=AXIS2_PLACEMENT_3D('',#3000,#3001,#3002);
#3004=PLANE('',#3003);
#3005=ORIENTED_EDGE('',*,*,#2989,.F.);
#3007=ORIENTED_EDGE('',*,*,#3006,.T.);
#3009=ORIENTED_EDGE('',*,*,#3008,.T.);
#3011=ORIENTED_EDGE('',*,*,#3010,.F.);
#3012=EDGE_LOOP('',(#3005,#3007,#3009,#3011));
#3013=FACE_OUTER_BOUND('',#3012,.F.);
#3014=ADVANCED_FACE('',(#3013),#3004,.F.);
#3015=CARTESIAN_POINT('',(-4.171930009001E0,-1.806E1,4.879036790187E0));
#3016=DIRECTION('',(0.E0,1.E0,0.E0));
#3017=DIRECTION('',(-7.071067811865E-1,0.E0,-7.071067811865E-1));
#3018=AXIS2_PLACEMENT_3D('',#3015,#3016,#3017);
#3019=PLANE('',#3018);
#3020=ORIENTED_EDGE('',*,*,#2995,.F.);
#3022=ORIENTED_EDGE('',*,*,#3021,.T.);
#3024=ORIENTED_EDGE('',*,*,#3023,.T.);
#3025=ORIENTED_EDGE('',*,*,#3006,.F.);
#3026=EDGE_LOOP('',(#3020,#3022,#3024,#3025));
#3027=FACE_OUTER_BOUND('',#3026,.F.);
#3028=ADVANCED_FACE('',(#3027),#3019,.F.);
#3029=CARTESIAN_POINT('',(-4.171930009001E0,-2.006E1,4.879036790187E0));
#3030=DIRECTION('',(7.071067811865E-1,0.E0,7.071067811865E-1));
#3031=DIRECTION('',(0.E0,1.E0,0.E0));
#3032=AXIS2_PLACEMENT_3D('',#3029,#3030,#3031);
#3033=PLANE('',#3032);
#3034=ORIENTED_EDGE('',*,*,#2993,.F.);
#3036=ORIENTED_EDGE('',*,*,#3035,.T.);
#3038=ORIENTED_EDGE('',*,*,#3037,.T.);
#3039=ORIENTED_EDGE('',*,*,#3021,.F.);
#3040=EDGE_LOOP('',(#3034,#3036,#3038,#3039));
#3041=FACE_OUTER_BOUND('',#3040,.F.);
#3042=ADVANCED_FACE('',(#3041),#3033,.F.);
#3043=CARTESIAN_POINT('',(-4.879036790187E0,-2.006E1,4.171930009001E0));
#3044=DIRECTION('',(0.E0,-1.E0,0.E0));
#3045=DIRECTION('',(7.071067811865E-1,0.E0,7.071067811865E-1));
#3046=AXIS2_PLACEMENT_3D('',#3043,#3044,#3045);
#3047=PLANE('',#3046);
#3048=ORIENTED_EDGE('',*,*,#2991,.F.);
#3049=ORIENTED_EDGE('',*,*,#3010,.T.);
#3051=ORIENTED_EDGE('',*,*,#3050,.T.);
#3052=ORIENTED_EDGE('',*,*,#3035,.F.);
#3053=EDGE_LOOP('',(#3048,#3049,#3051,#3052));
#3054=FACE_OUTER_BOUND('',#3053,.F.);
#3055=ADVANCED_FACE('',(#3054),#3047,.F.);
#3056=CARTESIAN_POINT('',(-2.676399166791E0,-1.369923048454E1,
5.526039494973E0));
#3057=DIRECTION('',(7.071067811865E-1,0.E0,-7.071067811865E-1));
#3058=DIRECTION('',(0.E0,-1.E0,0.E0));
#3059=AXIS2_PLACEMENT_3D('',#3056,#3057,#3058);
#3060=PLANE('',#3059);
#3062=ORIENTED_EDGE('',*,*,#3061,.F.);
#3064=ORIENTED_EDGE('',*,*,#3063,.T.);
#3066=ORIENTED_EDGE('',*,*,#3065,.F.);
#3068=ORIENTED_EDGE('',*,*,#3067,.F.);
#3070=ORIENTED_EDGE('',*,*,#3069,.T.);
#3072=ORIENTED_EDGE('',*,*,#3071,.T.);
#3074=ORIENTED_EDGE('',*,*,#3073,.F.);
#3076=ORIENTED_EDGE('',*,*,#3075,.F.);
#3078=ORIENTED_EDGE('',*,*,#3077,.F.);
#3080=ORIENTED_EDGE('',*,*,#3079,.F.);
#3081=EDGE_LOOP('',(#3062,#3064,#3066,#3068,#3070,#3072,#3074,#3076,#3078,
#3080));
#3082=FACE_OUTER_BOUND('',#3081,.F.);
#3083=ORIENTED_EDGE('',*,*,#3008,.F.);
#3084=ORIENTED_EDGE('',*,*,#3023,.F.);
#3085=ORIENTED_EDGE('',*,*,#3037,.F.);
#3086=ORIENTED_EDGE('',*,*,#3050,.F.);
#3087=EDGE_LOOP('',(#3083,#3084,#3085,#3086));
#3088=FACE_BOUND('',#3087,.F.);
#3089=ADVANCED_FACE('',(#3082,#3088),#3060,.T.);
#3090=CARTESIAN_POINT('',(-3.818376618407E0,-2.026E1,4.808326112069E0));
#3091=DIRECTION('',(5.E-1,-7.071067811865E-1,5.E-1));
#3092=DIRECTION('',(5.E-1,7.071067811865E-1,5.E-1));
#3093=AXIS2_PLACEMENT_3D('',#3090,#3091,#3092);
#3094=PLANE('',#3093);
#3095=ORIENTED_EDGE('',*,*,#2967,.T.);
#3097=ORIENTED_EDGE('',*,*,#3096,.F.);
#3098=ORIENTED_EDGE('',*,*,#3061,.T.);
#3100=ORIENTED_EDGE('',*,*,#3099,.T.);
#3101=EDGE_LOOP('',(#3095,#3097,#3098,#3100));
#3102=FACE_OUTER_BOUND('',#3101,.F.);
#3103=ADVANCED_FACE('',(#3102),#3094,.T.);
#3104=CARTESIAN_POINT('',(-4.313351365238E0,-1.756E1,5.586143571374E0));
#3105=DIRECTION('',(-7.071067811865E-1,0.E0,-7.071067811865E-1));
#3106=DIRECTION('',(0.E0,-1.E0,0.E0));
#3107=AXIS2_PLACEMENT_3D('',#3104,#3105,#3106);
#3108=PLANE('',#3107);
#3109=ORIENTED_EDGE('',*,*,#3096,.T.);
#3110=ORIENTED_EDGE('',*,*,#2985,.T.);
#3112=ORIENTED_EDGE('',*,*,#3111,.T.);
#3113=ORIENTED_EDGE('',*,*,#3063,.F.);
#3114=EDGE_LOOP('',(#3109,#3110,#3112,#3113));
#3115=FACE_OUTER_BOUND('',#3114,.F.);
#3116=ADVANCED_FACE('',(#3115),#3108,.F.);
#3117=CARTESIAN_POINT('',(-3.899693898244E0,-1.756E1,5.999801038368E0));
#3118=DIRECTION('',(0.E0,1.E0,0.E0));
#3119=DIRECTION('',(-7.071067811865E-1,0.E0,-7.071067811865E-1));
#3120=AXIS2_PLACEMENT_3D('',#3117,#3118,#3119);
#3121=PLANE('',#3120);
#3122=ORIENTED_EDGE('',*,*,#2983,.F.);
#3124=ORIENTED_EDGE('',*,*,#3123,.T.);
#3125=ORIENTED_EDGE('',*,*,#3065,.T.);
#3126=ORIENTED_EDGE('',*,*,#3111,.F.);
#3127=EDGE_LOOP('',(#3122,#3124,#3125,#3126));
#3128=FACE_OUTER_BOUND('',#3127,.F.);
#3129=ADVANCED_FACE('',(#3128),#3121,.F.);
#3130=CARTESIAN_POINT('',(-3.899693898244E0,-1.256E1,5.999801038368E0));
#3131=DIRECTION('',(-7.071067811865E-1,0.E0,-7.071067811865E-1));
#3132=DIRECTION('',(0.E0,-1.E0,0.E0));
#3133=AXIS2_PLACEMENT_3D('',#3130,#3131,#3132);
#3134=PLANE('',#3133);
#3136=ORIENTED_EDGE('',*,*,#3135,.T.);
#3138=ORIENTED_EDGE('',*,*,#3137,.T.);
#3140=ORIENTED_EDGE('',*,*,#3139,.T.);
#3142=ORIENTED_EDGE('',*,*,#3141,.T.);
#3144=ORIENTED_EDGE('',*,*,#3143,.T.);
#3146=ORIENTED_EDGE('',*,*,#3145,.T.);
#3147=ORIENTED_EDGE('',*,*,#3067,.T.);
#3148=ORIENTED_EDGE('',*,*,#3123,.F.);
#3149=ORIENTED_EDGE('',*,*,#2981,.F.);
#3151=ORIENTED_EDGE('',*,*,#3150,.T.);
#3152=EDGE_LOOP('',(#3136,#3138,#3140,#3142,#3144,#3146,#3147,#3148,#3149,
#3151));
#3153=FACE_OUTER_BOUND('',#3152,.F.);
#3154=ADVANCED_FACE('',(#3153),#3134,.F.);
#3155=CARTESIAN_POINT('',(-2.676399166791E0,-2.046E1,5.526039494973E0));
#3156=DIRECTION('',(0.E0,-1.E0,0.E0));
#3157=DIRECTION('',(-7.071067811865E-1,0.E0,7.071067811865E-1));
#3158=AXIS2_PLACEMENT_3D('',#3155,#3156,#3157);
#3159=PLANE('',#3158);
#3160=ORIENTED_EDGE('',*,*,#3099,.F.);
#3161=ORIENTED_EDGE('',*,*,#3079,.T.);
#3163=ORIENTED_EDGE('',*,*,#3162,.F.);
#3164=ORIENTED_EDGE('',*,*,#2969,.F.);
#3165=EDGE_LOOP('',(#3160,#3161,#3163,#3164));
#3166=FACE_OUTER_BOUND('',#3165,.F.);
#3167=ADVANCED_FACE('',(#3166),#3159,.T.);
#3168=CARTESIAN_POINT('',(-4.808326112069E0,-2.026E1,3.818376618407E0));
#3169=DIRECTION('',(-5.E-1,-7.071067811865E-1,-5.E-1));
#3170=DIRECTION('',(-5.E-1,7.071067811865E-1,-5.E-1));
#3171=AXIS2_PLACEMENT_3D('',#3168,#3169,#3170);
#3172=PLANE('',#3171);
#3173=ORIENTED_EDGE('',*,*,#3077,.T.);
#3175=ORIENTED_EDGE('',*,*,#3174,.F.);
#3176=ORIENTED_EDGE('',*,*,#2971,.T.);
#3177=ORIENTED_EDGE('',*,*,#3162,.T.);
#3178=EDGE_LOOP('',(#3173,#3175,#3176,#3177));
#3179=FACE_OUTER_BOUND('',#3178,.F.);
#3180=ADVANCED_FACE('',(#3179),#3172,.T.);
#3181=CARTESIAN_POINT('',(-5.586143571374E0,-2.31E1,4.313351365238E0));
#3182=DIRECTION('',(7.071067811865E-1,0.E0,7.071067811865E-1));
#3183=DIRECTION('',(0.E0,1.E0,0.E0));
#3184=AXIS2_PLACEMENT_3D('',#3181,#3182,#3183);
#3185=PLANE('',#3184);
#3186=ORIENTED_EDGE('',*,*,#3174,.T.);
#3187=ORIENTED_EDGE('',*,*,#3075,.T.);
#3189=ORIENTED_EDGE('',*,*,#3188,.F.);
#3190=ORIENTED_EDGE('',*,*,#2973,.F.);
#3191=EDGE_LOOP('',(#3186,#3187,#3189,#3190));
#3192=FACE_OUTER_BOUND('',#3191,.F.);
#3193=ADVANCED_FACE('',(#3192),#3185,.F.);
#3194=CARTESIAN_POINT('',(-5.586143571374E0,-1.756E1,4.313351365238E0));
#3195=DIRECTION('',(0.E0,1.E0,0.E0));
#3196=DIRECTION('',(-7.071067811865E-1,0.E0,-7.071067811865E-1));
#3197=AXIS2_PLACEMENT_3D('',#3194,#3195,#3196);
#3198=PLANE('',#3197);
#3199=ORIENTED_EDGE('',*,*,#2975,.F.);
#3200=ORIENTED_EDGE('',*,*,#3188,.T.);
#3201=ORIENTED_EDGE('',*,*,#3073,.T.);
#3203=ORIENTED_EDGE('',*,*,#3202,.F.);
#3204=EDGE_LOOP('',(#3199,#3200,#3201,#3203));
#3205=FACE_OUTER_BOUND('',#3204,.F.);
#3206=ADVANCED_FACE('',(#3205),#3198,.F.);
#3207=CARTESIAN_POINT('',(-5.999801038368E0,-1.756E1,3.899693898244E0));
#3208=DIRECTION('',(7.071067811865E-1,0.E0,7.071067811865E-1));
#3209=DIRECTION('',(0.E0,1.E0,0.E0));
#3210=AXIS2_PLACEMENT_3D('',#3207,#3208,#3209);
#3211=PLANE('',#3210);
#3213=ORIENTED_EDGE('',*,*,#3212,.T.);
#3215=ORIENTED_EDGE('',*,*,#3214,.T.);
#3216=ORIENTED_EDGE('',*,*,#2977,.T.);
#3217=ORIENTED_EDGE('',*,*,#3202,.T.);
#3218=ORIENTED_EDGE('',*,*,#3071,.F.);
#3220=ORIENTED_EDGE('',*,*,#3219,.T.);
#3222=ORIENTED_EDGE('',*,*,#3221,.T.);
#3224=ORIENTED_EDGE('',*,*,#3223,.T.);
#3226=ORIENTED_EDGE('',*,*,#3225,.T.);
#3228=ORIENTED_EDGE('',*,*,#3227,.T.);
#3229=EDGE_LOOP('',(#3213,#3215,#3216,#3217,#3218,#3220,#3222,#3224,#3226,
#3228));
#3230=FACE_OUTER_BOUND('',#3229,.F.);
#3231=ADVANCED_FACE('',(#3230),#3211,.F.);
#3232=OPEN_SHELL('',(#2999,#3014,#3028,#3042,#3055,#3089,#3103,#3116,#3129,
#3154,#3167,#3180,#3193,#3206,#3231));
#3233=SHELL_BASED_SURFACE_MODEL('',(#175,#312,#799,#1012,#1551,#2090,#2661,
#3232));
#3235=DIMENSIONAL_EXPONENTS(0.E0,0.E0,0.E0,0.E0,0.E0,0.E0,0.E0);
#3237=PLANE_ANGLE_MEASURE_WITH_UNIT(PLANE_ANGLE_MEASURE(1.745329251994E-2),
#3236);
#3238=(CONVERSION_BASED_UNIT('DEGREE',#3237)NAMED_UNIT(*)PLANE_ANGLE_UNIT());
#3240=UNCERTAINTY_MEASURE_WITH_UNIT(LENGTH_MEASURE(7.587068617252E-4),#3234,
'closure',
'Maximum model space distance between geometric entities at asserted connectivities');
#3241=(GEOMETRIC_REPRESENTATION_CONTEXT(3)GLOBAL_UNCERTAINTY_ASSIGNED_CONTEXT((
#3240))GLOBAL_UNIT_ASSIGNED_CONTEXT((#3234,#3238,#3239))REPRESENTATION_CONTEXT(
'ID1','3'));
#3243=APPLICATION_CONTEXT(
'CONFIGURATION CONTROLLED 3D DESIGNS OF MECHANICAL PARTS AND ASSEMBLIES');
#3244=APPLICATION_PROTOCOL_DEFINITION('international standard',
'config_control_design',1994,#3243);
#3245=DESIGN_CONTEXT('',#3243,'design');
#3246=MECHANICAL_CONTEXT('',#3243,'mechanical');
#3247=PRODUCT('AV9SLD2633011','AV9SLD2633011','NOT SPECIFIED',(#3246));
#3248=PRODUCT_DEFINITION_FORMATION_WITH_SPECIFIED_SOURCE('1','LAST_VERSION',
#3247,.MADE.);
#3252=PRODUCT_CATEGORY('part','');
#3253=PRODUCT_RELATED_PRODUCT_CATEGORY('detail','',(#3247));
#3254=PRODUCT_CATEGORY_RELATIONSHIP('','',#3252,#3253);
#3255=SECURITY_CLASSIFICATION_LEVEL('unclassified');
#3256=SECURITY_CLASSIFICATION('','',#3255);
#3257=CC_DESIGN_SECURITY_CLASSIFICATION(#3256,(#3248));
#3258=APPROVAL_STATUS('approved');
#3259=APPROVAL(#3258,'');
#3260=CC_DESIGN_APPROVAL(#3259,(#3256,#3248,#3249));
#3261=CALENDAR_DATE(112,25,9);
#3262=COORDINATED_UNIVERSAL_TIME_OFFSET(2,0,.AHEAD.);
#3263=LOCAL_TIME(13,15,1.9E1,#3262);
#3264=DATE_AND_TIME(#3261,#3263);
#3265=APPROVAL_DATE_TIME(#3264,#3259);
#3266=DATE_TIME_ROLE('creation_date');
#3267=CC_DESIGN_DATE_AND_TIME_ASSIGNMENT(#3264,#3266,(#3249));
#3268=DATE_TIME_ROLE('classification_date');
#3269=CC_DESIGN_DATE_AND_TIME_ASSIGNMENT(#3264,#3268,(#3256));
#3270=PERSON('UNSPECIFIED','UNSPECIFIED',$,$,$,$);
#3271=ORGANIZATION('UNSPECIFIED','UNSPECIFIED','UNSPECIFIED');
#3272=PERSON_AND_ORGANIZATION(#3270,#3271);
#3273=APPROVAL_ROLE('approver');
#3274=APPROVAL_PERSON_ORGANIZATION(#3272,#3259,#3273);
#3275=PERSON_AND_ORGANIZATION_ROLE('creator');
#3276=CC_DESIGN_PERSON_AND_ORGANIZATION_ASSIGNMENT(#3272,#3275,(#3248,#3249));
#3277=PERSON_AND_ORGANIZATION_ROLE('design_supplier');
#3278=CC_DESIGN_PERSON_AND_ORGANIZATION_ASSIGNMENT(#3272,#3277,(#3248));
#3279=PERSON_AND_ORGANIZATION_ROLE('classification_officer');
#3280=CC_DESIGN_PERSON_AND_ORGANIZATION_ASSIGNMENT(#3272,#3279,(#3256));
#3281=PERSON_AND_ORGANIZATION_ROLE('design_owner');
#3282=CC_DESIGN_PERSON_AND_ORGANIZATION_ASSIGNMENT(#3272,#3281,(#3247));
#5=CIRCLE('',#4,7.5E0);
#10=CIRCLE('',#9,7.5E0);
#15=CIRCLE('',#14,6.5E0);
#20=CIRCLE('',#19,6.5E0);
#25=CIRCLE('',#24,4.25E0);
#34=CIRCLE('',#33,3.45E0);
#39=CIRCLE('',#38,4.E-1);
#48=CIRCLE('',#47,4.25E0);
#53=CIRCLE('',#52,4.E-1);
#58=CIRCLE('',#57,3.45E0);
#63=CIRCLE('',#62,4.E-1);
#72=CIRCLE('',#71,4.E-1);
#114=EDGE_CURVE('',#79,#80,#5,.T.);
#116=EDGE_CURVE('',#80,#79,#10,.T.);
#120=EDGE_CURVE('',#83,#84,#15,.T.);
#122=EDGE_CURVE('',#84,#83,#20,.T.);
#132=EDGE_CURVE('',#88,#87,#25,.T.);
#134=EDGE_CURVE('',#87,#92,#29,.T.);
#136=EDGE_CURVE('',#92,#90,#34,.T.);
#138=EDGE_CURVE('',#90,#88,#39,.T.);
#148=EDGE_CURVE('',#96,#95,#43,.T.);
#150=EDGE_CURVE('',#95,#100,#48,.T.);
#152=EDGE_CURVE('',#100,#98,#53,.T.);
#154=EDGE_CURVE('',#98,#96,#58,.T.);
#164=EDGE_CURVE('',#104,#103,#63,.T.);
#166=EDGE_CURVE('',#103,#108,#67,.T.);
#168=EDGE_CURVE('',#108,#106,#72,.T.);
#170=EDGE_CURVE('',#106,#104,#76,.T.);
#180=CIRCLE('',#179,6.5E0);
#185=CIRCLE('',#184,6.5E0);
#194=CIRCLE('',#193,4.25E0);
#199=CIRCLE('',#198,4.E-1);
#204=CIRCLE('',#203,3.45E0);
#209=CIRCLE('',#208,4.25E0);
#218=CIRCLE('',#217,3.45E0);
#223=CIRCLE('',#222,4.E-1);
#232=CIRCLE('',#231,4.E-1);
#241=CIRCLE('',#240,4.E-1);
#275=EDGE_CURVE('',#245,#244,#180,.T.);
#277=EDGE_CURVE('',#244,#245,#185,.T.);
#281=EDGE_CURVE('',#249,#248,#189,.T.);
#283=EDGE_CURVE('',#248,#253,#194,.T.);
#285=EDGE_CURVE('',#253,#251,#199,.T.);
#287=EDGE_CURVE('',#251,#249,#204,.T.);
#291=EDGE_CURVE('',#257,#256,#209,.T.);
#293=EDGE_CURVE('',#256,#261,#213,.T.);
#295=EDGE_CURVE('',#261,#259,#218,.T.);
#297=EDGE_CURVE('',#259,#257,#223,.T.);
#301=EDGE_CURVE('',#265,#264,#227,.T.);
#303=EDGE_CURVE('',#264,#269,#232,.T.);
#305=EDGE_CURVE('',#269,#267,#236,.T.);
#307=EDGE_CURVE('',#267,#265,#241,.T.);
#317=CIRCLE('',#316,8.875E0);
#322=CIRCLE('',#321,3.75E-1);
#327=CIRCLE('',#326,3.75E-1);
#332=CIRCLE('',#331,8.875E0);
#345=CIRCLE('',#344,2.E-1);
#350=CIRCLE('',#349,8.875E0);
#355=CIRCLE('',#354,2.E-1);
#360=CIRCLE('',#359,8.875E0);
#365=CIRCLE('',#364,9.121264511001E0);
#374=CIRCLE('',#373,9.121264511001E0);
#387=CIRCLE('',#386,9.5E0);
#396=CIRCLE('',#395,9.5E0);
#401=CIRCLE('',#400,9.5E0);
#406=CIRCLE('',#405,9.5E0);
#411=CIRCLE('',#410,1.1E1);
#420=CIRCLE('',#419,1.1E1);
#429=CIRCLE('',#428,2.3E1);
#434=CIRCLE('',#433,1.1E1);
#439=CIRCLE('',#438,2.3E1);
#444=CIRCLE('',#443,1.1E1);
#449=CIRCLE('',#448,8.05E0);
#454=CIRCLE('',#453,8.05E0);
#459=CIRCLE('',#458,7.65E0);
#464=CIRCLE('',#463,7.65E0);
#469=CIRCLE('',#468,7.7E0);
#474=CIRCLE('',#473,7.7E0);
#479=CIRCLE('',#478,8.5E0);
#484=CIRCLE('',#483,8.5E0);
#534=EDGE_CURVE('',#524,#523,#317,.T.);
#536=EDGE_CURVE('',#524,#487,#340,.T.);
#538=EDGE_CURVE('',#487,#501,#360,.T.);
#540=EDGE_CURVE('',#523,#501,#336,.T.);
#551=EDGE_CURVE('',#523,#527,#327,.T.);
#553=EDGE_CURVE('',#528,#527,#484,.T.);
#555=EDGE_CURVE('',#524,#528,#322,.T.);
#565=EDGE_CURVE('',#523,#524,#332,.T.);
#568=EDGE_CURVE('',#527,#528,#479,.T.);
#581=EDGE_CURVE('',#487,#501,#350,.T.);
#592=EDGE_CURVE('',#487,#488,#345,.T.);
#595=EDGE_CURVE('',#501,#502,#355,.T.);
#597=EDGE_CURVE('',#488,#502,#374,.T.);
#608=EDGE_CURVE('',#488,#502,#365,.T.);
#620=EDGE_CURVE('',#488,#490,#369,.T.);
#622=EDGE_CURVE('',#490,#504,#396,.T.);
#624=EDGE_CURVE('',#502,#504,#378,.T.);
#638=EDGE_CURVE('',#490,#504,#387,.T.);
#648=EDGE_CURVE('',#490,#492,#382,.T.);
#651=EDGE_CURVE('',#504,#506,#391,.T.);
#653=EDGE_CURVE('',#492,#506,#401,.T.);
#664=EDGE_CURVE('',#492,#506,#406,.T.);
#676=EDGE_CURVE('',#495,#509,#411,.T.);
#678=EDGE_CURVE('',#495,#509,#420,.T.);
#692=EDGE_CURVE('',#495,#496,#415,.T.);
#694=EDGE_CURVE('',#496,#510,#444,.T.);
#696=EDGE_CURVE('',#509,#510,#424,.T.);
#710=EDGE_CURVE('',#496,#510,#434,.T.);
#732=EDGE_CURVE('',#496,#498,#429,.T.);
#735=EDGE_CURVE('',#510,#512,#439,.T.);
#737=EDGE_CURVE('',#498,#512,#449,.T.);
#760=EDGE_CURVE('',#498,#512,#454,.T.);
#776=EDGE_CURVE('',#515,#516,#459,.T.);
#778=EDGE_CURVE('',#516,#515,#464,.T.);
#792=EDGE_CURVE('',#520,#519,#469,.T.);
#794=EDGE_CURVE('',#519,#520,#474,.T.);
#804=CIRCLE('',#803,7.4E0);
#817=CIRCLE('',#816,7.4E0);
#822=CIRCLE('',#821,7.4E0);
#827=CIRCLE('',#826,7.4E0);
#937=EDGE_CURVE('',#894,#895,#808,.T.);
#939=EDGE_CURVE('',#894,#898,#804,.T.);
#941=EDGE_CURVE('',#898,#899,#812,.T.);
#943=EDGE_CURVE('',#895,#899,#827,.T.);
#954=EDGE_CURVE('',#895,#899,#822,.T.);
#957=EDGE_CURVE('',#898,#894,#817,.T.);
#971=EDGE_CURVE('',#903,#902,#831,.T.);
#973=EDGE_CURVE('',#902,#906,#835,.T.);
#975=EDGE_CURVE('',#906,#907,#839,.T.);
#977=EDGE_CURVE('',#907,#903,#843,.T.);
#981=EDGE_CURVE('',#910,#911,#847,.T.);
#983=EDGE_CURVE('',#911,#915,#851,.T.);
#985=EDGE_CURVE('',#915,#914,#855,.T.);
#987=EDGE_CURVE('',#914,#910,#859,.T.);
#991=EDGE_CURVE('',#919,#918,#863,.T.);
#993=EDGE_CURVE('',#918,#923,#867,.T.);
#995=EDGE_CURVE('',#923,#921,#871,.T.);
#997=EDGE_CURVE('',#921,#919,#875,.T.);
#1001=EDGE_CURVE('',#927,#926,#879,.T.);
#1003=EDGE_CURVE('',#926,#931,#883,.T.);
#1005=EDGE_CURVE('',#931,#929,#887,.T.);
#1007=EDGE_CURVE('',#929,#927,#891,.T.);
#1017=CIRCLE('',#1016,5.5E-1);
#1026=CIRCLE('',#1025,5.5E-1);
#1107=CIRCLE('',#1106,5.5E-1);
#1116=CIRCLE('',#1115,5.5E-1);
#1294=EDGE_CURVE('',#1267,#1268,#1034,.T.);
#1296=EDGE_CURVE('',#1267,#1225,#1038,.T.);
#1298=EDGE_CURVE('',#1225,#1226,#1042,.T.);
#1300=EDGE_CURVE('',#1226,#1228,#1046,.T.);
#1302=EDGE_CURVE('',#1228,#1284,#1050,.T.);
#1304=EDGE_CURVE('',#1284,#1244,#1054,.T.);
#1306=EDGE_CURVE('',#1244,#1243,#1058,.T.);
#1308=EDGE_CURVE('',#1243,#1282,#1062,.T.);
#1310=EDGE_CURVE('',#1282,#1219,#1066,.T.);
#1312=EDGE_CURVE('',#1219,#1220,#1070,.T.);
#1314=EDGE_CURVE('',#1220,#1222,#1074,.T.);
#1316=EDGE_CURVE('',#1222,#1276,#1078,.T.);
#1318=EDGE_CURVE('',#1275,#1276,#1082,.T.);
#1320=EDGE_CURVE('',#1275,#1268,#1086,.T.);
#1324=EDGE_CURVE('',#1251,#1252,#1017,.T.);
#1326=EDGE_CURVE('',#1252,#1254,#1021,.T.);
#1328=EDGE_CURVE('',#1254,#1256,#1026,.T.);
#1330=EDGE_CURVE('',#1256,#1251,#1030,.T.);
#1341=EDGE_CURVE('',#1251,#1259,#1090,.T.);
#1343=EDGE_CURVE('',#1259,#1260,#1107,.T.);
#1345=EDGE_CURVE('',#1252,#1260,#1102,.T.);
#1356=EDGE_CURVE('',#1256,#1264,#1094,.T.);
#1358=EDGE_CURVE('',#1264,#1259,#1111,.T.);
#1370=EDGE_CURVE('',#1254,#1262,#1098,.T.);
#1372=EDGE_CURVE('',#1262,#1264,#1116,.T.);
#1385=EDGE_CURVE('',#1260,#1262,#1120,.T.);
#1396=EDGE_CURVE('',#1270,#1272,#1124,.T.);
#1398=EDGE_CURVE('',#1280,#1270,#1128,.T.);
#1400=EDGE_CURVE('',#1278,#1280,#1132,.T.);
#1402=EDGE_CURVE('',#1234,#1278,#1136,.T.);
#1404=EDGE_CURVE('',#1232,#1234,#1140,.T.);
#1406=EDGE_CURVE('',#1231,#1232,#1144,.T.);
#1408=EDGE_CURVE('',#1231,#1286,#1148,.T.);
#1410=EDGE_CURVE('',#1286,#1247,#1152,.T.);
#1412=EDGE_CURVE('',#1247,#1248,#1156,.T.);
#1414=EDGE_CURVE('',#1248,#1288,#1160,.T.);
#1416=EDGE_CURVE('',#1288,#1240,#1164,.T.);
#1418=EDGE_CURVE('',#1238,#1240,#1168,.T.);
#1420=EDGE_CURVE('',#1237,#1238,#1172,.T.);
#1422=EDGE_CURVE('',#1272,#1237,#1176,.T.);
#1439=EDGE_CURVE('',#1270,#1268,#1180,.T.);
#1442=EDGE_CURVE('',#1272,#1267,#1204,.T.);
#1454=EDGE_CURVE('',#1280,#1275,#1184,.T.);
#1466=EDGE_CURVE('',#1278,#1276,#1188,.T.);
#1480=EDGE_CURVE('',#1222,#1234,#1192,.T.);
#1492=EDGE_CURVE('',#1220,#1232,#1196,.T.);
#1505=EDGE_CURVE('',#1219,#1231,#1200,.T.);
#1519=EDGE_CURVE('',#1225,#1237,#1208,.T.);
#1533=EDGE_CURVE('',#1226,#1238,#1212,.T.);
#1546=EDGE_CURVE('',#1240,#1228,#1216,.T.);
#1556=CIRCLE('',#1555,5.5E-1);
#1565=CIRCLE('',#1564,5.5E-1);
#1646=CIRCLE('',#1645,5.5E-1);
#1655=CIRCLE('',#1654,5.5E-1);
#1833=EDGE_CURVE('',#1806,#1807,#1573,.T.);
#1835=EDGE_CURVE('',#1806,#1764,#1577,.T.);
#1837=EDGE_CURVE('',#1764,#1765,#1581,.T.);
#1839=EDGE_CURVE('',#1765,#1767,#1585,.T.);
#1841=EDGE_CURVE('',#1767,#1823,#1589,.T.);
#1843=EDGE_CURVE('',#1823,#1783,#1593,.T.);
#1845=EDGE_CURVE('',#1783,#1782,#1597,.T.);
#1847=EDGE_CURVE('',#1782,#1821,#1601,.T.);
#1849=EDGE_CURVE('',#1821,#1758,#1605,.T.);
#1851=EDGE_CURVE('',#1758,#1759,#1609,.T.);
#1853=EDGE_CURVE('',#1759,#1761,#1613,.T.);
#1855=EDGE_CURVE('',#1761,#1815,#1617,.T.);
#1857=EDGE_CURVE('',#1814,#1815,#1621,.T.);
#1859=EDGE_CURVE('',#1814,#1807,#1625,.T.);
#1863=EDGE_CURVE('',#1790,#1791,#1556,.T.);
#1865=EDGE_CURVE('',#1791,#1793,#1560,.T.);
#1867=EDGE_CURVE('',#1793,#1795,#1565,.T.);
#1869=EDGE_CURVE('',#1795,#1790,#1569,.T.);
#1880=EDGE_CURVE('',#1790,#1798,#1629,.T.);
#1882=EDGE_CURVE('',#1798,#1799,#1646,.T.);
#1884=EDGE_CURVE('',#1791,#1799,#1641,.T.);
#1895=EDGE_CURVE('',#1795,#1803,#1633,.T.);
#1897=EDGE_CURVE('',#1803,#1798,#1650,.T.);
#1909=EDGE_CURVE('',#1793,#1801,#1637,.T.);
#1911=EDGE_CURVE('',#1801,#1803,#1655,.T.);
#1924=EDGE_CURVE('',#1799,#1801,#1659,.T.);
#1935=EDGE_CURVE('',#1809,#1811,#1663,.T.);
#1937=EDGE_CURVE('',#1819,#1809,#1667,.T.);
#1939=EDGE_CURVE('',#1817,#1819,#1671,.T.);
#1941=EDGE_CURVE('',#1773,#1817,#1675,.T.);
#1943=EDGE_CURVE('',#1771,#1773,#1679,.T.);
#1945=EDGE_CURVE('',#1770,#1771,#1683,.T.);
#1947=EDGE_CURVE('',#1770,#1825,#1687,.T.);
#1949=EDGE_CURVE('',#1825,#1786,#1691,.T.);
#1951=EDGE_CURVE('',#1786,#1787,#1695,.T.);
#1953=EDGE_CURVE('',#1787,#1827,#1699,.T.);
#1955=EDGE_CURVE('',#1827,#1779,#1703,.T.);
#1957=EDGE_CURVE('',#1777,#1779,#1707,.T.);
#1959=EDGE_CURVE('',#1776,#1777,#1711,.T.);
#1961=EDGE_CURVE('',#1811,#1776,#1715,.T.);
#1978=EDGE_CURVE('',#1809,#1807,#1719,.T.);
#1981=EDGE_CURVE('',#1811,#1806,#1743,.T.);
#1993=EDGE_CURVE('',#1819,#1814,#1723,.T.);
#2005=EDGE_CURVE('',#1817,#1815,#1727,.T.);
#2019=EDGE_CURVE('',#1761,#1773,#1731,.T.);
#2031=EDGE_CURVE('',#1759,#1771,#1735,.T.);
#2044=EDGE_CURVE('',#1758,#1770,#1739,.T.);
#2058=EDGE_CURVE('',#1764,#1776,#1747,.T.);
#2072=EDGE_CURVE('',#1765,#1777,#1751,.T.);
#2085=EDGE_CURVE('',#1779,#1767,#1755,.T.);
#2231=CIRCLE('',#2230,8.E-1);
#2252=CIRCLE('',#2251,8.E-1);
#2281=CIRCLE('',#2280,8.E-1);
#2294=CIRCLE('',#2293,8.E-1);
#2396=EDGE_CURVE('',#2377,#2378,#2110,.T.);
#2398=EDGE_CURVE('',#2377,#2390,#2114,.T.);
#2400=EDGE_CURVE('',#2388,#2390,#2118,.T.);
#2402=EDGE_CURVE('',#2388,#2319,#2122,.T.);
#2404=EDGE_CURVE('',#2319,#2320,#2126,.T.);
#2406=EDGE_CURVE('',#2322,#2320,#2130,.T.);
#2408=EDGE_CURVE('',#2322,#2313,#2134,.T.);
#2410=EDGE_CURVE('',#2313,#2314,#2138,.T.);
#2412=EDGE_CURVE('',#2314,#2316,#2142,.T.);
#2414=EDGE_CURVE('',#2378,#2316,#2146,.T.);
#2418=EDGE_CURVE('',#2361,#2362,#2094,.T.);
#2420=EDGE_CURVE('',#2362,#2364,#2098,.T.);
#2422=EDGE_CURVE('',#2364,#2366,#2102,.T.);
#2424=EDGE_CURVE('',#2366,#2361,#2106,.T.);
#2435=EDGE_CURVE('',#2361,#2369,#2150,.T.);
#2437=EDGE_CURVE('',#2369,#2370,#2166,.T.);
#2439=EDGE_CURVE('',#2362,#2370,#2162,.T.);
#2450=EDGE_CURVE('',#2366,#2374,#2154,.T.);
#2452=EDGE_CURVE('',#2374,#2369,#2170,.T.);
#2464=EDGE_CURVE('',#2364,#2372,#2158,.T.);
#2466=EDGE_CURVE('',#2372,#2374,#2174,.T.);
#2479=EDGE_CURVE('',#2370,#2372,#2178,.T.);
#2490=EDGE_CURVE('',#2380,#2382,#2182,.T.);
#2492=EDGE_CURVE('',#2380,#2334,#2186,.T.);
#2494=EDGE_CURVE('',#2333,#2334,#2190,.T.);
#2496=EDGE_CURVE('',#2346,#2333,#2194,.T.);
#2498=EDGE_CURVE('',#2346,#2345,#2198,.T.);
#2500=EDGE_CURVE('',#2345,#2338,#2202,.T.);
#2502=EDGE_CURVE('',#2337,#2338,#2206,.T.);
#2504=EDGE_CURVE('',#2386,#2337,#2210,.T.);
#2506=EDGE_CURVE('',#2385,#2386,#2214,.T.);
#2508=EDGE_CURVE('',#2382,#2385,#2264,.T.);
#2525=EDGE_CURVE('',#2380,#2378,#2218,.T.);
#2528=EDGE_CURVE('',#2382,#2377,#2260,.T.);
#2540=EDGE_CURVE('',#2316,#2334,#2222,.T.);
#2552=EDGE_CURVE('',#2314,#2333,#2226,.T.);
#2564=EDGE_CURVE('',#2354,#2353,#2231,.T.);
#2566=EDGE_CURVE('',#2353,#2340,#2235,.T.);
#2568=EDGE_CURVE('',#2340,#2326,#2239,.T.);
#2570=EDGE_CURVE('',#2326,#2325,#2243,.T.);
#2572=EDGE_CURVE('',#2325,#2348,#2247,.T.);
#2574=EDGE_CURVE('',#2348,#2346,#2252,.T.);
#2579=EDGE_CURVE('',#2313,#2354,#2256,.T.);
#2591=EDGE_CURVE('',#2390,#2385,#2268,.T.);
#2603=EDGE_CURVE('',#2388,#2386,#2272,.T.);
#2617=EDGE_CURVE('',#2319,#2337,#2276,.T.);
#2631=EDGE_CURVE('',#2320,#2338,#2289,.T.);
#2641=EDGE_CURVE('',#2358,#2357,#2281,.T.);
#2643=EDGE_CURVE('',#2357,#2322,#2285,.T.);
#2648=EDGE_CURVE('',#2345,#2350,#2294,.T.);
#2650=EDGE_CURVE('',#2350,#2329,#2298,.T.);
#2652=EDGE_CURVE('',#2329,#2330,#2302,.T.);
#2654=EDGE_CURVE('',#2330,#2342,#2306,.T.);
#2656=EDGE_CURVE('',#2342,#2358,#2310,.T.);
#2802=CIRCLE('',#2801,8.E-1);
#2823=CIRCLE('',#2822,8.E-1);
#2852=CIRCLE('',#2851,8.E-1);
#2865=CIRCLE('',#2864,8.E-1);
#2967=EDGE_CURVE('',#2948,#2949,#2681,.T.);
#2969=EDGE_CURVE('',#2948,#2961,#2685,.T.);
#2971=EDGE_CURVE('',#2959,#2961,#2689,.T.);
#2973=EDGE_CURVE('',#2959,#2890,#2693,.T.);
#2975=EDGE_CURVE('',#2890,#2891,#2697,.T.);
#2977=EDGE_CURVE('',#2893,#2891,#2701,.T.);
#2979=EDGE_CURVE('',#2893,#2884,#2705,.T.);
#2981=EDGE_CURVE('',#2884,#2885,#2709,.T.);
#2983=EDGE_CURVE('',#2885,#2887,#2713,.T.);
#2985=EDGE_CURVE('',#2949,#2887,#2717,.T.);
#2989=EDGE_CURVE('',#2932,#2933,#2665,.T.);
#2991=EDGE_CURVE('',#2933,#2935,#2669,.T.);
#2993=EDGE_CURVE('',#2935,#2937,#2673,.T.);
#2995=EDGE_CURVE('',#2937,#2932,#2677,.T.);
#3006=EDGE_CURVE('',#2932,#2940,#2721,.T.);
#3008=EDGE_CURVE('',#2940,#2941,#2737,.T.);
#3010=EDGE_CURVE('',#2933,#2941,#2733,.T.);
#3021=EDGE_CURVE('',#2937,#2945,#2725,.T.);
#3023=EDGE_CURVE('',#2945,#2940,#2741,.T.);
#3035=EDGE_CURVE('',#2935,#2943,#2729,.T.);
#3037=EDGE_CURVE('',#2943,#2945,#2745,.T.);
#3050=EDGE_CURVE('',#2941,#2943,#2749,.T.);
#3061=EDGE_CURVE('',#2951,#2953,#2753,.T.);
#3063=EDGE_CURVE('',#2951,#2905,#2757,.T.);
#3065=EDGE_CURVE('',#2904,#2905,#2761,.T.);
#3067=EDGE_CURVE('',#2917,#2904,#2765,.T.);
#3069=EDGE_CURVE('',#2917,#2916,#2769,.T.);
#3071=EDGE_CURVE('',#2916,#2909,#2773,.T.);
#3073=EDGE_CURVE('',#2908,#2909,#2777,.T.);
#3075=EDGE_CURVE('',#2957,#2908,#2781,.T.);
#3077=EDGE_CURVE('',#2956,#2957,#2785,.T.);
#3079=EDGE_CURVE('',#2953,#2956,#2835,.T.);
#3096=EDGE_CURVE('',#2951,#2949,#2789,.T.);
#3099=EDGE_CURVE('',#2953,#2948,#2831,.T.);
#3111=EDGE_CURVE('',#2887,#2905,#2793,.T.);
#3123=EDGE_CURVE('',#2885,#2904,#2797,.T.);
#3135=EDGE_CURVE('',#2925,#2924,#2802,.T.);
#3137=EDGE_CURVE('',#2924,#2911,#2806,.T.);
#3139=EDGE_CURVE('',#2911,#2897,#2810,.T.);
#3141=EDGE_CURVE('',#2897,#2896,#2814,.T.);
#3143=EDGE_CURVE('',#2896,#2919,#2818,.T.);
#3145=EDGE_CURVE('',#2919,#2917,#2823,.T.);
#3150=EDGE_CURVE('',#2884,#2925,#2827,.T.);
#3162=EDGE_CURVE('',#2961,#2956,#2839,.T.);
#3174=EDGE_CURVE('',#2959,#2957,#2843,.T.);
#3188=EDGE_CURVE('',#2890,#2908,#2847,.T.);
#3202=EDGE_CURVE('',#2891,#2909,#2860,.T.);
#3212=EDGE_CURVE('',#2929,#2928,#2852,.T.);
#3214=EDGE_CURVE('',#2928,#2893,#2856,.T.);
#3219=EDGE_CURVE('',#2916,#2921,#2865,.T.);
#3221=EDGE_CURVE('',#2921,#2900,#2869,.T.);
#3223=EDGE_CURVE('',#2900,#2901,#2873,.T.);
#3225=EDGE_CURVE('',#2901,#2913,#2877,.T.);
#3227=EDGE_CURVE('',#2913,#2929,#2881,.T.);
#3234=(LENGTH_UNIT()NAMED_UNIT(*)SI_UNIT(.MILLI.,.METRE.));
#3236=(NAMED_UNIT(*)PLANE_ANGLE_UNIT()SI_UNIT($,.RADIAN.));
#3239=(NAMED_UNIT(*)SI_UNIT($,.STERADIAN.)SOLID_ANGLE_UNIT());
#3242=MANIFOLD_SURFACE_SHAPE_REPRESENTATION('',(#3233),#3241);
#3249=PRODUCT_DEFINITION('design','',#3248,#3245);
#3250=PRODUCT_DEFINITION_SHAPE('','SHAPE FOR AV9SLD2633011.',#3249);
#3251=SHAPE_DEFINITION_REPRESENTATION(#3250,#3242);
ENDSEC;
END-ISO-10303-21;
