ISO-10303-21;
HEADER;
FILE_DESCRIPTION((''),'2;1');
FILE_NAME('AV9V122000084B','2015-06-12T',('mdamaggio'),(''),
'CREO PARAMETRIC BY PTC INC, 2014440','CREO PARAMETRIC BY PTC INC, 2014440','');
FILE_SCHEMA(('CONFIG_CONTROL_DESIGN'));
ENDSEC;
DATA;
#1=CARTESIAN_POINT('',(0.E0,0.E0,-2.5E0));
#2=DIRECTION('',(0.E0,0.E0,-1.E0));
#3=DIRECTION('',(0.E0,1.E0,0.E0));
#4=AXIS2_PLACEMENT_3D('',#1,#2,#3);
#6=CARTESIAN_POINT('',(0.E0,0.E0,-2.5E0));
#7=DIRECTION('',(0.E0,0.E0,-1.E0));
#8=DIRECTION('',(0.E0,-1.E0,0.E0));
#9=AXIS2_PLACEMENT_3D('',#6,#7,#8);
#11=DIRECTION('',(0.E0,0.E0,1.E0));
#12=VECTOR('',#11,8.1E0);
#13=CARTESIAN_POINT('',(0.E0,7.4E0,0.E0));
#14=LINE('',#13,#12);
#15=CARTESIAN_POINT('',(0.E0,0.E0,8.1E0));
#16=DIRECTION('',(0.E0,0.E0,1.E0));
#17=DIRECTION('',(0.E0,1.E0,0.E0));
#18=AXIS2_PLACEMENT_3D('',#15,#16,#17);
#20=DIRECTION('',(0.E0,-1.184237892934E-14,-1.E0));
#21=VECTOR('',#20,3.E-1);
#22=CARTESIAN_POINT('',(1.869133215007E-1,-7.397639042982E0,0.E0));
#23=LINE('',#22,#21);
#24=CARTESIAN_POINT('',(0.E0,0.E0,0.E0));
#25=DIRECTION('',(0.E0,0.E0,-1.E0));
#26=DIRECTION('',(2.525855695955E-2,-9.996809517543E-1,0.E0));
#27=AXIS2_PLACEMENT_3D('',#24,#25,#26);
#29=DIRECTION('',(0.E0,0.E0,1.E0));
#30=VECTOR('',#29,8.1E0);
#31=CARTESIAN_POINT('',(0.E0,-7.4E0,0.E0));
#32=LINE('',#31,#30);
#33=CARTESIAN_POINT('',(0.E0,0.E0,8.1E0));
#34=DIRECTION('',(0.E0,0.E0,1.E0));
#35=DIRECTION('',(0.E0,-1.E0,0.E0));
#36=AXIS2_PLACEMENT_3D('',#33,#34,#35);
#38=CARTESIAN_POINT('',(0.E0,0.E0,0.E0));
#39=DIRECTION('',(0.E0,0.E0,-1.E0));
#40=DIRECTION('',(0.E0,1.E0,0.E0));
#41=AXIS2_PLACEMENT_3D('',#38,#39,#40);
#43=CARTESIAN_POINT('',(0.E0,0.E0,-4.980947252725E-1));
#44=DIRECTION('',(0.E0,0.E0,1.E0));
#45=DIRECTION('',(0.E0,-1.E0,0.E0));
#46=AXIS2_PLACEMENT_3D('',#43,#44,#45);
#48=DIRECTION('',(-4.464724556488E-11,-8.715574274766E-2,-9.961946980917E-1));
#49=VECTOR('',#48,1.093218419841E0);
#50=CARTESIAN_POINT('',(0.E0,2.706422128626E0,-4.980973490459E-1));
#51=LINE('',#50,#49);
#52=CARTESIAN_POINT('',(0.E0,0.E0,-1.587155742748E0));
#53=DIRECTION('',(0.E0,0.E0,-1.E0));
#54=DIRECTION('',(0.E0,1.E0,0.E0));
#55=AXIS2_PLACEMENT_3D('',#52,#53,#54);
#57=CARTESIAN_POINT('',(0.E0,0.E0,-4.980947252725E-1));
#58=DIRECTION('',(0.E0,0.E0,1.E0));
#59=DIRECTION('',(0.E0,1.E0,0.E0));
#60=AXIS2_PLACEMENT_3D('',#57,#58,#59);
#62=DIRECTION('',(4.464772954013E-11,8.715574274766E-2,-9.961946980917E-1));
#63=VECTOR('',#62,1.093218419841E0);
#64=CARTESIAN_POINT('',(0.E0,-2.706422128626E0,-4.980973490459E-1));
#65=LINE('',#64,#63);
#66=CARTESIAN_POINT('',(0.E0,0.E0,-1.587155742748E0));
#67=DIRECTION('',(0.E0,0.E0,-1.E0));
#68=DIRECTION('',(0.E0,-1.E0,0.E0));
#69=AXIS2_PLACEMENT_3D('',#66,#67,#68);
#71=CARTESIAN_POINT('',(0.E0,-1.614947167168E0,-1.5E0));
#72=DIRECTION('',(-1.E0,0.E0,0.E0));
#73=DIRECTION('',(0.E0,0.E0,-1.E0));
#74=AXIS2_PLACEMENT_3D('',#71,#72,#73);
#76=CARTESIAN_POINT('',(0.E0,1.614947167168E0,-1.5E0));
#77=DIRECTION('',(1.E0,0.E0,0.E0));
#78=DIRECTION('',(0.E0,0.E0,-1.E0));
#79=AXIS2_PLACEMENT_3D('',#76,#77,#78);
#81=DIRECTION('',(8.660254037844E-1,5.E-1,0.E0));
#82=VECTOR('',#81,6.919537556802E0);
#83=CARTESIAN_POINT('',(-6.096247653316E0,3.639473114263E0,-6.E-1));
#84=LINE('',#83,#82);
#85=DIRECTION('',(-8.660254037844E-1,-5.E-1,0.E0));
#86=VECTOR('',#85,6.919537556802E0);
#87=CARTESIAN_POINT('',(6.096247653316E0,-3.639473114263E0,-6.E-1));
#88=LINE('',#87,#86);
#89=CARTESIAN_POINT('',(0.E0,0.E0,-6.E-1));
#90=DIRECTION('',(0.E0,0.E0,-1.E0));
#91=DIRECTION('',(-1.461300657525E-2,9.998932243189E-1,0.E0));
#92=AXIS2_PLACEMENT_3D('',#89,#90,#91);
#94=CARTESIAN_POINT('',(0.E0,0.E0,-3.E-1));
#95=DIRECTION('',(0.E0,0.E0,1.E0));
#96=DIRECTION('',(8.531198214188E-1,-5.217150278670E-1,0.E0));
#97=AXIS2_PLACEMENT_3D('',#94,#95,#96);
#99=DIRECTION('',(8.660254037844E-1,5.E-1,0.E0));
#100=VECTOR('',#99,5.713142742834E0);
#101=CARTESIAN_POINT('',(7.761366246294E-1,-7.057450810307E0,4.E0));
#102=LINE('',#101,#100);
#103=DIRECTION('',(-8.660254037844E-1,-5.E-1,0.E0));
#104=VECTOR('',#103,5.713142742834E0);
#105=CARTESIAN_POINT('',(-7.761366246294E-1,7.057450810307E0,4.E0));
#106=LINE('',#105,#104);
#107=DIRECTION('',(0.E0,0.E0,-1.E0));
#108=VECTOR('',#107,4.3E0);
#109=CARTESIAN_POINT('',(6.313086678499E0,-3.860691206216E0,4.3E0));
#110=LINE('',#109,#108);
#111=DIRECTION('',(0.E0,0.E0,-1.E0));
#112=VECTOR('',#111,3.E-1);
#113=CARTESIAN_POINT('',(6.313086678499E0,-3.860691206216E0,0.E0));
#114=LINE('',#113,#112);
#115=DIRECTION('',(-8.660254037844E-1,-5.E-1,0.E0));
#116=VECTOR('',#115,7.073895673531E0);
#117=CARTESIAN_POINT('',(6.313086678499E0,-3.860691206216E0,-3.E-1));
#118=LINE('',#117,#116);
#119=DIRECTION('',(0.E0,0.E0,1.E0));
#120=VECTOR('',#119,4.3E0);
#121=CARTESIAN_POINT('',(1.869133215007E-1,-7.397639042982E0,0.E0));
#122=LINE('',#121,#120);
#123=DIRECTION('',(0.E0,0.E0,-1.E0));
#124=VECTOR('',#123,4.6E0);
#125=CARTESIAN_POINT('',(-6.313086678499E0,3.860691206216E0,4.3E0));
#126=LINE('',#125,#124);
#127=DIRECTION('',(8.660254037844E-1,5.E-1,0.E0));
#128=VECTOR('',#127,7.073895673531E0);
#129=CARTESIAN_POINT('',(-6.313086678499E0,3.860691206216E0,-3.E-1));
#130=LINE('',#129,#128);
#131=DIRECTION('',(0.E0,0.E0,1.E0));
#132=VECTOR('',#131,4.6E0);
#133=CARTESIAN_POINT('',(-1.869133215007E-1,7.397639042982E0,-3.E-1));
#134=LINE('',#133,#132);
#135=CARTESIAN_POINT('',(-1.869133215007E-1,7.397639042982E0,-3.E-1));
#136=CARTESIAN_POINT('',(-1.869133215007E-1,7.397639042982E0,
-3.321325758653E-1));
#137=CARTESIAN_POINT('',(-1.840010728994E-1,7.387300010051E0,
-3.960935731931E-1));
#138=CARTESIAN_POINT('',(-1.715776210769E-1,7.343103204165E0,
-4.815606105166E-1));
#139=CARTESIAN_POINT('',(-1.526084556353E-1,7.275355980975E0,
-5.483370245319E-1));
#140=CARTESIAN_POINT('',(-1.291833386249E-1,7.191243274914E0,
-5.904865607666E-1));
#141=CARTESIAN_POINT('',(-1.122066596671E-1,7.129896112206E0,-6.E-1));
#142=CARTESIAN_POINT('',(-1.037523466843E-1,7.099241892664E0,-6.E-1));
#144=CARTESIAN_POINT('',(-6.096247653316E0,3.639473114263E0,-6.E-1));
#145=CARTESIAN_POINT('',(-6.118567829680E0,3.662121873848E0,-6.E-1));
#146=CARTESIAN_POINT('',(-6.163207691557E0,3.707497690452E0,
-5.904865607666E-1));
#147=CARTESIAN_POINT('',(-6.224338873282E0,3.769840789900E0,
-5.483370245319E-1));
#148=CARTESIAN_POINT('',(-6.273525106879E0,3.820142180656E0,
-4.815606105166E-1));
#149=CARTESIAN_POINT('',(-6.305588937632E0,3.852999608480E0,
-3.960935731931E-1));
#150=CARTESIAN_POINT('',(-6.313086678499E0,3.860691206216E0,
-3.321325758653E-1));
#151=CARTESIAN_POINT('',(-6.313086678499E0,3.860691206216E0,-3.E-1));
#153=CARTESIAN_POINT('',(0.E0,0.E0,-6.E-1));
#154=DIRECTION('',(0.E0,0.E0,-1.E0));
#155=DIRECTION('',(1.461300657525E-2,-9.998932243189E-1,0.E0));
#156=AXIS2_PLACEMENT_3D('',#153,#154,#155);
#158=CARTESIAN_POINT('',(0.E0,0.E0,-3.E-1));
#159=DIRECTION('',(0.E0,0.E0,1.E0));
#160=DIRECTION('',(-8.531198214188E-1,5.217150278670E-1,0.E0));
#161=AXIS2_PLACEMENT_3D('',#158,#159,#160);
#163=CARTESIAN_POINT('',(6.096247653316E0,-3.639473114263E0,-6.E-1));
#164=CARTESIAN_POINT('',(6.118567829680E0,-3.662121873848E0,-6.E-1));
#165=CARTESIAN_POINT('',(6.163207691557E0,-3.707497690452E0,
-5.904865607666E-1));
#166=CARTESIAN_POINT('',(6.224338873282E0,-3.769840789900E0,
-5.483370245319E-1));
#167=CARTESIAN_POINT('',(6.273525106879E0,-3.820142180656E0,
-4.815606105166E-1));
#168=CARTESIAN_POINT('',(6.305588937632E0,-3.852999608480E0,
-3.960935731931E-1));
#169=CARTESIAN_POINT('',(6.313086678499E0,-3.860691206216E0,
-3.321325758653E-1));
#170=CARTESIAN_POINT('',(6.313086678499E0,-3.860691206216E0,-3.E-1));
#172=CARTESIAN_POINT('',(1.869133215007E-1,-7.397639042982E0,-3.E-1));
#173=CARTESIAN_POINT('',(1.869133215007E-1,-7.397639042982E0,
-3.321325758653E-1));
#174=CARTESIAN_POINT('',(1.840010728994E-1,-7.387300010051E0,
-3.960935731931E-1));
#175=CARTESIAN_POINT('',(1.715776210769E-1,-7.343103204165E0,
-4.815606105166E-1));
#176=CARTESIAN_POINT('',(1.526084556353E-1,-7.275355980975E0,
-5.483370245319E-1));
#177=CARTESIAN_POINT('',(1.291833386250E-1,-7.191243274914E0,
-5.904865607666E-1));
#178=CARTESIAN_POINT('',(1.122066596671E-1,-7.129896112206E0,-6.E-1));
#179=CARTESIAN_POINT('',(1.037523466843E-1,-7.099241892664E0,-6.E-1));
#181=CARTESIAN_POINT('',(0.E0,0.E0,4.3E0));
#182=DIRECTION('',(0.E0,0.E0,1.E0));
#183=DIRECTION('',(2.525855695955E-2,-9.996809517543E-1,0.E0));
#184=AXIS2_PLACEMENT_3D('',#181,#182,#183);
#186=CARTESIAN_POINT('',(6.313086678499E0,-3.860691206216E0,4.3E0));
#187=CARTESIAN_POINT('',(6.313086678499E0,-3.860691206216E0,4.282301832273E0));
#188=CARTESIAN_POINT('',(6.307599941120E0,-3.863858975519E0,4.247694262688E0));
#189=CARTESIAN_POINT('',(6.282512065799E0,-3.878343467089E0,4.196494255039E0));
#190=CARTESIAN_POINT('',(6.243546168592E0,-3.900840438331E0,4.150967105069E0));
#191=CARTESIAN_POINT('',(6.192629465449E0,-3.930237210597E0,4.110857508200E0));
#192=CARTESIAN_POINT('',(6.133222286199E0,-3.964535961528E0,4.077553179010E0));
#193=CARTESIAN_POINT('',(6.067510978662E0,-4.002474402623E0,4.050624103088E0));
#194=CARTESIAN_POINT('',(5.994363750684E0,-4.044705974387E0,4.029042584602E0));
#195=CARTESIAN_POINT('',(5.913229732318E0,-4.091548721731E0,4.012866749190E0));
#196=CARTESIAN_POINT('',(5.823585365885E0,-4.143304920822E0,4.002516178461E0));
#197=CARTESIAN_POINT('',(5.758059695342E0,-4.181136184350E0,4.E0));
#198=CARTESIAN_POINT('',(5.723863375371E0,-4.200879438890E0,4.E0));
#200=CARTESIAN_POINT('',(0.E0,0.E0,4.E0));
#201=DIRECTION('',(0.E0,0.E0,-1.E0));
#202=DIRECTION('',(8.061779401930E-1,-5.916731604071E-1,0.E0));
#203=AXIS2_PLACEMENT_3D('',#200,#201,#202);
#205=CARTESIAN_POINT('',(7.761366246294E-1,-7.057450810307E0,4.E0));
#206=CARTESIAN_POINT('',(7.419524064092E-1,-7.077187077899E0,4.E0));
#207=CARTESIAN_POINT('',(6.764424184405E-1,-7.115009287087E0,4.002513902591E0));
#208=CARTESIAN_POINT('',(5.867738842374E-1,-7.166779439447E0,4.012865771599E0));
#209=CARTESIAN_POINT('',(5.056344572215E-1,-7.213625309477E0,4.029042485761E0));
#210=CARTESIAN_POINT('',(4.325044289101E-1,-7.255846951008E0,4.050622574862E0));
#211=CARTESIAN_POINT('',(3.669886372131E-1,-7.293672510981E0,4.077464770469E0));
#212=CARTESIAN_POINT('',(3.076399633261E-1,-7.327937483825E0,4.110669816143E0));
#213=CARTESIAN_POINT('',(2.562989767734E-1,-7.357579216232E0,4.151052843731E0));
#214=CARTESIAN_POINT('',(2.172123426732E-1,-7.380145894951E0,4.196936280368E0));
#215=CARTESIAN_POINT('',(1.924542084672E-1,-7.394440010400E0,4.247653520094E0));
#216=CARTESIAN_POINT('',(1.869133215007E-1,-7.397639042982E0,4.282281186694E0));
#217=CARTESIAN_POINT('',(1.869133215007E-1,-7.397639042982E0,4.3E0));
#219=CARTESIAN_POINT('',(0.E0,0.E0,4.3E0));
#220=DIRECTION('',(0.E0,0.E0,1.E0));
#221=DIRECTION('',(-2.525855695955E-2,9.996809517543E-1,0.E0));
#222=AXIS2_PLACEMENT_3D('',#219,#220,#221);
#224=CARTESIAN_POINT('',(-6.313086678499E0,3.860691206216E0,4.3E0));
#225=CARTESIAN_POINT('',(-6.313086678499E0,3.860691206216E0,4.282301834889E0));
#226=CARTESIAN_POINT('',(-6.307599942577E0,3.863858974678E0,4.247694266367E0));
#227=CARTESIAN_POINT('',(-6.282512065573E0,3.878343467220E0,4.196494253435E0));
#228=CARTESIAN_POINT('',(-6.243546145947E0,3.900840451405E0,4.150967074565E0));
#229=CARTESIAN_POINT('',(-6.192629342710E0,3.930237281460E0,4.110857428023E0));
#230=CARTESIAN_POINT('',(-6.133222264366E0,3.964535974134E0,4.077553174200E0));
#231=CARTESIAN_POINT('',(-6.067510994849E0,4.002474393278E0,4.050624109195E0));
#232=CARTESIAN_POINT('',(-5.994363802100E0,4.044705944702E0,4.029042597953E0));
#233=CARTESIAN_POINT('',(-5.913229788584E0,4.091548689246E0,4.012866757737E0));
#234=CARTESIAN_POINT('',(-5.823585415643E0,4.143304892095E0,4.002516181606E0));
#235=CARTESIAN_POINT('',(-5.758059715192E0,4.181136172889E0,4.E0));
#236=CARTESIAN_POINT('',(-5.723863375371E0,4.200879438890E0,4.E0));
#238=CARTESIAN_POINT('',(0.E0,0.E0,4.E0));
#239=DIRECTION('',(0.E0,0.E0,-1.E0));
#240=DIRECTION('',(-8.061779401930E-1,5.916731604071E-1,0.E0));
#241=AXIS2_PLACEMENT_3D('',#238,#239,#240);
#243=CARTESIAN_POINT('',(-7.761366246294E-1,7.057450810307E0,4.E0));
#244=CARTESIAN_POINT('',(-7.419523875500E-1,7.077187088787E0,4.E0));
#245=CARTESIAN_POINT('',(-6.764423710148E-1,7.115009314468E0,4.002513905599E0));
#246=CARTESIAN_POINT('',(-5.867738303438E-1,7.166779470563E0,4.012865779717E0));
#247=CARTESIAN_POINT('',(-5.056344064077E-1,7.213625338814E0,4.029042499030E0));
#248=CARTESIAN_POINT('',(-4.325044133763E-1,7.255846959977E0,4.050622580393E0));
#249=CARTESIAN_POINT('',(-3.669886493E-1,7.293672504002E0,4.077464770319E0));
#250=CARTESIAN_POINT('',(-3.076401019222E-1,7.327937403807E0,4.110669728797E0));
#251=CARTESIAN_POINT('',(-2.562990324704E-1,7.357579184075E0,4.151052780048E0));
#252=CARTESIAN_POINT('',(-2.172123372675E-1,7.380145898072E0,4.196936282411E0));
#253=CARTESIAN_POINT('',(-1.924542073312E-1,7.394440011056E0,4.247653525884E0));
#254=CARTESIAN_POINT('',(-1.869133215007E-1,7.397639042982E0,4.282281191339E0));
#255=CARTESIAN_POINT('',(-1.869133215007E-1,7.397639042982E0,4.3E0));
#257=CARTESIAN_POINT('',(0.E0,7.4E0,8.1E0));
#258=CARTESIAN_POINT('',(0.E0,-7.4E0,8.1E0));
#259=VERTEX_POINT('',#257);
#260=VERTEX_POINT('',#258);
#261=CARTESIAN_POINT('',(0.E0,1.614947167168E0,-2.5E0));
#262=CARTESIAN_POINT('',(0.E0,-1.614947167168E0,-2.5E0));
#263=VERTEX_POINT('',#261);
#264=VERTEX_POINT('',#262);
#265=CARTESIAN_POINT('',(0.E0,2.611141865260E0,-1.587155742748E0));
#266=CARTESIAN_POINT('',(0.E0,-2.611141865260E0,-1.587155742748E0));
#267=VERTEX_POINT('',#265);
#268=VERTEX_POINT('',#266);
#269=CARTESIAN_POINT('',(0.E0,7.4E0,0.E0));
#270=VERTEX_POINT('',#269);
#271=CARTESIAN_POINT('',(0.E0,-7.4E0,0.E0));
#272=VERTEX_POINT('',#271);
#273=CARTESIAN_POINT('',(0.E0,2.706422358177E0,-4.980947252725E-1));
#274=CARTESIAN_POINT('',(0.E0,-2.706422358177E0,-4.980947252725E-1));
#275=VERTEX_POINT('',#273);
#276=VERTEX_POINT('',#274);
#277=CARTESIAN_POINT('',(6.313086678499E0,-3.860691206216E0,0.E0));
#278=VERTEX_POINT('',#277);
#279=CARTESIAN_POINT('',(1.869133215007E-1,-7.397639042982E0,0.E0));
#280=VERTEX_POINT('',#279);
#281=CARTESIAN_POINT('',(6.313086678499E0,-3.860691206216E0,-3.E-1));
#282=CARTESIAN_POINT('',(1.869133215007E-1,-7.397639042982E0,-3.E-1));
#283=VERTEX_POINT('',#281);
#284=VERTEX_POINT('',#282);
#285=CARTESIAN_POINT('',(6.096247653316E0,-3.639473114263E0,-6.E-1));
#286=CARTESIAN_POINT('',(1.037523466843E-1,-7.099241892664E0,-6.E-1));
#287=VERTEX_POINT('',#285);
#288=VERTEX_POINT('',#286);
#289=CARTESIAN_POINT('',(-6.096247653316E0,3.639473114263E0,-6.E-1));
#290=CARTESIAN_POINT('',(-1.037523466843E-1,7.099241892664E0,-6.E-1));
#291=VERTEX_POINT('',#289);
#292=VERTEX_POINT('',#290);
#293=CARTESIAN_POINT('',(-6.313086678499E0,3.860691206216E0,-3.E-1));
#294=CARTESIAN_POINT('',(-1.869133215007E-1,7.397639042982E0,-3.E-1));
#295=VERTEX_POINT('',#293);
#296=VERTEX_POINT('',#294);
#297=CARTESIAN_POINT('',(-7.761366246294E-1,7.057450810307E0,4.E0));
#298=CARTESIAN_POINT('',(-5.723863375371E0,4.200879438890E0,4.E0));
#299=VERTEX_POINT('',#297);
#300=VERTEX_POINT('',#298);
#301=CARTESIAN_POINT('',(7.761366246294E-1,-7.057450810307E0,4.E0));
#302=CARTESIAN_POINT('',(5.723863375371E0,-4.200879438890E0,4.E0));
#303=VERTEX_POINT('',#301);
#304=VERTEX_POINT('',#302);
#305=VERTEX_POINT('',#217);
#306=VERTEX_POINT('',#186);
#307=VERTEX_POINT('',#255);
#308=VERTEX_POINT('',#224);
#309=CARTESIAN_POINT('',(0.E0,0.E0,-2.5E0));
#310=DIRECTION('',(0.E0,0.E0,-1.E0));
#311=DIRECTION('',(0.E0,1.E0,0.E0));
#312=AXIS2_PLACEMENT_3D('',#309,#310,#311);
#313=PLANE('',#312);
#315=ORIENTED_EDGE('',*,*,#314,.F.);
#317=ORIENTED_EDGE('',*,*,#316,.F.);
#318=EDGE_LOOP('',(#315,#317));
#319=FACE_OUTER_BOUND('',#318,.F.);
#320=ADVANCED_FACE('',(#319),#313,.T.);
#321=CARTESIAN_POINT('',(0.E0,0.E0,0.E0));
#322=DIRECTION('',(0.E0,0.E0,-1.E0));
#323=DIRECTION('',(0.E0,1.E0,0.E0));
#324=AXIS2_PLACEMENT_3D('',#321,#322,#323);
#325=CYLINDRICAL_SURFACE('',#324,7.4E0);
#327=ORIENTED_EDGE('',*,*,#326,.F.);
#329=ORIENTED_EDGE('',*,*,#328,.F.);
#331=ORIENTED_EDGE('',*,*,#330,.F.);
#333=ORIENTED_EDGE('',*,*,#332,.F.);
#335=ORIENTED_EDGE('',*,*,#334,.F.);
#337=ORIENTED_EDGE('',*,*,#336,.T.);
#339=ORIENTED_EDGE('',*,*,#338,.T.);
#341=ORIENTED_EDGE('',*,*,#340,.F.);
#343=ORIENTED_EDGE('',*,*,#342,.F.);
#345=ORIENTED_EDGE('',*,*,#344,.T.);
#347=ORIENTED_EDGE('',*,*,#346,.F.);
#349=ORIENTED_EDGE('',*,*,#348,.F.);
#350=EDGE_LOOP('',(#327,#329,#331,#333,#335,#337,#339,#341,#343,#345,#347,
#349));
#351=FACE_OUTER_BOUND('',#350,.F.);
#352=ADVANCED_FACE('',(#351),#325,.T.);
#353=CARTESIAN_POINT('',(0.E0,0.E0,0.E0));
#354=DIRECTION('',(0.E0,0.E0,-1.E0));
#355=DIRECTION('',(0.E0,1.E0,0.E0));
#356=AXIS2_PLACEMENT_3D('',#353,#354,#355);
#357=CYLINDRICAL_SURFACE('',#356,7.4E0);
#359=ORIENTED_EDGE('',*,*,#358,.F.);
#361=ORIENTED_EDGE('',*,*,#360,.F.);
#362=ORIENTED_EDGE('',*,*,#342,.T.);
#363=ORIENTED_EDGE('',*,*,#340,.T.);
#365=ORIENTED_EDGE('',*,*,#364,.T.);
#366=ORIENTED_EDGE('',*,*,#336,.F.);
#367=ORIENTED_EDGE('',*,*,#334,.T.);
#369=ORIENTED_EDGE('',*,*,#368,.F.);
#370=EDGE_LOOP('',(#359,#361,#362,#363,#365,#366,#367,#369));
#371=FACE_OUTER_BOUND('',#370,.F.);
#372=ADVANCED_FACE('',(#371),#357,.T.);
#373=CARTESIAN_POINT('',(0.E0,0.E0,-1.042612758588E0));
#374=DIRECTION('',(0.E0,0.E0,1.E0));
#375=DIRECTION('',(0.E0,-1.E0,0.E0));
#376=AXIS2_PLACEMENT_3D('',#373,#374,#375);
#377=CONICAL_SURFACE('',#376,2.658783203176E0,5.E0);
#379=ORIENTED_EDGE('',*,*,#378,.T.);
#381=ORIENTED_EDGE('',*,*,#380,.T.);
#383=ORIENTED_EDGE('',*,*,#382,.T.);
#385=ORIENTED_EDGE('',*,*,#384,.F.);
#386=EDGE_LOOP('',(#379,#381,#383,#385));
#387=FACE_OUTER_BOUND('',#386,.F.);
#388=ADVANCED_FACE('',(#387),#377,.T.);
#389=CARTESIAN_POINT('',(0.E0,0.E0,-1.042612758588E0));
#390=DIRECTION('',(0.E0,0.E0,1.E0));
#391=DIRECTION('',(0.E0,-1.E0,0.E0));
#392=AXIS2_PLACEMENT_3D('',#389,#390,#391);
#393=CONICAL_SURFACE('',#392,2.658783203176E0,5.E0);
#395=ORIENTED_EDGE('',*,*,#394,.T.);
#396=ORIENTED_EDGE('',*,*,#384,.T.);
#398=ORIENTED_EDGE('',*,*,#397,.T.);
#399=ORIENTED_EDGE('',*,*,#380,.F.);
#400=EDGE_LOOP('',(#395,#396,#398,#399));
#401=FACE_OUTER_BOUND('',#400,.F.);
#402=ADVANCED_FACE('',(#401),#393,.T.);
#403=CARTESIAN_POINT('',(0.E0,0.E0,-1.5E0));
#404=DIRECTION('',(0.E0,0.E0,-1.E0));
#405=DIRECTION('',(1.594004612970E-2,-9.998729493938E-1,0.E0));
#406=AXIS2_PLACEMENT_3D('',#403,#404,#405);
#407=TOROIDAL_SURFACE('',#406,1.614947167168E0,1.E0);
#408=ORIENTED_EDGE('',*,*,#316,.T.);
#410=ORIENTED_EDGE('',*,*,#409,.T.);
#411=ORIENTED_EDGE('',*,*,#397,.F.);
#413=ORIENTED_EDGE('',*,*,#412,.F.);
#414=EDGE_LOOP('',(#408,#410,#411,#413));
#415=FACE_OUTER_BOUND('',#414,.F.);
#416=ADVANCED_FACE('',(#415),#407,.T.);
#417=CARTESIAN_POINT('',(0.E0,0.E0,-1.5E0));
#418=DIRECTION('',(0.E0,0.E0,-1.E0));
#419=DIRECTION('',(-1.594004612970E-2,9.998729493938E-1,0.E0));
#420=AXIS2_PLACEMENT_3D('',#417,#418,#419);
#421=TOROIDAL_SURFACE('',#420,1.614947167168E0,1.E0);
#422=ORIENTED_EDGE('',*,*,#314,.T.);
#423=ORIENTED_EDGE('',*,*,#412,.T.);
#424=ORIENTED_EDGE('',*,*,#382,.F.);
#425=ORIENTED_EDGE('',*,*,#409,.F.);
#426=EDGE_LOOP('',(#422,#423,#424,#425));
#427=FACE_OUTER_BOUND('',#426,.F.);
#428=ADVANCED_FACE('',(#427),#421,.T.);
#429=CARTESIAN_POINT('',(0.E0,0.E0,-6.E-1));
#430=DIRECTION('',(0.E0,0.E0,-1.E0));
#431=DIRECTION('',(0.E0,-1.E0,0.E0));
#432=AXIS2_PLACEMENT_3D('',#429,#430,#431);
#433=PLANE('',#432);
#435=ORIENTED_EDGE('',*,*,#434,.F.);
#437=ORIENTED_EDGE('',*,*,#436,.F.);
#439=ORIENTED_EDGE('',*,*,#438,.F.);
#441=ORIENTED_EDGE('',*,*,#440,.F.);
#442=EDGE_LOOP('',(#435,#437,#439,#441));
#443=FACE_OUTER_BOUND('',#442,.F.);
#444=ADVANCED_FACE('',(#443),#433,.T.);
#445=CARTESIAN_POINT('',(0.E0,0.E0,-3.E-1));
#446=DIRECTION('',(0.E0,0.E0,-1.E0));
#447=DIRECTION('',(4.987125691810E-1,-8.667674274804E-1,0.E0));
#448=AXIS2_PLACEMENT_3D('',#445,#446,#447);
#449=TOROIDAL_SURFACE('',#448,7.1E0,3.E-1);
#450=ORIENTED_EDGE('',*,*,#434,.T.);
#452=ORIENTED_EDGE('',*,*,#451,.T.);
#453=ORIENTED_EDGE('',*,*,#330,.T.);
#455=ORIENTED_EDGE('',*,*,#454,.T.);
#456=EDGE_LOOP('',(#450,#452,#453,#455));
#457=FACE_OUTER_BOUND('',#456,.F.);
#458=ADVANCED_FACE('',(#457),#449,.T.);
#459=CARTESIAN_POINT('',(0.E0,0.E0,4.E0));
#460=DIRECTION('',(0.E0,0.E0,-1.E0));
#461=DIRECTION('',(-1.E0,0.E0,0.E0));
#462=AXIS2_PLACEMENT_3D('',#459,#460,#461);
#463=PLANE('',#462);
#465=ORIENTED_EDGE('',*,*,#464,.F.);
#467=ORIENTED_EDGE('',*,*,#466,.F.);
#468=EDGE_LOOP('',(#465,#467));
#469=FACE_OUTER_BOUND('',#468,.F.);
#470=ADVANCED_FACE('',(#469),#463,.T.);
#471=CARTESIAN_POINT('',(0.E0,0.E0,4.E0));
#472=DIRECTION('',(0.E0,0.E0,-1.E0));
#473=DIRECTION('',(-1.E0,0.E0,0.E0));
#474=AXIS2_PLACEMENT_3D('',#471,#472,#473);
#475=PLANE('',#474);
#477=ORIENTED_EDGE('',*,*,#476,.F.);
#479=ORIENTED_EDGE('',*,*,#478,.F.);
#480=EDGE_LOOP('',(#477,#479));
#481=FACE_OUTER_BOUND('',#480,.F.);
#482=ADVANCED_FACE('',(#481),#475,.T.);
#483=CARTESIAN_POINT('',(6.313086678499E0,-3.860691206216E0,0.E0));
#484=DIRECTION('',(5.E-1,-8.660254037844E-1,0.E0));
#485=DIRECTION('',(-8.660254037844E-1,-5.E-1,0.E0));
#486=AXIS2_PLACEMENT_3D('',#483,#484,#485);
#487=PLANE('',#486);
#488=ORIENTED_EDGE('',*,*,#466,.T.);
#490=ORIENTED_EDGE('',*,*,#489,.F.);
#491=ORIENTED_EDGE('',*,*,#368,.T.);
#492=ORIENTED_EDGE('',*,*,#332,.T.);
#494=ORIENTED_EDGE('',*,*,#493,.T.);
#495=ORIENTED_EDGE('',*,*,#344,.F.);
#496=ORIENTED_EDGE('',*,*,#360,.T.);
#498=ORIENTED_EDGE('',*,*,#497,.F.);
#499=EDGE_LOOP('',(#488,#490,#491,#492,#494,#495,#496,#498));
#500=FACE_OUTER_BOUND('',#499,.F.);
#501=ADVANCED_FACE('',(#500),#487,.T.);
#502=CARTESIAN_POINT('',(-6.313086678499E0,3.860691206216E0,0.E0));
#503=DIRECTION('',(-5.E-1,8.660254037844E-1,0.E0));
#504=DIRECTION('',(8.660254037844E-1,5.E-1,0.E0));
#505=AXIS2_PLACEMENT_3D('',#502,#503,#504);
#506=PLANE('',#505);
#507=ORIENTED_EDGE('',*,*,#478,.T.);
#509=ORIENTED_EDGE('',*,*,#508,.F.);
#510=ORIENTED_EDGE('',*,*,#348,.T.);
#512=ORIENTED_EDGE('',*,*,#511,.T.);
#513=ORIENTED_EDGE('',*,*,#328,.T.);
#515=ORIENTED_EDGE('',*,*,#514,.F.);
#516=EDGE_LOOP('',(#507,#509,#510,#512,#513,#515));
#517=FACE_OUTER_BOUND('',#516,.F.);
#518=ADVANCED_FACE('',(#517),#506,.T.);
#519=CARTESIAN_POINT('',(-3.030048E1,-1.033484694662E1,-3.E-1));
#520=DIRECTION('',(8.660254037844E-1,5.E-1,0.E0));
#521=DIRECTION('',(0.E0,0.E0,-1.E0));
#522=AXIS2_PLACEMENT_3D('',#519,#520,#521);
#523=CYLINDRICAL_SURFACE('',#522,3.E-1);
#524=ORIENTED_EDGE('',*,*,#436,.T.);
#525=ORIENTED_EDGE('',*,*,#454,.F.);
#526=ORIENTED_EDGE('',*,*,#511,.F.);
#528=ORIENTED_EDGE('',*,*,#527,.F.);
#529=EDGE_LOOP('',(#524,#525,#526,#528));
#530=FACE_OUTER_BOUND('',#529,.F.);
#531=ADVANCED_FACE('',(#530),#523,.T.);
#532=CARTESIAN_POINT('',(0.E0,0.E0,-3.E-1));
#533=DIRECTION('',(0.E0,0.E0,-1.E0));
#534=DIRECTION('',(4.987125691810E-1,-8.667674274804E-1,0.E0));
#535=AXIS2_PLACEMENT_3D('',#532,#533,#534);
#536=TOROIDAL_SURFACE('',#535,7.1E0,3.E-1);
#537=ORIENTED_EDGE('',*,*,#438,.T.);
#538=ORIENTED_EDGE('',*,*,#527,.T.);
#539=ORIENTED_EDGE('',*,*,#346,.T.);
#541=ORIENTED_EDGE('',*,*,#540,.T.);
#542=EDGE_LOOP('',(#537,#538,#539,#541));
#543=FACE_OUTER_BOUND('',#542,.F.);
#544=ADVANCED_FACE('',(#543),#536,.T.);
#545=CARTESIAN_POINT('',(3.030048E1,1.033484694662E1,-3.E-1));
#546=DIRECTION('',(-8.660254037844E-1,-5.E-1,0.E0));
#547=DIRECTION('',(0.E0,0.E0,-1.E0));
#548=AXIS2_PLACEMENT_3D('',#545,#546,#547);
#549=CYLINDRICAL_SURFACE('',#548,3.E-1);
#550=ORIENTED_EDGE('',*,*,#493,.F.);
#551=ORIENTED_EDGE('',*,*,#451,.F.);
#552=ORIENTED_EDGE('',*,*,#440,.T.);
#553=ORIENTED_EDGE('',*,*,#540,.F.);
#554=EDGE_LOOP('',(#550,#551,#552,#553));
#555=FACE_OUTER_BOUND('',#554,.F.);
#556=ADVANCED_FACE('',(#555),#549,.T.);
#557=CARTESIAN_POINT('',(0.E0,0.E0,4.3E0));
#558=DIRECTION('',(0.E0,0.E0,-1.E0));
#559=DIRECTION('',(-9.999994084209E-1,-1.087730577646E-3,0.E0));
#560=AXIS2_PLACEMENT_3D('',#557,#558,#559);
#561=TOROIDAL_SURFACE('',#560,7.1E0,3.E-1);
#562=ORIENTED_EDGE('',*,*,#358,.T.);
#563=ORIENTED_EDGE('',*,*,#489,.T.);
#564=ORIENTED_EDGE('',*,*,#464,.T.);
#565=ORIENTED_EDGE('',*,*,#497,.T.);
#566=EDGE_LOOP('',(#562,#563,#564,#565));
#567=FACE_OUTER_BOUND('',#566,.F.);
#568=ADVANCED_FACE('',(#567),#561,.T.);
#569=CARTESIAN_POINT('',(0.E0,0.E0,4.3E0));
#570=DIRECTION('',(0.E0,0.E0,-1.E0));
#571=DIRECTION('',(5.009417065232E-1,-8.654810261731E-1,0.E0));
#572=AXIS2_PLACEMENT_3D('',#569,#570,#571);
#573=TOROIDAL_SURFACE('',#572,7.1E0,3.E-1);
#574=ORIENTED_EDGE('',*,*,#326,.T.);
#575=ORIENTED_EDGE('',*,*,#508,.T.);
#576=ORIENTED_EDGE('',*,*,#476,.T.);
#577=ORIENTED_EDGE('',*,*,#514,.T.);
#578=EDGE_LOOP('',(#574,#575,#576,#577));
#579=FACE_OUTER_BOUND('',#578,.F.);
#580=ADVANCED_FACE('',(#579),#573,.T.);
#581=OPEN_SHELL('',(#320,#352,#372,#388,#402,#416,#428,#444,#458,#470,#482,#501,
#518,#531,#544,#556,#568,#580));
#582=DIRECTION('',(-8.660254037844E-1,-5.E-1,0.E0));
#583=VECTOR('',#582,8.E-1);
#584=CARTESIAN_POINT('',(3.237435565298E0,-2.807402885327E0,-6.35E0));
#585=LINE('',#584,#583);
#586=DIRECTION('',(0.E0,0.E0,-1.E0));
#587=VECTOR('',#586,4.5E-1);
#588=CARTESIAN_POINT('',(2.544615242271E0,-3.207402885327E0,-5.9E0));
#589=LINE('',#588,#587);
#590=CARTESIAN_POINT('',(2.025E0,-3.507402885327E0,-5.9E0));
#591=DIRECTION('',(-5.E-1,8.660254037844E-1,0.E0));
#592=DIRECTION('',(-8.660254037844E-1,-5.E-1,0.E0));
#593=AXIS2_PLACEMENT_3D('',#590,#591,#592);
#595=DIRECTION('',(0.E0,0.E0,1.E0));
#596=VECTOR('',#595,4.5E-1);
#597=CARTESIAN_POINT('',(1.505384757729E0,-3.807402885327E0,-6.35E0));
#598=LINE('',#597,#596);
#599=DIRECTION('',(-8.660254037844E-1,-5.E-1,0.E0));
#600=VECTOR('',#599,8.E-1);
#601=CARTESIAN_POINT('',(1.505384757729E0,-3.807402885327E0,-6.35E0));
#602=LINE('',#601,#600);
#603=DIRECTION('',(0.E0,0.E0,1.E0));
#604=VECTOR('',#603,5.65E0);
#605=CARTESIAN_POINT('',(8.125644347018E-1,-4.207402885327E0,-6.35E0));
#606=LINE('',#605,#604);
#607=DIRECTION('',(-8.660254037844E-1,-5.E-1,2.283887364943E-14));
#608=VECTOR('',#607,3.5E-1);
#609=CARTESIAN_POINT('',(8.125644347018E-1,-4.207402885327E0,-7.E-1));
#610=LINE('',#609,#608);
#611=DIRECTION('',(0.E0,0.E0,1.E0));
#612=VECTOR('',#611,2.7E0);
#613=CARTESIAN_POINT('',(5.094555433772E-1,-4.382402885327E0,-7.E-1));
#614=LINE('',#613,#612);
#615=DIRECTION('',(-8.660254037844E-1,-5.E-1,0.E0));
#616=VECTOR('',#615,4.E-1);
#617=CARTESIAN_POINT('',(5.094555433772E-1,-4.382402885327E0,2.E0));
#618=LINE('',#617,#616);
#619=DIRECTION('',(0.E0,0.E0,1.E0));
#620=VECTOR('',#619,1.121248069614E0);
#621=CARTESIAN_POINT('',(1.630453818635E-1,-4.582402885327E0,2.E0));
#622=LINE('',#621,#620);
#623=CARTESIAN_POINT('',(2.025E0,-3.507402885327E0,-8.319152207144E-1));
#624=DIRECTION('',(-5.E-1,8.660254037844E-1,0.E0));
#625=DIRECTION('',(-4.137676929192E-1,-2.388888888889E-1,8.784807311841E-1));
#626=AXIS2_PLACEMENT_3D('',#623,#624,#625);
#628=CARTESIAN_POINT('',(9.915591453789E-1,-4.104060240934E0,3.32E0));
#629=DIRECTION('',(-5.E-1,8.660254037844E-1,0.E0));
#630=DIRECTION('',(-2.392224200512E-1,-1.381151286127E-1,9.610914862765E-1));
#631=AXIS2_PLACEMENT_3D('',#628,#629,#630);
#633=CARTESIAN_POINT('',(2.025E0,-3.507402885327E0,4.9E0));
#634=DIRECTION('',(5.E-1,-8.660254037844E-1,0.E0));
#635=DIRECTION('',(-5.219398255662E-1,-3.013420987914E-1,-7.979797979798E-1));
#636=AXIS2_PLACEMENT_3D('',#633,#634,#635);
#638=CARTESIAN_POINT('',(3.058440854621E0,-2.910745529720E0,3.32E0));
#639=DIRECTION('',(-5.E-1,8.660254037844E-1,0.E0));
#640=DIRECTION('',(-5.219398255662E-1,-3.013420987914E-1,7.979797979798E-1));
#641=AXIS2_PLACEMENT_3D('',#638,#639,#640);
#643=CARTESIAN_POINT('',(2.025E0,-3.507402885327E0,-8.319152207144E-1));
#644=DIRECTION('',(-5.E-1,8.660254037844E-1,0.E0));
#645=DIRECTION('',(2.392224200512E-1,1.381151286127E-1,9.610914862765E-1));
#646=AXIS2_PLACEMENT_3D('',#643,#644,#645);
#648=DIRECTION('',(0.E0,0.E0,-1.E0));
#649=VECTOR('',#648,1.121248069614E0);
#650=CARTESIAN_POINT('',(3.886954618137E0,-2.432402885327E0,3.121248069614E0));
#651=LINE('',#650,#649);
#652=DIRECTION('',(-8.660254037844E-1,-5.E-1,0.E0));
#653=VECTOR('',#652,4.E-1);
#654=CARTESIAN_POINT('',(3.886954618137E0,-2.432402885327E0,2.E0));
#655=LINE('',#654,#653);
#656=DIRECTION('',(0.E0,0.E0,-1.E0));
#657=VECTOR('',#656,2.7E0);
#658=CARTESIAN_POINT('',(3.540544456623E0,-2.632402885327E0,2.E0));
#659=LINE('',#658,#657);
#660=DIRECTION('',(-8.660254037844E-1,-5.E-1,0.E0));
#661=VECTOR('',#660,3.5E-1);
#662=CARTESIAN_POINT('',(3.540544456623E0,-2.632402885327E0,-7.E-1));
#663=LINE('',#662,#661);
#664=DIRECTION('',(0.E0,0.E0,-1.E0));
#665=VECTOR('',#664,5.65E0);
#666=CARTESIAN_POINT('',(3.237435565298E0,-2.807402885327E0,-7.E-1));
#667=LINE('',#666,#665);
#668=DIRECTION('',(-8.660254037844E-1,-5.E-1,0.E0));
#669=VECTOR('',#668,8.E-1);
#670=CARTESIAN_POINT('',(3.237435565298E0,-2.807402885327E0,-6.65E0));
#671=LINE('',#670,#669);
#672=DIRECTION('',(0.E0,0.E0,-1.E0));
#673=VECTOR('',#672,1.55E0);
#674=CARTESIAN_POINT('',(3.237435565298E0,-2.807402885327E0,-6.65E0));
#675=LINE('',#674,#673);
#676=DIRECTION('',(0.E0,0.E0,1.E0));
#677=VECTOR('',#676,1.55E0);
#678=CARTESIAN_POINT('',(8.125644347018E-1,-4.207402885327E0,-8.2E0));
#679=LINE('',#678,#677);
#680=DIRECTION('',(-8.660254037844E-1,-5.E-1,0.E0));
#681=VECTOR('',#680,8.E-1);
#682=CARTESIAN_POINT('',(1.505384757729E0,-3.807402885327E0,-6.65E0));
#683=LINE('',#682,#681);
#684=DIRECTION('',(0.E0,0.E0,1.E0));
#685=VECTOR('',#684,4.5E-1);
#686=CARTESIAN_POINT('',(1.505384757729E0,-3.807402885327E0,-7.1E0));
#687=LINE('',#686,#685);
#688=CARTESIAN_POINT('',(2.025E0,-3.507402885327E0,-7.1E0));
#689=DIRECTION('',(-5.E-1,8.660254037844E-1,0.E0));
#690=DIRECTION('',(8.660254037844E-1,5.E-1,0.E0));
#691=AXIS2_PLACEMENT_3D('',#688,#689,#690);
#693=DIRECTION('',(0.E0,0.E0,-1.E0));
#694=VECTOR('',#693,4.5E-1);
#695=CARTESIAN_POINT('',(2.544615242271E0,-3.207402885327E0,-6.65E0));
#696=LINE('',#695,#694);
#697=DIRECTION('',(-3.535533905933E-1,6.123724356958E-1,-7.071067811865E-1));
#698=VECTOR('',#697,2.121320343560E-1);
#699=CARTESIAN_POINT('',(3.237435565298E0,-2.807402885327E0,-6.35E0));
#700=LINE('',#699,#698);
#701=DIRECTION('',(-5.E-1,8.660254037844E-1,0.E0));
#702=VECTOR('',#701,5.E-1);
#703=CARTESIAN_POINT('',(3.237435565298E0,-2.807402885327E0,-7.E-1));
#704=LINE('',#703,#702);
#705=DIRECTION('',(3.535533905933E-1,-6.123724356958E-1,-7.071067811865E-1));
#706=VECTOR('',#705,2.121320343560E-1);
#707=CARTESIAN_POINT('',(3.162435565298E0,-2.677499074759E0,-6.5E0));
#708=LINE('',#707,#706);
#709=DIRECTION('',(-5.E-1,8.660254037844E-1,0.E0));
#710=VECTOR('',#709,5.E-1);
#711=CARTESIAN_POINT('',(3.540544456623E0,-2.632402885327E0,-7.E-1));
#712=LINE('',#711,#710);
#713=DIRECTION('',(-5.E-1,8.660254037844E-1,0.E0));
#714=VECTOR('',#713,5.E-1);
#715=CARTESIAN_POINT('',(3.540544456623E0,-2.632402885327E0,2.E0));
#716=LINE('',#715,#714);
#717=DIRECTION('',(0.E0,0.E0,1.E0));
#718=VECTOR('',#717,7.5E0);
#719=CARTESIAN_POINT('',(5.625644347018E-1,-3.774390183435E0,-8.2E0));
#720=LINE('',#719,#718);
#721=DIRECTION('',(0.E0,0.E0,-1.E0));
#722=VECTOR('',#721,7.5E0);
#723=CARTESIAN_POINT('',(2.987435565298E0,-2.374390183435E0,-7.E-1));
#724=LINE('',#723,#722);
#725=DIRECTION('',(-8.660254037844E-1,-5.E-1,0.E0));
#726=VECTOR('',#725,3.5E-1);
#727=CARTESIAN_POINT('',(3.290544456623E0,-2.199390183435E0,-7.E-1));
#728=LINE('',#727,#726);
#729=DIRECTION('',(0.E0,0.E0,-1.E0));
#730=VECTOR('',#729,2.7E0);
#731=CARTESIAN_POINT('',(3.290544456623E0,-2.199390183435E0,2.E0));
#732=LINE('',#731,#730);
#733=DIRECTION('',(8.660254037844E-1,5.E-1,0.E0));
#734=VECTOR('',#733,4.E-1);
#735=CARTESIAN_POINT('',(3.290544456623E0,-2.199390183435E0,2.E0));
#736=LINE('',#735,#734);
#737=DIRECTION('',(0.E0,0.E0,1.E0));
#738=VECTOR('',#737,1.121248069614E0);
#739=CARTESIAN_POINT('',(3.636954618137E0,-1.999390183435E0,2.E0));
#740=LINE('',#739,#738);
#741=CARTESIAN_POINT('',(1.775E0,-3.074390183435E0,-8.319152207144E-1));
#742=DIRECTION('',(5.E-1,-8.660254037844E-1,0.E0));
#743=DIRECTION('',(4.137676929192E-1,2.388888888889E-1,8.784807311841E-1));
#744=AXIS2_PLACEMENT_3D('',#741,#742,#743);
#746=CARTESIAN_POINT('',(2.808440854621E0,-2.477732827828E0,3.32E0));
#747=DIRECTION('',(5.E-1,-8.660254037844E-1,0.E0));
#748=DIRECTION('',(2.392224200512E-1,1.381151286127E-1,9.610914862765E-1));
#749=AXIS2_PLACEMENT_3D('',#746,#747,#748);
#751=CARTESIAN_POINT('',(1.775E0,-3.074390183435E0,4.9E0));
#752=DIRECTION('',(-5.E-1,8.660254037844E-1,0.E0));
#753=DIRECTION('',(5.219398255662E-1,3.013420987914E-1,-7.979797979798E-1));
#754=AXIS2_PLACEMENT_3D('',#751,#752,#753);
#756=CARTESIAN_POINT('',(7.415591453789E-1,-3.671047539042E0,3.32E0));
#757=DIRECTION('',(5.E-1,-8.660254037844E-1,0.E0));
#758=DIRECTION('',(5.219398255662E-1,3.013420987914E-1,7.979797979798E-1));
#759=AXIS2_PLACEMENT_3D('',#756,#757,#758);
#761=CARTESIAN_POINT('',(1.775E0,-3.074390183435E0,-8.319152207144E-1));
#762=DIRECTION('',(5.E-1,-8.660254037844E-1,0.E0));
#763=DIRECTION('',(-2.392224200512E-1,-1.381151286127E-1,9.610914862765E-1));
#764=AXIS2_PLACEMENT_3D('',#761,#762,#763);
#766=DIRECTION('',(0.E0,0.E0,-1.E0));
#767=VECTOR('',#766,1.121248069614E0);
#768=CARTESIAN_POINT('',(-8.695461813654E-2,-4.149390183435E0,
3.121248069614E0));
#769=LINE('',#768,#767);
#770=DIRECTION('',(8.660254037844E-1,5.E-1,0.E0));
#771=VECTOR('',#770,4.E-1);
#772=CARTESIAN_POINT('',(-8.695461813654E-2,-4.149390183435E0,2.E0));
#773=LINE('',#772,#771);
#774=DIRECTION('',(0.E0,0.E0,1.E0));
#775=VECTOR('',#774,2.7E0);
#776=CARTESIAN_POINT('',(2.594555433772E-1,-3.949390183435E0,-7.E-1));
#777=LINE('',#776,#775);
#778=DIRECTION('',(-8.660254037844E-1,-5.E-1,2.283887364943E-14));
#779=VECTOR('',#778,3.5E-1);
#780=CARTESIAN_POINT('',(5.625644347018E-1,-3.774390183435E0,-7.E-1));
#781=LINE('',#780,#779);
#782=DIRECTION('',(-3.535533905933E-1,6.123724356958E-1,-7.071067811865E-1));
#783=VECTOR('',#782,2.121320343560E-1);
#784=CARTESIAN_POINT('',(8.125644347018E-1,-4.207402885327E0,-6.35E0));
#785=LINE('',#784,#783);
#786=DIRECTION('',(3.535533905933E-1,-6.123724356958E-1,-7.071067811865E-1));
#787=VECTOR('',#786,2.121320343560E-1);
#788=CARTESIAN_POINT('',(7.375644347018E-1,-4.077499074759E0,-6.5E0));
#789=LINE('',#788,#787);
#790=DIRECTION('',(8.660254037844E-1,5.E-1,0.E0));
#791=VECTOR('',#790,8.E-1);
#792=CARTESIAN_POINT('',(2.469615242271E0,-3.077499074759E0,-6.5E0));
#793=LINE('',#792,#791);
#794=DIRECTION('',(8.660254037844E-1,5.E-1,0.E0));
#795=VECTOR('',#794,8.E-1);
#796=CARTESIAN_POINT('',(7.375644347018E-1,-4.077499074759E0,-6.5E0));
#797=LINE('',#796,#795);
#798=DIRECTION('',(-3.535533905933E-1,6.123724356958E-1,-7.071067811865E-1));
#799=VECTOR('',#798,2.121320343560E-1);
#800=CARTESIAN_POINT('',(2.544615242271E0,-3.207402885327E0,-6.35E0));
#801=LINE('',#800,#799);
#802=DIRECTION('',(3.535533905933E-1,-6.123724356958E-1,-7.071067811865E-1));
#803=VECTOR('',#802,2.121320343560E-1);
#804=CARTESIAN_POINT('',(2.469615242271E0,-3.077499074759E0,-6.5E0));
#805=LINE('',#804,#803);
#806=DIRECTION('',(0.E0,0.E0,1.E0));
#807=VECTOR('',#806,1.2E0);
#808=CARTESIAN_POINT('',(2.294615242271E0,-2.774390183435E0,-7.1E0));
#809=LINE('',#808,#807);
#810=DIRECTION('',(5.E-1,-8.660254037844E-1,0.E0));
#811=VECTOR('',#810,5.E-1);
#812=CARTESIAN_POINT('',(2.294615242271E0,-2.774390183435E0,-5.9E0));
#813=LINE('',#812,#811);
#814=CARTESIAN_POINT('',(1.775E0,-3.074390183435E0,-7.1E0));
#815=DIRECTION('',(5.E-1,-8.660254037844E-1,0.E0));
#816=DIRECTION('',(-8.660254037844E-1,-5.E-1,0.E0));
#817=AXIS2_PLACEMENT_3D('',#814,#815,#816);
#819=DIRECTION('',(5.E-1,-8.660254037844E-1,0.E0));
#820=VECTOR('',#819,5.E-1);
#821=CARTESIAN_POINT('',(2.294615242271E0,-2.774390183435E0,-7.1E0));
#822=LINE('',#821,#820);
#823=DIRECTION('',(-3.535533905933E-1,6.123724356958E-1,-7.071067811865E-1));
#824=VECTOR('',#823,2.121320343560E-1);
#825=CARTESIAN_POINT('',(1.505384757729E0,-3.807402885327E0,-6.35E0));
#826=LINE('',#825,#824);
#827=DIRECTION('',(0.E0,0.E0,-1.E0));
#828=VECTOR('',#827,1.2E0);
#829=CARTESIAN_POINT('',(1.255384757729E0,-3.374390183435E0,-5.9E0));
#830=LINE('',#829,#828);
#831=DIRECTION('',(5.E-1,-8.660254037844E-1,0.E0));
#832=VECTOR('',#831,5.E-1);
#833=CARTESIAN_POINT('',(1.255384757729E0,-3.374390183435E0,-7.1E0));
#834=LINE('',#833,#832);
#835=DIRECTION('',(3.535533905933E-1,-6.123724356958E-1,-7.071067811865E-1));
#836=VECTOR('',#835,2.121320343560E-1);
#837=CARTESIAN_POINT('',(1.430384757729E0,-3.677499074759E0,-6.5E0));
#838=LINE('',#837,#836);
#839=CARTESIAN_POINT('',(1.775E0,-3.074390183435E0,-5.9E0));
#840=DIRECTION('',(5.E-1,-8.660254037844E-1,0.E0));
#841=DIRECTION('',(8.660254037844E-1,5.E-1,0.E0));
#842=AXIS2_PLACEMENT_3D('',#839,#840,#841);
#844=DIRECTION('',(5.E-1,-8.660254037844E-1,0.E0));
#845=VECTOR('',#844,5.E-1);
#846=CARTESIAN_POINT('',(1.255384757729E0,-3.374390183435E0,-5.9E0));
#847=LINE('',#846,#845);
#848=DIRECTION('',(-5.E-1,8.660254037844E-1,0.E0));
#849=VECTOR('',#848,5.E-1);
#850=CARTESIAN_POINT('',(8.125644347018E-1,-4.207402885327E0,-8.2E0));
#851=LINE('',#850,#849);
#852=DIRECTION('',(-5.E-1,8.660254037844E-1,0.E0));
#853=VECTOR('',#852,3.236730192915E-1);
#854=CARTESIAN_POINT('',(1.201495391417E0,-3.881051062994E0,-8.7E0));
#855=LINE('',#854,#853);
#856=DIRECTION('',(-8.660254037844E-1,-5.E-1,0.E0));
#857=VECTOR('',#856,2.8E0);
#858=CARTESIAN_POINT('',(3.237435565298E0,-2.807402885327E0,-8.2E0));
#859=LINE('',#858,#857);
#860=DIRECTION('',(-6.695293884507E-1,-2.436887683625E-1,-7.016738431599E-1));
#861=VECTOR('',#860,7.125817855036E-1);
#862=CARTESIAN_POINT('',(3.237435565298E0,-2.807402885327E0,-8.2E0));
#863=LINE('',#862,#861);
#864=DIRECTION('',(-8.660254037844E-1,-5.E-1,0.E0));
#865=VECTOR('',#864,1.8E0);
#866=CARTESIAN_POINT('',(2.760341118229E0,-2.981051062994E0,-8.7E0));
#867=LINE('',#866,#865);
#868=DIRECTION('',(5.458053582443E-1,4.579850747973E-1,-7.016738431599E-1));
#869=VECTOR('',#868,7.125817855036E-1);
#870=CARTESIAN_POINT('',(8.125644347018E-1,-4.207402885327E0,-8.2E0));
#871=LINE('',#870,#869);
#872=DIRECTION('',(-5.E-1,8.660254037844E-1,0.E0));
#873=VECTOR('',#872,3.236730192915E-1);
#874=CARTESIAN_POINT('',(2.760341118229E0,-2.981051062994E0,-8.7E0));
#875=LINE('',#874,#873);
#876=DIRECTION('',(-5.E-1,8.660254037844E-1,0.E0));
#877=VECTOR('',#876,5.E-1);
#878=CARTESIAN_POINT('',(3.237435565298E0,-2.807402885327E0,-8.2E0));
#879=LINE('',#878,#877);
#880=DIRECTION('',(-8.660254037844E-1,-5.E-1,0.E0));
#881=VECTOR('',#880,2.8E0);
#882=CARTESIAN_POINT('',(2.987435565298E0,-2.374390183435E0,-8.2E0));
#883=LINE('',#882,#881);
#884=DIRECTION('',(6.695293884507E-1,2.436887683625E-1,-7.016738431599E-1));
#885=VECTOR('',#884,7.125817855036E-1);
#886=CARTESIAN_POINT('',(5.625644347018E-1,-3.774390183435E0,-8.2E0));
#887=LINE('',#886,#885);
#888=DIRECTION('',(-8.660254037844E-1,-5.E-1,0.E0));
#889=VECTOR('',#888,1.8E0);
#890=CARTESIAN_POINT('',(2.598504608583E0,-2.700742005768E0,-8.7E0));
#891=LINE('',#890,#889);
#892=DIRECTION('',(-5.458053582443E-1,-4.579850747973E-1,-7.016738431599E-1));
#893=VECTOR('',#892,7.125817855036E-1);
#894=CARTESIAN_POINT('',(2.987435565298E0,-2.374390183435E0,-8.2E0));
#895=LINE('',#894,#893);
#896=DIRECTION('',(-5.E-1,8.660254037844E-1,0.E0));
#897=VECTOR('',#896,5.E-1);
#898=CARTESIAN_POINT('',(8.125644347018E-1,-4.207402885327E0,-7.E-1));
#899=LINE('',#898,#897);
#900=DIRECTION('',(-5.E-1,8.660254037844E-1,0.E0));
#901=VECTOR('',#900,5.E-1);
#902=CARTESIAN_POINT('',(5.094555433772E-1,-4.382402885327E0,-7.E-1));
#903=LINE('',#902,#901);
#904=DIRECTION('',(5.E-1,-8.660254037844E-1,0.E0));
#905=VECTOR('',#904,5.E-1);
#906=CARTESIAN_POINT('',(2.594555433772E-1,-3.949390183435E0,2.E0));
#907=LINE('',#906,#905);
#908=CARTESIAN_POINT('',(8.125644347018E-1,-4.207402885327E0,-7.E-1));
#909=CARTESIAN_POINT('',(5.094555433772E-1,-4.382402885327E0,-7.E-1));
#910=VERTEX_POINT('',#908);
#911=VERTEX_POINT('',#909);
#912=CARTESIAN_POINT('',(5.094555433772E-1,-4.382402885327E0,2.E0));
#913=VERTEX_POINT('',#912);
#914=CARTESIAN_POINT('',(1.630453818635E-1,-4.582402885327E0,2.E0));
#915=VERTEX_POINT('',#914);
#916=CARTESIAN_POINT('',(1.630453818635E-1,-4.582402885327E0,3.121248069614E0));
#917=VERTEX_POINT('',#916);
#918=CARTESIAN_POINT('',(9.484991097697E-1,-4.128920964084E0,3.492996467530E0));
#919=VERTEX_POINT('',#918);
#920=CARTESIAN_POINT('',(3.886954618137E0,-2.432402885327E0,3.121248069614E0));
#921=CARTESIAN_POINT('',(3.886954618137E0,-2.432402885327E0,2.E0));
#922=VERTEX_POINT('',#920);
#923=VERTEX_POINT('',#921);
#924=CARTESIAN_POINT('',(3.540544456623E0,-2.632402885327E0,2.E0));
#925=VERTEX_POINT('',#924);
#926=CARTESIAN_POINT('',(3.540544456623E0,-2.632402885327E0,-7.E-1));
#927=VERTEX_POINT('',#926);
#928=CARTESIAN_POINT('',(3.237435565298E0,-2.807402885327E0,-7.E-1));
#929=VERTEX_POINT('',#928);
#930=CARTESIAN_POINT('',(5.625644347018E-1,-3.774390183435E0,-7.E-1));
#931=CARTESIAN_POINT('',(2.594555433772E-1,-3.949390183435E0,-7.E-1));
#932=VERTEX_POINT('',#930);
#933=VERTEX_POINT('',#931);
#934=CARTESIAN_POINT('',(2.594555433772E-1,-3.949390183435E0,2.E0));
#935=VERTEX_POINT('',#934);
#936=CARTESIAN_POINT('',(-8.695461813654E-2,-4.149390183435E0,2.E0));
#937=VERTEX_POINT('',#936);
#938=CARTESIAN_POINT('',(-8.695461813654E-2,-4.149390183435E0,
3.121248069614E0));
#939=VERTEX_POINT('',#938);
#940=CARTESIAN_POINT('',(6.984991097697E-1,-3.695908262192E0,3.492996467530E0));
#941=VERTEX_POINT('',#940);
#942=CARTESIAN_POINT('',(3.636954618137E0,-1.999390183435E0,3.121248069614E0));
#943=CARTESIAN_POINT('',(3.636954618137E0,-1.999390183435E0,2.E0));
#944=VERTEX_POINT('',#942);
#945=VERTEX_POINT('',#943);
#946=CARTESIAN_POINT('',(3.290544456623E0,-2.199390183435E0,2.E0));
#947=VERTEX_POINT('',#946);
#948=CARTESIAN_POINT('',(3.290544456623E0,-2.199390183435E0,-7.E-1));
#949=VERTEX_POINT('',#948);
#950=CARTESIAN_POINT('',(2.987435565298E0,-2.374390183435E0,-7.E-1));
#951=VERTEX_POINT('',#950);
#952=CARTESIAN_POINT('',(1.505384757729E0,-3.807402885327E0,-5.9E0));
#953=CARTESIAN_POINT('',(2.544615242271E0,-3.207402885327E0,-5.9E0));
#954=VERTEX_POINT('',#952);
#955=VERTEX_POINT('',#953);
#956=CARTESIAN_POINT('',(2.544615242271E0,-3.207402885327E0,-7.1E0));
#957=CARTESIAN_POINT('',(1.505384757729E0,-3.807402885327E0,-7.1E0));
#958=VERTEX_POINT('',#956);
#959=VERTEX_POINT('',#957);
#960=CARTESIAN_POINT('',(1.255384757729E0,-3.374390183435E0,-5.9E0));
#961=CARTESIAN_POINT('',(2.294615242271E0,-2.774390183435E0,-5.9E0));
#962=VERTEX_POINT('',#960);
#963=VERTEX_POINT('',#961);
#964=CARTESIAN_POINT('',(2.294615242271E0,-2.774390183435E0,-7.1E0));
#965=VERTEX_POINT('',#964);
#966=CARTESIAN_POINT('',(1.255384757729E0,-3.374390183435E0,-7.1E0));
#967=VERTEX_POINT('',#966);
#968=CARTESIAN_POINT('',(5.625644347018E-1,-3.774390183435E0,-8.2E0));
#969=VERTEX_POINT('',#968);
#970=CARTESIAN_POINT('',(2.987435565298E0,-2.374390183435E0,-8.2E0));
#971=VERTEX_POINT('',#970);
#972=CARTESIAN_POINT('',(8.125644347018E-1,-4.207402885327E0,-8.2E0));
#973=VERTEX_POINT('',#972);
#974=CARTESIAN_POINT('',(3.237435565298E0,-2.807402885327E0,-8.2E0));
#975=VERTEX_POINT('',#974);
#976=CARTESIAN_POINT('',(2.598504608583E0,-2.700742005768E0,-8.7E0));
#977=CARTESIAN_POINT('',(1.039658881771E0,-3.600742005768E0,-8.7E0));
#978=VERTEX_POINT('',#976);
#979=VERTEX_POINT('',#977);
#980=CARTESIAN_POINT('',(2.760341118229E0,-2.981051062994E0,-8.7E0));
#981=CARTESIAN_POINT('',(1.201495391417E0,-3.881051062994E0,-8.7E0));
#982=VERTEX_POINT('',#980);
#983=VERTEX_POINT('',#981);
#984=CARTESIAN_POINT('',(1.085508313981E0,-4.049818663152E0,3.463636363636E0));
#985=VERTEX_POINT('',#984);
#986=CARTESIAN_POINT('',(2.964491686019E0,-2.964987107502E0,3.463636363636E0));
#987=VERTEX_POINT('',#986);
#988=CARTESIAN_POINT('',(3.101500890230E0,-2.885884806570E0,3.492996467530E0));
#989=VERTEX_POINT('',#988);
#990=CARTESIAN_POINT('',(8.355083139808E-1,-3.616805961259E0,3.463636363636E0));
#991=VERTEX_POINT('',#990);
#992=CARTESIAN_POINT('',(2.714491686019E0,-2.531974405610E0,3.463636363636E0));
#993=VERTEX_POINT('',#992);
#994=CARTESIAN_POINT('',(2.851500890230E0,-2.452872104677E0,3.492996467530E0));
#995=VERTEX_POINT('',#994);
#996=CARTESIAN_POINT('',(3.237435565298E0,-2.807402885327E0,-6.35E0));
#997=CARTESIAN_POINT('',(2.544615242271E0,-3.207402885327E0,-6.35E0));
#998=VERTEX_POINT('',#996);
#999=VERTEX_POINT('',#997);
#1000=CARTESIAN_POINT('',(1.505384757729E0,-3.807402885327E0,-6.35E0));
#1001=CARTESIAN_POINT('',(8.125644347018E-1,-4.207402885327E0,-6.35E0));
#1002=VERTEX_POINT('',#1000);
#1003=VERTEX_POINT('',#1001);
#1004=CARTESIAN_POINT('',(3.237435565298E0,-2.807402885327E0,-6.65E0));
#1005=CARTESIAN_POINT('',(2.544615242271E0,-3.207402885327E0,-6.65E0));
#1006=VERTEX_POINT('',#1004);
#1007=VERTEX_POINT('',#1005);
#1008=CARTESIAN_POINT('',(1.505384757729E0,-3.807402885327E0,-6.65E0));
#1009=CARTESIAN_POINT('',(8.125644347018E-1,-4.207402885327E0,-6.65E0));
#1010=VERTEX_POINT('',#1008);
#1011=VERTEX_POINT('',#1009);
#1012=CARTESIAN_POINT('',(7.375644347018E-1,-4.077499074759E0,-6.5E0));
#1013=VERTEX_POINT('',#1012);
#1014=CARTESIAN_POINT('',(3.162435565298E0,-2.677499074759E0,-6.5E0));
#1015=VERTEX_POINT('',#1014);
#1016=CARTESIAN_POINT('',(2.469615242271E0,-3.077499074759E0,-6.5E0));
#1017=VERTEX_POINT('',#1016);
#1018=CARTESIAN_POINT('',(1.430384757729E0,-3.677499074759E0,-6.5E0));
#1019=VERTEX_POINT('',#1018);
#1020=CARTESIAN_POINT('',(2.025E0,-3.507402885327E0,2.E0));
#1021=DIRECTION('',(-5.E-1,8.660254037844E-1,0.E0));
#1022=DIRECTION('',(-8.660254037844E-1,-5.E-1,0.E0));
#1023=AXIS2_PLACEMENT_3D('',#1020,#1021,#1022);
#1024=PLANE('',#1023);
#1026=ORIENTED_EDGE('',*,*,#1025,.T.);
#1028=ORIENTED_EDGE('',*,*,#1027,.F.);
#1030=ORIENTED_EDGE('',*,*,#1029,.F.);
#1032=ORIENTED_EDGE('',*,*,#1031,.F.);
#1034=ORIENTED_EDGE('',*,*,#1033,.T.);
#1036=ORIENTED_EDGE('',*,*,#1035,.T.);
#1038=ORIENTED_EDGE('',*,*,#1037,.T.);
#1040=ORIENTED_EDGE('',*,*,#1039,.T.);
#1042=ORIENTED_EDGE('',*,*,#1041,.T.);
#1044=ORIENTED_EDGE('',*,*,#1043,.T.);
#1046=ORIENTED_EDGE('',*,*,#1045,.T.);
#1048=ORIENTED_EDGE('',*,*,#1047,.T.);
#1050=ORIENTED_EDGE('',*,*,#1049,.T.);
#1052=ORIENTED_EDGE('',*,*,#1051,.T.);
#1054=ORIENTED_EDGE('',*,*,#1053,.T.);
#1056=ORIENTED_EDGE('',*,*,#1055,.T.);
#1058=ORIENTED_EDGE('',*,*,#1057,.T.);
#1060=ORIENTED_EDGE('',*,*,#1059,.T.);
#1062=ORIENTED_EDGE('',*,*,#1061,.T.);
#1064=ORIENTED_EDGE('',*,*,#1063,.T.);
#1065=EDGE_LOOP('',(#1026,#1028,#1030,#1032,#1034,#1036,#1038,#1040,#1042,#1044,
#1046,#1048,#1050,#1052,#1054,#1056,#1058,#1060,#1062,#1064));
#1066=FACE_OUTER_BOUND('',#1065,.F.);
#1067=ADVANCED_FACE('',(#1066),#1024,.F.);
#1068=CARTESIAN_POINT('',(2.025E0,-3.507402885327E0,2.E0));
#1069=DIRECTION('',(-5.E-1,8.660254037844E-1,0.E0));
#1070=DIRECTION('',(-8.660254037844E-1,-5.E-1,0.E0));
#1071=AXIS2_PLACEMENT_3D('',#1068,#1069,#1070);
#1072=PLANE('',#1071);
#1074=ORIENTED_EDGE('',*,*,#1073,.F.);
#1076=ORIENTED_EDGE('',*,*,#1075,.T.);
#1078=ORIENTED_EDGE('',*,*,#1077,.T.);
#1080=ORIENTED_EDGE('',*,*,#1079,.T.);
#1082=ORIENTED_EDGE('',*,*,#1081,.F.);
#1084=ORIENTED_EDGE('',*,*,#1083,.F.);
#1086=ORIENTED_EDGE('',*,*,#1085,.F.);
#1088=ORIENTED_EDGE('',*,*,#1087,.F.);
#1089=EDGE_LOOP('',(#1074,#1076,#1078,#1080,#1082,#1084,#1086,#1088));
#1090=FACE_OUTER_BOUND('',#1089,.F.);
#1091=ADVANCED_FACE('',(#1090),#1072,.F.);
#1092=CARTESIAN_POINT('',(8.125644347018E-1,-4.207402885327E0,-6.35E0));
#1093=DIRECTION('',(-3.535533905933E-1,6.123724356958E-1,7.071067811866E-1));
#1094=DIRECTION('',(-3.535533905933E-1,6.123724356958E-1,-7.071067811865E-1));
#1095=AXIS2_PLACEMENT_3D('',#1092,#1093,#1094);
#1096=PLANE('',#1095);
#1097=ORIENTED_EDGE('',*,*,#1025,.F.);
#1099=ORIENTED_EDGE('',*,*,#1098,.T.);
#1101=ORIENTED_EDGE('',*,*,#1100,.F.);
#1103=ORIENTED_EDGE('',*,*,#1102,.F.);
#1104=EDGE_LOOP('',(#1097,#1099,#1101,#1103));
#1105=FACE_OUTER_BOUND('',#1104,.F.);
#1106=ADVANCED_FACE('',(#1105),#1096,.F.);
#1107=CARTESIAN_POINT('',(8.125644347018E-1,-4.207402885327E0,-6.35E0));
#1108=DIRECTION('',(-3.535533905933E-1,6.123724356958E-1,7.071067811866E-1));
#1109=DIRECTION('',(-3.535533905933E-1,6.123724356958E-1,-7.071067811865E-1));
#1110=AXIS2_PLACEMENT_3D('',#1107,#1108,#1109);
#1111=PLANE('',#1110);
#1112=ORIENTED_EDGE('',*,*,#1033,.F.);
#1114=ORIENTED_EDGE('',*,*,#1113,.T.);
#1116=ORIENTED_EDGE('',*,*,#1115,.F.);
#1118=ORIENTED_EDGE('',*,*,#1117,.F.);
#1119=EDGE_LOOP('',(#1112,#1114,#1116,#1118));
#1120=FACE_OUTER_BOUND('',#1119,.F.);
#1121=ADVANCED_FACE('',(#1120),#1111,.F.);
#1122=CARTESIAN_POINT('',(3.237435565298E0,-2.807402885327E0,-7.E-1));
#1123=DIRECTION('',(8.660254037844E-1,5.E-1,0.E0));
#1124=DIRECTION('',(0.E0,0.E0,-1.E0));
#1125=AXIS2_PLACEMENT_3D('',#1122,#1123,#1124);
#1126=PLANE('',#1125);
#1127=ORIENTED_EDGE('',*,*,#1098,.F.);
#1128=ORIENTED_EDGE('',*,*,#1063,.F.);
#1130=ORIENTED_EDGE('',*,*,#1129,.T.);
#1132=ORIENTED_EDGE('',*,*,#1131,.T.);
#1134=ORIENTED_EDGE('',*,*,#1133,.F.);
#1135=ORIENTED_EDGE('',*,*,#1075,.F.);
#1137=ORIENTED_EDGE('',*,*,#1136,.F.);
#1138=EDGE_LOOP('',(#1127,#1128,#1130,#1132,#1134,#1135,#1137));
#1139=FACE_OUTER_BOUND('',#1138,.F.);
#1140=ADVANCED_FACE('',(#1139),#1126,.T.);
#1141=CARTESIAN_POINT('',(3.540544456623E0,-2.632402885327E0,-7.E-1));
#1142=DIRECTION('',(0.E0,0.E0,-1.E0));
#1143=DIRECTION('',(-8.660254037844E-1,-5.E-1,0.E0));
#1144=AXIS2_PLACEMENT_3D('',#1141,#1142,#1143);
#1145=PLANE('',#1144);
#1146=ORIENTED_EDGE('',*,*,#1061,.F.);
#1148=ORIENTED_EDGE('',*,*,#1147,.T.);
#1150=ORIENTED_EDGE('',*,*,#1149,.T.);
#1151=ORIENTED_EDGE('',*,*,#1129,.F.);
#1152=EDGE_LOOP('',(#1146,#1148,#1150,#1151));
#1153=FACE_OUTER_BOUND('',#1152,.F.);
#1154=ADVANCED_FACE('',(#1153),#1145,.T.);
#1155=CARTESIAN_POINT('',(3.540544456623E0,-2.632402885327E0,2.E0));
#1156=DIRECTION('',(8.660254037844E-1,5.E-1,0.E0));
#1157=DIRECTION('',(0.E0,0.E0,-1.E0));
#1158=AXIS2_PLACEMENT_3D('',#1155,#1156,#1157);
#1159=PLANE('',#1158);
#1160=ORIENTED_EDGE('',*,*,#1059,.F.);
#1162=ORIENTED_EDGE('',*,*,#1161,.T.);
#1164=ORIENTED_EDGE('',*,*,#1163,.T.);
#1165=ORIENTED_EDGE('',*,*,#1147,.F.);
#1166=EDGE_LOOP('',(#1160,#1162,#1164,#1165));
#1167=FACE_OUTER_BOUND('',#1166,.F.);
#1168=ADVANCED_FACE('',(#1167),#1159,.T.);
#1169=CARTESIAN_POINT('',(1.775E0,-3.074390183435E0,2.E0));
#1170=DIRECTION('',(-5.E-1,8.660254037844E-1,0.E0));
#1171=DIRECTION('',(-8.660254037844E-1,-5.E-1,0.E0));
#1172=AXIS2_PLACEMENT_3D('',#1169,#1170,#1171);
#1173=PLANE('',#1172);
#1175=ORIENTED_EDGE('',*,*,#1174,.F.);
#1177=ORIENTED_EDGE('',*,*,#1176,.F.);
#1178=ORIENTED_EDGE('',*,*,#1131,.F.);
#1179=ORIENTED_EDGE('',*,*,#1149,.F.);
#1180=ORIENTED_EDGE('',*,*,#1163,.F.);
#1182=ORIENTED_EDGE('',*,*,#1181,.T.);
#1184=ORIENTED_EDGE('',*,*,#1183,.T.);
#1186=ORIENTED_EDGE('',*,*,#1185,.T.);
#1188=ORIENTED_EDGE('',*,*,#1187,.T.);
#1190=ORIENTED_EDGE('',*,*,#1189,.T.);
#1192=ORIENTED_EDGE('',*,*,#1191,.T.);
#1194=ORIENTED_EDGE('',*,*,#1193,.T.);
#1196=ORIENTED_EDGE('',*,*,#1195,.T.);
#1198=ORIENTED_EDGE('',*,*,#1197,.T.);
#1200=ORIENTED_EDGE('',*,*,#1199,.F.);
#1202=ORIENTED_EDGE('',*,*,#1201,.F.);
#1203=EDGE_LOOP('',(#1175,#1177,#1178,#1179,#1180,#1182,#1184,#1186,#1188,#1190,
#1192,#1194,#1196,#1198,#1200,#1202));
#1204=FACE_OUTER_BOUND('',#1203,.F.);
#1205=ADVANCED_FACE('',(#1204),#1173,.T.);
#1206=CARTESIAN_POINT('',(8.125644347018E-1,-4.207402885327E0,-8.7E0));
#1207=DIRECTION('',(-8.660254037844E-1,-5.E-1,0.E0));
#1208=DIRECTION('',(0.E0,0.E0,1.E0));
#1209=AXIS2_PLACEMENT_3D('',#1206,#1207,#1208);
#1210=PLANE('',#1209);
#1211=ORIENTED_EDGE('',*,*,#1117,.T.);
#1213=ORIENTED_EDGE('',*,*,#1212,.T.);
#1214=ORIENTED_EDGE('',*,*,#1079,.F.);
#1216=ORIENTED_EDGE('',*,*,#1215,.T.);
#1217=ORIENTED_EDGE('',*,*,#1174,.T.);
#1219=ORIENTED_EDGE('',*,*,#1218,.F.);
#1220=ORIENTED_EDGE('',*,*,#1035,.F.);
#1221=EDGE_LOOP('',(#1211,#1213,#1214,#1216,#1217,#1219,#1220));
#1222=FACE_OUTER_BOUND('',#1221,.F.);
#1223=ADVANCED_FACE('',(#1222),#1210,.T.);
#1224=CARTESIAN_POINT('',(7.375644347018E-1,-4.077499074759E0,-6.5E0));
#1225=DIRECTION('',(-3.535533905933E-1,6.123724356958E-1,-7.071067811865E-1));
#1226=DIRECTION('',(3.535533905933E-1,-6.123724356958E-1,-7.071067811865E-1));
#1227=AXIS2_PLACEMENT_3D('',#1224,#1225,#1226);
#1228=PLANE('',#1227);
#1229=ORIENTED_EDGE('',*,*,#1073,.T.);
#1231=ORIENTED_EDGE('',*,*,#1230,.F.);
#1232=ORIENTED_EDGE('',*,*,#1100,.T.);
#1233=ORIENTED_EDGE('',*,*,#1136,.T.);
#1234=EDGE_LOOP('',(#1229,#1231,#1232,#1233));
#1235=FACE_OUTER_BOUND('',#1234,.F.);
#1236=ADVANCED_FACE('',(#1235),#1228,.F.);
#1237=CARTESIAN_POINT('',(7.375644347018E-1,-4.077499074759E0,-6.5E0));
#1238=DIRECTION('',(-3.535533905933E-1,6.123724356958E-1,-7.071067811865E-1));
#1239=DIRECTION('',(3.535533905933E-1,-6.123724356958E-1,-7.071067811865E-1));
#1240=AXIS2_PLACEMENT_3D('',#1237,#1238,#1239);
#1241=PLANE('',#1240);
#1242=ORIENTED_EDGE('',*,*,#1081,.T.);
#1243=ORIENTED_EDGE('',*,*,#1212,.F.);
#1244=ORIENTED_EDGE('',*,*,#1115,.T.);
#1246=ORIENTED_EDGE('',*,*,#1245,.T.);
#1247=EDGE_LOOP('',(#1242,#1243,#1244,#1246));
#1248=FACE_OUTER_BOUND('',#1247,.F.);
#1249=ADVANCED_FACE('',(#1248),#1241,.F.);
#1250=CARTESIAN_POINT('',(2.294615242271E0,-2.774390183435E0,-5.9E0));
#1251=DIRECTION('',(8.660254037844E-1,5.E-1,0.E0));
#1252=DIRECTION('',(0.E0,0.E0,-1.E0));
#1253=AXIS2_PLACEMENT_3D('',#1250,#1251,#1252);
#1254=PLANE('',#1253);
#1255=ORIENTED_EDGE('',*,*,#1102,.T.);
#1256=ORIENTED_EDGE('',*,*,#1230,.T.);
#1257=ORIENTED_EDGE('',*,*,#1087,.T.);
#1259=ORIENTED_EDGE('',*,*,#1258,.F.);
#1261=ORIENTED_EDGE('',*,*,#1260,.T.);
#1263=ORIENTED_EDGE('',*,*,#1262,.T.);
#1264=ORIENTED_EDGE('',*,*,#1027,.T.);
#1265=EDGE_LOOP('',(#1255,#1256,#1257,#1259,#1261,#1263,#1264));
#1266=FACE_OUTER_BOUND('',#1265,.F.);
#1267=ADVANCED_FACE('',(#1266),#1254,.F.);
#1268=CARTESIAN_POINT('',(1.775E0,-3.074390183435E0,-7.1E0));
#1269=DIRECTION('',(-5.E-1,8.660254037844E-1,0.E0));
#1270=DIRECTION('',(-8.660254037844E-1,-5.E-1,0.E0));
#1271=AXIS2_PLACEMENT_3D('',#1268,#1269,#1270);
#1272=CYLINDRICAL_SURFACE('',#1271,6.E-1);
#1273=ORIENTED_EDGE('',*,*,#1085,.T.);
#1275=ORIENTED_EDGE('',*,*,#1274,.F.);
#1277=ORIENTED_EDGE('',*,*,#1276,.T.);
#1278=ORIENTED_EDGE('',*,*,#1258,.T.);
#1279=EDGE_LOOP('',(#1273,#1275,#1277,#1278));
#1280=FACE_OUTER_BOUND('',#1279,.F.);
#1281=ADVANCED_FACE('',(#1280),#1272,.F.);
#1282=CARTESIAN_POINT('',(1.255384757729E0,-3.374390183435E0,-7.1E0));
#1283=DIRECTION('',(-8.660254037844E-1,-5.E-1,0.E0));
#1284=DIRECTION('',(0.E0,0.E0,1.E0));
#1285=AXIS2_PLACEMENT_3D('',#1282,#1283,#1284);
#1286=PLANE('',#1285);
#1287=ORIENTED_EDGE('',*,*,#1113,.F.);
#1288=ORIENTED_EDGE('',*,*,#1031,.T.);
#1290=ORIENTED_EDGE('',*,*,#1289,.F.);
#1292=ORIENTED_EDGE('',*,*,#1291,.T.);
#1293=ORIENTED_EDGE('',*,*,#1274,.T.);
#1294=ORIENTED_EDGE('',*,*,#1083,.T.);
#1295=ORIENTED_EDGE('',*,*,#1245,.F.);
#1296=EDGE_LOOP('',(#1287,#1288,#1290,#1292,#1293,#1294,#1295));
#1297=FACE_OUTER_BOUND('',#1296,.F.);
#1298=ADVANCED_FACE('',(#1297),#1286,.F.);
#1299=CARTESIAN_POINT('',(1.775E0,-3.074390183435E0,-5.9E0));
#1300=DIRECTION('',(-5.E-1,8.660254037844E-1,0.E0));
#1301=DIRECTION('',(-8.660254037844E-1,-5.E-1,0.E0));
#1302=AXIS2_PLACEMENT_3D('',#1299,#1300,#1301);
#1303=CYLINDRICAL_SURFACE('',#1302,6.E-1);
#1304=ORIENTED_EDGE('',*,*,#1029,.T.);
#1305=ORIENTED_EDGE('',*,*,#1262,.F.);
#1307=ORIENTED_EDGE('',*,*,#1306,.T.);
#1308=ORIENTED_EDGE('',*,*,#1289,.T.);
#1309=EDGE_LOOP('',(#1304,#1305,#1307,#1308));
#1310=FACE_OUTER_BOUND('',#1309,.F.);
#1311=ADVANCED_FACE('',(#1310),#1303,.F.);
#1312=CARTESIAN_POINT('',(8.125644347018E-1,-4.207402885327E0,-8.2E0));
#1313=DIRECTION('',(-6.123724356958E-1,-3.535533905933E-1,-7.071067811865E-1));
#1314=DIRECTION('',(-5.E-1,8.660254037844E-1,0.E0));
#1315=AXIS2_PLACEMENT_3D('',#1312,#1313,#1314);
#1316=PLANE('',#1315);
#1317=ORIENTED_EDGE('',*,*,#1215,.F.);
#1319=ORIENTED_EDGE('',*,*,#1318,.T.);
#1321=ORIENTED_EDGE('',*,*,#1320,.T.);
#1323=ORIENTED_EDGE('',*,*,#1322,.F.);
#1324=EDGE_LOOP('',(#1317,#1319,#1321,#1323));
#1325=FACE_OUTER_BOUND('',#1324,.F.);
#1326=ADVANCED_FACE('',(#1325),#1316,.T.);
#1327=CARTESIAN_POINT('',(3.237435565298E0,-2.807402885327E0,-8.2E0));
#1328=DIRECTION('',(4.924038765061E-1,-8.528685319524E-1,-1.736481776669E-1));
#1329=DIRECTION('',(-8.660254037844E-1,-5.E-1,0.E0));
#1330=AXIS2_PLACEMENT_3D('',#1327,#1328,#1329);
#1331=PLANE('',#1330);
#1332=ORIENTED_EDGE('',*,*,#1077,.F.);
#1334=ORIENTED_EDGE('',*,*,#1333,.T.);
#1336=ORIENTED_EDGE('',*,*,#1335,.T.);
#1337=ORIENTED_EDGE('',*,*,#1318,.F.);
#1338=EDGE_LOOP('',(#1332,#1334,#1336,#1337));
#1339=FACE_OUTER_BOUND('',#1338,.F.);
#1340=ADVANCED_FACE('',(#1339),#1331,.T.);
#1341=CARTESIAN_POINT('',(2.804422863406E0,-3.057402885327E0,-8.7E0));
#1342=DIRECTION('',(6.123724356958E-1,3.535533905933E-1,-7.071067811865E-1));
#1343=DIRECTION('',(-5.E-1,8.660254037844E-1,0.E0));
#1344=AXIS2_PLACEMENT_3D('',#1341,#1342,#1343);
#1345=PLANE('',#1344);
#1347=ORIENTED_EDGE('',*,*,#1346,.F.);
#1348=ORIENTED_EDGE('',*,*,#1333,.F.);
#1349=ORIENTED_EDGE('',*,*,#1133,.T.);
#1351=ORIENTED_EDGE('',*,*,#1350,.T.);
#1352=EDGE_LOOP('',(#1347,#1348,#1349,#1351));
#1353=FACE_OUTER_BOUND('',#1352,.F.);
#1354=ADVANCED_FACE('',(#1353),#1345,.T.);
#1355=CARTESIAN_POINT('',(3.237435565298E0,-2.807402885327E0,-8.7E0));
#1356=DIRECTION('',(0.E0,0.E0,-1.E0));
#1357=DIRECTION('',(-8.660254037844E-1,-5.E-1,0.E0));
#1358=AXIS2_PLACEMENT_3D('',#1355,#1356,#1357);
#1359=PLANE('',#1358);
#1360=ORIENTED_EDGE('',*,*,#1335,.F.);
#1361=ORIENTED_EDGE('',*,*,#1346,.T.);
#1363=ORIENTED_EDGE('',*,*,#1362,.T.);
#1364=ORIENTED_EDGE('',*,*,#1320,.F.);
#1365=EDGE_LOOP('',(#1360,#1361,#1363,#1364));
#1366=FACE_OUTER_BOUND('',#1365,.F.);
#1367=ADVANCED_FACE('',(#1366),#1359,.T.);
#1368=CARTESIAN_POINT('',(2.987435565298E0,-2.374390183435E0,-8.2E0));
#1369=DIRECTION('',(4.924038765061E-1,-8.528685319524E-1,1.736481776669E-1));
#1370=DIRECTION('',(-8.660254037844E-1,-5.E-1,0.E0));
#1371=AXIS2_PLACEMENT_3D('',#1368,#1369,#1370);
#1372=PLANE('',#1371);
#1373=ORIENTED_EDGE('',*,*,#1176,.T.);
#1374=ORIENTED_EDGE('',*,*,#1322,.T.);
#1375=ORIENTED_EDGE('',*,*,#1362,.F.);
#1376=ORIENTED_EDGE('',*,*,#1350,.F.);
#1377=EDGE_LOOP('',(#1373,#1374,#1375,#1376));
#1378=FACE_OUTER_BOUND('',#1377,.F.);
#1379=ADVANCED_FACE('',(#1378),#1372,.F.);
#1380=CARTESIAN_POINT('',(8.125644347018E-1,-4.207402885327E0,-7.E-1));
#1381=DIRECTION('',(0.E0,0.E0,-1.E0));
#1382=DIRECTION('',(-8.660254037844E-1,-5.E-1,0.E0));
#1383=AXIS2_PLACEMENT_3D('',#1380,#1381,#1382);
#1384=PLANE('',#1383);
#1385=ORIENTED_EDGE('',*,*,#1037,.F.);
#1386=ORIENTED_EDGE('',*,*,#1218,.T.);
#1387=ORIENTED_EDGE('',*,*,#1201,.T.);
#1389=ORIENTED_EDGE('',*,*,#1388,.F.);
#1390=EDGE_LOOP('',(#1385,#1386,#1387,#1389));
#1391=FACE_OUTER_BOUND('',#1390,.F.);
#1392=ADVANCED_FACE('',(#1391),#1384,.T.);
#1393=CARTESIAN_POINT('',(5.094555433772E-1,-4.382402885327E0,-7.E-1));
#1394=DIRECTION('',(-8.660254037844E-1,-5.E-1,0.E0));
#1395=DIRECTION('',(0.E0,0.E0,1.E0));
#1396=AXIS2_PLACEMENT_3D('',#1393,#1394,#1395);
#1397=PLANE('',#1396);
#1398=ORIENTED_EDGE('',*,*,#1039,.F.);
#1399=ORIENTED_EDGE('',*,*,#1388,.T.);
#1400=ORIENTED_EDGE('',*,*,#1199,.T.);
#1402=ORIENTED_EDGE('',*,*,#1401,.T.);
#1403=EDGE_LOOP('',(#1398,#1399,#1400,#1402));
#1404=FACE_OUTER_BOUND('',#1403,.F.);
#1405=ADVANCED_FACE('',(#1404),#1397,.T.);
#1406=OPEN_SHELL('',(#1067,#1091,#1106,#1121,#1140,#1154,#1168,#1205,#1223,
#1236,#1249,#1267,#1281,#1298,#1311,#1326,#1340,#1354,#1367,#1379,#1392,#1405));
#1407=DIRECTION('',(8.660254037844E-1,5.E-1,0.E0));
#1408=VECTOR('',#1407,8.E-1);
#1409=CARTESIAN_POINT('',(-3.237435565298E0,2.807402885327E0,-6.35E0));
#1410=LINE('',#1409,#1408);
#1411=DIRECTION('',(0.E0,0.E0,-1.E0));
#1412=VECTOR('',#1411,4.5E-1);
#1413=CARTESIAN_POINT('',(-2.544615242271E0,3.207402885327E0,-5.9E0));
#1414=LINE('',#1413,#1412);
#1415=CARTESIAN_POINT('',(-2.025E0,3.507402885327E0,-5.9E0));
#1416=DIRECTION('',(5.E-1,-8.660254037844E-1,0.E0));
#1417=DIRECTION('',(8.660254037844E-1,5.E-1,0.E0));
#1418=AXIS2_PLACEMENT_3D('',#1415,#1416,#1417);
#1420=DIRECTION('',(0.E0,0.E0,1.E0));
#1421=VECTOR('',#1420,4.5E-1);
#1422=CARTESIAN_POINT('',(-1.505384757729E0,3.807402885327E0,-6.35E0));
#1423=LINE('',#1422,#1421);
#1424=DIRECTION('',(8.660254037844E-1,5.E-1,0.E0));
#1425=VECTOR('',#1424,8.E-1);
#1426=CARTESIAN_POINT('',(-1.505384757729E0,3.807402885327E0,-6.35E0));
#1427=LINE('',#1426,#1425);
#1428=DIRECTION('',(0.E0,0.E0,1.E0));
#1429=VECTOR('',#1428,5.65E0);
#1430=CARTESIAN_POINT('',(-8.125644347018E-1,4.207402885327E0,-6.35E0));
#1431=LINE('',#1430,#1429);
#1432=DIRECTION('',(8.660254037844E-1,5.E-1,2.283887364943E-14));
#1433=VECTOR('',#1432,3.5E-1);
#1434=CARTESIAN_POINT('',(-8.125644347018E-1,4.207402885327E0,-7.E-1));
#1435=LINE('',#1434,#1433);
#1436=DIRECTION('',(0.E0,0.E0,1.E0));
#1437=VECTOR('',#1436,2.7E0);
#1438=CARTESIAN_POINT('',(-5.094555433772E-1,4.382402885327E0,-7.E-1));
#1439=LINE('',#1438,#1437);
#1440=DIRECTION('',(8.660254037844E-1,5.E-1,0.E0));
#1441=VECTOR('',#1440,4.E-1);
#1442=CARTESIAN_POINT('',(-5.094555433772E-1,4.382402885327E0,2.E0));
#1443=LINE('',#1442,#1441);
#1444=DIRECTION('',(0.E0,0.E0,1.E0));
#1445=VECTOR('',#1444,1.121248069614E0);
#1446=CARTESIAN_POINT('',(-1.630453818635E-1,4.582402885327E0,2.E0));
#1447=LINE('',#1446,#1445);
#1448=CARTESIAN_POINT('',(-2.025E0,3.507402885327E0,-8.319152207144E-1));
#1449=DIRECTION('',(5.E-1,-8.660254037844E-1,0.E0));
#1450=DIRECTION('',(4.137676929192E-1,2.388888888889E-1,8.784807311841E-1));
#1451=AXIS2_PLACEMENT_3D('',#1448,#1449,#1450);
#1453=CARTESIAN_POINT('',(-9.915591453789E-1,4.104060240934E0,3.32E0));
#1454=DIRECTION('',(5.E-1,-8.660254037844E-1,0.E0));
#1455=DIRECTION('',(2.392224200512E-1,1.381151286127E-1,9.610914862765E-1));
#1456=AXIS2_PLACEMENT_3D('',#1453,#1454,#1455);
#1458=CARTESIAN_POINT('',(-2.025E0,3.507402885327E0,4.9E0));
#1459=DIRECTION('',(-5.E-1,8.660254037844E-1,0.E0));
#1460=DIRECTION('',(5.219398255662E-1,3.013420987914E-1,-7.979797979798E-1));
#1461=AXIS2_PLACEMENT_3D('',#1458,#1459,#1460);
#1463=CARTESIAN_POINT('',(-3.058440854621E0,2.910745529720E0,3.32E0));
#1464=DIRECTION('',(5.E-1,-8.660254037844E-1,0.E0));
#1465=DIRECTION('',(5.219398255662E-1,3.013420987914E-1,7.979797979798E-1));
#1466=AXIS2_PLACEMENT_3D('',#1463,#1464,#1465);
#1468=CARTESIAN_POINT('',(-2.025E0,3.507402885327E0,-8.319152207144E-1));
#1469=DIRECTION('',(5.E-1,-8.660254037844E-1,0.E0));
#1470=DIRECTION('',(-2.392224200512E-1,-1.381151286127E-1,9.610914862765E-1));
#1471=AXIS2_PLACEMENT_3D('',#1468,#1469,#1470);
#1473=DIRECTION('',(0.E0,0.E0,-1.E0));
#1474=VECTOR('',#1473,1.121248069614E0);
#1475=CARTESIAN_POINT('',(-3.886954618137E0,2.432402885327E0,3.121248069614E0));
#1476=LINE('',#1475,#1474);
#1477=DIRECTION('',(8.660254037844E-1,5.E-1,0.E0));
#1478=VECTOR('',#1477,4.E-1);
#1479=CARTESIAN_POINT('',(-3.886954618137E0,2.432402885327E0,2.E0));
#1480=LINE('',#1479,#1478);
#1481=DIRECTION('',(0.E0,0.E0,-1.E0));
#1482=VECTOR('',#1481,2.7E0);
#1483=CARTESIAN_POINT('',(-3.540544456623E0,2.632402885327E0,2.E0));
#1484=LINE('',#1483,#1482);
#1485=DIRECTION('',(8.660254037844E-1,5.E-1,0.E0));
#1486=VECTOR('',#1485,3.5E-1);
#1487=CARTESIAN_POINT('',(-3.540544456623E0,2.632402885327E0,-7.E-1));
#1488=LINE('',#1487,#1486);
#1489=DIRECTION('',(0.E0,0.E0,-1.E0));
#1490=VECTOR('',#1489,5.65E0);
#1491=CARTESIAN_POINT('',(-3.237435565298E0,2.807402885327E0,-7.E-1));
#1492=LINE('',#1491,#1490);
#1493=DIRECTION('',(8.660254037844E-1,5.E-1,0.E0));
#1494=VECTOR('',#1493,8.E-1);
#1495=CARTESIAN_POINT('',(-3.237435565298E0,2.807402885327E0,-6.65E0));
#1496=LINE('',#1495,#1494);
#1497=DIRECTION('',(0.E0,0.E0,-1.E0));
#1498=VECTOR('',#1497,1.55E0);
#1499=CARTESIAN_POINT('',(-3.237435565298E0,2.807402885327E0,-6.65E0));
#1500=LINE('',#1499,#1498);
#1501=DIRECTION('',(0.E0,0.E0,1.E0));
#1502=VECTOR('',#1501,1.55E0);
#1503=CARTESIAN_POINT('',(-8.125644347018E-1,4.207402885327E0,-8.2E0));
#1504=LINE('',#1503,#1502);
#1505=DIRECTION('',(8.660254037844E-1,5.E-1,0.E0));
#1506=VECTOR('',#1505,8.E-1);
#1507=CARTESIAN_POINT('',(-1.505384757729E0,3.807402885327E0,-6.65E0));
#1508=LINE('',#1507,#1506);
#1509=DIRECTION('',(0.E0,0.E0,1.E0));
#1510=VECTOR('',#1509,4.5E-1);
#1511=CARTESIAN_POINT('',(-1.505384757729E0,3.807402885327E0,-7.1E0));
#1512=LINE('',#1511,#1510);
#1513=CARTESIAN_POINT('',(-2.025E0,3.507402885327E0,-7.1E0));
#1514=DIRECTION('',(5.E-1,-8.660254037844E-1,0.E0));
#1515=DIRECTION('',(-8.660254037844E-1,-5.E-1,0.E0));
#1516=AXIS2_PLACEMENT_3D('',#1513,#1514,#1515);
#1518=DIRECTION('',(0.E0,0.E0,-1.E0));
#1519=VECTOR('',#1518,4.5E-1);
#1520=CARTESIAN_POINT('',(-2.544615242271E0,3.207402885327E0,-6.65E0));
#1521=LINE('',#1520,#1519);
#1522=DIRECTION('',(3.535533905933E-1,-6.123724356958E-1,-7.071067811865E-1));
#1523=VECTOR('',#1522,2.121320343560E-1);
#1524=CARTESIAN_POINT('',(-3.237435565298E0,2.807402885327E0,-6.35E0));
#1525=LINE('',#1524,#1523);
#1526=DIRECTION('',(5.E-1,-8.660254037844E-1,0.E0));
#1527=VECTOR('',#1526,5.E-1);
#1528=CARTESIAN_POINT('',(-3.237435565298E0,2.807402885327E0,-7.E-1));
#1529=LINE('',#1528,#1527);
#1530=DIRECTION('',(-3.535533905933E-1,6.123724356958E-1,-7.071067811865E-1));
#1531=VECTOR('',#1530,2.121320343560E-1);
#1532=CARTESIAN_POINT('',(-3.162435565298E0,2.677499074759E0,-6.5E0));
#1533=LINE('',#1532,#1531);
#1534=DIRECTION('',(5.E-1,-8.660254037844E-1,0.E0));
#1535=VECTOR('',#1534,5.E-1);
#1536=CARTESIAN_POINT('',(-3.540544456623E0,2.632402885327E0,-7.E-1));
#1537=LINE('',#1536,#1535);
#1538=DIRECTION('',(5.E-1,-8.660254037844E-1,0.E0));
#1539=VECTOR('',#1538,5.E-1);
#1540=CARTESIAN_POINT('',(-3.540544456623E0,2.632402885327E0,2.E0));
#1541=LINE('',#1540,#1539);
#1542=DIRECTION('',(0.E0,0.E0,1.E0));
#1543=VECTOR('',#1542,7.5E0);
#1544=CARTESIAN_POINT('',(-5.625644347018E-1,3.774390183435E0,-8.2E0));
#1545=LINE('',#1544,#1543);
#1546=DIRECTION('',(0.E0,0.E0,-1.E0));
#1547=VECTOR('',#1546,7.5E0);
#1548=CARTESIAN_POINT('',(-2.987435565298E0,2.374390183435E0,-7.E-1));
#1549=LINE('',#1548,#1547);
#1550=DIRECTION('',(8.660254037844E-1,5.E-1,0.E0));
#1551=VECTOR('',#1550,3.5E-1);
#1552=CARTESIAN_POINT('',(-3.290544456623E0,2.199390183435E0,-7.E-1));
#1553=LINE('',#1552,#1551);
#1554=DIRECTION('',(0.E0,0.E0,-1.E0));
#1555=VECTOR('',#1554,2.7E0);
#1556=CARTESIAN_POINT('',(-3.290544456623E0,2.199390183435E0,2.E0));
#1557=LINE('',#1556,#1555);
#1558=DIRECTION('',(-8.660254037844E-1,-5.E-1,0.E0));
#1559=VECTOR('',#1558,4.E-1);
#1560=CARTESIAN_POINT('',(-3.290544456623E0,2.199390183435E0,2.E0));
#1561=LINE('',#1560,#1559);
#1562=DIRECTION('',(0.E0,0.E0,1.E0));
#1563=VECTOR('',#1562,1.121248069614E0);
#1564=CARTESIAN_POINT('',(-3.636954618137E0,1.999390183435E0,2.E0));
#1565=LINE('',#1564,#1563);
#1566=CARTESIAN_POINT('',(-1.775E0,3.074390183435E0,-8.319152207144E-1));
#1567=DIRECTION('',(-5.E-1,8.660254037844E-1,0.E0));
#1568=DIRECTION('',(-4.137676929192E-1,-2.388888888889E-1,8.784807311841E-1));
#1569=AXIS2_PLACEMENT_3D('',#1566,#1567,#1568);
#1571=CARTESIAN_POINT('',(-2.808440854621E0,2.477732827828E0,3.32E0));
#1572=DIRECTION('',(-5.E-1,8.660254037844E-1,0.E0));
#1573=DIRECTION('',(-2.392224200512E-1,-1.381151286127E-1,9.610914862765E-1));
#1574=AXIS2_PLACEMENT_3D('',#1571,#1572,#1573);
#1576=CARTESIAN_POINT('',(-1.775E0,3.074390183435E0,4.9E0));
#1577=DIRECTION('',(5.E-1,-8.660254037844E-1,0.E0));
#1578=DIRECTION('',(-5.219398255662E-1,-3.013420987914E-1,-7.979797979798E-1));
#1579=AXIS2_PLACEMENT_3D('',#1576,#1577,#1578);
#1581=CARTESIAN_POINT('',(-7.415591453789E-1,3.671047539042E0,3.32E0));
#1582=DIRECTION('',(-5.E-1,8.660254037844E-1,0.E0));
#1583=DIRECTION('',(-5.219398255662E-1,-3.013420987914E-1,7.979797979798E-1));
#1584=AXIS2_PLACEMENT_3D('',#1581,#1582,#1583);
#1586=CARTESIAN_POINT('',(-1.775E0,3.074390183435E0,-8.319152207144E-1));
#1587=DIRECTION('',(-5.E-1,8.660254037844E-1,0.E0));
#1588=DIRECTION('',(2.392224200512E-1,1.381151286127E-1,9.610914862765E-1));
#1589=AXIS2_PLACEMENT_3D('',#1586,#1587,#1588);
#1591=DIRECTION('',(0.E0,0.E0,-1.E0));
#1592=VECTOR('',#1591,1.121248069614E0);
#1593=CARTESIAN_POINT('',(8.695461813654E-2,4.149390183435E0,3.121248069614E0));
#1594=LINE('',#1593,#1592);
#1595=DIRECTION('',(-8.660254037844E-1,-5.E-1,0.E0));
#1596=VECTOR('',#1595,4.E-1);
#1597=CARTESIAN_POINT('',(8.695461813654E-2,4.149390183435E0,2.E0));
#1598=LINE('',#1597,#1596);
#1599=DIRECTION('',(0.E0,0.E0,1.E0));
#1600=VECTOR('',#1599,2.7E0);
#1601=CARTESIAN_POINT('',(-2.594555433772E-1,3.949390183435E0,-7.E-1));
#1602=LINE('',#1601,#1600);
#1603=DIRECTION('',(8.660254037844E-1,5.E-1,2.283887364943E-14));
#1604=VECTOR('',#1603,3.5E-1);
#1605=CARTESIAN_POINT('',(-5.625644347018E-1,3.774390183435E0,-7.E-1));
#1606=LINE('',#1605,#1604);
#1607=DIRECTION('',(3.535533905933E-1,-6.123724356958E-1,-7.071067811865E-1));
#1608=VECTOR('',#1607,2.121320343560E-1);
#1609=CARTESIAN_POINT('',(-8.125644347018E-1,4.207402885327E0,-6.35E0));
#1610=LINE('',#1609,#1608);
#1611=DIRECTION('',(-3.535533905933E-1,6.123724356958E-1,-7.071067811865E-1));
#1612=VECTOR('',#1611,2.121320343560E-1);
#1613=CARTESIAN_POINT('',(-7.375644347018E-1,4.077499074759E0,-6.5E0));
#1614=LINE('',#1613,#1612);
#1615=DIRECTION('',(-8.660254037844E-1,-5.E-1,0.E0));
#1616=VECTOR('',#1615,8.E-1);
#1617=CARTESIAN_POINT('',(-2.469615242271E0,3.077499074759E0,-6.5E0));
#1618=LINE('',#1617,#1616);
#1619=DIRECTION('',(-8.660254037844E-1,-5.E-1,0.E0));
#1620=VECTOR('',#1619,8.E-1);
#1621=CARTESIAN_POINT('',(-7.375644347018E-1,4.077499074759E0,-6.5E0));
#1622=LINE('',#1621,#1620);
#1623=DIRECTION('',(3.535533905933E-1,-6.123724356958E-1,-7.071067811865E-1));
#1624=VECTOR('',#1623,2.121320343560E-1);
#1625=CARTESIAN_POINT('',(-2.544615242271E0,3.207402885327E0,-6.35E0));
#1626=LINE('',#1625,#1624);
#1627=DIRECTION('',(-3.535533905933E-1,6.123724356958E-1,-7.071067811865E-1));
#1628=VECTOR('',#1627,2.121320343560E-1);
#1629=CARTESIAN_POINT('',(-2.469615242271E0,3.077499074759E0,-6.5E0));
#1630=LINE('',#1629,#1628);
#1631=DIRECTION('',(0.E0,0.E0,1.E0));
#1632=VECTOR('',#1631,1.2E0);
#1633=CARTESIAN_POINT('',(-2.294615242271E0,2.774390183435E0,-7.1E0));
#1634=LINE('',#1633,#1632);
#1635=DIRECTION('',(-5.E-1,8.660254037844E-1,0.E0));
#1636=VECTOR('',#1635,5.E-1);
#1637=CARTESIAN_POINT('',(-2.294615242271E0,2.774390183435E0,-5.9E0));
#1638=LINE('',#1637,#1636);
#1639=CARTESIAN_POINT('',(-1.775E0,3.074390183435E0,-7.1E0));
#1640=DIRECTION('',(-5.E-1,8.660254037844E-1,0.E0));
#1641=DIRECTION('',(8.660254037844E-1,5.E-1,0.E0));
#1642=AXIS2_PLACEMENT_3D('',#1639,#1640,#1641);
#1644=DIRECTION('',(-5.E-1,8.660254037844E-1,0.E0));
#1645=VECTOR('',#1644,5.E-1);
#1646=CARTESIAN_POINT('',(-2.294615242271E0,2.774390183435E0,-7.1E0));
#1647=LINE('',#1646,#1645);
#1648=DIRECTION('',(3.535533905933E-1,-6.123724356958E-1,-7.071067811865E-1));
#1649=VECTOR('',#1648,2.121320343560E-1);
#1650=CARTESIAN_POINT('',(-1.505384757729E0,3.807402885327E0,-6.35E0));
#1651=LINE('',#1650,#1649);
#1652=DIRECTION('',(0.E0,0.E0,-1.E0));
#1653=VECTOR('',#1652,1.2E0);
#1654=CARTESIAN_POINT('',(-1.255384757729E0,3.374390183435E0,-5.9E0));
#1655=LINE('',#1654,#1653);
#1656=DIRECTION('',(-5.E-1,8.660254037844E-1,0.E0));
#1657=VECTOR('',#1656,5.E-1);
#1658=CARTESIAN_POINT('',(-1.255384757729E0,3.374390183435E0,-7.1E0));
#1659=LINE('',#1658,#1657);
#1660=DIRECTION('',(-3.535533905933E-1,6.123724356958E-1,-7.071067811865E-1));
#1661=VECTOR('',#1660,2.121320343560E-1);
#1662=CARTESIAN_POINT('',(-1.430384757729E0,3.677499074759E0,-6.5E0));
#1663=LINE('',#1662,#1661);
#1664=CARTESIAN_POINT('',(-1.775E0,3.074390183435E0,-5.9E0));
#1665=DIRECTION('',(-5.E-1,8.660254037844E-1,0.E0));
#1666=DIRECTION('',(-8.660254037844E-1,-5.E-1,0.E0));
#1667=AXIS2_PLACEMENT_3D('',#1664,#1665,#1666);
#1669=DIRECTION('',(-5.E-1,8.660254037844E-1,0.E0));
#1670=VECTOR('',#1669,5.E-1);
#1671=CARTESIAN_POINT('',(-1.255384757729E0,3.374390183435E0,-5.9E0));
#1672=LINE('',#1671,#1670);
#1673=DIRECTION('',(5.E-1,-8.660254037844E-1,0.E0));
#1674=VECTOR('',#1673,5.E-1);
#1675=CARTESIAN_POINT('',(-8.125644347018E-1,4.207402885327E0,-8.2E0));
#1676=LINE('',#1675,#1674);
#1677=DIRECTION('',(5.E-1,-8.660254037844E-1,0.E0));
#1678=VECTOR('',#1677,3.236730192915E-1);
#1679=CARTESIAN_POINT('',(-1.201495391417E0,3.881051062994E0,-8.7E0));
#1680=LINE('',#1679,#1678);
#1681=DIRECTION('',(8.660254037844E-1,5.E-1,0.E0));
#1682=VECTOR('',#1681,2.8E0);
#1683=CARTESIAN_POINT('',(-3.237435565298E0,2.807402885327E0,-8.2E0));
#1684=LINE('',#1683,#1682);
#1685=DIRECTION('',(6.695293884507E-1,2.436887683625E-1,-7.016738431599E-1));
#1686=VECTOR('',#1685,7.125817855036E-1);
#1687=CARTESIAN_POINT('',(-3.237435565298E0,2.807402885327E0,-8.2E0));
#1688=LINE('',#1687,#1686);
#1689=DIRECTION('',(8.660254037844E-1,5.E-1,0.E0));
#1690=VECTOR('',#1689,1.8E0);
#1691=CARTESIAN_POINT('',(-2.760341118229E0,2.981051062994E0,-8.7E0));
#1692=LINE('',#1691,#1690);
#1693=DIRECTION('',(-5.458053582443E-1,-4.579850747973E-1,-7.016738431599E-1));
#1694=VECTOR('',#1693,7.125817855036E-1);
#1695=CARTESIAN_POINT('',(-8.125644347018E-1,4.207402885327E0,-8.2E0));
#1696=LINE('',#1695,#1694);
#1697=DIRECTION('',(5.E-1,-8.660254037844E-1,0.E0));
#1698=VECTOR('',#1697,3.236730192915E-1);
#1699=CARTESIAN_POINT('',(-2.760341118229E0,2.981051062994E0,-8.7E0));
#1700=LINE('',#1699,#1698);
#1701=DIRECTION('',(5.E-1,-8.660254037844E-1,0.E0));
#1702=VECTOR('',#1701,5.E-1);
#1703=CARTESIAN_POINT('',(-3.237435565298E0,2.807402885327E0,-8.2E0));
#1704=LINE('',#1703,#1702);
#1705=DIRECTION('',(8.660254037844E-1,5.E-1,0.E0));
#1706=VECTOR('',#1705,2.8E0);
#1707=CARTESIAN_POINT('',(-2.987435565298E0,2.374390183435E0,-8.2E0));
#1708=LINE('',#1707,#1706);
#1709=DIRECTION('',(-6.695293884507E-1,-2.436887683625E-1,-7.016738431599E-1));
#1710=VECTOR('',#1709,7.125817855036E-1);
#1711=CARTESIAN_POINT('',(-5.625644347018E-1,3.774390183435E0,-8.2E0));
#1712=LINE('',#1711,#1710);
#1713=DIRECTION('',(8.660254037844E-1,5.E-1,0.E0));
#1714=VECTOR('',#1713,1.8E0);
#1715=CARTESIAN_POINT('',(-2.598504608583E0,2.700742005768E0,-8.7E0));
#1716=LINE('',#1715,#1714);
#1717=DIRECTION('',(5.458053582443E-1,4.579850747973E-1,-7.016738431599E-1));
#1718=VECTOR('',#1717,7.125817855036E-1);
#1719=CARTESIAN_POINT('',(-2.987435565298E0,2.374390183435E0,-8.2E0));
#1720=LINE('',#1719,#1718);
#1721=DIRECTION('',(5.E-1,-8.660254037844E-1,0.E0));
#1722=VECTOR('',#1721,5.E-1);
#1723=CARTESIAN_POINT('',(-8.125644347018E-1,4.207402885327E0,-7.E-1));
#1724=LINE('',#1723,#1722);
#1725=DIRECTION('',(5.E-1,-8.660254037844E-1,0.E0));
#1726=VECTOR('',#1725,5.E-1);
#1727=CARTESIAN_POINT('',(-5.094555433772E-1,4.382402885327E0,-7.E-1));
#1728=LINE('',#1727,#1726);
#1729=DIRECTION('',(-5.E-1,8.660254037844E-1,0.E0));
#1730=VECTOR('',#1729,5.E-1);
#1731=CARTESIAN_POINT('',(-2.594555433772E-1,3.949390183435E0,2.E0));
#1732=LINE('',#1731,#1730);
#1733=CARTESIAN_POINT('',(-8.125644347018E-1,4.207402885327E0,-7.E-1));
#1734=CARTESIAN_POINT('',(-5.094555433772E-1,4.382402885327E0,-7.E-1));
#1735=VERTEX_POINT('',#1733);
#1736=VERTEX_POINT('',#1734);
#1737=CARTESIAN_POINT('',(-5.094555433772E-1,4.382402885327E0,2.E0));
#1738=VERTEX_POINT('',#1737);
#1739=CARTESIAN_POINT('',(-1.630453818635E-1,4.582402885327E0,2.E0));
#1740=VERTEX_POINT('',#1739);
#1741=CARTESIAN_POINT('',(-1.630453818635E-1,4.582402885327E0,
3.121248069614E0));
#1742=VERTEX_POINT('',#1741);
#1743=CARTESIAN_POINT('',(-9.484991097697E-1,4.128920964084E0,
3.492996467530E0));
#1744=VERTEX_POINT('',#1743);
#1745=CARTESIAN_POINT('',(-3.886954618137E0,2.432402885327E0,3.121248069614E0));
#1746=CARTESIAN_POINT('',(-3.886954618137E0,2.432402885327E0,2.E0));
#1747=VERTEX_POINT('',#1745);
#1748=VERTEX_POINT('',#1746);
#1749=CARTESIAN_POINT('',(-3.540544456623E0,2.632402885327E0,2.E0));
#1750=VERTEX_POINT('',#1749);
#1751=CARTESIAN_POINT('',(-3.540544456623E0,2.632402885327E0,-7.E-1));
#1752=VERTEX_POINT('',#1751);
#1753=CARTESIAN_POINT('',(-3.237435565298E0,2.807402885327E0,-7.E-1));
#1754=VERTEX_POINT('',#1753);
#1755=CARTESIAN_POINT('',(-5.625644347018E-1,3.774390183435E0,-7.E-1));
#1756=CARTESIAN_POINT('',(-2.594555433772E-1,3.949390183435E0,-7.E-1));
#1757=VERTEX_POINT('',#1755);
#1758=VERTEX_POINT('',#1756);
#1759=CARTESIAN_POINT('',(-2.594555433772E-1,3.949390183435E0,2.E0));
#1760=VERTEX_POINT('',#1759);
#1761=CARTESIAN_POINT('',(8.695461813654E-2,4.149390183435E0,2.E0));
#1762=VERTEX_POINT('',#1761);
#1763=CARTESIAN_POINT('',(8.695461813654E-2,4.149390183435E0,3.121248069614E0));
#1764=VERTEX_POINT('',#1763);
#1765=CARTESIAN_POINT('',(-6.984991097697E-1,3.695908262192E0,
3.492996467530E0));
#1766=VERTEX_POINT('',#1765);
#1767=CARTESIAN_POINT('',(-3.636954618137E0,1.999390183435E0,3.121248069614E0));
#1768=CARTESIAN_POINT('',(-3.636954618137E0,1.999390183435E0,2.E0));
#1769=VERTEX_POINT('',#1767);
#1770=VERTEX_POINT('',#1768);
#1771=CARTESIAN_POINT('',(-3.290544456623E0,2.199390183435E0,2.E0));
#1772=VERTEX_POINT('',#1771);
#1773=CARTESIAN_POINT('',(-3.290544456623E0,2.199390183435E0,-7.E-1));
#1774=VERTEX_POINT('',#1773);
#1775=CARTESIAN_POINT('',(-2.987435565298E0,2.374390183435E0,-7.E-1));
#1776=VERTEX_POINT('',#1775);
#1777=CARTESIAN_POINT('',(-1.505384757729E0,3.807402885327E0,-5.9E0));
#1778=CARTESIAN_POINT('',(-2.544615242271E0,3.207402885327E0,-5.9E0));
#1779=VERTEX_POINT('',#1777);
#1780=VERTEX_POINT('',#1778);
#1781=CARTESIAN_POINT('',(-2.544615242271E0,3.207402885327E0,-7.1E0));
#1782=CARTESIAN_POINT('',(-1.505384757729E0,3.807402885327E0,-7.1E0));
#1783=VERTEX_POINT('',#1781);
#1784=VERTEX_POINT('',#1782);
#1785=CARTESIAN_POINT('',(-1.255384757729E0,3.374390183435E0,-5.9E0));
#1786=CARTESIAN_POINT('',(-2.294615242271E0,2.774390183435E0,-5.9E0));
#1787=VERTEX_POINT('',#1785);
#1788=VERTEX_POINT('',#1786);
#1789=CARTESIAN_POINT('',(-2.294615242271E0,2.774390183435E0,-7.1E0));
#1790=VERTEX_POINT('',#1789);
#1791=CARTESIAN_POINT('',(-1.255384757729E0,3.374390183435E0,-7.1E0));
#1792=VERTEX_POINT('',#1791);
#1793=CARTESIAN_POINT('',(-5.625644347018E-1,3.774390183435E0,-8.2E0));
#1794=VERTEX_POINT('',#1793);
#1795=CARTESIAN_POINT('',(-2.987435565298E0,2.374390183435E0,-8.2E0));
#1796=VERTEX_POINT('',#1795);
#1797=CARTESIAN_POINT('',(-8.125644347018E-1,4.207402885327E0,-8.2E0));
#1798=VERTEX_POINT('',#1797);
#1799=CARTESIAN_POINT('',(-3.237435565298E0,2.807402885327E0,-8.2E0));
#1800=VERTEX_POINT('',#1799);
#1801=CARTESIAN_POINT('',(-2.598504608583E0,2.700742005768E0,-8.7E0));
#1802=CARTESIAN_POINT('',(-1.039658881771E0,3.600742005768E0,-8.7E0));
#1803=VERTEX_POINT('',#1801);
#1804=VERTEX_POINT('',#1802);
#1805=CARTESIAN_POINT('',(-2.760341118229E0,2.981051062994E0,-8.7E0));
#1806=CARTESIAN_POINT('',(-1.201495391417E0,3.881051062994E0,-8.7E0));
#1807=VERTEX_POINT('',#1805);
#1808=VERTEX_POINT('',#1806);
#1809=CARTESIAN_POINT('',(-1.085508313981E0,4.049818663152E0,3.463636363636E0));
#1810=VERTEX_POINT('',#1809);
#1811=CARTESIAN_POINT('',(-2.964491686019E0,2.964987107502E0,3.463636363636E0));
#1812=VERTEX_POINT('',#1811);
#1813=CARTESIAN_POINT('',(-3.101500890230E0,2.885884806570E0,3.492996467530E0));
#1814=VERTEX_POINT('',#1813);
#1815=CARTESIAN_POINT('',(-8.355083139808E-1,3.616805961259E0,
3.463636363636E0));
#1816=VERTEX_POINT('',#1815);
#1817=CARTESIAN_POINT('',(-2.714491686019E0,2.531974405610E0,3.463636363636E0));
#1818=VERTEX_POINT('',#1817);
#1819=CARTESIAN_POINT('',(-2.851500890230E0,2.452872104677E0,3.492996467530E0));
#1820=VERTEX_POINT('',#1819);
#1821=CARTESIAN_POINT('',(-3.237435565298E0,2.807402885327E0,-6.35E0));
#1822=CARTESIAN_POINT('',(-2.544615242271E0,3.207402885327E0,-6.35E0));
#1823=VERTEX_POINT('',#1821);
#1824=VERTEX_POINT('',#1822);
#1825=CARTESIAN_POINT('',(-1.505384757729E0,3.807402885327E0,-6.35E0));
#1826=CARTESIAN_POINT('',(-8.125644347018E-1,4.207402885327E0,-6.35E0));
#1827=VERTEX_POINT('',#1825);
#1828=VERTEX_POINT('',#1826);
#1829=CARTESIAN_POINT('',(-3.237435565298E0,2.807402885327E0,-6.65E0));
#1830=CARTESIAN_POINT('',(-2.544615242271E0,3.207402885327E0,-6.65E0));
#1831=VERTEX_POINT('',#1829);
#1832=VERTEX_POINT('',#1830);
#1833=CARTESIAN_POINT('',(-1.505384757729E0,3.807402885327E0,-6.65E0));
#1834=CARTESIAN_POINT('',(-8.125644347018E-1,4.207402885327E0,-6.65E0));
#1835=VERTEX_POINT('',#1833);
#1836=VERTEX_POINT('',#1834);
#1837=CARTESIAN_POINT('',(-7.375644347018E-1,4.077499074759E0,-6.5E0));
#1838=VERTEX_POINT('',#1837);
#1839=CARTESIAN_POINT('',(-3.162435565298E0,2.677499074759E0,-6.5E0));
#1840=VERTEX_POINT('',#1839);
#1841=CARTESIAN_POINT('',(-2.469615242271E0,3.077499074759E0,-6.5E0));
#1842=VERTEX_POINT('',#1841);
#1843=CARTESIAN_POINT('',(-1.430384757729E0,3.677499074759E0,-6.5E0));
#1844=VERTEX_POINT('',#1843);
#1845=CARTESIAN_POINT('',(-2.025E0,3.507402885327E0,2.E0));
#1846=DIRECTION('',(5.E-1,-8.660254037844E-1,0.E0));
#1847=DIRECTION('',(8.660254037844E-1,5.E-1,0.E0));
#1848=AXIS2_PLACEMENT_3D('',#1845,#1846,#1847);
#1849=PLANE('',#1848);
#1851=ORIENTED_EDGE('',*,*,#1850,.T.);
#1853=ORIENTED_EDGE('',*,*,#1852,.F.);
#1855=ORIENTED_EDGE('',*,*,#1854,.F.);
#1857=ORIENTED_EDGE('',*,*,#1856,.F.);
#1859=ORIENTED_EDGE('',*,*,#1858,.T.);
#1861=ORIENTED_EDGE('',*,*,#1860,.T.);
#1863=ORIENTED_EDGE('',*,*,#1862,.T.);
#1865=ORIENTED_EDGE('',*,*,#1864,.T.);
#1867=ORIENTED_EDGE('',*,*,#1866,.T.);
#1869=ORIENTED_EDGE('',*,*,#1868,.T.);
#1871=ORIENTED_EDGE('',*,*,#1870,.T.);
#1873=ORIENTED_EDGE('',*,*,#1872,.T.);
#1875=ORIENTED_EDGE('',*,*,#1874,.T.);
#1877=ORIENTED_EDGE('',*,*,#1876,.T.);
#1879=ORIENTED_EDGE('',*,*,#1878,.T.);
#1881=ORIENTED_EDGE('',*,*,#1880,.T.);
#1883=ORIENTED_EDGE('',*,*,#1882,.T.);
#1885=ORIENTED_EDGE('',*,*,#1884,.T.);
#1887=ORIENTED_EDGE('',*,*,#1886,.T.);
#1889=ORIENTED_EDGE('',*,*,#1888,.T.);
#1890=EDGE_LOOP('',(#1851,#1853,#1855,#1857,#1859,#1861,#1863,#1865,#1867,#1869,
#1871,#1873,#1875,#1877,#1879,#1881,#1883,#1885,#1887,#1889));
#1891=FACE_OUTER_BOUND('',#1890,.F.);
#1892=ADVANCED_FACE('',(#1891),#1849,.F.);
#1893=CARTESIAN_POINT('',(-2.025E0,3.507402885327E0,2.E0));
#1894=DIRECTION('',(5.E-1,-8.660254037844E-1,0.E0));
#1895=DIRECTION('',(8.660254037844E-1,5.E-1,0.E0));
#1896=AXIS2_PLACEMENT_3D('',#1893,#1894,#1895);
#1897=PLANE('',#1896);
#1899=ORIENTED_EDGE('',*,*,#1898,.F.);
#1901=ORIENTED_EDGE('',*,*,#1900,.T.);
#1903=ORIENTED_EDGE('',*,*,#1902,.T.);
#1905=ORIENTED_EDGE('',*,*,#1904,.T.);
#1907=ORIENTED_EDGE('',*,*,#1906,.F.);
#1909=ORIENTED_EDGE('',*,*,#1908,.F.);
#1911=ORIENTED_EDGE('',*,*,#1910,.F.);
#1913=ORIENTED_EDGE('',*,*,#1912,.F.);
#1914=EDGE_LOOP('',(#1899,#1901,#1903,#1905,#1907,#1909,#1911,#1913));
#1915=FACE_OUTER_BOUND('',#1914,.F.);
#1916=ADVANCED_FACE('',(#1915),#1897,.F.);
#1917=CARTESIAN_POINT('',(-8.125644347018E-1,4.207402885327E0,-6.35E0));
#1918=DIRECTION('',(3.535533905933E-1,-6.123724356958E-1,7.071067811866E-1));
#1919=DIRECTION('',(3.535533905933E-1,-6.123724356958E-1,-7.071067811865E-1));
#1920=AXIS2_PLACEMENT_3D('',#1917,#1918,#1919);
#1921=PLANE('',#1920);
#1922=ORIENTED_EDGE('',*,*,#1850,.F.);
#1924=ORIENTED_EDGE('',*,*,#1923,.T.);
#1926=ORIENTED_EDGE('',*,*,#1925,.F.);
#1928=ORIENTED_EDGE('',*,*,#1927,.F.);
#1929=EDGE_LOOP('',(#1922,#1924,#1926,#1928));
#1930=FACE_OUTER_BOUND('',#1929,.F.);
#1931=ADVANCED_FACE('',(#1930),#1921,.F.);
#1932=CARTESIAN_POINT('',(-8.125644347018E-1,4.207402885327E0,-6.35E0));
#1933=DIRECTION('',(3.535533905933E-1,-6.123724356958E-1,7.071067811866E-1));
#1934=DIRECTION('',(3.535533905933E-1,-6.123724356958E-1,-7.071067811865E-1));
#1935=AXIS2_PLACEMENT_3D('',#1932,#1933,#1934);
#1936=PLANE('',#1935);
#1937=ORIENTED_EDGE('',*,*,#1858,.F.);
#1939=ORIENTED_EDGE('',*,*,#1938,.T.);
#1941=ORIENTED_EDGE('',*,*,#1940,.F.);
#1943=ORIENTED_EDGE('',*,*,#1942,.F.);
#1944=EDGE_LOOP('',(#1937,#1939,#1941,#1943));
#1945=FACE_OUTER_BOUND('',#1944,.F.);
#1946=ADVANCED_FACE('',(#1945),#1936,.F.);
#1947=CARTESIAN_POINT('',(-3.237435565298E0,2.807402885327E0,-7.E-1));
#1948=DIRECTION('',(-8.660254037844E-1,-5.E-1,0.E0));
#1949=DIRECTION('',(0.E0,0.E0,-1.E0));
#1950=AXIS2_PLACEMENT_3D('',#1947,#1948,#1949);
#1951=PLANE('',#1950);
#1952=ORIENTED_EDGE('',*,*,#1923,.F.);
#1953=ORIENTED_EDGE('',*,*,#1888,.F.);
#1955=ORIENTED_EDGE('',*,*,#1954,.T.);
#1957=ORIENTED_EDGE('',*,*,#1956,.T.);
#1959=ORIENTED_EDGE('',*,*,#1958,.F.);
#1960=ORIENTED_EDGE('',*,*,#1900,.F.);
#1962=ORIENTED_EDGE('',*,*,#1961,.F.);
#1963=EDGE_LOOP('',(#1952,#1953,#1955,#1957,#1959,#1960,#1962));
#1964=FACE_OUTER_BOUND('',#1963,.F.);
#1965=ADVANCED_FACE('',(#1964),#1951,.T.);
#1966=CARTESIAN_POINT('',(-3.540544456623E0,2.632402885327E0,-7.E-1));
#1967=DIRECTION('',(0.E0,0.E0,-1.E0));
#1968=DIRECTION('',(8.660254037844E-1,5.E-1,0.E0));
#1969=AXIS2_PLACEMENT_3D('',#1966,#1967,#1968);
#1970=PLANE('',#1969);
#1971=ORIENTED_EDGE('',*,*,#1886,.F.);
#1973=ORIENTED_EDGE('',*,*,#1972,.T.);
#1975=ORIENTED_EDGE('',*,*,#1974,.T.);
#1976=ORIENTED_EDGE('',*,*,#1954,.F.);
#1977=EDGE_LOOP('',(#1971,#1973,#1975,#1976));
#1978=FACE_OUTER_BOUND('',#1977,.F.);
#1979=ADVANCED_FACE('',(#1978),#1970,.T.);
#1980=CARTESIAN_POINT('',(-3.540544456623E0,2.632402885327E0,2.E0));
#1981=DIRECTION('',(-8.660254037844E-1,-5.E-1,0.E0));
#1982=DIRECTION('',(0.E0,0.E0,-1.E0));
#1983=AXIS2_PLACEMENT_3D('',#1980,#1981,#1982);
#1984=PLANE('',#1983);
#1985=ORIENTED_EDGE('',*,*,#1884,.F.);
#1987=ORIENTED_EDGE('',*,*,#1986,.T.);
#1989=ORIENTED_EDGE('',*,*,#1988,.T.);
#1990=ORIENTED_EDGE('',*,*,#1972,.F.);
#1991=EDGE_LOOP('',(#1985,#1987,#1989,#1990));
#1992=FACE_OUTER_BOUND('',#1991,.F.);
#1993=ADVANCED_FACE('',(#1992),#1984,.T.);
#1994=CARTESIAN_POINT('',(-1.775E0,3.074390183435E0,2.E0));
#1995=DIRECTION('',(5.E-1,-8.660254037844E-1,0.E0));
#1996=DIRECTION('',(8.660254037844E-1,5.E-1,0.E0));
#1997=AXIS2_PLACEMENT_3D('',#1994,#1995,#1996);
#1998=PLANE('',#1997);
#2000=ORIENTED_EDGE('',*,*,#1999,.F.);
#2002=ORIENTED_EDGE('',*,*,#2001,.F.);
#2003=ORIENTED_EDGE('',*,*,#1956,.F.);
#2004=ORIENTED_EDGE('',*,*,#1974,.F.);
#2005=ORIENTED_EDGE('',*,*,#1988,.F.);
#2007=ORIENTED_EDGE('',*,*,#2006,.T.);
#2009=ORIENTED_EDGE('',*,*,#2008,.T.);
#2011=ORIENTED_EDGE('',*,*,#2010,.T.);
#2013=ORIENTED_EDGE('',*,*,#2012,.T.);
#2015=ORIENTED_EDGE('',*,*,#2014,.T.);
#2017=ORIENTED_EDGE('',*,*,#2016,.T.);
#2019=ORIENTED_EDGE('',*,*,#2018,.T.);
#2021=ORIENTED_EDGE('',*,*,#2020,.T.);
#2023=ORIENTED_EDGE('',*,*,#2022,.T.);
#2025=ORIENTED_EDGE('',*,*,#2024,.F.);
#2027=ORIENTED_EDGE('',*,*,#2026,.F.);
#2028=EDGE_LOOP('',(#2000,#2002,#2003,#2004,#2005,#2007,#2009,#2011,#2013,#2015,
#2017,#2019,#2021,#2023,#2025,#2027));
#2029=FACE_OUTER_BOUND('',#2028,.F.);
#2030=ADVANCED_FACE('',(#2029),#1998,.T.);
#2031=CARTESIAN_POINT('',(-8.125644347018E-1,4.207402885327E0,-8.7E0));
#2032=DIRECTION('',(8.660254037844E-1,5.E-1,0.E0));
#2033=DIRECTION('',(0.E0,0.E0,1.E0));
#2034=AXIS2_PLACEMENT_3D('',#2031,#2032,#2033);
#2035=PLANE('',#2034);
#2036=ORIENTED_EDGE('',*,*,#1942,.T.);
#2038=ORIENTED_EDGE('',*,*,#2037,.T.);
#2039=ORIENTED_EDGE('',*,*,#1904,.F.);
#2041=ORIENTED_EDGE('',*,*,#2040,.T.);
#2042=ORIENTED_EDGE('',*,*,#1999,.T.);
#2044=ORIENTED_EDGE('',*,*,#2043,.F.);
#2045=ORIENTED_EDGE('',*,*,#1860,.F.);
#2046=EDGE_LOOP('',(#2036,#2038,#2039,#2041,#2042,#2044,#2045));
#2047=FACE_OUTER_BOUND('',#2046,.F.);
#2048=ADVANCED_FACE('',(#2047),#2035,.T.);
#2049=CARTESIAN_POINT('',(-7.375644347018E-1,4.077499074759E0,-6.5E0));
#2050=DIRECTION('',(3.535533905933E-1,-6.123724356958E-1,-7.071067811865E-1));
#2051=DIRECTION('',(-3.535533905933E-1,6.123724356958E-1,-7.071067811865E-1));
#2052=AXIS2_PLACEMENT_3D('',#2049,#2050,#2051);
#2053=PLANE('',#2052);
#2054=ORIENTED_EDGE('',*,*,#1898,.T.);
#2056=ORIENTED_EDGE('',*,*,#2055,.F.);
#2057=ORIENTED_EDGE('',*,*,#1925,.T.);
#2058=ORIENTED_EDGE('',*,*,#1961,.T.);
#2059=EDGE_LOOP('',(#2054,#2056,#2057,#2058));
#2060=FACE_OUTER_BOUND('',#2059,.F.);
#2061=ADVANCED_FACE('',(#2060),#2053,.F.);
#2062=CARTESIAN_POINT('',(-7.375644347018E-1,4.077499074759E0,-6.5E0));
#2063=DIRECTION('',(3.535533905933E-1,-6.123724356958E-1,-7.071067811865E-1));
#2064=DIRECTION('',(-3.535533905933E-1,6.123724356958E-1,-7.071067811865E-1));
#2065=AXIS2_PLACEMENT_3D('',#2062,#2063,#2064);
#2066=PLANE('',#2065);
#2067=ORIENTED_EDGE('',*,*,#1906,.T.);
#2068=ORIENTED_EDGE('',*,*,#2037,.F.);
#2069=ORIENTED_EDGE('',*,*,#1940,.T.);
#2071=ORIENTED_EDGE('',*,*,#2070,.T.);
#2072=EDGE_LOOP('',(#2067,#2068,#2069,#2071));
#2073=FACE_OUTER_BOUND('',#2072,.F.);
#2074=ADVANCED_FACE('',(#2073),#2066,.F.);
#2075=CARTESIAN_POINT('',(-2.294615242271E0,2.774390183435E0,-5.9E0));
#2076=DIRECTION('',(-8.660254037844E-1,-5.E-1,0.E0));
#2077=DIRECTION('',(0.E0,0.E0,-1.E0));
#2078=AXIS2_PLACEMENT_3D('',#2075,#2076,#2077);
#2079=PLANE('',#2078);
#2080=ORIENTED_EDGE('',*,*,#1927,.T.);
#2081=ORIENTED_EDGE('',*,*,#2055,.T.);
#2082=ORIENTED_EDGE('',*,*,#1912,.T.);
#2084=ORIENTED_EDGE('',*,*,#2083,.F.);
#2086=ORIENTED_EDGE('',*,*,#2085,.T.);
#2088=ORIENTED_EDGE('',*,*,#2087,.T.);
#2089=ORIENTED_EDGE('',*,*,#1852,.T.);
#2090=EDGE_LOOP('',(#2080,#2081,#2082,#2084,#2086,#2088,#2089));
#2091=FACE_OUTER_BOUND('',#2090,.F.);
#2092=ADVANCED_FACE('',(#2091),#2079,.F.);
#2093=CARTESIAN_POINT('',(-1.775E0,3.074390183435E0,-7.1E0));
#2094=DIRECTION('',(5.E-1,-8.660254037844E-1,0.E0));
#2095=DIRECTION('',(8.660254037844E-1,5.E-1,0.E0));
#2096=AXIS2_PLACEMENT_3D('',#2093,#2094,#2095);
#2097=CYLINDRICAL_SURFACE('',#2096,6.E-1);
#2098=ORIENTED_EDGE('',*,*,#1910,.T.);
#2100=ORIENTED_EDGE('',*,*,#2099,.F.);
#2102=ORIENTED_EDGE('',*,*,#2101,.T.);
#2103=ORIENTED_EDGE('',*,*,#2083,.T.);
#2104=EDGE_LOOP('',(#2098,#2100,#2102,#2103));
#2105=FACE_OUTER_BOUND('',#2104,.F.);
#2106=ADVANCED_FACE('',(#2105),#2097,.F.);
#2107=CARTESIAN_POINT('',(-1.255384757729E0,3.374390183435E0,-7.1E0));
#2108=DIRECTION('',(8.660254037844E-1,5.E-1,0.E0));
#2109=DIRECTION('',(0.E0,0.E0,1.E0));
#2110=AXIS2_PLACEMENT_3D('',#2107,#2108,#2109);
#2111=PLANE('',#2110);
#2112=ORIENTED_EDGE('',*,*,#1938,.F.);
#2113=ORIENTED_EDGE('',*,*,#1856,.T.);
#2115=ORIENTED_EDGE('',*,*,#2114,.F.);
#2117=ORIENTED_EDGE('',*,*,#2116,.T.);
#2118=ORIENTED_EDGE('',*,*,#2099,.T.);
#2119=ORIENTED_EDGE('',*,*,#1908,.T.);
#2120=ORIENTED_EDGE('',*,*,#2070,.F.);
#2121=EDGE_LOOP('',(#2112,#2113,#2115,#2117,#2118,#2119,#2120));
#2122=FACE_OUTER_BOUND('',#2121,.F.);
#2123=ADVANCED_FACE('',(#2122),#2111,.F.);
#2124=CARTESIAN_POINT('',(-1.775E0,3.074390183435E0,-5.9E0));
#2125=DIRECTION('',(5.E-1,-8.660254037844E-1,0.E0));
#2126=DIRECTION('',(8.660254037844E-1,5.E-1,0.E0));
#2127=AXIS2_PLACEMENT_3D('',#2124,#2125,#2126);
#2128=CYLINDRICAL_SURFACE('',#2127,6.E-1);
#2129=ORIENTED_EDGE('',*,*,#1854,.T.);
#2130=ORIENTED_EDGE('',*,*,#2087,.F.);
#2132=ORIENTED_EDGE('',*,*,#2131,.T.);
#2133=ORIENTED_EDGE('',*,*,#2114,.T.);
#2134=EDGE_LOOP('',(#2129,#2130,#2132,#2133));
#2135=FACE_OUTER_BOUND('',#2134,.F.);
#2136=ADVANCED_FACE('',(#2135),#2128,.F.);
#2137=CARTESIAN_POINT('',(-8.125644347018E-1,4.207402885327E0,-8.2E0));
#2138=DIRECTION('',(6.123724356958E-1,3.535533905933E-1,-7.071067811865E-1));
#2139=DIRECTION('',(5.E-1,-8.660254037844E-1,0.E0));
#2140=AXIS2_PLACEMENT_3D('',#2137,#2138,#2139);
#2141=PLANE('',#2140);
#2142=ORIENTED_EDGE('',*,*,#2040,.F.);
#2144=ORIENTED_EDGE('',*,*,#2143,.T.);
#2146=ORIENTED_EDGE('',*,*,#2145,.T.);
#2148=ORIENTED_EDGE('',*,*,#2147,.F.);
#2149=EDGE_LOOP('',(#2142,#2144,#2146,#2148));
#2150=FACE_OUTER_BOUND('',#2149,.F.);
#2151=ADVANCED_FACE('',(#2150),#2141,.T.);
#2152=CARTESIAN_POINT('',(-3.237435565298E0,2.807402885327E0,-8.2E0));
#2153=DIRECTION('',(-4.924038765061E-1,8.528685319524E-1,-1.736481776669E-1));
#2154=DIRECTION('',(8.660254037844E-1,5.E-1,0.E0));
#2155=AXIS2_PLACEMENT_3D('',#2152,#2153,#2154);
#2156=PLANE('',#2155);
#2157=ORIENTED_EDGE('',*,*,#1902,.F.);
#2159=ORIENTED_EDGE('',*,*,#2158,.T.);
#2161=ORIENTED_EDGE('',*,*,#2160,.T.);
#2162=ORIENTED_EDGE('',*,*,#2143,.F.);
#2163=EDGE_LOOP('',(#2157,#2159,#2161,#2162));
#2164=FACE_OUTER_BOUND('',#2163,.F.);
#2165=ADVANCED_FACE('',(#2164),#2156,.T.);
#2166=CARTESIAN_POINT('',(-2.804422863406E0,3.057402885327E0,-8.7E0));
#2167=DIRECTION('',(-6.123724356958E-1,-3.535533905933E-1,-7.071067811865E-1));
#2168=DIRECTION('',(5.E-1,-8.660254037844E-1,0.E0));
#2169=AXIS2_PLACEMENT_3D('',#2166,#2167,#2168);
#2170=PLANE('',#2169);
#2172=ORIENTED_EDGE('',*,*,#2171,.F.);
#2173=ORIENTED_EDGE('',*,*,#2158,.F.);
#2174=ORIENTED_EDGE('',*,*,#1958,.T.);
#2176=ORIENTED_EDGE('',*,*,#2175,.T.);
#2177=EDGE_LOOP('',(#2172,#2173,#2174,#2176));
#2178=FACE_OUTER_BOUND('',#2177,.F.);
#2179=ADVANCED_FACE('',(#2178),#2170,.T.);
#2180=CARTESIAN_POINT('',(-3.237435565298E0,2.807402885327E0,-8.7E0));
#2181=DIRECTION('',(0.E0,0.E0,-1.E0));
#2182=DIRECTION('',(8.660254037844E-1,5.E-1,0.E0));
#2183=AXIS2_PLACEMENT_3D('',#2180,#2181,#2182);
#2184=PLANE('',#2183);
#2185=ORIENTED_EDGE('',*,*,#2160,.F.);
#2186=ORIENTED_EDGE('',*,*,#2171,.T.);
#2188=ORIENTED_EDGE('',*,*,#2187,.T.);
#2189=ORIENTED_EDGE('',*,*,#2145,.F.);
#2190=EDGE_LOOP('',(#2185,#2186,#2188,#2189));
#2191=FACE_OUTER_BOUND('',#2190,.F.);
#2192=ADVANCED_FACE('',(#2191),#2184,.T.);
#2193=CARTESIAN_POINT('',(-2.987435565298E0,2.374390183435E0,-8.2E0));
#2194=DIRECTION('',(-4.924038765061E-1,8.528685319524E-1,1.736481776669E-1));
#2195=DIRECTION('',(8.660254037844E-1,5.E-1,0.E0));
#2196=AXIS2_PLACEMENT_3D('',#2193,#2194,#2195);
#2197=PLANE('',#2196);
#2198=ORIENTED_EDGE('',*,*,#2001,.T.);
#2199=ORIENTED_EDGE('',*,*,#2147,.T.);
#2200=ORIENTED_EDGE('',*,*,#2187,.F.);
#2201=ORIENTED_EDGE('',*,*,#2175,.F.);
#2202=EDGE_LOOP('',(#2198,#2199,#2200,#2201));
#2203=FACE_OUTER_BOUND('',#2202,.F.);
#2204=ADVANCED_FACE('',(#2203),#2197,.F.);
#2205=CARTESIAN_POINT('',(-8.125644347018E-1,4.207402885327E0,-7.E-1));
#2206=DIRECTION('',(0.E0,0.E0,-1.E0));
#2207=DIRECTION('',(8.660254037844E-1,5.E-1,0.E0));
#2208=AXIS2_PLACEMENT_3D('',#2205,#2206,#2207);
#2209=PLANE('',#2208);
#2210=ORIENTED_EDGE('',*,*,#1862,.F.);
#2211=ORIENTED_EDGE('',*,*,#2043,.T.);
#2212=ORIENTED_EDGE('',*,*,#2026,.T.);
#2214=ORIENTED_EDGE('',*,*,#2213,.F.);
#2215=EDGE_LOOP('',(#2210,#2211,#2212,#2214));
#2216=FACE_OUTER_BOUND('',#2215,.F.);
#2217=ADVANCED_FACE('',(#2216),#2209,.T.);
#2218=CARTESIAN_POINT('',(-5.094555433772E-1,4.382402885327E0,-7.E-1));
#2219=DIRECTION('',(8.660254037844E-1,5.E-1,0.E0));
#2220=DIRECTION('',(0.E0,0.E0,1.E0));
#2221=AXIS2_PLACEMENT_3D('',#2218,#2219,#2220);
#2222=PLANE('',#2221);
#2223=ORIENTED_EDGE('',*,*,#1864,.F.);
#2224=ORIENTED_EDGE('',*,*,#2213,.T.);
#2225=ORIENTED_EDGE('',*,*,#2024,.T.);
#2227=ORIENTED_EDGE('',*,*,#2226,.T.);
#2228=EDGE_LOOP('',(#2223,#2224,#2225,#2227));
#2229=FACE_OUTER_BOUND('',#2228,.F.);
#2230=ADVANCED_FACE('',(#2229),#2222,.T.);
#2231=OPEN_SHELL('',(#1892,#1916,#1931,#1946,#1965,#1979,#1993,#2030,#2048,
#2061,#2074,#2092,#2106,#2123,#2136,#2151,#2165,#2179,#2192,#2204,#2217,#2230));
#2232=DIRECTION('',(0.E0,-1.E0,0.E0));
#2233=VECTOR('',#2232,2.8E0);
#2234=CARTESIAN_POINT('',(5.25E0,1.4E0,-8.2E0));
#2235=LINE('',#2234,#2233);
#2236=DIRECTION('',(0.E0,0.E0,-1.E0));
#2237=VECTOR('',#2236,7.5E0);
#2238=CARTESIAN_POINT('',(5.25E0,1.4E0,-7.E-1));
#2239=LINE('',#2238,#2237);
#2240=DIRECTION('',(0.E0,-1.E0,0.E0));
#2241=VECTOR('',#2240,3.5E-1);
#2242=CARTESIAN_POINT('',(5.25E0,1.75E0,-7.E-1));
#2243=LINE('',#2242,#2241);
#2244=DIRECTION('',(0.E0,0.E0,-1.E0));
#2245=VECTOR('',#2244,8.5E0);
#2246=CARTESIAN_POINT('',(5.25E0,1.75E0,7.8E0));
#2247=LINE('',#2246,#2245);
#2248=DIRECTION('',(0.E0,1.E0,0.E0));
#2249=VECTOR('',#2248,3.5E-1);
#2250=CARTESIAN_POINT('',(5.25E0,1.75E0,7.8E0));
#2251=LINE('',#2250,#2249);
#2252=DIRECTION('',(0.E0,0.E0,1.E0));
#2253=VECTOR('',#2252,2.E0);
#2254=CARTESIAN_POINT('',(5.25E0,2.1E0,7.8E0));
#2255=LINE('',#2254,#2253);
#2256=DIRECTION('',(0.E0,-1.E0,0.E0));
#2257=VECTOR('',#2256,1.3E0);
#2258=CARTESIAN_POINT('',(5.25E0,2.1E0,9.8E0));
#2259=LINE('',#2258,#2257);
#2260=DIRECTION('',(0.E0,-7.071067811865E-1,-7.071067811865E-1));
#2261=VECTOR('',#2260,4.242640687119E-1);
#2262=CARTESIAN_POINT('',(5.25E0,8.E-1,9.8E0));
#2263=LINE('',#2262,#2261);
#2264=DIRECTION('',(0.E0,0.E0,-1.E0));
#2265=VECTOR('',#2264,7.E-1);
#2266=CARTESIAN_POINT('',(5.25E0,5.E-1,9.5E0));
#2267=LINE('',#2266,#2265);
#2268=DIRECTION('',(0.E0,-1.E0,0.E0));
#2269=VECTOR('',#2268,1.E0);
#2270=CARTESIAN_POINT('',(5.25E0,5.E-1,8.8E0));
#2271=LINE('',#2270,#2269);
#2272=DIRECTION('',(0.E0,0.E0,1.E0));
#2273=VECTOR('',#2272,7.E-1);
#2274=CARTESIAN_POINT('',(5.25E0,-5.E-1,8.8E0));
#2275=LINE('',#2274,#2273);
#2276=DIRECTION('',(0.E0,-7.071067811865E-1,7.071067811865E-1));
#2277=VECTOR('',#2276,4.242640687119E-1);
#2278=CARTESIAN_POINT('',(5.25E0,-5.E-1,9.5E0));
#2279=LINE('',#2278,#2277);
#2280=DIRECTION('',(0.E0,-1.E0,0.E0));
#2281=VECTOR('',#2280,1.3E0);
#2282=CARTESIAN_POINT('',(5.25E0,-8.E-1,9.8E0));
#2283=LINE('',#2282,#2281);
#2284=DIRECTION('',(0.E0,0.E0,-1.E0));
#2285=VECTOR('',#2284,2.E0);
#2286=CARTESIAN_POINT('',(5.25E0,-2.1E0,9.8E0));
#2287=LINE('',#2286,#2285);
#2288=DIRECTION('',(0.E0,1.E0,0.E0));
#2289=VECTOR('',#2288,3.5E-1);
#2290=CARTESIAN_POINT('',(5.25E0,-2.1E0,7.8E0));
#2291=LINE('',#2290,#2289);
#2292=DIRECTION('',(0.E0,0.E0,1.E0));
#2293=VECTOR('',#2292,8.5E0);
#2294=CARTESIAN_POINT('',(5.25E0,-1.75E0,-7.E-1));
#2295=LINE('',#2294,#2293);
#2296=DIRECTION('',(0.E0,-1.E0,0.E0));
#2297=VECTOR('',#2296,3.5E-1);
#2298=CARTESIAN_POINT('',(5.25E0,-1.4E0,-7.E-1));
#2299=LINE('',#2298,#2297);
#2300=DIRECTION('',(0.E0,0.E0,1.E0));
#2301=VECTOR('',#2300,7.5E0);
#2302=CARTESIAN_POINT('',(5.25E0,-1.4E0,-8.2E0));
#2303=LINE('',#2302,#2301);
#2304=DIRECTION('',(1.237240302065E-1,7.016738431599E-1,-7.016738431599E-1));
#2305=VECTOR('',#2304,7.125817855036E-1);
#2306=CARTESIAN_POINT('',(5.25E0,-1.4E0,-8.2E0));
#2307=LINE('',#2306,#2305);
#2308=DIRECTION('',(1.E0,0.E0,0.E0));
#2309=VECTOR('',#2308,5.E-1);
#2310=CARTESIAN_POINT('',(5.25E0,-1.4E0,-8.2E0));
#2311=LINE('',#2310,#2309);
#2312=DIRECTION('',(1.237240302065E-1,-7.016738431599E-1,7.016738431599E-1));
#2313=VECTOR('',#2312,7.125817855036E-1);
#2314=CARTESIAN_POINT('',(5.661836509646E0,-9.E-1,-8.7E0));
#2315=LINE('',#2314,#2313);
#2316=DIRECTION('',(1.E0,0.E0,0.E0));
#2317=VECTOR('',#2316,5.E-1);
#2318=CARTESIAN_POINT('',(5.25E0,-1.4E0,-7.E-1));
#2319=LINE('',#2318,#2317);
#2320=DIRECTION('',(1.E0,0.E0,0.E0));
#2321=VECTOR('',#2320,5.E-1);
#2322=CARTESIAN_POINT('',(5.25E0,-1.75E0,-7.E-1));
#2323=LINE('',#2322,#2321);
#2324=DIRECTION('',(1.E0,0.E0,0.E0));
#2325=VECTOR('',#2324,5.E-1);
#2326=CARTESIAN_POINT('',(5.25E0,-1.75E0,7.8E0));
#2327=LINE('',#2326,#2325);
#2328=DIRECTION('',(0.E0,1.E0,0.E0));
#2329=VECTOR('',#2328,2.8E0);
#2330=CARTESIAN_POINT('',(5.75E0,-1.4E0,-8.2E0));
#2331=LINE('',#2330,#2329);
#2332=DIRECTION('',(0.E0,0.E0,1.E0));
#2333=VECTOR('',#2332,7.5E0);
#2334=CARTESIAN_POINT('',(5.75E0,-1.4E0,-8.2E0));
#2335=LINE('',#2334,#2333);
#2336=DIRECTION('',(0.E0,-1.E0,0.E0));
#2337=VECTOR('',#2336,3.5E-1);
#2338=CARTESIAN_POINT('',(5.75E0,-1.4E0,-7.E-1));
#2339=LINE('',#2338,#2337);
#2340=DIRECTION('',(0.E0,0.E0,1.E0));
#2341=VECTOR('',#2340,8.5E0);
#2342=CARTESIAN_POINT('',(5.75E0,-1.75E0,-7.E-1));
#2343=LINE('',#2342,#2341);
#2344=DIRECTION('',(0.E0,-1.E0,0.E0));
#2345=VECTOR('',#2344,3.5E-1);
#2346=CARTESIAN_POINT('',(5.75E0,-1.75E0,7.8E0));
#2347=LINE('',#2346,#2345);
#2348=DIRECTION('',(0.E0,0.E0,1.E0));
#2349=VECTOR('',#2348,2.E0);
#2350=CARTESIAN_POINT('',(5.75E0,-2.1E0,7.8E0));
#2351=LINE('',#2350,#2349);
#2352=DIRECTION('',(0.E0,1.E0,0.E0));
#2353=VECTOR('',#2352,1.3E0);
#2354=CARTESIAN_POINT('',(5.75E0,-2.1E0,9.8E0));
#2355=LINE('',#2354,#2353);
#2356=DIRECTION('',(0.E0,7.071067811865E-1,-7.071067811865E-1));
#2357=VECTOR('',#2356,4.242640687119E-1);
#2358=CARTESIAN_POINT('',(5.75E0,-8.E-1,9.8E0));
#2359=LINE('',#2358,#2357);
#2360=DIRECTION('',(0.E0,0.E0,-1.E0));
#2361=VECTOR('',#2360,7.E-1);
#2362=CARTESIAN_POINT('',(5.75E0,-5.E-1,9.5E0));
#2363=LINE('',#2362,#2361);
#2364=DIRECTION('',(0.E0,1.E0,0.E0));
#2365=VECTOR('',#2364,1.E0);
#2366=CARTESIAN_POINT('',(5.75E0,-5.E-1,8.8E0));
#2367=LINE('',#2366,#2365);
#2368=DIRECTION('',(0.E0,0.E0,1.E0));
#2369=VECTOR('',#2368,7.E-1);
#2370=CARTESIAN_POINT('',(5.75E0,5.E-1,8.8E0));
#2371=LINE('',#2370,#2369);
#2372=DIRECTION('',(0.E0,7.071067811865E-1,7.071067811865E-1));
#2373=VECTOR('',#2372,4.242640687119E-1);
#2374=CARTESIAN_POINT('',(5.75E0,5.E-1,9.5E0));
#2375=LINE('',#2374,#2373);
#2376=DIRECTION('',(0.E0,1.E0,0.E0));
#2377=VECTOR('',#2376,1.3E0);
#2378=CARTESIAN_POINT('',(5.75E0,8.E-1,9.8E0));
#2379=LINE('',#2378,#2377);
#2380=DIRECTION('',(0.E0,0.E0,-1.E0));
#2381=VECTOR('',#2380,2.E0);
#2382=CARTESIAN_POINT('',(5.75E0,2.1E0,9.8E0));
#2383=LINE('',#2382,#2381);
#2384=DIRECTION('',(0.E0,-1.E0,0.E0));
#2385=VECTOR('',#2384,3.5E-1);
#2386=CARTESIAN_POINT('',(5.75E0,2.1E0,7.8E0));
#2387=LINE('',#2386,#2385);
#2388=DIRECTION('',(0.E0,0.E0,-1.E0));
#2389=VECTOR('',#2388,8.5E0);
#2390=CARTESIAN_POINT('',(5.75E0,1.75E0,7.8E0));
#2391=LINE('',#2390,#2389);
#2392=DIRECTION('',(0.E0,-1.E0,0.E0));
#2393=VECTOR('',#2392,3.5E-1);
#2394=CARTESIAN_POINT('',(5.75E0,1.75E0,-7.E-1));
#2395=LINE('',#2394,#2393);
#2396=DIRECTION('',(0.E0,0.E0,-1.E0));
#2397=VECTOR('',#2396,7.5E0);
#2398=CARTESIAN_POINT('',(5.75E0,1.4E0,-7.E-1));
#2399=LINE('',#2398,#2397);
#2400=DIRECTION('',(-1.237240302065E-1,7.016738431599E-1,7.016738431599E-1));
#2401=VECTOR('',#2400,7.125817855036E-1);
#2402=CARTESIAN_POINT('',(5.338163490354E0,9.E-1,-8.7E0));
#2403=LINE('',#2402,#2401);
#2404=DIRECTION('',(1.E0,0.E0,0.E0));
#2405=VECTOR('',#2404,3.236730192915E-1);
#2406=CARTESIAN_POINT('',(5.338163490354E0,9.E-1,-8.7E0));
#2407=LINE('',#2406,#2405);
#2408=DIRECTION('',(-1.237240302065E-1,-7.016738431599E-1,-7.016738431599E-1));
#2409=VECTOR('',#2408,7.125817855036E-1);
#2410=CARTESIAN_POINT('',(5.75E0,1.4E0,-8.2E0));
#2411=LINE('',#2410,#2409);
#2412=DIRECTION('',(0.E0,-1.E0,0.E0));
#2413=VECTOR('',#2412,1.8E0);
#2414=CARTESIAN_POINT('',(5.338163490354E0,9.E-1,-8.7E0));
#2415=LINE('',#2414,#2413);
#2416=DIRECTION('',(1.E0,0.E0,0.E0));
#2417=VECTOR('',#2416,3.236730192915E-1);
#2418=CARTESIAN_POINT('',(5.338163490354E0,-9.E-1,-8.7E0));
#2419=LINE('',#2418,#2417);
#2420=DIRECTION('',(0.E0,1.E0,0.E0));
#2421=VECTOR('',#2420,1.8E0);
#2422=CARTESIAN_POINT('',(5.661836509646E0,-9.E-1,-8.7E0));
#2423=LINE('',#2422,#2421);
#2424=DIRECTION('',(1.E0,0.E0,0.E0));
#2425=VECTOR('',#2424,5.E-1);
#2426=CARTESIAN_POINT('',(5.25E0,1.4E0,-8.2E0));
#2427=LINE('',#2426,#2425);
#2428=DIRECTION('',(1.E0,0.E0,0.E0));
#2429=VECTOR('',#2428,5.E-1);
#2430=CARTESIAN_POINT('',(5.25E0,1.4E0,-7.E-1));
#2431=LINE('',#2430,#2429);
#2432=DIRECTION('',(1.E0,0.E0,0.E0));
#2433=VECTOR('',#2432,5.E-1);
#2434=CARTESIAN_POINT('',(5.25E0,1.75E0,-7.E-1));
#2435=LINE('',#2434,#2433);
#2436=DIRECTION('',(-1.E0,0.E0,0.E0));
#2437=VECTOR('',#2436,5.E-1);
#2438=CARTESIAN_POINT('',(5.75E0,1.75E0,7.8E0));
#2439=LINE('',#2438,#2437);
#2440=CARTESIAN_POINT('',(5.25E0,2.1E0,9.8E0));
#2441=CARTESIAN_POINT('',(5.25E0,2.1E0,7.8E0));
#2442=VERTEX_POINT('',#2440);
#2443=VERTEX_POINT('',#2441);
#2444=CARTESIAN_POINT('',(5.25E0,8.E-1,9.8E0));
#2445=VERTEX_POINT('',#2444);
#2446=CARTESIAN_POINT('',(5.25E0,5.E-1,9.5E0));
#2447=VERTEX_POINT('',#2446);
#2448=CARTESIAN_POINT('',(5.25E0,5.E-1,8.8E0));
#2449=VERTEX_POINT('',#2448);
#2450=CARTESIAN_POINT('',(5.25E0,-5.E-1,8.8E0));
#2451=VERTEX_POINT('',#2450);
#2452=CARTESIAN_POINT('',(5.25E0,-5.E-1,9.5E0));
#2453=VERTEX_POINT('',#2452);
#2454=CARTESIAN_POINT('',(5.25E0,-8.E-1,9.8E0));
#2455=VERTEX_POINT('',#2454);
#2456=CARTESIAN_POINT('',(5.25E0,-2.1E0,9.8E0));
#2457=VERTEX_POINT('',#2456);
#2458=CARTESIAN_POINT('',(5.25E0,-2.1E0,7.8E0));
#2459=VERTEX_POINT('',#2458);
#2460=CARTESIAN_POINT('',(5.25E0,-1.75E0,7.8E0));
#2461=VERTEX_POINT('',#2460);
#2462=CARTESIAN_POINT('',(5.25E0,-1.75E0,-7.E-1));
#2463=VERTEX_POINT('',#2462);
#2464=CARTESIAN_POINT('',(5.25E0,-1.4E0,-7.E-1));
#2465=VERTEX_POINT('',#2464);
#2466=CARTESIAN_POINT('',(5.25E0,1.75E0,-7.E-1));
#2467=CARTESIAN_POINT('',(5.25E0,1.4E0,-7.E-1));
#2468=VERTEX_POINT('',#2466);
#2469=VERTEX_POINT('',#2467);
#2470=CARTESIAN_POINT('',(5.25E0,1.75E0,7.8E0));
#2471=VERTEX_POINT('',#2470);
#2472=CARTESIAN_POINT('',(5.75E0,2.1E0,9.8E0));
#2473=CARTESIAN_POINT('',(5.75E0,2.1E0,7.8E0));
#2474=VERTEX_POINT('',#2472);
#2475=VERTEX_POINT('',#2473);
#2476=CARTESIAN_POINT('',(5.75E0,8.E-1,9.8E0));
#2477=VERTEX_POINT('',#2476);
#2478=CARTESIAN_POINT('',(5.75E0,5.E-1,9.5E0));
#2479=VERTEX_POINT('',#2478);
#2480=CARTESIAN_POINT('',(5.75E0,5.E-1,8.8E0));
#2481=VERTEX_POINT('',#2480);
#2482=CARTESIAN_POINT('',(5.75E0,-5.E-1,8.8E0));
#2483=VERTEX_POINT('',#2482);
#2484=CARTESIAN_POINT('',(5.75E0,-5.E-1,9.5E0));
#2485=VERTEX_POINT('',#2484);
#2486=CARTESIAN_POINT('',(5.75E0,-8.E-1,9.8E0));
#2487=VERTEX_POINT('',#2486);
#2488=CARTESIAN_POINT('',(5.75E0,-2.1E0,9.8E0));
#2489=VERTEX_POINT('',#2488);
#2490=CARTESIAN_POINT('',(5.75E0,-2.1E0,7.8E0));
#2491=VERTEX_POINT('',#2490);
#2492=CARTESIAN_POINT('',(5.75E0,-1.75E0,7.8E0));
#2493=VERTEX_POINT('',#2492);
#2494=CARTESIAN_POINT('',(5.75E0,-1.75E0,-7.E-1));
#2495=VERTEX_POINT('',#2494);
#2496=CARTESIAN_POINT('',(5.75E0,-1.4E0,-7.E-1));
#2497=VERTEX_POINT('',#2496);
#2498=CARTESIAN_POINT('',(5.75E0,1.75E0,-7.E-1));
#2499=CARTESIAN_POINT('',(5.75E0,1.4E0,-7.E-1));
#2500=VERTEX_POINT('',#2498);
#2501=VERTEX_POINT('',#2499);
#2502=CARTESIAN_POINT('',(5.75E0,1.75E0,7.8E0));
#2503=VERTEX_POINT('',#2502);
#2504=CARTESIAN_POINT('',(5.25E0,-1.4E0,-8.2E0));
#2505=CARTESIAN_POINT('',(5.338163490354E0,-9.E-1,-8.7E0));
#2506=VERTEX_POINT('',#2504);
#2507=VERTEX_POINT('',#2505);
#2508=CARTESIAN_POINT('',(5.338163490354E0,9.E-1,-8.7E0));
#2509=VERTEX_POINT('',#2508);
#2510=CARTESIAN_POINT('',(5.25E0,1.4E0,-8.2E0));
#2511=VERTEX_POINT('',#2510);
#2512=CARTESIAN_POINT('',(5.75E0,1.4E0,-8.2E0));
#2513=CARTESIAN_POINT('',(5.661836509646E0,9.E-1,-8.7E0));
#2514=VERTEX_POINT('',#2512);
#2515=VERTEX_POINT('',#2513);
#2516=CARTESIAN_POINT('',(5.661836509646E0,-9.E-1,-8.7E0));
#2517=VERTEX_POINT('',#2516);
#2518=CARTESIAN_POINT('',(5.75E0,-1.4E0,-8.2E0));
#2519=VERTEX_POINT('',#2518);
#2520=CARTESIAN_POINT('',(5.25E0,0.E0,9.8E0));
#2521=DIRECTION('',(-1.E0,0.E0,0.E0));
#2522=DIRECTION('',(0.E0,-1.E0,0.E0));
#2523=AXIS2_PLACEMENT_3D('',#2520,#2521,#2522);
#2524=PLANE('',#2523);
#2526=ORIENTED_EDGE('',*,*,#2525,.F.);
#2528=ORIENTED_EDGE('',*,*,#2527,.F.);
#2530=ORIENTED_EDGE('',*,*,#2529,.F.);
#2532=ORIENTED_EDGE('',*,*,#2531,.F.);
#2534=ORIENTED_EDGE('',*,*,#2533,.T.);
#2536=ORIENTED_EDGE('',*,*,#2535,.T.);
#2538=ORIENTED_EDGE('',*,*,#2537,.T.);
#2540=ORIENTED_EDGE('',*,*,#2539,.T.);
#2542=ORIENTED_EDGE('',*,*,#2541,.T.);
#2544=ORIENTED_EDGE('',*,*,#2543,.T.);
#2546=ORIENTED_EDGE('',*,*,#2545,.T.);
#2548=ORIENTED_EDGE('',*,*,#2547,.T.);
#2550=ORIENTED_EDGE('',*,*,#2549,.T.);
#2552=ORIENTED_EDGE('',*,*,#2551,.T.);
#2554=ORIENTED_EDGE('',*,*,#2553,.T.);
#2556=ORIENTED_EDGE('',*,*,#2555,.F.);
#2558=ORIENTED_EDGE('',*,*,#2557,.F.);
#2560=ORIENTED_EDGE('',*,*,#2559,.F.);
#2561=EDGE_LOOP('',(#2526,#2528,#2530,#2532,#2534,#2536,#2538,#2540,#2542,#2544,
#2546,#2548,#2550,#2552,#2554,#2556,#2558,#2560));
#2562=FACE_OUTER_BOUND('',#2561,.F.);
#2563=ADVANCED_FACE('',(#2562),#2524,.T.);
#2564=CARTESIAN_POINT('',(5.294081745177E0,-2.848514074610E-14,-8.45E0));
#2565=DIRECTION('',(-9.848077530122E-1,0.E0,-1.736481776669E-1));
#2566=DIRECTION('',(1.736481776669E-1,0.E0,-9.848077530122E-1));
#2567=AXIS2_PLACEMENT_3D('',#2564,#2565,#2566);
#2568=PLANE('',#2567);
#2570=ORIENTED_EDGE('',*,*,#2569,.T.);
#2572=ORIENTED_EDGE('',*,*,#2571,.F.);
#2574=ORIENTED_EDGE('',*,*,#2573,.T.);
#2575=ORIENTED_EDGE('',*,*,#2525,.T.);
#2576=EDGE_LOOP('',(#2570,#2572,#2574,#2575));
#2577=FACE_OUTER_BOUND('',#2576,.F.);
#2578=ADVANCED_FACE('',(#2577),#2568,.T.);
#2579=CARTESIAN_POINT('',(5.5E0,-1.15E0,-8.45E0));
#2580=DIRECTION('',(0.E0,-7.071067811865E-1,-7.071067811865E-1));
#2581=DIRECTION('',(0.E0,-7.071067811865E-1,7.071067811865E-1));
#2582=AXIS2_PLACEMENT_3D('',#2579,#2580,#2581);
#2583=PLANE('',#2582);
#2584=ORIENTED_EDGE('',*,*,#2569,.F.);
#2586=ORIENTED_EDGE('',*,*,#2585,.T.);
#2588=ORIENTED_EDGE('',*,*,#2587,.F.);
#2590=ORIENTED_EDGE('',*,*,#2589,.F.);
#2591=EDGE_LOOP('',(#2584,#2586,#2588,#2590));
#2592=FACE_OUTER_BOUND('',#2591,.F.);
#2593=ADVANCED_FACE('',(#2592),#2583,.T.);
#2594=CARTESIAN_POINT('',(5.5E0,-1.4E0,-4.45E0));
#2595=DIRECTION('',(0.E0,-1.E0,0.E0));
#2596=DIRECTION('',(0.E0,0.E0,1.E0));
#2597=AXIS2_PLACEMENT_3D('',#2594,#2595,#2596);
#2598=PLANE('',#2597);
#2599=ORIENTED_EDGE('',*,*,#2559,.T.);
#2601=ORIENTED_EDGE('',*,*,#2600,.T.);
#2603=ORIENTED_EDGE('',*,*,#2602,.F.);
#2604=ORIENTED_EDGE('',*,*,#2585,.F.);
#2605=EDGE_LOOP('',(#2599,#2601,#2603,#2604));
#2606=FACE_OUTER_BOUND('',#2605,.F.);
#2607=ADVANCED_FACE('',(#2606),#2598,.T.);
#2608=CARTESIAN_POINT('',(5.5E0,-1.575E0,-7.E-1));
#2609=DIRECTION('',(0.E0,0.E0,-1.E0));
#2610=DIRECTION('',(0.E0,-1.E0,0.E0));
#2611=AXIS2_PLACEMENT_3D('',#2608,#2609,#2610);
#2612=PLANE('',#2611);
#2613=ORIENTED_EDGE('',*,*,#2557,.T.);
#2615=ORIENTED_EDGE('',*,*,#2614,.T.);
#2617=ORIENTED_EDGE('',*,*,#2616,.F.);
#2618=ORIENTED_EDGE('',*,*,#2600,.F.);
#2619=EDGE_LOOP('',(#2613,#2615,#2617,#2618));
#2620=FACE_OUTER_BOUND('',#2619,.F.);
#2621=ADVANCED_FACE('',(#2620),#2612,.T.);
#2622=CARTESIAN_POINT('',(5.5E0,-1.75E0,3.55E0));
#2623=DIRECTION('',(0.E0,-1.E0,0.E0));
#2624=DIRECTION('',(0.E0,0.E0,1.E0));
#2625=AXIS2_PLACEMENT_3D('',#2622,#2623,#2624);
#2626=PLANE('',#2625);
#2627=ORIENTED_EDGE('',*,*,#2555,.T.);
#2629=ORIENTED_EDGE('',*,*,#2628,.T.);
#2631=ORIENTED_EDGE('',*,*,#2630,.F.);
#2632=ORIENTED_EDGE('',*,*,#2614,.F.);
#2633=EDGE_LOOP('',(#2627,#2629,#2631,#2632));
#2634=FACE_OUTER_BOUND('',#2633,.F.);
#2635=ADVANCED_FACE('',(#2634),#2626,.T.);
#2636=CARTESIAN_POINT('',(5.75E0,0.E0,9.8E0));
#2637=DIRECTION('',(-1.E0,0.E0,0.E0));
#2638=DIRECTION('',(0.E0,-1.E0,0.E0));
#2639=AXIS2_PLACEMENT_3D('',#2636,#2637,#2638);
#2640=PLANE('',#2639);
#2642=ORIENTED_EDGE('',*,*,#2641,.F.);
#2643=ORIENTED_EDGE('',*,*,#2602,.T.);
#2644=ORIENTED_EDGE('',*,*,#2616,.T.);
#2645=ORIENTED_EDGE('',*,*,#2630,.T.);
#2647=ORIENTED_EDGE('',*,*,#2646,.T.);
#2649=ORIENTED_EDGE('',*,*,#2648,.T.);
#2651=ORIENTED_EDGE('',*,*,#2650,.T.);
#2653=ORIENTED_EDGE('',*,*,#2652,.T.);
#2655=ORIENTED_EDGE('',*,*,#2654,.T.);
#2657=ORIENTED_EDGE('',*,*,#2656,.T.);
#2659=ORIENTED_EDGE('',*,*,#2658,.T.);
#2661=ORIENTED_EDGE('',*,*,#2660,.T.);
#2663=ORIENTED_EDGE('',*,*,#2662,.T.);
#2665=ORIENTED_EDGE('',*,*,#2664,.T.);
#2667=ORIENTED_EDGE('',*,*,#2666,.T.);
#2669=ORIENTED_EDGE('',*,*,#2668,.T.);
#2671=ORIENTED_EDGE('',*,*,#2670,.T.);
#2673=ORIENTED_EDGE('',*,*,#2672,.T.);
#2674=EDGE_LOOP('',(#2642,#2643,#2644,#2645,#2647,#2649,#2651,#2653,#2655,#2657,
#2659,#2661,#2663,#2665,#2667,#2669,#2671,#2673));
#2675=FACE_OUTER_BOUND('',#2674,.F.);
#2676=ADVANCED_FACE('',(#2675),#2640,.F.);
#2677=CARTESIAN_POINT('',(5.705918254823E0,-3.026149758550E-14,-8.45E0));
#2678=DIRECTION('',(9.848077530122E-1,0.E0,-1.736481776669E-1));
#2679=DIRECTION('',(-1.736481776669E-1,0.E0,-9.848077530122E-1));
#2680=AXIS2_PLACEMENT_3D('',#2677,#2678,#2679);
#2681=PLANE('',#2680);
#2683=ORIENTED_EDGE('',*,*,#2682,.T.);
#2685=ORIENTED_EDGE('',*,*,#2684,.F.);
#2686=ORIENTED_EDGE('',*,*,#2587,.T.);
#2687=ORIENTED_EDGE('',*,*,#2641,.T.);
#2688=EDGE_LOOP('',(#2683,#2685,#2686,#2687));
#2689=FACE_OUTER_BOUND('',#2688,.F.);
#2690=ADVANCED_FACE('',(#2689),#2681,.T.);
#2691=CARTESIAN_POINT('',(5.5E0,1.15E0,-8.45E0));
#2692=DIRECTION('',(0.E0,7.071067811865E-1,-7.071067811865E-1));
#2693=DIRECTION('',(0.E0,-7.071067811865E-1,-7.071067811865E-1));
#2694=AXIS2_PLACEMENT_3D('',#2691,#2692,#2693);
#2695=PLANE('',#2694);
#2696=ORIENTED_EDGE('',*,*,#2573,.F.);
#2698=ORIENTED_EDGE('',*,*,#2697,.T.);
#2699=ORIENTED_EDGE('',*,*,#2682,.F.);
#2701=ORIENTED_EDGE('',*,*,#2700,.F.);
#2702=EDGE_LOOP('',(#2696,#2698,#2699,#2701));
#2703=FACE_OUTER_BOUND('',#2702,.F.);
#2704=ADVANCED_FACE('',(#2703),#2695,.T.);
#2705=CARTESIAN_POINT('',(5.5E0,-2.924643653441E-14,-8.7E0));
#2706=DIRECTION('',(0.E0,0.E0,-1.E0));
#2707=DIRECTION('',(0.E0,-1.E0,0.E0));
#2708=AXIS2_PLACEMENT_3D('',#2705,#2706,#2707);
#2709=PLANE('',#2708);
#2710=ORIENTED_EDGE('',*,*,#2571,.T.);
#2711=ORIENTED_EDGE('',*,*,#2589,.T.);
#2712=ORIENTED_EDGE('',*,*,#2684,.T.);
#2713=ORIENTED_EDGE('',*,*,#2697,.F.);
#2714=EDGE_LOOP('',(#2710,#2711,#2712,#2713));
#2715=FACE_OUTER_BOUND('',#2714,.F.);
#2716=ADVANCED_FACE('',(#2715),#2709,.T.);
#2717=CARTESIAN_POINT('',(5.5E0,1.4E0,-4.45E0));
#2718=DIRECTION('',(0.E0,1.E0,0.E0));
#2719=DIRECTION('',(0.E0,0.E0,-1.E0));
#2720=AXIS2_PLACEMENT_3D('',#2717,#2718,#2719);
#2721=PLANE('',#2720);
#2722=ORIENTED_EDGE('',*,*,#2527,.T.);
#2723=ORIENTED_EDGE('',*,*,#2700,.T.);
#2724=ORIENTED_EDGE('',*,*,#2672,.F.);
#2726=ORIENTED_EDGE('',*,*,#2725,.F.);
#2727=EDGE_LOOP('',(#2722,#2723,#2724,#2726));
#2728=FACE_OUTER_BOUND('',#2727,.F.);
#2729=ADVANCED_FACE('',(#2728),#2721,.T.);
#2730=CARTESIAN_POINT('',(5.5E0,1.575E0,-7.E-1));
#2731=DIRECTION('',(0.E0,0.E0,-1.E0));
#2732=DIRECTION('',(0.E0,-1.E0,0.E0));
#2733=AXIS2_PLACEMENT_3D('',#2730,#2731,#2732);
#2734=PLANE('',#2733);
#2735=ORIENTED_EDGE('',*,*,#2529,.T.);
#2736=ORIENTED_EDGE('',*,*,#2725,.T.);
#2737=ORIENTED_EDGE('',*,*,#2670,.F.);
#2739=ORIENTED_EDGE('',*,*,#2738,.F.);
#2740=EDGE_LOOP('',(#2735,#2736,#2737,#2739));
#2741=FACE_OUTER_BOUND('',#2740,.F.);
#2742=ADVANCED_FACE('',(#2741),#2734,.T.);
#2743=CARTESIAN_POINT('',(5.5E0,1.75E0,3.55E0));
#2744=DIRECTION('',(0.E0,1.E0,0.E0));
#2745=DIRECTION('',(0.E0,0.E0,-1.E0));
#2746=AXIS2_PLACEMENT_3D('',#2743,#2744,#2745);
#2747=PLANE('',#2746);
#2748=ORIENTED_EDGE('',*,*,#2531,.T.);
#2749=ORIENTED_EDGE('',*,*,#2738,.T.);
#2750=ORIENTED_EDGE('',*,*,#2668,.F.);
#2752=ORIENTED_EDGE('',*,*,#2751,.T.);
#2753=EDGE_LOOP('',(#2748,#2749,#2750,#2752));
#2754=FACE_OUTER_BOUND('',#2753,.F.);
#2755=ADVANCED_FACE('',(#2754),#2747,.T.);
#2756=OPEN_SHELL('',(#2563,#2578,#2593,#2607,#2621,#2635,#2676,#2690,#2704,
#2716,#2729,#2742,#2755));
#2757=DIRECTION('',(0.E0,1.E0,0.E0));
#2758=VECTOR('',#2757,2.8E0);
#2759=CARTESIAN_POINT('',(-5.25E0,-1.4E0,-8.2E0));
#2760=LINE('',#2759,#2758);
#2761=DIRECTION('',(0.E0,0.E0,-1.E0));
#2762=VECTOR('',#2761,7.5E0);
#2763=CARTESIAN_POINT('',(-5.25E0,-1.4E0,-7.E-1));
#2764=LINE('',#2763,#2762);
#2765=DIRECTION('',(0.E0,1.E0,0.E0));
#2766=VECTOR('',#2765,3.5E-1);
#2767=CARTESIAN_POINT('',(-5.25E0,-1.75E0,-7.E-1));
#2768=LINE('',#2767,#2766);
#2769=DIRECTION('',(0.E0,0.E0,-1.E0));
#2770=VECTOR('',#2769,8.5E0);
#2771=CARTESIAN_POINT('',(-5.25E0,-1.75E0,7.8E0));
#2772=LINE('',#2771,#2770);
#2773=DIRECTION('',(0.E0,-1.E0,0.E0));
#2774=VECTOR('',#2773,3.5E-1);
#2775=CARTESIAN_POINT('',(-5.25E0,-1.75E0,7.8E0));
#2776=LINE('',#2775,#2774);
#2777=DIRECTION('',(0.E0,0.E0,1.E0));
#2778=VECTOR('',#2777,2.E0);
#2779=CARTESIAN_POINT('',(-5.25E0,-2.1E0,7.8E0));
#2780=LINE('',#2779,#2778);
#2781=DIRECTION('',(0.E0,1.E0,0.E0));
#2782=VECTOR('',#2781,1.3E0);
#2783=CARTESIAN_POINT('',(-5.25E0,-2.1E0,9.8E0));
#2784=LINE('',#2783,#2782);
#2785=DIRECTION('',(0.E0,7.071067811865E-1,-7.071067811865E-1));
#2786=VECTOR('',#2785,4.242640687119E-1);
#2787=CARTESIAN_POINT('',(-5.25E0,-8.E-1,9.8E0));
#2788=LINE('',#2787,#2786);
#2789=DIRECTION('',(0.E0,0.E0,-1.E0));
#2790=VECTOR('',#2789,7.E-1);
#2791=CARTESIAN_POINT('',(-5.25E0,-5.E-1,9.5E0));
#2792=LINE('',#2791,#2790);
#2793=DIRECTION('',(0.E0,1.E0,0.E0));
#2794=VECTOR('',#2793,1.E0);
#2795=CARTESIAN_POINT('',(-5.25E0,-5.E-1,8.8E0));
#2796=LINE('',#2795,#2794);
#2797=DIRECTION('',(0.E0,0.E0,1.E0));
#2798=VECTOR('',#2797,7.E-1);
#2799=CARTESIAN_POINT('',(-5.25E0,5.E-1,8.8E0));
#2800=LINE('',#2799,#2798);
#2801=DIRECTION('',(0.E0,7.071067811865E-1,7.071067811865E-1));
#2802=VECTOR('',#2801,4.242640687119E-1);
#2803=CARTESIAN_POINT('',(-5.25E0,5.E-1,9.5E0));
#2804=LINE('',#2803,#2802);
#2805=DIRECTION('',(0.E0,1.E0,0.E0));
#2806=VECTOR('',#2805,1.3E0);
#2807=CARTESIAN_POINT('',(-5.25E0,8.E-1,9.8E0));
#2808=LINE('',#2807,#2806);
#2809=DIRECTION('',(0.E0,0.E0,-1.E0));
#2810=VECTOR('',#2809,2.E0);
#2811=CARTESIAN_POINT('',(-5.25E0,2.1E0,9.8E0));
#2812=LINE('',#2811,#2810);
#2813=DIRECTION('',(0.E0,-1.E0,0.E0));
#2814=VECTOR('',#2813,3.5E-1);
#2815=CARTESIAN_POINT('',(-5.25E0,2.1E0,7.8E0));
#2816=LINE('',#2815,#2814);
#2817=DIRECTION('',(0.E0,0.E0,1.E0));
#2818=VECTOR('',#2817,8.5E0);
#2819=CARTESIAN_POINT('',(-5.25E0,1.75E0,-7.E-1));
#2820=LINE('',#2819,#2818);
#2821=DIRECTION('',(0.E0,1.E0,0.E0));
#2822=VECTOR('',#2821,3.5E-1);
#2823=CARTESIAN_POINT('',(-5.25E0,1.4E0,-7.E-1));
#2824=LINE('',#2823,#2822);
#2825=DIRECTION('',(0.E0,0.E0,1.E0));
#2826=VECTOR('',#2825,7.5E0);
#2827=CARTESIAN_POINT('',(-5.25E0,1.4E0,-8.2E0));
#2828=LINE('',#2827,#2826);
#2829=DIRECTION('',(-1.237240302065E-1,-7.016738431599E-1,-7.016738431599E-1));
#2830=VECTOR('',#2829,7.125817855036E-1);
#2831=CARTESIAN_POINT('',(-5.25E0,1.4E0,-8.2E0));
#2832=LINE('',#2831,#2830);
#2833=DIRECTION('',(-1.E0,0.E0,0.E0));
#2834=VECTOR('',#2833,5.E-1);
#2835=CARTESIAN_POINT('',(-5.25E0,1.4E0,-8.2E0));
#2836=LINE('',#2835,#2834);
#2837=DIRECTION('',(-1.237240302065E-1,7.016738431599E-1,7.016738431599E-1));
#2838=VECTOR('',#2837,7.125817855036E-1);
#2839=CARTESIAN_POINT('',(-5.661836509646E0,9.E-1,-8.7E0));
#2840=LINE('',#2839,#2838);
#2841=DIRECTION('',(-1.E0,0.E0,0.E0));
#2842=VECTOR('',#2841,5.E-1);
#2843=CARTESIAN_POINT('',(-5.25E0,1.4E0,-7.E-1));
#2844=LINE('',#2843,#2842);
#2845=DIRECTION('',(-1.E0,0.E0,0.E0));
#2846=VECTOR('',#2845,5.E-1);
#2847=CARTESIAN_POINT('',(-5.25E0,1.75E0,-7.E-1));
#2848=LINE('',#2847,#2846);
#2849=DIRECTION('',(-1.E0,0.E0,0.E0));
#2850=VECTOR('',#2849,5.E-1);
#2851=CARTESIAN_POINT('',(-5.25E0,1.75E0,7.8E0));
#2852=LINE('',#2851,#2850);
#2853=DIRECTION('',(0.E0,-1.E0,0.E0));
#2854=VECTOR('',#2853,2.8E0);
#2855=CARTESIAN_POINT('',(-5.75E0,1.4E0,-8.2E0));
#2856=LINE('',#2855,#2854);
#2857=DIRECTION('',(0.E0,0.E0,1.E0));
#2858=VECTOR('',#2857,7.5E0);
#2859=CARTESIAN_POINT('',(-5.75E0,1.4E0,-8.2E0));
#2860=LINE('',#2859,#2858);
#2861=DIRECTION('',(0.E0,1.E0,0.E0));
#2862=VECTOR('',#2861,3.5E-1);
#2863=CARTESIAN_POINT('',(-5.75E0,1.4E0,-7.E-1));
#2864=LINE('',#2863,#2862);
#2865=DIRECTION('',(0.E0,0.E0,1.E0));
#2866=VECTOR('',#2865,8.5E0);
#2867=CARTESIAN_POINT('',(-5.75E0,1.75E0,-7.E-1));
#2868=LINE('',#2867,#2866);
#2869=DIRECTION('',(0.E0,1.E0,0.E0));
#2870=VECTOR('',#2869,3.5E-1);
#2871=CARTESIAN_POINT('',(-5.75E0,1.75E0,7.8E0));
#2872=LINE('',#2871,#2870);
#2873=DIRECTION('',(0.E0,0.E0,1.E0));
#2874=VECTOR('',#2873,2.E0);
#2875=CARTESIAN_POINT('',(-5.75E0,2.1E0,7.8E0));
#2876=LINE('',#2875,#2874);
#2877=DIRECTION('',(0.E0,-1.E0,0.E0));
#2878=VECTOR('',#2877,1.3E0);
#2879=CARTESIAN_POINT('',(-5.75E0,2.1E0,9.8E0));
#2880=LINE('',#2879,#2878);
#2881=DIRECTION('',(0.E0,-7.071067811865E-1,-7.071067811865E-1));
#2882=VECTOR('',#2881,4.242640687119E-1);
#2883=CARTESIAN_POINT('',(-5.75E0,8.E-1,9.8E0));
#2884=LINE('',#2883,#2882);
#2885=DIRECTION('',(0.E0,0.E0,-1.E0));
#2886=VECTOR('',#2885,7.E-1);
#2887=CARTESIAN_POINT('',(-5.75E0,5.E-1,9.5E0));
#2888=LINE('',#2887,#2886);
#2889=DIRECTION('',(0.E0,-1.E0,0.E0));
#2890=VECTOR('',#2889,1.E0);
#2891=CARTESIAN_POINT('',(-5.75E0,5.E-1,8.8E0));
#2892=LINE('',#2891,#2890);
#2893=DIRECTION('',(0.E0,0.E0,1.E0));
#2894=VECTOR('',#2893,7.E-1);
#2895=CARTESIAN_POINT('',(-5.75E0,-5.E-1,8.8E0));
#2896=LINE('',#2895,#2894);
#2897=DIRECTION('',(0.E0,-7.071067811865E-1,7.071067811865E-1));
#2898=VECTOR('',#2897,4.242640687119E-1);
#2899=CARTESIAN_POINT('',(-5.75E0,-5.E-1,9.5E0));
#2900=LINE('',#2899,#2898);
#2901=DIRECTION('',(0.E0,-1.E0,0.E0));
#2902=VECTOR('',#2901,1.3E0);
#2903=CARTESIAN_POINT('',(-5.75E0,-8.E-1,9.8E0));
#2904=LINE('',#2903,#2902);
#2905=DIRECTION('',(0.E0,0.E0,-1.E0));
#2906=VECTOR('',#2905,2.E0);
#2907=CARTESIAN_POINT('',(-5.75E0,-2.1E0,9.8E0));
#2908=LINE('',#2907,#2906);
#2909=DIRECTION('',(0.E0,1.E0,0.E0));
#2910=VECTOR('',#2909,3.5E-1);
#2911=CARTESIAN_POINT('',(-5.75E0,-2.1E0,7.8E0));
#2912=LINE('',#2911,#2910);
#2913=DIRECTION('',(0.E0,0.E0,-1.E0));
#2914=VECTOR('',#2913,8.5E0);
#2915=CARTESIAN_POINT('',(-5.75E0,-1.75E0,7.8E0));
#2916=LINE('',#2915,#2914);
#2917=DIRECTION('',(0.E0,1.E0,0.E0));
#2918=VECTOR('',#2917,3.5E-1);
#2919=CARTESIAN_POINT('',(-5.75E0,-1.75E0,-7.E-1));
#2920=LINE('',#2919,#2918);
#2921=DIRECTION('',(0.E0,0.E0,-1.E0));
#2922=VECTOR('',#2921,7.5E0);
#2923=CARTESIAN_POINT('',(-5.75E0,-1.4E0,-7.E-1));
#2924=LINE('',#2923,#2922);
#2925=DIRECTION('',(1.237240302065E-1,-7.016738431599E-1,7.016738431599E-1));
#2926=VECTOR('',#2925,7.125817855036E-1);
#2927=CARTESIAN_POINT('',(-5.338163490354E0,-9.E-1,-8.7E0));
#2928=LINE('',#2927,#2926);
#2929=DIRECTION('',(-1.E0,0.E0,0.E0));
#2930=VECTOR('',#2929,3.236730192915E-1);
#2931=CARTESIAN_POINT('',(-5.338163490354E0,-9.E-1,-8.7E0));
#2932=LINE('',#2931,#2930);
#2933=DIRECTION('',(1.237240302065E-1,7.016738431599E-1,-7.016738431599E-1));
#2934=VECTOR('',#2933,7.125817855036E-1);
#2935=CARTESIAN_POINT('',(-5.75E0,-1.4E0,-8.2E0));
#2936=LINE('',#2935,#2934);
#2937=DIRECTION('',(0.E0,1.E0,0.E0));
#2938=VECTOR('',#2937,1.8E0);
#2939=CARTESIAN_POINT('',(-5.338163490354E0,-9.E-1,-8.7E0));
#2940=LINE('',#2939,#2938);
#2941=DIRECTION('',(-1.E0,0.E0,0.E0));
#2942=VECTOR('',#2941,3.236730192915E-1);
#2943=CARTESIAN_POINT('',(-5.338163490354E0,9.E-1,-8.7E0));
#2944=LINE('',#2943,#2942);
#2945=DIRECTION('',(0.E0,-1.E0,0.E0));
#2946=VECTOR('',#2945,1.8E0);
#2947=CARTESIAN_POINT('',(-5.661836509646E0,9.E-1,-8.7E0));
#2948=LINE('',#2947,#2946);
#2949=DIRECTION('',(-1.E0,0.E0,0.E0));
#2950=VECTOR('',#2949,5.E-1);
#2951=CARTESIAN_POINT('',(-5.25E0,-1.4E0,-8.2E0));
#2952=LINE('',#2951,#2950);
#2953=DIRECTION('',(-1.E0,0.E0,0.E0));
#2954=VECTOR('',#2953,5.E-1);
#2955=CARTESIAN_POINT('',(-5.25E0,-1.4E0,-7.E-1));
#2956=LINE('',#2955,#2954);
#2957=DIRECTION('',(-1.E0,0.E0,0.E0));
#2958=VECTOR('',#2957,5.E-1);
#2959=CARTESIAN_POINT('',(-5.25E0,-1.75E0,-7.E-1));
#2960=LINE('',#2959,#2958);
#2961=DIRECTION('',(1.E0,0.E0,0.E0));
#2962=VECTOR('',#2961,5.E-1);
#2963=CARTESIAN_POINT('',(-5.75E0,-1.75E0,7.8E0));
#2964=LINE('',#2963,#2962);
#2965=CARTESIAN_POINT('',(-5.25E0,-2.1E0,9.8E0));
#2966=CARTESIAN_POINT('',(-5.25E0,-2.1E0,7.8E0));
#2967=VERTEX_POINT('',#2965);
#2968=VERTEX_POINT('',#2966);
#2969=CARTESIAN_POINT('',(-5.25E0,-8.E-1,9.8E0));
#2970=VERTEX_POINT('',#2969);
#2971=CARTESIAN_POINT('',(-5.25E0,-5.E-1,9.5E0));
#2972=VERTEX_POINT('',#2971);
#2973=CARTESIAN_POINT('',(-5.25E0,-5.E-1,8.8E0));
#2974=VERTEX_POINT('',#2973);
#2975=CARTESIAN_POINT('',(-5.25E0,5.E-1,8.8E0));
#2976=VERTEX_POINT('',#2975);
#2977=CARTESIAN_POINT('',(-5.25E0,5.E-1,9.5E0));
#2978=VERTEX_POINT('',#2977);
#2979=CARTESIAN_POINT('',(-5.25E0,8.E-1,9.8E0));
#2980=VERTEX_POINT('',#2979);
#2981=CARTESIAN_POINT('',(-5.25E0,2.1E0,9.8E0));
#2982=VERTEX_POINT('',#2981);
#2983=CARTESIAN_POINT('',(-5.25E0,2.1E0,7.8E0));
#2984=VERTEX_POINT('',#2983);
#2985=CARTESIAN_POINT('',(-5.25E0,1.75E0,7.8E0));
#2986=VERTEX_POINT('',#2985);
#2987=CARTESIAN_POINT('',(-5.25E0,1.75E0,-7.E-1));
#2988=VERTEX_POINT('',#2987);
#2989=CARTESIAN_POINT('',(-5.25E0,1.4E0,-7.E-1));
#2990=VERTEX_POINT('',#2989);
#2991=CARTESIAN_POINT('',(-5.25E0,-1.75E0,-7.E-1));
#2992=CARTESIAN_POINT('',(-5.25E0,-1.4E0,-7.E-1));
#2993=VERTEX_POINT('',#2991);
#2994=VERTEX_POINT('',#2992);
#2995=CARTESIAN_POINT('',(-5.25E0,-1.75E0,7.8E0));
#2996=VERTEX_POINT('',#2995);
#2997=CARTESIAN_POINT('',(-5.75E0,-2.1E0,9.8E0));
#2998=CARTESIAN_POINT('',(-5.75E0,-2.1E0,7.8E0));
#2999=VERTEX_POINT('',#2997);
#3000=VERTEX_POINT('',#2998);
#3001=CARTESIAN_POINT('',(-5.75E0,-8.E-1,9.8E0));
#3002=VERTEX_POINT('',#3001);
#3003=CARTESIAN_POINT('',(-5.75E0,-5.E-1,9.5E0));
#3004=VERTEX_POINT('',#3003);
#3005=CARTESIAN_POINT('',(-5.75E0,-5.E-1,8.8E0));
#3006=VERTEX_POINT('',#3005);
#3007=CARTESIAN_POINT('',(-5.75E0,5.E-1,8.8E0));
#3008=VERTEX_POINT('',#3007);
#3009=CARTESIAN_POINT('',(-5.75E0,5.E-1,9.5E0));
#3010=VERTEX_POINT('',#3009);
#3011=CARTESIAN_POINT('',(-5.75E0,8.E-1,9.8E0));
#3012=VERTEX_POINT('',#3011);
#3013=CARTESIAN_POINT('',(-5.75E0,2.1E0,9.8E0));
#3014=VERTEX_POINT('',#3013);
#3015=CARTESIAN_POINT('',(-5.75E0,2.1E0,7.8E0));
#3016=VERTEX_POINT('',#3015);
#3017=CARTESIAN_POINT('',(-5.75E0,1.75E0,7.8E0));
#3018=VERTEX_POINT('',#3017);
#3019=CARTESIAN_POINT('',(-5.75E0,1.75E0,-7.E-1));
#3020=VERTEX_POINT('',#3019);
#3021=CARTESIAN_POINT('',(-5.75E0,1.4E0,-7.E-1));
#3022=VERTEX_POINT('',#3021);
#3023=CARTESIAN_POINT('',(-5.75E0,-1.75E0,-7.E-1));
#3024=CARTESIAN_POINT('',(-5.75E0,-1.4E0,-7.E-1));
#3025=VERTEX_POINT('',#3023);
#3026=VERTEX_POINT('',#3024);
#3027=CARTESIAN_POINT('',(-5.75E0,-1.75E0,7.8E0));
#3028=VERTEX_POINT('',#3027);
#3029=CARTESIAN_POINT('',(-5.25E0,1.4E0,-8.2E0));
#3030=CARTESIAN_POINT('',(-5.338163490354E0,9.E-1,-8.7E0));
#3031=VERTEX_POINT('',#3029);
#3032=VERTEX_POINT('',#3030);
#3033=CARTESIAN_POINT('',(-5.338163490354E0,-9.E-1,-8.7E0));
#3034=VERTEX_POINT('',#3033);
#3035=CARTESIAN_POINT('',(-5.25E0,-1.4E0,-8.2E0));
#3036=VERTEX_POINT('',#3035);
#3037=CARTESIAN_POINT('',(-5.75E0,-1.4E0,-8.2E0));
#3038=CARTESIAN_POINT('',(-5.661836509646E0,-9.E-1,-8.7E0));
#3039=VERTEX_POINT('',#3037);
#3040=VERTEX_POINT('',#3038);
#3041=CARTESIAN_POINT('',(-5.661836509646E0,9.E-1,-8.7E0));
#3042=VERTEX_POINT('',#3041);
#3043=CARTESIAN_POINT('',(-5.75E0,1.4E0,-8.2E0));
#3044=VERTEX_POINT('',#3043);
#3045=CARTESIAN_POINT('',(-5.25E0,0.E0,9.8E0));
#3046=DIRECTION('',(1.E0,0.E0,0.E0));
#3047=DIRECTION('',(0.E0,1.E0,0.E0));
#3048=AXIS2_PLACEMENT_3D('',#3045,#3046,#3047);
#3049=PLANE('',#3048);
#3051=ORIENTED_EDGE('',*,*,#3050,.F.);
#3053=ORIENTED_EDGE('',*,*,#3052,.F.);
#3055=ORIENTED_EDGE('',*,*,#3054,.F.);
#3057=ORIENTED_EDGE('',*,*,#3056,.F.);
#3059=ORIENTED_EDGE('',*,*,#3058,.T.);
#3061=ORIENTED_EDGE('',*,*,#3060,.T.);
#3063=ORIENTED_EDGE('',*,*,#3062,.T.);
#3065=ORIENTED_EDGE('',*,*,#3064,.T.);
#3067=ORIENTED_EDGE('',*,*,#3066,.T.);
#3069=ORIENTED_EDGE('',*,*,#3068,.T.);
#3071=ORIENTED_EDGE('',*,*,#3070,.T.);
#3073=ORIENTED_EDGE('',*,*,#3072,.T.);
#3075=ORIENTED_EDGE('',*,*,#3074,.T.);
#3077=ORIENTED_EDGE('',*,*,#3076,.T.);
#3079=ORIENTED_EDGE('',*,*,#3078,.T.);
#3081=ORIENTED_EDGE('',*,*,#3080,.F.);
#3083=ORIENTED_EDGE('',*,*,#3082,.F.);
#3085=ORIENTED_EDGE('',*,*,#3084,.F.);
#3086=EDGE_LOOP('',(#3051,#3053,#3055,#3057,#3059,#3061,#3063,#3065,#3067,#3069,
#3071,#3073,#3075,#3077,#3079,#3081,#3083,#3085));
#3087=FACE_OUTER_BOUND('',#3086,.F.);
#3088=ADVANCED_FACE('',(#3087),#3049,.T.);
#3089=CARTESIAN_POINT('',(-5.294081745177E0,2.783680271973E-14,-8.45E0));
#3090=DIRECTION('',(9.848077530122E-1,0.E0,-1.736481776669E-1));
#3091=DIRECTION('',(-1.736481776669E-1,0.E0,-9.848077530122E-1));
#3092=AXIS2_PLACEMENT_3D('',#3089,#3090,#3091);
#3093=PLANE('',#3092);
#3095=ORIENTED_EDGE('',*,*,#3094,.T.);
#3097=ORIENTED_EDGE('',*,*,#3096,.F.);
#3099=ORIENTED_EDGE('',*,*,#3098,.T.);
#3100=ORIENTED_EDGE('',*,*,#3050,.T.);
#3101=EDGE_LOOP('',(#3095,#3097,#3099,#3100));
#3102=FACE_OUTER_BOUND('',#3101,.F.);
#3103=ADVANCED_FACE('',(#3102),#3093,.T.);
#3104=CARTESIAN_POINT('',(-5.5E0,1.15E0,-8.45E0));
#3105=DIRECTION('',(0.E0,7.071067811865E-1,-7.071067811865E-1));
#3106=DIRECTION('',(0.E0,7.071067811865E-1,7.071067811865E-1));
#3107=AXIS2_PLACEMENT_3D('',#3104,#3105,#3106);
#3108=PLANE('',#3107);
#3109=ORIENTED_EDGE('',*,*,#3094,.F.);
#3111=ORIENTED_EDGE('',*,*,#3110,.T.);
#3113=ORIENTED_EDGE('',*,*,#3112,.F.);
#3115=ORIENTED_EDGE('',*,*,#3114,.F.);
#3116=EDGE_LOOP('',(#3109,#3111,#3113,#3115));
#3117=FACE_OUTER_BOUND('',#3116,.F.);
#3118=ADVANCED_FACE('',(#3117),#3108,.T.);
#3119=CARTESIAN_POINT('',(-5.5E0,1.4E0,-4.45E0));
#3120=DIRECTION('',(0.E0,1.E0,0.E0));
#3121=DIRECTION('',(0.E0,0.E0,1.E0));
#3122=AXIS2_PLACEMENT_3D('',#3119,#3120,#3121);
#3123=PLANE('',#3122);
#3124=ORIENTED_EDGE('',*,*,#3084,.T.);
#3126=ORIENTED_EDGE('',*,*,#3125,.T.);
#3128=ORIENTED_EDGE('',*,*,#3127,.F.);
#3129=ORIENTED_EDGE('',*,*,#3110,.F.);
#3130=EDGE_LOOP('',(#3124,#3126,#3128,#3129));
#3131=FACE_OUTER_BOUND('',#3130,.F.);
#3132=ADVANCED_FACE('',(#3131),#3123,.T.);
#3133=CARTESIAN_POINT('',(-5.5E0,1.575E0,-7.E-1));
#3134=DIRECTION('',(0.E0,0.E0,-1.E0));
#3135=DIRECTION('',(0.E0,1.E0,0.E0));
#3136=AXIS2_PLACEMENT_3D('',#3133,#3134,#3135);
#3137=PLANE('',#3136);
#3138=ORIENTED_EDGE('',*,*,#3082,.T.);
#3140=ORIENTED_EDGE('',*,*,#3139,.T.);
#3142=ORIENTED_EDGE('',*,*,#3141,.F.);
#3143=ORIENTED_EDGE('',*,*,#3125,.F.);
#3144=EDGE_LOOP('',(#3138,#3140,#3142,#3143));
#3145=FACE_OUTER_BOUND('',#3144,.F.);
#3146=ADVANCED_FACE('',(#3145),#3137,.T.);
#3147=CARTESIAN_POINT('',(-5.5E0,1.75E0,3.55E0));
#3148=DIRECTION('',(0.E0,1.E0,0.E0));
#3149=DIRECTION('',(0.E0,0.E0,1.E0));
#3150=AXIS2_PLACEMENT_3D('',#3147,#3148,#3149);
#3151=PLANE('',#3150);
#3152=ORIENTED_EDGE('',*,*,#3080,.T.);
#3154=ORIENTED_EDGE('',*,*,#3153,.T.);
#3156=ORIENTED_EDGE('',*,*,#3155,.F.);
#3157=ORIENTED_EDGE('',*,*,#3139,.F.);
#3158=EDGE_LOOP('',(#3152,#3154,#3156,#3157));
#3159=FACE_OUTER_BOUND('',#3158,.F.);
#3160=ADVANCED_FACE('',(#3159),#3151,.T.);
#3161=CARTESIAN_POINT('',(-5.75E0,0.E0,9.8E0));
#3162=DIRECTION('',(1.E0,0.E0,0.E0));
#3163=DIRECTION('',(0.E0,1.E0,0.E0));
#3164=AXIS2_PLACEMENT_3D('',#3161,#3162,#3163);
#3165=PLANE('',#3164);
#3167=ORIENTED_EDGE('',*,*,#3166,.F.);
#3168=ORIENTED_EDGE('',*,*,#3127,.T.);
#3169=ORIENTED_EDGE('',*,*,#3141,.T.);
#3170=ORIENTED_EDGE('',*,*,#3155,.T.);
#3172=ORIENTED_EDGE('',*,*,#3171,.T.);
#3174=ORIENTED_EDGE('',*,*,#3173,.T.);
#3176=ORIENTED_EDGE('',*,*,#3175,.T.);
#3178=ORIENTED_EDGE('',*,*,#3177,.T.);
#3180=ORIENTED_EDGE('',*,*,#3179,.T.);
#3182=ORIENTED_EDGE('',*,*,#3181,.T.);
#3184=ORIENTED_EDGE('',*,*,#3183,.T.);
#3186=ORIENTED_EDGE('',*,*,#3185,.T.);
#3188=ORIENTED_EDGE('',*,*,#3187,.T.);
#3190=ORIENTED_EDGE('',*,*,#3189,.T.);
#3192=ORIENTED_EDGE('',*,*,#3191,.T.);
#3194=ORIENTED_EDGE('',*,*,#3193,.T.);
#3196=ORIENTED_EDGE('',*,*,#3195,.T.);
#3198=ORIENTED_EDGE('',*,*,#3197,.T.);
#3199=EDGE_LOOP('',(#3167,#3168,#3169,#3170,#3172,#3174,#3176,#3178,#3180,#3182,
#3184,#3186,#3188,#3190,#3192,#3194,#3196,#3198));
#3200=FACE_OUTER_BOUND('',#3199,.F.);
#3201=ADVANCED_FACE('',(#3200),#3165,.F.);
#3202=CARTESIAN_POINT('',(-5.705918254823E0,2.956272413280E-14,-8.45E0));
#3203=DIRECTION('',(-9.848077530122E-1,0.E0,-1.736481776669E-1));
#3204=DIRECTION('',(1.736481776669E-1,0.E0,-9.848077530122E-1));
#3205=AXIS2_PLACEMENT_3D('',#3202,#3203,#3204);
#3206=PLANE('',#3205);
#3208=ORIENTED_EDGE('',*,*,#3207,.T.);
#3210=ORIENTED_EDGE('',*,*,#3209,.F.);
#3211=ORIENTED_EDGE('',*,*,#3112,.T.);
#3212=ORIENTED_EDGE('',*,*,#3166,.T.);
#3213=EDGE_LOOP('',(#3208,#3210,#3211,#3212));
#3214=FACE_OUTER_BOUND('',#3213,.F.);
#3215=ADVANCED_FACE('',(#3214),#3206,.T.);
#3216=CARTESIAN_POINT('',(-5.5E0,-1.15E0,-8.45E0));
#3217=DIRECTION('',(0.E0,-7.071067811865E-1,-7.071067811865E-1));
#3218=DIRECTION('',(0.E0,7.071067811865E-1,-7.071067811865E-1));
#3219=AXIS2_PLACEMENT_3D('',#3216,#3217,#3218);
#3220=PLANE('',#3219);
#3221=ORIENTED_EDGE('',*,*,#3098,.F.);
#3223=ORIENTED_EDGE('',*,*,#3222,.T.);
#3224=ORIENTED_EDGE('',*,*,#3207,.F.);
#3226=ORIENTED_EDGE('',*,*,#3225,.F.);
#3227=EDGE_LOOP('',(#3221,#3223,#3224,#3226));
#3228=FACE_OUTER_BOUND('',#3227,.F.);
#3229=ADVANCED_FACE('',(#3228),#3220,.T.);
#3230=CARTESIAN_POINT('',(-5.5E0,2.857288079488E-14,-8.7E0));
#3231=DIRECTION('',(0.E0,0.E0,-1.E0));
#3232=DIRECTION('',(0.E0,1.E0,0.E0));
#3233=AXIS2_PLACEMENT_3D('',#3230,#3231,#3232);
#3234=PLANE('',#3233);
#3235=ORIENTED_EDGE('',*,*,#3096,.T.);
#3236=ORIENTED_EDGE('',*,*,#3114,.T.);
#3237=ORIENTED_EDGE('',*,*,#3209,.T.);
#3238=ORIENTED_EDGE('',*,*,#3222,.F.);
#3239=EDGE_LOOP('',(#3235,#3236,#3237,#3238));
#3240=FACE_OUTER_BOUND('',#3239,.F.);
#3241=ADVANCED_FACE('',(#3240),#3234,.T.);
#3242=CARTESIAN_POINT('',(-5.5E0,-1.4E0,-4.45E0));
#3243=DIRECTION('',(0.E0,-1.E0,0.E0));
#3244=DIRECTION('',(0.E0,0.E0,-1.E0));
#3245=AXIS2_PLACEMENT_3D('',#3242,#3243,#3244);
#3246=PLANE('',#3245);
#3247=ORIENTED_EDGE('',*,*,#3052,.T.);
#3248=ORIENTED_EDGE('',*,*,#3225,.T.);
#3249=ORIENTED_EDGE('',*,*,#3197,.F.);
#3251=ORIENTED_EDGE('',*,*,#3250,.F.);
#3252=EDGE_LOOP('',(#3247,#3248,#3249,#3251));
#3253=FACE_OUTER_BOUND('',#3252,.F.);
#3254=ADVANCED_FACE('',(#3253),#3246,.T.);
#3255=CARTESIAN_POINT('',(-5.5E0,-1.575E0,-7.E-1));
#3256=DIRECTION('',(0.E0,0.E0,-1.E0));
#3257=DIRECTION('',(0.E0,1.E0,0.E0));
#3258=AXIS2_PLACEMENT_3D('',#3255,#3256,#3257);
#3259=PLANE('',#3258);
#3260=ORIENTED_EDGE('',*,*,#3054,.T.);
#3261=ORIENTED_EDGE('',*,*,#3250,.T.);
#3262=ORIENTED_EDGE('',*,*,#3195,.F.);
#3264=ORIENTED_EDGE('',*,*,#3263,.F.);
#3265=EDGE_LOOP('',(#3260,#3261,#3262,#3264));
#3266=FACE_OUTER_BOUND('',#3265,.F.);
#3267=ADVANCED_FACE('',(#3266),#3259,.T.);
#3268=CARTESIAN_POINT('',(-5.5E0,-1.75E0,3.55E0));
#3269=DIRECTION('',(0.E0,-1.E0,0.E0));
#3270=DIRECTION('',(0.E0,0.E0,-1.E0));
#3271=AXIS2_PLACEMENT_3D('',#3268,#3269,#3270);
#3272=PLANE('',#3271);
#3273=ORIENTED_EDGE('',*,*,#3056,.T.);
#3274=ORIENTED_EDGE('',*,*,#3263,.T.);
#3275=ORIENTED_EDGE('',*,*,#3193,.F.);
#3277=ORIENTED_EDGE('',*,*,#3276,.T.);
#3278=EDGE_LOOP('',(#3273,#3274,#3275,#3277));
#3279=FACE_OUTER_BOUND('',#3278,.F.);
#3280=ADVANCED_FACE('',(#3279),#3272,.T.);
#3281=OPEN_SHELL('',(#3088,#3103,#3118,#3132,#3146,#3160,#3201,#3215,#3229,
#3241,#3254,#3267,#3280));
#3282=DIRECTION('',(8.660254037844E-1,-5.E-1,0.E0));
#3283=VECTOR('',#3282,2.78E0);
#3284=CARTESIAN_POINT('',(-4.328775311260E0,-4.717658773653E0,-8.7E0));
#3285=LINE('',#3284,#3283);
#3286=DIRECTION('',(6.123724356958E-1,-3.535533905933E-1,-7.071067811865E-1));
#3287=VECTOR('',#3286,1.414213562373E-2);
#3288=CARTESIAN_POINT('',(-4.337435565298E0,-4.712658773653E0,-8.69E0));
#3289=LINE('',#3288,#3287);
#3290=DIRECTION('',(0.E0,0.E0,-1.E0));
#3291=VECTOR('',#3290,7.49E0);
#3292=CARTESIAN_POINT('',(-4.337435565298E0,-4.712658773653E0,-1.2E0));
#3293=LINE('',#3292,#3291);
#3294=DIRECTION('',(8.660254037844E-1,-5.E-1,0.E0));
#3295=VECTOR('',#3294,6.E-1);
#3296=CARTESIAN_POINT('',(-4.857050807569E0,-4.412658773653E0,-1.2E0));
#3297=LINE('',#3296,#3295);
#3298=DIRECTION('',(0.E0,0.E0,-1.E0));
#3299=VECTOR('',#3298,3.2E0);
#3300=CARTESIAN_POINT('',(-4.857050807569E0,-4.412658773653E0,2.E0));
#3301=LINE('',#3300,#3299);
#3302=DIRECTION('',(8.660254037844E-1,-5.E-1,0.E0));
#3303=VECTOR('',#3302,5.E-1);
#3304=CARTESIAN_POINT('',(-4.857050807569E0,-4.412658773653E0,2.E0));
#3305=LINE('',#3304,#3303);
#3306=DIRECTION('',(0.E0,0.E0,1.E0));
#3307=VECTOR('',#3306,2.8E0);
#3308=CARTESIAN_POINT('',(-4.424038105677E0,-4.662658773653E0,2.E0));
#3309=LINE('',#3308,#3307);
#3310=DIRECTION('',(8.660254037844E-1,-5.E-1,0.E0));
#3311=VECTOR('',#3310,3.E0);
#3312=CARTESIAN_POINT('',(-4.424038105677E0,-4.662658773653E0,4.8E0));
#3313=LINE('',#3312,#3311);
#3314=DIRECTION('',(0.E0,0.E0,-1.E0));
#3315=VECTOR('',#3314,2.8E0);
#3316=CARTESIAN_POINT('',(-1.825961894323E0,-6.162658773653E0,4.8E0));
#3317=LINE('',#3316,#3315);
#3318=DIRECTION('',(8.660254037844E-1,-5.E-1,0.E0));
#3319=VECTOR('',#3318,5.E-1);
#3320=CARTESIAN_POINT('',(-1.825961894323E0,-6.162658773653E0,2.E0));
#3321=LINE('',#3320,#3319);
#3322=DIRECTION('',(0.E0,0.E0,1.E0));
#3323=VECTOR('',#3322,3.2E0);
#3324=CARTESIAN_POINT('',(-1.392949192431E0,-6.412658773653E0,-1.2E0));
#3325=LINE('',#3324,#3323);
#3326=DIRECTION('',(8.660254037844E-1,-5.E-1,0.E0));
#3327=VECTOR('',#3326,6.E-1);
#3328=CARTESIAN_POINT('',(-1.912564434702E0,-6.112658773653E0,-1.2E0));
#3329=LINE('',#3328,#3327);
#3330=DIRECTION('',(0.E0,0.E0,1.E0));
#3331=VECTOR('',#3330,7.49E0);
#3332=CARTESIAN_POINT('',(-1.912564434702E0,-6.112658773653E0,-8.69E0));
#3333=LINE('',#3332,#3331);
#3334=DIRECTION('',(6.123724356958E-1,-3.535533905932E-1,7.071067811866E-1));
#3335=VECTOR('',#3334,1.414213562373E-2);
#3336=CARTESIAN_POINT('',(-1.921224688740E0,-6.107658773653E0,-8.7E0));
#3337=LINE('',#3336,#3335);
#3338=DIRECTION('',(-5.458053582443E-1,4.579850747973E-1,-7.016738431599E-1));
#3339=VECTOR('',#3338,7.125817855036E-1);
#3340=CARTESIAN_POINT('',(-1.921224688740E0,-6.107658773653E0,-8.7E0));
#3341=LINE('',#3340,#3339);
#3342=DIRECTION('',(5.E-1,8.660254037844E-1,0.E0));
#3343=VECTOR('',#3342,5.E-1);
#3344=CARTESIAN_POINT('',(-1.912564434702E0,-6.112658773653E0,-8.69E0));
#3345=LINE('',#3344,#3343);
#3346=DIRECTION('',(6.695293884507E-1,-2.436887683625E-1,7.016738431599E-1));
#3347=VECTOR('',#3346,7.125817855036E-1);
#3348=CARTESIAN_POINT('',(-2.148319135809E0,-5.500997894094E0,-9.2E0));
#3349=LINE('',#3348,#3347);
#3350=DIRECTION('',(-3.535533905933E-1,-6.123724356958E-1,7.071067811865E-1));
#3351=VECTOR('',#3350,1.414213562373E-1);
#3352=CARTESIAN_POINT('',(-1.662564434702E0,-5.679646071761E0,-7.1E0));
#3353=LINE('',#3352,#3351);
#3354=DIRECTION('',(5.E-1,8.660254037844E-1,0.E0));
#3355=VECTOR('',#3354,5.E-1);
#3356=CARTESIAN_POINT('',(-1.912564434702E0,-6.112658773653E0,-1.2E0));
#3357=LINE('',#3356,#3355);
#3358=DIRECTION('',(3.535533905933E-1,6.123724356958E-1,7.071067811866E-1));
#3359=VECTOR('',#3358,1.414213562373E-1);
#3360=CARTESIAN_POINT('',(-1.712564434702E0,-5.766248612139E0,-7.E0));
#3361=LINE('',#3360,#3359);
#3362=DIRECTION('',(-8.660254037844E-1,5.E-1,0.E0));
#3363=VECTOR('',#3362,8.E-1);
#3364=CARTESIAN_POINT('',(-1.662564434702E0,-5.679646071761E0,-7.1E0));
#3365=LINE('',#3364,#3363);
#3366=DIRECTION('',(0.E0,0.E0,-1.E0));
#3367=VECTOR('',#3366,5.E-1);
#3368=CARTESIAN_POINT('',(-2.355384757729E0,-5.279646071761E0,-7.1E0));
#3369=LINE('',#3368,#3367);
#3370=CARTESIAN_POINT('',(-2.875E0,-4.979646071761E0,-7.6E0));
#3371=DIRECTION('',(-5.E-1,-8.660254037844E-1,0.E0));
#3372=DIRECTION('',(-8.660254037844E-1,5.E-1,0.E0));
#3373=AXIS2_PLACEMENT_3D('',#3370,#3371,#3372);
#3375=DIRECTION('',(0.E0,0.E0,1.E0));
#3376=VECTOR('',#3375,5.E-1);
#3377=CARTESIAN_POINT('',(-3.394615242271E0,-4.679646071761E0,-7.6E0));
#3378=LINE('',#3377,#3376);
#3379=DIRECTION('',(-8.660254037844E-1,5.E-1,0.E0));
#3380=VECTOR('',#3379,8.E-1);
#3381=CARTESIAN_POINT('',(-3.394615242271E0,-4.679646071761E0,-7.1E0));
#3382=LINE('',#3381,#3380);
#3383=DIRECTION('',(0.E0,0.E0,-1.E0));
#3384=VECTOR('',#3383,1.59E0);
#3385=CARTESIAN_POINT('',(-4.087435565298E0,-4.279646071761E0,-7.1E0));
#3386=LINE('',#3385,#3384);
#3387=DIRECTION('',(6.123724356957E-1,-3.535533905932E-1,-7.071067811866E-1));
#3388=VECTOR('',#3387,1.414213562373E-2);
#3389=CARTESIAN_POINT('',(-4.087435565298E0,-4.279646071761E0,-8.69E0));
#3390=LINE('',#3389,#3388);
#3391=DIRECTION('',(-8.660254037844E-1,5.E-1,0.E0));
#3392=VECTOR('',#3391,2.78E0);
#3393=CARTESIAN_POINT('',(-1.671224688740E0,-5.674646071761E0,-8.7E0));
#3394=LINE('',#3393,#3392);
#3395=DIRECTION('',(6.123724356958E-1,-3.535533905933E-1,7.071067811865E-1));
#3396=VECTOR('',#3395,1.414213562373E-2);
#3397=CARTESIAN_POINT('',(-1.671224688740E0,-5.674646071761E0,-8.7E0));
#3398=LINE('',#3397,#3396);
#3399=DIRECTION('',(0.E0,0.E0,1.E0));
#3400=VECTOR('',#3399,1.59E0);
#3401=CARTESIAN_POINT('',(-1.662564434702E0,-5.679646071761E0,-8.69E0));
#3402=LINE('',#3401,#3400);
#3403=DIRECTION('',(-8.660254037844E-1,5.E-1,0.E0));
#3404=VECTOR('',#3403,8.E-1);
#3405=CARTESIAN_POINT('',(-1.662564434702E0,-5.679646071761E0,-6.9E0));
#3406=LINE('',#3405,#3404);
#3407=DIRECTION('',(0.E0,0.E0,1.E0));
#3408=VECTOR('',#3407,5.7E0);
#3409=CARTESIAN_POINT('',(-1.662564434702E0,-5.679646071761E0,-6.9E0));
#3410=LINE('',#3409,#3408);
#3411=DIRECTION('',(8.660254037844E-1,-5.E-1,0.E0));
#3412=VECTOR('',#3411,6.E-1);
#3413=CARTESIAN_POINT('',(-1.662564434702E0,-5.679646071761E0,-1.2E0));
#3414=LINE('',#3413,#3412);
#3415=DIRECTION('',(0.E0,0.E0,1.E0));
#3416=VECTOR('',#3415,3.2E0);
#3417=CARTESIAN_POINT('',(-1.142949192431E0,-5.979646071761E0,-1.2E0));
#3418=LINE('',#3417,#3416);
#3419=DIRECTION('',(-8.660254037844E-1,5.E-1,0.E0));
#3420=VECTOR('',#3419,5.E-1);
#3421=CARTESIAN_POINT('',(-1.142949192431E0,-5.979646071761E0,2.E0));
#3422=LINE('',#3421,#3420);
#3423=DIRECTION('',(0.E0,0.E0,1.E0));
#3424=VECTOR('',#3423,2.8E0);
#3425=CARTESIAN_POINT('',(-1.575961894323E0,-5.729646071761E0,2.E0));
#3426=LINE('',#3425,#3424);
#3427=DIRECTION('',(-8.660254037844E-1,5.E-1,0.E0));
#3428=VECTOR('',#3427,3.E0);
#3429=CARTESIAN_POINT('',(-1.575961894323E0,-5.729646071761E0,4.8E0));
#3430=LINE('',#3429,#3428);
#3431=DIRECTION('',(0.E0,0.E0,-1.E0));
#3432=VECTOR('',#3431,2.8E0);
#3433=CARTESIAN_POINT('',(-4.174038105677E0,-4.229646071761E0,4.8E0));
#3434=LINE('',#3433,#3432);
#3435=DIRECTION('',(-8.660254037844E-1,5.E-1,0.E0));
#3436=VECTOR('',#3435,5.E-1);
#3437=CARTESIAN_POINT('',(-4.174038105677E0,-4.229646071761E0,2.E0));
#3438=LINE('',#3437,#3436);
#3439=DIRECTION('',(0.E0,0.E0,-1.E0));
#3440=VECTOR('',#3439,3.2E0);
#3441=CARTESIAN_POINT('',(-4.607050807569E0,-3.979646071761E0,2.E0));
#3442=LINE('',#3441,#3440);
#3443=DIRECTION('',(8.660254037844E-1,-5.E-1,0.E0));
#3444=VECTOR('',#3443,6.E-1);
#3445=CARTESIAN_POINT('',(-4.607050807569E0,-3.979646071761E0,-1.2E0));
#3446=LINE('',#3445,#3444);
#3447=DIRECTION('',(0.E0,0.E0,-1.E0));
#3448=VECTOR('',#3447,5.7E0);
#3449=CARTESIAN_POINT('',(-4.087435565298E0,-4.279646071761E0,-1.2E0));
#3450=LINE('',#3449,#3448);
#3451=DIRECTION('',(-8.660254037844E-1,5.E-1,0.E0));
#3452=VECTOR('',#3451,8.E-1);
#3453=CARTESIAN_POINT('',(-3.394615242271E0,-4.679646071761E0,-6.9E0));
#3454=LINE('',#3453,#3452);
#3455=DIRECTION('',(0.E0,0.E0,1.E0));
#3456=VECTOR('',#3455,5.E-1);
#3457=CARTESIAN_POINT('',(-3.394615242271E0,-4.679646071761E0,-6.9E0));
#3458=LINE('',#3457,#3456);
#3459=CARTESIAN_POINT('',(-2.875E0,-4.979646071761E0,-6.4E0));
#3460=DIRECTION('',(-5.E-1,-8.660254037844E-1,0.E0));
#3461=DIRECTION('',(8.660254037844E-1,-5.E-1,0.E0));
#3462=AXIS2_PLACEMENT_3D('',#3459,#3460,#3461);
#3464=DIRECTION('',(0.E0,0.E0,-1.E0));
#3465=VECTOR('',#3464,5.E-1);
#3466=CARTESIAN_POINT('',(-2.355384757729E0,-5.279646071761E0,-6.4E0));
#3467=LINE('',#3466,#3465);
#3468=DIRECTION('',(-3.535533905933E-1,-6.123724356958E-1,7.071067811865E-1));
#3469=VECTOR('',#3468,1.414213562373E-1);
#3470=CARTESIAN_POINT('',(-2.355384757729E0,-5.279646071761E0,-7.1E0));
#3471=LINE('',#3470,#3469);
#3472=DIRECTION('',(3.535533905933E-1,6.123724356958E-1,7.071067811865E-1));
#3473=VECTOR('',#3472,1.414213562373E-1);
#3474=CARTESIAN_POINT('',(-2.405384757729E0,-5.366248612139E0,-7.E0));
#3475=LINE('',#3474,#3473);
#3476=DIRECTION('',(0.E0,0.E0,-1.E0));
#3477=VECTOR('',#3476,1.2E0);
#3478=CARTESIAN_POINT('',(-2.605384757729E0,-5.712658773653E0,-6.4E0));
#3479=LINE('',#3478,#3477);
#3480=DIRECTION('',(5.E-1,8.660254037844E-1,0.E0));
#3481=VECTOR('',#3480,5.E-1);
#3482=CARTESIAN_POINT('',(-2.605384757729E0,-5.712658773653E0,-7.6E0));
#3483=LINE('',#3482,#3481);
#3484=DIRECTION('',(8.660254037844E-1,-5.E-1,0.E0));
#3485=VECTOR('',#3484,8.E-1);
#3486=CARTESIAN_POINT('',(-2.405384757729E0,-5.366248612139E0,-7.E0));
#3487=LINE('',#3486,#3485);
#3488=DIRECTION('',(8.660254037844E-1,-5.E-1,0.E0));
#3489=VECTOR('',#3488,8.E-1);
#3490=CARTESIAN_POINT('',(-4.137435565298E0,-4.366248612139E0,-7.E0));
#3491=LINE('',#3490,#3489);
#3492=DIRECTION('',(-3.535533905933E-1,-6.123724356958E-1,7.071067811865E-1));
#3493=VECTOR('',#3492,1.414213562373E-1);
#3494=CARTESIAN_POINT('',(-4.087435565298E0,-4.279646071761E0,-7.1E0));
#3495=LINE('',#3494,#3493);
#3496=DIRECTION('',(3.535533905933E-1,6.123724356958E-1,7.071067811866E-1));
#3497=VECTOR('',#3496,1.414213562373E-1);
#3498=CARTESIAN_POINT('',(-4.137435565298E0,-4.366248612139E0,-7.E0));
#3499=LINE('',#3498,#3497);
#3500=DIRECTION('',(5.E-1,8.660254037844E-1,0.E0));
#3501=VECTOR('',#3500,5.E-1);
#3502=CARTESIAN_POINT('',(-4.337435565298E0,-4.712658773653E0,-8.69E0));
#3503=LINE('',#3502,#3501);
#3504=DIRECTION('',(5.E-1,8.660254037844E-1,0.E0));
#3505=VECTOR('',#3504,5.E-1);
#3506=CARTESIAN_POINT('',(-4.337435565298E0,-4.712658773653E0,-1.2E0));
#3507=LINE('',#3506,#3505);
#3508=DIRECTION('',(5.E-1,8.660254037844E-1,0.E0));
#3509=VECTOR('',#3508,5.E-1);
#3510=CARTESIAN_POINT('',(-4.857050807569E0,-4.412658773653E0,-1.2E0));
#3511=LINE('',#3510,#3509);
#3512=DIRECTION('',(-5.E-1,-8.660254037844E-1,0.E0));
#3513=VECTOR('',#3512,5.E-1);
#3514=CARTESIAN_POINT('',(-4.607050807569E0,-3.979646071761E0,2.E0));
#3515=LINE('',#3514,#3513);
#3516=DIRECTION('',(-6.695293884507E-1,2.436887683625E-1,7.016738431599E-1));
#3517=VECTOR('',#3516,7.125817855036E-1);
#3518=CARTESIAN_POINT('',(-3.851680864191E0,-4.891306951320E0,-9.2E0));
#3519=LINE('',#3518,#3517);
#3520=DIRECTION('',(5.E-1,8.660254037844E-1,0.E0));
#3521=VECTOR('',#3520,3.236730192915E-1);
#3522=CARTESIAN_POINT('',(-3.851680864191E0,-4.891306951320E0,-9.2E0));
#3523=LINE('',#3522,#3521);
#3524=DIRECTION('',(5.458053582443E-1,-4.579850747973E-1,-7.016738431599E-1));
#3525=VECTOR('',#3524,7.125817855036E-1);
#3526=CARTESIAN_POINT('',(-4.078775311260E0,-4.284646071761E0,-8.7E0));
#3527=LINE('',#3526,#3525);
#3528=DIRECTION('',(8.660254037844E-1,-5.E-1,0.E0));
#3529=VECTOR('',#3528,1.78E0);
#3530=CARTESIAN_POINT('',(-3.851680864191E0,-4.891306951320E0,-9.2E0));
#3531=LINE('',#3530,#3529);
#3532=DIRECTION('',(5.E-1,8.660254037844E-1,0.E0));
#3533=VECTOR('',#3532,3.236730192915E-1);
#3534=CARTESIAN_POINT('',(-2.310155645455E0,-5.781306951320E0,-9.2E0));
#3535=LINE('',#3534,#3533);
#3536=DIRECTION('',(-8.660254037844E-1,5.E-1,0.E0));
#3537=VECTOR('',#3536,1.78E0);
#3538=CARTESIAN_POINT('',(-2.148319135809E0,-5.500997894094E0,-9.2E0));
#3539=LINE('',#3538,#3537);
#3540=DIRECTION('',(-3.535533905933E-1,-6.123724356958E-1,7.071067811865E-1));
#3541=VECTOR('',#3540,1.414213562373E-1);
#3542=CARTESIAN_POINT('',(-3.394615242271E0,-4.679646071761E0,-7.1E0));
#3543=LINE('',#3542,#3541);
#3544=DIRECTION('',(0.E0,0.E0,1.E0));
#3545=VECTOR('',#3544,1.2E0);
#3546=CARTESIAN_POINT('',(-3.644615242271E0,-5.112658773653E0,-7.6E0));
#3547=LINE('',#3546,#3545);
#3548=DIRECTION('',(5.E-1,8.660254037844E-1,0.E0));
#3549=VECTOR('',#3548,5.E-1);
#3550=CARTESIAN_POINT('',(-3.644615242271E0,-5.112658773653E0,-6.4E0));
#3551=LINE('',#3550,#3549);
#3552=DIRECTION('',(3.535533905933E-1,6.123724356958E-1,7.071067811866E-1));
#3553=VECTOR('',#3552,1.414213562373E-1);
#3554=CARTESIAN_POINT('',(-3.444615242271E0,-4.766248612139E0,-7.E0));
#3555=LINE('',#3554,#3553);
#3556=CARTESIAN_POINT('',(-3.125E0,-5.412658773653E0,-7.6E0));
#3557=DIRECTION('',(5.E-1,8.660254037844E-1,0.E0));
#3558=DIRECTION('',(8.660254037844E-1,-5.E-1,0.E0));
#3559=AXIS2_PLACEMENT_3D('',#3556,#3557,#3558);
#3561=DIRECTION('',(5.E-1,8.660254037844E-1,0.E0));
#3562=VECTOR('',#3561,5.E-1);
#3563=CARTESIAN_POINT('',(-3.644615242271E0,-5.112658773653E0,-7.6E0));
#3564=LINE('',#3563,#3562);
#3565=CARTESIAN_POINT('',(-3.125E0,-5.412658773653E0,-6.4E0));
#3566=DIRECTION('',(5.E-1,8.660254037844E-1,0.E0));
#3567=DIRECTION('',(-8.660254037844E-1,5.E-1,0.E0));
#3568=AXIS2_PLACEMENT_3D('',#3565,#3566,#3567);
#3570=DIRECTION('',(5.E-1,8.660254037844E-1,0.E0));
#3571=VECTOR('',#3570,5.E-1);
#3572=CARTESIAN_POINT('',(-2.605384757729E0,-5.712658773653E0,-6.4E0));
#3573=LINE('',#3572,#3571);
#3574=DIRECTION('',(5.E-1,8.660254037844E-1,0.E0));
#3575=VECTOR('',#3574,5.E-1);
#3576=CARTESIAN_POINT('',(-1.392949192431E0,-6.412658773653E0,-1.2E0));
#3577=LINE('',#3576,#3575);
#3578=DIRECTION('',(5.E-1,8.660254037844E-1,0.E0));
#3579=VECTOR('',#3578,5.E-1);
#3580=CARTESIAN_POINT('',(-1.392949192431E0,-6.412658773653E0,2.E0));
#3581=LINE('',#3580,#3579);
#3582=CARTESIAN_POINT('',(-1.912564434702E0,-6.112658773653E0,-8.69E0));
#3583=CARTESIAN_POINT('',(-1.912564434702E0,-6.112658773653E0,-1.2E0));
#3584=VERTEX_POINT('',#3582);
#3585=VERTEX_POINT('',#3583);
#3586=CARTESIAN_POINT('',(-1.392949192431E0,-6.412658773653E0,-1.2E0));
#3587=VERTEX_POINT('',#3586);
#3588=CARTESIAN_POINT('',(-1.392949192431E0,-6.412658773653E0,2.E0));
#3589=VERTEX_POINT('',#3588);
#3590=CARTESIAN_POINT('',(-1.825961894323E0,-6.162658773653E0,2.E0));
#3591=VERTEX_POINT('',#3590);
#3592=CARTESIAN_POINT('',(-4.424038105677E0,-4.662658773653E0,2.E0));
#3593=CARTESIAN_POINT('',(-4.857050807569E0,-4.412658773653E0,2.E0));
#3594=VERTEX_POINT('',#3592);
#3595=VERTEX_POINT('',#3593);
#3596=CARTESIAN_POINT('',(-4.857050807569E0,-4.412658773653E0,-1.2E0));
#3597=VERTEX_POINT('',#3596);
#3598=CARTESIAN_POINT('',(-4.337435565298E0,-4.712658773653E0,-1.2E0));
#3599=VERTEX_POINT('',#3598);
#3600=CARTESIAN_POINT('',(-4.337435565298E0,-4.712658773653E0,-8.69E0));
#3601=VERTEX_POINT('',#3600);
#3602=CARTESIAN_POINT('',(-1.662564434702E0,-5.679646071761E0,-1.2E0));
#3603=CARTESIAN_POINT('',(-1.142949192431E0,-5.979646071761E0,-1.2E0));
#3604=VERTEX_POINT('',#3602);
#3605=VERTEX_POINT('',#3603);
#3606=CARTESIAN_POINT('',(-1.142949192431E0,-5.979646071761E0,2.E0));
#3607=VERTEX_POINT('',#3606);
#3608=CARTESIAN_POINT('',(-1.575961894323E0,-5.729646071761E0,2.E0));
#3609=VERTEX_POINT('',#3608);
#3610=CARTESIAN_POINT('',(-4.174038105677E0,-4.229646071761E0,2.E0));
#3611=CARTESIAN_POINT('',(-4.607050807569E0,-3.979646071761E0,2.E0));
#3612=VERTEX_POINT('',#3610);
#3613=VERTEX_POINT('',#3611);
#3614=CARTESIAN_POINT('',(-4.607050807569E0,-3.979646071761E0,-1.2E0));
#3615=VERTEX_POINT('',#3614);
#3616=CARTESIAN_POINT('',(-4.087435565298E0,-4.279646071761E0,-1.2E0));
#3617=VERTEX_POINT('',#3616);
#3618=CARTESIAN_POINT('',(-1.662564434702E0,-5.679646071761E0,-8.69E0));
#3619=VERTEX_POINT('',#3618);
#3620=CARTESIAN_POINT('',(-4.087435565298E0,-4.279646071761E0,-8.69E0));
#3621=VERTEX_POINT('',#3620);
#3622=CARTESIAN_POINT('',(-1.825961894323E0,-6.162658773653E0,4.8E0));
#3623=VERTEX_POINT('',#3622);
#3624=CARTESIAN_POINT('',(-4.424038105677E0,-4.662658773653E0,4.8E0));
#3625=VERTEX_POINT('',#3624);
#3626=CARTESIAN_POINT('',(-1.575961894323E0,-5.729646071761E0,4.8E0));
#3627=VERTEX_POINT('',#3626);
#3628=CARTESIAN_POINT('',(-4.174038105677E0,-4.229646071761E0,4.8E0));
#3629=VERTEX_POINT('',#3628);
#3630=CARTESIAN_POINT('',(-2.605384757729E0,-5.712658773653E0,-6.4E0));
#3631=CARTESIAN_POINT('',(-3.644615242271E0,-5.112658773653E0,-6.4E0));
#3632=VERTEX_POINT('',#3630);
#3633=VERTEX_POINT('',#3631);
#3634=CARTESIAN_POINT('',(-2.605384757729E0,-5.712658773653E0,-7.6E0));
#3635=VERTEX_POINT('',#3634);
#3636=CARTESIAN_POINT('',(-3.644615242271E0,-5.112658773653E0,-7.6E0));
#3637=VERTEX_POINT('',#3636);
#3638=CARTESIAN_POINT('',(-2.355384757729E0,-5.279646071761E0,-6.4E0));
#3639=CARTESIAN_POINT('',(-3.394615242271E0,-4.679646071761E0,-6.4E0));
#3640=VERTEX_POINT('',#3638);
#3641=VERTEX_POINT('',#3639);
#3642=CARTESIAN_POINT('',(-3.394615242271E0,-4.679646071761E0,-7.6E0));
#3643=CARTESIAN_POINT('',(-2.355384757729E0,-5.279646071761E0,-7.6E0));
#3644=VERTEX_POINT('',#3642);
#3645=VERTEX_POINT('',#3643);
#3646=CARTESIAN_POINT('',(-1.921224688740E0,-6.107658773653E0,-8.7E0));
#3647=CARTESIAN_POINT('',(-2.310155645455E0,-5.781306951320E0,-9.2E0));
#3648=VERTEX_POINT('',#3646);
#3649=VERTEX_POINT('',#3647);
#3650=CARTESIAN_POINT('',(-3.851680864191E0,-4.891306951320E0,-9.2E0));
#3651=VERTEX_POINT('',#3650);
#3652=CARTESIAN_POINT('',(-4.328775311260E0,-4.717658773653E0,-8.7E0));
#3653=VERTEX_POINT('',#3652);
#3654=CARTESIAN_POINT('',(-4.078775311260E0,-4.284646071761E0,-8.7E0));
#3655=CARTESIAN_POINT('',(-3.689844354545E0,-4.610997894094E0,-9.2E0));
#3656=VERTEX_POINT('',#3654);
#3657=VERTEX_POINT('',#3655);
#3658=CARTESIAN_POINT('',(-2.148319135809E0,-5.500997894094E0,-9.2E0));
#3659=VERTEX_POINT('',#3658);
#3660=CARTESIAN_POINT('',(-1.671224688740E0,-5.674646071761E0,-8.7E0));
#3661=VERTEX_POINT('',#3660);
#3662=CARTESIAN_POINT('',(-1.662564434702E0,-5.679646071761E0,-7.1E0));
#3663=CARTESIAN_POINT('',(-2.355384757729E0,-5.279646071761E0,-7.1E0));
#3664=VERTEX_POINT('',#3662);
#3665=VERTEX_POINT('',#3663);
#3666=CARTESIAN_POINT('',(-3.394615242271E0,-4.679646071761E0,-7.1E0));
#3667=CARTESIAN_POINT('',(-4.087435565298E0,-4.279646071761E0,-7.1E0));
#3668=VERTEX_POINT('',#3666);
#3669=VERTEX_POINT('',#3667);
#3670=CARTESIAN_POINT('',(-1.662564434702E0,-5.679646071761E0,-6.9E0));
#3671=CARTESIAN_POINT('',(-2.355384757729E0,-5.279646071761E0,-6.9E0));
#3672=VERTEX_POINT('',#3670);
#3673=VERTEX_POINT('',#3671);
#3674=CARTESIAN_POINT('',(-3.394615242271E0,-4.679646071761E0,-6.9E0));
#3675=CARTESIAN_POINT('',(-4.087435565298E0,-4.279646071761E0,-6.9E0));
#3676=VERTEX_POINT('',#3674);
#3677=VERTEX_POINT('',#3675);
#3678=CARTESIAN_POINT('',(-4.137435565298E0,-4.366248612139E0,-7.E0));
#3679=VERTEX_POINT('',#3678);
#3680=CARTESIAN_POINT('',(-1.712564434702E0,-5.766248612139E0,-7.E0));
#3681=VERTEX_POINT('',#3680);
#3682=CARTESIAN_POINT('',(-3.444615242271E0,-4.766248612139E0,-7.E0));
#3683=VERTEX_POINT('',#3682);
#3684=CARTESIAN_POINT('',(-2.405384757729E0,-5.366248612139E0,-7.E0));
#3685=VERTEX_POINT('',#3684);
#3686=CARTESIAN_POINT('',(-3.125E0,-5.412658773653E0,-1.2E0));
#3687=DIRECTION('',(-5.E-1,-8.660254037844E-1,0.E0));
#3688=DIRECTION('',(8.660254037844E-1,-5.E-1,0.E0));
#3689=AXIS2_PLACEMENT_3D('',#3686,#3687,#3688);
#3690=PLANE('',#3689);
#3692=ORIENTED_EDGE('',*,*,#3691,.F.);
#3694=ORIENTED_EDGE('',*,*,#3693,.F.);
#3696=ORIENTED_EDGE('',*,*,#3695,.F.);
#3698=ORIENTED_EDGE('',*,*,#3697,.F.);
#3700=ORIENTED_EDGE('',*,*,#3699,.F.);
#3702=ORIENTED_EDGE('',*,*,#3701,.T.);
#3704=ORIENTED_EDGE('',*,*,#3703,.T.);
#3706=ORIENTED_EDGE('',*,*,#3705,.T.);
#3708=ORIENTED_EDGE('',*,*,#3707,.T.);
#3710=ORIENTED_EDGE('',*,*,#3709,.T.);
#3712=ORIENTED_EDGE('',*,*,#3711,.F.);
#3714=ORIENTED_EDGE('',*,*,#3713,.F.);
#3716=ORIENTED_EDGE('',*,*,#3715,.F.);
#3718=ORIENTED_EDGE('',*,*,#3717,.F.);
#3719=EDGE_LOOP('',(#3692,#3694,#3696,#3698,#3700,#3702,#3704,#3706,#3708,#3710,
#3712,#3714,#3716,#3718));
#3720=FACE_OUTER_BOUND('',#3719,.F.);
#3721=ADVANCED_FACE('',(#3720),#3690,.T.);
#3722=CARTESIAN_POINT('',(-3.102959127411E0,-5.374482862486E0,-8.95E0));
#3723=DIRECTION('',(-4.924038765061E-1,-8.528685319524E-1,-1.736481776669E-1));
#3724=DIRECTION('',(8.682408883346E-2,1.503837331804E-1,-9.848077530122E-1));
#3725=AXIS2_PLACEMENT_3D('',#3722,#3723,#3724);
#3726=PLANE('',#3725);
#3728=ORIENTED_EDGE('',*,*,#3727,.T.);
#3730=ORIENTED_EDGE('',*,*,#3729,.F.);
#3732=ORIENTED_EDGE('',*,*,#3731,.T.);
#3733=ORIENTED_EDGE('',*,*,#3691,.T.);
#3734=EDGE_LOOP('',(#3728,#3730,#3732,#3733));
#3735=FACE_OUTER_BOUND('',#3734,.F.);
#3736=ADVANCED_FACE('',(#3735),#3726,.T.);
#3737=CARTESIAN_POINT('',(-2.008400912667E0,-5.768652422707E0,-8.945E0));
#3738=DIRECTION('',(6.123724356958E-1,-3.535533905933E-1,-7.071067811865E-1));
#3739=DIRECTION('',(6.123724356958E-1,-3.535533905933E-1,7.071067811865E-1));
#3740=AXIS2_PLACEMENT_3D('',#3737,#3738,#3739);
#3741=PLANE('',#3740);
#3742=ORIENTED_EDGE('',*,*,#3727,.F.);
#3743=ORIENTED_EDGE('',*,*,#3717,.T.);
#3745=ORIENTED_EDGE('',*,*,#3744,.T.);
#3747=ORIENTED_EDGE('',*,*,#3746,.F.);
#3749=ORIENTED_EDGE('',*,*,#3748,.F.);
#3751=ORIENTED_EDGE('',*,*,#3750,.F.);
#3752=EDGE_LOOP('',(#3742,#3743,#3745,#3747,#3749,#3751));
#3753=FACE_OUTER_BOUND('',#3752,.F.);
#3754=ADVANCED_FACE('',(#3753),#3741,.T.);
#3755=CARTESIAN_POINT('',(-1.787564434702E0,-5.896152422707E0,-4.945E0));
#3756=DIRECTION('',(8.660254037844E-1,-5.E-1,0.E0));
#3757=DIRECTION('',(0.E0,0.E0,1.E0));
#3758=AXIS2_PLACEMENT_3D('',#3755,#3756,#3757);
#3759=PLANE('',#3758);
#3761=ORIENTED_EDGE('',*,*,#3760,.F.);
#3763=ORIENTED_EDGE('',*,*,#3762,.F.);
#3764=ORIENTED_EDGE('',*,*,#3744,.F.);
#3765=ORIENTED_EDGE('',*,*,#3715,.T.);
#3767=ORIENTED_EDGE('',*,*,#3766,.T.);
#3769=ORIENTED_EDGE('',*,*,#3768,.F.);
#3771=ORIENTED_EDGE('',*,*,#3770,.F.);
#3772=EDGE_LOOP('',(#3761,#3763,#3764,#3765,#3767,#3769,#3771));
#3773=FACE_OUTER_BOUND('',#3772,.F.);
#3774=ADVANCED_FACE('',(#3773),#3759,.T.);
#3775=CARTESIAN_POINT('',(-4.087435565298E0,-4.279646071761E0,-7.1E0));
#3776=DIRECTION('',(-3.535533905933E-1,-6.123724356958E-1,-7.071067811866E-1));
#3777=DIRECTION('',(-3.535533905933E-1,-6.123724356958E-1,7.071067811865E-1));
#3778=AXIS2_PLACEMENT_3D('',#3775,#3776,#3777);
#3779=PLANE('',#3778);
#3781=ORIENTED_EDGE('',*,*,#3780,.F.);
#3782=ORIENTED_EDGE('',*,*,#3760,.T.);
#3784=ORIENTED_EDGE('',*,*,#3783,.F.);
#3786=ORIENTED_EDGE('',*,*,#3785,.F.);
#3787=EDGE_LOOP('',(#3781,#3782,#3784,#3786));
#3788=FACE_OUTER_BOUND('',#3787,.F.);
#3789=ADVANCED_FACE('',(#3788),#3779,.F.);
#3790=CARTESIAN_POINT('',(-4.087435565298E0,-4.279646071761E0,-7.1E0));
#3791=DIRECTION('',(-3.535533905933E-1,-6.123724356958E-1,-7.071067811866E-1));
#3792=DIRECTION('',(-3.535533905933E-1,-6.123724356958E-1,7.071067811865E-1));
#3793=AXIS2_PLACEMENT_3D('',#3790,#3791,#3792);
#3794=PLANE('',#3793);
#3796=ORIENTED_EDGE('',*,*,#3795,.F.);
#3798=ORIENTED_EDGE('',*,*,#3797,.T.);
#3800=ORIENTED_EDGE('',*,*,#3799,.F.);
#3802=ORIENTED_EDGE('',*,*,#3801,.F.);
#3803=EDGE_LOOP('',(#3796,#3798,#3800,#3802));
#3804=FACE_OUTER_BOUND('',#3803,.F.);
#3805=ADVANCED_FACE('',(#3804),#3794,.F.);
#3806=CARTESIAN_POINT('',(-2.875E0,-4.979646071761E0,-1.2E0));
#3807=DIRECTION('',(-5.E-1,-8.660254037844E-1,0.E0));
#3808=DIRECTION('',(8.660254037844E-1,-5.E-1,0.E0));
#3809=AXIS2_PLACEMENT_3D('',#3806,#3807,#3808);
#3810=PLANE('',#3809);
#3811=ORIENTED_EDGE('',*,*,#3780,.T.);
#3813=ORIENTED_EDGE('',*,*,#3812,.T.);
#3815=ORIENTED_EDGE('',*,*,#3814,.F.);
#3817=ORIENTED_EDGE('',*,*,#3816,.T.);
#3818=ORIENTED_EDGE('',*,*,#3795,.T.);
#3820=ORIENTED_EDGE('',*,*,#3819,.T.);
#3822=ORIENTED_EDGE('',*,*,#3821,.T.);
#3824=ORIENTED_EDGE('',*,*,#3823,.F.);
#3825=ORIENTED_EDGE('',*,*,#3746,.T.);
#3826=ORIENTED_EDGE('',*,*,#3762,.T.);
#3827=EDGE_LOOP('',(#3811,#3813,#3815,#3817,#3818,#3820,#3822,#3824,#3825,
#3826));
#3828=FACE_OUTER_BOUND('',#3827,.F.);
#3829=ADVANCED_FACE('',(#3828),#3810,.F.);
#3830=CARTESIAN_POINT('',(-2.875E0,-4.979646071761E0,-1.2E0));
#3831=DIRECTION('',(-5.E-1,-8.660254037844E-1,0.E0));
#3832=DIRECTION('',(8.660254037844E-1,-5.E-1,0.E0));
#3833=AXIS2_PLACEMENT_3D('',#3830,#3831,#3832);
#3834=PLANE('',#3833);
#3836=ORIENTED_EDGE('',*,*,#3835,.F.);
#3837=ORIENTED_EDGE('',*,*,#3768,.T.);
#3839=ORIENTED_EDGE('',*,*,#3838,.T.);
#3841=ORIENTED_EDGE('',*,*,#3840,.T.);
#3843=ORIENTED_EDGE('',*,*,#3842,.T.);
#3845=ORIENTED_EDGE('',*,*,#3844,.T.);
#3847=ORIENTED_EDGE('',*,*,#3846,.T.);
#3849=ORIENTED_EDGE('',*,*,#3848,.T.);
#3851=ORIENTED_EDGE('',*,*,#3850,.T.);
#3853=ORIENTED_EDGE('',*,*,#3852,.T.);
#3855=ORIENTED_EDGE('',*,*,#3854,.T.);
#3857=ORIENTED_EDGE('',*,*,#3856,.T.);
#3859=ORIENTED_EDGE('',*,*,#3858,.F.);
#3861=ORIENTED_EDGE('',*,*,#3860,.T.);
#3863=ORIENTED_EDGE('',*,*,#3862,.F.);
#3865=ORIENTED_EDGE('',*,*,#3864,.T.);
#3866=EDGE_LOOP('',(#3836,#3837,#3839,#3841,#3843,#3845,#3847,#3849,#3851,#3853,
#3855,#3857,#3859,#3861,#3863,#3865));
#3867=FACE_OUTER_BOUND('',#3866,.F.);
#3868=ADVANCED_FACE('',(#3867),#3834,.F.);
#3869=CARTESIAN_POINT('',(-2.480384757729E0,-5.496152422707E0,-7.E0));
#3870=DIRECTION('',(-8.660254037844E-1,5.E-1,0.E0));
#3871=DIRECTION('',(0.E0,0.E0,-1.E0));
#3872=AXIS2_PLACEMENT_3D('',#3869,#3870,#3871);
#3873=PLANE('',#3872);
#3874=ORIENTED_EDGE('',*,*,#3785,.T.);
#3876=ORIENTED_EDGE('',*,*,#3875,.T.);
#3877=ORIENTED_EDGE('',*,*,#3864,.F.);
#3879=ORIENTED_EDGE('',*,*,#3878,.F.);
#3881=ORIENTED_EDGE('',*,*,#3880,.T.);
#3883=ORIENTED_EDGE('',*,*,#3882,.T.);
#3884=ORIENTED_EDGE('',*,*,#3812,.F.);
#3885=EDGE_LOOP('',(#3874,#3876,#3877,#3879,#3881,#3883,#3884));
#3886=FACE_OUTER_BOUND('',#3885,.F.);
#3887=ADVANCED_FACE('',(#3886),#3873,.T.);
#3888=CARTESIAN_POINT('',(-4.137435565298E0,-4.366248612139E0,-7.E0));
#3889=DIRECTION('',(-3.535533905933E-1,-6.123724356958E-1,7.071067811865E-1));
#3890=DIRECTION('',(3.535533905933E-1,6.123724356958E-1,7.071067811866E-1));
#3891=AXIS2_PLACEMENT_3D('',#3888,#3889,#3890);
#3892=PLANE('',#3891);
#3893=ORIENTED_EDGE('',*,*,#3835,.T.);
#3894=ORIENTED_EDGE('',*,*,#3875,.F.);
#3895=ORIENTED_EDGE('',*,*,#3783,.T.);
#3896=ORIENTED_EDGE('',*,*,#3770,.T.);
#3897=EDGE_LOOP('',(#3893,#3894,#3895,#3896));
#3898=FACE_OUTER_BOUND('',#3897,.F.);
#3899=ADVANCED_FACE('',(#3898),#3892,.F.);
#3900=CARTESIAN_POINT('',(-4.137435565298E0,-4.366248612139E0,-7.E0));
#3901=DIRECTION('',(-3.535533905933E-1,-6.123724356958E-1,7.071067811865E-1));
#3902=DIRECTION('',(3.535533905933E-1,6.123724356958E-1,7.071067811866E-1));
#3903=AXIS2_PLACEMENT_3D('',#3900,#3901,#3902);
#3904=PLANE('',#3903);
#3905=ORIENTED_EDGE('',*,*,#3858,.T.);
#3907=ORIENTED_EDGE('',*,*,#3906,.F.);
#3908=ORIENTED_EDGE('',*,*,#3799,.T.);
#3910=ORIENTED_EDGE('',*,*,#3909,.T.);
#3911=EDGE_LOOP('',(#3905,#3907,#3908,#3910));
#3912=FACE_OUTER_BOUND('',#3911,.F.);
#3913=ADVANCED_FACE('',(#3912),#3904,.F.);
#3914=CARTESIAN_POINT('',(-4.212435565298E0,-4.496152422707E0,-4.945E0));
#3915=DIRECTION('',(-8.660254037844E-1,5.E-1,0.E0));
#3916=DIRECTION('',(0.E0,0.E0,-1.E0));
#3917=AXIS2_PLACEMENT_3D('',#3914,#3915,#3916);
#3918=PLANE('',#3917);
#3919=ORIENTED_EDGE('',*,*,#3801,.T.);
#3920=ORIENTED_EDGE('',*,*,#3906,.T.);
#3921=ORIENTED_EDGE('',*,*,#3856,.F.);
#3923=ORIENTED_EDGE('',*,*,#3922,.F.);
#3924=ORIENTED_EDGE('',*,*,#3695,.T.);
#3926=ORIENTED_EDGE('',*,*,#3925,.T.);
#3927=ORIENTED_EDGE('',*,*,#3819,.F.);
#3928=EDGE_LOOP('',(#3919,#3920,#3921,#3923,#3924,#3926,#3927));
#3929=FACE_OUTER_BOUND('',#3928,.F.);
#3930=ADVANCED_FACE('',(#3929),#3918,.T.);
#3931=CARTESIAN_POINT('',(-4.472243186434E0,-4.346152422707E0,-1.2E0));
#3932=DIRECTION('',(0.E0,0.E0,-1.E0));
#3933=DIRECTION('',(8.660254037844E-1,-5.E-1,0.E0));
#3934=AXIS2_PLACEMENT_3D('',#3931,#3932,#3933);
#3935=PLANE('',#3934);
#3936=ORIENTED_EDGE('',*,*,#3697,.T.);
#3937=ORIENTED_EDGE('',*,*,#3922,.T.);
#3938=ORIENTED_EDGE('',*,*,#3854,.F.);
#3940=ORIENTED_EDGE('',*,*,#3939,.F.);
#3941=EDGE_LOOP('',(#3936,#3937,#3938,#3940));
#3942=FACE_OUTER_BOUND('',#3941,.F.);
#3943=ADVANCED_FACE('',(#3942),#3935,.T.);
#3944=CARTESIAN_POINT('',(-4.732050807569E0,-4.196152422707E0,4.E-1));
#3945=DIRECTION('',(-8.660254037844E-1,5.E-1,0.E0));
#3946=DIRECTION('',(0.E0,0.E0,-1.E0));
#3947=AXIS2_PLACEMENT_3D('',#3944,#3945,#3946);
#3948=PLANE('',#3947);
#3949=ORIENTED_EDGE('',*,*,#3699,.T.);
#3950=ORIENTED_EDGE('',*,*,#3939,.T.);
#3951=ORIENTED_EDGE('',*,*,#3852,.F.);
#3953=ORIENTED_EDGE('',*,*,#3952,.T.);
#3954=EDGE_LOOP('',(#3949,#3950,#3951,#3953));
#3955=FACE_OUTER_BOUND('',#3954,.F.);
#3956=ADVANCED_FACE('',(#3955),#3948,.T.);
#3957=CARTESIAN_POINT('',(-3.991599087333E0,-4.623652422707E0,-8.945E0));
#3958=DIRECTION('',(-6.123724356958E-1,3.535533905933E-1,-7.071067811865E-1));
#3959=DIRECTION('',(6.123724356958E-1,-3.535533905933E-1,-7.071067811865E-1));
#3960=AXIS2_PLACEMENT_3D('',#3957,#3958,#3959);
#3961=PLANE('',#3960);
#3962=ORIENTED_EDGE('',*,*,#3731,.F.);
#3964=ORIENTED_EDGE('',*,*,#3963,.T.);
#3966=ORIENTED_EDGE('',*,*,#3965,.F.);
#3967=ORIENTED_EDGE('',*,*,#3821,.F.);
#3968=ORIENTED_EDGE('',*,*,#3925,.F.);
#3969=ORIENTED_EDGE('',*,*,#3693,.T.);
#3970=EDGE_LOOP('',(#3962,#3964,#3966,#3967,#3968,#3969));
#3971=FACE_OUTER_BOUND('',#3970,.F.);
#3972=ADVANCED_FACE('',(#3971),#3961,.T.);
#3973=CARTESIAN_POINT('',(-3.E0,-5.196152422707E0,-9.2E0));
#3974=DIRECTION('',(0.E0,0.E0,-1.E0));
#3975=DIRECTION('',(8.660254037844E-1,-5.E-1,0.E0));
#3976=AXIS2_PLACEMENT_3D('',#3973,#3974,#3975);
#3977=PLANE('',#3976);
#3978=ORIENTED_EDGE('',*,*,#3729,.T.);
#3979=ORIENTED_EDGE('',*,*,#3750,.T.);
#3981=ORIENTED_EDGE('',*,*,#3980,.T.);
#3982=ORIENTED_EDGE('',*,*,#3963,.F.);
#3983=EDGE_LOOP('',(#3978,#3979,#3981,#3982));
#3984=FACE_OUTER_BOUND('',#3983,.F.);
#3985=ADVANCED_FACE('',(#3984),#3977,.T.);
#3986=CARTESIAN_POINT('',(-2.897040872589E0,-5.017821982927E0,-8.95E0));
#3987=DIRECTION('',(4.924038765061E-1,8.528685319524E-1,-1.736481776669E-1));
#3988=DIRECTION('',(-8.682408883347E-2,-1.503837331804E-1,-9.848077530122E-1));
#3989=AXIS2_PLACEMENT_3D('',#3986,#3987,#3988);
#3990=PLANE('',#3989);
#3991=ORIENTED_EDGE('',*,*,#3965,.T.);
#3992=ORIENTED_EDGE('',*,*,#3980,.F.);
#3993=ORIENTED_EDGE('',*,*,#3748,.T.);
#3994=ORIENTED_EDGE('',*,*,#3823,.T.);
#3995=EDGE_LOOP('',(#3991,#3992,#3993,#3994));
#3996=FACE_OUTER_BOUND('',#3995,.F.);
#3997=ADVANCED_FACE('',(#3996),#3990,.T.);
#3998=CARTESIAN_POINT('',(-3.519615242271E0,-4.896152422707E0,-7.E0));
#3999=DIRECTION('',(8.660254037844E-1,-5.E-1,0.E0));
#4000=DIRECTION('',(0.E0,0.E0,1.E0));
#4001=AXIS2_PLACEMENT_3D('',#3998,#3999,#4000);
#4002=PLANE('',#4001);
#4003=ORIENTED_EDGE('',*,*,#3797,.F.);
#4004=ORIENTED_EDGE('',*,*,#3816,.F.);
#4006=ORIENTED_EDGE('',*,*,#4005,.F.);
#4008=ORIENTED_EDGE('',*,*,#4007,.T.);
#4010=ORIENTED_EDGE('',*,*,#4009,.T.);
#4011=ORIENTED_EDGE('',*,*,#3860,.F.);
#4012=ORIENTED_EDGE('',*,*,#3909,.F.);
#4013=EDGE_LOOP('',(#4003,#4004,#4006,#4008,#4010,#4011,#4012));
#4014=FACE_OUTER_BOUND('',#4013,.F.);
#4015=ADVANCED_FACE('',(#4014),#4002,.T.);
#4016=CARTESIAN_POINT('',(-3.E0,-5.196152422707E0,-7.6E0));
#4017=DIRECTION('',(-5.E-1,-8.660254037844E-1,0.E0));
#4018=DIRECTION('',(-8.660254037844E-1,5.E-1,0.E0));
#4019=AXIS2_PLACEMENT_3D('',#4016,#4017,#4018);
#4020=CYLINDRICAL_SURFACE('',#4019,6.E-1);
#4022=ORIENTED_EDGE('',*,*,#4021,.T.);
#4023=ORIENTED_EDGE('',*,*,#4005,.T.);
#4024=ORIENTED_EDGE('',*,*,#3814,.T.);
#4025=ORIENTED_EDGE('',*,*,#3882,.F.);
#4026=EDGE_LOOP('',(#4022,#4023,#4024,#4025));
#4027=FACE_OUTER_BOUND('',#4026,.F.);
#4028=ADVANCED_FACE('',(#4027),#4020,.F.);
#4029=CARTESIAN_POINT('',(-3.E0,-5.196152422707E0,-6.4E0));
#4030=DIRECTION('',(-5.E-1,-8.660254037844E-1,0.E0));
#4031=DIRECTION('',(8.660254037844E-1,-5.E-1,0.E0));
#4032=AXIS2_PLACEMENT_3D('',#4029,#4030,#4031);
#4033=CYLINDRICAL_SURFACE('',#4032,6.E-1);
#4035=ORIENTED_EDGE('',*,*,#4034,.T.);
#4036=ORIENTED_EDGE('',*,*,#3878,.T.);
#4037=ORIENTED_EDGE('',*,*,#3862,.T.);
#4038=ORIENTED_EDGE('',*,*,#4009,.F.);
#4039=EDGE_LOOP('',(#4035,#4036,#4037,#4038));
#4040=FACE_OUTER_BOUND('',#4039,.F.);
#4041=ADVANCED_FACE('',(#4040),#4033,.F.);
#4042=CARTESIAN_POINT('',(-1.527756813566E0,-6.046152422707E0,-1.2E0));
#4043=DIRECTION('',(0.E0,0.E0,-1.E0));
#4044=DIRECTION('',(8.660254037844E-1,-5.E-1,0.E0));
#4045=AXIS2_PLACEMENT_3D('',#4042,#4043,#4044);
#4046=PLANE('',#4045);
#4047=ORIENTED_EDGE('',*,*,#3713,.T.);
#4049=ORIENTED_EDGE('',*,*,#4048,.T.);
#4050=ORIENTED_EDGE('',*,*,#3838,.F.);
#4051=ORIENTED_EDGE('',*,*,#3766,.F.);
#4052=EDGE_LOOP('',(#4047,#4049,#4050,#4051));
#4053=FACE_OUTER_BOUND('',#4052,.F.);
#4054=ADVANCED_FACE('',(#4053),#4046,.T.);
#4055=CARTESIAN_POINT('',(-1.267949192431E0,-6.196152422707E0,4.E-1));
#4056=DIRECTION('',(8.660254037844E-1,-5.E-1,0.E0));
#4057=DIRECTION('',(0.E0,0.E0,1.E0));
#4058=AXIS2_PLACEMENT_3D('',#4055,#4056,#4057);
#4059=PLANE('',#4058);
#4060=ORIENTED_EDGE('',*,*,#3711,.T.);
#4062=ORIENTED_EDGE('',*,*,#4061,.T.);
#4063=ORIENTED_EDGE('',*,*,#3840,.F.);
#4064=ORIENTED_EDGE('',*,*,#4048,.F.);
#4065=EDGE_LOOP('',(#4060,#4062,#4063,#4064));
#4066=FACE_OUTER_BOUND('',#4065,.F.);
#4067=ADVANCED_FACE('',(#4066),#4059,.T.);
#4068=OPEN_SHELL('',(#3721,#3736,#3754,#3774,#3789,#3805,#3829,#3868,#3887,
#3899,#3913,#3930,#3943,#3956,#3972,#3985,#3997,#4015,#4028,#4041,#4054,#4067));
#4069=DIRECTION('',(-8.660254037844E-1,5.E-1,0.E0));
#4070=VECTOR('',#4069,2.78E0);
#4071=CARTESIAN_POINT('',(4.328775311260E0,4.717658773653E0,-8.7E0));
#4072=LINE('',#4071,#4070);
#4073=DIRECTION('',(-6.123724356958E-1,3.535533905933E-1,-7.071067811865E-1));
#4074=VECTOR('',#4073,1.414213562373E-2);
#4075=CARTESIAN_POINT('',(4.337435565298E0,4.712658773653E0,-8.69E0));
#4076=LINE('',#4075,#4074);
#4077=DIRECTION('',(0.E0,0.E0,-1.E0));
#4078=VECTOR('',#4077,7.49E0);
#4079=CARTESIAN_POINT('',(4.337435565298E0,4.712658773653E0,-1.2E0));
#4080=LINE('',#4079,#4078);
#4081=DIRECTION('',(-8.660254037844E-1,5.E-1,0.E0));
#4082=VECTOR('',#4081,6.E-1);
#4083=CARTESIAN_POINT('',(4.857050807569E0,4.412658773653E0,-1.2E0));
#4084=LINE('',#4083,#4082);
#4085=DIRECTION('',(0.E0,0.E0,-1.E0));
#4086=VECTOR('',#4085,3.2E0);
#4087=CARTESIAN_POINT('',(4.857050807569E0,4.412658773653E0,2.E0));
#4088=LINE('',#4087,#4086);
#4089=DIRECTION('',(-8.660254037844E-1,5.E-1,0.E0));
#4090=VECTOR('',#4089,5.E-1);
#4091=CARTESIAN_POINT('',(4.857050807569E0,4.412658773653E0,2.E0));
#4092=LINE('',#4091,#4090);
#4093=DIRECTION('',(0.E0,0.E0,1.E0));
#4094=VECTOR('',#4093,2.8E0);
#4095=CARTESIAN_POINT('',(4.424038105677E0,4.662658773653E0,2.E0));
#4096=LINE('',#4095,#4094);
#4097=DIRECTION('',(-8.660254037844E-1,5.E-1,0.E0));
#4098=VECTOR('',#4097,3.E0);
#4099=CARTESIAN_POINT('',(4.424038105677E0,4.662658773653E0,4.8E0));
#4100=LINE('',#4099,#4098);
#4101=DIRECTION('',(0.E0,0.E0,-1.E0));
#4102=VECTOR('',#4101,2.8E0);
#4103=CARTESIAN_POINT('',(1.825961894323E0,6.162658773653E0,4.8E0));
#4104=LINE('',#4103,#4102);
#4105=DIRECTION('',(-8.660254037844E-1,5.E-1,0.E0));
#4106=VECTOR('',#4105,5.E-1);
#4107=CARTESIAN_POINT('',(1.825961894323E0,6.162658773653E0,2.E0));
#4108=LINE('',#4107,#4106);
#4109=DIRECTION('',(0.E0,0.E0,1.E0));
#4110=VECTOR('',#4109,3.2E0);
#4111=CARTESIAN_POINT('',(1.392949192431E0,6.412658773653E0,-1.2E0));
#4112=LINE('',#4111,#4110);
#4113=DIRECTION('',(-8.660254037844E-1,5.E-1,0.E0));
#4114=VECTOR('',#4113,6.E-1);
#4115=CARTESIAN_POINT('',(1.912564434702E0,6.112658773653E0,-1.2E0));
#4116=LINE('',#4115,#4114);
#4117=DIRECTION('',(0.E0,0.E0,1.E0));
#4118=VECTOR('',#4117,7.49E0);
#4119=CARTESIAN_POINT('',(1.912564434702E0,6.112658773653E0,-8.69E0));
#4120=LINE('',#4119,#4118);
#4121=DIRECTION('',(-6.123724356958E-1,3.535533905932E-1,7.071067811866E-1));
#4122=VECTOR('',#4121,1.414213562373E-2);
#4123=CARTESIAN_POINT('',(1.921224688740E0,6.107658773653E0,-8.7E0));
#4124=LINE('',#4123,#4122);
#4125=DIRECTION('',(5.458053582443E-1,-4.579850747973E-1,-7.016738431599E-1));
#4126=VECTOR('',#4125,7.125817855036E-1);
#4127=CARTESIAN_POINT('',(1.921224688740E0,6.107658773653E0,-8.7E0));
#4128=LINE('',#4127,#4126);
#4129=DIRECTION('',(-5.E-1,-8.660254037844E-1,0.E0));
#4130=VECTOR('',#4129,5.E-1);
#4131=CARTESIAN_POINT('',(1.912564434702E0,6.112658773653E0,-8.69E0));
#4132=LINE('',#4131,#4130);
#4133=DIRECTION('',(-6.695293884507E-1,2.436887683625E-1,7.016738431599E-1));
#4134=VECTOR('',#4133,7.125817855036E-1);
#4135=CARTESIAN_POINT('',(2.148319135809E0,5.500997894094E0,-9.2E0));
#4136=LINE('',#4135,#4134);
#4137=DIRECTION('',(3.535533905933E-1,6.123724356958E-1,7.071067811865E-1));
#4138=VECTOR('',#4137,1.414213562373E-1);
#4139=CARTESIAN_POINT('',(1.662564434702E0,5.679646071761E0,-7.1E0));
#4140=LINE('',#4139,#4138);
#4141=DIRECTION('',(-5.E-1,-8.660254037844E-1,0.E0));
#4142=VECTOR('',#4141,5.E-1);
#4143=CARTESIAN_POINT('',(1.912564434702E0,6.112658773653E0,-1.2E0));
#4144=LINE('',#4143,#4142);
#4145=DIRECTION('',(-3.535533905933E-1,-6.123724356958E-1,7.071067811866E-1));
#4146=VECTOR('',#4145,1.414213562373E-1);
#4147=CARTESIAN_POINT('',(1.712564434702E0,5.766248612139E0,-7.E0));
#4148=LINE('',#4147,#4146);
#4149=DIRECTION('',(8.660254037844E-1,-5.E-1,0.E0));
#4150=VECTOR('',#4149,8.E-1);
#4151=CARTESIAN_POINT('',(1.662564434702E0,5.679646071761E0,-7.1E0));
#4152=LINE('',#4151,#4150);
#4153=DIRECTION('',(0.E0,0.E0,-1.E0));
#4154=VECTOR('',#4153,5.E-1);
#4155=CARTESIAN_POINT('',(2.355384757729E0,5.279646071761E0,-7.1E0));
#4156=LINE('',#4155,#4154);
#4157=CARTESIAN_POINT('',(2.875E0,4.979646071761E0,-7.6E0));
#4158=DIRECTION('',(5.E-1,8.660254037844E-1,0.E0));
#4159=DIRECTION('',(8.660254037844E-1,-5.E-1,0.E0));
#4160=AXIS2_PLACEMENT_3D('',#4157,#4158,#4159);
#4162=DIRECTION('',(0.E0,0.E0,1.E0));
#4163=VECTOR('',#4162,5.E-1);
#4164=CARTESIAN_POINT('',(3.394615242271E0,4.679646071761E0,-7.6E0));
#4165=LINE('',#4164,#4163);
#4166=DIRECTION('',(8.660254037844E-1,-5.E-1,0.E0));
#4167=VECTOR('',#4166,8.E-1);
#4168=CARTESIAN_POINT('',(3.394615242271E0,4.679646071761E0,-7.1E0));
#4169=LINE('',#4168,#4167);
#4170=DIRECTION('',(0.E0,0.E0,-1.E0));
#4171=VECTOR('',#4170,1.59E0);
#4172=CARTESIAN_POINT('',(4.087435565298E0,4.279646071761E0,-7.1E0));
#4173=LINE('',#4172,#4171);
#4174=DIRECTION('',(-6.123724356957E-1,3.535533905932E-1,-7.071067811866E-1));
#4175=VECTOR('',#4174,1.414213562373E-2);
#4176=CARTESIAN_POINT('',(4.087435565298E0,4.279646071761E0,-8.69E0));
#4177=LINE('',#4176,#4175);
#4178=DIRECTION('',(8.660254037844E-1,-5.E-1,0.E0));
#4179=VECTOR('',#4178,2.78E0);
#4180=CARTESIAN_POINT('',(1.671224688740E0,5.674646071761E0,-8.7E0));
#4181=LINE('',#4180,#4179);
#4182=DIRECTION('',(-6.123724356958E-1,3.535533905933E-1,7.071067811865E-1));
#4183=VECTOR('',#4182,1.414213562373E-2);
#4184=CARTESIAN_POINT('',(1.671224688740E0,5.674646071761E0,-8.7E0));
#4185=LINE('',#4184,#4183);
#4186=DIRECTION('',(0.E0,0.E0,1.E0));
#4187=VECTOR('',#4186,1.59E0);
#4188=CARTESIAN_POINT('',(1.662564434702E0,5.679646071761E0,-8.69E0));
#4189=LINE('',#4188,#4187);
#4190=DIRECTION('',(8.660254037844E-1,-5.E-1,0.E0));
#4191=VECTOR('',#4190,8.E-1);
#4192=CARTESIAN_POINT('',(1.662564434702E0,5.679646071761E0,-6.9E0));
#4193=LINE('',#4192,#4191);
#4194=DIRECTION('',(0.E0,0.E0,1.E0));
#4195=VECTOR('',#4194,5.7E0);
#4196=CARTESIAN_POINT('',(1.662564434702E0,5.679646071761E0,-6.9E0));
#4197=LINE('',#4196,#4195);
#4198=DIRECTION('',(-8.660254037844E-1,5.E-1,0.E0));
#4199=VECTOR('',#4198,6.E-1);
#4200=CARTESIAN_POINT('',(1.662564434702E0,5.679646071761E0,-1.2E0));
#4201=LINE('',#4200,#4199);
#4202=DIRECTION('',(0.E0,0.E0,1.E0));
#4203=VECTOR('',#4202,3.2E0);
#4204=CARTESIAN_POINT('',(1.142949192431E0,5.979646071761E0,-1.2E0));
#4205=LINE('',#4204,#4203);
#4206=DIRECTION('',(8.660254037844E-1,-5.E-1,0.E0));
#4207=VECTOR('',#4206,5.E-1);
#4208=CARTESIAN_POINT('',(1.142949192431E0,5.979646071761E0,2.E0));
#4209=LINE('',#4208,#4207);
#4210=DIRECTION('',(0.E0,0.E0,1.E0));
#4211=VECTOR('',#4210,2.8E0);
#4212=CARTESIAN_POINT('',(1.575961894323E0,5.729646071761E0,2.E0));
#4213=LINE('',#4212,#4211);
#4214=DIRECTION('',(8.660254037844E-1,-5.E-1,0.E0));
#4215=VECTOR('',#4214,3.E0);
#4216=CARTESIAN_POINT('',(1.575961894323E0,5.729646071761E0,4.8E0));
#4217=LINE('',#4216,#4215);
#4218=DIRECTION('',(0.E0,0.E0,-1.E0));
#4219=VECTOR('',#4218,2.8E0);
#4220=CARTESIAN_POINT('',(4.174038105677E0,4.229646071761E0,4.8E0));
#4221=LINE('',#4220,#4219);
#4222=DIRECTION('',(8.660254037844E-1,-5.E-1,0.E0));
#4223=VECTOR('',#4222,5.E-1);
#4224=CARTESIAN_POINT('',(4.174038105677E0,4.229646071761E0,2.E0));
#4225=LINE('',#4224,#4223);
#4226=DIRECTION('',(0.E0,0.E0,-1.E0));
#4227=VECTOR('',#4226,3.2E0);
#4228=CARTESIAN_POINT('',(4.607050807569E0,3.979646071761E0,2.E0));
#4229=LINE('',#4228,#4227);
#4230=DIRECTION('',(-8.660254037844E-1,5.E-1,0.E0));
#4231=VECTOR('',#4230,6.E-1);
#4232=CARTESIAN_POINT('',(4.607050807569E0,3.979646071761E0,-1.2E0));
#4233=LINE('',#4232,#4231);
#4234=DIRECTION('',(0.E0,0.E0,-1.E0));
#4235=VECTOR('',#4234,5.7E0);
#4236=CARTESIAN_POINT('',(4.087435565298E0,4.279646071761E0,-1.2E0));
#4237=LINE('',#4236,#4235);
#4238=DIRECTION('',(8.660254037844E-1,-5.E-1,0.E0));
#4239=VECTOR('',#4238,8.E-1);
#4240=CARTESIAN_POINT('',(3.394615242271E0,4.679646071761E0,-6.9E0));
#4241=LINE('',#4240,#4239);
#4242=DIRECTION('',(0.E0,0.E0,1.E0));
#4243=VECTOR('',#4242,5.E-1);
#4244=CARTESIAN_POINT('',(3.394615242271E0,4.679646071761E0,-6.9E0));
#4245=LINE('',#4244,#4243);
#4246=CARTESIAN_POINT('',(2.875E0,4.979646071761E0,-6.4E0));
#4247=DIRECTION('',(5.E-1,8.660254037844E-1,0.E0));
#4248=DIRECTION('',(-8.660254037844E-1,5.E-1,0.E0));
#4249=AXIS2_PLACEMENT_3D('',#4246,#4247,#4248);
#4251=DIRECTION('',(0.E0,0.E0,-1.E0));
#4252=VECTOR('',#4251,5.E-1);
#4253=CARTESIAN_POINT('',(2.355384757729E0,5.279646071761E0,-6.4E0));
#4254=LINE('',#4253,#4252);
#4255=DIRECTION('',(3.535533905933E-1,6.123724356958E-1,7.071067811865E-1));
#4256=VECTOR('',#4255,1.414213562373E-1);
#4257=CARTESIAN_POINT('',(2.355384757729E0,5.279646071761E0,-7.1E0));
#4258=LINE('',#4257,#4256);
#4259=DIRECTION('',(-3.535533905933E-1,-6.123724356958E-1,7.071067811865E-1));
#4260=VECTOR('',#4259,1.414213562373E-1);
#4261=CARTESIAN_POINT('',(2.405384757729E0,5.366248612139E0,-7.E0));
#4262=LINE('',#4261,#4260);
#4263=DIRECTION('',(0.E0,0.E0,-1.E0));
#4264=VECTOR('',#4263,1.2E0);
#4265=CARTESIAN_POINT('',(2.605384757729E0,5.712658773653E0,-6.4E0));
#4266=LINE('',#4265,#4264);
#4267=DIRECTION('',(-5.E-1,-8.660254037844E-1,0.E0));
#4268=VECTOR('',#4267,5.E-1);
#4269=CARTESIAN_POINT('',(2.605384757729E0,5.712658773653E0,-7.6E0));
#4270=LINE('',#4269,#4268);
#4271=DIRECTION('',(-8.660254037844E-1,5.E-1,0.E0));
#4272=VECTOR('',#4271,8.E-1);
#4273=CARTESIAN_POINT('',(2.405384757729E0,5.366248612139E0,-7.E0));
#4274=LINE('',#4273,#4272);
#4275=DIRECTION('',(-8.660254037844E-1,5.E-1,0.E0));
#4276=VECTOR('',#4275,8.E-1);
#4277=CARTESIAN_POINT('',(4.137435565298E0,4.366248612139E0,-7.E0));
#4278=LINE('',#4277,#4276);
#4279=DIRECTION('',(3.535533905933E-1,6.123724356958E-1,7.071067811865E-1));
#4280=VECTOR('',#4279,1.414213562373E-1);
#4281=CARTESIAN_POINT('',(4.087435565298E0,4.279646071761E0,-7.1E0));
#4282=LINE('',#4281,#4280);
#4283=DIRECTION('',(-3.535533905933E-1,-6.123724356958E-1,7.071067811866E-1));
#4284=VECTOR('',#4283,1.414213562373E-1);
#4285=CARTESIAN_POINT('',(4.137435565298E0,4.366248612139E0,-7.E0));
#4286=LINE('',#4285,#4284);
#4287=DIRECTION('',(-5.E-1,-8.660254037844E-1,0.E0));
#4288=VECTOR('',#4287,5.E-1);
#4289=CARTESIAN_POINT('',(4.337435565298E0,4.712658773653E0,-8.69E0));
#4290=LINE('',#4289,#4288);
#4291=DIRECTION('',(-5.E-1,-8.660254037844E-1,0.E0));
#4292=VECTOR('',#4291,5.E-1);
#4293=CARTESIAN_POINT('',(4.337435565298E0,4.712658773653E0,-1.2E0));
#4294=LINE('',#4293,#4292);
#4295=DIRECTION('',(-5.E-1,-8.660254037844E-1,0.E0));
#4296=VECTOR('',#4295,5.E-1);
#4297=CARTESIAN_POINT('',(4.857050807569E0,4.412658773653E0,-1.2E0));
#4298=LINE('',#4297,#4296);
#4299=DIRECTION('',(5.E-1,8.660254037844E-1,0.E0));
#4300=VECTOR('',#4299,5.E-1);
#4301=CARTESIAN_POINT('',(4.607050807569E0,3.979646071761E0,2.E0));
#4302=LINE('',#4301,#4300);
#4303=DIRECTION('',(6.695293884507E-1,-2.436887683625E-1,7.016738431599E-1));
#4304=VECTOR('',#4303,7.125817855036E-1);
#4305=CARTESIAN_POINT('',(3.851680864191E0,4.891306951320E0,-9.2E0));
#4306=LINE('',#4305,#4304);
#4307=DIRECTION('',(-5.E-1,-8.660254037844E-1,0.E0));
#4308=VECTOR('',#4307,3.236730192915E-1);
#4309=CARTESIAN_POINT('',(3.851680864191E0,4.891306951320E0,-9.2E0));
#4310=LINE('',#4309,#4308);
#4311=DIRECTION('',(-5.458053582443E-1,4.579850747973E-1,-7.016738431599E-1));
#4312=VECTOR('',#4311,7.125817855036E-1);
#4313=CARTESIAN_POINT('',(4.078775311260E0,4.284646071761E0,-8.7E0));
#4314=LINE('',#4313,#4312);
#4315=DIRECTION('',(-8.660254037844E-1,5.E-1,0.E0));
#4316=VECTOR('',#4315,1.78E0);
#4317=CARTESIAN_POINT('',(3.851680864191E0,4.891306951320E0,-9.2E0));
#4318=LINE('',#4317,#4316);
#4319=DIRECTION('',(-5.E-1,-8.660254037844E-1,0.E0));
#4320=VECTOR('',#4319,3.236730192915E-1);
#4321=CARTESIAN_POINT('',(2.310155645455E0,5.781306951320E0,-9.2E0));
#4322=LINE('',#4321,#4320);
#4323=DIRECTION('',(8.660254037844E-1,-5.E-1,0.E0));
#4324=VECTOR('',#4323,1.78E0);
#4325=CARTESIAN_POINT('',(2.148319135809E0,5.500997894094E0,-9.2E0));
#4326=LINE('',#4325,#4324);
#4327=DIRECTION('',(3.535533905933E-1,6.123724356958E-1,7.071067811865E-1));
#4328=VECTOR('',#4327,1.414213562373E-1);
#4329=CARTESIAN_POINT('',(3.394615242271E0,4.679646071761E0,-7.1E0));
#4330=LINE('',#4329,#4328);
#4331=DIRECTION('',(0.E0,0.E0,1.E0));
#4332=VECTOR('',#4331,1.2E0);
#4333=CARTESIAN_POINT('',(3.644615242271E0,5.112658773653E0,-7.6E0));
#4334=LINE('',#4333,#4332);
#4335=DIRECTION('',(-5.E-1,-8.660254037844E-1,0.E0));
#4336=VECTOR('',#4335,5.E-1);
#4337=CARTESIAN_POINT('',(3.644615242271E0,5.112658773653E0,-6.4E0));
#4338=LINE('',#4337,#4336);
#4339=DIRECTION('',(-3.535533905933E-1,-6.123724356958E-1,7.071067811866E-1));
#4340=VECTOR('',#4339,1.414213562373E-1);
#4341=CARTESIAN_POINT('',(3.444615242271E0,4.766248612139E0,-7.E0));
#4342=LINE('',#4341,#4340);
#4343=CARTESIAN_POINT('',(3.125E0,5.412658773653E0,-7.6E0));
#4344=DIRECTION('',(-5.E-1,-8.660254037844E-1,0.E0));
#4345=DIRECTION('',(-8.660254037844E-1,5.E-1,0.E0));
#4346=AXIS2_PLACEMENT_3D('',#4343,#4344,#4345);
#4348=DIRECTION('',(-5.E-1,-8.660254037844E-1,0.E0));
#4349=VECTOR('',#4348,5.E-1);
#4350=CARTESIAN_POINT('',(3.644615242271E0,5.112658773653E0,-7.6E0));
#4351=LINE('',#4350,#4349);
#4352=CARTESIAN_POINT('',(3.125E0,5.412658773653E0,-6.4E0));
#4353=DIRECTION('',(-5.E-1,-8.660254037844E-1,0.E0));
#4354=DIRECTION('',(8.660254037844E-1,-5.E-1,0.E0));
#4355=AXIS2_PLACEMENT_3D('',#4352,#4353,#4354);
#4357=DIRECTION('',(-5.E-1,-8.660254037844E-1,0.E0));
#4358=VECTOR('',#4357,5.E-1);
#4359=CARTESIAN_POINT('',(2.605384757729E0,5.712658773653E0,-6.4E0));
#4360=LINE('',#4359,#4358);
#4361=DIRECTION('',(-5.E-1,-8.660254037844E-1,0.E0));
#4362=VECTOR('',#4361,5.E-1);
#4363=CARTESIAN_POINT('',(1.392949192431E0,6.412658773653E0,-1.2E0));
#4364=LINE('',#4363,#4362);
#4365=DIRECTION('',(-5.E-1,-8.660254037844E-1,0.E0));
#4366=VECTOR('',#4365,5.E-1);
#4367=CARTESIAN_POINT('',(1.392949192431E0,6.412658773653E0,2.E0));
#4368=LINE('',#4367,#4366);
#4369=CARTESIAN_POINT('',(1.912564434702E0,6.112658773653E0,-8.69E0));
#4370=CARTESIAN_POINT('',(1.912564434702E0,6.112658773653E0,-1.2E0));
#4371=VERTEX_POINT('',#4369);
#4372=VERTEX_POINT('',#4370);
#4373=CARTESIAN_POINT('',(1.392949192431E0,6.412658773653E0,-1.2E0));
#4374=VERTEX_POINT('',#4373);
#4375=CARTESIAN_POINT('',(1.392949192431E0,6.412658773653E0,2.E0));
#4376=VERTEX_POINT('',#4375);
#4377=CARTESIAN_POINT('',(1.825961894323E0,6.162658773653E0,2.E0));
#4378=VERTEX_POINT('',#4377);
#4379=CARTESIAN_POINT('',(4.424038105677E0,4.662658773653E0,2.E0));
#4380=CARTESIAN_POINT('',(4.857050807569E0,4.412658773653E0,2.E0));
#4381=VERTEX_POINT('',#4379);
#4382=VERTEX_POINT('',#4380);
#4383=CARTESIAN_POINT('',(4.857050807569E0,4.412658773653E0,-1.2E0));
#4384=VERTEX_POINT('',#4383);
#4385=CARTESIAN_POINT('',(4.337435565298E0,4.712658773653E0,-1.2E0));
#4386=VERTEX_POINT('',#4385);
#4387=CARTESIAN_POINT('',(4.337435565298E0,4.712658773653E0,-8.69E0));
#4388=VERTEX_POINT('',#4387);
#4389=CARTESIAN_POINT('',(1.662564434702E0,5.679646071761E0,-1.2E0));
#4390=CARTESIAN_POINT('',(1.142949192431E0,5.979646071761E0,-1.2E0));
#4391=VERTEX_POINT('',#4389);
#4392=VERTEX_POINT('',#4390);
#4393=CARTESIAN_POINT('',(1.142949192431E0,5.979646071761E0,2.E0));
#4394=VERTEX_POINT('',#4393);
#4395=CARTESIAN_POINT('',(1.575961894323E0,5.729646071761E0,2.E0));
#4396=VERTEX_POINT('',#4395);
#4397=CARTESIAN_POINT('',(4.174038105677E0,4.229646071761E0,2.E0));
#4398=CARTESIAN_POINT('',(4.607050807569E0,3.979646071761E0,2.E0));
#4399=VERTEX_POINT('',#4397);
#4400=VERTEX_POINT('',#4398);
#4401=CARTESIAN_POINT('',(4.607050807569E0,3.979646071761E0,-1.2E0));
#4402=VERTEX_POINT('',#4401);
#4403=CARTESIAN_POINT('',(4.087435565298E0,4.279646071761E0,-1.2E0));
#4404=VERTEX_POINT('',#4403);
#4405=CARTESIAN_POINT('',(1.662564434702E0,5.679646071761E0,-8.69E0));
#4406=VERTEX_POINT('',#4405);
#4407=CARTESIAN_POINT('',(4.087435565298E0,4.279646071761E0,-8.69E0));
#4408=VERTEX_POINT('',#4407);
#4409=CARTESIAN_POINT('',(1.825961894323E0,6.162658773653E0,4.8E0));
#4410=VERTEX_POINT('',#4409);
#4411=CARTESIAN_POINT('',(4.424038105677E0,4.662658773653E0,4.8E0));
#4412=VERTEX_POINT('',#4411);
#4413=CARTESIAN_POINT('',(1.575961894323E0,5.729646071761E0,4.8E0));
#4414=VERTEX_POINT('',#4413);
#4415=CARTESIAN_POINT('',(4.174038105677E0,4.229646071761E0,4.8E0));
#4416=VERTEX_POINT('',#4415);
#4417=CARTESIAN_POINT('',(2.605384757729E0,5.712658773653E0,-6.4E0));
#4418=CARTESIAN_POINT('',(3.644615242271E0,5.112658773653E0,-6.4E0));
#4419=VERTEX_POINT('',#4417);
#4420=VERTEX_POINT('',#4418);
#4421=CARTESIAN_POINT('',(2.605384757729E0,5.712658773653E0,-7.6E0));
#4422=VERTEX_POINT('',#4421);
#4423=CARTESIAN_POINT('',(3.644615242271E0,5.112658773653E0,-7.6E0));
#4424=VERTEX_POINT('',#4423);
#4425=CARTESIAN_POINT('',(2.355384757729E0,5.279646071761E0,-6.4E0));
#4426=CARTESIAN_POINT('',(3.394615242271E0,4.679646071761E0,-6.4E0));
#4427=VERTEX_POINT('',#4425);
#4428=VERTEX_POINT('',#4426);
#4429=CARTESIAN_POINT('',(3.394615242271E0,4.679646071761E0,-7.6E0));
#4430=CARTESIAN_POINT('',(2.355384757729E0,5.279646071761E0,-7.6E0));
#4431=VERTEX_POINT('',#4429);
#4432=VERTEX_POINT('',#4430);
#4433=CARTESIAN_POINT('',(1.921224688740E0,6.107658773653E0,-8.7E0));
#4434=CARTESIAN_POINT('',(2.310155645455E0,5.781306951320E0,-9.2E0));
#4435=VERTEX_POINT('',#4433);
#4436=VERTEX_POINT('',#4434);
#4437=CARTESIAN_POINT('',(3.851680864191E0,4.891306951320E0,-9.2E0));
#4438=VERTEX_POINT('',#4437);
#4439=CARTESIAN_POINT('',(4.328775311260E0,4.717658773653E0,-8.7E0));
#4440=VERTEX_POINT('',#4439);
#4441=CARTESIAN_POINT('',(4.078775311260E0,4.284646071761E0,-8.7E0));
#4442=CARTESIAN_POINT('',(3.689844354545E0,4.610997894094E0,-9.2E0));
#4443=VERTEX_POINT('',#4441);
#4444=VERTEX_POINT('',#4442);
#4445=CARTESIAN_POINT('',(2.148319135809E0,5.500997894094E0,-9.2E0));
#4446=VERTEX_POINT('',#4445);
#4447=CARTESIAN_POINT('',(1.671224688740E0,5.674646071761E0,-8.7E0));
#4448=VERTEX_POINT('',#4447);
#4449=CARTESIAN_POINT('',(1.662564434702E0,5.679646071761E0,-7.1E0));
#4450=CARTESIAN_POINT('',(2.355384757729E0,5.279646071761E0,-7.1E0));
#4451=VERTEX_POINT('',#4449);
#4452=VERTEX_POINT('',#4450);
#4453=CARTESIAN_POINT('',(3.394615242271E0,4.679646071761E0,-7.1E0));
#4454=CARTESIAN_POINT('',(4.087435565298E0,4.279646071761E0,-7.1E0));
#4455=VERTEX_POINT('',#4453);
#4456=VERTEX_POINT('',#4454);
#4457=CARTESIAN_POINT('',(1.662564434702E0,5.679646071761E0,-6.9E0));
#4458=CARTESIAN_POINT('',(2.355384757729E0,5.279646071761E0,-6.9E0));
#4459=VERTEX_POINT('',#4457);
#4460=VERTEX_POINT('',#4458);
#4461=CARTESIAN_POINT('',(3.394615242271E0,4.679646071761E0,-6.9E0));
#4462=CARTESIAN_POINT('',(4.087435565298E0,4.279646071761E0,-6.9E0));
#4463=VERTEX_POINT('',#4461);
#4464=VERTEX_POINT('',#4462);
#4465=CARTESIAN_POINT('',(4.137435565298E0,4.366248612139E0,-7.E0));
#4466=VERTEX_POINT('',#4465);
#4467=CARTESIAN_POINT('',(1.712564434702E0,5.766248612139E0,-7.E0));
#4468=VERTEX_POINT('',#4467);
#4469=CARTESIAN_POINT('',(3.444615242271E0,4.766248612139E0,-7.E0));
#4470=VERTEX_POINT('',#4469);
#4471=CARTESIAN_POINT('',(2.405384757729E0,5.366248612139E0,-7.E0));
#4472=VERTEX_POINT('',#4471);
#4473=CARTESIAN_POINT('',(3.125E0,5.412658773653E0,-1.2E0));
#4474=DIRECTION('',(5.E-1,8.660254037844E-1,0.E0));
#4475=DIRECTION('',(-8.660254037844E-1,5.E-1,0.E0));
#4476=AXIS2_PLACEMENT_3D('',#4473,#4474,#4475);
#4477=PLANE('',#4476);
#4479=ORIENTED_EDGE('',*,*,#4478,.F.);
#4481=ORIENTED_EDGE('',*,*,#4480,.F.);
#4483=ORIENTED_EDGE('',*,*,#4482,.F.);
#4485=ORIENTED_EDGE('',*,*,#4484,.F.);
#4487=ORIENTED_EDGE('',*,*,#4486,.F.);
#4489=ORIENTED_EDGE('',*,*,#4488,.T.);
#4491=ORIENTED_EDGE('',*,*,#4490,.T.);
#4493=ORIENTED_EDGE('',*,*,#4492,.T.);
#4495=ORIENTED_EDGE('',*,*,#4494,.T.);
#4497=ORIENTED_EDGE('',*,*,#4496,.T.);
#4499=ORIENTED_EDGE('',*,*,#4498,.F.);
#4501=ORIENTED_EDGE('',*,*,#4500,.F.);
#4503=ORIENTED_EDGE('',*,*,#4502,.F.);
#4505=ORIENTED_EDGE('',*,*,#4504,.F.);
#4506=EDGE_LOOP('',(#4479,#4481,#4483,#4485,#4487,#4489,#4491,#4493,#4495,#4497,
#4499,#4501,#4503,#4505));
#4507=FACE_OUTER_BOUND('',#4506,.F.);
#4508=ADVANCED_FACE('',(#4507),#4477,.T.);
#4509=CARTESIAN_POINT('',(3.102959127411E0,5.374482862486E0,-8.95E0));
#4510=DIRECTION('',(4.924038765061E-1,8.528685319524E-1,-1.736481776669E-1));
#4511=DIRECTION('',(-8.682408883346E-2,-1.503837331804E-1,-9.848077530122E-1));
#4512=AXIS2_PLACEMENT_3D('',#4509,#4510,#4511);
#4513=PLANE('',#4512);
#4515=ORIENTED_EDGE('',*,*,#4514,.T.);
#4517=ORIENTED_EDGE('',*,*,#4516,.F.);
#4519=ORIENTED_EDGE('',*,*,#4518,.T.);
#4520=ORIENTED_EDGE('',*,*,#4478,.T.);
#4521=EDGE_LOOP('',(#4515,#4517,#4519,#4520));
#4522=FACE_OUTER_BOUND('',#4521,.F.);
#4523=ADVANCED_FACE('',(#4522),#4513,.T.);
#4524=CARTESIAN_POINT('',(2.008400912667E0,5.768652422707E0,-8.945E0));
#4525=DIRECTION('',(-6.123724356958E-1,3.535533905933E-1,-7.071067811865E-1));
#4526=DIRECTION('',(-6.123724356958E-1,3.535533905933E-1,7.071067811865E-1));
#4527=AXIS2_PLACEMENT_3D('',#4524,#4525,#4526);
#4528=PLANE('',#4527);
#4529=ORIENTED_EDGE('',*,*,#4514,.F.);
#4530=ORIENTED_EDGE('',*,*,#4504,.T.);
#4532=ORIENTED_EDGE('',*,*,#4531,.T.);
#4534=ORIENTED_EDGE('',*,*,#4533,.F.);
#4536=ORIENTED_EDGE('',*,*,#4535,.F.);
#4538=ORIENTED_EDGE('',*,*,#4537,.F.);
#4539=EDGE_LOOP('',(#4529,#4530,#4532,#4534,#4536,#4538));
#4540=FACE_OUTER_BOUND('',#4539,.F.);
#4541=ADVANCED_FACE('',(#4540),#4528,.T.);
#4542=CARTESIAN_POINT('',(1.787564434702E0,5.896152422707E0,-4.945E0));
#4543=DIRECTION('',(-8.660254037844E-1,5.E-1,0.E0));
#4544=DIRECTION('',(0.E0,0.E0,1.E0));
#4545=AXIS2_PLACEMENT_3D('',#4542,#4543,#4544);
#4546=PLANE('',#4545);
#4548=ORIENTED_EDGE('',*,*,#4547,.F.);
#4550=ORIENTED_EDGE('',*,*,#4549,.F.);
#4551=ORIENTED_EDGE('',*,*,#4531,.F.);
#4552=ORIENTED_EDGE('',*,*,#4502,.T.);
#4554=ORIENTED_EDGE('',*,*,#4553,.T.);
#4556=ORIENTED_EDGE('',*,*,#4555,.F.);
#4558=ORIENTED_EDGE('',*,*,#4557,.F.);
#4559=EDGE_LOOP('',(#4548,#4550,#4551,#4552,#4554,#4556,#4558));
#4560=FACE_OUTER_BOUND('',#4559,.F.);
#4561=ADVANCED_FACE('',(#4560),#4546,.T.);
#4562=CARTESIAN_POINT('',(4.087435565298E0,4.279646071761E0,-7.1E0));
#4563=DIRECTION('',(3.535533905933E-1,6.123724356958E-1,-7.071067811866E-1));
#4564=DIRECTION('',(3.535533905933E-1,6.123724356958E-1,7.071067811865E-1));
#4565=AXIS2_PLACEMENT_3D('',#4562,#4563,#4564);
#4566=PLANE('',#4565);
#4568=ORIENTED_EDGE('',*,*,#4567,.F.);
#4569=ORIENTED_EDGE('',*,*,#4547,.T.);
#4571=ORIENTED_EDGE('',*,*,#4570,.F.);
#4573=ORIENTED_EDGE('',*,*,#4572,.F.);
#4574=EDGE_LOOP('',(#4568,#4569,#4571,#4573));
#4575=FACE_OUTER_BOUND('',#4574,.F.);
#4576=ADVANCED_FACE('',(#4575),#4566,.F.);
#4577=CARTESIAN_POINT('',(4.087435565298E0,4.279646071761E0,-7.1E0));
#4578=DIRECTION('',(3.535533905933E-1,6.123724356958E-1,-7.071067811866E-1));
#4579=DIRECTION('',(3.535533905933E-1,6.123724356958E-1,7.071067811865E-1));
#4580=AXIS2_PLACEMENT_3D('',#4577,#4578,#4579);
#4581=PLANE('',#4580);
#4583=ORIENTED_EDGE('',*,*,#4582,.F.);
#4585=ORIENTED_EDGE('',*,*,#4584,.T.);
#4587=ORIENTED_EDGE('',*,*,#4586,.F.);
#4589=ORIENTED_EDGE('',*,*,#4588,.F.);
#4590=EDGE_LOOP('',(#4583,#4585,#4587,#4589));
#4591=FACE_OUTER_BOUND('',#4590,.F.);
#4592=ADVANCED_FACE('',(#4591),#4581,.F.);
#4593=CARTESIAN_POINT('',(2.875E0,4.979646071761E0,-1.2E0));
#4594=DIRECTION('',(5.E-1,8.660254037844E-1,0.E0));
#4595=DIRECTION('',(-8.660254037844E-1,5.E-1,0.E0));
#4596=AXIS2_PLACEMENT_3D('',#4593,#4594,#4595);
#4597=PLANE('',#4596);
#4598=ORIENTED_EDGE('',*,*,#4567,.T.);
#4600=ORIENTED_EDGE('',*,*,#4599,.T.);
#4602=ORIENTED_EDGE('',*,*,#4601,.F.);
#4604=ORIENTED_EDGE('',*,*,#4603,.T.);
#4605=ORIENTED_EDGE('',*,*,#4582,.T.);
#4607=ORIENTED_EDGE('',*,*,#4606,.T.);
#4609=ORIENTED_EDGE('',*,*,#4608,.T.);
#4611=ORIENTED_EDGE('',*,*,#4610,.F.);
#4612=ORIENTED_EDGE('',*,*,#4533,.T.);
#4613=ORIENTED_EDGE('',*,*,#4549,.T.);
#4614=EDGE_LOOP('',(#4598,#4600,#4602,#4604,#4605,#4607,#4609,#4611,#4612,
#4613));
#4615=FACE_OUTER_BOUND('',#4614,.F.);
#4616=ADVANCED_FACE('',(#4615),#4597,.F.);
#4617=CARTESIAN_POINT('',(2.875E0,4.979646071761E0,-1.2E0));
#4618=DIRECTION('',(5.E-1,8.660254037844E-1,0.E0));
#4619=DIRECTION('',(-8.660254037844E-1,5.E-1,0.E0));
#4620=AXIS2_PLACEMENT_3D('',#4617,#4618,#4619);
#4621=PLANE('',#4620);
#4623=ORIENTED_EDGE('',*,*,#4622,.F.);
#4624=ORIENTED_EDGE('',*,*,#4555,.T.);
#4626=ORIENTED_EDGE('',*,*,#4625,.T.);
#4628=ORIENTED_EDGE('',*,*,#4627,.T.);
#4630=ORIENTED_EDGE('',*,*,#4629,.T.);
#4632=ORIENTED_EDGE('',*,*,#4631,.T.);
#4634=ORIENTED_EDGE('',*,*,#4633,.T.);
#4636=ORIENTED_EDGE('',*,*,#4635,.T.);
#4638=ORIENTED_EDGE('',*,*,#4637,.T.);
#4640=ORIENTED_EDGE('',*,*,#4639,.T.);
#4642=ORIENTED_EDGE('',*,*,#4641,.T.);
#4644=ORIENTED_EDGE('',*,*,#4643,.T.);
#4646=ORIENTED_EDGE('',*,*,#4645,.F.);
#4648=ORIENTED_EDGE('',*,*,#4647,.T.);
#4650=ORIENTED_EDGE('',*,*,#4649,.F.);
#4652=ORIENTED_EDGE('',*,*,#4651,.T.);
#4653=EDGE_LOOP('',(#4623,#4624,#4626,#4628,#4630,#4632,#4634,#4636,#4638,#4640,
#4642,#4644,#4646,#4648,#4650,#4652));
#4654=FACE_OUTER_BOUND('',#4653,.F.);
#4655=ADVANCED_FACE('',(#4654),#4621,.F.);
#4656=CARTESIAN_POINT('',(2.480384757729E0,5.496152422707E0,-7.E0));
#4657=DIRECTION('',(8.660254037844E-1,-5.E-1,0.E0));
#4658=DIRECTION('',(0.E0,0.E0,-1.E0));
#4659=AXIS2_PLACEMENT_3D('',#4656,#4657,#4658);
#4660=PLANE('',#4659);
#4661=ORIENTED_EDGE('',*,*,#4572,.T.);
#4663=ORIENTED_EDGE('',*,*,#4662,.T.);
#4664=ORIENTED_EDGE('',*,*,#4651,.F.);
#4666=ORIENTED_EDGE('',*,*,#4665,.F.);
#4668=ORIENTED_EDGE('',*,*,#4667,.T.);
#4670=ORIENTED_EDGE('',*,*,#4669,.T.);
#4671=ORIENTED_EDGE('',*,*,#4599,.F.);
#4672=EDGE_LOOP('',(#4661,#4663,#4664,#4666,#4668,#4670,#4671));
#4673=FACE_OUTER_BOUND('',#4672,.F.);
#4674=ADVANCED_FACE('',(#4673),#4660,.T.);
#4675=CARTESIAN_POINT('',(4.137435565298E0,4.366248612139E0,-7.E0));
#4676=DIRECTION('',(3.535533905933E-1,6.123724356958E-1,7.071067811865E-1));
#4677=DIRECTION('',(-3.535533905933E-1,-6.123724356958E-1,7.071067811866E-1));
#4678=AXIS2_PLACEMENT_3D('',#4675,#4676,#4677);
#4679=PLANE('',#4678);
#4680=ORIENTED_EDGE('',*,*,#4622,.T.);
#4681=ORIENTED_EDGE('',*,*,#4662,.F.);
#4682=ORIENTED_EDGE('',*,*,#4570,.T.);
#4683=ORIENTED_EDGE('',*,*,#4557,.T.);
#4684=EDGE_LOOP('',(#4680,#4681,#4682,#4683));
#4685=FACE_OUTER_BOUND('',#4684,.F.);
#4686=ADVANCED_FACE('',(#4685),#4679,.F.);
#4687=CARTESIAN_POINT('',(4.137435565298E0,4.366248612139E0,-7.E0));
#4688=DIRECTION('',(3.535533905933E-1,6.123724356958E-1,7.071067811865E-1));
#4689=DIRECTION('',(-3.535533905933E-1,-6.123724356958E-1,7.071067811866E-1));
#4690=AXIS2_PLACEMENT_3D('',#4687,#4688,#4689);
#4691=PLANE('',#4690);
#4692=ORIENTED_EDGE('',*,*,#4645,.T.);
#4694=ORIENTED_EDGE('',*,*,#4693,.F.);
#4695=ORIENTED_EDGE('',*,*,#4586,.T.);
#4697=ORIENTED_EDGE('',*,*,#4696,.T.);
#4698=EDGE_LOOP('',(#4692,#4694,#4695,#4697));
#4699=FACE_OUTER_BOUND('',#4698,.F.);
#4700=ADVANCED_FACE('',(#4699),#4691,.F.);
#4701=CARTESIAN_POINT('',(4.212435565298E0,4.496152422707E0,-4.945E0));
#4702=DIRECTION('',(8.660254037844E-1,-5.E-1,0.E0));
#4703=DIRECTION('',(0.E0,0.E0,-1.E0));
#4704=AXIS2_PLACEMENT_3D('',#4701,#4702,#4703);
#4705=PLANE('',#4704);
#4706=ORIENTED_EDGE('',*,*,#4588,.T.);
#4707=ORIENTED_EDGE('',*,*,#4693,.T.);
#4708=ORIENTED_EDGE('',*,*,#4643,.F.);
#4710=ORIENTED_EDGE('',*,*,#4709,.F.);
#4711=ORIENTED_EDGE('',*,*,#4482,.T.);
#4713=ORIENTED_EDGE('',*,*,#4712,.T.);
#4714=ORIENTED_EDGE('',*,*,#4606,.F.);
#4715=EDGE_LOOP('',(#4706,#4707,#4708,#4710,#4711,#4713,#4714));
#4716=FACE_OUTER_BOUND('',#4715,.F.);
#4717=ADVANCED_FACE('',(#4716),#4705,.T.);
#4718=CARTESIAN_POINT('',(4.472243186434E0,4.346152422707E0,-1.2E0));
#4719=DIRECTION('',(0.E0,0.E0,-1.E0));
#4720=DIRECTION('',(-8.660254037844E-1,5.E-1,0.E0));
#4721=AXIS2_PLACEMENT_3D('',#4718,#4719,#4720);
#4722=PLANE('',#4721);
#4723=ORIENTED_EDGE('',*,*,#4484,.T.);
#4724=ORIENTED_EDGE('',*,*,#4709,.T.);
#4725=ORIENTED_EDGE('',*,*,#4641,.F.);
#4727=ORIENTED_EDGE('',*,*,#4726,.F.);
#4728=EDGE_LOOP('',(#4723,#4724,#4725,#4727));
#4729=FACE_OUTER_BOUND('',#4728,.F.);
#4730=ADVANCED_FACE('',(#4729),#4722,.T.);
#4731=CARTESIAN_POINT('',(4.732050807569E0,4.196152422707E0,4.E-1));
#4732=DIRECTION('',(8.660254037844E-1,-5.E-1,0.E0));
#4733=DIRECTION('',(0.E0,0.E0,-1.E0));
#4734=AXIS2_PLACEMENT_3D('',#4731,#4732,#4733);
#4735=PLANE('',#4734);
#4736=ORIENTED_EDGE('',*,*,#4486,.T.);
#4737=ORIENTED_EDGE('',*,*,#4726,.T.);
#4738=ORIENTED_EDGE('',*,*,#4639,.F.);
#4740=ORIENTED_EDGE('',*,*,#4739,.T.);
#4741=EDGE_LOOP('',(#4736,#4737,#4738,#4740));
#4742=FACE_OUTER_BOUND('',#4741,.F.);
#4743=ADVANCED_FACE('',(#4742),#4735,.T.);
#4744=CARTESIAN_POINT('',(3.991599087333E0,4.623652422707E0,-8.945E0));
#4745=DIRECTION('',(6.123724356958E-1,-3.535533905933E-1,-7.071067811865E-1));
#4746=DIRECTION('',(-6.123724356958E-1,3.535533905933E-1,-7.071067811865E-1));
#4747=AXIS2_PLACEMENT_3D('',#4744,#4745,#4746);
#4748=PLANE('',#4747);
#4749=ORIENTED_EDGE('',*,*,#4518,.F.);
#4751=ORIENTED_EDGE('',*,*,#4750,.T.);
#4753=ORIENTED_EDGE('',*,*,#4752,.F.);
#4754=ORIENTED_EDGE('',*,*,#4608,.F.);
#4755=ORIENTED_EDGE('',*,*,#4712,.F.);
#4756=ORIENTED_EDGE('',*,*,#4480,.T.);
#4757=EDGE_LOOP('',(#4749,#4751,#4753,#4754,#4755,#4756));
#4758=FACE_OUTER_BOUND('',#4757,.F.);
#4759=ADVANCED_FACE('',(#4758),#4748,.T.);
#4760=CARTESIAN_POINT('',(3.E0,5.196152422707E0,-9.2E0));
#4761=DIRECTION('',(0.E0,0.E0,-1.E0));
#4762=DIRECTION('',(-8.660254037844E-1,5.E-1,0.E0));
#4763=AXIS2_PLACEMENT_3D('',#4760,#4761,#4762);
#4764=PLANE('',#4763);
#4765=ORIENTED_EDGE('',*,*,#4516,.T.);
#4766=ORIENTED_EDGE('',*,*,#4537,.T.);
#4768=ORIENTED_EDGE('',*,*,#4767,.T.);
#4769=ORIENTED_EDGE('',*,*,#4750,.F.);
#4770=EDGE_LOOP('',(#4765,#4766,#4768,#4769));
#4771=FACE_OUTER_BOUND('',#4770,.F.);
#4772=ADVANCED_FACE('',(#4771),#4764,.T.);
#4773=CARTESIAN_POINT('',(2.897040872589E0,5.017821982927E0,-8.95E0));
#4774=DIRECTION('',(-4.924038765061E-1,-8.528685319524E-1,-1.736481776669E-1));
#4775=DIRECTION('',(8.682408883347E-2,1.503837331804E-1,-9.848077530122E-1));
#4776=AXIS2_PLACEMENT_3D('',#4773,#4774,#4775);
#4777=PLANE('',#4776);
#4778=ORIENTED_EDGE('',*,*,#4752,.T.);
#4779=ORIENTED_EDGE('',*,*,#4767,.F.);
#4780=ORIENTED_EDGE('',*,*,#4535,.T.);
#4781=ORIENTED_EDGE('',*,*,#4610,.T.);
#4782=EDGE_LOOP('',(#4778,#4779,#4780,#4781));
#4783=FACE_OUTER_BOUND('',#4782,.F.);
#4784=ADVANCED_FACE('',(#4783),#4777,.T.);
#4785=CARTESIAN_POINT('',(3.519615242271E0,4.896152422707E0,-7.E0));
#4786=DIRECTION('',(-8.660254037844E-1,5.E-1,0.E0));
#4787=DIRECTION('',(0.E0,0.E0,1.E0));
#4788=AXIS2_PLACEMENT_3D('',#4785,#4786,#4787);
#4789=PLANE('',#4788);
#4790=ORIENTED_EDGE('',*,*,#4584,.F.);
#4791=ORIENTED_EDGE('',*,*,#4603,.F.);
#4793=ORIENTED_EDGE('',*,*,#4792,.F.);
#4795=ORIENTED_EDGE('',*,*,#4794,.T.);
#4797=ORIENTED_EDGE('',*,*,#4796,.T.);
#4798=ORIENTED_EDGE('',*,*,#4647,.F.);
#4799=ORIENTED_EDGE('',*,*,#4696,.F.);
#4800=EDGE_LOOP('',(#4790,#4791,#4793,#4795,#4797,#4798,#4799));
#4801=FACE_OUTER_BOUND('',#4800,.F.);
#4802=ADVANCED_FACE('',(#4801),#4789,.T.);
#4803=CARTESIAN_POINT('',(3.E0,5.196152422707E0,-7.6E0));
#4804=DIRECTION('',(5.E-1,8.660254037844E-1,0.E0));
#4805=DIRECTION('',(8.660254037844E-1,-5.E-1,0.E0));
#4806=AXIS2_PLACEMENT_3D('',#4803,#4804,#4805);
#4807=CYLINDRICAL_SURFACE('',#4806,6.E-1);
#4809=ORIENTED_EDGE('',*,*,#4808,.T.);
#4810=ORIENTED_EDGE('',*,*,#4792,.T.);
#4811=ORIENTED_EDGE('',*,*,#4601,.T.);
#4812=ORIENTED_EDGE('',*,*,#4669,.F.);
#4813=EDGE_LOOP('',(#4809,#4810,#4811,#4812));
#4814=FACE_OUTER_BOUND('',#4813,.F.);
#4815=ADVANCED_FACE('',(#4814),#4807,.F.);
#4816=CARTESIAN_POINT('',(3.E0,5.196152422707E0,-6.4E0));
#4817=DIRECTION('',(5.E-1,8.660254037844E-1,0.E0));
#4818=DIRECTION('',(-8.660254037844E-1,5.E-1,0.E0));
#4819=AXIS2_PLACEMENT_3D('',#4816,#4817,#4818);
#4820=CYLINDRICAL_SURFACE('',#4819,6.E-1);
#4822=ORIENTED_EDGE('',*,*,#4821,.T.);
#4823=ORIENTED_EDGE('',*,*,#4665,.T.);
#4824=ORIENTED_EDGE('',*,*,#4649,.T.);
#4825=ORIENTED_EDGE('',*,*,#4796,.F.);
#4826=EDGE_LOOP('',(#4822,#4823,#4824,#4825));
#4827=FACE_OUTER_BOUND('',#4826,.F.);
#4828=ADVANCED_FACE('',(#4827),#4820,.F.);
#4829=CARTESIAN_POINT('',(1.527756813566E0,6.046152422707E0,-1.2E0));
#4830=DIRECTION('',(0.E0,0.E0,-1.E0));
#4831=DIRECTION('',(-8.660254037844E-1,5.E-1,0.E0));
#4832=AXIS2_PLACEMENT_3D('',#4829,#4830,#4831);
#4833=PLANE('',#4832);
#4834=ORIENTED_EDGE('',*,*,#4500,.T.);
#4836=ORIENTED_EDGE('',*,*,#4835,.T.);
#4837=ORIENTED_EDGE('',*,*,#4625,.F.);
#4838=ORIENTED_EDGE('',*,*,#4553,.F.);
#4839=EDGE_LOOP('',(#4834,#4836,#4837,#4838));
#4840=FACE_OUTER_BOUND('',#4839,.F.);
#4841=ADVANCED_FACE('',(#4840),#4833,.T.);
#4842=CARTESIAN_POINT('',(1.267949192431E0,6.196152422707E0,4.E-1));
#4843=DIRECTION('',(-8.660254037844E-1,5.E-1,0.E0));
#4844=DIRECTION('',(0.E0,0.E0,1.E0));
#4845=AXIS2_PLACEMENT_3D('',#4842,#4843,#4844);
#4846=PLANE('',#4845);
#4847=ORIENTED_EDGE('',*,*,#4498,.T.);
#4849=ORIENTED_EDGE('',*,*,#4848,.T.);
#4850=ORIENTED_EDGE('',*,*,#4627,.F.);
#4851=ORIENTED_EDGE('',*,*,#4835,.F.);
#4852=EDGE_LOOP('',(#4847,#4849,#4850,#4851));
#4853=FACE_OUTER_BOUND('',#4852,.F.);
#4854=ADVANCED_FACE('',(#4853),#4846,.T.);
#4855=OPEN_SHELL('',(#4508,#4523,#4541,#4561,#4576,#4592,#4616,#4655,#4674,
#4686,#4700,#4717,#4730,#4743,#4759,#4772,#4784,#4802,#4815,#4828,#4841,#4854));
#4856=CARTESIAN_POINT('',(0.E0,0.E0,2.16E1));
#4857=DIRECTION('',(0.E0,0.E0,-1.E0));
#4858=DIRECTION('',(1.E0,0.E0,0.E0));
#4859=AXIS2_PLACEMENT_3D('',#4856,#4857,#4858);
#4861=CARTESIAN_POINT('',(0.E0,0.E0,2.16E1));
#4862=DIRECTION('',(0.E0,0.E0,1.E0));
#4863=DIRECTION('',(1.E0,0.E0,0.E0));
#4864=AXIS2_PLACEMENT_3D('',#4861,#4862,#4863);
#4866=CARTESIAN_POINT('',(0.E0,0.E0,2.06E1));
#4867=DIRECTION('',(0.E0,0.E0,1.E0));
#4868=DIRECTION('',(-1.E0,0.E0,0.E0));
#4869=AXIS2_PLACEMENT_3D('',#4866,#4867,#4868);
#4871=CARTESIAN_POINT('',(0.E0,0.E0,1.001387150069E1));
#4872=DIRECTION('',(0.E0,0.E0,-1.E0));
#4873=DIRECTION('',(1.E0,0.E0,0.E0));
#4874=AXIS2_PLACEMENT_3D('',#4871,#4872,#4873);
#4876=CARTESIAN_POINT('',(0.E0,0.E0,7.7E0));
#4877=DIRECTION('',(0.E0,0.E0,-1.E0));
#4878=DIRECTION('',(1.E0,0.E0,0.E0));
#4879=AXIS2_PLACEMENT_3D('',#4876,#4877,#4878);
#4881=CARTESIAN_POINT('',(0.E0,0.E0,5.6E0));
#4882=DIRECTION('',(0.E0,0.E0,1.E0));
#4883=DIRECTION('',(1.E0,0.E0,0.E0));
#4884=AXIS2_PLACEMENT_3D('',#4881,#4882,#4883);
#4886=CARTESIAN_POINT('',(0.E0,0.E0,5.6E0));
#4887=DIRECTION('',(0.E0,0.E0,-1.E0));
#4888=DIRECTION('',(1.E0,0.E0,0.E0));
#4889=AXIS2_PLACEMENT_3D('',#4886,#4887,#4888);
#4891=CARTESIAN_POINT('',(0.E0,0.E0,2.38E1));
#4892=DIRECTION('',(0.E0,0.E0,-1.E0));
#4893=DIRECTION('',(1.E0,0.E0,0.E0));
#4894=AXIS2_PLACEMENT_3D('',#4891,#4892,#4893);
#4896=CARTESIAN_POINT('',(0.E0,0.E0,2.23E1));
#4897=DIRECTION('',(0.E0,0.E0,-1.E0));
#4898=DIRECTION('',(1.E0,0.E0,0.E0));
#4899=AXIS2_PLACEMENT_3D('',#4896,#4897,#4898);
#4901=CARTESIAN_POINT('',(0.E0,0.E0,2.06E1));
#4902=DIRECTION('',(0.E0,0.E0,1.E0));
#4903=DIRECTION('',(1.E0,0.E0,0.E0));
#4904=AXIS2_PLACEMENT_3D('',#4901,#4902,#4903);
#4906=DIRECTION('',(0.E0,0.E0,-1.E0));
#4907=VECTOR('',#4906,1.058612849931E1);
#4908=CARTESIAN_POINT('',(-9.5E0,0.E0,2.06E1));
#4909=LINE('',#4908,#4907);
#4910=DIRECTION('',(0.E0,0.E0,-1.E0));
#4911=VECTOR('',#4910,1.058612849931E1);
#4912=CARTESIAN_POINT('',(9.5E0,0.E0,2.06E1));
#4913=LINE('',#4912,#4911);
#4914=DIRECTION('',(-2.588190451025E-1,0.E0,-9.659258262891E-1));
#4915=VECTOR('',#4914,2.395496049197E0);
#4916=CARTESIAN_POINT('',(9.5E0,0.E0,1.001387150069E1));
#4917=LINE('',#4916,#4915);
#4918=CARTESIAN_POINT('',(0.E0,0.E0,1.001387150069E1));
#4919=DIRECTION('',(0.E0,0.E0,1.E0));
#4920=DIRECTION('',(1.E0,0.E0,0.E0));
#4921=AXIS2_PLACEMENT_3D('',#4918,#4919,#4920);
#4923=DIRECTION('',(2.588190451025E-1,0.E0,-9.659258262891E-1));
#4924=VECTOR('',#4923,2.395496049197E0);
#4925=CARTESIAN_POINT('',(-9.5E0,0.E0,1.001387150069E1));
#4926=LINE('',#4925,#4924);
#4927=DIRECTION('',(0.E0,0.E0,-1.E0));
#4928=VECTOR('',#4927,2.1E0);
#4929=CARTESIAN_POINT('',(8.88E0,0.E0,7.7E0));
#4930=LINE('',#4929,#4928);
#4931=CARTESIAN_POINT('',(0.E0,0.E0,7.7E0));
#4932=DIRECTION('',(0.E0,0.E0,1.E0));
#4933=DIRECTION('',(1.E0,0.E0,0.E0));
#4934=AXIS2_PLACEMENT_3D('',#4931,#4932,#4933);
#4936=DIRECTION('',(0.E0,0.E0,-1.E0));
#4937=VECTOR('',#4936,2.1E0);
#4938=CARTESIAN_POINT('',(-8.88E0,0.E0,7.7E0));
#4939=LINE('',#4938,#4937);
#4940=CARTESIAN_POINT('',(0.E0,0.E0,3.247441116742E0));
#4941=DIRECTION('',(0.E0,1.E0,0.E0));
#4942=DIRECTION('',(3.567308038649E-1,0.E0,9.342072219663E-1));
#4943=AXIS2_PLACEMENT_3D('',#4940,#4941,#4942);
#4945=CARTESIAN_POINT('',(0.E0,0.E0,2.38E1));
#4946=DIRECTION('',(0.E0,0.E0,1.E0));
#4947=DIRECTION('',(1.E0,0.E0,0.E0));
#4948=AXIS2_PLACEMENT_3D('',#4945,#4946,#4947);
#4950=CARTESIAN_POINT('',(0.E0,0.E0,3.247441116742E0));
#4951=DIRECTION('',(0.E0,-1.E0,0.E0));
#4952=DIRECTION('',(-3.567308038649E-1,0.E0,9.342072219663E-1));
#4953=AXIS2_PLACEMENT_3D('',#4950,#4951,#4952);
#4955=DIRECTION('',(0.E0,0.E0,-1.E0));
#4956=VECTOR('',#4955,7.E-1);
#4957=CARTESIAN_POINT('',(1.1E1,0.E0,2.23E1));
#4958=LINE('',#4957,#4956);
#4959=CARTESIAN_POINT('',(0.E0,0.E0,2.23E1));
#4960=DIRECTION('',(0.E0,0.E0,1.E0));
#4961=DIRECTION('',(1.E0,0.E0,0.E0));
#4962=AXIS2_PLACEMENT_3D('',#4959,#4960,#4961);
#4964=DIRECTION('',(0.E0,0.E0,-1.E0));
#4965=VECTOR('',#4964,7.E-1);
#4966=CARTESIAN_POINT('',(-1.1E1,0.E0,2.23E1));
#4967=LINE('',#4966,#4965);
#4968=CARTESIAN_POINT('',(0.E0,0.E0,2.06E1));
#4969=DIRECTION('',(0.E0,0.E0,-1.E0));
#4970=DIRECTION('',(0.E0,-1.E0,0.E0));
#4971=AXIS2_PLACEMENT_3D('',#4968,#4969,#4970);
#4973=CARTESIAN_POINT('',(0.E0,0.E0,2.16E1));
#4974=DIRECTION('',(0.E0,0.E0,1.E0));
#4975=DIRECTION('',(0.E0,1.E0,0.E0));
#4976=AXIS2_PLACEMENT_3D('',#4973,#4974,#4975);
#4978=DIRECTION('',(0.E0,0.E0,-1.E0));
#4979=VECTOR('',#4978,1.E0);
#4980=CARTESIAN_POINT('',(0.E0,-8.85E0,2.16E1));
#4981=LINE('',#4980,#4979);
#4982=CARTESIAN_POINT('',(0.E0,0.E0,2.16E1));
#4983=DIRECTION('',(0.E0,0.E0,1.E0));
#4984=DIRECTION('',(0.E0,-1.E0,0.E0));
#4985=AXIS2_PLACEMENT_3D('',#4982,#4983,#4984);
#4987=DIRECTION('',(0.E0,0.E0,-1.E0));
#4988=VECTOR('',#4987,1.E0);
#4989=CARTESIAN_POINT('',(0.E0,8.85E0,2.16E1));
#4990=LINE('',#4989,#4988);
#4991=CARTESIAN_POINT('',(0.E0,0.E0,2.06E1));
#4992=DIRECTION('',(0.E0,0.E0,-1.E0));
#4993=DIRECTION('',(0.E0,1.E0,0.E0));
#4994=AXIS2_PLACEMENT_3D('',#4991,#4992,#4993);
#4996=CARTESIAN_POINT('',(9.5E0,0.E0,1.001387150069E1));
#4997=CARTESIAN_POINT('',(8.88E0,0.E0,7.7E0));
#4998=VERTEX_POINT('',#4996);
#4999=VERTEX_POINT('',#4997);
#5000=CARTESIAN_POINT('',(8.88E0,0.E0,5.6E0));
#5001=VERTEX_POINT('',#5000);
#5002=CARTESIAN_POINT('',(7.848077685028E0,0.E0,2.38E1));
#5003=CARTESIAN_POINT('',(1.1E1,0.E0,2.23E1));
#5004=VERTEX_POINT('',#5002);
#5005=VERTEX_POINT('',#5003);
#5006=CARTESIAN_POINT('',(1.1E1,0.E0,2.16E1));
#5007=VERTEX_POINT('',#5006);
#5008=CARTESIAN_POINT('',(-9.5E0,0.E0,1.001387150069E1));
#5009=CARTESIAN_POINT('',(-8.88E0,0.E0,7.7E0));
#5010=VERTEX_POINT('',#5008);
#5011=VERTEX_POINT('',#5009);
#5012=CARTESIAN_POINT('',(-8.88E0,0.E0,5.6E0));
#5013=VERTEX_POINT('',#5012);
#5014=CARTESIAN_POINT('',(-7.848077685028E0,0.E0,2.38E1));
#5015=CARTESIAN_POINT('',(-1.1E1,0.E0,2.23E1));
#5016=VERTEX_POINT('',#5014);
#5017=VERTEX_POINT('',#5015);
#5018=CARTESIAN_POINT('',(-1.1E1,0.E0,2.16E1));
#5019=VERTEX_POINT('',#5018);
#5020=CARTESIAN_POINT('',(0.E0,-8.85E0,2.16E1));
#5021=CARTESIAN_POINT('',(0.E0,-8.85E0,2.06E1));
#5022=VERTEX_POINT('',#5020);
#5023=VERTEX_POINT('',#5021);
#5024=CARTESIAN_POINT('',(0.E0,8.85E0,2.16E1));
#5025=CARTESIAN_POINT('',(0.E0,8.85E0,2.06E1));
#5026=VERTEX_POINT('',#5024);
#5027=VERTEX_POINT('',#5025);
#5028=CARTESIAN_POINT('',(-9.5E0,0.E0,2.06E1));
#5029=CARTESIAN_POINT('',(9.5E0,0.E0,2.06E1));
#5030=VERTEX_POINT('',#5028);
#5031=VERTEX_POINT('',#5029);
#5032=CARTESIAN_POINT('',(0.E0,0.E0,2.16E1));
#5033=DIRECTION('',(0.E0,0.E0,-1.E0));
#5034=DIRECTION('',(1.E0,0.E0,0.E0));
#5035=AXIS2_PLACEMENT_3D('',#5032,#5033,#5034);
#5036=PLANE('',#5035);
#5038=ORIENTED_EDGE('',*,*,#5037,.F.);
#5040=ORIENTED_EDGE('',*,*,#5039,.T.);
#5041=EDGE_LOOP('',(#5038,#5040));
#5042=FACE_OUTER_BOUND('',#5041,.F.);
#5043=ADVANCED_FACE('',(#5042),#5036,.T.);
#5044=CARTESIAN_POINT('',(0.E0,0.E0,2.471E1));
#5045=DIRECTION('',(0.E0,0.E0,-1.E0));
#5046=DIRECTION('',(1.E0,0.E0,0.E0));
#5047=AXIS2_PLACEMENT_3D('',#5044,#5045,#5046);
#5048=CYLINDRICAL_SURFACE('',#5047,9.5E0);
#5050=ORIENTED_EDGE('',*,*,#5049,.T.);
#5052=ORIENTED_EDGE('',*,*,#5051,.T.);
#5054=ORIENTED_EDGE('',*,*,#5053,.T.);
#5056=ORIENTED_EDGE('',*,*,#5055,.F.);
#5057=EDGE_LOOP('',(#5050,#5052,#5054,#5056));
#5058=FACE_OUTER_BOUND('',#5057,.F.);
#5059=ADVANCED_FACE('',(#5058),#5048,.T.);
#5060=CARTESIAN_POINT('',(0.E0,0.E0,8.856935750346E0));
#5061=DIRECTION('',(0.E0,0.E0,1.E0));
#5062=DIRECTION('',(-1.E0,0.E0,0.E0));
#5063=AXIS2_PLACEMENT_3D('',#5060,#5061,#5062);
#5064=CONICAL_SURFACE('',#5063,9.19E0,1.5E1);
#5066=ORIENTED_EDGE('',*,*,#5065,.T.);
#5068=ORIENTED_EDGE('',*,*,#5067,.T.);
#5070=ORIENTED_EDGE('',*,*,#5069,.F.);
#5071=ORIENTED_EDGE('',*,*,#5053,.F.);
#5072=EDGE_LOOP('',(#5066,#5068,#5070,#5071));
#5073=FACE_OUTER_BOUND('',#5072,.F.);
#5074=ADVANCED_FACE('',(#5073),#5064,.T.);
#5075=CARTESIAN_POINT('',(0.E0,0.E0,2.471E1));
#5076=DIRECTION('',(0.E0,0.E0,-1.E0));
#5077=DIRECTION('',(1.E0,0.E0,0.E0));
#5078=AXIS2_PLACEMENT_3D('',#5075,#5076,#5077);
#5079=CYLINDRICAL_SURFACE('',#5078,8.88E0);
#5081=ORIENTED_EDGE('',*,*,#5080,.T.);
#5083=ORIENTED_EDGE('',*,*,#5082,.T.);
#5085=ORIENTED_EDGE('',*,*,#5084,.F.);
#5086=ORIENTED_EDGE('',*,*,#5067,.F.);
#5087=EDGE_LOOP('',(#5081,#5083,#5085,#5086));
#5088=FACE_OUTER_BOUND('',#5087,.F.);
#5089=ADVANCED_FACE('',(#5088),#5079,.T.);
#5090=CARTESIAN_POINT('',(0.E0,0.E0,5.6E0));
#5091=DIRECTION('',(0.E0,0.E0,-1.E0));
#5092=DIRECTION('',(1.E0,0.E0,0.E0));
#5093=AXIS2_PLACEMENT_3D('',#5090,#5091,#5092);
#5094=PLANE('',#5093);
#5096=ORIENTED_EDGE('',*,*,#5095,.T.);
#5097=ORIENTED_EDGE('',*,*,#5082,.F.);
#5098=EDGE_LOOP('',(#5096,#5097));
#5099=FACE_OUTER_BOUND('',#5098,.F.);
#5100=ADVANCED_FACE('',(#5099),#5094,.T.);
#5101=CARTESIAN_POINT('',(0.E0,0.E0,2.38E1));
#5102=DIRECTION('',(0.E0,0.E0,-1.E0));
#5103=DIRECTION('',(1.E0,0.E0,0.E0));
#5104=AXIS2_PLACEMENT_3D('',#5101,#5102,#5103);
#5105=PLANE('',#5104);
#5107=ORIENTED_EDGE('',*,*,#5106,.F.);
#5109=ORIENTED_EDGE('',*,*,#5108,.T.);
#5110=EDGE_LOOP('',(#5107,#5109));
#5111=FACE_OUTER_BOUND('',#5110,.F.);
#5112=ADVANCED_FACE('',(#5111),#5105,.F.);
#5113=CARTESIAN_POINT('',(0.E0,0.E0,3.247441116742E0));
#5114=DIRECTION('',(0.E0,0.E0,-1.E0));
#5115=DIRECTION('',(1.E0,0.E0,0.E0));
#5116=AXIS2_PLACEMENT_3D('',#5113,#5114,#5115);
#5117=SPHERICAL_SURFACE('',#5116,2.2E1);
#5119=ORIENTED_EDGE('',*,*,#5118,.T.);
#5121=ORIENTED_EDGE('',*,*,#5120,.T.);
#5123=ORIENTED_EDGE('',*,*,#5122,.F.);
#5124=ORIENTED_EDGE('',*,*,#5108,.F.);
#5125=EDGE_LOOP('',(#5119,#5121,#5123,#5124));
#5126=FACE_OUTER_BOUND('',#5125,.F.);
#5127=ADVANCED_FACE('',(#5126),#5117,.T.);
#5128=CARTESIAN_POINT('',(0.E0,0.E0,2.471E1));
#5129=DIRECTION('',(0.E0,0.E0,-1.E0));
#5130=DIRECTION('',(1.E0,0.E0,0.E0));
#5131=AXIS2_PLACEMENT_3D('',#5128,#5129,#5130);
#5132=CYLINDRICAL_SURFACE('',#5131,1.1E1);
#5134=ORIENTED_EDGE('',*,*,#5133,.T.);
#5135=ORIENTED_EDGE('',*,*,#5037,.T.);
#5137=ORIENTED_EDGE('',*,*,#5136,.F.);
#5138=ORIENTED_EDGE('',*,*,#5120,.F.);
#5139=EDGE_LOOP('',(#5134,#5135,#5137,#5138));
#5140=FACE_OUTER_BOUND('',#5139,.F.);
#5141=ADVANCED_FACE('',(#5140),#5132,.T.);
#5142=CARTESIAN_POINT('',(0.E0,0.E0,2.471E1));
#5143=DIRECTION('',(0.E0,0.E0,-1.E0));
#5144=DIRECTION('',(1.E0,0.E0,0.E0));
#5145=AXIS2_PLACEMENT_3D('',#5142,#5143,#5144);
#5146=CYLINDRICAL_SURFACE('',#5145,9.5E0);
#5148=ORIENTED_EDGE('',*,*,#5147,.T.);
#5149=ORIENTED_EDGE('',*,*,#5055,.T.);
#5151=ORIENTED_EDGE('',*,*,#5150,.F.);
#5152=ORIENTED_EDGE('',*,*,#5051,.F.);
#5153=EDGE_LOOP('',(#5148,#5149,#5151,#5152));
#5154=FACE_OUTER_BOUND('',#5153,.F.);
#5155=ADVANCED_FACE('',(#5154),#5146,.T.);
#5156=CARTESIAN_POINT('',(0.E0,0.E0,8.856935750346E0));
#5157=DIRECTION('',(0.E0,0.E0,1.E0));
#5158=DIRECTION('',(-1.E0,0.E0,0.E0));
#5159=AXIS2_PLACEMENT_3D('',#5156,#5157,#5158);
#5160=CONICAL_SURFACE('',#5159,9.19E0,1.5E1);
#5161=ORIENTED_EDGE('',*,*,#5065,.F.);
#5162=ORIENTED_EDGE('',*,*,#5150,.T.);
#5163=ORIENTED_EDGE('',*,*,#5069,.T.);
#5165=ORIENTED_EDGE('',*,*,#5164,.F.);
#5166=EDGE_LOOP('',(#5161,#5162,#5163,#5165));
#5167=FACE_OUTER_BOUND('',#5166,.F.);
#5168=ADVANCED_FACE('',(#5167),#5160,.T.);
#5169=CARTESIAN_POINT('',(0.E0,0.E0,2.471E1));
#5170=DIRECTION('',(0.E0,0.E0,-1.E0));
#5171=DIRECTION('',(1.E0,0.E0,0.E0));
#5172=AXIS2_PLACEMENT_3D('',#5169,#5170,#5171);
#5173=CYLINDRICAL_SURFACE('',#5172,8.88E0);
#5174=ORIENTED_EDGE('',*,*,#5080,.F.);
#5175=ORIENTED_EDGE('',*,*,#5164,.T.);
#5176=ORIENTED_EDGE('',*,*,#5084,.T.);
#5177=ORIENTED_EDGE('',*,*,#5095,.F.);
#5178=EDGE_LOOP('',(#5174,#5175,#5176,#5177));
#5179=FACE_OUTER_BOUND('',#5178,.F.);
#5180=ADVANCED_FACE('',(#5179),#5173,.T.);
#5181=CARTESIAN_POINT('',(0.E0,0.E0,3.247441116742E0));
#5182=DIRECTION('',(0.E0,0.E0,-1.E0));
#5183=DIRECTION('',(1.E0,0.E0,0.E0));
#5184=AXIS2_PLACEMENT_3D('',#5181,#5182,#5183);
#5185=SPHERICAL_SURFACE('',#5184,2.2E1);
#5186=ORIENTED_EDGE('',*,*,#5118,.F.);
#5187=ORIENTED_EDGE('',*,*,#5106,.T.);
#5188=ORIENTED_EDGE('',*,*,#5122,.T.);
#5190=ORIENTED_EDGE('',*,*,#5189,.F.);
#5191=EDGE_LOOP('',(#5186,#5187,#5188,#5190));
#5192=FACE_OUTER_BOUND('',#5191,.F.);
#5193=ADVANCED_FACE('',(#5192),#5185,.T.);
#5194=CARTESIAN_POINT('',(0.E0,0.E0,2.471E1));
#5195=DIRECTION('',(0.E0,0.E0,-1.E0));
#5196=DIRECTION('',(1.E0,0.E0,0.E0));
#5197=AXIS2_PLACEMENT_3D('',#5194,#5195,#5196);
#5198=CYLINDRICAL_SURFACE('',#5197,1.1E1);
#5199=ORIENTED_EDGE('',*,*,#5133,.F.);
#5200=ORIENTED_EDGE('',*,*,#5189,.T.);
#5201=ORIENTED_EDGE('',*,*,#5136,.T.);
#5202=ORIENTED_EDGE('',*,*,#5039,.F.);
#5203=EDGE_LOOP('',(#5199,#5200,#5201,#5202));
#5204=FACE_OUTER_BOUND('',#5203,.F.);
#5205=ADVANCED_FACE('',(#5204),#5198,.T.);
#5206=CARTESIAN_POINT('',(0.E0,0.E0,2.165E1));
#5207=DIRECTION('',(0.E0,0.E0,-1.E0));
#5208=DIRECTION('',(0.E0,1.E0,0.E0));
#5209=AXIS2_PLACEMENT_3D('',#5206,#5207,#5208);
#5210=CYLINDRICAL_SURFACE('',#5209,8.85E0);
#5212=ORIENTED_EDGE('',*,*,#5211,.T.);
#5214=ORIENTED_EDGE('',*,*,#5213,.T.);
#5216=ORIENTED_EDGE('',*,*,#5215,.F.);
#5218=ORIENTED_EDGE('',*,*,#5217,.T.);
#5219=EDGE_LOOP('',(#5212,#5214,#5216,#5218));
#5220=FACE_OUTER_BOUND('',#5219,.F.);
#5221=ADVANCED_FACE('',(#5220),#5210,.T.);
#5222=CARTESIAN_POINT('',(0.E0,0.E0,2.06E1));
#5223=DIRECTION('',(0.E0,0.E0,-1.E0));
#5224=DIRECTION('',(0.E0,1.E0,0.E0));
#5225=AXIS2_PLACEMENT_3D('',#5222,#5223,#5224);
#5226=PLANE('',#5225);
#5227=ORIENTED_EDGE('',*,*,#5049,.F.);
#5228=ORIENTED_EDGE('',*,*,#5147,.F.);
#5229=EDGE_LOOP('',(#5227,#5228));
#5230=FACE_OUTER_BOUND('',#5229,.F.);
#5231=ADVANCED_FACE('',(#5230),#5226,.F.);
#5232=CARTESIAN_POINT('',(0.E0,0.E0,2.165E1));
#5233=DIRECTION('',(0.E0,0.E0,-1.E0));
#5234=DIRECTION('',(0.E0,1.E0,0.E0));
#5235=AXIS2_PLACEMENT_3D('',#5232,#5233,#5234);
#5236=CYLINDRICAL_SURFACE('',#5235,8.85E0);
#5237=ORIENTED_EDGE('',*,*,#5211,.F.);
#5239=ORIENTED_EDGE('',*,*,#5238,.T.);
#5240=ORIENTED_EDGE('',*,*,#5215,.T.);
#5242=ORIENTED_EDGE('',*,*,#5241,.T.);
#5243=EDGE_LOOP('',(#5237,#5239,#5240,#5242));
#5244=FACE_OUTER_BOUND('',#5243,.F.);
#5245=ADVANCED_FACE('',(#5244),#5236,.T.);
#5246=OPEN_SHELL('',(#5043,#5059,#5074,#5089,#5100,#5112,#5127,#5141,#5155,
#5168,#5180,#5193,#5205,#5221,#5231,#5245));
#5247=SHELL_BASED_SURFACE_MODEL('',(#581,#1406,#2231,#2756,#3281,#4068,#4855,
#5246));
#5249=DIMENSIONAL_EXPONENTS(0.E0,0.E0,0.E0,0.E0,0.E0,0.E0,0.E0);
#5251=PLANE_ANGLE_MEASURE_WITH_UNIT(PLANE_ANGLE_MEASURE(1.745329251994E-2),
#5250);
#5252=(CONVERSION_BASED_UNIT('DEGREE',#5251)NAMED_UNIT(*)PLANE_ANGLE_UNIT());
#5254=UNCERTAINTY_MEASURE_WITH_UNIT(LENGTH_MEASURE(1.409150500854E-3),#5248,
'closure',
'Maximum model space distance between geometric entities at asserted connectivities');
#5255=(GEOMETRIC_REPRESENTATION_CONTEXT(3)GLOBAL_UNCERTAINTY_ASSIGNED_CONTEXT((
#5254))GLOBAL_UNIT_ASSIGNED_CONTEXT((#5248,#5252,#5253))REPRESENTATION_CONTEXT(
'ID1','3'));
#5257=APPLICATION_CONTEXT(
'CONFIGURATION CONTROLLED 3D DESIGNS OF MECHANICAL PARTS AND ASSEMBLIES');
#5258=APPLICATION_PROTOCOL_DEFINITION('international standard',
'config_control_design',1994,#5257);
#5259=DESIGN_CONTEXT('',#5257,'design');
#5260=MECHANICAL_CONTEXT('',#5257,'mechanical');
#5261=PRODUCT('AV9V122000084B','AV9V122000084B','NOT SPECIFIED',(#5260));
#5262=PRODUCT_DEFINITION_FORMATION_WITH_SPECIFIED_SOURCE('1','LAST_VERSION',
#5261,.MADE.);
#5266=PRODUCT_CATEGORY('part','');
#5267=PRODUCT_RELATED_PRODUCT_CATEGORY('detail','',(#5261));
#5268=PRODUCT_CATEGORY_RELATIONSHIP('','',#5266,#5267);
#5269=SECURITY_CLASSIFICATION_LEVEL('unclassified');
#5270=SECURITY_CLASSIFICATION('','',#5269);
#5271=CC_DESIGN_SECURITY_CLASSIFICATION(#5270,(#5262));
#5272=APPROVAL_STATUS('approved');
#5273=APPROVAL(#5272,'');
#5274=CC_DESIGN_APPROVAL(#5273,(#5270,#5262,#5263));
#5275=CALENDAR_DATE(115,12,6);
#5276=COORDINATED_UNIVERSAL_TIME_OFFSET(2,0,.AHEAD.);
#5277=LOCAL_TIME(8,30,4.1E1,#5276);
#5278=DATE_AND_TIME(#5275,#5277);
#5279=APPROVAL_DATE_TIME(#5278,#5273);
#5280=DATE_TIME_ROLE('creation_date');
#5281=CC_DESIGN_DATE_AND_TIME_ASSIGNMENT(#5278,#5280,(#5263));
#5282=DATE_TIME_ROLE('classification_date');
#5283=CC_DESIGN_DATE_AND_TIME_ASSIGNMENT(#5278,#5282,(#5270));
#5284=PERSON('UNSPECIFIED','UNSPECIFIED',$,$,$,$);
#5285=ORGANIZATION('UNSPECIFIED','UNSPECIFIED','UNSPECIFIED');
#5286=PERSON_AND_ORGANIZATION(#5284,#5285);
#5287=APPROVAL_ROLE('approver');
#5288=APPROVAL_PERSON_ORGANIZATION(#5286,#5273,#5287);
#5289=PERSON_AND_ORGANIZATION_ROLE('creator');
#5290=CC_DESIGN_PERSON_AND_ORGANIZATION_ASSIGNMENT(#5286,#5289,(#5262,#5263));
#5291=PERSON_AND_ORGANIZATION_ROLE('design_supplier');
#5292=CC_DESIGN_PERSON_AND_ORGANIZATION_ASSIGNMENT(#5286,#5291,(#5262));
#5293=PERSON_AND_ORGANIZATION_ROLE('classification_officer');
#5294=CC_DESIGN_PERSON_AND_ORGANIZATION_ASSIGNMENT(#5286,#5293,(#5270));
#5295=PERSON_AND_ORGANIZATION_ROLE('design_owner');
#5296=CC_DESIGN_PERSON_AND_ORGANIZATION_ASSIGNMENT(#5286,#5295,(#5261));
#5=CIRCLE('',#4,1.614947167168E0);
#10=CIRCLE('',#9,1.614947167168E0);
#19=CIRCLE('',#18,7.4E0);
#28=CIRCLE('',#27,7.4E0);
#37=CIRCLE('',#36,7.4E0);
#42=CIRCLE('',#41,7.4E0);
#47=CIRCLE('',#46,2.706422358177E0);
#56=CIRCLE('',#55,2.611141865260E0);
#61=CIRCLE('',#60,2.706422358177E0);
#70=CIRCLE('',#69,2.611141865260E0);
#75=CIRCLE('',#74,1.E0);
#80=CIRCLE('',#79,1.E0);
#93=CIRCLE('',#92,7.1E0);
#98=CIRCLE('',#97,7.4E0);
#143=B_SPLINE_CURVE_WITH_KNOTS('',3,(#135,#136,#137,#138,#139,#140,#141,#142),
.UNSPECIFIED.,.F.,.F.,(4,1,1,1,1,4),(0.E0,2.E-1,4.E-1,6.E-1,8.E-1,1.E0),
.UNSPECIFIED.);
#152=B_SPLINE_CURVE_WITH_KNOTS('',3,(#144,#145,#146,#147,#148,#149,#150,#151),
.UNSPECIFIED.,.F.,.F.,(4,1,1,1,1,4),(0.E0,2.E-1,4.E-1,6.E-1,8.E-1,1.E0),
.UNSPECIFIED.);
#157=CIRCLE('',#156,7.1E0);
#162=CIRCLE('',#161,7.4E0);
#171=B_SPLINE_CURVE_WITH_KNOTS('',3,(#163,#164,#165,#166,#167,#168,#169,#170),
.UNSPECIFIED.,.F.,.F.,(4,1,1,1,1,4),(0.E0,2.E-1,4.E-1,6.E-1,8.E-1,1.E0),
.UNSPECIFIED.);
#180=B_SPLINE_CURVE_WITH_KNOTS('',3,(#172,#173,#174,#175,#176,#177,#178,#179),
.UNSPECIFIED.,.F.,.F.,(4,1,1,1,1,4),(0.E0,2.E-1,4.E-1,6.E-1,8.E-1,1.E0),
.UNSPECIFIED.);
#185=CIRCLE('',#184,7.4E0);
#199=B_SPLINE_CURVE_WITH_KNOTS('',3,(#186,#187,#188,#189,#190,#191,#192,#193,
#194,#195,#196,#197,#198),.UNSPECIFIED.,.F.,.F.,(4,1,1,1,1,1,1,1,1,1,4),(0.E0,
1.E-1,2.E-1,3.E-1,4.E-1,5.E-1,6.E-1,7.E-1,8.E-1,9.E-1,1.E0),.UNSPECIFIED.);
#204=CIRCLE('',#203,7.1E0);
#218=B_SPLINE_CURVE_WITH_KNOTS('',3,(#205,#206,#207,#208,#209,#210,#211,#212,
#213,#214,#215,#216,#217),.UNSPECIFIED.,.F.,.F.,(4,1,1,1,1,1,1,1,1,1,4),(0.E0,
1.E-1,2.E-1,3.E-1,4.E-1,5.E-1,6.E-1,7.E-1,8.E-1,9.E-1,1.E0),.UNSPECIFIED.);
#223=CIRCLE('',#222,7.4E0);
#237=B_SPLINE_CURVE_WITH_KNOTS('',3,(#224,#225,#226,#227,#228,#229,#230,#231,
#232,#233,#234,#235,#236),.UNSPECIFIED.,.F.,.F.,(4,1,1,1,1,1,1,1,1,1,4),(0.E0,
1.E-1,2.E-1,3.E-1,4.E-1,5.E-1,6.E-1,7.E-1,8.E-1,9.E-1,1.E0),.UNSPECIFIED.);
#242=CIRCLE('',#241,7.1E0);
#256=B_SPLINE_CURVE_WITH_KNOTS('',3,(#243,#244,#245,#246,#247,#248,#249,#250,
#251,#252,#253,#254,#255),.UNSPECIFIED.,.F.,.F.,(4,1,1,1,1,1,1,1,1,1,4),(0.E0,
1.E-1,2.E-1,3.E-1,4.E-1,5.E-1,6.E-1,7.E-1,8.E-1,9.E-1,1.E0),.UNSPECIFIED.);
#314=EDGE_CURVE('',#263,#264,#5,.T.);
#316=EDGE_CURVE('',#264,#263,#10,.T.);
#326=EDGE_CURVE('',#307,#308,#223,.T.);
#328=EDGE_CURVE('',#296,#307,#134,.T.);
#330=EDGE_CURVE('',#283,#296,#98,.T.);
#332=EDGE_CURVE('',#278,#283,#114,.T.);
#334=EDGE_CURVE('',#270,#278,#42,.T.);
#336=EDGE_CURVE('',#270,#259,#14,.T.);
#338=EDGE_CURVE('',#259,#260,#19,.T.);
#340=EDGE_CURVE('',#272,#260,#32,.T.);
#342=EDGE_CURVE('',#280,#272,#28,.T.);
#344=EDGE_CURVE('',#280,#284,#23,.T.);
#346=EDGE_CURVE('',#295,#284,#162,.T.);
#348=EDGE_CURVE('',#308,#295,#126,.T.);
#358=EDGE_CURVE('',#305,#306,#185,.T.);
#360=EDGE_CURVE('',#280,#305,#122,.T.);
#364=EDGE_CURVE('',#260,#259,#37,.T.);
#368=EDGE_CURVE('',#306,#278,#110,.T.);
#378=EDGE_CURVE('',#276,#275,#47,.T.);
#380=EDGE_CURVE('',#275,#267,#51,.T.);
#382=EDGE_CURVE('',#267,#268,#56,.T.);
#384=EDGE_CURVE('',#276,#268,#65,.T.);
#394=EDGE_CURVE('',#275,#276,#61,.T.);
#397=EDGE_CURVE('',#268,#267,#70,.T.);
#409=EDGE_CURVE('',#263,#267,#80,.T.);
#412=EDGE_CURVE('',#264,#268,#75,.T.);
#434=EDGE_CURVE('',#292,#287,#93,.T.);
#436=EDGE_CURVE('',#291,#292,#84,.T.);
#438=EDGE_CURVE('',#288,#291,#157,.T.);
#440=EDGE_CURVE('',#287,#288,#88,.T.);
#451=EDGE_CURVE('',#287,#283,#171,.T.);
#454=EDGE_CURVE('',#296,#292,#143,.T.);
#464=EDGE_CURVE('',#304,#303,#204,.T.);
#466=EDGE_CURVE('',#303,#304,#102,.T.);
#476=EDGE_CURVE('',#300,#299,#242,.T.);
#478=EDGE_CURVE('',#299,#300,#106,.T.);
#489=EDGE_CURVE('',#306,#304,#199,.T.);
#493=EDGE_CURVE('',#283,#284,#118,.T.);
#497=EDGE_CURVE('',#303,#305,#218,.T.);
#508=EDGE_CURVE('',#308,#300,#237,.T.);
#511=EDGE_CURVE('',#295,#296,#130,.T.);
#514=EDGE_CURVE('',#299,#307,#256,.T.);
#527=EDGE_CURVE('',#291,#295,#152,.T.);
#540=EDGE_CURVE('',#284,#288,#180,.T.);
#594=CIRCLE('',#593,6.E-1);
#627=CIRCLE('',#626,4.5E0);
#632=CIRCLE('',#631,1.8E-1);
#637=CIRCLE('',#636,1.8E0);
#642=CIRCLE('',#641,1.8E-1);
#647=CIRCLE('',#646,4.5E0);
#692=CIRCLE('',#691,6.E-1);
#745=CIRCLE('',#744,4.5E0);
#750=CIRCLE('',#749,1.8E-1);
#755=CIRCLE('',#754,1.8E0);
#760=CIRCLE('',#759,1.8E-1);
#765=CIRCLE('',#764,4.5E0);
#818=CIRCLE('',#817,6.E-1);
#843=CIRCLE('',#842,6.E-1);
#1025=EDGE_CURVE('',#998,#999,#585,.T.);
#1027=EDGE_CURVE('',#955,#999,#589,.T.);
#1029=EDGE_CURVE('',#954,#955,#594,.T.);
#1031=EDGE_CURVE('',#1002,#954,#598,.T.);
#1033=EDGE_CURVE('',#1002,#1003,#602,.T.);
#1035=EDGE_CURVE('',#1003,#910,#606,.T.);
#1037=EDGE_CURVE('',#910,#911,#610,.T.);
#1039=EDGE_CURVE('',#911,#913,#614,.T.);
#1041=EDGE_CURVE('',#913,#915,#618,.T.);
#1043=EDGE_CURVE('',#915,#917,#622,.T.);
#1045=EDGE_CURVE('',#917,#919,#627,.T.);
#1047=EDGE_CURVE('',#919,#985,#632,.T.);
#1049=EDGE_CURVE('',#985,#987,#637,.T.);
#1051=EDGE_CURVE('',#987,#989,#642,.T.);
#1053=EDGE_CURVE('',#989,#922,#647,.T.);
#1055=EDGE_CURVE('',#922,#923,#651,.T.);
#1057=EDGE_CURVE('',#923,#925,#655,.T.);
#1059=EDGE_CURVE('',#925,#927,#659,.T.);
#1061=EDGE_CURVE('',#927,#929,#663,.T.);
#1063=EDGE_CURVE('',#929,#998,#667,.T.);
#1073=EDGE_CURVE('',#1006,#1007,#671,.T.);
#1075=EDGE_CURVE('',#1006,#975,#675,.T.);
#1077=EDGE_CURVE('',#975,#973,#859,.T.);
#1079=EDGE_CURVE('',#973,#1011,#679,.T.);
#1081=EDGE_CURVE('',#1010,#1011,#683,.T.);
#1083=EDGE_CURVE('',#959,#1010,#687,.T.);
#1085=EDGE_CURVE('',#958,#959,#692,.T.);
#1087=EDGE_CURVE('',#1007,#958,#696,.T.);
#1098=EDGE_CURVE('',#998,#1015,#700,.T.);
#1100=EDGE_CURVE('',#1017,#1015,#793,.T.);
#1102=EDGE_CURVE('',#999,#1017,#801,.T.);
#1113=EDGE_CURVE('',#1002,#1019,#826,.T.);
#1115=EDGE_CURVE('',#1013,#1019,#797,.T.);
#1117=EDGE_CURVE('',#1003,#1013,#785,.T.);
#1129=EDGE_CURVE('',#929,#951,#704,.T.);
#1131=EDGE_CURVE('',#951,#971,#724,.T.);
#1133=EDGE_CURVE('',#975,#971,#879,.T.);
#1136=EDGE_CURVE('',#1015,#1006,#708,.T.);
#1147=EDGE_CURVE('',#927,#949,#712,.T.);
#1149=EDGE_CURVE('',#949,#951,#728,.T.);
#1161=EDGE_CURVE('',#925,#947,#716,.T.);
#1163=EDGE_CURVE('',#947,#949,#732,.T.);
#1174=EDGE_CURVE('',#969,#932,#720,.T.);
#1176=EDGE_CURVE('',#971,#969,#883,.T.);
#1181=EDGE_CURVE('',#947,#945,#736,.T.);
#1183=EDGE_CURVE('',#945,#944,#740,.T.);
#1185=EDGE_CURVE('',#944,#995,#745,.T.);
#1187=EDGE_CURVE('',#995,#993,#750,.T.);
#1189=EDGE_CURVE('',#993,#991,#755,.T.);
#1191=EDGE_CURVE('',#991,#941,#760,.T.);
#1193=EDGE_CURVE('',#941,#939,#765,.T.);
#1195=EDGE_CURVE('',#939,#937,#769,.T.);
#1197=EDGE_CURVE('',#937,#935,#773,.T.);
#1199=EDGE_CURVE('',#933,#935,#777,.T.);
#1201=EDGE_CURVE('',#932,#933,#781,.T.);
#1212=EDGE_CURVE('',#1013,#1011,#789,.T.);
#1215=EDGE_CURVE('',#973,#969,#851,.T.);
#1218=EDGE_CURVE('',#910,#932,#899,.T.);
#1230=EDGE_CURVE('',#1017,#1007,#805,.T.);
#1245=EDGE_CURVE('',#1019,#1010,#838,.T.);
#1258=EDGE_CURVE('',#965,#958,#822,.T.);
#1260=EDGE_CURVE('',#965,#963,#809,.T.);
#1262=EDGE_CURVE('',#963,#955,#813,.T.);
#1274=EDGE_CURVE('',#967,#959,#834,.T.);
#1276=EDGE_CURVE('',#967,#965,#818,.T.);
#1289=EDGE_CURVE('',#962,#954,#847,.T.);
#1291=EDGE_CURVE('',#962,#967,#830,.T.);
#1306=EDGE_CURVE('',#963,#962,#843,.T.);
#1318=EDGE_CURVE('',#973,#983,#871,.T.);
#1320=EDGE_CURVE('',#983,#979,#855,.T.);
#1322=EDGE_CURVE('',#969,#979,#887,.T.);
#1333=EDGE_CURVE('',#975,#982,#863,.T.);
#1335=EDGE_CURVE('',#982,#983,#867,.T.);
#1346=EDGE_CURVE('',#982,#978,#875,.T.);
#1350=EDGE_CURVE('',#971,#978,#895,.T.);
#1362=EDGE_CURVE('',#978,#979,#891,.T.);
#1388=EDGE_CURVE('',#911,#933,#903,.T.);
#1401=EDGE_CURVE('',#935,#913,#907,.T.);
#1419=CIRCLE('',#1418,6.E-1);
#1452=CIRCLE('',#1451,4.5E0);
#1457=CIRCLE('',#1456,1.8E-1);
#1462=CIRCLE('',#1461,1.8E0);
#1467=CIRCLE('',#1466,1.8E-1);
#1472=CIRCLE('',#1471,4.5E0);
#1517=CIRCLE('',#1516,6.E-1);
#1570=CIRCLE('',#1569,4.5E0);
#1575=CIRCLE('',#1574,1.8E-1);
#1580=CIRCLE('',#1579,1.8E0);
#1585=CIRCLE('',#1584,1.8E-1);
#1590=CIRCLE('',#1589,4.5E0);
#1643=CIRCLE('',#1642,6.E-1);
#1668=CIRCLE('',#1667,6.E-1);
#1850=EDGE_CURVE('',#1823,#1824,#1410,.T.);
#1852=EDGE_CURVE('',#1780,#1824,#1414,.T.);
#1854=EDGE_CURVE('',#1779,#1780,#1419,.T.);
#1856=EDGE_CURVE('',#1827,#1779,#1423,.T.);
#1858=EDGE_CURVE('',#1827,#1828,#1427,.T.);
#1860=EDGE_CURVE('',#1828,#1735,#1431,.T.);
#1862=EDGE_CURVE('',#1735,#1736,#1435,.T.);
#1864=EDGE_CURVE('',#1736,#1738,#1439,.T.);
#1866=EDGE_CURVE('',#1738,#1740,#1443,.T.);
#1868=EDGE_CURVE('',#1740,#1742,#1447,.T.);
#1870=EDGE_CURVE('',#1742,#1744,#1452,.T.);
#1872=EDGE_CURVE('',#1744,#1810,#1457,.T.);
#1874=EDGE_CURVE('',#1810,#1812,#1462,.T.);
#1876=EDGE_CURVE('',#1812,#1814,#1467,.T.);
#1878=EDGE_CURVE('',#1814,#1747,#1472,.T.);
#1880=EDGE_CURVE('',#1747,#1748,#1476,.T.);
#1882=EDGE_CURVE('',#1748,#1750,#1480,.T.);
#1884=EDGE_CURVE('',#1750,#1752,#1484,.T.);
#1886=EDGE_CURVE('',#1752,#1754,#1488,.T.);
#1888=EDGE_CURVE('',#1754,#1823,#1492,.T.);
#1898=EDGE_CURVE('',#1831,#1832,#1496,.T.);
#1900=EDGE_CURVE('',#1831,#1800,#1500,.T.);
#1902=EDGE_CURVE('',#1800,#1798,#1684,.T.);
#1904=EDGE_CURVE('',#1798,#1836,#1504,.T.);
#1906=EDGE_CURVE('',#1835,#1836,#1508,.T.);
#1908=EDGE_CURVE('',#1784,#1835,#1512,.T.);
#1910=EDGE_CURVE('',#1783,#1784,#1517,.T.);
#1912=EDGE_CURVE('',#1832,#1783,#1521,.T.);
#1923=EDGE_CURVE('',#1823,#1840,#1525,.T.);
#1925=EDGE_CURVE('',#1842,#1840,#1618,.T.);
#1927=EDGE_CURVE('',#1824,#1842,#1626,.T.);
#1938=EDGE_CURVE('',#1827,#1844,#1651,.T.);
#1940=EDGE_CURVE('',#1838,#1844,#1622,.T.);
#1942=EDGE_CURVE('',#1828,#1838,#1610,.T.);
#1954=EDGE_CURVE('',#1754,#1776,#1529,.T.);
#1956=EDGE_CURVE('',#1776,#1796,#1549,.T.);
#1958=EDGE_CURVE('',#1800,#1796,#1704,.T.);
#1961=EDGE_CURVE('',#1840,#1831,#1533,.T.);
#1972=EDGE_CURVE('',#1752,#1774,#1537,.T.);
#1974=EDGE_CURVE('',#1774,#1776,#1553,.T.);
#1986=EDGE_CURVE('',#1750,#1772,#1541,.T.);
#1988=EDGE_CURVE('',#1772,#1774,#1557,.T.);
#1999=EDGE_CURVE('',#1794,#1757,#1545,.T.);
#2001=EDGE_CURVE('',#1796,#1794,#1708,.T.);
#2006=EDGE_CURVE('',#1772,#1770,#1561,.T.);
#2008=EDGE_CURVE('',#1770,#1769,#1565,.T.);
#2010=EDGE_CURVE('',#1769,#1820,#1570,.T.);
#2012=EDGE_CURVE('',#1820,#1818,#1575,.T.);
#2014=EDGE_CURVE('',#1818,#1816,#1580,.T.);
#2016=EDGE_CURVE('',#1816,#1766,#1585,.T.);
#2018=EDGE_CURVE('',#1766,#1764,#1590,.T.);
#2020=EDGE_CURVE('',#1764,#1762,#1594,.T.);
#2022=EDGE_CURVE('',#1762,#1760,#1598,.T.);
#2024=EDGE_CURVE('',#1758,#1760,#1602,.T.);
#2026=EDGE_CURVE('',#1757,#1758,#1606,.T.);
#2037=EDGE_CURVE('',#1838,#1836,#1614,.T.);
#2040=EDGE_CURVE('',#1798,#1794,#1676,.T.);
#2043=EDGE_CURVE('',#1735,#1757,#1724,.T.);
#2055=EDGE_CURVE('',#1842,#1832,#1630,.T.);
#2070=EDGE_CURVE('',#1844,#1835,#1663,.T.);
#2083=EDGE_CURVE('',#1790,#1783,#1647,.T.);
#2085=EDGE_CURVE('',#1790,#1788,#1634,.T.);
#2087=EDGE_CURVE('',#1788,#1780,#1638,.T.);
#2099=EDGE_CURVE('',#1792,#1784,#1659,.T.);
#2101=EDGE_CURVE('',#1792,#1790,#1643,.T.);
#2114=EDGE_CURVE('',#1787,#1779,#1672,.T.);
#2116=EDGE_CURVE('',#1787,#1792,#1655,.T.);
#2131=EDGE_CURVE('',#1788,#1787,#1668,.T.);
#2143=EDGE_CURVE('',#1798,#1808,#1696,.T.);
#2145=EDGE_CURVE('',#1808,#1804,#1680,.T.);
#2147=EDGE_CURVE('',#1794,#1804,#1712,.T.);
#2158=EDGE_CURVE('',#1800,#1807,#1688,.T.);
#2160=EDGE_CURVE('',#1807,#1808,#1692,.T.);
#2171=EDGE_CURVE('',#1807,#1803,#1700,.T.);
#2175=EDGE_CURVE('',#1796,#1803,#1720,.T.);
#2187=EDGE_CURVE('',#1803,#1804,#1716,.T.);
#2213=EDGE_CURVE('',#1736,#1758,#1728,.T.);
#2226=EDGE_CURVE('',#1760,#1738,#1732,.T.);
#2525=EDGE_CURVE('',#2511,#2506,#2235,.T.);
#2527=EDGE_CURVE('',#2469,#2511,#2239,.T.);
#2529=EDGE_CURVE('',#2468,#2469,#2243,.T.);
#2531=EDGE_CURVE('',#2471,#2468,#2247,.T.);
#2533=EDGE_CURVE('',#2471,#2443,#2251,.T.);
#2535=EDGE_CURVE('',#2443,#2442,#2255,.T.);
#2537=EDGE_CURVE('',#2442,#2445,#2259,.T.);
#2539=EDGE_CURVE('',#2445,#2447,#2263,.T.);
#2541=EDGE_CURVE('',#2447,#2449,#2267,.T.);
#2543=EDGE_CURVE('',#2449,#2451,#2271,.T.);
#2545=EDGE_CURVE('',#2451,#2453,#2275,.T.);
#2547=EDGE_CURVE('',#2453,#2455,#2279,.T.);
#2549=EDGE_CURVE('',#2455,#2457,#2283,.T.);
#2551=EDGE_CURVE('',#2457,#2459,#2287,.T.);
#2553=EDGE_CURVE('',#2459,#2461,#2291,.T.);
#2555=EDGE_CURVE('',#2463,#2461,#2295,.T.);
#2557=EDGE_CURVE('',#2465,#2463,#2299,.T.);
#2559=EDGE_CURVE('',#2506,#2465,#2303,.T.);
#2569=EDGE_CURVE('',#2506,#2507,#2307,.T.);
#2571=EDGE_CURVE('',#2509,#2507,#2415,.T.);
#2573=EDGE_CURVE('',#2509,#2511,#2403,.T.);
#2585=EDGE_CURVE('',#2506,#2519,#2311,.T.);
#2587=EDGE_CURVE('',#2517,#2519,#2315,.T.);
#2589=EDGE_CURVE('',#2507,#2517,#2419,.T.);
#2600=EDGE_CURVE('',#2465,#2497,#2319,.T.);
#2602=EDGE_CURVE('',#2519,#2497,#2335,.T.);
#2614=EDGE_CURVE('',#2463,#2495,#2323,.T.);
#2616=EDGE_CURVE('',#2497,#2495,#2339,.T.);
#2628=EDGE_CURVE('',#2461,#2493,#2327,.T.);
#2630=EDGE_CURVE('',#2495,#2493,#2343,.T.);
#2641=EDGE_CURVE('',#2519,#2514,#2331,.T.);
#2646=EDGE_CURVE('',#2493,#2491,#2347,.T.);
#2648=EDGE_CURVE('',#2491,#2489,#2351,.T.);
#2650=EDGE_CURVE('',#2489,#2487,#2355,.T.);
#2652=EDGE_CURVE('',#2487,#2485,#2359,.T.);
#2654=EDGE_CURVE('',#2485,#2483,#2363,.T.);
#2656=EDGE_CURVE('',#2483,#2481,#2367,.T.);
#2658=EDGE_CURVE('',#2481,#2479,#2371,.T.);
#2660=EDGE_CURVE('',#2479,#2477,#2375,.T.);
#2662=EDGE_CURVE('',#2477,#2474,#2379,.T.);
#2664=EDGE_CURVE('',#2474,#2475,#2383,.T.);
#2666=EDGE_CURVE('',#2475,#2503,#2387,.T.);
#2668=EDGE_CURVE('',#2503,#2500,#2391,.T.);
#2670=EDGE_CURVE('',#2500,#2501,#2395,.T.);
#2672=EDGE_CURVE('',#2501,#2514,#2399,.T.);
#2682=EDGE_CURVE('',#2514,#2515,#2411,.T.);
#2684=EDGE_CURVE('',#2517,#2515,#2423,.T.);
#2697=EDGE_CURVE('',#2509,#2515,#2407,.T.);
#2700=EDGE_CURVE('',#2511,#2514,#2427,.T.);
#2725=EDGE_CURVE('',#2469,#2501,#2431,.T.);
#2738=EDGE_CURVE('',#2468,#2500,#2435,.T.);
#2751=EDGE_CURVE('',#2503,#2471,#2439,.T.);
#3050=EDGE_CURVE('',#3036,#3031,#2760,.T.);
#3052=EDGE_CURVE('',#2994,#3036,#2764,.T.);
#3054=EDGE_CURVE('',#2993,#2994,#2768,.T.);
#3056=EDGE_CURVE('',#2996,#2993,#2772,.T.);
#3058=EDGE_CURVE('',#2996,#2968,#2776,.T.);
#3060=EDGE_CURVE('',#2968,#2967,#2780,.T.);
#3062=EDGE_CURVE('',#2967,#2970,#2784,.T.);
#3064=EDGE_CURVE('',#2970,#2972,#2788,.T.);
#3066=EDGE_CURVE('',#2972,#2974,#2792,.T.);
#3068=EDGE_CURVE('',#2974,#2976,#2796,.T.);
#3070=EDGE_CURVE('',#2976,#2978,#2800,.T.);
#3072=EDGE_CURVE('',#2978,#2980,#2804,.T.);
#3074=EDGE_CURVE('',#2980,#2982,#2808,.T.);
#3076=EDGE_CURVE('',#2982,#2984,#2812,.T.);
#3078=EDGE_CURVE('',#2984,#2986,#2816,.T.);
#3080=EDGE_CURVE('',#2988,#2986,#2820,.T.);
#3082=EDGE_CURVE('',#2990,#2988,#2824,.T.);
#3084=EDGE_CURVE('',#3031,#2990,#2828,.T.);
#3094=EDGE_CURVE('',#3031,#3032,#2832,.T.);
#3096=EDGE_CURVE('',#3034,#3032,#2940,.T.);
#3098=EDGE_CURVE('',#3034,#3036,#2928,.T.);
#3110=EDGE_CURVE('',#3031,#3044,#2836,.T.);
#3112=EDGE_CURVE('',#3042,#3044,#2840,.T.);
#3114=EDGE_CURVE('',#3032,#3042,#2944,.T.);
#3125=EDGE_CURVE('',#2990,#3022,#2844,.T.);
#3127=EDGE_CURVE('',#3044,#3022,#2860,.T.);
#3139=EDGE_CURVE('',#2988,#3020,#2848,.T.);
#3141=EDGE_CURVE('',#3022,#3020,#2864,.T.);
#3153=EDGE_CURVE('',#2986,#3018,#2852,.T.);
#3155=EDGE_CURVE('',#3020,#3018,#2868,.T.);
#3166=EDGE_CURVE('',#3044,#3039,#2856,.T.);
#3171=EDGE_CURVE('',#3018,#3016,#2872,.T.);
#3173=EDGE_CURVE('',#3016,#3014,#2876,.T.);
#3175=EDGE_CURVE('',#3014,#3012,#2880,.T.);
#3177=EDGE_CURVE('',#3012,#3010,#2884,.T.);
#3179=EDGE_CURVE('',#3010,#3008,#2888,.T.);
#3181=EDGE_CURVE('',#3008,#3006,#2892,.T.);
#3183=EDGE_CURVE('',#3006,#3004,#2896,.T.);
#3185=EDGE_CURVE('',#3004,#3002,#2900,.T.);
#3187=EDGE_CURVE('',#3002,#2999,#2904,.T.);
#3189=EDGE_CURVE('',#2999,#3000,#2908,.T.);
#3191=EDGE_CURVE('',#3000,#3028,#2912,.T.);
#3193=EDGE_CURVE('',#3028,#3025,#2916,.T.);
#3195=EDGE_CURVE('',#3025,#3026,#2920,.T.);
#3197=EDGE_CURVE('',#3026,#3039,#2924,.T.);
#3207=EDGE_CURVE('',#3039,#3040,#2936,.T.);
#3209=EDGE_CURVE('',#3042,#3040,#2948,.T.);
#3222=EDGE_CURVE('',#3034,#3040,#2932,.T.);
#3225=EDGE_CURVE('',#3036,#3039,#2952,.T.);
#3250=EDGE_CURVE('',#2994,#3026,#2956,.T.);
#3263=EDGE_CURVE('',#2993,#3025,#2960,.T.);
#3276=EDGE_CURVE('',#3028,#2996,#2964,.T.);
#3374=CIRCLE('',#3373,6.E-1);
#3463=CIRCLE('',#3462,6.E-1);
#3560=CIRCLE('',#3559,6.E-1);
#3569=CIRCLE('',#3568,6.E-1);
#3691=EDGE_CURVE('',#3653,#3648,#3285,.T.);
#3693=EDGE_CURVE('',#3601,#3653,#3289,.T.);
#3695=EDGE_CURVE('',#3599,#3601,#3293,.T.);
#3697=EDGE_CURVE('',#3597,#3599,#3297,.T.);
#3699=EDGE_CURVE('',#3595,#3597,#3301,.T.);
#3701=EDGE_CURVE('',#3595,#3594,#3305,.T.);
#3703=EDGE_CURVE('',#3594,#3625,#3309,.T.);
#3705=EDGE_CURVE('',#3625,#3623,#3313,.T.);
#3707=EDGE_CURVE('',#3623,#3591,#3317,.T.);
#3709=EDGE_CURVE('',#3591,#3589,#3321,.T.);
#3711=EDGE_CURVE('',#3587,#3589,#3325,.T.);
#3713=EDGE_CURVE('',#3585,#3587,#3329,.T.);
#3715=EDGE_CURVE('',#3584,#3585,#3333,.T.);
#3717=EDGE_CURVE('',#3648,#3584,#3337,.T.);
#3727=EDGE_CURVE('',#3648,#3649,#3341,.T.);
#3729=EDGE_CURVE('',#3651,#3649,#3531,.T.);
#3731=EDGE_CURVE('',#3651,#3653,#3519,.T.);
#3744=EDGE_CURVE('',#3584,#3619,#3345,.T.);
#3746=EDGE_CURVE('',#3661,#3619,#3398,.T.);
#3748=EDGE_CURVE('',#3659,#3661,#3349,.T.);
#3750=EDGE_CURVE('',#3649,#3659,#3535,.T.);
#3760=EDGE_CURVE('',#3664,#3681,#3353,.T.);
#3762=EDGE_CURVE('',#3619,#3664,#3402,.T.);
#3766=EDGE_CURVE('',#3585,#3604,#3357,.T.);
#3768=EDGE_CURVE('',#3672,#3604,#3410,.T.);
#3770=EDGE_CURVE('',#3681,#3672,#3361,.T.);
#3780=EDGE_CURVE('',#3664,#3665,#3365,.T.);
#3783=EDGE_CURVE('',#3685,#3681,#3487,.T.);
#3785=EDGE_CURVE('',#3665,#3685,#3471,.T.);
#3795=EDGE_CURVE('',#3668,#3669,#3382,.T.);
#3797=EDGE_CURVE('',#3668,#3683,#3543,.T.);
#3799=EDGE_CURVE('',#3679,#3683,#3491,.T.);
#3801=EDGE_CURVE('',#3669,#3679,#3495,.T.);
#3812=EDGE_CURVE('',#3665,#3645,#3369,.T.);
#3814=EDGE_CURVE('',#3644,#3645,#3374,.T.);
#3816=EDGE_CURVE('',#3644,#3668,#3378,.T.);
#3819=EDGE_CURVE('',#3669,#3621,#3386,.T.);
#3821=EDGE_CURVE('',#3621,#3656,#3390,.T.);
#3823=EDGE_CURVE('',#3661,#3656,#3394,.T.);
#3835=EDGE_CURVE('',#3672,#3673,#3406,.T.);
#3838=EDGE_CURVE('',#3604,#3605,#3414,.T.);
#3840=EDGE_CURVE('',#3605,#3607,#3418,.T.);
#3842=EDGE_CURVE('',#3607,#3609,#3422,.T.);
#3844=EDGE_CURVE('',#3609,#3627,#3426,.T.);
#3846=EDGE_CURVE('',#3627,#3629,#3430,.T.);
#3848=EDGE_CURVE('',#3629,#3612,#3434,.T.);
#3850=EDGE_CURVE('',#3612,#3613,#3438,.T.);
#3852=EDGE_CURVE('',#3613,#3615,#3442,.T.);
#3854=EDGE_CURVE('',#3615,#3617,#3446,.T.);
#3856=EDGE_CURVE('',#3617,#3677,#3450,.T.);
#3858=EDGE_CURVE('',#3676,#3677,#3454,.T.);
#3860=EDGE_CURVE('',#3676,#3641,#3458,.T.);
#3862=EDGE_CURVE('',#3640,#3641,#3463,.T.);
#3864=EDGE_CURVE('',#3640,#3673,#3467,.T.);
#3875=EDGE_CURVE('',#3685,#3673,#3475,.T.);
#3878=EDGE_CURVE('',#3632,#3640,#3573,.T.);
#3880=EDGE_CURVE('',#3632,#3635,#3479,.T.);
#3882=EDGE_CURVE('',#3635,#3645,#3483,.T.);
#3906=EDGE_CURVE('',#3679,#3677,#3499,.T.);
#3909=EDGE_CURVE('',#3683,#3676,#3555,.T.);
#3922=EDGE_CURVE('',#3599,#3617,#3507,.T.);
#3925=EDGE_CURVE('',#3601,#3621,#3503,.T.);
#3939=EDGE_CURVE('',#3597,#3615,#3511,.T.);
#3952=EDGE_CURVE('',#3613,#3595,#3515,.T.);
#3963=EDGE_CURVE('',#3651,#3657,#3523,.T.);
#3965=EDGE_CURVE('',#3656,#3657,#3527,.T.);
#3980=EDGE_CURVE('',#3659,#3657,#3539,.T.);
#4005=EDGE_CURVE('',#3637,#3644,#3564,.T.);
#4007=EDGE_CURVE('',#3637,#3633,#3547,.T.);
#4009=EDGE_CURVE('',#3633,#3641,#3551,.T.);
#4021=EDGE_CURVE('',#3635,#3637,#3560,.T.);
#4034=EDGE_CURVE('',#3633,#3632,#3569,.T.);
#4048=EDGE_CURVE('',#3587,#3605,#3577,.T.);
#4061=EDGE_CURVE('',#3589,#3607,#3581,.T.);
#4161=CIRCLE('',#4160,6.E-1);
#4250=CIRCLE('',#4249,6.E-1);
#4347=CIRCLE('',#4346,6.E-1);
#4356=CIRCLE('',#4355,6.E-1);
#4478=EDGE_CURVE('',#4440,#4435,#4072,.T.);
#4480=EDGE_CURVE('',#4388,#4440,#4076,.T.);
#4482=EDGE_CURVE('',#4386,#4388,#4080,.T.);
#4484=EDGE_CURVE('',#4384,#4386,#4084,.T.);
#4486=EDGE_CURVE('',#4382,#4384,#4088,.T.);
#4488=EDGE_CURVE('',#4382,#4381,#4092,.T.);
#4490=EDGE_CURVE('',#4381,#4412,#4096,.T.);
#4492=EDGE_CURVE('',#4412,#4410,#4100,.T.);
#4494=EDGE_CURVE('',#4410,#4378,#4104,.T.);
#4496=EDGE_CURVE('',#4378,#4376,#4108,.T.);
#4498=EDGE_CURVE('',#4374,#4376,#4112,.T.);
#4500=EDGE_CURVE('',#4372,#4374,#4116,.T.);
#4502=EDGE_CURVE('',#4371,#4372,#4120,.T.);
#4504=EDGE_CURVE('',#4435,#4371,#4124,.T.);
#4514=EDGE_CURVE('',#4435,#4436,#4128,.T.);
#4516=EDGE_CURVE('',#4438,#4436,#4318,.T.);
#4518=EDGE_CURVE('',#4438,#4440,#4306,.T.);
#4531=EDGE_CURVE('',#4371,#4406,#4132,.T.);
#4533=EDGE_CURVE('',#4448,#4406,#4185,.T.);
#4535=EDGE_CURVE('',#4446,#4448,#4136,.T.);
#4537=EDGE_CURVE('',#4436,#4446,#4322,.T.);
#4547=EDGE_CURVE('',#4451,#4468,#4140,.T.);
#4549=EDGE_CURVE('',#4406,#4451,#4189,.T.);
#4553=EDGE_CURVE('',#4372,#4391,#4144,.T.);
#4555=EDGE_CURVE('',#4459,#4391,#4197,.T.);
#4557=EDGE_CURVE('',#4468,#4459,#4148,.T.);
#4567=EDGE_CURVE('',#4451,#4452,#4152,.T.);
#4570=EDGE_CURVE('',#4472,#4468,#4274,.T.);
#4572=EDGE_CURVE('',#4452,#4472,#4258,.T.);
#4582=EDGE_CURVE('',#4455,#4456,#4169,.T.);
#4584=EDGE_CURVE('',#4455,#4470,#4330,.T.);
#4586=EDGE_CURVE('',#4466,#4470,#4278,.T.);
#4588=EDGE_CURVE('',#4456,#4466,#4282,.T.);
#4599=EDGE_CURVE('',#4452,#4432,#4156,.T.);
#4601=EDGE_CURVE('',#4431,#4432,#4161,.T.);
#4603=EDGE_CURVE('',#4431,#4455,#4165,.T.);
#4606=EDGE_CURVE('',#4456,#4408,#4173,.T.);
#4608=EDGE_CURVE('',#4408,#4443,#4177,.T.);
#4610=EDGE_CURVE('',#4448,#4443,#4181,.T.);
#4622=EDGE_CURVE('',#4459,#4460,#4193,.T.);
#4625=EDGE_CURVE('',#4391,#4392,#4201,.T.);
#4627=EDGE_CURVE('',#4392,#4394,#4205,.T.);
#4629=EDGE_CURVE('',#4394,#4396,#4209,.T.);
#4631=EDGE_CURVE('',#4396,#4414,#4213,.T.);
#4633=EDGE_CURVE('',#4414,#4416,#4217,.T.);
#4635=EDGE_CURVE('',#4416,#4399,#4221,.T.);
#4637=EDGE_CURVE('',#4399,#4400,#4225,.T.);
#4639=EDGE_CURVE('',#4400,#4402,#4229,.T.);
#4641=EDGE_CURVE('',#4402,#4404,#4233,.T.);
#4643=EDGE_CURVE('',#4404,#4464,#4237,.T.);
#4645=EDGE_CURVE('',#4463,#4464,#4241,.T.);
#4647=EDGE_CURVE('',#4463,#4428,#4245,.T.);
#4649=EDGE_CURVE('',#4427,#4428,#4250,.T.);
#4651=EDGE_CURVE('',#4427,#4460,#4254,.T.);
#4662=EDGE_CURVE('',#4472,#4460,#4262,.T.);
#4665=EDGE_CURVE('',#4419,#4427,#4360,.T.);
#4667=EDGE_CURVE('',#4419,#4422,#4266,.T.);
#4669=EDGE_CURVE('',#4422,#4432,#4270,.T.);
#4693=EDGE_CURVE('',#4466,#4464,#4286,.T.);
#4696=EDGE_CURVE('',#4470,#4463,#4342,.T.);
#4709=EDGE_CURVE('',#4386,#4404,#4294,.T.);
#4712=EDGE_CURVE('',#4388,#4408,#4290,.T.);
#4726=EDGE_CURVE('',#4384,#4402,#4298,.T.);
#4739=EDGE_CURVE('',#4400,#4382,#4302,.T.);
#4750=EDGE_CURVE('',#4438,#4444,#4310,.T.);
#4752=EDGE_CURVE('',#4443,#4444,#4314,.T.);
#4767=EDGE_CURVE('',#4446,#4444,#4326,.T.);
#4792=EDGE_CURVE('',#4424,#4431,#4351,.T.);
#4794=EDGE_CURVE('',#4424,#4420,#4334,.T.);
#4796=EDGE_CURVE('',#4420,#4428,#4338,.T.);
#4808=EDGE_CURVE('',#4422,#4424,#4347,.T.);
#4821=EDGE_CURVE('',#4420,#4419,#4356,.T.);
#4835=EDGE_CURVE('',#4374,#4392,#4364,.T.);
#4848=EDGE_CURVE('',#4376,#4394,#4368,.T.);
#4860=CIRCLE('',#4859,1.1E1);
#4865=CIRCLE('',#4864,1.1E1);
#4870=CIRCLE('',#4869,9.5E0);
#4875=CIRCLE('',#4874,9.5E0);
#4880=CIRCLE('',#4879,8.88E0);
#4885=CIRCLE('',#4884,8.88E0);
#4890=CIRCLE('',#4889,8.88E0);
#4895=CIRCLE('',#4894,7.848077685028E0);
#4900=CIRCLE('',#4899,1.1E1);
#4905=CIRCLE('',#4904,9.5E0);
#4922=CIRCLE('',#4921,9.5E0);
#4935=CIRCLE('',#4934,8.88E0);
#4944=CIRCLE('',#4943,2.2E1);
#4949=CIRCLE('',#4948,7.848077685028E0);
#4954=CIRCLE('',#4953,2.2E1);
#4963=CIRCLE('',#4962,1.1E1);
#4972=CIRCLE('',#4971,8.85E0);
#4977=CIRCLE('',#4976,8.85E0);
#4986=CIRCLE('',#4985,8.85E0);
#4995=CIRCLE('',#4994,8.85E0);
#5037=EDGE_CURVE('',#5007,#5019,#4860,.T.);
#5039=EDGE_CURVE('',#5007,#5019,#4865,.T.);
#5049=EDGE_CURVE('',#5030,#5031,#4870,.T.);
#5051=EDGE_CURVE('',#5031,#4998,#4913,.T.);
#5053=EDGE_CURVE('',#4998,#5010,#4875,.T.);
#5055=EDGE_CURVE('',#5030,#5010,#4909,.T.);
#5065=EDGE_CURVE('',#4998,#4999,#4917,.T.);
#5067=EDGE_CURVE('',#4999,#5011,#4880,.T.);
#5069=EDGE_CURVE('',#5010,#5011,#4926,.T.);
#5080=EDGE_CURVE('',#4999,#5001,#4930,.T.);
#5082=EDGE_CURVE('',#5001,#5013,#4890,.T.);
#5084=EDGE_CURVE('',#5011,#5013,#4939,.T.);
#5095=EDGE_CURVE('',#5001,#5013,#4885,.T.);
#5106=EDGE_CURVE('',#5004,#5016,#4949,.T.);
#5108=EDGE_CURVE('',#5004,#5016,#4895,.T.);
#5118=EDGE_CURVE('',#5004,#5005,#4944,.T.);
#5120=EDGE_CURVE('',#5005,#5017,#4900,.T.);
#5122=EDGE_CURVE('',#5016,#5017,#4954,.T.);
#5133=EDGE_CURVE('',#5005,#5007,#4958,.T.);
#5136=EDGE_CURVE('',#5017,#5019,#4967,.T.);
#5147=EDGE_CURVE('',#5031,#5030,#4905,.T.);
#5150=EDGE_CURVE('',#4998,#5010,#4922,.T.);
#5164=EDGE_CURVE('',#4999,#5011,#4935,.T.);
#5189=EDGE_CURVE('',#5005,#5017,#4963,.T.);
#5211=EDGE_CURVE('',#5022,#5023,#4981,.T.);
#5213=EDGE_CURVE('',#5023,#5027,#4972,.T.);
#5215=EDGE_CURVE('',#5026,#5027,#4990,.T.);
#5217=EDGE_CURVE('',#5026,#5022,#4977,.T.);
#5238=EDGE_CURVE('',#5022,#5026,#4986,.T.);
#5241=EDGE_CURVE('',#5027,#5023,#4995,.T.);
#5248=(LENGTH_UNIT()NAMED_UNIT(*)SI_UNIT(.MILLI.,.METRE.));
#5250=(NAMED_UNIT(*)PLANE_ANGLE_UNIT()SI_UNIT($,.RADIAN.));
#5253=(NAMED_UNIT(*)SI_UNIT($,.STERADIAN.)SOLID_ANGLE_UNIT());
#5256=MANIFOLD_SURFACE_SHAPE_REPRESENTATION('',(#5247),#5255);
#5263=PRODUCT_DEFINITION('design','',#5262,#5259);
#5264=PRODUCT_DEFINITION_SHAPE('','SHAPE FOR AV9V122000084B.',#5263);
#5265=SHAPE_DEFINITION_REPRESENTATION(#5264,#5256);
ENDSEC;
END-ISO-10303-21;
